bin_index,outcome,timestamp,datetime,price
0,<40,1767044110,2025-12-30T05:35:10,0.265
0,<40,1767044409,2025-12-30T05:40:09,0.075
0,<40,1767044709,2025-12-30T05:45:09,0.07
0,<40,1767045009,2025-12-30T05:50:09,0.07
0,<40,1767045310,2025-12-30T05:55:10,0.26
0,<40,1767045613,2025-12-30T06:00:13,0.26
0,<40,1767045909,2025-12-30T06:05:09,0.26
0,<40,1767046213,2025-12-30T06:10:13,0.26
0,<40,1767046509,2025-12-30T06:15:09,0.26
0,<40,1767046822,2025-12-30T06:20:22,0.26
0,<40,1767047110,2025-12-30T06:25:10,0.25
0,<40,1767047412,2025-12-30T06:30:12,0.25
0,<40,1767047711,2025-12-30T06:35:11,0.25
0,<40,1767048009,2025-12-30T06:40:09,0.25
0,<40,1767048310,2025-12-30T06:45:10,0.25
0,<40,1767048609,2025-12-30T06:50:09,0.25
0,<40,1767048910,2025-12-30T06:55:10,0.255
0,<40,1767049223,2025-12-30T07:00:23,0.26
0,<40,1767049525,2025-12-30T07:05:25,0.245
0,<40,1767049810,2025-12-30T07:10:10,0.24
0,<40,1767050110,2025-12-30T07:15:10,0.24
0,<40,1767050410,2025-12-30T07:20:10,0.24
0,<40,1767050709,2025-12-30T07:25:09,0.24
0,<40,1767051023,2025-12-30T07:30:23,0.24
0,<40,1767051310,2025-12-30T07:35:10,0.225
0,<40,1767051609,2025-12-30T07:40:09,0.22
0,<40,1767051909,2025-12-30T07:45:09,0.195
0,<40,1767052220,2025-12-30T07:50:20,0.19
0,<40,1767052510,2025-12-30T07:55:10,0.19
0,<40,1767052818,2025-12-30T08:00:18,0.19
0,<40,1767053109,2025-12-30T08:05:09,0.185
0,<40,1767053409,2025-12-30T08:10:09,0.18
0,<40,1767053710,2025-12-30T08:15:10,0.18
0,<40,1767054010,2025-12-30T08:20:10,0.175
0,<40,1767054309,2025-12-30T08:25:09,0.175
0,<40,1767054612,2025-12-30T08:30:12,0.185
0,<40,1767054909,2025-12-30T08:35:09,0.18
0,<40,1767055210,2025-12-30T08:40:10,0.17
0,<40,1767055509,2025-12-30T08:45:09,0.165
0,<40,1767055810,2025-12-30T08:50:10,0.16
0,<40,1767056109,2025-12-30T08:55:09,0.15
0,<40,1767056412,2025-12-30T09:00:12,0.155
0,<40,1767056709,2025-12-30T09:05:09,0.15
0,<40,1767057009,2025-12-30T09:10:09,0.145
0,<40,1767057309,2025-12-30T09:15:09,0.14
0,<40,1767057609,2025-12-30T09:20:09,0.135
0,<40,1767057910,2025-12-30T09:25:10,0.13
0,<40,1767058212,2025-12-30T09:30:12,0.13
0,<40,1767058509,2025-12-30T09:35:09,0.135
0,<40,1767058810,2025-12-30T09:40:10,0.13
0,<40,1767059109,2025-12-30T09:45:09,0.13
0,<40,1767059424,2025-12-30T09:50:24,0.125
0,<40,1767059710,2025-12-30T09:55:10,0.13
0,<40,1767060012,2025-12-30T10:00:12,0.13
0,<40,1767060310,2025-12-30T10:05:10,0.13
0,<40,1767060610,2025-12-30T10:10:10,0.085
0,<40,1767060910,2025-12-30T10:15:10,0.115
0,<40,1767061210,2025-12-30T10:20:10,0.09
0,<40,1767061510,2025-12-30T10:25:10,0.11
0,<40,1767061812,2025-12-30T10:30:12,0.11
0,<40,1767062110,2025-12-30T10:35:10,0.11
0,<40,1767062409,2025-12-30T10:40:09,0.075
0,<40,1767062710,2025-12-30T10:45:10,0.075
0,<40,1767063018,2025-12-30T10:50:18,0.075
0,<40,1767063309,2025-12-30T10:55:09,0.075
0,<40,1767063614,2025-12-30T11:00:14,0.075
0,<40,1767063910,2025-12-30T11:05:10,0.075
0,<40,1767064210,2025-12-30T11:10:10,0.075
0,<40,1767064509,2025-12-30T11:15:09,0.075
0,<40,1767064810,2025-12-30T11:20:10,0.075
0,<40,1767065124,2025-12-30T11:25:24,0.075
0,<40,1767065412,2025-12-30T11:30:12,0.075
0,<40,1767065709,2025-12-30T11:35:09,0.075
0,<40,1767066010,2025-12-30T11:40:10,0.075
0,<40,1767066310,2025-12-30T11:45:10,0.075
0,<40,1767066610,2025-12-30T11:50:10,0.075
0,<40,1767066909,2025-12-30T11:55:09,0.075
0,<40,1767067212,2025-12-30T12:00:12,0.075
0,<40,1767067509,2025-12-30T12:05:09,0.075
0,<40,1767067810,2025-12-30T12:10:10,0.075
0,<40,1767068109,2025-12-30T12:15:09,0.075
0,<40,1767068409,2025-12-30T12:20:09,0.075
0,<40,1767068709,2025-12-30T12:25:09,0.075
0,<40,1767069012,2025-12-30T12:30:12,0.075
0,<40,1767069310,2025-12-30T12:35:10,0.075
0,<40,1767069610,2025-12-30T12:40:10,0.075
0,<40,1767069909,2025-12-30T12:45:09,0.075
0,<40,1767070210,2025-12-30T12:50:10,0.075
0,<40,1767070509,2025-12-30T12:55:09,0.075
0,<40,1767070821,2025-12-30T13:00:21,0.075
0,<40,1767071110,2025-12-30T13:05:10,0.075
0,<40,1767071410,2025-12-30T13:10:10,0.075
0,<40,1767071710,2025-12-30T13:15:10,0.075
0,<40,1767072020,2025-12-30T13:20:20,0.075
0,<40,1767072309,2025-12-30T13:25:09,0.075
0,<40,1767072613,2025-12-30T13:30:13,0.075
0,<40,1767072910,2025-12-30T13:35:10,0.075
0,<40,1767073209,2025-12-30T13:40:09,0.075
0,<40,1767073509,2025-12-30T13:45:09,0.075
0,<40,1767073809,2025-12-30T13:50:09,0.075
0,<40,1767074110,2025-12-30T13:55:10,0.075
0,<40,1767074413,2025-12-30T14:00:13,0.075
0,<40,1767074709,2025-12-30T14:05:09,0.075
0,<40,1767075009,2025-12-30T14:10:09,0.075
0,<40,1767075309,2025-12-30T14:15:09,0.075
0,<40,1767075610,2025-12-30T14:20:10,0.075
0,<40,1767075909,2025-12-30T14:25:09,0.075
0,<40,1767076212,2025-12-30T14:30:12,0.075
0,<40,1767076519,2025-12-30T14:35:19,0.075
0,<40,1767076809,2025-12-30T14:40:09,0.075
0,<40,1767077109,2025-12-30T14:45:09,0.075
0,<40,1767077421,2025-12-30T14:50:21,0.075
0,<40,1767077710,2025-12-30T14:55:10,0.075
0,<40,1767078017,2025-12-30T15:00:17,0.075
0,<40,1767078310,2025-12-30T15:05:10,0.075
0,<40,1767078609,2025-12-30T15:10:09,0.075
0,<40,1767078909,2025-12-30T15:15:09,0.075
0,<40,1767079210,2025-12-30T15:20:10,0.075
0,<40,1767079509,2025-12-30T15:25:09,0.075
0,<40,1767079824,2025-12-30T15:30:24,0.075
0,<40,1767080110,2025-12-30T15:35:10,0.075
0,<40,1767080410,2025-12-30T15:40:10,0.075
0,<40,1767080710,2025-12-30T15:45:10,0.075
0,<40,1767081010,2025-12-30T15:50:10,0.075
0,<40,1767081309,2025-12-30T15:55:09,0.075
0,<40,1767081613,2025-12-30T16:00:13,0.075
0,<40,1767081910,2025-12-30T16:05:10,0.065
0,<40,1767082209,2025-12-30T16:10:09,0.065
0,<40,1767082510,2025-12-30T16:15:10,0.065
0,<40,1767082810,2025-12-30T16:20:10,0.065
0,<40,1767083110,2025-12-30T16:25:10,0.065
0,<40,1767083412,2025-12-30T16:30:12,0.065
0,<40,1767083710,2025-12-30T16:35:10,0.065
0,<40,1767084023,2025-12-30T16:40:23,0.065
0,<40,1767084309,2025-12-30T16:45:09,0.065
0,<40,1767084611,2025-12-30T16:50:11,0.065
0,<40,1767084909,2025-12-30T16:55:09,0.065
0,<40,1767085215,2025-12-30T17:00:15,0.065
0,<40,1767085510,2025-12-30T17:05:10,0.065
0,<40,1767085810,2025-12-30T17:10:10,0.065
0,<40,1767086111,2025-12-30T17:15:11,0.065
0,<40,1767086409,2025-12-30T17:20:09,0.065
0,<40,1767086709,2025-12-30T17:25:09,0.065
0,<40,1767087012,2025-12-30T17:30:12,0.065
0,<40,1767087309,2025-12-30T17:35:09,0.065
0,<40,1767087611,2025-12-30T17:40:11,0.065
0,<40,1767087909,2025-12-30T17:45:09,0.065
0,<40,1767088209,2025-12-30T17:50:09,0.065
0,<40,1767088509,2025-12-30T17:55:09,0.065
0,<40,1767088812,2025-12-30T18:00:12,0.065
0,<40,1767089120,2025-12-30T18:05:20,0.065
0,<40,1767089409,2025-12-30T18:10:09,0.065
0,<40,1767089709,2025-12-30T18:15:09,0.065
0,<40,1767090010,2025-12-30T18:20:10,0.065
0,<40,1767090320,2025-12-30T18:25:20,0.065
0,<40,1767090612,2025-12-30T18:30:12,0.065
0,<40,1767090911,2025-12-30T18:35:11,0.065
0,<40,1767091209,2025-12-30T18:40:09,0.065
0,<40,1767091509,2025-12-30T18:45:09,0.065
0,<40,1767091809,2025-12-30T18:50:09,0.065
0,<40,1767092109,2025-12-30T18:55:09,0.065
0,<40,1767092414,2025-12-30T19:00:14,0.065
0,<40,1767092723,2025-12-30T19:05:23,0.065
0,<40,1767093009,2025-12-30T19:10:09,0.065
0,<40,1767093310,2025-12-30T19:15:10,0.065
0,<40,1767093611,2025-12-30T19:20:11,0.065
0,<40,1767093909,2025-12-30T19:25:09,0.065
0,<40,1767094224,2025-12-30T19:30:24,0.065
0,<40,1767094510,2025-12-30T19:35:10,0.065
0,<40,1767094810,2025-12-30T19:40:10,0.065
0,<40,1767095111,2025-12-30T19:45:11,0.065
0,<40,1767095409,2025-12-30T19:50:09,0.065
0,<40,1767095709,2025-12-30T19:55:09,0.065
0,<40,1767096017,2025-12-30T20:00:17,0.065
0,<40,1767096309,2025-12-30T20:05:09,0.065
0,<40,1767096609,2025-12-30T20:10:09,0.065
0,<40,1767096910,2025-12-30T20:15:10,0.065
0,<40,1767097210,2025-12-30T20:20:10,0.065
0,<40,1767097511,2025-12-30T20:25:11,0.065
0,<40,1767097812,2025-12-30T20:30:12,0.065
0,<40,1767098110,2025-12-30T20:35:10,0.065
0,<40,1767098409,2025-12-30T20:40:09,0.065
0,<40,1767098710,2025-12-30T20:45:10,0.065
0,<40,1767099011,2025-12-30T20:50:11,0.065
0,<40,1767099310,2025-12-30T20:55:10,0.065
0,<40,1767099612,2025-12-30T21:00:12,0.065
0,<40,1767099910,2025-12-30T21:05:10,0.05
0,<40,1767100210,2025-12-30T21:10:10,0.05
0,<40,1767100511,2025-12-30T21:15:11,0.05
0,<40,1767100810,2025-12-30T21:20:10,0.05
0,<40,1767101121,2025-12-30T21:25:21,0.05
0,<40,1767101412,2025-12-30T21:30:12,0.05
0,<40,1767101710,2025-12-30T21:35:10,0.05
0,<40,1767102012,2025-12-30T21:40:12,0.05
0,<40,1767102310,2025-12-30T21:45:10,0.05
0,<40,1767102610,2025-12-30T21:50:10,0.05
0,<40,1767102910,2025-12-30T21:55:10,0.05
0,<40,1767103212,2025-12-30T22:00:12,0.05
0,<40,1767103520,2025-12-30T22:05:20,0.05
0,<40,1767103810,2025-12-30T22:10:10,0.05
0,<40,1767104110,2025-12-30T22:15:10,0.05
0,<40,1767104410,2025-12-30T22:20:10,0.05
0,<40,1767104711,2025-12-30T22:25:11,0.05
0,<40,1767105012,2025-12-30T22:30:12,0.05
0,<40,1767105310,2025-12-30T22:35:10,0.05
0,<40,1767105609,2025-12-30T22:40:09,0.05
0,<40,1767105909,2025-12-30T22:45:09,0.05
0,<40,1767106211,2025-12-30T22:50:11,0.05
0,<40,1767106510,2025-12-30T22:55:10,0.05
0,<40,1767106814,2025-12-30T23:00:14,0.05
0,<40,1767107111,2025-12-30T23:05:11,0.05
0,<40,1767107410,2025-12-30T23:10:10,0.05
0,<40,1767107710,2025-12-30T23:15:10,0.05
0,<40,1767108024,2025-12-30T23:20:24,0.05
0,<40,1767108310,2025-12-30T23:25:10,0.05
0,<40,1767108614,2025-12-30T23:30:14,0.05
0,<40,1767108922,2025-12-30T23:35:22,0.05
0,<40,1767109210,2025-12-30T23:40:10,0.05
0,<40,1767109509,2025-12-30T23:45:09,0.05
0,<40,1767109810,2025-12-30T23:50:10,0.05
0,<40,1767110111,2025-12-30T23:55:11,0.05
0,<40,1767110413,2025-12-31T00:00:13,0.05
0,<40,1767110710,2025-12-31T00:05:10,0.05
0,<40,1767111009,2025-12-31T00:10:09,0.05
0,<40,1767111310,2025-12-31T00:15:10,0.05
0,<40,1767111620,2025-12-31T00:20:20,0.05
0,<40,1767111911,2025-12-31T00:25:11,0.05
0,<40,1767112213,2025-12-31T00:30:13,0.05
0,<40,1767112510,2025-12-31T00:35:10,0.05
0,<40,1767112810,2025-12-31T00:40:10,0.05
0,<40,1767113110,2025-12-31T00:45:10,0.05
0,<40,1767113412,2025-12-31T00:50:12,0.05
0,<40,1767113709,2025-12-31T00:55:09,0.05
0,<40,1767114016,2025-12-31T01:00:16,0.05
0,<40,1767114309,2025-12-31T01:05:09,0.05
0,<40,1767114610,2025-12-31T01:10:10,0.045
0,<40,1767114912,2025-12-31T01:15:12,0.045
0,<40,1767115211,2025-12-31T01:20:11,0.045
0,<40,1767115510,2025-12-31T01:25:10,0.045
0,<40,1767115812,2025-12-31T01:30:12,0.045
0,<40,1767116110,2025-12-31T01:35:10,0.045
0,<40,1767116410,2025-12-31T01:40:10,0.045
0,<40,1767116711,2025-12-31T01:45:11,0.03
0,<40,1767117009,2025-12-31T01:50:09,0.03
0,<40,1767117310,2025-12-31T01:55:10,0.03
0,<40,1767117618,2025-12-31T02:00:18,0.03
0,<40,1767117910,2025-12-31T02:05:10,0.03
0,<40,1767118211,2025-12-31T02:10:11,0.03
0,<40,1767118509,2025-12-31T02:15:09,0.03
0,<40,1767118809,2025-12-31T02:20:09,0.025
0,<40,1767119112,2025-12-31T02:25:12,0.025
0,<40,1767119412,2025-12-31T02:30:12,0.025
0,<40,1767119710,2025-12-31T02:35:10,0.025
0,<40,1767120011,2025-12-31T02:40:11,0.025
0,<40,1767120310,2025-12-31T02:45:10,0.025
0,<40,1767120612,2025-12-31T02:50:12,0.025
0,<40,1767120909,2025-12-31T02:55:09,0.025
0,<40,1767121212,2025-12-31T03:00:12,0.025
0,<40,1767121510,2025-12-31T03:05:10,0.025
0,<40,1767121810,2025-12-31T03:10:10,0.025
0,<40,1767122112,2025-12-31T03:15:12,0.025
0,<40,1767122425,2025-12-31T03:20:25,0.025
0,<40,1767122710,2025-12-31T03:25:10,0.025
0,<40,1767123013,2025-12-31T03:30:13,0.025
0,<40,1767123313,2025-12-31T03:35:13,0.025
0,<40,1767123611,2025-12-31T03:40:11,0.025
0,<40,1767123910,2025-12-31T03:45:10,0.025
0,<40,1767124211,2025-12-31T03:50:11,0.025
0,<40,1767124511,2025-12-31T03:55:11,0.025
0,<40,1767124824,2025-12-31T04:00:24,0.025
0,<40,1767125110,2025-12-31T04:05:10,0.0245
0,<40,1767125410,2025-12-31T04:10:10,0.0245
0,<40,1767125710,2025-12-31T04:15:10,0.0245
0,<40,1767126010,2025-12-31T04:20:10,0.0245
0,<40,1767126310,2025-12-31T04:25:10,0.0245
0,<40,1767126615,2025-12-31T04:30:15,0.0245
0,<40,1767126910,2025-12-31T04:35:10,0.0245
0,<40,1767127210,2025-12-31T04:40:10,0.0245
0,<40,1767127512,2025-12-31T04:45:12,0.0245
0,<40,1767127810,2025-12-31T04:50:10,0.0245
0,<40,1767128110,2025-12-31T04:55:10,0.0245
0,<40,1767128413,2025-12-31T05:00:13,0.0245
0,<40,1767128710,2025-12-31T05:05:10,0.0245
0,<40,1767129012,2025-12-31T05:10:12,0.0245
0,<40,1767129310,2025-12-31T05:15:10,0.0245
0,<40,1767129610,2025-12-31T05:20:10,0.0245
0,<40,1767129910,2025-12-31T05:25:10,0.0245
0,<40,1767130215,2025-12-31T05:30:15,0.0245
0,<40,1767130510,2025-12-31T05:35:10,0.024
0,<40,1767130824,2025-12-31T05:40:24,0.024
0,<40,1767131111,2025-12-31T05:45:11,0.024
0,<40,1767131411,2025-12-31T05:50:11,0.024
0,<40,1767131712,2025-12-31T05:55:12,0.024
0,<40,1767132013,2025-12-31T06:00:13,0.024
0,<40,1767132310,2025-12-31T06:05:10,0.024
0,<40,1767132611,2025-12-31T06:10:11,0.024
0,<40,1767132910,2025-12-31T06:15:10,0.024
0,<40,1767133212,2025-12-31T06:20:12,0.024
0,<40,1767133525,2025-12-31T06:25:25,0.024
0,<40,1767133814,2025-12-31T06:30:14,0.024
0,<40,1767134124,2025-12-31T06:35:24,0.024
0,<40,1767134410,2025-12-31T06:40:10,0.024
0,<40,1767134710,2025-12-31T06:45:10,0.024
0,<40,1767135012,2025-12-31T06:50:12,0.024
0,<40,1767135311,2025-12-31T06:55:11,0.024
0,<40,1767135613,2025-12-31T07:00:13,0.024
0,<40,1767135910,2025-12-31T07:05:10,0.024
0,<40,1767136211,2025-12-31T07:10:11,0.024
0,<40,1767136512,2025-12-31T07:15:12,0.024
0,<40,1767136810,2025-12-31T07:20:10,0.024
0,<40,1767137112,2025-12-31T07:25:12,0.024
0,<40,1767137423,2025-12-31T07:30:23,0.024
0,<40,1767137710,2025-12-31T07:35:10,0.024
0,<40,1767138010,2025-12-31T07:40:10,0.024
0,<40,1767138310,2025-12-31T07:45:10,0.024
0,<40,1767138612,2025-12-31T07:50:12,0.024
0,<40,1767138910,2025-12-31T07:55:10,0.024
0,<40,1767139215,2025-12-31T08:00:15,0.024
0,<40,1767139510,2025-12-31T08:05:10,0.024
0,<40,1767139811,2025-12-31T08:10:11,0.024
0,<40,1767140112,2025-12-31T08:15:12,0.024
0,<40,1767140423,2025-12-31T08:20:23,0.024
0,<40,1767140710,2025-12-31T08:25:10,0.024
0,<40,1767141014,2025-12-31T08:30:14,0.024
0,<40,1767141310,2025-12-31T08:35:10,0.024
0,<40,1767141612,2025-12-31T08:40:12,0.024
0,<40,1767141912,2025-12-31T08:45:12,0.024
0,<40,1767142211,2025-12-31T08:50:11,0.0235
0,<40,1767142510,2025-12-31T08:55:10,0.0235
0,<40,1767142813,2025-12-31T09:00:13,0.0235
0,<40,1767143110,2025-12-31T09:05:10,0.0235
0,<40,1767143411,2025-12-31T09:10:11,0.0235
0,<40,1767143711,2025-12-31T09:15:11,0.0235
0,<40,1767144010,2025-12-31T09:20:10,0.0235
0,<40,1767144310,2025-12-31T09:25:10,0.0235
0,<40,1767144627,2025-12-31T09:30:27,0.0235
0,<40,1767144912,2025-12-31T09:35:12,0.0235
0,<40,1767145212,2025-12-31T09:40:12,0.0235
0,<40,1767145510,2025-12-31T09:45:10,0.0235
0,<40,1767145810,2025-12-31T09:50:10,0.0235
0,<40,1767146110,2025-12-31T09:55:10,0.0235
0,<40,1767146413,2025-12-31T10:00:13,0.0235
0,<40,1767146712,2025-12-31T10:05:12,0.0235
0,<40,1767147011,2025-12-31T10:10:11,0.0235
0,<40,1767147310,2025-12-31T10:15:10,0.0235
0,<40,1767147611,2025-12-31T10:20:11,0.0235
0,<40,1767147912,2025-12-31T10:25:12,0.0235
0,<40,1767148215,2025-12-31T10:30:15,0.0235
0,<40,1767148511,2025-12-31T10:35:11,0.0235
0,<40,1767148823,2025-12-31T10:40:23,0.0235
0,<40,1767149111,2025-12-31T10:45:11,0.0235
0,<40,1767149411,2025-12-31T10:50:11,0.0235
0,<40,1767149712,2025-12-31T10:55:12,0.0235
0,<40,1767150015,2025-12-31T11:00:15,0.0235
0,<40,1767150322,2025-12-31T11:05:22,0.0235
0,<40,1767150621,2025-12-31T11:10:21,0.0235
0,<40,1767150910,2025-12-31T11:15:10,0.0235
0,<40,1767151210,2025-12-31T11:20:10,0.0235
0,<40,1767151525,2025-12-31T11:25:25,0.0235
0,<40,1767151827,2025-12-31T11:30:27,0.0235
0,<40,1767152124,2025-12-31T11:35:24,0.0235
0,<40,1767152413,2025-12-31T11:40:13,0.0235
0,<40,1767152710,2025-12-31T11:45:10,0.0235
0,<40,1767153025,2025-12-31T11:50:25,0.0235
0,<40,1767153310,2025-12-31T11:55:10,0.0235
0,<40,1767153626,2025-12-31T12:00:26,0.023
0,<40,1767153910,2025-12-31T12:05:10,0.023
0,<40,1767154210,2025-12-31T12:10:10,0.023
0,<40,1767154510,2025-12-31T12:15:10,0.023
0,<40,1767154822,2025-12-31T12:20:22,0.023
0,<40,1767155110,2025-12-31T12:25:10,0.023
0,<40,1767155428,2025-12-31T12:30:28,0.023
0,<40,1767155711,2025-12-31T12:35:11,0.023
0,<40,1767156009,2025-12-31T12:40:09,0.023
0,<40,1767156311,2025-12-31T12:45:11,0.023
0,<40,1767156610,2025-12-31T12:50:10,0.023
0,<40,1767156909,2025-12-31T12:55:09,0.023
0,<40,1767157212,2025-12-31T13:00:12,0.023
0,<40,1767157509,2025-12-31T13:05:09,0.023
0,<40,1767157821,2025-12-31T13:10:21,0.023
0,<40,1767158110,2025-12-31T13:15:10,0.023
0,<40,1767158409,2025-12-31T13:20:09,0.023
0,<40,1767158710,2025-12-31T13:25:10,0.023
0,<40,1767159013,2025-12-31T13:30:13,0.023
0,<40,1767159310,2025-12-31T13:35:10,0.023
0,<40,1767159611,2025-12-31T13:40:11,0.023
0,<40,1767159910,2025-12-31T13:45:10,0.023
0,<40,1767160210,2025-12-31T13:50:10,0.023
0,<40,1767160510,2025-12-31T13:55:10,0.023
0,<40,1767160814,2025-12-31T14:00:14,0.023
0,<40,1767161120,2025-12-31T14:05:20,0.023
0,<40,1767161409,2025-12-31T14:10:09,0.023
0,<40,1767161709,2025-12-31T14:15:09,0.023
0,<40,1767162009,2025-12-31T14:20:09,0.023
0,<40,1767162309,2025-12-31T14:25:09,0.023
0,<40,1767162613,2025-12-31T14:30:13,0.023
0,<40,1767162922,2025-12-31T14:35:22,0.023
0,<40,1767163209,2025-12-31T14:40:09,0.023
0,<40,1767163509,2025-12-31T14:45:09,0.023
0,<40,1767163809,2025-12-31T14:50:09,0.023
0,<40,1767164109,2025-12-31T14:55:09,0.023
0,<40,1767164412,2025-12-31T15:00:12,0.023
0,<40,1767164712,2025-12-31T15:05:12,0.023
0,<40,1767165010,2025-12-31T15:10:10,0.023
0,<40,1767165309,2025-12-31T15:15:09,0.023
0,<40,1767165610,2025-12-31T15:20:10,0.023
0,<40,1767165909,2025-12-31T15:25:09,0.023
0,<40,1767166223,2025-12-31T15:30:23,0.023
0,<40,1767166509,2025-12-31T15:35:09,0.023
0,<40,1767166810,2025-12-31T15:40:10,0.023
0,<40,1767167109,2025-12-31T15:45:09,0.023
0,<40,1767167410,2025-12-31T15:50:10,0.023
0,<40,1767167709,2025-12-31T15:55:09,0.023
0,<40,1767168014,2025-12-31T16:00:14,0.023
0,<40,1767168310,2025-12-31T16:05:10,0.023
0,<40,1767168624,2025-12-31T16:10:24,0.023
0,<40,1767168910,2025-12-31T16:15:10,0.023
0,<40,1767169209,2025-12-31T16:20:09,0.023
0,<40,1767169512,2025-12-31T16:25:12,0.023
0,<40,1767169812,2025-12-31T16:30:12,0.023
0,<40,1767170109,2025-12-31T16:35:09,0.023
0,<40,1767170409,2025-12-31T16:40:09,0.023
0,<40,1767170710,2025-12-31T16:45:10,0.023
0,<40,1767171026,2025-12-31T16:50:26,0.023
0,<40,1767171310,2025-12-31T16:55:10,0.023
0,<40,1767171614,2025-12-31T17:00:14,0.023
0,<40,1767171910,2025-12-31T17:05:10,0.023
0,<40,1767172210,2025-12-31T17:10:10,0.023
0,<40,1767172511,2025-12-31T17:15:11,0.023
0,<40,1767172810,2025-12-31T17:20:10,0.023
0,<40,1767173110,2025-12-31T17:25:10,0.023
0,<40,1767173412,2025-12-31T17:30:12,0.023
0,<40,1767173709,2025-12-31T17:35:09,0.023
0,<40,1767174021,2025-12-31T17:40:21,0.023
0,<40,1767174309,2025-12-31T17:45:09,0.023
0,<40,1767174609,2025-12-31T17:50:09,0.023
0,<40,1767174912,2025-12-31T17:55:12,0.023
0,<40,1767175213,2025-12-31T18:00:13,0.023
0,<40,1767175510,2025-12-31T18:05:10,0.023
0,<40,1767175822,2025-12-31T18:10:22,0.023
0,<40,1767176109,2025-12-31T18:15:09,0.023
0,<40,1767176420,2025-12-31T18:20:20,0.023
0,<40,1767176710,2025-12-31T18:25:10,0.023
0,<40,1767177013,2025-12-31T18:30:13,0.023
0,<40,1767177309,2025-12-31T18:35:09,0.023
0,<40,1767177610,2025-12-31T18:40:10,0.023
0,<40,1767177909,2025-12-31T18:45:09,0.023
0,<40,1767178212,2025-12-31T18:50:12,0.023
0,<40,1767178510,2025-12-31T18:55:10,0.023
0,<40,1767178824,2025-12-31T19:00:24,0.023
0,<40,1767179110,2025-12-31T19:05:10,0.023
0,<40,1767179409,2025-12-31T19:10:09,0.023
0,<40,1767179712,2025-12-31T19:15:12,0.023
0,<40,1767180012,2025-12-31T19:20:12,0.023
0,<40,1767180310,2025-12-31T19:25:10,0.023
0,<40,1767180613,2025-12-31T19:30:13,0.023
0,<40,1767180910,2025-12-31T19:35:10,0.023
0,<40,1767181209,2025-12-31T19:40:09,0.023
0,<40,1767181512,2025-12-31T19:45:12,0.023
0,<40,1767181810,2025-12-31T19:50:10,0.023
0,<40,1767182110,2025-12-31T19:55:10,0.023
0,<40,1767182415,2025-12-31T20:00:15,0.023
0,<40,1767182710,2025-12-31T20:05:10,0.023
0,<40,1767183020,2025-12-31T20:10:20,0.023
0,<40,1767183309,2025-12-31T20:15:09,0.023
0,<40,1767183610,2025-12-31T20:20:10,0.023
0,<40,1767183910,2025-12-31T20:25:10,0.023
0,<40,1767184225,2025-12-31T20:30:25,0.023
0,<40,1767184509,2025-12-31T20:35:09,0.023
0,<40,1767184819,2025-12-31T20:40:19,0.023
0,<40,1767185110,2025-12-31T20:45:10,0.023
0,<40,1767185409,2025-12-31T20:50:09,0.023
0,<40,1767185709,2025-12-31T20:55:09,0.023
0,<40,1767186012,2025-12-31T21:00:12,0.023
0,<40,1767186310,2025-12-31T21:05:10,0.023
0,<40,1767186626,2025-12-31T21:10:26,0.023
0,<40,1767186910,2025-12-31T21:15:10,0.023
0,<40,1767187210,2025-12-31T21:20:10,0.0105
0,<40,1767187509,2025-12-31T21:25:09,0.023
0,<40,1767187812,2025-12-31T21:30:12,0.023
0,<40,1767188111,2025-12-31T21:35:11,0.023
0,<40,1767188410,2025-12-31T21:40:10,0.023
0,<40,1767188723,2025-12-31T21:45:23,0.023
0,<40,1767189010,2025-12-31T21:50:10,0.023
0,<40,1767189310,2025-12-31T21:55:10,0.023
0,<40,1767189614,2025-12-31T22:00:14,0.023
0,<40,1767189911,2025-12-31T22:05:11,0.023
0,<40,1767190224,2025-12-31T22:10:24,0.023
0,<40,1767190510,2025-12-31T22:15:10,0.023
0,<40,1767190821,2025-12-31T22:20:21,0.023
0,<40,1767191110,2025-12-31T22:25:10,0.023
0,<40,1767191414,2025-12-31T22:30:14,0.023
0,<40,1767191710,2025-12-31T22:35:10,0.023
0,<40,1767192010,2025-12-31T22:40:10,0.023
0,<40,1767192310,2025-12-31T22:45:10,0.023
0,<40,1767192609,2025-12-31T22:50:09,0.023
0,<40,1767192919,2025-12-31T22:55:19,0.023
0,<40,1767193214,2025-12-31T23:00:14,0.023
0,<40,1767193510,2025-12-31T23:05:10,0.023
0,<40,1767193810,2025-12-31T23:10:10,0.023
0,<40,1767194110,2025-12-31T23:15:10,0.023
0,<40,1767194410,2025-12-31T23:20:10,0.023
0,<40,1767194712,2025-12-31T23:25:12,0.023
0,<40,1767195013,2025-12-31T23:30:13,0.023
0,<40,1767195324,2025-12-31T23:35:24,0.023
0,<40,1767195610,2025-12-31T23:40:10,0.023
0,<40,1767195924,2025-12-31T23:45:24,0.023
0,<40,1767196212,2025-12-31T23:50:12,0.023
0,<40,1767196510,2025-12-31T23:55:10,0.023
0,<40,1767196815,2026-01-01T00:00:15,0.023
0,<40,1767197110,2026-01-01T00:05:10,0.023
0,<40,1767197410,2026-01-01T00:10:10,0.023
0,<40,1767197723,2026-01-01T00:15:23,0.023
0,<40,1767198010,2026-01-01T00:20:10,0.023
0,<40,1767198312,2026-01-01T00:25:12,0.023
0,<40,1767198613,2026-01-01T00:30:13,0.023
0,<40,1767198910,2026-01-01T00:35:10,0.023
0,<40,1767199210,2026-01-01T00:40:10,0.023
0,<40,1767199510,2026-01-01T00:45:10,0.023
0,<40,1767199813,2026-01-01T00:50:13,0.023
0,<40,1767200111,2026-01-01T00:55:11,0.023
0,<40,1767200416,2026-01-01T01:00:16,0.023
0,<40,1767200711,2026-01-01T01:05:11,0.023
0,<40,1767201012,2026-01-01T01:10:12,0.023
0,<40,1767201311,2026-01-01T01:15:11,0.023
0,<40,1767201611,2026-01-01T01:20:11,0.023
0,<40,1767201911,2026-01-01T01:25:11,0.023
0,<40,1767202214,2026-01-01T01:30:14,0.023
0,<40,1767202526,2026-01-01T01:35:26,0.023
0,<40,1767202811,2026-01-01T01:40:11,0.023
0,<40,1767203112,2026-01-01T01:45:12,0.023
0,<40,1767203413,2026-01-01T01:50:13,0.023
0,<40,1767203711,2026-01-01T01:55:11,0.023
0,<40,1767204015,2026-01-01T02:00:15,0.023
0,<40,1767204311,2026-01-01T02:05:11,0.023
0,<40,1767204612,2026-01-01T02:10:12,0.023
0,<40,1767204910,2026-01-01T02:15:10,0.023
0,<40,1767205211,2026-01-01T02:20:11,0.023
0,<40,1767205511,2026-01-01T02:25:11,0.023
0,<40,1767205813,2026-01-01T02:30:13,0.023
0,<40,1767206112,2026-01-01T02:35:12,0.023
0,<40,1767206410,2026-01-01T02:40:10,0.023
0,<40,1767206710,2026-01-01T02:45:10,0.023
0,<40,1767207010,2026-01-01T02:50:10,0.023
0,<40,1767207310,2026-01-01T02:55:10,0.023
0,<40,1767207642,2026-01-01T03:00:42,0.023
0,<40,1767207911,2026-01-01T03:05:11,0.023
0,<40,1767208211,2026-01-01T03:10:11,0.023
0,<40,1767208510,2026-01-01T03:15:10,0.023
0,<40,1767208812,2026-01-01T03:20:12,0.023
0,<40,1767209111,2026-01-01T03:25:11,0.023
0,<40,1767209414,2026-01-01T03:30:14,0.023
0,<40,1767209710,2026-01-01T03:35:10,0.023
0,<40,1767210011,2026-01-01T03:40:11,0.023
0,<40,1767210312,2026-01-01T03:45:12,0.023
0,<40,1767210611,2026-01-01T03:50:11,0.023
0,<40,1767210910,2026-01-01T03:55:10,0.023
0,<40,1767211214,2026-01-01T04:00:14,0.023
0,<40,1767211510,2026-01-01T04:05:10,0.023
0,<40,1767211813,2026-01-01T04:10:13,0.023
0,<40,1767212110,2026-01-01T04:15:10,0.023
0,<40,1767212413,2026-01-01T04:20:13,0.023
0,<40,1767212723,2026-01-01T04:25:23,0.023
0,<40,1767213013,2026-01-01T04:30:13,0.023
0,<40,1767213310,2026-01-01T04:35:10,0.023
0,<40,1767213610,2026-01-01T04:40:10,0.023
0,<40,1767213922,2026-01-01T04:45:22,0.023
0,<40,1767214211,2026-01-01T04:50:11,0.023
0,<40,1767214510,2026-01-01T04:55:10,0.023
0,<40,1767214816,2026-01-01T05:00:16,0.023
0,<40,1767215110,2026-01-01T05:05:10,0.023
0,<40,1767215410,2026-01-01T05:10:10,0.023
0,<40,1767215712,2026-01-01T05:15:12,0.023
0,<40,1767216010,2026-01-01T05:20:10,0.023
0,<40,1767216310,2026-01-01T05:25:10,0.023
0,<40,1767216614,2026-01-01T05:30:14,0.023
0,<40,1767216910,2026-01-01T05:35:10,0.023
0,<40,1767217222,2026-01-01T05:40:22,0.023
0,<40,1767217510,2026-01-01T05:45:10,0.023
0,<40,1767217811,2026-01-01T05:50:11,0.023
0,<40,1767218111,2026-01-01T05:55:11,0.023
0,<40,1767218414,2026-01-01T06:00:14,0.023
0,<40,1767218710,2026-01-01T06:05:10,0.023
0,<40,1767219012,2026-01-01T06:10:12,0.023
0,<40,1767219325,2026-01-01T06:15:25,0.023
0,<40,1767219610,2026-01-01T06:20:10,0.023
0,<40,1767219911,2026-01-01T06:25:11,0.0225
0,<40,1767220214,2026-01-01T06:30:14,0.023
0,<40,1767220531,2026-01-01T06:35:31,0.023
0,<40,1767220810,2026-01-01T06:40:10,0.023
0,<40,1767221111,2026-01-01T06:45:11,0.023
0,<40,1767221412,2026-01-01T06:50:12,0.023
0,<40,1767221710,2026-01-01T06:55:10,0.023
0,<40,1767222013,2026-01-01T07:00:13,0.023
0,<40,1767222322,2026-01-01T07:05:22,0.023
0,<40,1767222610,2026-01-01T07:10:10,0.023
0,<40,1767222913,2026-01-01T07:15:13,0.023
0,<40,1767223210,2026-01-01T07:20:10,0.023
0,<40,1767223510,2026-01-01T07:25:10,0.023
0,<40,1767223813,2026-01-01T07:30:13,0.023
0,<40,1767224110,2026-01-01T07:35:10,0.023
0,<40,1767224412,2026-01-01T07:40:12,0.023
0,<40,1767224710,2026-01-01T07:45:10,0.023
0,<40,1767225021,2026-01-01T07:50:21,0.023
0,<40,1767225310,2026-01-01T07:55:10,0.023
0,<40,1767225615,2026-01-01T08:00:15,0.023
0,<40,1767225910,2026-01-01T08:05:10,0.023
0,<40,1767226209,2026-01-01T08:10:09,0.023
0,<40,1767226510,2026-01-01T08:15:10,0.023
0,<40,1767226809,2026-01-01T08:20:09,0.023
0,<40,1767227110,2026-01-01T08:25:10,0.023
0,<40,1767227413,2026-01-01T08:30:13,0.023
0,<40,1767227709,2026-01-01T08:35:09,0.023
0,<40,1767228009,2026-01-01T08:40:09,0.023
0,<40,1767228310,2026-01-01T08:45:10,0.023
0,<40,1767228613,2026-01-01T08:50:13,0.023
0,<40,1767228909,2026-01-01T08:55:09,0.023
0,<40,1767229213,2026-01-01T09:00:13,0.0225
0,<40,1767229510,2026-01-01T09:05:10,0.023
0,<40,1767229809,2026-01-01T09:10:09,0.017
0,<40,1767230109,2026-01-01T09:15:09,0.017
0,<40,1767230410,2026-01-01T09:20:10,0.017
0,<40,1767230710,2026-01-01T09:25:10,0.0175
0,<40,1767231013,2026-01-01T09:30:13,0.0175
0,<40,1767231309,2026-01-01T09:35:09,0.0175
0,<40,1767231623,2026-01-01T09:40:23,0.017
0,<40,1767231910,2026-01-01T09:45:10,0.017
0,<40,1767232210,2026-01-01T09:50:10,0.017
0,<40,1767232509,2026-01-01T09:55:09,0.017
0,<40,1767232813,2026-01-01T10:00:13,0.017
0,<40,1767233110,2026-01-01T10:05:10,0.017
0,<40,1767233425,2026-01-01T10:10:25,0.017
0,<40,1767233709,2026-01-01T10:15:09,0.017
0,<40,1767234010,2026-01-01T10:20:10,0.017
0,<40,1767234310,2026-01-01T10:25:10,0.017
0,<40,1767234619,2026-01-01T10:30:19,0.017
0,<40,1767234909,2026-01-01T10:35:09,0.017
0,<40,1767235210,2026-01-01T10:40:10,0.0175
0,<40,1767235509,2026-01-01T10:45:09,0.0175
0,<40,1767235809,2026-01-01T10:50:09,0.0175
0,<40,1767236109,2026-01-01T10:55:09,0.0175
0,<40,1767236414,2026-01-01T11:00:14,0.0175
0,<40,1767236709,2026-01-01T11:05:09,0.0175
0,<40,1767237009,2026-01-01T11:10:09,0.0175
0,<40,1767237309,2026-01-01T11:15:09,0.0175
0,<40,1767237622,2026-01-01T11:20:22,0.0175
0,<40,1767237910,2026-01-01T11:25:10,0.0175
0,<40,1767238212,2026-01-01T11:30:12,0.0175
0,<40,1767238522,2026-01-01T11:35:22,0.0175
0,<40,1767238810,2026-01-01T11:40:10,0.0175
0,<40,1767239123,2026-01-01T11:45:23,0.0175
0,<40,1767239410,2026-01-01T11:50:10,0.0175
0,<40,1767239709,2026-01-01T11:55:09,0.0175
0,<40,1767240028,2026-01-01T12:00:28,0.0175
0,<40,1767240309,2026-01-01T12:05:09,0.0175
0,<40,1767240623,2026-01-01T12:10:23,0.0175
0,<40,1767240910,2026-01-01T12:15:10,0.0175
0,<40,1767241222,2026-01-01T12:20:22,0.0175
0,<40,1767241509,2026-01-01T12:25:09,0.0175
0,<40,1767241812,2026-01-01T12:30:12,0.0175
0,<40,1767242110,2026-01-01T12:35:10,0.0175
0,<40,1767242410,2026-01-01T12:40:10,0.0175
0,<40,1767242709,2026-01-01T12:45:09,0.0175
0,<40,1767243010,2026-01-01T12:50:10,0.0175
0,<40,1767243310,2026-01-01T12:55:10,0.0175
0,<40,1767243613,2026-01-01T13:00:13,0.0175
0,<40,1767243910,2026-01-01T13:05:10,0.0175
0,<40,1767244210,2026-01-01T13:10:10,0.0175
0,<40,1767244510,2026-01-01T13:15:10,0.0175
0,<40,1767244809,2026-01-01T13:20:09,0.0175
0,<40,1767245109,2026-01-01T13:25:09,0.0175
0,<40,1767245421,2026-01-01T13:30:21,0.0175
0,<40,1767245710,2026-01-01T13:35:10,0.0175
0,<40,1767246009,2026-01-01T13:40:09,0.0175
0,<40,1767246310,2026-01-01T13:45:10,0.0175
0,<40,1767246610,2026-01-01T13:50:10,0.0175
0,<40,1767246910,2026-01-01T13:55:10,0.0175
0,<40,1767247215,2026-01-01T14:00:15,0.0175
0,<40,1767247510,2026-01-01T14:05:10,0.0175
0,<40,1767247810,2026-01-01T14:10:10,0.0175
0,<40,1767248110,2026-01-01T14:15:10,0.0175
0,<40,1767248420,2026-01-01T14:20:20,0.0175
0,<40,1767248709,2026-01-01T14:25:09,0.0175
0,<40,1767249012,2026-01-01T14:30:12,0.0175
0,<40,1767249320,2026-01-01T14:35:20,0.0175
0,<40,1767249620,2026-01-01T14:40:20,0.0175
0,<40,1767249909,2026-01-01T14:45:09,0.0175
0,<40,1767250209,2026-01-01T14:50:09,0.0175
0,<40,1767250509,2026-01-01T14:55:09,0.0175
0,<40,1767250812,2026-01-01T15:00:12,0.0175
0,<40,1767251110,2026-01-01T15:05:10,0.0175
0,<40,1767251409,2026-01-01T15:10:09,0.017
0,<40,1767251710,2026-01-01T15:15:10,0.017
0,<40,1767252021,2026-01-01T15:20:21,0.017
0,<40,1767252309,2026-01-01T15:25:09,0.017
0,<40,1767252628,2026-01-01T15:30:28,0.017
0,<40,1767252910,2026-01-01T15:35:10,0.017
0,<40,1767253211,2026-01-01T15:40:11,0.017
0,<40,1767253510,2026-01-01T15:45:10,0.017
0,<40,1767253811,2026-01-01T15:50:11,0.017
0,<40,1767254110,2026-01-01T15:55:10,0.017
0,<40,1767254412,2026-01-01T16:00:12,0.017
0,<40,1767254709,2026-01-01T16:05:09,0.017
0,<40,1767255009,2026-01-01T16:10:09,0.017
0,<40,1767255310,2026-01-01T16:15:10,0.017
0,<40,1767255610,2026-01-01T16:20:10,0.017
0,<40,1767255909,2026-01-01T16:25:09,0.017
0,<40,1767256212,2026-01-01T16:30:12,0.017
0,<40,1767256509,2026-01-01T16:35:09,0.017
0,<40,1767256809,2026-01-01T16:40:09,0.017
0,<40,1767257119,2026-01-01T16:45:19,0.017
0,<40,1767257409,2026-01-01T16:50:09,0.017
0,<40,1767257710,2026-01-01T16:55:10,0.017
0,<40,1767258014,2026-01-01T17:00:14,0.017
0,<40,1767258309,2026-01-01T17:05:09,0.017
0,<40,1767258609,2026-01-01T17:10:09,0.017
0,<40,1767258909,2026-01-01T17:15:09,0.017
0,<40,1767259210,2026-01-01T17:20:10,0.017
0,<40,1767259509,2026-01-01T17:25:09,0.017
0,<40,1767259811,2026-01-01T17:30:11,0.017
0,<40,1767260108,2026-01-01T17:35:08,0.017
0,<40,1767260409,2026-01-01T17:40:09,0.017
0,<40,1767260718,2026-01-01T17:45:18,0.017
0,<40,1767261008,2026-01-01T17:50:08,0.017
0,<40,1767261308,2026-01-01T17:55:08,0.017
0,<40,1767261613,2026-01-01T18:00:13,0.017
0,<40,1767261908,2026-01-01T18:05:08,0.017
0,<40,1767262209,2026-01-01T18:10:09,0.017
0,<40,1767262508,2026-01-01T18:15:08,0.017
0,<40,1767262808,2026-01-01T18:20:08,0.017
0,<40,1767263109,2026-01-01T18:25:09,0.017
0,<40,1767263411,2026-01-01T18:30:11,0.017
0,<40,1767263708,2026-01-01T18:35:08,0.017
0,<40,1767264008,2026-01-01T18:40:08,0.017
0,<40,1767264317,2026-01-01T18:45:17,0.017
0,<40,1767264608,2026-01-01T18:50:08,0.017
0,<40,1767264908,2026-01-01T18:55:08,0.017
0,<40,1767265212,2026-01-01T19:00:12,0.017
0,<40,1767265508,2026-01-01T19:05:08,0.017
0,<40,1767265830,2026-01-01T19:10:30,0.017
0,<40,1767266108,2026-01-01T19:15:08,0.017
0,<40,1767266409,2026-01-01T19:20:09,0.017
0,<40,1767266722,2026-01-01T19:25:22,0.017
0,<40,1767267010,2026-01-01T19:30:10,0.017
0,<40,1767267309,2026-01-01T19:35:09,0.017
0,<40,1767267610,2026-01-01T19:40:10,0.017
0,<40,1767267909,2026-01-01T19:45:09,0.017
0,<40,1767268208,2026-01-01T19:50:08,0.017
0,<40,1767268523,2026-01-01T19:55:23,0.017
0,<40,1767268816,2026-01-01T20:00:16,0.017
0,<40,1767269109,2026-01-01T20:05:09,0.017
0,<40,1767269408,2026-01-01T20:10:08,0.017
0,<40,1767269723,2026-01-01T20:15:23,0.017
0,<40,1767270031,2026-01-01T20:20:31,0.017
0,<40,1767270310,2026-01-01T20:25:10,0.017
0,<40,1767270611,2026-01-01T20:30:11,0.017
0,<40,1767270920,2026-01-01T20:35:20,0.017
0,<40,1767271208,2026-01-01T20:40:08,0.017
0,<40,1767271508,2026-01-01T20:45:08,0.017
0,<40,1767271810,2026-01-01T20:50:10,0.017
0,<40,1767272108,2026-01-01T20:55:08,0.017
0,<40,1767272430,2026-01-01T21:00:30,0.017
0,<40,1767272709,2026-01-01T21:05:09,0.017
0,<40,1767273008,2026-01-01T21:10:08,0.017
0,<40,1767273308,2026-01-01T21:15:08,0.017
0,<40,1767273619,2026-01-01T21:20:19,0.017
0,<40,1767273908,2026-01-01T21:25:08,0.017
0,<40,1767274213,2026-01-01T21:30:13,0.017
0,<40,1767274522,2026-01-01T21:35:22,0.017
0,<40,1767274808,2026-01-01T21:40:08,0.017
0,<40,1767275110,2026-01-01T21:45:10,0.017
0,<40,1767275408,2026-01-01T21:50:08,0.017
0,<40,1767275711,2026-01-01T21:55:11,0.017
0,<40,1767276011,2026-01-01T22:00:11,0.017
0,<40,1767276309,2026-01-01T22:05:09,0.017
0,<40,1767276609,2026-01-01T22:10:09,0.017
0,<40,1767276923,2026-01-01T22:15:23,0.017
0,<40,1767277223,2026-01-01T22:20:23,0.017
0,<40,1767277510,2026-01-01T22:25:10,0.017
0,<40,1767277810,2026-01-01T22:30:10,0.017
0,<40,1767278110,2026-01-01T22:35:10,0.017
0,<40,1767278408,2026-01-01T22:40:08,0.017
0,<40,1767278709,2026-01-01T22:45:09,0.017
0,<40,1767279009,2026-01-01T22:50:09,0.017
0,<40,1767279308,2026-01-01T22:55:08,0.017
0,<40,1767279614,2026-01-01T23:00:14,0.017
0,<40,1767279908,2026-01-01T23:05:08,0.017
0,<40,1767280209,2026-01-01T23:10:09,0.017
0,<40,1767280509,2026-01-01T23:15:09,0.017
0,<40,1767280809,2026-01-01T23:20:09,0.017
0,<40,1767281110,2026-01-01T23:25:10,0.017
0,<40,1767281411,2026-01-01T23:30:11,0.017
0,<40,1767281709,2026-01-01T23:35:09,0.017
0,<40,1767282009,2026-01-01T23:40:09,0.017
0,<40,1767282308,2026-01-01T23:45:08,0.017
0,<40,1767282634,2026-01-01T23:50:34,0.017
0,<40,1767282909,2026-01-01T23:55:09,0.017
0,<40,1767283211,2026-01-02T00:00:11,0.017
0,<40,1767283509,2026-01-02T00:05:09,0.017
0,<40,1767283809,2026-01-02T00:10:09,0.017
0,<40,1767284109,2026-01-02T00:15:09,0.017
0,<40,1767284410,2026-01-02T00:20:10,0.017
0,<40,1767284709,2026-01-02T00:25:09,0.017
0,<40,1767285011,2026-01-02T00:30:11,0.017
0,<40,1767285309,2026-01-02T00:35:09,0.017
0,<40,1767285608,2026-01-02T00:40:08,0.017
0,<40,1767285911,2026-01-02T00:45:11,0.015
0,<40,1767286208,2026-01-02T00:50:08,0.015
0,<40,1767286509,2026-01-02T00:55:09,0.015
0,<40,1767286814,2026-01-02T01:00:14,0.015
0,<40,1767287118,2026-01-02T01:05:18,0.015
0,<40,1767287409,2026-01-02T01:10:09,0.015
0,<40,1767287709,2026-01-02T01:15:09,0.015
0,<40,1767288008,2026-01-02T01:20:08,0.008
0,<40,1767288323,2026-01-02T01:25:23,0.008
0,<40,1767288611,2026-01-02T01:30:11,0.008
0,<40,1767288911,2026-01-02T01:35:11,0.008
0,<40,1767289208,2026-01-02T01:40:08,0.008
0,<40,1767289509,2026-01-02T01:45:09,0.008
0,<40,1767289809,2026-01-02T01:50:09,0.008
0,<40,1767290111,2026-01-02T01:55:11,0.008
0,<40,1767290414,2026-01-02T02:00:14,0.008
0,<40,1767290709,2026-01-02T02:05:09,0.008
0,<40,1767291009,2026-01-02T02:10:09,0.008
0,<40,1767291309,2026-01-02T02:15:09,0.008
0,<40,1767291610,2026-01-02T02:20:10,0.008
0,<40,1767291909,2026-01-02T02:25:09,0.008
0,<40,1767292211,2026-01-02T02:30:11,0.0075
0,<40,1767292509,2026-01-02T02:35:09,0.0065
0,<40,1767292821,2026-01-02T02:40:21,0.0065
0,<40,1767293123,2026-01-02T02:45:23,0.0065
0,<40,1767293409,2026-01-02T02:50:09,0.0065
0,<40,1767293708,2026-01-02T02:55:08,0.0065
0,<40,1767294011,2026-01-02T03:00:11,0.0075
0,<40,1767294310,2026-01-02T03:05:10,0.0075
0,<40,1767294609,2026-01-02T03:10:09,0.0065
0,<40,1767294909,2026-01-02T03:15:09,0.0065
0,<40,1767295209,2026-01-02T03:20:09,0.007
0,<40,1767295509,2026-01-02T03:25:09,0.007
0,<40,1767295821,2026-01-02T03:30:21,0.007
0,<40,1767296109,2026-01-02T03:35:09,0.007
0,<40,1767296409,2026-01-02T03:40:09,0.008
0,<40,1767296709,2026-01-02T03:45:09,0.008
0,<40,1767297011,2026-01-02T03:50:11,0.008
0,<40,1767297320,2026-01-02T03:55:20,0.008
0,<40,1767297624,2026-01-02T04:00:24,0.008
0,<40,1767297909,2026-01-02T04:05:09,0.008
0,<40,1767298209,2026-01-02T04:10:09,0.008
0,<40,1767298511,2026-01-02T04:15:11,0.008
0,<40,1767298821,2026-01-02T04:20:21,0.008
0,<40,1767299109,2026-01-02T04:25:09,0.009
0,<40,1767299427,2026-01-02T04:30:27,0.011
0,<40,1767299721,2026-01-02T04:35:21,0.011
0,<40,1767300018,2026-01-02T04:40:18,0.0115
0,<40,1767300309,2026-01-02T04:45:09,0.0115
0,<40,1767300609,2026-01-02T04:50:09,0.0115
0,<40,1767300909,2026-01-02T04:55:09,0.0115
0,<40,1767301212,2026-01-02T05:00:12,0.0115
0,<40,1767301509,2026-01-02T05:05:09,0.0115
0,<40,1767301812,2026-01-02T05:10:12,0.0115
0,<40,1767302109,2026-01-02T05:15:09,0.0115
0,<40,1767302409,2026-01-02T05:20:09,0.0115
0,<40,1767302708,2026-01-02T05:25:08,0.0105
0,<40,1767303012,2026-01-02T05:30:12,0.0105
0,<40,1767303311,2026-01-02T05:35:11,0.0105
0,<40,1767303609,2026-01-02T05:40:09,0.0105
0,<40,1767303908,2026-01-02T05:45:08,0.0105
0,<40,1767304209,2026-01-02T05:50:09,0.0105
0,<40,1767304509,2026-01-02T05:55:09,0.0105
0,<40,1767304821,2026-01-02T06:00:21,0.0105
0,<40,1767305109,2026-01-02T06:05:09,0.0105
0,<40,1767305409,2026-01-02T06:10:09,0.0105
0,<40,1767305709,2026-01-02T06:15:09,0.0105
0,<40,1767306009,2026-01-02T06:20:09,0.0105
0,<40,1767306309,2026-01-02T06:25:09,0.0105
0,<40,1767306614,2026-01-02T06:30:14,0.0105
0,<40,1767306909,2026-01-02T06:35:09,0.0105
0,<40,1767307209,2026-01-02T06:40:09,0.0105
0,<40,1767307509,2026-01-02T06:45:09,0.0115
0,<40,1767307809,2026-01-02T06:50:09,0.0115
0,<40,1767308110,2026-01-02T06:55:10,0.0115
0,<40,1767308412,2026-01-02T07:00:12,0.0115
0,<40,1767308719,2026-01-02T07:05:19,0.0115
0,<40,1767309009,2026-01-02T07:10:09,0.0115
0,<40,1767309308,2026-01-02T07:15:08,0.0115
0,<40,1767309609,2026-01-02T07:20:09,0.0115
0,<40,1767309908,2026-01-02T07:25:08,0.0065
0,<40,1767310212,2026-01-02T07:30:12,0.0065
0,<40,1767310521,2026-01-02T07:35:21,0.0015
0,<40,1767310808,2026-01-02T07:40:08,0.0015
0,<40,1767311111,2026-01-02T07:45:11,0.0015
0,<40,1767311409,2026-01-02T07:50:09,0.001
0,<40,1767311709,2026-01-02T07:55:09,0.001
0,<40,1767312015,2026-01-02T08:00:15,0.0015
0,<40,1767312308,2026-01-02T08:05:08,0.0015
0,<40,1767312611,2026-01-02T08:10:11,0.0015
0,<40,1767312909,2026-01-02T08:15:09,0.0015
0,<40,1767313209,2026-01-02T08:20:09,0.0015
0,<40,1767313510,2026-01-02T08:25:10,0.0015
0,<40,1767313826,2026-01-02T08:30:26,0.0015
0,<40,1767314109,2026-01-02T08:35:09,0.0015
0,<40,1767314409,2026-01-02T08:40:09,0.0015
0,<40,1767314709,2026-01-02T08:45:09,0.0015
0,<40,1767315011,2026-01-02T08:50:11,0.001
0,<40,1767315309,2026-01-02T08:55:09,0.0015
0,<40,1767315612,2026-01-02T09:00:12,0.0015
0,<40,1767315908,2026-01-02T09:05:08,0.0015
0,<40,1767316209,2026-01-02T09:10:09,0.0015
0,<40,1767316511,2026-01-02T09:15:11,0.0015
0,<40,1767316808,2026-01-02T09:20:08,0.0015
0,<40,1767317108,2026-01-02T09:25:08,0.0015
0,<40,1767317411,2026-01-02T09:30:11,0.0015
0,<40,1767317708,2026-01-02T09:35:08,0.0015
0,<40,1767318011,2026-01-02T09:40:11,0.0015
0,<40,1767318308,2026-01-02T09:45:08,0.0015
0,<40,1767318609,2026-01-02T09:50:09,0.0015
0,<40,1767318909,2026-01-02T09:55:09,0.0015
0,<40,1767319212,2026-01-02T10:00:12,0.0015
0,<40,1767319518,2026-01-02T10:05:18,0.0015
0,<40,1767319824,2026-01-02T10:10:24,0.0015
0,<40,1767320110,2026-01-02T10:15:10,0.0015
0,<40,1767320408,2026-01-02T10:20:08,0.0015
0,<40,1767320709,2026-01-02T10:25:09,0.0015
0,<40,1767321012,2026-01-02T10:30:12,0.0015
0,<40,1767321324,2026-01-02T10:35:24,0.0015
0,<40,1767321619,2026-01-02T10:40:19,0.0015
0,<40,1767321909,2026-01-02T10:45:09,0.0015
0,<40,1767322224,2026-01-02T10:50:24,0.0015
0,<40,1767322508,2026-01-02T10:55:08,0.0015
0,<40,1767322824,2026-01-02T11:00:24,0.0015
0,<40,1767323109,2026-01-02T11:05:09,0.0015
0,<40,1767323409,2026-01-02T11:10:09,0.0015
0,<40,1767323709,2026-01-02T11:15:09,0.0015
0,<40,1767324009,2026-01-02T11:20:09,0.0015
0,<40,1767324308,2026-01-02T11:25:08,0.0015
0,<40,1767324613,2026-01-02T11:30:13,0.0015
0,<40,1767324909,2026-01-02T11:35:09,0.0015
0,<40,1767325209,2026-01-02T11:40:09,0.0015
0,<40,1767325518,2026-01-02T11:45:18,0.0015
0,<40,1767325808,2026-01-02T11:50:08,0.0015
0,<40,1767326108,2026-01-02T11:55:08,0.0015
0,<40,1767326411,2026-01-02T12:00:11,0.0015
0,<40,1767326709,2026-01-02T12:05:09,0.0015
0,<40,1767327009,2026-01-02T12:10:09,0.0015
0,<40,1767327310,2026-01-02T12:15:10,0.0015
0,<40,1767327609,2026-01-02T12:20:09,0.0015
0,<40,1767327909,2026-01-02T12:25:09,0.0015
0,<40,1767328211,2026-01-02T12:30:11,0.0015
0,<40,1767328508,2026-01-02T12:35:08,0.001
0,<40,1767328810,2026-01-02T12:40:10,0.001
0,<40,1767329108,2026-01-02T12:45:08,0.001
0,<40,1767329410,2026-01-02T12:50:10,0.0015
0,<40,1767329709,2026-01-02T12:55:09,0.0015
0,<40,1767330013,2026-01-02T13:00:13,0.0015
0,<40,1767330310,2026-01-02T13:05:10,0.0015
0,<40,1767330610,2026-01-02T13:10:10,0.0015
0,<40,1767330909,2026-01-02T13:15:09,0.001
0,<40,1767331211,2026-01-02T13:20:11,0.001
0,<40,1767331524,2026-01-02T13:25:24,0.0005
0,<40,1767331812,2026-01-02T13:30:12,0.0005
0,<40,1767332109,2026-01-02T13:35:09,0.0005
0,<40,1767332409,2026-01-02T13:40:09,0.0005
0,<40,1767332730,2026-01-02T13:45:30,0.0005
0,<40,1767333018,2026-01-02T13:50:18,0.0005
0,<40,1767333320,2026-01-02T13:55:20,0.0005
0,<40,1767333612,2026-01-02T14:00:12,0.0005
0,<40,1767333909,2026-01-02T14:05:09,0.0005
0,<40,1767334209,2026-01-02T14:10:09,0.0005
0,<40,1767334510,2026-01-02T14:15:10,0.0005
0,<40,1767334821,2026-01-02T14:20:21,0.0005
0,<40,1767335116,2026-01-02T14:25:16,0.0005
0,<40,1767335412,2026-01-02T14:30:12,0.0005
0,<40,1767335709,2026-01-02T14:35:09,0.0005
0,<40,1767336010,2026-01-02T14:40:10,0.0005
0,<40,1767336308,2026-01-02T14:45:08,0.0005
0,<40,1767336609,2026-01-02T14:50:09,0.0005
0,<40,1767336909,2026-01-02T14:55:09,0.0005
0,<40,1767337212,2026-01-02T15:00:12,0.0015
0,<40,1767337511,2026-01-02T15:05:11,0.0015
0,<40,1767337809,2026-01-02T15:10:09,0.0015
0,<40,1767338109,2026-01-02T15:15:09,0.0015
0,<40,1767338409,2026-01-02T15:20:09,0.0015
0,<40,1767338709,2026-01-02T15:25:09,0.0015
0,<40,1767339021,2026-01-02T15:30:21,0.0015
0,<40,1767339309,2026-01-02T15:35:09,0.0015
0,<40,1767339609,2026-01-02T15:40:09,0.0015
0,<40,1767339909,2026-01-02T15:45:09,0.0015
0,<40,1767340209,2026-01-02T15:50:09,0.0015
0,<40,1767340508,2026-01-02T15:55:08,0.0015
0,<40,1767340814,2026-01-02T16:00:14,0.0015
0,<40,1767341109,2026-01-02T16:05:09,0.0015
0,<40,1767341409,2026-01-02T16:10:09,0.0015
0,<40,1767341711,2026-01-02T16:15:11,0.0015
0,<40,1767342009,2026-01-02T16:20:09,0.0015
0,<40,1767342309,2026-01-02T16:25:09,0.0015
0,<40,1767342611,2026-01-02T16:30:11,0.0015
0,<40,1767342909,2026-01-02T16:35:09,0.0015
0,<40,1767343210,2026-01-02T16:40:10,0.0015
0,<40,1767343509,2026-01-02T16:45:09,0.0015
0,<40,1767343825,2026-01-02T16:50:25,0.0015
0,<40,1767344109,2026-01-02T16:55:09,0.0015
0,<40,1767344413,2026-01-02T17:00:13,0.0015
0,<40,1767344711,2026-01-02T17:05:11,0.0015
0,<40,1767345008,2026-01-02T17:10:08,0.0015
0,<40,1767345310,2026-01-02T17:15:10,0.0015
0,<40,1767345609,2026-01-02T17:20:09,0.0015
0,<40,1767345909,2026-01-02T17:25:09,0.0015
0,<40,1767346213,2026-01-02T17:30:13,0.0015
0,<40,1767346509,2026-01-02T17:35:09,0.0015
0,<40,1767346809,2026-01-02T17:40:09,0.0015
0,<40,1767347114,2026-01-02T17:45:14,0.0015
0,<40,1767347408,2026-01-02T17:50:08,0.0005
0,<40,1767347709,2026-01-02T17:55:09,0.0005
0,<40,1767348014,2026-01-02T18:00:14,0.0005
0,<40,1767348320,2026-01-02T18:05:20,0.0005
0,<40,1767348616,2026-01-02T18:10:16,0.0005
0,<40,1767348909,2026-01-02T18:15:09,0.0005
0,<40,1767349210,2026-01-02T18:20:10,0.0005
0,<40,1767349510,2026-01-02T18:25:10,0.0005
0,<40,1767349811,2026-01-02T18:30:11,0.0005
0,<40,1767350122,2026-01-02T18:35:22,0.0005
0,<40,1767350409,2026-01-02T18:40:09,0.0005
0,<40,1767350709,2026-01-02T18:45:09,0.0005
0,<40,1767351011,2026-01-02T18:50:11,0.0005
0,<40,1767351308,2026-01-02T18:55:08,0.0005
0,<40,1767351613,2026-01-02T19:00:13,0.0005
0,<40,1767351909,2026-01-02T19:05:09,0.0005
0,<40,1767352209,2026-01-02T19:10:09,0.0005
0,<40,1767352510,2026-01-02T19:15:10,0.0005
0,<40,1767352809,2026-01-02T19:20:09,0.0005
0,<40,1767353122,2026-01-02T19:25:22,0.0005
0,<40,1767353413,2026-01-02T19:30:13,0.0005
0,<40,1767353709,2026-01-02T19:35:09,0.0005
0,<40,1767354009,2026-01-02T19:40:09,0.0005
0,<40,1767354309,2026-01-02T19:45:09,0.0005
0,<40,1767354622,2026-01-02T19:50:22,0.0005
0,<40,1767354909,2026-01-02T19:55:09,0.0005
0,<40,1767355215,2026-01-02T20:00:15,0.0005
0,<40,1767355509,2026-01-02T20:05:09,0.0005
0,<40,1767355809,2026-01-02T20:10:09,0.0005
0,<40,1767356111,2026-01-02T20:15:11,0.0005
0,<40,1767356410,2026-01-02T20:20:10,0.0005
0,<40,1767356709,2026-01-02T20:25:09,0.0005
0,<40,1767357011,2026-01-02T20:30:11,0.0005
0,<40,1767357309,2026-01-02T20:35:09,0.0005
0,<40,1767357610,2026-01-02T20:40:10,0.0005
0,<40,1767357922,2026-01-02T20:45:22,0.0005
0,<40,1767358209,2026-01-02T20:50:09,0.0005
0,<40,1767358509,2026-01-02T20:55:09,0.0005
0,<40,1767358811,2026-01-02T21:00:11,0.0005
0,<40,1767359110,2026-01-02T21:05:10,0.0005
0,<40,1767359423,2026-01-02T21:10:23,0.0005
0,<40,1767359710,2026-01-02T21:15:10,0.0005
0,<40,1767360023,2026-01-02T21:20:23,0.0005
0,<40,1767360320,2026-01-02T21:25:20,0.0005
0,<40,1767360613,2026-01-02T21:30:13,0.0005
0,<40,1767360920,2026-01-02T21:35:20,0.0005
0,<40,1767361209,2026-01-02T21:40:09,0.0005
0,<40,1767361510,2026-01-02T21:45:10,0.0005
0,<40,1767361809,2026-01-02T21:50:09,0.0005
0,<40,1767362125,2026-01-02T21:55:25,0.0005
0,<40,1767362412,2026-01-02T22:00:12,0.0005
0,<40,1767362709,2026-01-02T22:05:09,0.0005
0,<40,1767363009,2026-01-02T22:10:09,0.0005
0,<40,1767363321,2026-01-02T22:15:21,0.0005
0,<40,1767363620,2026-01-02T22:20:20,0.0005
0,<40,1767363910,2026-01-02T22:25:10,0.0005
0,<40,1767364211,2026-01-02T22:30:11,0.0005
0,<40,1767364509,2026-01-02T22:35:09,0.0005
0,<40,1767364810,2026-01-02T22:40:10,0.0005
0,<40,1767365124,2026-01-02T22:45:24,0.0005
0,<40,1767365409,2026-01-02T22:50:09,0.0005
0,<40,1767365708,2026-01-02T22:55:08,0.0005
0,<40,1767366015,2026-01-02T23:00:15,0.0005
0,<40,1767366309,2026-01-02T23:05:09,0.0005
0,<40,1767366611,2026-01-02T23:10:11,0.0005
0,<40,1767366909,2026-01-02T23:15:09,0.0005
0,<40,1767367209,2026-01-02T23:20:09,0.0005
0,<40,1767367510,2026-01-02T23:25:10,0.0005
0,<40,1767367811,2026-01-02T23:30:11,0.0005
0,<40,1767368129,2026-01-02T23:35:29,0.0005
0,<40,1767368409,2026-01-02T23:40:09,0.0005
0,<40,1767368709,2026-01-02T23:45:09,0.0005
0,<40,1767369009,2026-01-02T23:50:09,0.0005
0,<40,1767369309,2026-01-02T23:55:09,0.0005
0,<40,1767369613,2026-01-03T00:00:13,0.0005
0,<40,1767369911,2026-01-03T00:05:11,0.0005
0,<40,1767370210,2026-01-03T00:10:10,0.0005
0,<40,1767370510,2026-01-03T00:15:10,0.0005
0,<40,1767370811,2026-01-03T00:20:11,0.0005
0,<40,1767371109,2026-01-03T00:25:09,0.0005
0,<40,1767371412,2026-01-03T00:30:12,0.0005
0,<40,1767371709,2026-01-03T00:35:09,0.0005
0,<40,1767372009,2026-01-03T00:40:09,0.0005
0,<40,1767372311,2026-01-03T00:45:11,0.0005
0,<40,1767372621,2026-01-03T00:50:21,0.0005
0,<40,1767372909,2026-01-03T00:55:09,0.0005
0,<40,1767373215,2026-01-03T01:00:15,0.0005
0,<40,1767373510,2026-01-03T01:05:10,0.0005
0,<40,1767373811,2026-01-03T01:10:11,0.0005
0,<40,1767374110,2026-01-03T01:15:10,0.0005
0,<40,1767374410,2026-01-03T01:20:10,0.0005
0,<40,1767374710,2026-01-03T01:25:10,0.0005
0,<40,1767375012,2026-01-03T01:30:12,0.0005
0,<40,1767375318,2026-01-03T01:35:18,0.0005
0,<40,1767375611,2026-01-03T01:40:11,0.0005
0,<40,1767375910,2026-01-03T01:45:10,0.0005
0,<40,1767376224,2026-01-03T01:50:24,0.0005
0,<40,1767376509,2026-01-03T01:55:09,0.0005
0,<40,1767376828,2026-01-03T02:00:28,0.0005
0,<40,1767377111,2026-01-03T02:05:11,0.0005
0,<40,1767377409,2026-01-03T02:10:09,0.0005
0,<40,1767377724,2026-01-03T02:15:24,0.0005
0,<40,1767378009,2026-01-03T02:20:09,0.0005
0,<40,1767378310,2026-01-03T02:25:10,0.0005
0,<40,1767378613,2026-01-03T02:30:13,0.0005
0,<40,1767378925,2026-01-03T02:35:25,0.0005
0,<40,1767379225,2026-01-03T02:40:25,0.0005
0,<40,1767379509,2026-01-03T02:45:09,0.0005
0,<40,1767379810,2026-01-03T02:50:10,0.0005
0,<40,1767380111,2026-01-03T02:55:11,0.0005
0,<40,1767380413,2026-01-03T03:00:13,0.0005
0,<40,1767380710,2026-01-03T03:05:10,0.0005
0,<40,1767381010,2026-01-03T03:10:10,0.0005
0,<40,1767381309,2026-01-03T03:15:09,0.0005
0,<40,1767381610,2026-01-03T03:20:10,0.0005
0,<40,1767381911,2026-01-03T03:25:11,0.0005
0,<40,1767382212,2026-01-03T03:30:12,0.0005
0,<40,1767382509,2026-01-03T03:35:09,0.0005
0,<40,1767382809,2026-01-03T03:40:09,0.0005
0,<40,1767383109,2026-01-03T03:45:09,0.0005
0,<40,1767383423,2026-01-03T03:50:23,0.0005
0,<40,1767383709,2026-01-03T03:55:09,0.0005
0,<40,1767384014,2026-01-03T04:00:14,0.0005
0,<40,1767384309,2026-01-03T04:05:09,0.0005
0,<40,1767384610,2026-01-03T04:10:10,0.0005
0,<40,1767384912,2026-01-03T04:15:12,0.0005
0,<40,1767385209,2026-01-03T04:20:09,0.0005
0,<40,1767385509,2026-01-03T04:25:09,0.0005
0,<40,1767385814,2026-01-03T04:30:14,0.0005
1,40-49,1767044108,2025-12-30T05:35:08,0.5
1,40-49,1767044407,2025-12-30T05:40:07,0.06
1,40-49,1767044707,2025-12-30T05:45:07,0.06
1,40-49,1767045007,2025-12-30T05:50:07,0.06
1,40-49,1767045308,2025-12-30T05:55:08,0.06
1,40-49,1767045608,2025-12-30T06:00:08,0.06
1,40-49,1767045907,2025-12-30T06:05:07,0.06
1,40-49,1767046209,2025-12-30T06:10:09,0.06
1,40-49,1767046507,2025-12-30T06:15:07,0.06
1,40-49,1767046820,2025-12-30T06:20:20,0.06
1,40-49,1767047107,2025-12-30T06:25:07,0.065
1,40-49,1767047408,2025-12-30T06:30:08,0.065
1,40-49,1767047707,2025-12-30T06:35:07,0.065
1,40-49,1767048007,2025-12-30T06:40:07,0.065
1,40-49,1767048308,2025-12-30T06:45:08,0.065
1,40-49,1767048607,2025-12-30T06:50:07,0.065
1,40-49,1767048908,2025-12-30T06:55:08,0.065
1,40-49,1767049211,2025-12-30T07:00:11,0.065
1,40-49,1767049522,2025-12-30T07:05:22,0.065
1,40-49,1767049808,2025-12-30T07:10:08,0.065
1,40-49,1767050108,2025-12-30T07:15:08,0.065
1,40-49,1767050408,2025-12-30T07:20:08,0.065
1,40-49,1767050707,2025-12-30T07:25:07,0.065
1,40-49,1767051011,2025-12-30T07:30:11,0.375
1,40-49,1767051308,2025-12-30T07:35:08,0.375
1,40-49,1767051607,2025-12-30T07:40:07,0.36
1,40-49,1767051907,2025-12-30T07:45:07,0.3
1,40-49,1767052209,2025-12-30T07:50:09,0.3
1,40-49,1767052507,2025-12-30T07:55:07,0.255
1,40-49,1767052813,2025-12-30T08:00:13,0.255
1,40-49,1767053108,2025-12-30T08:05:08,0.25
1,40-49,1767053408,2025-12-30T08:10:08,0.24
1,40-49,1767053708,2025-12-30T08:15:08,0.235
1,40-49,1767054008,2025-12-30T08:20:08,0.245
1,40-49,1767054308,2025-12-30T08:25:08,0.245
1,40-49,1767054609,2025-12-30T08:30:09,0.24
1,40-49,1767054908,2025-12-30T08:35:08,0.23
1,40-49,1767055208,2025-12-30T08:40:08,0.215
1,40-49,1767055508,2025-12-30T08:45:08,0.195
1,40-49,1767055808,2025-12-30T08:50:08,0.19
1,40-49,1767056107,2025-12-30T08:55:07,0.18
1,40-49,1767056408,2025-12-30T09:00:08,0.19
1,40-49,1767056707,2025-12-30T09:05:07,0.245
1,40-49,1767057008,2025-12-30T09:10:08,0.25
1,40-49,1767057307,2025-12-30T09:15:07,0.175
1,40-49,1767057608,2025-12-30T09:20:08,0.17
1,40-49,1767057908,2025-12-30T09:25:08,0.165
1,40-49,1767058208,2025-12-30T09:30:08,0.165
1,40-49,1767058508,2025-12-30T09:35:08,0.17
1,40-49,1767058808,2025-12-30T09:40:08,0.17
1,40-49,1767059107,2025-12-30T09:45:07,0.17
1,40-49,1767059422,2025-12-30T09:50:22,0.17
1,40-49,1767059708,2025-12-30T09:55:08,0.165
1,40-49,1767060009,2025-12-30T10:00:09,0.165
1,40-49,1767060307,2025-12-30T10:05:07,0.16
1,40-49,1767060607,2025-12-30T10:10:07,0.14
1,40-49,1767060908,2025-12-30T10:15:08,0.135
1,40-49,1767061208,2025-12-30T10:20:08,0.115
1,40-49,1767061507,2025-12-30T10:25:07,0.105
1,40-49,1767061808,2025-12-30T10:30:08,0.105
1,40-49,1767062108,2025-12-30T10:35:08,0.105
1,40-49,1767062407,2025-12-30T10:40:07,0.105
1,40-49,1767062708,2025-12-30T10:45:08,0.105
1,40-49,1767063010,2025-12-30T10:50:10,0.105
1,40-49,1767063307,2025-12-30T10:55:07,0.105
1,40-49,1767063610,2025-12-30T11:00:10,0.105
1,40-49,1767063908,2025-12-30T11:05:08,0.105
1,40-49,1767064208,2025-12-30T11:10:08,0.105
1,40-49,1767064507,2025-12-30T11:15:07,0.105
1,40-49,1767064808,2025-12-30T11:20:08,0.105
1,40-49,1767065122,2025-12-30T11:25:22,0.105
1,40-49,1767065408,2025-12-30T11:30:08,0.105
1,40-49,1767065707,2025-12-30T11:35:07,0.105
1,40-49,1767066008,2025-12-30T11:40:08,0.105
1,40-49,1767066308,2025-12-30T11:45:08,0.105
1,40-49,1767066608,2025-12-30T11:50:08,0.105
1,40-49,1767066907,2025-12-30T11:55:07,0.105
1,40-49,1767067208,2025-12-30T12:00:08,0.105
1,40-49,1767067507,2025-12-30T12:05:07,0.105
1,40-49,1767067808,2025-12-30T12:10:08,0.1
1,40-49,1767068108,2025-12-30T12:15:08,0.105
1,40-49,1767068407,2025-12-30T12:20:07,0.105
1,40-49,1767068707,2025-12-30T12:25:07,0.105
1,40-49,1767069008,2025-12-30T12:30:08,0.105
1,40-49,1767069307,2025-12-30T12:35:07,0.105
1,40-49,1767069607,2025-12-30T12:40:07,0.105
1,40-49,1767069907,2025-12-30T12:45:07,0.105
1,40-49,1767070208,2025-12-30T12:50:08,0.105
1,40-49,1767070507,2025-12-30T12:55:07,0.105
1,40-49,1767070811,2025-12-30T13:00:11,0.105
1,40-49,1767071108,2025-12-30T13:05:08,0.105
1,40-49,1767071408,2025-12-30T13:10:08,0.105
1,40-49,1767071708,2025-12-30T13:15:08,0.105
1,40-49,1767072018,2025-12-30T13:20:18,0.105
1,40-49,1767072307,2025-12-30T13:25:07,0.105
1,40-49,1767072609,2025-12-30T13:30:09,0.105
1,40-49,1767072908,2025-12-30T13:35:08,0.105
1,40-49,1767073207,2025-12-30T13:40:07,0.105
1,40-49,1767073507,2025-12-30T13:45:07,0.105
1,40-49,1767073807,2025-12-30T13:50:07,0.105
1,40-49,1767074107,2025-12-30T13:55:07,0.105
1,40-49,1767074408,2025-12-30T14:00:08,0.105
1,40-49,1767074707,2025-12-30T14:05:07,0.105
1,40-49,1767075007,2025-12-30T14:10:07,0.105
1,40-49,1767075307,2025-12-30T14:15:07,0.105
1,40-49,1767075608,2025-12-30T14:20:08,0.105
1,40-49,1767075907,2025-12-30T14:25:07,0.105
1,40-49,1767076208,2025-12-30T14:30:08,0.105
1,40-49,1767076510,2025-12-30T14:35:10,0.105
1,40-49,1767076807,2025-12-30T14:40:07,0.105
1,40-49,1767077107,2025-12-30T14:45:07,0.105
1,40-49,1767077419,2025-12-30T14:50:19,0.105
1,40-49,1767077708,2025-12-30T14:55:08,0.105
1,40-49,1767078013,2025-12-30T15:00:13,0.105
1,40-49,1767078307,2025-12-30T15:05:07,0.105
1,40-49,1767078607,2025-12-30T15:10:07,0.105
1,40-49,1767078907,2025-12-30T15:15:07,0.105
1,40-49,1767079207,2025-12-30T15:20:07,0.105
1,40-49,1767079507,2025-12-30T15:25:07,0.105
1,40-49,1767079819,2025-12-30T15:30:19,0.105
1,40-49,1767080108,2025-12-30T15:35:08,0.105
1,40-49,1767080407,2025-12-30T15:40:07,0.105
1,40-49,1767080708,2025-12-30T15:45:08,0.105
1,40-49,1767081007,2025-12-30T15:50:07,0.105
1,40-49,1767081307,2025-12-30T15:55:07,0.105
1,40-49,1767081608,2025-12-30T16:00:08,0.105
1,40-49,1767081908,2025-12-30T16:05:08,0.075
1,40-49,1767082207,2025-12-30T16:10:07,0.07
1,40-49,1767082508,2025-12-30T16:15:08,0.075
1,40-49,1767082808,2025-12-30T16:20:08,0.055
1,40-49,1767083108,2025-12-30T16:25:08,0.055
1,40-49,1767083408,2025-12-30T16:30:08,0.055
1,40-49,1767083707,2025-12-30T16:35:07,0.06
1,40-49,1767084021,2025-12-30T16:40:21,0.06
1,40-49,1767084307,2025-12-30T16:45:07,0.06
1,40-49,1767084608,2025-12-30T16:50:08,0.06
1,40-49,1767084907,2025-12-30T16:55:07,0.06
1,40-49,1767085210,2025-12-30T17:00:10,0.06
1,40-49,1767085508,2025-12-30T17:05:08,0.06
1,40-49,1767085808,2025-12-30T17:10:08,0.06
1,40-49,1767086108,2025-12-30T17:15:08,0.06
1,40-49,1767086407,2025-12-30T17:20:07,0.06
1,40-49,1767086707,2025-12-30T17:25:07,0.06
1,40-49,1767087008,2025-12-30T17:30:08,0.06
1,40-49,1767087307,2025-12-30T17:35:07,0.06
1,40-49,1767087608,2025-12-30T17:40:08,0.06
1,40-49,1767087907,2025-12-30T17:45:07,0.06
1,40-49,1767088207,2025-12-30T17:50:07,0.06
1,40-49,1767088507,2025-12-30T17:55:07,0.06
1,40-49,1767088808,2025-12-30T18:00:08,0.06
1,40-49,1767089110,2025-12-30T18:05:10,0.06
1,40-49,1767089407,2025-12-30T18:10:07,0.06
1,40-49,1767089707,2025-12-30T18:15:07,0.06
1,40-49,1767090008,2025-12-30T18:20:08,0.06
1,40-49,1767090318,2025-12-30T18:25:18,0.06
1,40-49,1767090608,2025-12-30T18:30:08,0.06
1,40-49,1767090907,2025-12-30T18:35:07,0.06
1,40-49,1767091207,2025-12-30T18:40:07,0.06
1,40-49,1767091507,2025-12-30T18:45:07,0.06
1,40-49,1767091807,2025-12-30T18:50:07,0.06
1,40-49,1767092107,2025-12-30T18:55:07,0.06
1,40-49,1767092409,2025-12-30T19:00:09,0.06
1,40-49,1767092721,2025-12-30T19:05:21,0.06
1,40-49,1767093007,2025-12-30T19:10:07,0.06
1,40-49,1767093307,2025-12-30T19:15:07,0.06
1,40-49,1767093608,2025-12-30T19:20:08,0.06
1,40-49,1767093907,2025-12-30T19:25:07,0.06
1,40-49,1767094220,2025-12-30T19:30:20,0.06
1,40-49,1767094508,2025-12-30T19:35:08,0.06
1,40-49,1767094808,2025-12-30T19:40:08,0.06
1,40-49,1767095108,2025-12-30T19:45:08,0.06
1,40-49,1767095407,2025-12-30T19:50:07,0.06
1,40-49,1767095707,2025-12-30T19:55:07,0.06
1,40-49,1767096010,2025-12-30T20:00:10,0.06
1,40-49,1767096307,2025-12-30T20:05:07,0.06
1,40-49,1767096607,2025-12-30T20:10:07,0.06
1,40-49,1767096908,2025-12-30T20:15:08,0.06
1,40-49,1767097208,2025-12-30T20:20:08,0.06
1,40-49,1767097508,2025-12-30T20:25:08,0.06
1,40-49,1767097808,2025-12-30T20:30:08,0.06
1,40-49,1767098108,2025-12-30T20:35:08,0.06
1,40-49,1767098407,2025-12-30T20:40:07,0.06
1,40-49,1767098708,2025-12-30T20:45:08,0.06
1,40-49,1767099008,2025-12-30T20:50:08,0.06
1,40-49,1767099308,2025-12-30T20:55:08,0.06
1,40-49,1767099608,2025-12-30T21:00:08,0.06
1,40-49,1767099908,2025-12-30T21:05:08,0.06
1,40-49,1767100208,2025-12-30T21:10:08,0.06
1,40-49,1767100508,2025-12-30T21:15:08,0.06
1,40-49,1767100808,2025-12-30T21:20:08,0.06
1,40-49,1767101119,2025-12-30T21:25:19,0.06
1,40-49,1767101408,2025-12-30T21:30:08,0.06
1,40-49,1767101707,2025-12-30T21:35:07,0.06
1,40-49,1767102008,2025-12-30T21:40:08,0.06
1,40-49,1767102307,2025-12-30T21:45:07,0.06
1,40-49,1767102608,2025-12-30T21:50:08,0.06
1,40-49,1767102908,2025-12-30T21:55:08,0.06
1,40-49,1767103208,2025-12-30T22:00:08,0.06
1,40-49,1767103510,2025-12-30T22:05:10,0.06
1,40-49,1767103808,2025-12-30T22:10:08,0.06
1,40-49,1767104108,2025-12-30T22:15:08,0.06
1,40-49,1767104407,2025-12-30T22:20:07,0.06
1,40-49,1767104708,2025-12-30T22:25:08,0.06
1,40-49,1767105009,2025-12-30T22:30:09,0.06
1,40-49,1767105308,2025-12-30T22:35:08,0.06
1,40-49,1767105607,2025-12-30T22:40:07,0.06
1,40-49,1767105907,2025-12-30T22:45:07,0.06
1,40-49,1767106208,2025-12-30T22:50:08,0.06
1,40-49,1767106508,2025-12-30T22:55:08,0.06
1,40-49,1767106809,2025-12-30T23:00:09,0.06
1,40-49,1767107108,2025-12-30T23:05:08,0.06
1,40-49,1767107408,2025-12-30T23:10:08,0.06
1,40-49,1767107708,2025-12-30T23:15:08,0.06
1,40-49,1767108022,2025-12-30T23:20:22,0.06
1,40-49,1767108308,2025-12-30T23:25:08,0.06
1,40-49,1767108609,2025-12-30T23:30:09,0.06
1,40-49,1767108920,2025-12-30T23:35:20,0.06
1,40-49,1767109208,2025-12-30T23:40:08,0.06
1,40-49,1767109507,2025-12-30T23:45:07,0.06
1,40-49,1767109808,2025-12-30T23:50:08,0.06
1,40-49,1767110108,2025-12-30T23:55:08,0.06
1,40-49,1767110409,2025-12-31T00:00:09,0.06
1,40-49,1767110708,2025-12-31T00:05:08,0.06
1,40-49,1767111007,2025-12-31T00:10:07,0.055
1,40-49,1767111308,2025-12-31T00:15:08,0.06
1,40-49,1767111610,2025-12-31T00:20:10,0.06
1,40-49,1767111908,2025-12-31T00:25:08,0.06
1,40-49,1767112209,2025-12-31T00:30:09,0.06
1,40-49,1767112508,2025-12-31T00:35:08,0.06
1,40-49,1767112808,2025-12-31T00:40:08,0.06
1,40-49,1767113108,2025-12-31T00:45:08,0.055
1,40-49,1767113408,2025-12-31T00:50:08,0.055
1,40-49,1767113707,2025-12-31T00:55:07,0.055
1,40-49,1767114009,2025-12-31T01:00:09,0.055
1,40-49,1767114307,2025-12-31T01:05:07,0.055
1,40-49,1767114608,2025-12-31T01:10:08,0.05
1,40-49,1767114908,2025-12-31T01:15:08,0.05
1,40-49,1767115208,2025-12-31T01:20:08,0.05
1,40-49,1767115508,2025-12-31T01:25:08,0.05
1,40-49,1767115808,2025-12-31T01:30:08,0.05
1,40-49,1767116108,2025-12-31T01:35:08,0.055
1,40-49,1767116408,2025-12-31T01:40:08,0.05
1,40-49,1767116708,2025-12-31T01:45:08,0.05
1,40-49,1767117008,2025-12-31T01:50:08,0.05
1,40-49,1767117308,2025-12-31T01:55:08,0.05
1,40-49,1767117613,2025-12-31T02:00:13,0.05
1,40-49,1767117908,2025-12-31T02:05:08,0.05
1,40-49,1767118208,2025-12-31T02:10:08,0.05
1,40-49,1767118507,2025-12-31T02:15:07,0.05
1,40-49,1767118807,2025-12-31T02:20:07,0.05
1,40-49,1767119108,2025-12-31T02:25:08,0.05
1,40-49,1767119408,2025-12-31T02:30:08,0.05
1,40-49,1767119708,2025-12-31T02:35:08,0.05
1,40-49,1767120009,2025-12-31T02:40:09,0.05
1,40-49,1767120308,2025-12-31T02:45:08,0.055
1,40-49,1767120608,2025-12-31T02:50:08,0.055
1,40-49,1767120908,2025-12-31T02:55:08,0.055
1,40-49,1767121208,2025-12-31T03:00:08,0.055
1,40-49,1767121508,2025-12-31T03:05:08,0.055
1,40-49,1767121808,2025-12-31T03:10:08,0.055
1,40-49,1767122109,2025-12-31T03:15:09,0.055
1,40-49,1767122423,2025-12-31T03:20:23,0.055
1,40-49,1767122708,2025-12-31T03:25:08,0.055
1,40-49,1767123009,2025-12-31T03:30:09,0.055
1,40-49,1767123310,2025-12-31T03:35:10,0.055
1,40-49,1767123609,2025-12-31T03:40:09,0.055
1,40-49,1767123908,2025-12-31T03:45:08,0.055
1,40-49,1767124209,2025-12-31T03:50:09,0.055
1,40-49,1767124509,2025-12-31T03:55:09,0.05
1,40-49,1767124812,2025-12-31T04:00:12,0.055
1,40-49,1767125108,2025-12-31T04:05:08,0.06
1,40-49,1767125408,2025-12-31T04:10:08,0.06
1,40-49,1767125708,2025-12-31T04:15:08,0.065
1,40-49,1767126008,2025-12-31T04:20:08,0.07
1,40-49,1767126308,2025-12-31T04:25:08,0.06
1,40-49,1767126610,2025-12-31T04:30:10,0.06
1,40-49,1767126908,2025-12-31T04:35:08,0.06
1,40-49,1767127208,2025-12-31T04:40:08,0.055
1,40-49,1767127508,2025-12-31T04:45:08,0.06
1,40-49,1767127808,2025-12-31T04:50:08,0.055
1,40-49,1767128108,2025-12-31T04:55:08,0.06
1,40-49,1767128409,2025-12-31T05:00:09,0.06
1,40-49,1767128708,2025-12-31T05:05:08,0.06
1,40-49,1767129008,2025-12-31T05:10:08,0.06
1,40-49,1767129308,2025-12-31T05:15:08,0.06
1,40-49,1767129608,2025-12-31T05:20:08,0.06
1,40-49,1767129908,2025-12-31T05:25:08,0.055
1,40-49,1767130209,2025-12-31T05:30:09,0.055
1,40-49,1767130508,2025-12-31T05:35:08,0.055
1,40-49,1767130822,2025-12-31T05:40:22,0.055
1,40-49,1767131109,2025-12-31T05:45:09,0.055
1,40-49,1767131409,2025-12-31T05:50:09,0.055
1,40-49,1767131708,2025-12-31T05:55:08,0.055
1,40-49,1767132009,2025-12-31T06:00:09,0.055
1,40-49,1767132308,2025-12-31T06:05:08,0.055
1,40-49,1767132609,2025-12-31T06:10:09,0.055
1,40-49,1767132908,2025-12-31T06:15:08,0.055
1,40-49,1767133208,2025-12-31T06:20:08,0.055
1,40-49,1767133521,2025-12-31T06:25:21,0.055
1,40-49,1767133810,2025-12-31T06:30:10,0.055
1,40-49,1767134122,2025-12-31T06:35:22,0.055
1,40-49,1767134408,2025-12-31T06:40:08,0.055
1,40-49,1767134708,2025-12-31T06:45:08,0.055
1,40-49,1767135008,2025-12-31T06:50:08,0.055
1,40-49,1767135308,2025-12-31T06:55:08,0.06
1,40-49,1767135609,2025-12-31T07:00:09,0.06
1,40-49,1767135908,2025-12-31T07:05:08,0.055
1,40-49,1767136209,2025-12-31T07:10:09,0.055
1,40-49,1767136509,2025-12-31T07:15:09,0.055
1,40-49,1767136808,2025-12-31T07:20:08,0.055
1,40-49,1767137109,2025-12-31T07:25:09,0.055
1,40-49,1767137419,2025-12-31T07:30:19,0.055
1,40-49,1767137708,2025-12-31T07:35:08,0.06
1,40-49,1767138008,2025-12-31T07:40:08,0.06
1,40-49,1767138308,2025-12-31T07:45:08,0.06
1,40-49,1767138608,2025-12-31T07:50:08,0.06
1,40-49,1767138908,2025-12-31T07:55:08,0.055
1,40-49,1767139209,2025-12-31T08:00:09,0.055
1,40-49,1767139508,2025-12-31T08:05:08,0.055
1,40-49,1767139809,2025-12-31T08:10:09,0.055
1,40-49,1767140109,2025-12-31T08:15:09,0.055
1,40-49,1767140421,2025-12-31T08:20:21,0.05
1,40-49,1767140708,2025-12-31T08:25:08,0.05
1,40-49,1767141010,2025-12-31T08:30:10,0.05
1,40-49,1767141308,2025-12-31T08:35:08,0.05
1,40-49,1767141608,2025-12-31T08:40:08,0.05
1,40-49,1767141908,2025-12-31T08:45:08,0.05
1,40-49,1767142209,2025-12-31T08:50:09,0.05
1,40-49,1767142508,2025-12-31T08:55:08,0.05
1,40-49,1767142809,2025-12-31T09:00:09,0.05
1,40-49,1767143108,2025-12-31T09:05:08,0.05
1,40-49,1767143408,2025-12-31T09:10:08,0.05
1,40-49,1767143709,2025-12-31T09:15:09,0.05
1,40-49,1767144008,2025-12-31T09:20:08,0.05
1,40-49,1767144308,2025-12-31T09:25:08,0.05
1,40-49,1767144623,2025-12-31T09:30:23,0.05
1,40-49,1767144908,2025-12-31T09:35:08,0.05
1,40-49,1767145209,2025-12-31T09:40:09,0.05
1,40-49,1767145508,2025-12-31T09:45:08,0.05
1,40-49,1767145808,2025-12-31T09:50:08,0.05
1,40-49,1767146108,2025-12-31T09:55:08,0.05
1,40-49,1767146409,2025-12-31T10:00:09,0.05
1,40-49,1767146708,2025-12-31T10:05:08,0.05
1,40-49,1767147009,2025-12-31T10:10:09,0.05
1,40-49,1767147308,2025-12-31T10:15:08,0.05
1,40-49,1767147608,2025-12-31T10:20:08,0.05
1,40-49,1767147909,2025-12-31T10:25:09,0.055
1,40-49,1767148210,2025-12-31T10:30:10,0.055
1,40-49,1767148508,2025-12-31T10:35:08,0.055
1,40-49,1767148821,2025-12-31T10:40:21,0.055
1,40-49,1767149109,2025-12-31T10:45:09,0.055
1,40-49,1767149409,2025-12-31T10:50:09,0.055
1,40-49,1767149709,2025-12-31T10:55:09,0.05
1,40-49,1767150010,2025-12-31T11:00:10,0.05
1,40-49,1767150320,2025-12-31T11:05:20,0.05
1,40-49,1767150611,2025-12-31T11:10:11,0.05
1,40-49,1767150908,2025-12-31T11:15:08,0.05
1,40-49,1767151208,2025-12-31T11:20:08,0.05
1,40-49,1767151523,2025-12-31T11:25:23,0.05
1,40-49,1767151823,2025-12-31T11:30:23,0.05
1,40-49,1767152122,2025-12-31T11:35:22,0.05
1,40-49,1767152409,2025-12-31T11:40:09,0.05
1,40-49,1767152708,2025-12-31T11:45:08,0.05
1,40-49,1767153022,2025-12-31T11:50:22,0.05
1,40-49,1767153308,2025-12-31T11:55:08,0.05
1,40-49,1767153612,2025-12-31T12:00:12,0.05
1,40-49,1767153908,2025-12-31T12:05:08,0.05
1,40-49,1767154208,2025-12-31T12:10:08,0.05
1,40-49,1767154508,2025-12-31T12:15:08,0.05
1,40-49,1767154820,2025-12-31T12:20:20,0.05
1,40-49,1767155108,2025-12-31T12:25:08,0.05
1,40-49,1767155423,2025-12-31T12:30:23,0.05
1,40-49,1767155709,2025-12-31T12:35:09,0.05
1,40-49,1767156007,2025-12-31T12:40:07,0.05
1,40-49,1767156308,2025-12-31T12:45:08,0.05
1,40-49,1767156608,2025-12-31T12:50:08,0.05
1,40-49,1767156907,2025-12-31T12:55:07,0.05
1,40-49,1767157208,2025-12-31T13:00:08,0.05
1,40-49,1767157507,2025-12-31T13:05:07,0.055
1,40-49,1767157811,2025-12-31T13:10:11,0.055
1,40-49,1767158108,2025-12-31T13:15:08,0.055
1,40-49,1767158407,2025-12-31T13:20:07,0.055
1,40-49,1767158708,2025-12-31T13:25:08,0.055
1,40-49,1767159009,2025-12-31T13:30:09,0.055
1,40-49,1767159307,2025-12-31T13:35:07,0.055
1,40-49,1767159608,2025-12-31T13:40:08,0.055
1,40-49,1767159908,2025-12-31T13:45:08,0.055
1,40-49,1767160208,2025-12-31T13:50:08,0.055
1,40-49,1767160508,2025-12-31T13:55:08,0.055
1,40-49,1767160809,2025-12-31T14:00:09,0.055
1,40-49,1767161109,2025-12-31T14:05:09,0.055
1,40-49,1767161407,2025-12-31T14:10:07,0.055
1,40-49,1767161707,2025-12-31T14:15:07,0.055
1,40-49,1767162007,2025-12-31T14:20:07,0.055
1,40-49,1767162307,2025-12-31T14:25:07,0.055
1,40-49,1767162608,2025-12-31T14:30:08,0.055
1,40-49,1767162910,2025-12-31T14:35:10,0.055
1,40-49,1767163207,2025-12-31T14:40:07,0.055
1,40-49,1767163507,2025-12-31T14:45:07,0.055
1,40-49,1767163807,2025-12-31T14:50:07,0.055
1,40-49,1767164107,2025-12-31T14:55:07,0.055
1,40-49,1767164408,2025-12-31T15:00:08,0.055
1,40-49,1767164708,2025-12-31T15:05:08,0.055
1,40-49,1767165007,2025-12-31T15:10:07,0.055
1,40-49,1767165307,2025-12-31T15:15:07,0.055
1,40-49,1767165608,2025-12-31T15:20:08,0.055
1,40-49,1767165907,2025-12-31T15:25:07,0.055
1,40-49,1767166209,2025-12-31T15:30:09,0.055
1,40-49,1767166507,2025-12-31T15:35:07,0.055
1,40-49,1767166808,2025-12-31T15:40:08,0.055
1,40-49,1767167107,2025-12-31T15:45:07,0.025
1,40-49,1767167407,2025-12-31T15:50:07,0.055
1,40-49,1767167707,2025-12-31T15:55:07,0.055
1,40-49,1767168009,2025-12-31T16:00:09,0.055
1,40-49,1767168307,2025-12-31T16:05:07,0.055
1,40-49,1767168622,2025-12-31T16:10:22,0.055
1,40-49,1767168908,2025-12-31T16:15:08,0.055
1,40-49,1767169207,2025-12-31T16:20:07,0.055
1,40-49,1767169508,2025-12-31T16:25:08,0.055
1,40-49,1767169808,2025-12-31T16:30:08,0.055
1,40-49,1767170107,2025-12-31T16:35:07,0.055
1,40-49,1767170407,2025-12-31T16:40:07,0.055
1,40-49,1767170708,2025-12-31T16:45:08,0.055
1,40-49,1767171023,2025-12-31T16:50:23,0.055
1,40-49,1767171308,2025-12-31T16:55:08,0.055
1,40-49,1767171609,2025-12-31T17:00:09,0.055
1,40-49,1767171908,2025-12-31T17:05:08,0.055
1,40-49,1767172208,2025-12-31T17:10:08,0.055
1,40-49,1767172508,2025-12-31T17:15:08,0.055
1,40-49,1767172808,2025-12-31T17:20:08,0.055
1,40-49,1767173107,2025-12-31T17:25:07,0.05
1,40-49,1767173408,2025-12-31T17:30:08,0.055
1,40-49,1767173707,2025-12-31T17:35:07,0.055
1,40-49,1767174010,2025-12-31T17:40:10,0.055
1,40-49,1767174307,2025-12-31T17:45:07,0.055
1,40-49,1767174607,2025-12-31T17:50:07,0.05
1,40-49,1767174908,2025-12-31T17:55:08,0.05
1,40-49,1767175209,2025-12-31T18:00:09,0.055
1,40-49,1767175508,2025-12-31T18:05:08,0.055
1,40-49,1767175820,2025-12-31T18:10:20,0.055
1,40-49,1767176107,2025-12-31T18:15:07,0.055
1,40-49,1767176410,2025-12-31T18:20:10,0.055
1,40-49,1767176708,2025-12-31T18:25:08,0.055
1,40-49,1767177008,2025-12-31T18:30:08,0.05
1,40-49,1767177307,2025-12-31T18:35:07,0.055
1,40-49,1767177608,2025-12-31T18:40:08,0.055
1,40-49,1767177907,2025-12-31T18:45:07,0.055
1,40-49,1767178208,2025-12-31T18:50:08,0.055
1,40-49,1767178508,2025-12-31T18:55:08,0.055
1,40-49,1767178819,2025-12-31T19:00:19,0.055
1,40-49,1767179107,2025-12-31T19:05:07,0.055
1,40-49,1767179407,2025-12-31T19:10:07,0.055
1,40-49,1767179708,2025-12-31T19:15:08,0.055
1,40-49,1767180008,2025-12-31T19:20:08,0.055
1,40-49,1767180308,2025-12-31T19:25:08,0.055
1,40-49,1767180608,2025-12-31T19:30:08,0.055
1,40-49,1767180908,2025-12-31T19:35:08,0.055
1,40-49,1767181207,2025-12-31T19:40:07,0.055
1,40-49,1767181508,2025-12-31T19:45:08,0.055
1,40-49,1767181808,2025-12-31T19:50:08,0.055
1,40-49,1767182108,2025-12-31T19:55:08,0.055
1,40-49,1767182409,2025-12-31T20:00:09,0.05
1,40-49,1767182707,2025-12-31T20:05:07,0.055
1,40-49,1767183010,2025-12-31T20:10:10,0.055
1,40-49,1767183307,2025-12-31T20:15:07,0.055
1,40-49,1767183608,2025-12-31T20:20:08,0.055
1,40-49,1767183907,2025-12-31T20:25:07,0.055
1,40-49,1767184221,2025-12-31T20:30:21,0.055
1,40-49,1767184507,2025-12-31T20:35:07,0.055
1,40-49,1767184809,2025-12-31T20:40:09,0.055
1,40-49,1767185107,2025-12-31T20:45:07,0.055
1,40-49,1767185407,2025-12-31T20:50:07,0.055
1,40-49,1767185707,2025-12-31T20:55:07,0.055
1,40-49,1767186008,2025-12-31T21:00:08,0.055
1,40-49,1767186308,2025-12-31T21:05:08,0.055
1,40-49,1767186623,2025-12-31T21:10:23,0.055
1,40-49,1767186908,2025-12-31T21:15:08,0.055
1,40-49,1767187208,2025-12-31T21:20:08,0.055
1,40-49,1767187507,2025-12-31T21:25:07,0.055
1,40-49,1767187808,2025-12-31T21:30:08,0.055
1,40-49,1767188108,2025-12-31T21:35:08,0.055
1,40-49,1767188408,2025-12-31T21:40:08,0.055
1,40-49,1767188720,2025-12-31T21:45:20,0.055
1,40-49,1767189008,2025-12-31T21:50:08,0.055
1,40-49,1767189308,2025-12-31T21:55:08,0.055
1,40-49,1767189608,2025-12-31T22:00:08,0.055
1,40-49,1767189908,2025-12-31T22:05:08,0.055
1,40-49,1767190221,2025-12-31T22:10:21,0.055
1,40-49,1767190507,2025-12-31T22:15:07,0.055
1,40-49,1767190819,2025-12-31T22:20:19,0.055
1,40-49,1767191108,2025-12-31T22:25:08,0.055
1,40-49,1767191408,2025-12-31T22:30:08,0.055
1,40-49,1767191708,2025-12-31T22:35:08,0.055
1,40-49,1767192008,2025-12-31T22:40:08,0.055
1,40-49,1767192308,2025-12-31T22:45:08,0.055
1,40-49,1767192607,2025-12-31T22:50:07,0.055
1,40-49,1767192910,2025-12-31T22:55:10,0.05
1,40-49,1767193209,2025-12-31T23:00:09,0.05
1,40-49,1767193508,2025-12-31T23:05:08,0.05
1,40-49,1767193808,2025-12-31T23:10:08,0.05
1,40-49,1767194108,2025-12-31T23:15:08,0.05
1,40-49,1767194408,2025-12-31T23:20:08,0.05
1,40-49,1767194708,2025-12-31T23:25:08,0.05
1,40-49,1767195009,2025-12-31T23:30:09,0.05
1,40-49,1767195321,2025-12-31T23:35:21,0.05
1,40-49,1767195607,2025-12-31T23:40:07,0.05
1,40-49,1767195922,2025-12-31T23:45:22,0.05
1,40-49,1767196208,2025-12-31T23:50:08,0.05
1,40-49,1767196508,2025-12-31T23:55:08,0.05
1,40-49,1767196810,2026-01-01T00:00:10,0.05
1,40-49,1767197108,2026-01-01T00:05:08,0.05
1,40-49,1767197408,2026-01-01T00:10:08,0.05
1,40-49,1767197721,2026-01-01T00:15:21,0.05
1,40-49,1767198008,2026-01-01T00:20:08,0.05
1,40-49,1767198308,2026-01-01T00:25:08,0.05
1,40-49,1767198609,2026-01-01T00:30:09,0.05
1,40-49,1767198908,2026-01-01T00:35:08,0.05
1,40-49,1767199208,2026-01-01T00:40:08,0.05
1,40-49,1767199508,2026-01-01T00:45:08,0.05
1,40-49,1767199809,2026-01-01T00:50:09,0.05
1,40-49,1767200108,2026-01-01T00:55:08,0.05
1,40-49,1767200411,2026-01-01T01:00:11,0.05
1,40-49,1767200708,2026-01-01T01:05:08,0.05
1,40-49,1767201009,2026-01-01T01:10:09,0.05
1,40-49,1767201308,2026-01-01T01:15:08,0.05
1,40-49,1767201608,2026-01-01T01:20:08,0.05
1,40-49,1767201908,2026-01-01T01:25:08,0.05
1,40-49,1767202209,2026-01-01T01:30:09,0.05
1,40-49,1767202522,2026-01-01T01:35:22,0.05
1,40-49,1767202808,2026-01-01T01:40:08,0.05
1,40-49,1767203109,2026-01-01T01:45:09,0.05
1,40-49,1767203411,2026-01-01T01:50:11,0.05
1,40-49,1767203708,2026-01-01T01:55:08,0.05
1,40-49,1767204010,2026-01-01T02:00:10,0.05
1,40-49,1767204308,2026-01-01T02:05:08,0.05
1,40-49,1767204608,2026-01-01T02:10:08,0.05
1,40-49,1767204908,2026-01-01T02:15:08,0.05
1,40-49,1767205209,2026-01-01T02:20:09,0.05
1,40-49,1767205508,2026-01-01T02:25:08,0.05
1,40-49,1767205809,2026-01-01T02:30:09,0.05
1,40-49,1767206109,2026-01-01T02:35:09,0.055
1,40-49,1767206408,2026-01-01T02:40:08,0.055
1,40-49,1767206708,2026-01-01T02:45:08,0.05
1,40-49,1767207008,2026-01-01T02:50:08,0.05
1,40-49,1767207308,2026-01-01T02:55:08,0.05
1,40-49,1767207629,2026-01-01T03:00:29,0.055
1,40-49,1767207909,2026-01-01T03:05:09,0.055
1,40-49,1767208209,2026-01-01T03:10:09,0.055
1,40-49,1767208508,2026-01-01T03:15:08,0.055
1,40-49,1767208808,2026-01-01T03:20:08,0.055
1,40-49,1767209108,2026-01-01T03:25:08,0.055
1,40-49,1767209409,2026-01-01T03:30:09,0.055
1,40-49,1767209708,2026-01-01T03:35:08,0.055
1,40-49,1767210008,2026-01-01T03:40:08,0.055
1,40-49,1767210308,2026-01-01T03:45:08,0.055
1,40-49,1767210609,2026-01-01T03:50:09,0.055
1,40-49,1767210908,2026-01-01T03:55:08,0.055
1,40-49,1767211209,2026-01-01T04:00:09,0.055
1,40-49,1767211508,2026-01-01T04:05:08,0.055
1,40-49,1767211809,2026-01-01T04:10:09,0.055
1,40-49,1767212108,2026-01-01T04:15:08,0.055
1,40-49,1767212409,2026-01-01T04:20:09,0.055
1,40-49,1767212721,2026-01-01T04:25:21,0.05
1,40-49,1767213009,2026-01-01T04:30:09,0.045
1,40-49,1767213308,2026-01-01T04:35:08,0.045
1,40-49,1767213608,2026-01-01T04:40:08,0.045
1,40-49,1767213911,2026-01-01T04:45:11,0.055
1,40-49,1767214209,2026-01-01T04:50:09,0.055
1,40-49,1767214508,2026-01-01T04:55:08,0.055
1,40-49,1767214811,2026-01-01T05:00:11,0.055
1,40-49,1767215108,2026-01-01T05:05:08,0.055
1,40-49,1767215408,2026-01-01T05:10:08,0.055
1,40-49,1767215709,2026-01-01T05:15:09,0.055
1,40-49,1767216008,2026-01-01T05:20:08,0.055
1,40-49,1767216308,2026-01-01T05:25:08,0.055
1,40-49,1767216610,2026-01-01T05:30:10,0.055
1,40-49,1767216908,2026-01-01T05:35:08,0.055
1,40-49,1767217211,2026-01-01T05:40:11,0.055
1,40-49,1767217508,2026-01-01T05:45:08,0.05
1,40-49,1767217809,2026-01-01T05:50:09,0.055
1,40-49,1767218109,2026-01-01T05:55:09,0.055
1,40-49,1767218410,2026-01-01T06:00:10,0.05
1,40-49,1767218708,2026-01-01T06:05:08,0.05
1,40-49,1767219009,2026-01-01T06:10:09,0.05
1,40-49,1767219323,2026-01-01T06:15:23,0.05
1,40-49,1767219608,2026-01-01T06:20:08,0.05
1,40-49,1767219909,2026-01-01T06:25:09,0.05
1,40-49,1767220209,2026-01-01T06:30:09,0.05
1,40-49,1767220522,2026-01-01T06:35:22,0.045
1,40-49,1767220808,2026-01-01T06:40:08,0.055
1,40-49,1767221109,2026-01-01T06:45:09,0.045
1,40-49,1767221409,2026-01-01T06:50:09,0.045
1,40-49,1767221708,2026-01-01T06:55:08,0.045
1,40-49,1767222009,2026-01-01T07:00:09,0.05
1,40-49,1767222320,2026-01-01T07:05:20,0.05
1,40-49,1767222608,2026-01-01T07:10:08,0.05
1,40-49,1767222909,2026-01-01T07:15:09,0.045
1,40-49,1767223208,2026-01-01T07:20:08,0.05
1,40-49,1767223508,2026-01-01T07:25:08,0.045
1,40-49,1767223809,2026-01-01T07:30:09,0.05
1,40-49,1767224108,2026-01-01T07:35:08,0.05
1,40-49,1767224408,2026-01-01T07:40:08,0.045
1,40-49,1767224708,2026-01-01T07:45:08,0.045
1,40-49,1767225019,2026-01-01T07:50:19,0.045
1,40-49,1767225308,2026-01-01T07:55:08,0.045
1,40-49,1767225610,2026-01-01T08:00:10,0.045
1,40-49,1767225908,2026-01-01T08:05:08,0.045
1,40-49,1767226208,2026-01-01T08:10:08,0.05
1,40-49,1767226508,2026-01-01T08:15:08,0.05
1,40-49,1767226808,2026-01-01T08:20:08,0.05
1,40-49,1767227108,2026-01-01T08:25:08,0.055
1,40-49,1767227409,2026-01-01T08:30:09,0.055
1,40-49,1767227708,2026-01-01T08:35:08,0.055
1,40-49,1767228008,2026-01-01T08:40:08,0.045
1,40-49,1767228308,2026-01-01T08:45:08,0.05
1,40-49,1767228609,2026-01-01T08:50:09,0.04
1,40-49,1767228907,2026-01-01T08:55:07,0.03
1,40-49,1767229209,2026-01-01T09:00:09,0.03
1,40-49,1767229508,2026-01-01T09:05:08,0.027
1,40-49,1767229808,2026-01-01T09:10:08,0.032
1,40-49,1767230108,2026-01-01T09:15:08,0.0265
1,40-49,1767230408,2026-01-01T09:20:08,0.0455
1,40-49,1767230708,2026-01-01T09:25:08,0.044
1,40-49,1767231009,2026-01-01T09:30:09,0.046
1,40-49,1767231307,2026-01-01T09:35:07,0.022
1,40-49,1767231622,2026-01-01T09:40:22,0.047
1,40-49,1767231908,2026-01-01T09:45:08,0.047
1,40-49,1767232208,2026-01-01T09:50:08,0.047
1,40-49,1767232507,2026-01-01T09:55:07,0.047
1,40-49,1767232808,2026-01-01T10:00:08,0.027
1,40-49,1767233108,2026-01-01T10:05:08,0.017
1,40-49,1767233423,2026-01-01T10:10:23,0.0465
1,40-49,1767233708,2026-01-01T10:15:08,0.027
1,40-49,1767234008,2026-01-01T10:20:08,0.017
1,40-49,1767234308,2026-01-01T10:25:08,0.0465
1,40-49,1767234611,2026-01-01T10:30:11,0.0465
1,40-49,1767234907,2026-01-01T10:35:07,0.0455
1,40-49,1767235208,2026-01-01T10:40:08,0.0465
1,40-49,1767235508,2026-01-01T10:45:08,0.0455
1,40-49,1767235808,2026-01-01T10:50:08,0.045
1,40-49,1767236107,2026-01-01T10:55:07,0.044
1,40-49,1767236409,2026-01-01T11:00:09,0.0425
1,40-49,1767236708,2026-01-01T11:05:08,0.0415
1,40-49,1767237008,2026-01-01T11:10:08,0.0455
1,40-49,1767237307,2026-01-01T11:15:07,0.045
1,40-49,1767237620,2026-01-01T11:20:20,0.044
1,40-49,1767237908,2026-01-01T11:25:08,0.0425
1,40-49,1767238209,2026-01-01T11:30:09,0.0415
1,40-49,1767238521,2026-01-01T11:35:21,0.0395
1,40-49,1767238808,2026-01-01T11:40:08,0.0455
1,40-49,1767239121,2026-01-01T11:45:21,0.0455
1,40-49,1767239408,2026-01-01T11:50:08,0.0435
1,40-49,1767239707,2026-01-01T11:55:07,0.043
1,40-49,1767240024,2026-01-01T12:00:24,0.042
1,40-49,1767240307,2026-01-01T12:05:07,0.047
1,40-49,1767240621,2026-01-01T12:10:21,0.047
1,40-49,1767240907,2026-01-01T12:15:07,0.047
1,40-49,1767241221,2026-01-01T12:20:21,0.047
1,40-49,1767241507,2026-01-01T12:25:07,0.047
1,40-49,1767241809,2026-01-01T12:30:09,0.047
1,40-49,1767242107,2026-01-01T12:35:07,0.047
1,40-49,1767242408,2026-01-01T12:40:08,0.047
1,40-49,1767242707,2026-01-01T12:45:07,0.047
1,40-49,1767243008,2026-01-01T12:50:08,0.047
1,40-49,1767243308,2026-01-01T12:55:08,0.047
1,40-49,1767243609,2026-01-01T13:00:09,0.047
1,40-49,1767243908,2026-01-01T13:05:08,0.047
1,40-49,1767244208,2026-01-01T13:10:08,0.047
1,40-49,1767244507,2026-01-01T13:15:07,0.047
1,40-49,1767244808,2026-01-01T13:20:08,0.047
1,40-49,1767245107,2026-01-01T13:25:07,0.047
1,40-49,1767245411,2026-01-01T13:30:11,0.047
1,40-49,1767245708,2026-01-01T13:35:08,0.047
1,40-49,1767246008,2026-01-01T13:40:08,0.047
1,40-49,1767246308,2026-01-01T13:45:08,0.047
1,40-49,1767246608,2026-01-01T13:50:08,0.047
1,40-49,1767246908,2026-01-01T13:55:08,0.047
1,40-49,1767247210,2026-01-01T14:00:10,0.046
1,40-49,1767247508,2026-01-01T14:05:08,0.0455
1,40-49,1767247808,2026-01-01T14:10:08,0.0435
1,40-49,1767248108,2026-01-01T14:15:08,0.0425
1,40-49,1767248410,2026-01-01T14:20:10,0.0415
1,40-49,1767248707,2026-01-01T14:25:07,0.045
1,40-49,1767249009,2026-01-01T14:30:09,0.0445
1,40-49,1767249310,2026-01-01T14:35:10,0.044
1,40-49,1767249618,2026-01-01T14:40:18,0.0425
1,40-49,1767249907,2026-01-01T14:45:07,0.042
1,40-49,1767250208,2026-01-01T14:50:08,0.0215
1,40-49,1767250507,2026-01-01T14:55:07,0.0465
1,40-49,1767250808,2026-01-01T15:00:08,0.012
1,40-49,1767251107,2026-01-01T15:05:07,0.0455
1,40-49,1767251407,2026-01-01T15:10:07,0.012
1,40-49,1767251708,2026-01-01T15:15:08,0.012
1,40-49,1767252020,2026-01-01T15:20:20,0.012
1,40-49,1767252307,2026-01-01T15:25:07,0.012
1,40-49,1767252624,2026-01-01T15:30:24,0.012
1,40-49,1767252908,2026-01-01T15:35:08,0.012
1,40-49,1767253208,2026-01-01T15:40:08,0.012
1,40-49,1767253508,2026-01-01T15:45:08,0.012
1,40-49,1767253808,2026-01-01T15:50:08,0.012
1,40-49,1767254108,2026-01-01T15:55:08,0.012
1,40-49,1767254408,2026-01-01T16:00:08,0.012
1,40-49,1767254707,2026-01-01T16:05:07,0.012
1,40-49,1767255008,2026-01-01T16:10:08,0.012
1,40-49,1767255308,2026-01-01T16:15:08,0.012
1,40-49,1767255607,2026-01-01T16:20:07,0.012
1,40-49,1767255907,2026-01-01T16:25:07,0.012
1,40-49,1767256208,2026-01-01T16:30:08,0.012
1,40-49,1767256507,2026-01-01T16:35:07,0.012
1,40-49,1767256807,2026-01-01T16:40:07,0.012
1,40-49,1767257109,2026-01-01T16:45:09,0.012
1,40-49,1767257407,2026-01-01T16:50:07,0.012
1,40-49,1767257707,2026-01-01T16:55:07,0.012
1,40-49,1767258010,2026-01-01T17:00:10,0.012
1,40-49,1767258307,2026-01-01T17:05:07,0.012
1,40-49,1767258607,2026-01-01T17:10:07,0.012
1,40-49,1767258907,2026-01-01T17:15:07,0.012
1,40-49,1767259207,2026-01-01T17:20:07,0.012
1,40-49,1767259507,2026-01-01T17:25:07,0.012
1,40-49,1767259807,2026-01-01T17:30:07,0.012
1,40-49,1767260107,2026-01-01T17:35:07,0.012
1,40-49,1767260407,2026-01-01T17:40:07,0.012
1,40-49,1767260710,2026-01-01T17:45:10,0.012
1,40-49,1767261007,2026-01-01T17:50:07,0.012
1,40-49,1767261307,2026-01-01T17:55:07,0.012
1,40-49,1767261608,2026-01-01T18:00:08,0.012
1,40-49,1767261906,2026-01-01T18:05:06,0.012
1,40-49,1767262207,2026-01-01T18:10:07,0.012
1,40-49,1767262506,2026-01-01T18:15:06,0.012
1,40-49,1767262806,2026-01-01T18:20:06,0.012
1,40-49,1767263107,2026-01-01T18:25:07,0.012
1,40-49,1767263407,2026-01-01T18:30:07,0.012
1,40-49,1767263706,2026-01-01T18:35:06,0.012
1,40-49,1767264006,2026-01-01T18:40:06,0.012
1,40-49,1767264309,2026-01-01T18:45:09,0.012
1,40-49,1767264606,2026-01-01T18:50:06,0.012
1,40-49,1767264907,2026-01-01T18:55:07,0.012
1,40-49,1767265208,2026-01-01T19:00:08,0.012
1,40-49,1767265507,2026-01-01T19:05:07,0.012
1,40-49,1767265820,2026-01-01T19:10:20,0.012
1,40-49,1767266106,2026-01-01T19:15:06,0.012
1,40-49,1767266407,2026-01-01T19:20:07,0.012
1,40-49,1767266720,2026-01-01T19:25:20,0.012
1,40-49,1767267007,2026-01-01T19:30:07,0.012
1,40-49,1767267307,2026-01-01T19:35:07,0.012
1,40-49,1767267607,2026-01-01T19:40:07,0.012
1,40-49,1767267907,2026-01-01T19:45:07,0.012
1,40-49,1767268207,2026-01-01T19:50:07,0.012
1,40-49,1767268521,2026-01-01T19:55:21,0.0095
1,40-49,1767268809,2026-01-01T20:00:09,0.0095
1,40-49,1767269107,2026-01-01T20:05:07,0.0095
1,40-49,1767269407,2026-01-01T20:10:07,0.0095
1,40-49,1767269721,2026-01-01T20:15:21,0.0095
1,40-49,1767270030,2026-01-01T20:20:30,0.0095
1,40-49,1767270307,2026-01-01T20:25:07,0.0095
1,40-49,1767270607,2026-01-01T20:30:07,0.0095
1,40-49,1767270918,2026-01-01T20:35:18,0.0095
1,40-49,1767271206,2026-01-01T20:40:06,0.0095
1,40-49,1767271506,2026-01-01T20:45:06,0.0095
1,40-49,1767271807,2026-01-01T20:50:07,0.0095
1,40-49,1767272106,2026-01-01T20:55:06,0.0095
1,40-49,1767272421,2026-01-01T21:00:21,0.0065
1,40-49,1767272707,2026-01-01T21:05:07,0.0065
1,40-49,1767273006,2026-01-01T21:10:06,0.0065
1,40-49,1767273307,2026-01-01T21:15:07,0.0065
1,40-49,1767273617,2026-01-01T21:20:17,0.0055
1,40-49,1767273906,2026-01-01T21:25:06,0.0055
1,40-49,1767274208,2026-01-01T21:30:08,0.0065
1,40-49,1767274521,2026-01-01T21:35:21,0.0065
1,40-49,1767274806,2026-01-01T21:40:06,0.0055
1,40-49,1767275107,2026-01-01T21:45:07,0.0055
1,40-49,1767275406,2026-01-01T21:50:06,0.0065
1,40-49,1767275707,2026-01-01T21:55:07,0.0065
1,40-49,1767276008,2026-01-01T22:00:08,0.0065
1,40-49,1767276307,2026-01-01T22:05:07,0.0055
1,40-49,1767276607,2026-01-01T22:10:07,0.0055
1,40-49,1767276921,2026-01-01T22:15:21,0.0055
1,40-49,1767277219,2026-01-01T22:20:19,0.006
1,40-49,1767277507,2026-01-01T22:25:07,0.0065
1,40-49,1767277807,2026-01-01T22:30:07,0.006
1,40-49,1767278107,2026-01-01T22:35:07,0.006
1,40-49,1767278407,2026-01-01T22:40:07,0.006
1,40-49,1767278707,2026-01-01T22:45:07,0.0065
1,40-49,1767279007,2026-01-01T22:50:07,0.0065
1,40-49,1767279306,2026-01-01T22:55:06,0.0065
1,40-49,1767279608,2026-01-01T23:00:08,0.0065
1,40-49,1767279907,2026-01-01T23:05:07,0.005
1,40-49,1767280207,2026-01-01T23:10:07,0.005
1,40-49,1767280507,2026-01-01T23:15:07,0.0055
1,40-49,1767280807,2026-01-01T23:20:07,0.0055
1,40-49,1767281107,2026-01-01T23:25:07,0.0055
1,40-49,1767281408,2026-01-01T23:30:08,0.006
1,40-49,1767281707,2026-01-01T23:35:07,0.0065
1,40-49,1767282007,2026-01-01T23:40:07,0.0065
1,40-49,1767282307,2026-01-01T23:45:07,0.0065
1,40-49,1767282625,2026-01-01T23:50:25,0.0055
1,40-49,1767282907,2026-01-01T23:55:07,0.0055
1,40-49,1767283208,2026-01-02T00:00:08,0.0055
1,40-49,1767283507,2026-01-02T00:05:07,0.0065
1,40-49,1767283807,2026-01-02T00:10:07,0.0065
1,40-49,1767284107,2026-01-02T00:15:07,0.0055
1,40-49,1767284407,2026-01-02T00:20:07,0.0065
1,40-49,1767284707,2026-01-02T00:25:07,0.0065
1,40-49,1767285007,2026-01-02T00:30:07,0.0065
1,40-49,1767285307,2026-01-02T00:35:07,0.0065
1,40-49,1767285606,2026-01-02T00:40:06,0.0055
1,40-49,1767285907,2026-01-02T00:45:07,0.0055
1,40-49,1767286207,2026-01-02T00:50:07,0.0055
1,40-49,1767286507,2026-01-02T00:55:07,0.0065
1,40-49,1767286808,2026-01-02T01:00:08,0.0065
1,40-49,1767287108,2026-01-02T01:05:08,0.0055
1,40-49,1767287407,2026-01-02T01:10:07,0.0055
1,40-49,1767287707,2026-01-02T01:15:07,0.0055
1,40-49,1767288007,2026-01-02T01:20:07,0.006
1,40-49,1767288321,2026-01-02T01:25:21,0.0065
1,40-49,1767288608,2026-01-02T01:30:08,0.0065
1,40-49,1767288907,2026-01-02T01:35:07,0.0065
1,40-49,1767289207,2026-01-02T01:40:07,0.0055
1,40-49,1767289507,2026-01-02T01:45:07,0.006
1,40-49,1767289807,2026-01-02T01:50:07,0.012
1,40-49,1767290108,2026-01-02T01:55:08,0.012
1,40-49,1767290409,2026-01-02T02:00:09,0.012
1,40-49,1767290707,2026-01-02T02:05:07,0.012
1,40-49,1767291007,2026-01-02T02:10:07,0.012
1,40-49,1767291307,2026-01-02T02:15:07,0.012
1,40-49,1767291607,2026-01-02T02:20:07,0.012
1,40-49,1767291907,2026-01-02T02:25:07,0.012
1,40-49,1767292207,2026-01-02T02:30:07,0.0055
1,40-49,1767292507,2026-01-02T02:35:07,0.005
1,40-49,1767292819,2026-01-02T02:40:19,0.005
1,40-49,1767293120,2026-01-02T02:45:20,0.005
1,40-49,1767293407,2026-01-02T02:50:07,0.005
1,40-49,1767293707,2026-01-02T02:55:07,0.005
1,40-49,1767294007,2026-01-02T03:00:07,0.0055
1,40-49,1767294307,2026-01-02T03:05:07,0.0055
1,40-49,1767294607,2026-01-02T03:10:07,0.006
1,40-49,1767294907,2026-01-02T03:15:07,0.006
1,40-49,1767295207,2026-01-02T03:20:07,0.0065
1,40-49,1767295507,2026-01-02T03:25:07,0.0065
1,40-49,1767295810,2026-01-02T03:30:10,0.0065
1,40-49,1767296107,2026-01-02T03:35:07,0.0065
1,40-49,1767296407,2026-01-02T03:40:07,0.0065
1,40-49,1767296707,2026-01-02T03:45:07,0.005
1,40-49,1767297007,2026-01-02T03:50:07,0.005
1,40-49,1767297318,2026-01-02T03:55:18,0.005
1,40-49,1767297619,2026-01-02T04:00:19,0.005
1,40-49,1767297907,2026-01-02T04:05:07,0.005
1,40-49,1767298207,2026-01-02T04:10:07,0.005
1,40-49,1767298507,2026-01-02T04:15:07,0.005
1,40-49,1767298820,2026-01-02T04:20:20,0.005
1,40-49,1767299107,2026-01-02T04:25:07,0.005
1,40-49,1767299423,2026-01-02T04:30:23,0.005
1,40-49,1767299719,2026-01-02T04:35:19,0.005
1,40-49,1767300008,2026-01-02T04:40:08,0.005
1,40-49,1767300307,2026-01-02T04:45:07,0.005
1,40-49,1767300607,2026-01-02T04:50:07,0.005
1,40-49,1767300907,2026-01-02T04:55:07,0.005
1,40-49,1767301208,2026-01-02T05:00:08,0.005
1,40-49,1767301507,2026-01-02T05:05:07,0.005
1,40-49,1767301808,2026-01-02T05:10:08,0.005
1,40-49,1767302107,2026-01-02T05:15:07,0.005
1,40-49,1767302407,2026-01-02T05:20:07,0.005
1,40-49,1767302706,2026-01-02T05:25:06,0.0045
1,40-49,1767303008,2026-01-02T05:30:08,0.005
1,40-49,1767303307,2026-01-02T05:35:07,0.005
1,40-49,1767303607,2026-01-02T05:40:07,0.005
1,40-49,1767303907,2026-01-02T05:45:07,0.005
1,40-49,1767304207,2026-01-02T05:50:07,0.005
1,40-49,1767304507,2026-01-02T05:55:07,0.005
1,40-49,1767304810,2026-01-02T06:00:10,0.005
1,40-49,1767305107,2026-01-02T06:05:07,0.005
1,40-49,1767305407,2026-01-02T06:10:07,0.005
1,40-49,1767305707,2026-01-02T06:15:07,0.005
1,40-49,1767306007,2026-01-02T06:20:07,0.005
1,40-49,1767306307,2026-01-02T06:25:07,0.005
1,40-49,1767306608,2026-01-02T06:30:08,0.005
1,40-49,1767306907,2026-01-02T06:35:07,0.005
1,40-49,1767307207,2026-01-02T06:40:07,0.005
1,40-49,1767307507,2026-01-02T06:45:07,0.005
1,40-49,1767307807,2026-01-02T06:50:07,0.005
1,40-49,1767308107,2026-01-02T06:55:07,0.005
1,40-49,1767308409,2026-01-02T07:00:09,0.005
1,40-49,1767308709,2026-01-02T07:05:09,0.005
1,40-49,1767309007,2026-01-02T07:10:07,0.005
1,40-49,1767309307,2026-01-02T07:15:07,0.0085
1,40-49,1767309607,2026-01-02T07:20:07,0.0085
1,40-49,1767309907,2026-01-02T07:25:07,0.008
1,40-49,1767310208,2026-01-02T07:30:08,0.0095
1,40-49,1767310518,2026-01-02T07:35:18,0.0085
1,40-49,1767310806,2026-01-02T07:40:06,0.0075
1,40-49,1767311107,2026-01-02T07:45:07,0.0075
1,40-49,1767311407,2026-01-02T07:50:07,0.047
1,40-49,1767311707,2026-01-02T07:55:07,0.045
1,40-49,1767312009,2026-01-02T08:00:09,0.0445
1,40-49,1767312307,2026-01-02T08:05:07,0.0445
1,40-49,1767312607,2026-01-02T08:10:07,0.067
1,40-49,1767312907,2026-01-02T08:15:07,0.065
1,40-49,1767313207,2026-01-02T08:20:07,0.0635
1,40-49,1767313507,2026-01-02T08:25:07,0.0695
1,40-49,1767313822,2026-01-02T08:30:22,0.069
1,40-49,1767314107,2026-01-02T08:35:07,0.069
1,40-49,1767314407,2026-01-02T08:40:07,0.0355
1,40-49,1767314707,2026-01-02T08:45:07,0.035
1,40-49,1767315008,2026-01-02T08:50:08,0.0385
1,40-49,1767315307,2026-01-02T08:55:07,0.0155
1,40-49,1767315608,2026-01-02T09:00:08,0.0155
1,40-49,1767315907,2026-01-02T09:05:07,0.0255
1,40-49,1767316207,2026-01-02T09:10:07,0.0155
1,40-49,1767316507,2026-01-02T09:15:07,0.0205
1,40-49,1767316807,2026-01-02T09:20:07,0.039
1,40-49,1767317106,2026-01-02T09:25:06,0.0205
1,40-49,1767317408,2026-01-02T09:30:08,0.0105
1,40-49,1767317707,2026-01-02T09:35:07,0.0105
1,40-49,1767318007,2026-01-02T09:40:07,0.0105
1,40-49,1767318307,2026-01-02T09:45:07,0.0105
1,40-49,1767318607,2026-01-02T09:50:07,0.0105
1,40-49,1767318907,2026-01-02T09:55:07,0.0105
1,40-49,1767319209,2026-01-02T10:00:09,0.0105
1,40-49,1767319509,2026-01-02T10:05:09,0.0105
1,40-49,1767319821,2026-01-02T10:10:21,0.0105
1,40-49,1767320107,2026-01-02T10:15:07,0.0105
1,40-49,1767320407,2026-01-02T10:20:07,0.0105
1,40-49,1767320707,2026-01-02T10:25:07,0.0105
1,40-49,1767321008,2026-01-02T10:30:08,0.0105
1,40-49,1767321321,2026-01-02T10:35:21,0.0105
1,40-49,1767321618,2026-01-02T10:40:18,0.0105
1,40-49,1767321907,2026-01-02T10:45:07,0.0105
1,40-49,1767322222,2026-01-02T10:50:22,0.0105
1,40-49,1767322507,2026-01-02T10:55:07,0.0105
1,40-49,1767322813,2026-01-02T11:00:13,0.0105
1,40-49,1767323107,2026-01-02T11:05:07,0.0105
1,40-49,1767323407,2026-01-02T11:10:07,0.0105
1,40-49,1767323707,2026-01-02T11:15:07,0.0105
1,40-49,1767324007,2026-01-02T11:20:07,0.0105
1,40-49,1767324306,2026-01-02T11:25:06,0.0105
1,40-49,1767324608,2026-01-02T11:30:08,0.0105
1,40-49,1767324907,2026-01-02T11:35:07,0.0105
1,40-49,1767325207,2026-01-02T11:40:07,0.0105
1,40-49,1767325509,2026-01-02T11:45:09,0.0105
1,40-49,1767325807,2026-01-02T11:50:07,0.0105
1,40-49,1767326106,2026-01-02T11:55:06,0.0105
1,40-49,1767326407,2026-01-02T12:00:07,0.0105
1,40-49,1767326707,2026-01-02T12:05:07,0.0105
1,40-49,1767327007,2026-01-02T12:10:07,0.0105
1,40-49,1767327307,2026-01-02T12:15:07,0.0105
1,40-49,1767327607,2026-01-02T12:20:07,0.0105
1,40-49,1767327907,2026-01-02T12:25:07,0.0105
1,40-49,1767328208,2026-01-02T12:30:08,0.0105
1,40-49,1767328507,2026-01-02T12:35:07,0.01
1,40-49,1767328807,2026-01-02T12:40:07,0.01
1,40-49,1767329107,2026-01-02T12:45:07,0.01
1,40-49,1767329407,2026-01-02T12:50:07,0.01
1,40-49,1767329707,2026-01-02T12:55:07,0.01
1,40-49,1767330009,2026-01-02T13:00:09,0.01
1,40-49,1767330307,2026-01-02T13:05:07,0.01
1,40-49,1767330607,2026-01-02T13:10:07,0.01
1,40-49,1767330907,2026-01-02T13:15:07,0.01
1,40-49,1767331208,2026-01-02T13:20:08,0.01
1,40-49,1767331522,2026-01-02T13:25:22,0.01
1,40-49,1767331808,2026-01-02T13:30:08,0.01
1,40-49,1767332107,2026-01-02T13:35:07,0.0095
1,40-49,1767332407,2026-01-02T13:40:07,0.0095
1,40-49,1767332720,2026-01-02T13:45:20,0.0095
1,40-49,1767333009,2026-01-02T13:50:09,0.0095
1,40-49,1767333318,2026-01-02T13:55:18,0.0095
1,40-49,1767333608,2026-01-02T14:00:08,0.0095
1,40-49,1767333907,2026-01-02T14:05:07,0.0095
1,40-49,1767334207,2026-01-02T14:10:07,0.0095
1,40-49,1767334508,2026-01-02T14:15:08,0.0095
1,40-49,1767334818,2026-01-02T14:20:18,0.0095
1,40-49,1767335109,2026-01-02T14:25:09,0.0095
1,40-49,1767335408,2026-01-02T14:30:08,0.0095
1,40-49,1767335707,2026-01-02T14:35:07,0.0005
1,40-49,1767336007,2026-01-02T14:40:07,0.0005
1,40-49,1767336306,2026-01-02T14:45:06,0.0005
1,40-49,1767336608,2026-01-02T14:50:08,0.0005
1,40-49,1767336907,2026-01-02T14:55:07,0.0005
1,40-49,1767337207,2026-01-02T15:00:07,0.0005
1,40-49,1767337508,2026-01-02T15:05:08,0.0005
1,40-49,1767337807,2026-01-02T15:10:07,0.0005
1,40-49,1767338107,2026-01-02T15:15:07,0.0005
1,40-49,1767338407,2026-01-02T15:20:07,0.0005
1,40-49,1767338706,2026-01-02T15:25:06,0.0005
1,40-49,1767339009,2026-01-02T15:30:09,0.0005
1,40-49,1767339307,2026-01-02T15:35:07,0.0005
1,40-49,1767339607,2026-01-02T15:40:07,0.0005
1,40-49,1767339907,2026-01-02T15:45:07,0.0005
1,40-49,1767340207,2026-01-02T15:50:07,0.0005
1,40-49,1767340507,2026-01-02T15:55:07,0.0005
1,40-49,1767340808,2026-01-02T16:00:08,0.0005
1,40-49,1767341107,2026-01-02T16:05:07,0.0005
1,40-49,1767341407,2026-01-02T16:10:07,0.0005
1,40-49,1767341707,2026-01-02T16:15:07,0.0005
1,40-49,1767342007,2026-01-02T16:20:07,0.0005
1,40-49,1767342307,2026-01-02T16:25:07,0.0005
1,40-49,1767342608,2026-01-02T16:30:08,0.0005
1,40-49,1767342907,2026-01-02T16:35:07,0.0005
1,40-49,1767343207,2026-01-02T16:40:07,0.0005
1,40-49,1767343507,2026-01-02T16:45:07,0.0005
1,40-49,1767343823,2026-01-02T16:50:23,0.0005
1,40-49,1767344107,2026-01-02T16:55:07,0.0005
1,40-49,1767344408,2026-01-02T17:00:08,0.0005
1,40-49,1767344707,2026-01-02T17:05:07,0.0005
1,40-49,1767345006,2026-01-02T17:10:06,0.0005
1,40-49,1767345308,2026-01-02T17:15:08,0.0005
1,40-49,1767345607,2026-01-02T17:20:07,0.0005
1,40-49,1767345907,2026-01-02T17:25:07,0.0005
1,40-49,1767346208,2026-01-02T17:30:08,0.0005
1,40-49,1767346507,2026-01-02T17:35:07,0.0005
1,40-49,1767346807,2026-01-02T17:40:07,0.0005
1,40-49,1767347109,2026-01-02T17:45:09,0.0005
1,40-49,1767347406,2026-01-02T17:50:06,0.0005
1,40-49,1767347707,2026-01-02T17:55:07,0.0005
1,40-49,1767348010,2026-01-02T18:00:10,0.0005
1,40-49,1767348318,2026-01-02T18:05:18,0.0005
1,40-49,1767348608,2026-01-02T18:10:08,0.0005
1,40-49,1767348907,2026-01-02T18:15:07,0.0005
1,40-49,1767349208,2026-01-02T18:20:08,0.0005
1,40-49,1767349507,2026-01-02T18:25:07,0.0005
1,40-49,1767349807,2026-01-02T18:30:07,0.0005
1,40-49,1767350120,2026-01-02T18:35:20,0.0005
1,40-49,1767350407,2026-01-02T18:40:07,0.0005
1,40-49,1767350707,2026-01-02T18:45:07,0.0005
1,40-49,1767351007,2026-01-02T18:50:07,0.0005
1,40-49,1767351307,2026-01-02T18:55:07,0.0005
1,40-49,1767351609,2026-01-02T19:00:09,0.0005
1,40-49,1767351907,2026-01-02T19:05:07,0.0005
1,40-49,1767352207,2026-01-02T19:10:07,0.0005
1,40-49,1767352507,2026-01-02T19:15:07,0.0005
1,40-49,1767352807,2026-01-02T19:20:07,0.0005
1,40-49,1767353120,2026-01-02T19:25:20,0.0005
1,40-49,1767353408,2026-01-02T19:30:08,0.0005
1,40-49,1767353707,2026-01-02T19:35:07,0.0005
1,40-49,1767354008,2026-01-02T19:40:08,0.0005
1,40-49,1767354307,2026-01-02T19:45:07,0.0005
1,40-49,1767354619,2026-01-02T19:50:19,0.0005
1,40-49,1767354907,2026-01-02T19:55:07,0.0005
1,40-49,1767355209,2026-01-02T20:00:09,0.0005
1,40-49,1767355507,2026-01-02T20:05:07,0.0005
1,40-49,1767355807,2026-01-02T20:10:07,0.0005
1,40-49,1767356108,2026-01-02T20:15:08,0.0005
1,40-49,1767356408,2026-01-02T20:20:08,0.0005
1,40-49,1767356706,2026-01-02T20:25:06,0.0005
1,40-49,1767357007,2026-01-02T20:30:07,0.0005
1,40-49,1767357307,2026-01-02T20:35:07,0.0005
1,40-49,1767357607,2026-01-02T20:40:07,0.0375
1,40-49,1767357920,2026-01-02T20:45:20,0.0375
1,40-49,1767358207,2026-01-02T20:50:07,0.0365
1,40-49,1767358507,2026-01-02T20:55:07,0.036
1,40-49,1767358807,2026-01-02T21:00:07,0.0355
1,40-49,1767359107,2026-01-02T21:05:07,0.0355
1,40-49,1767359421,2026-01-02T21:10:21,0.035
1,40-49,1767359708,2026-01-02T21:15:08,0.029
1,40-49,1767360021,2026-01-02T21:20:21,0.034
1,40-49,1767360318,2026-01-02T21:25:18,0.0335
1,40-49,1767360608,2026-01-02T21:30:08,0.0325
1,40-49,1767360918,2026-01-02T21:35:18,0.032
1,40-49,1767361207,2026-01-02T21:40:07,0.0325
1,40-49,1767361507,2026-01-02T21:45:07,0.0325
1,40-49,1767361807,2026-01-02T21:50:07,0.0325
1,40-49,1767362121,2026-01-02T21:55:21,0.035
1,40-49,1767362408,2026-01-02T22:00:08,0.034
1,40-49,1767362707,2026-01-02T22:05:07,0.033
1,40-49,1767363007,2026-01-02T22:10:07,0.0275
1,40-49,1767363319,2026-01-02T22:15:19,0.0275
1,40-49,1767363609,2026-01-02T22:20:09,0.028
1,40-49,1767363907,2026-01-02T22:25:07,0.027
1,40-49,1767364207,2026-01-02T22:30:07,0.0005
1,40-49,1767364507,2026-01-02T22:35:07,0.0005
1,40-49,1767364807,2026-01-02T22:40:07,0.026
1,40-49,1767365121,2026-01-02T22:45:21,0.0245
1,40-49,1767365407,2026-01-02T22:50:07,0.024
1,40-49,1767365707,2026-01-02T22:55:07,0.025
1,40-49,1767366010,2026-01-02T23:00:10,0.0345
1,40-49,1767366308,2026-01-02T23:05:08,0.0325
1,40-49,1767366608,2026-01-02T23:10:08,0.025
1,40-49,1767366907,2026-01-02T23:15:07,0.025
1,40-49,1767367207,2026-01-02T23:20:07,0.025
1,40-49,1767367508,2026-01-02T23:25:08,0.025
1,40-49,1767367808,2026-01-02T23:30:08,0.025
1,40-49,1767368120,2026-01-02T23:35:20,0.0315
1,40-49,1767368407,2026-01-02T23:40:07,0.024
1,40-49,1767368707,2026-01-02T23:45:07,0.024
1,40-49,1767369007,2026-01-02T23:50:07,0.024
1,40-49,1767369307,2026-01-02T23:55:07,0.024
1,40-49,1767369609,2026-01-03T00:00:09,0.024
1,40-49,1767369908,2026-01-03T00:05:08,0.024
1,40-49,1767370208,2026-01-03T00:10:08,0.024
1,40-49,1767370508,2026-01-03T00:15:08,0.024
1,40-49,1767370808,2026-01-03T00:20:08,0.023
1,40-49,1767371107,2026-01-03T00:25:07,0.022
1,40-49,1767371408,2026-01-03T00:30:08,0.024
1,40-49,1767371707,2026-01-03T00:35:07,0.0005
1,40-49,1767372007,2026-01-03T00:40:07,0.0005
1,40-49,1767372308,2026-01-03T00:45:08,0.0005
1,40-49,1767372619,2026-01-03T00:50:19,0.0005
1,40-49,1767372907,2026-01-03T00:55:07,0.0005
1,40-49,1767373209,2026-01-03T01:00:09,0.0005
1,40-49,1767373507,2026-01-03T01:05:07,0.0005
1,40-49,1767373808,2026-01-03T01:10:08,0.0005
1,40-49,1767374108,2026-01-03T01:15:08,0.0005
1,40-49,1767374407,2026-01-03T01:20:07,0.0005
1,40-49,1767374708,2026-01-03T01:25:08,0.0005
1,40-49,1767375008,2026-01-03T01:30:08,0.0005
1,40-49,1767375309,2026-01-03T01:35:09,0.0005
1,40-49,1767375607,2026-01-03T01:40:07,0.0005
1,40-49,1767375908,2026-01-03T01:45:08,0.0005
1,40-49,1767376222,2026-01-03T01:50:22,0.0005
1,40-49,1767376507,2026-01-03T01:55:07,0.0005
1,40-49,1767376823,2026-01-03T02:00:23,0.0005
1,40-49,1767377107,2026-01-03T02:05:07,0.0005
1,40-49,1767377407,2026-01-03T02:10:07,0.0005
1,40-49,1767377722,2026-01-03T02:15:22,0.0005
1,40-49,1767378007,2026-01-03T02:20:07,0.0005
1,40-49,1767378307,2026-01-03T02:25:07,0.0005
1,40-49,1767378608,2026-01-03T02:30:08,0.0005
1,40-49,1767378923,2026-01-03T02:35:23,0.0005
1,40-49,1767379223,2026-01-03T02:40:23,0.0005
1,40-49,1767379507,2026-01-03T02:45:07,0.0005
1,40-49,1767379808,2026-01-03T02:50:08,0.0005
1,40-49,1767380107,2026-01-03T02:55:07,0.0005
1,40-49,1767380408,2026-01-03T03:00:08,0.0005
1,40-49,1767380708,2026-01-03T03:05:08,0.0005
1,40-49,1767381008,2026-01-03T03:10:08,0.0005
1,40-49,1767381307,2026-01-03T03:15:07,0.0005
1,40-49,1767381608,2026-01-03T03:20:08,0.0005
1,40-49,1767381908,2026-01-03T03:25:08,0.0005
1,40-49,1767382207,2026-01-03T03:30:07,0.0005
1,40-49,1767382507,2026-01-03T03:35:07,0.0005
1,40-49,1767382807,2026-01-03T03:40:07,0.0005
1,40-49,1767383107,2026-01-03T03:45:07,0.0005
1,40-49,1767383419,2026-01-03T03:50:19,0.0005
1,40-49,1767383707,2026-01-03T03:55:07,0.0005
1,40-49,1767384009,2026-01-03T04:00:09,0.0005
1,40-49,1767384307,2026-01-03T04:05:07,0.0005
1,40-49,1767384607,2026-01-03T04:10:07,0.0005
1,40-49,1767384908,2026-01-03T04:15:08,0.0005
1,40-49,1767385207,2026-01-03T04:20:07,0.0005
1,40-49,1767385507,2026-01-03T04:25:07,0.0005
1,40-49,1767385809,2026-01-03T04:30:09,0.0005
1,40-49,1767386107,2026-01-03T04:35:07,0.0005
2,50-59,1767044107,2025-12-30T05:35:07,0.5
2,50-59,1767044407,2025-12-30T05:40:07,0.495
2,50-59,1767044706,2025-12-30T05:45:06,0.495
2,50-59,1767045006,2025-12-30T05:50:06,0.49
2,50-59,1767045307,2025-12-30T05:55:07,0.075
2,50-59,1767045606,2025-12-30T06:00:06,0.075
2,50-59,1767045907,2025-12-30T06:05:07,0.075
2,50-59,1767046208,2025-12-30T06:10:08,0.075
2,50-59,1767046507,2025-12-30T06:15:07,0.075
2,50-59,1767046820,2025-12-30T06:20:20,0.075
2,50-59,1767047107,2025-12-30T06:25:07,0.08
2,50-59,1767047406,2025-12-30T06:30:06,0.08
2,50-59,1767047707,2025-12-30T06:35:07,0.08
2,50-59,1767048007,2025-12-30T06:40:07,0.08
2,50-59,1767048307,2025-12-30T06:45:07,0.08
2,50-59,1767048607,2025-12-30T06:50:07,0.08
2,50-59,1767048907,2025-12-30T06:55:07,0.08
2,50-59,1767049207,2025-12-30T07:00:07,0.08
2,50-59,1767049521,2025-12-30T07:05:21,0.08
2,50-59,1767049807,2025-12-30T07:10:07,0.08
2,50-59,1767050107,2025-12-30T07:15:07,0.08
2,50-59,1767050407,2025-12-30T07:20:07,0.08
2,50-59,1767050707,2025-12-30T07:25:07,0.08
2,50-59,1767051007,2025-12-30T07:30:07,0.08
2,50-59,1767051307,2025-12-30T07:35:07,0.08
2,50-59,1767051607,2025-12-30T07:40:07,0.08
2,50-59,1767051906,2025-12-30T07:45:06,0.08
2,50-59,1767052207,2025-12-30T07:50:07,0.08
2,50-59,1767052507,2025-12-30T07:55:07,0.08
2,50-59,1767052811,2025-12-30T08:00:11,0.08
2,50-59,1767053107,2025-12-30T08:05:07,0.085
2,50-59,1767053407,2025-12-30T08:10:07,0.09
2,50-59,1767053708,2025-12-30T08:15:08,0.09
2,50-59,1767054008,2025-12-30T08:20:08,0.09
2,50-59,1767054307,2025-12-30T08:25:07,0.09
2,50-59,1767054607,2025-12-30T08:30:07,0.09
2,50-59,1767054907,2025-12-30T08:35:07,0.09
2,50-59,1767055207,2025-12-30T08:40:07,0.09
2,50-59,1767055507,2025-12-30T08:45:07,0.09
2,50-59,1767055808,2025-12-30T08:50:08,0.09
2,50-59,1767056107,2025-12-30T08:55:07,0.09
2,50-59,1767056407,2025-12-30T09:00:07,0.09
2,50-59,1767056707,2025-12-30T09:05:07,0.09
2,50-59,1767057007,2025-12-30T09:10:07,0.09
2,50-59,1767057307,2025-12-30T09:15:07,0.075
2,50-59,1767057607,2025-12-30T09:20:07,0.075
2,50-59,1767057907,2025-12-30T09:25:07,0.075
2,50-59,1767058207,2025-12-30T09:30:07,0.075
2,50-59,1767058507,2025-12-30T09:35:07,0.075
2,50-59,1767058807,2025-12-30T09:40:07,0.075
2,50-59,1767059107,2025-12-30T09:45:07,0.075
2,50-59,1767059422,2025-12-30T09:50:22,0.075
2,50-59,1767059707,2025-12-30T09:55:07,0.075
2,50-59,1767060008,2025-12-30T10:00:08,0.075
2,50-59,1767060307,2025-12-30T10:05:07,0.075
2,50-59,1767060607,2025-12-30T10:10:07,0.065
2,50-59,1767060907,2025-12-30T10:15:07,0.06
2,50-59,1767061207,2025-12-30T10:20:07,0.06
2,50-59,1767061507,2025-12-30T10:25:07,0.06
2,50-59,1767061807,2025-12-30T10:30:07,0.06
2,50-59,1767062107,2025-12-30T10:35:07,0.06
2,50-59,1767062407,2025-12-30T10:40:07,0.06
2,50-59,1767062707,2025-12-30T10:45:07,0.06
2,50-59,1767063007,2025-12-30T10:50:07,0.06
2,50-59,1767063307,2025-12-30T10:55:07,0.06
2,50-59,1767063608,2025-12-30T11:00:08,0.06
2,50-59,1767063907,2025-12-30T11:05:07,0.06
2,50-59,1767064207,2025-12-30T11:10:07,0.06
2,50-59,1767064507,2025-12-30T11:15:07,0.06
2,50-59,1767064807,2025-12-30T11:20:07,0.06
2,50-59,1767065121,2025-12-30T11:25:21,0.06
2,50-59,1767065407,2025-12-30T11:30:07,0.06
2,50-59,1767065707,2025-12-30T11:35:07,0.06
2,50-59,1767066007,2025-12-30T11:40:07,0.06
2,50-59,1767066307,2025-12-30T11:45:07,0.06
2,50-59,1767066608,2025-12-30T11:50:08,0.06
2,50-59,1767066907,2025-12-30T11:55:07,0.06
2,50-59,1767067207,2025-12-30T12:00:07,0.06
2,50-59,1767067507,2025-12-30T12:05:07,0.06
2,50-59,1767067807,2025-12-30T12:10:07,0.06
2,50-59,1767068107,2025-12-30T12:15:07,0.06
2,50-59,1767068407,2025-12-30T12:20:07,0.06
2,50-59,1767068707,2025-12-30T12:25:07,0.06
2,50-59,1767069007,2025-12-30T12:30:07,0.06
2,50-59,1767069307,2025-12-30T12:35:07,0.06
2,50-59,1767069607,2025-12-30T12:40:07,0.06
2,50-59,1767069907,2025-12-30T12:45:07,0.06
2,50-59,1767070207,2025-12-30T12:50:07,0.06
2,50-59,1767070507,2025-12-30T12:55:07,0.06
2,50-59,1767070807,2025-12-30T13:00:07,0.06
2,50-59,1767071107,2025-12-30T13:05:07,0.06
2,50-59,1767071407,2025-12-30T13:10:07,0.06
2,50-59,1767071707,2025-12-30T13:15:07,0.06
2,50-59,1767072018,2025-12-30T13:20:18,0.06
2,50-59,1767072306,2025-12-30T13:25:06,0.06
2,50-59,1767072607,2025-12-30T13:30:07,0.06
2,50-59,1767072907,2025-12-30T13:35:07,0.06
2,50-59,1767073207,2025-12-30T13:40:07,0.06
2,50-59,1767073507,2025-12-30T13:45:07,0.06
2,50-59,1767073807,2025-12-30T13:50:07,0.06
2,50-59,1767074107,2025-12-30T13:55:07,0.06
2,50-59,1767074407,2025-12-30T14:00:07,0.06
2,50-59,1767074707,2025-12-30T14:05:07,0.06
2,50-59,1767075007,2025-12-30T14:10:07,0.06
2,50-59,1767075307,2025-12-30T14:15:07,0.06
2,50-59,1767075607,2025-12-30T14:20:07,0.06
2,50-59,1767075907,2025-12-30T14:25:07,0.06
2,50-59,1767076207,2025-12-30T14:30:07,0.06
2,50-59,1767076507,2025-12-30T14:35:07,0.06
2,50-59,1767076807,2025-12-30T14:40:07,0.06
2,50-59,1767077107,2025-12-30T14:45:07,0.06
2,50-59,1767077419,2025-12-30T14:50:19,0.06
2,50-59,1767077707,2025-12-30T14:55:07,0.06
2,50-59,1767078012,2025-12-30T15:00:12,0.06
2,50-59,1767078307,2025-12-30T15:05:07,0.06
2,50-59,1767078607,2025-12-30T15:10:07,0.06
2,50-59,1767078907,2025-12-30T15:15:07,0.06
2,50-59,1767079207,2025-12-30T15:20:07,0.06
2,50-59,1767079506,2025-12-30T15:25:06,0.06
2,50-59,1767079818,2025-12-30T15:30:18,0.06
2,50-59,1767080107,2025-12-30T15:35:07,0.06
2,50-59,1767080407,2025-12-30T15:40:07,0.06
2,50-59,1767080707,2025-12-30T15:45:07,0.06
2,50-59,1767081007,2025-12-30T15:50:07,0.06
2,50-59,1767081307,2025-12-30T15:55:07,0.06
2,50-59,1767081607,2025-12-30T16:00:07,0.06
2,50-59,1767081907,2025-12-30T16:05:07,0.065
2,50-59,1767082206,2025-12-30T16:10:06,0.065
2,50-59,1767082508,2025-12-30T16:15:08,0.065
2,50-59,1767082807,2025-12-30T16:20:07,0.065
2,50-59,1767083107,2025-12-30T16:25:07,0.065
2,50-59,1767083407,2025-12-30T16:30:07,0.065
2,50-59,1767083707,2025-12-30T16:35:07,0.065
2,50-59,1767084021,2025-12-30T16:40:21,0.065
2,50-59,1767084306,2025-12-30T16:45:06,0.065
2,50-59,1767084607,2025-12-30T16:50:07,0.065
2,50-59,1767084906,2025-12-30T16:55:06,0.065
2,50-59,1767085209,2025-12-30T17:00:09,0.065
2,50-59,1767085507,2025-12-30T17:05:07,0.065
2,50-59,1767085808,2025-12-30T17:10:08,0.065
2,50-59,1767086107,2025-12-30T17:15:07,0.065
2,50-59,1767086406,2025-12-30T17:20:06,0.065
2,50-59,1767086707,2025-12-30T17:25:07,0.065
2,50-59,1767087007,2025-12-30T17:30:07,0.065
2,50-59,1767087307,2025-12-30T17:35:07,0.065
2,50-59,1767087607,2025-12-30T17:40:07,0.065
2,50-59,1767087907,2025-12-30T17:45:07,0.065
2,50-59,1767088206,2025-12-30T17:50:06,0.065
2,50-59,1767088506,2025-12-30T17:55:06,0.065
2,50-59,1767088807,2025-12-30T18:00:07,0.065
2,50-59,1767089107,2025-12-30T18:05:07,0.065
2,50-59,1767089407,2025-12-30T18:10:07,0.065
2,50-59,1767089707,2025-12-30T18:15:07,0.065
2,50-59,1767090007,2025-12-30T18:20:07,0.065
2,50-59,1767090318,2025-12-30T18:25:18,0.065
2,50-59,1767090607,2025-12-30T18:30:07,0.065
2,50-59,1767090906,2025-12-30T18:35:06,0.065
2,50-59,1767091206,2025-12-30T18:40:06,0.065
2,50-59,1767091506,2025-12-30T18:45:06,0.065
2,50-59,1767091807,2025-12-30T18:50:07,0.065
2,50-59,1767092106,2025-12-30T18:55:06,0.065
2,50-59,1767092408,2025-12-30T19:00:08,0.065
2,50-59,1767092720,2025-12-30T19:05:20,0.065
2,50-59,1767093007,2025-12-30T19:10:07,0.065
2,50-59,1767093307,2025-12-30T19:15:07,0.065
2,50-59,1767093607,2025-12-30T19:20:07,0.065
2,50-59,1767093907,2025-12-30T19:25:07,0.065
2,50-59,1767094218,2025-12-30T19:30:18,0.065
2,50-59,1767094507,2025-12-30T19:35:07,0.065
2,50-59,1767094807,2025-12-30T19:40:07,0.065
2,50-59,1767095107,2025-12-30T19:45:07,0.06
2,50-59,1767095407,2025-12-30T19:50:07,0.06
2,50-59,1767095706,2025-12-30T19:55:06,0.06
2,50-59,1767096007,2025-12-30T20:00:07,0.06
2,50-59,1767096306,2025-12-30T20:05:06,0.06
2,50-59,1767096607,2025-12-30T20:10:07,0.06
2,50-59,1767096907,2025-12-30T20:15:07,0.06
2,50-59,1767097207,2025-12-30T20:20:07,0.06
2,50-59,1767097507,2025-12-30T20:25:07,0.06
2,50-59,1767097807,2025-12-30T20:30:07,0.06
2,50-59,1767098107,2025-12-30T20:35:07,0.06
2,50-59,1767098407,2025-12-30T20:40:07,0.06
2,50-59,1767098707,2025-12-30T20:45:07,0.06
2,50-59,1767099007,2025-12-30T20:50:07,0.06
2,50-59,1767099307,2025-12-30T20:55:07,0.06
2,50-59,1767099607,2025-12-30T21:00:07,0.06
2,50-59,1767099907,2025-12-30T21:05:07,0.06
2,50-59,1767100207,2025-12-30T21:10:07,0.06
2,50-59,1767100507,2025-12-30T21:15:07,0.06
2,50-59,1767100807,2025-12-30T21:20:07,0.06
2,50-59,1767101118,2025-12-30T21:25:18,0.06
2,50-59,1767101407,2025-12-30T21:30:07,0.06
2,50-59,1767101707,2025-12-30T21:35:07,0.06
2,50-59,1767102007,2025-12-30T21:40:07,0.06
2,50-59,1767102307,2025-12-30T21:45:07,0.06
2,50-59,1767102607,2025-12-30T21:50:07,0.06
2,50-59,1767102907,2025-12-30T21:55:07,0.06
2,50-59,1767103207,2025-12-30T22:00:07,0.06
2,50-59,1767103507,2025-12-30T22:05:07,0.06
2,50-59,1767103807,2025-12-30T22:10:07,0.06
2,50-59,1767104107,2025-12-30T22:15:07,0.06
2,50-59,1767104407,2025-12-30T22:20:07,0.06
2,50-59,1767104707,2025-12-30T22:25:07,0.06
2,50-59,1767105007,2025-12-30T22:30:07,0.06
2,50-59,1767105307,2025-12-30T22:35:07,0.06
2,50-59,1767105607,2025-12-30T22:40:07,0.06
2,50-59,1767105906,2025-12-30T22:45:06,0.06
2,50-59,1767106207,2025-12-30T22:50:07,0.06
2,50-59,1767106507,2025-12-30T22:55:07,0.06
2,50-59,1767106807,2025-12-30T23:00:07,0.06
2,50-59,1767107107,2025-12-30T23:05:07,0.06
2,50-59,1767107407,2025-12-30T23:10:07,0.06
2,50-59,1767107707,2025-12-30T23:15:07,0.06
2,50-59,1767108021,2025-12-30T23:20:21,0.06
2,50-59,1767108307,2025-12-30T23:25:07,0.06
2,50-59,1767108607,2025-12-30T23:30:07,0.06
2,50-59,1767108919,2025-12-30T23:35:19,0.06
2,50-59,1767109207,2025-12-30T23:40:07,0.06
2,50-59,1767109507,2025-12-30T23:45:07,0.06
2,50-59,1767109807,2025-12-30T23:50:07,0.06
2,50-59,1767110107,2025-12-30T23:55:07,0.06
2,50-59,1767110407,2025-12-31T00:00:07,0.06
2,50-59,1767110707,2025-12-31T00:05:07,0.06
2,50-59,1767111007,2025-12-31T00:10:07,0.06
2,50-59,1767111307,2025-12-31T00:15:07,0.06
2,50-59,1767111607,2025-12-31T00:20:07,0.06
2,50-59,1767111907,2025-12-31T00:25:07,0.06
2,50-59,1767112207,2025-12-31T00:30:07,0.06
2,50-59,1767112507,2025-12-31T00:35:07,0.065
2,50-59,1767112807,2025-12-31T00:40:07,0.065
2,50-59,1767113107,2025-12-31T00:45:07,0.065
2,50-59,1767113407,2025-12-31T00:50:07,0.065
2,50-59,1767113707,2025-12-31T00:55:07,0.065
2,50-59,1767114008,2025-12-31T01:00:08,0.065
2,50-59,1767114307,2025-12-31T01:05:07,0.065
2,50-59,1767114607,2025-12-31T01:10:07,0.065
2,50-59,1767114907,2025-12-31T01:15:07,0.065
2,50-59,1767115207,2025-12-31T01:20:07,0.065
2,50-59,1767115507,2025-12-31T01:25:07,0.065
2,50-59,1767115807,2025-12-31T01:30:07,0.065
2,50-59,1767116107,2025-12-31T01:35:07,0.065
2,50-59,1767116407,2025-12-31T01:40:07,0.065
2,50-59,1767116707,2025-12-31T01:45:07,0.065
2,50-59,1767117007,2025-12-31T01:50:07,0.065
2,50-59,1767117308,2025-12-31T01:55:08,0.065
2,50-59,1767117612,2025-12-31T02:00:12,0.065
2,50-59,1767117908,2025-12-31T02:05:08,0.065
2,50-59,1767118207,2025-12-31T02:10:07,0.065
2,50-59,1767118507,2025-12-31T02:15:07,0.065
2,50-59,1767118807,2025-12-31T02:20:07,0.065
2,50-59,1767119107,2025-12-31T02:25:07,0.065
2,50-59,1767119407,2025-12-31T02:30:07,0.065
2,50-59,1767119707,2025-12-31T02:35:07,0.065
2,50-59,1767120008,2025-12-31T02:40:08,0.065
2,50-59,1767120308,2025-12-31T02:45:08,0.065
2,50-59,1767120607,2025-12-31T02:50:07,0.065
2,50-59,1767120907,2025-12-31T02:55:07,0.065
2,50-59,1767121207,2025-12-31T03:00:07,0.065
2,50-59,1767121508,2025-12-31T03:05:08,0.065
2,50-59,1767121807,2025-12-31T03:10:07,0.065
2,50-59,1767122108,2025-12-31T03:15:08,0.065
2,50-59,1767122422,2025-12-31T03:20:22,0.065
2,50-59,1767122708,2025-12-31T03:25:08,0.065
2,50-59,1767123008,2025-12-31T03:30:08,0.065
2,50-59,1767123308,2025-12-31T03:35:08,0.065
2,50-59,1767123609,2025-12-31T03:40:09,0.065
2,50-59,1767123908,2025-12-31T03:45:08,0.065
2,50-59,1767124208,2025-12-31T03:50:08,0.065
2,50-59,1767124508,2025-12-31T03:55:08,0.065
2,50-59,1767124808,2025-12-31T04:00:08,0.065
2,50-59,1767125108,2025-12-31T04:05:08,0.065
2,50-59,1767125407,2025-12-31T04:10:07,0.065
2,50-59,1767125708,2025-12-31T04:15:08,0.065
2,50-59,1767126007,2025-12-31T04:20:07,0.065
2,50-59,1767126307,2025-12-31T04:25:07,0.065
2,50-59,1767126608,2025-12-31T04:30:08,0.065
2,50-59,1767126907,2025-12-31T04:35:07,0.065
2,50-59,1767127208,2025-12-31T04:40:08,0.065
2,50-59,1767127507,2025-12-31T04:45:07,0.065
2,50-59,1767127807,2025-12-31T04:50:07,0.065
2,50-59,1767128107,2025-12-31T04:55:07,0.065
2,50-59,1767128407,2025-12-31T05:00:07,0.065
2,50-59,1767128707,2025-12-31T05:05:07,0.065
2,50-59,1767129007,2025-12-31T05:10:07,0.065
2,50-59,1767129307,2025-12-31T05:15:07,0.065
2,50-59,1767129607,2025-12-31T05:20:07,0.065
2,50-59,1767129907,2025-12-31T05:25:07,0.065
2,50-59,1767130208,2025-12-31T05:30:08,0.065
2,50-59,1767130507,2025-12-31T05:35:07,0.065
2,50-59,1767130821,2025-12-31T05:40:21,0.065
2,50-59,1767131108,2025-12-31T05:45:08,0.065
2,50-59,1767131408,2025-12-31T05:50:08,0.065
2,50-59,1767131707,2025-12-31T05:55:07,0.065
2,50-59,1767132008,2025-12-31T06:00:08,0.065
2,50-59,1767132308,2025-12-31T06:05:08,0.065
2,50-59,1767132608,2025-12-31T06:10:08,0.065
2,50-59,1767132907,2025-12-31T06:15:07,0.065
2,50-59,1767133207,2025-12-31T06:20:07,0.065
2,50-59,1767133520,2025-12-31T06:25:20,0.065
2,50-59,1767133809,2025-12-31T06:30:09,0.065
2,50-59,1767134122,2025-12-31T06:35:22,0.065
2,50-59,1767134407,2025-12-31T06:40:07,0.065
2,50-59,1767134708,2025-12-31T06:45:08,0.065
2,50-59,1767135007,2025-12-31T06:50:07,0.065
2,50-59,1767135308,2025-12-31T06:55:08,0.065
2,50-59,1767135608,2025-12-31T07:00:08,0.065
2,50-59,1767135908,2025-12-31T07:05:08,0.065
2,50-59,1767136208,2025-12-31T07:10:08,0.065
2,50-59,1767136508,2025-12-31T07:15:08,0.065
2,50-59,1767136807,2025-12-31T07:20:07,0.065
2,50-59,1767137107,2025-12-31T07:25:07,0.065
2,50-59,1767137418,2025-12-31T07:30:18,0.065
2,50-59,1767137708,2025-12-31T07:35:08,0.065
2,50-59,1767138007,2025-12-31T07:40:07,0.065
2,50-59,1767138307,2025-12-31T07:45:07,0.065
2,50-59,1767138607,2025-12-31T07:50:07,0.065
2,50-59,1767138907,2025-12-31T07:55:07,0.065
2,50-59,1767139207,2025-12-31T08:00:07,0.065
2,50-59,1767139508,2025-12-31T08:05:08,0.065
2,50-59,1767139808,2025-12-31T08:10:08,0.065
2,50-59,1767140108,2025-12-31T08:15:08,0.065
2,50-59,1767140420,2025-12-31T08:20:20,0.065
2,50-59,1767140707,2025-12-31T08:25:07,0.065
2,50-59,1767141008,2025-12-31T08:30:08,0.065
2,50-59,1767141307,2025-12-31T08:35:07,0.065
2,50-59,1767141607,2025-12-31T08:40:07,0.065
2,50-59,1767141907,2025-12-31T08:45:07,0.065
2,50-59,1767142208,2025-12-31T08:50:08,0.065
2,50-59,1767142507,2025-12-31T08:55:07,0.065
2,50-59,1767142808,2025-12-31T09:00:08,0.065
2,50-59,1767143108,2025-12-31T09:05:08,0.065
2,50-59,1767143407,2025-12-31T09:10:07,0.065
2,50-59,1767143709,2025-12-31T09:15:09,0.065
2,50-59,1767144008,2025-12-31T09:20:08,0.065
2,50-59,1767144307,2025-12-31T09:25:07,0.065
2,50-59,1767144622,2025-12-31T09:30:22,0.065
2,50-59,1767144907,2025-12-31T09:35:07,0.065
2,50-59,1767145208,2025-12-31T09:40:08,0.065
2,50-59,1767145508,2025-12-31T09:45:08,0.065
2,50-59,1767145808,2025-12-31T09:50:08,0.065
2,50-59,1767146108,2025-12-31T09:55:08,0.065
2,50-59,1767146407,2025-12-31T10:00:07,0.065
2,50-59,1767146707,2025-12-31T10:05:07,0.065
2,50-59,1767147008,2025-12-31T10:10:08,0.065
2,50-59,1767147307,2025-12-31T10:15:07,0.065
2,50-59,1767147608,2025-12-31T10:20:08,0.065
2,50-59,1767147909,2025-12-31T10:25:09,0.065
2,50-59,1767148208,2025-12-31T10:30:08,0.065
2,50-59,1767148508,2025-12-31T10:35:08,0.065
2,50-59,1767148820,2025-12-31T10:40:20,0.065
2,50-59,1767149108,2025-12-31T10:45:08,0.065
2,50-59,1767149408,2025-12-31T10:50:08,0.065
2,50-59,1767149708,2025-12-31T10:55:08,0.065
2,50-59,1767150009,2025-12-31T11:00:09,0.065
2,50-59,1767150319,2025-12-31T11:05:19,0.065
2,50-59,1767150608,2025-12-31T11:10:08,0.065
2,50-59,1767150908,2025-12-31T11:15:08,0.065
2,50-59,1767151208,2025-12-31T11:20:08,0.065
2,50-59,1767151522,2025-12-31T11:25:22,0.065
2,50-59,1767151822,2025-12-31T11:30:22,0.065
2,50-59,1767152121,2025-12-31T11:35:21,0.065
2,50-59,1767152408,2025-12-31T11:40:08,0.065
2,50-59,1767152707,2025-12-31T11:45:07,0.065
2,50-59,1767153022,2025-12-31T11:50:22,0.065
2,50-59,1767153307,2025-12-31T11:55:07,0.065
2,50-59,1767153609,2025-12-31T12:00:09,0.065
2,50-59,1767153908,2025-12-31T12:05:08,0.065
2,50-59,1767154207,2025-12-31T12:10:07,0.065
2,50-59,1767154507,2025-12-31T12:15:07,0.065
2,50-59,1767154820,2025-12-31T12:20:20,0.065
2,50-59,1767155107,2025-12-31T12:25:07,0.065
2,50-59,1767155421,2025-12-31T12:30:21,0.065
2,50-59,1767155708,2025-12-31T12:35:08,0.065
2,50-59,1767156007,2025-12-31T12:40:07,0.065
2,50-59,1767156306,2025-12-31T12:45:06,0.065
2,50-59,1767156607,2025-12-31T12:50:07,0.065
2,50-59,1767156907,2025-12-31T12:55:07,0.065
2,50-59,1767157207,2025-12-31T13:00:07,0.065
2,50-59,1767157507,2025-12-31T13:05:07,0.065
2,50-59,1767157808,2025-12-31T13:10:08,0.065
2,50-59,1767158107,2025-12-31T13:15:07,0.065
2,50-59,1767158407,2025-12-31T13:20:07,0.065
2,50-59,1767158707,2025-12-31T13:25:07,0.065
2,50-59,1767159008,2025-12-31T13:30:08,0.065
2,50-59,1767159307,2025-12-31T13:35:07,0.065
2,50-59,1767159607,2025-12-31T13:40:07,0.065
2,50-59,1767159907,2025-12-31T13:45:07,0.065
2,50-59,1767160207,2025-12-31T13:50:07,0.065
2,50-59,1767160507,2025-12-31T13:55:07,0.065
2,50-59,1767160807,2025-12-31T14:00:07,0.065
2,50-59,1767161107,2025-12-31T14:05:07,0.065
2,50-59,1767161407,2025-12-31T14:10:07,0.065
2,50-59,1767161707,2025-12-31T14:15:07,0.065
2,50-59,1767162007,2025-12-31T14:20:07,0.065
2,50-59,1767162307,2025-12-31T14:25:07,0.065
2,50-59,1767162607,2025-12-31T14:30:07,0.065
2,50-59,1767162907,2025-12-31T14:35:07,0.065
2,50-59,1767163207,2025-12-31T14:40:07,0.065
2,50-59,1767163507,2025-12-31T14:45:07,0.065
2,50-59,1767163807,2025-12-31T14:50:07,0.065
2,50-59,1767164107,2025-12-31T14:55:07,0.065
2,50-59,1767164407,2025-12-31T15:00:07,0.065
2,50-59,1767164707,2025-12-31T15:05:07,0.065
2,50-59,1767165007,2025-12-31T15:10:07,0.065
2,50-59,1767165307,2025-12-31T15:15:07,0.065
2,50-59,1767165607,2025-12-31T15:20:07,0.065
2,50-59,1767165907,2025-12-31T15:25:07,0.065
2,50-59,1767166207,2025-12-31T15:30:07,0.065
2,50-59,1767166507,2025-12-31T15:35:07,0.065
2,50-59,1767166807,2025-12-31T15:40:07,0.065
2,50-59,1767167107,2025-12-31T15:45:07,0.045
2,50-59,1767167407,2025-12-31T15:50:07,0.065
2,50-59,1767167707,2025-12-31T15:55:07,0.065
2,50-59,1767168007,2025-12-31T16:00:07,0.065
2,50-59,1767168307,2025-12-31T16:05:07,0.065
2,50-59,1767168621,2025-12-31T16:10:21,0.065
2,50-59,1767168907,2025-12-31T16:15:07,0.065
2,50-59,1767169207,2025-12-31T16:20:07,0.065
2,50-59,1767169507,2025-12-31T16:25:07,0.065
2,50-59,1767169807,2025-12-31T16:30:07,0.065
2,50-59,1767170107,2025-12-31T16:35:07,0.065
2,50-59,1767170407,2025-12-31T16:40:07,0.065
2,50-59,1767170707,2025-12-31T16:45:07,0.065
2,50-59,1767171022,2025-12-31T16:50:22,0.065
2,50-59,1767171307,2025-12-31T16:55:07,0.065
2,50-59,1767171607,2025-12-31T17:00:07,0.065
2,50-59,1767171907,2025-12-31T17:05:07,0.065
2,50-59,1767172207,2025-12-31T17:10:07,0.065
2,50-59,1767172507,2025-12-31T17:15:07,0.065
2,50-59,1767172807,2025-12-31T17:20:07,0.065
2,50-59,1767173107,2025-12-31T17:25:07,0.065
2,50-59,1767173407,2025-12-31T17:30:07,0.065
2,50-59,1767173706,2025-12-31T17:35:06,0.065
2,50-59,1767174007,2025-12-31T17:40:07,0.065
2,50-59,1767174307,2025-12-31T17:45:07,0.065
2,50-59,1767174607,2025-12-31T17:50:07,0.065
2,50-59,1767174907,2025-12-31T17:55:07,0.065
2,50-59,1767175208,2025-12-31T18:00:08,0.065
2,50-59,1767175507,2025-12-31T18:05:07,0.065
2,50-59,1767175819,2025-12-31T18:10:19,0.065
2,50-59,1767176107,2025-12-31T18:15:07,0.065
2,50-59,1767176407,2025-12-31T18:20:07,0.065
2,50-59,1767176707,2025-12-31T18:25:07,0.065
2,50-59,1767177007,2025-12-31T18:30:07,0.065
2,50-59,1767177307,2025-12-31T18:35:07,0.065
2,50-59,1767177607,2025-12-31T18:40:07,0.065
2,50-59,1767177907,2025-12-31T18:45:07,0.065
2,50-59,1767178207,2025-12-31T18:50:07,0.065
2,50-59,1767178507,2025-12-31T18:55:07,0.065
2,50-59,1767178818,2025-12-31T19:00:18,0.065
2,50-59,1767179107,2025-12-31T19:05:07,0.065
2,50-59,1767179407,2025-12-31T19:10:07,0.065
2,50-59,1767179707,2025-12-31T19:15:07,0.065
2,50-59,1767180007,2025-12-31T19:20:07,0.065
2,50-59,1767180307,2025-12-31T19:25:07,0.065
2,50-59,1767180607,2025-12-31T19:30:07,0.065
2,50-59,1767180907,2025-12-31T19:35:07,0.065
2,50-59,1767181207,2025-12-31T19:40:07,0.065
2,50-59,1767181507,2025-12-31T19:45:07,0.065
2,50-59,1767181807,2025-12-31T19:50:07,0.065
2,50-59,1767182107,2025-12-31T19:55:07,0.065
2,50-59,1767182407,2025-12-31T20:00:07,0.065
2,50-59,1767182707,2025-12-31T20:05:07,0.065
2,50-59,1767183007,2025-12-31T20:10:07,0.065
2,50-59,1767183307,2025-12-31T20:15:07,0.065
2,50-59,1767183607,2025-12-31T20:20:07,0.065
2,50-59,1767183907,2025-12-31T20:25:07,0.065
2,50-59,1767184219,2025-12-31T20:30:19,0.065
2,50-59,1767184507,2025-12-31T20:35:07,0.065
2,50-59,1767184807,2025-12-31T20:40:07,0.065
2,50-59,1767185107,2025-12-31T20:45:07,0.065
2,50-59,1767185407,2025-12-31T20:50:07,0.065
2,50-59,1767185707,2025-12-31T20:55:07,0.065
2,50-59,1767186007,2025-12-31T21:00:07,0.065
2,50-59,1767186307,2025-12-31T21:05:07,0.065
2,50-59,1767186622,2025-12-31T21:10:22,0.065
2,50-59,1767186907,2025-12-31T21:15:07,0.065
2,50-59,1767187207,2025-12-31T21:20:07,0.065
2,50-59,1767187507,2025-12-31T21:25:07,0.065
2,50-59,1767187807,2025-12-31T21:30:07,0.065
2,50-59,1767188107,2025-12-31T21:35:07,0.065
2,50-59,1767188407,2025-12-31T21:40:07,0.065
2,50-59,1767188720,2025-12-31T21:45:20,0.065
2,50-59,1767189007,2025-12-31T21:50:07,0.065
2,50-59,1767189307,2025-12-31T21:55:07,0.065
2,50-59,1767189607,2025-12-31T22:00:07,0.08
2,50-59,1767189907,2025-12-31T22:05:07,0.085
2,50-59,1767190220,2025-12-31T22:10:20,0.085
2,50-59,1767190507,2025-12-31T22:15:07,0.085
2,50-59,1767190818,2025-12-31T22:20:18,0.085
2,50-59,1767191107,2025-12-31T22:25:07,0.085
2,50-59,1767191407,2025-12-31T22:30:07,0.085
2,50-59,1767191707,2025-12-31T22:35:07,0.085
2,50-59,1767192007,2025-12-31T22:40:07,0.085
2,50-59,1767192307,2025-12-31T22:45:07,0.085
2,50-59,1767192607,2025-12-31T22:50:07,0.085
2,50-59,1767192907,2025-12-31T22:55:07,0.085
2,50-59,1767193207,2025-12-31T23:00:07,0.085
2,50-59,1767193507,2025-12-31T23:05:07,0.085
2,50-59,1767193807,2025-12-31T23:10:07,0.085
2,50-59,1767194107,2025-12-31T23:15:07,0.085
2,50-59,1767194407,2025-12-31T23:20:07,0.085
2,50-59,1767194707,2025-12-31T23:25:07,0.085
2,50-59,1767195008,2025-12-31T23:30:08,0.08
2,50-59,1767195321,2025-12-31T23:35:21,0.08
2,50-59,1767195607,2025-12-31T23:40:07,0.08
2,50-59,1767195921,2025-12-31T23:45:21,0.08
2,50-59,1767196207,2025-12-31T23:50:07,0.08
2,50-59,1767196507,2025-12-31T23:55:07,0.08
2,50-59,1767196808,2026-01-01T00:00:08,0.08
2,50-59,1767197107,2026-01-01T00:05:07,0.08
2,50-59,1767197408,2026-01-01T00:10:08,0.08
2,50-59,1767197720,2026-01-01T00:15:20,0.08
2,50-59,1767198007,2026-01-01T00:20:07,0.08
2,50-59,1767198307,2026-01-01T00:25:07,0.08
2,50-59,1767198608,2026-01-01T00:30:08,0.08
2,50-59,1767198908,2026-01-01T00:35:08,0.08
2,50-59,1767199207,2026-01-01T00:40:07,0.08
2,50-59,1767199507,2026-01-01T00:45:07,0.08
2,50-59,1767199808,2026-01-01T00:50:08,0.08
2,50-59,1767200108,2026-01-01T00:55:08,0.08
2,50-59,1767200409,2026-01-01T01:00:09,0.08
2,50-59,1767200708,2026-01-01T01:05:08,0.08
2,50-59,1767201008,2026-01-01T01:10:08,0.08
2,50-59,1767201308,2026-01-01T01:15:08,0.08
2,50-59,1767201608,2026-01-01T01:20:08,0.08
2,50-59,1767201908,2026-01-01T01:25:08,0.08
2,50-59,1767202208,2026-01-01T01:30:08,0.08
2,50-59,1767202521,2026-01-01T01:35:21,0.08
2,50-59,1767202808,2026-01-01T01:40:08,0.08
2,50-59,1767203108,2026-01-01T01:45:08,0.08
2,50-59,1767203410,2026-01-01T01:50:10,0.08
2,50-59,1767203708,2026-01-01T01:55:08,0.08
2,50-59,1767204009,2026-01-01T02:00:09,0.08
2,50-59,1767204308,2026-01-01T02:05:08,0.08
2,50-59,1767204607,2026-01-01T02:10:07,0.08
2,50-59,1767204907,2026-01-01T02:15:07,0.08
2,50-59,1767205208,2026-01-01T02:20:08,0.08
2,50-59,1767205508,2026-01-01T02:25:08,0.08
2,50-59,1767205808,2026-01-01T02:30:08,0.08
2,50-59,1767206107,2026-01-01T02:35:07,0.085
2,50-59,1767206407,2026-01-01T02:40:07,0.085
2,50-59,1767206707,2026-01-01T02:45:07,0.08
2,50-59,1767207007,2026-01-01T02:50:07,0.08
2,50-59,1767207308,2026-01-01T02:55:08,0.08
2,50-59,1767207625,2026-01-01T03:00:25,0.08
2,50-59,1767207908,2026-01-01T03:05:08,0.085
2,50-59,1767208208,2026-01-01T03:10:08,0.085
2,50-59,1767208507,2026-01-01T03:15:07,0.085
2,50-59,1767208807,2026-01-01T03:20:07,0.085
2,50-59,1767209108,2026-01-01T03:25:08,0.085
2,50-59,1767209408,2026-01-01T03:30:08,0.085
2,50-59,1767209707,2026-01-01T03:35:07,0.085
2,50-59,1767210008,2026-01-01T03:40:08,0.085
2,50-59,1767210307,2026-01-01T03:45:07,0.085
2,50-59,1767210608,2026-01-01T03:50:08,0.085
2,50-59,1767210907,2026-01-01T03:55:07,0.085
2,50-59,1767211208,2026-01-01T04:00:08,0.085
2,50-59,1767211508,2026-01-01T04:05:08,0.085
2,50-59,1767211808,2026-01-01T04:10:08,0.085
2,50-59,1767212107,2026-01-01T04:15:07,0.085
2,50-59,1767212407,2026-01-01T04:20:07,0.085
2,50-59,1767212720,2026-01-01T04:25:20,0.085
2,50-59,1767213007,2026-01-01T04:30:07,0.095
2,50-59,1767213307,2026-01-01T04:35:07,0.095
2,50-59,1767213608,2026-01-01T04:40:08,0.09
2,50-59,1767213908,2026-01-01T04:45:08,0.09
2,50-59,1767214208,2026-01-01T04:50:08,0.09
2,50-59,1767214507,2026-01-01T04:55:07,0.09
2,50-59,1767214809,2026-01-01T05:00:09,0.09
2,50-59,1767215108,2026-01-01T05:05:08,0.09
2,50-59,1767215407,2026-01-01T05:10:07,0.09
2,50-59,1767215707,2026-01-01T05:15:07,0.09
2,50-59,1767216008,2026-01-01T05:20:08,0.09
2,50-59,1767216307,2026-01-01T05:25:07,0.09
2,50-59,1767216608,2026-01-01T05:30:08,0.09
2,50-59,1767216908,2026-01-01T05:35:08,0.09
2,50-59,1767217207,2026-01-01T05:40:07,0.09
2,50-59,1767217507,2026-01-01T05:45:07,0.09
2,50-59,1767217808,2026-01-01T05:50:08,0.09
2,50-59,1767218108,2026-01-01T05:55:08,0.09
2,50-59,1767218408,2026-01-01T06:00:08,0.09
2,50-59,1767218708,2026-01-01T06:05:08,0.09
2,50-59,1767219007,2026-01-01T06:10:07,0.09
2,50-59,1767219323,2026-01-01T06:15:23,0.085
2,50-59,1767219607,2026-01-01T06:20:07,0.09
2,50-59,1767219908,2026-01-01T06:25:08,0.075
2,50-59,1767220208,2026-01-01T06:30:08,0.075
2,50-59,1767220518,2026-01-01T06:35:18,0.065
2,50-59,1767220808,2026-01-01T06:40:08,0.065
2,50-59,1767221108,2026-01-01T06:45:08,0.085
2,50-59,1767221408,2026-01-01T06:50:08,0.075
2,50-59,1767221707,2026-01-01T06:55:07,0.075
2,50-59,1767222008,2026-01-01T07:00:08,0.075
2,50-59,1767222319,2026-01-01T07:05:19,0.075
2,50-59,1767222607,2026-01-01T07:10:07,0.075
2,50-59,1767222907,2026-01-01T07:15:07,0.075
2,50-59,1767223207,2026-01-01T07:20:07,0.075
2,50-59,1767223508,2026-01-01T07:25:08,0.07
2,50-59,1767223808,2026-01-01T07:30:08,0.07
2,50-59,1767224107,2026-01-01T07:35:07,0.07
2,50-59,1767224407,2026-01-01T07:40:07,0.07
2,50-59,1767224708,2026-01-01T07:45:08,0.08
2,50-59,1767225018,2026-01-01T07:50:18,0.08
2,50-59,1767225307,2026-01-01T07:55:07,0.08
2,50-59,1767225608,2026-01-01T08:00:08,0.085
2,50-59,1767225908,2026-01-01T08:05:08,0.085
2,50-59,1767226207,2026-01-01T08:10:07,0.085
2,50-59,1767226508,2026-01-01T08:15:08,0.08
2,50-59,1767226807,2026-01-01T08:20:07,0.08
2,50-59,1767227107,2026-01-01T08:25:07,0.085
2,50-59,1767227408,2026-01-01T08:30:08,0.085
2,50-59,1767227707,2026-01-01T08:35:07,0.085
2,50-59,1767228007,2026-01-01T08:40:07,0.065
2,50-59,1767228307,2026-01-01T08:45:07,0.065
2,50-59,1767228607,2026-01-01T08:50:07,0.05
2,50-59,1767228907,2026-01-01T08:55:07,0.04
2,50-59,1767229207,2026-01-01T09:00:07,0.04
2,50-59,1767229507,2026-01-01T09:05:07,0.045
2,50-59,1767229807,2026-01-01T09:10:07,0.035
2,50-59,1767230107,2026-01-01T09:15:07,0.035
2,50-59,1767230407,2026-01-01T09:20:07,0.035
2,50-59,1767230708,2026-01-01T09:25:08,0.035
2,50-59,1767231008,2026-01-01T09:30:08,0.035
2,50-59,1767231307,2026-01-01T09:35:07,0.025
2,50-59,1767231621,2026-01-01T09:40:21,0.035
2,50-59,1767231907,2026-01-01T09:45:07,0.035
2,50-59,1767232207,2026-01-01T09:50:07,0.035
2,50-59,1767232507,2026-01-01T09:55:07,0.035
2,50-59,1767232807,2026-01-01T10:00:07,0.035
2,50-59,1767233108,2026-01-01T10:05:08,0.035
2,50-59,1767233422,2026-01-01T10:10:22,0.035
2,50-59,1767233707,2026-01-01T10:15:07,0.035
2,50-59,1767234007,2026-01-01T10:20:07,0.035
2,50-59,1767234307,2026-01-01T10:25:07,0.035
2,50-59,1767234608,2026-01-01T10:30:08,0.035
2,50-59,1767234907,2026-01-01T10:35:07,0.035
2,50-59,1767235207,2026-01-01T10:40:07,0.035
2,50-59,1767235507,2026-01-01T10:45:07,0.035
2,50-59,1767235807,2026-01-01T10:50:07,0.035
2,50-59,1767236107,2026-01-01T10:55:07,0.035
2,50-59,1767236407,2026-01-01T11:00:07,0.035
2,50-59,1767236707,2026-01-01T11:05:07,0.035
2,50-59,1767237007,2026-01-01T11:10:07,0.035
2,50-59,1767237307,2026-01-01T11:15:07,0.035
2,50-59,1767237620,2026-01-01T11:20:20,0.035
2,50-59,1767237907,2026-01-01T11:25:07,0.035
2,50-59,1767238207,2026-01-01T11:30:07,0.035
2,50-59,1767238520,2026-01-01T11:35:20,0.035
2,50-59,1767238807,2026-01-01T11:40:07,0.035
2,50-59,1767239120,2026-01-01T11:45:20,0.035
2,50-59,1767239407,2026-01-01T11:50:07,0.035
2,50-59,1767239707,2026-01-01T11:55:07,0.035
2,50-59,1767240023,2026-01-01T12:00:23,0.035
2,50-59,1767240307,2026-01-01T12:05:07,0.035
2,50-59,1767240621,2026-01-01T12:10:21,0.035
2,50-59,1767240907,2026-01-01T12:15:07,0.035
2,50-59,1767241220,2026-01-01T12:20:20,0.035
2,50-59,1767241507,2026-01-01T12:25:07,0.035
2,50-59,1767241807,2026-01-01T12:30:07,0.035
2,50-59,1767242107,2026-01-01T12:35:07,0.035
2,50-59,1767242407,2026-01-01T12:40:07,0.035
2,50-59,1767242707,2026-01-01T12:45:07,0.035
2,50-59,1767243007,2026-01-01T12:50:07,0.035
2,50-59,1767243308,2026-01-01T12:55:08,0.035
2,50-59,1767243608,2026-01-01T13:00:08,0.035
2,50-59,1767243907,2026-01-01T13:05:07,0.035
2,50-59,1767244207,2026-01-01T13:10:07,0.035
2,50-59,1767244507,2026-01-01T13:15:07,0.035
2,50-59,1767244807,2026-01-01T13:20:07,0.035
2,50-59,1767245107,2026-01-01T13:25:07,0.035
2,50-59,1767245408,2026-01-01T13:30:08,0.035
2,50-59,1767245707,2026-01-01T13:35:07,0.035
2,50-59,1767246007,2026-01-01T13:40:07,0.035
2,50-59,1767246307,2026-01-01T13:45:07,0.035
2,50-59,1767246607,2026-01-01T13:50:07,0.035
2,50-59,1767246907,2026-01-01T13:55:07,0.035
2,50-59,1767247209,2026-01-01T14:00:09,0.035
2,50-59,1767247507,2026-01-01T14:05:07,0.035
2,50-59,1767247807,2026-01-01T14:10:07,0.035
2,50-59,1767248108,2026-01-01T14:15:08,0.035
2,50-59,1767248407,2026-01-01T14:20:07,0.035
2,50-59,1767248707,2026-01-01T14:25:07,0.035
2,50-59,1767249008,2026-01-01T14:30:08,0.035
2,50-59,1767249307,2026-01-01T14:35:07,0.035
2,50-59,1767249618,2026-01-01T14:40:18,0.035
2,50-59,1767249907,2026-01-01T14:45:07,0.035
2,50-59,1767250207,2026-01-01T14:50:07,0.035
2,50-59,1767250507,2026-01-01T14:55:07,0.035
2,50-59,1767250807,2026-01-01T15:00:07,0.035
2,50-59,1767251107,2026-01-01T15:05:07,0.035
2,50-59,1767251407,2026-01-01T15:10:07,0.035
2,50-59,1767251707,2026-01-01T15:15:07,0.0345
2,50-59,1767252019,2026-01-01T15:20:19,0.0345
2,50-59,1767252307,2026-01-01T15:25:07,0.0345
2,50-59,1767252622,2026-01-01T15:30:22,0.0345
2,50-59,1767252907,2026-01-01T15:35:07,0.0345
2,50-59,1767253207,2026-01-01T15:40:07,0.0345
2,50-59,1767253507,2026-01-01T15:45:07,0.0345
2,50-59,1767253807,2026-01-01T15:50:07,0.0345
2,50-59,1767254107,2026-01-01T15:55:07,0.0345
2,50-59,1767254407,2026-01-01T16:00:07,0.0345
2,50-59,1767254706,2026-01-01T16:05:06,0.0345
2,50-59,1767255007,2026-01-01T16:10:07,0.0345
2,50-59,1767255307,2026-01-01T16:15:07,0.0345
2,50-59,1767255606,2026-01-01T16:20:06,0.0345
2,50-59,1767255907,2026-01-01T16:25:07,0.0345
2,50-59,1767256207,2026-01-01T16:30:07,0.0345
2,50-59,1767256506,2026-01-01T16:35:06,0.0345
2,50-59,1767256807,2026-01-01T16:40:07,0.0345
2,50-59,1767257106,2026-01-01T16:45:06,0.0345
2,50-59,1767257407,2026-01-01T16:50:07,0.0345
2,50-59,1767257706,2026-01-01T16:55:06,0.0345
2,50-59,1767258008,2026-01-01T17:00:08,0.0345
2,50-59,1767258307,2026-01-01T17:05:07,0.0345
2,50-59,1767258607,2026-01-01T17:10:07,0.0345
2,50-59,1767258906,2026-01-01T17:15:06,0.0345
2,50-59,1767259206,2026-01-01T17:20:06,0.0345
2,50-59,1767259506,2026-01-01T17:25:06,0.0345
2,50-59,1767259806,2026-01-01T17:30:06,0.0345
2,50-59,1767260106,2026-01-01T17:35:06,0.0345
2,50-59,1767260407,2026-01-01T17:40:07,0.0345
2,50-59,1767260707,2026-01-01T17:45:07,0.0345
2,50-59,1767261006,2026-01-01T17:50:06,0.0345
2,50-59,1767261306,2026-01-01T17:55:06,0.0345
2,50-59,1767261607,2026-01-01T18:00:07,0.0345
2,50-59,1767261906,2026-01-01T18:05:06,0.0345
2,50-59,1767262207,2026-01-01T18:10:07,0.0345
2,50-59,1767262506,2026-01-01T18:15:06,0.0345
2,50-59,1767262806,2026-01-01T18:20:06,0.0345
2,50-59,1767263106,2026-01-01T18:25:06,0.0345
2,50-59,1767263406,2026-01-01T18:30:06,0.0345
2,50-59,1767263706,2026-01-01T18:35:06,0.0345
2,50-59,1767264006,2026-01-01T18:40:06,0.0345
2,50-59,1767264306,2026-01-01T18:45:06,0.0345
2,50-59,1767264606,2026-01-01T18:50:06,0.0345
2,50-59,1767264906,2026-01-01T18:55:06,0.0345
2,50-59,1767265207,2026-01-01T19:00:07,0.0345
2,50-59,1767265506,2026-01-01T19:05:06,0.0345
2,50-59,1767265819,2026-01-01T19:10:19,0.0345
2,50-59,1767266106,2026-01-01T19:15:06,0.0345
2,50-59,1767266406,2026-01-01T19:20:06,0.0345
2,50-59,1767266720,2026-01-01T19:25:20,0.0345
2,50-59,1767267006,2026-01-01T19:30:06,0.0345
2,50-59,1767267306,2026-01-01T19:35:06,0.0345
2,50-59,1767267606,2026-01-01T19:40:06,0.0345
2,50-59,1767267906,2026-01-01T19:45:06,0.0345
2,50-59,1767268206,2026-01-01T19:50:06,0.0345
2,50-59,1767268521,2026-01-01T19:55:21,0.0345
2,50-59,1767268806,2026-01-01T20:00:06,0.0345
2,50-59,1767269106,2026-01-01T20:05:06,0.0345
2,50-59,1767269406,2026-01-01T20:10:06,0.0345
2,50-59,1767269721,2026-01-01T20:15:21,0.0345
2,50-59,1767270029,2026-01-01T20:20:29,0.0345
2,50-59,1767270306,2026-01-01T20:25:06,0.0345
2,50-59,1767270606,2026-01-01T20:30:06,0.0345
2,50-59,1767270918,2026-01-01T20:35:18,0.0345
2,50-59,1767271206,2026-01-01T20:40:06,0.0345
2,50-59,1767271506,2026-01-01T20:45:06,0.0345
2,50-59,1767271806,2026-01-01T20:50:06,0.0345
2,50-59,1767272106,2026-01-01T20:55:06,0.0345
2,50-59,1767272418,2026-01-01T21:00:18,0.0345
2,50-59,1767272706,2026-01-01T21:05:06,0.0345
2,50-59,1767273006,2026-01-01T21:10:06,0.0345
2,50-59,1767273306,2026-01-01T21:15:06,0.0345
2,50-59,1767273616,2026-01-01T21:20:16,0.0345
2,50-59,1767273906,2026-01-01T21:25:06,0.0345
2,50-59,1767274206,2026-01-01T21:30:06,0.0345
2,50-59,1767274520,2026-01-01T21:35:20,0.0345
2,50-59,1767274806,2026-01-01T21:40:06,0.0345
2,50-59,1767275106,2026-01-01T21:45:06,0.0325
2,50-59,1767275406,2026-01-01T21:50:06,0.0325
2,50-59,1767275706,2026-01-01T21:55:06,0.0325
2,50-59,1767276006,2026-01-01T22:00:06,0.0325
2,50-59,1767276306,2026-01-01T22:05:06,0.0325
2,50-59,1767276607,2026-01-01T22:10:07,0.0325
2,50-59,1767276921,2026-01-01T22:15:21,0.0325
2,50-59,1767277219,2026-01-01T22:20:19,0.0325
2,50-59,1767277506,2026-01-01T22:25:06,0.0325
2,50-59,1767277806,2026-01-01T22:30:06,0.0325
2,50-59,1767278106,2026-01-01T22:35:06,0.0325
2,50-59,1767278406,2026-01-01T22:40:06,0.0325
2,50-59,1767278706,2026-01-01T22:45:06,0.0325
2,50-59,1767279006,2026-01-01T22:50:06,0.0325
2,50-59,1767279306,2026-01-01T22:55:06,0.0325
2,50-59,1767279607,2026-01-01T23:00:07,0.0325
2,50-59,1767279906,2026-01-01T23:05:06,0.0325
2,50-59,1767280207,2026-01-01T23:10:07,0.0325
2,50-59,1767280507,2026-01-01T23:15:07,0.0275
2,50-59,1767280807,2026-01-01T23:20:07,0.0275
2,50-59,1767281106,2026-01-01T23:25:06,0.0275
2,50-59,1767281407,2026-01-01T23:30:07,0.0275
2,50-59,1767281706,2026-01-01T23:35:06,0.027
2,50-59,1767282007,2026-01-01T23:40:07,0.027
2,50-59,1767282306,2026-01-01T23:45:06,0.027
2,50-59,1767282622,2026-01-01T23:50:22,0.027
2,50-59,1767282906,2026-01-01T23:55:06,0.027
2,50-59,1767283206,2026-01-02T00:00:06,0.027
2,50-59,1767283506,2026-01-02T00:05:06,0.027
2,50-59,1767283806,2026-01-02T00:10:06,0.027
2,50-59,1767284107,2026-01-02T00:15:07,0.027
2,50-59,1767284406,2026-01-02T00:20:06,0.027
2,50-59,1767284706,2026-01-02T00:25:06,0.027
2,50-59,1767285006,2026-01-02T00:30:06,0.027
2,50-59,1767285306,2026-01-02T00:35:06,0.027
2,50-59,1767285606,2026-01-02T00:40:06,0.027
2,50-59,1767285906,2026-01-02T00:45:06,0.027
2,50-59,1767286206,2026-01-02T00:50:06,0.027
2,50-59,1767286506,2026-01-02T00:55:06,0.027
2,50-59,1767286807,2026-01-02T01:00:07,0.027
2,50-59,1767287106,2026-01-02T01:05:06,0.027
2,50-59,1767287407,2026-01-02T01:10:07,0.027
2,50-59,1767287706,2026-01-02T01:15:06,0.027
2,50-59,1767288006,2026-01-02T01:20:06,0.027
2,50-59,1767288320,2026-01-02T01:25:20,0.027
2,50-59,1767288607,2026-01-02T01:30:07,0.027
2,50-59,1767288906,2026-01-02T01:35:06,0.027
2,50-59,1767289206,2026-01-02T01:40:06,0.027
2,50-59,1767289506,2026-01-02T01:45:06,0.027
2,50-59,1767289806,2026-01-02T01:50:06,0.027
2,50-59,1767290106,2026-01-02T01:55:06,0.027
2,50-59,1767290408,2026-01-02T02:00:08,0.027
2,50-59,1767290706,2026-01-02T02:05:06,0.027
2,50-59,1767291006,2026-01-02T02:10:06,0.027
2,50-59,1767291306,2026-01-02T02:15:06,0.027
2,50-59,1767291606,2026-01-02T02:20:06,0.027
2,50-59,1767291907,2026-01-02T02:25:07,0.027
2,50-59,1767292206,2026-01-02T02:30:06,0.0215
2,50-59,1767292506,2026-01-02T02:35:06,0.0215
2,50-59,1767292819,2026-01-02T02:40:19,0.0215
2,50-59,1767293119,2026-01-02T02:45:19,0.005
2,50-59,1767293407,2026-01-02T02:50:07,0.0225
2,50-59,1767293706,2026-01-02T02:55:06,0.022
2,50-59,1767294006,2026-01-02T03:00:06,0.0235
2,50-59,1767294306,2026-01-02T03:05:06,0.0235
2,50-59,1767294606,2026-01-02T03:10:06,0.0225
2,50-59,1767294906,2026-01-02T03:15:06,0.022
2,50-59,1767295207,2026-01-02T03:20:07,0.024
2,50-59,1767295507,2026-01-02T03:25:07,0.024
2,50-59,1767295807,2026-01-02T03:30:07,0.024
2,50-59,1767296106,2026-01-02T03:35:06,0.024
2,50-59,1767296406,2026-01-02T03:40:06,0.024
2,50-59,1767296706,2026-01-02T03:45:06,0.02
2,50-59,1767297006,2026-01-02T03:50:06,0.0185
2,50-59,1767297318,2026-01-02T03:55:18,0.0185
2,50-59,1767297618,2026-01-02T04:00:18,0.0185
2,50-59,1767297906,2026-01-02T04:05:06,0.0185
2,50-59,1767298207,2026-01-02T04:10:07,0.0185
2,50-59,1767298506,2026-01-02T04:15:06,0.0185
2,50-59,1767298819,2026-01-02T04:20:19,0.0185
2,50-59,1767299106,2026-01-02T04:25:06,0.0185
2,50-59,1767299422,2026-01-02T04:30:22,0.0185
2,50-59,1767299719,2026-01-02T04:35:19,0.0185
2,50-59,1767300006,2026-01-02T04:40:06,0.0185
2,50-59,1767300307,2026-01-02T04:45:07,0.0185
2,50-59,1767300606,2026-01-02T04:50:06,0.0185
2,50-59,1767300906,2026-01-02T04:55:06,0.0185
2,50-59,1767301206,2026-01-02T05:00:06,0.0185
2,50-59,1767301506,2026-01-02T05:05:06,0.0185
2,50-59,1767301807,2026-01-02T05:10:07,0.0185
2,50-59,1767302107,2026-01-02T05:15:07,0.0115
2,50-59,1767302406,2026-01-02T05:20:06,0.0115
2,50-59,1767302706,2026-01-02T05:25:06,0.0065
2,50-59,1767303007,2026-01-02T05:30:07,0.0065
2,50-59,1767303306,2026-01-02T05:35:06,0.005
2,50-59,1767303606,2026-01-02T05:40:06,0.005
2,50-59,1767303906,2026-01-02T05:45:06,0.005
2,50-59,1767304206,2026-01-02T05:50:06,0.005
2,50-59,1767304507,2026-01-02T05:55:07,0.005
2,50-59,1767304807,2026-01-02T06:00:07,0.005
2,50-59,1767305106,2026-01-02T06:05:06,0.005
2,50-59,1767305406,2026-01-02T06:10:06,0.005
2,50-59,1767305706,2026-01-02T06:15:06,0.005
2,50-59,1767306006,2026-01-02T06:20:06,0.005
2,50-59,1767306306,2026-01-02T06:25:06,0.005
2,50-59,1767306607,2026-01-02T06:30:07,0.005
2,50-59,1767306906,2026-01-02T06:35:06,0.005
2,50-59,1767307206,2026-01-02T06:40:06,0.005
2,50-59,1767307507,2026-01-02T06:45:07,0.005
2,50-59,1767307806,2026-01-02T06:50:06,0.005
2,50-59,1767308106,2026-01-02T06:55:06,0.005
2,50-59,1767308408,2026-01-02T07:00:08,0.005
2,50-59,1767308706,2026-01-02T07:05:06,0.005
2,50-59,1767309006,2026-01-02T07:10:06,0.005
2,50-59,1767309306,2026-01-02T07:15:06,0.005
2,50-59,1767309606,2026-01-02T07:20:06,0.005
2,50-59,1767309906,2026-01-02T07:25:06,0.005
2,50-59,1767310207,2026-01-02T07:30:07,0.0055
2,50-59,1767310517,2026-01-02T07:35:17,0.0055
2,50-59,1767310806,2026-01-02T07:40:06,0.0055
2,50-59,1767311106,2026-01-02T07:45:06,0.0055
2,50-59,1767311406,2026-01-02T07:50:06,0.07
2,50-59,1767311707,2026-01-02T07:55:07,0.0535
2,50-59,1767312008,2026-01-02T08:00:08,0.059
2,50-59,1767312306,2026-01-02T08:05:06,0.069
2,50-59,1767312606,2026-01-02T08:10:06,0.067
2,50-59,1767312907,2026-01-02T08:15:07,0.0635
2,50-59,1767313207,2026-01-02T08:20:07,0.0705
2,50-59,1767313506,2026-01-02T08:25:06,0.0705
2,50-59,1767313821,2026-01-02T08:30:21,0.07
2,50-59,1767314106,2026-01-02T08:35:06,0.071
2,50-59,1767314407,2026-01-02T08:40:07,0.07
2,50-59,1767314707,2026-01-02T08:45:07,0.069
2,50-59,1767315007,2026-01-02T08:50:07,0.069
2,50-59,1767315306,2026-01-02T08:55:06,0.031
2,50-59,1767315607,2026-01-02T09:00:07,0.031
2,50-59,1767315906,2026-01-02T09:05:06,0.031
2,50-59,1767316206,2026-01-02T09:10:06,0.031
2,50-59,1767316507,2026-01-02T09:15:07,0.0305
2,50-59,1767316806,2026-01-02T09:20:06,0.0295
2,50-59,1767317106,2026-01-02T09:25:06,0.0295
2,50-59,1767317407,2026-01-02T09:30:07,0.0295
2,50-59,1767317706,2026-01-02T09:35:06,0.0295
2,50-59,1767318007,2026-01-02T09:40:07,0.0295
2,50-59,1767318306,2026-01-02T09:45:06,0.0295
2,50-59,1767318607,2026-01-02T09:50:07,0.018
2,50-59,1767318906,2026-01-02T09:55:06,0.018
2,50-59,1767319208,2026-01-02T10:00:08,0.018
2,50-59,1767319506,2026-01-02T10:05:06,0.018
2,50-59,1767319821,2026-01-02T10:10:21,0.018
2,50-59,1767320106,2026-01-02T10:15:06,0.018
2,50-59,1767320406,2026-01-02T10:20:06,0.018
2,50-59,1767320706,2026-01-02T10:25:06,0.018
2,50-59,1767321007,2026-01-02T10:30:07,0.018
2,50-59,1767321320,2026-01-02T10:35:20,0.018
2,50-59,1767321617,2026-01-02T10:40:17,0.018
2,50-59,1767321907,2026-01-02T10:45:07,0.018
2,50-59,1767322222,2026-01-02T10:50:22,0.018
2,50-59,1767322506,2026-01-02T10:55:06,0.018
2,50-59,1767322809,2026-01-02T11:00:09,0.018
2,50-59,1767323107,2026-01-02T11:05:07,0.018
2,50-59,1767323406,2026-01-02T11:10:06,0.018
2,50-59,1767323706,2026-01-02T11:15:06,0.018
2,50-59,1767324006,2026-01-02T11:20:06,0.018
2,50-59,1767324306,2026-01-02T11:25:06,0.018
2,50-59,1767324607,2026-01-02T11:30:07,0.018
2,50-59,1767324907,2026-01-02T11:35:07,0.018
2,50-59,1767325207,2026-01-02T11:40:07,0.018
2,50-59,1767325506,2026-01-02T11:45:06,0.018
2,50-59,1767325806,2026-01-02T11:50:06,0.018
2,50-59,1767326106,2026-01-02T11:55:06,0.018
2,50-59,1767326406,2026-01-02T12:00:06,0.018
2,50-59,1767326706,2026-01-02T12:05:06,0.018
2,50-59,1767327007,2026-01-02T12:10:07,0.018
2,50-59,1767327306,2026-01-02T12:15:06,0.018
2,50-59,1767327607,2026-01-02T12:20:07,0.018
2,50-59,1767327907,2026-01-02T12:25:07,0.018
2,50-59,1767328207,2026-01-02T12:30:07,0.018
2,50-59,1767328506,2026-01-02T12:35:06,0.018
2,50-59,1767328807,2026-01-02T12:40:07,0.018
2,50-59,1767329106,2026-01-02T12:45:06,0.018
2,50-59,1767329407,2026-01-02T12:50:07,0.018
2,50-59,1767329706,2026-01-02T12:55:06,0.018
2,50-59,1767330008,2026-01-02T13:00:08,0.018
2,50-59,1767330306,2026-01-02T13:05:06,0.018
2,50-59,1767330606,2026-01-02T13:10:06,0.018
2,50-59,1767330906,2026-01-02T13:15:06,0.018
2,50-59,1767331207,2026-01-02T13:20:07,0.018
2,50-59,1767331521,2026-01-02T13:25:21,0.018
2,50-59,1767331807,2026-01-02T13:30:07,0.018
2,50-59,1767332106,2026-01-02T13:35:06,0.018
2,50-59,1767332406,2026-01-02T13:40:06,0.018
2,50-59,1767332718,2026-01-02T13:45:18,0.018
2,50-59,1767333007,2026-01-02T13:50:07,0.018
2,50-59,1767333318,2026-01-02T13:55:18,0.018
2,50-59,1767333607,2026-01-02T14:00:07,0.018
2,50-59,1767333906,2026-01-02T14:05:06,0.018
2,50-59,1767334206,2026-01-02T14:10:06,0.018
2,50-59,1767334507,2026-01-02T14:15:07,0.018
2,50-59,1767334817,2026-01-02T14:20:17,0.018
2,50-59,1767335106,2026-01-02T14:25:06,0.018
2,50-59,1767335407,2026-01-02T14:30:07,0.018
2,50-59,1767335707,2026-01-02T14:35:07,0.017
2,50-59,1767336006,2026-01-02T14:40:06,0.0165
2,50-59,1767336306,2026-01-02T14:45:06,0.0165
2,50-59,1767336607,2026-01-02T14:50:07,0.0155
2,50-59,1767336906,2026-01-02T14:55:06,0.0155
2,50-59,1767337206,2026-01-02T15:00:06,0.014
2,50-59,1767337507,2026-01-02T15:05:07,0.005
2,50-59,1767337806,2026-01-02T15:10:06,0.005
2,50-59,1767338107,2026-01-02T15:15:07,0.005
2,50-59,1767338407,2026-01-02T15:20:07,0.005
2,50-59,1767338706,2026-01-02T15:25:06,0.005
2,50-59,1767339006,2026-01-02T15:30:06,0.005
2,50-59,1767339306,2026-01-02T15:35:06,0.005
2,50-59,1767339607,2026-01-02T15:40:07,0.005
2,50-59,1767339906,2026-01-02T15:45:06,0.005
2,50-59,1767340206,2026-01-02T15:50:06,0.005
2,50-59,1767340506,2026-01-02T15:55:06,0.005
2,50-59,1767340807,2026-01-02T16:00:07,0.005
2,50-59,1767341106,2026-01-02T16:05:06,0.005
2,50-59,1767341406,2026-01-02T16:10:06,0.005
2,50-59,1767341706,2026-01-02T16:15:06,0.005
2,50-59,1767342007,2026-01-02T16:20:07,0.005
2,50-59,1767342307,2026-01-02T16:25:07,0.005
2,50-59,1767342607,2026-01-02T16:30:07,0.005
2,50-59,1767342906,2026-01-02T16:35:06,0.005
2,50-59,1767343206,2026-01-02T16:40:06,0.005
2,50-59,1767343506,2026-01-02T16:45:06,0.005
2,50-59,1767343822,2026-01-02T16:50:22,0.005
2,50-59,1767344106,2026-01-02T16:55:06,0.005
2,50-59,1767344407,2026-01-02T17:00:07,0.005
2,50-59,1767344706,2026-01-02T17:05:06,0.004
2,50-59,1767345006,2026-01-02T17:10:06,0.004
2,50-59,1767345307,2026-01-02T17:15:07,0.004
2,50-59,1767345606,2026-01-02T17:20:06,0.004
2,50-59,1767345906,2026-01-02T17:25:06,0.004
2,50-59,1767346207,2026-01-02T17:30:07,0.004
2,50-59,1767346507,2026-01-02T17:35:07,0.004
2,50-59,1767346807,2026-01-02T17:40:07,0.004
2,50-59,1767347106,2026-01-02T17:45:06,0.004
2,50-59,1767347406,2026-01-02T17:50:06,0.004
2,50-59,1767347706,2026-01-02T17:55:06,0.004
2,50-59,1767348009,2026-01-02T18:00:09,0.004
2,50-59,1767348317,2026-01-02T18:05:17,0.004
2,50-59,1767348607,2026-01-02T18:10:07,0.004
2,50-59,1767348906,2026-01-02T18:15:06,0.004
2,50-59,1767349207,2026-01-02T18:20:07,0.004
2,50-59,1767349506,2026-01-02T18:25:06,0.004
2,50-59,1767349806,2026-01-02T18:30:06,0.004
2,50-59,1767350120,2026-01-02T18:35:20,0.004
2,50-59,1767350406,2026-01-02T18:40:06,0.004
2,50-59,1767350706,2026-01-02T18:45:06,0.004
2,50-59,1767351006,2026-01-02T18:50:06,0.004
2,50-59,1767351306,2026-01-02T18:55:06,0.004
2,50-59,1767351608,2026-01-02T19:00:08,0.003
2,50-59,1767351906,2026-01-02T19:05:06,0.003
2,50-59,1767352206,2026-01-02T19:10:06,0.0025
2,50-59,1767352506,2026-01-02T19:15:06,0.003
2,50-59,1767352806,2026-01-02T19:20:06,0.003
2,50-59,1767353119,2026-01-02T19:25:19,0.003
2,50-59,1767353407,2026-01-02T19:30:07,0.0025
2,50-59,1767353707,2026-01-02T19:35:07,0.0025
2,50-59,1767354007,2026-01-02T19:40:07,0.003
2,50-59,1767354306,2026-01-02T19:45:06,0.003
2,50-59,1767354618,2026-01-02T19:50:18,0.003
2,50-59,1767354907,2026-01-02T19:55:07,0.003
2,50-59,1767355207,2026-01-02T20:00:07,0.003
2,50-59,1767355506,2026-01-02T20:05:06,0.003
2,50-59,1767355806,2026-01-02T20:10:06,0.0025
2,50-59,1767356106,2026-01-02T20:15:06,0.0025
2,50-59,1767356407,2026-01-02T20:20:07,0.0025
2,50-59,1767356706,2026-01-02T20:25:06,0.0025
2,50-59,1767357006,2026-01-02T20:30:06,0.0025
2,50-59,1767357306,2026-01-02T20:35:06,0.0015
2,50-59,1767357606,2026-01-02T20:40:06,0.0015
2,50-59,1767357919,2026-01-02T20:45:19,0.001
2,50-59,1767358206,2026-01-02T20:50:06,0.001
2,50-59,1767358506,2026-01-02T20:55:06,0.0015
2,50-59,1767358806,2026-01-02T21:00:06,0.0015
2,50-59,1767359106,2026-01-02T21:05:06,0.0025
2,50-59,1767359420,2026-01-02T21:10:20,0.0025
2,50-59,1767359707,2026-01-02T21:15:07,0.0025
2,50-59,1767360020,2026-01-02T21:20:20,0.0025
2,50-59,1767360317,2026-01-02T21:25:17,0.0025
2,50-59,1767360607,2026-01-02T21:30:07,0.0025
2,50-59,1767360917,2026-01-02T21:35:17,0.002
2,50-59,1767361207,2026-01-02T21:40:07,0.002
2,50-59,1767361507,2026-01-02T21:45:07,0.002
2,50-59,1767361806,2026-01-02T21:50:06,0.0025
2,50-59,1767362120,2026-01-02T21:55:20,0.003
2,50-59,1767362407,2026-01-02T22:00:07,0.0025
2,50-59,1767362706,2026-01-02T22:05:06,0.0025
2,50-59,1767363007,2026-01-02T22:10:07,0.0025
2,50-59,1767363318,2026-01-02T22:15:18,0.0025
2,50-59,1767363606,2026-01-02T22:20:06,0.0025
2,50-59,1767363907,2026-01-02T22:25:07,0.0025
2,50-59,1767364206,2026-01-02T22:30:06,0.002
2,50-59,1767364506,2026-01-02T22:35:06,0.002
2,50-59,1767364807,2026-01-02T22:40:07,0.002
2,50-59,1767365120,2026-01-02T22:45:20,0.002
2,50-59,1767365406,2026-01-02T22:50:06,0.002
2,50-59,1767365706,2026-01-02T22:55:06,0.002
2,50-59,1767366008,2026-01-02T23:00:08,0.002
2,50-59,1767366307,2026-01-02T23:05:07,0.002
2,50-59,1767366607,2026-01-02T23:10:07,0.0005
2,50-59,1767366906,2026-01-02T23:15:06,0.0005
2,50-59,1767367207,2026-01-02T23:20:07,0.0005
2,50-59,1767367507,2026-01-02T23:25:07,0.0005
2,50-59,1767367806,2026-01-02T23:30:06,0.0005
2,50-59,1767368118,2026-01-02T23:35:18,0.0005
2,50-59,1767368406,2026-01-02T23:40:06,0.0005
2,50-59,1767368706,2026-01-02T23:45:06,0.0005
2,50-59,1767369007,2026-01-02T23:50:07,0.0005
2,50-59,1767369307,2026-01-02T23:55:07,0.0005
2,50-59,1767369608,2026-01-03T00:00:08,0.0005
2,50-59,1767369907,2026-01-03T00:05:07,0.0005
2,50-59,1767370207,2026-01-03T00:10:07,0.0005
2,50-59,1767370507,2026-01-03T00:15:07,0.0005
2,50-59,1767370807,2026-01-03T00:20:07,0.0005
2,50-59,1767371107,2026-01-03T00:25:07,0.0005
2,50-59,1767371407,2026-01-03T00:30:07,0.0005
2,50-59,1767371707,2026-01-03T00:35:07,0.0005
2,50-59,1767372006,2026-01-03T00:40:06,0.0005
2,50-59,1767372307,2026-01-03T00:45:07,0.0005
2,50-59,1767372619,2026-01-03T00:50:19,0.0005
2,50-59,1767372906,2026-01-03T00:55:06,0.0005
2,50-59,1767373208,2026-01-03T01:00:08,0.0005
2,50-59,1767373507,2026-01-03T01:05:07,0.0005
2,50-59,1767373806,2026-01-03T01:10:06,0.0005
2,50-59,1767374107,2026-01-03T01:15:07,0.0005
2,50-59,1767374406,2026-01-03T01:20:06,0.0005
2,50-59,1767374707,2026-01-03T01:25:07,0.0005
2,50-59,1767375007,2026-01-03T01:30:07,0.0005
2,50-59,1767375306,2026-01-03T01:35:06,0.0005
2,50-59,1767375607,2026-01-03T01:40:07,0.0005
2,50-59,1767375907,2026-01-03T01:45:07,0.0005
2,50-59,1767376221,2026-01-03T01:50:21,0.0005
2,50-59,1767376506,2026-01-03T01:55:06,0.0005
2,50-59,1767376821,2026-01-03T02:00:21,0.0005
2,50-59,1767377106,2026-01-03T02:05:06,0.0005
2,50-59,1767377407,2026-01-03T02:10:07,0.0005
2,50-59,1767377721,2026-01-03T02:15:21,0.0005
2,50-59,1767378007,2026-01-03T02:20:07,0.0005
2,50-59,1767378307,2026-01-03T02:25:07,0.0005
2,50-59,1767378607,2026-01-03T02:30:07,0.0005
2,50-59,1767378922,2026-01-03T02:35:22,0.0005
2,50-59,1767379222,2026-01-03T02:40:22,0.0005
2,50-59,1767379507,2026-01-03T02:45:07,0.0005
2,50-59,1767379807,2026-01-03T02:50:07,0.0005
2,50-59,1767380106,2026-01-03T02:55:06,0.0005
2,50-59,1767380407,2026-01-03T03:00:07,0.0005
2,50-59,1767380707,2026-01-03T03:05:07,0.0005
2,50-59,1767381007,2026-01-03T03:10:07,0.0005
2,50-59,1767381306,2026-01-03T03:15:06,0.0005
2,50-59,1767381607,2026-01-03T03:20:07,0.0005
2,50-59,1767381907,2026-01-03T03:25:07,0.0005
2,50-59,1767382206,2026-01-03T03:30:06,0.0005
2,50-59,1767382506,2026-01-03T03:35:06,0.0005
2,50-59,1767382806,2026-01-03T03:40:06,0.0005
2,50-59,1767383107,2026-01-03T03:45:07,0.0005
2,50-59,1767383418,2026-01-03T03:50:18,0.0005
2,50-59,1767383706,2026-01-03T03:55:06,0.0005
2,50-59,1767384008,2026-01-03T04:00:08,0.0005
2,50-59,1767384307,2026-01-03T04:05:07,0.0005
2,50-59,1767384607,2026-01-03T04:10:07,0.0005
2,50-59,1767384907,2026-01-03T04:15:07,0.0005
2,50-59,1767385207,2026-01-03T04:20:07,0.0005
2,50-59,1767385506,2026-01-03T04:25:06,0.0005
2,50-59,1767385807,2026-01-03T04:30:07,0.0005
3,60-69,1767044113,2025-12-30T05:35:13,0.5
3,60-69,1767044412,2025-12-30T05:40:12,0.075
3,60-69,1767044712,2025-12-30T05:45:12,0.075
3,60-69,1767045012,2025-12-30T05:50:12,0.075
3,60-69,1767045313,2025-12-30T05:55:13,0.075
3,60-69,1767045621,2025-12-30T06:00:21,0.075
3,60-69,1767045912,2025-12-30T06:05:12,0.075
3,60-69,1767046218,2025-12-30T06:10:18,0.075
3,60-69,1767046512,2025-12-30T06:15:12,0.075
3,60-69,1767046825,2025-12-30T06:20:25,0.075
3,60-69,1767047113,2025-12-30T06:25:13,0.07
3,60-69,1767047417,2025-12-30T06:30:17,0.06
3,60-69,1767047717,2025-12-30T06:35:17,0.06
3,60-69,1767048012,2025-12-30T06:40:12,0.06
3,60-69,1767048313,2025-12-30T06:45:13,0.06
3,60-69,1767048613,2025-12-30T06:50:13,0.06
3,60-69,1767048913,2025-12-30T06:55:13,0.06
3,60-69,1767049240,2025-12-30T07:00:40,0.06
3,60-69,1767049530,2025-12-30T07:05:30,0.06
3,60-69,1767049813,2025-12-30T07:10:13,0.06
3,60-69,1767050113,2025-12-30T07:15:13,0.06
3,60-69,1767050413,2025-12-30T07:20:13,0.06
3,60-69,1767050712,2025-12-30T07:25:12,0.06
3,60-69,1767051040,2025-12-30T07:30:40,0.06
3,60-69,1767051313,2025-12-30T07:35:13,0.05
3,60-69,1767051612,2025-12-30T07:40:12,0.05
3,60-69,1767051912,2025-12-30T07:45:12,0.05
3,60-69,1767052228,2025-12-30T07:50:28,0.055
3,60-69,1767052512,2025-12-30T07:55:12,0.06
3,60-69,1767052825,2025-12-30T08:00:25,0.055
3,60-69,1767053112,2025-12-30T08:05:12,0.06
3,60-69,1767053412,2025-12-30T08:10:12,0.06
3,60-69,1767053713,2025-12-30T08:15:13,0.065
3,60-69,1767054013,2025-12-30T08:20:13,0.065
3,60-69,1767054312,2025-12-30T08:25:12,0.065
3,60-69,1767054618,2025-12-30T08:30:18,0.065
3,60-69,1767054912,2025-12-30T08:35:12,0.065
3,60-69,1767055212,2025-12-30T08:40:12,0.065
3,60-69,1767055512,2025-12-30T08:45:12,0.065
3,60-69,1767055813,2025-12-30T08:50:13,0.065
3,60-69,1767056112,2025-12-30T08:55:12,0.065
3,60-69,1767056417,2025-12-30T09:00:17,0.065
3,60-69,1767056712,2025-12-30T09:05:12,0.065
3,60-69,1767057012,2025-12-30T09:10:12,0.065
3,60-69,1767057312,2025-12-30T09:15:12,0.065
3,60-69,1767057612,2025-12-30T09:20:12,0.065
3,60-69,1767057913,2025-12-30T09:25:13,0.065
3,60-69,1767058218,2025-12-30T09:30:18,0.065
3,60-69,1767058512,2025-12-30T09:35:12,0.065
3,60-69,1767058814,2025-12-30T09:40:14,0.065
3,60-69,1767059112,2025-12-30T09:45:12,0.065
3,60-69,1767059427,2025-12-30T09:50:27,0.065
3,60-69,1767059713,2025-12-30T09:55:13,0.065
3,60-69,1767060018,2025-12-30T10:00:18,0.065
3,60-69,1767060313,2025-12-30T10:05:13,0.065
3,60-69,1767060612,2025-12-30T10:10:12,0.065
3,60-69,1767060913,2025-12-30T10:15:13,0.065
3,60-69,1767061213,2025-12-30T10:20:13,0.065
3,60-69,1767061513,2025-12-30T10:25:13,0.065
3,60-69,1767061818,2025-12-30T10:30:18,0.065
3,60-69,1767062113,2025-12-30T10:35:13,0.065
3,60-69,1767062412,2025-12-30T10:40:12,0.065
3,60-69,1767062713,2025-12-30T10:45:13,0.065
3,60-69,1767063029,2025-12-30T10:50:29,0.065
3,60-69,1767063312,2025-12-30T10:55:12,0.065
3,60-69,1767063621,2025-12-30T11:00:21,0.065
3,60-69,1767063913,2025-12-30T11:05:13,0.065
3,60-69,1767064213,2025-12-30T11:10:13,0.065
3,60-69,1767064512,2025-12-30T11:15:12,0.065
3,60-69,1767064813,2025-12-30T11:20:13,0.065
3,60-69,1767065127,2025-12-30T11:25:27,0.065
3,60-69,1767065417,2025-12-30T11:30:17,0.065
3,60-69,1767065712,2025-12-30T11:35:12,0.065
3,60-69,1767066013,2025-12-30T11:40:13,0.065
3,60-69,1767066313,2025-12-30T11:45:13,0.065
3,60-69,1767066613,2025-12-30T11:50:13,0.065
3,60-69,1767066912,2025-12-30T11:55:12,0.065
3,60-69,1767067218,2025-12-30T12:00:18,0.065
3,60-69,1767067512,2025-12-30T12:05:12,0.065
3,60-69,1767067814,2025-12-30T12:10:14,0.065
3,60-69,1767068112,2025-12-30T12:15:12,0.065
3,60-69,1767068412,2025-12-30T12:20:12,0.065
3,60-69,1767068712,2025-12-30T12:25:12,0.065
3,60-69,1767069018,2025-12-30T12:30:18,0.065
3,60-69,1767069314,2025-12-30T12:35:14,0.065
3,60-69,1767069613,2025-12-30T12:40:13,0.065
3,60-69,1767069912,2025-12-30T12:45:12,0.065
3,60-69,1767070214,2025-12-30T12:50:14,0.065
3,60-69,1767070512,2025-12-30T12:55:12,0.065
3,60-69,1767070837,2025-12-30T13:00:37,0.065
3,60-69,1767071113,2025-12-30T13:05:13,0.065
3,60-69,1767071413,2025-12-30T13:10:13,0.065
3,60-69,1767071713,2025-12-30T13:15:13,0.065
3,60-69,1767072023,2025-12-30T13:20:23,0.065
3,60-69,1767072312,2025-12-30T13:25:12,0.065
3,60-69,1767072619,2025-12-30T13:30:19,0.065
3,60-69,1767072913,2025-12-30T13:35:13,0.065
3,60-69,1767073212,2025-12-30T13:40:12,0.065
3,60-69,1767073512,2025-12-30T13:45:12,0.065
3,60-69,1767073812,2025-12-30T13:50:12,0.065
3,60-69,1767074114,2025-12-30T13:55:14,0.065
3,60-69,1767074420,2025-12-30T14:00:20,0.065
3,60-69,1767074712,2025-12-30T14:05:12,0.065
3,60-69,1767075012,2025-12-30T14:10:12,0.065
3,60-69,1767075312,2025-12-30T14:15:12,0.065
3,60-69,1767075614,2025-12-30T14:20:14,0.065
3,60-69,1767075912,2025-12-30T14:25:12,0.065
3,60-69,1767076218,2025-12-30T14:30:18,0.065
3,60-69,1767076533,2025-12-30T14:35:33,0.065
3,60-69,1767076813,2025-12-30T14:40:13,0.065
3,60-69,1767077112,2025-12-30T14:45:12,0.065
3,60-69,1767077424,2025-12-30T14:50:24,0.065
3,60-69,1767077713,2025-12-30T14:55:13,0.065
3,60-69,1767078029,2025-12-30T15:00:29,0.065
3,60-69,1767078313,2025-12-30T15:05:13,0.065
3,60-69,1767078612,2025-12-30T15:10:12,0.065
3,60-69,1767078912,2025-12-30T15:15:12,0.065
3,60-69,1767079213,2025-12-30T15:20:13,0.065
3,60-69,1767079512,2025-12-30T15:25:12,0.065
3,60-69,1767079830,2025-12-30T15:30:30,0.065
3,60-69,1767080114,2025-12-30T15:35:14,0.065
3,60-69,1767080413,2025-12-30T15:40:13,0.065
3,60-69,1767080712,2025-12-30T15:45:12,0.065
3,60-69,1767081013,2025-12-30T15:50:13,0.065
3,60-69,1767081312,2025-12-30T15:55:12,0.065
3,60-69,1767081620,2025-12-30T16:00:20,0.065
3,60-69,1767081912,2025-12-30T16:05:12,0.06
3,60-69,1767082212,2025-12-30T16:10:12,0.06
3,60-69,1767082513,2025-12-30T16:15:13,0.06
3,60-69,1767082813,2025-12-30T16:20:13,0.06
3,60-69,1767083114,2025-12-30T16:25:14,0.06
3,60-69,1767083418,2025-12-30T16:30:18,0.06
3,60-69,1767083712,2025-12-30T16:35:12,0.06
3,60-69,1767084026,2025-12-30T16:40:26,0.06
3,60-69,1767084312,2025-12-30T16:45:12,0.065
3,60-69,1767084615,2025-12-30T16:50:15,0.06
3,60-69,1767084912,2025-12-30T16:55:12,0.065
3,60-69,1767085222,2025-12-30T17:00:22,0.06
3,60-69,1767085513,2025-12-30T17:05:13,0.06
3,60-69,1767085813,2025-12-30T17:10:13,0.06
3,60-69,1767086115,2025-12-30T17:15:15,0.06
3,60-69,1767086412,2025-12-30T17:20:12,0.06
3,60-69,1767086712,2025-12-30T17:25:12,0.06
3,60-69,1767087018,2025-12-30T17:30:18,0.06
3,60-69,1767087312,2025-12-30T17:35:12,0.06
3,60-69,1767087615,2025-12-30T17:40:15,0.06
3,60-69,1767087912,2025-12-30T17:45:12,0.06
3,60-69,1767088212,2025-12-30T17:50:12,0.06
3,60-69,1767088512,2025-12-30T17:55:12,0.06
3,60-69,1767088818,2025-12-30T18:00:18,0.06
3,60-69,1767089133,2025-12-30T18:05:33,0.06
3,60-69,1767089412,2025-12-30T18:10:12,0.06
3,60-69,1767089712,2025-12-30T18:15:12,0.06
3,60-69,1767090013,2025-12-30T18:20:13,0.06
3,60-69,1767090323,2025-12-30T18:25:23,0.06
3,60-69,1767090618,2025-12-30T18:30:18,0.06
3,60-69,1767090915,2025-12-30T18:35:15,0.06
3,60-69,1767091212,2025-12-30T18:40:12,0.06
3,60-69,1767091512,2025-12-30T18:45:12,0.065
3,60-69,1767091812,2025-12-30T18:50:12,0.06
3,60-69,1767092112,2025-12-30T18:55:12,0.06
3,60-69,1767092421,2025-12-30T19:00:21,0.06
3,60-69,1767092726,2025-12-30T19:05:26,0.06
3,60-69,1767093012,2025-12-30T19:10:12,0.06
3,60-69,1767093312,2025-12-30T19:15:12,0.06
3,60-69,1767093615,2025-12-30T19:20:15,0.06
3,60-69,1767093912,2025-12-30T19:25:12,0.06
3,60-69,1767094229,2025-12-30T19:30:29,0.06
3,60-69,1767094513,2025-12-30T19:35:13,0.06
3,60-69,1767094812,2025-12-30T19:40:12,0.06
3,60-69,1767095115,2025-12-30T19:45:15,0.06
3,60-69,1767095412,2025-12-30T19:50:12,0.06
3,60-69,1767095712,2025-12-30T19:55:12,0.06
3,60-69,1767096026,2025-12-30T20:00:26,0.06
3,60-69,1767096312,2025-12-30T20:05:12,0.06
3,60-69,1767096612,2025-12-30T20:10:12,0.105
3,60-69,1767096913,2025-12-30T20:15:13,0.105
3,60-69,1767097212,2025-12-30T20:20:12,0.105
3,60-69,1767097515,2025-12-30T20:25:15,0.1
3,60-69,1767097818,2025-12-30T20:30:18,0.1
3,60-69,1767098112,2025-12-30T20:35:12,0.1
3,60-69,1767098412,2025-12-30T20:40:12,0.09
3,60-69,1767098713,2025-12-30T20:45:13,0.09
3,60-69,1767099015,2025-12-30T20:50:15,0.09
3,60-69,1767099313,2025-12-30T20:55:13,0.1
3,60-69,1767099618,2025-12-30T21:00:18,0.095
3,60-69,1767099913,2025-12-30T21:05:13,0.085
3,60-69,1767100213,2025-12-30T21:10:13,0.08
3,60-69,1767100516,2025-12-30T21:15:16,0.075
3,60-69,1767100813,2025-12-30T21:20:13,0.075
3,60-69,1767101124,2025-12-30T21:25:24,0.075
3,60-69,1767101418,2025-12-30T21:30:18,0.075
3,60-69,1767101712,2025-12-30T21:35:12,0.075
3,60-69,1767102016,2025-12-30T21:40:16,0.075
3,60-69,1767102313,2025-12-30T21:45:13,0.075
3,60-69,1767102614,2025-12-30T21:50:14,0.075
3,60-69,1767102914,2025-12-30T21:55:14,0.075
3,60-69,1767103217,2025-12-30T22:00:17,0.075
3,60-69,1767103536,2025-12-30T22:05:36,0.075
3,60-69,1767103813,2025-12-30T22:10:13,0.075
3,60-69,1767104113,2025-12-30T22:15:13,0.075
3,60-69,1767104413,2025-12-30T22:20:13,0.075
3,60-69,1767104716,2025-12-30T22:25:16,0.075
3,60-69,1767105018,2025-12-30T22:30:18,0.075
3,60-69,1767105313,2025-12-30T22:35:13,0.075
3,60-69,1767105612,2025-12-30T22:40:12,0.075
3,60-69,1767105912,2025-12-30T22:45:12,0.075
3,60-69,1767106216,2025-12-30T22:50:16,0.075
3,60-69,1767106513,2025-12-30T22:55:13,0.07
3,60-69,1767106820,2025-12-30T23:00:20,0.07
3,60-69,1767107116,2025-12-30T23:05:16,0.07
3,60-69,1767107413,2025-12-30T23:10:13,0.07
3,60-69,1767107713,2025-12-30T23:15:13,0.07
3,60-69,1767108027,2025-12-30T23:20:27,0.07
3,60-69,1767108313,2025-12-30T23:25:13,0.07
3,60-69,1767108622,2025-12-30T23:30:22,0.07
3,60-69,1767108925,2025-12-30T23:35:25,0.07
3,60-69,1767109213,2025-12-30T23:40:13,0.07
3,60-69,1767109512,2025-12-30T23:45:12,0.07
3,60-69,1767109813,2025-12-30T23:50:13,0.07
3,60-69,1767110116,2025-12-30T23:55:16,0.07
3,60-69,1767110419,2025-12-31T00:00:19,0.07
3,60-69,1767110713,2025-12-31T00:05:13,0.07
3,60-69,1767111012,2025-12-31T00:10:12,0.075
3,60-69,1767111313,2025-12-31T00:15:13,0.07
3,60-69,1767111635,2025-12-31T00:20:35,0.07
3,60-69,1767111914,2025-12-31T00:25:14,0.07
3,60-69,1767112218,2025-12-31T00:30:18,0.07
3,60-69,1767112513,2025-12-31T00:35:13,0.07
3,60-69,1767112813,2025-12-31T00:40:13,0.07
3,60-69,1767113113,2025-12-31T00:45:13,0.07
3,60-69,1767113417,2025-12-31T00:50:17,0.07
3,60-69,1767113712,2025-12-31T00:55:12,0.07
3,60-69,1767114024,2025-12-31T01:00:24,0.07
3,60-69,1767114312,2025-12-31T01:05:12,0.07
3,60-69,1767114613,2025-12-31T01:10:13,0.07
3,60-69,1767114917,2025-12-31T01:15:17,0.07
3,60-69,1767115216,2025-12-31T01:20:16,0.07
3,60-69,1767115513,2025-12-31T01:25:13,0.07
3,60-69,1767115818,2025-12-31T01:30:18,0.07
3,60-69,1767116114,2025-12-31T01:35:14,0.07
3,60-69,1767116413,2025-12-31T01:40:13,0.07
3,60-69,1767116717,2025-12-31T01:45:17,0.07
3,60-69,1767117012,2025-12-31T01:50:12,0.07
3,60-69,1767117313,2025-12-31T01:55:13,0.07
3,60-69,1767117625,2025-12-31T02:00:25,0.07
3,60-69,1767117913,2025-12-31T02:05:13,0.07
3,60-69,1767118217,2025-12-31T02:10:17,0.07
3,60-69,1767118512,2025-12-31T02:15:12,0.07
3,60-69,1767118812,2025-12-31T02:20:12,0.07
3,60-69,1767119117,2025-12-31T02:25:17,0.07
3,60-69,1767119418,2025-12-31T02:30:18,0.07
3,60-69,1767119713,2025-12-31T02:35:13,0.07
3,60-69,1767120014,2025-12-31T02:40:14,0.07
3,60-69,1767120313,2025-12-31T02:45:13,0.07
3,60-69,1767120617,2025-12-31T02:50:17,0.07
3,60-69,1767120912,2025-12-31T02:55:12,0.07
3,60-69,1767121218,2025-12-31T03:00:18,0.07
3,60-69,1767121513,2025-12-31T03:05:13,0.07
3,60-69,1767121814,2025-12-31T03:10:14,0.07
3,60-69,1767122118,2025-12-31T03:15:18,0.07
3,60-69,1767122428,2025-12-31T03:20:28,0.07
3,60-69,1767122713,2025-12-31T03:25:13,0.07
3,60-69,1767123019,2025-12-31T03:30:19,0.07
3,60-69,1767123319,2025-12-31T03:35:19,0.07
3,60-69,1767123614,2025-12-31T03:40:14,0.07
3,60-69,1767123913,2025-12-31T03:45:13,0.07
3,60-69,1767124215,2025-12-31T03:50:15,0.07
3,60-69,1767124514,2025-12-31T03:55:14,0.07
3,60-69,1767124842,2025-12-31T04:00:42,0.07
3,60-69,1767125113,2025-12-31T04:05:13,0.07
3,60-69,1767125413,2025-12-31T04:10:13,0.07
3,60-69,1767125713,2025-12-31T04:15:13,0.065
3,60-69,1767126013,2025-12-31T04:20:13,0.075
3,60-69,1767126313,2025-12-31T04:25:13,0.07
3,60-69,1767126623,2025-12-31T04:30:23,0.07
3,60-69,1767126913,2025-12-31T04:35:13,0.075
3,60-69,1767127213,2025-12-31T04:40:13,0.07
3,60-69,1767127517,2025-12-31T04:45:17,0.07
3,60-69,1767127813,2025-12-31T04:50:13,0.07
3,60-69,1767128113,2025-12-31T04:55:13,0.07
3,60-69,1767128420,2025-12-31T05:00:20,0.07
3,60-69,1767128713,2025-12-31T05:05:13,0.07
3,60-69,1767129017,2025-12-31T05:10:17,0.055
3,60-69,1767129313,2025-12-31T05:15:13,0.06
3,60-69,1767129613,2025-12-31T05:20:13,0.06
3,60-69,1767129913,2025-12-31T05:25:13,0.06
3,60-69,1767130223,2025-12-31T05:30:23,0.06
3,60-69,1767130513,2025-12-31T05:35:13,0.06
3,60-69,1767130827,2025-12-31T05:40:27,0.06
3,60-69,1767131114,2025-12-31T05:45:14,0.06
3,60-69,1767131414,2025-12-31T05:50:14,0.06
3,60-69,1767131718,2025-12-31T05:55:18,0.06
3,60-69,1767132019,2025-12-31T06:00:19,0.06
3,60-69,1767132313,2025-12-31T06:05:13,0.06
3,60-69,1767132614,2025-12-31T06:10:14,0.06
3,60-69,1767132913,2025-12-31T06:15:13,0.06
3,60-69,1767133217,2025-12-31T06:20:17,0.06
3,60-69,1767133530,2025-12-31T06:25:30,0.06
3,60-69,1767133820,2025-12-31T06:30:20,0.06
3,60-69,1767134127,2025-12-31T06:35:27,0.055
3,60-69,1767134413,2025-12-31T06:40:13,0.05
3,60-69,1767134713,2025-12-31T06:45:13,0.05
3,60-69,1767135018,2025-12-31T06:50:18,0.055
3,60-69,1767135313,2025-12-31T06:55:13,0.055
3,60-69,1767135619,2025-12-31T07:00:19,0.055
3,60-69,1767135913,2025-12-31T07:05:13,0.05
3,60-69,1767136214,2025-12-31T07:10:14,0.05
3,60-69,1767136518,2025-12-31T07:15:18,0.05
3,60-69,1767136813,2025-12-31T07:20:13,0.055
3,60-69,1767137118,2025-12-31T07:25:18,0.055
3,60-69,1767137429,2025-12-31T07:30:29,0.055
3,60-69,1767137713,2025-12-31T07:35:13,0.055
3,60-69,1767138013,2025-12-31T07:40:13,0.05
3,60-69,1767138313,2025-12-31T07:45:13,0.05
3,60-69,1767138618,2025-12-31T07:50:18,0.045
3,60-69,1767138913,2025-12-31T07:55:13,0.055
3,60-69,1767139223,2025-12-31T08:00:23,0.055
3,60-69,1767139513,2025-12-31T08:05:13,0.055
3,60-69,1767139815,2025-12-31T08:10:15,0.055
3,60-69,1767140117,2025-12-31T08:15:17,0.055
3,60-69,1767140426,2025-12-31T08:20:26,0.055
3,60-69,1767140713,2025-12-31T08:25:13,0.055
3,60-69,1767141020,2025-12-31T08:30:20,0.055
3,60-69,1767141313,2025-12-31T08:35:13,0.055
3,60-69,1767141617,2025-12-31T08:40:17,0.055
3,60-69,1767141917,2025-12-31T08:45:17,0.055
3,60-69,1767142213,2025-12-31T08:50:13,0.055
3,60-69,1767142513,2025-12-31T08:55:13,0.055
3,60-69,1767142819,2025-12-31T09:00:19,0.055
3,60-69,1767143113,2025-12-31T09:05:13,0.055
3,60-69,1767143417,2025-12-31T09:10:17,0.055
3,60-69,1767143714,2025-12-31T09:15:14,0.055
3,60-69,1767144013,2025-12-31T09:20:13,0.055
3,60-69,1767144313,2025-12-31T09:25:13,0.055
3,60-69,1767144633,2025-12-31T09:30:33,0.055
3,60-69,1767144917,2025-12-31T09:35:17,0.055
3,60-69,1767145217,2025-12-31T09:40:17,0.055
3,60-69,1767145513,2025-12-31T09:45:13,0.055
3,60-69,1767145813,2025-12-31T09:50:13,0.055
3,60-69,1767146114,2025-12-31T09:55:14,0.055
3,60-69,1767146420,2025-12-31T10:00:20,0.055
3,60-69,1767146717,2025-12-31T10:05:17,0.055
3,60-69,1767147014,2025-12-31T10:10:14,0.055
3,60-69,1767147313,2025-12-31T10:15:13,0.055
3,60-69,1767147613,2025-12-31T10:20:13,0.055
3,60-69,1767147915,2025-12-31T10:25:15,0.055
3,60-69,1767148223,2025-12-31T10:30:23,0.055
3,60-69,1767148514,2025-12-31T10:35:14,0.055
3,60-69,1767148826,2025-12-31T10:40:26,0.055
3,60-69,1767149114,2025-12-31T10:45:14,0.055
3,60-69,1767149414,2025-12-31T10:50:14,0.055
3,60-69,1767149717,2025-12-31T10:55:17,0.055
3,60-69,1767150022,2025-12-31T11:00:22,0.055
3,60-69,1767150325,2025-12-31T11:05:25,0.055
3,60-69,1767150634,2025-12-31T11:10:34,0.055
3,60-69,1767150913,2025-12-31T11:15:13,0.055
3,60-69,1767151213,2025-12-31T11:20:13,0.055
3,60-69,1767151528,2025-12-31T11:25:28,0.055
3,60-69,1767151833,2025-12-31T11:30:33,0.055
3,60-69,1767152127,2025-12-31T11:35:27,0.055
3,60-69,1767152417,2025-12-31T11:40:17,0.055
3,60-69,1767152713,2025-12-31T11:45:13,0.055
3,60-69,1767153027,2025-12-31T11:50:27,0.055
3,60-69,1767153312,2025-12-31T11:55:12,0.055
3,60-69,1767153642,2025-12-31T12:00:42,0.055
3,60-69,1767153913,2025-12-31T12:05:13,0.055
3,60-69,1767154213,2025-12-31T12:10:13,0.055
3,60-69,1767154513,2025-12-31T12:15:13,0.055
3,60-69,1767154825,2025-12-31T12:20:25,0.055
3,60-69,1767155115,2025-12-31T12:25:15,0.055
3,60-69,1767155435,2025-12-31T12:30:35,0.055
3,60-69,1767155714,2025-12-31T12:35:14,0.055
3,60-69,1767156012,2025-12-31T12:40:12,0.055
3,60-69,1767156316,2025-12-31T12:45:16,0.055
3,60-69,1767156614,2025-12-31T12:50:14,0.055
3,60-69,1767156912,2025-12-31T12:55:12,0.055
3,60-69,1767157218,2025-12-31T13:00:18,0.055
3,60-69,1767157512,2025-12-31T13:05:12,0.055
3,60-69,1767157836,2025-12-31T13:10:36,0.055
3,60-69,1767158113,2025-12-31T13:15:13,0.055
3,60-69,1767158412,2025-12-31T13:20:12,0.055
3,60-69,1767158713,2025-12-31T13:25:13,0.05
3,60-69,1767159019,2025-12-31T13:30:19,0.055
3,60-69,1767159313,2025-12-31T13:35:13,0.055
3,60-69,1767159617,2025-12-31T13:40:17,0.055
3,60-69,1767159913,2025-12-31T13:45:13,0.055
3,60-69,1767160213,2025-12-31T13:50:13,0.055
3,60-69,1767160513,2025-12-31T13:55:13,0.055
3,60-69,1767160821,2025-12-31T14:00:21,0.055
3,60-69,1767161135,2025-12-31T14:05:35,0.055
3,60-69,1767161412,2025-12-31T14:10:12,0.055
3,60-69,1767161712,2025-12-31T14:15:12,0.055
3,60-69,1767162012,2025-12-31T14:20:12,0.055
3,60-69,1767162312,2025-12-31T14:25:12,0.055
3,60-69,1767162631,2025-12-31T14:30:31,0.055
3,60-69,1767162937,2025-12-31T14:35:37,0.055
3,60-69,1767163212,2025-12-31T14:40:12,0.055
3,60-69,1767163512,2025-12-31T14:45:12,0.055
3,60-69,1767163812,2025-12-31T14:50:12,0.055
3,60-69,1767164112,2025-12-31T14:55:12,0.055
3,60-69,1767164419,2025-12-31T15:00:19,0.055
3,60-69,1767164717,2025-12-31T15:05:17,0.055
3,60-69,1767165013,2025-12-31T15:10:13,0.055
3,60-69,1767165312,2025-12-31T15:15:12,0.055
3,60-69,1767165613,2025-12-31T15:20:13,0.055
3,60-69,1767165912,2025-12-31T15:25:12,0.055
3,60-69,1767166240,2025-12-31T15:30:40,0.055
3,60-69,1767166512,2025-12-31T15:35:12,0.055
3,60-69,1767166813,2025-12-31T15:40:13,0.055
3,60-69,1767167112,2025-12-31T15:45:12,0.025
3,60-69,1767167413,2025-12-31T15:50:13,0.055
3,60-69,1767167712,2025-12-31T15:55:12,0.055
3,60-69,1767168023,2025-12-31T16:00:23,0.055
3,60-69,1767168312,2025-12-31T16:05:12,0.055
3,60-69,1767168627,2025-12-31T16:10:27,0.055
3,60-69,1767168913,2025-12-31T16:15:13,0.055
3,60-69,1767169212,2025-12-31T16:20:12,0.055
3,60-69,1767169517,2025-12-31T16:25:17,0.055
3,60-69,1767169818,2025-12-31T16:30:18,0.055
3,60-69,1767170112,2025-12-31T16:35:12,0.055
3,60-69,1767170412,2025-12-31T16:40:12,0.055
3,60-69,1767170713,2025-12-31T16:45:13,0.055
3,60-69,1767171032,2025-12-31T16:50:32,0.055
3,60-69,1767171313,2025-12-31T16:55:13,0.055
3,60-69,1767171621,2025-12-31T17:00:21,0.055
3,60-69,1767171913,2025-12-31T17:05:13,0.055
3,60-69,1767172213,2025-12-31T17:10:13,0.055
3,60-69,1767172517,2025-12-31T17:15:17,0.055
3,60-69,1767172813,2025-12-31T17:20:13,0.055
3,60-69,1767173113,2025-12-31T17:25:13,0.055
3,60-69,1767173418,2025-12-31T17:30:18,0.055
3,60-69,1767173712,2025-12-31T17:35:12,0.055
3,60-69,1767174037,2025-12-31T17:40:37,0.055
3,60-69,1767174312,2025-12-31T17:45:12,0.055
3,60-69,1767174612,2025-12-31T17:50:12,0.055
3,60-69,1767174917,2025-12-31T17:55:17,0.055
3,60-69,1767175219,2025-12-31T18:00:19,0.055
3,60-69,1767175513,2025-12-31T18:05:13,0.055
3,60-69,1767175825,2025-12-31T18:10:25,0.055
3,60-69,1767176112,2025-12-31T18:15:12,0.055
3,60-69,1767176435,2025-12-31T18:20:35,0.055
3,60-69,1767176713,2025-12-31T18:25:13,0.055
3,60-69,1767177018,2025-12-31T18:30:18,0.055
3,60-69,1767177312,2025-12-31T18:35:12,0.055
3,60-69,1767177613,2025-12-31T18:40:13,0.055
3,60-69,1767177912,2025-12-31T18:45:12,0.055
3,60-69,1767178217,2025-12-31T18:50:17,0.055
3,60-69,1767178513,2025-12-31T18:55:13,0.055
3,60-69,1767178830,2025-12-31T19:00:30,0.055
3,60-69,1767179113,2025-12-31T19:05:13,0.055
3,60-69,1767179413,2025-12-31T19:10:13,0.055
3,60-69,1767179717,2025-12-31T19:15:17,0.055
3,60-69,1767180017,2025-12-31T19:20:17,0.055
3,60-69,1767180313,2025-12-31T19:25:13,0.055
3,60-69,1767180619,2025-12-31T19:30:19,0.055
3,60-69,1767180913,2025-12-31T19:35:13,0.055
3,60-69,1767181212,2025-12-31T19:40:12,0.055
3,60-69,1767181517,2025-12-31T19:45:17,0.055
3,60-69,1767181813,2025-12-31T19:50:13,0.055
3,60-69,1767182113,2025-12-31T19:55:13,0.055
3,60-69,1767182423,2025-12-31T20:00:23,0.055
3,60-69,1767182712,2025-12-31T20:05:12,0.055
3,60-69,1767183035,2025-12-31T20:10:35,0.055
3,60-69,1767183312,2025-12-31T20:15:12,0.055
3,60-69,1767183614,2025-12-31T20:20:14,0.055
3,60-69,1767183913,2025-12-31T20:25:13,0.055
3,60-69,1767184231,2025-12-31T20:30:31,0.055
3,60-69,1767184512,2025-12-31T20:35:12,0.055
3,60-69,1767184834,2025-12-31T20:40:34,0.055
3,60-69,1767185113,2025-12-31T20:45:13,0.055
3,60-69,1767185412,2025-12-31T20:50:12,0.055
3,60-69,1767185712,2025-12-31T20:55:12,0.055
3,60-69,1767186018,2025-12-31T21:00:18,0.055
3,60-69,1767186313,2025-12-31T21:05:13,0.055
3,60-69,1767186631,2025-12-31T21:10:31,0.055
3,60-69,1767186913,2025-12-31T21:15:13,0.055
3,60-69,1767187213,2025-12-31T21:20:13,0.055
3,60-69,1767187512,2025-12-31T21:25:12,0.055
3,60-69,1767187818,2025-12-31T21:30:18,0.055
3,60-69,1767188117,2025-12-31T21:35:17,0.055
3,60-69,1767188413,2025-12-31T21:40:13,0.055
3,60-69,1767188726,2025-12-31T21:45:26,0.055
3,60-69,1767189013,2025-12-31T21:50:13,0.055
3,60-69,1767189313,2025-12-31T21:55:13,0.055
3,60-69,1767189622,2025-12-31T22:00:22,0.055
3,60-69,1767189917,2025-12-31T22:05:17,0.055
3,60-69,1767190228,2025-12-31T22:10:28,0.055
3,60-69,1767190513,2025-12-31T22:15:13,0.055
3,60-69,1767190825,2025-12-31T22:20:25,0.055
3,60-69,1767191114,2025-12-31T22:25:14,0.055
3,60-69,1767191422,2025-12-31T22:30:22,0.055
3,60-69,1767191713,2025-12-31T22:35:13,0.055
3,60-69,1767192013,2025-12-31T22:40:13,0.055
3,60-69,1767192313,2025-12-31T22:45:13,0.055
3,60-69,1767192612,2025-12-31T22:50:12,0.055
3,60-69,1767192933,2025-12-31T22:55:33,0.055
3,60-69,1767193221,2025-12-31T23:00:21,0.06
3,60-69,1767193513,2025-12-31T23:05:13,0.06
3,60-69,1767193814,2025-12-31T23:10:14,0.06
3,60-69,1767194114,2025-12-31T23:15:14,0.06
3,60-69,1767194413,2025-12-31T23:20:13,0.055
3,60-69,1767194717,2025-12-31T23:25:17,0.055
3,60-69,1767195020,2025-12-31T23:30:20,0.055
3,60-69,1767195326,2025-12-31T23:35:26,0.055
3,60-69,1767195613,2025-12-31T23:40:13,0.055
3,60-69,1767195927,2025-12-31T23:45:27,0.055
3,60-69,1767196217,2025-12-31T23:50:17,0.055
3,60-69,1767196521,2025-12-31T23:55:21,0.055
3,60-69,1767196822,2026-01-01T00:00:22,0.055
3,60-69,1767197113,2026-01-01T00:05:13,0.055
3,60-69,1767197413,2026-01-01T00:10:13,0.055
3,60-69,1767197726,2026-01-01T00:15:26,0.055
3,60-69,1767198013,2026-01-01T00:20:13,0.055
3,60-69,1767198317,2026-01-01T00:25:17,0.055
3,60-69,1767198619,2026-01-01T00:30:19,0.055
3,60-69,1767198913,2026-01-01T00:35:13,0.055
3,60-69,1767199213,2026-01-01T00:40:13,0.055
3,60-69,1767199513,2026-01-01T00:45:13,0.055
3,60-69,1767199818,2026-01-01T00:50:18,0.055
3,60-69,1767200113,2026-01-01T00:55:13,0.055
3,60-69,1767200425,2026-01-01T01:00:25,0.055
3,60-69,1767200714,2026-01-01T01:05:14,0.055
3,60-69,1767201017,2026-01-01T01:10:17,0.055
3,60-69,1767201314,2026-01-01T01:15:14,0.055
3,60-69,1767201615,2026-01-01T01:20:15,0.055
3,60-69,1767201914,2026-01-01T01:25:14,0.055
3,60-69,1767202220,2026-01-01T01:30:20,0.055
3,60-69,1767202532,2026-01-01T01:35:32,0.055
3,60-69,1767202814,2026-01-01T01:40:14,0.055
3,60-69,1767203118,2026-01-01T01:45:18,0.055
3,60-69,1767203416,2026-01-01T01:50:16,0.055
3,60-69,1767203714,2026-01-01T01:55:14,0.055
3,60-69,1767204023,2026-01-01T02:00:23,0.055
3,60-69,1767204314,2026-01-01T02:05:14,0.055
3,60-69,1767204617,2026-01-01T02:10:17,0.055
3,60-69,1767204913,2026-01-01T02:15:13,0.055
3,60-69,1767205214,2026-01-01T02:20:14,0.055
3,60-69,1767205514,2026-01-01T02:25:14,0.055
3,60-69,1767205819,2026-01-01T02:30:19,0.055
3,60-69,1767206118,2026-01-01T02:35:18,0.06
3,60-69,1767206413,2026-01-01T02:40:13,0.06
3,60-69,1767206713,2026-01-01T02:45:13,0.055
3,60-69,1767207013,2026-01-01T02:50:13,0.055
3,60-69,1767207313,2026-01-01T02:55:13,0.055
3,60-69,1767207650,2026-01-01T03:00:50,0.055
3,60-69,1767207914,2026-01-01T03:05:14,0.055
3,60-69,1767208215,2026-01-01T03:10:15,0.055
3,60-69,1767208513,2026-01-01T03:15:13,0.055
3,60-69,1767208818,2026-01-01T03:20:18,0.055
3,60-69,1767209114,2026-01-01T03:25:14,0.055
3,60-69,1767209420,2026-01-01T03:30:20,0.055
3,60-69,1767209713,2026-01-01T03:35:13,0.055
3,60-69,1767210014,2026-01-01T03:40:14,0.055
3,60-69,1767210318,2026-01-01T03:45:18,0.055
3,60-69,1767210614,2026-01-01T03:50:14,0.055
3,60-69,1767210913,2026-01-01T03:55:13,0.055
3,60-69,1767211221,2026-01-01T04:00:21,0.055
3,60-69,1767211514,2026-01-01T04:05:14,0.055
3,60-69,1767211819,2026-01-01T04:10:19,0.055
3,60-69,1767212113,2026-01-01T04:15:13,0.055
3,60-69,1767212418,2026-01-01T04:20:18,0.055
3,60-69,1767212727,2026-01-01T04:25:27,0.05
3,60-69,1767213019,2026-01-01T04:30:19,0.045
3,60-69,1767213313,2026-01-01T04:35:13,0.05
3,60-69,1767213613,2026-01-01T04:40:13,0.05
3,60-69,1767213938,2026-01-01T04:45:38,0.065
3,60-69,1767214214,2026-01-01T04:50:14,0.055
3,60-69,1767214513,2026-01-01T04:55:13,0.055
3,60-69,1767214823,2026-01-01T05:00:23,0.055
3,60-69,1767215113,2026-01-01T05:05:13,0.055
3,60-69,1767215413,2026-01-01T05:10:13,0.055
3,60-69,1767215718,2026-01-01T05:15:18,0.06
3,60-69,1767216013,2026-01-01T05:20:13,0.06
3,60-69,1767216313,2026-01-01T05:25:13,0.055
3,60-69,1767216620,2026-01-01T05:30:20,0.055
3,60-69,1767216913,2026-01-01T05:35:13,0.055
3,60-69,1767217237,2026-01-01T05:40:37,0.055
3,60-69,1767217513,2026-01-01T05:45:13,0.06
3,60-69,1767217814,2026-01-01T05:50:14,0.06
3,60-69,1767218114,2026-01-01T05:55:14,0.06
3,60-69,1767218420,2026-01-01T06:00:20,0.055
3,60-69,1767218713,2026-01-01T06:05:13,0.055
3,60-69,1767219018,2026-01-01T06:10:18,0.045
3,60-69,1767219328,2026-01-01T06:15:28,0.05
3,60-69,1767219613,2026-01-01T06:20:13,0.055
3,60-69,1767219914,2026-01-01T06:25:14,0.055
3,60-69,1767220220,2026-01-01T06:30:20,0.05
3,60-69,1767220547,2026-01-01T06:35:47,0.045
3,60-69,1767220813,2026-01-01T06:40:13,0.04
3,60-69,1767221114,2026-01-01T06:45:14,0.05
3,60-69,1767221418,2026-01-01T06:50:18,0.045
3,60-69,1767221713,2026-01-01T06:55:13,0.045
3,60-69,1767222019,2026-01-01T07:00:19,0.05
3,60-69,1767222325,2026-01-01T07:05:25,0.05
3,60-69,1767222613,2026-01-01T07:10:13,0.05
3,60-69,1767222918,2026-01-01T07:15:18,0.06
3,60-69,1767223214,2026-01-01T07:20:14,0.055
3,60-69,1767223513,2026-01-01T07:25:13,0.06
3,60-69,1767223820,2026-01-01T07:30:20,0.06
3,60-69,1767224113,2026-01-01T07:35:13,0.06
3,60-69,1767224417,2026-01-01T07:40:17,0.055
3,60-69,1767224713,2026-01-01T07:45:13,0.055
3,60-69,1767225024,2026-01-01T07:50:24,0.055
3,60-69,1767225313,2026-01-01T07:55:13,0.06
3,60-69,1767225623,2026-01-01T08:00:23,0.06
3,60-69,1767225912,2026-01-01T08:05:12,0.06
3,60-69,1767226212,2026-01-01T08:10:12,0.06
3,60-69,1767226513,2026-01-01T08:15:13,0.055
3,60-69,1767226812,2026-01-01T08:20:12,0.055
3,60-69,1767227112,2026-01-01T08:25:12,0.06
3,60-69,1767227419,2026-01-01T08:30:19,0.055
3,60-69,1767227712,2026-01-01T08:35:12,0.055
3,60-69,1767228012,2026-01-01T08:40:12,0.005
3,60-69,1767228312,2026-01-01T08:45:12,0.005
3,60-69,1767228617,2026-01-01T08:50:17,0.005
3,60-69,1767228912,2026-01-01T08:55:12,0.0055
3,60-69,1767229218,2026-01-01T09:00:18,0.006
3,60-69,1767229512,2026-01-01T09:05:12,0.006
3,60-69,1767229812,2026-01-01T09:10:12,0.0055
3,60-69,1767230112,2026-01-01T09:15:12,0.006
3,60-69,1767230413,2026-01-01T09:20:13,0.006
3,60-69,1767230713,2026-01-01T09:25:13,0.0065
3,60-69,1767231018,2026-01-01T09:30:18,0.007
3,60-69,1767231312,2026-01-01T09:35:12,0.007
3,60-69,1767231626,2026-01-01T09:40:26,0.007
3,60-69,1767231913,2026-01-01T09:45:13,0.007
3,60-69,1767232212,2026-01-01T09:50:12,0.007
3,60-69,1767232512,2026-01-01T09:55:12,0.007
3,60-69,1767232819,2026-01-01T10:00:19,0.007
3,60-69,1767233113,2026-01-01T10:05:13,0.007
3,60-69,1767233428,2026-01-01T10:10:28,0.007
3,60-69,1767233712,2026-01-01T10:15:12,0.007
3,60-69,1767234012,2026-01-01T10:20:12,0.007
3,60-69,1767234313,2026-01-01T10:25:13,0.007
3,60-69,1767234631,2026-01-01T10:30:31,0.007
3,60-69,1767234912,2026-01-01T10:35:12,0.007
3,60-69,1767235212,2026-01-01T10:40:12,0.007
3,60-69,1767235512,2026-01-01T10:45:12,0.007
3,60-69,1767235812,2026-01-01T10:50:12,0.007
3,60-69,1767236112,2026-01-01T10:55:12,0.007
3,60-69,1767236420,2026-01-01T11:00:20,0.007
3,60-69,1767236712,2026-01-01T11:05:12,0.007
3,60-69,1767237012,2026-01-01T11:10:12,0.007
3,60-69,1767237312,2026-01-01T11:15:12,0.007
3,60-69,1767237625,2026-01-01T11:20:25,0.007
3,60-69,1767237913,2026-01-01T11:25:13,0.007
3,60-69,1767238218,2026-01-01T11:30:18,0.007
3,60-69,1767238525,2026-01-01T11:35:25,0.007
3,60-69,1767238812,2026-01-01T11:40:12,0.007
3,60-69,1767239125,2026-01-01T11:45:25,0.007
3,60-69,1767239413,2026-01-01T11:50:13,0.007
3,60-69,1767239712,2026-01-01T11:55:12,0.007
3,60-69,1767240034,2026-01-01T12:00:34,0.007
3,60-69,1767240312,2026-01-01T12:05:12,0.007
3,60-69,1767240626,2026-01-01T12:10:26,0.007
3,60-69,1767240913,2026-01-01T12:15:13,0.007
3,60-69,1767241225,2026-01-01T12:20:25,0.007
3,60-69,1767241512,2026-01-01T12:25:12,0.007
3,60-69,1767241818,2026-01-01T12:30:18,0.007
3,60-69,1767242112,2026-01-01T12:35:12,0.007
3,60-69,1767242413,2026-01-01T12:40:13,0.007
3,60-69,1767242712,2026-01-01T12:45:12,0.007
3,60-69,1767243014,2026-01-01T12:50:14,0.007
3,60-69,1767243313,2026-01-01T12:55:13,0.007
3,60-69,1767243618,2026-01-01T13:00:18,0.007
3,60-69,1767243913,2026-01-01T13:05:13,0.007
3,60-69,1767244212,2026-01-01T13:10:12,0.007
3,60-69,1767244513,2026-01-01T13:15:13,0.007
3,60-69,1767244812,2026-01-01T13:20:12,0.007
3,60-69,1767245112,2026-01-01T13:25:12,0.007
3,60-69,1767245434,2026-01-01T13:30:34,0.007
3,60-69,1767245712,2026-01-01T13:35:12,0.007
3,60-69,1767246012,2026-01-01T13:40:12,0.007
3,60-69,1767246312,2026-01-01T13:45:12,0.007
3,60-69,1767246612,2026-01-01T13:50:12,0.007
3,60-69,1767246913,2026-01-01T13:55:13,0.007
3,60-69,1767247221,2026-01-01T14:00:21,0.007
3,60-69,1767247512,2026-01-01T14:05:12,0.007
3,60-69,1767247813,2026-01-01T14:10:13,0.007
3,60-69,1767248113,2026-01-01T14:15:13,0.007
3,60-69,1767248433,2026-01-01T14:20:33,0.007
3,60-69,1767248712,2026-01-01T14:25:12,0.007
3,60-69,1767249018,2026-01-01T14:30:18,0.007
3,60-69,1767249334,2026-01-01T14:35:34,0.007
3,60-69,1767249623,2026-01-01T14:40:23,0.007
3,60-69,1767249912,2026-01-01T14:45:12,0.007
3,60-69,1767250212,2026-01-01T14:50:12,0.007
3,60-69,1767250512,2026-01-01T14:55:12,0.007
3,60-69,1767250818,2026-01-01T15:00:18,0.007
3,60-69,1767251114,2026-01-01T15:05:14,0.007
3,60-69,1767251412,2026-01-01T15:10:12,0.007
3,60-69,1767251713,2026-01-01T15:15:13,0.007
3,60-69,1767252024,2026-01-01T15:20:24,0.007
3,60-69,1767252312,2026-01-01T15:25:12,0.007
3,60-69,1767252634,2026-01-01T15:30:34,0.007
3,60-69,1767252913,2026-01-01T15:35:13,0.007
3,60-69,1767253214,2026-01-01T15:40:14,0.007
3,60-69,1767253513,2026-01-01T15:45:13,0.007
3,60-69,1767253814,2026-01-01T15:50:14,0.007
3,60-69,1767254114,2026-01-01T15:55:14,0.007
3,60-69,1767254417,2026-01-01T16:00:17,0.007
3,60-69,1767254712,2026-01-01T16:05:12,0.007
3,60-69,1767255012,2026-01-01T16:10:12,0.007
3,60-69,1767255312,2026-01-01T16:15:12,0.007
3,60-69,1767255613,2026-01-01T16:20:13,0.007
3,60-69,1767255912,2026-01-01T16:25:12,0.007
3,60-69,1767256217,2026-01-01T16:30:17,0.007
3,60-69,1767256511,2026-01-01T16:35:11,0.007
3,60-69,1767256812,2026-01-01T16:40:12,0.007
3,60-69,1767257133,2026-01-01T16:45:33,0.007
3,60-69,1767257412,2026-01-01T16:50:12,0.007
3,60-69,1767257714,2026-01-01T16:55:14,0.007
3,60-69,1767258021,2026-01-01T17:00:21,0.007
3,60-69,1767258312,2026-01-01T17:05:12,0.007
3,60-69,1767258612,2026-01-01T17:10:12,0.007
3,60-69,1767258911,2026-01-01T17:15:11,0.007
3,60-69,1767259213,2026-01-01T17:20:13,0.007
3,60-69,1767259511,2026-01-01T17:25:11,0.007
3,60-69,1767259816,2026-01-01T17:30:16,0.007
3,60-69,1767260111,2026-01-01T17:35:11,0.007
3,60-69,1767260412,2026-01-01T17:40:12,0.007
3,60-69,1767260730,2026-01-01T17:45:30,0.007
3,60-69,1767261011,2026-01-01T17:50:11,0.007
3,60-69,1767261311,2026-01-01T17:55:11,0.007
3,60-69,1767261620,2026-01-01T18:00:20,0.007
3,60-69,1767261911,2026-01-01T18:05:11,0.007
3,60-69,1767262212,2026-01-01T18:10:12,0.007
3,60-69,1767262511,2026-01-01T18:15:11,0.007
3,60-69,1767262811,2026-01-01T18:20:11,0.007
3,60-69,1767263113,2026-01-01T18:25:13,0.007
3,60-69,1767263415,2026-01-01T18:30:15,0.007
3,60-69,1767263711,2026-01-01T18:35:11,0.007
3,60-69,1767264011,2026-01-01T18:40:11,0.007
3,60-69,1767264330,2026-01-01T18:45:30,0.007
3,60-69,1767264611,2026-01-01T18:50:11,0.007
3,60-69,1767264911,2026-01-01T18:55:11,0.007
3,60-69,1767265217,2026-01-01T19:00:17,0.007
3,60-69,1767265511,2026-01-01T19:05:11,0.007
3,60-69,1767265843,2026-01-01T19:10:43,0.007
3,60-69,1767266111,2026-01-01T19:15:11,0.007
3,60-69,1767266411,2026-01-01T19:20:11,0.007
3,60-69,1767266725,2026-01-01T19:25:25,0.0065
3,60-69,1767267016,2026-01-01T19:30:16,0.007
3,60-69,1767267311,2026-01-01T19:35:11,0.007
3,60-69,1767267614,2026-01-01T19:40:14,0.007
3,60-69,1767267911,2026-01-01T19:45:11,0.007
3,60-69,1767268211,2026-01-01T19:50:11,0.007
3,60-69,1767268526,2026-01-01T19:55:26,0.0065
3,60-69,1767268825,2026-01-01T20:00:25,0.007
3,60-69,1767269111,2026-01-01T20:05:11,0.007
3,60-69,1767269411,2026-01-01T20:10:11,0.007
3,60-69,1767269726,2026-01-01T20:15:26,0.007
3,60-69,1767270034,2026-01-01T20:20:34,0.0065
3,60-69,1767270314,2026-01-01T20:25:14,0.007
3,60-69,1767270616,2026-01-01T20:30:16,0.007
3,60-69,1767270923,2026-01-01T20:35:23,0.007
3,60-69,1767271211,2026-01-01T20:40:11,0.007
3,60-69,1767271511,2026-01-01T20:45:11,0.007
3,60-69,1767271814,2026-01-01T20:50:14,0.007
3,60-69,1767272111,2026-01-01T20:55:11,0.007
3,60-69,1767272446,2026-01-01T21:00:46,0.007
3,60-69,1767272711,2026-01-01T21:05:11,0.007
3,60-69,1767273011,2026-01-01T21:10:11,0.007
3,60-69,1767273311,2026-01-01T21:15:11,0.007
3,60-69,1767273621,2026-01-01T21:20:21,0.007
3,60-69,1767273911,2026-01-01T21:25:11,0.007
3,60-69,1767274219,2026-01-01T21:30:19,0.007
3,60-69,1767274525,2026-01-01T21:35:25,0.007
3,60-69,1767274811,2026-01-01T21:40:11,0.007
3,60-69,1767275113,2026-01-01T21:45:13,0.007
3,60-69,1767275411,2026-01-01T21:50:11,0.007
3,60-69,1767275716,2026-01-01T21:55:16,0.0065
3,60-69,1767276016,2026-01-01T22:00:16,0.0065
3,60-69,1767276311,2026-01-01T22:05:11,0.0065
3,60-69,1767276612,2026-01-01T22:10:12,0.0065
3,60-69,1767276926,2026-01-01T22:15:26,0.0055
3,60-69,1767277230,2026-01-01T22:20:30,0.0055
3,60-69,1767277514,2026-01-01T22:25:14,0.0055
3,60-69,1767277815,2026-01-01T22:30:15,0.006
3,60-69,1767278114,2026-01-01T22:35:14,0.006
3,60-69,1767278411,2026-01-01T22:40:11,0.006
3,60-69,1767278711,2026-01-01T22:45:11,0.0065
3,60-69,1767279011,2026-01-01T22:50:11,0.005
3,60-69,1767279311,2026-01-01T22:55:11,0.005
3,60-69,1767279621,2026-01-01T23:00:21,0.005
3,60-69,1767279911,2026-01-01T23:05:11,0.0055
3,60-69,1767280212,2026-01-01T23:10:12,0.0055
3,60-69,1767280512,2026-01-01T23:15:12,0.0065
3,60-69,1767280812,2026-01-01T23:20:12,0.0065
3,60-69,1767281114,2026-01-01T23:25:14,0.0055
3,60-69,1767281417,2026-01-01T23:30:17,0.006
3,60-69,1767281711,2026-01-01T23:35:11,0.0065
3,60-69,1767282012,2026-01-01T23:40:12,0.0055
3,60-69,1767282311,2026-01-01T23:45:11,0.0055
3,60-69,1767282647,2026-01-01T23:50:47,0.0055
3,60-69,1767282911,2026-01-01T23:55:11,0.0065
3,60-69,1767283216,2026-01-02T00:00:16,0.0065
3,60-69,1767283511,2026-01-02T00:05:11,0.0055
3,60-69,1767283811,2026-01-02T00:10:11,0.0055
3,60-69,1767284112,2026-01-02T00:15:12,0.0055
3,60-69,1767284415,2026-01-02T00:20:15,0.0065
3,60-69,1767284711,2026-01-02T00:25:11,0.0065
3,60-69,1767285016,2026-01-02T00:30:16,0.0065
3,60-69,1767285311,2026-01-02T00:35:11,0.0065
3,60-69,1767285611,2026-01-02T00:40:11,0.0055
3,60-69,1767285916,2026-01-02T00:45:16,0.0055
3,60-69,1767286211,2026-01-02T00:50:11,0.0055
3,60-69,1767286511,2026-01-02T00:55:11,0.0065
3,60-69,1767286822,2026-01-02T01:00:22,0.0065
3,60-69,1767287131,2026-01-02T01:05:31,0.0055
3,60-69,1767287412,2026-01-02T01:10:12,0.0055
3,60-69,1767287711,2026-01-02T01:15:11,0.0055
3,60-69,1767288011,2026-01-02T01:20:11,0.006
3,60-69,1767288327,2026-01-02T01:25:27,0.0065
3,60-69,1767288616,2026-01-02T01:30:16,0.0065
3,60-69,1767288916,2026-01-02T01:35:16,0.0065
3,60-69,1767289211,2026-01-02T01:40:11,0.0055
3,60-69,1767289511,2026-01-02T01:45:11,0.051
3,60-69,1767289811,2026-01-02T01:50:11,0.051
3,60-69,1767290115,2026-01-02T01:55:15,0.0515
3,60-69,1767290420,2026-01-02T02:00:20,0.052
3,60-69,1767290711,2026-01-02T02:05:11,0.052
3,60-69,1767291011,2026-01-02T02:10:11,0.052
3,60-69,1767291311,2026-01-02T02:15:11,0.052
3,60-69,1767291615,2026-01-02T02:20:15,0.052
3,60-69,1767291912,2026-01-02T02:25:12,0.047
3,60-69,1767292216,2026-01-02T02:30:16,0.0465
3,60-69,1767292511,2026-01-02T02:35:11,0.0455
3,60-69,1767292824,2026-01-02T02:40:24,0.0455
3,60-69,1767293128,2026-01-02T02:45:28,0.0075
3,60-69,1767293412,2026-01-02T02:50:12,0.0465
3,60-69,1767293711,2026-01-02T02:55:11,0.027
3,60-69,1767294016,2026-01-02T03:00:16,0.027
3,60-69,1767294315,2026-01-02T03:05:15,0.047
3,60-69,1767294612,2026-01-02T03:10:12,0.017
3,60-69,1767294912,2026-01-02T03:15:12,0.017
3,60-69,1767295212,2026-01-02T03:20:12,0.0175
3,60-69,1767295512,2026-01-02T03:25:12,0.0175
3,60-69,1767295836,2026-01-02T03:30:36,0.0175
3,60-69,1767296111,2026-01-02T03:35:11,0.0175
3,60-69,1767296411,2026-01-02T03:40:11,0.0175
3,60-69,1767296711,2026-01-02T03:45:11,0.017
3,60-69,1767297017,2026-01-02T03:50:17,0.017
3,60-69,1767297323,2026-01-02T03:55:23,0.017
3,60-69,1767297629,2026-01-02T04:00:29,0.017
3,60-69,1767297912,2026-01-02T04:05:12,0.017
3,60-69,1767298212,2026-01-02T04:10:12,0.017
3,60-69,1767298516,2026-01-02T04:15:16,0.017
3,60-69,1767298824,2026-01-02T04:20:24,0.017
3,60-69,1767299112,2026-01-02T04:25:12,0.017
3,60-69,1767299432,2026-01-02T04:30:32,0.017
3,60-69,1767299724,2026-01-02T04:35:24,0.017
3,60-69,1767300032,2026-01-02T04:40:32,0.017
3,60-69,1767300312,2026-01-02T04:45:12,0.017
3,60-69,1767300611,2026-01-02T04:50:11,0.017
3,60-69,1767300912,2026-01-02T04:55:12,0.017
3,60-69,1767301219,2026-01-02T05:00:19,0.017
3,60-69,1767301511,2026-01-02T05:05:11,0.017
3,60-69,1767301816,2026-01-02T05:10:16,0.017
3,60-69,1767302112,2026-01-02T05:15:12,0.012
3,60-69,1767302412,2026-01-02T05:20:12,0.012
3,60-69,1767302711,2026-01-02T05:25:11,0.0155
3,60-69,1767303017,2026-01-02T05:30:17,0.016
3,60-69,1767303315,2026-01-02T05:35:15,0.016
3,60-69,1767303612,2026-01-02T05:40:12,0.016
3,60-69,1767303911,2026-01-02T05:45:11,0.016
3,60-69,1767304211,2026-01-02T05:50:11,0.016
3,60-69,1767304512,2026-01-02T05:55:12,0.016
3,60-69,1767304837,2026-01-02T06:00:37,0.016
3,60-69,1767305111,2026-01-02T06:05:11,0.016
3,60-69,1767305411,2026-01-02T06:10:11,0.016
3,60-69,1767305712,2026-01-02T06:15:12,0.016
3,60-69,1767306011,2026-01-02T06:20:11,0.016
3,60-69,1767306311,2026-01-02T06:25:11,0.016
3,60-69,1767306621,2026-01-02T06:30:21,0.016
3,60-69,1767306911,2026-01-02T06:35:11,0.016
3,60-69,1767307212,2026-01-02T06:40:12,0.016
3,60-69,1767307511,2026-01-02T06:45:11,0.016
3,60-69,1767307812,2026-01-02T06:50:12,0.016
3,60-69,1767308115,2026-01-02T06:55:15,0.016
3,60-69,1767308418,2026-01-02T07:00:18,0.016
3,60-69,1767308732,2026-01-02T07:05:32,0.016
3,60-69,1767309011,2026-01-02T07:10:11,0.016
3,60-69,1767309311,2026-01-02T07:15:11,0.016
3,60-69,1767309611,2026-01-02T07:20:11,0.016
3,60-69,1767309911,2026-01-02T07:25:11,0.016
3,60-69,1767310217,2026-01-02T07:30:17,0.016
3,60-69,1767310526,2026-01-02T07:35:26,0.016
3,60-69,1767310811,2026-01-02T07:40:11,0.016
3,60-69,1767311116,2026-01-02T07:45:16,0.016
3,60-69,1767311411,2026-01-02T07:50:11,0.071
3,60-69,1767311712,2026-01-02T07:55:12,0.051
3,60-69,1767312022,2026-01-02T08:00:22,0.051
3,60-69,1767312311,2026-01-02T08:05:11,0.051
3,60-69,1767312616,2026-01-02T08:10:16,0.051
3,60-69,1767312912,2026-01-02T08:15:12,0.0515
3,60-69,1767313212,2026-01-02T08:20:12,0.0515
3,60-69,1767313514,2026-01-02T08:25:14,0.0515
3,60-69,1767313831,2026-01-02T08:30:31,0.0515
3,60-69,1767314111,2026-01-02T08:35:11,0.0515
3,60-69,1767314412,2026-01-02T08:40:12,0.103
3,60-69,1767314712,2026-01-02T08:45:12,0.1025
3,60-69,1767315016,2026-01-02T08:50:16,0.1025
3,60-69,1767315311,2026-01-02T08:55:11,0.0945
3,60-69,1767315616,2026-01-02T09:00:16,0.0945
3,60-69,1767315911,2026-01-02T09:05:11,0.093
3,60-69,1767316211,2026-01-02T09:10:11,0.1025
3,60-69,1767316515,2026-01-02T09:15:15,0.1025
3,60-69,1767316811,2026-01-02T09:20:11,0.1025
3,60-69,1767317111,2026-01-02T09:25:11,0.1025
3,60-69,1767317417,2026-01-02T09:30:17,0.103
3,60-69,1767317711,2026-01-02T09:35:11,0.102
3,60-69,1767318015,2026-01-02T09:40:15,0.149
3,60-69,1767318311,2026-01-02T09:45:11,0.144
3,60-69,1767318612,2026-01-02T09:50:12,0.055
3,60-69,1767318912,2026-01-02T09:55:12,0.054
3,60-69,1767319217,2026-01-02T10:00:17,0.0535
3,60-69,1767319530,2026-01-02T10:05:30,0.0635
3,60-69,1767319826,2026-01-02T10:10:26,0.064
3,60-69,1767320115,2026-01-02T10:15:15,0.0645
3,60-69,1767320411,2026-01-02T10:20:11,0.0645
3,60-69,1767320712,2026-01-02T10:25:12,0.0645
3,60-69,1767321017,2026-01-02T10:30:17,0.0645
3,60-69,1767321329,2026-01-02T10:35:29,0.064
3,60-69,1767321622,2026-01-02T10:40:22,0.064
3,60-69,1767321912,2026-01-02T10:45:12,0.0645
3,60-69,1767322227,2026-01-02T10:50:27,0.0645
3,60-69,1767322511,2026-01-02T10:55:11,0.065
3,60-69,1767322839,2026-01-02T11:00:39,0.0645
3,60-69,1767323112,2026-01-02T11:05:12,0.1045
3,60-69,1767323411,2026-01-02T11:10:11,0.104
3,60-69,1767323711,2026-01-02T11:15:11,0.104
3,60-69,1767324011,2026-01-02T11:20:11,0.0795
3,60-69,1767324311,2026-01-02T11:25:11,0.056
3,60-69,1767324619,2026-01-02T11:30:19,0.0565
3,60-69,1767324912,2026-01-02T11:35:12,0.055
3,60-69,1767325212,2026-01-02T11:40:12,0.055
3,60-69,1767325531,2026-01-02T11:45:31,0.0555
3,60-69,1767325811,2026-01-02T11:50:11,0.0555
3,60-69,1767326111,2026-01-02T11:55:11,0.0555
3,60-69,1767326416,2026-01-02T12:00:16,0.056
3,60-69,1767326711,2026-01-02T12:05:11,0.055
3,60-69,1767327012,2026-01-02T12:10:12,0.054
3,60-69,1767327315,2026-01-02T12:15:15,0.0535
3,60-69,1767327612,2026-01-02T12:20:12,0.0535
3,60-69,1767327912,2026-01-02T12:25:12,0.0535
3,60-69,1767328217,2026-01-02T12:30:17,0.0535
3,60-69,1767328511,2026-01-02T12:35:11,0.0535
3,60-69,1767328815,2026-01-02T12:40:15,0.0535
3,60-69,1767329111,2026-01-02T12:45:11,0.0535
3,60-69,1767329413,2026-01-02T12:50:13,0.0535
3,60-69,1767329712,2026-01-02T12:55:12,0.0515
3,60-69,1767330018,2026-01-02T13:00:18,0.0515
3,60-69,1767330315,2026-01-02T13:05:15,0.0515
3,60-69,1767330614,2026-01-02T13:10:14,0.0515
3,60-69,1767330912,2026-01-02T13:15:12,0.0515
3,60-69,1767331216,2026-01-02T13:20:16,0.0515
3,60-69,1767331526,2026-01-02T13:25:26,0.0515
3,60-69,1767331817,2026-01-02T13:30:17,0.0515
3,60-69,1767332112,2026-01-02T13:35:12,0.0515
3,60-69,1767332411,2026-01-02T13:40:11,0.0515
3,60-69,1767332742,2026-01-02T13:45:42,0.0515
3,60-69,1767333031,2026-01-02T13:50:31,0.0515
3,60-69,1767333323,2026-01-02T13:55:23,0.0515
3,60-69,1767333619,2026-01-02T14:00:19,0.0515
3,60-69,1767333911,2026-01-02T14:05:11,0.0515
3,60-69,1767334211,2026-01-02T14:10:11,0.0515
3,60-69,1767334512,2026-01-02T14:15:12,0.0515
3,60-69,1767334826,2026-01-02T14:20:26,0.0515
3,60-69,1767335120,2026-01-02T14:25:20,0.0515
3,60-69,1767335417,2026-01-02T14:30:17,0.0515
3,60-69,1767335713,2026-01-02T14:35:13,0.0515
3,60-69,1767336015,2026-01-02T14:40:15,0.0515
3,60-69,1767336311,2026-01-02T14:45:11,0.0515
3,60-69,1767336612,2026-01-02T14:50:12,0.0515
3,60-69,1767336911,2026-01-02T14:55:11,0.0515
3,60-69,1767337217,2026-01-02T15:00:17,0.018
3,60-69,1767337516,2026-01-02T15:05:16,0.0155
3,60-69,1767337812,2026-01-02T15:10:12,0.0155
3,60-69,1767338112,2026-01-02T15:15:12,0.0155
3,60-69,1767338412,2026-01-02T15:20:12,0.012
3,60-69,1767338711,2026-01-02T15:25:11,0.012
3,60-69,1767339037,2026-01-02T15:30:37,0.0115
3,60-69,1767339311,2026-01-02T15:35:11,0.011
3,60-69,1767339612,2026-01-02T15:40:12,0.011
3,60-69,1767339911,2026-01-02T15:45:11,0.0095
3,60-69,1767340212,2026-01-02T15:50:12,0.0095
3,60-69,1767340511,2026-01-02T15:55:11,0.0095
3,60-69,1767340821,2026-01-02T16:00:21,0.0095
3,60-69,1767341112,2026-01-02T16:05:12,0.0095
3,60-69,1767341412,2026-01-02T16:10:12,0.0095
3,60-69,1767341716,2026-01-02T16:15:16,0.0095
3,60-69,1767342012,2026-01-02T16:20:12,0.0095
3,60-69,1767342312,2026-01-02T16:25:12,0.0095
3,60-69,1767342617,2026-01-02T16:30:17,0.0095
3,60-69,1767342911,2026-01-02T16:35:11,0.009
3,60-69,1767343215,2026-01-02T16:40:15,0.0095
3,60-69,1767343512,2026-01-02T16:45:12,0.0095
3,60-69,1767343827,2026-01-02T16:50:27,0.0095
3,60-69,1767344112,2026-01-02T16:55:12,0.0095
3,60-69,1767344419,2026-01-02T17:00:19,0.0095
3,60-69,1767344716,2026-01-02T17:05:16,0.0095
3,60-69,1767345011,2026-01-02T17:10:11,0.0095
3,60-69,1767345312,2026-01-02T17:15:12,0.0095
3,60-69,1767345611,2026-01-02T17:20:11,0.008
3,60-69,1767345912,2026-01-02T17:25:12,0.008
3,60-69,1767346220,2026-01-02T17:30:20,0.008
3,60-69,1767346512,2026-01-02T17:35:12,0.008
3,60-69,1767346812,2026-01-02T17:40:12,0.008
3,60-69,1767347119,2026-01-02T17:45:19,0.008
3,60-69,1767347411,2026-01-02T17:50:11,0.008
3,60-69,1767347711,2026-01-02T17:55:11,0.008
3,60-69,1767348019,2026-01-02T18:00:19,0.008
3,60-69,1767348323,2026-01-02T18:05:23,0.008
3,60-69,1767348630,2026-01-02T18:10:30,0.008
3,60-69,1767348912,2026-01-02T18:15:12,0.008
3,60-69,1767349213,2026-01-02T18:20:13,0.008
3,60-69,1767349515,2026-01-02T18:25:15,0.008
3,60-69,1767349816,2026-01-02T18:30:16,0.007
3,60-69,1767350125,2026-01-02T18:35:25,0.007
3,60-69,1767350411,2026-01-02T18:40:11,0.007
3,60-69,1767350711,2026-01-02T18:45:11,0.007
3,60-69,1767351016,2026-01-02T18:50:16,0.007
3,60-69,1767351311,2026-01-02T18:55:11,0.007
3,60-69,1767351619,2026-01-02T19:00:19,0.0075
3,60-69,1767351912,2026-01-02T19:05:12,0.007
3,60-69,1767352212,2026-01-02T19:10:12,0.007
3,60-69,1767352515,2026-01-02T19:15:15,0.007
3,60-69,1767352811,2026-01-02T19:20:11,0.007
3,60-69,1767353124,2026-01-02T19:25:24,0.007
3,60-69,1767353420,2026-01-02T19:30:20,0.007
3,60-69,1767353712,2026-01-02T19:35:12,0.007
3,60-69,1767354012,2026-01-02T19:40:12,0.007
3,60-69,1767354312,2026-01-02T19:45:12,0.007
3,60-69,1767354627,2026-01-02T19:50:27,0.007
3,60-69,1767354912,2026-01-02T19:55:12,0.007
3,60-69,1767355222,2026-01-02T20:00:22,0.007
3,60-69,1767355512,2026-01-02T20:05:12,0.007
3,60-69,1767355811,2026-01-02T20:10:11,0.007
3,60-69,1767356116,2026-01-02T20:15:16,0.007
3,60-69,1767356414,2026-01-02T20:20:14,0.007
3,60-69,1767356711,2026-01-02T20:25:11,0.007
3,60-69,1767357016,2026-01-02T20:30:16,0.007
3,60-69,1767357311,2026-01-02T20:35:11,0.006
3,60-69,1767357615,2026-01-02T20:40:15,0.006
3,60-69,1767357924,2026-01-02T20:45:24,0.007
3,60-69,1767358212,2026-01-02T20:50:12,0.007
3,60-69,1767358511,2026-01-02T20:55:11,0.007
3,60-69,1767358817,2026-01-02T21:00:17,0.007
3,60-69,1767359115,2026-01-02T21:05:15,0.0065
3,60-69,1767359425,2026-01-02T21:10:25,0.007
3,60-69,1767359713,2026-01-02T21:15:13,0.0065
3,60-69,1767360025,2026-01-02T21:20:25,0.0065
3,60-69,1767360322,2026-01-02T21:25:22,0.005
3,60-69,1767360620,2026-01-02T21:30:20,0.005
3,60-69,1767360923,2026-01-02T21:35:23,0.005
3,60-69,1767361212,2026-01-02T21:40:12,0.005
3,60-69,1767361513,2026-01-02T21:45:13,0.005
3,60-69,1767361811,2026-01-02T21:50:11,0.005
3,60-69,1767362130,2026-01-02T21:55:30,0.005
3,60-69,1767362417,2026-01-02T22:00:17,0.005
3,60-69,1767362712,2026-01-02T22:05:12,0.005
3,60-69,1767363012,2026-01-02T22:10:12,0.005
3,60-69,1767363324,2026-01-02T22:15:24,0.005
3,60-69,1767363635,2026-01-02T22:20:35,0.005
3,60-69,1767363913,2026-01-02T22:25:13,0.0035
3,60-69,1767364217,2026-01-02T22:30:17,0.0035
3,60-69,1767364511,2026-01-02T22:35:11,0.0035
3,60-69,1767364812,2026-01-02T22:40:12,0.004
3,60-69,1767365129,2026-01-02T22:45:29,0.0035
3,60-69,1767365412,2026-01-02T22:50:12,0.003
3,60-69,1767365711,2026-01-02T22:55:11,0.003
3,60-69,1767366021,2026-01-02T23:00:21,0.003
3,60-69,1767366312,2026-01-02T23:05:12,0.003
3,60-69,1767366616,2026-01-02T23:10:16,0.0025
3,60-69,1767366912,2026-01-02T23:15:12,0.0025
3,60-69,1767367212,2026-01-02T23:20:12,0.0025
3,60-69,1767367512,2026-01-02T23:25:12,0.0025
3,60-69,1767367817,2026-01-02T23:30:17,0.0025
3,60-69,1767368142,2026-01-02T23:35:42,0.0025
3,60-69,1767368411,2026-01-02T23:40:11,0.0025
3,60-69,1767368712,2026-01-02T23:45:12,0.0025
3,60-69,1767369012,2026-01-02T23:50:12,0.0025
3,60-69,1767369312,2026-01-02T23:55:12,0.0025
3,60-69,1767369618,2026-01-03T00:00:18,0.0025
3,60-69,1767369916,2026-01-03T00:05:16,0.0025
3,60-69,1767370212,2026-01-03T00:10:12,0.0025
3,60-69,1767370513,2026-01-03T00:15:13,0.0025
3,60-69,1767370815,2026-01-03T00:20:15,0.0025
3,60-69,1767371112,2026-01-03T00:25:12,0.0025
3,60-69,1767371417,2026-01-03T00:30:17,0.0025
3,60-69,1767371712,2026-01-03T00:35:12,0.0005
3,60-69,1767372011,2026-01-03T00:40:11,0.0005
3,60-69,1767372316,2026-01-03T00:45:16,0.0005
3,60-69,1767372624,2026-01-03T00:50:24,0.0005
3,60-69,1767372911,2026-01-03T00:55:11,0.0005
3,60-69,1767373222,2026-01-03T01:00:22,0.0005
3,60-69,1767373513,2026-01-03T01:05:13,0.0005
3,60-69,1767373815,2026-01-03T01:10:15,0.0005
3,60-69,1767374112,2026-01-03T01:15:12,0.0005
3,60-69,1767374414,2026-01-03T01:20:14,0.0005
3,60-69,1767374713,2026-01-03T01:25:13,0.0005
3,60-69,1767375017,2026-01-03T01:30:17,0.0005
3,60-69,1767375331,2026-01-03T01:35:31,0.0005
3,60-69,1767375615,2026-01-03T01:40:15,0.0005
3,60-69,1767375913,2026-01-03T01:45:13,0.0005
3,60-69,1767376227,2026-01-03T01:50:27,0.0005
3,60-69,1767376512,2026-01-03T01:55:12,0.0005
3,60-69,1767376835,2026-01-03T02:00:35,0.0005
3,60-69,1767377116,2026-01-03T02:05:16,0.0005
3,60-69,1767377412,2026-01-03T02:10:12,0.0005
3,60-69,1767377726,2026-01-03T02:15:26,0.0005
3,60-69,1767378012,2026-01-03T02:20:12,0.0005
3,60-69,1767378312,2026-01-03T02:25:12,0.0005
3,60-69,1767378621,2026-01-03T02:30:21,0.0005
3,60-69,1767378928,2026-01-03T02:35:28,0.0005
3,60-69,1767379228,2026-01-03T02:40:28,0.0005
3,60-69,1767379512,2026-01-03T02:45:12,0.0005
3,60-69,1767379813,2026-01-03T02:50:13,0.0005
3,60-69,1767380116,2026-01-03T02:55:16,0.0005
3,60-69,1767380421,2026-01-03T03:00:21,0.0005
3,60-69,1767380712,2026-01-03T03:05:12,0.0005
3,60-69,1767381013,2026-01-03T03:10:13,0.0005
3,60-69,1767381312,2026-01-03T03:15:12,0.0005
3,60-69,1767381612,2026-01-03T03:20:12,0.0005
3,60-69,1767381916,2026-01-03T03:25:16,0.0005
3,60-69,1767382218,2026-01-03T03:30:18,0.0005
3,60-69,1767382512,2026-01-03T03:35:12,0.0005
3,60-69,1767382811,2026-01-03T03:40:11,0.0005
3,60-69,1767383112,2026-01-03T03:45:12,0.0005
3,60-69,1767383429,2026-01-03T03:50:29,0.0005
3,60-69,1767383711,2026-01-03T03:55:11,0.0005
3,60-69,1767384019,2026-01-03T04:00:19,0.0005
3,60-69,1767384312,2026-01-03T04:05:12,0.0005
3,60-69,1767384613,2026-01-03T04:10:13,0.0005
3,60-69,1767384917,2026-01-03T04:15:17,0.0005
3,60-69,1767385213,2026-01-03T04:20:13,0.0005
3,60-69,1767385513,2026-01-03T04:25:13,0.035
3,60-69,1767385821,2026-01-03T04:30:21,0.014
4,70-79,1767044111,2025-12-30T05:35:11,0.5
4,70-79,1767044410,2025-12-30T05:40:10,0.075
4,70-79,1767044710,2025-12-30T05:45:10,0.075
4,70-79,1767045010,2025-12-30T05:50:10,0.075
4,70-79,1767045311,2025-12-30T05:55:11,0.075
4,70-79,1767045615,2025-12-30T06:00:15,0.075
4,70-79,1767045910,2025-12-30T06:05:10,0.075
4,70-79,1767046214,2025-12-30T06:10:14,0.075
4,70-79,1767046510,2025-12-30T06:15:10,0.075
4,70-79,1767046823,2025-12-30T06:20:23,0.075
4,70-79,1767047111,2025-12-30T06:25:11,0.07
4,70-79,1767047413,2025-12-30T06:30:13,0.055
4,70-79,1767047713,2025-12-30T06:35:13,0.05
4,70-79,1767048010,2025-12-30T06:40:10,0.05
4,70-79,1767048310,2025-12-30T06:45:10,0.05
4,70-79,1767048610,2025-12-30T06:50:10,0.05
4,70-79,1767048911,2025-12-30T06:55:11,0.05
4,70-79,1767049227,2025-12-30T07:00:27,0.05
4,70-79,1767049527,2025-12-30T07:05:27,0.05
4,70-79,1767049811,2025-12-30T07:10:11,0.05
4,70-79,1767050111,2025-12-30T07:15:11,0.05
4,70-79,1767050411,2025-12-30T07:20:11,0.05
4,70-79,1767050710,2025-12-30T07:25:10,0.05
4,70-79,1767051028,2025-12-30T07:30:28,0.05
4,70-79,1767051311,2025-12-30T07:35:11,0.055
4,70-79,1767051610,2025-12-30T07:40:10,0.045
4,70-79,1767051910,2025-12-30T07:45:10,0.045
4,70-79,1767052224,2025-12-30T07:50:24,0.05
4,70-79,1767052510,2025-12-30T07:55:10,0.045
4,70-79,1767052821,2025-12-30T08:00:21,0.045
4,70-79,1767053110,2025-12-30T08:05:10,0.05
4,70-79,1767053410,2025-12-30T08:10:10,0.05
4,70-79,1767053711,2025-12-30T08:15:11,0.05
4,70-79,1767054011,2025-12-30T08:20:11,0.055
4,70-79,1767054310,2025-12-30T08:25:10,0.055
4,70-79,1767054614,2025-12-30T08:30:14,0.055
4,70-79,1767054910,2025-12-30T08:35:10,0.055
4,70-79,1767055210,2025-12-30T08:40:10,0.055
4,70-79,1767055510,2025-12-30T08:45:10,0.055
4,70-79,1767055811,2025-12-30T08:50:11,0.055
4,70-79,1767056110,2025-12-30T08:55:10,0.055
4,70-79,1767056413,2025-12-30T09:00:13,0.055
4,70-79,1767056710,2025-12-30T09:05:10,0.055
4,70-79,1767057010,2025-12-30T09:10:10,0.065
4,70-79,1767057310,2025-12-30T09:15:10,0.065
4,70-79,1767057610,2025-12-30T09:20:10,0.065
4,70-79,1767057911,2025-12-30T09:25:11,0.065
4,70-79,1767058214,2025-12-30T09:30:14,0.065
4,70-79,1767058510,2025-12-30T09:35:10,0.065
4,70-79,1767058811,2025-12-30T09:40:11,0.065
4,70-79,1767059110,2025-12-30T09:45:10,0.065
4,70-79,1767059425,2025-12-30T09:50:25,0.065
4,70-79,1767059711,2025-12-30T09:55:11,0.065
4,70-79,1767060014,2025-12-30T10:00:14,0.065
4,70-79,1767060310,2025-12-30T10:05:10,0.065
4,70-79,1767060610,2025-12-30T10:10:10,0.065
4,70-79,1767060910,2025-12-30T10:15:10,0.065
4,70-79,1767061211,2025-12-30T10:20:11,0.065
4,70-79,1767061511,2025-12-30T10:25:11,0.065
4,70-79,1767061814,2025-12-30T10:30:14,0.065
4,70-79,1767062110,2025-12-30T10:35:10,0.065
4,70-79,1767062410,2025-12-30T10:40:10,0.065
4,70-79,1767062711,2025-12-30T10:45:11,0.065
4,70-79,1767063021,2025-12-30T10:50:21,0.065
4,70-79,1767063310,2025-12-30T10:55:10,0.065
4,70-79,1767063616,2025-12-30T11:00:16,0.065
4,70-79,1767063911,2025-12-30T11:05:11,0.065
4,70-79,1767064211,2025-12-30T11:10:11,0.065
4,70-79,1767064510,2025-12-30T11:15:10,0.065
4,70-79,1767064811,2025-12-30T11:20:11,0.065
4,70-79,1767065125,2025-12-30T11:25:25,0.065
4,70-79,1767065413,2025-12-30T11:30:13,0.065
4,70-79,1767065710,2025-12-30T11:35:10,0.065
4,70-79,1767066010,2025-12-30T11:40:10,0.065
4,70-79,1767066311,2025-12-30T11:45:11,0.065
4,70-79,1767066611,2025-12-30T11:50:11,0.065
4,70-79,1767066910,2025-12-30T11:55:10,0.065
4,70-79,1767067214,2025-12-30T12:00:14,0.065
4,70-79,1767067510,2025-12-30T12:05:10,0.065
4,70-79,1767067811,2025-12-30T12:10:11,0.065
4,70-79,1767068110,2025-12-30T12:15:10,0.065
4,70-79,1767068410,2025-12-30T12:20:10,0.065
4,70-79,1767068710,2025-12-30T12:25:10,0.065
4,70-79,1767069014,2025-12-30T12:30:14,0.065
4,70-79,1767069311,2025-12-30T12:35:11,0.065
4,70-79,1767069611,2025-12-30T12:40:11,0.065
4,70-79,1767069910,2025-12-30T12:45:10,0.065
4,70-79,1767070211,2025-12-30T12:50:11,0.065
4,70-79,1767070510,2025-12-30T12:55:10,0.065
4,70-79,1767070826,2025-12-30T13:00:26,0.065
4,70-79,1767071111,2025-12-30T13:05:11,0.065
4,70-79,1767071411,2025-12-30T13:10:11,0.065
4,70-79,1767071710,2025-12-30T13:15:10,0.065
4,70-79,1767072021,2025-12-30T13:20:21,0.065
4,70-79,1767072310,2025-12-30T13:25:10,0.065
4,70-79,1767072615,2025-12-30T13:30:15,0.065
4,70-79,1767072910,2025-12-30T13:35:10,0.065
4,70-79,1767073210,2025-12-30T13:40:10,0.065
4,70-79,1767073510,2025-12-30T13:45:10,0.065
4,70-79,1767073810,2025-12-30T13:50:10,0.065
4,70-79,1767074111,2025-12-30T13:55:11,0.065
4,70-79,1767074415,2025-12-30T14:00:15,0.065
4,70-79,1767074710,2025-12-30T14:05:10,0.065
4,70-79,1767075010,2025-12-30T14:10:10,0.065
4,70-79,1767075310,2025-12-30T14:15:10,0.065
4,70-79,1767075611,2025-12-30T14:20:11,0.065
4,70-79,1767075910,2025-12-30T14:25:10,0.065
4,70-79,1767076214,2025-12-30T14:30:14,0.065
4,70-79,1767076524,2025-12-30T14:35:24,0.065
4,70-79,1767076810,2025-12-30T14:40:10,0.065
4,70-79,1767077110,2025-12-30T14:45:10,0.065
4,70-79,1767077422,2025-12-30T14:50:22,0.065
4,70-79,1767077711,2025-12-30T14:55:11,0.065
4,70-79,1767078019,2025-12-30T15:00:19,0.065
4,70-79,1767078311,2025-12-30T15:05:11,0.065
4,70-79,1767078610,2025-12-30T15:10:10,0.065
4,70-79,1767078910,2025-12-30T15:15:10,0.065
4,70-79,1767079210,2025-12-30T15:20:10,0.065
4,70-79,1767079510,2025-12-30T15:25:10,0.065
4,70-79,1767079825,2025-12-30T15:30:25,0.065
4,70-79,1767080111,2025-12-30T15:35:11,0.065
4,70-79,1767080411,2025-12-30T15:40:11,0.065
4,70-79,1767080710,2025-12-30T15:45:10,0.065
4,70-79,1767081011,2025-12-30T15:50:11,0.065
4,70-79,1767081310,2025-12-30T15:55:10,0.065
4,70-79,1767081615,2025-12-30T16:00:15,0.065
4,70-79,1767081910,2025-12-30T16:05:10,0.055
4,70-79,1767082210,2025-12-30T16:10:10,0.055
4,70-79,1767082511,2025-12-30T16:15:11,0.055
4,70-79,1767082811,2025-12-30T16:20:11,0.055
4,70-79,1767083112,2025-12-30T16:25:12,0.055
4,70-79,1767083414,2025-12-30T16:30:14,0.055
4,70-79,1767083710,2025-12-30T16:35:10,0.055
4,70-79,1767084024,2025-12-30T16:40:24,0.055
4,70-79,1767084310,2025-12-30T16:45:10,0.055
4,70-79,1767084612,2025-12-30T16:50:12,0.055
4,70-79,1767084910,2025-12-30T16:55:10,0.055
4,70-79,1767085217,2025-12-30T17:00:17,0.055
4,70-79,1767085511,2025-12-30T17:05:11,0.055
4,70-79,1767085811,2025-12-30T17:10:11,0.055
4,70-79,1767086112,2025-12-30T17:15:12,0.055
4,70-79,1767086410,2025-12-30T17:20:10,0.055
4,70-79,1767086710,2025-12-30T17:25:10,0.055
4,70-79,1767087014,2025-12-30T17:30:14,0.055
4,70-79,1767087310,2025-12-30T17:35:10,0.055
4,70-79,1767087612,2025-12-30T17:40:12,0.055
4,70-79,1767087910,2025-12-30T17:45:10,0.055
4,70-79,1767088210,2025-12-30T17:50:10,0.055
4,70-79,1767088510,2025-12-30T17:55:10,0.055
4,70-79,1767088814,2025-12-30T18:00:14,0.055
4,70-79,1767089123,2025-12-30T18:05:23,0.055
4,70-79,1767089410,2025-12-30T18:10:10,0.055
4,70-79,1767089710,2025-12-30T18:15:10,0.055
4,70-79,1767090011,2025-12-30T18:20:11,0.055
4,70-79,1767090321,2025-12-30T18:25:21,0.055
4,70-79,1767090614,2025-12-30T18:30:14,0.055
4,70-79,1767090912,2025-12-30T18:35:12,0.055
4,70-79,1767091210,2025-12-30T18:40:10,0.055
4,70-79,1767091510,2025-12-30T18:45:10,0.055
4,70-79,1767091810,2025-12-30T18:50:10,0.055
4,70-79,1767092110,2025-12-30T18:55:10,0.055
4,70-79,1767092417,2025-12-30T19:00:17,0.055
4,70-79,1767092724,2025-12-30T19:05:24,0.055
4,70-79,1767093010,2025-12-30T19:10:10,0.055
4,70-79,1767093310,2025-12-30T19:15:10,0.055
4,70-79,1767093612,2025-12-30T19:20:12,0.055
4,70-79,1767093910,2025-12-30T19:25:10,0.055
4,70-79,1767094225,2025-12-30T19:30:25,0.055
4,70-79,1767094511,2025-12-30T19:35:11,0.055
4,70-79,1767094810,2025-12-30T19:40:10,0.055
4,70-79,1767095112,2025-12-30T19:45:12,0.055
4,70-79,1767095410,2025-12-30T19:50:10,0.055
4,70-79,1767095710,2025-12-30T19:55:10,0.055
4,70-79,1767096020,2025-12-30T20:00:20,0.055
4,70-79,1767096310,2025-12-30T20:05:10,0.055
4,70-79,1767096610,2025-12-30T20:10:10,0.055
4,70-79,1767096911,2025-12-30T20:15:11,0.055
4,70-79,1767097210,2025-12-30T20:20:10,0.055
4,70-79,1767097512,2025-12-30T20:25:12,0.055
4,70-79,1767097814,2025-12-30T20:30:14,0.055
4,70-79,1767098110,2025-12-30T20:35:10,0.055
4,70-79,1767098410,2025-12-30T20:40:10,0.055
4,70-79,1767098710,2025-12-30T20:45:10,0.055
4,70-79,1767099012,2025-12-30T20:50:12,0.055
4,70-79,1767099310,2025-12-30T20:55:10,0.055
4,70-79,1767099614,2025-12-30T21:00:14,0.055
4,70-79,1767099911,2025-12-30T21:05:11,0.055
4,70-79,1767100211,2025-12-30T21:10:11,0.055
4,70-79,1767100513,2025-12-30T21:15:13,0.055
4,70-79,1767100811,2025-12-30T21:20:11,0.055
4,70-79,1767101122,2025-12-30T21:25:22,0.055
4,70-79,1767101414,2025-12-30T21:30:14,0.055
4,70-79,1767101710,2025-12-30T21:35:10,0.055
4,70-79,1767102013,2025-12-30T21:40:13,0.055
4,70-79,1767102311,2025-12-30T21:45:11,0.055
4,70-79,1767102611,2025-12-30T21:50:11,0.055
4,70-79,1767102911,2025-12-30T21:55:11,0.055
4,70-79,1767103214,2025-12-30T22:00:14,0.055
4,70-79,1767103524,2025-12-30T22:05:24,0.055
4,70-79,1767103811,2025-12-30T22:10:11,0.055
4,70-79,1767104111,2025-12-30T22:15:11,0.055
4,70-79,1767104411,2025-12-30T22:20:11,0.055
4,70-79,1767104713,2025-12-30T22:25:13,0.055
4,70-79,1767105014,2025-12-30T22:30:14,0.055
4,70-79,1767105311,2025-12-30T22:35:11,0.055
4,70-79,1767105610,2025-12-30T22:40:10,0.055
4,70-79,1767105910,2025-12-30T22:45:10,0.055
4,70-79,1767106213,2025-12-30T22:50:13,0.055
4,70-79,1767106511,2025-12-30T22:55:11,0.055
4,70-79,1767106816,2025-12-30T23:00:16,0.055
4,70-79,1767107113,2025-12-30T23:05:13,0.055
4,70-79,1767107411,2025-12-30T23:10:11,0.055
4,70-79,1767107711,2025-12-30T23:15:11,0.055
4,70-79,1767108025,2025-12-30T23:20:25,0.055
4,70-79,1767108311,2025-12-30T23:25:11,0.055
4,70-79,1767108616,2025-12-30T23:30:16,0.055
4,70-79,1767108923,2025-12-30T23:35:23,0.055
4,70-79,1767109211,2025-12-30T23:40:11,0.055
4,70-79,1767109510,2025-12-30T23:45:10,0.055
4,70-79,1767109811,2025-12-30T23:50:11,0.055
4,70-79,1767110113,2025-12-30T23:55:13,0.055
4,70-79,1767110415,2025-12-31T00:00:15,0.055
4,70-79,1767110711,2025-12-31T00:05:11,0.055
4,70-79,1767111010,2025-12-31T00:10:10,0.055
4,70-79,1767111311,2025-12-31T00:15:11,0.055
4,70-79,1767111625,2025-12-31T00:20:25,0.055
4,70-79,1767111912,2025-12-31T00:25:12,0.055
4,70-79,1767112214,2025-12-31T00:30:14,0.055
4,70-79,1767112510,2025-12-31T00:35:10,0.055
4,70-79,1767112811,2025-12-31T00:40:11,0.055
4,70-79,1767113111,2025-12-31T00:45:11,0.055
4,70-79,1767113413,2025-12-31T00:50:13,0.055
4,70-79,1767113710,2025-12-31T00:55:10,0.055
4,70-79,1767114018,2025-12-31T01:00:18,0.055
4,70-79,1767114310,2025-12-31T01:05:10,0.055
4,70-79,1767114611,2025-12-31T01:10:11,0.055
4,70-79,1767114913,2025-12-31T01:15:13,0.055
4,70-79,1767115213,2025-12-31T01:20:13,0.055
4,70-79,1767115511,2025-12-31T01:25:11,0.055
4,70-79,1767115814,2025-12-31T01:30:14,0.055
4,70-79,1767116111,2025-12-31T01:35:11,0.055
4,70-79,1767116411,2025-12-31T01:40:11,0.055
4,70-79,1767116713,2025-12-31T01:45:13,0.055
4,70-79,1767117010,2025-12-31T01:50:10,0.055
4,70-79,1767117311,2025-12-31T01:55:11,0.055
4,70-79,1767117620,2025-12-31T02:00:20,0.055
4,70-79,1767117911,2025-12-31T02:05:11,0.055
4,70-79,1767118213,2025-12-31T02:10:13,0.055
4,70-79,1767118510,2025-12-31T02:15:10,0.055
4,70-79,1767118810,2025-12-31T02:20:10,0.055
4,70-79,1767119113,2025-12-31T02:25:13,0.055
4,70-79,1767119414,2025-12-31T02:30:14,0.055
4,70-79,1767119711,2025-12-31T02:35:11,0.055
4,70-79,1767120012,2025-12-31T02:40:12,0.055
4,70-79,1767120311,2025-12-31T02:45:11,0.055
4,70-79,1767120613,2025-12-31T02:50:13,0.055
4,70-79,1767120910,2025-12-31T02:55:10,0.055
4,70-79,1767121214,2025-12-31T03:00:14,0.055
4,70-79,1767121511,2025-12-31T03:05:11,0.055
4,70-79,1767121811,2025-12-31T03:10:11,0.055
4,70-79,1767122114,2025-12-31T03:15:14,0.055
4,70-79,1767122426,2025-12-31T03:20:26,0.055
4,70-79,1767122711,2025-12-31T03:25:11,0.055
4,70-79,1767123015,2025-12-31T03:30:15,0.055
4,70-79,1767123315,2025-12-31T03:35:15,0.055
4,70-79,1767123612,2025-12-31T03:40:12,0.055
4,70-79,1767123911,2025-12-31T03:45:11,0.055
4,70-79,1767124212,2025-12-31T03:50:12,0.055
4,70-79,1767124512,2025-12-31T03:55:12,0.055
4,70-79,1767124829,2025-12-31T04:00:29,0.055
4,70-79,1767125111,2025-12-31T04:05:11,0.055
4,70-79,1767125411,2025-12-31T04:10:11,0.055
4,70-79,1767125711,2025-12-31T04:15:11,0.055
4,70-79,1767126011,2025-12-31T04:20:11,0.055
4,70-79,1767126311,2025-12-31T04:25:11,0.055
4,70-79,1767126617,2025-12-31T04:30:17,0.055
4,70-79,1767126911,2025-12-31T04:35:11,0.055
4,70-79,1767127211,2025-12-31T04:40:11,0.055
4,70-79,1767127513,2025-12-31T04:45:13,0.055
4,70-79,1767127811,2025-12-31T04:50:11,0.055
4,70-79,1767128111,2025-12-31T04:55:11,0.055
4,70-79,1767128415,2025-12-31T05:00:15,0.055
4,70-79,1767128711,2025-12-31T05:05:11,0.055
4,70-79,1767129014,2025-12-31T05:10:14,0.055
4,70-79,1767129310,2025-12-31T05:15:10,0.055
4,70-79,1767129611,2025-12-31T05:20:11,0.055
4,70-79,1767129911,2025-12-31T05:25:11,0.055
4,70-79,1767130217,2025-12-31T05:30:17,0.055
4,70-79,1767130511,2025-12-31T05:35:11,0.055
4,70-79,1767130825,2025-12-31T05:40:25,0.055
4,70-79,1767131112,2025-12-31T05:45:12,0.055
4,70-79,1767131412,2025-12-31T05:50:12,0.055
4,70-79,1767131714,2025-12-31T05:55:14,0.055
4,70-79,1767132015,2025-12-31T06:00:15,0.055
4,70-79,1767132311,2025-12-31T06:05:11,0.055
4,70-79,1767132612,2025-12-31T06:10:12,0.055
4,70-79,1767132911,2025-12-31T06:15:11,0.055
4,70-79,1767133214,2025-12-31T06:20:14,0.055
4,70-79,1767133526,2025-12-31T06:25:26,0.055
4,70-79,1767133816,2025-12-31T06:30:16,0.055
4,70-79,1767134125,2025-12-31T06:35:25,0.055
4,70-79,1767134411,2025-12-31T06:40:11,0.055
4,70-79,1767134711,2025-12-31T06:45:11,0.055
4,70-79,1767135014,2025-12-31T06:50:14,0.055
4,70-79,1767135311,2025-12-31T06:55:11,0.055
4,70-79,1767135615,2025-12-31T07:00:15,0.055
4,70-79,1767135911,2025-12-31T07:05:11,0.055
4,70-79,1767136212,2025-12-31T07:10:12,0.055
4,70-79,1767136514,2025-12-31T07:15:14,0.055
4,70-79,1767136811,2025-12-31T07:20:11,0.055
4,70-79,1767137114,2025-12-31T07:25:14,0.055
4,70-79,1767137425,2025-12-31T07:30:25,0.055
4,70-79,1767137711,2025-12-31T07:35:11,0.055
4,70-79,1767138011,2025-12-31T07:40:11,0.055
4,70-79,1767138311,2025-12-31T07:45:11,0.055
4,70-79,1767138614,2025-12-31T07:50:14,0.055
4,70-79,1767138911,2025-12-31T07:55:11,0.055
4,70-79,1767139217,2025-12-31T08:00:17,0.055
4,70-79,1767139511,2025-12-31T08:05:11,0.055
4,70-79,1767139812,2025-12-31T08:10:12,0.055
4,70-79,1767140114,2025-12-31T08:15:14,0.055
4,70-79,1767140424,2025-12-31T08:20:24,0.055
4,70-79,1767140711,2025-12-31T08:25:11,0.055
4,70-79,1767141015,2025-12-31T08:30:15,0.055
4,70-79,1767141311,2025-12-31T08:35:11,0.055
4,70-79,1767141613,2025-12-31T08:40:13,0.055
4,70-79,1767141913,2025-12-31T08:45:13,0.055
4,70-79,1767142211,2025-12-31T08:50:11,0.055
4,70-79,1767142511,2025-12-31T08:55:11,0.055
4,70-79,1767142815,2025-12-31T09:00:15,0.055
4,70-79,1767143111,2025-12-31T09:05:11,0.055
4,70-79,1767143413,2025-12-31T09:10:13,0.055
4,70-79,1767143712,2025-12-31T09:15:12,0.055
4,70-79,1767144011,2025-12-31T09:20:11,0.055
4,70-79,1767144310,2025-12-31T09:25:10,0.055
4,70-79,1767144629,2025-12-31T09:30:29,0.055
4,70-79,1767144913,2025-12-31T09:35:13,0.055
4,70-79,1767145214,2025-12-31T09:40:14,0.055
4,70-79,1767145511,2025-12-31T09:45:11,0.055
4,70-79,1767145811,2025-12-31T09:50:11,0.055
4,70-79,1767146111,2025-12-31T09:55:11,0.055
4,70-79,1767146415,2025-12-31T10:00:15,0.055
4,70-79,1767146713,2025-12-31T10:05:13,0.055
4,70-79,1767147012,2025-12-31T10:10:12,0.055
4,70-79,1767147311,2025-12-31T10:15:11,0.055
4,70-79,1767147611,2025-12-31T10:20:11,0.055
4,70-79,1767147913,2025-12-31T10:25:13,0.055
4,70-79,1767148218,2025-12-31T10:30:18,0.055
4,70-79,1767148511,2025-12-31T10:35:11,0.055
4,70-79,1767148823,2025-12-31T10:40:23,0.055
4,70-79,1767149111,2025-12-31T10:45:11,0.055
4,70-79,1767149412,2025-12-31T10:50:12,0.055
4,70-79,1767149714,2025-12-31T10:55:14,0.055
4,70-79,1767150017,2025-12-31T11:00:17,0.055
4,70-79,1767150323,2025-12-31T11:05:23,0.055
4,70-79,1767150624,2025-12-31T11:10:24,0.055
4,70-79,1767150911,2025-12-31T11:15:11,0.055
4,70-79,1767151211,2025-12-31T11:20:11,0.055
4,70-79,1767151526,2025-12-31T11:25:26,0.055
4,70-79,1767151829,2025-12-31T11:30:29,0.055
4,70-79,1767152125,2025-12-31T11:35:25,0.055
4,70-79,1767152414,2025-12-31T11:40:14,0.055
4,70-79,1767152711,2025-12-31T11:45:11,0.055
4,70-79,1767153025,2025-12-31T11:50:25,0.055
4,70-79,1767153310,2025-12-31T11:55:10,0.055
4,70-79,1767153630,2025-12-31T12:00:30,0.055
4,70-79,1767153911,2025-12-31T12:05:11,0.055
4,70-79,1767154211,2025-12-31T12:10:11,0.055
4,70-79,1767154511,2025-12-31T12:15:11,0.055
4,70-79,1767154823,2025-12-31T12:20:23,0.055
4,70-79,1767155111,2025-12-31T12:25:11,0.055
4,70-79,1767155430,2025-12-31T12:30:30,0.055
4,70-79,1767155712,2025-12-31T12:35:12,0.055
4,70-79,1767156010,2025-12-31T12:40:10,0.055
4,70-79,1767156312,2025-12-31T12:45:12,0.055
4,70-79,1767156612,2025-12-31T12:50:12,0.055
4,70-79,1767156910,2025-12-31T12:55:10,0.055
4,70-79,1767157214,2025-12-31T13:00:14,0.055
4,70-79,1767157510,2025-12-31T13:05:10,0.055
4,70-79,1767157826,2025-12-31T13:10:26,0.055
4,70-79,1767158111,2025-12-31T13:15:11,0.055
4,70-79,1767158410,2025-12-31T13:20:10,0.055
4,70-79,1767158711,2025-12-31T13:25:11,0.055
4,70-79,1767159015,2025-12-31T13:30:15,0.055
4,70-79,1767159310,2025-12-31T13:35:10,0.055
4,70-79,1767159613,2025-12-31T13:40:13,0.055
4,70-79,1767159911,2025-12-31T13:45:11,0.055
4,70-79,1767160211,2025-12-31T13:50:11,0.055
4,70-79,1767160510,2025-12-31T13:55:10,0.055
4,70-79,1767160816,2025-12-31T14:00:16,0.055
4,70-79,1767161125,2025-12-31T14:05:25,0.055
4,70-79,1767161410,2025-12-31T14:10:10,0.055
4,70-79,1767161710,2025-12-31T14:15:10,0.055
4,70-79,1767162010,2025-12-31T14:20:10,0.055
4,70-79,1767162310,2025-12-31T14:25:10,0.055
4,70-79,1767162618,2025-12-31T14:30:18,0.055
4,70-79,1767162926,2025-12-31T14:35:26,0.055
4,70-79,1767163210,2025-12-31T14:40:10,0.055
4,70-79,1767163510,2025-12-31T14:45:10,0.055
4,70-79,1767163810,2025-12-31T14:50:10,0.055
4,70-79,1767164110,2025-12-31T14:55:10,0.055
4,70-79,1767164414,2025-12-31T15:00:14,0.055
4,70-79,1767164713,2025-12-31T15:05:13,0.055
4,70-79,1767165011,2025-12-31T15:10:11,0.055
4,70-79,1767165310,2025-12-31T15:15:10,0.055
4,70-79,1767165611,2025-12-31T15:20:11,0.055
4,70-79,1767165910,2025-12-31T15:25:10,0.055
4,70-79,1767166228,2025-12-31T15:30:28,0.055
4,70-79,1767166510,2025-12-31T15:35:10,0.055
4,70-79,1767166811,2025-12-31T15:40:11,0.055
4,70-79,1767167110,2025-12-31T15:45:10,0.045
4,70-79,1767167411,2025-12-31T15:50:11,0.055
4,70-79,1767167710,2025-12-31T15:55:10,0.055
4,70-79,1767168017,2025-12-31T16:00:17,0.055
4,70-79,1767168310,2025-12-31T16:05:10,0.055
4,70-79,1767168625,2025-12-31T16:10:25,0.055
4,70-79,1767168911,2025-12-31T16:15:11,0.055
4,70-79,1767169210,2025-12-31T16:20:10,0.055
4,70-79,1767169513,2025-12-31T16:25:13,0.055
4,70-79,1767169814,2025-12-31T16:30:14,0.055
4,70-79,1767170110,2025-12-31T16:35:10,0.055
4,70-79,1767170410,2025-12-31T16:40:10,0.055
4,70-79,1767170711,2025-12-31T16:45:11,0.055
4,70-79,1767171028,2025-12-31T16:50:28,0.055
4,70-79,1767171311,2025-12-31T16:55:11,0.055
4,70-79,1767171616,2025-12-31T17:00:16,0.055
4,70-79,1767171911,2025-12-31T17:05:11,0.055
4,70-79,1767172211,2025-12-31T17:10:11,0.055
4,70-79,1767172513,2025-12-31T17:15:13,0.055
4,70-79,1767172811,2025-12-31T17:20:11,0.055
4,70-79,1767173110,2025-12-31T17:25:10,0.055
4,70-79,1767173414,2025-12-31T17:30:14,0.055
4,70-79,1767173710,2025-12-31T17:35:10,0.055
4,70-79,1767174026,2025-12-31T17:40:26,0.055
4,70-79,1767174310,2025-12-31T17:45:10,0.055
4,70-79,1767174610,2025-12-31T17:50:10,0.055
4,70-79,1767174913,2025-12-31T17:55:13,0.055
4,70-79,1767175215,2025-12-31T18:00:15,0.055
4,70-79,1767175511,2025-12-31T18:05:11,0.055
4,70-79,1767175823,2025-12-31T18:10:23,0.055
4,70-79,1767176110,2025-12-31T18:15:10,0.055
4,70-79,1767176424,2025-12-31T18:20:24,0.055
4,70-79,1767176711,2025-12-31T18:25:11,0.055
4,70-79,1767177014,2025-12-31T18:30:14,0.055
4,70-79,1767177310,2025-12-31T18:35:10,0.055
4,70-79,1767177611,2025-12-31T18:40:11,0.055
4,70-79,1767177910,2025-12-31T18:45:10,0.055
4,70-79,1767178213,2025-12-31T18:50:13,0.055
4,70-79,1767178511,2025-12-31T18:55:11,0.055
4,70-79,1767178825,2025-12-31T19:00:25,0.055
4,70-79,1767179111,2025-12-31T19:05:11,0.055
4,70-79,1767179410,2025-12-31T19:10:10,0.055
4,70-79,1767179713,2025-12-31T19:15:13,0.055
4,70-79,1767180013,2025-12-31T19:20:13,0.055
4,70-79,1767180311,2025-12-31T19:25:11,0.055
4,70-79,1767180615,2025-12-31T19:30:15,0.055
4,70-79,1767180911,2025-12-31T19:35:11,0.055
4,70-79,1767181210,2025-12-31T19:40:10,0.055
4,70-79,1767181513,2025-12-31T19:45:13,0.055
4,70-79,1767181811,2025-12-31T19:50:11,0.055
4,70-79,1767182111,2025-12-31T19:55:11,0.055
4,70-79,1767182417,2025-12-31T20:00:17,0.055
4,70-79,1767182710,2025-12-31T20:05:10,0.055
4,70-79,1767183024,2025-12-31T20:10:24,0.055
4,70-79,1767183310,2025-12-31T20:15:10,0.055
4,70-79,1767183611,2025-12-31T20:20:11,0.055
4,70-79,1767183911,2025-12-31T20:25:11,0.055
4,70-79,1767184227,2025-12-31T20:30:27,0.055
4,70-79,1767184510,2025-12-31T20:35:10,0.055
4,70-79,1767184824,2025-12-31T20:40:24,0.055
4,70-79,1767185111,2025-12-31T20:45:11,0.055
4,70-79,1767185410,2025-12-31T20:50:10,0.055
4,70-79,1767185710,2025-12-31T20:55:10,0.055
4,70-79,1767186014,2025-12-31T21:00:14,0.055
4,70-79,1767186311,2025-12-31T21:05:11,0.055
4,70-79,1767186628,2025-12-31T21:10:28,0.055
4,70-79,1767186911,2025-12-31T21:15:11,0.055
4,70-79,1767187211,2025-12-31T21:20:11,0.055
4,70-79,1767187510,2025-12-31T21:25:10,0.055
4,70-79,1767187814,2025-12-31T21:30:14,0.055
4,70-79,1767188113,2025-12-31T21:35:13,0.055
4,70-79,1767188411,2025-12-31T21:40:11,0.055
4,70-79,1767188724,2025-12-31T21:45:24,0.055
4,70-79,1767189011,2025-12-31T21:50:11,0.055
4,70-79,1767189311,2025-12-31T21:55:11,0.055
4,70-79,1767189616,2025-12-31T22:00:16,0.055
4,70-79,1767189913,2025-12-31T22:05:13,0.055
4,70-79,1767190225,2025-12-31T22:10:25,0.055
4,70-79,1767190511,2025-12-31T22:15:11,0.055
4,70-79,1767190822,2025-12-31T22:20:22,0.055
4,70-79,1767191111,2025-12-31T22:25:11,0.055
4,70-79,1767191416,2025-12-31T22:30:16,0.055
4,70-79,1767191711,2025-12-31T22:35:11,0.055
4,70-79,1767192011,2025-12-31T22:40:11,0.055
4,70-79,1767192311,2025-12-31T22:45:11,0.055
4,70-79,1767192610,2025-12-31T22:50:10,0.055
4,70-79,1767192923,2025-12-31T22:55:23,0.05
4,70-79,1767193216,2025-12-31T23:00:16,0.055
4,70-79,1767193511,2025-12-31T23:05:11,0.055
4,70-79,1767193811,2025-12-31T23:10:11,0.05
4,70-79,1767194111,2025-12-31T23:15:11,0.05
4,70-79,1767194411,2025-12-31T23:20:11,0.05
4,70-79,1767194713,2025-12-31T23:25:13,0.05
4,70-79,1767195015,2025-12-31T23:30:15,0.05
4,70-79,1767195324,2025-12-31T23:35:24,0.05
4,70-79,1767195611,2025-12-31T23:40:11,0.05
4,70-79,1767195925,2025-12-31T23:45:25,0.05
4,70-79,1767196213,2025-12-31T23:50:13,0.05
4,70-79,1767196511,2025-12-31T23:55:11,0.05
4,70-79,1767196818,2026-01-01T00:00:18,0.05
4,70-79,1767197111,2026-01-01T00:05:11,0.05
4,70-79,1767197411,2026-01-01T00:10:11,0.05
4,70-79,1767197724,2026-01-01T00:15:24,0.05
4,70-79,1767198011,2026-01-01T00:20:11,0.05
4,70-79,1767198313,2026-01-01T00:25:13,0.05
4,70-79,1767198615,2026-01-01T00:30:15,0.05
4,70-79,1767198911,2026-01-01T00:35:11,0.05
4,70-79,1767199211,2026-01-01T00:40:11,0.05
4,70-79,1767199511,2026-01-01T00:45:11,0.05
4,70-79,1767199814,2026-01-01T00:50:14,0.05
4,70-79,1767200111,2026-01-01T00:55:11,0.05
4,70-79,1767200419,2026-01-01T01:00:19,0.05
4,70-79,1767200712,2026-01-01T01:05:12,0.05
4,70-79,1767201014,2026-01-01T01:10:14,0.05
4,70-79,1767201311,2026-01-01T01:15:11,0.05
4,70-79,1767201612,2026-01-01T01:20:12,0.05
4,70-79,1767201911,2026-01-01T01:25:11,0.05
4,70-79,1767202215,2026-01-01T01:30:15,0.05
4,70-79,1767202528,2026-01-01T01:35:28,0.05
4,70-79,1767202811,2026-01-01T01:40:11,0.05
4,70-79,1767203114,2026-01-01T01:45:14,0.05
4,70-79,1767203414,2026-01-01T01:50:14,0.05
4,70-79,1767203712,2026-01-01T01:55:12,0.05
4,70-79,1767204018,2026-01-01T02:00:18,0.05
4,70-79,1767204311,2026-01-01T02:05:11,0.05
4,70-79,1767204614,2026-01-01T02:10:14,0.05
4,70-79,1767204911,2026-01-01T02:15:11,0.05
4,70-79,1767205212,2026-01-01T02:20:12,0.05
4,70-79,1767205511,2026-01-01T02:25:11,0.05
4,70-79,1767205815,2026-01-01T02:30:15,0.05
4,70-79,1767206114,2026-01-01T02:35:14,0.055
4,70-79,1767206411,2026-01-01T02:40:11,0.055
4,70-79,1767206711,2026-01-01T02:45:11,0.05
4,70-79,1767207011,2026-01-01T02:50:11,0.05
4,70-79,1767207311,2026-01-01T02:55:11,0.05
4,70-79,1767207644,2026-01-01T03:00:44,0.055
4,70-79,1767207912,2026-01-01T03:05:12,0.055
4,70-79,1767208212,2026-01-01T03:10:12,0.055
4,70-79,1767208511,2026-01-01T03:15:11,0.055
4,70-79,1767208814,2026-01-01T03:20:14,0.055
4,70-79,1767209112,2026-01-01T03:25:12,0.055
4,70-79,1767209416,2026-01-01T03:30:16,0.055
4,70-79,1767209711,2026-01-01T03:35:11,0.055
4,70-79,1767210012,2026-01-01T03:40:12,0.055
4,70-79,1767210314,2026-01-01T03:45:14,0.055
4,70-79,1767210612,2026-01-01T03:50:12,0.055
4,70-79,1767210911,2026-01-01T03:55:11,0.055
4,70-79,1767211216,2026-01-01T04:00:16,0.055
4,70-79,1767211511,2026-01-01T04:05:11,0.055
4,70-79,1767211815,2026-01-01T04:10:15,0.055
4,70-79,1767212111,2026-01-01T04:15:11,0.055
4,70-79,1767212415,2026-01-01T04:20:15,0.055
4,70-79,1767212724,2026-01-01T04:25:24,0.055
4,70-79,1767213015,2026-01-01T04:30:15,0.055
4,70-79,1767213311,2026-01-01T04:35:11,0.055
4,70-79,1767213611,2026-01-01T04:40:11,0.055
4,70-79,1767213927,2026-01-01T04:45:27,0.055
4,70-79,1767214212,2026-01-01T04:50:12,0.055
4,70-79,1767214511,2026-01-01T04:55:11,0.055
4,70-79,1767214818,2026-01-01T05:00:18,0.055
4,70-79,1767215111,2026-01-01T05:05:11,0.055
4,70-79,1767215411,2026-01-01T05:10:11,0.055
4,70-79,1767215714,2026-01-01T05:15:14,0.055
4,70-79,1767216011,2026-01-01T05:20:11,0.055
4,70-79,1767216311,2026-01-01T05:25:11,0.055
4,70-79,1767216616,2026-01-01T05:30:16,0.055
4,70-79,1767216911,2026-01-01T05:35:11,0.055
4,70-79,1767217226,2026-01-01T05:40:26,0.055
4,70-79,1767217511,2026-01-01T05:45:11,0.055
4,70-79,1767217811,2026-01-01T05:50:11,0.055
4,70-79,1767218112,2026-01-01T05:55:12,0.055
4,70-79,1767218416,2026-01-01T06:00:16,0.055
4,70-79,1767218711,2026-01-01T06:05:11,0.055
4,70-79,1767219014,2026-01-01T06:10:14,0.055
4,70-79,1767219326,2026-01-01T06:15:26,0.055
4,70-79,1767219611,2026-01-01T06:20:11,0.055
4,70-79,1767219912,2026-01-01T06:25:12,0.055
4,70-79,1767220216,2026-01-01T06:30:16,0.055
4,70-79,1767220536,2026-01-01T06:35:36,0.055
4,70-79,1767220811,2026-01-01T06:40:11,0.055
4,70-79,1767221111,2026-01-01T06:45:11,0.055
4,70-79,1767221414,2026-01-01T06:50:14,0.055
4,70-79,1767221711,2026-01-01T06:55:11,0.055
4,70-79,1767222015,2026-01-01T07:00:15,0.055
4,70-79,1767222323,2026-01-01T07:05:23,0.055
4,70-79,1767222611,2026-01-01T07:10:11,0.055
4,70-79,1767222914,2026-01-01T07:15:14,0.055
4,70-79,1767223211,2026-01-01T07:20:11,0.055
4,70-79,1767223511,2026-01-01T07:25:11,0.055
4,70-79,1767223815,2026-01-01T07:30:15,0.055
4,70-79,1767224111,2026-01-01T07:35:11,0.055
4,70-79,1767224414,2026-01-01T07:40:14,0.055
4,70-79,1767224711,2026-01-01T07:45:11,0.055
4,70-79,1767225022,2026-01-01T07:50:22,0.055
4,70-79,1767225311,2026-01-01T07:55:11,0.055
4,70-79,1767225618,2026-01-01T08:00:18,0.055
4,70-79,1767225911,2026-01-01T08:05:11,0.055
4,70-79,1767226210,2026-01-01T08:10:10,0.055
4,70-79,1767226511,2026-01-01T08:15:11,0.055
4,70-79,1767226810,2026-01-01T08:20:10,0.05
4,70-79,1767227110,2026-01-01T08:25:10,0.055
4,70-79,1767227415,2026-01-01T08:30:15,0.055
4,70-79,1767227710,2026-01-01T08:35:10,0.055
4,70-79,1767228010,2026-01-01T08:40:10,0.05
4,70-79,1767228310,2026-01-01T08:45:10,0.055
4,70-79,1767228614,2026-01-01T08:50:14,0.055
4,70-79,1767228910,2026-01-01T08:55:10,0.055
4,70-79,1767229214,2026-01-01T09:00:14,0.055
4,70-79,1767229510,2026-01-01T09:05:10,0.055
4,70-79,1767229810,2026-01-01T09:10:10,0.05
4,70-79,1767230110,2026-01-01T09:15:10,0.05
4,70-79,1767230411,2026-01-01T09:20:11,0.05
4,70-79,1767230711,2026-01-01T09:25:11,0.035
4,70-79,1767231014,2026-01-01T09:30:14,0.035
4,70-79,1767231310,2026-01-01T09:35:10,0.03
4,70-79,1767231624,2026-01-01T09:40:24,0.035
4,70-79,1767231911,2026-01-01T09:45:11,0.035
4,70-79,1767232210,2026-01-01T09:50:10,0.03
4,70-79,1767232510,2026-01-01T09:55:10,0.03
4,70-79,1767232815,2026-01-01T10:00:15,0.02
4,70-79,1767233111,2026-01-01T10:05:11,0.02
4,70-79,1767233426,2026-01-01T10:10:26,0.0215
4,70-79,1767233710,2026-01-01T10:15:10,0.0215
4,70-79,1767234011,2026-01-01T10:20:11,0.0215
4,70-79,1767234311,2026-01-01T10:25:11,0.0305
4,70-79,1767234623,2026-01-01T10:30:23,0.0305
4,70-79,1767234910,2026-01-01T10:35:10,0.035
4,70-79,1767235211,2026-01-01T10:40:11,0.035
4,70-79,1767235510,2026-01-01T10:45:10,0.035
4,70-79,1767235810,2026-01-01T10:50:10,0.035
4,70-79,1767236110,2026-01-01T10:55:10,0.035
4,70-79,1767236416,2026-01-01T11:00:16,0.035
4,70-79,1767236710,2026-01-01T11:05:10,0.035
4,70-79,1767237010,2026-01-01T11:10:10,0.035
4,70-79,1767237310,2026-01-01T11:15:10,0.035
4,70-79,1767237623,2026-01-01T11:20:23,0.035
4,70-79,1767237911,2026-01-01T11:25:11,0.035
4,70-79,1767238214,2026-01-01T11:30:14,0.035
4,70-79,1767238523,2026-01-01T11:35:23,0.031
4,70-79,1767238810,2026-01-01T11:40:10,0.031
4,70-79,1767239123,2026-01-01T11:45:23,0.031
4,70-79,1767239411,2026-01-01T11:50:11,0.031
4,70-79,1767239710,2026-01-01T11:55:10,0.031
4,70-79,1767240030,2026-01-01T12:00:30,0.031
4,70-79,1767240310,2026-01-01T12:05:10,0.035
4,70-79,1767240624,2026-01-01T12:10:24,0.035
4,70-79,1767240911,2026-01-01T12:15:11,0.035
4,70-79,1767241223,2026-01-01T12:20:23,0.035
4,70-79,1767241510,2026-01-01T12:25:10,0.035
4,70-79,1767241814,2026-01-01T12:30:14,0.035
4,70-79,1767242110,2026-01-01T12:35:10,0.035
4,70-79,1767242411,2026-01-01T12:40:11,0.035
4,70-79,1767242710,2026-01-01T12:45:10,0.035
4,70-79,1767243011,2026-01-01T12:50:11,0.035
4,70-79,1767243311,2026-01-01T12:55:11,0.035
4,70-79,1767243614,2026-01-01T13:00:14,0.035
4,70-79,1767243911,2026-01-01T13:05:11,0.035
4,70-79,1767244210,2026-01-01T13:10:10,0.035
4,70-79,1767244510,2026-01-01T13:15:10,0.035
4,70-79,1767244810,2026-01-01T13:20:10,0.035
4,70-79,1767245110,2026-01-01T13:25:10,0.035
4,70-79,1767245425,2026-01-01T13:30:25,0.035
4,70-79,1767245711,2026-01-01T13:35:11,0.035
4,70-79,1767246010,2026-01-01T13:40:10,0.035
4,70-79,1767246310,2026-01-01T13:45:10,0.035
4,70-79,1767246610,2026-01-01T13:50:10,0.035
4,70-79,1767246911,2026-01-01T13:55:11,0.035
4,70-79,1767247217,2026-01-01T14:00:17,0.035
4,70-79,1767247510,2026-01-01T14:05:10,0.035
4,70-79,1767247811,2026-01-01T14:10:11,0.035
4,70-79,1767248111,2026-01-01T14:15:11,0.035
4,70-79,1767248424,2026-01-01T14:20:24,0.035
4,70-79,1767248710,2026-01-01T14:25:10,0.035
4,70-79,1767249014,2026-01-01T14:30:14,0.035
4,70-79,1767249324,2026-01-01T14:35:24,0.035
4,70-79,1767249621,2026-01-01T14:40:21,0.035
4,70-79,1767249910,2026-01-01T14:45:10,0.035
4,70-79,1767250210,2026-01-01T14:50:10,0.035
4,70-79,1767250510,2026-01-01T14:55:10,0.035
4,70-79,1767250814,2026-01-01T15:00:14,0.02
4,70-79,1767251111,2026-01-01T15:05:11,0.035
4,70-79,1767251410,2026-01-01T15:10:10,0.02
4,70-79,1767251711,2026-01-01T15:15:11,0.02
4,70-79,1767252022,2026-01-01T15:20:22,0.02
4,70-79,1767252310,2026-01-01T15:25:10,0.02
4,70-79,1767252630,2026-01-01T15:30:30,0.02
4,70-79,1767252911,2026-01-01T15:35:11,0.02
4,70-79,1767253212,2026-01-01T15:40:12,0.02
4,70-79,1767253511,2026-01-01T15:45:11,0.02
4,70-79,1767253812,2026-01-01T15:50:12,0.02
4,70-79,1767254111,2026-01-01T15:55:11,0.02
4,70-79,1767254413,2026-01-01T16:00:13,0.02
4,70-79,1767254710,2026-01-01T16:05:10,0.02
4,70-79,1767255010,2026-01-01T16:10:10,0.02
4,70-79,1767255310,2026-01-01T16:15:10,0.02
4,70-79,1767255611,2026-01-01T16:20:11,0.02
4,70-79,1767255910,2026-01-01T16:25:10,0.02
4,70-79,1767256213,2026-01-01T16:30:13,0.02
4,70-79,1767256510,2026-01-01T16:35:10,0.02
4,70-79,1767256810,2026-01-01T16:40:10,0.02
4,70-79,1767257123,2026-01-01T16:45:23,0.02
4,70-79,1767257410,2026-01-01T16:50:10,0.02
4,70-79,1767257711,2026-01-01T16:55:11,0.02
4,70-79,1767258016,2026-01-01T17:00:16,0.02
4,70-79,1767258310,2026-01-01T17:05:10,0.02
4,70-79,1767258610,2026-01-01T17:10:10,0.02
4,70-79,1767258910,2026-01-01T17:15:10,0.02
4,70-79,1767259211,2026-01-01T17:20:11,0.02
4,70-79,1767259509,2026-01-01T17:25:09,0.02
4,70-79,1767259812,2026-01-01T17:30:12,0.02
4,70-79,1767260109,2026-01-01T17:35:09,0.02
4,70-79,1767260410,2026-01-01T17:40:10,0.02
4,70-79,1767260721,2026-01-01T17:45:21,0.02
4,70-79,1767261009,2026-01-01T17:50:09,0.02
4,70-79,1767261309,2026-01-01T17:55:09,0.02
4,70-79,1767261615,2026-01-01T18:00:15,0.02
4,70-79,1767261909,2026-01-01T18:05:09,0.02
4,70-79,1767262210,2026-01-01T18:10:10,0.02
4,70-79,1767262509,2026-01-01T18:15:09,0.02
4,70-79,1767262809,2026-01-01T18:20:09,0.02
4,70-79,1767263111,2026-01-01T18:25:11,0.02
4,70-79,1767263412,2026-01-01T18:30:12,0.02
4,70-79,1767263709,2026-01-01T18:35:09,0.02
4,70-79,1767264009,2026-01-01T18:40:09,0.02
4,70-79,1767264321,2026-01-01T18:45:21,0.02
4,70-79,1767264609,2026-01-01T18:50:09,0.02
4,70-79,1767264909,2026-01-01T18:55:09,0.02
4,70-79,1767265213,2026-01-01T19:00:13,0.02
4,70-79,1767265509,2026-01-01T19:05:09,0.02
4,70-79,1767265834,2026-01-01T19:10:34,0.02
4,70-79,1767266109,2026-01-01T19:15:09,0.02
4,70-79,1767266409,2026-01-01T19:20:09,0.02
4,70-79,1767266723,2026-01-01T19:25:23,0.02
4,70-79,1767267012,2026-01-01T19:30:12,0.02
4,70-79,1767267309,2026-01-01T19:35:09,0.02
4,70-79,1767267611,2026-01-01T19:40:11,0.02
4,70-79,1767267909,2026-01-01T19:45:09,0.02
4,70-79,1767268209,2026-01-01T19:50:09,0.02
4,70-79,1767268524,2026-01-01T19:55:24,0.0155
4,70-79,1767268819,2026-01-01T20:00:19,0.0155
4,70-79,1767269110,2026-01-01T20:05:10,0.0155
4,70-79,1767269409,2026-01-01T20:10:09,0.0155
4,70-79,1767269724,2026-01-01T20:15:24,0.0155
4,70-79,1767270032,2026-01-01T20:20:32,0.0155
4,70-79,1767270311,2026-01-01T20:25:11,0.0155
4,70-79,1767270612,2026-01-01T20:30:12,0.0155
4,70-79,1767270921,2026-01-01T20:35:21,0.0155
4,70-79,1767271209,2026-01-01T20:40:09,0.0305
4,70-79,1767271509,2026-01-01T20:45:09,0.0305
4,70-79,1767271811,2026-01-01T20:50:11,0.0305
4,70-79,1767272109,2026-01-01T20:55:09,0.0305
4,70-79,1767272435,2026-01-01T21:00:35,0.0255
4,70-79,1767272709,2026-01-01T21:05:09,0.0255
4,70-79,1767273009,2026-01-01T21:10:09,0.0255
4,70-79,1767273309,2026-01-01T21:15:09,0.0255
4,70-79,1767273619,2026-01-01T21:20:19,0.0255
4,70-79,1767273909,2026-01-01T21:25:09,0.0255
4,70-79,1767274214,2026-01-01T21:30:14,0.0255
4,70-79,1767274523,2026-01-01T21:35:23,0.0255
4,70-79,1767274809,2026-01-01T21:40:09,0.0155
4,70-79,1767275111,2026-01-01T21:45:11,0.0155
4,70-79,1767275409,2026-01-01T21:50:09,0.0155
4,70-79,1767275712,2026-01-01T21:55:12,0.0155
4,70-79,1767276012,2026-01-01T22:00:12,0.0155
4,70-79,1767276310,2026-01-01T22:05:10,0.0155
4,70-79,1767276610,2026-01-01T22:10:10,0.0155
4,70-79,1767276924,2026-01-01T22:15:24,0.0155
4,70-79,1767277224,2026-01-01T22:20:24,0.0155
4,70-79,1767277511,2026-01-01T22:25:11,0.0155
4,70-79,1767277812,2026-01-01T22:30:12,0.0155
4,70-79,1767278111,2026-01-01T22:35:11,0.0155
4,70-79,1767278409,2026-01-01T22:40:09,0.0155
4,70-79,1767278709,2026-01-01T22:45:09,0.0155
4,70-79,1767279010,2026-01-01T22:50:10,0.0155
4,70-79,1767279309,2026-01-01T22:55:09,0.0155
4,70-79,1767279616,2026-01-01T23:00:16,0.0155
4,70-79,1767279909,2026-01-01T23:05:09,0.0155
4,70-79,1767280210,2026-01-01T23:10:10,0.0155
4,70-79,1767280510,2026-01-01T23:15:10,0.0155
4,70-79,1767280810,2026-01-01T23:20:10,0.0155
4,70-79,1767281111,2026-01-01T23:25:11,0.0155
4,70-79,1767281413,2026-01-01T23:30:13,0.0155
4,70-79,1767281709,2026-01-01T23:35:09,0.0155
4,70-79,1767282010,2026-01-01T23:40:10,0.0155
4,70-79,1767282309,2026-01-01T23:45:09,0.0155
4,70-79,1767282638,2026-01-01T23:50:38,0.0155
4,70-79,1767282910,2026-01-01T23:55:10,0.0155
4,70-79,1767283213,2026-01-02T00:00:13,0.0155
4,70-79,1767283509,2026-01-02T00:05:09,0.0155
4,70-79,1767283810,2026-01-02T00:10:10,0.0155
4,70-79,1767284110,2026-01-02T00:15:10,0.0155
4,70-79,1767284411,2026-01-02T00:20:11,0.0155
4,70-79,1767284709,2026-01-02T00:25:09,0.0155
4,70-79,1767285012,2026-01-02T00:30:12,0.0155
4,70-79,1767285309,2026-01-02T00:35:09,0.0155
4,70-79,1767285609,2026-01-02T00:40:09,0.0155
4,70-79,1767285912,2026-01-02T00:45:12,0.0155
4,70-79,1767286209,2026-01-02T00:50:09,0.0155
4,70-79,1767286509,2026-01-02T00:55:09,0.0155
4,70-79,1767286816,2026-01-02T01:00:16,0.0155
4,70-79,1767287121,2026-01-02T01:05:21,0.0155
4,70-79,1767287410,2026-01-02T01:10:10,0.0155
4,70-79,1767287709,2026-01-02T01:15:09,0.0155
4,70-79,1767288009,2026-01-02T01:20:09,0.0155
4,70-79,1767288324,2026-01-02T01:25:24,0.0155
4,70-79,1767288613,2026-01-02T01:30:13,0.0155
4,70-79,1767288912,2026-01-02T01:35:12,0.0155
4,70-79,1767289209,2026-01-02T01:40:09,0.0155
4,70-79,1767289509,2026-01-02T01:45:09,0.0155
4,70-79,1767289809,2026-01-02T01:50:09,0.0155
4,70-79,1767290112,2026-01-02T01:55:12,0.016
4,70-79,1767290415,2026-01-02T02:00:15,0.016
4,70-79,1767290709,2026-01-02T02:05:09,0.016
4,70-79,1767291010,2026-01-02T02:10:10,0.0165
4,70-79,1767291310,2026-01-02T02:15:10,0.0165
4,70-79,1767291612,2026-01-02T02:20:12,0.0165
4,70-79,1767291910,2026-01-02T02:25:10,0.017
4,70-79,1767292212,2026-01-02T02:30:12,0.017
4,70-79,1767292510,2026-01-02T02:35:10,0.017
4,70-79,1767292822,2026-01-02T02:40:22,0.017
4,70-79,1767293125,2026-01-02T02:45:25,0.012
4,70-79,1767293410,2026-01-02T02:50:10,0.012
4,70-79,1767293709,2026-01-02T02:55:09,0.0175
4,70-79,1767294012,2026-01-02T03:00:12,0.0175
4,70-79,1767294312,2026-01-02T03:05:12,0.0175
4,70-79,1767294610,2026-01-02T03:10:10,0.0175
4,70-79,1767294910,2026-01-02T03:15:10,0.0175
4,70-79,1767295210,2026-01-02T03:20:10,0.0175
4,70-79,1767295510,2026-01-02T03:25:10,0.0175
4,70-79,1767295825,2026-01-02T03:30:25,0.04
4,70-79,1767296110,2026-01-02T03:35:10,0.04
4,70-79,1767296409,2026-01-02T03:40:09,0.04
4,70-79,1767296709,2026-01-02T03:45:09,0.04
4,70-79,1767297013,2026-01-02T03:50:13,0.04
4,70-79,1767297321,2026-01-02T03:55:21,0.04
4,70-79,1767297625,2026-01-02T04:00:25,0.04
4,70-79,1767297910,2026-01-02T04:05:10,0.04
4,70-79,1767298210,2026-01-02T04:10:10,0.0265
4,70-79,1767298512,2026-01-02T04:15:12,0.026
4,70-79,1767298822,2026-01-02T04:20:22,0.026
4,70-79,1767299110,2026-01-02T04:25:10,0.026
4,70-79,1767299428,2026-01-02T04:30:28,0.0265
4,70-79,1767299722,2026-01-02T04:35:22,0.027
4,70-79,1767300022,2026-01-02T04:40:22,0.027
4,70-79,1767300310,2026-01-02T04:45:10,0.027
4,70-79,1767300609,2026-01-02T04:50:09,0.027
4,70-79,1767300910,2026-01-02T04:55:10,0.027
4,70-79,1767301214,2026-01-02T05:00:14,0.027
4,70-79,1767301509,2026-01-02T05:05:09,0.027
4,70-79,1767301813,2026-01-02T05:10:13,0.027
4,70-79,1767302110,2026-01-02T05:15:10,0.012
4,70-79,1767302410,2026-01-02T05:20:10,0.012
4,70-79,1767302709,2026-01-02T05:25:09,0.025
4,70-79,1767303013,2026-01-02T05:30:13,0.0255
4,70-79,1767303312,2026-01-02T05:35:12,0.0255
4,70-79,1767303610,2026-01-02T05:40:10,0.0245
4,70-79,1767303909,2026-01-02T05:45:09,0.0235
4,70-79,1767304209,2026-01-02T05:50:09,0.0235
4,70-79,1767304510,2026-01-02T05:55:10,0.0235
4,70-79,1767304826,2026-01-02T06:00:26,0.0235
4,70-79,1767305110,2026-01-02T06:05:10,0.0235
4,70-79,1767305409,2026-01-02T06:10:09,0.0235
4,70-79,1767305710,2026-01-02T06:15:10,0.0235
4,70-79,1767306010,2026-01-02T06:20:10,0.0235
4,70-79,1767306309,2026-01-02T06:25:09,0.0235
4,70-79,1767306616,2026-01-02T06:30:16,0.0235
4,70-79,1767306909,2026-01-02T06:35:09,0.0225
4,70-79,1767307210,2026-01-02T06:40:10,0.0225
4,70-79,1767307510,2026-01-02T06:45:10,0.0225
4,70-79,1767307810,2026-01-02T06:50:10,0.0225
4,70-79,1767308112,2026-01-02T06:55:12,0.0225
4,70-79,1767308414,2026-01-02T07:00:14,0.0225
4,70-79,1767308722,2026-01-02T07:05:22,0.0225
4,70-79,1767309009,2026-01-02T07:10:09,0.0225
4,70-79,1767309309,2026-01-02T07:15:09,0.0225
4,70-79,1767309609,2026-01-02T07:20:09,0.0225
4,70-79,1767309909,2026-01-02T07:25:09,0.0225
4,70-79,1767310213,2026-01-02T07:30:13,0.0225
4,70-79,1767310523,2026-01-02T07:35:23,0.0225
4,70-79,1767310809,2026-01-02T07:40:09,0.0225
4,70-79,1767311112,2026-01-02T07:45:12,0.019
4,70-79,1767311410,2026-01-02T07:50:10,0.053
4,70-79,1767311710,2026-01-02T07:55:10,0.0525
4,70-79,1767312017,2026-01-02T08:00:17,0.053
4,70-79,1767312309,2026-01-02T08:05:09,0.053
4,70-79,1767312613,2026-01-02T08:10:13,0.053
4,70-79,1767312910,2026-01-02T08:15:10,0.053
4,70-79,1767313210,2026-01-02T08:20:10,0.0525
4,70-79,1767313511,2026-01-02T08:25:11,0.053
4,70-79,1767313827,2026-01-02T08:30:27,0.053
4,70-79,1767314110,2026-01-02T08:35:10,0.053
4,70-79,1767314410,2026-01-02T08:40:10,0.109
4,70-79,1767314710,2026-01-02T08:45:10,0.104
4,70-79,1767315012,2026-01-02T08:50:12,0.101
4,70-79,1767315310,2026-01-02T08:55:10,0.104
4,70-79,1767315613,2026-01-02T09:00:13,0.102
4,70-79,1767315909,2026-01-02T09:05:09,0.102
4,70-79,1767316209,2026-01-02T09:10:09,0.0975
4,70-79,1767316512,2026-01-02T09:15:12,0.098
4,70-79,1767316809,2026-01-02T09:20:09,0.098
4,70-79,1767317109,2026-01-02T09:25:09,0.098
4,70-79,1767317413,2026-01-02T09:30:13,0.0985
4,70-79,1767317709,2026-01-02T09:35:09,0.098
4,70-79,1767318012,2026-01-02T09:40:12,0.0525
4,70-79,1767318309,2026-01-02T09:45:09,0.043
4,70-79,1767318610,2026-01-02T09:50:10,0.016
4,70-79,1767318910,2026-01-02T09:55:10,0.016
4,70-79,1767319214,2026-01-02T10:00:14,0.016
4,70-79,1767319522,2026-01-02T10:05:22,0.016
4,70-79,1767319824,2026-01-02T10:10:24,0.016
4,70-79,1767320112,2026-01-02T10:15:12,0.0165
4,70-79,1767320409,2026-01-02T10:20:09,0.0165
4,70-79,1767320710,2026-01-02T10:25:10,0.0165
4,70-79,1767321013,2026-01-02T10:30:13,0.0165
4,70-79,1767321325,2026-01-02T10:35:25,0.0165
4,70-79,1767321620,2026-01-02T10:40:20,0.0165
4,70-79,1767321910,2026-01-02T10:45:10,0.0165
4,70-79,1767322225,2026-01-02T10:50:25,0.0165
4,70-79,1767322509,2026-01-02T10:55:09,0.0165
4,70-79,1767322828,2026-01-02T11:00:28,0.0165
4,70-79,1767323110,2026-01-02T11:05:10,0.0165
4,70-79,1767323410,2026-01-02T11:10:10,0.0165
4,70-79,1767323709,2026-01-02T11:15:09,0.0165
4,70-79,1767324010,2026-01-02T11:20:10,0.0165
4,70-79,1767324309,2026-01-02T11:25:09,0.0165
4,70-79,1767324615,2026-01-02T11:30:15,0.0165
4,70-79,1767324910,2026-01-02T11:35:10,0.0165
4,70-79,1767325210,2026-01-02T11:40:10,0.0165
4,70-79,1767325522,2026-01-02T11:45:22,0.0165
4,70-79,1767325809,2026-01-02T11:50:09,0.0165
4,70-79,1767326109,2026-01-02T11:55:09,0.0165
4,70-79,1767326413,2026-01-02T12:00:13,0.0165
4,70-79,1767326709,2026-01-02T12:05:09,0.0165
4,70-79,1767327010,2026-01-02T12:10:10,0.0165
4,70-79,1767327312,2026-01-02T12:15:12,0.0165
4,70-79,1767327610,2026-01-02T12:20:10,0.0165
4,70-79,1767327910,2026-01-02T12:25:10,0.0165
4,70-79,1767328213,2026-01-02T12:30:13,0.0165
4,70-79,1767328509,2026-01-02T12:35:09,0.0165
4,70-79,1767328812,2026-01-02T12:40:12,0.0165
4,70-79,1767329109,2026-01-02T12:45:09,0.0165
4,70-79,1767329411,2026-01-02T12:50:11,0.0165
4,70-79,1767329710,2026-01-02T12:55:10,0.0165
4,70-79,1767330015,2026-01-02T13:00:15,0.0165
4,70-79,1767330312,2026-01-02T13:05:12,0.0165
4,70-79,1767330611,2026-01-02T13:10:11,0.0165
4,70-79,1767330910,2026-01-02T13:15:10,0.0165
4,70-79,1767331212,2026-01-02T13:20:12,0.0165
4,70-79,1767331525,2026-01-02T13:25:25,0.0165
4,70-79,1767331813,2026-01-02T13:30:13,0.0165
4,70-79,1767332110,2026-01-02T13:35:10,0.0165
4,70-79,1767332410,2026-01-02T13:40:10,0.0165
4,70-79,1767332733,2026-01-02T13:45:33,0.0165
4,70-79,1767333022,2026-01-02T13:50:22,0.0165
4,70-79,1767333321,2026-01-02T13:55:21,0.0165
4,70-79,1767333615,2026-01-02T14:00:15,0.0165
4,70-79,1767333909,2026-01-02T14:05:09,0.0165
4,70-79,1767334210,2026-01-02T14:10:10,0.0165
4,70-79,1767334510,2026-01-02T14:15:10,0.0165
4,70-79,1767334823,2026-01-02T14:20:23,0.0165
4,70-79,1767335117,2026-01-02T14:25:17,0.0165
4,70-79,1767335414,2026-01-02T14:30:14,0.0165
4,70-79,1767335710,2026-01-02T14:35:10,0.0165
4,70-79,1767336012,2026-01-02T14:40:12,0.0165
4,70-79,1767336309,2026-01-02T14:45:09,0.0165
4,70-79,1767336610,2026-01-02T14:50:10,0.0165
4,70-79,1767336910,2026-01-02T14:55:10,0.0165
4,70-79,1767337213,2026-01-02T15:00:13,0.015
4,70-79,1767337512,2026-01-02T15:05:12,0.013
4,70-79,1767337810,2026-01-02T15:10:10,0.0105
4,70-79,1767338110,2026-01-02T15:15:10,0.0105
4,70-79,1767338410,2026-01-02T15:20:10,0.0105
4,70-79,1767338709,2026-01-02T15:25:09,0.0105
4,70-79,1767339025,2026-01-02T15:30:25,0.009
4,70-79,1767339310,2026-01-02T15:35:10,0.009
4,70-79,1767339610,2026-01-02T15:40:10,0.009
4,70-79,1767339909,2026-01-02T15:45:09,0.009
4,70-79,1767340210,2026-01-02T15:50:10,0.009
4,70-79,1767340509,2026-01-02T15:55:09,0.009
4,70-79,1767340816,2026-01-02T16:00:16,0.009
4,70-79,1767341110,2026-01-02T16:05:10,0.009
4,70-79,1767341410,2026-01-02T16:10:10,0.009
4,70-79,1767341712,2026-01-02T16:15:12,0.009
4,70-79,1767342010,2026-01-02T16:20:10,0.009
4,70-79,1767342310,2026-01-02T16:25:10,0.009
4,70-79,1767342613,2026-01-02T16:30:13,0.009
4,70-79,1767342909,2026-01-02T16:35:09,0.005
4,70-79,1767343212,2026-01-02T16:40:12,0.005
4,70-79,1767343510,2026-01-02T16:45:10,0.005
4,70-79,1767343825,2026-01-02T16:50:25,0.005
4,70-79,1767344110,2026-01-02T16:55:10,0.005
4,70-79,1767344415,2026-01-02T17:00:15,0.005
4,70-79,1767344713,2026-01-02T17:05:13,0.005
4,70-79,1767345009,2026-01-02T17:10:09,0.005
4,70-79,1767345310,2026-01-02T17:15:10,0.005
4,70-79,1767345610,2026-01-02T17:20:10,0.005
4,70-79,1767345910,2026-01-02T17:25:10,0.005
4,70-79,1767346215,2026-01-02T17:30:15,0.005
4,70-79,1767346510,2026-01-02T17:35:10,0.005
4,70-79,1767346810,2026-01-02T17:40:10,0.005
4,70-79,1767347116,2026-01-02T17:45:16,0.005
4,70-79,1767347409,2026-01-02T17:50:09,0.005
4,70-79,1767347709,2026-01-02T17:55:09,0.005
4,70-79,1767348016,2026-01-02T18:00:16,0.005
4,70-79,1767348321,2026-01-02T18:05:21,0.005
4,70-79,1767348621,2026-01-02T18:10:21,0.005
4,70-79,1767348910,2026-01-02T18:15:10,0.005
4,70-79,1767349211,2026-01-02T18:20:11,0.005
4,70-79,1767349512,2026-01-02T18:25:12,0.005
4,70-79,1767349813,2026-01-02T18:30:13,0.005
4,70-79,1767350123,2026-01-02T18:35:23,0.005
4,70-79,1767350409,2026-01-02T18:40:09,0.005
4,70-79,1767350709,2026-01-02T18:45:09,0.005
4,70-79,1767351012,2026-01-02T18:50:12,0.005
4,70-79,1767351309,2026-01-02T18:55:09,0.005
4,70-79,1767351615,2026-01-02T19:00:15,0.005
4,70-79,1767351910,2026-01-02T19:05:10,0.005
4,70-79,1767352210,2026-01-02T19:10:10,0.005
4,70-79,1767352512,2026-01-02T19:15:12,0.005
4,70-79,1767352810,2026-01-02T19:20:10,0.005
4,70-79,1767353122,2026-01-02T19:25:22,0.005
4,70-79,1767353415,2026-01-02T19:30:15,0.005
4,70-79,1767353710,2026-01-02T19:35:10,0.005
4,70-79,1767354010,2026-01-02T19:40:10,0.005
4,70-79,1767354310,2026-01-02T19:45:10,0.005
4,70-79,1767354623,2026-01-02T19:50:23,0.005
4,70-79,1767354910,2026-01-02T19:55:10,0.005
4,70-79,1767355217,2026-01-02T20:00:17,0.005
4,70-79,1767355510,2026-01-02T20:05:10,0.005
4,70-79,1767355809,2026-01-02T20:10:09,0.005
4,70-79,1767356112,2026-01-02T20:15:12,0.005
4,70-79,1767356411,2026-01-02T20:20:11,0.005
4,70-79,1767356709,2026-01-02T20:25:09,0.0345
4,70-79,1767357013,2026-01-02T20:30:13,0.0335
4,70-79,1767357310,2026-01-02T20:35:10,0.0185
4,70-79,1767357612,2026-01-02T20:40:12,0.0165
4,70-79,1767357923,2026-01-02T20:45:23,0.0115
4,70-79,1767358210,2026-01-02T20:50:10,0.014
4,70-79,1767358510,2026-01-02T20:55:10,0.014
4,70-79,1767358813,2026-01-02T21:00:13,0.014
4,70-79,1767359112,2026-01-02T21:05:12,0.014
4,70-79,1767359423,2026-01-02T21:10:23,0.0135
4,70-79,1767359711,2026-01-02T21:15:11,0.005
4,70-79,1767360023,2026-01-02T21:20:23,0.005
4,70-79,1767360320,2026-01-02T21:25:20,0.0055
4,70-79,1767360615,2026-01-02T21:30:15,0.0035
4,70-79,1767360921,2026-01-02T21:35:21,0.0035
4,70-79,1767361210,2026-01-02T21:40:10,0.0035
4,70-79,1767361511,2026-01-02T21:45:11,0.0025
4,70-79,1767361809,2026-01-02T21:50:09,0.0025
4,70-79,1767362126,2026-01-02T21:55:26,0.0025
4,70-79,1767362414,2026-01-02T22:00:14,0.0025
4,70-79,1767362710,2026-01-02T22:05:10,0.0025
4,70-79,1767363010,2026-01-02T22:10:10,0.0025
4,70-79,1767363322,2026-01-02T22:15:22,0.026
4,70-79,1767363624,2026-01-02T22:20:24,0.077
4,70-79,1767363910,2026-01-02T22:25:10,0.051
4,70-79,1767364213,2026-01-02T22:30:13,0.0485
4,70-79,1767364509,2026-01-02T22:35:09,0.05
4,70-79,1767364810,2026-01-02T22:40:10,0.0455
4,70-79,1767365125,2026-01-02T22:45:25,0.044
4,70-79,1767365410,2026-01-02T22:50:10,0.0725
4,70-79,1767365709,2026-01-02T22:55:09,0.0735
4,70-79,1767366017,2026-01-02T23:00:17,0.0725
4,70-79,1767366310,2026-01-02T23:05:10,0.0605
4,70-79,1767366613,2026-01-02T23:10:13,0.045
4,70-79,1767366910,2026-01-02T23:15:10,0.0445
4,70-79,1767367210,2026-01-02T23:20:10,0.0445
4,70-79,1767367511,2026-01-02T23:25:11,0.044
4,70-79,1767367813,2026-01-02T23:30:13,0.043
4,70-79,1767368133,2026-01-02T23:35:33,0.0345
4,70-79,1767368409,2026-01-02T23:40:09,0.0345
4,70-79,1767368710,2026-01-02T23:45:10,0.035
4,70-79,1767369010,2026-01-02T23:50:10,0.035
4,70-79,1767369310,2026-01-02T23:55:10,0.035
4,70-79,1767369614,2026-01-03T00:00:14,0.035
4,70-79,1767369912,2026-01-03T00:05:12,0.035
4,70-79,1767370210,2026-01-03T00:10:10,0.035
4,70-79,1767370510,2026-01-03T00:15:10,0.035
4,70-79,1767370812,2026-01-03T00:20:12,0.0335
4,70-79,1767371110,2026-01-03T00:25:10,0.035
4,70-79,1767371413,2026-01-03T00:30:13,0.035
4,70-79,1767371710,2026-01-03T00:35:10,0.035
4,70-79,1767372010,2026-01-03T00:40:10,0.0075
4,70-79,1767372313,2026-01-03T00:45:13,0.0005
4,70-79,1767372622,2026-01-03T00:50:22,0.0005
4,70-79,1767372909,2026-01-03T00:55:09,0.0005
4,70-79,1767373217,2026-01-03T01:00:17,0.0005
4,70-79,1767373510,2026-01-03T01:05:10,0.0005
4,70-79,1767373812,2026-01-03T01:10:12,0.0005
4,70-79,1767374110,2026-01-03T01:15:10,0.0005
4,70-79,1767374411,2026-01-03T01:20:11,0.0005
4,70-79,1767374711,2026-01-03T01:25:11,0.0005
4,70-79,1767375014,2026-01-03T01:30:14,0.0005
4,70-79,1767375322,2026-01-03T01:35:22,0.0005
4,70-79,1767375612,2026-01-03T01:40:12,0.0005
4,70-79,1767375911,2026-01-03T01:45:11,0.0005
4,70-79,1767376225,2026-01-03T01:50:25,0.0005
4,70-79,1767376510,2026-01-03T01:55:10,0.0005
4,70-79,1767376830,2026-01-03T02:00:30,0.0005
4,70-79,1767377112,2026-01-03T02:05:12,0.0005
4,70-79,1767377410,2026-01-03T02:10:10,0.0005
4,70-79,1767377724,2026-01-03T02:15:24,0.0005
4,70-79,1767378010,2026-01-03T02:20:10,0.0005
4,70-79,1767378310,2026-01-03T02:25:10,0.0005
4,70-79,1767378616,2026-01-03T02:30:16,0.0005
4,70-79,1767378926,2026-01-03T02:35:26,0.0005
4,70-79,1767379226,2026-01-03T02:40:26,0.0005
4,70-79,1767379510,2026-01-03T02:45:10,0.0005
4,70-79,1767379811,2026-01-03T02:50:11,0.0005
4,70-79,1767380112,2026-01-03T02:55:12,0.0005
4,70-79,1767380416,2026-01-03T03:00:16,0.0005
4,70-79,1767380711,2026-01-03T03:05:11,0.0005
4,70-79,1767381011,2026-01-03T03:10:11,0.0005
4,70-79,1767381310,2026-01-03T03:15:10,0.0005
4,70-79,1767381610,2026-01-03T03:20:10,0.0005
4,70-79,1767381913,2026-01-03T03:25:13,0.0005
4,70-79,1767382214,2026-01-03T03:30:14,0.0005
4,70-79,1767382510,2026-01-03T03:35:10,0.0005
4,70-79,1767382810,2026-01-03T03:40:10,0.0005
4,70-79,1767383110,2026-01-03T03:45:10,0.0005
4,70-79,1767383425,2026-01-03T03:50:25,0.0005
4,70-79,1767383709,2026-01-03T03:55:09,0.0005
4,70-79,1767384015,2026-01-03T04:00:15,0.0005
4,70-79,1767384310,2026-01-03T04:05:10,0.0005
4,70-79,1767384611,2026-01-03T04:10:11,0.0005
4,70-79,1767384913,2026-01-03T04:15:13,0.0005
4,70-79,1767385211,2026-01-03T04:20:11,0.0005
4,70-79,1767385510,2026-01-03T04:25:10,0.0005
4,70-79,1767385816,2026-01-03T04:30:16,0.0005
5,80-89,1767044112,2025-12-30T05:35:12,0.505
5,80-89,1767044411,2025-12-30T05:40:11,0.505
5,80-89,1767044711,2025-12-30T05:45:11,0.5
5,80-89,1767045011,2025-12-30T05:50:11,0.17
5,80-89,1767045312,2025-12-30T05:55:12,0.175
5,80-89,1767045618,2025-12-30T06:00:18,0.175
5,80-89,1767045911,2025-12-30T06:05:11,0.175
5,80-89,1767046216,2025-12-30T06:10:16,0.175
5,80-89,1767046511,2025-12-30T06:15:11,0.175
5,80-89,1767046824,2025-12-30T06:20:24,0.175
5,80-89,1767047112,2025-12-30T06:25:12,0.175
5,80-89,1767047415,2025-12-30T06:30:15,0.17
5,80-89,1767047715,2025-12-30T06:35:15,0.17
5,80-89,1767048011,2025-12-30T06:40:11,0.17
5,80-89,1767048312,2025-12-30T06:45:12,0.175
5,80-89,1767048611,2025-12-30T06:50:11,0.17
5,80-89,1767048912,2025-12-30T06:55:12,0.17
5,80-89,1767049233,2025-12-30T07:00:33,0.17
5,80-89,1767049529,2025-12-30T07:05:29,0.17
5,80-89,1767049812,2025-12-30T07:10:12,0.17
5,80-89,1767050112,2025-12-30T07:15:12,0.165
5,80-89,1767050412,2025-12-30T07:20:12,0.165
5,80-89,1767050711,2025-12-30T07:25:11,0.165
5,80-89,1767051034,2025-12-30T07:30:34,0.17
5,80-89,1767051312,2025-12-30T07:35:12,0.17
5,80-89,1767051611,2025-12-30T07:40:11,0.17
5,80-89,1767051911,2025-12-30T07:45:11,0.17
5,80-89,1767052226,2025-12-30T07:50:26,0.165
5,80-89,1767052511,2025-12-30T07:55:11,0.155
5,80-89,1767052823,2025-12-30T08:00:23,0.155
5,80-89,1767053111,2025-12-30T08:05:11,0.155
5,80-89,1767053411,2025-12-30T08:10:11,0.185
5,80-89,1767053712,2025-12-30T08:15:12,0.19
5,80-89,1767054012,2025-12-30T08:20:12,0.195
5,80-89,1767054311,2025-12-30T08:25:11,0.195
5,80-89,1767054615,2025-12-30T08:30:15,0.195
5,80-89,1767054911,2025-12-30T08:35:11,0.2
5,80-89,1767055211,2025-12-30T08:40:11,0.195
5,80-89,1767055511,2025-12-30T08:45:11,0.195
5,80-89,1767055812,2025-12-30T08:50:12,0.195
5,80-89,1767056111,2025-12-30T08:55:11,0.195
5,80-89,1767056415,2025-12-30T09:00:15,0.17
5,80-89,1767056711,2025-12-30T09:05:11,0.16
5,80-89,1767057011,2025-12-30T09:10:11,0.16
5,80-89,1767057311,2025-12-30T09:15:11,0.13
5,80-89,1767057611,2025-12-30T09:20:11,0.12
5,80-89,1767057911,2025-12-30T09:25:11,0.12
5,80-89,1767058215,2025-12-30T09:30:15,0.12
5,80-89,1767058511,2025-12-30T09:35:11,0.12
5,80-89,1767058812,2025-12-30T09:40:12,0.12
5,80-89,1767059111,2025-12-30T09:45:11,0.12
5,80-89,1767059426,2025-12-30T09:50:26,0.12
5,80-89,1767059712,2025-12-30T09:55:12,0.12
5,80-89,1767060016,2025-12-30T10:00:16,0.12
5,80-89,1767060311,2025-12-30T10:05:11,0.12
5,80-89,1767060611,2025-12-30T10:10:11,0.12
5,80-89,1767060911,2025-12-30T10:15:11,0.12
5,80-89,1767061212,2025-12-30T10:20:12,0.12
5,80-89,1767061512,2025-12-30T10:25:12,0.12
5,80-89,1767061816,2025-12-30T10:30:16,0.12
5,80-89,1767062111,2025-12-30T10:35:11,0.12
5,80-89,1767062411,2025-12-30T10:40:11,0.1
5,80-89,1767062712,2025-12-30T10:45:12,0.095
5,80-89,1767063025,2025-12-30T10:50:25,0.095
5,80-89,1767063311,2025-12-30T10:55:11,0.095
5,80-89,1767063618,2025-12-30T11:00:18,0.095
5,80-89,1767063912,2025-12-30T11:05:12,0.095
5,80-89,1767064211,2025-12-30T11:10:11,0.095
5,80-89,1767064511,2025-12-30T11:15:11,0.095
5,80-89,1767064812,2025-12-30T11:20:12,0.095
5,80-89,1767065126,2025-12-30T11:25:26,0.095
5,80-89,1767065415,2025-12-30T11:30:15,0.095
5,80-89,1767065711,2025-12-30T11:35:11,0.095
5,80-89,1767066011,2025-12-30T11:40:11,0.095
5,80-89,1767066312,2025-12-30T11:45:12,0.095
5,80-89,1767066612,2025-12-30T11:50:12,0.095
5,80-89,1767066911,2025-12-30T11:55:11,0.095
5,80-89,1767067216,2025-12-30T12:00:16,0.095
5,80-89,1767067511,2025-12-30T12:05:11,0.095
5,80-89,1767067812,2025-12-30T12:10:12,0.095
5,80-89,1767068111,2025-12-30T12:15:11,0.095
5,80-89,1767068411,2025-12-30T12:20:11,0.095
5,80-89,1767068711,2025-12-30T12:25:11,0.095
5,80-89,1767069016,2025-12-30T12:30:16,0.095
5,80-89,1767069312,2025-12-30T12:35:12,0.095
5,80-89,1767069612,2025-12-30T12:40:12,0.095
5,80-89,1767069911,2025-12-30T12:45:11,0.095
5,80-89,1767070213,2025-12-30T12:50:13,0.095
5,80-89,1767070511,2025-12-30T12:55:11,0.095
5,80-89,1767070831,2025-12-30T13:00:31,0.095
5,80-89,1767071112,2025-12-30T13:05:12,0.095
5,80-89,1767071411,2025-12-30T13:10:11,0.095
5,80-89,1767071712,2025-12-30T13:15:12,0.095
5,80-89,1767072022,2025-12-30T13:20:22,0.095
5,80-89,1767072311,2025-12-30T13:25:11,0.095
5,80-89,1767072617,2025-12-30T13:30:17,0.095
5,80-89,1767072911,2025-12-30T13:35:11,0.095
5,80-89,1767073211,2025-12-30T13:40:11,0.095
5,80-89,1767073511,2025-12-30T13:45:11,0.095
5,80-89,1767073811,2025-12-30T13:50:11,0.095
5,80-89,1767074112,2025-12-30T13:55:12,0.095
5,80-89,1767074417,2025-12-30T14:00:17,0.095
5,80-89,1767074711,2025-12-30T14:05:11,0.095
5,80-89,1767075011,2025-12-30T14:10:11,0.095
5,80-89,1767075311,2025-12-30T14:15:11,0.095
5,80-89,1767075612,2025-12-30T14:20:12,0.095
5,80-89,1767075911,2025-12-30T14:25:11,0.095
5,80-89,1767076216,2025-12-30T14:30:16,0.095
5,80-89,1767076528,2025-12-30T14:35:28,0.095
5,80-89,1767076811,2025-12-30T14:40:11,0.095
5,80-89,1767077111,2025-12-30T14:45:11,0.095
5,80-89,1767077423,2025-12-30T14:50:23,0.095
5,80-89,1767077712,2025-12-30T14:55:12,0.095
5,80-89,1767078022,2025-12-30T15:00:22,0.095
5,80-89,1767078312,2025-12-30T15:05:12,0.095
5,80-89,1767078611,2025-12-30T15:10:11,0.095
5,80-89,1767078911,2025-12-30T15:15:11,0.095
5,80-89,1767079211,2025-12-30T15:20:11,0.095
5,80-89,1767079511,2025-12-30T15:25:11,0.095
5,80-89,1767079828,2025-12-30T15:30:28,0.095
5,80-89,1767080113,2025-12-30T15:35:13,0.095
5,80-89,1767080412,2025-12-30T15:40:12,0.095
5,80-89,1767080711,2025-12-30T15:45:11,0.095
5,80-89,1767081012,2025-12-30T15:50:12,0.095
5,80-89,1767081311,2025-12-30T15:55:11,0.095
5,80-89,1767081617,2025-12-30T16:00:17,0.095
5,80-89,1767081911,2025-12-30T16:05:11,0.085
5,80-89,1767082211,2025-12-30T16:10:11,0.085
5,80-89,1767082512,2025-12-30T16:15:12,0.09
5,80-89,1767082812,2025-12-30T16:20:12,0.085
5,80-89,1767083113,2025-12-30T16:25:13,0.085
5,80-89,1767083416,2025-12-30T16:30:16,0.085
5,80-89,1767083711,2025-12-30T16:35:11,0.085
5,80-89,1767084025,2025-12-30T16:40:25,0.085
5,80-89,1767084311,2025-12-30T16:45:11,0.085
5,80-89,1767084613,2025-12-30T16:50:13,0.085
5,80-89,1767084911,2025-12-30T16:55:11,0.085
5,80-89,1767085220,2025-12-30T17:00:20,0.085
5,80-89,1767085512,2025-12-30T17:05:12,0.085
5,80-89,1767085812,2025-12-30T17:10:12,0.085
5,80-89,1767086114,2025-12-30T17:15:14,0.085
5,80-89,1767086411,2025-12-30T17:20:11,0.085
5,80-89,1767086711,2025-12-30T17:25:11,0.085
5,80-89,1767087016,2025-12-30T17:30:16,0.085
5,80-89,1767087311,2025-12-30T17:35:11,0.085
5,80-89,1767087613,2025-12-30T17:40:13,0.085
5,80-89,1767087911,2025-12-30T17:45:11,0.085
5,80-89,1767088211,2025-12-30T17:50:11,0.085
5,80-89,1767088511,2025-12-30T17:55:11,0.085
5,80-89,1767088816,2025-12-30T18:00:16,0.085
5,80-89,1767089128,2025-12-30T18:05:28,0.085
5,80-89,1767089411,2025-12-30T18:10:11,0.085
5,80-89,1767089711,2025-12-30T18:15:11,0.085
5,80-89,1767090012,2025-12-30T18:20:12,0.085
5,80-89,1767090322,2025-12-30T18:25:22,0.085
5,80-89,1767090616,2025-12-30T18:30:16,0.085
5,80-89,1767090913,2025-12-30T18:35:13,0.085
5,80-89,1767091211,2025-12-30T18:40:11,0.085
5,80-89,1767091511,2025-12-30T18:45:11,0.085
5,80-89,1767091811,2025-12-30T18:50:11,0.085
5,80-89,1767092111,2025-12-30T18:55:11,0.085
5,80-89,1767092419,2025-12-30T19:00:19,0.085
5,80-89,1767092725,2025-12-30T19:05:25,0.085
5,80-89,1767093011,2025-12-30T19:10:11,0.085
5,80-89,1767093311,2025-12-30T19:15:11,0.085
5,80-89,1767093614,2025-12-30T19:20:14,0.085
5,80-89,1767093911,2025-12-30T19:25:11,0.085
5,80-89,1767094227,2025-12-30T19:30:27,0.085
5,80-89,1767094512,2025-12-30T19:35:12,0.085
5,80-89,1767094811,2025-12-30T19:40:11,0.085
5,80-89,1767095114,2025-12-30T19:45:14,0.085
5,80-89,1767095411,2025-12-30T19:50:11,0.085
5,80-89,1767095711,2025-12-30T19:55:11,0.085
5,80-89,1767096023,2025-12-30T20:00:23,0.085
5,80-89,1767096311,2025-12-30T20:05:11,0.085
5,80-89,1767096611,2025-12-30T20:10:11,0.085
5,80-89,1767096912,2025-12-30T20:15:12,0.085
5,80-89,1767097211,2025-12-30T20:20:11,0.085
5,80-89,1767097514,2025-12-30T20:25:14,0.085
5,80-89,1767097816,2025-12-30T20:30:16,0.085
5,80-89,1767098111,2025-12-30T20:35:11,0.085
5,80-89,1767098411,2025-12-30T20:40:11,0.085
5,80-89,1767098712,2025-12-30T20:45:12,0.085
5,80-89,1767099014,2025-12-30T20:50:14,0.085
5,80-89,1767099311,2025-12-30T20:55:11,0.085
5,80-89,1767099616,2025-12-30T21:00:16,0.085
5,80-89,1767099912,2025-12-30T21:05:12,0.08
5,80-89,1767100212,2025-12-30T21:10:12,0.075
5,80-89,1767100514,2025-12-30T21:15:14,0.075
5,80-89,1767100812,2025-12-30T21:20:12,0.075
5,80-89,1767101123,2025-12-30T21:25:23,0.075
5,80-89,1767101416,2025-12-30T21:30:16,0.075
5,80-89,1767101711,2025-12-30T21:35:11,0.075
5,80-89,1767102015,2025-12-30T21:40:15,0.075
5,80-89,1767102312,2025-12-30T21:45:12,0.075
5,80-89,1767102613,2025-12-30T21:50:13,0.075
5,80-89,1767102913,2025-12-30T21:55:13,0.075
5,80-89,1767103215,2025-12-30T22:00:15,0.075
5,80-89,1767103530,2025-12-30T22:05:30,0.075
5,80-89,1767103812,2025-12-30T22:10:12,0.075
5,80-89,1767104112,2025-12-30T22:15:12,0.075
5,80-89,1767104412,2025-12-30T22:20:12,0.075
5,80-89,1767104714,2025-12-30T22:25:14,0.075
5,80-89,1767105016,2025-12-30T22:30:16,0.075
5,80-89,1767105312,2025-12-30T22:35:12,0.075
5,80-89,1767105611,2025-12-30T22:40:11,0.075
5,80-89,1767105911,2025-12-30T22:45:11,0.075
5,80-89,1767106214,2025-12-30T22:50:14,0.075
5,80-89,1767106512,2025-12-30T22:55:12,0.075
5,80-89,1767106818,2025-12-30T23:00:18,0.075
5,80-89,1767107114,2025-12-30T23:05:14,0.075
5,80-89,1767107412,2025-12-30T23:10:12,0.075
5,80-89,1767107712,2025-12-30T23:15:12,0.075
5,80-89,1767108026,2025-12-30T23:20:26,0.075
5,80-89,1767108312,2025-12-30T23:25:12,0.075
5,80-89,1767108619,2025-12-30T23:30:19,0.075
5,80-89,1767108924,2025-12-30T23:35:24,0.075
5,80-89,1767109212,2025-12-30T23:40:12,0.075
5,80-89,1767109511,2025-12-30T23:45:11,0.075
5,80-89,1767109811,2025-12-30T23:50:11,0.075
5,80-89,1767110114,2025-12-30T23:55:14,0.075
5,80-89,1767110417,2025-12-31T00:00:17,0.07
5,80-89,1767110712,2025-12-31T00:05:12,0.07
5,80-89,1767111011,2025-12-31T00:10:11,0.07
5,80-89,1767111312,2025-12-31T00:15:12,0.07
5,80-89,1767111630,2025-12-31T00:20:30,0.07
5,80-89,1767111913,2025-12-31T00:25:13,0.07
5,80-89,1767112216,2025-12-31T00:30:16,0.07
5,80-89,1767112511,2025-12-31T00:35:11,0.07
5,80-89,1767112812,2025-12-31T00:40:12,0.075
5,80-89,1767113112,2025-12-31T00:45:12,0.075
5,80-89,1767113415,2025-12-31T00:50:15,0.075
5,80-89,1767113711,2025-12-31T00:55:11,0.075
5,80-89,1767114021,2025-12-31T01:00:21,0.075
5,80-89,1767114311,2025-12-31T01:05:11,0.075
5,80-89,1767114612,2025-12-31T01:10:12,0.075
5,80-89,1767114915,2025-12-31T01:15:15,0.075
5,80-89,1767115214,2025-12-31T01:20:14,0.075
5,80-89,1767115512,2025-12-31T01:25:12,0.075
5,80-89,1767115816,2025-12-31T01:30:16,0.075
5,80-89,1767116112,2025-12-31T01:35:12,0.075
5,80-89,1767116412,2025-12-31T01:40:12,0.075
5,80-89,1767116714,2025-12-31T01:45:14,0.07
5,80-89,1767117011,2025-12-31T01:50:11,0.07
5,80-89,1767117312,2025-12-31T01:55:12,0.07
5,80-89,1767117622,2025-12-31T02:00:22,0.07
5,80-89,1767117912,2025-12-31T02:05:12,0.07
5,80-89,1767118215,2025-12-31T02:10:15,0.07
5,80-89,1767118511,2025-12-31T02:15:11,0.07
5,80-89,1767118811,2025-12-31T02:20:11,0.07
5,80-89,1767119115,2025-12-31T02:25:15,0.07
5,80-89,1767119416,2025-12-31T02:30:16,0.07
5,80-89,1767119712,2025-12-31T02:35:12,0.07
5,80-89,1767120012,2025-12-31T02:40:12,0.07
5,80-89,1767120312,2025-12-31T02:45:12,0.075
5,80-89,1767120615,2025-12-31T02:50:15,0.075
5,80-89,1767120911,2025-12-31T02:55:11,0.075
5,80-89,1767121216,2025-12-31T03:00:16,0.075
5,80-89,1767121512,2025-12-31T03:05:12,0.075
5,80-89,1767121813,2025-12-31T03:10:13,0.075
5,80-89,1767122116,2025-12-31T03:15:16,0.075
5,80-89,1767122427,2025-12-31T03:20:27,0.075
5,80-89,1767122712,2025-12-31T03:25:12,0.075
5,80-89,1767123017,2025-12-31T03:30:17,0.075
5,80-89,1767123317,2025-12-31T03:35:17,0.075
5,80-89,1767123613,2025-12-31T03:40:13,0.075
5,80-89,1767123912,2025-12-31T03:45:12,0.075
5,80-89,1767124214,2025-12-31T03:50:14,0.075
5,80-89,1767124513,2025-12-31T03:55:13,0.075
5,80-89,1767124834,2025-12-31T04:00:34,0.075
5,80-89,1767125112,2025-12-31T04:05:12,0.075
5,80-89,1767125412,2025-12-31T04:10:12,0.075
5,80-89,1767125712,2025-12-31T04:15:12,0.075
5,80-89,1767126012,2025-12-31T04:20:12,0.075
5,80-89,1767126312,2025-12-31T04:25:12,0.075
5,80-89,1767126620,2025-12-31T04:30:20,0.075
5,80-89,1767126912,2025-12-31T04:35:12,0.075
5,80-89,1767127212,2025-12-31T04:40:12,0.075
5,80-89,1767127515,2025-12-31T04:45:15,0.075
5,80-89,1767127812,2025-12-31T04:50:12,0.075
5,80-89,1767128112,2025-12-31T04:55:12,0.075
5,80-89,1767128418,2025-12-31T05:00:18,0.075
5,80-89,1767128712,2025-12-31T05:05:12,0.075
5,80-89,1767129015,2025-12-31T05:10:15,0.075
5,80-89,1767129311,2025-12-31T05:15:11,0.075
5,80-89,1767129612,2025-12-31T05:20:12,0.075
5,80-89,1767129912,2025-12-31T05:25:12,0.075
5,80-89,1767130220,2025-12-31T05:30:20,0.08
5,80-89,1767130512,2025-12-31T05:35:12,0.075
5,80-89,1767130826,2025-12-31T05:40:26,0.075
5,80-89,1767131113,2025-12-31T05:45:13,0.08
5,80-89,1767131413,2025-12-31T05:50:13,0.075
5,80-89,1767131716,2025-12-31T05:55:16,0.08
5,80-89,1767132017,2025-12-31T06:00:17,0.075
5,80-89,1767132312,2025-12-31T06:05:12,0.08
5,80-89,1767132613,2025-12-31T06:10:13,0.075
5,80-89,1767132911,2025-12-31T06:15:11,0.075
5,80-89,1767133215,2025-12-31T06:20:15,0.08
5,80-89,1767133528,2025-12-31T06:25:28,0.075
5,80-89,1767133818,2025-12-31T06:30:18,0.08
5,80-89,1767134126,2025-12-31T06:35:26,0.08
5,80-89,1767134412,2025-12-31T06:40:12,0.075
5,80-89,1767134712,2025-12-31T06:45:12,0.08
5,80-89,1767135016,2025-12-31T06:50:16,0.075
5,80-89,1767135312,2025-12-31T06:55:12,0.08
5,80-89,1767135617,2025-12-31T07:00:17,0.08
5,80-89,1767135912,2025-12-31T07:05:12,0.075
5,80-89,1767136213,2025-12-31T07:10:13,0.08
5,80-89,1767136516,2025-12-31T07:15:16,0.075
5,80-89,1767136812,2025-12-31T07:20:12,0.075
5,80-89,1767137115,2025-12-31T07:25:15,0.08
5,80-89,1767137427,2025-12-31T07:30:27,0.075
5,80-89,1767137712,2025-12-31T07:35:12,0.08
5,80-89,1767138012,2025-12-31T07:40:12,0.08
5,80-89,1767138312,2025-12-31T07:45:12,0.075
5,80-89,1767138615,2025-12-31T07:50:15,0.08
5,80-89,1767138912,2025-12-31T07:55:12,0.075
5,80-89,1767139220,2025-12-31T08:00:20,0.08
5,80-89,1767139512,2025-12-31T08:05:12,0.075
5,80-89,1767139813,2025-12-31T08:10:13,0.08
5,80-89,1767140115,2025-12-31T08:15:15,0.08
5,80-89,1767140425,2025-12-31T08:20:25,0.075
5,80-89,1767140712,2025-12-31T08:25:12,0.08
5,80-89,1767141017,2025-12-31T08:30:17,0.075
5,80-89,1767141312,2025-12-31T08:35:12,0.08
5,80-89,1767141615,2025-12-31T08:40:15,0.075
5,80-89,1767141915,2025-12-31T08:45:15,0.08
5,80-89,1767142212,2025-12-31T08:50:12,0.08
5,80-89,1767142511,2025-12-31T08:55:11,0.075
5,80-89,1767142817,2025-12-31T09:00:17,0.08
5,80-89,1767143112,2025-12-31T09:05:12,0.075
5,80-89,1767143414,2025-12-31T09:10:14,0.08
5,80-89,1767143713,2025-12-31T09:15:13,0.08
5,80-89,1767144012,2025-12-31T09:20:12,0.075
5,80-89,1767144311,2025-12-31T09:25:11,0.08
5,80-89,1767144631,2025-12-31T09:30:31,0.075
5,80-89,1767144915,2025-12-31T09:35:15,0.08
5,80-89,1767145215,2025-12-31T09:40:15,0.075
5,80-89,1767145512,2025-12-31T09:45:12,0.075
5,80-89,1767145812,2025-12-31T09:50:12,0.08
5,80-89,1767146112,2025-12-31T09:55:12,0.075
5,80-89,1767146418,2025-12-31T10:00:18,0.08
5,80-89,1767146715,2025-12-31T10:05:15,0.075
5,80-89,1767147013,2025-12-31T10:10:13,0.08
5,80-89,1767147312,2025-12-31T10:15:12,0.075
5,80-89,1767147612,2025-12-31T10:20:12,0.075
5,80-89,1767147914,2025-12-31T10:25:14,0.08
5,80-89,1767148220,2025-12-31T10:30:20,0.075
5,80-89,1767148512,2025-12-31T10:35:12,0.08
5,80-89,1767148824,2025-12-31T10:40:24,0.075
5,80-89,1767149112,2025-12-31T10:45:12,0.075
5,80-89,1767149413,2025-12-31T10:50:13,0.08
5,80-89,1767149716,2025-12-31T10:55:16,0.075
5,80-89,1767150020,2025-12-31T11:00:20,0.08
5,80-89,1767150324,2025-12-31T11:05:24,0.08
5,80-89,1767150629,2025-12-31T11:10:29,0.075
5,80-89,1767150912,2025-12-31T11:15:12,0.08
5,80-89,1767151212,2025-12-31T11:20:12,0.075
5,80-89,1767151527,2025-12-31T11:25:27,0.08
5,80-89,1767151831,2025-12-31T11:30:31,0.08
5,80-89,1767152126,2025-12-31T11:35:26,0.075
5,80-89,1767152416,2025-12-31T11:40:16,0.08
5,80-89,1767152712,2025-12-31T11:45:12,0.075
5,80-89,1767153026,2025-12-31T11:50:26,0.075
5,80-89,1767153311,2025-12-31T11:55:11,0.08
5,80-89,1767153636,2025-12-31T12:00:36,0.075
5,80-89,1767153912,2025-12-31T12:05:12,0.08
5,80-89,1767154212,2025-12-31T12:10:12,0.075
5,80-89,1767154512,2025-12-31T12:15:12,0.075
5,80-89,1767154824,2025-12-31T12:20:24,0.08
5,80-89,1767155111,2025-12-31T12:25:11,0.075
5,80-89,1767155432,2025-12-31T12:30:32,0.08
5,80-89,1767155713,2025-12-31T12:35:13,0.08
5,80-89,1767156011,2025-12-31T12:40:11,0.075
5,80-89,1767156314,2025-12-31T12:45:14,0.08
5,80-89,1767156613,2025-12-31T12:50:13,0.075
5,80-89,1767156911,2025-12-31T12:55:11,0.08
5,80-89,1767157216,2025-12-31T13:00:16,0.08
5,80-89,1767157511,2025-12-31T13:05:11,0.075
5,80-89,1767157831,2025-12-31T13:10:31,0.075
5,80-89,1767158112,2025-12-31T13:15:12,0.08
5,80-89,1767158411,2025-12-31T13:20:11,0.075
5,80-89,1767158712,2025-12-31T13:25:12,0.08
5,80-89,1767159017,2025-12-31T13:30:17,0.08
5,80-89,1767159312,2025-12-31T13:35:12,0.075
5,80-89,1767159614,2025-12-31T13:40:14,0.08
5,80-89,1767159912,2025-12-31T13:45:12,0.08
5,80-89,1767160212,2025-12-31T13:50:12,0.075
5,80-89,1767160511,2025-12-31T13:55:11,0.08
5,80-89,1767160818,2025-12-31T14:00:18,0.08
5,80-89,1767161130,2025-12-31T14:05:30,0.075
5,80-89,1767161411,2025-12-31T14:10:11,0.08
5,80-89,1767161711,2025-12-31T14:15:11,0.08
5,80-89,1767162011,2025-12-31T14:20:11,0.075
5,80-89,1767162311,2025-12-31T14:25:11,0.08
5,80-89,1767162624,2025-12-31T14:30:24,0.08
5,80-89,1767162931,2025-12-31T14:35:31,0.075
5,80-89,1767163211,2025-12-31T14:40:11,0.08
5,80-89,1767163511,2025-12-31T14:45:11,0.08
5,80-89,1767163811,2025-12-31T14:50:11,0.075
5,80-89,1767164111,2025-12-31T14:55:11,0.08
5,80-89,1767164416,2025-12-31T15:00:16,0.08
5,80-89,1767164715,2025-12-31T15:05:15,0.075
5,80-89,1767165011,2025-12-31T15:10:11,0.075
5,80-89,1767165311,2025-12-31T15:15:11,0.08
5,80-89,1767165612,2025-12-31T15:20:12,0.075
5,80-89,1767165911,2025-12-31T15:25:11,0.08
5,80-89,1767166233,2025-12-31T15:30:33,0.08
5,80-89,1767166511,2025-12-31T15:35:11,0.075
5,80-89,1767166812,2025-12-31T15:40:12,0.08
5,80-89,1767167111,2025-12-31T15:45:11,0.055
5,80-89,1767167412,2025-12-31T15:50:12,0.075
5,80-89,1767167711,2025-12-31T15:55:11,0.075
5,80-89,1767168020,2025-12-31T16:00:20,0.08
5,80-89,1767168311,2025-12-31T16:05:11,0.075
5,80-89,1767168626,2025-12-31T16:10:26,0.075
5,80-89,1767168912,2025-12-31T16:15:12,0.08
5,80-89,1767169211,2025-12-31T16:20:11,0.075
5,80-89,1767169515,2025-12-31T16:25:15,0.08
5,80-89,1767169816,2025-12-31T16:30:16,0.08
5,80-89,1767170111,2025-12-31T16:35:11,0.075
5,80-89,1767170411,2025-12-31T16:40:11,0.08
5,80-89,1767170712,2025-12-31T16:45:12,0.08
5,80-89,1767171030,2025-12-31T16:50:30,0.075
5,80-89,1767171312,2025-12-31T16:55:12,0.08
5,80-89,1767171619,2025-12-31T17:00:19,0.08
5,80-89,1767171912,2025-12-31T17:05:12,0.075
5,80-89,1767172212,2025-12-31T17:10:12,0.08
5,80-89,1767172515,2025-12-31T17:15:15,0.08
5,80-89,1767172812,2025-12-31T17:20:12,0.075
5,80-89,1767173111,2025-12-31T17:25:11,0.08
5,80-89,1767173416,2025-12-31T17:30:16,0.075
5,80-89,1767173711,2025-12-31T17:35:11,0.075
5,80-89,1767174031,2025-12-31T17:40:31,0.08
5,80-89,1767174311,2025-12-31T17:45:11,0.03
5,80-89,1767174611,2025-12-31T17:50:11,0.025
5,80-89,1767174915,2025-12-31T17:55:15,0.025
5,80-89,1767175217,2025-12-31T18:00:17,0.025
5,80-89,1767175512,2025-12-31T18:05:12,0.0305
5,80-89,1767175824,2025-12-31T18:10:24,0.0305
5,80-89,1767176111,2025-12-31T18:15:11,0.0305
5,80-89,1767176429,2025-12-31T18:20:29,0.0305
5,80-89,1767176711,2025-12-31T18:25:11,0.0305
5,80-89,1767177016,2025-12-31T18:30:16,0.0305
5,80-89,1767177311,2025-12-31T18:35:11,0.0305
5,80-89,1767177612,2025-12-31T18:40:12,0.0305
5,80-89,1767177911,2025-12-31T18:45:11,0.0305
5,80-89,1767178215,2025-12-31T18:50:15,0.0305
5,80-89,1767178512,2025-12-31T18:55:12,0.0305
5,80-89,1767178827,2025-12-31T19:00:27,0.0305
5,80-89,1767179112,2025-12-31T19:05:12,0.0305
5,80-89,1767179412,2025-12-31T19:10:12,0.0305
5,80-89,1767179715,2025-12-31T19:15:15,0.0305
5,80-89,1767180015,2025-12-31T19:20:15,0.0305
5,80-89,1767180312,2025-12-31T19:25:12,0.0305
5,80-89,1767180617,2025-12-31T19:30:17,0.0305
5,80-89,1767180912,2025-12-31T19:35:12,0.0305
5,80-89,1767181211,2025-12-31T19:40:11,0.0305
5,80-89,1767181515,2025-12-31T19:45:15,0.0305
5,80-89,1767181812,2025-12-31T19:50:12,0.0305
5,80-89,1767182112,2025-12-31T19:55:12,0.0305
5,80-89,1767182420,2025-12-31T20:00:20,0.0305
5,80-89,1767182711,2025-12-31T20:05:11,0.0305
5,80-89,1767183030,2025-12-31T20:10:30,0.0305
5,80-89,1767183311,2025-12-31T20:15:11,0.0305
5,80-89,1767183613,2025-12-31T20:20:13,0.0305
5,80-89,1767183912,2025-12-31T20:25:12,0.0305
5,80-89,1767184229,2025-12-31T20:30:29,0.0305
5,80-89,1767184511,2025-12-31T20:35:11,0.0305
5,80-89,1767184829,2025-12-31T20:40:29,0.0305
5,80-89,1767185111,2025-12-31T20:45:11,0.0305
5,80-89,1767185411,2025-12-31T20:50:11,0.0305
5,80-89,1767185711,2025-12-31T20:55:11,0.0305
5,80-89,1767186016,2025-12-31T21:00:16,0.0305
5,80-89,1767186312,2025-12-31T21:05:12,0.0305
5,80-89,1767186629,2025-12-31T21:10:29,0.0305
5,80-89,1767186912,2025-12-31T21:15:12,0.0305
5,80-89,1767187211,2025-12-31T21:20:11,0.0115
5,80-89,1767187511,2025-12-31T21:25:11,0.0305
5,80-89,1767187816,2025-12-31T21:30:16,0.0305
5,80-89,1767188115,2025-12-31T21:35:15,0.0305
5,80-89,1767188412,2025-12-31T21:40:12,0.0305
5,80-89,1767188725,2025-12-31T21:45:25,0.0305
5,80-89,1767189012,2025-12-31T21:50:12,0.0305
5,80-89,1767189312,2025-12-31T21:55:12,0.0305
5,80-89,1767189619,2025-12-31T22:00:19,0.0305
5,80-89,1767189915,2025-12-31T22:05:15,0.0305
5,80-89,1767190227,2025-12-31T22:10:27,0.0305
5,80-89,1767190512,2025-12-31T22:15:12,0.0305
5,80-89,1767190823,2025-12-31T22:20:23,0.0305
5,80-89,1767191113,2025-12-31T22:25:13,0.0305
5,80-89,1767191419,2025-12-31T22:30:19,0.0305
5,80-89,1767191712,2025-12-31T22:35:12,0.0305
5,80-89,1767192012,2025-12-31T22:40:12,0.0305
5,80-89,1767192312,2025-12-31T22:45:12,0.0305
5,80-89,1767192611,2025-12-31T22:50:11,0.0305
5,80-89,1767192928,2025-12-31T22:55:28,0.0305
5,80-89,1767193218,2025-12-31T23:00:18,0.0305
5,80-89,1767193512,2025-12-31T23:05:12,0.0305
5,80-89,1767193812,2025-12-31T23:10:12,0.0305
5,80-89,1767194112,2025-12-31T23:15:12,0.0305
5,80-89,1767194412,2025-12-31T23:20:12,0.0305
5,80-89,1767194715,2025-12-31T23:25:15,0.0305
5,80-89,1767195017,2025-12-31T23:30:17,0.0305
5,80-89,1767195325,2025-12-31T23:35:25,0.0305
5,80-89,1767195611,2025-12-31T23:40:11,0.0305
5,80-89,1767195925,2025-12-31T23:45:25,0.0305
5,80-89,1767196215,2025-12-31T23:50:15,0.0305
5,80-89,1767196515,2025-12-31T23:55:15,0.0305
5,80-89,1767196820,2026-01-01T00:00:20,0.0305
5,80-89,1767197112,2026-01-01T00:05:12,0.0305
5,80-89,1767197412,2026-01-01T00:10:12,0.0305
5,80-89,1767197725,2026-01-01T00:15:25,0.0305
5,80-89,1767198012,2026-01-01T00:20:12,0.03
5,80-89,1767198315,2026-01-01T00:25:15,0.03
5,80-89,1767198617,2026-01-01T00:30:17,0.03
5,80-89,1767198912,2026-01-01T00:35:12,0.03
5,80-89,1767199212,2026-01-01T00:40:12,0.03
5,80-89,1767199512,2026-01-01T00:45:12,0.03
5,80-89,1767199816,2026-01-01T00:50:16,0.03
5,80-89,1767200112,2026-01-01T00:55:12,0.03
5,80-89,1767200422,2026-01-01T01:00:22,0.03
5,80-89,1767200713,2026-01-01T01:05:13,0.03
5,80-89,1767201015,2026-01-01T01:10:15,0.03
5,80-89,1767201312,2026-01-01T01:15:12,0.03
5,80-89,1767201614,2026-01-01T01:20:14,0.03
5,80-89,1767201913,2026-01-01T01:25:13,0.03
5,80-89,1767202217,2026-01-01T01:30:17,0.03
5,80-89,1767202530,2026-01-01T01:35:30,0.03
5,80-89,1767202812,2026-01-01T01:40:12,0.03
5,80-89,1767203116,2026-01-01T01:45:16,0.03
5,80-89,1767203415,2026-01-01T01:50:15,0.03
5,80-89,1767203712,2026-01-01T01:55:12,0.03
5,80-89,1767204020,2026-01-01T02:00:20,0.03
5,80-89,1767204312,2026-01-01T02:05:12,0.03
5,80-89,1767204615,2026-01-01T02:10:15,0.03
5,80-89,1767204912,2026-01-01T02:15:12,0.03
5,80-89,1767205213,2026-01-01T02:20:13,0.03
5,80-89,1767205512,2026-01-01T02:25:12,0.03
5,80-89,1767205817,2026-01-01T02:30:17,0.03
5,80-89,1767206116,2026-01-01T02:35:16,0.0305
5,80-89,1767206412,2026-01-01T02:40:12,0.0305
5,80-89,1767206712,2026-01-01T02:45:12,0.0305
5,80-89,1767207012,2026-01-01T02:50:12,0.0305
5,80-89,1767207312,2026-01-01T02:55:12,0.0305
5,80-89,1767207647,2026-01-01T03:00:47,0.0305
5,80-89,1767207913,2026-01-01T03:05:13,0.0305
5,80-89,1767208213,2026-01-01T03:10:13,0.0305
5,80-89,1767208512,2026-01-01T03:15:12,0.0305
5,80-89,1767208816,2026-01-01T03:20:16,0.0305
5,80-89,1767209112,2026-01-01T03:25:12,0.03
5,80-89,1767209418,2026-01-01T03:30:18,0.0305
5,80-89,1767209712,2026-01-01T03:35:12,0.0305
5,80-89,1767210012,2026-01-01T03:40:12,0.0305
5,80-89,1767210316,2026-01-01T03:45:16,0.0305
5,80-89,1767210613,2026-01-01T03:50:13,0.0305
5,80-89,1767210912,2026-01-01T03:55:12,0.0305
5,80-89,1767211218,2026-01-01T04:00:18,0.0305
5,80-89,1767211512,2026-01-01T04:05:12,0.0305
5,80-89,1767211817,2026-01-01T04:10:17,0.0305
5,80-89,1767212112,2026-01-01T04:15:12,0.0305
5,80-89,1767212416,2026-01-01T04:20:16,0.0305
5,80-89,1767212725,2026-01-01T04:25:25,0.0305
5,80-89,1767213017,2026-01-01T04:30:17,0.0305
5,80-89,1767213312,2026-01-01T04:35:12,0.0305
5,80-89,1767213612,2026-01-01T04:40:12,0.0305
5,80-89,1767213931,2026-01-01T04:45:31,0.0305
5,80-89,1767214213,2026-01-01T04:50:13,0.0305
5,80-89,1767214512,2026-01-01T04:55:12,0.0305
5,80-89,1767214820,2026-01-01T05:00:20,0.0305
5,80-89,1767215112,2026-01-01T05:05:12,0.0305
5,80-89,1767215412,2026-01-01T05:10:12,0.0305
5,80-89,1767215716,2026-01-01T05:15:16,0.0305
5,80-89,1767216012,2026-01-01T05:20:12,0.0305
5,80-89,1767216312,2026-01-01T05:25:12,0.0305
5,80-89,1767216618,2026-01-01T05:30:18,0.0305
5,80-89,1767216912,2026-01-01T05:35:12,0.0305
5,80-89,1767217232,2026-01-01T05:40:32,0.0305
5,80-89,1767217512,2026-01-01T05:45:12,0.0305
5,80-89,1767217813,2026-01-01T05:50:13,0.0305
5,80-89,1767218113,2026-01-01T05:55:13,0.0305
5,80-89,1767218418,2026-01-01T06:00:18,0.0305
5,80-89,1767218712,2026-01-01T06:05:12,0.0305
5,80-89,1767219016,2026-01-01T06:10:16,0.0305
5,80-89,1767219327,2026-01-01T06:15:27,0.0305
5,80-89,1767219612,2026-01-01T06:20:12,0.0305
5,80-89,1767219913,2026-01-01T06:25:13,0.03
5,80-89,1767220218,2026-01-01T06:30:18,0.0305
5,80-89,1767220541,2026-01-01T06:35:41,0.0305
5,80-89,1767220812,2026-01-01T06:40:12,0.0305
5,80-89,1767221113,2026-01-01T06:45:13,0.0305
5,80-89,1767221416,2026-01-01T06:50:16,0.0305
5,80-89,1767221712,2026-01-01T06:55:12,0.0305
5,80-89,1767222017,2026-01-01T07:00:17,0.0305
5,80-89,1767222324,2026-01-01T07:05:24,0.0305
5,80-89,1767222612,2026-01-01T07:10:12,0.0305
5,80-89,1767222916,2026-01-01T07:15:16,0.0305
5,80-89,1767223212,2026-01-01T07:20:12,0.0305
5,80-89,1767223512,2026-01-01T07:25:12,0.0305
5,80-89,1767223817,2026-01-01T07:30:17,0.0305
5,80-89,1767224112,2026-01-01T07:35:12,0.0305
5,80-89,1767224415,2026-01-01T07:40:15,0.0305
5,80-89,1767224712,2026-01-01T07:45:12,0.0305
5,80-89,1767225023,2026-01-01T07:50:23,0.0305
5,80-89,1767225312,2026-01-01T07:55:12,0.0305
5,80-89,1767225620,2026-01-01T08:00:20,0.0305
5,80-89,1767225911,2026-01-01T08:05:11,0.0305
5,80-89,1767226211,2026-01-01T08:10:11,0.0305
5,80-89,1767226512,2026-01-01T08:15:12,0.0305
5,80-89,1767226811,2026-01-01T08:20:11,0.03
5,80-89,1767227111,2026-01-01T08:25:11,0.0305
5,80-89,1767227416,2026-01-01T08:30:16,0.0305
5,80-89,1767227711,2026-01-01T08:35:11,0.0305
5,80-89,1767228011,2026-01-01T08:40:11,0.026
5,80-89,1767228311,2026-01-01T08:45:11,0.026
5,80-89,1767228615,2026-01-01T08:50:15,0.026
5,80-89,1767228911,2026-01-01T08:55:11,0.023
5,80-89,1767229216,2026-01-01T09:00:16,0.015
5,80-89,1767229511,2026-01-01T09:05:11,0.02
5,80-89,1767229811,2026-01-01T09:10:11,0.0235
5,80-89,1767230111,2026-01-01T09:15:11,0.0235
5,80-89,1767230412,2026-01-01T09:20:12,0.024
5,80-89,1767230712,2026-01-01T09:25:12,0.024
5,80-89,1767231016,2026-01-01T09:30:16,0.024
5,80-89,1767231311,2026-01-01T09:35:11,0.024
5,80-89,1767231625,2026-01-01T09:40:25,0.024
5,80-89,1767231912,2026-01-01T09:45:12,0.027
5,80-89,1767232211,2026-01-01T09:50:11,0.027
5,80-89,1767232511,2026-01-01T09:55:11,0.027
5,80-89,1767232817,2026-01-01T10:00:17,0.027
5,80-89,1767233112,2026-01-01T10:05:12,0.027
5,80-89,1767233427,2026-01-01T10:10:27,0.027
5,80-89,1767233711,2026-01-01T10:15:11,0.027
5,80-89,1767234011,2026-01-01T10:20:11,0.027
5,80-89,1767234312,2026-01-01T10:25:12,0.027
5,80-89,1767234627,2026-01-01T10:30:27,0.027
5,80-89,1767234911,2026-01-01T10:35:11,0.027
5,80-89,1767235211,2026-01-01T10:40:11,0.027
5,80-89,1767235511,2026-01-01T10:45:11,0.027
5,80-89,1767235811,2026-01-01T10:50:11,0.027
5,80-89,1767236111,2026-01-01T10:55:11,0.027
5,80-89,1767236418,2026-01-01T11:00:18,0.027
5,80-89,1767236711,2026-01-01T11:05:11,0.027
5,80-89,1767237011,2026-01-01T11:10:11,0.027
5,80-89,1767237311,2026-01-01T11:15:11,0.027
5,80-89,1767237624,2026-01-01T11:20:24,0.027
5,80-89,1767237912,2026-01-01T11:25:12,0.027
5,80-89,1767238216,2026-01-01T11:30:16,0.027
5,80-89,1767238524,2026-01-01T11:35:24,0.027
5,80-89,1767238811,2026-01-01T11:40:11,0.027
5,80-89,1767239124,2026-01-01T11:45:24,0.027
5,80-89,1767239412,2026-01-01T11:50:12,0.027
5,80-89,1767239711,2026-01-01T11:55:11,0.027
5,80-89,1767240032,2026-01-01T12:00:32,0.027
5,80-89,1767240311,2026-01-01T12:05:11,0.027
5,80-89,1767240625,2026-01-01T12:10:25,0.027
5,80-89,1767240912,2026-01-01T12:15:12,0.027
5,80-89,1767241224,2026-01-01T12:20:24,0.027
5,80-89,1767241511,2026-01-01T12:25:11,0.027
5,80-89,1767241816,2026-01-01T12:30:16,0.027
5,80-89,1767242111,2026-01-01T12:35:11,0.027
5,80-89,1767242412,2026-01-01T12:40:12,0.027
5,80-89,1767242711,2026-01-01T12:45:11,0.027
5,80-89,1767243013,2026-01-01T12:50:13,0.027
5,80-89,1767243312,2026-01-01T12:55:12,0.027
5,80-89,1767243616,2026-01-01T13:00:16,0.027
5,80-89,1767243912,2026-01-01T13:05:12,0.027
5,80-89,1767244211,2026-01-01T13:10:11,0.027
5,80-89,1767244512,2026-01-01T13:15:12,0.027
5,80-89,1767244811,2026-01-01T13:20:11,0.027
5,80-89,1767245111,2026-01-01T13:25:11,0.027
5,80-89,1767245429,2026-01-01T13:30:29,0.027
5,80-89,1767245711,2026-01-01T13:35:11,0.027
5,80-89,1767246011,2026-01-01T13:40:11,0.027
5,80-89,1767246311,2026-01-01T13:45:11,0.027
5,80-89,1767246611,2026-01-01T13:50:11,0.027
5,80-89,1767246912,2026-01-01T13:55:12,0.027
5,80-89,1767247219,2026-01-01T14:00:19,0.027
5,80-89,1767247511,2026-01-01T14:05:11,0.027
5,80-89,1767247812,2026-01-01T14:10:12,0.027
5,80-89,1767248112,2026-01-01T14:15:12,0.027
5,80-89,1767248429,2026-01-01T14:20:29,0.027
5,80-89,1767248711,2026-01-01T14:25:11,0.027
5,80-89,1767249016,2026-01-01T14:30:16,0.027
5,80-89,1767249329,2026-01-01T14:35:29,0.027
5,80-89,1767249622,2026-01-01T14:40:22,0.0155
5,80-89,1767249911,2026-01-01T14:45:11,0.0155
5,80-89,1767250211,2026-01-01T14:50:11,0.0155
5,80-89,1767250511,2026-01-01T14:55:11,0.0155
5,80-89,1767250816,2026-01-01T15:00:16,0.0155
5,80-89,1767251112,2026-01-01T15:05:12,0.0155
5,80-89,1767251411,2026-01-01T15:10:11,0.0155
5,80-89,1767251712,2026-01-01T15:15:12,0.0155
5,80-89,1767252023,2026-01-01T15:20:23,0.0155
5,80-89,1767252311,2026-01-01T15:25:11,0.016
5,80-89,1767252632,2026-01-01T15:30:32,0.0165
5,80-89,1767252912,2026-01-01T15:35:12,0.0165
5,80-89,1767253213,2026-01-01T15:40:13,0.0165
5,80-89,1767253511,2026-01-01T15:45:11,0.0165
5,80-89,1767253813,2026-01-01T15:50:13,0.0165
5,80-89,1767254112,2026-01-01T15:55:12,0.0165
5,80-89,1767254415,2026-01-01T16:00:15,0.0165
5,80-89,1767254711,2026-01-01T16:05:11,0.0165
5,80-89,1767255011,2026-01-01T16:10:11,0.0165
5,80-89,1767255311,2026-01-01T16:15:11,0.0165
5,80-89,1767255612,2026-01-01T16:20:12,0.0165
5,80-89,1767255911,2026-01-01T16:25:11,0.0165
5,80-89,1767256215,2026-01-01T16:30:15,0.0165
5,80-89,1767256510,2026-01-01T16:35:10,0.0165
5,80-89,1767256811,2026-01-01T16:40:11,0.0165
5,80-89,1767257127,2026-01-01T16:45:27,0.0165
5,80-89,1767257411,2026-01-01T16:50:11,0.0165
5,80-89,1767257712,2026-01-01T16:55:12,0.0165
5,80-89,1767258018,2026-01-01T17:00:18,0.0165
5,80-89,1767258311,2026-01-01T17:05:11,0.0165
5,80-89,1767258611,2026-01-01T17:10:11,0.0165
5,80-89,1767258910,2026-01-01T17:15:10,0.0165
5,80-89,1767259212,2026-01-01T17:20:12,0.0165
5,80-89,1767259510,2026-01-01T17:25:10,0.0165
5,80-89,1767259814,2026-01-01T17:30:14,0.0165
5,80-89,1767260110,2026-01-01T17:35:10,0.0165
5,80-89,1767260411,2026-01-01T17:40:11,0.0165
5,80-89,1767260725,2026-01-01T17:45:25,0.0165
5,80-89,1767261010,2026-01-01T17:50:10,0.0165
5,80-89,1767261310,2026-01-01T17:55:10,0.0165
5,80-89,1767261617,2026-01-01T18:00:17,0.0165
5,80-89,1767261910,2026-01-01T18:05:10,0.0165
5,80-89,1767262211,2026-01-01T18:10:11,0.0165
5,80-89,1767262510,2026-01-01T18:15:10,0.0165
5,80-89,1767262810,2026-01-01T18:20:10,0.0215
5,80-89,1767263112,2026-01-01T18:25:12,0.0215
5,80-89,1767263414,2026-01-01T18:30:14,0.028
5,80-89,1767263710,2026-01-01T18:35:10,0.028
5,80-89,1767264010,2026-01-01T18:40:10,0.028
5,80-89,1767264326,2026-01-01T18:45:26,0.028
5,80-89,1767264610,2026-01-01T18:50:10,0.028
5,80-89,1767264910,2026-01-01T18:55:10,0.017
5,80-89,1767265215,2026-01-01T19:00:15,0.017
5,80-89,1767265510,2026-01-01T19:05:10,0.017
5,80-89,1767265839,2026-01-01T19:10:39,0.017
5,80-89,1767266110,2026-01-01T19:15:10,0.017
5,80-89,1767266410,2026-01-01T19:20:10,0.017
5,80-89,1767266724,2026-01-01T19:25:24,0.017
5,80-89,1767267014,2026-01-01T19:30:14,0.017
5,80-89,1767267310,2026-01-01T19:35:10,0.017
5,80-89,1767267612,2026-01-01T19:40:12,0.017
5,80-89,1767267910,2026-01-01T19:45:10,0.017
5,80-89,1767268210,2026-01-01T19:50:10,0.017
5,80-89,1767268525,2026-01-01T19:55:25,0.017
5,80-89,1767268822,2026-01-01T20:00:22,0.017
5,80-89,1767269110,2026-01-01T20:05:10,0.017
5,80-89,1767269410,2026-01-01T20:10:10,0.017
5,80-89,1767269725,2026-01-01T20:15:25,0.017
5,80-89,1767270033,2026-01-01T20:20:33,0.0165
5,80-89,1767270313,2026-01-01T20:25:13,0.017
5,80-89,1767270614,2026-01-01T20:30:14,0.017
5,80-89,1767270922,2026-01-01T20:35:22,0.017
5,80-89,1767271210,2026-01-01T20:40:10,0.017
5,80-89,1767271510,2026-01-01T20:45:10,0.017
5,80-89,1767271813,2026-01-01T20:50:13,0.017
5,80-89,1767272110,2026-01-01T20:55:10,0.017
5,80-89,1767272439,2026-01-01T21:00:39,0.017
5,80-89,1767272710,2026-01-01T21:05:10,0.017
5,80-89,1767273010,2026-01-01T21:10:10,0.017
5,80-89,1767273310,2026-01-01T21:15:10,0.017
5,80-89,1767273620,2026-01-01T21:20:20,0.017
5,80-89,1767273910,2026-01-01T21:25:10,0.017
5,80-89,1767274217,2026-01-01T21:30:17,0.017
5,80-89,1767274524,2026-01-01T21:35:24,0.017
5,80-89,1767274810,2026-01-01T21:40:10,0.017
5,80-89,1767275112,2026-01-01T21:45:12,0.017
5,80-89,1767275410,2026-01-01T21:50:10,0.017
5,80-89,1767275713,2026-01-01T21:55:13,0.011
5,80-89,1767276014,2026-01-01T22:00:14,0.011
5,80-89,1767276311,2026-01-01T22:05:11,0.011
5,80-89,1767276611,2026-01-01T22:10:11,0.011
5,80-89,1767276925,2026-01-01T22:15:25,0.011
5,80-89,1767277226,2026-01-01T22:20:26,0.011
5,80-89,1767277513,2026-01-01T22:25:13,0.011
5,80-89,1767277813,2026-01-01T22:30:13,0.0105
5,80-89,1767278112,2026-01-01T22:35:12,0.0105
5,80-89,1767278410,2026-01-01T22:40:10,0.0105
5,80-89,1767278710,2026-01-01T22:45:10,0.0105
5,80-89,1767279010,2026-01-01T22:50:10,0.0105
5,80-89,1767279310,2026-01-01T22:55:10,0.0105
5,80-89,1767279619,2026-01-01T23:00:19,0.011
5,80-89,1767279910,2026-01-01T23:05:10,0.0105
5,80-89,1767280211,2026-01-01T23:10:11,0.0105
5,80-89,1767280511,2026-01-01T23:15:11,0.011
5,80-89,1767280811,2026-01-01T23:20:11,0.011
5,80-89,1767281113,2026-01-01T23:25:13,0.011
5,80-89,1767281415,2026-01-01T23:30:15,0.011
5,80-89,1767281710,2026-01-01T23:35:10,0.011
5,80-89,1767282011,2026-01-01T23:40:11,0.011
5,80-89,1767282310,2026-01-01T23:45:10,0.011
5,80-89,1767282642,2026-01-01T23:50:42,0.011
5,80-89,1767282910,2026-01-01T23:55:10,0.011
5,80-89,1767283214,2026-01-02T00:00:14,0.011
5,80-89,1767283510,2026-01-02T00:05:10,0.011
5,80-89,1767283810,2026-01-02T00:10:10,0.011
5,80-89,1767284111,2026-01-02T00:15:11,0.011
5,80-89,1767284413,2026-01-02T00:20:13,0.011
5,80-89,1767284710,2026-01-02T00:25:10,0.011
5,80-89,1767285014,2026-01-02T00:30:14,0.011
5,80-89,1767285310,2026-01-02T00:35:10,0.011
5,80-89,1767285610,2026-01-02T00:40:10,0.011
5,80-89,1767285914,2026-01-02T00:45:14,0.011
5,80-89,1767286210,2026-01-02T00:50:10,0.011
5,80-89,1767286510,2026-01-02T00:55:10,0.011
5,80-89,1767286819,2026-01-02T01:00:19,0.011
5,80-89,1767287126,2026-01-02T01:05:26,0.011
5,80-89,1767287411,2026-01-02T01:10:11,0.011
5,80-89,1767287710,2026-01-02T01:15:10,0.011
5,80-89,1767288010,2026-01-02T01:20:10,0.011
5,80-89,1767288325,2026-01-02T01:25:25,0.011
5,80-89,1767288614,2026-01-02T01:30:14,0.011
5,80-89,1767288914,2026-01-02T01:35:14,0.011
5,80-89,1767289210,2026-01-02T01:40:10,0.011
5,80-89,1767289510,2026-01-02T01:45:10,0.011
5,80-89,1767289810,2026-01-02T01:50:10,0.011
5,80-89,1767290114,2026-01-02T01:55:14,0.011
5,80-89,1767290418,2026-01-02T02:00:18,0.0115
5,80-89,1767290710,2026-01-02T02:05:10,0.0115
5,80-89,1767291010,2026-01-02T02:10:10,0.0115
5,80-89,1767291310,2026-01-02T02:15:10,0.0115
5,80-89,1767291613,2026-01-02T02:20:13,0.0175
5,80-89,1767291911,2026-01-02T02:25:11,0.0185
5,80-89,1767292214,2026-01-02T02:30:14,0.0185
5,80-89,1767292510,2026-01-02T02:35:10,0.0185
5,80-89,1767292823,2026-01-02T02:40:23,0.0185
5,80-89,1767293126,2026-01-02T02:45:26,0.0185
5,80-89,1767293411,2026-01-02T02:50:11,0.0185
5,80-89,1767293710,2026-01-02T02:55:10,0.0195
5,80-89,1767294014,2026-01-02T03:00:14,0.0195
5,80-89,1767294313,2026-01-02T03:05:13,0.0195
5,80-89,1767294611,2026-01-02T03:10:11,0.0185
5,80-89,1767294911,2026-01-02T03:15:11,0.0185
5,80-89,1767295211,2026-01-02T03:20:11,0.0185
5,80-89,1767295511,2026-01-02T03:25:11,0.0395
5,80-89,1767295830,2026-01-02T03:30:30,0.0395
5,80-89,1767296110,2026-01-02T03:35:10,0.0395
5,80-89,1767296410,2026-01-02T03:40:10,0.0395
5,80-89,1767296710,2026-01-02T03:45:10,0.0395
5,80-89,1767297015,2026-01-02T03:50:15,0.0395
5,80-89,1767297322,2026-01-02T03:55:22,0.0395
5,80-89,1767297627,2026-01-02T04:00:27,0.0395
5,80-89,1767297911,2026-01-02T04:05:11,0.0395
5,80-89,1767298211,2026-01-02T04:10:11,0.0285
5,80-89,1767298514,2026-01-02T04:15:14,0.0285
5,80-89,1767298823,2026-01-02T04:20:23,0.0285
5,80-89,1767299110,2026-01-02T04:25:10,0.0285
5,80-89,1767299430,2026-01-02T04:30:30,0.029
5,80-89,1767299723,2026-01-02T04:35:23,0.0295
5,80-89,1767300026,2026-01-02T04:40:26,0.0305
5,80-89,1767300311,2026-01-02T04:45:11,0.03
5,80-89,1767300610,2026-01-02T04:50:10,0.0305
5,80-89,1767300911,2026-01-02T04:55:11,0.0295
5,80-89,1767301216,2026-01-02T05:00:16,0.03
5,80-89,1767301510,2026-01-02T05:05:10,0.03
5,80-89,1767301814,2026-01-02T05:10:14,0.0305
5,80-89,1767302111,2026-01-02T05:15:11,0.015
5,80-89,1767302411,2026-01-02T05:20:11,0.015
5,80-89,1767302710,2026-01-02T05:25:10,0.028
5,80-89,1767303015,2026-01-02T05:30:15,0.0295
5,80-89,1767303314,2026-01-02T05:35:14,0.0295
5,80-89,1767303610,2026-01-02T05:40:10,0.029
5,80-89,1767303910,2026-01-02T05:45:10,0.0295
5,80-89,1767304210,2026-01-02T05:50:10,0.0295
5,80-89,1767304511,2026-01-02T05:55:11,0.0295
5,80-89,1767304831,2026-01-02T06:00:31,0.0285
5,80-89,1767305110,2026-01-02T06:05:10,0.028
5,80-89,1767305410,2026-01-02T06:10:10,0.029
5,80-89,1767305711,2026-01-02T06:15:11,0.029
5,80-89,1767306010,2026-01-02T06:20:10,0.029
5,80-89,1767306310,2026-01-02T06:25:10,0.029
5,80-89,1767306618,2026-01-02T06:30:18,0.029
5,80-89,1767306910,2026-01-02T06:35:10,0.029
5,80-89,1767307211,2026-01-02T06:40:11,0.0285
5,80-89,1767307511,2026-01-02T06:45:11,0.0285
5,80-89,1767307811,2026-01-02T06:50:11,0.0275
5,80-89,1767308113,2026-01-02T06:55:13,0.0285
5,80-89,1767308416,2026-01-02T07:00:16,0.0285
5,80-89,1767308727,2026-01-02T07:05:27,0.029
5,80-89,1767309010,2026-01-02T07:10:10,0.029
5,80-89,1767309310,2026-01-02T07:15:10,0.029
5,80-89,1767309610,2026-01-02T07:20:10,0.029
5,80-89,1767309910,2026-01-02T07:25:10,0.0295
5,80-89,1767310215,2026-01-02T07:30:15,0.0295
5,80-89,1767310524,2026-01-02T07:35:24,0.0295
5,80-89,1767310810,2026-01-02T07:40:10,0.0295
5,80-89,1767311114,2026-01-02T07:45:14,0.027
5,80-89,1767311410,2026-01-02T07:50:10,0.074
5,80-89,1767311711,2026-01-02T07:55:11,0.0595
5,80-89,1767312019,2026-01-02T08:00:19,0.064
5,80-89,1767312310,2026-01-02T08:05:10,0.074
5,80-89,1767312614,2026-01-02T08:10:14,0.074
5,80-89,1767312911,2026-01-02T08:15:11,0.074
5,80-89,1767313211,2026-01-02T08:20:11,0.0735
5,80-89,1767313513,2026-01-02T08:25:13,0.0385
5,80-89,1767313829,2026-01-02T08:30:29,0.0385
5,80-89,1767314110,2026-01-02T08:35:10,0.0385
5,80-89,1767314411,2026-01-02T08:40:11,0.038
5,80-89,1767314711,2026-01-02T08:45:11,0.038
5,80-89,1767315014,2026-01-02T08:50:14,0.0395
5,80-89,1767315310,2026-01-02T08:55:10,0.0405
5,80-89,1767315615,2026-01-02T09:00:15,0.04
5,80-89,1767315910,2026-01-02T09:05:10,0.04
5,80-89,1767316210,2026-01-02T09:10:10,0.038
5,80-89,1767316513,2026-01-02T09:15:13,0.038
5,80-89,1767316810,2026-01-02T09:20:10,0.039
5,80-89,1767317110,2026-01-02T09:25:10,0.039
5,80-89,1767317415,2026-01-02T09:30:15,0.0395
5,80-89,1767317710,2026-01-02T09:35:10,0.039
5,80-89,1767318014,2026-01-02T09:40:14,0.0395
5,80-89,1767318310,2026-01-02T09:45:10,0.039
5,80-89,1767318611,2026-01-02T09:50:11,0.0275
5,80-89,1767318911,2026-01-02T09:55:11,0.0275
5,80-89,1767319216,2026-01-02T10:00:16,0.0265
5,80-89,1767319526,2026-01-02T10:05:26,0.0265
5,80-89,1767319825,2026-01-02T10:10:25,0.0265
5,80-89,1767320113,2026-01-02T10:15:13,0.0265
5,80-89,1767320410,2026-01-02T10:20:10,0.0265
5,80-89,1767320711,2026-01-02T10:25:11,0.0265
5,80-89,1767321015,2026-01-02T10:30:15,0.0265
5,80-89,1767321327,2026-01-02T10:35:27,0.0265
5,80-89,1767321621,2026-01-02T10:40:21,0.0265
5,80-89,1767321911,2026-01-02T10:45:11,0.0265
5,80-89,1767322226,2026-01-02T10:50:26,0.0265
5,80-89,1767322510,2026-01-02T10:55:10,0.0265
5,80-89,1767322834,2026-01-02T11:00:34,0.0265
5,80-89,1767323111,2026-01-02T11:05:11,0.0265
5,80-89,1767323410,2026-01-02T11:10:10,0.0265
5,80-89,1767323710,2026-01-02T11:15:10,0.0265
5,80-89,1767324010,2026-01-02T11:20:10,0.0265
5,80-89,1767324310,2026-01-02T11:25:10,0.0265
5,80-89,1767324617,2026-01-02T11:30:17,0.0265
5,80-89,1767324911,2026-01-02T11:35:11,0.0265
5,80-89,1767325211,2026-01-02T11:40:11,0.0265
5,80-89,1767325526,2026-01-02T11:45:26,0.0265
5,80-89,1767325810,2026-01-02T11:50:10,0.0265
5,80-89,1767326110,2026-01-02T11:55:10,0.0265
5,80-89,1767326414,2026-01-02T12:00:14,0.0265
5,80-89,1767326710,2026-01-02T12:05:10,0.0265
5,80-89,1767327011,2026-01-02T12:10:11,0.0265
5,80-89,1767327313,2026-01-02T12:15:13,0.0265
5,80-89,1767327611,2026-01-02T12:20:11,0.0265
5,80-89,1767327911,2026-01-02T12:25:11,0.0265
5,80-89,1767328215,2026-01-02T12:30:15,0.0265
5,80-89,1767328510,2026-01-02T12:35:10,0.0265
5,80-89,1767328813,2026-01-02T12:40:13,0.0265
5,80-89,1767329110,2026-01-02T12:45:10,0.0265
5,80-89,1767329412,2026-01-02T12:50:12,0.0265
5,80-89,1767329711,2026-01-02T12:55:11,0.0265
5,80-89,1767330016,2026-01-02T13:00:16,0.0265
5,80-89,1767330313,2026-01-02T13:05:13,0.0265
5,80-89,1767330613,2026-01-02T13:10:13,0.0265
5,80-89,1767330911,2026-01-02T13:15:11,0.0265
5,80-89,1767331214,2026-01-02T13:20:14,0.0265
5,80-89,1767331526,2026-01-02T13:25:26,0.0265
5,80-89,1767331815,2026-01-02T13:30:15,0.0265
5,80-89,1767332111,2026-01-02T13:35:11,0.026
5,80-89,1767332410,2026-01-02T13:40:10,0.025
5,80-89,1767332737,2026-01-02T13:45:37,0.025
5,80-89,1767333026,2026-01-02T13:50:26,0.025
5,80-89,1767333322,2026-01-02T13:55:22,0.025
5,80-89,1767333617,2026-01-02T14:00:17,0.025
5,80-89,1767333910,2026-01-02T14:05:10,0.025
5,80-89,1767334210,2026-01-02T14:10:10,0.025
5,80-89,1767334511,2026-01-02T14:15:11,0.025
5,80-89,1767334824,2026-01-02T14:20:24,0.025
5,80-89,1767335118,2026-01-02T14:25:18,0.025
5,80-89,1767335415,2026-01-02T14:30:15,0.025
5,80-89,1767335711,2026-01-02T14:35:11,0.025
5,80-89,1767336014,2026-01-02T14:40:14,0.025
5,80-89,1767336310,2026-01-02T14:45:10,0.023
5,80-89,1767336611,2026-01-02T14:50:11,0.023
5,80-89,1767336910,2026-01-02T14:55:10,0.023
5,80-89,1767337215,2026-01-02T15:00:15,0.012
5,80-89,1767337514,2026-01-02T15:05:14,0.01
5,80-89,1767337811,2026-01-02T15:10:11,0.0075
5,80-89,1767338111,2026-01-02T15:15:11,0.0075
5,80-89,1767338411,2026-01-02T15:20:11,0.0075
5,80-89,1767338710,2026-01-02T15:25:10,0.0075
5,80-89,1767339031,2026-01-02T15:30:31,0.006
5,80-89,1767339310,2026-01-02T15:35:10,0.006
5,80-89,1767339611,2026-01-02T15:40:11,0.006
5,80-89,1767339910,2026-01-02T15:45:10,0.006
5,80-89,1767340211,2026-01-02T15:50:11,0.006
5,80-89,1767340510,2026-01-02T15:55:10,0.006
5,80-89,1767340818,2026-01-02T16:00:18,0.006
5,80-89,1767341111,2026-01-02T16:05:11,0.006
5,80-89,1767341411,2026-01-02T16:10:11,0.006
5,80-89,1767341714,2026-01-02T16:15:14,0.006
5,80-89,1767342011,2026-01-02T16:20:11,0.006
5,80-89,1767342311,2026-01-02T16:25:11,0.0205
5,80-89,1767342615,2026-01-02T16:30:15,0.0195
5,80-89,1767342910,2026-01-02T16:35:10,0.0155
5,80-89,1767343213,2026-01-02T16:40:13,0.0195
5,80-89,1767343511,2026-01-02T16:45:11,0.0155
5,80-89,1767343826,2026-01-02T16:50:26,0.015
5,80-89,1767344111,2026-01-02T16:55:11,0.014
5,80-89,1767344417,2026-01-02T17:00:17,0.014
5,80-89,1767344714,2026-01-02T17:05:14,0.014
5,80-89,1767345010,2026-01-02T17:10:10,0.014
5,80-89,1767345311,2026-01-02T17:15:11,0.014
5,80-89,1767345611,2026-01-02T17:20:11,0.014
5,80-89,1767345911,2026-01-02T17:25:11,0.0085
5,80-89,1767346218,2026-01-02T17:30:18,0.0035
5,80-89,1767346511,2026-01-02T17:35:11,0.0415
5,80-89,1767346811,2026-01-02T17:40:11,0.039
5,80-89,1767347117,2026-01-02T17:45:17,0.0365
5,80-89,1767347410,2026-01-02T17:50:10,0.0345
5,80-89,1767347710,2026-01-02T17:55:10,0.0355
5,80-89,1767348018,2026-01-02T18:00:18,0.023
5,80-89,1767348322,2026-01-02T18:05:22,0.0235
5,80-89,1767348624,2026-01-02T18:10:24,0.022
5,80-89,1767348911,2026-01-02T18:15:11,0.022
5,80-89,1767349212,2026-01-02T18:20:12,0.0145
5,80-89,1767349514,2026-01-02T18:25:14,0.0145
5,80-89,1767349815,2026-01-02T18:30:15,0.0145
5,80-89,1767350124,2026-01-02T18:35:24,0.0145
5,80-89,1767350410,2026-01-02T18:40:10,0.0145
5,80-89,1767350710,2026-01-02T18:45:10,0.0145
5,80-89,1767351014,2026-01-02T18:50:14,0.0145
5,80-89,1767351310,2026-01-02T18:55:10,0.0145
5,80-89,1767351616,2026-01-02T19:00:16,0.0145
5,80-89,1767351911,2026-01-02T19:05:11,0.0125
5,80-89,1767352211,2026-01-02T19:10:11,0.0125
5,80-89,1767352514,2026-01-02T19:15:14,0.0205
5,80-89,1767352810,2026-01-02T19:20:10,0.0215
5,80-89,1767353123,2026-01-02T19:25:23,0.0215
5,80-89,1767353418,2026-01-02T19:30:18,0.0215
5,80-89,1767353711,2026-01-02T19:35:11,0.0215
5,80-89,1767354011,2026-01-02T19:40:11,0.0215
5,80-89,1767354311,2026-01-02T19:45:11,0.022
5,80-89,1767354625,2026-01-02T19:50:25,0.022
5,80-89,1767354911,2026-01-02T19:55:11,0.022
5,80-89,1767355220,2026-01-02T20:00:20,0.0215
5,80-89,1767355511,2026-01-02T20:05:11,0.0205
5,80-89,1767355810,2026-01-02T20:10:10,0.015
5,80-89,1767356114,2026-01-02T20:15:14,0.0065
5,80-89,1767356412,2026-01-02T20:20:12,0.0065
5,80-89,1767356710,2026-01-02T20:25:10,0.0055
5,80-89,1767357014,2026-01-02T20:30:14,0.0535
5,80-89,1767357311,2026-01-02T20:35:11,0.0205
5,80-89,1767357613,2026-01-02T20:40:13,0.0185
5,80-89,1767357923,2026-01-02T20:45:23,0.019
5,80-89,1767358210,2026-01-02T20:50:10,0.019
5,80-89,1767358510,2026-01-02T20:55:10,0.019
5,80-89,1767358815,2026-01-02T21:00:15,0.019
5,80-89,1767359113,2026-01-02T21:05:13,0.019
5,80-89,1767359424,2026-01-02T21:10:24,0.0195
5,80-89,1767359712,2026-01-02T21:15:12,0.019
5,80-89,1767360024,2026-01-02T21:20:24,0.019
5,80-89,1767360321,2026-01-02T21:25:21,0.019
5,80-89,1767360618,2026-01-02T21:30:18,0.0055
5,80-89,1767360922,2026-01-02T21:35:22,0.0055
5,80-89,1767361211,2026-01-02T21:40:11,0.0055
5,80-89,1767361512,2026-01-02T21:45:12,0.0045
5,80-89,1767361810,2026-01-02T21:50:10,0.0045
5,80-89,1767362128,2026-01-02T21:55:28,0.0045
5,80-89,1767362415,2026-01-02T22:00:15,0.0045
5,80-89,1767362711,2026-01-02T22:05:11,0.0045
5,80-89,1767363011,2026-01-02T22:10:11,0.0045
5,80-89,1767363323,2026-01-02T22:15:23,0.0295
5,80-89,1767363629,2026-01-02T22:20:29,0.0225
5,80-89,1767363911,2026-01-02T22:25:11,0.0225
5,80-89,1767364215,2026-01-02T22:30:15,0.0225
5,80-89,1767364510,2026-01-02T22:35:10,0.0215
5,80-89,1767364811,2026-01-02T22:40:11,0.022
5,80-89,1767365127,2026-01-02T22:45:27,0.0215
5,80-89,1767365410,2026-01-02T22:50:10,0.022
5,80-89,1767365710,2026-01-02T22:55:10,0.022
5,80-89,1767366019,2026-01-02T23:00:19,0.022
5,80-89,1767366311,2026-01-02T23:05:11,0.0215
5,80-89,1767366614,2026-01-02T23:10:14,0.0215
5,80-89,1767366911,2026-01-02T23:15:11,0.022
5,80-89,1767367211,2026-01-02T23:20:11,0.0225
5,80-89,1767367511,2026-01-02T23:25:11,0.0225
5,80-89,1767367815,2026-01-02T23:30:15,0.0225
5,80-89,1767368137,2026-01-02T23:35:37,0.0225
5,80-89,1767368410,2026-01-02T23:40:10,0.0225
5,80-89,1767368711,2026-01-02T23:45:11,0.0225
5,80-89,1767369011,2026-01-02T23:50:11,0.0225
5,80-89,1767369311,2026-01-02T23:55:11,0.0225
5,80-89,1767369616,2026-01-03T00:00:16,0.0495
5,80-89,1767369914,2026-01-03T00:05:14,0.0445
5,80-89,1767370211,2026-01-03T00:10:11,0.0435
5,80-89,1767370511,2026-01-03T00:15:11,0.044
5,80-89,1767370814,2026-01-03T00:20:14,0.0415
5,80-89,1767371111,2026-01-03T00:25:11,0.044
5,80-89,1767371415,2026-01-03T00:30:15,0.0445
5,80-89,1767371711,2026-01-03T00:35:11,0.044
5,80-89,1767372010,2026-01-03T00:40:10,0.0435
5,80-89,1767372314,2026-01-03T00:45:14,0.044
5,80-89,1767372623,2026-01-03T00:50:23,0.0465
5,80-89,1767372910,2026-01-03T00:55:10,0.0445
5,80-89,1767373219,2026-01-03T01:00:19,0.04
5,80-89,1767373511,2026-01-03T01:05:11,0.023
5,80-89,1767373813,2026-01-03T01:10:13,0.021
5,80-89,1767374111,2026-01-03T01:15:11,0.0055
5,80-89,1767374413,2026-01-03T01:20:13,0.0005
5,80-89,1767374712,2026-01-03T01:25:12,0.0005
5,80-89,1767375015,2026-01-03T01:30:15,0.0005
5,80-89,1767375327,2026-01-03T01:35:27,0.0005
5,80-89,1767375614,2026-01-03T01:40:14,0.0005
5,80-89,1767375912,2026-01-03T01:45:12,0.0005
5,80-89,1767376226,2026-01-03T01:50:26,0.0005
5,80-89,1767376511,2026-01-03T01:55:11,0.0005
5,80-89,1767376832,2026-01-03T02:00:32,0.0005
5,80-89,1767377114,2026-01-03T02:05:14,0.0005
5,80-89,1767377411,2026-01-03T02:10:11,0.0005
5,80-89,1767377725,2026-01-03T02:15:25,0.0005
5,80-89,1767378011,2026-01-03T02:20:11,0.0005
5,80-89,1767378311,2026-01-03T02:25:11,0.0005
5,80-89,1767378618,2026-01-03T02:30:18,0.0005
5,80-89,1767378926,2026-01-03T02:35:26,0.0005
5,80-89,1767379227,2026-01-03T02:40:27,0.0005
5,80-89,1767379511,2026-01-03T02:45:11,0.0005
5,80-89,1767379812,2026-01-03T02:50:12,0.0005
5,80-89,1767380114,2026-01-03T02:55:14,0.0005
5,80-89,1767380418,2026-01-03T03:00:18,0.0005
5,80-89,1767380711,2026-01-03T03:05:11,0.001
5,80-89,1767381012,2026-01-03T03:10:12,0.001
5,80-89,1767381311,2026-01-03T03:15:11,0.001
5,80-89,1767381611,2026-01-03T03:20:11,0.001
5,80-89,1767381914,2026-01-03T03:25:14,0.001
5,80-89,1767382215,2026-01-03T03:30:15,0.001
5,80-89,1767382511,2026-01-03T03:35:11,0.001
5,80-89,1767382810,2026-01-03T03:40:10,0.0005
5,80-89,1767383111,2026-01-03T03:45:11,0.0005
5,80-89,1767383426,2026-01-03T03:50:26,0.0005
5,80-89,1767383710,2026-01-03T03:55:10,0.0005
5,80-89,1767384017,2026-01-03T04:00:17,0.0005
5,80-89,1767384311,2026-01-03T04:05:11,0.0005
5,80-89,1767384612,2026-01-03T04:10:12,0.0005
5,80-89,1767384915,2026-01-03T04:15:15,0.0005
5,80-89,1767385212,2026-01-03T04:20:12,0.0005
5,80-89,1767385512,2026-01-03T04:25:12,0.001
5,80-89,1767385819,2026-01-03T04:30:19,0.001
5,80-89,1767386111,2026-01-03T04:35:11,0.0005
5,80-89,1767386411,2026-01-03T04:40:11,0.0005
5,80-89,1767386723,2026-01-03T04:45:23,0.0005
5,80-89,1767387014,2026-01-03T04:50:14,0.0005
5,80-89,1767387311,2026-01-03T04:55:11,0.0005
5,80-89,1767387619,2026-01-03T05:00:19,0.0005
5,80-89,1767387928,2026-01-03T05:05:28,0.0005
5,80-89,1767388212,2026-01-03T05:10:12,0.0005
5,80-89,1767388511,2026-01-03T05:15:11,0.0005
5,80-89,1767388811,2026-01-03T05:20:11,0.0005
5,80-89,1767389111,2026-01-03T05:25:11,0.0005
5,80-89,1767389415,2026-01-03T05:30:15,0.0005
5,80-89,1767389726,2026-01-03T05:35:26,0.0005
5,80-89,1767390011,2026-01-03T05:40:11,0.0005
6,90-99,1767044112,2025-12-30T05:35:12,0.505
6,90-99,1767044412,2025-12-30T05:40:12,0.505
6,90-99,1767044712,2025-12-30T05:45:12,0.5
6,90-99,1767045011,2025-12-30T05:50:11,0.175
6,90-99,1767045312,2025-12-30T05:55:12,0.175
6,90-99,1767045620,2025-12-30T06:00:20,0.175
6,90-99,1767045912,2025-12-30T06:05:12,0.175
6,90-99,1767046217,2025-12-30T06:10:17,0.18
6,90-99,1767046512,2025-12-30T06:15:12,0.18
6,90-99,1767046825,2025-12-30T06:20:25,0.18
6,90-99,1767047112,2025-12-30T06:25:12,0.18
6,90-99,1767047416,2025-12-30T06:30:16,0.175
6,90-99,1767047716,2025-12-30T06:35:16,0.175
6,90-99,1767048012,2025-12-30T06:40:12,0.165
6,90-99,1767048312,2025-12-30T06:45:12,0.165
6,90-99,1767048612,2025-12-30T06:50:12,0.165
6,90-99,1767048912,2025-12-30T06:55:12,0.175
6,90-99,1767049238,2025-12-30T07:00:38,0.195
6,90-99,1767049530,2025-12-30T07:05:30,0.2
6,90-99,1767049812,2025-12-30T07:10:12,0.2
6,90-99,1767050112,2025-12-30T07:15:12,0.195
6,90-99,1767050413,2025-12-30T07:20:13,0.2
6,90-99,1767050712,2025-12-30T07:25:12,0.205
6,90-99,1767051038,2025-12-30T07:30:38,0.2
6,90-99,1767051312,2025-12-30T07:35:12,0.2
6,90-99,1767051612,2025-12-30T07:40:12,0.16
6,90-99,1767051912,2025-12-30T07:45:12,0.16
6,90-99,1767052228,2025-12-30T07:50:28,0.145
6,90-99,1767052512,2025-12-30T07:55:12,0.145
6,90-99,1767052825,2025-12-30T08:00:25,0.145
6,90-99,1767053112,2025-12-30T08:05:12,0.135
6,90-99,1767053412,2025-12-30T08:10:12,0.135
6,90-99,1767053712,2025-12-30T08:15:12,0.135
6,90-99,1767054013,2025-12-30T08:20:13,0.14
6,90-99,1767054312,2025-12-30T08:25:12,0.14
6,90-99,1767054617,2025-12-30T08:30:17,0.135
6,90-99,1767054912,2025-12-30T08:35:12,0.135
6,90-99,1767055212,2025-12-30T08:40:12,0.14
6,90-99,1767055512,2025-12-30T08:45:12,0.14
6,90-99,1767055812,2025-12-30T08:50:12,0.14
6,90-99,1767056112,2025-12-30T08:55:12,0.14
6,90-99,1767056416,2025-12-30T09:00:16,0.135
6,90-99,1767056712,2025-12-30T09:05:12,0.14
6,90-99,1767057012,2025-12-30T09:10:12,0.145
6,90-99,1767057312,2025-12-30T09:15:12,0.14
6,90-99,1767057612,2025-12-30T09:20:12,0.125
6,90-99,1767057912,2025-12-30T09:25:12,0.125
6,90-99,1767058217,2025-12-30T09:30:17,0.125
6,90-99,1767058512,2025-12-30T09:35:12,0.125
6,90-99,1767058813,2025-12-30T09:40:13,0.125
6,90-99,1767059112,2025-12-30T09:45:12,0.125
6,90-99,1767059427,2025-12-30T09:50:27,0.125
6,90-99,1767059712,2025-12-30T09:55:12,0.125
6,90-99,1767060017,2025-12-30T10:00:17,0.125
6,90-99,1767060312,2025-12-30T10:05:12,0.125
6,90-99,1767060612,2025-12-30T10:10:12,0.125
6,90-99,1767060912,2025-12-30T10:15:12,0.12
6,90-99,1767061212,2025-12-30T10:20:12,0.12
6,90-99,1767061513,2025-12-30T10:25:13,0.12
6,90-99,1767061817,2025-12-30T10:30:17,0.12
6,90-99,1767062112,2025-12-30T10:35:12,0.12
6,90-99,1767062412,2025-12-30T10:40:12,0.12
6,90-99,1767062713,2025-12-30T10:45:13,0.12
6,90-99,1767063027,2025-12-30T10:50:27,0.12
6,90-99,1767063312,2025-12-30T10:55:12,0.12
6,90-99,1767063620,2025-12-30T11:00:20,0.12
6,90-99,1767063912,2025-12-30T11:05:12,0.12
6,90-99,1767064212,2025-12-30T11:10:12,0.12
6,90-99,1767064512,2025-12-30T11:15:12,0.12
6,90-99,1767064813,2025-12-30T11:20:13,0.12
6,90-99,1767065127,2025-12-30T11:25:27,0.12
6,90-99,1767065416,2025-12-30T11:30:16,0.12
6,90-99,1767065712,2025-12-30T11:35:12,0.12
6,90-99,1767066012,2025-12-30T11:40:12,0.12
6,90-99,1767066313,2025-12-30T11:45:13,0.12
6,90-99,1767066613,2025-12-30T11:50:13,0.12
6,90-99,1767066912,2025-12-30T11:55:12,0.12
6,90-99,1767067217,2025-12-30T12:00:17,0.12
6,90-99,1767067512,2025-12-30T12:05:12,0.12
6,90-99,1767067813,2025-12-30T12:10:13,0.12
6,90-99,1767068112,2025-12-30T12:15:12,0.12
6,90-99,1767068412,2025-12-30T12:20:12,0.12
6,90-99,1767068712,2025-12-30T12:25:12,0.12
6,90-99,1767069017,2025-12-30T12:30:17,0.12
6,90-99,1767069313,2025-12-30T12:35:13,0.12
6,90-99,1767069612,2025-12-30T12:40:12,0.12
6,90-99,1767069912,2025-12-30T12:45:12,0.12
6,90-99,1767070213,2025-12-30T12:50:13,0.12
6,90-99,1767070512,2025-12-30T12:55:12,0.12
6,90-99,1767070835,2025-12-30T13:00:35,0.12
6,90-99,1767071112,2025-12-30T13:05:12,0.12
6,90-99,1767071412,2025-12-30T13:10:12,0.12
6,90-99,1767071712,2025-12-30T13:15:12,0.12
6,90-99,1767072023,2025-12-30T13:20:23,0.12
6,90-99,1767072312,2025-12-30T13:25:12,0.12
6,90-99,1767072618,2025-12-30T13:30:18,0.12
6,90-99,1767072912,2025-12-30T13:35:12,0.12
6,90-99,1767073212,2025-12-30T13:40:12,0.12
6,90-99,1767073512,2025-12-30T13:45:12,0.12
6,90-99,1767073812,2025-12-30T13:50:12,0.12
6,90-99,1767074113,2025-12-30T13:55:13,0.12
6,90-99,1767074419,2025-12-30T14:00:19,0.12
6,90-99,1767074712,2025-12-30T14:05:12,0.12
6,90-99,1767075012,2025-12-30T14:10:12,0.12
6,90-99,1767075312,2025-12-30T14:15:12,0.12
6,90-99,1767075613,2025-12-30T14:20:13,0.12
6,90-99,1767075912,2025-12-30T14:25:12,0.12
6,90-99,1767076217,2025-12-30T14:30:17,0.12
6,90-99,1767076531,2025-12-30T14:35:31,0.12
6,90-99,1767076812,2025-12-30T14:40:12,0.12
6,90-99,1767077112,2025-12-30T14:45:12,0.12
6,90-99,1767077424,2025-12-30T14:50:24,0.12
6,90-99,1767077712,2025-12-30T14:55:12,0.12
6,90-99,1767078026,2025-12-30T15:00:26,0.12
6,90-99,1767078313,2025-12-30T15:05:13,0.12
6,90-99,1767078612,2025-12-30T15:10:12,0.12
6,90-99,1767078912,2025-12-30T15:15:12,0.12
6,90-99,1767079212,2025-12-30T15:20:12,0.12
6,90-99,1767079512,2025-12-30T15:25:12,0.12
6,90-99,1767079829,2025-12-30T15:30:29,0.12
6,90-99,1767080114,2025-12-30T15:35:14,0.12
6,90-99,1767080413,2025-12-30T15:40:13,0.12
6,90-99,1767080712,2025-12-30T15:45:12,0.12
6,90-99,1767081013,2025-12-30T15:50:13,0.12
6,90-99,1767081312,2025-12-30T15:55:12,0.12
6,90-99,1767081619,2025-12-30T16:00:19,0.12
6,90-99,1767081912,2025-12-30T16:05:12,0.085
6,90-99,1767082212,2025-12-30T16:10:12,0.085
6,90-99,1767082513,2025-12-30T16:15:13,0.085
6,90-99,1767082812,2025-12-30T16:20:12,0.085
6,90-99,1767083114,2025-12-30T16:25:14,0.085
6,90-99,1767083417,2025-12-30T16:30:17,0.085
6,90-99,1767083712,2025-12-30T16:35:12,0.085
6,90-99,1767084026,2025-12-30T16:40:26,0.085
6,90-99,1767084312,2025-12-30T16:45:12,0.085
6,90-99,1767084614,2025-12-30T16:50:14,0.085
6,90-99,1767084912,2025-12-30T16:55:12,0.085
6,90-99,1767085221,2025-12-30T17:00:21,0.085
6,90-99,1767085512,2025-12-30T17:05:12,0.085
6,90-99,1767085813,2025-12-30T17:10:13,0.085
6,90-99,1767086115,2025-12-30T17:15:15,0.085
6,90-99,1767086412,2025-12-30T17:20:12,0.085
6,90-99,1767086712,2025-12-30T17:25:12,0.085
6,90-99,1767087018,2025-12-30T17:30:18,0.085
6,90-99,1767087312,2025-12-30T17:35:12,0.085
6,90-99,1767087614,2025-12-30T17:40:14,0.085
6,90-99,1767087912,2025-12-30T17:45:12,0.085
6,90-99,1767088212,2025-12-30T17:50:12,0.085
6,90-99,1767088512,2025-12-30T17:55:12,0.085
6,90-99,1767088817,2025-12-30T18:00:17,0.085
6,90-99,1767089132,2025-12-30T18:05:32,0.085
6,90-99,1767089412,2025-12-30T18:10:12,0.085
6,90-99,1767089712,2025-12-30T18:15:12,0.085
6,90-99,1767090013,2025-12-30T18:20:13,0.085
6,90-99,1767090323,2025-12-30T18:25:23,0.085
6,90-99,1767090617,2025-12-30T18:30:17,0.085
6,90-99,1767090914,2025-12-30T18:35:14,0.085
6,90-99,1767091212,2025-12-30T18:40:12,0.085
6,90-99,1767091512,2025-12-30T18:45:12,0.085
6,90-99,1767091812,2025-12-30T18:50:12,0.085
6,90-99,1767092112,2025-12-30T18:55:12,0.085
6,90-99,1767092420,2025-12-30T19:00:20,0.085
6,90-99,1767092726,2025-12-30T19:05:26,0.085
6,90-99,1767093012,2025-12-30T19:10:12,0.085
6,90-99,1767093312,2025-12-30T19:15:12,0.085
6,90-99,1767093615,2025-12-30T19:20:15,0.085
6,90-99,1767093912,2025-12-30T19:25:12,0.085
6,90-99,1767094228,2025-12-30T19:30:28,0.085
6,90-99,1767094513,2025-12-30T19:35:13,0.085
6,90-99,1767094812,2025-12-30T19:40:12,0.085
6,90-99,1767095115,2025-12-30T19:45:15,0.085
6,90-99,1767095412,2025-12-30T19:50:12,0.085
6,90-99,1767095712,2025-12-30T19:55:12,0.085
6,90-99,1767096025,2025-12-30T20:00:25,0.085
6,90-99,1767096312,2025-12-30T20:05:12,0.085
6,90-99,1767096612,2025-12-30T20:10:12,0.085
6,90-99,1767096912,2025-12-30T20:15:12,0.085
6,90-99,1767097212,2025-12-30T20:20:12,0.085
6,90-99,1767097515,2025-12-30T20:25:15,0.085
6,90-99,1767097817,2025-12-30T20:30:17,0.085
6,90-99,1767098112,2025-12-30T20:35:12,0.085
6,90-99,1767098412,2025-12-30T20:40:12,0.085
6,90-99,1767098712,2025-12-30T20:45:12,0.085
6,90-99,1767099015,2025-12-30T20:50:15,0.085
6,90-99,1767099312,2025-12-30T20:55:12,0.085
6,90-99,1767099617,2025-12-30T21:00:17,0.085
6,90-99,1767099912,2025-12-30T21:05:12,0.085
6,90-99,1767100212,2025-12-30T21:10:12,0.08
6,90-99,1767100515,2025-12-30T21:15:15,0.08
6,90-99,1767100813,2025-12-30T21:20:13,0.08
6,90-99,1767101124,2025-12-30T21:25:24,0.08
6,90-99,1767101418,2025-12-30T21:30:18,0.08
6,90-99,1767101712,2025-12-30T21:35:12,0.08
6,90-99,1767102016,2025-12-30T21:40:16,0.08
6,90-99,1767102313,2025-12-30T21:45:13,0.08
6,90-99,1767102614,2025-12-30T21:50:14,0.08
6,90-99,1767102913,2025-12-30T21:55:13,0.08
6,90-99,1767103217,2025-12-30T22:00:17,0.08
6,90-99,1767103534,2025-12-30T22:05:34,0.08
6,90-99,1767103812,2025-12-30T22:10:12,0.08
6,90-99,1767104112,2025-12-30T22:15:12,0.08
6,90-99,1767104413,2025-12-30T22:20:13,0.08
6,90-99,1767104715,2025-12-30T22:25:15,0.08
6,90-99,1767105017,2025-12-30T22:30:17,0.08
6,90-99,1767105313,2025-12-30T22:35:13,0.08
6,90-99,1767105612,2025-12-30T22:40:12,0.08
6,90-99,1767105912,2025-12-30T22:45:12,0.08
6,90-99,1767106215,2025-12-30T22:50:15,0.08
6,90-99,1767106512,2025-12-30T22:55:12,0.08
6,90-99,1767106820,2025-12-30T23:00:20,0.08
6,90-99,1767107115,2025-12-30T23:05:15,0.08
6,90-99,1767107413,2025-12-30T23:10:13,0.08
6,90-99,1767107712,2025-12-30T23:15:12,0.08
6,90-99,1767108027,2025-12-30T23:20:27,0.08
6,90-99,1767108312,2025-12-30T23:25:12,0.08
6,90-99,1767108621,2025-12-30T23:30:21,0.08
6,90-99,1767108925,2025-12-30T23:35:25,0.08
6,90-99,1767109213,2025-12-30T23:40:13,0.08
6,90-99,1767109512,2025-12-30T23:45:12,0.08
6,90-99,1767109812,2025-12-30T23:50:12,0.08
6,90-99,1767110116,2025-12-30T23:55:16,0.08
6,90-99,1767110418,2025-12-31T00:00:18,0.08
6,90-99,1767110713,2025-12-31T00:05:13,0.075
6,90-99,1767111012,2025-12-31T00:10:12,0.08
6,90-99,1767111312,2025-12-31T00:15:12,0.08
6,90-99,1767111634,2025-12-31T00:20:34,0.08
6,90-99,1767111914,2025-12-31T00:25:14,0.08
6,90-99,1767112217,2025-12-31T00:30:17,0.08
6,90-99,1767112512,2025-12-31T00:35:12,0.08
6,90-99,1767112812,2025-12-31T00:40:12,0.08
6,90-99,1767113113,2025-12-31T00:45:13,0.08
6,90-99,1767113416,2025-12-31T00:50:16,0.08
6,90-99,1767113712,2025-12-31T00:55:12,0.08
6,90-99,1767114023,2025-12-31T01:00:23,0.08
6,90-99,1767114312,2025-12-31T01:05:12,0.08
6,90-99,1767114613,2025-12-31T01:10:13,0.08
6,90-99,1767114916,2025-12-31T01:15:16,0.08
6,90-99,1767115216,2025-12-31T01:20:16,0.08
6,90-99,1767115513,2025-12-31T01:25:13,0.08
6,90-99,1767115817,2025-12-31T01:30:17,0.08
6,90-99,1767116113,2025-12-31T01:35:13,0.08
6,90-99,1767116412,2025-12-31T01:40:12,0.08
6,90-99,1767116716,2025-12-31T01:45:16,0.08
6,90-99,1767117012,2025-12-31T01:50:12,0.08
6,90-99,1767117313,2025-12-31T01:55:13,0.08
6,90-99,1767117624,2025-12-31T02:00:24,0.08
6,90-99,1767117913,2025-12-31T02:05:13,0.08
6,90-99,1767118216,2025-12-31T02:10:16,0.08
6,90-99,1767118512,2025-12-31T02:15:12,0.08
6,90-99,1767118812,2025-12-31T02:20:12,0.08
6,90-99,1767119116,2025-12-31T02:25:16,0.08
6,90-99,1767119417,2025-12-31T02:30:17,0.08
6,90-99,1767119712,2025-12-31T02:35:12,0.08
6,90-99,1767120013,2025-12-31T02:40:13,0.08
6,90-99,1767120313,2025-12-31T02:45:13,0.08
6,90-99,1767120616,2025-12-31T02:50:16,0.08
6,90-99,1767120912,2025-12-31T02:55:12,0.08
6,90-99,1767121217,2025-12-31T03:00:17,0.08
6,90-99,1767121513,2025-12-31T03:05:13,0.08
6,90-99,1767121813,2025-12-31T03:10:13,0.08
6,90-99,1767122117,2025-12-31T03:15:17,0.08
6,90-99,1767122428,2025-12-31T03:20:28,0.08
6,90-99,1767122713,2025-12-31T03:25:13,0.08
6,90-99,1767123018,2025-12-31T03:30:18,0.08
6,90-99,1767123318,2025-12-31T03:35:18,0.08
6,90-99,1767123614,2025-12-31T03:40:14,0.08
6,90-99,1767123913,2025-12-31T03:45:13,0.08
6,90-99,1767124214,2025-12-31T03:50:14,0.08
6,90-99,1767124513,2025-12-31T03:55:13,0.08
6,90-99,1767124839,2025-12-31T04:00:39,0.08
6,90-99,1767125113,2025-12-31T04:05:13,0.08
6,90-99,1767125412,2025-12-31T04:10:12,0.08
6,90-99,1767125713,2025-12-31T04:15:13,0.08
6,90-99,1767126012,2025-12-31T04:20:12,0.08
6,90-99,1767126313,2025-12-31T04:25:13,0.08
6,90-99,1767126622,2025-12-31T04:30:22,0.08
6,90-99,1767126913,2025-12-31T04:35:13,0.075
6,90-99,1767127213,2025-12-31T04:40:13,0.075
6,90-99,1767127516,2025-12-31T04:45:16,0.075
6,90-99,1767127813,2025-12-31T04:50:13,0.075
6,90-99,1767128112,2025-12-31T04:55:12,0.075
6,90-99,1767128420,2025-12-31T05:00:20,0.075
6,90-99,1767128713,2025-12-31T05:05:13,0.075
6,90-99,1767129017,2025-12-31T05:10:17,0.075
6,90-99,1767129312,2025-12-31T05:15:12,0.075
6,90-99,1767129613,2025-12-31T05:20:13,0.075
6,90-99,1767129913,2025-12-31T05:25:13,0.08
6,90-99,1767130222,2025-12-31T05:30:22,0.08
6,90-99,1767130513,2025-12-31T05:35:13,0.08
6,90-99,1767130826,2025-12-31T05:40:26,0.08
6,90-99,1767131113,2025-12-31T05:45:13,0.08
6,90-99,1767131413,2025-12-31T05:50:13,0.08
6,90-99,1767131717,2025-12-31T05:55:17,0.08
6,90-99,1767132019,2025-12-31T06:00:19,0.08
6,90-99,1767132313,2025-12-31T06:05:13,0.08
6,90-99,1767132613,2025-12-31T06:10:13,0.08
6,90-99,1767132912,2025-12-31T06:15:12,0.08
6,90-99,1767133217,2025-12-31T06:20:17,0.08
6,90-99,1767133529,2025-12-31T06:25:29,0.08
6,90-99,1767133819,2025-12-31T06:30:19,0.08
6,90-99,1767134127,2025-12-31T06:35:27,0.08
6,90-99,1767134413,2025-12-31T06:40:13,0.08
6,90-99,1767134713,2025-12-31T06:45:13,0.08
6,90-99,1767135017,2025-12-31T06:50:17,0.08
6,90-99,1767135313,2025-12-31T06:55:13,0.08
6,90-99,1767135619,2025-12-31T07:00:19,0.08
6,90-99,1767135913,2025-12-31T07:05:13,0.08
6,90-99,1767136213,2025-12-31T07:10:13,0.08
6,90-99,1767136517,2025-12-31T07:15:17,0.08
6,90-99,1767136813,2025-12-31T07:20:13,0.08
6,90-99,1767137117,2025-12-31T07:25:17,0.08
6,90-99,1767137428,2025-12-31T07:30:28,0.08
6,90-99,1767137713,2025-12-31T07:35:13,0.08
6,90-99,1767138013,2025-12-31T07:40:13,0.08
6,90-99,1767138313,2025-12-31T07:45:13,0.08
6,90-99,1767138617,2025-12-31T07:50:17,0.08
6,90-99,1767138912,2025-12-31T07:55:12,0.08
6,90-99,1767139222,2025-12-31T08:00:22,0.08
6,90-99,1767139513,2025-12-31T08:05:13,0.08
6,90-99,1767139814,2025-12-31T08:10:14,0.08
6,90-99,1767140117,2025-12-31T08:15:17,0.08
6,90-99,1767140425,2025-12-31T08:20:25,0.08
6,90-99,1767140712,2025-12-31T08:25:12,0.08
6,90-99,1767141019,2025-12-31T08:30:19,0.08
6,90-99,1767141313,2025-12-31T08:35:13,0.08
6,90-99,1767141616,2025-12-31T08:40:16,0.08
6,90-99,1767141916,2025-12-31T08:45:16,0.08
6,90-99,1767142213,2025-12-31T08:50:13,0.08
6,90-99,1767142512,2025-12-31T08:55:12,0.08
6,90-99,1767142818,2025-12-31T09:00:18,0.08
6,90-99,1767143113,2025-12-31T09:05:13,0.08
6,90-99,1767143416,2025-12-31T09:10:16,0.08
6,90-99,1767143714,2025-12-31T09:15:14,0.08
6,90-99,1767144013,2025-12-31T09:20:13,0.08
6,90-99,1767144312,2025-12-31T09:25:12,0.08
6,90-99,1767144632,2025-12-31T09:30:32,0.08
6,90-99,1767144916,2025-12-31T09:35:16,0.08
6,90-99,1767145217,2025-12-31T09:40:17,0.08
6,90-99,1767145513,2025-12-31T09:45:13,0.08
6,90-99,1767145813,2025-12-31T09:50:13,0.08
6,90-99,1767146113,2025-12-31T09:55:13,0.08
6,90-99,1767146420,2025-12-31T10:00:20,0.08
6,90-99,1767146716,2025-12-31T10:05:16,0.08
6,90-99,1767147014,2025-12-31T10:10:14,0.08
6,90-99,1767147313,2025-12-31T10:15:13,0.08
6,90-99,1767147613,2025-12-31T10:20:13,0.08
6,90-99,1767147915,2025-12-31T10:25:15,0.08
6,90-99,1767148222,2025-12-31T10:30:22,0.08
6,90-99,1767148513,2025-12-31T10:35:13,0.08
6,90-99,1767148825,2025-12-31T10:40:25,0.08
6,90-99,1767149113,2025-12-31T10:45:13,0.08
6,90-99,1767149414,2025-12-31T10:50:14,0.08
6,90-99,1767149717,2025-12-31T10:55:17,0.08
6,90-99,1767150021,2025-12-31T11:00:21,0.08
6,90-99,1767150324,2025-12-31T11:05:24,0.08
6,90-99,1767150633,2025-12-31T11:10:33,0.08
6,90-99,1767150913,2025-12-31T11:15:13,0.08
6,90-99,1767151213,2025-12-31T11:20:13,0.08
6,90-99,1767151527,2025-12-31T11:25:27,0.08
6,90-99,1767151833,2025-12-31T11:30:33,0.08
6,90-99,1767152126,2025-12-31T11:35:26,0.08
6,90-99,1767152417,2025-12-31T11:40:17,0.08
6,90-99,1767152712,2025-12-31T11:45:12,0.08
6,90-99,1767153027,2025-12-31T11:50:27,0.08
6,90-99,1767153312,2025-12-31T11:55:12,0.08
6,90-99,1767153641,2025-12-31T12:00:41,0.08
6,90-99,1767153913,2025-12-31T12:05:13,0.08
6,90-99,1767154213,2025-12-31T12:10:13,0.08
6,90-99,1767154512,2025-12-31T12:15:12,0.08
6,90-99,1767154825,2025-12-31T12:20:25,0.08
6,90-99,1767155113,2025-12-31T12:25:13,0.08
6,90-99,1767155435,2025-12-31T12:30:35,0.08
6,90-99,1767155713,2025-12-31T12:35:13,0.08
6,90-99,1767156012,2025-12-31T12:40:12,0.08
6,90-99,1767156315,2025-12-31T12:45:15,0.08
6,90-99,1767156614,2025-12-31T12:50:14,0.08
6,90-99,1767156912,2025-12-31T12:55:12,0.08
6,90-99,1767157218,2025-12-31T13:00:18,0.08
6,90-99,1767157512,2025-12-31T13:05:12,0.08
6,90-99,1767157834,2025-12-31T13:10:34,0.08
6,90-99,1767158112,2025-12-31T13:15:12,0.08
6,90-99,1767158412,2025-12-31T13:20:12,0.08
6,90-99,1767158712,2025-12-31T13:25:12,0.08
6,90-99,1767159018,2025-12-31T13:30:18,0.08
6,90-99,1767159312,2025-12-31T13:35:12,0.08
6,90-99,1767159616,2025-12-31T13:40:16,0.08
6,90-99,1767159913,2025-12-31T13:45:13,0.08
6,90-99,1767160212,2025-12-31T13:50:12,0.08
6,90-99,1767160512,2025-12-31T13:55:12,0.08
6,90-99,1767160820,2025-12-31T14:00:20,0.08
6,90-99,1767161134,2025-12-31T14:05:34,0.08
6,90-99,1767161412,2025-12-31T14:10:12,0.08
6,90-99,1767161712,2025-12-31T14:15:12,0.08
6,90-99,1767162012,2025-12-31T14:20:12,0.08
6,90-99,1767162312,2025-12-31T14:25:12,0.08
6,90-99,1767162629,2025-12-31T14:30:29,0.08
6,90-99,1767162935,2025-12-31T14:35:35,0.08
6,90-99,1767163212,2025-12-31T14:40:12,0.08
6,90-99,1767163512,2025-12-31T14:45:12,0.08
6,90-99,1767163812,2025-12-31T14:50:12,0.08
6,90-99,1767164112,2025-12-31T14:55:12,0.08
6,90-99,1767164418,2025-12-31T15:00:18,0.08
6,90-99,1767164717,2025-12-31T15:05:17,0.08
6,90-99,1767165012,2025-12-31T15:10:12,0.08
6,90-99,1767165312,2025-12-31T15:15:12,0.08
6,90-99,1767165613,2025-12-31T15:20:13,0.08
6,90-99,1767165912,2025-12-31T15:25:12,0.08
6,90-99,1767166237,2025-12-31T15:30:37,0.08
6,90-99,1767166512,2025-12-31T15:35:12,0.08
6,90-99,1767166813,2025-12-31T15:40:13,0.08
6,90-99,1767167112,2025-12-31T15:45:12,0.055
6,90-99,1767167413,2025-12-31T15:50:13,0.08
6,90-99,1767167712,2025-12-31T15:55:12,0.08
6,90-99,1767168022,2025-12-31T16:00:22,0.08
6,90-99,1767168312,2025-12-31T16:05:12,0.08
6,90-99,1767168627,2025-12-31T16:10:27,0.08
6,90-99,1767168913,2025-12-31T16:15:13,0.08
6,90-99,1767169212,2025-12-31T16:20:12,0.08
6,90-99,1767169516,2025-12-31T16:25:16,0.08
6,90-99,1767169817,2025-12-31T16:30:17,0.08
6,90-99,1767170112,2025-12-31T16:35:12,0.08
6,90-99,1767170412,2025-12-31T16:40:12,0.08
6,90-99,1767170712,2025-12-31T16:45:12,0.08
6,90-99,1767171031,2025-12-31T16:50:31,0.08
6,90-99,1767171313,2025-12-31T16:55:13,0.08
6,90-99,1767171620,2025-12-31T17:00:20,0.08
6,90-99,1767171913,2025-12-31T17:05:13,0.08
6,90-99,1767172212,2025-12-31T17:10:12,0.08
6,90-99,1767172516,2025-12-31T17:15:16,0.08
6,90-99,1767172812,2025-12-31T17:20:12,0.08
6,90-99,1767173112,2025-12-31T17:25:12,0.08
6,90-99,1767173418,2025-12-31T17:30:18,0.08
6,90-99,1767173712,2025-12-31T17:35:12,0.08
6,90-99,1767174035,2025-12-31T17:40:35,0.08
6,90-99,1767174312,2025-12-31T17:45:12,0.08
6,90-99,1767174612,2025-12-31T17:50:12,0.06
6,90-99,1767174916,2025-12-31T17:55:16,0.06
6,90-99,1767175219,2025-12-31T18:00:19,0.06
6,90-99,1767175512,2025-12-31T18:05:12,0.06
6,90-99,1767175825,2025-12-31T18:10:25,0.06
6,90-99,1767176112,2025-12-31T18:15:12,0.06
6,90-99,1767176433,2025-12-31T18:20:33,0.06
6,90-99,1767176712,2025-12-31T18:25:12,0.06
6,90-99,1767177017,2025-12-31T18:30:17,0.06
6,90-99,1767177312,2025-12-31T18:35:12,0.06
6,90-99,1767177612,2025-12-31T18:40:12,0.06
6,90-99,1767177912,2025-12-31T18:45:12,0.06
6,90-99,1767178216,2025-12-31T18:50:16,0.06
6,90-99,1767178513,2025-12-31T18:55:13,0.06
6,90-99,1767178829,2025-12-31T19:00:29,0.06
6,90-99,1767179113,2025-12-31T19:05:13,0.06
6,90-99,1767179412,2025-12-31T19:10:12,0.06
6,90-99,1767179717,2025-12-31T19:15:17,0.06
6,90-99,1767180017,2025-12-31T19:20:17,0.06
6,90-99,1767180312,2025-12-31T19:25:12,0.06
6,90-99,1767180618,2025-12-31T19:30:18,0.06
6,90-99,1767180913,2025-12-31T19:35:13,0.06
6,90-99,1767181212,2025-12-31T19:40:12,0.06
6,90-99,1767181517,2025-12-31T19:45:17,0.06
6,90-99,1767181812,2025-12-31T19:50:12,0.06
6,90-99,1767182112,2025-12-31T19:55:12,0.06
6,90-99,1767182422,2025-12-31T20:00:22,0.06
6,90-99,1767182712,2025-12-31T20:05:12,0.06
6,90-99,1767183033,2025-12-31T20:10:33,0.06
6,90-99,1767183312,2025-12-31T20:15:12,0.06
6,90-99,1767183614,2025-12-31T20:20:14,0.06
6,90-99,1767183912,2025-12-31T20:25:12,0.06
6,90-99,1767184231,2025-12-31T20:30:31,0.06
6,90-99,1767184512,2025-12-31T20:35:12,0.06
6,90-99,1767184832,2025-12-31T20:40:32,0.06
6,90-99,1767185112,2025-12-31T20:45:12,0.06
6,90-99,1767185412,2025-12-31T20:50:12,0.06
6,90-99,1767185712,2025-12-31T20:55:12,0.06
6,90-99,1767186017,2025-12-31T21:00:17,0.06
6,90-99,1767186313,2025-12-31T21:05:13,0.06
6,90-99,1767186630,2025-12-31T21:10:30,0.06
6,90-99,1767186913,2025-12-31T21:15:13,0.06
6,90-99,1767187212,2025-12-31T21:20:12,0.015
6,90-99,1767187512,2025-12-31T21:25:12,0.04
6,90-99,1767187817,2025-12-31T21:30:17,0.06
6,90-99,1767188116,2025-12-31T21:35:16,0.06
6,90-99,1767188413,2025-12-31T21:40:13,0.06
6,90-99,1767188726,2025-12-31T21:45:26,0.06
6,90-99,1767189012,2025-12-31T21:50:12,0.06
6,90-99,1767189313,2025-12-31T21:55:13,0.06
6,90-99,1767189621,2025-12-31T22:00:21,0.07
6,90-99,1767189917,2025-12-31T22:05:17,0.07
6,90-99,1767190227,2025-12-31T22:10:27,0.07
6,90-99,1767190513,2025-12-31T22:15:13,0.07
6,90-99,1767190824,2025-12-31T22:20:24,0.07
6,90-99,1767191113,2025-12-31T22:25:13,0.07
6,90-99,1767191421,2025-12-31T22:30:21,0.07
6,90-99,1767191713,2025-12-31T22:35:13,0.07
6,90-99,1767192013,2025-12-31T22:40:13,0.07
6,90-99,1767192312,2025-12-31T22:45:12,0.07
6,90-99,1767192612,2025-12-31T22:50:12,0.07
6,90-99,1767192932,2025-12-31T22:55:32,0.07
6,90-99,1767193220,2025-12-31T23:00:20,0.07
6,90-99,1767193513,2025-12-31T23:05:13,0.07
6,90-99,1767193813,2025-12-31T23:10:13,0.07
6,90-99,1767194113,2025-12-31T23:15:13,0.07
6,90-99,1767194413,2025-12-31T23:20:13,0.07
6,90-99,1767194716,2025-12-31T23:25:16,0.07
6,90-99,1767195019,2025-12-31T23:30:19,0.07
6,90-99,1767195326,2025-12-31T23:35:26,0.07
6,90-99,1767195612,2025-12-31T23:40:12,0.07
6,90-99,1767195926,2025-12-31T23:45:26,0.07
6,90-99,1767196216,2025-12-31T23:50:16,0.07
6,90-99,1767196519,2025-12-31T23:55:19,0.07
6,90-99,1767196821,2026-01-01T00:00:21,0.07
6,90-99,1767197113,2026-01-01T00:05:13,0.07
6,90-99,1767197413,2026-01-01T00:10:13,0.07
6,90-99,1767197726,2026-01-01T00:15:26,0.07
6,90-99,1767198013,2026-01-01T00:20:13,0.07
6,90-99,1767198316,2026-01-01T00:25:16,0.07
6,90-99,1767198618,2026-01-01T00:30:18,0.07
6,90-99,1767198913,2026-01-01T00:35:13,0.07
6,90-99,1767199213,2026-01-01T00:40:13,0.07
6,90-99,1767199513,2026-01-01T00:45:13,0.07
6,90-99,1767199817,2026-01-01T00:50:17,0.07
6,90-99,1767200113,2026-01-01T00:55:13,0.07
6,90-99,1767200424,2026-01-01T01:00:24,0.07
6,90-99,1767200713,2026-01-01T01:05:13,0.07
6,90-99,1767201017,2026-01-01T01:10:17,0.07
6,90-99,1767201313,2026-01-01T01:15:13,0.07
6,90-99,1767201615,2026-01-01T01:20:15,0.07
6,90-99,1767201913,2026-01-01T01:25:13,0.07
6,90-99,1767202219,2026-01-01T01:30:19,0.07
6,90-99,1767202531,2026-01-01T01:35:31,0.07
6,90-99,1767202813,2026-01-01T01:40:13,0.07
6,90-99,1767203117,2026-01-01T01:45:17,0.07
6,90-99,1767203416,2026-01-01T01:50:16,0.07
6,90-99,1767203713,2026-01-01T01:55:13,0.07
6,90-99,1767204022,2026-01-01T02:00:22,0.07
6,90-99,1767204313,2026-01-01T02:05:13,0.07
6,90-99,1767204617,2026-01-01T02:10:17,0.07
6,90-99,1767204913,2026-01-01T02:15:13,0.07
6,90-99,1767205213,2026-01-01T02:20:13,0.07
6,90-99,1767205513,2026-01-01T02:25:13,0.07
6,90-99,1767205819,2026-01-01T02:30:19,0.07
6,90-99,1767206117,2026-01-01T02:35:17,0.075
6,90-99,1767206413,2026-01-01T02:40:13,0.075
6,90-99,1767206713,2026-01-01T02:45:13,0.07
6,90-99,1767207013,2026-01-01T02:50:13,0.07
6,90-99,1767207313,2026-01-01T02:55:13,0.07
6,90-99,1767207649,2026-01-01T03:00:49,0.07
6,90-99,1767207913,2026-01-01T03:05:13,0.07
6,90-99,1767208214,2026-01-01T03:10:14,0.065
6,90-99,1767208513,2026-01-01T03:15:13,0.065
6,90-99,1767208817,2026-01-01T03:20:17,0.065
6,90-99,1767209113,2026-01-01T03:25:13,0.07
6,90-99,1767209419,2026-01-01T03:30:19,0.07
6,90-99,1767209713,2026-01-01T03:35:13,0.065
6,90-99,1767210013,2026-01-01T03:40:13,0.065
6,90-99,1767210317,2026-01-01T03:45:17,0.065
6,90-99,1767210614,2026-01-01T03:50:14,0.065
6,90-99,1767210913,2026-01-01T03:55:13,0.065
6,90-99,1767211220,2026-01-01T04:00:20,0.06
6,90-99,1767211513,2026-01-01T04:05:13,0.055
6,90-99,1767211818,2026-01-01T04:10:18,0.055
6,90-99,1767212113,2026-01-01T04:15:13,0.065
6,90-99,1767212418,2026-01-01T04:20:18,0.055
6,90-99,1767212726,2026-01-01T04:25:26,0.055
6,90-99,1767213018,2026-01-01T04:30:18,0.045
6,90-99,1767213313,2026-01-01T04:35:13,0.05
6,90-99,1767213613,2026-01-01T04:40:13,0.05
6,90-99,1767213935,2026-01-01T04:45:35,0.075
6,90-99,1767214214,2026-01-01T04:50:14,0.055
6,90-99,1767214513,2026-01-01T04:55:13,0.055
6,90-99,1767214822,2026-01-01T05:00:22,0.055
6,90-99,1767215113,2026-01-01T05:05:13,0.055
6,90-99,1767215413,2026-01-01T05:10:13,0.055
6,90-99,1767215718,2026-01-01T05:15:18,0.055
6,90-99,1767216013,2026-01-01T05:20:13,0.055
6,90-99,1767216313,2026-01-01T05:25:13,0.05
6,90-99,1767216619,2026-01-01T05:30:19,0.055
6,90-99,1767216913,2026-01-01T05:35:13,0.055
6,90-99,1767217236,2026-01-01T05:40:36,0.055
6,90-99,1767217513,2026-01-01T05:45:13,0.065
6,90-99,1767217813,2026-01-01T05:50:13,0.06
6,90-99,1767218113,2026-01-01T05:55:13,0.065
6,90-99,1767218419,2026-01-01T06:00:19,0.05
6,90-99,1767218713,2026-01-01T06:05:13,0.045
6,90-99,1767219017,2026-01-01T06:10:17,0.045
6,90-99,1767219328,2026-01-01T06:15:28,0.05
6,90-99,1767219613,2026-01-01T06:20:13,0.07
6,90-99,1767219913,2026-01-01T06:25:13,0.045
6,90-99,1767220219,2026-01-01T06:30:19,0.05
6,90-99,1767220545,2026-01-01T06:35:45,0.055
6,90-99,1767220813,2026-01-01T06:40:13,0.05
6,90-99,1767221113,2026-01-01T06:45:13,0.06
6,90-99,1767221417,2026-01-01T06:50:17,0.07
6,90-99,1767221713,2026-01-01T06:55:13,0.065
6,90-99,1767222019,2026-01-01T07:00:19,0.06
6,90-99,1767222325,2026-01-01T07:05:25,0.05
6,90-99,1767222613,2026-01-01T07:10:13,0.06
6,90-99,1767222918,2026-01-01T07:15:18,0.045
6,90-99,1767223213,2026-01-01T07:20:13,0.055
6,90-99,1767223513,2026-01-01T07:25:13,0.045
6,90-99,1767223818,2026-01-01T07:30:18,0.05
6,90-99,1767224113,2026-01-01T07:35:13,0.045
6,90-99,1767224417,2026-01-01T07:40:17,0.055
6,90-99,1767224713,2026-01-01T07:45:13,0.055
6,90-99,1767225023,2026-01-01T07:50:23,0.06
6,90-99,1767225312,2026-01-01T07:55:12,0.055
6,90-99,1767225622,2026-01-01T08:00:22,0.06
6,90-99,1767225912,2026-01-01T08:05:12,0.05
6,90-99,1767226212,2026-01-01T08:10:12,0.06
6,90-99,1767226512,2026-01-01T08:15:12,0.055
6,90-99,1767226812,2026-01-01T08:20:12,0.055
6,90-99,1767227112,2026-01-01T08:25:12,0.055
6,90-99,1767227418,2026-01-01T08:30:18,0.065
6,90-99,1767227712,2026-01-01T08:35:12,0.065
6,90-99,1767228012,2026-01-01T08:40:12,0.005
6,90-99,1767228312,2026-01-01T08:45:12,0.005
6,90-99,1767228616,2026-01-01T08:50:16,0.005
6,90-99,1767228912,2026-01-01T08:55:12,0.006
6,90-99,1767229218,2026-01-01T09:00:18,0.006
6,90-99,1767229512,2026-01-01T09:05:12,0.006
6,90-99,1767229812,2026-01-01T09:10:12,0.006
6,90-99,1767230112,2026-01-01T09:15:12,0.006
6,90-99,1767230412,2026-01-01T09:20:12,0.007
6,90-99,1767230712,2026-01-01T09:25:12,0.007
6,90-99,1767231017,2026-01-01T09:30:17,0.007
6,90-99,1767231312,2026-01-01T09:35:12,0.007
6,90-99,1767231626,2026-01-01T09:40:26,0.007
6,90-99,1767231912,2026-01-01T09:45:12,0.007
6,90-99,1767232212,2026-01-01T09:50:12,0.007
6,90-99,1767232512,2026-01-01T09:55:12,0.007
6,90-99,1767232818,2026-01-01T10:00:18,0.007
6,90-99,1767233113,2026-01-01T10:05:13,0.007
6,90-99,1767233428,2026-01-01T10:10:28,0.007
6,90-99,1767233712,2026-01-01T10:15:12,0.007
6,90-99,1767234012,2026-01-01T10:20:12,0.007
6,90-99,1767234313,2026-01-01T10:25:13,0.007
6,90-99,1767234630,2026-01-01T10:30:30,0.007
6,90-99,1767234912,2026-01-01T10:35:12,0.007
6,90-99,1767235212,2026-01-01T10:40:12,0.007
6,90-99,1767235512,2026-01-01T10:45:12,0.007
6,90-99,1767235812,2026-01-01T10:50:12,0.007
6,90-99,1767236112,2026-01-01T10:55:12,0.007
6,90-99,1767236419,2026-01-01T11:00:19,0.007
6,90-99,1767236712,2026-01-01T11:05:12,0.007
6,90-99,1767237012,2026-01-01T11:10:12,0.007
6,90-99,1767237312,2026-01-01T11:15:12,0.007
6,90-99,1767237625,2026-01-01T11:20:25,0.007
6,90-99,1767237913,2026-01-01T11:25:13,0.007
6,90-99,1767238217,2026-01-01T11:30:17,0.007
6,90-99,1767238525,2026-01-01T11:35:25,0.007
6,90-99,1767238812,2026-01-01T11:40:12,0.007
6,90-99,1767239125,2026-01-01T11:45:25,0.007
6,90-99,1767239412,2026-01-01T11:50:12,0.007
6,90-99,1767239712,2026-01-01T11:55:12,0.007
6,90-99,1767240033,2026-01-01T12:00:33,0.007
6,90-99,1767240312,2026-01-01T12:05:12,0.007
6,90-99,1767240626,2026-01-01T12:10:26,0.007
6,90-99,1767240913,2026-01-01T12:15:13,0.007
6,90-99,1767241225,2026-01-01T12:20:25,0.007
6,90-99,1767241512,2026-01-01T12:25:12,0.007
6,90-99,1767241817,2026-01-01T12:30:17,0.007
6,90-99,1767242112,2026-01-01T12:35:12,0.007
6,90-99,1767242413,2026-01-01T12:40:13,0.007
6,90-99,1767242711,2026-01-01T12:45:11,0.007
6,90-99,1767243014,2026-01-01T12:50:14,0.007
6,90-99,1767243312,2026-01-01T12:55:12,0.007
6,90-99,1767243617,2026-01-01T13:00:17,0.007
6,90-99,1767243913,2026-01-01T13:05:13,0.007
6,90-99,1767244212,2026-01-01T13:10:12,0.007
6,90-99,1767244512,2026-01-01T13:15:12,0.007
6,90-99,1767244812,2026-01-01T13:20:12,0.007
6,90-99,1767245112,2026-01-01T13:25:12,0.007
6,90-99,1767245433,2026-01-01T13:30:33,0.007
6,90-99,1767245712,2026-01-01T13:35:12,0.007
6,90-99,1767246012,2026-01-01T13:40:12,0.007
6,90-99,1767246312,2026-01-01T13:45:12,0.007
6,90-99,1767246612,2026-01-01T13:50:12,0.007
6,90-99,1767246913,2026-01-01T13:55:13,0.007
6,90-99,1767247221,2026-01-01T14:00:21,0.007
6,90-99,1767247512,2026-01-01T14:05:12,0.007
6,90-99,1767247812,2026-01-01T14:10:12,0.007
6,90-99,1767248112,2026-01-01T14:15:12,0.007
6,90-99,1767248432,2026-01-01T14:20:32,0.007
6,90-99,1767248712,2026-01-01T14:25:12,0.007
6,90-99,1767249017,2026-01-01T14:30:17,0.007
6,90-99,1767249332,2026-01-01T14:35:32,0.007
6,90-99,1767249623,2026-01-01T14:40:23,0.007
6,90-99,1767249912,2026-01-01T14:45:12,0.007
6,90-99,1767250212,2026-01-01T14:50:12,0.007
6,90-99,1767250512,2026-01-01T14:55:12,0.007
6,90-99,1767250818,2026-01-01T15:00:18,0.007
6,90-99,1767251113,2026-01-01T15:05:13,0.007
6,90-99,1767251412,2026-01-01T15:10:12,0.007
6,90-99,1767251712,2026-01-01T15:15:12,0.007
6,90-99,1767252024,2026-01-01T15:20:24,0.007
6,90-99,1767252312,2026-01-01T15:25:12,0.0075
6,90-99,1767252634,2026-01-01T15:30:34,0.008
6,90-99,1767252912,2026-01-01T15:35:12,0.008
6,90-99,1767253214,2026-01-01T15:40:14,0.008
6,90-99,1767253512,2026-01-01T15:45:12,0.008
6,90-99,1767253814,2026-01-01T15:50:14,0.008
6,90-99,1767254113,2026-01-01T15:55:13,0.008
6,90-99,1767254416,2026-01-01T16:00:16,0.008
6,90-99,1767254711,2026-01-01T16:05:11,0.008
6,90-99,1767255012,2026-01-01T16:10:12,0.008
6,90-99,1767255312,2026-01-01T16:15:12,0.008
6,90-99,1767255613,2026-01-01T16:20:13,0.008
6,90-99,1767255912,2026-01-01T16:25:12,0.008
6,90-99,1767256216,2026-01-01T16:30:16,0.008
6,90-99,1767256511,2026-01-01T16:35:11,0.008
6,90-99,1767256811,2026-01-01T16:40:11,0.008
6,90-99,1767257130,2026-01-01T16:45:30,0.008
6,90-99,1767257411,2026-01-01T16:50:11,0.008
6,90-99,1767257713,2026-01-01T16:55:13,0.008
6,90-99,1767258020,2026-01-01T17:00:20,0.008
6,90-99,1767258311,2026-01-01T17:05:11,0.008
6,90-99,1767258611,2026-01-01T17:10:11,0.008
6,90-99,1767258911,2026-01-01T17:15:11,0.008
6,90-99,1767259213,2026-01-01T17:20:13,0.008
6,90-99,1767259511,2026-01-01T17:25:11,0.008
6,90-99,1767259816,2026-01-01T17:30:16,0.008
6,90-99,1767260111,2026-01-01T17:35:11,0.008
6,90-99,1767260411,2026-01-01T17:40:11,0.008
6,90-99,1767260729,2026-01-01T17:45:29,0.008
6,90-99,1767261011,2026-01-01T17:50:11,0.008
6,90-99,1767261311,2026-01-01T17:55:11,0.008
6,90-99,1767261619,2026-01-01T18:00:19,0.008
6,90-99,1767261911,2026-01-01T18:05:11,0.008
6,90-99,1767262211,2026-01-01T18:10:11,0.008
6,90-99,1767262511,2026-01-01T18:15:11,0.008
6,90-99,1767262811,2026-01-01T18:20:11,0.008
6,90-99,1767263113,2026-01-01T18:25:13,0.008
6,90-99,1767263415,2026-01-01T18:30:15,0.008
6,90-99,1767263710,2026-01-01T18:35:10,0.008
6,90-99,1767264010,2026-01-01T18:40:10,0.06
6,90-99,1767264328,2026-01-01T18:45:28,0.051
6,90-99,1767264611,2026-01-01T18:50:11,0.049
6,90-99,1767264911,2026-01-01T18:55:11,0.0475
6,90-99,1767265216,2026-01-01T19:00:16,0.0475
6,90-99,1767265511,2026-01-01T19:05:11,0.058
6,90-99,1767265842,2026-01-01T19:10:42,0.057
6,90-99,1767266111,2026-01-01T19:15:11,0.056
6,90-99,1767266411,2026-01-01T19:20:11,0.055
6,90-99,1767266725,2026-01-01T19:25:25,0.0545
6,90-99,1767267015,2026-01-01T19:30:15,0.053
6,90-99,1767267311,2026-01-01T19:35:11,0.03
6,90-99,1767267613,2026-01-01T19:40:13,0.0305
6,90-99,1767267911,2026-01-01T19:45:11,0.06
6,90-99,1767268211,2026-01-01T19:50:11,0.035
6,90-99,1767268526,2026-01-01T19:55:26,0.035
6,90-99,1767268824,2026-01-01T20:00:24,0.0555
6,90-99,1767269111,2026-01-01T20:05:11,0.0155
6,90-99,1767269411,2026-01-01T20:10:11,0.0155
6,90-99,1767269726,2026-01-01T20:15:26,0.0155
6,90-99,1767270034,2026-01-01T20:20:34,0.015
6,90-99,1767270313,2026-01-01T20:25:13,0.0155
6,90-99,1767270615,2026-01-01T20:30:15,0.0605
6,90-99,1767270922,2026-01-01T20:35:22,0.0605
6,90-99,1767271210,2026-01-01T20:40:10,0.0605
6,90-99,1767271510,2026-01-01T20:45:10,0.0605
6,90-99,1767271813,2026-01-01T20:50:13,0.0735
6,90-99,1767272110,2026-01-01T20:55:10,0.075
6,90-99,1767272443,2026-01-01T21:00:43,0.0455
6,90-99,1767272711,2026-01-01T21:05:11,0.0455
6,90-99,1767273011,2026-01-01T21:10:11,0.0455
6,90-99,1767273311,2026-01-01T21:15:11,0.0455
6,90-99,1767273621,2026-01-01T21:20:21,0.0455
6,90-99,1767273910,2026-01-01T21:25:10,0.0455
6,90-99,1767274218,2026-01-01T21:30:18,0.0455
6,90-99,1767274525,2026-01-01T21:35:25,0.0455
6,90-99,1767274811,2026-01-01T21:40:11,0.0455
6,90-99,1767275113,2026-01-01T21:45:13,0.0455
6,90-99,1767275410,2026-01-01T21:50:10,0.0455
6,90-99,1767275715,2026-01-01T21:55:15,0.0435
6,90-99,1767276015,2026-01-01T22:00:15,0.043
6,90-99,1767276311,2026-01-01T22:05:11,0.043
6,90-99,1767276611,2026-01-01T22:10:11,0.043
6,90-99,1767276925,2026-01-01T22:15:25,0.043
6,90-99,1767277227,2026-01-01T22:20:27,0.043
6,90-99,1767277514,2026-01-01T22:25:14,0.043
6,90-99,1767277815,2026-01-01T22:30:15,0.0425
6,90-99,1767278114,2026-01-01T22:35:14,0.0425
6,90-99,1767278411,2026-01-01T22:40:11,0.043
6,90-99,1767278711,2026-01-01T22:45:11,0.043
6,90-99,1767279011,2026-01-01T22:50:11,0.043
6,90-99,1767279311,2026-01-01T22:55:11,0.043
6,90-99,1767279620,2026-01-01T23:00:20,0.043
6,90-99,1767279911,2026-01-01T23:05:11,0.043
6,90-99,1767280211,2026-01-01T23:10:11,0.0425
6,90-99,1767280511,2026-01-01T23:15:11,0.0425
6,90-99,1767280811,2026-01-01T23:20:11,0.0425
6,90-99,1767281114,2026-01-01T23:25:14,0.0425
6,90-99,1767281416,2026-01-01T23:30:16,0.043
6,90-99,1767281711,2026-01-01T23:35:11,0.043
6,90-99,1767282011,2026-01-01T23:40:11,0.043
6,90-99,1767282311,2026-01-01T23:45:11,0.043
6,90-99,1767282646,2026-01-01T23:50:46,0.043
6,90-99,1767282911,2026-01-01T23:55:11,0.043
6,90-99,1767283216,2026-01-02T00:00:16,0.043
6,90-99,1767283511,2026-01-02T00:05:11,0.043
6,90-99,1767283811,2026-01-02T00:10:11,0.043
6,90-99,1767284112,2026-01-02T00:15:12,0.043
6,90-99,1767284414,2026-01-02T00:20:14,0.038
6,90-99,1767284711,2026-01-02T00:25:11,0.038
6,90-99,1767285015,2026-01-02T00:30:15,0.038
6,90-99,1767285311,2026-01-02T00:35:11,0.0385
6,90-99,1767285611,2026-01-02T00:40:11,0.0385
6,90-99,1767285915,2026-01-02T00:45:15,0.0385
6,90-99,1767286211,2026-01-02T00:50:11,0.0385
6,90-99,1767286511,2026-01-02T00:55:11,0.0385
6,90-99,1767286821,2026-01-02T01:00:21,0.0385
6,90-99,1767287129,2026-01-02T01:05:29,0.0385
6,90-99,1767287411,2026-01-02T01:10:11,0.0385
6,90-99,1767287711,2026-01-02T01:15:11,0.038
6,90-99,1767288011,2026-01-02T01:20:11,0.038
6,90-99,1767288326,2026-01-02T01:25:26,0.0385
6,90-99,1767288616,2026-01-02T01:30:16,0.038
6,90-99,1767288915,2026-01-02T01:35:15,0.038
6,90-99,1767289211,2026-01-02T01:40:11,0.038
6,90-99,1767289511,2026-01-02T01:45:11,0.038
6,90-99,1767289811,2026-01-02T01:50:11,0.038
6,90-99,1767290115,2026-01-02T01:55:15,0.0385
6,90-99,1767290419,2026-01-02T02:00:19,0.039
6,90-99,1767290711,2026-01-02T02:05:11,0.039
6,90-99,1767291011,2026-01-02T02:10:11,0.039
6,90-99,1767291311,2026-01-02T02:15:11,0.039
6,90-99,1767291615,2026-01-02T02:20:15,0.039
6,90-99,1767291911,2026-01-02T02:25:11,0.039
6,90-99,1767292215,2026-01-02T02:30:15,0.039
6,90-99,1767292511,2026-01-02T02:35:11,0.0725
6,90-99,1767292824,2026-01-02T02:40:24,0.072
6,90-99,1767293127,2026-01-02T02:45:27,0.063
6,90-99,1767293412,2026-01-02T02:50:12,0.064
6,90-99,1767293710,2026-01-02T02:55:10,0.046
6,90-99,1767294016,2026-01-02T03:00:16,0.0475
6,90-99,1767294314,2026-01-02T03:05:14,0.0475
6,90-99,1767294612,2026-01-02T03:10:12,0.0485
6,90-99,1767294911,2026-01-02T03:15:11,0.042
6,90-99,1767295211,2026-01-02T03:20:11,0.0425
6,90-99,1767295511,2026-01-02T03:25:11,0.0405
6,90-99,1767295834,2026-01-02T03:30:34,0.0415
6,90-99,1767296111,2026-01-02T03:35:11,0.0425
6,90-99,1767296411,2026-01-02T03:40:11,0.0375
6,90-99,1767296711,2026-01-02T03:45:11,0.036
6,90-99,1767297016,2026-01-02T03:50:16,0.028
6,90-99,1767297322,2026-01-02T03:55:22,0.0275
6,90-99,1767297629,2026-01-02T04:00:29,0.0365
6,90-99,1767297911,2026-01-02T04:05:11,0.0425
6,90-99,1767298212,2026-01-02T04:10:12,0.0435
6,90-99,1767298515,2026-01-02T04:15:15,0.0455
6,90-99,1767298824,2026-01-02T04:20:24,0.044
6,90-99,1767299111,2026-01-02T04:25:11,0.044
6,90-99,1767299431,2026-01-02T04:30:31,0.044
6,90-99,1767299724,2026-01-02T04:35:24,0.044
6,90-99,1767300030,2026-01-02T04:40:30,0.044
6,90-99,1767300312,2026-01-02T04:45:12,0.044
6,90-99,1767300611,2026-01-02T04:50:11,0.044
6,90-99,1767300912,2026-01-02T04:55:12,0.044
6,90-99,1767301218,2026-01-02T05:00:18,0.044
6,90-99,1767301511,2026-01-02T05:05:11,0.044
6,90-99,1767301816,2026-01-02T05:10:16,0.044
6,90-99,1767302111,2026-01-02T05:15:11,0.028
6,90-99,1767302411,2026-01-02T05:20:11,0.028
6,90-99,1767302711,2026-01-02T05:25:11,0.04
6,90-99,1767303016,2026-01-02T05:30:16,0.045
6,90-99,1767303315,2026-01-02T05:35:15,0.0455
6,90-99,1767303611,2026-01-02T05:40:11,0.0435
6,90-99,1767303911,2026-01-02T05:45:11,0.0435
6,90-99,1767304211,2026-01-02T05:50:11,0.044
6,90-99,1767304511,2026-01-02T05:55:11,0.044
6,90-99,1767304834,2026-01-02T06:00:34,0.0375
6,90-99,1767305111,2026-01-02T06:05:11,0.043
6,90-99,1767305411,2026-01-02T06:10:11,0.0375
6,90-99,1767305711,2026-01-02T06:15:11,0.0375
6,90-99,1767306011,2026-01-02T06:20:11,0.0375
6,90-99,1767306311,2026-01-02T06:25:11,0.0385
6,90-99,1767306620,2026-01-02T06:30:20,0.039
6,90-99,1767306911,2026-01-02T06:35:11,0.0385
6,90-99,1767307211,2026-01-02T06:40:11,0.038
6,90-99,1767307511,2026-01-02T06:45:11,0.0375
6,90-99,1767307811,2026-01-02T06:50:11,0.041
6,90-99,1767308115,2026-01-02T06:55:15,0.0375
6,90-99,1767308417,2026-01-02T07:00:17,0.0375
6,90-99,1767308730,2026-01-02T07:05:30,0.0435
6,90-99,1767309011,2026-01-02T07:10:11,0.042
6,90-99,1767309311,2026-01-02T07:15:11,0.042
6,90-99,1767309611,2026-01-02T07:20:11,0.0415
6,90-99,1767309911,2026-01-02T07:25:11,0.044
6,90-99,1767310217,2026-01-02T07:30:17,0.044
6,90-99,1767310525,2026-01-02T07:35:25,0.044
6,90-99,1767310811,2026-01-02T07:40:11,0.039
6,90-99,1767311115,2026-01-02T07:45:15,0.0365
6,90-99,1767311411,2026-01-02T07:50:11,0.0455
6,90-99,1767311712,2026-01-02T07:55:12,0.044
6,90-99,1767312021,2026-01-02T08:00:21,0.044
6,90-99,1767312311,2026-01-02T08:05:11,0.0435
6,90-99,1767312615,2026-01-02T08:10:15,0.0435
6,90-99,1767312911,2026-01-02T08:15:11,0.0435
6,90-99,1767313211,2026-01-02T08:20:11,0.0435
6,90-99,1767313514,2026-01-02T08:25:14,0.0435
6,90-99,1767313830,2026-01-02T08:30:30,0.0735
6,90-99,1767314111,2026-01-02T08:35:11,0.0735
6,90-99,1767314412,2026-01-02T08:40:12,0.0715
6,90-99,1767314711,2026-01-02T08:45:11,0.0715
6,90-99,1767315015,2026-01-02T08:50:15,0.0715
6,90-99,1767315311,2026-01-02T08:55:11,0.075
6,90-99,1767315616,2026-01-02T09:00:16,0.075
6,90-99,1767315911,2026-01-02T09:05:11,0.0755
6,90-99,1767316211,2026-01-02T09:10:11,0.0715
6,90-99,1767316514,2026-01-02T09:15:14,0.0715
6,90-99,1767316811,2026-01-02T09:20:11,0.0715
6,90-99,1767317111,2026-01-02T09:25:11,0.0715
6,90-99,1767317416,2026-01-02T09:30:16,0.0715
6,90-99,1767317711,2026-01-02T09:35:11,0.0715
6,90-99,1767318015,2026-01-02T09:40:15,0.0615
6,90-99,1767318311,2026-01-02T09:45:11,0.0555
6,90-99,1767318611,2026-01-02T09:50:11,0.06
6,90-99,1767318912,2026-01-02T09:55:12,0.0715
6,90-99,1767319217,2026-01-02T10:00:17,0.07
6,90-99,1767319528,2026-01-02T10:05:28,0.071
6,90-99,1767319826,2026-01-02T10:10:26,0.0705
6,90-99,1767320114,2026-01-02T10:15:14,0.0715
6,90-99,1767320411,2026-01-02T10:20:11,0.0715
6,90-99,1767320712,2026-01-02T10:25:12,0.0715
6,90-99,1767321016,2026-01-02T10:30:16,0.0705
6,90-99,1767321328,2026-01-02T10:35:28,0.07
6,90-99,1767321622,2026-01-02T10:40:22,0.0705
6,90-99,1767321911,2026-01-02T10:45:11,0.0715
6,90-99,1767322226,2026-01-02T10:50:26,0.0715
6,90-99,1767322511,2026-01-02T10:55:11,0.0715
6,90-99,1767322837,2026-01-02T11:00:37,0.071
6,90-99,1767323111,2026-01-02T11:05:11,0.0715
6,90-99,1767323411,2026-01-02T11:10:11,0.0695
6,90-99,1767323711,2026-01-02T11:15:11,0.0715
6,90-99,1767324011,2026-01-02T11:20:11,0.069
6,90-99,1767324311,2026-01-02T11:25:11,0.0715
6,90-99,1767324618,2026-01-02T11:30:18,0.0695
6,90-99,1767324911,2026-01-02T11:35:11,0.0715
6,90-99,1767325211,2026-01-02T11:40:11,0.0685
6,90-99,1767325529,2026-01-02T11:45:29,0.0705
6,90-99,1767325811,2026-01-02T11:50:11,0.071
6,90-99,1767326111,2026-01-02T11:55:11,0.0715
6,90-99,1767326415,2026-01-02T12:00:15,0.072
6,90-99,1767326711,2026-01-02T12:05:11,0.071
6,90-99,1767327011,2026-01-02T12:10:11,0.0695
6,90-99,1767327314,2026-01-02T12:15:14,0.0715
6,90-99,1767327611,2026-01-02T12:20:11,0.072
6,90-99,1767327911,2026-01-02T12:25:11,0.072
6,90-99,1767328216,2026-01-02T12:30:16,0.072
6,90-99,1767328511,2026-01-02T12:35:11,0.073
6,90-99,1767328814,2026-01-02T12:40:14,0.072
6,90-99,1767329111,2026-01-02T12:45:11,0.072
6,90-99,1767329412,2026-01-02T12:50:12,0.072
6,90-99,1767329711,2026-01-02T12:55:11,0.072
6,90-99,1767330017,2026-01-02T13:00:17,0.072
6,90-99,1767330314,2026-01-02T13:05:14,0.072
6,90-99,1767330614,2026-01-02T13:10:14,0.0715
6,90-99,1767330911,2026-01-02T13:15:11,0.0705
6,90-99,1767331215,2026-01-02T13:20:15,0.0715
6,90-99,1767331526,2026-01-02T13:25:26,0.0715
6,90-99,1767331816,2026-01-02T13:30:16,0.07
6,90-99,1767332112,2026-01-02T13:35:12,0.0695
6,90-99,1767332411,2026-01-02T13:40:11,0.0695
6,90-99,1767332740,2026-01-02T13:45:40,0.0705
6,90-99,1767333029,2026-01-02T13:50:29,0.0695
6,90-99,1767333323,2026-01-02T13:55:23,0.071
6,90-99,1767333618,2026-01-02T14:00:18,0.0705
6,90-99,1767333911,2026-01-02T14:05:11,0.07
6,90-99,1767334211,2026-01-02T14:10:11,0.0705
6,90-99,1767334512,2026-01-02T14:15:12,0.0715
6,90-99,1767334825,2026-01-02T14:20:25,0.0715
6,90-99,1767335120,2026-01-02T14:25:20,0.0715
6,90-99,1767335417,2026-01-02T14:30:17,0.0715
6,90-99,1767335712,2026-01-02T14:35:12,0.0715
6,90-99,1767336015,2026-01-02T14:40:15,0.0715
6,90-99,1767336311,2026-01-02T14:45:11,0.0705
6,90-99,1767336612,2026-01-02T14:50:12,0.064
6,90-99,1767336911,2026-01-02T14:55:11,0.0635
6,90-99,1767337216,2026-01-02T15:00:16,0.051
6,90-99,1767337515,2026-01-02T15:05:15,0.029
6,90-99,1767337811,2026-01-02T15:10:11,0.07
6,90-99,1767338111,2026-01-02T15:15:11,0.052
6,90-99,1767338412,2026-01-02T15:20:12,0.0185
6,90-99,1767338711,2026-01-02T15:25:11,0.0185
6,90-99,1767339035,2026-01-02T15:30:35,0.02
6,90-99,1767339311,2026-01-02T15:35:11,0.02
6,90-99,1767339612,2026-01-02T15:40:12,0.0165
6,90-99,1767339911,2026-01-02T15:45:11,0.0165
6,90-99,1767340212,2026-01-02T15:50:12,0.0165
6,90-99,1767340511,2026-01-02T15:55:11,0.0165
6,90-99,1767340820,2026-01-02T16:00:20,0.0165
6,90-99,1767341111,2026-01-02T16:05:11,0.0165
6,90-99,1767341412,2026-01-02T16:10:12,0.0165
6,90-99,1767341715,2026-01-02T16:15:15,0.0165
6,90-99,1767342011,2026-01-02T16:20:11,0.0165
6,90-99,1767342311,2026-01-02T16:25:11,0.045
6,90-99,1767342616,2026-01-02T16:30:16,0.0425
6,90-99,1767342911,2026-01-02T16:35:11,0.0245
6,90-99,1767343214,2026-01-02T16:40:14,0.0205
6,90-99,1767343511,2026-01-02T16:45:11,0.0205
6,90-99,1767343827,2026-01-02T16:50:27,0.0205
6,90-99,1767344111,2026-01-02T16:55:11,0.0205
6,90-99,1767344419,2026-01-02T17:00:19,0.0205
6,90-99,1767344715,2026-01-02T17:05:15,0.0205
6,90-99,1767345011,2026-01-02T17:10:11,0.0205
6,90-99,1767345312,2026-01-02T17:15:12,0.021
6,90-99,1767345611,2026-01-02T17:20:11,0.021
6,90-99,1767345911,2026-01-02T17:25:11,0.021
6,90-99,1767346220,2026-01-02T17:30:20,0.021
6,90-99,1767346511,2026-01-02T17:35:11,0.021
6,90-99,1767346811,2026-01-02T17:40:11,0.021
6,90-99,1767347119,2026-01-02T17:45:19,0.021
6,90-99,1767347411,2026-01-02T17:50:11,0.021
6,90-99,1767347711,2026-01-02T17:55:11,0.021
6,90-99,1767348019,2026-01-02T18:00:19,0.035
6,90-99,1767348322,2026-01-02T18:05:22,0.035
6,90-99,1767348628,2026-01-02T18:10:28,0.0495
6,90-99,1767348911,2026-01-02T18:15:11,0.0495
6,90-99,1767349212,2026-01-02T18:20:12,0.0435
6,90-99,1767349515,2026-01-02T18:25:15,0.047
6,90-99,1767349816,2026-01-02T18:30:16,0.047
6,90-99,1767350125,2026-01-02T18:35:25,0.0475
6,90-99,1767350411,2026-01-02T18:40:11,0.0475
6,90-99,1767350711,2026-01-02T18:45:11,0.0475
6,90-99,1767351015,2026-01-02T18:50:15,0.0475
6,90-99,1767351311,2026-01-02T18:55:11,0.046
6,90-99,1767351618,2026-01-02T19:00:18,0.046
6,90-99,1767351911,2026-01-02T19:05:11,0.0475
6,90-99,1767352212,2026-01-02T19:10:12,0.049
6,90-99,1767352515,2026-01-02T19:15:15,0.056
6,90-99,1767352811,2026-01-02T19:20:11,0.0565
6,90-99,1767353124,2026-01-02T19:25:24,0.0565
6,90-99,1767353419,2026-01-02T19:30:19,0.0565
6,90-99,1767353712,2026-01-02T19:35:12,0.0565
6,90-99,1767354012,2026-01-02T19:40:12,0.0565
6,90-99,1767354311,2026-01-02T19:45:11,0.056
6,90-99,1767354626,2026-01-02T19:50:26,0.0555
6,90-99,1767354912,2026-01-02T19:55:12,0.0555
6,90-99,1767355221,2026-01-02T20:00:21,0.05
6,90-99,1767355511,2026-01-02T20:05:11,0.0475
6,90-99,1767355811,2026-01-02T20:10:11,0.0475
6,90-99,1767356115,2026-01-02T20:15:15,0.0325
6,90-99,1767356413,2026-01-02T20:20:13,0.0315
6,90-99,1767356711,2026-01-02T20:25:11,0.0315
6,90-99,1767357016,2026-01-02T20:30:16,0.0295
6,90-99,1767357311,2026-01-02T20:35:11,0.026
6,90-99,1767357614,2026-01-02T20:40:14,0.026
6,90-99,1767357924,2026-01-02T20:45:24,0.026
6,90-99,1767358211,2026-01-02T20:50:11,0.026
6,90-99,1767358511,2026-01-02T20:55:11,0.041
6,90-99,1767358816,2026-01-02T21:00:16,0.041
6,90-99,1767359114,2026-01-02T21:05:14,0.041
6,90-99,1767359425,2026-01-02T21:10:25,0.0405
6,90-99,1767359712,2026-01-02T21:15:12,0.04
6,90-99,1767360025,2026-01-02T21:20:25,0.0695
6,90-99,1767360322,2026-01-02T21:25:22,0.068
6,90-99,1767360619,2026-01-02T21:30:19,0.067
6,90-99,1767360922,2026-01-02T21:35:22,0.065
6,90-99,1767361212,2026-01-02T21:40:12,0.066
6,90-99,1767361512,2026-01-02T21:45:12,0.065
6,90-99,1767361811,2026-01-02T21:50:11,0.0655
6,90-99,1767362129,2026-01-02T21:55:29,0.065
6,90-99,1767362417,2026-01-02T22:00:17,0.0635
6,90-99,1767362712,2026-01-02T22:05:12,0.0475
6,90-99,1767363011,2026-01-02T22:10:11,0.0385
6,90-99,1767363324,2026-01-02T22:15:24,0.039
6,90-99,1767363632,2026-01-02T22:20:32,0.0395
6,90-99,1767363912,2026-01-02T22:25:12,0.04
6,90-99,1767364216,2026-01-02T22:30:16,0.039
6,90-99,1767364511,2026-01-02T22:35:11,0.0395
6,90-99,1767364812,2026-01-02T22:40:12,0.0365
6,90-99,1767365128,2026-01-02T22:45:28,0.035
6,90-99,1767365411,2026-01-02T22:50:11,0.0355
6,90-99,1767365711,2026-01-02T22:55:11,0.036
6,90-99,1767366020,2026-01-02T23:00:20,0.034
6,90-99,1767366312,2026-01-02T23:05:12,0.0345
6,90-99,1767366615,2026-01-02T23:10:15,0.035
6,90-99,1767366912,2026-01-02T23:15:12,0.035
6,90-99,1767367212,2026-01-02T23:20:12,0.0355
6,90-99,1767367512,2026-01-02T23:25:12,0.0355
6,90-99,1767367816,2026-01-02T23:30:16,0.036
6,90-99,1767368141,2026-01-02T23:35:41,0.0365
6,90-99,1767368411,2026-01-02T23:40:11,0.037
6,90-99,1767368711,2026-01-02T23:45:11,0.0375
6,90-99,1767369011,2026-01-02T23:50:11,0.038
6,90-99,1767369312,2026-01-02T23:55:12,0.0385
6,90-99,1767369618,2026-01-03T00:00:18,0.0335
6,90-99,1767369915,2026-01-03T00:05:15,0.034
6,90-99,1767370212,2026-01-03T00:10:12,0.0345
6,90-99,1767370512,2026-01-03T00:15:12,0.0335
6,90-99,1767370815,2026-01-03T00:20:15,0.034
6,90-99,1767371112,2026-01-03T00:25:12,0.0365
6,90-99,1767371416,2026-01-03T00:30:16,0.053
6,90-99,1767371712,2026-01-03T00:35:12,0.053
6,90-99,1767372011,2026-01-03T00:40:11,0.038
6,90-99,1767372316,2026-01-03T00:45:16,0.0395
6,90-99,1767372624,2026-01-03T00:50:24,0.035
6,90-99,1767372911,2026-01-03T00:55:11,0.033
6,90-99,1767373221,2026-01-03T01:00:21,0.0275
6,90-99,1767373512,2026-01-03T01:05:12,0.027
6,90-99,1767373814,2026-01-03T01:10:14,0.0275
6,90-99,1767374112,2026-01-03T01:15:12,0.0265
6,90-99,1767374414,2026-01-03T01:20:14,0.026
6,90-99,1767374713,2026-01-03T01:25:13,0.026
6,90-99,1767375017,2026-01-03T01:30:17,0.0255
6,90-99,1767375330,2026-01-03T01:35:30,0.01
6,90-99,1767375615,2026-01-03T01:40:15,0.009
6,90-99,1767375913,2026-01-03T01:45:13,0.009
6,90-99,1767376226,2026-01-03T01:50:26,0.009
6,90-99,1767376512,2026-01-03T01:55:12,0.008
6,90-99,1767376834,2026-01-03T02:00:34,0.008
6,90-99,1767377115,2026-01-03T02:05:15,0.008
6,90-99,1767377412,2026-01-03T02:10:12,0.008
6,90-99,1767377726,2026-01-03T02:15:26,0.008
6,90-99,1767378012,2026-01-03T02:20:12,0.0105
6,90-99,1767378312,2026-01-03T02:25:12,0.01
6,90-99,1767378620,2026-01-03T02:30:20,0.01
6,90-99,1767378927,2026-01-03T02:35:27,0.01
6,90-99,1767379227,2026-01-03T02:40:27,0.01
6,90-99,1767379512,2026-01-03T02:45:12,0.01
6,90-99,1767379812,2026-01-03T02:50:12,0.01
6,90-99,1767380115,2026-01-03T02:55:15,0.01
6,90-99,1767380420,2026-01-03T03:00:20,0.01
6,90-99,1767380712,2026-01-03T03:05:12,0.0095
6,90-99,1767381013,2026-01-03T03:10:13,0.009
6,90-99,1767381311,2026-01-03T03:15:11,0.009
6,90-99,1767381612,2026-01-03T03:20:12,0.0095
6,90-99,1767381916,2026-01-03T03:25:16,0.01
6,90-99,1767382217,2026-01-03T03:30:17,0.009
6,90-99,1767382511,2026-01-03T03:35:11,0.009
6,90-99,1767382811,2026-01-03T03:40:11,0.0085
6,90-99,1767383112,2026-01-03T03:45:12,0.007
6,90-99,1767383428,2026-01-03T03:50:28,0.006
6,90-99,1767383711,2026-01-03T03:55:11,0.0025
6,90-99,1767384019,2026-01-03T04:00:19,0.0005
6,90-99,1767384312,2026-01-03T04:05:12,0.0005
6,90-99,1767384612,2026-01-03T04:10:12,0.0005
6,90-99,1767384916,2026-01-03T04:15:16,0.0005
6,90-99,1767385212,2026-01-03T04:20:12,0.0005
6,90-99,1767385512,2026-01-03T04:25:12,0.0005
6,90-99,1767385820,2026-01-03T04:30:20,0.0005
6,90-99,1767386111,2026-01-03T04:35:11,0.0005
6,90-99,1767386412,2026-01-03T04:40:12,0.0005
6,90-99,1767386724,2026-01-03T04:45:24,0.0005
6,90-99,1767387015,2026-01-03T04:50:15,0.0005
6,90-99,1767387312,2026-01-03T04:55:12,0.0005
6,90-99,1767387620,2026-01-03T05:00:20,0.0005
6,90-99,1767387932,2026-01-03T05:05:32,0.0005
6,90-99,1767388212,2026-01-03T05:10:12,0.007
6,90-99,1767388512,2026-01-03T05:15:12,0.0065
6,90-99,1767388812,2026-01-03T05:20:12,0.004
6,90-99,1767389112,2026-01-03T05:25:12,0.0005
6,90-99,1767389417,2026-01-03T05:30:17,0.0005
6,90-99,1767389727,2026-01-03T05:35:27,0.0005
6,90-99,1767390012,2026-01-03T05:40:12,0.0005
6,90-99,1767390312,2026-01-03T05:45:12,0.0005
6,90-99,1767390612,2026-01-03T05:50:12,0.0005
6,90-99,1767390912,2026-01-03T05:55:12,0.0005
6,90-99,1767391221,2026-01-03T06:00:21,0.0005
6,90-99,1767391512,2026-01-03T06:05:12,0.0005
6,90-99,1767391812,2026-01-03T06:10:12,0.0005
6,90-99,1767392112,2026-01-03T06:15:12,0.0005
6,90-99,1767392412,2026-01-03T06:20:12,0.0005
6,90-99,1767392716,2026-01-03T06:25:16,0.0005
6,90-99,1767393017,2026-01-03T06:30:17,0.0005
6,90-99,1767393312,2026-01-03T06:35:12,0.0005
6,90-99,1767393612,2026-01-03T06:40:12,0.0005
6,90-99,1767393912,2026-01-03T06:45:12,0.0005
6,90-99,1767394215,2026-01-03T06:50:15,0.0005
6,90-99,1767394512,2026-01-03T06:55:12,0.0005
6,90-99,1767394818,2026-01-03T07:00:18,0.0005
6,90-99,1767395112,2026-01-03T07:05:12,0.0005
6,90-99,1767395412,2026-01-03T07:10:12,0.0005
6,90-99,1767395744,2026-01-03T07:15:44,0.0005
6,90-99,1767396012,2026-01-03T07:20:12,0.0005
6,90-99,1767396312,2026-01-03T07:25:12,0.0005
7,100-109,1767044113,2025-12-30T05:35:13,0.505
7,100-109,1767044413,2025-12-30T05:40:13,0.505
7,100-109,1767044712,2025-12-30T05:45:12,0.5
7,100-109,1767045012,2025-12-30T05:50:12,0.175
7,100-109,1767045313,2025-12-30T05:55:13,0.175
7,100-109,1767045621,2025-12-30T06:00:21,0.175
7,100-109,1767045912,2025-12-30T06:05:12,0.175
7,100-109,1767046218,2025-12-30T06:10:18,0.175
7,100-109,1767046513,2025-12-30T06:15:13,0.175
7,100-109,1767046825,2025-12-30T06:20:25,0.175
7,100-109,1767047113,2025-12-30T06:25:13,0.175
7,100-109,1767047418,2025-12-30T06:30:18,0.175
7,100-109,1767047717,2025-12-30T06:35:17,0.175
7,100-109,1767048013,2025-12-30T06:40:13,0.17
7,100-109,1767048313,2025-12-30T06:45:13,0.17
7,100-109,1767048613,2025-12-30T06:50:13,0.165
7,100-109,1767048913,2025-12-30T06:55:13,0.16
7,100-109,1767049242,2025-12-30T07:00:42,0.18
7,100-109,1767049531,2025-12-30T07:05:31,0.185
7,100-109,1767049813,2025-12-30T07:10:13,0.185
7,100-109,1767050113,2025-12-30T07:15:13,0.185
7,100-109,1767050413,2025-12-30T07:20:13,0.185
7,100-109,1767050713,2025-12-30T07:25:13,0.2
7,100-109,1767051042,2025-12-30T07:30:42,0.125
7,100-109,1767051313,2025-12-30T07:35:13,0.125
7,100-109,1767051613,2025-12-30T07:40:13,0.13
7,100-109,1767051913,2025-12-30T07:45:13,0.12
7,100-109,1767052229,2025-12-30T07:50:29,0.12
7,100-109,1767052513,2025-12-30T07:55:13,0.12
7,100-109,1767052826,2025-12-30T08:00:26,0.12
7,100-109,1767053112,2025-12-30T08:05:12,0.12
7,100-109,1767053412,2025-12-30T08:10:12,0.12
7,100-109,1767053713,2025-12-30T08:15:13,0.12
7,100-109,1767054013,2025-12-30T08:20:13,0.12
7,100-109,1767054312,2025-12-30T08:25:12,0.12
7,100-109,1767054618,2025-12-30T08:30:18,0.115
7,100-109,1767054912,2025-12-30T08:35:12,0.12
7,100-109,1767055213,2025-12-30T08:40:13,0.12
7,100-109,1767055512,2025-12-30T08:45:12,0.12
7,100-109,1767055813,2025-12-30T08:50:13,0.12
7,100-109,1767056112,2025-12-30T08:55:12,0.12
7,100-109,1767056418,2025-12-30T09:00:18,0.12
7,100-109,1767056712,2025-12-30T09:05:12,0.12
7,100-109,1767057012,2025-12-30T09:10:12,0.12
7,100-109,1767057312,2025-12-30T09:15:12,0.12
7,100-109,1767057613,2025-12-30T09:20:13,0.11
7,100-109,1767057913,2025-12-30T09:25:13,0.11
7,100-109,1767058218,2025-12-30T09:30:18,0.11
7,100-109,1767058513,2025-12-30T09:35:13,0.11
7,100-109,1767058814,2025-12-30T09:40:14,0.11
7,100-109,1767059113,2025-12-30T09:45:13,0.11
7,100-109,1767059428,2025-12-30T09:50:28,0.11
7,100-109,1767059713,2025-12-30T09:55:13,0.11
7,100-109,1767060019,2025-12-30T10:00:19,0.11
7,100-109,1767060313,2025-12-30T10:05:13,0.11
7,100-109,1767060613,2025-12-30T10:10:13,0.11
7,100-109,1767060913,2025-12-30T10:15:13,0.085
7,100-109,1767061213,2025-12-30T10:20:13,0.085
7,100-109,1767061513,2025-12-30T10:25:13,0.085
7,100-109,1767061818,2025-12-30T10:30:18,0.085
7,100-109,1767062113,2025-12-30T10:35:13,0.085
7,100-109,1767062412,2025-12-30T10:40:12,0.085
7,100-109,1767062713,2025-12-30T10:45:13,0.085
7,100-109,1767063030,2025-12-30T10:50:30,0.085
7,100-109,1767063312,2025-12-30T10:55:12,0.085
7,100-109,1767063622,2025-12-30T11:00:22,0.085
7,100-109,1767063913,2025-12-30T11:05:13,0.085
7,100-109,1767064213,2025-12-30T11:10:13,0.085
7,100-109,1767064512,2025-12-30T11:15:12,0.085
7,100-109,1767064813,2025-12-30T11:20:13,0.085
7,100-109,1767065127,2025-12-30T11:25:27,0.085
7,100-109,1767065418,2025-12-30T11:30:18,0.085
7,100-109,1767065712,2025-12-30T11:35:12,0.085
7,100-109,1767066013,2025-12-30T11:40:13,0.085
7,100-109,1767066314,2025-12-30T11:45:14,0.085
7,100-109,1767066613,2025-12-30T11:50:13,0.085
7,100-109,1767066912,2025-12-30T11:55:12,0.085
7,100-109,1767067218,2025-12-30T12:00:18,0.085
7,100-109,1767067513,2025-12-30T12:05:13,0.085
7,100-109,1767067814,2025-12-30T12:10:14,0.085
7,100-109,1767068113,2025-12-30T12:15:13,0.085
7,100-109,1767068413,2025-12-30T12:20:13,0.085
7,100-109,1767068712,2025-12-30T12:25:12,0.085
7,100-109,1767069018,2025-12-30T12:30:18,0.085
7,100-109,1767069314,2025-12-30T12:35:14,0.085
7,100-109,1767069613,2025-12-30T12:40:13,0.085
7,100-109,1767069913,2025-12-30T12:45:13,0.085
7,100-109,1767070214,2025-12-30T12:50:14,0.085
7,100-109,1767070513,2025-12-30T12:55:13,0.085
7,100-109,1767070838,2025-12-30T13:00:38,0.085
7,100-109,1767071113,2025-12-30T13:05:13,0.085
7,100-109,1767071413,2025-12-30T13:10:13,0.085
7,100-109,1767071713,2025-12-30T13:15:13,0.085
7,100-109,1767072023,2025-12-30T13:20:23,0.085
7,100-109,1767072313,2025-12-30T13:25:13,0.085
7,100-109,1767072619,2025-12-30T13:30:19,0.085
7,100-109,1767072913,2025-12-30T13:35:13,0.085
7,100-109,1767073212,2025-12-30T13:40:12,0.085
7,100-109,1767073512,2025-12-30T13:45:12,0.085
7,100-109,1767073812,2025-12-30T13:50:12,0.085
7,100-109,1767074114,2025-12-30T13:55:14,0.085
7,100-109,1767074420,2025-12-30T14:00:20,0.085
7,100-109,1767074712,2025-12-30T14:05:12,0.085
7,100-109,1767075012,2025-12-30T14:10:12,0.085
7,100-109,1767075312,2025-12-30T14:15:12,0.085
7,100-109,1767075614,2025-12-30T14:20:14,0.085
7,100-109,1767075913,2025-12-30T14:25:13,0.085
7,100-109,1767076218,2025-12-30T14:30:18,0.085
7,100-109,1767076534,2025-12-30T14:35:34,0.085
7,100-109,1767076813,2025-12-30T14:40:13,0.085
7,100-109,1767077112,2025-12-30T14:45:12,0.085
7,100-109,1767077425,2025-12-30T14:50:25,0.085
7,100-109,1767077713,2025-12-30T14:55:13,0.085
7,100-109,1767078030,2025-12-30T15:00:30,0.085
7,100-109,1767078314,2025-12-30T15:05:14,0.085
7,100-109,1767078612,2025-12-30T15:10:12,0.085
7,100-109,1767078913,2025-12-30T15:15:13,0.085
7,100-109,1767079213,2025-12-30T15:20:13,0.085
7,100-109,1767079512,2025-12-30T15:25:12,0.085
7,100-109,1767079831,2025-12-30T15:30:31,0.085
7,100-109,1767080114,2025-12-30T15:35:14,0.085
7,100-109,1767080413,2025-12-30T15:40:13,0.085
7,100-109,1767080713,2025-12-30T15:45:13,0.085
7,100-109,1767081013,2025-12-30T15:50:13,0.085
7,100-109,1767081312,2025-12-30T15:55:12,0.085
7,100-109,1767081620,2025-12-30T16:00:20,0.085
7,100-109,1767081913,2025-12-30T16:05:13,0.08
7,100-109,1767082212,2025-12-30T16:10:12,0.08
7,100-109,1767082513,2025-12-30T16:15:13,0.065
7,100-109,1767082813,2025-12-30T16:20:13,0.07
7,100-109,1767083115,2025-12-30T16:25:15,0.075
7,100-109,1767083418,2025-12-30T16:30:18,0.075
7,100-109,1767083713,2025-12-30T16:35:13,0.075
7,100-109,1767084027,2025-12-30T16:40:27,0.075
7,100-109,1767084312,2025-12-30T16:45:12,0.075
7,100-109,1767084615,2025-12-30T16:50:15,0.075
7,100-109,1767084912,2025-12-30T16:55:12,0.075
7,100-109,1767085223,2025-12-30T17:00:23,0.075
7,100-109,1767085513,2025-12-30T17:05:13,0.075
7,100-109,1767085813,2025-12-30T17:10:13,0.075
7,100-109,1767086115,2025-12-30T17:15:15,0.075
7,100-109,1767086412,2025-12-30T17:20:12,0.075
7,100-109,1767086713,2025-12-30T17:25:13,0.075
7,100-109,1767087019,2025-12-30T17:30:19,0.075
7,100-109,1767087312,2025-12-30T17:35:12,0.075
7,100-109,1767087615,2025-12-30T17:40:15,0.075
7,100-109,1767087913,2025-12-30T17:45:13,0.075
7,100-109,1767088212,2025-12-30T17:50:12,0.075
7,100-109,1767088512,2025-12-30T17:55:12,0.075
7,100-109,1767088818,2025-12-30T18:00:18,0.075
7,100-109,1767089135,2025-12-30T18:05:35,0.075
7,100-109,1767089413,2025-12-30T18:10:13,0.075
7,100-109,1767089713,2025-12-30T18:15:13,0.075
7,100-109,1767090013,2025-12-30T18:20:13,0.075
7,100-109,1767090324,2025-12-30T18:25:24,0.075
7,100-109,1767090618,2025-12-30T18:30:18,0.075
7,100-109,1767090915,2025-12-30T18:35:15,0.075
7,100-109,1767091212,2025-12-30T18:40:12,0.075
7,100-109,1767091512,2025-12-30T18:45:12,0.075
7,100-109,1767091812,2025-12-30T18:50:12,0.07
7,100-109,1767092112,2025-12-30T18:55:12,0.07
7,100-109,1767092422,2025-12-30T19:00:22,0.07
7,100-109,1767092726,2025-12-30T19:05:26,0.07
7,100-109,1767093013,2025-12-30T19:10:13,0.07
7,100-109,1767093313,2025-12-30T19:15:13,0.085
7,100-109,1767093616,2025-12-30T19:20:16,0.09
7,100-109,1767093912,2025-12-30T19:25:12,0.09
7,100-109,1767094230,2025-12-30T19:30:30,0.09
7,100-109,1767094513,2025-12-30T19:35:13,0.09
7,100-109,1767094813,2025-12-30T19:40:13,0.09
7,100-109,1767095116,2025-12-30T19:45:16,0.09
7,100-109,1767095413,2025-12-30T19:50:13,0.09
7,100-109,1767095712,2025-12-30T19:55:12,0.085
7,100-109,1767096027,2025-12-30T20:00:27,0.07
7,100-109,1767096313,2025-12-30T20:05:13,0.07
7,100-109,1767096612,2025-12-30T20:10:12,0.07
7,100-109,1767096913,2025-12-30T20:15:13,0.07
7,100-109,1767097213,2025-12-30T20:20:13,0.07
7,100-109,1767097516,2025-12-30T20:25:16,0.07
7,100-109,1767097818,2025-12-30T20:30:18,0.07
7,100-109,1767098113,2025-12-30T20:35:13,0.07
7,100-109,1767098412,2025-12-30T20:40:12,0.07
7,100-109,1767098713,2025-12-30T20:45:13,0.07
7,100-109,1767099016,2025-12-30T20:50:16,0.095
7,100-109,1767099313,2025-12-30T20:55:13,0.095
7,100-109,1767099618,2025-12-30T21:00:18,0.095
7,100-109,1767099913,2025-12-30T21:05:13,0.095
7,100-109,1767100213,2025-12-30T21:10:13,0.095
7,100-109,1767100516,2025-12-30T21:15:16,0.095
7,100-109,1767100813,2025-12-30T21:20:13,0.095
7,100-109,1767101124,2025-12-30T21:25:24,0.095
7,100-109,1767101419,2025-12-30T21:30:19,0.095
7,100-109,1767101713,2025-12-30T21:35:13,0.095
7,100-109,1767102017,2025-12-30T21:40:17,0.095
7,100-109,1767102314,2025-12-30T21:45:14,0.095
7,100-109,1767102614,2025-12-30T21:50:14,0.095
7,100-109,1767102914,2025-12-30T21:55:14,0.095
7,100-109,1767103218,2025-12-30T22:00:18,0.095
7,100-109,1767103537,2025-12-30T22:05:37,0.095
7,100-109,1767103813,2025-12-30T22:10:13,0.095
7,100-109,1767104113,2025-12-30T22:15:13,0.095
7,100-109,1767104413,2025-12-30T22:20:13,0.095
7,100-109,1767104716,2025-12-30T22:25:16,0.095
7,100-109,1767105019,2025-12-30T22:30:19,0.095
7,100-109,1767105313,2025-12-30T22:35:13,0.095
7,100-109,1767105612,2025-12-30T22:40:12,0.095
7,100-109,1767105912,2025-12-30T22:45:12,0.095
7,100-109,1767106216,2025-12-30T22:50:16,0.095
7,100-109,1767106513,2025-12-30T22:55:13,0.095
7,100-109,1767106821,2025-12-30T23:00:21,0.095
7,100-109,1767107116,2025-12-30T23:05:16,0.095
7,100-109,1767107413,2025-12-30T23:10:13,0.095
7,100-109,1767107713,2025-12-30T23:15:13,0.095
7,100-109,1767108028,2025-12-30T23:20:28,0.095
7,100-109,1767108313,2025-12-30T23:25:13,0.095
7,100-109,1767108623,2025-12-30T23:30:23,0.095
7,100-109,1767108925,2025-12-30T23:35:25,0.095
7,100-109,1767109213,2025-12-30T23:40:13,0.095
7,100-109,1767109512,2025-12-30T23:45:12,0.095
7,100-109,1767109813,2025-12-30T23:50:13,0.095
7,100-109,1767110117,2025-12-30T23:55:17,0.095
7,100-109,1767110419,2025-12-31T00:00:19,0.095
7,100-109,1767110713,2025-12-31T00:05:13,0.095
7,100-109,1767111013,2025-12-31T00:10:13,0.095
7,100-109,1767111313,2025-12-31T00:15:13,0.095
7,100-109,1767111638,2025-12-31T00:20:38,0.095
7,100-109,1767111914,2025-12-31T00:25:14,0.095
7,100-109,1767112219,2025-12-31T00:30:19,0.095
7,100-109,1767112513,2025-12-31T00:35:13,0.095
7,100-109,1767112813,2025-12-31T00:40:13,0.095
7,100-109,1767113113,2025-12-31T00:45:13,0.095
7,100-109,1767113417,2025-12-31T00:50:17,0.095
7,100-109,1767113713,2025-12-31T00:55:13,0.095
7,100-109,1767114025,2025-12-31T01:00:25,0.095
7,100-109,1767114313,2025-12-31T01:05:13,0.095
7,100-109,1767114613,2025-12-31T01:10:13,0.095
7,100-109,1767114917,2025-12-31T01:15:17,0.095
7,100-109,1767115217,2025-12-31T01:20:17,0.095
7,100-109,1767115514,2025-12-31T01:25:14,0.095
7,100-109,1767115819,2025-12-31T01:30:19,0.095
7,100-109,1767116114,2025-12-31T01:35:14,0.095
7,100-109,1767116413,2025-12-31T01:40:13,0.095
7,100-109,1767116717,2025-12-31T01:45:17,0.095
7,100-109,1767117013,2025-12-31T01:50:13,0.095
7,100-109,1767117313,2025-12-31T01:55:13,0.095
7,100-109,1767117626,2025-12-31T02:00:26,0.095
7,100-109,1767117914,2025-12-31T02:05:14,0.095
7,100-109,1767118217,2025-12-31T02:10:17,0.095
7,100-109,1767118512,2025-12-31T02:15:12,0.095
7,100-109,1767118812,2025-12-31T02:20:12,0.095
7,100-109,1767119117,2025-12-31T02:25:17,0.095
7,100-109,1767119418,2025-12-31T02:30:18,0.095
7,100-109,1767119713,2025-12-31T02:35:13,0.095
7,100-109,1767120014,2025-12-31T02:40:14,0.095
7,100-109,1767120313,2025-12-31T02:45:13,0.095
7,100-109,1767120618,2025-12-31T02:50:18,0.095
7,100-109,1767120913,2025-12-31T02:55:13,0.095
7,100-109,1767121219,2025-12-31T03:00:19,0.095
7,100-109,1767121514,2025-12-31T03:05:14,0.095
7,100-109,1767121814,2025-12-31T03:10:14,0.095
7,100-109,1767122119,2025-12-31T03:15:19,0.095
7,100-109,1767122428,2025-12-31T03:20:28,0.095
7,100-109,1767122714,2025-12-31T03:25:14,0.095
7,100-109,1767123020,2025-12-31T03:30:20,0.095
7,100-109,1767123319,2025-12-31T03:35:19,0.095
7,100-109,1767123615,2025-12-31T03:40:15,0.095
7,100-109,1767123914,2025-12-31T03:45:14,0.095
7,100-109,1767124215,2025-12-31T03:50:15,0.095
7,100-109,1767124514,2025-12-31T03:55:14,0.095
7,100-109,1767124843,2025-12-31T04:00:43,0.095
7,100-109,1767125114,2025-12-31T04:05:14,0.095
7,100-109,1767125413,2025-12-31T04:10:13,0.095
7,100-109,1767125713,2025-12-31T04:15:13,0.095
7,100-109,1767126013,2025-12-31T04:20:13,0.095
7,100-109,1767126313,2025-12-31T04:25:13,0.095
7,100-109,1767126624,2025-12-31T04:30:24,0.095
7,100-109,1767126913,2025-12-31T04:35:13,0.095
7,100-109,1767127214,2025-12-31T04:40:14,0.095
7,100-109,1767127518,2025-12-31T04:45:18,0.095
7,100-109,1767127813,2025-12-31T04:50:13,0.095
7,100-109,1767128113,2025-12-31T04:55:13,0.095
7,100-109,1767128421,2025-12-31T05:00:21,0.095
7,100-109,1767128713,2025-12-31T05:05:13,0.095
7,100-109,1767129018,2025-12-31T05:10:18,0.095
7,100-109,1767129313,2025-12-31T05:15:13,0.095
7,100-109,1767129613,2025-12-31T05:20:13,0.095
7,100-109,1767129913,2025-12-31T05:25:13,0.095
7,100-109,1767130224,2025-12-31T05:30:24,0.095
7,100-109,1767130513,2025-12-31T05:35:13,0.095
7,100-109,1767130827,2025-12-31T05:40:27,0.095
7,100-109,1767131114,2025-12-31T05:45:14,0.095
7,100-109,1767131414,2025-12-31T05:50:14,0.095
7,100-109,1767131718,2025-12-31T05:55:18,0.095
7,100-109,1767132020,2025-12-31T06:00:20,0.095
7,100-109,1767132313,2025-12-31T06:05:13,0.095
7,100-109,1767132614,2025-12-31T06:10:14,0.095
7,100-109,1767132913,2025-12-31T06:15:13,0.095
7,100-109,1767133218,2025-12-31T06:20:18,0.095
7,100-109,1767133531,2025-12-31T06:25:31,0.095
7,100-109,1767133821,2025-12-31T06:30:21,0.095
7,100-109,1767134128,2025-12-31T06:35:28,0.095
7,100-109,1767134413,2025-12-31T06:40:13,0.095
7,100-109,1767134714,2025-12-31T06:45:14,0.095
7,100-109,1767135018,2025-12-31T06:50:18,0.095
7,100-109,1767135314,2025-12-31T06:55:14,0.095
7,100-109,1767135620,2025-12-31T07:00:20,0.095
7,100-109,1767135914,2025-12-31T07:05:14,0.095
7,100-109,1767136214,2025-12-31T07:10:14,0.095
7,100-109,1767136518,2025-12-31T07:15:18,0.095
7,100-109,1767136813,2025-12-31T07:20:13,0.095
7,100-109,1767137118,2025-12-31T07:25:18,0.095
7,100-109,1767137430,2025-12-31T07:30:30,0.095
7,100-109,1767137714,2025-12-31T07:35:14,0.095
7,100-109,1767138013,2025-12-31T07:40:13,0.095
7,100-109,1767138313,2025-12-31T07:45:13,0.095
7,100-109,1767138618,2025-12-31T07:50:18,0.095
7,100-109,1767138913,2025-12-31T07:55:13,0.095
7,100-109,1767139224,2025-12-31T08:00:24,0.095
7,100-109,1767139513,2025-12-31T08:05:13,0.095
7,100-109,1767139815,2025-12-31T08:10:15,0.095
7,100-109,1767140118,2025-12-31T08:15:18,0.095
7,100-109,1767140426,2025-12-31T08:20:26,0.095
7,100-109,1767140713,2025-12-31T08:25:13,0.095
7,100-109,1767141020,2025-12-31T08:30:20,0.095
7,100-109,1767141313,2025-12-31T08:35:13,0.095
7,100-109,1767141617,2025-12-31T08:40:17,0.095
7,100-109,1767141917,2025-12-31T08:45:17,0.095
7,100-109,1767142214,2025-12-31T08:50:14,0.095
7,100-109,1767142513,2025-12-31T08:55:13,0.095
7,100-109,1767142820,2025-12-31T09:00:20,0.095
7,100-109,1767143113,2025-12-31T09:05:13,0.095
7,100-109,1767143417,2025-12-31T09:10:17,0.095
7,100-109,1767143714,2025-12-31T09:15:14,0.095
7,100-109,1767144013,2025-12-31T09:20:13,0.095
7,100-109,1767144313,2025-12-31T09:25:13,0.095
7,100-109,1767144634,2025-12-31T09:30:34,0.095
7,100-109,1767144918,2025-12-31T09:35:18,0.095
7,100-109,1767145218,2025-12-31T09:40:18,0.095
7,100-109,1767145514,2025-12-31T09:45:14,0.095
7,100-109,1767145814,2025-12-31T09:50:14,0.095
7,100-109,1767146114,2025-12-31T09:55:14,0.095
7,100-109,1767146421,2025-12-31T10:00:21,0.095
7,100-109,1767146718,2025-12-31T10:05:18,0.095
7,100-109,1767147014,2025-12-31T10:10:14,0.095
7,100-109,1767147313,2025-12-31T10:15:13,0.095
7,100-109,1767147614,2025-12-31T10:20:14,0.095
7,100-109,1767147915,2025-12-31T10:25:15,0.095
7,100-109,1767148224,2025-12-31T10:30:24,0.095
7,100-109,1767148514,2025-12-31T10:35:14,0.095
7,100-109,1767148826,2025-12-31T10:40:26,0.095
7,100-109,1767149114,2025-12-31T10:45:14,0.095
7,100-109,1767149414,2025-12-31T10:50:14,0.095
7,100-109,1767149718,2025-12-31T10:55:18,0.095
7,100-109,1767150023,2025-12-31T11:00:23,0.095
7,100-109,1767150325,2025-12-31T11:05:25,0.095
7,100-109,1767150636,2025-12-31T11:10:36,0.095
7,100-109,1767150914,2025-12-31T11:15:14,0.095
7,100-109,1767151214,2025-12-31T11:20:14,0.095
7,100-109,1767151528,2025-12-31T11:25:28,0.095
7,100-109,1767151834,2025-12-31T11:30:34,0.095
7,100-109,1767152127,2025-12-31T11:35:27,0.095
7,100-109,1767152418,2025-12-31T11:40:18,0.095
7,100-109,1767152713,2025-12-31T11:45:13,0.095
7,100-109,1767153028,2025-12-31T11:50:28,0.095
7,100-109,1767153313,2025-12-31T11:55:13,0.095
7,100-109,1767153643,2025-12-31T12:00:43,0.095
7,100-109,1767153913,2025-12-31T12:05:13,0.095
7,100-109,1767154213,2025-12-31T12:10:13,0.095
7,100-109,1767154513,2025-12-31T12:15:13,0.095
7,100-109,1767154826,2025-12-31T12:20:26,0.095
7,100-109,1767155117,2025-12-31T12:25:17,0.095
7,100-109,1767155436,2025-12-31T12:30:36,0.095
7,100-109,1767155714,2025-12-31T12:35:14,0.095
7,100-109,1767156013,2025-12-31T12:40:13,0.095
7,100-109,1767156316,2025-12-31T12:45:16,0.095
7,100-109,1767156615,2025-12-31T12:50:15,0.095
7,100-109,1767156913,2025-12-31T12:55:13,0.095
7,100-109,1767157219,2025-12-31T13:00:19,0.095
7,100-109,1767157512,2025-12-31T13:05:12,0.095
7,100-109,1767157838,2025-12-31T13:10:38,0.095
7,100-109,1767158113,2025-12-31T13:15:13,0.095
7,100-109,1767158413,2025-12-31T13:20:13,0.095
7,100-109,1767158713,2025-12-31T13:25:13,0.095
7,100-109,1767159020,2025-12-31T13:30:20,0.095
7,100-109,1767159313,2025-12-31T13:35:13,0.095
7,100-109,1767159617,2025-12-31T13:40:17,0.095
7,100-109,1767159913,2025-12-31T13:45:13,0.095
7,100-109,1767160213,2025-12-31T13:50:13,0.095
7,100-109,1767160513,2025-12-31T13:55:13,0.095
7,100-109,1767160821,2025-12-31T14:00:21,0.095
7,100-109,1767161137,2025-12-31T14:05:37,0.095
7,100-109,1767161412,2025-12-31T14:10:12,0.095
7,100-109,1767161713,2025-12-31T14:15:13,0.095
7,100-109,1767162013,2025-12-31T14:20:13,0.095
7,100-109,1767162313,2025-12-31T14:25:13,0.095
7,100-109,1767162633,2025-12-31T14:30:33,0.095
7,100-109,1767162939,2025-12-31T14:35:39,0.095
7,100-109,1767163213,2025-12-31T14:40:13,0.095
7,100-109,1767163513,2025-12-31T14:45:13,0.095
7,100-109,1767163813,2025-12-31T14:50:13,0.095
7,100-109,1767164113,2025-12-31T14:55:13,0.095
7,100-109,1767164419,2025-12-31T15:00:19,0.095
7,100-109,1767164718,2025-12-31T15:05:18,0.095
7,100-109,1767165013,2025-12-31T15:10:13,0.095
7,100-109,1767165313,2025-12-31T15:15:13,0.095
7,100-109,1767165613,2025-12-31T15:20:13,0.095
7,100-109,1767165913,2025-12-31T15:25:13,0.095
7,100-109,1767166242,2025-12-31T15:30:42,0.095
7,100-109,1767166513,2025-12-31T15:35:13,0.095
7,100-109,1767166814,2025-12-31T15:40:14,0.095
7,100-109,1767167112,2025-12-31T15:45:12,0.065
7,100-109,1767167413,2025-12-31T15:50:13,0.095
7,100-109,1767167713,2025-12-31T15:55:13,0.095
7,100-109,1767168024,2025-12-31T16:00:24,0.095
7,100-109,1767168313,2025-12-31T16:05:13,0.095
7,100-109,1767168628,2025-12-31T16:10:28,0.095
7,100-109,1767168914,2025-12-31T16:15:14,0.095
7,100-109,1767169213,2025-12-31T16:20:13,0.095
7,100-109,1767169518,2025-12-31T16:25:18,0.095
7,100-109,1767169819,2025-12-31T16:30:19,0.095
7,100-109,1767170112,2025-12-31T16:35:12,0.095
7,100-109,1767170412,2025-12-31T16:40:12,0.095
7,100-109,1767170713,2025-12-31T16:45:13,0.095
7,100-109,1767171032,2025-12-31T16:50:32,0.095
7,100-109,1767171313,2025-12-31T16:55:13,0.095
7,100-109,1767171622,2025-12-31T17:00:22,0.095
7,100-109,1767171913,2025-12-31T17:05:13,0.095
7,100-109,1767172213,2025-12-31T17:10:13,0.095
7,100-109,1767172517,2025-12-31T17:15:17,0.095
7,100-109,1767172813,2025-12-31T17:20:13,0.095
7,100-109,1767173113,2025-12-31T17:25:13,0.095
7,100-109,1767173419,2025-12-31T17:30:19,0.095
7,100-109,1767173713,2025-12-31T17:35:13,0.095
7,100-109,1767174039,2025-12-31T17:40:39,0.095
7,100-109,1767174313,2025-12-31T17:45:13,0.095
7,100-109,1767174613,2025-12-31T17:50:13,0.08
7,100-109,1767174918,2025-12-31T17:55:18,0.08
7,100-109,1767175220,2025-12-31T18:00:20,0.08
7,100-109,1767175513,2025-12-31T18:05:13,0.08
7,100-109,1767175825,2025-12-31T18:10:25,0.08
7,100-109,1767176113,2025-12-31T18:15:13,0.08
7,100-109,1767176436,2025-12-31T18:20:36,0.08
7,100-109,1767176713,2025-12-31T18:25:13,0.08
7,100-109,1767177019,2025-12-31T18:30:19,0.08
7,100-109,1767177313,2025-12-31T18:35:13,0.08
7,100-109,1767177613,2025-12-31T18:40:13,0.08
7,100-109,1767177913,2025-12-31T18:45:13,0.08
7,100-109,1767178218,2025-12-31T18:50:18,0.08
7,100-109,1767178513,2025-12-31T18:55:13,0.08
7,100-109,1767178831,2025-12-31T19:00:31,0.08
7,100-109,1767179113,2025-12-31T19:05:13,0.08
7,100-109,1767179413,2025-12-31T19:10:13,0.08
7,100-109,1767179718,2025-12-31T19:15:18,0.08
7,100-109,1767180018,2025-12-31T19:20:18,0.08
7,100-109,1767180313,2025-12-31T19:25:13,0.08
7,100-109,1767180619,2025-12-31T19:30:19,0.08
7,100-109,1767180913,2025-12-31T19:35:13,0.08
7,100-109,1767181212,2025-12-31T19:40:12,0.08
7,100-109,1767181518,2025-12-31T19:45:18,0.08
7,100-109,1767181813,2025-12-31T19:50:13,0.08
7,100-109,1767182113,2025-12-31T19:55:13,0.08
7,100-109,1767182424,2025-12-31T20:00:24,0.08
7,100-109,1767182713,2025-12-31T20:05:13,0.08
7,100-109,1767183036,2025-12-31T20:10:36,0.08
7,100-109,1767183313,2025-12-31T20:15:13,0.08
7,100-109,1767183614,2025-12-31T20:20:14,0.08
7,100-109,1767183913,2025-12-31T20:25:13,0.08
7,100-109,1767184232,2025-12-31T20:30:32,0.08
7,100-109,1767184513,2025-12-31T20:35:13,0.08
7,100-109,1767184835,2025-12-31T20:40:35,0.08
7,100-109,1767185113,2025-12-31T20:45:13,0.08
7,100-109,1767185413,2025-12-31T20:50:13,0.08
7,100-109,1767185713,2025-12-31T20:55:13,0.08
7,100-109,1767186019,2025-12-31T21:00:19,0.08
7,100-109,1767186313,2025-12-31T21:05:13,0.08
7,100-109,1767186632,2025-12-31T21:10:32,0.08
7,100-109,1767186913,2025-12-31T21:15:13,0.08
7,100-109,1767187213,2025-12-31T21:20:13,0.07
7,100-109,1767187513,2025-12-31T21:25:13,0.08
7,100-109,1767187819,2025-12-31T21:30:19,0.08
7,100-109,1767188117,2025-12-31T21:35:17,0.08
7,100-109,1767188413,2025-12-31T21:40:13,0.08
7,100-109,1767188726,2025-12-31T21:45:26,0.08
7,100-109,1767189013,2025-12-31T21:50:13,0.08
7,100-109,1767189314,2025-12-31T21:55:14,0.08
7,100-109,1767189623,2025-12-31T22:00:23,0.08
7,100-109,1767189918,2025-12-31T22:05:18,0.08
7,100-109,1767190228,2025-12-31T22:10:28,0.08
7,100-109,1767190513,2025-12-31T22:15:13,0.075
7,100-109,1767190825,2025-12-31T22:20:25,0.075
7,100-109,1767191114,2025-12-31T22:25:14,0.075
7,100-109,1767191423,2025-12-31T22:30:23,0.075
7,100-109,1767191713,2025-12-31T22:35:13,0.075
7,100-109,1767192013,2025-12-31T22:40:13,0.075
7,100-109,1767192313,2025-12-31T22:45:13,0.075
7,100-109,1767192613,2025-12-31T22:50:13,0.075
7,100-109,1767192935,2025-12-31T22:55:35,0.075
7,100-109,1767193222,2025-12-31T23:00:22,0.075
7,100-109,1767193513,2025-12-31T23:05:13,0.075
7,100-109,1767193814,2025-12-31T23:10:14,0.075
7,100-109,1767194114,2025-12-31T23:15:14,0.075
7,100-109,1767194413,2025-12-31T23:20:13,0.075
7,100-109,1767194717,2025-12-31T23:25:17,0.075
7,100-109,1767195020,2025-12-31T23:30:20,0.075
7,100-109,1767195327,2025-12-31T23:35:27,0.075
7,100-109,1767195613,2025-12-31T23:40:13,0.075
7,100-109,1767195927,2025-12-31T23:45:27,0.075
7,100-109,1767196217,2025-12-31T23:50:17,0.075
7,100-109,1767196522,2025-12-31T23:55:22,0.075
7,100-109,1767196823,2026-01-01T00:00:23,0.075
7,100-109,1767197113,2026-01-01T00:05:13,0.075
7,100-109,1767197414,2026-01-01T00:10:14,0.075
7,100-109,1767197726,2026-01-01T00:15:26,0.075
7,100-109,1767198014,2026-01-01T00:20:14,0.075
7,100-109,1767198318,2026-01-01T00:25:18,0.075
7,100-109,1767198619,2026-01-01T00:30:19,0.075
7,100-109,1767198914,2026-01-01T00:35:14,0.075
7,100-109,1767199213,2026-01-01T00:40:13,0.075
7,100-109,1767199513,2026-01-01T00:45:13,0.075
7,100-109,1767199818,2026-01-01T00:50:18,0.075
7,100-109,1767200114,2026-01-01T00:55:14,0.075
7,100-109,1767200426,2026-01-01T01:00:26,0.075
7,100-109,1767200714,2026-01-01T01:05:14,0.075
7,100-109,1767201018,2026-01-01T01:10:18,0.075
7,100-109,1767201314,2026-01-01T01:15:14,0.075
7,100-109,1767201615,2026-01-01T01:20:15,0.075
7,100-109,1767201914,2026-01-01T01:25:14,0.075
7,100-109,1767202220,2026-01-01T01:30:20,0.075
7,100-109,1767202532,2026-01-01T01:35:32,0.075
7,100-109,1767202814,2026-01-01T01:40:14,0.075
7,100-109,1767203118,2026-01-01T01:45:18,0.075
7,100-109,1767203416,2026-01-01T01:50:16,0.075
7,100-109,1767203714,2026-01-01T01:55:14,0.075
7,100-109,1767204023,2026-01-01T02:00:23,0.075
7,100-109,1767204314,2026-01-01T02:05:14,0.075
7,100-109,1767204618,2026-01-01T02:10:18,0.075
7,100-109,1767204913,2026-01-01T02:15:13,0.075
7,100-109,1767205214,2026-01-01T02:20:14,0.075
7,100-109,1767205514,2026-01-01T02:25:14,0.075
7,100-109,1767205820,2026-01-01T02:30:20,0.075
7,100-109,1767206118,2026-01-01T02:35:18,0.075
7,100-109,1767206414,2026-01-01T02:40:14,0.075
7,100-109,1767206714,2026-01-01T02:45:14,0.075
7,100-109,1767207014,2026-01-01T02:50:14,0.075
7,100-109,1767207314,2026-01-01T02:55:14,0.075
7,100-109,1767207651,2026-01-01T03:00:51,0.075
7,100-109,1767207914,2026-01-01T03:05:14,0.075
7,100-109,1767208215,2026-01-01T03:10:15,0.075
7,100-109,1767208514,2026-01-01T03:15:14,0.075
7,100-109,1767208818,2026-01-01T03:20:18,0.075
7,100-109,1767209114,2026-01-01T03:25:14,0.075
7,100-109,1767209421,2026-01-01T03:30:21,0.075
7,100-109,1767209714,2026-01-01T03:35:14,0.075
7,100-109,1767210014,2026-01-01T03:40:14,0.075
7,100-109,1767210318,2026-01-01T03:45:18,0.075
7,100-109,1767210615,2026-01-01T03:50:15,0.075
7,100-109,1767210914,2026-01-01T03:55:14,0.075
7,100-109,1767211221,2026-01-01T04:00:21,0.075
7,100-109,1767211514,2026-01-01T04:05:14,0.075
7,100-109,1767211819,2026-01-01T04:10:19,0.075
7,100-109,1767212114,2026-01-01T04:15:14,0.075
7,100-109,1767212419,2026-01-01T04:20:19,0.075
7,100-109,1767212727,2026-01-01T04:25:27,0.075
7,100-109,1767213020,2026-01-01T04:30:20,0.075
7,100-109,1767213313,2026-01-01T04:35:13,0.075
7,100-109,1767213614,2026-01-01T04:40:14,0.075
7,100-109,1767213939,2026-01-01T04:45:39,0.075
7,100-109,1767214214,2026-01-01T04:50:14,0.075
7,100-109,1767214513,2026-01-01T04:55:13,0.075
7,100-109,1767214824,2026-01-01T05:00:24,0.075
7,100-109,1767215114,2026-01-01T05:05:14,0.075
7,100-109,1767215413,2026-01-01T05:10:13,0.075
7,100-109,1767215719,2026-01-01T05:15:19,0.075
7,100-109,1767216014,2026-01-01T05:20:14,0.075
7,100-109,1767216313,2026-01-01T05:25:13,0.075
7,100-109,1767216620,2026-01-01T05:30:20,0.075
7,100-109,1767216914,2026-01-01T05:35:14,0.075
7,100-109,1767217239,2026-01-01T05:40:39,0.075
7,100-109,1767217513,2026-01-01T05:45:13,0.075
7,100-109,1767217814,2026-01-01T05:50:14,0.075
7,100-109,1767218114,2026-01-01T05:55:14,0.075
7,100-109,1767218421,2026-01-01T06:00:21,0.075
7,100-109,1767218714,2026-01-01T06:05:14,0.075
7,100-109,1767219018,2026-01-01T06:10:18,0.07
7,100-109,1767219329,2026-01-01T06:15:29,0.07
7,100-109,1767219614,2026-01-01T06:20:14,0.075
7,100-109,1767219914,2026-01-01T06:25:14,0.07
7,100-109,1767220221,2026-01-01T06:30:21,0.075
7,100-109,1767220548,2026-01-01T06:35:48,0.075
7,100-109,1767220814,2026-01-01T06:40:14,0.075
7,100-109,1767221114,2026-01-01T06:45:14,0.075
7,100-109,1767221419,2026-01-01T06:50:19,0.075
7,100-109,1767221713,2026-01-01T06:55:13,0.075
7,100-109,1767222020,2026-01-01T07:00:20,0.075
7,100-109,1767222325,2026-01-01T07:05:25,0.075
7,100-109,1767222613,2026-01-01T07:10:13,0.075
7,100-109,1767222919,2026-01-01T07:15:19,0.075
7,100-109,1767223214,2026-01-01T07:20:14,0.075
7,100-109,1767223514,2026-01-01T07:25:14,0.075
7,100-109,1767223820,2026-01-01T07:30:20,0.075
7,100-109,1767224113,2026-01-01T07:35:13,0.075
7,100-109,1767224418,2026-01-01T07:40:18,0.075
7,100-109,1767224714,2026-01-01T07:45:14,0.075
7,100-109,1767225024,2026-01-01T07:50:24,0.075
7,100-109,1767225313,2026-01-01T07:55:13,0.075
7,100-109,1767225624,2026-01-01T08:00:24,0.075
7,100-109,1767225913,2026-01-01T08:05:13,0.075
7,100-109,1767226212,2026-01-01T08:10:12,0.075
7,100-109,1767226513,2026-01-01T08:15:13,0.075
7,100-109,1767226812,2026-01-01T08:20:12,0.075
7,100-109,1767227113,2026-01-01T08:25:13,0.075
7,100-109,1767227419,2026-01-01T08:30:19,0.075
7,100-109,1767227712,2026-01-01T08:35:12,0.075
7,100-109,1767228012,2026-01-01T08:40:12,0.075
7,100-109,1767228312,2026-01-01T08:45:12,0.075
7,100-109,1767228617,2026-01-01T08:50:17,0.075
7,100-109,1767228912,2026-01-01T08:55:12,0.07
7,100-109,1767229219,2026-01-01T09:00:19,0.065
7,100-109,1767229512,2026-01-01T09:05:12,0.07
7,100-109,1767229812,2026-01-01T09:10:12,0.07
7,100-109,1767230112,2026-01-01T09:15:12,0.07
7,100-109,1767230413,2026-01-01T09:20:13,0.07
7,100-109,1767230713,2026-01-01T09:25:13,0.07
7,100-109,1767231019,2026-01-01T09:30:19,0.07
7,100-109,1767231312,2026-01-01T09:35:12,0.06
7,100-109,1767231626,2026-01-01T09:40:26,0.06
7,100-109,1767231913,2026-01-01T09:45:13,0.06
7,100-109,1767232213,2026-01-01T09:50:13,0.055
7,100-109,1767232512,2026-01-01T09:55:12,0.055
7,100-109,1767232819,2026-01-01T10:00:19,0.075
7,100-109,1767233113,2026-01-01T10:05:13,0.075
7,100-109,1767233428,2026-01-01T10:10:28,0.075
7,100-109,1767233712,2026-01-01T10:15:12,0.075
7,100-109,1767234013,2026-01-01T10:20:13,0.075
7,100-109,1767234313,2026-01-01T10:25:13,0.075
7,100-109,1767234633,2026-01-01T10:30:33,0.075
7,100-109,1767234912,2026-01-01T10:35:12,0.075
7,100-109,1767235213,2026-01-01T10:40:13,0.075
7,100-109,1767235512,2026-01-01T10:45:12,0.075
7,100-109,1767235812,2026-01-01T10:50:12,0.075
7,100-109,1767236112,2026-01-01T10:55:12,0.075
7,100-109,1767236421,2026-01-01T11:00:21,0.075
7,100-109,1767236712,2026-01-01T11:05:12,0.075
7,100-109,1767237012,2026-01-01T11:10:12,0.075
7,100-109,1767237312,2026-01-01T11:15:12,0.075
7,100-109,1767237625,2026-01-01T11:20:25,0.075
7,100-109,1767237914,2026-01-01T11:25:14,0.075
7,100-109,1767238218,2026-01-01T11:30:18,0.075
7,100-109,1767238525,2026-01-01T11:35:25,0.075
7,100-109,1767238813,2026-01-01T11:40:13,0.075
7,100-109,1767239126,2026-01-01T11:45:26,0.075
7,100-109,1767239413,2026-01-01T11:50:13,0.075
7,100-109,1767239712,2026-01-01T11:55:12,0.075
7,100-109,1767240034,2026-01-01T12:00:34,0.075
7,100-109,1767240312,2026-01-01T12:05:12,0.075
7,100-109,1767240626,2026-01-01T12:10:26,0.075
7,100-109,1767240913,2026-01-01T12:15:13,0.075
7,100-109,1767241225,2026-01-01T12:20:25,0.075
7,100-109,1767241512,2026-01-01T12:25:12,0.075
7,100-109,1767241818,2026-01-01T12:30:18,0.075
7,100-109,1767242113,2026-01-01T12:35:13,0.075
7,100-109,1767242414,2026-01-01T12:40:14,0.075
7,100-109,1767242712,2026-01-01T12:45:12,0.075
7,100-109,1767243015,2026-01-01T12:50:15,0.075
7,100-109,1767243313,2026-01-01T12:55:13,0.075
7,100-109,1767243619,2026-01-01T13:00:19,0.075
7,100-109,1767243914,2026-01-01T13:05:14,0.075
7,100-109,1767244213,2026-01-01T13:10:13,0.075
7,100-109,1767244513,2026-01-01T13:15:13,0.075
7,100-109,1767244812,2026-01-01T13:20:12,0.075
7,100-109,1767245113,2026-01-01T13:25:13,0.075
7,100-109,1767245436,2026-01-01T13:30:36,0.075
7,100-109,1767245713,2026-01-01T13:35:13,0.075
7,100-109,1767246012,2026-01-01T13:40:12,0.075
7,100-109,1767246313,2026-01-01T13:45:13,0.075
7,100-109,1767246613,2026-01-01T13:50:13,0.075
7,100-109,1767246914,2026-01-01T13:55:14,0.075
7,100-109,1767247222,2026-01-01T14:00:22,0.075
7,100-109,1767247513,2026-01-01T14:05:13,0.075
7,100-109,1767247813,2026-01-01T14:10:13,0.075
7,100-109,1767248113,2026-01-01T14:15:13,0.075
7,100-109,1767248435,2026-01-01T14:20:35,0.075
7,100-109,1767248712,2026-01-01T14:25:12,0.075
7,100-109,1767249018,2026-01-01T14:30:18,0.075
7,100-109,1767249335,2026-01-01T14:35:35,0.075
7,100-109,1767249623,2026-01-01T14:40:23,0.075
7,100-109,1767249912,2026-01-01T14:45:12,0.075
7,100-109,1767250212,2026-01-01T14:50:12,0.075
7,100-109,1767250512,2026-01-01T14:55:12,0.075
7,100-109,1767250819,2026-01-01T15:00:19,0.075
7,100-109,1767251114,2026-01-01T15:05:14,0.075
7,100-109,1767251412,2026-01-01T15:10:12,0.075
7,100-109,1767251713,2026-01-01T15:15:13,0.075
7,100-109,1767252025,2026-01-01T15:20:25,0.075
7,100-109,1767252312,2026-01-01T15:25:12,0.075
7,100-109,1767252635,2026-01-01T15:30:35,0.075
7,100-109,1767252913,2026-01-01T15:35:13,0.075
7,100-109,1767253215,2026-01-01T15:40:15,0.075
7,100-109,1767253513,2026-01-01T15:45:13,0.075
7,100-109,1767253814,2026-01-01T15:50:14,0.075
7,100-109,1767254114,2026-01-01T15:55:14,0.075
7,100-109,1767254418,2026-01-01T16:00:18,0.075
7,100-109,1767254712,2026-01-01T16:05:12,0.075
7,100-109,1767255012,2026-01-01T16:10:12,0.075
7,100-109,1767255313,2026-01-01T16:15:13,0.075
7,100-109,1767255614,2026-01-01T16:20:14,0.075
7,100-109,1767255912,2026-01-01T16:25:12,0.075
7,100-109,1767256218,2026-01-01T16:30:18,0.075
7,100-109,1767256512,2026-01-01T16:35:12,0.075
7,100-109,1767256812,2026-01-01T16:40:12,0.075
7,100-109,1767257134,2026-01-01T16:45:34,0.075
7,100-109,1767257412,2026-01-01T16:50:12,0.075
7,100-109,1767257714,2026-01-01T16:55:14,0.075
7,100-109,1767258021,2026-01-01T17:00:21,0.075
7,100-109,1767258312,2026-01-01T17:05:12,0.075
7,100-109,1767258612,2026-01-01T17:10:12,0.075
7,100-109,1767258912,2026-01-01T17:15:12,0.075
7,100-109,1767259214,2026-01-01T17:20:14,0.075
7,100-109,1767259511,2026-01-01T17:25:11,0.075
7,100-109,1767259817,2026-01-01T17:30:17,0.075
7,100-109,1767260111,2026-01-01T17:35:11,0.075
7,100-109,1767260412,2026-01-01T17:40:12,0.075
7,100-109,1767260731,2026-01-01T17:45:31,0.075
7,100-109,1767261011,2026-01-01T17:50:11,0.075
7,100-109,1767261311,2026-01-01T17:55:11,0.075
7,100-109,1767261620,2026-01-01T18:00:20,0.075
7,100-109,1767261911,2026-01-01T18:05:11,0.075
7,100-109,1767262212,2026-01-01T18:10:12,0.075
7,100-109,1767262511,2026-01-01T18:15:11,0.075
7,100-109,1767262811,2026-01-01T18:20:11,0.075
7,100-109,1767263113,2026-01-01T18:25:13,0.075
7,100-109,1767263416,2026-01-01T18:30:16,0.075
7,100-109,1767263711,2026-01-01T18:35:11,0.075
7,100-109,1767264011,2026-01-01T18:40:11,0.075
7,100-109,1767264331,2026-01-01T18:45:31,0.075
7,100-109,1767264611,2026-01-01T18:50:11,0.075
7,100-109,1767264911,2026-01-01T18:55:11,0.075
7,100-109,1767265217,2026-01-01T19:00:17,0.075
7,100-109,1767265511,2026-01-01T19:05:11,0.075
7,100-109,1767265845,2026-01-01T19:10:45,0.075
7,100-109,1767266111,2026-01-01T19:15:11,0.075
7,100-109,1767266411,2026-01-01T19:20:11,0.075
7,100-109,1767266725,2026-01-01T19:25:25,0.075
7,100-109,1767267016,2026-01-01T19:30:16,0.075
7,100-109,1767267311,2026-01-01T19:35:11,0.075
7,100-109,1767267614,2026-01-01T19:40:14,0.075
7,100-109,1767267911,2026-01-01T19:45:11,0.075
7,100-109,1767268211,2026-01-01T19:50:11,0.075
7,100-109,1767268526,2026-01-01T19:55:26,0.075
7,100-109,1767268826,2026-01-01T20:00:26,0.075
7,100-109,1767269112,2026-01-01T20:05:12,0.075
7,100-109,1767269411,2026-01-01T20:10:11,0.075
7,100-109,1767269726,2026-01-01T20:15:26,0.075
7,100-109,1767270034,2026-01-01T20:20:34,0.075
7,100-109,1767270314,2026-01-01T20:25:14,0.075
7,100-109,1767270616,2026-01-01T20:30:16,0.06
7,100-109,1767270923,2026-01-01T20:35:23,0.06
7,100-109,1767271211,2026-01-01T20:40:11,0.06
7,100-109,1767271511,2026-01-01T20:45:11,0.055
7,100-109,1767271814,2026-01-01T20:50:14,0.05
7,100-109,1767272111,2026-01-01T20:55:11,0.04
7,100-109,1767272447,2026-01-01T21:00:47,0.04
7,100-109,1767272712,2026-01-01T21:05:12,0.04
7,100-109,1767273011,2026-01-01T21:10:11,0.04
7,100-109,1767273311,2026-01-01T21:15:11,0.04
7,100-109,1767273621,2026-01-01T21:20:21,0.04
7,100-109,1767273911,2026-01-01T21:25:11,0.04
7,100-109,1767274219,2026-01-01T21:30:19,0.04
7,100-109,1767274525,2026-01-01T21:35:25,0.04
7,100-109,1767274811,2026-01-01T21:40:11,0.04
7,100-109,1767275113,2026-01-01T21:45:13,0.04
7,100-109,1767275411,2026-01-01T21:50:11,0.04
7,100-109,1767275716,2026-01-01T21:55:16,0.04
7,100-109,1767276016,2026-01-01T22:00:16,0.04
7,100-109,1767276312,2026-01-01T22:05:12,0.04
7,100-109,1767276612,2026-01-01T22:10:12,0.04
7,100-109,1767276926,2026-01-01T22:15:26,0.04
7,100-109,1767277231,2026-01-01T22:20:31,0.04
7,100-109,1767277514,2026-01-01T22:25:14,0.04
7,100-109,1767277816,2026-01-01T22:30:16,0.04
7,100-109,1767278114,2026-01-01T22:35:14,0.04
7,100-109,1767278411,2026-01-01T22:40:11,0.04
7,100-109,1767278711,2026-01-01T22:45:11,0.04
7,100-109,1767279012,2026-01-01T22:50:12,0.04
7,100-109,1767279311,2026-01-01T22:55:11,0.04
7,100-109,1767279622,2026-01-01T23:00:22,0.04
7,100-109,1767279911,2026-01-01T23:05:11,0.04
7,100-109,1767280212,2026-01-01T23:10:12,0.04
7,100-109,1767280512,2026-01-01T23:15:12,0.04
7,100-109,1767280812,2026-01-01T23:20:12,0.04
7,100-109,1767281115,2026-01-01T23:25:15,0.04
7,100-109,1767281417,2026-01-01T23:30:17,0.04
7,100-109,1767281711,2026-01-01T23:35:11,0.04
7,100-109,1767282012,2026-01-01T23:40:12,0.04
7,100-109,1767282311,2026-01-01T23:45:11,0.04
7,100-109,1767282649,2026-01-01T23:50:49,0.035
7,100-109,1767282912,2026-01-01T23:55:12,0.035
7,100-109,1767283217,2026-01-02T00:00:17,0.0355
7,100-109,1767283511,2026-01-02T00:05:11,0.0355
7,100-109,1767283812,2026-01-02T00:10:12,0.0355
7,100-109,1767284112,2026-01-02T00:15:12,0.0355
7,100-109,1767284415,2026-01-02T00:20:15,0.0355
7,100-109,1767284711,2026-01-02T00:25:11,0.0355
7,100-109,1767285017,2026-01-02T00:30:17,0.0355
7,100-109,1767285311,2026-01-02T00:35:11,0.0355
7,100-109,1767285611,2026-01-02T00:40:11,0.0355
7,100-109,1767285916,2026-01-02T00:45:16,0.0355
7,100-109,1767286212,2026-01-02T00:50:12,0.0355
7,100-109,1767286511,2026-01-02T00:55:11,0.0355
7,100-109,1767286823,2026-01-02T01:00:23,0.0355
7,100-109,1767287132,2026-01-02T01:05:32,0.0355
7,100-109,1767287412,2026-01-02T01:10:12,0.0355
7,100-109,1767287711,2026-01-02T01:15:11,0.0355
7,100-109,1767288011,2026-01-02T01:20:11,0.0355
7,100-109,1767288327,2026-01-02T01:25:27,0.0355
7,100-109,1767288617,2026-01-02T01:30:17,0.0355
7,100-109,1767288917,2026-01-02T01:35:17,0.0355
7,100-109,1767289211,2026-01-02T01:40:11,0.0355
7,100-109,1767289512,2026-01-02T01:45:12,0.0355
7,100-109,1767289811,2026-01-02T01:50:11,0.0355
7,100-109,1767290116,2026-01-02T01:55:16,0.036
7,100-109,1767290421,2026-01-02T02:00:21,0.036
7,100-109,1767290712,2026-01-02T02:05:12,0.036
7,100-109,1767291012,2026-01-02T02:10:12,0.055
7,100-109,1767291312,2026-01-02T02:15:12,0.0365
7,100-109,1767291616,2026-01-02T02:20:16,0.0365
7,100-109,1767291912,2026-01-02T02:25:12,0.037
7,100-109,1767292217,2026-01-02T02:30:17,0.037
7,100-109,1767292512,2026-01-02T02:35:12,0.0525
7,100-109,1767292824,2026-01-02T02:40:24,0.0525
7,100-109,1767293129,2026-01-02T02:45:29,0.049
7,100-109,1767293412,2026-01-02T02:50:12,0.048
7,100-109,1767293711,2026-01-02T02:55:11,0.0465
7,100-109,1767294017,2026-01-02T03:00:17,0.054
7,100-109,1767294316,2026-01-02T03:05:16,0.054
7,100-109,1767294613,2026-01-02T03:10:13,0.039
7,100-109,1767294912,2026-01-02T03:15:12,0.045
7,100-109,1767295212,2026-01-02T03:20:12,0.042
7,100-109,1767295512,2026-01-02T03:25:12,0.0315
7,100-109,1767295837,2026-01-02T03:30:37,0.046
7,100-109,1767296112,2026-01-02T03:35:12,0.042
7,100-109,1767296412,2026-01-02T03:40:12,0.04
7,100-109,1767296711,2026-01-02T03:45:11,0.0375
7,100-109,1767297018,2026-01-02T03:50:18,0.022
7,100-109,1767297323,2026-01-02T03:55:23,0.0225
7,100-109,1767297630,2026-01-02T04:00:30,0.0235
7,100-109,1767297912,2026-01-02T04:05:12,0.0235
7,100-109,1767298212,2026-01-02T04:10:12,0.0235
7,100-109,1767298516,2026-01-02T04:15:16,0.0235
7,100-109,1767298824,2026-01-02T04:20:24,0.0235
7,100-109,1767299112,2026-01-02T04:25:12,0.0535
7,100-109,1767299432,2026-01-02T04:30:32,0.054
7,100-109,1767299724,2026-01-02T04:35:24,0.054
7,100-109,1767300033,2026-01-02T04:40:33,0.0535
7,100-109,1767300312,2026-01-02T04:45:12,0.055
7,100-109,1767300611,2026-01-02T04:50:11,0.054
7,100-109,1767300912,2026-01-02T04:55:12,0.0525
7,100-109,1767301219,2026-01-02T05:00:19,0.0515
7,100-109,1767301511,2026-01-02T05:05:11,0.042
7,100-109,1767301817,2026-01-02T05:10:17,0.042
7,100-109,1767302112,2026-01-02T05:15:12,0.019
7,100-109,1767302412,2026-01-02T05:20:12,0.019
7,100-109,1767302711,2026-01-02T05:25:11,0.0205
7,100-109,1767303017,2026-01-02T05:30:17,0.0205
7,100-109,1767303316,2026-01-02T05:35:16,0.0205
7,100-109,1767303612,2026-01-02T05:40:12,0.0205
7,100-109,1767303911,2026-01-02T05:45:11,0.0205
7,100-109,1767304212,2026-01-02T05:50:12,0.0205
7,100-109,1767304512,2026-01-02T05:55:12,0.0205
7,100-109,1767304838,2026-01-02T06:00:38,0.0305
7,100-109,1767305112,2026-01-02T06:05:12,0.0355
7,100-109,1767305412,2026-01-02T06:10:12,0.031
7,100-109,1767305712,2026-01-02T06:15:12,0.031
7,100-109,1767306012,2026-01-02T06:20:12,0.033
7,100-109,1767306312,2026-01-02T06:25:12,0.0305
7,100-109,1767306622,2026-01-02T06:30:22,0.0305
7,100-109,1767306911,2026-01-02T06:35:11,0.0305
7,100-109,1767307212,2026-01-02T06:40:12,0.0325
7,100-109,1767307512,2026-01-02T06:45:12,0.0335
7,100-109,1767307812,2026-01-02T06:50:12,0.032
7,100-109,1767308116,2026-01-02T06:55:16,0.0305
7,100-109,1767308418,2026-01-02T07:00:18,0.031
7,100-109,1767308733,2026-01-02T07:05:33,0.0355
7,100-109,1767309011,2026-01-02T07:10:11,0.0355
7,100-109,1767309311,2026-01-02T07:15:11,0.0355
7,100-109,1767309611,2026-01-02T07:20:11,0.0345
7,100-109,1767309911,2026-01-02T07:25:11,0.0355
7,100-109,1767310217,2026-01-02T07:30:17,0.035
7,100-109,1767310527,2026-01-02T07:35:27,0.0345
7,100-109,1767310811,2026-01-02T07:40:11,0.0315
7,100-109,1767311116,2026-01-02T07:45:16,0.029
7,100-109,1767311412,2026-01-02T07:50:12,0.0555
7,100-109,1767311712,2026-01-02T07:55:12,0.0555
7,100-109,1767312022,2026-01-02T08:00:22,0.0545
7,100-109,1767312311,2026-01-02T08:05:11,0.055
7,100-109,1767312617,2026-01-02T08:10:17,0.0545
7,100-109,1767312912,2026-01-02T08:15:12,0.0545
7,100-109,1767313212,2026-01-02T08:20:12,0.0545
7,100-109,1767313515,2026-01-02T08:25:15,0.055
7,100-109,1767313831,2026-01-02T08:30:31,0.055
7,100-109,1767314112,2026-01-02T08:35:12,0.056
7,100-109,1767314412,2026-01-02T08:40:12,0.055
7,100-109,1767314712,2026-01-02T08:45:12,0.06
7,100-109,1767315016,2026-01-02T08:50:16,0.12
7,100-109,1767315312,2026-01-02T08:55:12,0.121
7,100-109,1767315617,2026-01-02T09:00:17,0.1215
7,100-109,1767315911,2026-01-02T09:05:11,0.1205
7,100-109,1767316211,2026-01-02T09:10:11,0.117
7,100-109,1767316515,2026-01-02T09:15:15,0.1185
7,100-109,1767316811,2026-01-02T09:20:11,0.1175
7,100-109,1767317111,2026-01-02T09:25:11,0.117
7,100-109,1767317417,2026-01-02T09:30:17,0.1155
7,100-109,1767317711,2026-01-02T09:35:11,0.109
7,100-109,1767318016,2026-01-02T09:40:16,0.0625
7,100-109,1767318311,2026-01-02T09:45:11,0.06
7,100-109,1767318612,2026-01-02T09:50:12,0.057
7,100-109,1767318912,2026-01-02T09:55:12,0.087
7,100-109,1767319218,2026-01-02T10:00:18,0.086
7,100-109,1767319531,2026-01-02T10:05:31,0.066
7,100-109,1767319827,2026-01-02T10:10:27,0.0665
7,100-109,1767320115,2026-01-02T10:15:15,0.0675
7,100-109,1767320411,2026-01-02T10:20:11,0.0675
7,100-109,1767320712,2026-01-02T10:25:12,0.0675
7,100-109,1767321017,2026-01-02T10:30:17,0.0665
7,100-109,1767321329,2026-01-02T10:35:29,0.066
7,100-109,1767321622,2026-01-02T10:40:22,0.0665
7,100-109,1767321912,2026-01-02T10:45:12,0.0675
7,100-109,1767322227,2026-01-02T10:50:27,0.0675
7,100-109,1767322511,2026-01-02T10:55:11,0.0675
7,100-109,1767322841,2026-01-02T11:00:41,0.067
7,100-109,1767323112,2026-01-02T11:05:12,0.0675
7,100-109,1767323412,2026-01-02T11:10:12,0.0655
7,100-109,1767323711,2026-01-02T11:15:11,0.0675
7,100-109,1767324012,2026-01-02T11:20:12,0.0655
7,100-109,1767324311,2026-01-02T11:25:11,0.0675
7,100-109,1767324620,2026-01-02T11:30:20,0.0655
7,100-109,1767324912,2026-01-02T11:35:12,0.074
7,100-109,1767325212,2026-01-02T11:40:12,0.072
7,100-109,1767325532,2026-01-02T11:45:32,0.074
7,100-109,1767325811,2026-01-02T11:50:11,0.074
7,100-109,1767326111,2026-01-02T11:55:11,0.074
7,100-109,1767326417,2026-01-02T12:00:17,0.075
7,100-109,1767326711,2026-01-02T12:05:11,0.074
7,100-109,1767327012,2026-01-02T12:10:12,0.0725
7,100-109,1767327315,2026-01-02T12:15:15,0.075
7,100-109,1767327612,2026-01-02T12:20:12,0.0755
7,100-109,1767327912,2026-01-02T12:25:12,0.0755
7,100-109,1767328217,2026-01-02T12:30:17,0.0755
7,100-109,1767328511,2026-01-02T12:35:11,0.0765
7,100-109,1767328815,2026-01-02T12:40:15,0.077
7,100-109,1767329111,2026-01-02T12:45:11,0.077
7,100-109,1767329413,2026-01-02T12:50:13,0.077
7,100-109,1767329712,2026-01-02T12:55:12,0.077
7,100-109,1767330019,2026-01-02T13:00:19,0.077
7,100-109,1767330315,2026-01-02T13:05:15,0.0775
7,100-109,1767330614,2026-01-02T13:10:14,0.077
7,100-109,1767330912,2026-01-02T13:15:12,0.076
7,100-109,1767331216,2026-01-02T13:20:16,0.0775
7,100-109,1767331527,2026-01-02T13:25:27,0.077
7,100-109,1767331817,2026-01-02T13:30:17,0.076
7,100-109,1767332112,2026-01-02T13:35:12,0.0755
7,100-109,1767332412,2026-01-02T13:40:12,0.0755
7,100-109,1767332744,2026-01-02T13:45:44,0.077
7,100-109,1767333032,2026-01-02T13:50:32,0.077
7,100-109,1767333323,2026-01-02T13:55:23,0.078
7,100-109,1767333619,2026-01-02T14:00:19,0.076
7,100-109,1767333911,2026-01-02T14:05:11,0.0765
7,100-109,1767334212,2026-01-02T14:10:12,0.077
7,100-109,1767334512,2026-01-02T14:15:12,0.078
7,100-109,1767334827,2026-01-02T14:20:27,0.078
7,100-109,1767335121,2026-01-02T14:25:21,0.078
7,100-109,1767335418,2026-01-02T14:30:18,0.078
7,100-109,1767335715,2026-01-02T14:35:15,0.078
7,100-109,1767336015,2026-01-02T14:40:15,0.078
7,100-109,1767336311,2026-01-02T14:45:11,0.084
7,100-109,1767336612,2026-01-02T14:50:12,0.086
7,100-109,1767336912,2026-01-02T14:55:12,0.085
7,100-109,1767337217,2026-01-02T15:00:17,0.0855
7,100-109,1767337516,2026-01-02T15:05:16,0.068
7,100-109,1767337812,2026-01-02T15:10:12,0.084
7,100-109,1767338112,2026-01-02T15:15:12,0.0825
7,100-109,1767338413,2026-01-02T15:20:13,0.061
7,100-109,1767338711,2026-01-02T15:25:11,0.062
7,100-109,1767339038,2026-01-02T15:30:38,0.06
7,100-109,1767339312,2026-01-02T15:35:12,0.0585
7,100-109,1767339613,2026-01-02T15:40:13,0.0695
7,100-109,1767339911,2026-01-02T15:45:11,0.0685
7,100-109,1767340212,2026-01-02T15:50:12,0.069
7,100-109,1767340512,2026-01-02T15:55:12,0.07
7,100-109,1767340822,2026-01-02T16:00:22,0.069
7,100-109,1767341112,2026-01-02T16:05:12,0.07
7,100-109,1767341412,2026-01-02T16:10:12,0.0685
7,100-109,1767341716,2026-01-02T16:15:16,0.0655
7,100-109,1767342012,2026-01-02T16:20:12,0.0635
7,100-109,1767342312,2026-01-02T16:25:12,0.0625
7,100-109,1767342618,2026-01-02T16:30:18,0.061
7,100-109,1767342911,2026-01-02T16:35:11,0.0595
7,100-109,1767343216,2026-01-02T16:40:16,0.062
7,100-109,1767343512,2026-01-02T16:45:12,0.062
7,100-109,1767343828,2026-01-02T16:50:28,0.062
7,100-109,1767344112,2026-01-02T16:55:12,0.062
7,100-109,1767344420,2026-01-02T17:00:20,0.062
7,100-109,1767344716,2026-01-02T17:05:16,0.057
7,100-109,1767345011,2026-01-02T17:10:11,0.0575
7,100-109,1767345312,2026-01-02T17:15:12,0.058
7,100-109,1767345612,2026-01-02T17:20:12,0.058
7,100-109,1767345912,2026-01-02T17:25:12,0.058
7,100-109,1767346221,2026-01-02T17:30:21,0.058
7,100-109,1767346512,2026-01-02T17:35:12,0.0885
7,100-109,1767346812,2026-01-02T17:40:12,0.09
7,100-109,1767347120,2026-01-02T17:45:20,0.09
7,100-109,1767347411,2026-01-02T17:50:11,0.09
7,100-109,1767347711,2026-01-02T17:55:11,0.0975
7,100-109,1767348020,2026-01-02T18:00:20,0.0835
7,100-109,1767348323,2026-01-02T18:05:23,0.0835
7,100-109,1767348632,2026-01-02T18:10:32,0.0855
7,100-109,1767348912,2026-01-02T18:15:12,0.0825
7,100-109,1767349213,2026-01-02T18:20:13,0.089
7,100-109,1767349516,2026-01-02T18:25:16,0.089
7,100-109,1767349817,2026-01-02T18:30:17,0.09
7,100-109,1767350125,2026-01-02T18:35:25,0.09
7,100-109,1767350412,2026-01-02T18:40:12,0.09
7,100-109,1767350712,2026-01-02T18:45:12,0.09
7,100-109,1767351016,2026-01-02T18:50:16,0.09
7,100-109,1767351311,2026-01-02T18:55:11,0.095
7,100-109,1767351619,2026-01-02T19:00:19,0.095
7,100-109,1767351912,2026-01-02T19:05:12,0.095
7,100-109,1767352212,2026-01-02T19:10:12,0.095
7,100-109,1767352516,2026-01-02T19:15:16,0.095
7,100-109,1767352812,2026-01-02T19:20:12,0.0945
7,100-109,1767353125,2026-01-02T19:25:25,0.0945
7,100-109,1767353421,2026-01-02T19:30:21,0.0935
7,100-109,1767353712,2026-01-02T19:35:12,0.09
7,100-109,1767354012,2026-01-02T19:40:12,0.09
7,100-109,1767354312,2026-01-02T19:45:12,0.09
7,100-109,1767354627,2026-01-02T19:50:27,0.088
7,100-109,1767354912,2026-01-02T19:55:12,0.087
7,100-109,1767355223,2026-01-02T20:00:23,0.0815
7,100-109,1767355512,2026-01-02T20:05:12,0.0795
7,100-109,1767355812,2026-01-02T20:10:12,0.081
7,100-109,1767356116,2026-01-02T20:15:16,0.0815
7,100-109,1767356414,2026-01-02T20:20:14,0.0815
7,100-109,1767356712,2026-01-02T20:25:12,0.084
7,100-109,1767357017,2026-01-02T20:30:17,0.0835
7,100-109,1767357312,2026-01-02T20:35:12,0.084
7,100-109,1767357615,2026-01-02T20:40:15,0.08
7,100-109,1767357925,2026-01-02T20:45:25,0.08
7,100-109,1767358212,2026-01-02T20:50:12,0.08
7,100-109,1767358512,2026-01-02T20:55:12,0.0795
7,100-109,1767358818,2026-01-02T21:00:18,0.08
7,100-109,1767359115,2026-01-02T21:05:15,0.0795
7,100-109,1767359426,2026-01-02T21:10:26,0.08
7,100-109,1767359713,2026-01-02T21:15:13,0.075
7,100-109,1767360025,2026-01-02T21:20:25,0.0785
7,100-109,1767360323,2026-01-02T21:25:23,0.0785
7,100-109,1767360621,2026-01-02T21:30:21,0.0785
7,100-109,1767360923,2026-01-02T21:35:23,0.0785
7,100-109,1767361212,2026-01-02T21:40:12,0.0785
7,100-109,1767361513,2026-01-02T21:45:13,0.0785
7,100-109,1767361812,2026-01-02T21:50:12,0.0785
7,100-109,1767362130,2026-01-02T21:55:30,0.0785
7,100-109,1767362418,2026-01-02T22:00:18,0.0795
7,100-109,1767362713,2026-01-02T22:05:13,0.08
7,100-109,1767363012,2026-01-02T22:10:12,0.0805
7,100-109,1767363325,2026-01-02T22:15:25,0.0805
7,100-109,1767363636,2026-01-02T22:20:36,0.0805
7,100-109,1767363913,2026-01-02T22:25:13,0.079
7,100-109,1767364217,2026-01-02T22:30:17,0.0795
7,100-109,1767364512,2026-01-02T22:35:12,0.081
7,100-109,1767364813,2026-01-02T22:40:13,0.0805
7,100-109,1767365129,2026-01-02T22:45:29,0.082
7,100-109,1767365412,2026-01-02T22:50:12,0.0815
7,100-109,1767365711,2026-01-02T22:55:11,0.0815
7,100-109,1767366022,2026-01-02T23:00:22,0.0815
7,100-109,1767366312,2026-01-02T23:05:12,0.082
7,100-109,1767366616,2026-01-02T23:10:16,0.082
7,100-109,1767366913,2026-01-02T23:15:13,0.082
7,100-109,1767367212,2026-01-02T23:20:12,0.082
7,100-109,1767367513,2026-01-02T23:25:13,0.082
7,100-109,1767367817,2026-01-02T23:30:17,0.082
7,100-109,1767368143,2026-01-02T23:35:43,0.082
7,100-109,1767368412,2026-01-02T23:40:12,0.082
7,100-109,1767368712,2026-01-02T23:45:12,0.082
7,100-109,1767369012,2026-01-02T23:50:12,0.0815
7,100-109,1767369312,2026-01-02T23:55:12,0.081
7,100-109,1767369619,2026-01-03T00:00:19,0.081
7,100-109,1767369916,2026-01-03T00:05:16,0.082
7,100-109,1767370212,2026-01-03T00:10:12,0.082
7,100-109,1767370515,2026-01-03T00:15:15,0.0785
7,100-109,1767370815,2026-01-03T00:20:15,0.0985
7,100-109,1767371112,2026-01-03T00:25:12,0.143
7,100-109,1767371418,2026-01-03T00:30:18,0.152
7,100-109,1767371712,2026-01-03T00:35:12,0.1205
7,100-109,1767372012,2026-01-03T00:40:12,0.1205
7,100-109,1767372317,2026-01-03T00:45:17,0.15
7,100-109,1767372624,2026-01-03T00:50:24,0.1495
7,100-109,1767372912,2026-01-03T00:55:12,0.1445
7,100-109,1767373223,2026-01-03T01:00:23,0.1135
7,100-109,1767373513,2026-01-03T01:05:13,0.0975
7,100-109,1767373815,2026-01-03T01:10:15,0.1105
7,100-109,1767374113,2026-01-03T01:15:13,0.09
7,100-109,1767374415,2026-01-03T01:20:15,0.09
7,100-109,1767374713,2026-01-03T01:25:13,0.0325
7,100-109,1767375018,2026-01-03T01:30:18,0.016
7,100-109,1767375333,2026-01-03T01:35:33,0.032
7,100-109,1767375616,2026-01-03T01:40:16,0.0235
7,100-109,1767375913,2026-01-03T01:45:13,0.0235
7,100-109,1767376227,2026-01-03T01:50:27,0.0225
7,100-109,1767376513,2026-01-03T01:55:13,0.013
7,100-109,1767376836,2026-01-03T02:00:36,0.0225
7,100-109,1767377116,2026-01-03T02:05:16,0.0225
7,100-109,1767377412,2026-01-03T02:10:12,0.022
7,100-109,1767377727,2026-01-03T02:15:27,0.0215
7,100-109,1767378012,2026-01-03T02:20:12,0.02
7,100-109,1767378313,2026-01-03T02:25:13,0.02
7,100-109,1767378622,2026-01-03T02:30:22,0.0175
7,100-109,1767378928,2026-01-03T02:35:28,0.0055
7,100-109,1767379228,2026-01-03T02:40:28,0.0055
7,100-109,1767379512,2026-01-03T02:45:12,0.0045
7,100-109,1767379813,2026-01-03T02:50:13,0.0045
7,100-109,1767380116,2026-01-03T02:55:16,0.0025
7,100-109,1767380422,2026-01-03T03:00:22,0.002
7,100-109,1767380713,2026-01-03T03:05:13,0.0015
7,100-109,1767381014,2026-01-03T03:10:14,0.0015
7,100-109,1767381312,2026-01-03T03:15:12,0.0015
7,100-109,1767381613,2026-01-03T03:20:13,0.003
7,100-109,1767381917,2026-01-03T03:25:17,0.003
7,100-109,1767382218,2026-01-03T03:30:18,0.003
7,100-109,1767382512,2026-01-03T03:35:12,0.003
7,100-109,1767382812,2026-01-03T03:40:12,0.014
7,100-109,1767383112,2026-01-03T03:45:12,0.014
7,100-109,1767383429,2026-01-03T03:50:29,0.014
7,100-109,1767383712,2026-01-03T03:55:12,0.005
7,100-109,1767384020,2026-01-03T04:00:20,0.0055
7,100-109,1767384313,2026-01-03T04:05:13,0.0055
7,100-109,1767384613,2026-01-03T04:10:13,0.0055
7,100-109,1767384917,2026-01-03T04:15:17,0.0055
7,100-109,1767385213,2026-01-03T04:20:13,0.0055
7,100-109,1767385513,2026-01-03T04:25:13,0.0055
7,100-109,1767385822,2026-01-03T04:30:22,0.0055
7,100-109,1767386112,2026-01-03T04:35:12,0.0055
7,100-109,1767386412,2026-01-03T04:40:12,0.0055
7,100-109,1767386724,2026-01-03T04:45:24,0.0055
7,100-109,1767387016,2026-01-03T04:50:16,0.0055
7,100-109,1767387313,2026-01-03T04:55:13,0.014
7,100-109,1767387622,2026-01-03T05:00:22,0.014
7,100-109,1767387935,2026-01-03T05:05:35,0.014
7,100-109,1767388213,2026-01-03T05:10:13,0.0145
7,100-109,1767388513,2026-01-03T05:15:13,0.0145
7,100-109,1767388813,2026-01-03T05:20:13,0.011
7,100-109,1767389112,2026-01-03T05:25:12,0.015
7,100-109,1767389418,2026-01-03T05:30:18,0.015
7,100-109,1767389728,2026-01-03T05:35:28,0.0155
7,100-109,1767390012,2026-01-03T05:40:12,0.012
7,100-109,1767390312,2026-01-03T05:45:12,0.0155
7,100-109,1767390613,2026-01-03T05:50:13,0.0155
7,100-109,1767390912,2026-01-03T05:55:12,0.0155
7,100-109,1767391222,2026-01-03T06:00:22,0.015
7,100-109,1767391513,2026-01-03T06:05:13,0.0165
7,100-109,1767391813,2026-01-03T06:10:13,0.0165
7,100-109,1767392113,2026-01-03T06:15:13,0.0125
7,100-109,1767392413,2026-01-03T06:20:13,0.0115
7,100-109,1767392717,2026-01-03T06:25:17,0.013
7,100-109,1767393019,2026-01-03T06:30:19,0.0125
7,100-109,1767393313,2026-01-03T06:35:13,0.012
7,100-109,1767393613,2026-01-03T06:40:13,0.01
7,100-109,1767393912,2026-01-03T06:45:12,0.01
7,100-109,1767394217,2026-01-03T06:50:17,0.01
7,100-109,1767394513,2026-01-03T06:55:13,0.005
7,100-109,1767394819,2026-01-03T07:00:19,0.005
7,100-109,1767395112,2026-01-03T07:05:12,0.009
7,100-109,1767395413,2026-01-03T07:10:13,0.0055
7,100-109,1767395747,2026-01-03T07:15:47,0.009
7,100-109,1767396013,2026-01-03T07:20:13,0.01
7,100-109,1767396313,2026-01-03T07:25:13,0.012
7,100-109,1767396618,2026-01-03T07:30:18,0.0115
7,100-109,1767396912,2026-01-03T07:35:12,0.0115
7,100-109,1767397212,2026-01-03T07:40:12,0.0145
7,100-109,1767397517,2026-01-03T07:45:17,0.0145
7,100-109,1767397812,2026-01-03T07:50:12,0.0155
7,100-109,1767398113,2026-01-03T07:55:13,0.0155
7,100-109,1767398420,2026-01-03T08:00:20,0.0135
7,100-109,1767398712,2026-01-03T08:05:12,0.0135
7,100-109,1767399024,2026-01-03T08:10:24,0.0155
7,100-109,1767399313,2026-01-03T08:15:13,0.015
7,100-109,1767399613,2026-01-03T08:20:13,0.014
7,100-109,1767399912,2026-01-03T08:25:12,0.0125
7,100-109,1767400213,2026-01-03T08:30:13,0.005
7,100-109,1767400512,2026-01-03T08:35:12,0.0045
7,100-109,1767400812,2026-01-03T08:40:12,0.004
7,100-109,1767401112,2026-01-03T08:45:12,0.005
7,100-109,1767401412,2026-01-03T08:50:12,0.004
7,100-109,1767401713,2026-01-03T08:55:13,0.0035
7,100-109,1767402313,2026-01-03T09:05:13,0.003
7,100-109,1767402612,2026-01-03T09:10:12,0.0025
7,100-109,1767402912,2026-01-03T09:15:12,0.0025
7,100-109,1767403212,2026-01-03T09:20:12,0.0025
7,100-109,1767403512,2026-01-03T09:25:12,0.003
7,100-109,1767403813,2026-01-03T09:30:13,0.003
7,100-109,1767404112,2026-01-03T09:35:12,0.003
7,100-109,1767404412,2026-01-03T09:40:12,0.003
7,100-109,1767404712,2026-01-03T09:45:12,0.005
7,100-109,1767405028,2026-01-03T09:50:28,0.005
7,100-109,1767405313,2026-01-03T09:55:13,0.005
7,100-109,1767405614,2026-01-03T10:00:14,0.005
7,100-109,1767405912,2026-01-03T10:05:12,0.005
7,100-109,1767406213,2026-01-03T10:10:13,0.005
7,100-109,1767406513,2026-01-03T10:15:13,0.004
7,100-109,1767406812,2026-01-03T10:20:12,0.004
7,100-109,1767407113,2026-01-03T10:25:13,0.0025
7,100-109,1767407414,2026-01-03T10:30:14,0.004
7,100-109,1767407713,2026-01-03T10:35:13,0.004
7,100-109,1767408027,2026-01-03T10:40:27,0.003
7,100-109,1767408312,2026-01-03T10:45:12,0.0005
7,100-109,1767408613,2026-01-03T10:50:13,0.0035
7,100-109,1767408913,2026-01-03T10:55:13,0.0015
7,100-109,1767409217,2026-01-03T11:00:17,0.003
7,100-109,1767409513,2026-01-03T11:05:13,0.003
7,100-109,1767409827,2026-01-03T11:10:27,0.002
7,100-109,1767410113,2026-01-03T11:15:13,0.0005
7,100-109,1767410432,2026-01-03T11:20:32,0.0005
7,100-109,1767410713,2026-01-03T11:25:13,0.0005
7,100-109,1767411014,2026-01-03T11:30:14,0.0005
7,100-109,1767411312,2026-01-03T11:35:12,0.0005
7,100-109,1767411612,2026-01-03T11:40:12,0.0005
7,100-109,1767411913,2026-01-03T11:45:13,0.0005
7,100-109,1767412214,2026-01-03T11:50:14,0.0005
7,100-109,1767412512,2026-01-03T11:55:12,0.0005
7,100-109,1767412827,2026-01-03T12:00:27,0.0005
7,100-109,1767413126,2026-01-03T12:05:26,0.0005
7,100-109,1767413412,2026-01-03T12:10:12,0.0005
7,100-109,1767413712,2026-01-03T12:15:12,0.0005
7,100-109,1767414013,2026-01-03T12:20:13,0.0005
7,100-109,1767414313,2026-01-03T12:25:13,0.0005
7,100-109,1767414615,2026-01-03T12:30:15,0.0005
7,100-109,1767414912,2026-01-03T12:35:12,0.0005
7,100-109,1767415212,2026-01-03T12:40:12,0.0005
7,100-109,1767415512,2026-01-03T12:45:12,0.0005
7,100-109,1767415813,2026-01-03T12:50:13,0.0005
7,100-109,1767416113,2026-01-03T12:55:13,0.0005
7,100-109,1767416427,2026-01-03T13:00:27,0.0005
7,100-109,1767416712,2026-01-03T13:05:12,0.0005
7,100-109,1767417013,2026-01-03T13:10:13,0.0005
7,100-109,1767417313,2026-01-03T13:15:13,0.0005
7,100-109,1767417614,2026-01-03T13:20:14,0.0005
7,100-109,1767417912,2026-01-03T13:25:12,0.0005
7,100-109,1767418215,2026-01-03T13:30:15,0.0005
7,100-109,1767418514,2026-01-03T13:35:14,0.0005
7,100-109,1767418812,2026-01-03T13:40:12,0.0005
7,100-109,1767419112,2026-01-03T13:45:12,0.0005
7,100-109,1767419413,2026-01-03T13:50:13,0.0005
7,100-109,1767419727,2026-01-03T13:55:27,0.0005
7,100-109,1767420039,2026-01-03T14:00:39,0.0005
7,100-109,1767420314,2026-01-03T14:05:14,0.0005
7,100-109,1767420613,2026-01-03T14:10:13,0.0005
7,100-109,1767420912,2026-01-03T14:15:12,0.0005
7,100-109,1767421213,2026-01-03T14:20:13,0.0005
7,100-109,1767421515,2026-01-03T14:25:15,0.0005
7,100-109,1767421815,2026-01-03T14:30:15,0.0005
7,100-109,1767422113,2026-01-03T14:35:13,0.0005
8,110-119,1767044110,2025-12-30T05:35:10,0.5
8,110-119,1767044410,2025-12-30T05:40:10,0.5
8,110-119,1767044709,2025-12-30T05:45:09,0.5
8,110-119,1767045009,2025-12-30T05:50:09,0.16
8,110-119,1767045310,2025-12-30T05:55:10,0.155
8,110-119,1767045614,2025-12-30T06:00:14,0.165
8,110-119,1767045910,2025-12-30T06:05:10,0.165
8,110-119,1767046213,2025-12-30T06:10:13,0.165
8,110-119,1767046510,2025-12-30T06:15:10,0.165
8,110-119,1767046823,2025-12-30T06:20:23,0.165
8,110-119,1767047110,2025-12-30T06:25:10,0.165
8,110-119,1767047412,2025-12-30T06:30:12,0.16
8,110-119,1767047712,2025-12-30T06:35:12,0.16
8,110-119,1767048010,2025-12-30T06:40:10,0.16
8,110-119,1767048310,2025-12-30T06:45:10,0.15
8,110-119,1767048610,2025-12-30T06:50:10,0.15
8,110-119,1767048910,2025-12-30T06:55:10,0.15
8,110-119,1767049225,2025-12-30T07:00:25,0.16
8,110-119,1767049526,2025-12-30T07:05:26,0.165
8,110-119,1767049810,2025-12-30T07:10:10,0.165
8,110-119,1767050110,2025-12-30T07:15:10,0.195
8,110-119,1767050410,2025-12-30T07:20:10,0.19
8,110-119,1767050710,2025-12-30T07:25:10,0.195
8,110-119,1767051025,2025-12-30T07:30:25,0.195
8,110-119,1767051310,2025-12-30T07:35:10,0.195
8,110-119,1767051610,2025-12-30T07:40:10,0.14
8,110-119,1767051910,2025-12-30T07:45:10,0.14
8,110-119,1767052223,2025-12-30T07:50:23,0.14
8,110-119,1767052510,2025-12-30T07:55:10,0.145
8,110-119,1767052819,2025-12-30T08:00:19,0.145
8,110-119,1767053110,2025-12-30T08:05:10,0.145
8,110-119,1767053410,2025-12-30T08:10:10,0.145
8,110-119,1767053710,2025-12-30T08:15:10,0.145
8,110-119,1767054011,2025-12-30T08:20:11,0.145
8,110-119,1767054310,2025-12-30T08:25:10,0.145
8,110-119,1767054613,2025-12-30T08:30:13,0.14
8,110-119,1767054910,2025-12-30T08:35:10,0.14
8,110-119,1767055210,2025-12-30T08:40:10,0.145
8,110-119,1767055510,2025-12-30T08:45:10,0.14
8,110-119,1767055810,2025-12-30T08:50:10,0.125
8,110-119,1767056110,2025-12-30T08:55:10,0.115
8,110-119,1767056412,2025-12-30T09:00:12,0.115
8,110-119,1767056710,2025-12-30T09:05:10,0.115
8,110-119,1767057010,2025-12-30T09:10:10,0.115
8,110-119,1767057310,2025-12-30T09:15:10,0.115
8,110-119,1767057610,2025-12-30T09:20:10,0.11
8,110-119,1767057910,2025-12-30T09:25:10,0.115
8,110-119,1767058213,2025-12-30T09:30:13,0.115
8,110-119,1767058510,2025-12-30T09:35:10,0.115
8,110-119,1767058811,2025-12-30T09:40:11,0.115
8,110-119,1767059110,2025-12-30T09:45:10,0.115
8,110-119,1767059425,2025-12-30T09:50:25,0.115
8,110-119,1767059710,2025-12-30T09:55:10,0.115
8,110-119,1767060013,2025-12-30T10:00:13,0.115
8,110-119,1767060310,2025-12-30T10:05:10,0.115
8,110-119,1767060610,2025-12-30T10:10:10,0.11
8,110-119,1767060910,2025-12-30T10:15:10,0.085
8,110-119,1767061210,2025-12-30T10:20:10,0.085
8,110-119,1767061510,2025-12-30T10:25:10,0.085
8,110-119,1767061813,2025-12-30T10:30:13,0.085
8,110-119,1767062110,2025-12-30T10:35:10,0.085
8,110-119,1767062410,2025-12-30T10:40:10,0.085
8,110-119,1767062711,2025-12-30T10:45:11,0.085
8,110-119,1767063019,2025-12-30T10:50:19,0.085
8,110-119,1767063310,2025-12-30T10:55:10,0.085
8,110-119,1767063615,2025-12-30T11:00:15,0.085
8,110-119,1767063910,2025-12-30T11:05:10,0.085
8,110-119,1767064210,2025-12-30T11:10:10,0.085
8,110-119,1767064510,2025-12-30T11:15:10,0.085
8,110-119,1767064810,2025-12-30T11:20:10,0.085
8,110-119,1767065124,2025-12-30T11:25:24,0.085
8,110-119,1767065412,2025-12-30T11:30:12,0.085
8,110-119,1767065710,2025-12-30T11:35:10,0.085
8,110-119,1767066010,2025-12-30T11:40:10,0.085
8,110-119,1767066310,2025-12-30T11:45:10,0.085
8,110-119,1767066611,2025-12-30T11:50:11,0.085
8,110-119,1767066910,2025-12-30T11:55:10,0.085
8,110-119,1767067213,2025-12-30T12:00:13,0.085
8,110-119,1767067510,2025-12-30T12:05:10,0.085
8,110-119,1767067811,2025-12-30T12:10:11,0.085
8,110-119,1767068110,2025-12-30T12:15:10,0.085
8,110-119,1767068410,2025-12-30T12:20:10,0.085
8,110-119,1767068710,2025-12-30T12:25:10,0.085
8,110-119,1767069013,2025-12-30T12:30:13,0.085
8,110-119,1767069310,2025-12-30T12:35:10,0.085
8,110-119,1767069610,2025-12-30T12:40:10,0.08
8,110-119,1767069910,2025-12-30T12:45:10,0.08
8,110-119,1767070211,2025-12-30T12:50:11,0.08
8,110-119,1767070510,2025-12-30T12:55:10,0.08
8,110-119,1767070824,2025-12-30T13:00:24,0.08
8,110-119,1767071110,2025-12-30T13:05:10,0.085
8,110-119,1767071410,2025-12-30T13:10:10,0.085
8,110-119,1767071710,2025-12-30T13:15:10,0.085
8,110-119,1767072021,2025-12-30T13:20:21,0.085
8,110-119,1767072310,2025-12-30T13:25:10,0.085
8,110-119,1767072614,2025-12-30T13:30:14,0.085
8,110-119,1767072910,2025-12-30T13:35:10,0.085
8,110-119,1767073210,2025-12-30T13:40:10,0.08
8,110-119,1767073510,2025-12-30T13:45:10,0.08
8,110-119,1767073809,2025-12-30T13:50:09,0.085
8,110-119,1767074110,2025-12-30T13:55:10,0.085
8,110-119,1767074414,2025-12-30T14:00:14,0.085
8,110-119,1767074710,2025-12-30T14:05:10,0.085
8,110-119,1767075010,2025-12-30T14:10:10,0.085
8,110-119,1767075310,2025-12-30T14:15:10,0.085
8,110-119,1767075611,2025-12-30T14:20:11,0.085
8,110-119,1767075910,2025-12-30T14:25:10,0.085
8,110-119,1767076213,2025-12-30T14:30:13,0.085
8,110-119,1767076521,2025-12-30T14:35:21,0.08
8,110-119,1767076810,2025-12-30T14:40:10,0.08
8,110-119,1767077110,2025-12-30T14:45:10,0.08
8,110-119,1767077422,2025-12-30T14:50:22,0.085
8,110-119,1767077710,2025-12-30T14:55:10,0.08
8,110-119,1767078018,2025-12-30T15:00:18,0.08
8,110-119,1767078310,2025-12-30T15:05:10,0.08
8,110-119,1767078610,2025-12-30T15:10:10,0.08
8,110-119,1767078910,2025-12-30T15:15:10,0.085
8,110-119,1767079210,2025-12-30T15:20:10,0.085
8,110-119,1767079510,2025-12-30T15:25:10,0.085
8,110-119,1767079824,2025-12-30T15:30:24,0.085
8,110-119,1767080111,2025-12-30T15:35:11,0.085
8,110-119,1767080410,2025-12-30T15:40:10,0.085
8,110-119,1767080710,2025-12-30T15:45:10,0.085
8,110-119,1767081010,2025-12-30T15:50:10,0.085
8,110-119,1767081310,2025-12-30T15:55:10,0.085
8,110-119,1767081614,2025-12-30T16:00:14,0.085
8,110-119,1767081910,2025-12-30T16:05:10,0.145
8,110-119,1767082209,2025-12-30T16:10:09,0.145
8,110-119,1767082511,2025-12-30T16:15:11,0.145
8,110-119,1767082810,2025-12-30T16:20:10,0.145
8,110-119,1767083111,2025-12-30T16:25:11,0.145
8,110-119,1767083413,2025-12-30T16:30:13,0.145
8,110-119,1767083710,2025-12-30T16:35:10,0.145
8,110-119,1767084024,2025-12-30T16:40:24,0.145
8,110-119,1767084310,2025-12-30T16:45:10,0.145
8,110-119,1767084611,2025-12-30T16:50:11,0.145
8,110-119,1767084910,2025-12-30T16:55:10,0.145
8,110-119,1767085216,2025-12-30T17:00:16,0.145
8,110-119,1767085510,2025-12-30T17:05:10,0.145
8,110-119,1767085811,2025-12-30T17:10:11,0.145
8,110-119,1767086112,2025-12-30T17:15:12,0.145
8,110-119,1767086409,2025-12-30T17:20:09,0.145
8,110-119,1767086710,2025-12-30T17:25:10,0.145
8,110-119,1767087013,2025-12-30T17:30:13,0.145
8,110-119,1767087310,2025-12-30T17:35:10,0.145
8,110-119,1767087611,2025-12-30T17:40:11,0.145
8,110-119,1767087910,2025-12-30T17:45:10,0.145
8,110-119,1767088209,2025-12-30T17:50:09,0.145
8,110-119,1767088509,2025-12-30T17:55:09,0.145
8,110-119,1767088813,2025-12-30T18:00:13,0.145
8,110-119,1767089121,2025-12-30T18:05:21,0.145
8,110-119,1767089410,2025-12-30T18:10:10,0.145
8,110-119,1767089710,2025-12-30T18:15:10,0.145
8,110-119,1767090010,2025-12-30T18:20:10,0.145
8,110-119,1767090321,2025-12-30T18:25:21,0.145
8,110-119,1767090613,2025-12-30T18:30:13,0.145
8,110-119,1767090911,2025-12-30T18:35:11,0.145
8,110-119,1767091209,2025-12-30T18:40:09,0.145
8,110-119,1767091509,2025-12-30T18:45:09,0.145
8,110-119,1767091810,2025-12-30T18:50:10,0.145
8,110-119,1767092110,2025-12-30T18:55:10,0.145
8,110-119,1767092416,2025-12-30T19:00:16,0.145
8,110-119,1767092724,2025-12-30T19:05:24,0.145
8,110-119,1767093010,2025-12-30T19:10:10,0.145
8,110-119,1767093310,2025-12-30T19:15:10,0.145
8,110-119,1767093612,2025-12-30T19:20:12,0.145
8,110-119,1767093910,2025-12-30T19:25:10,0.145
8,110-119,1767094224,2025-12-30T19:30:24,0.145
8,110-119,1767094510,2025-12-30T19:35:10,0.145
8,110-119,1767094810,2025-12-30T19:40:10,0.145
8,110-119,1767095111,2025-12-30T19:45:11,0.145
8,110-119,1767095410,2025-12-30T19:50:10,0.145
8,110-119,1767095709,2025-12-30T19:55:09,0.145
8,110-119,1767096018,2025-12-30T20:00:18,0.145
8,110-119,1767096310,2025-12-30T20:05:10,0.145
8,110-119,1767096610,2025-12-30T20:10:10,0.145
8,110-119,1767096910,2025-12-30T20:15:10,0.145
8,110-119,1767097210,2025-12-30T20:20:10,0.145
8,110-119,1767097511,2025-12-30T20:25:11,0.145
8,110-119,1767097813,2025-12-30T20:30:13,0.145
8,110-119,1767098110,2025-12-30T20:35:10,0.145
8,110-119,1767098410,2025-12-30T20:40:10,0.145
8,110-119,1767098710,2025-12-30T20:45:10,0.145
8,110-119,1767099011,2025-12-30T20:50:11,0.155
8,110-119,1767099310,2025-12-30T20:55:10,0.155
8,110-119,1767099613,2025-12-30T21:00:13,0.155
8,110-119,1767099910,2025-12-30T21:05:10,0.155
8,110-119,1767100210,2025-12-30T21:10:10,0.155
8,110-119,1767100512,2025-12-30T21:15:12,0.155
8,110-119,1767100810,2025-12-30T21:20:10,0.155
8,110-119,1767101122,2025-12-30T21:25:22,0.155
8,110-119,1767101413,2025-12-30T21:30:13,0.155
8,110-119,1767101710,2025-12-30T21:35:10,0.155
8,110-119,1767102012,2025-12-30T21:40:12,0.155
8,110-119,1767102310,2025-12-30T21:45:10,0.155
8,110-119,1767102611,2025-12-30T21:50:11,0.155
8,110-119,1767102911,2025-12-30T21:55:11,0.155
8,110-119,1767103213,2025-12-30T22:00:13,0.155
8,110-119,1767103522,2025-12-30T22:05:22,0.155
8,110-119,1767103810,2025-12-30T22:10:10,0.155
8,110-119,1767104110,2025-12-30T22:15:10,0.155
8,110-119,1767104410,2025-12-30T22:20:10,0.155
8,110-119,1767104712,2025-12-30T22:25:12,0.155
8,110-119,1767105013,2025-12-30T22:30:13,0.155
8,110-119,1767105311,2025-12-30T22:35:11,0.155
8,110-119,1767105610,2025-12-30T22:40:10,0.155
8,110-119,1767105909,2025-12-30T22:45:09,0.155
8,110-119,1767106212,2025-12-30T22:50:12,0.155
8,110-119,1767106510,2025-12-30T22:55:10,0.155
8,110-119,1767106815,2025-12-30T23:00:15,0.155
8,110-119,1767107112,2025-12-30T23:05:12,0.155
8,110-119,1767107410,2025-12-30T23:10:10,0.155
8,110-119,1767107710,2025-12-30T23:15:10,0.155
8,110-119,1767108025,2025-12-30T23:20:25,0.155
8,110-119,1767108310,2025-12-30T23:25:10,0.165
8,110-119,1767108615,2025-12-30T23:30:15,0.165
8,110-119,1767108923,2025-12-30T23:35:23,0.155
8,110-119,1767109211,2025-12-30T23:40:11,0.16
8,110-119,1767109510,2025-12-30T23:45:10,0.16
8,110-119,1767109810,2025-12-30T23:50:10,0.165
8,110-119,1767110112,2025-12-30T23:55:12,0.155
8,110-119,1767110414,2025-12-31T00:00:14,0.165
8,110-119,1767110710,2025-12-31T00:05:10,0.16
8,110-119,1767111010,2025-12-31T00:10:10,0.16
8,110-119,1767111310,2025-12-31T00:15:10,0.16
8,110-119,1767111623,2025-12-31T00:20:23,0.16
8,110-119,1767111911,2025-12-31T00:25:11,0.16
8,110-119,1767112213,2025-12-31T00:30:13,0.16
8,110-119,1767112510,2025-12-31T00:35:10,0.16
8,110-119,1767112810,2025-12-31T00:40:10,0.16
8,110-119,1767113110,2025-12-31T00:45:10,0.16
8,110-119,1767113412,2025-12-31T00:50:12,0.155
8,110-119,1767113710,2025-12-31T00:55:10,0.16
8,110-119,1767114017,2025-12-31T01:00:17,0.16
8,110-119,1767114310,2025-12-31T01:05:10,0.165
8,110-119,1767114611,2025-12-31T01:10:11,0.16
8,110-119,1767114912,2025-12-31T01:15:12,0.16
8,110-119,1767115212,2025-12-31T01:20:12,0.16
8,110-119,1767115510,2025-12-31T01:25:10,0.16
8,110-119,1767115813,2025-12-31T01:30:13,0.16
8,110-119,1767116111,2025-12-31T01:35:11,0.16
8,110-119,1767116410,2025-12-31T01:40:10,0.16
8,110-119,1767116712,2025-12-31T01:45:12,0.155
8,110-119,1767117010,2025-12-31T01:50:10,0.155
8,110-119,1767117311,2025-12-31T01:55:11,0.155
8,110-119,1767117619,2025-12-31T02:00:19,0.155
8,110-119,1767117911,2025-12-31T02:05:11,0.155
8,110-119,1767118212,2025-12-31T02:10:12,0.155
8,110-119,1767118510,2025-12-31T02:15:10,0.155
8,110-119,1767118810,2025-12-31T02:20:10,0.155
8,110-119,1767119112,2025-12-31T02:25:12,0.155
8,110-119,1767119413,2025-12-31T02:30:13,0.155
8,110-119,1767119710,2025-12-31T02:35:10,0.155
8,110-119,1767120011,2025-12-31T02:40:11,0.155
8,110-119,1767120311,2025-12-31T02:45:11,0.155
8,110-119,1767120613,2025-12-31T02:50:13,0.155
8,110-119,1767120910,2025-12-31T02:55:10,0.155
8,110-119,1767121213,2025-12-31T03:00:13,0.155
8,110-119,1767121511,2025-12-31T03:05:11,0.155
8,110-119,1767121811,2025-12-31T03:10:11,0.155
8,110-119,1767122113,2025-12-31T03:15:13,0.155
8,110-119,1767122426,2025-12-31T03:20:26,0.155
8,110-119,1767122711,2025-12-31T03:25:11,0.155
8,110-119,1767123014,2025-12-31T03:30:14,0.155
8,110-119,1767123314,2025-12-31T03:35:14,0.155
8,110-119,1767123612,2025-12-31T03:40:12,0.155
8,110-119,1767123911,2025-12-31T03:45:11,0.155
8,110-119,1767124212,2025-12-31T03:50:12,0.155
8,110-119,1767124511,2025-12-31T03:55:11,0.155
8,110-119,1767124826,2025-12-31T04:00:26,0.155
8,110-119,1767125111,2025-12-31T04:05:11,0.155
8,110-119,1767125410,2025-12-31T04:10:10,0.155
8,110-119,1767125711,2025-12-31T04:15:11,0.155
8,110-119,1767126010,2025-12-31T04:20:10,0.155
8,110-119,1767126311,2025-12-31T04:25:11,0.155
8,110-119,1767126616,2025-12-31T04:30:16,0.155
8,110-119,1767126910,2025-12-31T04:35:10,0.155
8,110-119,1767127211,2025-12-31T04:40:11,0.155
8,110-119,1767127513,2025-12-31T04:45:13,0.155
8,110-119,1767127811,2025-12-31T04:50:11,0.155
8,110-119,1767128110,2025-12-31T04:55:10,0.155
8,110-119,1767128414,2025-12-31T05:00:14,0.155
8,110-119,1767128710,2025-12-31T05:05:10,0.155
8,110-119,1767129013,2025-12-31T05:10:13,0.155
8,110-119,1767129310,2025-12-31T05:15:10,0.155
8,110-119,1767129610,2025-12-31T05:20:10,0.155
8,110-119,1767129911,2025-12-31T05:25:11,0.155
8,110-119,1767130216,2025-12-31T05:30:16,0.155
8,110-119,1767130510,2025-12-31T05:35:10,0.155
8,110-119,1767130824,2025-12-31T05:40:24,0.155
8,110-119,1767131111,2025-12-31T05:45:11,0.155
8,110-119,1767131411,2025-12-31T05:50:11,0.155
8,110-119,1767131713,2025-12-31T05:55:13,0.155
8,110-119,1767132014,2025-12-31T06:00:14,0.155
8,110-119,1767132311,2025-12-31T06:05:11,0.155
8,110-119,1767132611,2025-12-31T06:10:11,0.155
8,110-119,1767132910,2025-12-31T06:15:10,0.155
8,110-119,1767133213,2025-12-31T06:20:13,0.155
8,110-119,1767133525,2025-12-31T06:25:25,0.155
8,110-119,1767133815,2025-12-31T06:30:15,0.155
8,110-119,1767134125,2025-12-31T06:35:25,0.155
8,110-119,1767134411,2025-12-31T06:40:11,0.155
8,110-119,1767134711,2025-12-31T06:45:11,0.155
8,110-119,1767135013,2025-12-31T06:50:13,0.155
8,110-119,1767135311,2025-12-31T06:55:11,0.155
8,110-119,1767135614,2025-12-31T07:00:14,0.155
8,110-119,1767135911,2025-12-31T07:05:11,0.155
8,110-119,1767136211,2025-12-31T07:10:11,0.155
8,110-119,1767136513,2025-12-31T07:15:13,0.155
8,110-119,1767136810,2025-12-31T07:20:10,0.155
8,110-119,1767137113,2025-12-31T07:25:13,0.155
8,110-119,1767137424,2025-12-31T07:30:24,0.155
8,110-119,1767137711,2025-12-31T07:35:11,0.155
8,110-119,1767138011,2025-12-31T07:40:11,0.155
8,110-119,1767138310,2025-12-31T07:45:10,0.155
8,110-119,1767138613,2025-12-31T07:50:13,0.155
8,110-119,1767138910,2025-12-31T07:55:10,0.155
8,110-119,1767139216,2025-12-31T08:00:16,0.155
8,110-119,1767139511,2025-12-31T08:05:11,0.155
8,110-119,1767139812,2025-12-31T08:10:12,0.155
8,110-119,1767140113,2025-12-31T08:15:13,0.155
8,110-119,1767140423,2025-12-31T08:20:23,0.155
8,110-119,1767140710,2025-12-31T08:25:10,0.155
8,110-119,1767141015,2025-12-31T08:30:15,0.155
8,110-119,1767141310,2025-12-31T08:35:10,0.155
8,110-119,1767141612,2025-12-31T08:40:12,0.155
8,110-119,1767141912,2025-12-31T08:45:12,0.155
8,110-119,1767142211,2025-12-31T08:50:11,0.155
8,110-119,1767142510,2025-12-31T08:55:10,0.155
8,110-119,1767142814,2025-12-31T09:00:14,0.155
8,110-119,1767143111,2025-12-31T09:05:11,0.155
8,110-119,1767143412,2025-12-31T09:10:12,0.155
8,110-119,1767143712,2025-12-31T09:15:12,0.155
8,110-119,1767144011,2025-12-31T09:20:11,0.155
8,110-119,1767144310,2025-12-31T09:25:10,0.155
8,110-119,1767144628,2025-12-31T09:30:28,0.155
8,110-119,1767144913,2025-12-31T09:35:13,0.155
8,110-119,1767145213,2025-12-31T09:40:13,0.155
8,110-119,1767145511,2025-12-31T09:45:11,0.155
8,110-119,1767145811,2025-12-31T09:50:11,0.155
8,110-119,1767146111,2025-12-31T09:55:11,0.155
8,110-119,1767146414,2025-12-31T10:00:14,0.155
8,110-119,1767146713,2025-12-31T10:05:13,0.155
8,110-119,1767147011,2025-12-31T10:10:11,0.155
8,110-119,1767147311,2025-12-31T10:15:11,0.155
8,110-119,1767147611,2025-12-31T10:20:11,0.155
8,110-119,1767147912,2025-12-31T10:25:12,0.155
8,110-119,1767148217,2025-12-31T10:30:17,0.155
8,110-119,1767148511,2025-12-31T10:35:11,0.155
8,110-119,1767148823,2025-12-31T10:40:23,0.155
8,110-119,1767149111,2025-12-31T10:45:11,0.155
8,110-119,1767149411,2025-12-31T10:50:11,0.155
8,110-119,1767149713,2025-12-31T10:55:13,0.155
8,110-119,1767150016,2025-12-31T11:00:16,0.155
8,110-119,1767150322,2025-12-31T11:05:22,0.155
8,110-119,1767150622,2025-12-31T11:10:22,0.155
8,110-119,1767150911,2025-12-31T11:15:11,0.155
8,110-119,1767151211,2025-12-31T11:20:11,0.155
8,110-119,1767151525,2025-12-31T11:25:25,0.155
8,110-119,1767151828,2025-12-31T11:30:28,0.155
8,110-119,1767152124,2025-12-31T11:35:24,0.155
8,110-119,1767152413,2025-12-31T11:40:13,0.155
8,110-119,1767152710,2025-12-31T11:45:10,0.155
8,110-119,1767153025,2025-12-31T11:50:25,0.155
8,110-119,1767153310,2025-12-31T11:55:10,0.155
8,110-119,1767153628,2025-12-31T12:00:28,0.155
8,110-119,1767153911,2025-12-31T12:05:11,0.155
8,110-119,1767154210,2025-12-31T12:10:10,0.155
8,110-119,1767154510,2025-12-31T12:15:10,0.155
8,110-119,1767154823,2025-12-31T12:20:23,0.155
8,110-119,1767155110,2025-12-31T12:25:10,0.155
8,110-119,1767155429,2025-12-31T12:30:29,0.155
8,110-119,1767155711,2025-12-31T12:35:11,0.155
8,110-119,1767156010,2025-12-31T12:40:10,0.155
8,110-119,1767156312,2025-12-31T12:45:12,0.155
8,110-119,1767156611,2025-12-31T12:50:11,0.155
8,110-119,1767156910,2025-12-31T12:55:10,0.155
8,110-119,1767157213,2025-12-31T13:00:13,0.155
8,110-119,1767157510,2025-12-31T13:05:10,0.155
8,110-119,1767157823,2025-12-31T13:10:23,0.155
8,110-119,1767158110,2025-12-31T13:15:10,0.155
8,110-119,1767158410,2025-12-31T13:20:10,0.155
8,110-119,1767158710,2025-12-31T13:25:10,0.155
8,110-119,1767159014,2025-12-31T13:30:14,0.155
8,110-119,1767159310,2025-12-31T13:35:10,0.155
8,110-119,1767159612,2025-12-31T13:40:12,0.155
8,110-119,1767159910,2025-12-31T13:45:10,0.155
8,110-119,1767160210,2025-12-31T13:50:10,0.155
8,110-119,1767160510,2025-12-31T13:55:10,0.155
8,110-119,1767160815,2025-12-31T14:00:15,0.155
8,110-119,1767161122,2025-12-31T14:05:22,0.155
8,110-119,1767161410,2025-12-31T14:10:10,0.155
8,110-119,1767161710,2025-12-31T14:15:10,0.155
8,110-119,1767162010,2025-12-31T14:20:10,0.155
8,110-119,1767162310,2025-12-31T14:25:10,0.155
8,110-119,1767162615,2025-12-31T14:30:15,0.155
8,110-119,1767162923,2025-12-31T14:35:23,0.155
8,110-119,1767163210,2025-12-31T14:40:10,0.155
8,110-119,1767163510,2025-12-31T14:45:10,0.155
8,110-119,1767163810,2025-12-31T14:50:10,0.155
8,110-119,1767164110,2025-12-31T14:55:10,0.155
8,110-119,1767164413,2025-12-31T15:00:13,0.155
8,110-119,1767164713,2025-12-31T15:05:13,0.155
8,110-119,1767165010,2025-12-31T15:10:10,0.155
8,110-119,1767165310,2025-12-31T15:15:10,0.155
8,110-119,1767165610,2025-12-31T15:20:10,0.155
8,110-119,1767165910,2025-12-31T15:25:10,0.155
8,110-119,1767166225,2025-12-31T15:30:25,0.155
8,110-119,1767166510,2025-12-31T15:35:10,0.155
8,110-119,1767166810,2025-12-31T15:40:10,0.155
8,110-119,1767167110,2025-12-31T15:45:10,0.145
8,110-119,1767167410,2025-12-31T15:50:10,0.155
8,110-119,1767167710,2025-12-31T15:55:10,0.155
8,110-119,1767168016,2025-12-31T16:00:16,0.155
8,110-119,1767168310,2025-12-31T16:05:10,0.155
8,110-119,1767168625,2025-12-31T16:10:25,0.155
8,110-119,1767168911,2025-12-31T16:15:11,0.155
8,110-119,1767169210,2025-12-31T16:20:10,0.155
8,110-119,1767169512,2025-12-31T16:25:12,0.155
8,110-119,1767169813,2025-12-31T16:30:13,0.155
8,110-119,1767170110,2025-12-31T16:35:10,0.155
8,110-119,1767170410,2025-12-31T16:40:10,0.155
8,110-119,1767170710,2025-12-31T16:45:10,0.155
8,110-119,1767171027,2025-12-31T16:50:27,0.155
8,110-119,1767171310,2025-12-31T16:55:10,0.155
8,110-119,1767171615,2025-12-31T17:00:15,0.155
8,110-119,1767171910,2025-12-31T17:05:10,0.155
8,110-119,1767172210,2025-12-31T17:10:10,0.155
8,110-119,1767172512,2025-12-31T17:15:12,0.155
8,110-119,1767172810,2025-12-31T17:20:10,0.155
8,110-119,1767173110,2025-12-31T17:25:10,0.155
8,110-119,1767173413,2025-12-31T17:30:13,0.155
8,110-119,1767173710,2025-12-31T17:35:10,0.155
8,110-119,1767174023,2025-12-31T17:40:23,0.155
8,110-119,1767174310,2025-12-31T17:45:10,0.155
8,110-119,1767174610,2025-12-31T17:50:10,0.155
8,110-119,1767174913,2025-12-31T17:55:13,0.155
8,110-119,1767175214,2025-12-31T18:00:14,0.155
8,110-119,1767175510,2025-12-31T18:05:10,0.155
8,110-119,1767175822,2025-12-31T18:10:22,0.155
8,110-119,1767176110,2025-12-31T18:15:10,0.155
8,110-119,1767176422,2025-12-31T18:20:22,0.155
8,110-119,1767176710,2025-12-31T18:25:10,0.155
8,110-119,1767177013,2025-12-31T18:30:13,0.155
8,110-119,1767177310,2025-12-31T18:35:10,0.155
8,110-119,1767177610,2025-12-31T18:40:10,0.155
8,110-119,1767177910,2025-12-31T18:45:10,0.155
8,110-119,1767178212,2025-12-31T18:50:12,0.155
8,110-119,1767178510,2025-12-31T18:55:10,0.155
8,110-119,1767178825,2025-12-31T19:00:25,0.155
8,110-119,1767179110,2025-12-31T19:05:10,0.155
8,110-119,1767179410,2025-12-31T19:10:10,0.155
8,110-119,1767179713,2025-12-31T19:15:13,0.155
8,110-119,1767180013,2025-12-31T19:20:13,0.155
8,110-119,1767180310,2025-12-31T19:25:10,0.155
8,110-119,1767180614,2025-12-31T19:30:14,0.155
8,110-119,1767180910,2025-12-31T19:35:10,0.155
8,110-119,1767181210,2025-12-31T19:40:10,0.155
8,110-119,1767181513,2025-12-31T19:45:13,0.155
8,110-119,1767181810,2025-12-31T19:50:10,0.155
8,110-119,1767182110,2025-12-31T19:55:10,0.155
8,110-119,1767182416,2025-12-31T20:00:16,0.155
8,110-119,1767182710,2025-12-31T20:05:10,0.155
8,110-119,1767183022,2025-12-31T20:10:22,0.155
8,110-119,1767183310,2025-12-31T20:15:10,0.155
8,110-119,1767183611,2025-12-31T20:20:11,0.155
8,110-119,1767183910,2025-12-31T20:25:10,0.155
8,110-119,1767184226,2025-12-31T20:30:26,0.155
8,110-119,1767184510,2025-12-31T20:35:10,0.155
8,110-119,1767184822,2025-12-31T20:40:22,0.155
8,110-119,1767185110,2025-12-31T20:45:10,0.155
8,110-119,1767185410,2025-12-31T20:50:10,0.155
8,110-119,1767185710,2025-12-31T20:55:10,0.155
8,110-119,1767186013,2025-12-31T21:00:13,0.155
8,110-119,1767186311,2025-12-31T21:05:11,0.155
8,110-119,1767186627,2025-12-31T21:10:27,0.155
8,110-119,1767186910,2025-12-31T21:15:10,0.155
8,110-119,1767187210,2025-12-31T21:20:10,0.155
8,110-119,1767187510,2025-12-31T21:25:10,0.155
8,110-119,1767187813,2025-12-31T21:30:13,0.155
8,110-119,1767188112,2025-12-31T21:35:12,0.155
8,110-119,1767188410,2025-12-31T21:40:10,0.155
8,110-119,1767188723,2025-12-31T21:45:23,0.155
8,110-119,1767189010,2025-12-31T21:50:10,0.155
8,110-119,1767189310,2025-12-31T21:55:10,0.155
8,110-119,1767189615,2025-12-31T22:00:15,0.155
8,110-119,1767189912,2025-12-31T22:05:12,0.155
8,110-119,1767190225,2025-12-31T22:10:25,0.155
8,110-119,1767190510,2025-12-31T22:15:10,0.155
8,110-119,1767190821,2025-12-31T22:20:21,0.155
8,110-119,1767191111,2025-12-31T22:25:11,0.155
8,110-119,1767191415,2025-12-31T22:30:15,0.155
8,110-119,1767191710,2025-12-31T22:35:10,0.155
8,110-119,1767192010,2025-12-31T22:40:10,0.155
8,110-119,1767192310,2025-12-31T22:45:10,0.155
8,110-119,1767192610,2025-12-31T22:50:10,0.155
8,110-119,1767192921,2025-12-31T22:55:21,0.155
8,110-119,1767193215,2025-12-31T23:00:15,0.155
8,110-119,1767193511,2025-12-31T23:05:11,0.155
8,110-119,1767193811,2025-12-31T23:10:11,0.155
8,110-119,1767194111,2025-12-31T23:15:11,0.155
8,110-119,1767194410,2025-12-31T23:20:10,0.155
8,110-119,1767194712,2025-12-31T23:25:12,0.155
8,110-119,1767195014,2025-12-31T23:30:14,0.155
8,110-119,1767195324,2025-12-31T23:35:24,0.155
8,110-119,1767195610,2025-12-31T23:40:10,0.155
8,110-119,1767195924,2025-12-31T23:45:24,0.155
8,110-119,1767196212,2025-12-31T23:50:12,0.155
8,110-119,1767196510,2025-12-31T23:55:10,0.155
8,110-119,1767196816,2026-01-01T00:00:16,0.155
8,110-119,1767197111,2026-01-01T00:05:11,0.155
8,110-119,1767197411,2026-01-01T00:10:11,0.155
8,110-119,1767197723,2026-01-01T00:15:23,0.15
8,110-119,1767198011,2026-01-01T00:20:11,0.15
8,110-119,1767198313,2026-01-01T00:25:13,0.15
8,110-119,1767198614,2026-01-01T00:30:14,0.15
8,110-119,1767198911,2026-01-01T00:35:11,0.15
8,110-119,1767199210,2026-01-01T00:40:10,0.15
8,110-119,1767199510,2026-01-01T00:45:10,0.14
8,110-119,1767199813,2026-01-01T00:50:13,0.14
8,110-119,1767200111,2026-01-01T00:55:11,0.14
8,110-119,1767200418,2026-01-01T01:00:18,0.14
8,110-119,1767200711,2026-01-01T01:05:11,0.14
8,110-119,1767201013,2026-01-01T01:10:13,0.14
8,110-119,1767201311,2026-01-01T01:15:11,0.14
8,110-119,1767201612,2026-01-01T01:20:12,0.14
8,110-119,1767201911,2026-01-01T01:25:11,0.14
8,110-119,1767202214,2026-01-01T01:30:14,0.14
8,110-119,1767202527,2026-01-01T01:35:27,0.145
8,110-119,1767202811,2026-01-01T01:40:11,0.145
8,110-119,1767203113,2026-01-01T01:45:13,0.145
8,110-119,1767203413,2026-01-01T01:50:13,0.14
8,110-119,1767203711,2026-01-01T01:55:11,0.14
8,110-119,1767204016,2026-01-01T02:00:16,0.145
8,110-119,1767204311,2026-01-01T02:05:11,0.15
8,110-119,1767204613,2026-01-01T02:10:13,0.15
8,110-119,1767204910,2026-01-01T02:15:10,0.15
8,110-119,1767205211,2026-01-01T02:20:11,0.15
8,110-119,1767205511,2026-01-01T02:25:11,0.15
8,110-119,1767205814,2026-01-01T02:30:14,0.14
8,110-119,1767206113,2026-01-01T02:35:13,0.14
8,110-119,1767206411,2026-01-01T02:40:11,0.14
8,110-119,1767206711,2026-01-01T02:45:11,0.14
8,110-119,1767207011,2026-01-01T02:50:11,0.14
8,110-119,1767207311,2026-01-01T02:55:11,0.14
8,110-119,1767207643,2026-01-01T03:00:43,0.14
8,110-119,1767207911,2026-01-01T03:05:11,0.14
8,110-119,1767208211,2026-01-01T03:10:11,0.14
8,110-119,1767208511,2026-01-01T03:15:11,0.14
8,110-119,1767208813,2026-01-01T03:20:13,0.14
8,110-119,1767209111,2026-01-01T03:25:11,0.14
8,110-119,1767209415,2026-01-01T03:30:15,0.14
8,110-119,1767209711,2026-01-01T03:35:11,0.14
8,110-119,1767210011,2026-01-01T03:40:11,0.14
8,110-119,1767210313,2026-01-01T03:45:13,0.14
8,110-119,1767210611,2026-01-01T03:50:11,0.14
8,110-119,1767210911,2026-01-01T03:55:11,0.14
8,110-119,1767211215,2026-01-01T04:00:15,0.145
8,110-119,1767211511,2026-01-01T04:05:11,0.14
8,110-119,1767211814,2026-01-01T04:10:14,0.15
8,110-119,1767212111,2026-01-01T04:15:11,0.15
8,110-119,1767212413,2026-01-01T04:20:13,0.15
8,110-119,1767212724,2026-01-01T04:25:24,0.15
8,110-119,1767213014,2026-01-01T04:30:14,0.145
8,110-119,1767213310,2026-01-01T04:35:10,0.145
8,110-119,1767213611,2026-01-01T04:40:11,0.145
8,110-119,1767213924,2026-01-01T04:45:24,0.145
8,110-119,1767214211,2026-01-01T04:50:11,0.145
8,110-119,1767214510,2026-01-01T04:55:10,0.145
8,110-119,1767214817,2026-01-01T05:00:17,0.145
8,110-119,1767215111,2026-01-01T05:05:11,0.14
8,110-119,1767215411,2026-01-01T05:10:11,0.145
8,110-119,1767215713,2026-01-01T05:15:13,0.145
8,110-119,1767216011,2026-01-01T05:20:11,0.145
8,110-119,1767216310,2026-01-01T05:25:10,0.145
8,110-119,1767216615,2026-01-01T05:30:15,0.145
8,110-119,1767216911,2026-01-01T05:35:11,0.145
8,110-119,1767217224,2026-01-01T05:40:24,0.145
8,110-119,1767217511,2026-01-01T05:45:11,0.145
8,110-119,1767217811,2026-01-01T05:50:11,0.145
8,110-119,1767218111,2026-01-01T05:55:11,0.145
8,110-119,1767218415,2026-01-01T06:00:15,0.145
8,110-119,1767218711,2026-01-01T06:05:11,0.145
8,110-119,1767219013,2026-01-01T06:10:13,0.145
8,110-119,1767219326,2026-01-01T06:15:26,0.145
8,110-119,1767219611,2026-01-01T06:20:11,0.145
8,110-119,1767219911,2026-01-01T06:25:11,0.145
8,110-119,1767220215,2026-01-01T06:30:15,0.145
8,110-119,1767220534,2026-01-01T06:35:34,0.145
8,110-119,1767220811,2026-01-01T06:40:11,0.145
8,110-119,1767221111,2026-01-01T06:45:11,0.145
8,110-119,1767221413,2026-01-01T06:50:13,0.145
8,110-119,1767221710,2026-01-01T06:55:10,0.145
8,110-119,1767222014,2026-01-01T07:00:14,0.145
8,110-119,1767222322,2026-01-01T07:05:22,0.145
8,110-119,1767222610,2026-01-01T07:10:10,0.145
8,110-119,1767222913,2026-01-01T07:15:13,0.145
8,110-119,1767223211,2026-01-01T07:20:11,0.145
8,110-119,1767223511,2026-01-01T07:25:11,0.145
8,110-119,1767223814,2026-01-01T07:30:14,0.145
8,110-119,1767224110,2026-01-01T07:35:10,0.145
8,110-119,1767224413,2026-01-01T07:40:13,0.145
8,110-119,1767224711,2026-01-01T07:45:11,0.145
8,110-119,1767225021,2026-01-01T07:50:21,0.145
8,110-119,1767225310,2026-01-01T07:55:10,0.145
8,110-119,1767225616,2026-01-01T08:00:16,0.15
8,110-119,1767225910,2026-01-01T08:05:10,0.15
8,110-119,1767226210,2026-01-01T08:10:10,0.15
8,110-119,1767226510,2026-01-01T08:15:10,0.15
8,110-119,1767226810,2026-01-01T08:20:10,0.15
8,110-119,1767227110,2026-01-01T08:25:10,0.15
8,110-119,1767227414,2026-01-01T08:30:14,0.15
8,110-119,1767227710,2026-01-01T08:35:10,0.15
8,110-119,1767228010,2026-01-01T08:40:10,0.15
8,110-119,1767228310,2026-01-01T08:45:10,0.15
8,110-119,1767228613,2026-01-01T08:50:13,0.15
8,110-119,1767228910,2026-01-01T08:55:10,0.15
8,110-119,1767229213,2026-01-01T09:00:13,0.145
8,110-119,1767229510,2026-01-01T09:05:10,0.145
8,110-119,1767229810,2026-01-01T09:10:10,0.145
8,110-119,1767230110,2026-01-01T09:15:10,0.145
8,110-119,1767230410,2026-01-01T09:20:10,0.145
8,110-119,1767230710,2026-01-01T09:25:10,0.145
8,110-119,1767231013,2026-01-01T09:30:13,0.145
8,110-119,1767231309,2026-01-01T09:35:09,0.135
8,110-119,1767231624,2026-01-01T09:40:24,0.145
8,110-119,1767231910,2026-01-01T09:45:10,0.145
8,110-119,1767232210,2026-01-01T09:50:10,0.145
8,110-119,1767232510,2026-01-01T09:55:10,0.145
8,110-119,1767232813,2026-01-01T10:00:13,0.145
8,110-119,1767233111,2026-01-01T10:05:11,0.145
8,110-119,1767233426,2026-01-01T10:10:26,0.15
8,110-119,1767233710,2026-01-01T10:15:10,0.15
8,110-119,1767234010,2026-01-01T10:20:10,0.145
8,110-119,1767234310,2026-01-01T10:25:10,0.15
8,110-119,1767234621,2026-01-01T10:30:21,0.15
8,110-119,1767234910,2026-01-01T10:35:10,0.15
8,110-119,1767235210,2026-01-01T10:40:10,0.155
8,110-119,1767235510,2026-01-01T10:45:10,0.15
8,110-119,1767235810,2026-01-01T10:50:10,0.15
8,110-119,1767236110,2026-01-01T10:55:10,0.145
8,110-119,1767236414,2026-01-01T11:00:14,0.15
8,110-119,1767236710,2026-01-01T11:05:10,0.145
8,110-119,1767237010,2026-01-01T11:10:10,0.15
8,110-119,1767237310,2026-01-01T11:15:10,0.15
8,110-119,1767237623,2026-01-01T11:20:23,0.15
8,110-119,1767237911,2026-01-01T11:25:11,0.155
8,110-119,1767238213,2026-01-01T11:30:13,0.155
8,110-119,1767238523,2026-01-01T11:35:23,0.155
8,110-119,1767238810,2026-01-01T11:40:10,0.15
8,110-119,1767239123,2026-01-01T11:45:23,0.15
8,110-119,1767239410,2026-01-01T11:50:10,0.15
8,110-119,1767239710,2026-01-01T11:55:10,0.15
8,110-119,1767240029,2026-01-01T12:00:29,0.145
8,110-119,1767240309,2026-01-01T12:05:09,0.15
8,110-119,1767240623,2026-01-01T12:10:23,0.15
8,110-119,1767240910,2026-01-01T12:15:10,0.15
8,110-119,1767241223,2026-01-01T12:20:23,0.15
8,110-119,1767241510,2026-01-01T12:25:10,0.15
8,110-119,1767241813,2026-01-01T12:30:13,0.145
8,110-119,1767242110,2026-01-01T12:35:10,0.145
8,110-119,1767242410,2026-01-01T12:40:10,0.145
8,110-119,1767242710,2026-01-01T12:45:10,0.145
8,110-119,1767243011,2026-01-01T12:50:11,0.15
8,110-119,1767243310,2026-01-01T12:55:10,0.15
8,110-119,1767243613,2026-01-01T13:00:13,0.15
8,110-119,1767243911,2026-01-01T13:05:11,0.15
8,110-119,1767244210,2026-01-01T13:10:10,0.15
8,110-119,1767244510,2026-01-01T13:15:10,0.15
8,110-119,1767244810,2026-01-01T13:20:10,0.15
8,110-119,1767245110,2026-01-01T13:25:10,0.15
8,110-119,1767245422,2026-01-01T13:30:22,0.15
8,110-119,1767245710,2026-01-01T13:35:10,0.145
8,110-119,1767246010,2026-01-01T13:40:10,0.15
8,110-119,1767246310,2026-01-01T13:45:10,0.145
8,110-119,1767246610,2026-01-01T13:50:10,0.15
8,110-119,1767246911,2026-01-01T13:55:11,0.15
8,110-119,1767247216,2026-01-01T14:00:16,0.15
8,110-119,1767247510,2026-01-01T14:05:10,0.145
8,110-119,1767247810,2026-01-01T14:10:10,0.15
8,110-119,1767248110,2026-01-01T14:15:10,0.15
8,110-119,1767248421,2026-01-01T14:20:21,0.145
8,110-119,1767248710,2026-01-01T14:25:10,0.15
8,110-119,1767249013,2026-01-01T14:30:13,0.145
8,110-119,1767249321,2026-01-01T14:35:21,0.15
8,110-119,1767249621,2026-01-01T14:40:21,0.15
8,110-119,1767249910,2026-01-01T14:45:10,0.15
8,110-119,1767250210,2026-01-01T14:50:10,0.15
8,110-119,1767250509,2026-01-01T14:55:09,0.15
8,110-119,1767250813,2026-01-01T15:00:13,0.15
8,110-119,1767251111,2026-01-01T15:05:11,0.15
8,110-119,1767251409,2026-01-01T15:10:09,0.15
8,110-119,1767251710,2026-01-01T15:15:10,0.15
8,110-119,1767252022,2026-01-01T15:20:22,0.15
8,110-119,1767252310,2026-01-01T15:25:10,0.15
8,110-119,1767252629,2026-01-01T15:30:29,0.15
8,110-119,1767252910,2026-01-01T15:35:10,0.15
8,110-119,1767253211,2026-01-01T15:40:11,0.145
8,110-119,1767253510,2026-01-01T15:45:10,0.145
8,110-119,1767253811,2026-01-01T15:50:11,0.145
8,110-119,1767254111,2026-01-01T15:55:11,0.145
8,110-119,1767254412,2026-01-01T16:00:12,0.145
8,110-119,1767254709,2026-01-01T16:05:09,0.15
8,110-119,1767255010,2026-01-01T16:10:10,0.15
8,110-119,1767255310,2026-01-01T16:15:10,0.15
8,110-119,1767255610,2026-01-01T16:20:10,0.145
8,110-119,1767255910,2026-01-01T16:25:10,0.15
8,110-119,1767256212,2026-01-01T16:30:12,0.15
8,110-119,1767256509,2026-01-01T16:35:09,0.145
8,110-119,1767256809,2026-01-01T16:40:09,0.145
8,110-119,1767257120,2026-01-01T16:45:20,0.145
8,110-119,1767257409,2026-01-01T16:50:09,0.145
8,110-119,1767257711,2026-01-01T16:55:11,0.145
8,110-119,1767258015,2026-01-01T17:00:15,0.145
8,110-119,1767258309,2026-01-01T17:05:09,0.145
8,110-119,1767258609,2026-01-01T17:10:09,0.145
8,110-119,1767258909,2026-01-01T17:15:09,0.15
8,110-119,1767259210,2026-01-01T17:20:10,0.15
8,110-119,1767259509,2026-01-01T17:25:09,0.15
8,110-119,1767259812,2026-01-01T17:30:12,0.15
8,110-119,1767260109,2026-01-01T17:35:09,0.15
8,110-119,1767260409,2026-01-01T17:40:09,0.15
8,110-119,1767260719,2026-01-01T17:45:19,0.145
8,110-119,1767261009,2026-01-01T17:50:09,0.145
8,110-119,1767261309,2026-01-01T17:55:09,0.15
8,110-119,1767261614,2026-01-01T18:00:14,0.145
8,110-119,1767261909,2026-01-01T18:05:09,0.145
8,110-119,1767262209,2026-01-01T18:10:09,0.145
8,110-119,1767262509,2026-01-01T18:15:09,0.145
8,110-119,1767262809,2026-01-01T18:20:09,0.145
8,110-119,1767263110,2026-01-01T18:25:10,0.145
8,110-119,1767263411,2026-01-01T18:30:11,0.145
8,110-119,1767263709,2026-01-01T18:35:09,0.14
8,110-119,1767264009,2026-01-01T18:40:09,0.145
8,110-119,1767264319,2026-01-01T18:45:19,0.15
8,110-119,1767264609,2026-01-01T18:50:09,0.15
8,110-119,1767264909,2026-01-01T18:55:09,0.15
8,110-119,1767265212,2026-01-01T19:00:12,0.15
8,110-119,1767265509,2026-01-01T19:05:09,0.15
8,110-119,1767265832,2026-01-01T19:10:32,0.15
8,110-119,1767266109,2026-01-01T19:15:09,0.15
8,110-119,1767266409,2026-01-01T19:20:09,0.15
8,110-119,1767266723,2026-01-01T19:25:23,0.145
8,110-119,1767267011,2026-01-01T19:30:11,0.145
8,110-119,1767267309,2026-01-01T19:35:09,0.145
8,110-119,1767267610,2026-01-01T19:40:10,0.145
8,110-119,1767267909,2026-01-01T19:45:09,0.145
8,110-119,1767268209,2026-01-01T19:50:09,0.145
8,110-119,1767268524,2026-01-01T19:55:24,0.135
8,110-119,1767268818,2026-01-01T20:00:18,0.14
8,110-119,1767269109,2026-01-01T20:05:09,0.145
8,110-119,1767269409,2026-01-01T20:10:09,0.145
8,110-119,1767269724,2026-01-01T20:15:24,0.15
8,110-119,1767270032,2026-01-01T20:20:32,0.15
8,110-119,1767270311,2026-01-01T20:25:11,0.15
8,110-119,1767270611,2026-01-01T20:30:11,0.145
8,110-119,1767270920,2026-01-01T20:35:20,0.145
8,110-119,1767271209,2026-01-01T20:40:09,0.145
8,110-119,1767271508,2026-01-01T20:45:08,0.15
8,110-119,1767271811,2026-01-01T20:50:11,0.15
8,110-119,1767272109,2026-01-01T20:55:09,0.135
8,110-119,1767272433,2026-01-01T21:00:33,0.135
8,110-119,1767272709,2026-01-01T21:05:09,0.135
8,110-119,1767273009,2026-01-01T21:10:09,0.13
8,110-119,1767273309,2026-01-01T21:15:09,0.13
8,110-119,1767273619,2026-01-01T21:20:19,0.13
8,110-119,1767273909,2026-01-01T21:25:09,0.13
8,110-119,1767274213,2026-01-01T21:30:13,0.13
8,110-119,1767274523,2026-01-01T21:35:23,0.13
8,110-119,1767274809,2026-01-01T21:40:09,0.13
8,110-119,1767275110,2026-01-01T21:45:10,0.13
8,110-119,1767275408,2026-01-01T21:50:08,0.13
8,110-119,1767275711,2026-01-01T21:55:11,0.13
8,110-119,1767276012,2026-01-01T22:00:12,0.125
8,110-119,1767276309,2026-01-01T22:05:09,0.13
8,110-119,1767276610,2026-01-01T22:10:10,0.13
8,110-119,1767276924,2026-01-01T22:15:24,0.13
8,110-119,1767277224,2026-01-01T22:20:24,0.13
8,110-119,1767277511,2026-01-01T22:25:11,0.13
8,110-119,1767277811,2026-01-01T22:30:11,0.13
8,110-119,1767278111,2026-01-01T22:35:11,0.13
8,110-119,1767278409,2026-01-01T22:40:09,0.13
8,110-119,1767278709,2026-01-01T22:45:09,0.13
8,110-119,1767279009,2026-01-01T22:50:09,0.13
8,110-119,1767279309,2026-01-01T22:55:09,0.13
8,110-119,1767279615,2026-01-01T23:00:15,0.13
8,110-119,1767279909,2026-01-01T23:05:09,0.13
8,110-119,1767280209,2026-01-01T23:10:09,0.13
8,110-119,1767280509,2026-01-01T23:15:09,0.13
8,110-119,1767280809,2026-01-01T23:20:09,0.13
8,110-119,1767281111,2026-01-01T23:25:11,0.13
8,110-119,1767281412,2026-01-01T23:30:12,0.13
8,110-119,1767281709,2026-01-01T23:35:09,0.13
8,110-119,1767282009,2026-01-01T23:40:09,0.13
8,110-119,1767282309,2026-01-01T23:45:09,0.13
8,110-119,1767282635,2026-01-01T23:50:35,0.13
8,110-119,1767282909,2026-01-01T23:55:09,0.13
8,110-119,1767283212,2026-01-02T00:00:12,0.13
8,110-119,1767283509,2026-01-02T00:05:09,0.13
8,110-119,1767283809,2026-01-02T00:10:09,0.13
8,110-119,1767284110,2026-01-02T00:15:10,0.13
8,110-119,1767284411,2026-01-02T00:20:11,0.13
8,110-119,1767284709,2026-01-02T00:25:09,0.13
8,110-119,1767285011,2026-01-02T00:30:11,0.13
8,110-119,1767285309,2026-01-02T00:35:09,0.13
8,110-119,1767285609,2026-01-02T00:40:09,0.13
8,110-119,1767285911,2026-01-02T00:45:11,0.13
8,110-119,1767286209,2026-01-02T00:50:09,0.13
8,110-119,1767286509,2026-01-02T00:55:09,0.13
8,110-119,1767286815,2026-01-02T01:00:15,0.13
8,110-119,1767287119,2026-01-02T01:05:19,0.13
8,110-119,1767287409,2026-01-02T01:10:09,0.13
8,110-119,1767287709,2026-01-02T01:15:09,0.13
8,110-119,1767288009,2026-01-02T01:20:09,0.13
8,110-119,1767288324,2026-01-02T01:25:24,0.13
8,110-119,1767288612,2026-01-02T01:30:12,0.13
8,110-119,1767288911,2026-01-02T01:35:11,0.13
8,110-119,1767289209,2026-01-02T01:40:09,0.13
8,110-119,1767289509,2026-01-02T01:45:09,0.125
8,110-119,1767289809,2026-01-02T01:50:09,0.125
8,110-119,1767290111,2026-01-02T01:55:11,0.125
8,110-119,1767290414,2026-01-02T02:00:14,0.125
8,110-119,1767290709,2026-01-02T02:05:09,0.125
8,110-119,1767291009,2026-01-02T02:10:09,0.125
8,110-119,1767291309,2026-01-02T02:15:09,0.125
8,110-119,1767291611,2026-01-02T02:20:11,0.115
8,110-119,1767291909,2026-01-02T02:25:09,0.115
8,110-119,1767292212,2026-01-02T02:30:12,0.115
8,110-119,1767292509,2026-01-02T02:35:09,0.115
8,110-119,1767292822,2026-01-02T02:40:22,0.115
8,110-119,1767293124,2026-01-02T02:45:24,0.12
8,110-119,1767293410,2026-01-02T02:50:10,0.12
8,110-119,1767293709,2026-01-02T02:55:09,0.12
8,110-119,1767294012,2026-01-02T03:00:12,0.125
8,110-119,1767294311,2026-01-02T03:05:11,0.125
8,110-119,1767294609,2026-01-02T03:10:09,0.125
8,110-119,1767294909,2026-01-02T03:15:09,0.125
8,110-119,1767295210,2026-01-02T03:20:10,0.125
8,110-119,1767295509,2026-01-02T03:25:09,0.125
8,110-119,1767295822,2026-01-02T03:30:22,0.125
8,110-119,1767296109,2026-01-02T03:35:09,0.125
8,110-119,1767296409,2026-01-02T03:40:09,0.125
8,110-119,1767296709,2026-01-02T03:45:09,0.125
8,110-119,1767297012,2026-01-02T03:50:12,0.125
8,110-119,1767297320,2026-01-02T03:55:20,0.125
8,110-119,1767297624,2026-01-02T04:00:24,0.125
8,110-119,1767297909,2026-01-02T04:05:09,0.125
8,110-119,1767298210,2026-01-02T04:10:10,0.125
8,110-119,1767298511,2026-01-02T04:15:11,0.125
8,110-119,1767298822,2026-01-02T04:20:22,0.125
8,110-119,1767299109,2026-01-02T04:25:09,0.15
8,110-119,1767299427,2026-01-02T04:30:27,0.15
8,110-119,1767299722,2026-01-02T04:35:22,0.15
8,110-119,1767300020,2026-01-02T04:40:20,0.15
8,110-119,1767300310,2026-01-02T04:45:10,0.155
8,110-119,1767300609,2026-01-02T04:50:09,0.155
8,110-119,1767300909,2026-01-02T04:55:09,0.16
8,110-119,1767301213,2026-01-02T05:00:13,0.155
8,110-119,1767301509,2026-01-02T05:05:09,0.16
8,110-119,1767301812,2026-01-02T05:10:12,0.16
8,110-119,1767302109,2026-01-02T05:15:09,0.16
8,110-119,1767302409,2026-01-02T05:20:09,0.16
8,110-119,1767302709,2026-01-02T05:25:09,0.155
8,110-119,1767303012,2026-01-02T05:30:12,0.155
8,110-119,1767303311,2026-01-02T05:35:11,0.15
8,110-119,1767303609,2026-01-02T05:40:09,0.145
8,110-119,1767303909,2026-01-02T05:45:09,0.145
8,110-119,1767304209,2026-01-02T05:50:09,0.145
8,110-119,1767304509,2026-01-02T05:55:09,0.145
8,110-119,1767304823,2026-01-02T06:00:23,0.145
8,110-119,1767305109,2026-01-02T06:05:09,0.145
8,110-119,1767305409,2026-01-02T06:10:09,0.145
8,110-119,1767305709,2026-01-02T06:15:09,0.145
8,110-119,1767306009,2026-01-02T06:20:09,0.14
8,110-119,1767306309,2026-01-02T06:25:09,0.14
8,110-119,1767306614,2026-01-02T06:30:14,0.14
8,110-119,1767306909,2026-01-02T06:35:09,0.14
8,110-119,1767307209,2026-01-02T06:40:09,0.145
8,110-119,1767307509,2026-01-02T06:45:09,0.145
8,110-119,1767307809,2026-01-02T06:50:09,0.145
8,110-119,1767308111,2026-01-02T06:55:11,0.145
8,110-119,1767308413,2026-01-02T07:00:13,0.145
8,110-119,1767308720,2026-01-02T07:05:20,0.145
8,110-119,1767309009,2026-01-02T07:10:09,0.145
8,110-119,1767309309,2026-01-02T07:15:09,0.145
8,110-119,1767309609,2026-01-02T07:20:09,0.145
8,110-119,1767309909,2026-01-02T07:25:09,0.145
8,110-119,1767310213,2026-01-02T07:30:13,0.145
8,110-119,1767310522,2026-01-02T07:35:22,0.145
8,110-119,1767310809,2026-01-02T07:40:09,0.145
8,110-119,1767311111,2026-01-02T07:45:11,0.15
8,110-119,1767311409,2026-01-02T07:50:09,0.155
8,110-119,1767311710,2026-01-02T07:55:10,0.155
8,110-119,1767312015,2026-01-02T08:00:15,0.155
8,110-119,1767312309,2026-01-02T08:05:09,0.155
8,110-119,1767312612,2026-01-02T08:10:12,0.155
8,110-119,1767312909,2026-01-02T08:15:09,0.155
8,110-119,1767313210,2026-01-02T08:20:10,0.155
8,110-119,1767313511,2026-01-02T08:25:11,0.15
8,110-119,1767313826,2026-01-02T08:30:26,0.145
8,110-119,1767314109,2026-01-02T08:35:09,0.145
8,110-119,1767314410,2026-01-02T08:40:10,0.13
8,110-119,1767314710,2026-01-02T08:45:10,0.135
8,110-119,1767315011,2026-01-02T08:50:11,0.135
8,110-119,1767315309,2026-01-02T08:55:09,0.135
8,110-119,1767315612,2026-01-02T09:00:12,0.135
8,110-119,1767315909,2026-01-02T09:05:09,0.135
8,110-119,1767316209,2026-01-02T09:10:09,0.13
8,110-119,1767316511,2026-01-02T09:15:11,0.13
8,110-119,1767316809,2026-01-02T09:20:09,0.13
8,110-119,1767317109,2026-01-02T09:25:09,0.13
8,110-119,1767317412,2026-01-02T09:30:12,0.13
8,110-119,1767317709,2026-01-02T09:35:09,0.145
8,110-119,1767318011,2026-01-02T09:40:11,0.15
8,110-119,1767318309,2026-01-02T09:45:09,0.15
8,110-119,1767318609,2026-01-02T09:50:09,0.15
8,110-119,1767318910,2026-01-02T09:55:10,0.15
8,110-119,1767319213,2026-01-02T10:00:13,0.15
8,110-119,1767319519,2026-01-02T10:05:19,0.15
8,110-119,1767319824,2026-01-02T10:10:24,0.15
8,110-119,1767320111,2026-01-02T10:15:11,0.15
8,110-119,1767320409,2026-01-02T10:20:09,0.15
8,110-119,1767320710,2026-01-02T10:25:10,0.15
8,110-119,1767321012,2026-01-02T10:30:12,0.15
8,110-119,1767321325,2026-01-02T10:35:25,0.15
8,110-119,1767321620,2026-01-02T10:40:20,0.15
8,110-119,1767321909,2026-01-02T10:45:09,0.15
8,110-119,1767322224,2026-01-02T10:50:24,0.15
8,110-119,1767322509,2026-01-02T10:55:09,0.15
8,110-119,1767322826,2026-01-02T11:00:26,0.15
8,110-119,1767323109,2026-01-02T11:05:09,0.15
8,110-119,1767323409,2026-01-02T11:10:09,0.15
8,110-119,1767323709,2026-01-02T11:15:09,0.15
8,110-119,1767324009,2026-01-02T11:20:09,0.15
8,110-119,1767324309,2026-01-02T11:25:09,0.15
8,110-119,1767324614,2026-01-02T11:30:14,0.15
8,110-119,1767324910,2026-01-02T11:35:10,0.15
8,110-119,1767325210,2026-01-02T11:40:10,0.15
8,110-119,1767325520,2026-01-02T11:45:20,0.15
8,110-119,1767325809,2026-01-02T11:50:09,0.15
8,110-119,1767326109,2026-01-02T11:55:09,0.15
8,110-119,1767326412,2026-01-02T12:00:12,0.15
8,110-119,1767326709,2026-01-02T12:05:09,0.15
8,110-119,1767327010,2026-01-02T12:10:10,0.15
8,110-119,1767327311,2026-01-02T12:15:11,0.15
8,110-119,1767327609,2026-01-02T12:20:09,0.15
8,110-119,1767327909,2026-01-02T12:25:09,0.15
8,110-119,1767328212,2026-01-02T12:30:12,0.15
8,110-119,1767328509,2026-01-02T12:35:09,0.15
8,110-119,1767328811,2026-01-02T12:40:11,0.15
8,110-119,1767329109,2026-01-02T12:45:09,0.15
8,110-119,1767329410,2026-01-02T12:50:10,0.15
8,110-119,1767329709,2026-01-02T12:55:09,0.15
8,110-119,1767330014,2026-01-02T13:00:14,0.15
8,110-119,1767330311,2026-01-02T13:05:11,0.15
8,110-119,1767330611,2026-01-02T13:10:11,0.15
8,110-119,1767330909,2026-01-02T13:15:09,0.15
8,110-119,1767331212,2026-01-02T13:20:12,0.15
8,110-119,1767331524,2026-01-02T13:25:24,0.15
8,110-119,1767331812,2026-01-02T13:30:12,0.15
8,110-119,1767332109,2026-01-02T13:35:09,0.15
8,110-119,1767332409,2026-01-02T13:40:09,0.15
8,110-119,1767332731,2026-01-02T13:45:31,0.15
8,110-119,1767333019,2026-01-02T13:50:19,0.145
8,110-119,1767333321,2026-01-02T13:55:21,0.145
8,110-119,1767333613,2026-01-02T14:00:13,0.14
8,110-119,1767333909,2026-01-02T14:05:09,0.14
8,110-119,1767334209,2026-01-02T14:10:09,0.14
8,110-119,1767334510,2026-01-02T14:15:10,0.135
8,110-119,1767334822,2026-01-02T14:20:22,0.135
8,110-119,1767335116,2026-01-02T14:25:16,0.135
8,110-119,1767335413,2026-01-02T14:30:13,0.135
8,110-119,1767335710,2026-01-02T14:35:10,0.13
8,110-119,1767336011,2026-01-02T14:40:11,0.13
8,110-119,1767336309,2026-01-02T14:45:09,0.135
8,110-119,1767336610,2026-01-02T14:50:10,0.135
8,110-119,1767336909,2026-01-02T14:55:09,0.14
8,110-119,1767337212,2026-01-02T15:00:12,0.14
8,110-119,1767337512,2026-01-02T15:05:12,0.14
8,110-119,1767337809,2026-01-02T15:10:09,0.14
8,110-119,1767338109,2026-01-02T15:15:09,0.14
8,110-119,1767338410,2026-01-02T15:20:10,0.145
8,110-119,1767338709,2026-01-02T15:25:09,0.145
8,110-119,1767339023,2026-01-02T15:30:23,0.145
8,110-119,1767339309,2026-01-02T15:35:09,0.145
8,110-119,1767339610,2026-01-02T15:40:10,0.14
8,110-119,1767339909,2026-01-02T15:45:09,0.14
8,110-119,1767340209,2026-01-02T15:50:09,0.14
8,110-119,1767340509,2026-01-02T15:55:09,0.14
8,110-119,1767340815,2026-01-02T16:00:15,0.14
8,110-119,1767341109,2026-01-02T16:05:09,0.14
8,110-119,1767341409,2026-01-02T16:10:09,0.14
8,110-119,1767341711,2026-01-02T16:15:11,0.14
8,110-119,1767342009,2026-01-02T16:20:09,0.14
8,110-119,1767342309,2026-01-02T16:25:09,0.14
8,110-119,1767342612,2026-01-02T16:30:12,0.135
8,110-119,1767342909,2026-01-02T16:35:09,0.135
8,110-119,1767343211,2026-01-02T16:40:11,0.135
8,110-119,1767343509,2026-01-02T16:45:09,0.14
8,110-119,1767343825,2026-01-02T16:50:25,0.14
8,110-119,1767344109,2026-01-02T16:55:09,0.14
8,110-119,1767344414,2026-01-02T17:00:14,0.14
8,110-119,1767344712,2026-01-02T17:05:12,0.14
8,110-119,1767345009,2026-01-02T17:10:09,0.135
8,110-119,1767345310,2026-01-02T17:15:10,0.135
8,110-119,1767345609,2026-01-02T17:20:09,0.125
8,110-119,1767345909,2026-01-02T17:25:09,0.125
8,110-119,1767346214,2026-01-02T17:30:14,0.115
8,110-119,1767346509,2026-01-02T17:35:09,0.125
8,110-119,1767346809,2026-01-02T17:40:09,0.12
8,110-119,1767347115,2026-01-02T17:45:15,0.12
8,110-119,1767347409,2026-01-02T17:50:09,0.12
8,110-119,1767347709,2026-01-02T17:55:09,0.12
8,110-119,1767348015,2026-01-02T18:00:15,0.12
8,110-119,1767348320,2026-01-02T18:05:20,0.12
8,110-119,1767348619,2026-01-02T18:10:19,0.115
8,110-119,1767348909,2026-01-02T18:15:09,0.115
8,110-119,1767349210,2026-01-02T18:20:10,0.11
8,110-119,1767349511,2026-01-02T18:25:11,0.115
8,110-119,1767349812,2026-01-02T18:30:12,0.115
8,110-119,1767350123,2026-01-02T18:35:23,0.125
8,110-119,1767350409,2026-01-02T18:40:09,0.125
8,110-119,1767350709,2026-01-02T18:45:09,0.125
8,110-119,1767351011,2026-01-02T18:50:11,0.125
8,110-119,1767351309,2026-01-02T18:55:09,0.115
8,110-119,1767351614,2026-01-02T19:00:14,0.115
8,110-119,1767351909,2026-01-02T19:05:09,0.11
8,110-119,1767352209,2026-01-02T19:10:09,0.11
8,110-119,1767352511,2026-01-02T19:15:11,0.11
8,110-119,1767352809,2026-01-02T19:20:09,0.11
8,110-119,1767353122,2026-01-02T19:25:22,0.11
8,110-119,1767353414,2026-01-02T19:30:14,0.11
8,110-119,1767353710,2026-01-02T19:35:10,0.11
8,110-119,1767354010,2026-01-02T19:40:10,0.11
8,110-119,1767354309,2026-01-02T19:45:09,0.11
8,110-119,1767354623,2026-01-02T19:50:23,0.11
8,110-119,1767354910,2026-01-02T19:55:10,0.11
8,110-119,1767355216,2026-01-02T20:00:16,0.125
8,110-119,1767355509,2026-01-02T20:05:09,0.115
8,110-119,1767355809,2026-01-02T20:10:09,0.115
8,110-119,1767356111,2026-01-02T20:15:11,0.095
8,110-119,1767356411,2026-01-02T20:20:11,0.095
8,110-119,1767356709,2026-01-02T20:25:09,0.125
8,110-119,1767357012,2026-01-02T20:30:12,0.135
8,110-119,1767357309,2026-01-02T20:35:09,0.13
8,110-119,1767357611,2026-01-02T20:40:11,0.13
8,110-119,1767357922,2026-01-02T20:45:22,0.125
8,110-119,1767358209,2026-01-02T20:50:09,0.125
8,110-119,1767358509,2026-01-02T20:55:09,0.125
8,110-119,1767358812,2026-01-02T21:00:12,0.125
8,110-119,1767359111,2026-01-02T21:05:11,0.13
8,110-119,1767359423,2026-01-02T21:10:23,0.11
8,110-119,1767359710,2026-01-02T21:15:10,0.105
8,110-119,1767360023,2026-01-02T21:20:23,0.105
8,110-119,1767360320,2026-01-02T21:25:20,0.105
8,110-119,1767360614,2026-01-02T21:30:14,0.095
8,110-119,1767360920,2026-01-02T21:35:20,0.1
8,110-119,1767361210,2026-01-02T21:40:10,0.1
8,110-119,1767361510,2026-01-02T21:45:10,0.1
8,110-119,1767361809,2026-01-02T21:50:09,0.1
8,110-119,1767362125,2026-01-02T21:55:25,0.1
8,110-119,1767362413,2026-01-02T22:00:13,0.1
8,110-119,1767362709,2026-01-02T22:05:09,0.1
8,110-119,1767363009,2026-01-02T22:10:09,0.1
8,110-119,1767363321,2026-01-02T22:15:21,0.1
8,110-119,1767363621,2026-01-02T22:20:21,0.1
8,110-119,1767363910,2026-01-02T22:25:10,0.1
8,110-119,1767364212,2026-01-02T22:30:12,0.105
8,110-119,1767364509,2026-01-02T22:35:09,0.125
8,110-119,1767364810,2026-01-02T22:40:10,0.125
8,110-119,1767365125,2026-01-02T22:45:25,0.105
8,110-119,1767365409,2026-01-02T22:50:09,0.105
8,110-119,1767365709,2026-01-02T22:55:09,0.105
8,110-119,1767366015,2026-01-02T23:00:15,0.1
8,110-119,1767366310,2026-01-02T23:05:10,0.1
8,110-119,1767366612,2026-01-02T23:10:12,0.1
8,110-119,1767366910,2026-01-02T23:15:10,0.1
8,110-119,1767367210,2026-01-02T23:20:10,0.1
8,110-119,1767367510,2026-01-02T23:25:10,0.1
8,110-119,1767367812,2026-01-02T23:30:12,0.1
8,110-119,1767368131,2026-01-02T23:35:31,0.1
8,110-119,1767368409,2026-01-02T23:40:09,0.1
8,110-119,1767368709,2026-01-02T23:45:09,0.1
8,110-119,1767369009,2026-01-02T23:50:09,0.12
8,110-119,1767369309,2026-01-02T23:55:09,0.12
8,110-119,1767369614,2026-01-03T00:00:14,0.125
8,110-119,1767369912,2026-01-03T00:05:12,0.125
8,110-119,1767370210,2026-01-03T00:10:10,0.125
8,110-119,1767370510,2026-01-03T00:15:10,0.125
8,110-119,1767370811,2026-01-03T00:20:11,0.13
8,110-119,1767371110,2026-01-03T00:25:10,0.13
8,110-119,1767371413,2026-01-03T00:30:13,0.13
8,110-119,1767371710,2026-01-03T00:35:10,0.12
8,110-119,1767372009,2026-01-03T00:40:09,0.12
8,110-119,1767372312,2026-01-03T00:45:12,0.11
8,110-119,1767372621,2026-01-03T00:50:21,0.115
8,110-119,1767372909,2026-01-03T00:55:09,0.12
8,110-119,1767373216,2026-01-03T01:00:16,0.1
8,110-119,1767373510,2026-01-03T01:05:10,0.085
8,110-119,1767373811,2026-01-03T01:10:11,0.07
8,110-119,1767374110,2026-01-03T01:15:10,0.08
8,110-119,1767374411,2026-01-03T01:20:11,0.095
8,110-119,1767374710,2026-01-03T01:25:10,0.06
8,110-119,1767375013,2026-01-03T01:30:13,0.04
8,110-119,1767375320,2026-01-03T01:35:20,0.04
8,110-119,1767375611,2026-01-03T01:40:11,0.0355
8,110-119,1767375910,2026-01-03T01:45:10,0.035
8,110-119,1767376224,2026-01-03T01:50:24,0.0365
8,110-119,1767376510,2026-01-03T01:55:10,0.044
8,110-119,1767376829,2026-01-03T02:00:29,0.033
8,110-119,1767377112,2026-01-03T02:05:12,0.034
8,110-119,1767377409,2026-01-03T02:10:09,0.057
8,110-119,1767377724,2026-01-03T02:15:24,0.052
8,110-119,1767378010,2026-01-03T02:20:10,0.0485
8,110-119,1767378310,2026-01-03T02:25:10,0.047
8,110-119,1767378615,2026-01-03T02:30:15,0.0405
8,110-119,1767378925,2026-01-03T02:35:25,0.022
8,110-119,1767379225,2026-01-03T02:40:25,0.0295
8,110-119,1767379510,2026-01-03T02:45:10,0.034
8,110-119,1767379810,2026-01-03T02:50:10,0.0325
8,110-119,1767380112,2026-01-03T02:55:12,0.0165
8,110-119,1767380414,2026-01-03T03:00:14,0.0065
8,110-119,1767380710,2026-01-03T03:05:10,0.0055
8,110-119,1767381011,2026-01-03T03:10:11,0.0055
8,110-119,1767381309,2026-01-03T03:15:09,0.0055
8,110-119,1767381610,2026-01-03T03:20:10,0.016
8,110-119,1767381912,2026-01-03T03:25:12,0.012
8,110-119,1767382212,2026-01-03T03:30:12,0.0115
8,110-119,1767382509,2026-01-03T03:35:09,0.0175
8,110-119,1767382809,2026-01-03T03:40:09,0.013
8,110-119,1767383110,2026-01-03T03:45:10,0.0095
8,110-119,1767383424,2026-01-03T03:50:24,0.006
8,110-119,1767383709,2026-01-03T03:55:09,0.003
8,110-119,1767384015,2026-01-03T04:00:15,0.003
8,110-119,1767384310,2026-01-03T04:05:10,0.003
8,110-119,1767384610,2026-01-03T04:10:10,0.003
8,110-119,1767384912,2026-01-03T04:15:12,0.0035
8,110-119,1767385210,2026-01-03T04:20:10,0.0035
8,110-119,1767385510,2026-01-03T04:25:10,0.0035
8,110-119,1767385815,2026-01-03T04:30:15,0.0035
8,110-119,1767386110,2026-01-03T04:35:10,0.0035
8,110-119,1767386410,2026-01-03T04:40:10,0.035
8,110-119,1767386722,2026-01-03T04:45:22,0.035
8,110-119,1767387012,2026-01-03T04:50:12,0.0335
8,110-119,1767387310,2026-01-03T04:55:10,0.0265
8,110-119,1767387615,2026-01-03T05:00:15,0.025
8,110-119,1767387921,2026-01-03T05:05:21,0.024
8,110-119,1767388210,2026-01-03T05:10:10,0.02
8,110-119,1767388510,2026-01-03T05:15:10,0.0235
8,110-119,1767388810,2026-01-03T05:20:10,0.012
8,110-119,1767389110,2026-01-03T05:25:10,0.021
8,110-119,1767389413,2026-01-03T05:30:13,0.0195
8,110-119,1767389723,2026-01-03T05:35:23,0.029
8,110-119,1767390009,2026-01-03T05:40:09,0.019
8,110-119,1767390310,2026-01-03T05:45:10,0.03
8,110-119,1767390610,2026-01-03T05:50:10,0.03
8,110-119,1767390910,2026-01-03T05:55:10,0.03
8,110-119,1767391215,2026-01-03T06:00:15,0.03
8,110-119,1767391510,2026-01-03T06:05:10,0.025
8,110-119,1767391810,2026-01-03T06:10:10,0.0545
8,110-119,1767392110,2026-01-03T06:15:10,0.021
8,110-119,1767392410,2026-01-03T06:20:10,0.0225
8,110-119,1767392712,2026-01-03T06:25:12,0.0185
8,110-119,1767393013,2026-01-03T06:30:13,0.0165
8,110-119,1767393310,2026-01-03T06:35:10,0.0165
8,110-119,1767393610,2026-01-03T06:40:10,0.02
8,110-119,1767393910,2026-01-03T06:45:10,0.02
8,110-119,1767394212,2026-01-03T06:50:12,0.02
8,110-119,1767394510,2026-01-03T06:55:10,0.0155
8,110-119,1767394813,2026-01-03T07:00:13,0.016
8,110-119,1767395110,2026-01-03T07:05:10,0.016
8,110-119,1767395410,2026-01-03T07:10:10,0.0215
8,110-119,1767395733,2026-01-03T07:15:33,0.0265
8,110-119,1767396010,2026-01-03T07:20:10,0.026
8,110-119,1767396310,2026-01-03T07:25:10,0.0185
8,110-119,1767396613,2026-01-03T07:30:13,0.0355
8,110-119,1767396910,2026-01-03T07:35:10,0.048
8,110-119,1767397210,2026-01-03T07:40:10,0.048
8,110-119,1767397512,2026-01-03T07:45:12,0.048
8,110-119,1767397810,2026-01-03T07:50:10,0.0555
8,110-119,1767398110,2026-01-03T07:55:10,0.044
8,110-119,1767398414,2026-01-03T08:00:14,0.0345
8,110-119,1767398709,2026-01-03T08:05:09,0.0345
8,110-119,1767399021,2026-01-03T08:10:21,0.0345
8,110-119,1767399310,2026-01-03T08:15:10,0.0335
8,110-119,1767399610,2026-01-03T08:20:10,0.0345
8,110-119,1767399909,2026-01-03T08:25:09,0.04
8,110-119,1767400210,2026-01-03T08:30:10,0.016
8,110-119,1767400510,2026-01-03T08:35:10,0.021
8,110-119,1767400810,2026-01-03T08:40:10,0.0205
8,110-119,1767401110,2026-01-03T08:45:10,0.0055
8,110-119,1767401409,2026-01-03T08:50:09,0.006
8,110-119,1767401710,2026-01-03T08:55:10,0.006
8,110-119,1767402310,2026-01-03T09:05:10,0.0165
8,110-119,1767402610,2026-01-03T09:10:10,0.007
8,110-119,1767402909,2026-01-03T09:15:09,0.006
8,110-119,1767403210,2026-01-03T09:20:10,0.0075
8,110-119,1767403509,2026-01-03T09:25:09,0.0175
8,110-119,1767403810,2026-01-03T09:30:10,0.018
8,110-119,1767404110,2026-01-03T09:35:10,0.014
8,110-119,1767404410,2026-01-03T09:40:10,0.014
8,110-119,1767404710,2026-01-03T09:45:10,0.0135
8,110-119,1767405025,2026-01-03T09:50:25,0.0125
8,110-119,1767405310,2026-01-03T09:55:10,0.0125
8,110-119,1767405611,2026-01-03T10:00:11,0.0105
8,110-119,1767405910,2026-01-03T10:05:10,0.0105
8,110-119,1767406210,2026-01-03T10:10:10,0.0105
8,110-119,1767406510,2026-01-03T10:15:10,0.0175
8,110-119,1767406809,2026-01-03T10:20:09,0.018
8,110-119,1767407110,2026-01-03T10:25:10,0.013
8,110-119,1767407410,2026-01-03T10:30:10,0.0085
8,110-119,1767407710,2026-01-03T10:35:10,0.014
8,110-119,1767408024,2026-01-03T10:40:24,0.0275
8,110-119,1767408309,2026-01-03T10:45:09,0.0275
8,110-119,1767408610,2026-01-03T10:50:10,0.0275
8,110-119,1767408910,2026-01-03T10:55:10,0.0275
8,110-119,1767409213,2026-01-03T11:00:13,0.0275
8,110-119,1767409510,2026-01-03T11:05:10,0.028
8,110-119,1767409824,2026-01-03T11:10:24,0.0255
8,110-119,1767410111,2026-01-03T11:15:11,0.0355
8,110-119,1767410419,2026-01-03T11:20:19,0.019
8,110-119,1767410710,2026-01-03T11:25:10,0.0165
8,110-119,1767411010,2026-01-03T11:30:10,0.0075
8,110-119,1767411309,2026-01-03T11:35:09,0.006
8,110-119,1767411610,2026-01-03T11:40:10,0.006
8,110-119,1767411910,2026-01-03T11:45:10,0.005
8,110-119,1767412211,2026-01-03T11:50:11,0.011
8,110-119,1767412509,2026-01-03T11:55:09,0.0035
8,110-119,1767412813,2026-01-03T12:00:13,0.0025
8,110-119,1767413123,2026-01-03T12:05:23,0.002
8,110-119,1767413410,2026-01-03T12:10:10,0.0005
8,110-119,1767413709,2026-01-03T12:15:09,0.0005
8,110-119,1767414010,2026-01-03T12:20:10,0.0005
8,110-119,1767414310,2026-01-03T12:25:10,0.0005
8,110-119,1767414612,2026-01-03T12:30:12,0.0005
8,110-119,1767414909,2026-01-03T12:35:09,0.0005
8,110-119,1767415210,2026-01-03T12:40:10,0.0005
8,110-119,1767415509,2026-01-03T12:45:09,0.0005
8,110-119,1767415810,2026-01-03T12:50:10,0.0005
8,110-119,1767416110,2026-01-03T12:55:10,0.0005
8,110-119,1767416423,2026-01-03T13:00:23,0.0005
8,110-119,1767416709,2026-01-03T13:05:09,0.0005
8,110-119,1767417010,2026-01-03T13:10:10,0.0005
8,110-119,1767417310,2026-01-03T13:15:10,0.0005
8,110-119,1767417611,2026-01-03T13:20:11,0.0005
8,110-119,1767417910,2026-01-03T13:25:10,0.0005
8,110-119,1767418211,2026-01-03T13:30:11,0.0005
8,110-119,1767418511,2026-01-03T13:35:11,0.0005
8,110-119,1767418809,2026-01-03T13:40:09,0.0005
8,110-119,1767419110,2026-01-03T13:45:10,0.0005
8,110-119,1767419410,2026-01-03T13:50:10,0.0005
8,110-119,1767419724,2026-01-03T13:55:24,0.0005
8,110-119,1767420024,2026-01-03T14:00:24,0.0005
8,110-119,1767420311,2026-01-03T14:05:11,0.0005
8,110-119,1767420610,2026-01-03T14:10:10,0.0005
8,110-119,1767420909,2026-01-03T14:15:09,0.0005
8,110-119,1767421210,2026-01-03T14:20:10,0.0005
8,110-119,1767421510,2026-01-03T14:25:10,0.0005
8,110-119,1767421812,2026-01-03T14:30:12,0.0005
8,110-119,1767422110,2026-01-03T14:35:10,0.0005
8,110-119,1767422411,2026-01-03T14:40:11,0.0005
8,110-119,1767422710,2026-01-03T14:45:10,0.0005
8,110-119,1767423010,2026-01-03T14:50:10,0.0005
8,110-119,1767423310,2026-01-03T14:55:10,0.0005
8,110-119,1767423612,2026-01-03T15:00:12,0.0005
8,110-119,1767423911,2026-01-03T15:05:11,0.0005
8,110-119,1767424210,2026-01-03T15:10:10,0.0005
8,110-119,1767424512,2026-01-03T15:15:12,0.0005
8,110-119,1767424811,2026-01-03T15:20:11,0.0005
9,120-129,1767044108,2025-12-30T05:35:08,0.5
9,120-129,1767044408,2025-12-30T05:40:08,0.5
9,120-129,1767044707,2025-12-30T05:45:07,0.5
9,120-129,1767045007,2025-12-30T05:50:07,0.15
9,120-129,1767045308,2025-12-30T05:55:08,0.145
9,120-129,1767045609,2025-12-30T06:00:09,0.145
9,120-129,1767045908,2025-12-30T06:05:08,0.145
9,120-129,1767046209,2025-12-30T06:10:09,0.145
9,120-129,1767046508,2025-12-30T06:15:08,0.145
9,120-129,1767046821,2025-12-30T06:20:21,0.145
9,120-129,1767047108,2025-12-30T06:25:08,0.14
9,120-129,1767047408,2025-12-30T06:30:08,0.14
9,120-129,1767047708,2025-12-30T06:35:08,0.14
9,120-129,1767048008,2025-12-30T06:40:08,0.13
9,120-129,1767048308,2025-12-30T06:45:08,0.125
9,120-129,1767048608,2025-12-30T06:50:08,0.125
9,120-129,1767048908,2025-12-30T06:55:08,0.125
9,120-129,1767049213,2025-12-30T07:00:13,0.175
9,120-129,1767049522,2025-12-30T07:05:22,0.17
9,120-129,1767049808,2025-12-30T07:10:08,0.17
9,120-129,1767050108,2025-12-30T07:15:08,0.17
9,120-129,1767050408,2025-12-30T07:20:08,0.18
9,120-129,1767050708,2025-12-30T07:25:08,0.17
9,120-129,1767051013,2025-12-30T07:30:13,0.14
9,120-129,1767051308,2025-12-30T07:35:08,0.135
9,120-129,1767051608,2025-12-30T07:40:08,0.12
9,120-129,1767051908,2025-12-30T07:45:08,0.11
9,120-129,1767052212,2025-12-30T07:50:12,0.11
9,120-129,1767052508,2025-12-30T07:55:08,0.11
9,120-129,1767052814,2025-12-30T08:00:14,0.11
9,120-129,1767053108,2025-12-30T08:05:08,0.105
9,120-129,1767053408,2025-12-30T08:10:08,0.105
9,120-129,1767053709,2025-12-30T08:15:09,0.105
9,120-129,1767054009,2025-12-30T08:20:09,0.105
9,120-129,1767054308,2025-12-30T08:25:08,0.07
9,120-129,1767054609,2025-12-30T08:30:09,0.07
9,120-129,1767054908,2025-12-30T08:35:08,0.07
9,120-129,1767055208,2025-12-30T08:40:08,0.07
9,120-129,1767055508,2025-12-30T08:45:08,0.07
9,120-129,1767055809,2025-12-30T08:50:09,0.07
9,120-129,1767056108,2025-12-30T08:55:08,0.07
9,120-129,1767056409,2025-12-30T09:00:09,0.07
9,120-129,1767056708,2025-12-30T09:05:08,0.07
9,120-129,1767057008,2025-12-30T09:10:08,0.07
9,120-129,1767057308,2025-12-30T09:15:08,0.07
9,120-129,1767057608,2025-12-30T09:20:08,0.065
9,120-129,1767057908,2025-12-30T09:25:08,0.065
9,120-129,1767058209,2025-12-30T09:30:09,0.065
9,120-129,1767058508,2025-12-30T09:35:08,0.065
9,120-129,1767058808,2025-12-30T09:40:08,0.065
9,120-129,1767059108,2025-12-30T09:45:08,0.065
9,120-129,1767059423,2025-12-30T09:50:23,0.065
9,120-129,1767059708,2025-12-30T09:55:08,0.065
9,120-129,1767060009,2025-12-30T10:00:09,0.065
9,120-129,1767060308,2025-12-30T10:05:08,0.065
9,120-129,1767060608,2025-12-30T10:10:08,0.07
9,120-129,1767060908,2025-12-30T10:15:08,0.055
9,120-129,1767061208,2025-12-30T10:20:08,0.055
9,120-129,1767061508,2025-12-30T10:25:08,0.065
9,120-129,1767061809,2025-12-30T10:30:09,0.065
9,120-129,1767062108,2025-12-30T10:35:08,0.065
9,120-129,1767062408,2025-12-30T10:40:08,0.065
9,120-129,1767062708,2025-12-30T10:45:08,0.065
9,120-129,1767063011,2025-12-30T10:50:11,0.065
9,120-129,1767063308,2025-12-30T10:55:08,0.065
9,120-129,1767063611,2025-12-30T11:00:11,0.065
9,120-129,1767063908,2025-12-30T11:05:08,0.065
9,120-129,1767064208,2025-12-30T11:10:08,0.065
9,120-129,1767064508,2025-12-30T11:15:08,0.065
9,120-129,1767064808,2025-12-30T11:20:08,0.065
9,120-129,1767065122,2025-12-30T11:25:22,0.065
9,120-129,1767065408,2025-12-30T11:30:08,0.065
9,120-129,1767065708,2025-12-30T11:35:08,0.065
9,120-129,1767066008,2025-12-30T11:40:08,0.065
9,120-129,1767066308,2025-12-30T11:45:08,0.065
9,120-129,1767066609,2025-12-30T11:50:09,0.065
9,120-129,1767066908,2025-12-30T11:55:08,0.065
9,120-129,1767067209,2025-12-30T12:00:09,0.065
9,120-129,1767067508,2025-12-30T12:05:08,0.065
9,120-129,1767067808,2025-12-30T12:10:08,0.065
9,120-129,1767068108,2025-12-30T12:15:08,0.065
9,120-129,1767068408,2025-12-30T12:20:08,0.065
9,120-129,1767068708,2025-12-30T12:25:08,0.06
9,120-129,1767069009,2025-12-30T12:30:09,0.065
9,120-129,1767069308,2025-12-30T12:35:08,0.065
9,120-129,1767069608,2025-12-30T12:40:08,0.065
9,120-129,1767069908,2025-12-30T12:45:08,0.065
9,120-129,1767070208,2025-12-30T12:50:08,0.065
9,120-129,1767070508,2025-12-30T12:55:08,0.065
9,120-129,1767070812,2025-12-30T13:00:12,0.065
9,120-129,1767071108,2025-12-30T13:05:08,0.065
9,120-129,1767071408,2025-12-30T13:10:08,0.065
9,120-129,1767071708,2025-12-30T13:15:08,0.065
9,120-129,1767072019,2025-12-30T13:20:19,0.065
9,120-129,1767072307,2025-12-30T13:25:07,0.065
9,120-129,1767072609,2025-12-30T13:30:09,0.065
9,120-129,1767072908,2025-12-30T13:35:08,0.065
9,120-129,1767073208,2025-12-30T13:40:08,0.065
9,120-129,1767073508,2025-12-30T13:45:08,0.065
9,120-129,1767073808,2025-12-30T13:50:08,0.065
9,120-129,1767074108,2025-12-30T13:55:08,0.065
9,120-129,1767074409,2025-12-30T14:00:09,0.065
9,120-129,1767074708,2025-12-30T14:05:08,0.065
9,120-129,1767075008,2025-12-30T14:10:08,0.065
9,120-129,1767075308,2025-12-30T14:15:08,0.065
9,120-129,1767075608,2025-12-30T14:20:08,0.065
9,120-129,1767075908,2025-12-30T14:25:08,0.065
9,120-129,1767076209,2025-12-30T14:30:09,0.065
9,120-129,1767076511,2025-12-30T14:35:11,0.065
9,120-129,1767076808,2025-12-30T14:40:08,0.065
9,120-129,1767077108,2025-12-30T14:45:08,0.065
9,120-129,1767077420,2025-12-30T14:50:20,0.065
9,120-129,1767077708,2025-12-30T14:55:08,0.065
9,120-129,1767078014,2025-12-30T15:00:14,0.065
9,120-129,1767078308,2025-12-30T15:05:08,0.065
9,120-129,1767078608,2025-12-30T15:10:08,0.065
9,120-129,1767078908,2025-12-30T15:15:08,0.065
9,120-129,1767079208,2025-12-30T15:20:08,0.065
9,120-129,1767079507,2025-12-30T15:25:07,0.065
9,120-129,1767079820,2025-12-30T15:30:20,0.065
9,120-129,1767080108,2025-12-30T15:35:08,0.065
9,120-129,1767080408,2025-12-30T15:40:08,0.065
9,120-129,1767080708,2025-12-30T15:45:08,0.065
9,120-129,1767081008,2025-12-30T15:50:08,0.065
9,120-129,1767081308,2025-12-30T15:55:08,0.065
9,120-129,1767081609,2025-12-30T16:00:09,0.065
9,120-129,1767081908,2025-12-30T16:05:08,0.105
9,120-129,1767082207,2025-12-30T16:10:07,0.105
9,120-129,1767082509,2025-12-30T16:15:09,0.105
9,120-129,1767082808,2025-12-30T16:20:08,0.105
9,120-129,1767083108,2025-12-30T16:25:08,0.105
9,120-129,1767083409,2025-12-30T16:30:09,0.105
9,120-129,1767083708,2025-12-30T16:35:08,0.105
9,120-129,1767084022,2025-12-30T16:40:22,0.105
9,120-129,1767084307,2025-12-30T16:45:07,0.105
9,120-129,1767084608,2025-12-30T16:50:08,0.105
9,120-129,1767084907,2025-12-30T16:55:07,0.105
9,120-129,1767085212,2025-12-30T17:00:12,0.105
9,120-129,1767085508,2025-12-30T17:05:08,0.105
9,120-129,1767085809,2025-12-30T17:10:09,0.105
9,120-129,1767086109,2025-12-30T17:15:09,0.105
9,120-129,1767086407,2025-12-30T17:20:07,0.105
9,120-129,1767086708,2025-12-30T17:25:08,0.105
9,120-129,1767087009,2025-12-30T17:30:09,0.105
9,120-129,1767087308,2025-12-30T17:35:08,0.105
9,120-129,1767087608,2025-12-30T17:40:08,0.105
9,120-129,1767087908,2025-12-30T17:45:08,0.105
9,120-129,1767088207,2025-12-30T17:50:07,0.105
9,120-129,1767088507,2025-12-30T17:55:07,0.105
9,120-129,1767088809,2025-12-30T18:00:09,0.105
9,120-129,1767089112,2025-12-30T18:05:12,0.105
9,120-129,1767089408,2025-12-30T18:10:08,0.105
9,120-129,1767089708,2025-12-30T18:15:08,0.105
9,120-129,1767090008,2025-12-30T18:20:08,0.105
9,120-129,1767090319,2025-12-30T18:25:19,0.105
9,120-129,1767090609,2025-12-30T18:30:09,0.105
9,120-129,1767090908,2025-12-30T18:35:08,0.105
9,120-129,1767091207,2025-12-30T18:40:07,0.105
9,120-129,1767091507,2025-12-30T18:45:07,0.065
9,120-129,1767091808,2025-12-30T18:50:08,0.06
9,120-129,1767092107,2025-12-30T18:55:07,0.06
9,120-129,1767092410,2025-12-30T19:00:10,0.06
9,120-129,1767092721,2025-12-30T19:05:21,0.06
9,120-129,1767093008,2025-12-30T19:10:08,0.06
9,120-129,1767093308,2025-12-30T19:15:08,0.06
9,120-129,1767093609,2025-12-30T19:20:09,0.06
9,120-129,1767093908,2025-12-30T19:25:08,0.06
9,120-129,1767094220,2025-12-30T19:30:20,0.06
9,120-129,1767094508,2025-12-30T19:35:08,0.06
9,120-129,1767094808,2025-12-30T19:40:08,0.06
9,120-129,1767095108,2025-12-30T19:45:08,0.06
9,120-129,1767095408,2025-12-30T19:50:08,0.06
9,120-129,1767095707,2025-12-30T19:55:07,0.06
9,120-129,1767096011,2025-12-30T20:00:11,0.06
9,120-129,1767096308,2025-12-30T20:05:08,0.06
9,120-129,1767096608,2025-12-30T20:10:08,0.06
9,120-129,1767096908,2025-12-30T20:15:08,0.06
9,120-129,1767097208,2025-12-30T20:20:08,0.06
9,120-129,1767097508,2025-12-30T20:25:08,0.06
9,120-129,1767097809,2025-12-30T20:30:09,0.06
9,120-129,1767098108,2025-12-30T20:35:08,0.06
9,120-129,1767098408,2025-12-30T20:40:08,0.06
9,120-129,1767098708,2025-12-30T20:45:08,0.075
9,120-129,1767099008,2025-12-30T20:50:08,0.085
9,120-129,1767099308,2025-12-30T20:55:08,0.085
9,120-129,1767099609,2025-12-30T21:00:09,0.085
9,120-129,1767099908,2025-12-30T21:05:08,0.09
9,120-129,1767100208,2025-12-30T21:10:08,0.09
9,120-129,1767100509,2025-12-30T21:15:09,0.09
9,120-129,1767100808,2025-12-30T21:20:08,0.09
9,120-129,1767101119,2025-12-30T21:25:19,0.09
9,120-129,1767101409,2025-12-30T21:30:09,0.09
9,120-129,1767101708,2025-12-30T21:35:08,0.09
9,120-129,1767102009,2025-12-30T21:40:09,0.09
9,120-129,1767102308,2025-12-30T21:45:08,0.09
9,120-129,1767102608,2025-12-30T21:50:08,0.09
9,120-129,1767102908,2025-12-30T21:55:08,0.09
9,120-129,1767103209,2025-12-30T22:00:09,0.09
9,120-129,1767103512,2025-12-30T22:05:12,0.09
9,120-129,1767103808,2025-12-30T22:10:08,0.09
9,120-129,1767104108,2025-12-30T22:15:08,0.09
9,120-129,1767104408,2025-12-30T22:20:08,0.09
9,120-129,1767104708,2025-12-30T22:25:08,0.09
9,120-129,1767105009,2025-12-30T22:30:09,0.09
9,120-129,1767105308,2025-12-30T22:35:08,0.09
9,120-129,1767105608,2025-12-30T22:40:08,0.09
9,120-129,1767105907,2025-12-30T22:45:07,0.09
9,120-129,1767106208,2025-12-30T22:50:08,0.09
9,120-129,1767106508,2025-12-30T22:55:08,0.09
9,120-129,1767106810,2025-12-30T23:00:10,0.09
9,120-129,1767107109,2025-12-30T23:05:09,0.09
9,120-129,1767107408,2025-12-30T23:10:08,0.09
9,120-129,1767107708,2025-12-30T23:15:08,0.09
9,120-129,1767108022,2025-12-30T23:20:22,0.09
9,120-129,1767108308,2025-12-30T23:25:08,0.09
9,120-129,1767108610,2025-12-30T23:30:10,0.09
9,120-129,1767108920,2025-12-30T23:35:20,0.09
9,120-129,1767109208,2025-12-30T23:40:08,0.09
9,120-129,1767109508,2025-12-30T23:45:08,0.09
9,120-129,1767109808,2025-12-30T23:50:08,0.09
9,120-129,1767110108,2025-12-30T23:55:08,0.09
9,120-129,1767110409,2025-12-31T00:00:09,0.09
9,120-129,1767110708,2025-12-31T00:05:08,0.09
9,120-129,1767111008,2025-12-31T00:10:08,0.09
9,120-129,1767111308,2025-12-31T00:15:08,0.09
9,120-129,1767111612,2025-12-31T00:20:12,0.09
9,120-129,1767111908,2025-12-31T00:25:08,0.09
9,120-129,1767112209,2025-12-31T00:30:09,0.09
9,120-129,1767112508,2025-12-31T00:35:08,0.09
9,120-129,1767112808,2025-12-31T00:40:08,0.09
9,120-129,1767113108,2025-12-31T00:45:08,0.09
9,120-129,1767113409,2025-12-31T00:50:09,0.095
9,120-129,1767113708,2025-12-31T00:55:08,0.095
9,120-129,1767114011,2025-12-31T01:00:11,0.095
9,120-129,1767114308,2025-12-31T01:05:08,0.095
9,120-129,1767114608,2025-12-31T01:10:08,0.095
9,120-129,1767114909,2025-12-31T01:15:09,0.09
9,120-129,1767115208,2025-12-31T01:20:08,0.09
9,120-129,1767115508,2025-12-31T01:25:08,0.09
9,120-129,1767115809,2025-12-31T01:30:09,0.09
9,120-129,1767116108,2025-12-31T01:35:08,0.09
9,120-129,1767116408,2025-12-31T01:40:08,0.09
9,120-129,1767116708,2025-12-31T01:45:08,0.09
9,120-129,1767117008,2025-12-31T01:50:08,0.09
9,120-129,1767117309,2025-12-31T01:55:09,0.09
9,120-129,1767117614,2025-12-31T02:00:14,0.09
9,120-129,1767117909,2025-12-31T02:05:09,0.09
9,120-129,1767118209,2025-12-31T02:10:09,0.09
9,120-129,1767118508,2025-12-31T02:15:08,0.09
9,120-129,1767118808,2025-12-31T02:20:08,0.09
9,120-129,1767119109,2025-12-31T02:25:09,0.09
9,120-129,1767119409,2025-12-31T02:30:09,0.09
9,120-129,1767119708,2025-12-31T02:35:08,0.09
9,120-129,1767120009,2025-12-31T02:40:09,0.09
9,120-129,1767120309,2025-12-31T02:45:09,0.09
9,120-129,1767120609,2025-12-31T02:50:09,0.09
9,120-129,1767120908,2025-12-31T02:55:08,0.09
9,120-129,1767121209,2025-12-31T03:00:09,0.09
9,120-129,1767121509,2025-12-31T03:05:09,0.09
9,120-129,1767121808,2025-12-31T03:10:08,0.09
9,120-129,1767122109,2025-12-31T03:15:09,0.09
9,120-129,1767122423,2025-12-31T03:20:23,0.09
9,120-129,1767122709,2025-12-31T03:25:09,0.09
9,120-129,1767123010,2025-12-31T03:30:10,0.09
9,120-129,1767123310,2025-12-31T03:35:10,0.09
9,120-129,1767123610,2025-12-31T03:40:10,0.09
9,120-129,1767123909,2025-12-31T03:45:09,0.09
9,120-129,1767124210,2025-12-31T03:50:10,0.09
9,120-129,1767124509,2025-12-31T03:55:09,0.09
9,120-129,1767124814,2025-12-31T04:00:14,0.09
9,120-129,1767125109,2025-12-31T04:05:09,0.09
9,120-129,1767125408,2025-12-31T04:10:08,0.09
9,120-129,1767125708,2025-12-31T04:15:08,0.09
9,120-129,1767126008,2025-12-31T04:20:08,0.09
9,120-129,1767126308,2025-12-31T04:25:08,0.09
9,120-129,1767126611,2025-12-31T04:30:11,0.09
9,120-129,1767126908,2025-12-31T04:35:08,0.09
9,120-129,1767127209,2025-12-31T04:40:09,0.09
9,120-129,1767127509,2025-12-31T04:45:09,0.09
9,120-129,1767127809,2025-12-31T04:50:09,0.095
9,120-129,1767128108,2025-12-31T04:55:08,0.095
9,120-129,1767128409,2025-12-31T05:00:09,0.1
9,120-129,1767128708,2025-12-31T05:05:08,0.1
9,120-129,1767129009,2025-12-31T05:10:09,0.1
9,120-129,1767129308,2025-12-31T05:15:08,0.1
9,120-129,1767129608,2025-12-31T05:20:08,0.095
9,120-129,1767129908,2025-12-31T05:25:08,0.095
9,120-129,1767130211,2025-12-31T05:30:11,0.095
9,120-129,1767130508,2025-12-31T05:35:08,0.095
9,120-129,1767130822,2025-12-31T05:40:22,0.095
9,120-129,1767131109,2025-12-31T05:45:09,0.095
9,120-129,1767131409,2025-12-31T05:50:09,0.095
9,120-129,1767131709,2025-12-31T05:55:09,0.095
9,120-129,1767132010,2025-12-31T06:00:10,0.095
9,120-129,1767132309,2025-12-31T06:05:09,0.095
9,120-129,1767132609,2025-12-31T06:10:09,0.095
9,120-129,1767132908,2025-12-31T06:15:08,0.095
9,120-129,1767133209,2025-12-31T06:20:09,0.095
9,120-129,1767133522,2025-12-31T06:25:22,0.095
9,120-129,1767133810,2025-12-31T06:30:10,0.095
9,120-129,1767134123,2025-12-31T06:35:23,0.095
9,120-129,1767134408,2025-12-31T06:40:08,0.095
9,120-129,1767134709,2025-12-31T06:45:09,0.095
9,120-129,1767135009,2025-12-31T06:50:09,0.095
9,120-129,1767135309,2025-12-31T06:55:09,0.095
9,120-129,1767135610,2025-12-31T07:00:10,0.095
9,120-129,1767135909,2025-12-31T07:05:09,0.095
9,120-129,1767136209,2025-12-31T07:10:09,0.095
9,120-129,1767136509,2025-12-31T07:15:09,0.095
9,120-129,1767136808,2025-12-31T07:20:08,0.095
9,120-129,1767137109,2025-12-31T07:25:09,0.095
9,120-129,1767137420,2025-12-31T07:30:20,0.095
9,120-129,1767137709,2025-12-31T07:35:09,0.095
9,120-129,1767138008,2025-12-31T07:40:08,0.095
9,120-129,1767138308,2025-12-31T07:45:08,0.095
9,120-129,1767138609,2025-12-31T07:50:09,0.095
9,120-129,1767138908,2025-12-31T07:55:08,0.095
9,120-129,1767139210,2025-12-31T08:00:10,0.095
9,120-129,1767139509,2025-12-31T08:05:09,0.095
9,120-129,1767139809,2025-12-31T08:10:09,0.095
9,120-129,1767140109,2025-12-31T08:15:09,0.095
9,120-129,1767140421,2025-12-31T08:20:21,0.095
9,120-129,1767140708,2025-12-31T08:25:08,0.095
9,120-129,1767141010,2025-12-31T08:30:10,0.095
9,120-129,1767141308,2025-12-31T08:35:08,0.095
9,120-129,1767141609,2025-12-31T08:40:09,0.095
9,120-129,1767141909,2025-12-31T08:45:09,0.095
9,120-129,1767142209,2025-12-31T08:50:09,0.095
9,120-129,1767142508,2025-12-31T08:55:08,0.095
9,120-129,1767142810,2025-12-31T09:00:10,0.095
9,120-129,1767143108,2025-12-31T09:05:08,0.095
9,120-129,1767143409,2025-12-31T09:10:09,0.095
9,120-129,1767143710,2025-12-31T09:15:10,0.095
9,120-129,1767144009,2025-12-31T09:20:09,0.095
9,120-129,1767144308,2025-12-31T09:25:08,0.095
9,120-129,1767144624,2025-12-31T09:30:24,0.095
9,120-129,1767144909,2025-12-31T09:35:09,0.095
9,120-129,1767145209,2025-12-31T09:40:09,0.095
9,120-129,1767145509,2025-12-31T09:45:09,0.095
9,120-129,1767145809,2025-12-31T09:50:09,0.095
9,120-129,1767146109,2025-12-31T09:55:09,0.095
9,120-129,1767146409,2025-12-31T10:00:09,0.095
9,120-129,1767146709,2025-12-31T10:05:09,0.095
9,120-129,1767147009,2025-12-31T10:10:09,0.095
9,120-129,1767147308,2025-12-31T10:15:08,0.095
9,120-129,1767147609,2025-12-31T10:20:09,0.095
9,120-129,1767147910,2025-12-31T10:25:10,0.095
9,120-129,1767148211,2025-12-31T10:30:11,0.095
9,120-129,1767148509,2025-12-31T10:35:09,0.095
9,120-129,1767148821,2025-12-31T10:40:21,0.095
9,120-129,1767149109,2025-12-31T10:45:09,0.095
9,120-129,1767149409,2025-12-31T10:50:09,0.095
9,120-129,1767149709,2025-12-31T10:55:09,0.095
9,120-129,1767150011,2025-12-31T11:00:11,0.095
9,120-129,1767150320,2025-12-31T11:05:20,0.095
9,120-129,1767150612,2025-12-31T11:10:12,0.095
9,120-129,1767150909,2025-12-31T11:15:09,0.095
9,120-129,1767151209,2025-12-31T11:20:09,0.095
9,120-129,1767151523,2025-12-31T11:25:23,0.095
9,120-129,1767151824,2025-12-31T11:30:24,0.095
9,120-129,1767152122,2025-12-31T11:35:22,0.095
9,120-129,1767152410,2025-12-31T11:40:10,0.095
9,120-129,1767152708,2025-12-31T11:45:08,0.095
9,120-129,1767153023,2025-12-31T11:50:23,0.095
9,120-129,1767153308,2025-12-31T11:55:08,0.095
9,120-129,1767153614,2025-12-31T12:00:14,0.095
9,120-129,1767153909,2025-12-31T12:05:09,0.095
9,120-129,1767154208,2025-12-31T12:10:08,0.095
9,120-129,1767154508,2025-12-31T12:15:08,0.095
9,120-129,1767154821,2025-12-31T12:20:21,0.095
9,120-129,1767155108,2025-12-31T12:25:08,0.095
9,120-129,1767155423,2025-12-31T12:30:23,0.095
9,120-129,1767155709,2025-12-31T12:35:09,0.095
9,120-129,1767156008,2025-12-31T12:40:08,0.095
9,120-129,1767156308,2025-12-31T12:45:08,0.095
9,120-129,1767156608,2025-12-31T12:50:08,0.095
9,120-129,1767156908,2025-12-31T12:55:08,0.095
9,120-129,1767157209,2025-12-31T13:00:09,0.095
9,120-129,1767157508,2025-12-31T13:05:08,0.095
9,120-129,1767157813,2025-12-31T13:10:13,0.095
9,120-129,1767158108,2025-12-31T13:15:08,0.095
9,120-129,1767158408,2025-12-31T13:20:08,0.095
9,120-129,1767158708,2025-12-31T13:25:08,0.095
9,120-129,1767159010,2025-12-31T13:30:10,0.095
9,120-129,1767159308,2025-12-31T13:35:08,0.095
9,120-129,1767159608,2025-12-31T13:40:08,0.095
9,120-129,1767159908,2025-12-31T13:45:08,0.095
9,120-129,1767160208,2025-12-31T13:50:08,0.095
9,120-129,1767160508,2025-12-31T13:55:08,0.095
9,120-129,1767160810,2025-12-31T14:00:10,0.095
9,120-129,1767161112,2025-12-31T14:05:12,0.095
9,120-129,1767161408,2025-12-31T14:10:08,0.095
9,120-129,1767161708,2025-12-31T14:15:08,0.095
9,120-129,1767162008,2025-12-31T14:20:08,0.095
9,120-129,1767162308,2025-12-31T14:25:08,0.095
9,120-129,1767162609,2025-12-31T14:30:09,0.095
9,120-129,1767162912,2025-12-31T14:35:12,0.095
9,120-129,1767163208,2025-12-31T14:40:08,0.095
9,120-129,1767163508,2025-12-31T14:45:08,0.095
9,120-129,1767163808,2025-12-31T14:50:08,0.095
9,120-129,1767164108,2025-12-31T14:55:08,0.095
9,120-129,1767164409,2025-12-31T15:00:09,0.095
9,120-129,1767164709,2025-12-31T15:05:09,0.095
9,120-129,1767165008,2025-12-31T15:10:08,0.095
9,120-129,1767165308,2025-12-31T15:15:08,0.095
9,120-129,1767165608,2025-12-31T15:20:08,0.095
9,120-129,1767165908,2025-12-31T15:25:08,0.095
9,120-129,1767166212,2025-12-31T15:30:12,0.095
9,120-129,1767166508,2025-12-31T15:35:08,0.095
9,120-129,1767166808,2025-12-31T15:40:08,0.095
9,120-129,1767167108,2025-12-31T15:45:08,0.085
9,120-129,1767167408,2025-12-31T15:50:08,0.095
9,120-129,1767167708,2025-12-31T15:55:08,0.095
9,120-129,1767168010,2025-12-31T16:00:10,0.095
9,120-129,1767168308,2025-12-31T16:05:08,0.095
9,120-129,1767168622,2025-12-31T16:10:22,0.095
9,120-129,1767168908,2025-12-31T16:15:08,0.095
9,120-129,1767169208,2025-12-31T16:20:08,0.095
9,120-129,1767169508,2025-12-31T16:25:08,0.095
9,120-129,1767169809,2025-12-31T16:30:09,0.095
9,120-129,1767170108,2025-12-31T16:35:08,0.095
9,120-129,1767170408,2025-12-31T16:40:08,0.095
9,120-129,1767170708,2025-12-31T16:45:08,0.095
9,120-129,1767171023,2025-12-31T16:50:23,0.095
9,120-129,1767171308,2025-12-31T16:55:08,0.095
9,120-129,1767171610,2025-12-31T17:00:10,0.095
9,120-129,1767171908,2025-12-31T17:05:08,0.095
9,120-129,1767172208,2025-12-31T17:10:08,0.095
9,120-129,1767172508,2025-12-31T17:15:08,0.095
9,120-129,1767172808,2025-12-31T17:20:08,0.095
9,120-129,1767173108,2025-12-31T17:25:08,0.095
9,120-129,1767173409,2025-12-31T17:30:09,0.095
9,120-129,1767173707,2025-12-31T17:35:07,0.095
9,120-129,1767174012,2025-12-31T17:40:12,0.095
9,120-129,1767174308,2025-12-31T17:45:08,0.095
9,120-129,1767174608,2025-12-31T17:50:08,0.095
9,120-129,1767174909,2025-12-31T17:55:09,0.095
9,120-129,1767175210,2025-12-31T18:00:10,0.095
9,120-129,1767175508,2025-12-31T18:05:08,0.095
9,120-129,1767175820,2025-12-31T18:10:20,0.095
9,120-129,1767176108,2025-12-31T18:15:08,0.095
9,120-129,1767176412,2025-12-31T18:20:12,0.095
9,120-129,1767176708,2025-12-31T18:25:08,0.095
9,120-129,1767177009,2025-12-31T18:30:09,0.095
9,120-129,1767177308,2025-12-31T18:35:08,0.095
9,120-129,1767177608,2025-12-31T18:40:08,0.095
9,120-129,1767177908,2025-12-31T18:45:08,0.095
9,120-129,1767178209,2025-12-31T18:50:09,0.095
9,120-129,1767178508,2025-12-31T18:55:08,0.095
9,120-129,1767178820,2025-12-31T19:00:20,0.095
9,120-129,1767179108,2025-12-31T19:05:08,0.095
9,120-129,1767179408,2025-12-31T19:10:08,0.095
9,120-129,1767179709,2025-12-31T19:15:09,0.095
9,120-129,1767180009,2025-12-31T19:20:09,0.095
9,120-129,1767180308,2025-12-31T19:25:08,0.095
9,120-129,1767180609,2025-12-31T19:30:09,0.095
9,120-129,1767180908,2025-12-31T19:35:08,0.095
9,120-129,1767181207,2025-12-31T19:40:07,0.095
9,120-129,1767181509,2025-12-31T19:45:09,0.095
9,120-129,1767181808,2025-12-31T19:50:08,0.095
9,120-129,1767182108,2025-12-31T19:55:08,0.095
9,120-129,1767182410,2025-12-31T20:00:10,0.095
9,120-129,1767182708,2025-12-31T20:05:08,0.095
9,120-129,1767183012,2025-12-31T20:10:12,0.095
9,120-129,1767183308,2025-12-31T20:15:08,0.095
9,120-129,1767183608,2025-12-31T20:20:08,0.095
9,120-129,1767183908,2025-12-31T20:25:08,0.12
9,120-129,1767184221,2025-12-31T20:30:21,0.12
9,120-129,1767184508,2025-12-31T20:35:08,0.12
9,120-129,1767184812,2025-12-31T20:40:12,0.125
9,120-129,1767185108,2025-12-31T20:45:08,0.125
9,120-129,1767185408,2025-12-31T20:50:08,0.125
9,120-129,1767185708,2025-12-31T20:55:08,0.125
9,120-129,1767186009,2025-12-31T21:00:09,0.125
9,120-129,1767186308,2025-12-31T21:05:08,0.125
9,120-129,1767186623,2025-12-31T21:10:23,0.125
9,120-129,1767186908,2025-12-31T21:15:08,0.125
9,120-129,1767187208,2025-12-31T21:20:08,0.125
9,120-129,1767187508,2025-12-31T21:25:08,0.125
9,120-129,1767187809,2025-12-31T21:30:09,0.125
9,120-129,1767188108,2025-12-31T21:35:08,0.125
9,120-129,1767188408,2025-12-31T21:40:08,0.125
9,120-129,1767188721,2025-12-31T21:45:21,0.125
9,120-129,1767189008,2025-12-31T21:50:08,0.125
9,120-129,1767189308,2025-12-31T21:55:08,0.125
9,120-129,1767189609,2025-12-31T22:00:09,0.125
9,120-129,1767189909,2025-12-31T22:05:09,0.125
9,120-129,1767190222,2025-12-31T22:10:22,0.125
9,120-129,1767190508,2025-12-31T22:15:08,0.125
9,120-129,1767190819,2025-12-31T22:20:19,0.125
9,120-129,1767191108,2025-12-31T22:25:08,0.125
9,120-129,1767191409,2025-12-31T22:30:09,0.125
9,120-129,1767191708,2025-12-31T22:35:08,0.125
9,120-129,1767192008,2025-12-31T22:40:08,0.125
9,120-129,1767192308,2025-12-31T22:45:08,0.125
9,120-129,1767192608,2025-12-31T22:50:08,0.115
9,120-129,1767192911,2025-12-31T22:55:11,0.115
9,120-129,1767193210,2025-12-31T23:00:10,0.115
9,120-129,1767193509,2025-12-31T23:05:09,0.115
9,120-129,1767193808,2025-12-31T23:10:08,0.115
9,120-129,1767194108,2025-12-31T23:15:08,0.115
9,120-129,1767194408,2025-12-31T23:20:08,0.115
9,120-129,1767194709,2025-12-31T23:25:09,0.115
9,120-129,1767195010,2025-12-31T23:30:10,0.115
9,120-129,1767195322,2025-12-31T23:35:22,0.115
9,120-129,1767195608,2025-12-31T23:40:08,0.115
9,120-129,1767195922,2025-12-31T23:45:22,0.115
9,120-129,1767196209,2025-12-31T23:50:09,0.115
9,120-129,1767196508,2025-12-31T23:55:08,0.115
9,120-129,1767196811,2026-01-01T00:00:11,0.115
9,120-129,1767197109,2026-01-01T00:05:09,0.115
9,120-129,1767197409,2026-01-01T00:10:09,0.115
9,120-129,1767197721,2026-01-01T00:15:21,0.115
9,120-129,1767198008,2026-01-01T00:20:08,0.115
9,120-129,1767198309,2026-01-01T00:25:09,0.115
9,120-129,1767198610,2026-01-01T00:30:10,0.115
9,120-129,1767198909,2026-01-01T00:35:09,0.115
9,120-129,1767199208,2026-01-01T00:40:08,0.115
9,120-129,1767199508,2026-01-01T00:45:08,0.11
9,120-129,1767199810,2026-01-01T00:50:10,0.11
9,120-129,1767200109,2026-01-01T00:55:09,0.11
9,120-129,1767200412,2026-01-01T01:00:12,0.11
9,120-129,1767200709,2026-01-01T01:05:09,0.11
9,120-129,1767201009,2026-01-01T01:10:09,0.11
9,120-129,1767201309,2026-01-01T01:15:09,0.11
9,120-129,1767201609,2026-01-01T01:20:09,0.11
9,120-129,1767201909,2026-01-01T01:25:09,0.11
9,120-129,1767202210,2026-01-01T01:30:10,0.11
9,120-129,1767202523,2026-01-01T01:35:23,0.11
9,120-129,1767202809,2026-01-01T01:40:09,0.11
9,120-129,1767203109,2026-01-01T01:45:09,0.11
9,120-129,1767203411,2026-01-01T01:50:11,0.11
9,120-129,1767203709,2026-01-01T01:55:09,0.11
9,120-129,1767204012,2026-01-01T02:00:12,0.11
9,120-129,1767204309,2026-01-01T02:05:09,0.11
9,120-129,1767204609,2026-01-01T02:10:09,0.11
9,120-129,1767204908,2026-01-01T02:15:08,0.11
9,120-129,1767205209,2026-01-01T02:20:09,0.11
9,120-129,1767205509,2026-01-01T02:25:09,0.11
9,120-129,1767205810,2026-01-01T02:30:10,0.11
9,120-129,1767206109,2026-01-01T02:35:09,0.11
9,120-129,1767206408,2026-01-01T02:40:08,0.11
9,120-129,1767206709,2026-01-01T02:45:09,0.11
9,120-129,1767207008,2026-01-01T02:50:08,0.11
9,120-129,1767207308,2026-01-01T02:55:08,0.11
9,120-129,1767207631,2026-01-01T03:00:31,0.11
9,120-129,1767207909,2026-01-01T03:05:09,0.11
9,120-129,1767208209,2026-01-01T03:10:09,0.11
9,120-129,1767208508,2026-01-01T03:15:08,0.11
9,120-129,1767208809,2026-01-01T03:20:09,0.11
9,120-129,1767209109,2026-01-01T03:25:09,0.11
9,120-129,1767209410,2026-01-01T03:30:10,0.11
9,120-129,1767209709,2026-01-01T03:35:09,0.11
9,120-129,1767210009,2026-01-01T03:40:09,0.11
9,120-129,1767210309,2026-01-01T03:45:09,0.11
9,120-129,1767210609,2026-01-01T03:50:09,0.11
9,120-129,1767210909,2026-01-01T03:55:09,0.11
9,120-129,1767211210,2026-01-01T04:00:10,0.11
9,120-129,1767211509,2026-01-01T04:05:09,0.11
9,120-129,1767211810,2026-01-01T04:10:10,0.11
9,120-129,1767212108,2026-01-01T04:15:08,0.11
9,120-129,1767212409,2026-01-01T04:20:09,0.11
9,120-129,1767212721,2026-01-01T04:25:21,0.11
9,120-129,1767213010,2026-01-01T04:30:10,0.11
9,120-129,1767213308,2026-01-01T04:35:08,0.11
9,120-129,1767213609,2026-01-01T04:40:09,0.11
9,120-129,1767213913,2026-01-01T04:45:13,0.11
9,120-129,1767214209,2026-01-01T04:50:09,0.11
9,120-129,1767214508,2026-01-01T04:55:08,0.11
9,120-129,1767214811,2026-01-01T05:00:11,0.11
9,120-129,1767215108,2026-01-01T05:05:08,0.11
9,120-129,1767215408,2026-01-01T05:10:08,0.11
9,120-129,1767215709,2026-01-01T05:15:09,0.11
9,120-129,1767216009,2026-01-01T05:20:09,0.11
9,120-129,1767216308,2026-01-01T05:25:08,0.11
9,120-129,1767216610,2026-01-01T05:30:10,0.11
9,120-129,1767216909,2026-01-01T05:35:09,0.11
9,120-129,1767217212,2026-01-01T05:40:12,0.11
9,120-129,1767217508,2026-01-01T05:45:08,0.11
9,120-129,1767217809,2026-01-01T05:50:09,0.11
9,120-129,1767218109,2026-01-01T05:55:09,0.11
9,120-129,1767218410,2026-01-01T06:00:10,0.11
9,120-129,1767218709,2026-01-01T06:05:09,0.11
9,120-129,1767219009,2026-01-01T06:10:09,0.11
9,120-129,1767219324,2026-01-01T06:15:24,0.11
9,120-129,1767219608,2026-01-01T06:20:08,0.11
9,120-129,1767219909,2026-01-01T06:25:09,0.105
9,120-129,1767220210,2026-01-01T06:30:10,0.11
9,120-129,1767220523,2026-01-01T06:35:23,0.11
9,120-129,1767220809,2026-01-01T06:40:09,0.11
9,120-129,1767221109,2026-01-01T06:45:09,0.11
9,120-129,1767221409,2026-01-01T06:50:09,0.11
9,120-129,1767221708,2026-01-01T06:55:08,0.11
9,120-129,1767222010,2026-01-01T07:00:10,0.11
9,120-129,1767222320,2026-01-01T07:05:20,0.11
9,120-129,1767222608,2026-01-01T07:10:08,0.11
9,120-129,1767222909,2026-01-01T07:15:09,0.11
9,120-129,1767223208,2026-01-01T07:20:08,0.11
9,120-129,1767223509,2026-01-01T07:25:09,0.11
9,120-129,1767223810,2026-01-01T07:30:10,0.11
9,120-129,1767224108,2026-01-01T07:35:08,0.11
9,120-129,1767224409,2026-01-01T07:40:09,0.11
9,120-129,1767224709,2026-01-01T07:45:09,0.11
9,120-129,1767225019,2026-01-01T07:50:19,0.11
9,120-129,1767225308,2026-01-01T07:55:08,0.11
9,120-129,1767225611,2026-01-01T08:00:11,0.11
9,120-129,1767225909,2026-01-01T08:05:09,0.11
9,120-129,1767226208,2026-01-01T08:10:08,0.11
9,120-129,1767226509,2026-01-01T08:15:09,0.11
9,120-129,1767226808,2026-01-01T08:20:08,0.11
9,120-129,1767227108,2026-01-01T08:25:08,0.11
9,120-129,1767227410,2026-01-01T08:30:10,0.11
9,120-129,1767227708,2026-01-01T08:35:08,0.11
9,120-129,1767228008,2026-01-01T08:40:08,0.105
9,120-129,1767228308,2026-01-01T08:45:08,0.105
9,120-129,1767228610,2026-01-01T08:50:10,0.105
9,120-129,1767228908,2026-01-01T08:55:08,0.1
9,120-129,1767229209,2026-01-01T09:00:09,0.095
9,120-129,1767229508,2026-01-01T09:05:08,0.1
9,120-129,1767229808,2026-01-01T09:10:08,0.095
9,120-129,1767230108,2026-01-01T09:15:08,0.095
9,120-129,1767230408,2026-01-01T09:20:08,0.095
9,120-129,1767230708,2026-01-01T09:25:08,0.1
9,120-129,1767231009,2026-01-01T09:30:09,0.095
9,120-129,1767231308,2026-01-01T09:35:08,0.085
9,120-129,1767231622,2026-01-01T09:40:22,0.09
9,120-129,1767231908,2026-01-01T09:45:08,0.09
9,120-129,1767232208,2026-01-01T09:50:08,0.085
9,120-129,1767232508,2026-01-01T09:55:08,0.1
9,120-129,1767232809,2026-01-01T10:00:09,0.1
9,120-129,1767233109,2026-01-01T10:05:09,0.105
9,120-129,1767233423,2026-01-01T10:10:23,0.11
9,120-129,1767233708,2026-01-01T10:15:08,0.11
9,120-129,1767234008,2026-01-01T10:20:08,0.11
9,120-129,1767234308,2026-01-01T10:25:08,0.11
9,120-129,1767234612,2026-01-01T10:30:12,0.11
9,120-129,1767234908,2026-01-01T10:35:08,0.11
9,120-129,1767235208,2026-01-01T10:40:08,0.11
9,120-129,1767235508,2026-01-01T10:45:08,0.11
9,120-129,1767235808,2026-01-01T10:50:08,0.11
9,120-129,1767236108,2026-01-01T10:55:08,0.105
9,120-129,1767236410,2026-01-01T11:00:10,0.11
9,120-129,1767236708,2026-01-01T11:05:08,0.11
9,120-129,1767237008,2026-01-01T11:10:08,0.11
9,120-129,1767237308,2026-01-01T11:15:08,0.11
9,120-129,1767237621,2026-01-01T11:20:21,0.11
9,120-129,1767237908,2026-01-01T11:25:08,0.11
9,120-129,1767238209,2026-01-01T11:30:09,0.11
9,120-129,1767238521,2026-01-01T11:35:21,0.11
9,120-129,1767238808,2026-01-01T11:40:08,0.11
9,120-129,1767239121,2026-01-01T11:45:21,0.11
9,120-129,1767239408,2026-01-01T11:50:08,0.11
9,120-129,1767239708,2026-01-01T11:55:08,0.11
9,120-129,1767240025,2026-01-01T12:00:25,0.11
9,120-129,1767240308,2026-01-01T12:05:08,0.11
9,120-129,1767240622,2026-01-01T12:10:22,0.11
9,120-129,1767240908,2026-01-01T12:15:08,0.11
9,120-129,1767241221,2026-01-01T12:20:21,0.11
9,120-129,1767241508,2026-01-01T12:25:08,0.11
9,120-129,1767241809,2026-01-01T12:30:09,0.11
9,120-129,1767242108,2026-01-01T12:35:08,0.11
9,120-129,1767242408,2026-01-01T12:40:08,0.11
9,120-129,1767242708,2026-01-01T12:45:08,0.11
9,120-129,1767243008,2026-01-01T12:50:08,0.11
9,120-129,1767243308,2026-01-01T12:55:08,0.11
9,120-129,1767243610,2026-01-01T13:00:10,0.11
9,120-129,1767243908,2026-01-01T13:05:08,0.11
9,120-129,1767244208,2026-01-01T13:10:08,0.11
9,120-129,1767244508,2026-01-01T13:15:08,0.11
9,120-129,1767244808,2026-01-01T13:20:08,0.11
9,120-129,1767245108,2026-01-01T13:25:08,0.11
9,120-129,1767245413,2026-01-01T13:30:13,0.11
9,120-129,1767245708,2026-01-01T13:35:08,0.11
9,120-129,1767246008,2026-01-01T13:40:08,0.11
9,120-129,1767246308,2026-01-01T13:45:08,0.11
9,120-129,1767246608,2026-01-01T13:50:08,0.11
9,120-129,1767246908,2026-01-01T13:55:08,0.11
9,120-129,1767247211,2026-01-01T14:00:11,0.11
9,120-129,1767247508,2026-01-01T14:05:08,0.11
9,120-129,1767247808,2026-01-01T14:10:08,0.11
9,120-129,1767248109,2026-01-01T14:15:09,0.11
9,120-129,1767248412,2026-01-01T14:20:12,0.11
9,120-129,1767248708,2026-01-01T14:25:08,0.11
9,120-129,1767249009,2026-01-01T14:30:09,0.11
9,120-129,1767249312,2026-01-01T14:35:12,0.11
9,120-129,1767249619,2026-01-01T14:40:19,0.11
9,120-129,1767249908,2026-01-01T14:45:08,0.105
9,120-129,1767250208,2026-01-01T14:50:08,0.105
9,120-129,1767250508,2026-01-01T14:55:08,0.105
9,120-129,1767250809,2026-01-01T15:00:09,0.11
9,120-129,1767251108,2026-01-01T15:05:08,0.11
9,120-129,1767251408,2026-01-01T15:10:08,0.11
9,120-129,1767251708,2026-01-01T15:15:08,0.11
9,120-129,1767252020,2026-01-01T15:20:20,0.11
9,120-129,1767252308,2026-01-01T15:25:08,0.11
9,120-129,1767252625,2026-01-01T15:30:25,0.11
9,120-129,1767252908,2026-01-01T15:35:08,0.11
9,120-129,1767253209,2026-01-01T15:40:09,0.11
9,120-129,1767253508,2026-01-01T15:45:08,0.11
9,120-129,1767253809,2026-01-01T15:50:09,0.11
9,120-129,1767254108,2026-01-01T15:55:08,0.11
9,120-129,1767254409,2026-01-01T16:00:09,0.11
9,120-129,1767254707,2026-01-01T16:05:07,0.11
9,120-129,1767255008,2026-01-01T16:10:08,0.11
9,120-129,1767255308,2026-01-01T16:15:08,0.11
9,120-129,1767255608,2026-01-01T16:20:08,0.11
9,120-129,1767255908,2026-01-01T16:25:08,0.11
9,120-129,1767256209,2026-01-01T16:30:09,0.11
9,120-129,1767256507,2026-01-01T16:35:07,0.11
9,120-129,1767256807,2026-01-01T16:40:07,0.11
9,120-129,1767257111,2026-01-01T16:45:11,0.11
9,120-129,1767257408,2026-01-01T16:50:08,0.11
9,120-129,1767257708,2026-01-01T16:55:08,0.11
9,120-129,1767258011,2026-01-01T17:00:11,0.11
9,120-129,1767258308,2026-01-01T17:05:08,0.11
9,120-129,1767258608,2026-01-01T17:10:08,0.105
9,120-129,1767258907,2026-01-01T17:15:07,0.105
9,120-129,1767259208,2026-01-01T17:20:08,0.105
9,120-129,1767259507,2026-01-01T17:25:07,0.11
9,120-129,1767259808,2026-01-01T17:30:08,0.11
9,120-129,1767260107,2026-01-01T17:35:07,0.11
9,120-129,1767260407,2026-01-01T17:40:07,0.11
9,120-129,1767260711,2026-01-01T17:45:11,0.115
9,120-129,1767261007,2026-01-01T17:50:07,0.115
9,120-129,1767261307,2026-01-01T17:55:07,0.115
9,120-129,1767261609,2026-01-01T18:00:09,0.115
9,120-129,1767261907,2026-01-01T18:05:07,0.115
9,120-129,1767262208,2026-01-01T18:10:08,0.115
9,120-129,1767262507,2026-01-01T18:15:07,0.115
9,120-129,1767262807,2026-01-01T18:20:07,0.115
9,120-129,1767263107,2026-01-01T18:25:07,0.115
9,120-129,1767263408,2026-01-01T18:30:08,0.115
9,120-129,1767263707,2026-01-01T18:35:07,0.115
9,120-129,1767264007,2026-01-01T18:40:07,0.115
9,120-129,1767264311,2026-01-01T18:45:11,0.115
9,120-129,1767264607,2026-01-01T18:50:07,0.115
9,120-129,1767264907,2026-01-01T18:55:07,0.115
9,120-129,1767265209,2026-01-01T19:00:09,0.115
9,120-129,1767265507,2026-01-01T19:05:07,0.115
9,120-129,1767265823,2026-01-01T19:10:23,0.115
9,120-129,1767266107,2026-01-01T19:15:07,0.115
9,120-129,1767266407,2026-01-01T19:20:07,0.115
9,120-129,1767266721,2026-01-01T19:25:21,0.115
9,120-129,1767267008,2026-01-01T19:30:08,0.115
9,120-129,1767267307,2026-01-01T19:35:07,0.115
9,120-129,1767267608,2026-01-01T19:40:08,0.115
9,120-129,1767267907,2026-01-01T19:45:07,0.115
9,120-129,1767268207,2026-01-01T19:50:07,0.115
9,120-129,1767268522,2026-01-01T19:55:22,0.115
9,120-129,1767268810,2026-01-01T20:00:10,0.115
9,120-129,1767269107,2026-01-01T20:05:07,0.115
9,120-129,1767269407,2026-01-01T20:10:07,0.115
9,120-129,1767269722,2026-01-01T20:15:22,0.115
9,120-129,1767270030,2026-01-01T20:20:30,0.115
9,120-129,1767270308,2026-01-01T20:25:08,0.115
9,120-129,1767270608,2026-01-01T20:30:08,0.11
9,120-129,1767270919,2026-01-01T20:35:19,0.115
9,120-129,1767271207,2026-01-01T20:40:07,0.115
9,120-129,1767271507,2026-01-01T20:45:07,0.115
9,120-129,1767271808,2026-01-01T20:50:08,0.115
9,120-129,1767272107,2026-01-01T20:55:07,0.11
9,120-129,1767272422,2026-01-01T21:00:22,0.105
9,120-129,1767272707,2026-01-01T21:05:07,0.105
9,120-129,1767273007,2026-01-01T21:10:07,0.105
9,120-129,1767273307,2026-01-01T21:15:07,0.105
9,120-129,1767273617,2026-01-01T21:20:17,0.105
9,120-129,1767273907,2026-01-01T21:25:07,0.105
9,120-129,1767274209,2026-01-01T21:30:09,0.105
9,120-129,1767274521,2026-01-01T21:35:21,0.105
9,120-129,1767274807,2026-01-01T21:40:07,0.105
9,120-129,1767275108,2026-01-01T21:45:08,0.115
9,120-129,1767275407,2026-01-01T21:50:07,0.115
9,120-129,1767275708,2026-01-01T21:55:08,0.115
9,120-129,1767276008,2026-01-01T22:00:08,0.115
9,120-129,1767276307,2026-01-01T22:05:07,0.115
9,120-129,1767276608,2026-01-01T22:10:08,0.115
9,120-129,1767276922,2026-01-01T22:15:22,0.115
9,120-129,1767277220,2026-01-01T22:20:20,0.115
9,120-129,1767277508,2026-01-01T22:25:08,0.115
9,120-129,1767277808,2026-01-01T22:30:08,0.115
9,120-129,1767278107,2026-01-01T22:35:07,0.115
9,120-129,1767278407,2026-01-01T22:40:07,0.115
9,120-129,1767278707,2026-01-01T22:45:07,0.12
9,120-129,1767279007,2026-01-01T22:50:07,0.115
9,120-129,1767279307,2026-01-01T22:55:07,0.115
9,120-129,1767279609,2026-01-01T23:00:09,0.115
9,120-129,1767279907,2026-01-01T23:05:07,0.115
9,120-129,1767280208,2026-01-01T23:10:08,0.115
9,120-129,1767280508,2026-01-01T23:15:08,0.115
9,120-129,1767280808,2026-01-01T23:20:08,0.115
9,120-129,1767281108,2026-01-01T23:25:08,0.115
9,120-129,1767281409,2026-01-01T23:30:09,0.115
9,120-129,1767281707,2026-01-01T23:35:07,0.12
9,120-129,1767282008,2026-01-01T23:40:08,0.12
9,120-129,1767282307,2026-01-01T23:45:07,0.12
9,120-129,1767282626,2026-01-01T23:50:26,0.18
9,120-129,1767282907,2026-01-01T23:55:07,0.18
9,120-129,1767283208,2026-01-02T00:00:08,0.175
9,120-129,1767283507,2026-01-02T00:05:07,0.18
9,120-129,1767283807,2026-01-02T00:10:07,0.195
9,120-129,1767284108,2026-01-02T00:15:08,0.18
9,120-129,1767284408,2026-01-02T00:20:08,0.18
9,120-129,1767284707,2026-01-02T00:25:07,0.175
9,120-129,1767285008,2026-01-02T00:30:08,0.175
9,120-129,1767285307,2026-01-02T00:35:07,0.175
9,120-129,1767285607,2026-01-02T00:40:07,0.175
9,120-129,1767285908,2026-01-02T00:45:08,0.175
9,120-129,1767286207,2026-01-02T00:50:07,0.175
9,120-129,1767286507,2026-01-02T00:55:07,0.175
9,120-129,1767286810,2026-01-02T01:00:10,0.175
9,120-129,1767287111,2026-01-02T01:05:11,0.185
9,120-129,1767287407,2026-01-02T01:10:07,0.18
9,120-129,1767287707,2026-01-02T01:15:07,0.175
9,120-129,1767288007,2026-01-02T01:20:07,0.185
9,120-129,1767288321,2026-01-02T01:25:21,0.185
9,120-129,1767288608,2026-01-02T01:30:08,0.18
9,120-129,1767288908,2026-01-02T01:35:08,0.185
9,120-129,1767289207,2026-01-02T01:40:07,0.185
9,120-129,1767289507,2026-01-02T01:45:07,0.18
9,120-129,1767289807,2026-01-02T01:50:07,0.18
9,120-129,1767290108,2026-01-02T01:55:08,0.185
9,120-129,1767290410,2026-01-02T02:00:10,0.18
9,120-129,1767290707,2026-01-02T02:05:07,0.175
9,120-129,1767291007,2026-01-02T02:10:07,0.185
9,120-129,1767291307,2026-01-02T02:15:07,0.18
9,120-129,1767291608,2026-01-02T02:20:08,0.17
9,120-129,1767291908,2026-01-02T02:25:08,0.175
9,120-129,1767292208,2026-01-02T02:30:08,0.175
9,120-129,1767292507,2026-01-02T02:35:07,0.165
9,120-129,1767292820,2026-01-02T02:40:20,0.165
9,120-129,1767293120,2026-01-02T02:45:20,0.18
9,120-129,1767293408,2026-01-02T02:50:08,0.18
9,120-129,1767293707,2026-01-02T02:55:07,0.18
9,120-129,1767294008,2026-01-02T03:00:08,0.18
9,120-129,1767294308,2026-01-02T03:05:08,0.18
9,120-129,1767294607,2026-01-02T03:10:07,0.18
9,120-129,1767294907,2026-01-02T03:15:07,0.18
9,120-129,1767295208,2026-01-02T03:20:08,0.18
9,120-129,1767295508,2026-01-02T03:25:08,0.18
9,120-129,1767295812,2026-01-02T03:30:12,0.18
9,120-129,1767296107,2026-01-02T03:35:07,0.18
9,120-129,1767296407,2026-01-02T03:40:07,0.18
9,120-129,1767296707,2026-01-02T03:45:07,0.185
9,120-129,1767297008,2026-01-02T03:50:08,0.185
9,120-129,1767297319,2026-01-02T03:55:19,0.185
9,120-129,1767297620,2026-01-02T04:00:20,0.185
9,120-129,1767297907,2026-01-02T04:05:07,0.185
9,120-129,1767298208,2026-01-02T04:10:08,0.185
9,120-129,1767298508,2026-01-02T04:15:08,0.185
9,120-129,1767298820,2026-01-02T04:20:20,0.185
9,120-129,1767299107,2026-01-02T04:25:07,0.2
9,120-129,1767299424,2026-01-02T04:30:24,0.2
9,120-129,1767299720,2026-01-02T04:35:20,0.2
9,120-129,1767300011,2026-01-02T04:40:11,0.205
9,120-129,1767300308,2026-01-02T04:45:08,0.24
9,120-129,1767300607,2026-01-02T04:50:07,0.245
9,120-129,1767300907,2026-01-02T04:55:07,0.245
9,120-129,1767301209,2026-01-02T05:00:09,0.245
9,120-129,1767301507,2026-01-02T05:05:07,0.25
9,120-129,1767301809,2026-01-02T05:10:09,0.25
9,120-129,1767302108,2026-01-02T05:15:08,0.24
9,120-129,1767302407,2026-01-02T05:20:07,0.24
9,120-129,1767302707,2026-01-02T05:25:07,0.235
9,120-129,1767303009,2026-01-02T05:30:09,0.235
9,120-129,1767303308,2026-01-02T05:35:08,0.235
9,120-129,1767303607,2026-01-02T05:40:07,0.215
9,120-129,1767303907,2026-01-02T05:45:07,0.215
9,120-129,1767304207,2026-01-02T05:50:07,0.21
9,120-129,1767304508,2026-01-02T05:55:08,0.215
9,120-129,1767304812,2026-01-02T06:00:12,0.21
9,120-129,1767305107,2026-01-02T06:05:07,0.21
9,120-129,1767305407,2026-01-02T06:10:07,0.21
9,120-129,1767305707,2026-01-02T06:15:07,0.21
9,120-129,1767306007,2026-01-02T06:20:07,0.205
9,120-129,1767306307,2026-01-02T06:25:07,0.2
9,120-129,1767306609,2026-01-02T06:30:09,0.2
9,120-129,1767306907,2026-01-02T06:35:07,0.2
9,120-129,1767307207,2026-01-02T06:40:07,0.21
9,120-129,1767307507,2026-01-02T06:45:07,0.21
9,120-129,1767307807,2026-01-02T06:50:07,0.21
9,120-129,1767308107,2026-01-02T06:55:07,0.21
9,120-129,1767308409,2026-01-02T07:00:09,0.21
9,120-129,1767308711,2026-01-02T07:05:11,0.205
9,120-129,1767309007,2026-01-02T07:10:07,0.215
9,120-129,1767309307,2026-01-02T07:15:07,0.215
9,120-129,1767309607,2026-01-02T07:20:07,0.215
9,120-129,1767309907,2026-01-02T07:25:07,0.215
9,120-129,1767310209,2026-01-02T07:30:09,0.205
9,120-129,1767310519,2026-01-02T07:35:19,0.21
9,120-129,1767310807,2026-01-02T07:40:07,0.21
9,120-129,1767311108,2026-01-02T07:45:08,0.205
9,120-129,1767311407,2026-01-02T07:50:07,0.165
9,120-129,1767311708,2026-01-02T07:55:08,0.16
9,120-129,1767312011,2026-01-02T08:00:11,0.17
9,120-129,1767312307,2026-01-02T08:05:07,0.165
9,120-129,1767312608,2026-01-02T08:10:08,0.165
9,120-129,1767312908,2026-01-02T08:15:08,0.165
9,120-129,1767313208,2026-01-02T08:20:08,0.165
9,120-129,1767313507,2026-01-02T08:25:07,0.165
9,120-129,1767313823,2026-01-02T08:30:23,0.165
9,120-129,1767314107,2026-01-02T08:35:07,0.165
9,120-129,1767314408,2026-01-02T08:40:08,0.165
9,120-129,1767314708,2026-01-02T08:45:08,0.165
9,120-129,1767315008,2026-01-02T08:50:08,0.17
9,120-129,1767315307,2026-01-02T08:55:07,0.17
9,120-129,1767315609,2026-01-02T09:00:09,0.17
9,120-129,1767315907,2026-01-02T09:05:07,0.17
9,120-129,1767316207,2026-01-02T09:10:07,0.17
9,120-129,1767316508,2026-01-02T09:15:08,0.17
9,120-129,1767316807,2026-01-02T09:20:07,0.17
9,120-129,1767317107,2026-01-02T09:25:07,0.17
9,120-129,1767317408,2026-01-02T09:30:08,0.17
9,120-129,1767317707,2026-01-02T09:35:07,0.17
9,120-129,1767318008,2026-01-02T09:40:08,0.15
9,120-129,1767318307,2026-01-02T09:45:07,0.155
9,120-129,1767318607,2026-01-02T09:50:07,0.12
9,120-129,1767318907,2026-01-02T09:55:07,0.13
9,120-129,1767319210,2026-01-02T10:00:10,0.13
9,120-129,1767319511,2026-01-02T10:05:11,0.13
9,120-129,1767319822,2026-01-02T10:10:22,0.125
9,120-129,1767320108,2026-01-02T10:15:08,0.13
9,120-129,1767320407,2026-01-02T10:20:07,0.13
9,120-129,1767320707,2026-01-02T10:25:07,0.135
9,120-129,1767321009,2026-01-02T10:30:09,0.135
9,120-129,1767321322,2026-01-02T10:35:22,0.145
9,120-129,1767321618,2026-01-02T10:40:18,0.145
9,120-129,1767321907,2026-01-02T10:45:07,0.125
9,120-129,1767322223,2026-01-02T10:50:23,0.11
9,120-129,1767322507,2026-01-02T10:55:07,0.11
9,120-129,1767322814,2026-01-02T11:00:14,0.11
9,120-129,1767323107,2026-01-02T11:05:07,0.115
9,120-129,1767323407,2026-01-02T11:10:07,0.115
9,120-129,1767323707,2026-01-02T11:15:07,0.115
9,120-129,1767324007,2026-01-02T11:20:07,0.115
9,120-129,1767324307,2026-01-02T11:25:07,0.115
9,120-129,1767324609,2026-01-02T11:30:09,0.115
9,120-129,1767324908,2026-01-02T11:35:08,0.12
9,120-129,1767325208,2026-01-02T11:40:08,0.12
9,120-129,1767325510,2026-01-02T11:45:10,0.12
9,120-129,1767325807,2026-01-02T11:50:07,0.125
9,120-129,1767326107,2026-01-02T11:55:07,0.125
9,120-129,1767326408,2026-01-02T12:00:08,0.125
9,120-129,1767326707,2026-01-02T12:05:07,0.125
9,120-129,1767327008,2026-01-02T12:10:08,0.125
9,120-129,1767327308,2026-01-02T12:15:08,0.125
9,120-129,1767327608,2026-01-02T12:20:08,0.125
9,120-129,1767327907,2026-01-02T12:25:07,0.125
9,120-129,1767328208,2026-01-02T12:30:08,0.125
9,120-129,1767328507,2026-01-02T12:35:07,0.125
9,120-129,1767328808,2026-01-02T12:40:08,0.125
9,120-129,1767329107,2026-01-02T12:45:07,0.125
9,120-129,1767329408,2026-01-02T12:50:08,0.125
9,120-129,1767329708,2026-01-02T12:55:08,0.185
9,120-129,1767330010,2026-01-02T13:00:10,0.185
9,120-129,1767330308,2026-01-02T13:05:08,0.185
9,120-129,1767330608,2026-01-02T13:10:08,0.185
9,120-129,1767330907,2026-01-02T13:15:07,0.185
9,120-129,1767331208,2026-01-02T13:20:08,0.14
9,120-129,1767331522,2026-01-02T13:25:22,0.14
9,120-129,1767331809,2026-01-02T13:30:09,0.14
9,120-129,1767332107,2026-01-02T13:35:07,0.12
9,120-129,1767332407,2026-01-02T13:40:07,0.12
9,120-129,1767332721,2026-01-02T13:45:21,0.12
9,120-129,1767333010,2026-01-02T13:50:10,0.12
9,120-129,1767333319,2026-01-02T13:55:19,0.12
9,120-129,1767333609,2026-01-02T14:00:09,0.12
9,120-129,1767333907,2026-01-02T14:05:07,0.12
9,120-129,1767334207,2026-01-02T14:10:07,0.12
9,120-129,1767334508,2026-01-02T14:15:08,0.12
9,120-129,1767334819,2026-01-02T14:20:19,0.12
9,120-129,1767335111,2026-01-02T14:25:11,0.12
9,120-129,1767335409,2026-01-02T14:30:09,0.12
9,120-129,1767335708,2026-01-02T14:35:08,0.12
9,120-129,1767336008,2026-01-02T14:40:08,0.12
9,120-129,1767336307,2026-01-02T14:45:07,0.12
9,120-129,1767336608,2026-01-02T14:50:08,0.12
9,120-129,1767336907,2026-01-02T14:55:07,0.12
9,120-129,1767337208,2026-01-02T15:00:08,0.12
9,120-129,1767337508,2026-01-02T15:05:08,0.11
9,120-129,1767337807,2026-01-02T15:10:07,0.11
9,120-129,1767338107,2026-01-02T15:15:07,0.115
9,120-129,1767338408,2026-01-02T15:20:08,0.105
9,120-129,1767338707,2026-01-02T15:25:07,0.105
9,120-129,1767339012,2026-01-02T15:30:12,0.105
9,120-129,1767339307,2026-01-02T15:35:07,0.105
9,120-129,1767339608,2026-01-02T15:40:08,0.1
9,120-129,1767339907,2026-01-02T15:45:07,0.1
9,120-129,1767340207,2026-01-02T15:50:07,0.1
9,120-129,1767340507,2026-01-02T15:55:07,0.1
9,120-129,1767340809,2026-01-02T16:00:09,0.1
9,120-129,1767341107,2026-01-02T16:05:07,0.1
9,120-129,1767341407,2026-01-02T16:10:07,0.105
9,120-129,1767341708,2026-01-02T16:15:08,0.105
9,120-129,1767342008,2026-01-02T16:20:08,0.105
9,120-129,1767342308,2026-01-02T16:25:08,0.105
9,120-129,1767342609,2026-01-02T16:30:09,0.1
9,120-129,1767342907,2026-01-02T16:35:07,0.095
9,120-129,1767343208,2026-01-02T16:40:08,0.1
9,120-129,1767343507,2026-01-02T16:45:07,0.105
9,120-129,1767343823,2026-01-02T16:50:23,0.105
9,120-129,1767344107,2026-01-02T16:55:07,0.105
9,120-129,1767344409,2026-01-02T17:00:09,0.105
9,120-129,1767344708,2026-01-02T17:05:08,0.105
9,120-129,1767345007,2026-01-02T17:10:07,0.105
9,120-129,1767345308,2026-01-02T17:15:08,0.105
9,120-129,1767345607,2026-01-02T17:20:07,0.11
9,120-129,1767345907,2026-01-02T17:25:07,0.11
9,120-129,1767346209,2026-01-02T17:30:09,0.135
9,120-129,1767346508,2026-01-02T17:35:08,0.145
9,120-129,1767346808,2026-01-02T17:40:08,0.14
9,120-129,1767347111,2026-01-02T17:45:11,0.15
9,120-129,1767347407,2026-01-02T17:50:07,0.155
9,120-129,1767347707,2026-01-02T17:55:07,0.135
9,120-129,1767348011,2026-01-02T18:00:11,0.14
9,120-129,1767348318,2026-01-02T18:05:18,0.14
9,120-129,1767348610,2026-01-02T18:10:10,0.14
9,120-129,1767348908,2026-01-02T18:15:08,0.14
9,120-129,1767349208,2026-01-02T18:20:08,0.135
9,120-129,1767349508,2026-01-02T18:25:08,0.135
9,120-129,1767349808,2026-01-02T18:30:08,0.14
9,120-129,1767350121,2026-01-02T18:35:21,0.14
9,120-129,1767350407,2026-01-02T18:40:07,0.14
9,120-129,1767350707,2026-01-02T18:45:07,0.14
9,120-129,1767351008,2026-01-02T18:50:08,0.14
9,120-129,1767351307,2026-01-02T18:55:07,0.145
9,120-129,1767351610,2026-01-02T19:00:10,0.14
9,120-129,1767351908,2026-01-02T19:05:08,0.14
9,120-129,1767352208,2026-01-02T19:10:08,0.14
9,120-129,1767352508,2026-01-02T19:15:08,0.14
9,120-129,1767352807,2026-01-02T19:20:07,0.145
9,120-129,1767353120,2026-01-02T19:25:20,0.145
9,120-129,1767353409,2026-01-02T19:30:09,0.145
9,120-129,1767353708,2026-01-02T19:35:08,0.145
9,120-129,1767354008,2026-01-02T19:40:08,0.145
9,120-129,1767354307,2026-01-02T19:45:07,0.145
9,120-129,1767354619,2026-01-02T19:50:19,0.145
9,120-129,1767354908,2026-01-02T19:55:08,0.145
9,120-129,1767355210,2026-01-02T20:00:10,0.2
9,120-129,1767355507,2026-01-02T20:05:07,0.2
9,120-129,1767355807,2026-01-02T20:10:07,0.155
9,120-129,1767356108,2026-01-02T20:15:08,0.185
9,120-129,1767356408,2026-01-02T20:20:08,0.175
9,120-129,1767356707,2026-01-02T20:25:07,0.175
9,120-129,1767357008,2026-01-02T20:30:08,0.165
9,120-129,1767357307,2026-01-02T20:35:07,0.165
9,120-129,1767357608,2026-01-02T20:40:08,0.165
9,120-129,1767357920,2026-01-02T20:45:20,0.155
9,120-129,1767358207,2026-01-02T20:50:07,0.15
9,120-129,1767358507,2026-01-02T20:55:07,0.155
9,120-129,1767358808,2026-01-02T21:00:08,0.155
9,120-129,1767359108,2026-01-02T21:05:08,0.175
9,120-129,1767359421,2026-01-02T21:10:21,0.17
9,120-129,1767359708,2026-01-02T21:15:08,0.17
9,120-129,1767360021,2026-01-02T21:20:21,0.175
9,120-129,1767360318,2026-01-02T21:25:18,0.185
9,120-129,1767360609,2026-01-02T21:30:09,0.19
9,120-129,1767360918,2026-01-02T21:35:18,0.185
9,120-129,1767361208,2026-01-02T21:40:08,0.19
9,120-129,1767361508,2026-01-02T21:45:08,0.19
9,120-129,1767361807,2026-01-02T21:50:07,0.19
9,120-129,1767362122,2026-01-02T21:55:22,0.19
9,120-129,1767362409,2026-01-02T22:00:09,0.175
9,120-129,1767362707,2026-01-02T22:05:07,0.18
9,120-129,1767363008,2026-01-02T22:10:08,0.185
9,120-129,1767363319,2026-01-02T22:15:19,0.18
9,120-129,1767363611,2026-01-02T22:20:11,0.175
9,120-129,1767363908,2026-01-02T22:25:08,0.18
9,120-129,1767364208,2026-01-02T22:30:08,0.17
9,120-129,1767364507,2026-01-02T22:35:07,0.175
9,120-129,1767364808,2026-01-02T22:40:08,0.165
9,120-129,1767365122,2026-01-02T22:45:22,0.14
9,120-129,1767365407,2026-01-02T22:50:07,0.14
9,120-129,1767365707,2026-01-02T22:55:07,0.14
9,120-129,1767366010,2026-01-02T23:00:10,0.155
9,120-129,1767366308,2026-01-02T23:05:08,0.155
9,120-129,1767366609,2026-01-02T23:10:09,0.155
9,120-129,1767366908,2026-01-02T23:15:08,0.155
9,120-129,1767367208,2026-01-02T23:20:08,0.155
9,120-129,1767367508,2026-01-02T23:25:08,0.155
9,120-129,1767367808,2026-01-02T23:30:08,0.155
9,120-129,1767368122,2026-01-02T23:35:22,0.155
9,120-129,1767368407,2026-01-02T23:40:07,0.155
9,120-129,1767368707,2026-01-02T23:45:07,0.14
9,120-129,1767369008,2026-01-02T23:50:08,0.14
9,120-129,1767369308,2026-01-02T23:55:08,0.14
9,120-129,1767369610,2026-01-03T00:00:10,0.14
9,120-129,1767369909,2026-01-03T00:05:09,0.14
9,120-129,1767370208,2026-01-03T00:10:08,0.14
9,120-129,1767370508,2026-01-03T00:15:08,0.165
9,120-129,1767370808,2026-01-03T00:20:08,0.155
9,120-129,1767371108,2026-01-03T00:25:08,0.16
9,120-129,1767371409,2026-01-03T00:30:09,0.155
9,120-129,1767371708,2026-01-03T00:35:08,0.155
9,120-129,1767372007,2026-01-03T00:40:07,0.15
9,120-129,1767372309,2026-01-03T00:45:09,0.16
9,120-129,1767372620,2026-01-03T00:50:20,0.16
9,120-129,1767372907,2026-01-03T00:55:07,0.13
9,120-129,1767373210,2026-01-03T01:00:10,0.13
9,120-129,1767373508,2026-01-03T01:05:08,0.145
9,120-129,1767373808,2026-01-03T01:10:08,0.16
9,120-129,1767374108,2026-01-03T01:15:08,0.15
9,120-129,1767374408,2026-01-03T01:20:08,0.14
9,120-129,1767374708,2026-01-03T01:25:08,0.09
9,120-129,1767375009,2026-01-03T01:30:09,0.105
9,120-129,1767375311,2026-01-03T01:35:11,0.055
9,120-129,1767375608,2026-01-03T01:40:08,0.075
9,120-129,1767375908,2026-01-03T01:45:08,0.06
9,120-129,1767376222,2026-01-03T01:50:22,0.095
9,120-129,1767376508,2026-01-03T01:55:08,0.085
9,120-129,1767376824,2026-01-03T02:00:24,0.08
9,120-129,1767377108,2026-01-03T02:05:08,0.065
9,120-129,1767377408,2026-01-03T02:10:08,0.065
9,120-129,1767377722,2026-01-03T02:15:22,0.11
9,120-129,1767378008,2026-01-03T02:20:08,0.095
9,120-129,1767378308,2026-01-03T02:25:08,0.09
9,120-129,1767378609,2026-01-03T02:30:09,0.075
9,120-129,1767378923,2026-01-03T02:35:23,0.075
9,120-129,1767379223,2026-01-03T02:40:23,0.07
9,120-129,1767379508,2026-01-03T02:45:08,0.06
9,120-129,1767379808,2026-01-03T02:50:08,0.06
9,120-129,1767380108,2026-01-03T02:55:08,0.045
9,120-129,1767380409,2026-01-03T03:00:09,0.025
9,120-129,1767380708,2026-01-03T03:05:08,0.025
9,120-129,1767381008,2026-01-03T03:10:08,0.02
9,120-129,1767381307,2026-01-03T03:15:07,0.0325
9,120-129,1767381608,2026-01-03T03:20:08,0.0325
9,120-129,1767381909,2026-01-03T03:25:09,0.0325
9,120-129,1767382208,2026-01-03T03:30:08,0.0325
9,120-129,1767382507,2026-01-03T03:35:07,0.041
9,120-129,1767382807,2026-01-03T03:40:07,0.041
9,120-129,1767383108,2026-01-03T03:45:08,0.037
9,120-129,1767383420,2026-01-03T03:50:20,0.023
9,120-129,1767383707,2026-01-03T03:55:07,0.0155
9,120-129,1767384010,2026-01-03T04:00:10,0.013
9,120-129,1767384308,2026-01-03T04:05:08,0.012
9,120-129,1767384608,2026-01-03T04:10:08,0.011
9,120-129,1767384909,2026-01-03T04:15:09,0.0265
9,120-129,1767385208,2026-01-03T04:20:08,0.03
9,120-129,1767385508,2026-01-03T04:25:08,0.025
9,120-129,1767385810,2026-01-03T04:30:10,0.024
9,120-129,1767386108,2026-01-03T04:35:08,0.019
9,120-129,1767386408,2026-01-03T04:40:08,0.008
9,120-129,1767386720,2026-01-03T04:45:20,0.0185
9,120-129,1767387008,2026-01-03T04:50:08,0.0185
9,120-129,1767387308,2026-01-03T04:55:08,0.019
9,120-129,1767387610,2026-01-03T05:00:10,0.0535
9,120-129,1767387911,2026-01-03T05:05:11,0.053
9,120-129,1767388208,2026-01-03T05:10:08,0.0385
9,120-129,1767388508,2026-01-03T05:15:08,0.0345
9,120-129,1767388808,2026-01-03T05:20:08,0.0305
9,120-129,1767389107,2026-01-03T05:25:07,0.03
9,120-129,1767389409,2026-01-03T05:30:09,0.0375
9,120-129,1767389720,2026-01-03T05:35:20,0.035
9,120-129,1767390007,2026-01-03T05:40:07,0.028
9,120-129,1767390308,2026-01-03T05:45:08,0.0595
9,120-129,1767390608,2026-01-03T05:50:08,0.0465
9,120-129,1767390908,2026-01-03T05:55:08,0.0705
9,120-129,1767391210,2026-01-03T06:00:10,0.065
9,120-129,1767391508,2026-01-03T06:05:08,0.0695
9,120-129,1767391808,2026-01-03T06:10:08,0.0445
9,120-129,1767392108,2026-01-03T06:15:08,0.071
9,120-129,1767392408,2026-01-03T06:20:08,0.0595
9,120-129,1767392709,2026-01-03T06:25:09,0.053
9,120-129,1767393009,2026-01-03T06:30:09,0.0525
9,120-129,1767393308,2026-01-03T06:35:08,0.061
9,120-129,1767393608,2026-01-03T06:40:08,0.061
9,120-129,1767393908,2026-01-03T06:45:08,0.0505
9,120-129,1767394208,2026-01-03T06:50:08,0.0505
9,120-129,1767394508,2026-01-03T06:55:08,0.041
9,120-129,1767394809,2026-01-03T07:00:09,0.046
9,120-129,1767395108,2026-01-03T07:05:08,0.0455
9,120-129,1767395408,2026-01-03T07:10:08,0.0535
9,120-129,1767395723,2026-01-03T07:15:23,0.059
9,120-129,1767396008,2026-01-03T07:20:08,0.0545
9,120-129,1767396308,2026-01-03T07:25:08,0.074
9,120-129,1767396609,2026-01-03T07:30:09,0.0575
9,120-129,1767396908,2026-01-03T07:35:08,0.0605
9,120-129,1767397208,2026-01-03T07:40:08,0.0805
9,120-129,1767397509,2026-01-03T07:45:09,0.0745
9,120-129,1767397808,2026-01-03T07:50:08,0.0745
9,120-129,1767398108,2026-01-03T07:55:08,0.0745
9,120-129,1767398410,2026-01-03T08:00:10,0.064
9,120-129,1767398707,2026-01-03T08:05:07,0.064
9,120-129,1767399020,2026-01-03T08:10:20,0.0455
9,120-129,1767399309,2026-01-03T08:15:09,0.0615
9,120-129,1767399608,2026-01-03T08:20:08,0.059
9,120-129,1767399908,2026-01-03T08:25:08,0.061
9,120-129,1767400208,2026-01-03T08:30:08,0.029
9,120-129,1767400508,2026-01-03T08:35:08,0.03
9,120-129,1767400808,2026-01-03T08:40:08,0.0325
9,120-129,1767401108,2026-01-03T08:45:08,0.02
9,120-129,1767401407,2026-01-03T08:50:07,0.0205
9,120-129,1767401708,2026-01-03T08:55:08,0.0205
9,120-129,1767402308,2026-01-03T09:05:08,0.027
9,120-129,1767402608,2026-01-03T09:10:08,0.032
9,120-129,1767402908,2026-01-03T09:15:08,0.032
9,120-129,1767403208,2026-01-03T09:20:08,0.031
9,120-129,1767403507,2026-01-03T09:25:07,0.032
9,120-129,1767403808,2026-01-03T09:30:08,0.032
9,120-129,1767404108,2026-01-03T09:35:08,0.032
9,120-129,1767404408,2026-01-03T09:40:08,0.036
9,120-129,1767404708,2026-01-03T09:45:08,0.036
9,120-129,1767405023,2026-01-03T09:50:23,0.035
9,120-129,1767405308,2026-01-03T09:55:08,0.035
9,120-129,1767405608,2026-01-03T10:00:08,0.036
9,120-129,1767405908,2026-01-03T10:05:08,0.0355
9,120-129,1767406208,2026-01-03T10:10:08,0.0315
9,120-129,1767406508,2026-01-03T10:15:08,0.036
9,120-129,1767406808,2026-01-03T10:20:08,0.037
9,120-129,1767407108,2026-01-03T10:25:08,0.034
9,120-129,1767407408,2026-01-03T10:30:08,0.0635
9,120-129,1767407708,2026-01-03T10:35:08,0.0785
9,120-129,1767408022,2026-01-03T10:40:22,0.077
9,120-129,1767408307,2026-01-03T10:45:07,0.0825
9,120-129,1767408608,2026-01-03T10:50:08,0.0815
9,120-129,1767408908,2026-01-03T10:55:08,0.0915
9,120-129,1767409209,2026-01-03T11:00:09,0.0605
9,120-129,1767409508,2026-01-03T11:05:08,0.051
9,120-129,1767409822,2026-01-03T11:10:22,0.0545
9,120-129,1767410109,2026-01-03T11:15:09,0.0545
9,120-129,1767410411,2026-01-03T11:20:11,0.05
9,120-129,1767410708,2026-01-03T11:25:08,0.0485
9,120-129,1767411008,2026-01-03T11:30:08,0.0495
9,120-129,1767411307,2026-01-03T11:35:07,0.049
9,120-129,1767411608,2026-01-03T11:40:08,0.0505
9,120-129,1767411908,2026-01-03T11:45:08,0.05
9,120-129,1767412208,2026-01-03T11:50:08,0.0795
9,120-129,1767412507,2026-01-03T11:55:07,0.048
9,120-129,1767412811,2026-01-03T12:00:11,0.0265
9,120-129,1767413121,2026-01-03T12:05:21,0.026
9,120-129,1767413408,2026-01-03T12:10:08,0.013
9,120-129,1767413707,2026-01-03T12:15:07,0.012
9,120-129,1767414008,2026-01-03T12:20:08,0.011
9,120-129,1767414308,2026-01-03T12:25:08,0.011
9,120-129,1767414609,2026-01-03T12:30:09,0.0105
9,120-129,1767414907,2026-01-03T12:35:07,0.0085
9,120-129,1767415208,2026-01-03T12:40:08,0.0095
9,120-129,1767415507,2026-01-03T12:45:07,0.0105
9,120-129,1767415808,2026-01-03T12:50:08,0.01
9,120-129,1767416108,2026-01-03T12:55:08,0.007
9,120-129,1767416421,2026-01-03T13:00:21,0.0065
9,120-129,1767416707,2026-01-03T13:05:07,0.0085
9,120-129,1767417008,2026-01-03T13:10:08,0.009
9,120-129,1767417308,2026-01-03T13:15:08,0.0085
9,120-129,1767417608,2026-01-03T13:20:08,0.0085
9,120-129,1767417908,2026-01-03T13:25:08,0.009
9,120-129,1767418208,2026-01-03T13:30:08,0.0065
9,120-129,1767418509,2026-01-03T13:35:09,0.0065
9,120-129,1767418807,2026-01-03T13:40:07,0.006
9,120-129,1767419108,2026-01-03T13:45:08,0.0065
9,120-129,1767419408,2026-01-03T13:50:08,0.0035
9,120-129,1767419722,2026-01-03T13:55:22,0.0005
9,120-129,1767420014,2026-01-03T14:00:14,0.0005
9,120-129,1767420309,2026-01-03T14:05:09,0.0005
9,120-129,1767420608,2026-01-03T14:10:08,0.0005
9,120-129,1767420907,2026-01-03T14:15:07,0.0005
9,120-129,1767421208,2026-01-03T14:20:08,0.0005
9,120-129,1767421508,2026-01-03T14:25:08,0.0005
9,120-129,1767421808,2026-01-03T14:30:08,0.0005
9,120-129,1767422108,2026-01-03T14:35:08,0.0005
9,120-129,1767422408,2026-01-03T14:40:08,0.0005
9,120-129,1767422708,2026-01-03T14:45:08,0.0005
9,120-129,1767423008,2026-01-03T14:50:08,0.0005
9,120-129,1767423309,2026-01-03T14:55:09,0.0005
9,120-129,1767423609,2026-01-03T15:00:09,0.0005
9,120-129,1767423908,2026-01-03T15:05:08,0.0005
9,120-129,1767424208,2026-01-03T15:10:08,0.0005
9,120-129,1767424508,2026-01-03T15:15:08,0.0005
9,120-129,1767424809,2026-01-03T15:20:09,0.0005
9,120-129,1767425109,2026-01-03T15:25:09,0.0005
9,120-129,1767425409,2026-01-03T15:30:09,0.0005
9,120-129,1767425708,2026-01-03T15:35:08,0.0005
9,120-129,1767426023,2026-01-03T15:40:23,0.0005
9,120-129,1767426308,2026-01-03T15:45:08,0.0005
9,120-129,1767426608,2026-01-03T15:50:08,0.0005
9,120-129,1767426908,2026-01-03T15:55:08,0.0005
9,120-129,1767427208,2026-01-03T16:00:08,0.0005
9,120-129,1767427509,2026-01-03T16:05:09,0.0005
9,120-129,1767427821,2026-01-03T16:10:21,0.0005
9,120-129,1767428108,2026-01-03T16:15:08,0.0005
9,120-129,1767428408,2026-01-03T16:20:08,0.0005
9,120-129,1767428723,2026-01-03T16:25:23,0.0005
9,120-129,1767429012,2026-01-03T16:30:12,0.0005
9,120-129,1767429308,2026-01-03T16:35:08,0.0005
9,120-129,1767429608,2026-01-03T16:40:08,0.0005
9,120-129,1767429909,2026-01-03T16:45:09,0.0005
9,120-129,1767430208,2026-01-03T16:50:08,0.0005
9,120-129,1767430508,2026-01-03T16:55:08,0.0005
9,120-129,1767430822,2026-01-03T17:00:22,0.0005
9,120-129,1767431108,2026-01-03T17:05:08,0.0005
9,120-129,1767431408,2026-01-03T17:10:08,0.0005
9,120-129,1767431708,2026-01-03T17:15:08,0.0005
9,120-129,1767432008,2026-01-03T17:20:08,0.0005
10,130-139,1767044108,2025-12-30T05:35:08,0.5
10,130-139,1767044408,2025-12-30T05:40:08,0.5
10,130-139,1767044708,2025-12-30T05:45:08,0.5
10,130-139,1767045007,2025-12-30T05:50:07,0.5
10,130-139,1767045308,2025-12-30T05:55:08,0.49
10,130-139,1767045609,2025-12-30T06:00:09,0.49
10,130-139,1767045908,2025-12-30T06:05:08,0.49
10,130-139,1767046210,2025-12-30T06:10:10,0.49
10,130-139,1767046508,2025-12-30T06:15:08,0.485
10,130-139,1767046821,2025-12-30T06:20:21,0.47
10,130-139,1767047108,2025-12-30T06:25:08,0.46
10,130-139,1767047409,2025-12-30T06:30:09,0.455
10,130-139,1767047709,2025-12-30T06:35:09,0.455
10,130-139,1767048008,2025-12-30T06:40:08,0.455
10,130-139,1767048308,2025-12-30T06:45:08,0.45
10,130-139,1767048608,2025-12-30T06:50:08,0.445
10,130-139,1767048908,2025-12-30T06:55:08,0.41
10,130-139,1767049214,2025-12-30T07:00:14,0.41
10,130-139,1767049523,2025-12-30T07:05:23,0.41
10,130-139,1767049808,2025-12-30T07:10:08,0.395
10,130-139,1767050108,2025-12-30T07:15:08,0.395
10,130-139,1767050408,2025-12-30T07:20:08,0.39
10,130-139,1767050708,2025-12-30T07:25:08,0.39
10,130-139,1767051014,2025-12-30T07:30:14,0.39
10,130-139,1767051308,2025-12-30T07:35:08,0.38
10,130-139,1767051608,2025-12-30T07:40:08,0.39
10,130-139,1767051908,2025-12-30T07:45:08,0.355
10,130-139,1767052212,2025-12-30T07:50:12,0.355
10,130-139,1767052508,2025-12-30T07:55:08,0.36
10,130-139,1767052814,2025-12-30T08:00:14,0.355
10,130-139,1767053108,2025-12-30T08:05:08,0.36
10,130-139,1767053408,2025-12-30T08:10:08,0.36
10,130-139,1767053709,2025-12-30T08:15:09,0.34
10,130-139,1767054009,2025-12-30T08:20:09,0.345
10,130-139,1767054308,2025-12-30T08:25:08,0.345
10,130-139,1767054609,2025-12-30T08:30:09,0.335
10,130-139,1767054908,2025-12-30T08:35:08,0.33
10,130-139,1767055208,2025-12-30T08:40:08,0.325
10,130-139,1767055508,2025-12-30T08:45:08,0.31
10,130-139,1767055809,2025-12-30T08:50:09,0.31
10,130-139,1767056108,2025-12-30T08:55:08,0.3
10,130-139,1767056409,2025-12-30T09:00:09,0.295
10,130-139,1767056708,2025-12-30T09:05:08,0.295
10,130-139,1767057008,2025-12-30T09:10:08,0.295
10,130-139,1767057308,2025-12-30T09:15:08,0.115
10,130-139,1767057608,2025-12-30T09:20:08,0.115
10,130-139,1767057908,2025-12-30T09:25:08,0.12
10,130-139,1767058209,2025-12-30T09:30:09,0.12
10,130-139,1767058508,2025-12-30T09:35:08,0.095
10,130-139,1767058808,2025-12-30T09:40:08,0.1
10,130-139,1767059108,2025-12-30T09:45:08,0.1
10,130-139,1767059423,2025-12-30T09:50:23,0.105
10,130-139,1767059709,2025-12-30T09:55:09,0.1
10,130-139,1767060010,2025-12-30T10:00:10,0.1
10,130-139,1767060308,2025-12-30T10:05:08,0.1
10,130-139,1767060608,2025-12-30T10:10:08,0.11
10,130-139,1767060908,2025-12-30T10:15:08,0.065
10,130-139,1767061208,2025-12-30T10:20:08,0.065
10,130-139,1767061508,2025-12-30T10:25:08,0.09
10,130-139,1767061810,2025-12-30T10:30:10,0.095
10,130-139,1767062108,2025-12-30T10:35:08,0.095
10,130-139,1767062408,2025-12-30T10:40:08,0.09
10,130-139,1767062708,2025-12-30T10:45:08,0.095
10,130-139,1767063012,2025-12-30T10:50:12,0.095
10,130-139,1767063308,2025-12-30T10:55:08,0.1
10,130-139,1767063611,2025-12-30T11:00:11,0.105
10,130-139,1767063908,2025-12-30T11:05:08,0.105
10,130-139,1767064208,2025-12-30T11:10:08,0.09
10,130-139,1767064508,2025-12-30T11:15:08,0.095
10,130-139,1767064808,2025-12-30T11:20:08,0.095
10,130-139,1767065123,2025-12-30T11:25:23,0.1
10,130-139,1767065409,2025-12-30T11:30:09,0.095
10,130-139,1767065708,2025-12-30T11:35:08,0.095
10,130-139,1767066008,2025-12-30T11:40:08,0.095
10,130-139,1767066308,2025-12-30T11:45:08,0.105
10,130-139,1767066609,2025-12-30T11:50:09,0.105
10,130-139,1767066908,2025-12-30T11:55:08,0.105
10,130-139,1767067209,2025-12-30T12:00:09,0.095
10,130-139,1767067508,2025-12-30T12:05:08,0.095
10,130-139,1767067809,2025-12-30T12:10:09,0.095
10,130-139,1767068108,2025-12-30T12:15:08,0.1
10,130-139,1767068408,2025-12-30T12:20:08,0.1
10,130-139,1767068708,2025-12-30T12:25:08,0.105
10,130-139,1767069009,2025-12-30T12:30:09,0.11
10,130-139,1767069308,2025-12-30T12:35:08,0.115
10,130-139,1767069608,2025-12-30T12:40:08,0.115
10,130-139,1767069908,2025-12-30T12:45:08,0.135
10,130-139,1767070208,2025-12-30T12:50:08,0.135
10,130-139,1767070508,2025-12-30T12:55:08,0.135
10,130-139,1767070813,2025-12-30T13:00:13,0.135
10,130-139,1767071108,2025-12-30T13:05:08,0.135
10,130-139,1767071408,2025-12-30T13:10:08,0.135
10,130-139,1767071708,2025-12-30T13:15:08,0.135
10,130-139,1767072019,2025-12-30T13:20:19,0.135
10,130-139,1767072308,2025-12-30T13:25:08,0.135
10,130-139,1767072610,2025-12-30T13:30:10,0.135
10,130-139,1767072908,2025-12-30T13:35:08,0.135
10,130-139,1767073208,2025-12-30T13:40:08,0.135
10,130-139,1767073508,2025-12-30T13:45:08,0.135
10,130-139,1767073808,2025-12-30T13:50:08,0.135
10,130-139,1767074108,2025-12-30T13:55:08,0.135
10,130-139,1767074410,2025-12-30T14:00:10,0.135
10,130-139,1767074708,2025-12-30T14:05:08,0.135
10,130-139,1767075008,2025-12-30T14:10:08,0.135
10,130-139,1767075308,2025-12-30T14:15:08,0.135
10,130-139,1767075608,2025-12-30T14:20:08,0.135
10,130-139,1767075908,2025-12-30T14:25:08,0.135
10,130-139,1767076209,2025-12-30T14:30:09,0.135
10,130-139,1767076513,2025-12-30T14:35:13,0.09
10,130-139,1767076808,2025-12-30T14:40:08,0.09
10,130-139,1767077108,2025-12-30T14:45:08,0.09
10,130-139,1767077420,2025-12-30T14:50:20,0.09
10,130-139,1767077708,2025-12-30T14:55:08,0.095
10,130-139,1767078014,2025-12-30T15:00:14,0.095
10,130-139,1767078308,2025-12-30T15:05:08,0.09
10,130-139,1767078608,2025-12-30T15:10:08,0.095
10,130-139,1767078908,2025-12-30T15:15:08,0.095
10,130-139,1767079208,2025-12-30T15:20:08,0.1
10,130-139,1767079508,2025-12-30T15:25:08,0.105
10,130-139,1767079820,2025-12-30T15:30:20,0.105
10,130-139,1767080108,2025-12-30T15:35:08,0.11
10,130-139,1767080408,2025-12-30T15:40:08,0.115
10,130-139,1767080708,2025-12-30T15:45:08,0.115
10,130-139,1767081008,2025-12-30T15:50:08,0.12
10,130-139,1767081308,2025-12-30T15:55:08,0.095
10,130-139,1767081610,2025-12-30T16:00:10,0.095
10,130-139,1767081908,2025-12-30T16:05:08,0.155
10,130-139,1767082208,2025-12-30T16:10:08,0.155
10,130-139,1767082509,2025-12-30T16:15:09,0.155
10,130-139,1767082808,2025-12-30T16:20:08,0.155
10,130-139,1767083108,2025-12-30T16:25:08,0.155
10,130-139,1767083409,2025-12-30T16:30:09,0.155
10,130-139,1767083708,2025-12-30T16:35:08,0.155
10,130-139,1767084022,2025-12-30T16:40:22,0.155
10,130-139,1767084308,2025-12-30T16:45:08,0.155
10,130-139,1767084608,2025-12-30T16:50:08,0.155
10,130-139,1767084908,2025-12-30T16:55:08,0.155
10,130-139,1767085212,2025-12-30T17:00:12,0.155
10,130-139,1767085508,2025-12-30T17:05:08,0.155
10,130-139,1767085809,2025-12-30T17:10:09,0.155
10,130-139,1767086109,2025-12-30T17:15:09,0.155
10,130-139,1767086408,2025-12-30T17:20:08,0.155
10,130-139,1767086708,2025-12-30T17:25:08,0.155
10,130-139,1767087010,2025-12-30T17:30:10,0.155
10,130-139,1767087308,2025-12-30T17:35:08,0.155
10,130-139,1767087608,2025-12-30T17:40:08,0.155
10,130-139,1767087908,2025-12-30T17:45:08,0.155
10,130-139,1767088208,2025-12-30T17:50:08,0.155
10,130-139,1767088508,2025-12-30T17:55:08,0.155
10,130-139,1767088809,2025-12-30T18:00:09,0.155
10,130-139,1767089112,2025-12-30T18:05:12,0.155
10,130-139,1767089408,2025-12-30T18:10:08,0.155
10,130-139,1767089708,2025-12-30T18:15:08,0.155
10,130-139,1767090008,2025-12-30T18:20:08,0.155
10,130-139,1767090319,2025-12-30T18:25:19,0.155
10,130-139,1767090609,2025-12-30T18:30:09,0.155
10,130-139,1767090908,2025-12-30T18:35:08,0.155
10,130-139,1767091208,2025-12-30T18:40:08,0.155
10,130-139,1767091508,2025-12-30T18:45:08,0.155
10,130-139,1767091808,2025-12-30T18:50:08,0.155
10,130-139,1767092108,2025-12-30T18:55:08,0.155
10,130-139,1767092411,2025-12-30T19:00:11,0.155
10,130-139,1767092721,2025-12-30T19:05:21,0.155
10,130-139,1767093008,2025-12-30T19:10:08,0.155
10,130-139,1767093308,2025-12-30T19:15:08,0.155
10,130-139,1767093609,2025-12-30T19:20:09,0.155
10,130-139,1767093908,2025-12-30T19:25:08,0.155
10,130-139,1767094221,2025-12-30T19:30:21,0.155
10,130-139,1767094509,2025-12-30T19:35:09,0.155
10,130-139,1767094808,2025-12-30T19:40:08,0.155
10,130-139,1767095109,2025-12-30T19:45:09,0.105
10,130-139,1767095408,2025-12-30T19:50:08,0.115
10,130-139,1767095708,2025-12-30T19:55:08,0.115
10,130-139,1767096012,2025-12-30T20:00:12,0.115
10,130-139,1767096308,2025-12-30T20:05:08,0.115
10,130-139,1767096608,2025-12-30T20:10:08,0.115
10,130-139,1767096909,2025-12-30T20:15:09,0.115
10,130-139,1767097208,2025-12-30T20:20:08,0.115
10,130-139,1767097508,2025-12-30T20:25:08,0.115
10,130-139,1767097809,2025-12-30T20:30:09,0.115
10,130-139,1767098108,2025-12-30T20:35:08,0.115
10,130-139,1767098408,2025-12-30T20:40:08,0.115
10,130-139,1767098708,2025-12-30T20:45:08,0.125
10,130-139,1767099008,2025-12-30T20:50:08,0.13
10,130-139,1767099308,2025-12-30T20:55:08,0.135
10,130-139,1767099609,2025-12-30T21:00:09,0.135
10,130-139,1767099908,2025-12-30T21:05:08,0.135
10,130-139,1767100208,2025-12-30T21:10:08,0.135
10,130-139,1767100509,2025-12-30T21:15:09,0.135
10,130-139,1767100809,2025-12-30T21:20:09,0.135
10,130-139,1767101120,2025-12-30T21:25:20,0.135
10,130-139,1767101409,2025-12-30T21:30:09,0.135
10,130-139,1767101708,2025-12-30T21:35:08,0.135
10,130-139,1767102009,2025-12-30T21:40:09,0.135
10,130-139,1767102308,2025-12-30T21:45:08,0.135
10,130-139,1767102608,2025-12-30T21:50:08,0.135
10,130-139,1767102909,2025-12-30T21:55:09,0.135
10,130-139,1767103209,2025-12-30T22:00:09,0.135
10,130-139,1767103513,2025-12-30T22:05:13,0.135
10,130-139,1767103808,2025-12-30T22:10:08,0.135
10,130-139,1767104108,2025-12-30T22:15:08,0.135
10,130-139,1767104408,2025-12-30T22:20:08,0.135
10,130-139,1767104709,2025-12-30T22:25:09,0.135
10,130-139,1767105010,2025-12-30T22:30:10,0.135
10,130-139,1767105309,2025-12-30T22:35:09,0.105
10,130-139,1767105608,2025-12-30T22:40:08,0.105
10,130-139,1767105908,2025-12-30T22:45:08,0.105
10,130-139,1767106209,2025-12-30T22:50:09,0.105
10,130-139,1767106508,2025-12-30T22:55:08,0.105
10,130-139,1767106810,2025-12-30T23:00:10,0.105
10,130-139,1767107109,2025-12-30T23:05:09,0.105
10,130-139,1767107409,2025-12-30T23:10:09,0.12
10,130-139,1767107708,2025-12-30T23:15:08,0.165
10,130-139,1767108023,2025-12-30T23:20:23,0.165
10,130-139,1767108308,2025-12-30T23:25:08,0.165
10,130-139,1767108610,2025-12-30T23:30:10,0.165
10,130-139,1767108921,2025-12-30T23:35:21,0.165
10,130-139,1767109209,2025-12-30T23:40:09,0.165
10,130-139,1767109508,2025-12-30T23:45:08,0.165
10,130-139,1767109808,2025-12-30T23:50:08,0.165
10,130-139,1767110109,2025-12-30T23:55:09,0.165
10,130-139,1767110410,2025-12-31T00:00:10,0.165
10,130-139,1767110708,2025-12-31T00:05:08,0.165
10,130-139,1767111008,2025-12-31T00:10:08,0.165
10,130-139,1767111308,2025-12-31T00:15:08,0.165
10,130-139,1767111613,2025-12-31T00:20:13,0.165
10,130-139,1767111909,2025-12-31T00:25:09,0.165
10,130-139,1767112210,2025-12-31T00:30:10,0.165
10,130-139,1767112508,2025-12-31T00:35:08,0.165
10,130-139,1767112808,2025-12-31T00:40:08,0.12
10,130-139,1767113108,2025-12-31T00:45:08,0.125
10,130-139,1767113409,2025-12-31T00:50:09,0.125
10,130-139,1767113708,2025-12-31T00:55:08,0.125
10,130-139,1767114011,2025-12-31T01:00:11,0.125
10,130-139,1767114308,2025-12-31T01:05:08,0.125
10,130-139,1767114609,2025-12-31T01:10:09,0.125
10,130-139,1767114909,2025-12-31T01:15:09,0.125
10,130-139,1767115209,2025-12-31T01:20:09,0.125
10,130-139,1767115508,2025-12-31T01:25:08,0.125
10,130-139,1767115809,2025-12-31T01:30:09,0.125
10,130-139,1767116109,2025-12-31T01:35:09,0.125
10,130-139,1767116408,2025-12-31T01:40:08,0.125
10,130-139,1767116709,2025-12-31T01:45:09,0.125
10,130-139,1767117008,2025-12-31T01:50:08,0.125
10,130-139,1767117309,2025-12-31T01:55:09,0.125
10,130-139,1767117615,2025-12-31T02:00:15,0.125
10,130-139,1767117909,2025-12-31T02:05:09,0.125
10,130-139,1767118209,2025-12-31T02:10:09,0.125
10,130-139,1767118508,2025-12-31T02:15:08,0.125
10,130-139,1767118808,2025-12-31T02:20:08,0.125
10,130-139,1767119109,2025-12-31T02:25:09,0.125
10,130-139,1767119409,2025-12-31T02:30:09,0.125
10,130-139,1767119708,2025-12-31T02:35:08,0.125
10,130-139,1767120009,2025-12-31T02:40:09,0.125
10,130-139,1767120309,2025-12-31T02:45:09,0.125
10,130-139,1767120609,2025-12-31T02:50:09,0.125
10,130-139,1767120908,2025-12-31T02:55:08,0.125
10,130-139,1767121209,2025-12-31T03:00:09,0.125
10,130-139,1767121509,2025-12-31T03:05:09,0.125
10,130-139,1767121809,2025-12-31T03:10:09,0.125
10,130-139,1767122110,2025-12-31T03:15:10,0.125
10,130-139,1767122424,2025-12-31T03:20:24,0.125
10,130-139,1767122709,2025-12-31T03:25:09,0.125
10,130-139,1767123010,2025-12-31T03:30:10,0.125
10,130-139,1767123311,2025-12-31T03:35:11,0.125
10,130-139,1767123610,2025-12-31T03:40:10,0.125
10,130-139,1767123909,2025-12-31T03:45:09,0.125
10,130-139,1767124210,2025-12-31T03:50:10,0.125
10,130-139,1767124509,2025-12-31T03:55:09,0.125
10,130-139,1767124816,2025-12-31T04:00:16,0.12
10,130-139,1767125109,2025-12-31T04:05:09,0.12
10,130-139,1767125408,2025-12-31T04:10:08,0.12
10,130-139,1767125709,2025-12-31T04:15:09,0.12
10,130-139,1767126008,2025-12-31T04:20:08,0.125
10,130-139,1767126309,2025-12-31T04:25:09,0.12
10,130-139,1767126611,2025-12-31T04:30:11,0.12
10,130-139,1767126909,2025-12-31T04:35:09,0.115
10,130-139,1767127209,2025-12-31T04:40:09,0.115
10,130-139,1767127509,2025-12-31T04:45:09,0.115
10,130-139,1767127809,2025-12-31T04:50:09,0.13
10,130-139,1767128108,2025-12-31T04:55:08,0.13
10,130-139,1767128410,2025-12-31T05:00:10,0.135
10,130-139,1767128708,2025-12-31T05:05:08,0.135
10,130-139,1767129009,2025-12-31T05:10:09,0.135
10,130-139,1767129308,2025-12-31T05:15:08,0.135
10,130-139,1767129609,2025-12-31T05:20:09,0.13
10,130-139,1767129909,2025-12-31T05:25:09,0.13
10,130-139,1767130211,2025-12-31T05:30:11,0.13
10,130-139,1767130508,2025-12-31T05:35:08,0.13
10,130-139,1767130822,2025-12-31T05:40:22,0.13
10,130-139,1767131109,2025-12-31T05:45:09,0.13
10,130-139,1767131409,2025-12-31T05:50:09,0.13
10,130-139,1767131709,2025-12-31T05:55:09,0.13
10,130-139,1767132010,2025-12-31T06:00:10,0.13
10,130-139,1767132309,2025-12-31T06:05:09,0.13
10,130-139,1767132609,2025-12-31T06:10:09,0.13
10,130-139,1767132908,2025-12-31T06:15:08,0.13
10,130-139,1767133210,2025-12-31T06:20:10,0.13
10,130-139,1767133522,2025-12-31T06:25:22,0.13
10,130-139,1767133811,2025-12-31T06:30:11,0.13
10,130-139,1767134123,2025-12-31T06:35:23,0.13
10,130-139,1767134409,2025-12-31T06:40:09,0.13
10,130-139,1767134709,2025-12-31T06:45:09,0.13
10,130-139,1767135009,2025-12-31T06:50:09,0.13
10,130-139,1767135309,2025-12-31T06:55:09,0.13
10,130-139,1767135610,2025-12-31T07:00:10,0.13
10,130-139,1767135909,2025-12-31T07:05:09,0.13
10,130-139,1767136210,2025-12-31T07:10:10,0.13
10,130-139,1767136510,2025-12-31T07:15:10,0.13
10,130-139,1767136808,2025-12-31T07:20:08,0.13
10,130-139,1767137109,2025-12-31T07:25:09,0.13
10,130-139,1767137420,2025-12-31T07:30:20,0.13
10,130-139,1767137709,2025-12-31T07:35:09,0.13
10,130-139,1767138009,2025-12-31T07:40:09,0.13
10,130-139,1767138309,2025-12-31T07:45:09,0.13
10,130-139,1767138609,2025-12-31T07:50:09,0.13
10,130-139,1767138909,2025-12-31T07:55:09,0.13
10,130-139,1767139211,2025-12-31T08:00:11,0.13
10,130-139,1767139509,2025-12-31T08:05:09,0.13
10,130-139,1767139810,2025-12-31T08:10:10,0.13
10,130-139,1767140110,2025-12-31T08:15:10,0.13
10,130-139,1767140421,2025-12-31T08:20:21,0.13
10,130-139,1767140708,2025-12-31T08:25:08,0.13
10,130-139,1767141011,2025-12-31T08:30:11,0.13
10,130-139,1767141309,2025-12-31T08:35:09,0.13
10,130-139,1767141609,2025-12-31T08:40:09,0.13
10,130-139,1767141909,2025-12-31T08:45:09,0.13
10,130-139,1767142209,2025-12-31T08:50:09,0.13
10,130-139,1767142508,2025-12-31T08:55:08,0.13
10,130-139,1767142810,2025-12-31T09:00:10,0.13
10,130-139,1767143109,2025-12-31T09:05:09,0.13
10,130-139,1767143409,2025-12-31T09:10:09,0.13
10,130-139,1767143710,2025-12-31T09:15:10,0.13
10,130-139,1767144009,2025-12-31T09:20:09,0.13
10,130-139,1767144308,2025-12-31T09:25:08,0.13
10,130-139,1767144624,2025-12-31T09:30:24,0.13
10,130-139,1767144910,2025-12-31T09:35:10,0.13
10,130-139,1767145210,2025-12-31T09:40:10,0.13
10,130-139,1767145509,2025-12-31T09:45:09,0.13
10,130-139,1767145809,2025-12-31T09:50:09,0.13
10,130-139,1767146109,2025-12-31T09:55:09,0.13
10,130-139,1767146410,2025-12-31T10:00:10,0.13
10,130-139,1767146709,2025-12-31T10:05:09,0.13
10,130-139,1767147009,2025-12-31T10:10:09,0.13
10,130-139,1767147309,2025-12-31T10:15:09,0.13
10,130-139,1767147609,2025-12-31T10:20:09,0.13
10,130-139,1767147910,2025-12-31T10:25:10,0.13
10,130-139,1767148211,2025-12-31T10:30:11,0.13
10,130-139,1767148509,2025-12-31T10:35:09,0.13
10,130-139,1767148821,2025-12-31T10:40:21,0.13
10,130-139,1767149109,2025-12-31T10:45:09,0.13
10,130-139,1767149410,2025-12-31T10:50:10,0.13
10,130-139,1767149710,2025-12-31T10:55:10,0.13
10,130-139,1767150011,2025-12-31T11:00:11,0.13
10,130-139,1767150320,2025-12-31T11:05:20,0.13
10,130-139,1767150613,2025-12-31T11:10:13,0.13
10,130-139,1767150909,2025-12-31T11:15:09,0.13
10,130-139,1767151209,2025-12-31T11:20:09,0.13
10,130-139,1767151523,2025-12-31T11:25:23,0.13
10,130-139,1767151825,2025-12-31T11:30:25,0.13
10,130-139,1767152122,2025-12-31T11:35:22,0.13
10,130-139,1767152410,2025-12-31T11:40:10,0.13
10,130-139,1767152709,2025-12-31T11:45:09,0.13
10,130-139,1767153023,2025-12-31T11:50:23,0.13
10,130-139,1767153308,2025-12-31T11:55:08,0.13
10,130-139,1767153616,2025-12-31T12:00:16,0.13
10,130-139,1767153909,2025-12-31T12:05:09,0.13
10,130-139,1767154209,2025-12-31T12:10:09,0.13
10,130-139,1767154508,2025-12-31T12:15:08,0.13
10,130-139,1767154821,2025-12-31T12:20:21,0.13
10,130-139,1767155108,2025-12-31T12:25:08,0.13
10,130-139,1767155424,2025-12-31T12:30:24,0.13
10,130-139,1767155709,2025-12-31T12:35:09,0.13
10,130-139,1767156008,2025-12-31T12:40:08,0.13
10,130-139,1767156309,2025-12-31T12:45:09,0.13
10,130-139,1767156608,2025-12-31T12:50:08,0.13
10,130-139,1767156908,2025-12-31T12:55:08,0.13
10,130-139,1767157209,2025-12-31T13:00:09,0.13
10,130-139,1767157508,2025-12-31T13:05:08,0.13
10,130-139,1767157814,2025-12-31T13:10:14,0.13
10,130-139,1767158108,2025-12-31T13:15:08,0.13
10,130-139,1767158408,2025-12-31T13:20:08,0.135
10,130-139,1767158708,2025-12-31T13:25:08,0.135
10,130-139,1767159010,2025-12-31T13:30:10,0.135
10,130-139,1767159308,2025-12-31T13:35:08,0.135
10,130-139,1767159609,2025-12-31T13:40:09,0.135
10,130-139,1767159908,2025-12-31T13:45:08,0.135
10,130-139,1767160208,2025-12-31T13:50:08,0.135
10,130-139,1767160508,2025-12-31T13:55:08,0.135
10,130-139,1767160810,2025-12-31T14:00:10,0.135
10,130-139,1767161112,2025-12-31T14:05:12,0.135
10,130-139,1767161408,2025-12-31T14:10:08,0.135
10,130-139,1767161708,2025-12-31T14:15:08,0.135
10,130-139,1767162008,2025-12-31T14:20:08,0.135
10,130-139,1767162308,2025-12-31T14:25:08,0.135
10,130-139,1767162609,2025-12-31T14:30:09,0.135
10,130-139,1767162913,2025-12-31T14:35:13,0.135
10,130-139,1767163208,2025-12-31T14:40:08,0.135
10,130-139,1767163508,2025-12-31T14:45:08,0.135
10,130-139,1767163808,2025-12-31T14:50:08,0.135
10,130-139,1767164108,2025-12-31T14:55:08,0.135
10,130-139,1767164409,2025-12-31T15:00:09,0.135
10,130-139,1767164709,2025-12-31T15:05:09,0.135
10,130-139,1767165008,2025-12-31T15:10:08,0.135
10,130-139,1767165308,2025-12-31T15:15:08,0.135
10,130-139,1767165608,2025-12-31T15:20:08,0.135
10,130-139,1767165908,2025-12-31T15:25:08,0.135
10,130-139,1767166213,2025-12-31T15:30:13,0.135
10,130-139,1767166508,2025-12-31T15:35:08,0.135
10,130-139,1767166808,2025-12-31T15:40:08,0.135
10,130-139,1767167108,2025-12-31T15:45:08,0.105
10,130-139,1767167408,2025-12-31T15:50:08,0.135
10,130-139,1767167708,2025-12-31T15:55:08,0.135
10,130-139,1767168011,2025-12-31T16:00:11,0.135
10,130-139,1767168308,2025-12-31T16:05:08,0.135
10,130-139,1767168623,2025-12-31T16:10:23,0.135
10,130-139,1767168908,2025-12-31T16:15:08,0.135
10,130-139,1767169208,2025-12-31T16:20:08,0.135
10,130-139,1767169509,2025-12-31T16:25:09,0.135
10,130-139,1767169809,2025-12-31T16:30:09,0.135
10,130-139,1767170108,2025-12-31T16:35:08,0.135
10,130-139,1767170408,2025-12-31T16:40:08,0.135
10,130-139,1767170708,2025-12-31T16:45:08,0.135
10,130-139,1767171024,2025-12-31T16:50:24,0.135
10,130-139,1767171308,2025-12-31T16:55:08,0.135
10,130-139,1767171611,2025-12-31T17:00:11,0.135
10,130-139,1767171908,2025-12-31T17:05:08,0.135
10,130-139,1767172208,2025-12-31T17:10:08,0.135
10,130-139,1767172509,2025-12-31T17:15:09,0.135
10,130-139,1767172808,2025-12-31T17:20:08,0.135
10,130-139,1767173108,2025-12-31T17:25:08,0.135
10,130-139,1767173409,2025-12-31T17:30:09,0.135
10,130-139,1767173708,2025-12-31T17:35:08,0.135
10,130-139,1767174013,2025-12-31T17:40:13,0.135
10,130-139,1767174308,2025-12-31T17:45:08,0.135
10,130-139,1767174608,2025-12-31T17:50:08,0.135
10,130-139,1767174909,2025-12-31T17:55:09,0.135
10,130-139,1767175210,2025-12-31T18:00:10,0.135
10,130-139,1767175508,2025-12-31T18:05:08,0.135
10,130-139,1767175820,2025-12-31T18:10:20,0.135
10,130-139,1767176108,2025-12-31T18:15:08,0.135
10,130-139,1767176413,2025-12-31T18:20:13,0.135
10,130-139,1767176708,2025-12-31T18:25:08,0.135
10,130-139,1767177009,2025-12-31T18:30:09,0.135
10,130-139,1767177308,2025-12-31T18:35:08,0.135
10,130-139,1767177608,2025-12-31T18:40:08,0.135
10,130-139,1767177908,2025-12-31T18:45:08,0.135
10,130-139,1767178209,2025-12-31T18:50:09,0.135
10,130-139,1767178508,2025-12-31T18:55:08,0.135
10,130-139,1767178820,2025-12-31T19:00:20,0.135
10,130-139,1767179108,2025-12-31T19:05:08,0.135
10,130-139,1767179408,2025-12-31T19:10:08,0.135
10,130-139,1767179709,2025-12-31T19:15:09,0.135
10,130-139,1767180009,2025-12-31T19:20:09,0.135
10,130-139,1767180308,2025-12-31T19:25:08,0.135
10,130-139,1767180609,2025-12-31T19:30:09,0.135
10,130-139,1767180908,2025-12-31T19:35:08,0.135
10,130-139,1767181208,2025-12-31T19:40:08,0.135
10,130-139,1767181509,2025-12-31T19:45:09,0.135
10,130-139,1767181808,2025-12-31T19:50:08,0.135
10,130-139,1767182108,2025-12-31T19:55:08,0.135
10,130-139,1767182410,2025-12-31T20:00:10,0.135
10,130-139,1767182708,2025-12-31T20:05:08,0.135
10,130-139,1767183013,2025-12-31T20:10:13,0.135
10,130-139,1767183308,2025-12-31T20:15:08,0.14
10,130-139,1767183608,2025-12-31T20:20:08,0.14
10,130-139,1767183908,2025-12-31T20:25:08,0.14
10,130-139,1767184222,2025-12-31T20:30:22,0.145
10,130-139,1767184508,2025-12-31T20:35:08,0.145
10,130-139,1767184813,2025-12-31T20:40:13,0.145
10,130-139,1767185108,2025-12-31T20:45:08,0.145
10,130-139,1767185408,2025-12-31T20:50:08,0.145
10,130-139,1767185708,2025-12-31T20:55:08,0.145
10,130-139,1767186009,2025-12-31T21:00:09,0.145
10,130-139,1767186309,2025-12-31T21:05:09,0.145
10,130-139,1767186623,2025-12-31T21:10:23,0.145
10,130-139,1767186908,2025-12-31T21:15:08,0.145
10,130-139,1767187208,2025-12-31T21:20:08,0.125
10,130-139,1767187508,2025-12-31T21:25:08,0.14
10,130-139,1767187809,2025-12-31T21:30:09,0.145
10,130-139,1767188109,2025-12-31T21:35:09,0.145
10,130-139,1767188408,2025-12-31T21:40:08,0.145
10,130-139,1767188721,2025-12-31T21:45:21,0.145
10,130-139,1767189008,2025-12-31T21:50:08,0.145
10,130-139,1767189308,2025-12-31T21:55:08,0.145
10,130-139,1767189610,2025-12-31T22:00:10,0.145
10,130-139,1767189909,2025-12-31T22:05:09,0.145
10,130-139,1767190222,2025-12-31T22:10:22,0.145
10,130-139,1767190508,2025-12-31T22:15:08,0.145
10,130-139,1767190819,2025-12-31T22:20:19,0.145
10,130-139,1767191109,2025-12-31T22:25:09,0.145
10,130-139,1767191410,2025-12-31T22:30:10,0.145
10,130-139,1767191708,2025-12-31T22:35:08,0.145
10,130-139,1767192008,2025-12-31T22:40:08,0.145
10,130-139,1767192308,2025-12-31T22:45:08,0.15
10,130-139,1767192608,2025-12-31T22:50:08,0.155
10,130-139,1767192912,2025-12-31T22:55:12,0.155
10,130-139,1767193210,2025-12-31T23:00:10,0.155
10,130-139,1767193509,2025-12-31T23:05:09,0.155
10,130-139,1767193809,2025-12-31T23:10:09,0.15
10,130-139,1767194108,2025-12-31T23:15:08,0.15
10,130-139,1767194408,2025-12-31T23:20:08,0.15
10,130-139,1767194709,2025-12-31T23:25:09,0.15
10,130-139,1767195010,2025-12-31T23:30:10,0.15
10,130-139,1767195322,2025-12-31T23:35:22,0.15
10,130-139,1767195608,2025-12-31T23:40:08,0.15
10,130-139,1767195922,2025-12-31T23:45:22,0.15
10,130-139,1767196209,2025-12-31T23:50:09,0.15
10,130-139,1767196508,2025-12-31T23:55:08,0.15
10,130-139,1767196811,2026-01-01T00:00:11,0.15
10,130-139,1767197109,2026-01-01T00:05:09,0.15
10,130-139,1767197409,2026-01-01T00:10:09,0.15
10,130-139,1767197722,2026-01-01T00:15:22,0.15
10,130-139,1767198008,2026-01-01T00:20:08,0.15
10,130-139,1767198309,2026-01-01T00:25:09,0.15
10,130-139,1767198610,2026-01-01T00:30:10,0.15
10,130-139,1767198909,2026-01-01T00:35:09,0.15
10,130-139,1767199208,2026-01-01T00:40:08,0.15
10,130-139,1767199509,2026-01-01T00:45:09,0.15
10,130-139,1767199810,2026-01-01T00:50:10,0.15
10,130-139,1767200109,2026-01-01T00:55:09,0.15
10,130-139,1767200412,2026-01-01T01:00:12,0.15
10,130-139,1767200709,2026-01-01T01:05:09,0.15
10,130-139,1767201010,2026-01-01T01:10:10,0.15
10,130-139,1767201309,2026-01-01T01:15:09,0.15
10,130-139,1767201609,2026-01-01T01:20:09,0.15
10,130-139,1767201909,2026-01-01T01:25:09,0.15
10,130-139,1767202210,2026-01-01T01:30:10,0.15
10,130-139,1767202523,2026-01-01T01:35:23,0.15
10,130-139,1767202809,2026-01-01T01:40:09,0.15
10,130-139,1767203110,2026-01-01T01:45:10,0.15
10,130-139,1767203411,2026-01-01T01:50:11,0.15
10,130-139,1767203709,2026-01-01T01:55:09,0.15
10,130-139,1767204012,2026-01-01T02:00:12,0.15
10,130-139,1767204309,2026-01-01T02:05:09,0.15
10,130-139,1767204609,2026-01-01T02:10:09,0.155
10,130-139,1767204908,2026-01-01T02:15:08,0.15
10,130-139,1767205209,2026-01-01T02:20:09,0.15
10,130-139,1767205509,2026-01-01T02:25:09,0.15
10,130-139,1767205810,2026-01-01T02:30:10,0.15
10,130-139,1767206110,2026-01-01T02:35:10,0.155
10,130-139,1767206409,2026-01-01T02:40:09,0.155
10,130-139,1767206709,2026-01-01T02:45:09,0.155
10,130-139,1767207009,2026-01-01T02:50:09,0.155
10,130-139,1767207309,2026-01-01T02:55:09,0.15
10,130-139,1767207632,2026-01-01T03:00:32,0.15
10,130-139,1767207909,2026-01-01T03:05:09,0.155
10,130-139,1767208209,2026-01-01T03:10:09,0.155
10,130-139,1767208508,2026-01-01T03:15:08,0.155
10,130-139,1767208810,2026-01-01T03:20:10,0.15
10,130-139,1767209109,2026-01-01T03:25:09,0.155
10,130-139,1767209410,2026-01-01T03:30:10,0.155
10,130-139,1767209709,2026-01-01T03:35:09,0.155
10,130-139,1767210009,2026-01-01T03:40:09,0.155
10,130-139,1767210309,2026-01-01T03:45:09,0.155
10,130-139,1767210609,2026-01-01T03:50:09,0.155
10,130-139,1767210909,2026-01-01T03:55:09,0.155
10,130-139,1767211211,2026-01-01T04:00:11,0.155
10,130-139,1767211509,2026-01-01T04:05:09,0.155
10,130-139,1767211810,2026-01-01T04:10:10,0.155
10,130-139,1767212109,2026-01-01T04:15:09,0.155
10,130-139,1767212410,2026-01-01T04:20:10,0.155
10,130-139,1767212722,2026-01-01T04:25:22,0.155
10,130-139,1767213010,2026-01-01T04:30:10,0.15
10,130-139,1767213309,2026-01-01T04:35:09,0.155
10,130-139,1767213609,2026-01-01T04:40:09,0.155
10,130-139,1767213914,2026-01-01T04:45:14,0.155
10,130-139,1767214209,2026-01-01T04:50:09,0.155
10,130-139,1767214509,2026-01-01T04:55:09,0.155
10,130-139,1767214812,2026-01-01T05:00:12,0.155
10,130-139,1767215109,2026-01-01T05:05:09,0.155
10,130-139,1767215409,2026-01-01T05:10:09,0.155
10,130-139,1767215709,2026-01-01T05:15:09,0.155
10,130-139,1767216009,2026-01-01T05:20:09,0.155
10,130-139,1767216308,2026-01-01T05:25:08,0.155
10,130-139,1767216611,2026-01-01T05:30:11,0.155
10,130-139,1767216909,2026-01-01T05:35:09,0.155
10,130-139,1767217214,2026-01-01T05:40:14,0.155
10,130-139,1767217509,2026-01-01T05:45:09,0.155
10,130-139,1767217809,2026-01-01T05:50:09,0.155
10,130-139,1767218109,2026-01-01T05:55:09,0.155
10,130-139,1767218411,2026-01-01T06:00:11,0.155
10,130-139,1767218709,2026-01-01T06:05:09,0.155
10,130-139,1767219009,2026-01-01T06:10:09,0.155
10,130-139,1767219324,2026-01-01T06:15:24,0.155
10,130-139,1767219609,2026-01-01T06:20:09,0.15
10,130-139,1767219909,2026-01-01T06:25:09,0.155
10,130-139,1767220211,2026-01-01T06:30:11,0.16
10,130-139,1767220525,2026-01-01T06:35:25,0.16
10,130-139,1767220809,2026-01-01T06:40:09,0.155
10,130-139,1767221109,2026-01-01T06:45:09,0.155
10,130-139,1767221410,2026-01-01T06:50:10,0.155
10,130-139,1767221708,2026-01-01T06:55:08,0.155
10,130-139,1767222010,2026-01-01T07:00:10,0.155
10,130-139,1767222320,2026-01-01T07:05:20,0.155
10,130-139,1767222608,2026-01-01T07:10:08,0.155
10,130-139,1767222910,2026-01-01T07:15:10,0.155
10,130-139,1767223209,2026-01-01T07:20:09,0.155
10,130-139,1767223509,2026-01-01T07:25:09,0.155
10,130-139,1767223810,2026-01-01T07:30:10,0.155
10,130-139,1767224109,2026-01-01T07:35:09,0.155
10,130-139,1767224409,2026-01-01T07:40:09,0.155
10,130-139,1767224709,2026-01-01T07:45:09,0.155
10,130-139,1767225019,2026-01-01T07:50:19,0.155
10,130-139,1767225308,2026-01-01T07:55:08,0.155
10,130-139,1767225611,2026-01-01T08:00:11,0.155
10,130-139,1767225909,2026-01-01T08:05:09,0.155
10,130-139,1767226208,2026-01-01T08:10:08,0.155
10,130-139,1767226509,2026-01-01T08:15:09,0.155
10,130-139,1767226808,2026-01-01T08:20:08,0.155
10,130-139,1767227108,2026-01-01T08:25:08,0.155
10,130-139,1767227410,2026-01-01T08:30:10,0.155
10,130-139,1767227708,2026-01-01T08:35:08,0.155
10,130-139,1767228008,2026-01-01T08:40:08,0.155
10,130-139,1767228308,2026-01-01T08:45:08,0.155
10,130-139,1767228610,2026-01-01T08:50:10,0.15
10,130-139,1767228908,2026-01-01T08:55:08,0.15
10,130-139,1767229210,2026-01-01T09:00:10,0.145
10,130-139,1767229508,2026-01-01T09:05:08,0.15
10,130-139,1767229808,2026-01-01T09:10:08,0.145
10,130-139,1767230108,2026-01-01T09:15:08,0.145
10,130-139,1767230409,2026-01-01T09:20:09,0.145
10,130-139,1767230709,2026-01-01T09:25:09,0.15
10,130-139,1767231010,2026-01-01T09:30:10,0.15
10,130-139,1767231308,2026-01-01T09:35:08,0.135
10,130-139,1767231622,2026-01-01T09:40:22,0.14
10,130-139,1767231908,2026-01-01T09:45:08,0.14
10,130-139,1767232208,2026-01-01T09:50:08,0.135
10,130-139,1767232508,2026-01-01T09:55:08,0.15
10,130-139,1767232810,2026-01-01T10:00:10,0.15
10,130-139,1767233109,2026-01-01T10:05:09,0.145
10,130-139,1767233424,2026-01-01T10:10:24,0.145
10,130-139,1767233708,2026-01-01T10:15:08,0.145
10,130-139,1767234008,2026-01-01T10:20:08,0.15
10,130-139,1767234308,2026-01-01T10:25:08,0.145
10,130-139,1767234613,2026-01-01T10:30:13,0.15
10,130-139,1767234908,2026-01-01T10:35:08,0.155
10,130-139,1767235208,2026-01-01T10:40:08,0.155
10,130-139,1767235508,2026-01-01T10:45:08,0.145
10,130-139,1767235808,2026-01-01T10:50:08,0.145
10,130-139,1767236108,2026-01-01T10:55:08,0.145
10,130-139,1767236410,2026-01-01T11:00:10,0.155
10,130-139,1767236708,2026-01-01T11:05:08,0.15
10,130-139,1767237008,2026-01-01T11:10:08,0.145
10,130-139,1767237308,2026-01-01T11:15:08,0.145
10,130-139,1767237621,2026-01-01T11:20:21,0.155
10,130-139,1767237909,2026-01-01T11:25:09,0.145
10,130-139,1767238210,2026-01-01T11:30:10,0.145
10,130-139,1767238521,2026-01-01T11:35:21,0.145
10,130-139,1767238808,2026-01-01T11:40:08,0.145
10,130-139,1767239121,2026-01-01T11:45:21,0.145
10,130-139,1767239408,2026-01-01T11:50:08,0.145
10,130-139,1767239708,2026-01-01T11:55:08,0.145
10,130-139,1767240025,2026-01-01T12:00:25,0.145
10,130-139,1767240308,2026-01-01T12:05:08,0.145
10,130-139,1767240622,2026-01-01T12:10:22,0.145
10,130-139,1767240908,2026-01-01T12:15:08,0.145
10,130-139,1767241221,2026-01-01T12:20:21,0.145
10,130-139,1767241508,2026-01-01T12:25:08,0.145
10,130-139,1767241809,2026-01-01T12:30:09,0.145
10,130-139,1767242108,2026-01-01T12:35:08,0.145
10,130-139,1767242408,2026-01-01T12:40:08,0.145
10,130-139,1767242708,2026-01-01T12:45:08,0.145
10,130-139,1767243009,2026-01-01T12:50:09,0.145
10,130-139,1767243309,2026-01-01T12:55:09,0.145
10,130-139,1767243610,2026-01-01T13:00:10,0.145
10,130-139,1767243908,2026-01-01T13:05:08,0.145
10,130-139,1767244208,2026-01-01T13:10:08,0.145
10,130-139,1767244508,2026-01-01T13:15:08,0.145
10,130-139,1767244808,2026-01-01T13:20:08,0.145
10,130-139,1767245108,2026-01-01T13:25:08,0.145
10,130-139,1767245413,2026-01-01T13:30:13,0.145
10,130-139,1767245708,2026-01-01T13:35:08,0.145
10,130-139,1767246008,2026-01-01T13:40:08,0.145
10,130-139,1767246308,2026-01-01T13:45:08,0.145
10,130-139,1767246608,2026-01-01T13:50:08,0.145
10,130-139,1767246908,2026-01-01T13:55:08,0.145
10,130-139,1767247211,2026-01-01T14:00:11,0.145
10,130-139,1767247508,2026-01-01T14:05:08,0.145
10,130-139,1767247808,2026-01-01T14:10:08,0.145
10,130-139,1767248109,2026-01-01T14:15:09,0.145
10,130-139,1767248413,2026-01-01T14:20:13,0.145
10,130-139,1767248708,2026-01-01T14:25:08,0.145
10,130-139,1767249010,2026-01-01T14:30:10,0.145
10,130-139,1767249313,2026-01-01T14:35:13,0.145
10,130-139,1767249619,2026-01-01T14:40:19,0.145
10,130-139,1767249908,2026-01-01T14:45:08,0.145
10,130-139,1767250208,2026-01-01T14:50:08,0.145
10,130-139,1767250508,2026-01-01T14:55:08,0.145
10,130-139,1767250809,2026-01-01T15:00:09,0.145
10,130-139,1767251108,2026-01-01T15:05:08,0.145
10,130-139,1767251408,2026-01-01T15:10:08,0.145
10,130-139,1767251708,2026-01-01T15:15:08,0.145
10,130-139,1767252020,2026-01-01T15:20:20,0.145
10,130-139,1767252308,2026-01-01T15:25:08,0.145
10,130-139,1767252625,2026-01-01T15:30:25,0.145
10,130-139,1767252908,2026-01-01T15:35:08,0.145
10,130-139,1767253209,2026-01-01T15:40:09,0.145
10,130-139,1767253508,2026-01-01T15:45:08,0.145
10,130-139,1767253809,2026-01-01T15:50:09,0.145
10,130-139,1767254108,2026-01-01T15:55:08,0.145
10,130-139,1767254409,2026-01-01T16:00:09,0.145
10,130-139,1767254708,2026-01-01T16:05:08,0.145
10,130-139,1767255008,2026-01-01T16:10:08,0.145
10,130-139,1767255308,2026-01-01T16:15:08,0.145
10,130-139,1767255608,2026-01-01T16:20:08,0.145
10,130-139,1767255908,2026-01-01T16:25:08,0.145
10,130-139,1767256209,2026-01-01T16:30:09,0.145
10,130-139,1767256507,2026-01-01T16:35:07,0.145
10,130-139,1767256808,2026-01-01T16:40:08,0.145
10,130-139,1767257112,2026-01-01T16:45:12,0.145
10,130-139,1767257408,2026-01-01T16:50:08,0.145
10,130-139,1767257708,2026-01-01T16:55:08,0.145
10,130-139,1767258011,2026-01-01T17:00:11,0.145
10,130-139,1767258308,2026-01-01T17:05:08,0.145
10,130-139,1767258608,2026-01-01T17:10:08,0.145
10,130-139,1767258907,2026-01-01T17:15:07,0.155
10,130-139,1767259208,2026-01-01T17:20:08,0.145
10,130-139,1767259507,2026-01-01T17:25:07,0.145
10,130-139,1767259808,2026-01-01T17:30:08,0.15
10,130-139,1767260107,2026-01-01T17:35:07,0.15
10,130-139,1767260408,2026-01-01T17:40:08,0.145
10,130-139,1767260712,2026-01-01T17:45:12,0.145
10,130-139,1767261007,2026-01-01T17:50:07,0.15
10,130-139,1767261307,2026-01-01T17:55:07,0.145
10,130-139,1767261610,2026-01-01T18:00:10,0.15
10,130-139,1767261907,2026-01-01T18:05:07,0.15
10,130-139,1767262208,2026-01-01T18:10:08,0.15
10,130-139,1767262507,2026-01-01T18:15:07,0.15
10,130-139,1767262807,2026-01-01T18:20:07,0.15
10,130-139,1767263108,2026-01-01T18:25:08,0.15
10,130-139,1767263408,2026-01-01T18:30:08,0.15
10,130-139,1767263707,2026-01-01T18:35:07,0.15
10,130-139,1767264007,2026-01-01T18:40:07,0.15
10,130-139,1767264312,2026-01-01T18:45:12,0.15
10,130-139,1767264607,2026-01-01T18:50:07,0.155
10,130-139,1767264907,2026-01-01T18:55:07,0.16
10,130-139,1767265209,2026-01-01T19:00:09,0.155
10,130-139,1767265507,2026-01-01T19:05:07,0.155
10,130-139,1767265823,2026-01-01T19:10:23,0.145
10,130-139,1767266107,2026-01-01T19:15:07,0.155
10,130-139,1767266407,2026-01-01T19:20:07,0.155
10,130-139,1767266721,2026-01-01T19:25:21,0.155
10,130-139,1767267008,2026-01-01T19:30:08,0.16
10,130-139,1767267307,2026-01-01T19:35:07,0.15
10,130-139,1767267608,2026-01-01T19:40:08,0.145
10,130-139,1767267907,2026-01-01T19:45:07,0.155
10,130-139,1767268207,2026-01-01T19:50:07,0.16
10,130-139,1767268522,2026-01-01T19:55:22,0.155
10,130-139,1767268812,2026-01-01T20:00:12,0.155
10,130-139,1767269107,2026-01-01T20:05:07,0.155
10,130-139,1767269407,2026-01-01T20:10:07,0.15
10,130-139,1767269722,2026-01-01T20:15:22,0.15
10,130-139,1767270030,2026-01-01T20:20:30,0.16
10,130-139,1767270308,2026-01-01T20:25:08,0.155
10,130-139,1767270608,2026-01-01T20:30:08,0.15
10,130-139,1767270919,2026-01-01T20:35:19,0.15
10,130-139,1767271207,2026-01-01T20:40:07,0.15
10,130-139,1767271507,2026-01-01T20:45:07,0.155
10,130-139,1767271808,2026-01-01T20:50:08,0.16
10,130-139,1767272107,2026-01-01T20:55:07,0.16
10,130-139,1767272424,2026-01-01T21:00:24,0.16
10,130-139,1767272707,2026-01-01T21:05:07,0.16
10,130-139,1767273007,2026-01-01T21:10:07,0.155
10,130-139,1767273307,2026-01-01T21:15:07,0.155
10,130-139,1767273617,2026-01-01T21:20:17,0.15
10,130-139,1767273907,2026-01-01T21:25:07,0.155
10,130-139,1767274209,2026-01-01T21:30:09,0.155
10,130-139,1767274521,2026-01-01T21:35:21,0.16
10,130-139,1767274807,2026-01-01T21:40:07,0.15
10,130-139,1767275108,2026-01-01T21:45:08,0.15
10,130-139,1767275407,2026-01-01T21:50:07,0.15
10,130-139,1767275708,2026-01-01T21:55:08,0.15
10,130-139,1767276008,2026-01-01T22:00:08,0.15
10,130-139,1767276307,2026-01-01T22:05:07,0.15
10,130-139,1767276608,2026-01-01T22:10:08,0.15
10,130-139,1767276922,2026-01-01T22:15:22,0.15
10,130-139,1767277221,2026-01-01T22:20:21,0.15
10,130-139,1767277508,2026-01-01T22:25:08,0.15
10,130-139,1767277808,2026-01-01T22:30:08,0.15
10,130-139,1767278108,2026-01-01T22:35:08,0.15
10,130-139,1767278407,2026-01-01T22:40:07,0.15
10,130-139,1767278707,2026-01-01T22:45:07,0.15
10,130-139,1767279007,2026-01-01T22:50:07,0.15
10,130-139,1767279307,2026-01-01T22:55:07,0.15
10,130-139,1767279610,2026-01-01T23:00:10,0.15
10,130-139,1767279907,2026-01-01T23:05:07,0.145
10,130-139,1767280208,2026-01-01T23:10:08,0.145
10,130-139,1767280508,2026-01-01T23:15:08,0.145
10,130-139,1767280808,2026-01-01T23:20:08,0.15
10,130-139,1767281108,2026-01-01T23:25:08,0.15
10,130-139,1767281409,2026-01-01T23:30:09,0.15
10,130-139,1767281707,2026-01-01T23:35:07,0.15
10,130-139,1767282008,2026-01-01T23:40:08,0.15
10,130-139,1767282307,2026-01-01T23:45:07,0.155
10,130-139,1767282627,2026-01-01T23:50:27,0.155
10,130-139,1767282908,2026-01-01T23:55:08,0.16
10,130-139,1767283208,2026-01-02T00:00:08,0.16
10,130-139,1767283507,2026-01-02T00:05:07,0.16
10,130-139,1767283808,2026-01-02T00:10:08,0.16
10,130-139,1767284108,2026-01-02T00:15:08,0.16
10,130-139,1767284408,2026-01-02T00:20:08,0.15
10,130-139,1767284707,2026-01-02T00:25:07,0.15
10,130-139,1767285008,2026-01-02T00:30:08,0.15
10,130-139,1767285307,2026-01-02T00:35:07,0.155
10,130-139,1767285607,2026-01-02T00:40:07,0.155
10,130-139,1767285908,2026-01-02T00:45:08,0.155
10,130-139,1767286207,2026-01-02T00:50:07,0.16
10,130-139,1767286507,2026-01-02T00:55:07,0.155
10,130-139,1767286810,2026-01-02T01:00:10,0.155
10,130-139,1767287111,2026-01-02T01:05:11,0.155
10,130-139,1767287408,2026-01-02T01:10:08,0.16
10,130-139,1767287707,2026-01-02T01:15:07,0.155
10,130-139,1767288007,2026-01-02T01:20:07,0.155
10,130-139,1767288322,2026-01-02T01:25:22,0.155
10,130-139,1767288609,2026-01-02T01:30:09,0.16
10,130-139,1767288908,2026-01-02T01:35:08,0.155
10,130-139,1767289207,2026-01-02T01:40:07,0.15
10,130-139,1767289507,2026-01-02T01:45:07,0.155
10,130-139,1767289807,2026-01-02T01:50:07,0.155
10,130-139,1767290108,2026-01-02T01:55:08,0.16
10,130-139,1767290410,2026-01-02T02:00:10,0.165
10,130-139,1767290707,2026-01-02T02:05:07,0.165
10,130-139,1767291008,2026-01-02T02:10:08,0.155
10,130-139,1767291308,2026-01-02T02:15:08,0.155
10,130-139,1767291608,2026-01-02T02:20:08,0.16
10,130-139,1767291908,2026-01-02T02:25:08,0.16
10,130-139,1767292208,2026-01-02T02:30:08,0.16
10,130-139,1767292508,2026-01-02T02:35:08,0.16
10,130-139,1767292820,2026-01-02T02:40:20,0.165
10,130-139,1767293121,2026-01-02T02:45:21,0.165
10,130-139,1767293408,2026-01-02T02:50:08,0.165
10,130-139,1767293707,2026-01-02T02:55:07,0.165
10,130-139,1767294008,2026-01-02T03:00:08,0.165
10,130-139,1767294308,2026-01-02T03:05:08,0.165
10,130-139,1767294608,2026-01-02T03:10:08,0.165
10,130-139,1767294908,2026-01-02T03:15:08,0.165
10,130-139,1767295208,2026-01-02T03:20:08,0.165
10,130-139,1767295508,2026-01-02T03:25:08,0.165
10,130-139,1767295813,2026-01-02T03:30:13,0.165
10,130-139,1767296107,2026-01-02T03:35:07,0.165
10,130-139,1767296407,2026-01-02T03:40:07,0.16
10,130-139,1767296707,2026-01-02T03:45:07,0.165
10,130-139,1767297009,2026-01-02T03:50:09,0.165
10,130-139,1767297319,2026-01-02T03:55:19,0.165
10,130-139,1767297621,2026-01-02T04:00:21,0.16
10,130-139,1767297907,2026-01-02T04:05:07,0.165
10,130-139,1767298208,2026-01-02T04:10:08,0.165
10,130-139,1767298508,2026-01-02T04:15:08,0.235
10,130-139,1767298820,2026-01-02T04:20:20,0.23
10,130-139,1767299107,2026-01-02T04:25:07,0.23
10,130-139,1767299424,2026-01-02T04:30:24,0.245
10,130-139,1767299720,2026-01-02T04:35:20,0.245
10,130-139,1767300011,2026-01-02T04:40:11,0.225
10,130-139,1767300308,2026-01-02T04:45:08,0.2
10,130-139,1767300607,2026-01-02T04:50:07,0.195
10,130-139,1767300908,2026-01-02T04:55:08,0.205
10,130-139,1767301209,2026-01-02T05:00:09,0.21
10,130-139,1767301507,2026-01-02T05:05:07,0.22
10,130-139,1767301809,2026-01-02T05:10:09,0.215
10,130-139,1767302108,2026-01-02T05:15:08,0.2
10,130-139,1767302408,2026-01-02T05:20:08,0.2
10,130-139,1767302707,2026-01-02T05:25:07,0.195
10,130-139,1767303009,2026-01-02T05:30:09,0.16
10,130-139,1767303308,2026-01-02T05:35:08,0.165
10,130-139,1767303607,2026-01-02T05:40:07,0.16
10,130-139,1767303907,2026-01-02T05:45:07,0.17
10,130-139,1767304207,2026-01-02T05:50:07,0.165
10,130-139,1767304508,2026-01-02T05:55:08,0.16
10,130-139,1767304813,2026-01-02T06:00:13,0.165
10,130-139,1767305107,2026-01-02T06:05:07,0.16
10,130-139,1767305407,2026-01-02T06:10:07,0.175
10,130-139,1767305708,2026-01-02T06:15:08,0.17
10,130-139,1767306007,2026-01-02T06:20:07,0.17
10,130-139,1767306307,2026-01-02T06:25:07,0.17
10,130-139,1767306610,2026-01-02T06:30:10,0.17
10,130-139,1767306907,2026-01-02T06:35:07,0.17
10,130-139,1767307208,2026-01-02T06:40:08,0.17
10,130-139,1767307508,2026-01-02T06:45:08,0.17
10,130-139,1767307807,2026-01-02T06:50:07,0.17
10,130-139,1767308108,2026-01-02T06:55:08,0.175
10,130-139,1767308410,2026-01-02T07:00:10,0.175
10,130-139,1767308712,2026-01-02T07:05:12,0.175
10,130-139,1767309007,2026-01-02T07:10:07,0.175
10,130-139,1767309307,2026-01-02T07:15:07,0.175
10,130-139,1767309607,2026-01-02T07:20:07,0.175
10,130-139,1767309907,2026-01-02T07:25:07,0.175
10,130-139,1767310209,2026-01-02T07:30:09,0.19
10,130-139,1767310519,2026-01-02T07:35:19,0.175
10,130-139,1767310807,2026-01-02T07:40:07,0.18
10,130-139,1767311108,2026-01-02T07:45:08,0.175
10,130-139,1767311407,2026-01-02T07:50:07,0.185
10,130-139,1767311708,2026-01-02T07:55:08,0.175
10,130-139,1767312011,2026-01-02T08:00:11,0.175
10,130-139,1767312307,2026-01-02T08:05:07,0.175
10,130-139,1767312609,2026-01-02T08:10:09,0.175
10,130-139,1767312908,2026-01-02T08:15:08,0.19
10,130-139,1767313208,2026-01-02T08:20:08,0.19
10,130-139,1767313508,2026-01-02T08:25:08,0.19
10,130-139,1767313823,2026-01-02T08:30:23,0.185
10,130-139,1767314107,2026-01-02T08:35:07,0.19
10,130-139,1767314408,2026-01-02T08:40:08,0.17
10,130-139,1767314708,2026-01-02T08:45:08,0.155
10,130-139,1767315009,2026-01-02T08:50:09,0.155
10,130-139,1767315307,2026-01-02T08:55:07,0.125
10,130-139,1767315609,2026-01-02T09:00:09,0.11
10,130-139,1767315907,2026-01-02T09:05:07,0.11
10,130-139,1767316207,2026-01-02T09:10:07,0.11
10,130-139,1767316508,2026-01-02T09:15:08,0.12
10,130-139,1767316807,2026-01-02T09:20:07,0.12
10,130-139,1767317107,2026-01-02T09:25:07,0.11
10,130-139,1767317409,2026-01-02T09:30:09,0.11
10,130-139,1767317707,2026-01-02T09:35:07,0.11
10,130-139,1767318009,2026-01-02T09:40:09,0.105
10,130-139,1767318307,2026-01-02T09:45:07,0.12
10,130-139,1767318608,2026-01-02T09:50:08,0.115
10,130-139,1767318908,2026-01-02T09:55:08,0.115
10,130-139,1767319210,2026-01-02T10:00:10,0.115
10,130-139,1767319512,2026-01-02T10:05:12,0.115
10,130-139,1767319822,2026-01-02T10:10:22,0.115
10,130-139,1767320108,2026-01-02T10:15:08,0.12
10,130-139,1767320407,2026-01-02T10:20:07,0.115
10,130-139,1767320707,2026-01-02T10:25:07,0.12
10,130-139,1767321009,2026-01-02T10:30:09,0.115
10,130-139,1767321322,2026-01-02T10:35:22,0.12
10,130-139,1767321618,2026-01-02T10:40:18,0.125
10,130-139,1767321908,2026-01-02T10:45:08,0.12
10,130-139,1767322223,2026-01-02T10:50:23,0.12
10,130-139,1767322507,2026-01-02T10:55:07,0.125
10,130-139,1767322816,2026-01-02T11:00:16,0.125
10,130-139,1767323108,2026-01-02T11:05:08,0.125
10,130-139,1767323408,2026-01-02T11:10:08,0.12
10,130-139,1767323707,2026-01-02T11:15:07,0.12
10,130-139,1767324007,2026-01-02T11:20:07,0.125
10,130-139,1767324307,2026-01-02T11:25:07,0.12
10,130-139,1767324609,2026-01-02T11:30:09,0.125
10,130-139,1767324908,2026-01-02T11:35:08,0.125
10,130-139,1767325208,2026-01-02T11:40:08,0.125
10,130-139,1767325511,2026-01-02T11:45:11,0.125
10,130-139,1767325807,2026-01-02T11:50:07,0.125
10,130-139,1767326107,2026-01-02T11:55:07,0.125
10,130-139,1767326408,2026-01-02T12:00:08,0.125
10,130-139,1767326707,2026-01-02T12:05:07,0.125
10,130-139,1767327008,2026-01-02T12:10:08,0.125
10,130-139,1767327308,2026-01-02T12:15:08,0.12
10,130-139,1767327608,2026-01-02T12:20:08,0.12
10,130-139,1767327908,2026-01-02T12:25:08,0.12
10,130-139,1767328209,2026-01-02T12:30:09,0.12
10,130-139,1767328507,2026-01-02T12:35:07,0.12
10,130-139,1767328808,2026-01-02T12:40:08,0.12
10,130-139,1767329107,2026-01-02T12:45:07,0.115
10,130-139,1767329408,2026-01-02T12:50:08,0.12
10,130-139,1767329708,2026-01-02T12:55:08,0.12
10,130-139,1767330010,2026-01-02T13:00:10,0.12
10,130-139,1767330308,2026-01-02T13:05:08,0.12
10,130-139,1767330608,2026-01-02T13:10:08,0.12
10,130-139,1767330907,2026-01-02T13:15:07,0.12
10,130-139,1767331209,2026-01-02T13:20:09,0.12
10,130-139,1767331522,2026-01-02T13:25:22,0.12
10,130-139,1767331809,2026-01-02T13:30:09,0.12
10,130-139,1767332108,2026-01-02T13:35:08,0.12
10,130-139,1767332408,2026-01-02T13:40:08,0.12
10,130-139,1767332723,2026-01-02T13:45:23,0.12
10,130-139,1767333012,2026-01-02T13:50:12,0.12
10,130-139,1767333319,2026-01-02T13:55:19,0.13
10,130-139,1767333609,2026-01-02T14:00:09,0.13
10,130-139,1767333907,2026-01-02T14:05:07,0.13
10,130-139,1767334207,2026-01-02T14:10:07,0.13
10,130-139,1767334508,2026-01-02T14:15:08,0.125
10,130-139,1767334819,2026-01-02T14:20:19,0.125
10,130-139,1767335111,2026-01-02T14:25:11,0.135
10,130-139,1767335410,2026-01-02T14:30:10,0.145
10,130-139,1767335708,2026-01-02T14:35:08,0.18
10,130-139,1767336008,2026-01-02T14:40:08,0.18
10,130-139,1767336307,2026-01-02T14:45:07,0.18
10,130-139,1767336608,2026-01-02T14:50:08,0.205
10,130-139,1767336907,2026-01-02T14:55:07,0.21
10,130-139,1767337209,2026-01-02T15:00:09,0.225
10,130-139,1767337509,2026-01-02T15:05:09,0.25
10,130-139,1767337808,2026-01-02T15:10:08,0.26
10,130-139,1767338108,2026-01-02T15:15:08,0.235
10,130-139,1767338408,2026-01-02T15:20:08,0.24
10,130-139,1767338707,2026-01-02T15:25:07,0.24
10,130-139,1767339013,2026-01-02T15:30:13,0.235
10,130-139,1767339307,2026-01-02T15:35:07,0.235
10,130-139,1767339608,2026-01-02T15:40:08,0.235
10,130-139,1767339907,2026-01-02T15:45:07,0.235
10,130-139,1767340208,2026-01-02T15:50:08,0.235
10,130-139,1767340507,2026-01-02T15:55:07,0.235
10,130-139,1767340810,2026-01-02T16:00:10,0.235
10,130-139,1767341108,2026-01-02T16:05:08,0.235
10,130-139,1767341408,2026-01-02T16:10:08,0.25
10,130-139,1767341708,2026-01-02T16:15:08,0.25
10,130-139,1767342008,2026-01-02T16:20:08,0.255
10,130-139,1767342308,2026-01-02T16:25:08,0.255
10,130-139,1767342609,2026-01-02T16:30:09,0.265
10,130-139,1767342907,2026-01-02T16:35:07,0.26
10,130-139,1767343208,2026-01-02T16:40:08,0.25
10,130-139,1767343507,2026-01-02T16:45:07,0.25
10,130-139,1767343823,2026-01-02T16:50:23,0.25
10,130-139,1767344107,2026-01-02T16:55:07,0.25
10,130-139,1767344409,2026-01-02T17:00:09,0.245
10,130-139,1767344709,2026-01-02T17:05:09,0.245
10,130-139,1767345007,2026-01-02T17:10:07,0.245
10,130-139,1767345308,2026-01-02T17:15:08,0.245
10,130-139,1767345608,2026-01-02T17:20:08,0.245
10,130-139,1767345908,2026-01-02T17:25:08,0.245
10,130-139,1767346210,2026-01-02T17:30:10,0.245
10,130-139,1767346508,2026-01-02T17:35:08,0.245
10,130-139,1767346808,2026-01-02T17:40:08,0.255
10,130-139,1767347112,2026-01-02T17:45:12,0.245
10,130-139,1767347407,2026-01-02T17:50:07,0.245
10,130-139,1767347707,2026-01-02T17:55:07,0.245
10,130-139,1767348011,2026-01-02T18:00:11,0.245
10,130-139,1767348319,2026-01-02T18:05:19,0.245
10,130-139,1767348610,2026-01-02T18:10:10,0.245
10,130-139,1767348908,2026-01-02T18:15:08,0.245
10,130-139,1767349208,2026-01-02T18:20:08,0.245
10,130-139,1767349508,2026-01-02T18:25:08,0.245
10,130-139,1767349809,2026-01-02T18:30:09,0.245
10,130-139,1767350121,2026-01-02T18:35:21,0.245
10,130-139,1767350407,2026-01-02T18:40:07,0.245
10,130-139,1767350707,2026-01-02T18:45:07,0.245
10,130-139,1767351008,2026-01-02T18:50:08,0.245
10,130-139,1767351307,2026-01-02T18:55:07,0.245
10,130-139,1767351610,2026-01-02T19:00:10,0.245
10,130-139,1767351908,2026-01-02T19:05:08,0.245
10,130-139,1767352208,2026-01-02T19:10:08,0.245
10,130-139,1767352508,2026-01-02T19:15:08,0.245
10,130-139,1767352807,2026-01-02T19:20:07,0.245
10,130-139,1767353120,2026-01-02T19:25:20,0.245
10,130-139,1767353410,2026-01-02T19:30:10,0.245
10,130-139,1767353708,2026-01-02T19:35:08,0.245
10,130-139,1767354008,2026-01-02T19:40:08,0.245
10,130-139,1767354308,2026-01-02T19:45:08,0.245
10,130-139,1767354620,2026-01-02T19:50:20,0.245
10,130-139,1767354908,2026-01-02T19:55:08,0.245
10,130-139,1767355211,2026-01-02T20:00:11,0.27
10,130-139,1767355508,2026-01-02T20:05:08,0.26
10,130-139,1767355807,2026-01-02T20:10:07,0.255
10,130-139,1767356108,2026-01-02T20:15:08,0.255
10,130-139,1767356408,2026-01-02T20:20:08,0.295
10,130-139,1767356707,2026-01-02T20:25:07,0.285
10,130-139,1767357008,2026-01-02T20:30:08,0.275
10,130-139,1767357307,2026-01-02T20:35:07,0.28
10,130-139,1767357608,2026-01-02T20:40:08,0.275
10,130-139,1767357920,2026-01-02T20:45:20,0.275
10,130-139,1767358207,2026-01-02T20:50:07,0.27
10,130-139,1767358507,2026-01-02T20:55:07,0.27
10,130-139,1767358809,2026-01-02T21:00:09,0.27
10,130-139,1767359108,2026-01-02T21:05:08,0.3
10,130-139,1767359421,2026-01-02T21:10:21,0.275
10,130-139,1767359709,2026-01-02T21:15:09,0.27
10,130-139,1767360021,2026-01-02T21:20:21,0.27
10,130-139,1767360318,2026-01-02T21:25:18,0.27
10,130-139,1767360610,2026-01-02T21:30:10,0.27
10,130-139,1767360919,2026-01-02T21:35:19,0.265
10,130-139,1767361208,2026-01-02T21:40:08,0.255
10,130-139,1767361508,2026-01-02T21:45:08,0.255
10,130-139,1767361807,2026-01-02T21:50:07,0.245
10,130-139,1767362122,2026-01-02T21:55:22,0.245
10,130-139,1767362409,2026-01-02T22:00:09,0.245
10,130-139,1767362708,2026-01-02T22:05:08,0.25
10,130-139,1767363008,2026-01-02T22:10:08,0.255
10,130-139,1767363320,2026-01-02T22:15:20,0.255
10,130-139,1767363612,2026-01-02T22:20:12,0.255
10,130-139,1767363908,2026-01-02T22:25:08,0.26
10,130-139,1767364208,2026-01-02T22:30:08,0.28
10,130-139,1767364507,2026-01-02T22:35:07,0.265
10,130-139,1767364808,2026-01-02T22:40:08,0.25
10,130-139,1767365122,2026-01-02T22:45:22,0.22
10,130-139,1767365407,2026-01-02T22:50:07,0.22
10,130-139,1767365707,2026-01-02T22:55:07,0.22
10,130-139,1767366011,2026-01-02T23:00:11,0.215
10,130-139,1767366308,2026-01-02T23:05:08,0.215
10,130-139,1767366609,2026-01-02T23:10:09,0.22
10,130-139,1767366908,2026-01-02T23:15:08,0.22
10,130-139,1767367208,2026-01-02T23:20:08,0.22
10,130-139,1767367508,2026-01-02T23:25:08,0.22
10,130-139,1767367809,2026-01-02T23:30:09,0.22
10,130-139,1767368123,2026-01-02T23:35:23,0.22
10,130-139,1767368407,2026-01-02T23:40:07,0.22
10,130-139,1767368708,2026-01-02T23:45:08,0.22
10,130-139,1767369008,2026-01-02T23:50:08,0.22
10,130-139,1767369308,2026-01-02T23:55:08,0.22
10,130-139,1767369610,2026-01-03T00:00:10,0.22
10,130-139,1767369909,2026-01-03T00:05:09,0.22
10,130-139,1767370208,2026-01-03T00:10:08,0.22
10,130-139,1767370508,2026-01-03T00:15:08,0.275
10,130-139,1767370809,2026-01-03T00:20:09,0.26
10,130-139,1767371108,2026-01-03T00:25:08,0.26
10,130-139,1767371409,2026-01-03T00:30:09,0.245
10,130-139,1767371708,2026-01-03T00:35:08,0.245
10,130-139,1767372007,2026-01-03T00:40:07,0.245
10,130-139,1767372309,2026-01-03T00:45:09,0.235
10,130-139,1767372620,2026-01-03T00:50:20,0.235
10,130-139,1767372907,2026-01-03T00:55:07,0.235
10,130-139,1767373211,2026-01-03T01:00:11,0.235
10,130-139,1767373508,2026-01-03T01:05:08,0.235
10,130-139,1767373808,2026-01-03T01:10:08,0.245
10,130-139,1767374108,2026-01-03T01:15:08,0.195
10,130-139,1767374408,2026-01-03T01:20:08,0.185
10,130-139,1767374708,2026-01-03T01:25:08,0.2
10,130-139,1767375009,2026-01-03T01:30:09,0.175
10,130-139,1767375312,2026-01-03T01:35:12,0.215
10,130-139,1767375609,2026-01-03T01:40:09,0.205
10,130-139,1767375908,2026-01-03T01:45:08,0.205
10,130-139,1767376223,2026-01-03T01:50:23,0.215
10,130-139,1767376508,2026-01-03T01:55:08,0.215
10,130-139,1767376824,2026-01-03T02:00:24,0.215
10,130-139,1767377108,2026-01-03T02:05:08,0.225
10,130-139,1767377408,2026-01-03T02:10:08,0.23
10,130-139,1767377722,2026-01-03T02:15:22,0.205
10,130-139,1767378008,2026-01-03T02:20:08,0.2
10,130-139,1767378308,2026-01-03T02:25:08,0.205
10,130-139,1767378610,2026-01-03T02:30:10,0.205
10,130-139,1767378923,2026-01-03T02:35:23,0.185
10,130-139,1767379224,2026-01-03T02:40:24,0.19
10,130-139,1767379508,2026-01-03T02:45:08,0.195
10,130-139,1767379808,2026-01-03T02:50:08,0.195
10,130-139,1767380108,2026-01-03T02:55:08,0.195
10,130-139,1767380410,2026-01-03T03:00:10,0.2
10,130-139,1767380708,2026-01-03T03:05:08,0.2
10,130-139,1767381009,2026-01-03T03:10:09,0.205
10,130-139,1767381307,2026-01-03T03:15:07,0.205
10,130-139,1767381608,2026-01-03T03:20:08,0.205
10,130-139,1767381909,2026-01-03T03:25:09,0.205
10,130-139,1767382209,2026-01-03T03:30:09,0.205
10,130-139,1767382507,2026-01-03T03:35:07,0.205
10,130-139,1767382807,2026-01-03T03:40:07,0.205
10,130-139,1767383108,2026-01-03T03:45:08,0.2
10,130-139,1767383421,2026-01-03T03:50:21,0.195
10,130-139,1767383707,2026-01-03T03:55:07,0.195
10,130-139,1767384011,2026-01-03T04:00:11,0.185
10,130-139,1767384308,2026-01-03T04:05:08,0.18
10,130-139,1767384608,2026-01-03T04:10:08,0.175
10,130-139,1767384909,2026-01-03T04:15:09,0.165
10,130-139,1767385208,2026-01-03T04:20:08,0.165
10,130-139,1767385508,2026-01-03T04:25:08,0.165
10,130-139,1767385810,2026-01-03T04:30:10,0.165
10,130-139,1767386108,2026-01-03T04:35:08,0.16
10,130-139,1767386408,2026-01-03T04:40:08,0.165
10,130-139,1767386720,2026-01-03T04:45:20,0.175
10,130-139,1767387008,2026-01-03T04:50:08,0.18
10,130-139,1767387308,2026-01-03T04:55:08,0.18
10,130-139,1767387611,2026-01-03T05:00:11,0.175
10,130-139,1767387912,2026-01-03T05:05:12,0.18
10,130-139,1767388208,2026-01-03T05:10:08,0.18
10,130-139,1767388508,2026-01-03T05:15:08,0.18
10,130-139,1767388808,2026-01-03T05:20:08,0.17
10,130-139,1767389108,2026-01-03T05:25:08,0.165
10,130-139,1767389409,2026-01-03T05:30:09,0.165
10,130-139,1767389720,2026-01-03T05:35:20,0.165
10,130-139,1767390008,2026-01-03T05:40:08,0.165
10,130-139,1767390308,2026-01-03T05:45:08,0.15
10,130-139,1767390608,2026-01-03T05:50:08,0.15
10,130-139,1767390908,2026-01-03T05:55:08,0.135
10,130-139,1767391210,2026-01-03T06:00:10,0.14
10,130-139,1767391508,2026-01-03T06:05:08,0.1
10,130-139,1767391808,2026-01-03T06:10:08,0.165
10,130-139,1767392108,2026-01-03T06:15:08,0.15
10,130-139,1767392408,2026-01-03T06:20:08,0.145
10,130-139,1767392709,2026-01-03T06:25:09,0.145
10,130-139,1767393009,2026-01-03T06:30:09,0.145
10,130-139,1767393308,2026-01-03T06:35:08,0.145
10,130-139,1767393608,2026-01-03T06:40:08,0.155
10,130-139,1767393908,2026-01-03T06:45:08,0.16
10,130-139,1767394209,2026-01-03T06:50:09,0.16
10,130-139,1767394508,2026-01-03T06:55:08,0.16
10,130-139,1767394810,2026-01-03T07:00:10,0.17
10,130-139,1767395108,2026-01-03T07:05:08,0.175
10,130-139,1767395408,2026-01-03T07:10:08,0.165
10,130-139,1767395724,2026-01-03T07:15:24,0.175
10,130-139,1767396008,2026-01-03T07:20:08,0.155
10,130-139,1767396309,2026-01-03T07:25:09,0.155
10,130-139,1767396609,2026-01-03T07:30:09,0.16
10,130-139,1767396908,2026-01-03T07:35:08,0.165
10,130-139,1767397208,2026-01-03T07:40:08,0.165
10,130-139,1767397509,2026-01-03T07:45:09,0.195
10,130-139,1767397808,2026-01-03T07:50:08,0.195
10,130-139,1767398108,2026-01-03T07:55:08,0.195
10,130-139,1767398410,2026-01-03T08:00:10,0.19
10,130-139,1767398708,2026-01-03T08:05:08,0.19
10,130-139,1767399020,2026-01-03T08:10:20,0.18
10,130-139,1767399309,2026-01-03T08:15:09,0.185
10,130-139,1767399609,2026-01-03T08:20:09,0.18
10,130-139,1767399908,2026-01-03T08:25:08,0.185
10,130-139,1767400208,2026-01-03T08:30:08,0.2
10,130-139,1767400508,2026-01-03T08:35:08,0.2
10,130-139,1767400808,2026-01-03T08:40:08,0.18
10,130-139,1767401108,2026-01-03T08:45:08,0.155
10,130-139,1767401408,2026-01-03T08:50:08,0.115
10,130-139,1767401708,2026-01-03T08:55:08,0.175
10,130-139,1767402308,2026-01-03T09:05:08,0.18
10,130-139,1767402608,2026-01-03T09:10:08,0.185
10,130-139,1767402908,2026-01-03T09:15:08,0.185
10,130-139,1767403208,2026-01-03T09:20:08,0.185
10,130-139,1767403507,2026-01-03T09:25:07,0.2
10,130-139,1767403808,2026-01-03T09:30:08,0.2
10,130-139,1767404108,2026-01-03T09:35:08,0.19
10,130-139,1767404408,2026-01-03T09:40:08,0.19
10,130-139,1767404708,2026-01-03T09:45:08,0.195
10,130-139,1767405023,2026-01-03T09:50:23,0.205
10,130-139,1767405308,2026-01-03T09:55:08,0.195
10,130-139,1767405609,2026-01-03T10:00:09,0.195
10,130-139,1767405908,2026-01-03T10:05:08,0.195
10,130-139,1767406208,2026-01-03T10:10:08,0.215
10,130-139,1767406508,2026-01-03T10:15:08,0.235
10,130-139,1767406808,2026-01-03T10:20:08,0.24
10,130-139,1767407108,2026-01-03T10:25:08,0.265
10,130-139,1767407408,2026-01-03T10:30:08,0.265
10,130-139,1767407708,2026-01-03T10:35:08,0.24
10,130-139,1767408023,2026-01-03T10:40:23,0.22
10,130-139,1767408308,2026-01-03T10:45:08,0.22
10,130-139,1767408608,2026-01-03T10:50:08,0.22
10,130-139,1767408908,2026-01-03T10:55:08,0.215
10,130-139,1767409210,2026-01-03T11:00:10,0.2
10,130-139,1767409508,2026-01-03T11:05:08,0.21
10,130-139,1767409822,2026-01-03T11:10:22,0.2
10,130-139,1767410109,2026-01-03T11:15:09,0.195
10,130-139,1767410412,2026-01-03T11:20:12,0.185
10,130-139,1767410708,2026-01-03T11:25:08,0.175
10,130-139,1767411008,2026-01-03T11:30:08,0.17
10,130-139,1767411308,2026-01-03T11:35:08,0.17
10,130-139,1767411608,2026-01-03T11:40:08,0.17
10,130-139,1767411908,2026-01-03T11:45:08,0.19
10,130-139,1767412209,2026-01-03T11:50:09,0.185
10,130-139,1767412508,2026-01-03T11:55:08,0.18
10,130-139,1767412811,2026-01-03T12:00:11,0.18
10,130-139,1767413122,2026-01-03T12:05:22,0.18
10,130-139,1767413408,2026-01-03T12:10:08,0.175
10,130-139,1767413708,2026-01-03T12:15:08,0.175
10,130-139,1767414008,2026-01-03T12:20:08,0.135
10,130-139,1767414308,2026-01-03T12:25:08,0.115
10,130-139,1767414609,2026-01-03T12:30:09,0.115
10,130-139,1767414908,2026-01-03T12:35:08,0.1
10,130-139,1767415208,2026-01-03T12:40:08,0.085
10,130-139,1767415507,2026-01-03T12:45:07,0.085
10,130-139,1767415808,2026-01-03T12:50:08,0.085
10,130-139,1767416108,2026-01-03T12:55:08,0.085
10,130-139,1767416421,2026-01-03T13:00:21,0.095
10,130-139,1767416708,2026-01-03T13:05:08,0.095
10,130-139,1767417008,2026-01-03T13:10:08,0.095
10,130-139,1767417308,2026-01-03T13:15:08,0.09
10,130-139,1767417608,2026-01-03T13:20:08,0.085
10,130-139,1767417908,2026-01-03T13:25:08,0.085
10,130-139,1767418209,2026-01-03T13:30:09,0.08
10,130-139,1767418509,2026-01-03T13:35:09,0.065
10,130-139,1767418808,2026-01-03T13:40:08,0.075
10,130-139,1767419108,2026-01-03T13:45:08,0.105
10,130-139,1767419408,2026-01-03T13:50:08,0.105
10,130-139,1767419722,2026-01-03T13:55:22,0.09
10,130-139,1767420015,2026-01-03T14:00:15,0.11
10,130-139,1767420309,2026-01-03T14:05:09,0.11
10,130-139,1767420609,2026-01-03T14:10:09,0.115
10,130-139,1767420907,2026-01-03T14:15:07,0.115
10,130-139,1767421208,2026-01-03T14:20:08,0.095
10,130-139,1767421508,2026-01-03T14:25:08,0.095
10,130-139,1767421809,2026-01-03T14:30:09,0.07
10,130-139,1767422108,2026-01-03T14:35:08,0.07
10,130-139,1767422409,2026-01-03T14:40:09,0.035
10,130-139,1767422708,2026-01-03T14:45:08,0.035
10,130-139,1767423008,2026-01-03T14:50:08,0.0195
10,130-139,1767423309,2026-01-03T14:55:09,0.0115
10,130-139,1767423609,2026-01-03T15:00:09,0.0005
10,130-139,1767423909,2026-01-03T15:05:09,0.0005
10,130-139,1767424209,2026-01-03T15:10:09,0.0005
10,130-139,1767424508,2026-01-03T15:15:08,0.0005
10,130-139,1767424809,2026-01-03T15:20:09,0.0005
10,130-139,1767425109,2026-01-03T15:25:09,0.0005
10,130-139,1767425409,2026-01-03T15:30:09,0.0005
10,130-139,1767425708,2026-01-03T15:35:08,0.0005
10,130-139,1767426024,2026-01-03T15:40:24,0.0005
10,130-139,1767426308,2026-01-03T15:45:08,0.0005
10,130-139,1767426609,2026-01-03T15:50:09,0.0005
10,130-139,1767426909,2026-01-03T15:55:09,0.0005
10,130-139,1767427208,2026-01-03T16:00:08,0.0005
10,130-139,1767427509,2026-01-03T16:05:09,0.0005
10,130-139,1767427821,2026-01-03T16:10:21,0.0005
10,130-139,1767428108,2026-01-03T16:15:08,0.0005
10,130-139,1767428408,2026-01-03T16:20:08,0.0005
10,130-139,1767428723,2026-01-03T16:25:23,0.0005
10,130-139,1767429014,2026-01-03T16:30:14,0.0005
10,130-139,1767429309,2026-01-03T16:35:09,0.0005
10,130-139,1767429609,2026-01-03T16:40:09,0.0005
10,130-139,1767429909,2026-01-03T16:45:09,0.0005
10,130-139,1767430208,2026-01-03T16:50:08,0.0005
10,130-139,1767430508,2026-01-03T16:55:08,0.0005
10,130-139,1767430822,2026-01-03T17:00:22,0.0005
10,130-139,1767431108,2026-01-03T17:05:08,0.0005
10,130-139,1767431409,2026-01-03T17:10:09,0.0005
10,130-139,1767431708,2026-01-03T17:15:08,0.0005
10,130-139,1767432008,2026-01-03T17:20:08,0.0005
10,130-139,1767432308,2026-01-03T17:25:08,0.0005
10,130-139,1767432608,2026-01-03T17:30:08,0.0005
10,130-139,1767432912,2026-01-03T17:35:12,0.0005
10,130-139,1767433209,2026-01-03T17:40:09,0.0005
10,130-139,1767433509,2026-01-03T17:45:09,0.0005
10,130-139,1767433808,2026-01-03T17:50:08,0.0005
10,130-139,1767434108,2026-01-03T17:55:08,0.0005
10,130-139,1767434409,2026-01-03T18:00:09,0.0005
10,130-139,1767434709,2026-01-03T18:05:09,0.0005
10,130-139,1767435008,2026-01-03T18:10:08,0.0005
10,130-139,1767435308,2026-01-03T18:15:08,0.0005
10,130-139,1767435608,2026-01-03T18:20:08,0.0005
10,130-139,1767435908,2026-01-03T18:25:08,0.0005
10,130-139,1767436212,2026-01-03T18:30:12,0.0005
11,140+,1767044111,2025-12-30T05:35:11,0.5
11,140+,1767044411,2025-12-30T05:40:11,0.495
11,140+,1767044711,2025-12-30T05:45:11,0.495
11,140+,1767045010,2025-12-30T05:50:10,0.495
11,140+,1767045311,2025-12-30T05:55:11,0.49
11,140+,1767045617,2025-12-30T06:00:17,0.485
11,140+,1767045911,2025-12-30T06:05:11,0.485
11,140+,1767046215,2025-12-30T06:10:15,0.485
11,140+,1767046511,2025-12-30T06:15:11,0.47
11,140+,1767046824,2025-12-30T06:20:24,0.47
11,140+,1767047111,2025-12-30T06:25:11,0.48
11,140+,1767047414,2025-12-30T06:30:14,0.465
11,140+,1767047714,2025-12-30T06:35:14,0.465
11,140+,1767048011,2025-12-30T06:40:11,0.455
11,140+,1767048311,2025-12-30T06:45:11,0.445
11,140+,1767048611,2025-12-30T06:50:11,0.43
11,140+,1767048911,2025-12-30T06:55:11,0.41
11,140+,1767049232,2025-12-30T07:00:32,0.41
11,140+,1767049528,2025-12-30T07:05:28,0.415
11,140+,1767049811,2025-12-30T07:10:11,0.415
11,140+,1767050111,2025-12-30T07:15:11,0.41
11,140+,1767050411,2025-12-30T07:20:11,0.405
11,140+,1767050711,2025-12-30T07:25:11,0.39
11,140+,1767051032,2025-12-30T07:30:32,0.39
11,140+,1767051311,2025-12-30T07:35:11,0.39
11,140+,1767051611,2025-12-30T07:40:11,0.38
11,140+,1767051911,2025-12-30T07:45:11,0.34
11,140+,1767052226,2025-12-30T07:50:26,0.34
11,140+,1767052511,2025-12-30T07:55:11,0.34
11,140+,1767052822,2025-12-30T08:00:22,0.33
11,140+,1767053111,2025-12-30T08:05:11,0.33
11,140+,1767053411,2025-12-30T08:10:11,0.325
11,140+,1767053711,2025-12-30T08:15:11,0.32
11,140+,1767054012,2025-12-30T08:20:12,0.31
11,140+,1767054311,2025-12-30T08:25:11,0.16
11,140+,1767054615,2025-12-30T08:30:15,0.16
11,140+,1767054911,2025-12-30T08:35:11,0.16
11,140+,1767055211,2025-12-30T08:40:11,0.16
11,140+,1767055511,2025-12-30T08:45:11,0.16
11,140+,1767055811,2025-12-30T08:50:11,0.16
11,140+,1767056111,2025-12-30T08:55:11,0.16
11,140+,1767056415,2025-12-30T09:00:15,0.16
11,140+,1767056711,2025-12-30T09:05:11,0.16
11,140+,1767057011,2025-12-30T09:10:11,0.16
11,140+,1767057311,2025-12-30T09:15:11,0.16
11,140+,1767057611,2025-12-30T09:20:11,0.16
11,140+,1767057911,2025-12-30T09:25:11,0.16
11,140+,1767058215,2025-12-30T09:30:15,0.16
11,140+,1767058511,2025-12-30T09:35:11,0.16
11,140+,1767058812,2025-12-30T09:40:12,0.16
11,140+,1767059111,2025-12-30T09:45:11,0.16
11,140+,1767059426,2025-12-30T09:50:26,0.16
11,140+,1767059711,2025-12-30T09:55:11,0.16
11,140+,1767060015,2025-12-30T10:00:15,0.16
11,140+,1767060311,2025-12-30T10:05:11,0.16
11,140+,1767060611,2025-12-30T10:10:11,0.16
11,140+,1767060911,2025-12-30T10:15:11,0.16
11,140+,1767061211,2025-12-30T10:20:11,0.16
11,140+,1767061511,2025-12-30T10:25:11,0.16
11,140+,1767061815,2025-12-30T10:30:15,0.16
11,140+,1767062111,2025-12-30T10:35:11,0.16
11,140+,1767062411,2025-12-30T10:40:11,0.16
11,140+,1767062712,2025-12-30T10:45:12,0.16
11,140+,1767063023,2025-12-30T10:50:23,0.16
11,140+,1767063311,2025-12-30T10:55:11,0.16
11,140+,1767063618,2025-12-30T11:00:18,0.16
11,140+,1767063911,2025-12-30T11:05:11,0.16
11,140+,1767064211,2025-12-30T11:10:11,0.16
11,140+,1767064511,2025-12-30T11:15:11,0.16
11,140+,1767064812,2025-12-30T11:20:12,0.16
11,140+,1767065126,2025-12-30T11:25:26,0.16
11,140+,1767065414,2025-12-30T11:30:14,0.16
11,140+,1767065711,2025-12-30T11:35:11,0.16
11,140+,1767066011,2025-12-30T11:40:11,0.16
11,140+,1767066312,2025-12-30T11:45:12,0.16
11,140+,1767066612,2025-12-30T11:50:12,0.265
11,140+,1767066911,2025-12-30T11:55:11,0.265
11,140+,1767067215,2025-12-30T12:00:15,0.265
11,140+,1767067511,2025-12-30T12:05:11,0.265
11,140+,1767067812,2025-12-30T12:10:12,0.3
11,140+,1767068111,2025-12-30T12:15:11,0.305
11,140+,1767068411,2025-12-30T12:20:11,0.3
11,140+,1767068711,2025-12-30T12:25:11,0.295
11,140+,1767069015,2025-12-30T12:30:15,0.295
11,140+,1767069312,2025-12-30T12:35:12,0.295
11,140+,1767069611,2025-12-30T12:40:11,0.295
11,140+,1767069911,2025-12-30T12:45:11,0.29
11,140+,1767070212,2025-12-30T12:50:12,0.295
11,140+,1767070511,2025-12-30T12:55:11,0.29
11,140+,1767070829,2025-12-30T13:00:29,0.29
11,140+,1767071111,2025-12-30T13:05:11,0.29
11,140+,1767071411,2025-12-30T13:10:11,0.29
11,140+,1767071711,2025-12-30T13:15:11,0.295
11,140+,1767072022,2025-12-30T13:20:22,0.295
11,140+,1767072311,2025-12-30T13:25:11,0.295
11,140+,1767072616,2025-12-30T13:30:16,0.295
11,140+,1767072911,2025-12-30T13:35:11,0.295
11,140+,1767073211,2025-12-30T13:40:11,0.295
11,140+,1767073511,2025-12-30T13:45:11,0.295
11,140+,1767073811,2025-12-30T13:50:11,0.295
11,140+,1767074112,2025-12-30T13:55:12,0.315
11,140+,1767074417,2025-12-30T14:00:17,0.31
11,140+,1767074711,2025-12-30T14:05:11,0.29
11,140+,1767075011,2025-12-30T14:10:11,0.29
11,140+,1767075311,2025-12-30T14:15:11,0.29
11,140+,1767075612,2025-12-30T14:20:12,0.31
11,140+,1767075911,2025-12-30T14:25:11,0.31
11,140+,1767076215,2025-12-30T14:30:15,0.3
11,140+,1767076526,2025-12-30T14:35:26,0.295
11,140+,1767076811,2025-12-30T14:40:11,0.295
11,140+,1767077111,2025-12-30T14:45:11,0.295
11,140+,1767077423,2025-12-30T14:50:23,0.3
11,140+,1767077711,2025-12-30T14:55:11,0.315
11,140+,1767078021,2025-12-30T15:00:21,0.325
11,140+,1767078312,2025-12-30T15:05:12,0.335
11,140+,1767078611,2025-12-30T15:10:11,0.34
11,140+,1767078911,2025-12-30T15:15:11,0.34
11,140+,1767079211,2025-12-30T15:20:11,0.345
11,140+,1767079511,2025-12-30T15:25:11,0.35
11,140+,1767079827,2025-12-30T15:30:27,0.35
11,140+,1767080112,2025-12-30T15:35:12,0.33
11,140+,1767080411,2025-12-30T15:40:11,0.325
11,140+,1767080711,2025-12-30T15:45:11,0.315
11,140+,1767081011,2025-12-30T15:50:11,0.315
11,140+,1767081311,2025-12-30T15:55:11,0.32
11,140+,1767081617,2025-12-30T16:00:17,0.345
11,140+,1767081911,2025-12-30T16:05:11,0.345
11,140+,1767082211,2025-12-30T16:10:11,0.345
11,140+,1767082512,2025-12-30T16:15:12,0.29
11,140+,1767082811,2025-12-30T16:20:11,0.29
11,140+,1767083112,2025-12-30T16:25:12,0.29
11,140+,1767083415,2025-12-30T16:30:15,0.275
11,140+,1767083711,2025-12-30T16:35:11,0.285
11,140+,1767084025,2025-12-30T16:40:25,0.285
11,140+,1767084311,2025-12-30T16:45:11,0.28
11,140+,1767084613,2025-12-30T16:50:13,0.28
11,140+,1767084911,2025-12-30T16:55:11,0.28
11,140+,1767085219,2025-12-30T17:00:19,0.3
11,140+,1767085511,2025-12-30T17:05:11,0.295
11,140+,1767085812,2025-12-30T17:10:12,0.285
11,140+,1767086113,2025-12-30T17:15:13,0.28
11,140+,1767086411,2025-12-30T17:20:11,0.275
11,140+,1767086711,2025-12-30T17:25:11,0.275
11,140+,1767087015,2025-12-30T17:30:15,0.28
11,140+,1767087311,2025-12-30T17:35:11,0.28
11,140+,1767087613,2025-12-30T17:40:13,0.28
11,140+,1767087911,2025-12-30T17:45:11,0.28
11,140+,1767088210,2025-12-30T17:50:10,0.275
11,140+,1767088511,2025-12-30T17:55:11,0.275
11,140+,1767088815,2025-12-30T18:00:15,0.275
11,140+,1767089127,2025-12-30T18:05:27,0.27
11,140+,1767089411,2025-12-30T18:10:11,0.27
11,140+,1767089711,2025-12-30T18:15:11,0.245
11,140+,1767090012,2025-12-30T18:20:12,0.245
11,140+,1767090322,2025-12-30T18:25:22,0.245
11,140+,1767090615,2025-12-30T18:30:15,0.25
11,140+,1767090913,2025-12-30T18:35:13,0.25
11,140+,1767091211,2025-12-30T18:40:11,0.25
11,140+,1767091511,2025-12-30T18:45:11,0.305
11,140+,1767091811,2025-12-30T18:50:11,0.305
11,140+,1767092111,2025-12-30T18:55:11,0.305
11,140+,1767092418,2025-12-30T19:00:18,0.305
11,140+,1767092725,2025-12-30T19:05:25,0.305
11,140+,1767093011,2025-12-30T19:10:11,0.305
11,140+,1767093311,2025-12-30T19:15:11,0.305
11,140+,1767093613,2025-12-30T19:20:13,0.305
11,140+,1767093911,2025-12-30T19:25:11,0.305
11,140+,1767094227,2025-12-30T19:30:27,0.305
11,140+,1767094512,2025-12-30T19:35:12,0.305
11,140+,1767094811,2025-12-30T19:40:11,0.305
11,140+,1767095113,2025-12-30T19:45:13,0.305
11,140+,1767095411,2025-12-30T19:50:11,0.305
11,140+,1767095711,2025-12-30T19:55:11,0.305
11,140+,1767096022,2025-12-30T20:00:22,0.305
11,140+,1767096311,2025-12-30T20:05:11,0.305
11,140+,1767096611,2025-12-30T20:10:11,0.3
11,140+,1767096911,2025-12-30T20:15:11,0.305
11,140+,1767097211,2025-12-30T20:20:11,0.305
11,140+,1767097513,2025-12-30T20:25:13,0.305
11,140+,1767097815,2025-12-30T20:30:15,0.305
11,140+,1767098111,2025-12-30T20:35:11,0.305
11,140+,1767098411,2025-12-30T20:40:11,0.305
11,140+,1767098711,2025-12-30T20:45:11,0.33
11,140+,1767099013,2025-12-30T20:50:13,0.32
11,140+,1767099311,2025-12-30T20:55:11,0.325
11,140+,1767099615,2025-12-30T21:00:15,0.325
11,140+,1767099911,2025-12-30T21:05:11,0.325
11,140+,1767100211,2025-12-30T21:10:11,0.32
11,140+,1767100514,2025-12-30T21:15:14,0.295
11,140+,1767100812,2025-12-30T21:20:12,0.31
11,140+,1767101123,2025-12-30T21:25:23,0.305
11,140+,1767101415,2025-12-30T21:30:15,0.305
11,140+,1767101711,2025-12-30T21:35:11,0.285
11,140+,1767102014,2025-12-30T21:40:14,0.285
11,140+,1767102312,2025-12-30T21:45:12,0.285
11,140+,1767102612,2025-12-30T21:50:12,0.28
11,140+,1767102912,2025-12-30T21:55:12,0.28
11,140+,1767103215,2025-12-30T22:00:15,0.28
11,140+,1767103528,2025-12-30T22:05:28,0.28
11,140+,1767103811,2025-12-30T22:10:11,0.28
11,140+,1767104111,2025-12-30T22:15:11,0.28
11,140+,1767104412,2025-12-30T22:20:12,0.28
11,140+,1767104714,2025-12-30T22:25:14,0.28
11,140+,1767105015,2025-12-30T22:30:15,0.28
11,140+,1767105312,2025-12-30T22:35:12,0.29
11,140+,1767105611,2025-12-30T22:40:11,0.28
11,140+,1767105911,2025-12-30T22:45:11,0.28
11,140+,1767106214,2025-12-30T22:50:14,0.28
11,140+,1767106511,2025-12-30T22:55:11,0.32
11,140+,1767106817,2025-12-30T23:00:17,0.32
11,140+,1767107114,2025-12-30T23:05:14,0.32
11,140+,1767107412,2025-12-30T23:10:12,0.32
11,140+,1767107711,2025-12-30T23:15:11,0.315
11,140+,1767108026,2025-12-30T23:20:26,0.315
11,140+,1767108311,2025-12-30T23:25:11,0.305
11,140+,1767108618,2025-12-30T23:30:18,0.295
11,140+,1767108924,2025-12-30T23:35:24,0.295
11,140+,1767109212,2025-12-30T23:40:12,0.305
11,140+,1767109511,2025-12-30T23:45:11,0.305
11,140+,1767109811,2025-12-30T23:50:11,0.31
11,140+,1767110114,2025-12-30T23:55:14,0.31
11,140+,1767110416,2025-12-31T00:00:16,0.31
11,140+,1767110711,2025-12-31T00:05:11,0.3
11,140+,1767111011,2025-12-31T00:10:11,0.3
11,140+,1767111311,2025-12-31T00:15:11,0.3
11,140+,1767111628,2025-12-31T00:20:28,0.3
11,140+,1767111913,2025-12-31T00:25:13,0.3
11,140+,1767112215,2025-12-31T00:30:15,0.3
11,140+,1767112511,2025-12-31T00:35:11,0.335
11,140+,1767112811,2025-12-31T00:40:11,0.34
11,140+,1767113112,2025-12-31T00:45:12,0.335
11,140+,1767113414,2025-12-31T00:50:14,0.35
11,140+,1767113711,2025-12-31T00:55:11,0.365
11,140+,1767114020,2025-12-31T01:00:20,0.365
11,140+,1767114311,2025-12-31T01:05:11,0.375
11,140+,1767114612,2025-12-31T01:10:12,0.375
11,140+,1767114914,2025-12-31T01:15:14,0.375
11,140+,1767115214,2025-12-31T01:20:14,0.375
11,140+,1767115512,2025-12-31T01:25:12,0.375
11,140+,1767115815,2025-12-31T01:30:15,0.375
11,140+,1767116112,2025-12-31T01:35:12,0.385
11,140+,1767116411,2025-12-31T01:40:11,0.385
11,140+,1767116714,2025-12-31T01:45:14,0.385
11,140+,1767117011,2025-12-31T01:50:11,0.385
11,140+,1767117312,2025-12-31T01:55:12,0.385
11,140+,1767117622,2025-12-31T02:00:22,0.385
11,140+,1767117912,2025-12-31T02:05:12,0.385
11,140+,1767118214,2025-12-31T02:10:14,0.385
11,140+,1767118511,2025-12-31T02:15:11,0.385
11,140+,1767118811,2025-12-31T02:20:11,0.385
11,140+,1767119114,2025-12-31T02:25:14,0.385
11,140+,1767119415,2025-12-31T02:30:15,0.385
11,140+,1767119711,2025-12-31T02:35:11,0.385
11,140+,1767120012,2025-12-31T02:40:12,0.385
11,140+,1767120312,2025-12-31T02:45:12,0.385
11,140+,1767120614,2025-12-31T02:50:14,0.385
11,140+,1767120911,2025-12-31T02:55:11,0.385
11,140+,1767121216,2025-12-31T03:00:16,0.385
11,140+,1767121512,2025-12-31T03:05:12,0.385
11,140+,1767121812,2025-12-31T03:10:12,0.385
11,140+,1767122115,2025-12-31T03:15:15,0.385
11,140+,1767122427,2025-12-31T03:20:27,0.385
11,140+,1767122712,2025-12-31T03:25:12,0.385
11,140+,1767123016,2025-12-31T03:30:16,0.385
11,140+,1767123316,2025-12-31T03:35:16,0.385
11,140+,1767123613,2025-12-31T03:40:13,0.385
11,140+,1767123912,2025-12-31T03:45:12,0.385
11,140+,1767124213,2025-12-31T03:50:13,0.385
11,140+,1767124512,2025-12-31T03:55:12,0.385
11,140+,1767124834,2025-12-31T04:00:34,0.39
11,140+,1767125112,2025-12-31T04:05:12,0.39
11,140+,1767125412,2025-12-31T04:10:12,0.39
11,140+,1767125712,2025-12-31T04:15:12,0.39
11,140+,1767126011,2025-12-31T04:20:11,0.39
11,140+,1767126312,2025-12-31T04:25:12,0.39
11,140+,1767126619,2025-12-31T04:30:19,0.39
11,140+,1767126912,2025-12-31T04:35:12,0.385
11,140+,1767127212,2025-12-31T04:40:12,0.385
11,140+,1767127515,2025-12-31T04:45:15,0.385
11,140+,1767127812,2025-12-31T04:50:12,0.385
11,140+,1767128111,2025-12-31T04:55:11,0.385
11,140+,1767128417,2025-12-31T05:00:17,0.38
11,140+,1767128712,2025-12-31T05:05:12,0.38
11,140+,1767129015,2025-12-31T05:10:15,0.385
11,140+,1767129311,2025-12-31T05:15:11,0.385
11,140+,1767129611,2025-12-31T05:20:11,0.385
11,140+,1767129912,2025-12-31T05:25:12,0.385
11,140+,1767130219,2025-12-31T05:30:19,0.385
11,140+,1767130512,2025-12-31T05:35:12,0.385
11,140+,1767130825,2025-12-31T05:40:25,0.385
11,140+,1767131112,2025-12-31T05:45:12,0.385
11,140+,1767131412,2025-12-31T05:50:12,0.385
11,140+,1767131715,2025-12-31T05:55:15,0.385
11,140+,1767132016,2025-12-31T06:00:16,0.385
11,140+,1767132312,2025-12-31T06:05:12,0.385
11,140+,1767132612,2025-12-31T06:10:12,0.385
11,140+,1767132911,2025-12-31T06:15:11,0.385
11,140+,1767133215,2025-12-31T06:20:15,0.385
11,140+,1767133528,2025-12-31T06:25:28,0.385
11,140+,1767133817,2025-12-31T06:30:17,0.385
11,140+,1767134126,2025-12-31T06:35:26,0.385
11,140+,1767134412,2025-12-31T06:40:12,0.385
11,140+,1767134712,2025-12-31T06:45:12,0.385
11,140+,1767135015,2025-12-31T06:50:15,0.385
11,140+,1767135312,2025-12-31T06:55:12,0.385
11,140+,1767135617,2025-12-31T07:00:17,0.385
11,140+,1767135912,2025-12-31T07:05:12,0.385
11,140+,1767136213,2025-12-31T07:10:13,0.385
11,140+,1767136515,2025-12-31T07:15:15,0.385
11,140+,1767136812,2025-12-31T07:20:12,0.385
11,140+,1767137115,2025-12-31T07:25:15,0.385
11,140+,1767137426,2025-12-31T07:30:26,0.385
11,140+,1767137712,2025-12-31T07:35:12,0.385
11,140+,1767138012,2025-12-31T07:40:12,0.385
11,140+,1767138311,2025-12-31T07:45:11,0.385
11,140+,1767138615,2025-12-31T07:50:15,0.385
11,140+,1767138911,2025-12-31T07:55:11,0.385
11,140+,1767139220,2025-12-31T08:00:20,0.385
11,140+,1767139512,2025-12-31T08:05:12,0.385
11,140+,1767139813,2025-12-31T08:10:13,0.385
11,140+,1767140115,2025-12-31T08:15:15,0.385
11,140+,1767140424,2025-12-31T08:20:24,0.385
11,140+,1767140711,2025-12-31T08:25:11,0.385
11,140+,1767141017,2025-12-31T08:30:17,0.385
11,140+,1767141312,2025-12-31T08:35:12,0.385
11,140+,1767141614,2025-12-31T08:40:14,0.385
11,140+,1767141914,2025-12-31T08:45:14,0.385
11,140+,1767142212,2025-12-31T08:50:12,0.385
11,140+,1767142511,2025-12-31T08:55:11,0.385
11,140+,1767142816,2025-12-31T09:00:16,0.385
11,140+,1767143112,2025-12-31T09:05:12,0.385
11,140+,1767143414,2025-12-31T09:10:14,0.385
11,140+,1767143713,2025-12-31T09:15:13,0.385
11,140+,1767144012,2025-12-31T09:20:12,0.385
11,140+,1767144311,2025-12-31T09:25:11,0.385
11,140+,1767144630,2025-12-31T09:30:30,0.385
11,140+,1767144915,2025-12-31T09:35:15,0.385
11,140+,1767145215,2025-12-31T09:40:15,0.385
11,140+,1767145512,2025-12-31T09:45:12,0.385
11,140+,1767145812,2025-12-31T09:50:12,0.385
11,140+,1767146112,2025-12-31T09:55:12,0.385
11,140+,1767146417,2025-12-31T10:00:17,0.385
11,140+,1767146715,2025-12-31T10:05:15,0.385
11,140+,1767147013,2025-12-31T10:10:13,0.385
11,140+,1767147312,2025-12-31T10:15:12,0.385
11,140+,1767147612,2025-12-31T10:20:12,0.385
11,140+,1767147914,2025-12-31T10:25:14,0.38
11,140+,1767148220,2025-12-31T10:30:20,0.385
11,140+,1767148512,2025-12-31T10:35:12,0.385
11,140+,1767148824,2025-12-31T10:40:24,0.385
11,140+,1767149112,2025-12-31T10:45:12,0.385
11,140+,1767149413,2025-12-31T10:50:13,0.385
11,140+,1767149715,2025-12-31T10:55:15,0.385
11,140+,1767150019,2025-12-31T11:00:19,0.385
11,140+,1767150323,2025-12-31T11:05:23,0.385
11,140+,1767150627,2025-12-31T11:10:27,0.385
11,140+,1767150912,2025-12-31T11:15:12,0.385
11,140+,1767151212,2025-12-31T11:20:12,0.385
11,140+,1767151526,2025-12-31T11:25:26,0.385
11,140+,1767151831,2025-12-31T11:30:31,0.385
11,140+,1767152126,2025-12-31T11:35:26,0.385
11,140+,1767152415,2025-12-31T11:40:15,0.385
11,140+,1767152712,2025-12-31T11:45:12,0.385
11,140+,1767153026,2025-12-31T11:50:26,0.385
11,140+,1767153311,2025-12-31T11:55:11,0.385
11,140+,1767153635,2025-12-31T12:00:35,0.385
11,140+,1767153912,2025-12-31T12:05:12,0.385
11,140+,1767154212,2025-12-31T12:10:12,0.385
11,140+,1767154511,2025-12-31T12:15:11,0.385
11,140+,1767154824,2025-12-31T12:20:24,0.385
11,140+,1767155111,2025-12-31T12:25:11,0.385
11,140+,1767155432,2025-12-31T12:30:32,0.385
11,140+,1767155712,2025-12-31T12:35:12,0.385
11,140+,1767156011,2025-12-31T12:40:11,0.385
11,140+,1767156313,2025-12-31T12:45:13,0.385
11,140+,1767156613,2025-12-31T12:50:13,0.385
11,140+,1767156911,2025-12-31T12:55:11,0.385
11,140+,1767157215,2025-12-31T13:00:15,0.35
11,140+,1767157511,2025-12-31T13:05:11,0.32
11,140+,1767157829,2025-12-31T13:10:29,0.32
11,140+,1767158111,2025-12-31T13:15:11,0.32
11,140+,1767158411,2025-12-31T13:20:11,0.32
11,140+,1767158711,2025-12-31T13:25:11,0.32
11,140+,1767159016,2025-12-31T13:30:16,0.32
11,140+,1767159311,2025-12-31T13:35:11,0.32
11,140+,1767159614,2025-12-31T13:40:14,0.32
11,140+,1767159911,2025-12-31T13:45:11,0.32
11,140+,1767160211,2025-12-31T13:50:11,0.32
11,140+,1767160511,2025-12-31T13:55:11,0.32
11,140+,1767160817,2025-12-31T14:00:17,0.32
11,140+,1767161128,2025-12-31T14:05:28,0.32
11,140+,1767161411,2025-12-31T14:10:11,0.32
11,140+,1767161711,2025-12-31T14:15:11,0.32
11,140+,1767162011,2025-12-31T14:20:11,0.32
11,140+,1767162311,2025-12-31T14:25:11,0.32
11,140+,1767162623,2025-12-31T14:30:23,0.32
11,140+,1767162929,2025-12-31T14:35:29,0.32
11,140+,1767163211,2025-12-31T14:40:11,0.32
11,140+,1767163511,2025-12-31T14:45:11,0.32
11,140+,1767163811,2025-12-31T14:50:11,0.32
11,140+,1767164111,2025-12-31T14:55:11,0.32
11,140+,1767164416,2025-12-31T15:00:16,0.32
11,140+,1767164715,2025-12-31T15:05:15,0.32
11,140+,1767165011,2025-12-31T15:10:11,0.32
11,140+,1767165311,2025-12-31T15:15:11,0.32
11,140+,1767165612,2025-12-31T15:20:12,0.32
11,140+,1767165911,2025-12-31T15:25:11,0.32
11,140+,1767166232,2025-12-31T15:30:32,0.31
11,140+,1767166511,2025-12-31T15:35:11,0.31
11,140+,1767166812,2025-12-31T15:40:12,0.31
11,140+,1767167111,2025-12-31T15:45:11,0.245
11,140+,1767167411,2025-12-31T15:50:11,0.325
11,140+,1767167711,2025-12-31T15:55:11,0.33
11,140+,1767168019,2025-12-31T16:00:19,0.31
11,140+,1767168311,2025-12-31T16:05:11,0.305
11,140+,1767168626,2025-12-31T16:10:26,0.315
11,140+,1767168912,2025-12-31T16:15:12,0.35
11,140+,1767169211,2025-12-31T16:20:11,0.34
11,140+,1767169515,2025-12-31T16:25:15,0.34
11,140+,1767169815,2025-12-31T16:30:15,0.355
11,140+,1767170111,2025-12-31T16:35:11,0.325
11,140+,1767170411,2025-12-31T16:40:11,0.335
11,140+,1767170711,2025-12-31T16:45:11,0.33
11,140+,1767171029,2025-12-31T16:50:29,0.32
11,140+,1767171312,2025-12-31T16:55:12,0.33
11,140+,1767171618,2025-12-31T17:00:18,0.33
11,140+,1767171912,2025-12-31T17:05:12,0.34
11,140+,1767172211,2025-12-31T17:10:11,0.345
11,140+,1767172514,2025-12-31T17:15:14,0.35
11,140+,1767172811,2025-12-31T17:20:11,0.36
11,140+,1767173111,2025-12-31T17:25:11,0.36
11,140+,1767173416,2025-12-31T17:30:16,0.36
11,140+,1767173711,2025-12-31T17:35:11,0.33
11,140+,1767174030,2025-12-31T17:40:30,0.33
11,140+,1767174311,2025-12-31T17:45:11,0.325
11,140+,1767174611,2025-12-31T17:50:11,0.325
11,140+,1767174914,2025-12-31T17:55:14,0.325
11,140+,1767175216,2025-12-31T18:00:16,0.32
11,140+,1767175511,2025-12-31T18:05:11,0.31
11,140+,1767175824,2025-12-31T18:10:24,0.31
11,140+,1767176111,2025-12-31T18:15:11,0.33
11,140+,1767176428,2025-12-31T18:20:28,0.355
11,140+,1767176711,2025-12-31T18:25:11,0.355
11,140+,1767177015,2025-12-31T18:30:15,0.355
11,140+,1767177311,2025-12-31T18:35:11,0.345
11,140+,1767177611,2025-12-31T18:40:11,0.345
11,140+,1767177911,2025-12-31T18:45:11,0.34
11,140+,1767178215,2025-12-31T18:50:15,0.35
11,140+,1767178511,2025-12-31T18:55:11,0.36
11,140+,1767178827,2025-12-31T19:00:27,0.355
11,140+,1767179111,2025-12-31T19:05:11,0.36
11,140+,1767179411,2025-12-31T19:10:11,0.37
11,140+,1767179714,2025-12-31T19:15:14,0.345
11,140+,1767180015,2025-12-31T19:20:15,0.35
11,140+,1767180312,2025-12-31T19:25:12,0.355
11,140+,1767180616,2025-12-31T19:30:16,0.355
11,140+,1767180911,2025-12-31T19:35:11,0.345
11,140+,1767181211,2025-12-31T19:40:11,0.34
11,140+,1767181515,2025-12-31T19:45:15,0.35
11,140+,1767181811,2025-12-31T19:50:11,0.355
11,140+,1767182111,2025-12-31T19:55:11,0.36
11,140+,1767182419,2025-12-31T20:00:19,0.355
11,140+,1767182711,2025-12-31T20:05:11,0.355
11,140+,1767183028,2025-12-31T20:10:28,0.345
11,140+,1767183311,2025-12-31T20:15:11,0.375
11,140+,1767183612,2025-12-31T20:20:12,0.385
11,140+,1767183911,2025-12-31T20:25:11,0.39
11,140+,1767184228,2025-12-31T20:30:28,0.375
11,140+,1767184511,2025-12-31T20:35:11,0.375
11,140+,1767184827,2025-12-31T20:40:27,0.37
11,140+,1767185111,2025-12-31T20:45:11,0.375
11,140+,1767185411,2025-12-31T20:50:11,0.38
11,140+,1767185711,2025-12-31T20:55:11,0.39
11,140+,1767186016,2025-12-31T21:00:16,0.375
11,140+,1767186312,2025-12-31T21:05:12,0.375
11,140+,1767186629,2025-12-31T21:10:29,0.385
11,140+,1767186912,2025-12-31T21:15:12,0.375
11,140+,1767187211,2025-12-31T21:20:11,0.33
11,140+,1767187511,2025-12-31T21:25:11,0.35
11,140+,1767187816,2025-12-31T21:30:16,0.375
11,140+,1767188114,2025-12-31T21:35:14,0.38
11,140+,1767188411,2025-12-31T21:40:11,0.375
11,140+,1767188724,2025-12-31T21:45:24,0.385
11,140+,1767189011,2025-12-31T21:50:11,0.39
11,140+,1767189312,2025-12-31T21:55:12,0.375
11,140+,1767189618,2025-12-31T22:00:18,0.385
11,140+,1767189915,2025-12-31T22:05:15,0.39
11,140+,1767190226,2025-12-31T22:10:26,0.37
11,140+,1767190511,2025-12-31T22:15:11,0.385
11,140+,1767190823,2025-12-31T22:20:23,0.375
11,140+,1767191112,2025-12-31T22:25:12,0.37
11,140+,1767191418,2025-12-31T22:30:18,0.37
11,140+,1767191712,2025-12-31T22:35:12,0.375
11,140+,1767192012,2025-12-31T22:40:12,0.37
11,140+,1767192311,2025-12-31T22:45:11,0.375
11,140+,1767192611,2025-12-31T22:50:11,0.385
11,140+,1767192927,2025-12-31T22:55:27,0.37
11,140+,1767193218,2025-12-31T23:00:18,0.365
11,140+,1767193512,2025-12-31T23:05:12,0.375
11,140+,1767193812,2025-12-31T23:10:12,0.375
11,140+,1767194112,2025-12-31T23:15:12,0.37
11,140+,1767194412,2025-12-31T23:20:12,0.37
11,140+,1767194714,2025-12-31T23:25:14,0.375
11,140+,1767195017,2025-12-31T23:30:17,0.375
11,140+,1767195325,2025-12-31T23:35:25,0.365
11,140+,1767195611,2025-12-31T23:40:11,0.365
11,140+,1767195925,2025-12-31T23:45:25,0.375
11,140+,1767196214,2025-12-31T23:50:14,0.37
11,140+,1767196514,2025-12-31T23:55:14,0.37
11,140+,1767196819,2026-01-01T00:00:19,0.37
11,140+,1767197112,2026-01-01T00:05:12,0.37
11,140+,1767197412,2026-01-01T00:10:12,0.37
11,140+,1767197725,2026-01-01T00:15:25,0.37
11,140+,1767198012,2026-01-01T00:20:12,0.37
11,140+,1767198315,2026-01-01T00:25:15,0.37
11,140+,1767198616,2026-01-01T00:30:16,0.37
11,140+,1767198912,2026-01-01T00:35:12,0.37
11,140+,1767199212,2026-01-01T00:40:12,0.37
11,140+,1767199512,2026-01-01T00:45:12,0.37
11,140+,1767199815,2026-01-01T00:50:15,0.37
11,140+,1767200112,2026-01-01T00:55:12,0.37
11,140+,1767200421,2026-01-01T01:00:21,0.37
11,140+,1767200712,2026-01-01T01:05:12,0.37
11,140+,1767201015,2026-01-01T01:10:15,0.37
11,140+,1767201312,2026-01-01T01:15:12,0.37
11,140+,1767201613,2026-01-01T01:20:13,0.37
11,140+,1767201912,2026-01-01T01:25:12,0.37
11,140+,1767202217,2026-01-01T01:30:17,0.37
11,140+,1767202529,2026-01-01T01:35:29,0.365
11,140+,1767202812,2026-01-01T01:40:12,0.365
11,140+,1767203115,2026-01-01T01:45:15,0.37
11,140+,1767203415,2026-01-01T01:50:15,0.37
11,140+,1767203712,2026-01-01T01:55:12,0.37
11,140+,1767204019,2026-01-01T02:00:19,0.37
11,140+,1767204312,2026-01-01T02:05:12,0.37
11,140+,1767204615,2026-01-01T02:10:15,0.37
11,140+,1767204912,2026-01-01T02:15:12,0.37
11,140+,1767205212,2026-01-01T02:20:12,0.37
11,140+,1767205512,2026-01-01T02:25:12,0.37
11,140+,1767205816,2026-01-01T02:30:16,0.37
11,140+,1767206115,2026-01-01T02:35:15,0.37
11,140+,1767206412,2026-01-01T02:40:12,0.34
11,140+,1767206712,2026-01-01T02:45:12,0.34
11,140+,1767207012,2026-01-01T02:50:12,0.34
11,140+,1767207312,2026-01-01T02:55:12,0.34
11,140+,1767207646,2026-01-01T03:00:46,0.34
11,140+,1767207912,2026-01-01T03:05:12,0.345
11,140+,1767208213,2026-01-01T03:10:13,0.34
11,140+,1767208512,2026-01-01T03:15:12,0.345
11,140+,1767208815,2026-01-01T03:20:15,0.34
11,140+,1767209112,2026-01-01T03:25:12,0.345
11,140+,1767209417,2026-01-01T03:30:17,0.34
11,140+,1767209712,2026-01-01T03:35:12,0.345
11,140+,1767210012,2026-01-01T03:40:12,0.345
11,140+,1767210315,2026-01-01T03:45:15,0.38
11,140+,1767210613,2026-01-01T03:50:13,0.38
11,140+,1767210912,2026-01-01T03:55:12,0.38
11,140+,1767211217,2026-01-01T04:00:17,0.39
11,140+,1767211512,2026-01-01T04:05:12,0.39
11,140+,1767211816,2026-01-01T04:10:16,0.37
11,140+,1767212112,2026-01-01T04:15:12,0.395
11,140+,1767212416,2026-01-01T04:20:16,0.395
11,140+,1767212725,2026-01-01T04:25:25,0.395
11,140+,1767213016,2026-01-01T04:30:16,0.395
11,140+,1767213312,2026-01-01T04:35:12,0.375
11,140+,1767213612,2026-01-01T04:40:12,0.37
11,140+,1767213930,2026-01-01T04:45:30,0.37
11,140+,1767214212,2026-01-01T04:50:12,0.37
11,140+,1767214512,2026-01-01T04:55:12,0.37
11,140+,1767214819,2026-01-01T05:00:19,0.37
11,140+,1767215112,2026-01-01T05:05:12,0.37
11,140+,1767215412,2026-01-01T05:10:12,0.37
11,140+,1767215716,2026-01-01T05:15:16,0.37
11,140+,1767216012,2026-01-01T05:20:12,0.375
11,140+,1767216312,2026-01-01T05:25:12,0.375
11,140+,1767216617,2026-01-01T05:30:17,0.375
11,140+,1767216912,2026-01-01T05:35:12,0.375
11,140+,1767217230,2026-01-01T05:40:30,0.375
11,140+,1767217512,2026-01-01T05:45:12,0.375
11,140+,1767217812,2026-01-01T05:50:12,0.38
11,140+,1767218112,2026-01-01T05:55:12,0.375
11,140+,1767218417,2026-01-01T06:00:17,0.38
11,140+,1767218712,2026-01-01T06:05:12,0.385
11,140+,1767219015,2026-01-01T06:10:15,0.39
11,140+,1767219327,2026-01-01T06:15:27,0.385
11,140+,1767219612,2026-01-01T06:20:12,0.385
11,140+,1767219912,2026-01-01T06:25:12,0.4
11,140+,1767220217,2026-01-01T06:30:17,0.365
11,140+,1767220540,2026-01-01T06:35:40,0.365
11,140+,1767220812,2026-01-01T06:40:12,0.365
11,140+,1767221112,2026-01-01T06:45:12,0.36
11,140+,1767221416,2026-01-01T06:50:16,0.355
11,140+,1767221712,2026-01-01T06:55:12,0.35
11,140+,1767222016,2026-01-01T07:00:16,0.375
11,140+,1767222324,2026-01-01T07:05:24,0.355
11,140+,1767222612,2026-01-01T07:10:12,0.365
11,140+,1767222915,2026-01-01T07:15:15,0.35
11,140+,1767223212,2026-01-01T07:20:12,0.365
11,140+,1767223512,2026-01-01T07:25:12,0.37
11,140+,1767223817,2026-01-01T07:30:17,0.375
11,140+,1767224111,2026-01-01T07:35:11,0.375
11,140+,1767224415,2026-01-01T07:40:15,0.37
11,140+,1767224712,2026-01-01T07:45:12,0.365
11,140+,1767225022,2026-01-01T07:50:22,0.355
11,140+,1767225311,2026-01-01T07:55:11,0.365
11,140+,1767225619,2026-01-01T08:00:19,0.355
11,140+,1767225911,2026-01-01T08:05:11,0.365
11,140+,1767226211,2026-01-01T08:10:11,0.375
11,140+,1767226511,2026-01-01T08:15:11,0.365
11,140+,1767226811,2026-01-01T08:20:11,0.365
11,140+,1767227111,2026-01-01T08:25:11,0.365
11,140+,1767227416,2026-01-01T08:30:16,0.365
11,140+,1767227711,2026-01-01T08:35:11,0.365
11,140+,1767228011,2026-01-01T08:40:11,0.515
11,140+,1767228311,2026-01-01T08:45:11,0.475
11,140+,1767228615,2026-01-01T08:50:15,0.475
11,140+,1767228911,2026-01-01T08:55:11,0.495
11,140+,1767229216,2026-01-01T09:00:16,0.495
11,140+,1767229511,2026-01-01T09:05:11,0.495
11,140+,1767229811,2026-01-01T09:10:11,0.495
11,140+,1767230111,2026-01-01T09:15:11,0.5
11,140+,1767230411,2026-01-01T09:20:11,0.5
11,140+,1767230711,2026-01-01T09:25:11,0.495
11,140+,1767231015,2026-01-01T09:30:15,0.475
11,140+,1767231311,2026-01-01T09:35:11,0.485
11,140+,1767231625,2026-01-01T09:40:25,0.485
11,140+,1767231911,2026-01-01T09:45:11,0.485
11,140+,1767232211,2026-01-01T09:50:11,0.485
11,140+,1767232511,2026-01-01T09:55:11,0.485
11,140+,1767232816,2026-01-01T10:00:16,0.485
11,140+,1767233112,2026-01-01T10:05:12,0.485
11,140+,1767233427,2026-01-01T10:10:27,0.485
11,140+,1767233711,2026-01-01T10:15:11,0.485
11,140+,1767234011,2026-01-01T10:20:11,0.485
11,140+,1767234312,2026-01-01T10:25:12,0.485
11,140+,1767234626,2026-01-01T10:30:26,0.485
11,140+,1767234911,2026-01-01T10:35:11,0.485
11,140+,1767235211,2026-01-01T10:40:11,0.485
11,140+,1767235511,2026-01-01T10:45:11,0.485
11,140+,1767235811,2026-01-01T10:50:11,0.485
11,140+,1767236111,2026-01-01T10:55:11,0.485
11,140+,1767236417,2026-01-01T11:00:17,0.485
11,140+,1767236711,2026-01-01T11:05:11,0.485
11,140+,1767237011,2026-01-01T11:10:11,0.485
11,140+,1767237311,2026-01-01T11:15:11,0.485
11,140+,1767237624,2026-01-01T11:20:24,0.49
11,140+,1767237912,2026-01-01T11:25:12,0.49
11,140+,1767238215,2026-01-01T11:30:15,0.49
11,140+,1767238524,2026-01-01T11:35:24,0.49
11,140+,1767238811,2026-01-01T11:40:11,0.49
11,140+,1767239124,2026-01-01T11:45:24,0.49
11,140+,1767239412,2026-01-01T11:50:12,0.49
11,140+,1767239711,2026-01-01T11:55:11,0.49
11,140+,1767240031,2026-01-01T12:00:31,0.485
11,140+,1767240311,2026-01-01T12:05:11,0.485
11,140+,1767240625,2026-01-01T12:10:25,0.485
11,140+,1767240911,2026-01-01T12:15:11,0.485
11,140+,1767241224,2026-01-01T12:20:24,0.485
11,140+,1767241511,2026-01-01T12:25:11,0.485
11,140+,1767241815,2026-01-01T12:30:15,0.485
11,140+,1767242111,2026-01-01T12:35:11,0.485
11,140+,1767242412,2026-01-01T12:40:12,0.485
11,140+,1767242711,2026-01-01T12:45:11,0.485
11,140+,1767243012,2026-01-01T12:50:12,0.485
11,140+,1767243311,2026-01-01T12:55:11,0.485
11,140+,1767243615,2026-01-01T13:00:15,0.485
11,140+,1767243912,2026-01-01T13:05:12,0.485
11,140+,1767244211,2026-01-01T13:10:11,0.485
11,140+,1767244511,2026-01-01T13:15:11,0.485
11,140+,1767244811,2026-01-01T13:20:11,0.485
11,140+,1767245111,2026-01-01T13:25:11,0.485
11,140+,1767245428,2026-01-01T13:30:28,0.485
11,140+,1767245711,2026-01-01T13:35:11,0.485
11,140+,1767246011,2026-01-01T13:40:11,0.485
11,140+,1767246311,2026-01-01T13:45:11,0.485
11,140+,1767246611,2026-01-01T13:50:11,0.485
11,140+,1767246912,2026-01-01T13:55:12,0.485
11,140+,1767247218,2026-01-01T14:00:18,0.485
11,140+,1767247511,2026-01-01T14:05:11,0.485
11,140+,1767247811,2026-01-01T14:10:11,0.485
11,140+,1767248112,2026-01-01T14:15:12,0.49
11,140+,1767248427,2026-01-01T14:20:27,0.49
11,140+,1767248711,2026-01-01T14:25:11,0.49
11,140+,1767249015,2026-01-01T14:30:15,0.49
11,140+,1767249327,2026-01-01T14:35:27,0.49
11,140+,1767249622,2026-01-01T14:40:22,0.49
11,140+,1767249911,2026-01-01T14:45:11,0.49
11,140+,1767250211,2026-01-01T14:50:11,0.49
11,140+,1767250511,2026-01-01T14:55:11,0.49
11,140+,1767250815,2026-01-01T15:00:15,0.49
11,140+,1767251112,2026-01-01T15:05:12,0.49
11,140+,1767251411,2026-01-01T15:10:11,0.49
11,140+,1767251711,2026-01-01T15:15:11,0.49
11,140+,1767252023,2026-01-01T15:20:23,0.49
11,140+,1767252311,2026-01-01T15:25:11,0.49
11,140+,1767252632,2026-01-01T15:30:32,0.49
11,140+,1767252911,2026-01-01T15:35:11,0.49
11,140+,1767253213,2026-01-01T15:40:13,0.49
11,140+,1767253511,2026-01-01T15:45:11,0.49
11,140+,1767253812,2026-01-01T15:50:12,0.49
11,140+,1767254112,2026-01-01T15:55:12,0.49
11,140+,1767254415,2026-01-01T16:00:15,0.49
11,140+,1767254710,2026-01-01T16:05:10,0.49
11,140+,1767255011,2026-01-01T16:10:11,0.49
11,140+,1767255311,2026-01-01T16:15:11,0.49
11,140+,1767255612,2026-01-01T16:20:12,0.48
11,140+,1767255911,2026-01-01T16:25:11,0.48
11,140+,1767256214,2026-01-01T16:30:14,0.48
11,140+,1767256510,2026-01-01T16:35:10,0.48
11,140+,1767256810,2026-01-01T16:40:10,0.475
11,140+,1767257126,2026-01-01T16:45:26,0.475
11,140+,1767257410,2026-01-01T16:50:10,0.475
11,140+,1767257712,2026-01-01T16:55:12,0.47
11,140+,1767258018,2026-01-01T17:00:18,0.475
11,140+,1767258310,2026-01-01T17:05:10,0.465
11,140+,1767258610,2026-01-01T17:10:10,0.47
11,140+,1767258910,2026-01-01T17:15:10,0.475
11,140+,1767259212,2026-01-01T17:20:12,0.47
11,140+,1767259510,2026-01-01T17:25:10,0.475
11,140+,1767259814,2026-01-01T17:30:14,0.475
11,140+,1767260110,2026-01-01T17:35:10,0.475
11,140+,1767260410,2026-01-01T17:40:10,0.475
11,140+,1767260725,2026-01-01T17:45:25,0.475
11,140+,1767261010,2026-01-01T17:50:10,0.47
11,140+,1767261310,2026-01-01T17:55:10,0.47
11,140+,1767261616,2026-01-01T18:00:16,0.47
11,140+,1767261910,2026-01-01T18:05:10,0.47
11,140+,1767262210,2026-01-01T18:10:10,0.47
11,140+,1767262510,2026-01-01T18:15:10,0.47
11,140+,1767262810,2026-01-01T18:20:10,0.47
11,140+,1767263111,2026-01-01T18:25:11,0.47
11,140+,1767263413,2026-01-01T18:30:13,0.47
11,140+,1767263710,2026-01-01T18:35:10,0.47
11,140+,1767264010,2026-01-01T18:40:10,0.475
11,140+,1767264324,2026-01-01T18:45:24,0.475
11,140+,1767264610,2026-01-01T18:50:10,0.475
11,140+,1767264910,2026-01-01T18:55:10,0.475
11,140+,1767265214,2026-01-01T19:00:14,0.465
11,140+,1767265510,2026-01-01T19:05:10,0.47
11,140+,1767265837,2026-01-01T19:10:37,0.47
11,140+,1767266110,2026-01-01T19:15:10,0.47
11,140+,1767266410,2026-01-01T19:20:10,0.47
11,140+,1767266724,2026-01-01T19:25:24,0.47
11,140+,1767267013,2026-01-01T19:30:13,0.47
11,140+,1767267310,2026-01-01T19:35:10,0.465
11,140+,1767267612,2026-01-01T19:40:12,0.465
11,140+,1767267910,2026-01-01T19:45:10,0.465
11,140+,1767268210,2026-01-01T19:50:10,0.465
11,140+,1767268525,2026-01-01T19:55:25,0.465
11,140+,1767268821,2026-01-01T20:00:21,0.465
11,140+,1767269110,2026-01-01T20:05:10,0.465
11,140+,1767269410,2026-01-01T20:10:10,0.465
11,140+,1767269725,2026-01-01T20:15:25,0.465
11,140+,1767270033,2026-01-01T20:20:33,0.465
11,140+,1767270312,2026-01-01T20:25:12,0.465
11,140+,1767270613,2026-01-01T20:30:13,0.465
11,140+,1767270921,2026-01-01T20:35:21,0.465
11,140+,1767271210,2026-01-01T20:40:10,0.465
11,140+,1767271510,2026-01-01T20:45:10,0.465
11,140+,1767271812,2026-01-01T20:50:12,0.465
11,140+,1767272110,2026-01-01T20:55:10,0.465
11,140+,1767272439,2026-01-01T21:00:39,0.465
11,140+,1767272710,2026-01-01T21:05:10,0.465
11,140+,1767273010,2026-01-01T21:10:10,0.465
11,140+,1767273310,2026-01-01T21:15:10,0.465
11,140+,1767273620,2026-01-01T21:20:20,0.465
11,140+,1767273910,2026-01-01T21:25:10,0.465
11,140+,1767274216,2026-01-01T21:30:16,0.465
11,140+,1767274524,2026-01-01T21:35:24,0.465
11,140+,1767274810,2026-01-01T21:40:10,0.465
11,140+,1767275111,2026-01-01T21:45:11,0.465
11,140+,1767275410,2026-01-01T21:50:10,0.465
11,140+,1767275713,2026-01-01T21:55:13,0.465
11,140+,1767276014,2026-01-01T22:00:14,0.465
11,140+,1767276310,2026-01-01T22:05:10,0.465
11,140+,1767276611,2026-01-01T22:10:11,0.47
11,140+,1767276925,2026-01-01T22:15:25,0.48
11,140+,1767277226,2026-01-01T22:20:26,0.475
11,140+,1767277512,2026-01-01T22:25:12,0.475
11,140+,1767277813,2026-01-01T22:30:13,0.475
11,140+,1767278112,2026-01-01T22:35:12,0.475
11,140+,1767278410,2026-01-01T22:40:10,0.475
11,140+,1767278710,2026-01-01T22:45:10,0.475
11,140+,1767279010,2026-01-01T22:50:10,0.475
11,140+,1767279310,2026-01-01T22:55:10,0.475
11,140+,1767279618,2026-01-01T23:00:18,0.475
11,140+,1767279910,2026-01-01T23:05:10,0.475
11,140+,1767280210,2026-01-01T23:10:10,0.475
11,140+,1767280510,2026-01-01T23:15:10,0.475
11,140+,1767280810,2026-01-01T23:20:10,0.46
11,140+,1767281112,2026-01-01T23:25:12,0.465
11,140+,1767281414,2026-01-01T23:30:14,0.465
11,140+,1767281710,2026-01-01T23:35:10,0.465
11,140+,1767282010,2026-01-01T23:40:10,0.46
11,140+,1767282310,2026-01-01T23:45:10,0.46
11,140+,1767282640,2026-01-01T23:50:40,0.46
11,140+,1767282910,2026-01-01T23:55:10,0.46
11,140+,1767283214,2026-01-02T00:00:14,0.46
11,140+,1767283510,2026-01-02T00:05:10,0.465
11,140+,1767283810,2026-01-02T00:10:10,0.46
11,140+,1767284111,2026-01-02T00:15:11,0.455
11,140+,1767284412,2026-01-02T00:20:12,0.455
11,140+,1767284710,2026-01-02T00:25:10,0.455
11,140+,1767285013,2026-01-02T00:30:13,0.455
11,140+,1767285310,2026-01-02T00:35:10,0.455
11,140+,1767285610,2026-01-02T00:40:10,0.455
11,140+,1767285913,2026-01-02T00:45:13,0.455
11,140+,1767286210,2026-01-02T00:50:10,0.455
11,140+,1767286510,2026-01-02T00:55:10,0.455
11,140+,1767286818,2026-01-02T01:00:18,0.455
11,140+,1767287124,2026-01-02T01:05:24,0.455
11,140+,1767287410,2026-01-02T01:10:10,0.455
11,140+,1767287710,2026-01-02T01:15:10,0.455
11,140+,1767288010,2026-01-02T01:20:10,0.455
11,140+,1767288325,2026-01-02T01:25:25,0.455
11,140+,1767288614,2026-01-02T01:30:14,0.455
11,140+,1767288913,2026-01-02T01:35:13,0.455
11,140+,1767289210,2026-01-02T01:40:10,0.455
11,140+,1767289510,2026-01-02T01:45:10,0.455
11,140+,1767289810,2026-01-02T01:50:10,0.455
11,140+,1767290113,2026-01-02T01:55:13,0.455
11,140+,1767290417,2026-01-02T02:00:17,0.455
11,140+,1767290710,2026-01-02T02:05:10,0.455
11,140+,1767291010,2026-01-02T02:10:10,0.455
11,140+,1767291310,2026-01-02T02:15:10,0.455
11,140+,1767291613,2026-01-02T02:20:13,0.45
11,140+,1767291911,2026-01-02T02:25:11,0.45
11,140+,1767292214,2026-01-02T02:30:14,0.45
11,140+,1767292510,2026-01-02T02:35:10,0.445
11,140+,1767292823,2026-01-02T02:40:23,0.445
11,140+,1767293126,2026-01-02T02:45:26,0.44
11,140+,1767293411,2026-01-02T02:50:11,0.44
11,140+,1767293710,2026-01-02T02:55:10,0.44
11,140+,1767294014,2026-01-02T03:00:14,0.41
11,140+,1767294313,2026-01-02T03:05:13,0.41
11,140+,1767294611,2026-01-02T03:10:11,0.435
11,140+,1767294910,2026-01-02T03:15:10,0.44
11,140+,1767295211,2026-01-02T03:20:11,0.435
11,140+,1767295510,2026-01-02T03:25:10,0.435
11,140+,1767295828,2026-01-02T03:30:28,0.435
11,140+,1767296110,2026-01-02T03:35:10,0.435
11,140+,1767296410,2026-01-02T03:40:10,0.435
11,140+,1767296710,2026-01-02T03:45:10,0.435
11,140+,1767297014,2026-01-02T03:50:14,0.425
11,140+,1767297321,2026-01-02T03:55:21,0.425
11,140+,1767297627,2026-01-02T04:00:27,0.35
11,140+,1767297910,2026-01-02T04:05:10,0.31
11,140+,1767298211,2026-01-02T04:10:11,0.315
11,140+,1767298513,2026-01-02T04:15:13,0.315
11,140+,1767298823,2026-01-02T04:20:23,0.315
11,140+,1767299110,2026-01-02T04:25:10,0.315
11,140+,1767299429,2026-01-02T04:30:29,0.315
11,140+,1767299723,2026-01-02T04:35:23,0.315
11,140+,1767300025,2026-01-02T04:40:25,0.315
11,140+,1767300311,2026-01-02T04:45:11,0.315
11,140+,1767300610,2026-01-02T04:50:10,0.315
11,140+,1767300911,2026-01-02T04:55:11,0.315
11,140+,1767301216,2026-01-02T05:00:16,0.31
11,140+,1767301510,2026-01-02T05:05:10,0.31
11,140+,1767301814,2026-01-02T05:10:14,0.305
11,140+,1767302110,2026-01-02T05:15:10,0.37
11,140+,1767302410,2026-01-02T05:20:10,0.37
11,140+,1767302710,2026-01-02T05:25:10,0.375
11,140+,1767303014,2026-01-02T05:30:14,0.41
11,140+,1767303313,2026-01-02T05:35:13,0.43
11,140+,1767303610,2026-01-02T05:40:10,0.45
11,140+,1767303910,2026-01-02T05:45:10,0.415
11,140+,1767304210,2026-01-02T05:50:10,0.43
11,140+,1767304510,2026-01-02T05:55:10,0.43
11,140+,1767304829,2026-01-02T06:00:29,0.435
11,140+,1767305110,2026-01-02T06:05:10,0.435
11,140+,1767305410,2026-01-02T06:10:10,0.435
11,140+,1767305710,2026-01-02T06:15:10,0.435
11,140+,1767306010,2026-01-02T06:20:10,0.435
11,140+,1767306310,2026-01-02T06:25:10,0.435
11,140+,1767306617,2026-01-02T06:30:17,0.435
11,140+,1767306910,2026-01-02T06:35:10,0.435
11,140+,1767307210,2026-01-02T06:40:10,0.435
11,140+,1767307510,2026-01-02T06:45:10,0.435
11,140+,1767307810,2026-01-02T06:50:10,0.435
11,140+,1767308113,2026-01-02T06:55:13,0.435
11,140+,1767308415,2026-01-02T07:00:15,0.435
11,140+,1767308725,2026-01-02T07:05:25,0.435
11,140+,1767309010,2026-01-02T07:10:10,0.435
11,140+,1767309310,2026-01-02T07:15:10,0.435
11,140+,1767309610,2026-01-02T07:20:10,0.435
11,140+,1767309910,2026-01-02T07:25:10,0.435
11,140+,1767310215,2026-01-02T07:30:15,0.435
11,140+,1767310524,2026-01-02T07:35:24,0.435
11,140+,1767310810,2026-01-02T07:40:10,0.435
11,140+,1767311113,2026-01-02T07:45:13,0.435
11,140+,1767311410,2026-01-02T07:50:10,0.435
11,140+,1767311711,2026-01-02T07:55:11,0.435
11,140+,1767312018,2026-01-02T08:00:18,0.435
11,140+,1767312310,2026-01-02T08:05:10,0.435
11,140+,1767312614,2026-01-02T08:10:14,0.435
11,140+,1767312910,2026-01-02T08:15:10,0.435
11,140+,1767313211,2026-01-02T08:20:11,0.435
11,140+,1767313512,2026-01-02T08:25:12,0.435
11,140+,1767313828,2026-01-02T08:30:28,0.435
11,140+,1767314110,2026-01-02T08:35:10,0.435
11,140+,1767314411,2026-01-02T08:40:11,0.435
11,140+,1767314711,2026-01-02T08:45:11,0.435
11,140+,1767315013,2026-01-02T08:50:13,0.435
11,140+,1767315310,2026-01-02T08:55:10,0.435
11,140+,1767315614,2026-01-02T09:00:14,0.435
11,140+,1767315910,2026-01-02T09:05:10,0.435
11,140+,1767316210,2026-01-02T09:10:10,0.435
11,140+,1767316513,2026-01-02T09:15:13,0.435
11,140+,1767316810,2026-01-02T09:20:10,0.435
11,140+,1767317110,2026-01-02T09:25:10,0.435
11,140+,1767317414,2026-01-02T09:30:14,0.435
11,140+,1767317710,2026-01-02T09:35:10,0.435
11,140+,1767318013,2026-01-02T09:40:13,0.435
11,140+,1767318310,2026-01-02T09:45:10,0.435
11,140+,1767318610,2026-01-02T09:50:10,0.435
11,140+,1767318911,2026-01-02T09:55:11,0.435
11,140+,1767319215,2026-01-02T10:00:15,0.435
11,140+,1767319524,2026-01-02T10:05:24,0.43
11,140+,1767319825,2026-01-02T10:10:25,0.43
11,140+,1767320113,2026-01-02T10:15:13,0.43
11,140+,1767320410,2026-01-02T10:20:10,0.43
11,140+,1767320711,2026-01-02T10:25:11,0.43
11,140+,1767321014,2026-01-02T10:30:14,0.42
11,140+,1767321326,2026-01-02T10:35:26,0.42
11,140+,1767321621,2026-01-02T10:40:21,0.42
11,140+,1767321910,2026-01-02T10:45:10,0.42
11,140+,1767322225,2026-01-02T10:50:25,0.42
11,140+,1767322510,2026-01-02T10:55:10,0.42
11,140+,1767322832,2026-01-02T11:00:32,0.42
11,140+,1767323110,2026-01-02T11:05:10,0.425
11,140+,1767323410,2026-01-02T11:10:10,0.425
11,140+,1767323710,2026-01-02T11:15:10,0.42
11,140+,1767324010,2026-01-02T11:20:10,0.42
11,140+,1767324310,2026-01-02T11:25:10,0.425
11,140+,1767324616,2026-01-02T11:30:16,0.415
11,140+,1767324911,2026-01-02T11:35:11,0.415
11,140+,1767325211,2026-01-02T11:40:11,0.415
11,140+,1767325525,2026-01-02T11:45:25,0.415
11,140+,1767325810,2026-01-02T11:50:10,0.415
11,140+,1767326110,2026-01-02T11:55:10,0.415
11,140+,1767326414,2026-01-02T12:00:14,0.42
11,140+,1767326710,2026-01-02T12:05:10,0.42
11,140+,1767327011,2026-01-02T12:10:11,0.42
11,140+,1767327313,2026-01-02T12:15:13,0.42
11,140+,1767327610,2026-01-02T12:20:10,0.42
11,140+,1767327910,2026-01-02T12:25:10,0.42
11,140+,1767328214,2026-01-02T12:30:14,0.42
11,140+,1767328510,2026-01-02T12:35:10,0.42
11,140+,1767328813,2026-01-02T12:40:13,0.42
11,140+,1767329110,2026-01-02T12:45:10,0.42
11,140+,1767329411,2026-01-02T12:50:11,0.42
11,140+,1767329711,2026-01-02T12:55:11,0.43
11,140+,1767330016,2026-01-02T13:00:16,0.43
11,140+,1767330313,2026-01-02T13:05:13,0.43
11,140+,1767330612,2026-01-02T13:10:12,0.43
11,140+,1767330910,2026-01-02T13:15:10,0.43
11,140+,1767331213,2026-01-02T13:20:13,0.43
11,140+,1767331525,2026-01-02T13:25:25,0.43
11,140+,1767331814,2026-01-02T13:30:14,0.43
11,140+,1767332111,2026-01-02T13:35:11,0.43
11,140+,1767332410,2026-01-02T13:40:10,0.43
11,140+,1767332736,2026-01-02T13:45:36,0.43
11,140+,1767333024,2026-01-02T13:50:24,0.43
11,140+,1767333322,2026-01-02T13:55:22,0.43
11,140+,1767333616,2026-01-02T14:00:16,0.44
11,140+,1767333910,2026-01-02T14:05:10,0.44
11,140+,1767334210,2026-01-02T14:10:10,0.44
11,140+,1767334511,2026-01-02T14:15:11,0.44
11,140+,1767334824,2026-01-02T14:20:24,0.44
11,140+,1767335118,2026-01-02T14:25:18,0.44
11,140+,1767335415,2026-01-02T14:30:15,0.44
11,140+,1767335711,2026-01-02T14:35:11,0.44
11,140+,1767336013,2026-01-02T14:40:13,0.44
11,140+,1767336310,2026-01-02T14:45:10,0.44
11,140+,1767336611,2026-01-02T14:50:11,0.44
11,140+,1767336910,2026-01-02T14:55:10,0.44
11,140+,1767337214,2026-01-02T15:00:14,0.445
11,140+,1767337514,2026-01-02T15:05:14,0.44
11,140+,1767337810,2026-01-02T15:10:10,0.445
11,140+,1767338110,2026-01-02T15:15:10,0.445
11,140+,1767338411,2026-01-02T15:20:11,0.445
11,140+,1767338710,2026-01-02T15:25:10,0.445
11,140+,1767339029,2026-01-02T15:30:29,0.445
11,140+,1767339310,2026-01-02T15:35:10,0.445
11,140+,1767339611,2026-01-02T15:40:11,0.445
11,140+,1767339910,2026-01-02T15:45:10,0.445
11,140+,1767340211,2026-01-02T15:50:11,0.445
11,140+,1767340510,2026-01-02T15:55:10,0.445
11,140+,1767340818,2026-01-02T16:00:18,0.445
11,140+,1767341110,2026-01-02T16:05:10,0.445
11,140+,1767341411,2026-01-02T16:10:11,0.445
11,140+,1767341713,2026-01-02T16:15:13,0.445
11,140+,1767342010,2026-01-02T16:20:10,0.445
11,140+,1767342310,2026-01-02T16:25:10,0.445
11,140+,1767342614,2026-01-02T16:30:14,0.445
11,140+,1767342910,2026-01-02T16:35:10,0.445
11,140+,1767343213,2026-01-02T16:40:13,0.445
11,140+,1767343510,2026-01-02T16:45:10,0.445
11,140+,1767343826,2026-01-02T16:50:26,0.445
11,140+,1767344110,2026-01-02T16:55:10,0.445
11,140+,1767344416,2026-01-02T17:00:16,0.445
11,140+,1767344714,2026-01-02T17:05:14,0.445
11,140+,1767345010,2026-01-02T17:10:10,0.445
11,140+,1767345311,2026-01-02T17:15:11,0.44
11,140+,1767345610,2026-01-02T17:20:10,0.435
11,140+,1767345910,2026-01-02T17:25:10,0.435
11,140+,1767346217,2026-01-02T17:30:17,0.41
11,140+,1767346510,2026-01-02T17:35:10,0.41
11,140+,1767346810,2026-01-02T17:40:10,0.41
11,140+,1767347117,2026-01-02T17:45:17,0.405
11,140+,1767347410,2026-01-02T17:50:10,0.41
11,140+,1767347710,2026-01-02T17:55:10,0.405
11,140+,1767348017,2026-01-02T18:00:17,0.405
11,140+,1767348321,2026-01-02T18:05:21,0.405
11,140+,1767348624,2026-01-02T18:10:24,0.405
11,140+,1767348910,2026-01-02T18:15:10,0.4
11,140+,1767349211,2026-01-02T18:20:11,0.4
11,140+,1767349513,2026-01-02T18:25:13,0.395
11,140+,1767349814,2026-01-02T18:30:14,0.395
11,140+,1767350124,2026-01-02T18:35:24,0.395
11,140+,1767350410,2026-01-02T18:40:10,0.395
11,140+,1767350710,2026-01-02T18:45:10,0.395
11,140+,1767351013,2026-01-02T18:50:13,0.39
11,140+,1767351310,2026-01-02T18:55:10,0.39
11,140+,1767351616,2026-01-02T19:00:16,0.39
11,140+,1767351910,2026-01-02T19:05:10,0.385
11,140+,1767352211,2026-01-02T19:10:11,0.39
11,140+,1767352513,2026-01-02T19:15:13,0.385
11,140+,1767352810,2026-01-02T19:20:10,0.38
11,140+,1767353123,2026-01-02T19:25:23,0.38
11,140+,1767353417,2026-01-02T19:30:17,0.38
11,140+,1767353711,2026-01-02T19:35:11,0.385
11,140+,1767354011,2026-01-02T19:40:11,0.385
11,140+,1767354310,2026-01-02T19:45:10,0.385
11,140+,1767354625,2026-01-02T19:50:25,0.385
11,140+,1767354911,2026-01-02T19:55:11,0.385
11,140+,1767355219,2026-01-02T20:00:19,0.38
11,140+,1767355510,2026-01-02T20:05:10,0.385
11,140+,1767355810,2026-01-02T20:10:10,0.385
11,140+,1767356113,2026-01-02T20:15:13,0.375
11,140+,1767356412,2026-01-02T20:20:12,0.365
11,140+,1767356710,2026-01-02T20:25:10,0.365
11,140+,1767357014,2026-01-02T20:30:14,0.34
11,140+,1767357310,2026-01-02T20:35:10,0.335
11,140+,1767357613,2026-01-02T20:40:13,0.325
11,140+,1767357923,2026-01-02T20:45:23,0.335
11,140+,1767358210,2026-01-02T20:50:10,0.34
11,140+,1767358510,2026-01-02T20:55:10,0.335
11,140+,1767358814,2026-01-02T21:00:14,0.335
11,140+,1767359113,2026-01-02T21:05:13,0.335
11,140+,1767359424,2026-01-02T21:10:24,0.4
11,140+,1767359711,2026-01-02T21:15:11,0.4
11,140+,1767360024,2026-01-02T21:20:24,0.39
11,140+,1767360321,2026-01-02T21:25:21,0.39
11,140+,1767360617,2026-01-02T21:30:17,0.35
11,140+,1767360921,2026-01-02T21:35:21,0.395
11,140+,1767361211,2026-01-02T21:40:11,0.375
11,140+,1767361511,2026-01-02T21:45:11,0.37
11,140+,1767361810,2026-01-02T21:50:10,0.39
11,140+,1767362127,2026-01-02T21:55:27,0.36
11,140+,1767362415,2026-01-02T22:00:15,0.405
11,140+,1767362711,2026-01-02T22:05:11,0.41
11,140+,1767363011,2026-01-02T22:10:11,0.41
11,140+,1767363323,2026-01-02T22:15:23,0.405
11,140+,1767363627,2026-01-02T22:20:27,0.405
11,140+,1767363911,2026-01-02T22:25:11,0.405
11,140+,1767364214,2026-01-02T22:30:14,0.415
11,140+,1767364510,2026-01-02T22:35:10,0.405
11,140+,1767364811,2026-01-02T22:40:11,0.41
11,140+,1767365127,2026-01-02T22:45:27,0.405
11,140+,1767365410,2026-01-02T22:50:10,0.395
11,140+,1767365710,2026-01-02T22:55:10,0.395
11,140+,1767366018,2026-01-02T23:00:18,0.395
11,140+,1767366311,2026-01-02T23:05:11,0.395
11,140+,1767366614,2026-01-02T23:10:14,0.395
11,140+,1767366911,2026-01-02T23:15:11,0.395
11,140+,1767367211,2026-01-02T23:20:11,0.395
11,140+,1767367511,2026-01-02T23:25:11,0.395
11,140+,1767367814,2026-01-02T23:30:14,0.395
11,140+,1767368136,2026-01-02T23:35:36,0.395
11,140+,1767368410,2026-01-02T23:40:10,0.395
11,140+,1767368710,2026-01-02T23:45:10,0.395
11,140+,1767369010,2026-01-02T23:50:10,0.395
11,140+,1767369310,2026-01-02T23:55:10,0.395
11,140+,1767369616,2026-01-03T00:00:16,0.395
11,140+,1767369913,2026-01-03T00:05:13,0.41
11,140+,1767370211,2026-01-03T00:10:11,0.4
11,140+,1767370511,2026-01-03T00:15:11,0.4
11,140+,1767370813,2026-01-03T00:20:13,0.36
11,140+,1767371111,2026-01-03T00:25:11,0.36
11,140+,1767371414,2026-01-03T00:30:14,0.35
11,140+,1767371711,2026-01-03T00:35:11,0.38
11,140+,1767372010,2026-01-03T00:40:10,0.385
11,140+,1767372314,2026-01-03T00:45:14,0.375
11,140+,1767372623,2026-01-03T00:50:23,0.395
11,140+,1767372910,2026-01-03T00:55:10,0.44
11,140+,1767373219,2026-01-03T01:00:19,0.435
11,140+,1767373511,2026-01-03T01:05:11,0.555
11,140+,1767373813,2026-01-03T01:10:13,0.655
11,140+,1767374111,2026-01-03T01:15:11,0.62
11,140+,1767374412,2026-01-03T01:20:12,0.665
11,140+,1767374712,2026-01-03T01:25:12,0.69
11,140+,1767375015,2026-01-03T01:30:15,0.735
11,140+,1767375326,2026-01-03T01:35:26,0.715
11,140+,1767375613,2026-01-03T01:40:13,0.735
11,140+,1767375912,2026-01-03T01:45:12,0.735
11,140+,1767376225,2026-01-03T01:50:25,0.72
11,140+,1767376511,2026-01-03T01:55:11,0.7
11,140+,1767376832,2026-01-03T02:00:32,0.685
11,140+,1767377113,2026-01-03T02:05:13,0.685
11,140+,1767377411,2026-01-03T02:10:11,0.675
11,140+,1767377725,2026-01-03T02:15:25,0.67
11,140+,1767378011,2026-01-03T02:20:11,0.675
11,140+,1767378311,2026-01-03T02:25:11,0.685
11,140+,1767378618,2026-01-03T02:30:18,0.7
11,140+,1767378926,2026-01-03T02:35:26,0.7
11,140+,1767379226,2026-01-03T02:40:26,0.73
11,140+,1767379511,2026-01-03T02:45:11,0.74
11,140+,1767379811,2026-01-03T02:50:11,0.735
11,140+,1767380113,2026-01-03T02:55:13,0.77
11,140+,1767380417,2026-01-03T03:00:17,0.785
11,140+,1767380711,2026-01-03T03:05:11,0.77
11,140+,1767381012,2026-01-03T03:10:12,0.765
11,140+,1767381310,2026-01-03T03:15:10,0.75
11,140+,1767381611,2026-01-03T03:20:11,0.755
11,140+,1767381914,2026-01-03T03:25:14,0.76
11,140+,1767382215,2026-01-03T03:30:15,0.765
11,140+,1767382510,2026-01-03T03:35:10,0.765
11,140+,1767382810,2026-01-03T03:40:10,0.765
11,140+,1767383111,2026-01-03T03:45:11,0.775
11,140+,1767383426,2026-01-03T03:50:26,0.78
11,140+,1767383710,2026-01-03T03:55:10,0.805
11,140+,1767384017,2026-01-03T04:00:17,0.825
11,140+,1767384311,2026-01-03T04:05:11,0.82
11,140+,1767384611,2026-01-03T04:10:11,0.82
11,140+,1767384914,2026-01-03T04:15:14,0.835
11,140+,1767385211,2026-01-03T04:20:11,0.825
11,140+,1767385511,2026-01-03T04:25:11,0.815
11,140+,1767385818,2026-01-03T04:30:18,0.825
11,140+,1767386111,2026-01-03T04:35:11,0.825
11,140+,1767386411,2026-01-03T04:40:11,0.795
11,140+,1767386723,2026-01-03T04:45:23,0.79
11,140+,1767387013,2026-01-03T04:50:13,0.79
11,140+,1767387311,2026-01-03T04:55:11,0.79
11,140+,1767387618,2026-01-03T05:00:18,0.785
11,140+,1767387927,2026-01-03T05:05:27,0.785
11,140+,1767388211,2026-01-03T05:10:11,0.795
11,140+,1767388511,2026-01-03T05:15:11,0.8
11,140+,1767388811,2026-01-03T05:20:11,0.805
11,140+,1767389111,2026-01-03T05:25:11,0.795
11,140+,1767389415,2026-01-03T05:30:15,0.795
11,140+,1767389725,2026-01-03T05:35:25,0.79
11,140+,1767390011,2026-01-03T05:40:11,0.81
11,140+,1767390311,2026-01-03T05:45:11,0.805
11,140+,1767390611,2026-01-03T05:50:11,0.805
11,140+,1767390911,2026-01-03T05:55:11,0.79
11,140+,1767391218,2026-01-03T06:00:18,0.79
11,140+,1767391511,2026-01-03T06:05:11,0.785
11,140+,1767391811,2026-01-03T06:10:11,0.79
11,140+,1767392111,2026-01-03T06:15:11,0.79
11,140+,1767392411,2026-01-03T06:20:11,0.79
11,140+,1767392714,2026-01-03T06:25:14,0.78
11,140+,1767393015,2026-01-03T06:30:15,0.765
11,140+,1767393311,2026-01-03T06:35:11,0.765
11,140+,1767393611,2026-01-03T06:40:11,0.76
11,140+,1767393911,2026-01-03T06:45:11,0.78
11,140+,1767394214,2026-01-03T06:50:14,0.78
11,140+,1767394511,2026-01-03T06:55:11,0.795
11,140+,1767394816,2026-01-03T07:00:16,0.78
11,140+,1767395111,2026-01-03T07:05:11,0.78
11,140+,1767395411,2026-01-03T07:10:11,0.77
11,140+,1767395738,2026-01-03T07:15:38,0.765
11,140+,1767396011,2026-01-03T07:20:11,0.785
11,140+,1767396312,2026-01-03T07:25:12,0.755
11,140+,1767396615,2026-01-03T07:30:15,0.755
11,140+,1767396911,2026-01-03T07:35:11,0.72
11,140+,1767397211,2026-01-03T07:40:11,0.685
11,140+,1767397514,2026-01-03T07:45:14,0.69
11,140+,1767397811,2026-01-03T07:50:11,0.69
11,140+,1767398111,2026-01-03T07:55:11,0.705
11,140+,1767398417,2026-01-03T08:00:17,0.74
11,140+,1767398710,2026-01-03T08:05:10,0.74
11,140+,1767399023,2026-01-03T08:10:23,0.735
11,140+,1767399311,2026-01-03T08:15:11,0.735
11,140+,1767399611,2026-01-03T08:20:11,0.735
11,140+,1767399910,2026-01-03T08:25:10,0.715
11,140+,1767400211,2026-01-03T08:30:11,0.75
11,140+,1767400511,2026-01-03T08:35:11,0.745
11,140+,1767400811,2026-01-03T08:40:11,0.79
11,140+,1767401111,2026-01-03T08:45:11,0.82
11,140+,1767401410,2026-01-03T08:50:10,0.825
11,140+,1767401711,2026-01-03T08:55:11,0.805
11,140+,1767402311,2026-01-03T09:05:11,0.785
11,140+,1767402611,2026-01-03T09:10:11,0.785
11,140+,1767402911,2026-01-03T09:15:11,0.785
11,140+,1767403211,2026-01-03T09:20:11,0.785
11,140+,1767403510,2026-01-03T09:25:10,0.765
11,140+,1767403811,2026-01-03T09:30:11,0.765
11,140+,1767404111,2026-01-03T09:35:11,0.775
11,140+,1767404411,2026-01-03T09:40:11,0.775
11,140+,1767404711,2026-01-03T09:45:11,0.77
11,140+,1767405026,2026-01-03T09:50:26,0.765
11,140+,1767405311,2026-01-03T09:55:11,0.765
11,140+,1767405612,2026-01-03T10:00:12,0.765
11,140+,1767405911,2026-01-03T10:05:11,0.765
11,140+,1767406211,2026-01-03T10:10:11,0.75
11,140+,1767406511,2026-01-03T10:15:11,0.72
11,140+,1767406810,2026-01-03T10:20:10,0.71
11,140+,1767407111,2026-01-03T10:25:11,0.695
11,140+,1767407412,2026-01-03T10:30:12,0.695
11,140+,1767407711,2026-01-03T10:35:11,0.685
11,140+,1767408025,2026-01-03T10:40:25,0.68
11,140+,1767408311,2026-01-03T10:45:11,0.68
11,140+,1767408611,2026-01-03T10:50:11,0.68
11,140+,1767408911,2026-01-03T10:55:11,0.675
11,140+,1767409215,2026-01-03T11:00:15,0.72
11,140+,1767409511,2026-01-03T11:05:11,0.72
11,140+,1767409825,2026-01-03T11:10:25,0.72
11,140+,1767410112,2026-01-03T11:15:12,0.74
11,140+,1767410424,2026-01-03T11:20:24,0.76
11,140+,1767410711,2026-01-03T11:25:11,0.76
11,140+,1767411012,2026-01-03T11:30:12,0.75
11,140+,1767411310,2026-01-03T11:35:10,0.72
11,140+,1767411611,2026-01-03T11:40:11,0.73
11,140+,1767411911,2026-01-03T11:45:11,0.755
11,140+,1767412212,2026-01-03T11:50:12,0.75
11,140+,1767412510,2026-01-03T11:55:10,0.785
11,140+,1767412819,2026-01-03T12:00:19,0.785
11,140+,1767413125,2026-01-03T12:05:25,0.81
11,140+,1767413411,2026-01-03T12:10:11,0.825
11,140+,1767413710,2026-01-03T12:15:10,0.815
11,140+,1767414011,2026-01-03T12:20:11,0.86
11,140+,1767414311,2026-01-03T12:25:11,0.875
11,140+,1767414613,2026-01-03T12:30:13,0.865
11,140+,1767414910,2026-01-03T12:35:10,0.885
11,140+,1767415211,2026-01-03T12:40:11,0.885
11,140+,1767415510,2026-01-03T12:45:10,0.875
11,140+,1767415811,2026-01-03T12:50:11,0.865
11,140+,1767416111,2026-01-03T12:55:11,0.86
11,140+,1767416425,2026-01-03T13:00:25,0.835
11,140+,1767416710,2026-01-03T13:05:10,0.875
11,140+,1767417011,2026-01-03T13:10:11,0.87
11,140+,1767417311,2026-01-03T13:15:11,0.87
11,140+,1767417612,2026-01-03T13:20:12,0.88
11,140+,1767417911,2026-01-03T13:25:11,0.87
11,140+,1767418213,2026-01-03T13:30:13,0.885
11,140+,1767418512,2026-01-03T13:35:12,0.875
11,140+,1767418811,2026-01-03T13:40:11,0.895
11,140+,1767419111,2026-01-03T13:45:11,0.89
11,140+,1767419411,2026-01-03T13:50:11,0.895
11,140+,1767419725,2026-01-03T13:55:25,0.89
11,140+,1767420031,2026-01-03T14:00:31,0.885
11,140+,1767420312,2026-01-03T14:05:12,0.885
11,140+,1767420611,2026-01-03T14:10:11,0.875
11,140+,1767420910,2026-01-03T14:15:10,0.88
11,140+,1767421211,2026-01-03T14:20:11,0.885
11,140+,1767421511,2026-01-03T14:25:11,0.9
11,140+,1767421813,2026-01-03T14:30:13,0.92
11,140+,1767422111,2026-01-03T14:35:11,0.925
11,140+,1767422412,2026-01-03T14:40:12,0.965
11,140+,1767422711,2026-01-03T14:45:11,0.9705
11,140+,1767423011,2026-01-03T14:50:11,0.973
11,140+,1767423312,2026-01-03T14:55:12,0.9945
11,140+,1767423613,2026-01-03T15:00:13,0.9995
11,140+,1767423912,2026-01-03T15:05:12,0.9995
11,140+,1767424211,2026-01-03T15:10:11,0.9995
11,140+,1767424518,2026-01-03T15:15:18,0.9995
11,140+,1767424812,2026-01-03T15:20:12,0.9995
11,140+,1767425112,2026-01-03T15:25:12,0.9995
11,140+,1767425413,2026-01-03T15:30:13,0.9995
11,140+,1767425711,2026-01-03T15:35:11,0.9995
11,140+,1767426028,2026-01-03T15:40:28,0.9995
11,140+,1767426311,2026-01-03T15:45:11,0.9995
11,140+,1767426612,2026-01-03T15:50:12,0.9995
11,140+,1767426912,2026-01-03T15:55:12,0.9995
11,140+,1767427212,2026-01-03T16:00:12,0.9995
11,140+,1767427513,2026-01-03T16:05:13,0.9995
11,140+,1767427824,2026-01-03T16:10:24,0.99
11,140+,1767428111,2026-01-03T16:15:11,0.9955
11,140+,1767428411,2026-01-03T16:20:11,0.9995
11,140+,1767428726,2026-01-03T16:25:26,0.997
11,140+,1767429028,2026-01-03T16:30:28,0.9995
11,140+,1767429311,2026-01-03T16:35:11,0.9995
11,140+,1767429611,2026-01-03T16:40:11,0.9995
11,140+,1767429913,2026-01-03T16:45:13,0.9995
11,140+,1767430211,2026-01-03T16:50:11,0.9995
11,140+,1767430511,2026-01-03T16:55:11,0.9995
11,140+,1767430828,2026-01-03T17:00:28,0.9995
11,140+,1767431111,2026-01-03T17:05:11,0.9995
11,140+,1767431413,2026-01-03T17:10:13,0.9995
11,140+,1767431711,2026-01-03T17:15:11,0.9995
11,140+,1767432011,2026-01-03T17:20:11,0.9995
11,140+,1767432311,2026-01-03T17:25:11,0.9995
11,140+,1767432612,2026-01-03T17:30:12,0.9995
11,140+,1767432927,2026-01-03T17:35:27,0.9995
11,140+,1767433212,2026-01-03T17:40:12,0.9995
11,140+,1767433512,2026-01-03T17:45:12,0.9995
11,140+,1767433811,2026-01-03T17:50:11,0.9995
11,140+,1767434111,2026-01-03T17:55:11,0.9995
11,140+,1767434413,2026-01-03T18:00:13,0.9995
11,140+,1767434713,2026-01-03T18:05:13,0.9995
11,140+,1767435011,2026-01-03T18:10:11,0.9995
11,140+,1767435311,2026-01-03T18:15:11,0.9995
11,140+,1767435611,2026-01-03T18:20:11,0.9995
11,140+,1767435911,2026-01-03T18:25:11,0.9995
11,140+,1767436227,2026-01-03T18:30:27,0.9995
11,140+,1767436511,2026-01-03T18:35:11,0.9995
11,140+,1767436811,2026-01-03T18:40:11,0.9995
11,140+,1767437111,2026-01-03T18:45:11,0.9995
11,140+,1767437411,2026-01-03T18:50:11,0.9995
11,140+,1767437722,2026-01-03T18:55:22,0.9995
11,140+,1767438014,2026-01-03T19:00:14,0.9995
11,140+,1767438311,2026-01-03T19:05:11,0.9995
11,140+,1767438611,2026-01-03T19:10:11,0.9995
11,140+,1767438911,2026-01-03T19:15:11,0.9995
11,140+,1767439211,2026-01-03T19:20:11,0.9995
11,140+,1767439524,2026-01-03T19:25:24,0.9995
11,140+,1767439812,2026-01-03T19:30:12,0.9995
11,140+,1767440111,2026-01-03T19:35:11,0.9995
11,140+,1767440410,2026-01-03T19:40:10,0.9995
11,140+,1767440711,2026-01-03T19:45:11,0.9995
11,140+,1767441013,2026-01-03T19:50:13,0.9995
11,140+,1767441311,2026-01-03T19:55:11,0.9995
11,140+,1767441619,2026-01-03T20:00:19,0.9995
11,140+,1767441911,2026-01-03T20:05:11,0.9995
11,140+,1767442224,2026-01-03T20:10:24,0.9995
11,140+,1767442514,2026-01-03T20:15:14,0.9995
11,140+,1767442811,2026-01-03T20:20:11,0.9995
11,140+,1767443112,2026-01-03T20:25:12,0.9995
11,140+,1767443414,2026-01-03T20:30:14,0.9995
11,140+,1767443721,2026-01-03T20:35:21,0.9995
11,140+,1767444039,2026-01-03T20:40:39,0.9995
11,140+,1767444311,2026-01-03T20:45:11,0.9995
11,140+,1767444611,2026-01-03T20:50:11,0.9995
11,140+,1767444911,2026-01-03T20:55:11,0.9995
11,140+,1767445213,2026-01-03T21:00:13,0.9995
11,140+,1767445511,2026-01-03T21:05:11,0.9995
11,140+,1767445814,2026-01-03T21:10:14,0.9995
11,140+,1767446111,2026-01-03T21:15:11,0.9995
11,140+,1767446426,2026-01-03T21:20:26,0.9995
11,140+,1767446711,2026-01-03T21:25:11,0.9995
11,140+,1767447012,2026-01-03T21:30:12,0.9995
11,140+,1767447312,2026-01-03T21:35:12,0.9995
