bin_index,outcome,timestamp,datetime,price
0,<40,1769448015,2026-01-27T01:20:15,0.04
0,<40,1769448314,2026-01-27T01:25:14,0.015
0,<40,1769448616,2026-01-27T01:30:16,0.0105
0,<40,1769448913,2026-01-27T01:35:13,0.0115
0,<40,1769449213,2026-01-27T01:40:13,0.0125
0,<40,1769449523,2026-01-27T01:45:23,0.0115
0,<40,1769449813,2026-01-27T01:50:13,0.011
0,<40,1769450113,2026-01-27T01:55:13,0.011
0,<40,1769450422,2026-01-27T02:00:22,0.011
0,<40,1769450713,2026-01-27T02:05:13,0.011
0,<40,1769451013,2026-01-27T02:10:13,0.011
0,<40,1769451315,2026-01-27T02:15:15,0.011
0,<40,1769451613,2026-01-27T02:20:13,0.011
0,<40,1769451915,2026-01-27T02:25:15,0.0105
0,<40,1769452216,2026-01-27T02:30:16,0.0105
0,<40,1769452513,2026-01-27T02:35:13,0.0105
0,<40,1769452824,2026-01-27T02:40:24,0.0105
0,<40,1769453113,2026-01-27T02:45:13,0.0105
0,<40,1769453414,2026-01-27T02:50:14,0.0095
0,<40,1769453713,2026-01-27T02:55:13,0.0095
0,<40,1769454016,2026-01-27T03:00:16,0.0095
0,<40,1769454313,2026-01-27T03:05:13,0.0095
0,<40,1769454615,2026-01-27T03:10:15,0.0095
0,<40,1769454914,2026-01-27T03:15:14,0.008
0,<40,1769455213,2026-01-27T03:20:13,0.008
0,<40,1769455513,2026-01-27T03:25:13,0.008
0,<40,1769455816,2026-01-27T03:30:16,0.008
0,<40,1769456116,2026-01-27T03:35:16,0.008
0,<40,1769456413,2026-01-27T03:40:13,0.008
0,<40,1769456714,2026-01-27T03:45:14,0.008
0,<40,1769457014,2026-01-27T03:50:14,0.0055
0,<40,1769457313,2026-01-27T03:55:13,0.0055
0,<40,1769457619,2026-01-27T04:00:19,0.0055
0,<40,1769457913,2026-01-27T04:05:13,0.0055
0,<40,1769458215,2026-01-27T04:10:15,0.0055
0,<40,1769458513,2026-01-27T04:15:13,0.0055
0,<40,1769458814,2026-01-27T04:20:14,0.0095
0,<40,1769459125,2026-01-27T04:25:25,0.0105
0,<40,1769459416,2026-01-27T04:30:16,0.0095
0,<40,1769459713,2026-01-27T04:35:13,0.0105
0,<40,1769460013,2026-01-27T04:40:13,0.0105
0,<40,1769460313,2026-01-27T04:45:13,0.0105
0,<40,1769460613,2026-01-27T04:50:13,0.0095
0,<40,1769460915,2026-01-27T04:55:15,0.0105
0,<40,1769461219,2026-01-27T05:00:19,0.0095
0,<40,1769461513,2026-01-27T05:05:13,0.0105
0,<40,1769461813,2026-01-27T05:10:13,0.009
0,<40,1769462114,2026-01-27T05:15:14,0.009
0,<40,1769462414,2026-01-27T05:20:14,0.01
0,<40,1769462715,2026-01-27T05:25:15,0.0095
0,<40,1769463016,2026-01-27T05:30:16,0.0095
0,<40,1769463314,2026-01-27T05:35:14,0.0095
0,<40,1769463614,2026-01-27T05:40:14,0.0095
0,<40,1769463913,2026-01-27T05:45:13,0.0095
0,<40,1769464216,2026-01-27T05:50:16,0.0095
0,<40,1769464516,2026-01-27T05:55:16,0.0095
0,<40,1769464816,2026-01-27T06:00:16,0.0095
0,<40,1769465114,2026-01-27T06:05:14,0.0095
0,<40,1769465414,2026-01-27T06:10:14,0.0095
0,<40,1769465713,2026-01-27T06:15:13,0.0095
0,<40,1769466025,2026-01-27T06:20:25,0.0095
0,<40,1769466315,2026-01-27T06:25:15,0.0095
0,<40,1769466616,2026-01-27T06:30:16,0.0095
0,<40,1769466913,2026-01-27T06:35:13,0.0095
0,<40,1769467214,2026-01-27T06:40:14,0.0095
0,<40,1769467514,2026-01-27T06:45:14,0.0095
0,<40,1769467816,2026-01-27T06:50:16,0.0095
0,<40,1769468115,2026-01-27T06:55:15,0.0095
0,<40,1769468417,2026-01-27T07:00:17,0.0095
0,<40,1769468713,2026-01-27T07:05:13,0.0095
0,<40,1769469014,2026-01-27T07:10:14,0.009
0,<40,1769469314,2026-01-27T07:15:14,0.009
0,<40,1769469616,2026-01-27T07:20:16,0.009
0,<40,1769469913,2026-01-27T07:25:13,0.0125
0,<40,1769470217,2026-01-27T07:30:17,0.0125
0,<40,1769470513,2026-01-27T07:35:13,0.0125
0,<40,1769470814,2026-01-27T07:40:14,0.0125
0,<40,1769471115,2026-01-27T07:45:15,0.0125
0,<40,1769471415,2026-01-27T07:50:15,0.01
0,<40,1769471713,2026-01-27T07:55:13,0.01
0,<40,1769472030,2026-01-27T08:00:30,0.01
0,<40,1769472313,2026-01-27T08:05:13,0.01
0,<40,1769472613,2026-01-27T08:10:13,0.01
0,<40,1769472913,2026-01-27T08:15:13,0.01
0,<40,1769473213,2026-01-27T08:20:13,0.01
0,<40,1769473512,2026-01-27T08:25:12,0.0105
0,<40,1769473813,2026-01-27T08:30:13,0.01
0,<40,1769474112,2026-01-27T08:35:12,0.01
0,<40,1769474414,2026-01-27T08:40:14,0.01
0,<40,1769474712,2026-01-27T08:45:12,0.01
0,<40,1769475013,2026-01-27T08:50:13,0.01
0,<40,1769475314,2026-01-27T08:55:14,0.01
0,<40,1769475614,2026-01-27T09:00:14,0.01
0,<40,1769475913,2026-01-27T09:05:13,0.01
0,<40,1769476214,2026-01-27T09:10:14,0.01
0,<40,1769476514,2026-01-27T09:15:14,0.01
0,<40,1769476814,2026-01-27T09:20:14,0.01
0,<40,1769477113,2026-01-27T09:25:13,0.008
0,<40,1769477415,2026-01-27T09:30:15,0.0075
0,<40,1769477713,2026-01-27T09:35:13,0.0075
0,<40,1769478013,2026-01-27T09:40:13,0.0075
0,<40,1769478312,2026-01-27T09:45:12,0.0075
0,<40,1769478613,2026-01-27T09:50:13,0.0075
0,<40,1769478912,2026-01-27T09:55:12,0.0075
0,<40,1769479213,2026-01-27T10:00:13,0.0075
0,<40,1769479514,2026-01-27T10:05:14,0.0075
0,<40,1769479813,2026-01-27T10:10:13,0.0075
0,<40,1769480112,2026-01-27T10:15:12,0.0075
0,<40,1769480413,2026-01-27T10:20:13,0.0075
0,<40,1769480714,2026-01-27T10:25:14,0.0075
0,<40,1769481014,2026-01-27T10:30:14,0.0075
0,<40,1769481312,2026-01-27T10:35:12,0.0075
0,<40,1769481613,2026-01-27T10:40:13,0.0075
0,<40,1769481912,2026-01-27T10:45:12,0.0075
0,<40,1769482213,2026-01-27T10:50:13,0.0075
0,<40,1769482519,2026-01-27T10:55:19,0.0075
0,<40,1769482822,2026-01-27T11:00:22,0.0075
0,<40,1769483112,2026-01-27T11:05:12,0.0075
0,<40,1769483413,2026-01-27T11:10:13,0.0075
0,<40,1769483714,2026-01-27T11:15:14,0.0075
0,<40,1769484014,2026-01-27T11:20:14,0.0075
0,<40,1769484313,2026-01-27T11:25:13,0.0075
0,<40,1769484616,2026-01-27T11:30:16,0.0075
0,<40,1769484915,2026-01-27T11:35:15,0.0075
0,<40,1769485214,2026-01-27T11:40:14,0.0075
0,<40,1769485513,2026-01-27T11:45:13,0.0075
0,<40,1769485813,2026-01-27T11:50:13,0.0075
0,<40,1769486112,2026-01-27T11:55:12,0.0075
0,<40,1769486415,2026-01-27T12:00:15,0.0075
0,<40,1769486713,2026-01-27T12:05:13,0.0075
0,<40,1769487013,2026-01-27T12:10:13,0.0075
0,<40,1769487314,2026-01-27T12:15:14,0.0075
0,<40,1769487615,2026-01-27T12:20:15,0.0075
0,<40,1769487913,2026-01-27T12:25:13,0.0075
0,<40,1769488213,2026-01-27T12:30:13,0.0075
0,<40,1769488513,2026-01-27T12:35:13,0.0075
0,<40,1769488814,2026-01-27T12:40:14,0.0075
0,<40,1769489113,2026-01-27T12:45:13,0.0075
0,<40,1769489415,2026-01-27T12:50:15,0.0075
0,<40,1769489713,2026-01-27T12:55:13,0.0075
0,<40,1769490014,2026-01-27T13:00:14,0.0075
0,<40,1769490324,2026-01-27T13:05:24,0.0075
0,<40,1769490613,2026-01-27T13:10:13,0.0075
0,<40,1769490913,2026-01-27T13:15:13,0.0075
0,<40,1769491212,2026-01-27T13:20:12,0.0075
0,<40,1769491514,2026-01-27T13:25:14,0.0075
0,<40,1769491814,2026-01-27T13:30:14,0.0075
0,<40,1769492112,2026-01-27T13:35:12,0.0075
0,<40,1769492413,2026-01-27T13:40:13,0.0075
0,<40,1769492712,2026-01-27T13:45:12,0.0075
0,<40,1769493014,2026-01-27T13:50:14,0.0075
0,<40,1769493313,2026-01-27T13:55:13,0.0075
0,<40,1769493615,2026-01-27T14:00:15,0.0075
0,<40,1769493913,2026-01-27T14:05:13,0.0075
0,<40,1769494213,2026-01-27T14:10:13,0.0075
0,<40,1769494523,2026-01-27T14:15:23,0.007
0,<40,1769494813,2026-01-27T14:20:13,0.0065
0,<40,1769495115,2026-01-27T14:25:15,0.0065
0,<40,1769495414,2026-01-27T14:30:14,0.008
0,<40,1769495723,2026-01-27T14:35:23,0.008
0,<40,1769496015,2026-01-27T14:40:15,0.008
0,<40,1769496312,2026-01-27T14:45:12,0.008
0,<40,1769496615,2026-01-27T14:50:15,0.008
0,<40,1769496914,2026-01-27T14:55:14,0.008
0,<40,1769497221,2026-01-27T15:00:21,0.008
0,<40,1769497514,2026-01-27T15:05:14,0.008
0,<40,1769497812,2026-01-27T15:10:12,0.008
0,<40,1769498113,2026-01-27T15:15:13,0.008
0,<40,1769498412,2026-01-27T15:20:12,0.008
0,<40,1769498713,2026-01-27T15:25:13,0.008
0,<40,1769499024,2026-01-27T15:30:24,0.008
0,<40,1769499313,2026-01-27T15:35:13,0.008
0,<40,1769499616,2026-01-27T15:40:16,0.008
0,<40,1769499913,2026-01-27T15:45:13,0.008
0,<40,1769500215,2026-01-27T15:50:15,0.008
0,<40,1769500513,2026-01-27T15:55:13,0.008
0,<40,1769500815,2026-01-27T16:00:15,0.008
0,<40,1769501114,2026-01-27T16:05:14,0.008
0,<40,1769501414,2026-01-27T16:10:14,0.0085
0,<40,1769501713,2026-01-27T16:15:13,0.0085
0,<40,1769502025,2026-01-27T16:20:25,0.0085
0,<40,1769502314,2026-01-27T16:25:14,0.0085
0,<40,1769502614,2026-01-27T16:30:14,0.0085
0,<40,1769502914,2026-01-27T16:35:14,0.0115
0,<40,1769503214,2026-01-27T16:40:14,0.0115
0,<40,1769503513,2026-01-27T16:45:13,0.0115
0,<40,1769503815,2026-01-27T16:50:15,0.0115
0,<40,1769504114,2026-01-27T16:55:14,0.0135
0,<40,1769504417,2026-01-27T17:00:17,0.0135
0,<40,1769504713,2026-01-27T17:05:13,0.0135
0,<40,1769505013,2026-01-27T17:10:13,0.0165
0,<40,1769505315,2026-01-27T17:15:15,0.0125
0,<40,1769505613,2026-01-27T17:20:13,0.014
0,<40,1769505915,2026-01-27T17:25:15,0.0195
0,<40,1769506213,2026-01-27T17:30:13,0.0185
0,<40,1769506514,2026-01-27T17:35:14,0.021
0,<40,1769506824,2026-01-27T17:40:24,0.0225
0,<40,1769507115,2026-01-27T17:45:15,0.024
0,<40,1769507414,2026-01-27T17:50:14,0.025
0,<40,1769507713,2026-01-27T17:55:13,0.0275
0,<40,1769508023,2026-01-27T18:00:23,0.025
0,<40,1769508313,2026-01-27T18:05:13,0.0215
0,<40,1769508630,2026-01-27T18:10:30,0.0215
0,<40,1769508913,2026-01-27T18:15:13,0.0215
0,<40,1769509214,2026-01-27T18:20:14,0.021
0,<40,1769509513,2026-01-27T18:25:13,0.026
0,<40,1769509813,2026-01-27T18:30:13,0.0265
0,<40,1769510113,2026-01-27T18:35:13,0.027
0,<40,1769510414,2026-01-27T18:40:14,0.0255
0,<40,1769510723,2026-01-27T18:45:23,0.024
0,<40,1769511013,2026-01-27T18:50:13,0.027
0,<40,1769511326,2026-01-27T18:55:26,0.0265
0,<40,1769511615,2026-01-27T19:00:15,0.028
0,<40,1769511913,2026-01-27T19:05:13,0.0275
0,<40,1769512239,2026-01-27T19:10:39,0.029
0,<40,1769512524,2026-01-27T19:15:24,0.032
0,<40,1769512814,2026-01-27T19:20:14,0.0305
0,<40,1769513113,2026-01-27T19:25:13,0.0305
0,<40,1769513414,2026-01-27T19:30:14,0.0245
0,<40,1769513726,2026-01-27T19:35:26,0.028
0,<40,1769514014,2026-01-27T19:40:14,0.0265
0,<40,1769514313,2026-01-27T19:45:13,0.023
0,<40,1769514613,2026-01-27T19:50:13,0.022
0,<40,1769514913,2026-01-27T19:55:13,0.021
0,<40,1769515219,2026-01-27T20:00:19,0.0195
0,<40,1769515538,2026-01-27T20:05:38,0.023
0,<40,1769515814,2026-01-27T20:10:14,0.0245
0,<40,1769516113,2026-01-27T20:15:13,0.0255
0,<40,1769516414,2026-01-27T20:20:14,0.026
0,<40,1769516714,2026-01-27T20:25:14,0.027
0,<40,1769517015,2026-01-27T20:30:15,0.0265
0,<40,1769517315,2026-01-27T20:35:15,0.0265
0,<40,1769517625,2026-01-27T20:40:25,0.0265
0,<40,1769517914,2026-01-27T20:45:14,0.0265
0,<40,1769518222,2026-01-27T20:50:22,0.0265
0,<40,1769518514,2026-01-27T20:55:14,0.022
0,<40,1769518828,2026-01-27T21:00:28,0.023
0,<40,1769519113,2026-01-27T21:05:13,0.0185
0,<40,1769519413,2026-01-27T21:10:13,0.0185
0,<40,1769519715,2026-01-27T21:15:15,0.02
0,<40,1769520015,2026-01-27T21:20:15,0.0155
0,<40,1769520314,2026-01-27T21:25:14,0.0145
0,<40,1769520614,2026-01-27T21:30:14,0.0085
0,<40,1769520913,2026-01-27T21:35:13,0.0085
0,<40,1769521213,2026-01-27T21:40:13,0.0085
0,<40,1769521516,2026-01-27T21:45:16,0.0085
0,<40,1769521815,2026-01-27T21:50:15,0.0085
0,<40,1769522114,2026-01-27T21:55:14,0.0085
0,<40,1769522415,2026-01-27T22:00:15,0.0085
0,<40,1769522714,2026-01-27T22:05:14,0.0085
0,<40,1769523013,2026-01-27T22:10:13,0.0085
0,<40,1769523315,2026-01-27T22:15:15,0.0085
0,<40,1769523614,2026-01-27T22:20:14,0.013
0,<40,1769523914,2026-01-27T22:25:14,0.013
0,<40,1769524214,2026-01-27T22:30:14,0.0125
0,<40,1769524514,2026-01-27T22:35:14,0.013
0,<40,1769524816,2026-01-27T22:40:16,0.013
0,<40,1769525114,2026-01-27T22:45:14,0.013
0,<40,1769525414,2026-01-27T22:50:14,0.013
0,<40,1769525714,2026-01-27T22:55:14,0.0135
0,<40,1769526016,2026-01-27T23:00:16,0.0135
0,<40,1769526324,2026-01-27T23:05:24,0.013
0,<40,1769526615,2026-01-27T23:10:15,0.012
0,<40,1769526913,2026-01-27T23:15:13,0.0125
0,<40,1769527213,2026-01-27T23:20:13,0.0125
0,<40,1769527514,2026-01-27T23:25:14,0.0125
0,<40,1769527815,2026-01-27T23:30:15,0.013
0,<40,1769528123,2026-01-27T23:35:23,0.013
0,<40,1769528415,2026-01-27T23:40:15,0.013
0,<40,1769528713,2026-01-27T23:45:13,0.013
0,<40,1769529013,2026-01-27T23:50:13,0.012
0,<40,1769529313,2026-01-27T23:55:13,0.011
0,<40,1769529614,2026-01-28T00:00:14,0.011
0,<40,1769529916,2026-01-28T00:05:16,0.0105
0,<40,1769530213,2026-01-28T00:10:13,0.0115
0,<40,1769530513,2026-01-28T00:15:13,0.0115
0,<40,1769530813,2026-01-28T00:20:13,0.0115
0,<40,1769531115,2026-01-28T00:25:15,0.0115
0,<40,1769531414,2026-01-28T00:30:14,0.0115
0,<40,1769531712,2026-01-28T00:35:12,0.012
0,<40,1769532013,2026-01-28T00:40:13,0.012
0,<40,1769532313,2026-01-28T00:45:13,0.012
0,<40,1769532615,2026-01-28T00:50:15,0.012
0,<40,1769532913,2026-01-28T00:55:13,0.0135
0,<40,1769533215,2026-01-28T01:00:15,0.0135
0,<40,1769533515,2026-01-28T01:05:15,0.012
0,<40,1769533814,2026-01-28T01:10:14,0.013
0,<40,1769534113,2026-01-28T01:15:13,0.0125
0,<40,1769534414,2026-01-28T01:20:14,0.012
0,<40,1769534715,2026-01-28T01:25:15,0.012
0,<40,1769535025,2026-01-28T01:30:25,0.012
0,<40,1769535314,2026-01-28T01:35:14,0.0125
0,<40,1769535614,2026-01-28T01:40:14,0.011
0,<40,1769535913,2026-01-28T01:45:13,0.0125
0,<40,1769536215,2026-01-28T01:50:15,0.012
0,<40,1769536513,2026-01-28T01:55:13,0.0125
0,<40,1769536816,2026-01-28T02:00:16,0.0125
0,<40,1769537113,2026-01-28T02:05:13,0.0145
0,<40,1769537414,2026-01-28T02:10:14,0.0145
0,<40,1769537716,2026-01-28T02:15:16,0.015
0,<40,1769538014,2026-01-28T02:20:14,0.016
0,<40,1769538314,2026-01-28T02:25:14,0.015
0,<40,1769538615,2026-01-28T02:30:15,0.015
0,<40,1769538913,2026-01-28T02:35:13,0.0145
0,<40,1769539224,2026-01-28T02:40:24,0.012
0,<40,1769539513,2026-01-28T02:45:13,0.011
0,<40,1769539814,2026-01-28T02:50:14,0.0115
0,<40,1769540113,2026-01-28T02:55:13,0.0115
0,<40,1769540416,2026-01-28T03:00:16,0.011
0,<40,1769540716,2026-01-28T03:05:16,0.011
0,<40,1769541015,2026-01-28T03:10:15,0.0125
0,<40,1769541314,2026-01-28T03:15:14,0.0125
0,<40,1769541613,2026-01-28T03:20:13,0.0105
0,<40,1769541914,2026-01-28T03:25:14,0.0105
0,<40,1769542217,2026-01-28T03:30:17,0.011
0,<40,1769542514,2026-01-28T03:35:14,0.0105
0,<40,1769542814,2026-01-28T03:40:14,0.0105
0,<40,1769543114,2026-01-28T03:45:14,0.0105
0,<40,1769543413,2026-01-28T03:50:13,0.0105
0,<40,1769543716,2026-01-28T03:55:16,0.0105
0,<40,1769544014,2026-01-28T04:00:14,0.011
0,<40,1769544323,2026-01-28T04:05:23,0.012
0,<40,1769544614,2026-01-28T04:10:14,0.013
0,<40,1769544914,2026-01-28T04:15:14,0.013
0,<40,1769545213,2026-01-28T04:20:13,0.014
0,<40,1769545513,2026-01-28T04:25:13,0.014
0,<40,1769545815,2026-01-28T04:30:15,0.014
0,<40,1769546115,2026-01-28T04:35:15,0.014
0,<40,1769546413,2026-01-28T04:40:13,0.015
0,<40,1769546713,2026-01-28T04:45:13,0.015
0,<40,1769547015,2026-01-28T04:50:15,0.015
0,<40,1769547313,2026-01-28T04:55:13,0.015
0,<40,1769547616,2026-01-28T05:00:16,0.015
0,<40,1769547913,2026-01-28T05:05:13,0.015
0,<40,1769548213,2026-01-28T05:10:13,0.015
0,<40,1769548515,2026-01-28T05:15:15,0.015
0,<40,1769548813,2026-01-28T05:20:13,0.015
0,<40,1769549113,2026-01-28T05:25:13,0.015
0,<40,1769549414,2026-01-28T05:30:14,0.015
0,<40,1769549714,2026-01-28T05:35:14,0.015
0,<40,1769550015,2026-01-28T05:40:15,0.014
0,<40,1769550313,2026-01-28T05:45:13,0.014
0,<40,1769550615,2026-01-28T05:50:15,0.014
0,<40,1769550914,2026-01-28T05:55:14,0.015
0,<40,1769551214,2026-01-28T06:00:14,0.0145
0,<40,1769551513,2026-01-28T06:05:13,0.0145
0,<40,1769551813,2026-01-28T06:10:13,0.0145
0,<40,1769552116,2026-01-28T06:15:16,0.0145
0,<40,1769552413,2026-01-28T06:20:13,0.0155
0,<40,1769552713,2026-01-28T06:25:13,0.016
0,<40,1769553015,2026-01-28T06:30:15,0.016
0,<40,1769553313,2026-01-28T06:35:13,0.0165
0,<40,1769553624,2026-01-28T06:40:24,0.0165
0,<40,1769553914,2026-01-28T06:45:14,0.0165
0,<40,1769554213,2026-01-28T06:50:13,0.0175
0,<40,1769554513,2026-01-28T06:55:13,0.0175
0,<40,1769554816,2026-01-28T07:00:16,0.0175
0,<40,1769555113,2026-01-28T07:05:13,0.0175
0,<40,1769555415,2026-01-28T07:10:15,0.018
0,<40,1769555715,2026-01-28T07:15:15,0.018
0,<40,1769556013,2026-01-28T07:20:13,0.018
0,<40,1769556314,2026-01-28T07:25:14,0.037
0,<40,1769556615,2026-01-28T07:30:15,0.037
0,<40,1769556913,2026-01-28T07:35:13,0.037
0,<40,1769557216,2026-01-28T07:40:16,0.037
0,<40,1769557513,2026-01-28T07:45:13,0.037
0,<40,1769557813,2026-01-28T07:50:13,0.031
0,<40,1769558114,2026-01-28T07:55:14,0.031
0,<40,1769558420,2026-01-28T08:00:20,0.037
0,<40,1769558721,2026-01-28T08:05:21,0.028
0,<40,1769559016,2026-01-28T08:10:16,0.027
0,<40,1769559313,2026-01-28T08:15:13,0.0265
0,<40,1769559613,2026-01-28T08:20:13,0.0235
0,<40,1769559914,2026-01-28T08:25:14,0.0265
0,<40,1769560214,2026-01-28T08:30:14,0.027
0,<40,1769560515,2026-01-28T08:35:15,0.0265
0,<40,1769560813,2026-01-28T08:40:13,0.0245
0,<40,1769561113,2026-01-28T08:45:13,0.0245
0,<40,1769561413,2026-01-28T08:50:13,0.025
0,<40,1769561713,2026-01-28T08:55:13,0.024
0,<40,1769562022,2026-01-28T09:00:22,0.025
0,<40,1769562313,2026-01-28T09:05:13,0.0245
0,<40,1769562615,2026-01-28T09:10:15,0.023
0,<40,1769562921,2026-01-28T09:15:21,0.019
0,<40,1769563214,2026-01-28T09:20:14,0.019
0,<40,1769563514,2026-01-28T09:25:14,0.019
0,<40,1769563814,2026-01-28T09:30:14,0.019
0,<40,1769564113,2026-01-28T09:35:13,0.019
0,<40,1769564414,2026-01-28T09:40:14,0.0135
0,<40,1769564715,2026-01-28T09:45:15,0.012
0,<40,1769565013,2026-01-28T09:50:13,0.012
0,<40,1769565314,2026-01-28T09:55:14,0.011
0,<40,1769565617,2026-01-28T10:00:17,0.011
0,<40,1769565914,2026-01-28T10:05:14,0.011
0,<40,1769566214,2026-01-28T10:10:14,0.011
0,<40,1769566514,2026-01-28T10:15:14,0.011
0,<40,1769566814,2026-01-28T10:20:14,0.011
0,<40,1769567116,2026-01-28T10:25:16,0.011
0,<40,1769567415,2026-01-28T10:30:15,0.011
0,<40,1769567715,2026-01-28T10:35:15,0.011
0,<40,1769568013,2026-01-28T10:40:13,0.0105
0,<40,1769568314,2026-01-28T10:45:14,0.0105
0,<40,1769568615,2026-01-28T10:50:15,0.0105
0,<40,1769568914,2026-01-28T10:55:14,0.0105
0,<40,1769569217,2026-01-28T11:00:17,0.0105
0,<40,1769569513,2026-01-28T11:05:13,0.0105
0,<40,1769569814,2026-01-28T11:10:14,0.0105
0,<40,1769570114,2026-01-28T11:15:14,0.0105
0,<40,1769570410,2026-01-28T11:20:10,0.0105
0,<40,1769570431,2026-01-28T11:20:31,0.0105
0,<40,1769570715,2026-01-28T11:25:15,0.0105
0,<40,1769571015,2026-01-28T11:30:15,0.0105
0,<40,1769571313,2026-01-28T11:35:13,0.0105
0,<40,1769571614,2026-01-28T11:40:14,0.0105
0,<40,1769571914,2026-01-28T11:45:14,0.0105
0,<40,1769572216,2026-01-28T11:50:16,0.0105
0,<40,1769572513,2026-01-28T11:55:13,0.0105
0,<40,1769572826,2026-01-28T12:00:26,0.0105
0,<40,1769573114,2026-01-28T12:05:14,0.0105
0,<40,1769573414,2026-01-28T12:10:14,0.0105
0,<40,1769573713,2026-01-28T12:15:13,0.0105
0,<40,1769574013,2026-01-28T12:20:13,0.0105
0,<40,1769574314,2026-01-28T12:25:14,0.0105
0,<40,1769574616,2026-01-28T12:30:16,0.0105
0,<40,1769574912,2026-01-28T12:35:12,0.0105
0,<40,1769575213,2026-01-28T12:40:13,0.0105
0,<40,1769575514,2026-01-28T12:45:14,0.0105
0,<40,1769575815,2026-01-28T12:50:15,0.0105
0,<40,1769576114,2026-01-28T12:55:14,0.0105
0,<40,1769576415,2026-01-28T13:00:15,0.011
0,<40,1769576713,2026-01-28T13:05:13,0.011
0,<40,1769577013,2026-01-28T13:10:13,0.0115
0,<40,1769577316,2026-01-28T13:15:16,0.0115
0,<40,1769577623,2026-01-28T13:20:23,0.0115
0,<40,1769577913,2026-01-28T13:25:13,0.0115
0,<40,1769578214,2026-01-28T13:30:14,0.011
0,<40,1769578513,2026-01-28T13:35:13,0.011
0,<40,1769578813,2026-01-28T13:40:13,0.011
0,<40,1769579127,2026-01-28T13:45:27,0.011
0,<40,1769579415,2026-01-28T13:50:15,0.0105
0,<40,1769579714,2026-01-28T13:55:14,0.0105
0,<40,1769580016,2026-01-28T14:00:16,0.0105
0,<40,1769580313,2026-01-28T14:05:13,0.0095
0,<40,1769580614,2026-01-28T14:10:14,0.0095
0,<40,1769580915,2026-01-28T14:15:15,0.009
0,<40,1769581215,2026-01-28T14:20:15,0.007
0,<40,1769581514,2026-01-28T14:25:14,0.006
0,<40,1769581817,2026-01-28T14:30:17,0.005
0,<40,1769582125,2026-01-28T14:35:25,0.0055
0,<40,1769582414,2026-01-28T14:40:14,0.0045
0,<40,1769582716,2026-01-28T14:45:16,0.004
0,<40,1769583013,2026-01-28T14:50:13,0.0035
0,<40,1769583313,2026-01-28T14:55:13,0.0035
0,<40,1769583616,2026-01-28T15:00:16,0.0035
0,<40,1769583913,2026-01-28T15:05:13,0.0035
0,<40,1769584216,2026-01-28T15:10:16,0.0035
0,<40,1769584513,2026-01-28T15:15:13,0.0035
0,<40,1769584814,2026-01-28T15:20:14,0.0035
0,<40,1769585114,2026-01-28T15:25:14,0.0035
0,<40,1769585416,2026-01-28T15:30:16,0.0035
0,<40,1769585723,2026-01-28T15:35:23,0.0035
0,<40,1769586016,2026-01-28T15:40:16,0.0035
0,<40,1769586313,2026-01-28T15:45:13,0.0035
0,<40,1769586614,2026-01-28T15:50:14,0.0045
0,<40,1769586913,2026-01-28T15:55:13,0.0045
0,<40,1769587215,2026-01-28T16:00:15,0.0045
0,<40,1769587515,2026-01-28T16:05:15,0.0045
0,<40,1769587815,2026-01-28T16:10:15,0.0045
0,<40,1769588113,2026-01-28T16:15:13,0.0045
0,<40,1769588413,2026-01-28T16:20:13,0.0045
0,<40,1769588714,2026-01-28T16:25:14,0.0045
0,<40,1769589024,2026-01-28T16:30:24,0.0045
0,<40,1769589313,2026-01-28T16:35:13,0.0045
0,<40,1769589614,2026-01-28T16:40:14,0.0045
0,<40,1769589914,2026-01-28T16:45:14,0.0045
0,<40,1769590212,2026-01-28T16:50:12,0.0045
0,<40,1769590513,2026-01-28T16:55:13,0.0045
0,<40,1769590819,2026-01-28T17:00:19,0.0065
0,<40,1769591113,2026-01-28T17:05:13,0.0065
0,<40,1769591415,2026-01-28T17:10:15,0.006
0,<40,1769591713,2026-01-28T17:15:13,0.006
0,<40,1769592013,2026-01-28T17:20:13,0.006
0,<40,1769592313,2026-01-28T17:25:13,0.0055
0,<40,1769592616,2026-01-28T17:30:16,0.0055
0,<40,1769592916,2026-01-28T17:35:16,0.006
0,<40,1769593213,2026-01-28T17:40:13,0.006
0,<40,1769593513,2026-01-28T17:45:13,0.006
0,<40,1769593814,2026-01-28T17:50:14,0.0065
0,<40,1769594114,2026-01-28T17:55:14,0.0055
0,<40,1769594431,2026-01-28T18:00:31,0.0055
0,<40,1769594714,2026-01-28T18:05:14,0.0055
0,<40,1769595015,2026-01-28T18:10:15,0.0055
0,<40,1769595314,2026-01-28T18:15:14,0.0055
0,<40,1769595613,2026-01-28T18:20:13,0.0055
0,<40,1769595913,2026-01-28T18:25:13,0.0055
0,<40,1769596217,2026-01-28T18:30:17,0.0055
0,<40,1769596513,2026-01-28T18:35:13,0.0055
0,<40,1769596814,2026-01-28T18:40:14,0.0055
0,<40,1769597114,2026-01-28T18:45:14,0.005
0,<40,1769597413,2026-01-28T18:50:13,0.0055
0,<40,1769597715,2026-01-28T18:55:15,0.0055
0,<40,1769598015,2026-01-28T19:00:15,0.0055
0,<40,1769598314,2026-01-28T19:05:14,0.0055
0,<40,1769598614,2026-01-28T19:10:14,0.006
0,<40,1769598914,2026-01-28T19:15:14,0.0065
0,<40,1769599216,2026-01-28T19:20:16,0.0065
0,<40,1769599513,2026-01-28T19:25:13,0.0065
0,<40,1769599815,2026-01-28T19:30:15,0.0065
0,<40,1769600112,2026-01-28T19:35:12,0.0065
0,<40,1769600415,2026-01-28T19:40:15,0.0065
0,<40,1769600726,2026-01-28T19:45:26,0.006
0,<40,1769601015,2026-01-28T19:50:15,0.006
0,<40,1769601314,2026-01-28T19:55:14,0.006
0,<40,1769601621,2026-01-28T20:00:21,0.006
0,<40,1769601913,2026-01-28T20:05:13,0.006
0,<40,1769602214,2026-01-28T20:10:14,0.0065
0,<40,1769602518,2026-01-28T20:15:18,0.0065
0,<40,1769602815,2026-01-28T20:20:15,0.0065
0,<40,1769603114,2026-01-28T20:25:14,0.0065
0,<40,1769603415,2026-01-28T20:30:15,0.007
0,<40,1769603715,2026-01-28T20:35:15,0.007
0,<40,1769604014,2026-01-28T20:40:14,0.007
0,<40,1769604314,2026-01-28T20:45:14,0.007
0,<40,1769604613,2026-01-28T20:50:13,0.007
0,<40,1769604914,2026-01-28T20:55:14,0.007
0,<40,1769605226,2026-01-28T21:00:26,0.007
0,<40,1769605513,2026-01-28T21:05:13,0.006
0,<40,1769605814,2026-01-28T21:10:14,0.004
0,<40,1769606114,2026-01-28T21:15:14,0.004
0,<40,1769606424,2026-01-28T21:20:24,0.004
0,<40,1769606714,2026-01-28T21:25:14,0.0035
0,<40,1769607015,2026-01-28T21:30:15,0.0035
0,<40,1769607313,2026-01-28T21:35:13,0.0045
0,<40,1769607613,2026-01-28T21:40:13,0.0045
0,<40,1769607926,2026-01-28T21:45:26,0.0045
0,<40,1769608216,2026-01-28T21:50:16,0.0045
0,<40,1769608514,2026-01-28T21:55:14,0.0045
0,<40,1769608815,2026-01-28T22:00:15,0.0045
0,<40,1769609113,2026-01-28T22:05:13,0.0045
0,<40,1769609414,2026-01-28T22:10:14,0.0045
0,<40,1769609716,2026-01-28T22:15:16,0.0055
0,<40,1769610026,2026-01-28T22:20:26,0.0055
0,<40,1769610314,2026-01-28T22:25:14,0.0055
0,<40,1769610615,2026-01-28T22:30:15,0.0055
0,<40,1769610914,2026-01-28T22:35:14,0.005
0,<40,1769611214,2026-01-28T22:40:14,0.006
0,<40,1769611514,2026-01-28T22:45:14,0.006
0,<40,1769611816,2026-01-28T22:50:16,0.0075
0,<40,1769612116,2026-01-28T22:55:16,0.0075
0,<40,1769612417,2026-01-28T23:00:17,0.0065
0,<40,1769612714,2026-01-28T23:05:14,0.0065
0,<40,1769613015,2026-01-28T23:10:15,0.0065
0,<40,1769613316,2026-01-28T23:15:16,0.0065
0,<40,1769613615,2026-01-28T23:20:15,0.007
0,<40,1769613917,2026-01-28T23:25:17,0.007
0,<40,1769614217,2026-01-28T23:30:17,0.007
0,<40,1769614513,2026-01-28T23:35:13,0.007
0,<40,1769614814,2026-01-28T23:40:14,0.0065
0,<40,1769615114,2026-01-28T23:45:14,0.006
0,<40,1769615415,2026-01-28T23:50:15,0.006
0,<40,1769615713,2026-01-28T23:55:13,0.006
0,<40,1769616016,2026-01-29T00:00:16,0.006
0,<40,1769616315,2026-01-29T00:05:15,0.006
0,<40,1769616614,2026-01-29T00:10:14,0.006
0,<40,1769616915,2026-01-29T00:15:15,0.006
0,<40,1769617215,2026-01-29T00:20:15,0.006
0,<40,1769617514,2026-01-29T00:25:14,0.006
0,<40,1769617816,2026-01-29T00:30:16,0.0045
0,<40,1769618115,2026-01-29T00:35:15,0.0045
0,<40,1769618416,2026-01-29T00:40:16,0.0045
0,<40,1769618716,2026-01-29T00:45:16,0.0045
0,<40,1769619014,2026-01-29T00:50:14,0.005
0,<40,1769619314,2026-01-29T00:55:14,0.0055
0,<40,1769619617,2026-01-29T01:00:17,0.006
0,<40,1769619915,2026-01-29T01:05:15,0.006
0,<40,1769620229,2026-01-29T01:10:29,0.006
0,<40,1769620514,2026-01-29T01:15:14,0.006
0,<40,1769620814,2026-01-29T01:20:14,0.006
0,<40,1769621114,2026-01-29T01:25:14,0.006
0,<40,1769621415,2026-01-29T01:30:15,0.006
0,<40,1769621716,2026-01-29T01:35:16,0.006
0,<40,1769622014,2026-01-29T01:40:14,0.006
0,<40,1769622314,2026-01-29T01:45:14,0.006
0,<40,1769622614,2026-01-29T01:50:14,0.006
0,<40,1769622914,2026-01-29T01:55:14,0.0065
0,<40,1769623227,2026-01-29T02:00:27,0.0065
0,<40,1769623516,2026-01-29T02:05:16,0.0065
0,<40,1769623814,2026-01-29T02:10:14,0.0065
0,<40,1769624114,2026-01-29T02:15:14,0.0065
0,<40,1769624414,2026-01-29T02:20:14,0.0065
0,<40,1769624713,2026-01-29T02:25:13,0.0065
0,<40,1769625018,2026-01-29T02:30:18,0.0065
0,<40,1769625314,2026-01-29T02:35:14,0.0065
0,<40,1769625614,2026-01-29T02:40:14,0.0065
0,<40,1769625913,2026-01-29T02:45:13,0.0085
0,<40,1769626214,2026-01-29T02:50:14,0.009
0,<40,1769626525,2026-01-29T02:55:25,0.009
0,<40,1769626816,2026-01-29T03:00:16,0.009
0,<40,1769627114,2026-01-29T03:05:14,0.009
0,<40,1769627414,2026-01-29T03:10:14,0.009
0,<40,1769627714,2026-01-29T03:15:14,0.0075
0,<40,1769628014,2026-01-29T03:20:14,0.0075
0,<40,1769628317,2026-01-29T03:25:17,0.0075
0,<40,1769628616,2026-01-29T03:30:16,0.0075
0,<40,1769628914,2026-01-29T03:35:14,0.008
0,<40,1769629214,2026-01-29T03:40:14,0.008
0,<40,1769629514,2026-01-29T03:45:14,0.008
0,<40,1769629817,2026-01-29T03:50:17,0.008
0,<40,1769630113,2026-01-29T03:55:13,0.008
0,<40,1769630419,2026-01-29T04:00:19,0.0075
0,<40,1769630714,2026-01-29T04:05:14,0.0075
0,<40,1769631014,2026-01-29T04:10:14,0.0075
0,<40,1769631313,2026-01-29T04:15:13,0.0075
0,<40,1769631614,2026-01-29T04:20:14,0.0075
0,<40,1769631916,2026-01-29T04:25:16,0.0075
0,<40,1769632216,2026-01-29T04:30:16,0.0075
0,<40,1769632514,2026-01-29T04:35:14,0.0075
0,<40,1769632814,2026-01-29T04:40:14,0.0075
0,<40,1769633114,2026-01-29T04:45:14,0.0075
0,<40,1769633415,2026-01-29T04:50:15,0.0075
0,<40,1769633714,2026-01-29T04:55:14,0.0085
0,<40,1769634016,2026-01-29T05:00:16,0.0085
0,<40,1769634313,2026-01-29T05:05:13,0.0085
0,<40,1769634614,2026-01-29T05:10:14,0.0085
0,<40,1769634915,2026-01-29T05:15:15,0.0085
0,<40,1769635216,2026-01-29T05:20:16,0.0085
0,<40,1769635513,2026-01-29T05:25:13,0.0085
0,<40,1769635816,2026-01-29T05:30:16,0.0085
0,<40,1769636114,2026-01-29T05:35:14,0.0085
0,<40,1769636415,2026-01-29T05:40:15,0.0105
0,<40,1769636727,2026-01-29T05:45:27,0.0105
0,<40,1769637014,2026-01-29T05:50:14,0.0095
0,<40,1769637315,2026-01-29T05:55:15,0.0115
0,<40,1769637616,2026-01-29T06:00:16,0.0115
0,<40,1769637925,2026-01-29T06:05:25,0.0115
0,<40,1769638214,2026-01-29T06:10:14,0.0115
0,<40,1769638514,2026-01-29T06:15:14,0.0115
0,<40,1769638815,2026-01-29T06:20:15,0.0115
0,<40,1769639114,2026-01-29T06:25:14,0.0115
0,<40,1769639417,2026-01-29T06:30:17,0.0115
0,<40,1769639716,2026-01-29T06:35:16,0.0115
0,<40,1769640015,2026-01-29T06:40:15,0.011
0,<40,1769640315,2026-01-29T06:45:15,0.011
0,<40,1769640617,2026-01-29T06:50:17,0.011
0,<40,1769640915,2026-01-29T06:55:15,0.011
0,<40,1769641217,2026-01-29T07:00:17,0.011
0,<40,1769641515,2026-01-29T07:05:15,0.0115
0,<40,1769641815,2026-01-29T07:10:15,0.0115
0,<40,1769642126,2026-01-29T07:15:26,0.0115
0,<40,1769642414,2026-01-29T07:20:14,0.011
0,<40,1769642714,2026-01-29T07:25:14,0.0115
0,<40,1769643017,2026-01-29T07:30:17,0.0115
0,<40,1769643314,2026-01-29T07:35:14,0.0115
0,<40,1769643615,2026-01-29T07:40:15,0.0115
0,<40,1769643916,2026-01-29T07:45:16,0.0115
0,<40,1769644215,2026-01-29T07:50:15,0.011
0,<40,1769644516,2026-01-29T07:55:16,0.011
0,<40,1769644835,2026-01-29T08:00:35,0.011
0,<40,1769645115,2026-01-29T08:05:15,0.011
0,<40,1769645414,2026-01-29T08:10:14,0.0095
0,<40,1769645713,2026-01-29T08:15:13,0.0095
0,<40,1769646014,2026-01-29T08:20:14,0.0095
0,<40,1769646314,2026-01-29T08:25:14,0.009
0,<40,1769646616,2026-01-29T08:30:16,0.0095
0,<40,1769646915,2026-01-29T08:35:15,0.0105
0,<40,1769647214,2026-01-29T08:40:14,0.0105
0,<40,1769647515,2026-01-29T08:45:15,0.0105
0,<40,1769647815,2026-01-29T08:50:15,0.0105
0,<40,1769648114,2026-01-29T08:55:14,0.0105
0,<40,1769648416,2026-01-29T09:00:16,0.0105
0,<40,1769648715,2026-01-29T09:05:15,0.0105
0,<40,1769649014,2026-01-29T09:10:14,0.01
0,<40,1769649315,2026-01-29T09:15:15,0.01
0,<40,1769649615,2026-01-29T09:20:15,0.009
0,<40,1769649914,2026-01-29T09:25:14,0.009
0,<40,1769650217,2026-01-29T09:30:17,0.009
0,<40,1769650519,2026-01-29T09:35:19,0.0095
0,<40,1769650814,2026-01-29T09:40:14,0.0095
0,<40,1769651113,2026-01-29T09:45:13,0.0105
0,<40,1769651414,2026-01-29T09:50:14,0.0105
0,<40,1769651714,2026-01-29T09:55:14,0.0095
0,<40,1769652016,2026-01-29T10:00:16,0.0095
0,<40,1769652313,2026-01-29T10:05:13,0.0095
0,<40,1769652615,2026-01-29T10:10:15,0.0095
0,<40,1769652914,2026-01-29T10:15:14,0.0095
0,<40,1769653215,2026-01-29T10:20:15,0.009
0,<40,1769653522,2026-01-29T10:25:22,0.009
0,<40,1769653818,2026-01-29T10:30:18,0.009
0,<40,1769654116,2026-01-29T10:35:16,0.0085
0,<40,1769654414,2026-01-29T10:40:14,0.0085
0,<40,1769654714,2026-01-29T10:45:14,0.0085
0,<40,1769655015,2026-01-29T10:50:15,0.0085
0,<40,1769655315,2026-01-29T10:55:15,0.0085
0,<40,1769655620,2026-01-29T11:00:20,0.009
0,<40,1769655930,2026-01-29T11:05:30,0.009
0,<40,1769656215,2026-01-29T11:10:15,0.009
0,<40,1769656514,2026-01-29T11:15:14,0.009
0,<40,1769656815,2026-01-29T11:20:15,0.009
0,<40,1769657114,2026-01-29T11:25:14,0.009
0,<40,1769657416,2026-01-29T11:30:16,0.0085
0,<40,1769657714,2026-01-29T11:35:14,0.0085
0,<40,1769658015,2026-01-29T11:40:15,0.0085
0,<40,1769658315,2026-01-29T11:45:15,0.0085
0,<40,1769658615,2026-01-29T11:50:15,0.0085
0,<40,1769658915,2026-01-29T11:55:15,0.0085
0,<40,1769659217,2026-01-29T12:00:17,0.009
0,<40,1769659514,2026-01-29T12:05:14,0.009
0,<40,1769659816,2026-01-29T12:10:16,0.009
0,<40,1769660115,2026-01-29T12:15:15,0.009
0,<40,1769660415,2026-01-29T12:20:15,0.009
0,<40,1769660746,2026-01-29T12:25:46,0.009
0,<40,1769661017,2026-01-29T12:30:17,0.009
0,<40,1769661315,2026-01-29T12:35:15,0.0085
0,<40,1769661615,2026-01-29T12:40:15,0.0085
0,<40,1769661914,2026-01-29T12:45:14,0.0085
0,<40,1769662215,2026-01-29T12:50:15,0.0085
0,<40,1769662514,2026-01-29T12:55:14,0.0085
0,<40,1769662816,2026-01-29T13:00:16,0.008
0,<40,1769663114,2026-01-29T13:05:14,0.008
0,<40,1769663414,2026-01-29T13:10:14,0.008
0,<40,1769663714,2026-01-29T13:15:14,0.008
0,<40,1769664014,2026-01-29T13:20:14,0.008
0,<40,1769664316,2026-01-29T13:25:16,0.008
0,<40,1769664617,2026-01-29T13:30:17,0.008
0,<40,1769664914,2026-01-29T13:35:14,0.008
0,<40,1769665214,2026-01-29T13:40:14,0.008
0,<40,1769665514,2026-01-29T13:45:14,0.008
0,<40,1769665813,2026-01-29T13:50:13,0.008
0,<40,1769666124,2026-01-29T13:55:24,0.008
0,<40,1769666417,2026-01-29T14:00:17,0.008
0,<40,1769666714,2026-01-29T14:05:14,0.008
0,<40,1769667015,2026-01-29T14:10:15,0.008
0,<40,1769667314,2026-01-29T14:15:14,0.008
0,<40,1769667615,2026-01-29T14:20:15,0.008
0,<40,1769667916,2026-01-29T14:25:16,0.008
0,<40,1769668216,2026-01-29T14:30:16,0.008
0,<40,1769668525,2026-01-29T14:35:25,0.008
0,<40,1769668816,2026-01-29T14:40:16,0.008
0,<40,1769669114,2026-01-29T14:45:14,0.008
0,<40,1769669415,2026-01-29T14:50:15,0.008
0,<40,1769669714,2026-01-29T14:55:14,0.008
0,<40,1769670018,2026-01-29T15:00:18,0.008
0,<40,1769670315,2026-01-29T15:05:15,0.008
0,<40,1769670614,2026-01-29T15:10:14,0.008
0,<40,1769670915,2026-01-29T15:15:15,0.007
0,<40,1769671214,2026-01-29T15:20:14,0.007
0,<40,1769671514,2026-01-29T15:25:14,0.007
0,<40,1769671826,2026-01-29T15:30:26,0.007
0,<40,1769672114,2026-01-29T15:35:14,0.007
0,<40,1769672419,2026-01-29T15:40:19,0.007
0,<40,1769672714,2026-01-29T15:45:14,0.007
0,<40,1769673016,2026-01-29T15:50:16,0.007
0,<40,1769673314,2026-01-29T15:55:14,0.0075
0,<40,1769673617,2026-01-29T16:00:17,0.0075
0,<40,1769673915,2026-01-29T16:05:15,0.007
0,<40,1769674214,2026-01-29T16:10:14,0.007
0,<40,1769674514,2026-01-29T16:15:14,0.007
0,<40,1769674814,2026-01-29T16:20:14,0.007
0,<40,1769675114,2026-01-29T16:25:14,0.007
0,<40,1769675418,2026-01-29T16:30:18,0.007
0,<40,1769675714,2026-01-29T16:35:14,0.007
0,<40,1769676025,2026-01-29T16:40:25,0.007
0,<40,1769676314,2026-01-29T16:45:14,0.007
0,<40,1769676615,2026-01-29T16:50:15,0.007
0,<40,1769676914,2026-01-29T16:55:14,0.007
0,<40,1769677219,2026-01-29T17:00:19,0.007
0,<40,1769677514,2026-01-29T17:05:14,0.006
0,<40,1769677815,2026-01-29T17:10:15,0.006
0,<40,1769678115,2026-01-29T17:15:15,0.006
0,<40,1769678415,2026-01-29T17:20:15,0.006
0,<40,1769678714,2026-01-29T17:25:14,0.0055
0,<40,1769679017,2026-01-29T17:30:17,0.0055
0,<40,1769679316,2026-01-29T17:35:16,0.0055
0,<40,1769679615,2026-01-29T17:40:15,0.0055
0,<40,1769679915,2026-01-29T17:45:15,0.0055
0,<40,1769680214,2026-01-29T17:50:14,0.0065
0,<40,1769680515,2026-01-29T17:55:15,0.0065
0,<40,1769680819,2026-01-29T18:00:19,0.0065
0,<40,1769681114,2026-01-29T18:05:14,0.007
0,<40,1769681415,2026-01-29T18:10:15,0.007
0,<40,1769681714,2026-01-29T18:15:14,0.007
0,<40,1769682015,2026-01-29T18:20:15,0.007
0,<40,1769682316,2026-01-29T18:25:16,0.007
0,<40,1769682617,2026-01-29T18:30:17,0.007
0,<40,1769682914,2026-01-29T18:35:14,0.007
0,<40,1769683215,2026-01-29T18:40:15,0.007
0,<40,1769683514,2026-01-29T18:45:14,0.0065
0,<40,1769683817,2026-01-29T18:50:17,0.0065
0,<40,1769684114,2026-01-29T18:55:14,0.0065
0,<40,1769684418,2026-01-29T19:00:18,0.006
0,<40,1769684714,2026-01-29T19:05:14,0.006
0,<40,1769685015,2026-01-29T19:10:15,0.006
0,<40,1769685316,2026-01-29T19:15:16,0.006
0,<40,1769685615,2026-01-29T19:20:15,0.006
0,<40,1769685914,2026-01-29T19:25:14,0.006
0,<40,1769686216,2026-01-29T19:30:16,0.006
0,<40,1769686514,2026-01-29T19:35:14,0.006
0,<40,1769686816,2026-01-29T19:40:16,0.006
0,<40,1769687115,2026-01-29T19:45:15,0.006
0,<40,1769687415,2026-01-29T19:50:15,0.005
0,<40,1769687727,2026-01-29T19:55:27,0.0045
0,<40,1769688023,2026-01-29T20:00:23,0.005
0,<40,1769688314,2026-01-29T20:05:14,0.01
0,<40,1769688615,2026-01-29T20:10:15,0.01
0,<40,1769688914,2026-01-29T20:15:14,0.01
0,<40,1769689214,2026-01-29T20:20:14,0.01
0,<40,1769689517,2026-01-29T20:25:17,0.0085
0,<40,1769689816,2026-01-29T20:30:16,0.0085
0,<40,1769690115,2026-01-29T20:35:15,0.008
0,<40,1769690415,2026-01-29T20:40:15,0.008
0,<40,1769690714,2026-01-29T20:45:14,0.008
0,<40,1769691016,2026-01-29T20:50:16,0.008
0,<40,1769691316,2026-01-29T20:55:16,0.008
0,<40,1769691617,2026-01-29T21:00:17,0.008
0,<40,1769691915,2026-01-29T21:05:15,0.008
0,<40,1769692215,2026-01-29T21:10:15,0.008
0,<40,1769692517,2026-01-29T21:15:17,0.008
0,<40,1769692816,2026-01-29T21:20:16,0.008
0,<40,1769693116,2026-01-29T21:25:16,0.008
0,<40,1769693417,2026-01-29T21:30:17,0.008
0,<40,1769693714,2026-01-29T21:35:14,0.008
0,<40,1769694015,2026-01-29T21:40:15,0.008
0,<40,1769694320,2026-01-29T21:45:20,0.006
0,<40,1769694615,2026-01-29T21:50:15,0.0065
0,<40,1769694917,2026-01-29T21:55:17,0.007
0,<40,1769695217,2026-01-29T22:00:17,0.007
0,<40,1769695515,2026-01-29T22:05:15,0.0075
0,<40,1769695827,2026-01-29T22:10:27,0.0055
0,<40,1769696115,2026-01-29T22:15:15,0.005
0,<40,1769696416,2026-01-29T22:20:16,0.005
0,<40,1769696715,2026-01-29T22:25:15,0.005
0,<40,1769697017,2026-01-29T22:30:17,0.005
0,<40,1769697314,2026-01-29T22:35:14,0.005
0,<40,1769697618,2026-01-29T22:40:18,0.005
0,<40,1769697914,2026-01-29T22:45:14,0.005
0,<40,1769698215,2026-01-29T22:50:15,0.005
0,<40,1769698515,2026-01-29T22:55:15,0.0045
0,<40,1769698818,2026-01-29T23:00:18,0.0045
0,<40,1769699116,2026-01-29T23:05:16,0.0055
0,<40,1769699415,2026-01-29T23:10:15,0.0055
0,<40,1769699752,2026-01-29T23:15:52,0.0055
0,<40,1769700315,2026-01-29T23:25:15,0.0055
0,<40,1769700619,2026-01-29T23:30:19,0.0055
0,<40,1769700914,2026-01-29T23:35:14,0.0045
0,<40,1769701215,2026-01-29T23:40:15,0.005
0,<40,1769701514,2026-01-29T23:45:14,0.005
0,<40,1769702116,2026-01-29T23:55:16,0.0045
0,<40,1769702417,2026-01-30T00:00:17,0.0045
0,<40,1769702715,2026-01-30T00:05:15,0.0045
0,<40,1769703015,2026-01-30T00:10:15,0.005
0,<40,1769703315,2026-01-30T00:15:15,0.0055
0,<40,1769703627,2026-01-30T00:20:27,0.0055
0,<40,1769703915,2026-01-30T00:25:15,0.0055
0,<40,1769704217,2026-01-30T00:30:17,0.0055
0,<40,1769704516,2026-01-30T00:35:16,0.0055
0,<40,1769704816,2026-01-30T00:40:16,0.0055
0,<40,1769705116,2026-01-30T00:45:16,0.0055
0,<40,1769705417,2026-01-30T00:50:17,0.0055
0,<40,1769705717,2026-01-30T00:55:17,0.0055
0,<40,1769706017,2026-01-30T01:00:17,0.0055
0,<40,1769706316,2026-01-30T01:05:16,0.0065
0,<40,1769706616,2026-01-30T01:10:16,0.008
0,<40,1769706917,2026-01-30T01:15:17,0.008
0,<40,1769707215,2026-01-30T01:20:15,0.0085
0,<40,1769707544,2026-01-30T01:25:44,0.0085
0,<40,1769707828,2026-01-30T01:30:28,0.0085
0,<40,1769708115,2026-01-30T01:35:15,0.0085
0,<40,1769708415,2026-01-30T01:40:15,0.0085
0,<40,1769708715,2026-01-30T01:45:15,0.0085
0,<40,1769709015,2026-01-30T01:50:15,0.0085
0,<40,1769709317,2026-01-30T01:55:17,0.0085
0,<40,1769709619,2026-01-30T02:00:19,0.0085
0,<40,1769709914,2026-01-30T02:05:14,0.008
0,<40,1769710215,2026-01-30T02:10:15,0.0055
0,<40,1769710517,2026-01-30T02:15:17,0.0055
0,<40,1769710816,2026-01-30T02:20:16,0.006
0,<40,1769711115,2026-01-30T02:25:15,0.004
0,<40,1769711418,2026-01-30T02:30:18,0.004
0,<40,1769711715,2026-01-30T02:35:15,0.004
0,<40,1769712026,2026-01-30T02:40:26,0.0035
0,<40,1769712315,2026-01-30T02:45:15,0.004
0,<40,1769712616,2026-01-30T02:50:16,0.0035
0,<40,1769712916,2026-01-30T02:55:16,0.0035
0,<40,1769713218,2026-01-30T03:00:18,0.004
0,<40,1769713516,2026-01-30T03:05:16,0.004
0,<40,1769713818,2026-01-30T03:10:18,0.003
0,<40,1769714117,2026-01-30T03:15:17,0.003
0,<40,1769714429,2026-01-30T03:20:29,0.003
0,<40,1769714715,2026-01-30T03:25:15,0.004
0,<40,1769715017,2026-01-30T03:30:17,0.0035
0,<40,1769715316,2026-01-30T03:35:16,0.003
0,<40,1769715617,2026-01-30T03:40:17,0.003
0,<40,1769715914,2026-01-30T03:45:14,0.0015
0,<40,1769716215,2026-01-30T03:50:15,0.0015
0,<40,1769716515,2026-01-30T03:55:15,0.0015
0,<40,1769716828,2026-01-30T04:00:28,0.0005
0,<40,1769717117,2026-01-30T04:05:17,0.0025
0,<40,1769717414,2026-01-30T04:10:14,0.0025
0,<40,1769717716,2026-01-30T04:15:16,0.0025
0,<40,1769718017,2026-01-30T04:20:17,0.002
0,<40,1769718315,2026-01-30T04:25:15,0.002
0,<40,1769718619,2026-01-30T04:30:19,0.002
0,<40,1769718915,2026-01-30T04:35:15,0.002
0,<40,1769719215,2026-01-30T04:40:15,0.0015
0,<40,1769719516,2026-01-30T04:45:16,0.0015
0,<40,1769719818,2026-01-30T04:50:18,0.0015
0,<40,1769720142,2026-01-30T04:55:42,0.0015
0,<40,1769720420,2026-01-30T05:00:20,0.0015
0,<40,1769720714,2026-01-30T05:05:14,0.0015
0,<40,1769721015,2026-01-30T05:10:15,0.0015
0,<40,1769721315,2026-01-30T05:15:15,0.0005
0,<40,1769721614,2026-01-30T05:20:14,0.0005
0,<40,1769721916,2026-01-30T05:25:16,0.0005
0,<40,1769722218,2026-01-30T05:30:18,0.0005
0,<40,1769722516,2026-01-30T05:35:16,0.0005
0,<40,1769722818,2026-01-30T05:40:18,0.0005
0,<40,1769723115,2026-01-30T05:45:15,0.0005
0,<40,1769723432,2026-01-30T05:50:32,0.0005
0,<40,1769723715,2026-01-30T05:55:15,0.0005
0,<40,1769724018,2026-01-30T06:00:18,0.0005
0,<40,1769724317,2026-01-30T06:05:17,0.0005
0,<40,1769724615,2026-01-30T06:10:15,0.0005
0,<40,1769724917,2026-01-30T06:15:17,0.0005
0,<40,1769725215,2026-01-30T06:20:15,0.0005
0,<40,1769725516,2026-01-30T06:25:16,0.0005
0,<40,1769725820,2026-01-30T06:30:20,0.0005
0,<40,1769726115,2026-01-30T06:35:15,0.0005
0,<40,1769726414,2026-01-30T06:40:14,0.001
0,<40,1769726715,2026-01-30T06:45:15,0.001
0,<40,1769727014,2026-01-30T06:50:14,0.001
0,<40,1769727326,2026-01-30T06:55:26,0.001
0,<40,1769727618,2026-01-30T07:00:18,0.001
0,<40,1769727917,2026-01-30T07:05:17,0.001
0,<40,1769728215,2026-01-30T07:10:15,0.001
0,<40,1769728514,2026-01-30T07:15:14,0.001
0,<40,1769728827,2026-01-30T07:20:27,0.001
0,<40,1769729114,2026-01-30T07:25:14,0.001
0,<40,1769729421,2026-01-30T07:30:21,0.001
0,<40,1769729715,2026-01-30T07:35:15,0.001
0,<40,1769730016,2026-01-30T07:40:16,0.001
0,<40,1769730314,2026-01-30T07:45:14,0.001
0,<40,1769730617,2026-01-30T07:50:17,0.001
0,<40,1769730915,2026-01-30T07:55:15,0.001
0,<40,1769731223,2026-01-30T08:00:23,0.001
0,<40,1769731515,2026-01-30T08:05:15,0.001
0,<40,1769731814,2026-01-30T08:10:14,0.001
0,<40,1769732117,2026-01-30T08:15:17,0.001
0,<40,1769732426,2026-01-30T08:20:26,0.001
0,<40,1769732714,2026-01-30T08:25:14,0.0015
0,<40,1769733017,2026-01-30T08:30:17,0.0015
0,<40,1769733315,2026-01-30T08:35:15,0.0015
0,<40,1769733623,2026-01-30T08:40:23,0.0015
0,<40,1769733914,2026-01-30T08:45:14,0.0015
0,<40,1769734215,2026-01-30T08:50:15,0.0005
0,<40,1769734515,2026-01-30T08:55:15,0.0005
0,<40,1769734817,2026-01-30T09:00:17,0.0005
0,<40,1769735115,2026-01-30T09:05:15,0.0005
0,<40,1769735417,2026-01-30T09:10:17,0.0005
0,<40,1769735718,2026-01-30T09:15:18,0.0005
0,<40,1769736015,2026-01-30T09:20:15,0.0005
0,<40,1769736316,2026-01-30T09:25:16,0.0005
0,<40,1769736617,2026-01-30T09:30:17,0.0005
0,<40,1769736915,2026-01-30T09:35:15,0.0005
0,<40,1769737218,2026-01-30T09:40:18,0.0005
0,<40,1769737516,2026-01-30T09:45:16,0.0005
0,<40,1769737818,2026-01-30T09:50:18,0.0005
0,<40,1769738115,2026-01-30T09:55:15,0.0005
0,<40,1769738418,2026-01-30T10:00:18,0.0005
0,<40,1769738717,2026-01-30T10:05:17,0.0005
0,<40,1769739015,2026-01-30T10:10:15,0.0005
0,<40,1769739319,2026-01-30T10:15:19,0.0005
0,<40,1769739615,2026-01-30T10:20:15,0.0005
0,<40,1769739916,2026-01-30T10:25:16,0.0005
0,<40,1769740217,2026-01-30T10:30:17,0.0005
0,<40,1769740514,2026-01-30T10:35:14,0.0005
0,<40,1769740826,2026-01-30T10:40:26,0.0005
0,<40,1769741116,2026-01-30T10:45:16,0.0005
0,<40,1769741416,2026-01-30T10:50:16,0.0005
0,<40,1769741715,2026-01-30T10:55:15,0.0005
0,<40,1769742019,2026-01-30T11:00:19,0.0005
0,<40,1769742316,2026-01-30T11:05:16,0.0005
0,<40,1769742615,2026-01-30T11:10:15,0.0005
0,<40,1769742915,2026-01-30T11:15:15,0.0005
0,<40,1769743216,2026-01-30T11:20:16,0.0005
0,<40,1769743514,2026-01-30T11:25:14,0.0005
0,<40,1769743819,2026-01-30T11:30:19,0.0005
0,<40,1769744115,2026-01-30T11:35:15,0.0005
0,<40,1769744416,2026-01-30T11:40:16,0.0005
0,<40,1769744716,2026-01-30T11:45:16,0.0005
0,<40,1769745016,2026-01-30T11:50:16,0.0005
0,<40,1769745316,2026-01-30T11:55:16,0.0005
0,<40,1769745618,2026-01-30T12:00:18,0.0005
0,<40,1769745917,2026-01-30T12:05:17,0.0005
0,<40,1769746216,2026-01-30T12:10:16,0.0005
0,<40,1769746514,2026-01-30T12:15:14,0.0005
0,<40,1769746815,2026-01-30T12:20:15,0.0005
0,<40,1769747115,2026-01-30T12:25:15,0.0005
0,<40,1769747419,2026-01-30T12:30:19,0.0005
0,<40,1769747715,2026-01-30T12:35:15,0.0005
0,<40,1769748015,2026-01-30T12:40:15,0.0005
0,<40,1769748316,2026-01-30T12:45:16,0.0005
0,<40,1769748615,2026-01-30T12:50:15,0.0005
0,<40,1769748926,2026-01-30T12:55:26,0.0005
0,<40,1769749217,2026-01-30T13:00:17,0.0005
0,<40,1769749514,2026-01-30T13:05:14,0.0005
0,<40,1769749815,2026-01-30T13:10:15,0.0005
0,<40,1769750115,2026-01-30T13:15:15,0.0005
0,<40,1769750414,2026-01-30T13:20:14,0.0005
0,<40,1769750717,2026-01-30T13:25:17,0.0005
0,<40,1769751017,2026-01-30T13:30:17,0.0005
0,<40,1769751315,2026-01-30T13:35:15,0.0005
0,<40,1769751614,2026-01-30T13:40:14,0.0005
0,<40,1769751915,2026-01-30T13:45:15,0.0005
0,<40,1769752216,2026-01-30T13:50:16,0.0005
0,<40,1769752514,2026-01-30T13:55:14,0.0005
0,<40,1769752818,2026-01-30T14:00:18,0.0005
0,<40,1769753115,2026-01-30T14:05:15,0.0005
0,<40,1769753415,2026-01-30T14:10:15,0.0005
0,<40,1769753717,2026-01-30T14:15:17,0.0005
0,<40,1769754014,2026-01-30T14:20:14,0.0005
0,<40,1769754314,2026-01-30T14:25:14,0.0005
0,<40,1769754619,2026-01-30T14:30:19,0.0005
0,<40,1769754926,2026-01-30T14:35:26,0.0005
0,<40,1769755214,2026-01-30T14:40:14,0.0005
0,<40,1769755515,2026-01-30T14:45:15,0.0005
0,<40,1769755814,2026-01-30T14:50:14,0.0005
0,<40,1769756114,2026-01-30T14:55:14,0.0005
0,<40,1769756417,2026-01-30T15:00:17,0.0005
0,<40,1769756716,2026-01-30T15:05:16,0.0005
0,<40,1769757014,2026-01-30T15:10:14,0.0005
0,<40,1769757314,2026-01-30T15:15:14,0.0005
0,<40,1769757614,2026-01-30T15:20:14,0.0005
0,<40,1769757914,2026-01-30T15:25:14,0.0005
0,<40,1769758219,2026-01-30T15:30:19,0.0005
0,<40,1769758514,2026-01-30T15:35:14,0.0005
0,<40,1769758816,2026-01-30T15:40:16,0.0005
0,<40,1769759114,2026-01-30T15:45:14,0.0005
0,<40,1769759418,2026-01-30T15:50:18,0.0005
0,<40,1769759714,2026-01-30T15:55:14,0.0005
1,40-64,1769448019,2026-01-27T01:20:19,0.045
1,40-64,1769448316,2026-01-27T01:25:16,0.035
1,40-64,1769448619,2026-01-27T01:30:19,0.021
1,40-64,1769448915,2026-01-27T01:35:15,0.0195
1,40-64,1769449215,2026-01-27T01:40:15,0.02
1,40-64,1769449530,2026-01-27T01:45:30,0.02
1,40-64,1769449815,2026-01-27T01:50:15,0.02
1,40-64,1769450115,2026-01-27T01:55:15,0.0195
1,40-64,1769450428,2026-01-27T02:00:28,0.0195
1,40-64,1769450715,2026-01-27T02:05:15,0.0195
1,40-64,1769451014,2026-01-27T02:10:14,0.0195
1,40-64,1769451317,2026-01-27T02:15:17,0.019
1,40-64,1769451615,2026-01-27T02:20:15,0.0185
1,40-64,1769451918,2026-01-27T02:25:18,0.0185
1,40-64,1769452219,2026-01-27T02:30:19,0.0185
1,40-64,1769452515,2026-01-27T02:35:15,0.0185
1,40-64,1769452833,2026-01-27T02:40:33,0.0185
1,40-64,1769453114,2026-01-27T02:45:14,0.0185
1,40-64,1769453415,2026-01-27T02:50:15,0.018
1,40-64,1769453715,2026-01-27T02:55:15,0.018
1,40-64,1769454020,2026-01-27T03:00:20,0.018
1,40-64,1769454314,2026-01-27T03:05:14,0.0175
1,40-64,1769454618,2026-01-27T03:10:18,0.017
1,40-64,1769454915,2026-01-27T03:15:15,0.017
1,40-64,1769455215,2026-01-27T03:20:15,0.017
1,40-64,1769455515,2026-01-27T03:25:15,0.017
1,40-64,1769455820,2026-01-27T03:30:20,0.017
1,40-64,1769456119,2026-01-27T03:35:19,0.017
1,40-64,1769456415,2026-01-27T03:40:15,0.017
1,40-64,1769456715,2026-01-27T03:45:15,0.016
1,40-64,1769457016,2026-01-27T03:50:16,0.009
1,40-64,1769457315,2026-01-27T03:55:15,0.009
1,40-64,1769457624,2026-01-27T04:00:24,0.009
1,40-64,1769457915,2026-01-27T04:05:15,0.009
1,40-64,1769458216,2026-01-27T04:10:16,0.009
1,40-64,1769458514,2026-01-27T04:15:14,0.009
1,40-64,1769458815,2026-01-27T04:20:15,0.0165
1,40-64,1769459133,2026-01-27T04:25:33,0.0175
1,40-64,1769459419,2026-01-27T04:30:19,0.0165
1,40-64,1769459714,2026-01-27T04:35:14,0.0175
1,40-64,1769460015,2026-01-27T04:40:15,0.0175
1,40-64,1769460314,2026-01-27T04:45:14,0.0165
1,40-64,1769460615,2026-01-27T04:50:15,0.0175
1,40-64,1769460918,2026-01-27T04:55:18,0.0165
1,40-64,1769461224,2026-01-27T05:00:24,0.0175
1,40-64,1769461515,2026-01-27T05:05:15,0.0165
1,40-64,1769461815,2026-01-27T05:10:15,0.017
1,40-64,1769462115,2026-01-27T05:15:15,0.017
1,40-64,1769462415,2026-01-27T05:20:15,0.016
1,40-64,1769462717,2026-01-27T05:25:17,0.017
1,40-64,1769463020,2026-01-27T05:30:20,0.017
1,40-64,1769463315,2026-01-27T05:35:15,0.017
1,40-64,1769463615,2026-01-27T05:40:15,0.017
1,40-64,1769463914,2026-01-27T05:45:14,0.0175
1,40-64,1769464218,2026-01-27T05:50:18,0.0165
1,40-64,1769464519,2026-01-27T05:55:19,0.0155
1,40-64,1769464819,2026-01-27T06:00:19,0.0175
1,40-64,1769465116,2026-01-27T06:05:16,0.019
1,40-64,1769465415,2026-01-27T06:10:15,0.02
1,40-64,1769465715,2026-01-27T06:15:15,0.0205
1,40-64,1769466032,2026-01-27T06:20:32,0.0205
1,40-64,1769466316,2026-01-27T06:25:16,0.0205
1,40-64,1769466619,2026-01-27T06:30:19,0.0235
1,40-64,1769466915,2026-01-27T06:35:15,0.0235
1,40-64,1769467215,2026-01-27T06:40:15,0.0235
1,40-64,1769467515,2026-01-27T06:45:15,0.0235
1,40-64,1769467819,2026-01-27T06:50:19,0.0235
1,40-64,1769468118,2026-01-27T06:55:18,0.0235
1,40-64,1769468420,2026-01-27T07:00:20,0.0235
1,40-64,1769468715,2026-01-27T07:05:15,0.0235
1,40-64,1769469016,2026-01-27T07:10:16,0.0235
1,40-64,1769469315,2026-01-27T07:15:15,0.0235
1,40-64,1769469619,2026-01-27T07:20:19,0.0235
1,40-64,1769469915,2026-01-27T07:25:15,0.0245
1,40-64,1769470220,2026-01-27T07:30:20,0.0245
1,40-64,1769470515,2026-01-27T07:35:15,0.0245
1,40-64,1769470816,2026-01-27T07:40:16,0.0245
1,40-64,1769471118,2026-01-27T07:45:18,0.0245
1,40-64,1769471419,2026-01-27T07:50:19,0.0245
1,40-64,1769471715,2026-01-27T07:55:15,0.0245
1,40-64,1769472035,2026-01-27T08:00:35,0.019
1,40-64,1769472314,2026-01-27T08:05:14,0.0205
1,40-64,1769472614,2026-01-27T08:10:14,0.0215
1,40-64,1769472914,2026-01-27T08:15:14,0.0225
1,40-64,1769473214,2026-01-27T08:20:14,0.0225
1,40-64,1769473513,2026-01-27T08:25:13,0.0225
1,40-64,1769473815,2026-01-27T08:30:15,0.0225
1,40-64,1769474114,2026-01-27T08:35:14,0.0225
1,40-64,1769474415,2026-01-27T08:40:15,0.0225
1,40-64,1769474714,2026-01-27T08:45:14,0.0225
1,40-64,1769475015,2026-01-27T08:50:15,0.0225
1,40-64,1769475315,2026-01-27T08:55:15,0.0225
1,40-64,1769475616,2026-01-27T09:00:16,0.0225
1,40-64,1769475914,2026-01-27T09:05:14,0.0225
1,40-64,1769476215,2026-01-27T09:10:15,0.019
1,40-64,1769476516,2026-01-27T09:15:16,0.019
1,40-64,1769476815,2026-01-27T09:20:15,0.019
1,40-64,1769477115,2026-01-27T09:25:15,0.017
1,40-64,1769477416,2026-01-27T09:30:16,0.018
1,40-64,1769477714,2026-01-27T09:35:14,0.0185
1,40-64,1769478014,2026-01-27T09:40:14,0.0185
1,40-64,1769478314,2026-01-27T09:45:14,0.0185
1,40-64,1769478615,2026-01-27T09:50:15,0.0185
1,40-64,1769478914,2026-01-27T09:55:14,0.0185
1,40-64,1769479216,2026-01-27T10:00:16,0.0185
1,40-64,1769479515,2026-01-27T10:05:15,0.0185
1,40-64,1769479815,2026-01-27T10:10:15,0.0185
1,40-64,1769480114,2026-01-27T10:15:14,0.0185
1,40-64,1769480415,2026-01-27T10:20:15,0.0185
1,40-64,1769480716,2026-01-27T10:25:16,0.0185
1,40-64,1769481016,2026-01-27T10:30:16,0.0165
1,40-64,1769481314,2026-01-27T10:35:14,0.0165
1,40-64,1769481615,2026-01-27T10:40:15,0.0175
1,40-64,1769481914,2026-01-27T10:45:14,0.0175
1,40-64,1769482214,2026-01-27T10:50:14,0.0175
1,40-64,1769482520,2026-01-27T10:55:20,0.0175
1,40-64,1769482824,2026-01-27T11:00:24,0.0175
1,40-64,1769483114,2026-01-27T11:05:14,0.017
1,40-64,1769483415,2026-01-27T11:10:15,0.018
1,40-64,1769483715,2026-01-27T11:15:15,0.0175
1,40-64,1769484016,2026-01-27T11:20:16,0.0175
1,40-64,1769484314,2026-01-27T11:25:14,0.018
1,40-64,1769484617,2026-01-27T11:30:17,0.018
1,40-64,1769484917,2026-01-27T11:35:17,0.018
1,40-64,1769485215,2026-01-27T11:40:15,0.018
1,40-64,1769485515,2026-01-27T11:45:15,0.018
1,40-64,1769485814,2026-01-27T11:50:14,0.0175
1,40-64,1769486114,2026-01-27T11:55:14,0.0175
1,40-64,1769486418,2026-01-27T12:00:18,0.0175
1,40-64,1769486715,2026-01-27T12:05:15,0.0175
1,40-64,1769487015,2026-01-27T12:10:15,0.0175
1,40-64,1769487316,2026-01-27T12:15:16,0.0175
1,40-64,1769487617,2026-01-27T12:20:17,0.018
1,40-64,1769487915,2026-01-27T12:25:15,0.018
1,40-64,1769488215,2026-01-27T12:30:15,0.018
1,40-64,1769488515,2026-01-27T12:35:15,0.018
1,40-64,1769488815,2026-01-27T12:40:15,0.0185
1,40-64,1769489115,2026-01-27T12:45:15,0.0185
1,40-64,1769489417,2026-01-27T12:50:17,0.0185
1,40-64,1769489714,2026-01-27T12:55:14,0.0185
1,40-64,1769490016,2026-01-27T13:00:16,0.0185
1,40-64,1769490325,2026-01-27T13:05:25,0.0185
1,40-64,1769490614,2026-01-27T13:10:14,0.0185
1,40-64,1769490915,2026-01-27T13:15:15,0.0185
1,40-64,1769491214,2026-01-27T13:20:14,0.0185
1,40-64,1769491517,2026-01-27T13:25:17,0.0185
1,40-64,1769491816,2026-01-27T13:30:16,0.0185
1,40-64,1769492114,2026-01-27T13:35:14,0.0185
1,40-64,1769492414,2026-01-27T13:40:14,0.0185
1,40-64,1769492714,2026-01-27T13:45:14,0.0185
1,40-64,1769493016,2026-01-27T13:50:16,0.0205
1,40-64,1769493314,2026-01-27T13:55:14,0.0205
1,40-64,1769493617,2026-01-27T14:00:17,0.0205
1,40-64,1769493914,2026-01-27T14:05:14,0.0205
1,40-64,1769494214,2026-01-27T14:10:14,0.0205
1,40-64,1769494530,2026-01-27T14:15:30,0.0205
1,40-64,1769494815,2026-01-27T14:20:15,0.0205
1,40-64,1769495117,2026-01-27T14:25:17,0.0205
1,40-64,1769495416,2026-01-27T14:30:16,0.0205
1,40-64,1769495731,2026-01-27T14:35:31,0.0205
1,40-64,1769496017,2026-01-27T14:40:17,0.024
1,40-64,1769496314,2026-01-27T14:45:14,0.025
1,40-64,1769496616,2026-01-27T14:50:16,0.0265
1,40-64,1769496916,2026-01-27T14:55:16,0.0265
1,40-64,1769497224,2026-01-27T15:00:24,0.0275
1,40-64,1769497516,2026-01-27T15:05:16,0.0275
1,40-64,1769497814,2026-01-27T15:10:14,0.0275
1,40-64,1769498115,2026-01-27T15:15:15,0.0275
1,40-64,1769498414,2026-01-27T15:20:14,0.0275
1,40-64,1769498714,2026-01-27T15:25:14,0.0275
1,40-64,1769499032,2026-01-27T15:30:32,0.0275
1,40-64,1769499315,2026-01-27T15:35:15,0.0275
1,40-64,1769499618,2026-01-27T15:40:18,0.028
1,40-64,1769499914,2026-01-27T15:45:14,0.028
1,40-64,1769500217,2026-01-27T15:50:17,0.028
1,40-64,1769500514,2026-01-27T15:55:14,0.031
1,40-64,1769500818,2026-01-27T16:00:18,0.043
1,40-64,1769501115,2026-01-27T16:05:15,0.0445
1,40-64,1769501415,2026-01-27T16:10:15,0.045
1,40-64,1769501715,2026-01-27T16:15:15,0.045
1,40-64,1769502027,2026-01-27T16:20:27,0.0455
1,40-64,1769502316,2026-01-27T16:25:16,0.0455
1,40-64,1769502616,2026-01-27T16:30:16,0.0455
1,40-64,1769502915,2026-01-27T16:35:15,0.046
1,40-64,1769503216,2026-01-27T16:40:16,0.0475
1,40-64,1769503515,2026-01-27T16:45:15,0.0485
1,40-64,1769503817,2026-01-27T16:50:17,0.049
1,40-64,1769504115,2026-01-27T16:55:15,0.049
1,40-64,1769504419,2026-01-27T17:00:19,0.052
1,40-64,1769504714,2026-01-27T17:05:14,0.0515
1,40-64,1769505015,2026-01-27T17:10:15,0.052
1,40-64,1769505317,2026-01-27T17:15:17,0.057
1,40-64,1769505615,2026-01-27T17:20:15,0.0545
1,40-64,1769505916,2026-01-27T17:25:16,0.068
1,40-64,1769506216,2026-01-27T17:30:16,0.0615
1,40-64,1769506516,2026-01-27T17:35:16,0.0555
1,40-64,1769506831,2026-01-27T17:40:31,0.0585
1,40-64,1769507117,2026-01-27T17:45:17,0.06
1,40-64,1769507416,2026-01-27T17:50:16,0.0615
1,40-64,1769507714,2026-01-27T17:55:14,0.062
1,40-64,1769508025,2026-01-27T18:00:25,0.0625
1,40-64,1769508314,2026-01-27T18:05:14,0.0625
1,40-64,1769508633,2026-01-27T18:10:33,0.0625
1,40-64,1769508914,2026-01-27T18:15:14,0.0625
1,40-64,1769509216,2026-01-27T18:20:16,0.0625
1,40-64,1769509515,2026-01-27T18:25:15,0.0625
1,40-64,1769509815,2026-01-27T18:30:15,0.0625
1,40-64,1769510115,2026-01-27T18:35:15,0.0625
1,40-64,1769510416,2026-01-27T18:40:16,0.063
1,40-64,1769510730,2026-01-27T18:45:30,0.063
1,40-64,1769511015,2026-01-27T18:50:15,0.063
1,40-64,1769511327,2026-01-27T18:55:27,0.063
1,40-64,1769511617,2026-01-27T19:00:17,0.063
1,40-64,1769511915,2026-01-27T19:05:15,0.063
1,40-64,1769512246,2026-01-27T19:10:46,0.063
1,40-64,1769512526,2026-01-27T19:15:26,0.0625
1,40-64,1769512815,2026-01-27T19:20:15,0.0625
1,40-64,1769513115,2026-01-27T19:25:15,0.0625
1,40-64,1769513416,2026-01-27T19:30:16,0.0625
1,40-64,1769513728,2026-01-27T19:35:28,0.0625
1,40-64,1769514017,2026-01-27T19:40:17,0.066
1,40-64,1769514314,2026-01-27T19:45:14,0.072
1,40-64,1769514615,2026-01-27T19:50:15,0.074
1,40-64,1769514915,2026-01-27T19:55:15,0.0765
1,40-64,1769515223,2026-01-27T20:00:23,0.0825
1,40-64,1769515546,2026-01-27T20:05:46,0.0835
1,40-64,1769515816,2026-01-27T20:10:16,0.0835
1,40-64,1769516115,2026-01-27T20:15:15,0.0865
1,40-64,1769516415,2026-01-27T20:20:15,0.0835
1,40-64,1769516715,2026-01-27T20:25:15,0.084
1,40-64,1769517017,2026-01-27T20:30:17,0.088
1,40-64,1769517318,2026-01-27T20:35:18,0.0865
1,40-64,1769517627,2026-01-27T20:40:27,0.0845
1,40-64,1769517915,2026-01-27T20:45:15,0.086
1,40-64,1769518230,2026-01-27T20:50:30,0.084
1,40-64,1769518516,2026-01-27T20:55:16,0.0835
1,40-64,1769518830,2026-01-27T21:00:30,0.084
1,40-64,1769519115,2026-01-27T21:05:15,0.0895
1,40-64,1769519415,2026-01-27T21:10:15,0.089
1,40-64,1769519716,2026-01-27T21:15:16,0.0945
1,40-64,1769520018,2026-01-27T21:20:18,0.0995
1,40-64,1769520315,2026-01-27T21:25:15,0.0435
1,40-64,1769520616,2026-01-27T21:30:16,0.067
1,40-64,1769520915,2026-01-27T21:35:15,0.065
1,40-64,1769521215,2026-01-27T21:40:15,0.066
1,40-64,1769521519,2026-01-27T21:45:19,0.0655
1,40-64,1769521818,2026-01-27T21:50:18,0.0655
1,40-64,1769522116,2026-01-27T21:55:16,0.0895
1,40-64,1769522417,2026-01-27T22:00:17,0.0815
1,40-64,1769522716,2026-01-27T22:05:16,0.079
1,40-64,1769523015,2026-01-27T22:10:15,0.0805
1,40-64,1769523317,2026-01-27T22:15:17,0.079
1,40-64,1769523616,2026-01-27T22:20:16,0.076
1,40-64,1769523916,2026-01-27T22:25:16,0.072
1,40-64,1769524216,2026-01-27T22:30:16,0.0565
1,40-64,1769524516,2026-01-27T22:35:16,0.058
1,40-64,1769524818,2026-01-27T22:40:18,0.0575
1,40-64,1769525116,2026-01-27T22:45:16,0.0615
1,40-64,1769525416,2026-01-27T22:50:16,0.0645
1,40-64,1769525716,2026-01-27T22:55:16,0.064
1,40-64,1769526018,2026-01-27T23:00:18,0.059
1,40-64,1769526332,2026-01-27T23:05:32,0.058
1,40-64,1769526618,2026-01-27T23:10:18,0.0575
1,40-64,1769526915,2026-01-27T23:15:15,0.055
1,40-64,1769527214,2026-01-27T23:20:14,0.055
1,40-64,1769527516,2026-01-27T23:25:16,0.055
1,40-64,1769527817,2026-01-27T23:30:17,0.055
1,40-64,1769528132,2026-01-27T23:35:32,0.055
1,40-64,1769528416,2026-01-27T23:40:16,0.055
1,40-64,1769528715,2026-01-27T23:45:15,0.055
1,40-64,1769529015,2026-01-27T23:50:15,0.055
1,40-64,1769529314,2026-01-27T23:55:14,0.055
1,40-64,1769529617,2026-01-28T00:00:17,0.0535
1,40-64,1769529919,2026-01-28T00:05:19,0.054
1,40-64,1769530215,2026-01-28T00:10:15,0.054
1,40-64,1769530514,2026-01-28T00:15:14,0.0525
1,40-64,1769530814,2026-01-28T00:20:14,0.045
1,40-64,1769531118,2026-01-28T00:25:18,0.047
1,40-64,1769531416,2026-01-28T00:30:16,0.0485
1,40-64,1769531714,2026-01-28T00:35:14,0.0445
1,40-64,1769532014,2026-01-28T00:40:14,0.045
1,40-64,1769532315,2026-01-28T00:45:15,0.0465
1,40-64,1769532617,2026-01-28T00:50:17,0.0445
1,40-64,1769532915,2026-01-28T00:55:15,0.042
1,40-64,1769533217,2026-01-28T01:00:17,0.043
1,40-64,1769533518,2026-01-28T01:05:18,0.0445
1,40-64,1769533816,2026-01-28T01:10:16,0.045
1,40-64,1769534115,2026-01-28T01:15:15,0.043
1,40-64,1769534415,2026-01-28T01:20:15,0.045
1,40-64,1769534718,2026-01-28T01:25:18,0.0465
1,40-64,1769535034,2026-01-28T01:30:34,0.0465
1,40-64,1769535316,2026-01-28T01:35:16,0.046
1,40-64,1769535615,2026-01-28T01:40:15,0.046
1,40-64,1769535915,2026-01-28T01:45:15,0.046
1,40-64,1769536218,2026-01-28T01:50:18,0.0465
1,40-64,1769536515,2026-01-28T01:55:15,0.0465
1,40-64,1769536819,2026-01-28T02:00:19,0.046
1,40-64,1769537114,2026-01-28T02:05:14,0.0575
1,40-64,1769537416,2026-01-28T02:10:16,0.055
1,40-64,1769537718,2026-01-28T02:15:18,0.0545
1,40-64,1769538015,2026-01-28T02:20:15,0.0555
1,40-64,1769538315,2026-01-28T02:25:15,0.0555
1,40-64,1769538617,2026-01-28T02:30:17,0.0485
1,40-64,1769538915,2026-01-28T02:35:15,0.0535
1,40-64,1769539233,2026-01-28T02:40:33,0.052
1,40-64,1769539515,2026-01-28T02:45:15,0.052
1,40-64,1769539815,2026-01-28T02:50:15,0.052
1,40-64,1769540115,2026-01-28T02:55:15,0.0515
1,40-64,1769540418,2026-01-28T03:00:18,0.053
1,40-64,1769540719,2026-01-28T03:05:19,0.055
1,40-64,1769541016,2026-01-28T03:10:16,0.0585
1,40-64,1769541316,2026-01-28T03:15:16,0.0595
1,40-64,1769541615,2026-01-28T03:20:15,0.0625
1,40-64,1769541916,2026-01-28T03:25:16,0.063
1,40-64,1769542220,2026-01-28T03:30:20,0.063
1,40-64,1769542515,2026-01-28T03:35:15,0.062
1,40-64,1769542815,2026-01-28T03:40:15,0.0605
1,40-64,1769543115,2026-01-28T03:45:15,0.0595
1,40-64,1769543415,2026-01-28T03:50:15,0.0595
1,40-64,1769543719,2026-01-28T03:55:19,0.0595
1,40-64,1769544017,2026-01-28T04:00:17,0.059
1,40-64,1769544331,2026-01-28T04:05:31,0.0585
1,40-64,1769544615,2026-01-28T04:10:15,0.0525
1,40-64,1769544915,2026-01-28T04:15:15,0.0545
1,40-64,1769545215,2026-01-28T04:20:15,0.0565
1,40-64,1769545514,2026-01-28T04:25:14,0.059
1,40-64,1769545817,2026-01-28T04:30:17,0.0575
1,40-64,1769546118,2026-01-28T04:35:18,0.0475
1,40-64,1769546415,2026-01-28T04:40:15,0.047
1,40-64,1769546715,2026-01-28T04:45:15,0.0465
1,40-64,1769547018,2026-01-28T04:50:18,0.0505
1,40-64,1769547315,2026-01-28T04:55:15,0.0445
1,40-64,1769547619,2026-01-28T05:00:19,0.042
1,40-64,1769547915,2026-01-28T05:05:15,0.0415
1,40-64,1769548215,2026-01-28T05:10:15,0.0405
1,40-64,1769548518,2026-01-28T05:15:18,0.0405
1,40-64,1769548814,2026-01-28T05:20:14,0.0415
1,40-64,1769549115,2026-01-28T05:25:15,0.0415
1,40-64,1769549417,2026-01-28T05:30:17,0.041
1,40-64,1769549716,2026-01-28T05:35:16,0.041
1,40-64,1769550018,2026-01-28T05:40:18,0.041
1,40-64,1769550315,2026-01-28T05:45:15,0.0405
1,40-64,1769550618,2026-01-28T05:50:18,0.0465
1,40-64,1769550916,2026-01-28T05:55:16,0.0455
1,40-64,1769551217,2026-01-28T06:00:17,0.0485
1,40-64,1769551515,2026-01-28T06:05:15,0.045
1,40-64,1769551815,2026-01-28T06:10:15,0.051
1,40-64,1769552119,2026-01-28T06:15:19,0.0515
1,40-64,1769552415,2026-01-28T06:20:15,0.0515
1,40-64,1769552715,2026-01-28T06:25:15,0.0465
1,40-64,1769553018,2026-01-28T06:30:18,0.0495
1,40-64,1769553315,2026-01-28T06:35:15,0.049
1,40-64,1769553632,2026-01-28T06:40:32,0.0415
1,40-64,1769553916,2026-01-28T06:45:16,0.041
1,40-64,1769554215,2026-01-28T06:50:15,0.041
1,40-64,1769554514,2026-01-28T06:55:14,0.0485
1,40-64,1769554818,2026-01-28T07:00:18,0.0475
1,40-64,1769555114,2026-01-28T07:05:14,0.0435
1,40-64,1769555418,2026-01-28T07:10:18,0.043
1,40-64,1769555718,2026-01-28T07:15:18,0.0435
1,40-64,1769556015,2026-01-28T07:20:15,0.045
1,40-64,1769556316,2026-01-28T07:25:16,0.052
1,40-64,1769556618,2026-01-28T07:30:18,0.0505
1,40-64,1769556914,2026-01-28T07:35:14,0.054
1,40-64,1769557219,2026-01-28T07:40:19,0.0465
1,40-64,1769557515,2026-01-28T07:45:15,0.044
1,40-64,1769557815,2026-01-28T07:50:15,0.046
1,40-64,1769558115,2026-01-28T07:55:15,0.0425
1,40-64,1769558424,2026-01-28T08:00:24,0.0465
1,40-64,1769558727,2026-01-28T08:05:27,0.0455
1,40-64,1769559019,2026-01-28T08:10:19,0.045
1,40-64,1769559314,2026-01-28T08:15:14,0.045
1,40-64,1769559615,2026-01-28T08:20:15,0.043
1,40-64,1769559916,2026-01-28T08:25:16,0.042
1,40-64,1769560216,2026-01-28T08:30:16,0.046
1,40-64,1769560518,2026-01-28T08:35:18,0.0475
1,40-64,1769560815,2026-01-28T08:40:15,0.044
1,40-64,1769561115,2026-01-28T08:45:15,0.048
1,40-64,1769561415,2026-01-28T08:50:15,0.049
1,40-64,1769561715,2026-01-28T08:55:15,0.049
1,40-64,1769562029,2026-01-28T09:00:29,0.0485
1,40-64,1769562315,2026-01-28T09:05:15,0.049
1,40-64,1769562616,2026-01-28T09:10:16,0.051
1,40-64,1769562928,2026-01-28T09:15:28,0.0505
1,40-64,1769563216,2026-01-28T09:20:16,0.048
1,40-64,1769563516,2026-01-28T09:25:16,0.0485
1,40-64,1769563816,2026-01-28T09:30:16,0.049
1,40-64,1769564114,2026-01-28T09:35:14,0.0495
1,40-64,1769564415,2026-01-28T09:40:15,0.0495
1,40-64,1769564718,2026-01-28T09:45:18,0.05
1,40-64,1769565015,2026-01-28T09:50:15,0.0495
1,40-64,1769565315,2026-01-28T09:55:15,0.0495
1,40-64,1769565620,2026-01-28T10:00:20,0.047
1,40-64,1769565915,2026-01-28T10:05:15,0.049
1,40-64,1769566216,2026-01-28T10:10:16,0.0495
1,40-64,1769566515,2026-01-28T10:15:15,0.0495
1,40-64,1769566815,2026-01-28T10:20:15,0.0495
1,40-64,1769567119,2026-01-28T10:25:19,0.05
1,40-64,1769567418,2026-01-28T10:30:18,0.0495
1,40-64,1769567716,2026-01-28T10:35:16,0.0495
1,40-64,1769568015,2026-01-28T10:40:15,0.044
1,40-64,1769568316,2026-01-28T10:45:16,0.0455
1,40-64,1769568618,2026-01-28T10:50:18,0.046
1,40-64,1769568915,2026-01-28T10:55:15,0.047
1,40-64,1769569221,2026-01-28T11:00:21,0.0475
1,40-64,1769569515,2026-01-28T11:05:15,0.0455
1,40-64,1769569816,2026-01-28T11:10:16,0.044
1,40-64,1769570115,2026-01-28T11:15:15,0.0455
1,40-64,1769570412,2026-01-28T11:20:12,0.0475
1,40-64,1769570433,2026-01-28T11:20:33,0.0475
1,40-64,1769570718,2026-01-28T11:25:18,0.0475
1,40-64,1769571018,2026-01-28T11:30:18,0.0475
1,40-64,1769571315,2026-01-28T11:35:15,0.0475
1,40-64,1769571615,2026-01-28T11:40:15,0.0475
1,40-64,1769571916,2026-01-28T11:45:16,0.0485
1,40-64,1769572219,2026-01-28T11:50:19,0.049
1,40-64,1769572515,2026-01-28T11:55:15,0.0485
1,40-64,1769572835,2026-01-28T12:00:35,0.0505
1,40-64,1769573116,2026-01-28T12:05:16,0.048
1,40-64,1769573415,2026-01-28T12:10:15,0.0475
1,40-64,1769573715,2026-01-28T12:15:15,0.047
1,40-64,1769574015,2026-01-28T12:20:15,0.049
1,40-64,1769574316,2026-01-28T12:25:16,0.0465
1,40-64,1769574620,2026-01-28T12:30:20,0.047
1,40-64,1769574914,2026-01-28T12:35:14,0.047
1,40-64,1769575215,2026-01-28T12:40:15,0.042
1,40-64,1769575516,2026-01-28T12:45:16,0.043
1,40-64,1769575819,2026-01-28T12:50:19,0.0415
1,40-64,1769576115,2026-01-28T12:55:15,0.042
1,40-64,1769576417,2026-01-28T13:00:17,0.0415
1,40-64,1769576715,2026-01-28T13:05:15,0.0415
1,40-64,1769577014,2026-01-28T13:10:14,0.055
1,40-64,1769577319,2026-01-28T13:15:19,0.0555
1,40-64,1769577632,2026-01-28T13:20:32,0.0545
1,40-64,1769577915,2026-01-28T13:25:15,0.049
1,40-64,1769578217,2026-01-28T13:30:17,0.0355
1,40-64,1769578515,2026-01-28T13:35:15,0.036
1,40-64,1769578815,2026-01-28T13:40:15,0.0465
1,40-64,1769579128,2026-01-28T13:45:28,0.0465
1,40-64,1769579418,2026-01-28T13:50:18,0.0415
1,40-64,1769579715,2026-01-28T13:55:15,0.038
1,40-64,1769580019,2026-01-28T14:00:19,0.038
1,40-64,1769580315,2026-01-28T14:05:15,0.038
1,40-64,1769580616,2026-01-28T14:10:16,0.038
1,40-64,1769580918,2026-01-28T14:15:18,0.038
1,40-64,1769581216,2026-01-28T14:20:16,0.038
1,40-64,1769581515,2026-01-28T14:25:15,0.037
1,40-64,1769581819,2026-01-28T14:30:19,0.037
1,40-64,1769582133,2026-01-28T14:35:33,0.0375
1,40-64,1769582415,2026-01-28T14:40:15,0.0365
1,40-64,1769582719,2026-01-28T14:45:19,0.0355
1,40-64,1769583015,2026-01-28T14:50:15,0.0355
1,40-64,1769583315,2026-01-28T14:55:15,0.033
1,40-64,1769583619,2026-01-28T15:00:19,0.0325
1,40-64,1769583914,2026-01-28T15:05:14,0.0325
1,40-64,1769584218,2026-01-28T15:10:18,0.0325
1,40-64,1769584515,2026-01-28T15:15:15,0.0325
1,40-64,1769584815,2026-01-28T15:20:15,0.033
1,40-64,1769585116,2026-01-28T15:25:16,0.0455
1,40-64,1769585418,2026-01-28T15:30:18,0.0415
1,40-64,1769585732,2026-01-28T15:35:32,0.041
1,40-64,1769586019,2026-01-28T15:40:19,0.0385
1,40-64,1769586315,2026-01-28T15:45:15,0.0415
1,40-64,1769586616,2026-01-28T15:50:16,0.047
1,40-64,1769586915,2026-01-28T15:55:15,0.0415
1,40-64,1769587218,2026-01-28T16:00:18,0.0425
1,40-64,1769587518,2026-01-28T16:05:18,0.0435
1,40-64,1769587817,2026-01-28T16:10:17,0.0435
1,40-64,1769588114,2026-01-28T16:15:14,0.0445
1,40-64,1769588415,2026-01-28T16:20:15,0.05
1,40-64,1769588715,2026-01-28T16:25:15,0.045
1,40-64,1769589033,2026-01-28T16:30:33,0.0435
1,40-64,1769589315,2026-01-28T16:35:15,0.041
1,40-64,1769589616,2026-01-28T16:40:16,0.04
1,40-64,1769589915,2026-01-28T16:45:15,0.041
1,40-64,1769590214,2026-01-28T16:50:14,0.041
1,40-64,1769590515,2026-01-28T16:55:15,0.0405
1,40-64,1769590824,2026-01-28T17:00:24,0.0405
1,40-64,1769591115,2026-01-28T17:05:15,0.042
1,40-64,1769591418,2026-01-28T17:10:18,0.041
1,40-64,1769591715,2026-01-28T17:15:15,0.0405
1,40-64,1769592015,2026-01-28T17:20:15,0.041
1,40-64,1769592314,2026-01-28T17:25:14,0.0405
1,40-64,1769592619,2026-01-28T17:30:19,0.0425
1,40-64,1769592919,2026-01-28T17:35:19,0.0425
1,40-64,1769593215,2026-01-28T17:40:15,0.044
1,40-64,1769593514,2026-01-28T17:45:14,0.042
1,40-64,1769593815,2026-01-28T17:50:15,0.04
1,40-64,1769594116,2026-01-28T17:55:16,0.041
1,40-64,1769594440,2026-01-28T18:00:40,0.043
1,40-64,1769594716,2026-01-28T18:05:16,0.043
1,40-64,1769595017,2026-01-28T18:10:17,0.043
1,40-64,1769595316,2026-01-28T18:15:16,0.0415
1,40-64,1769595615,2026-01-28T18:20:15,0.041
1,40-64,1769595914,2026-01-28T18:25:14,0.0405
1,40-64,1769596221,2026-01-28T18:30:21,0.0405
1,40-64,1769596514,2026-01-28T18:35:14,0.0405
1,40-64,1769596816,2026-01-28T18:40:16,0.039
1,40-64,1769597115,2026-01-28T18:45:15,0.0365
1,40-64,1769597415,2026-01-28T18:50:15,0.0345
1,40-64,1769597719,2026-01-28T18:55:19,0.034
1,40-64,1769598018,2026-01-28T19:00:18,0.034
1,40-64,1769598316,2026-01-28T19:05:16,0.034
1,40-64,1769598615,2026-01-28T19:10:15,0.0355
1,40-64,1769598915,2026-01-28T19:15:15,0.0345
1,40-64,1769599219,2026-01-28T19:20:19,0.035
1,40-64,1769599515,2026-01-28T19:25:15,0.035
1,40-64,1769599818,2026-01-28T19:30:18,0.035
1,40-64,1769600114,2026-01-28T19:35:14,0.034
1,40-64,1769600417,2026-01-28T19:40:17,0.037
1,40-64,1769600735,2026-01-28T19:45:35,0.0355
1,40-64,1769601017,2026-01-28T19:50:17,0.035
1,40-64,1769601316,2026-01-28T19:55:16,0.0345
1,40-64,1769601626,2026-01-28T20:00:26,0.0345
1,40-64,1769601915,2026-01-28T20:05:15,0.0345
1,40-64,1769602215,2026-01-28T20:10:15,0.036
1,40-64,1769602522,2026-01-28T20:15:22,0.036
1,40-64,1769602818,2026-01-28T20:20:18,0.0355
1,40-64,1769603116,2026-01-28T20:25:16,0.0355
1,40-64,1769603418,2026-01-28T20:30:18,0.0355
1,40-64,1769603718,2026-01-28T20:35:18,0.0355
1,40-64,1769604016,2026-01-28T20:40:16,0.0355
1,40-64,1769604316,2026-01-28T20:45:16,0.0355
1,40-64,1769604615,2026-01-28T20:50:15,0.0355
1,40-64,1769604915,2026-01-28T20:55:15,0.0355
1,40-64,1769605235,2026-01-28T21:00:35,0.0355
1,40-64,1769605515,2026-01-28T21:05:15,0.0355
1,40-64,1769605815,2026-01-28T21:10:15,0.0345
1,40-64,1769606116,2026-01-28T21:15:16,0.0355
1,40-64,1769606433,2026-01-28T21:20:33,0.0405
1,40-64,1769606716,2026-01-28T21:25:16,0.042
1,40-64,1769607017,2026-01-28T21:30:17,0.0405
1,40-64,1769607315,2026-01-28T21:35:15,0.0465
1,40-64,1769607615,2026-01-28T21:40:15,0.0465
1,40-64,1769607928,2026-01-28T21:45:28,0.047
1,40-64,1769608219,2026-01-28T21:50:19,0.047
1,40-64,1769608516,2026-01-28T21:55:16,0.0485
1,40-64,1769608818,2026-01-28T22:00:18,0.0485
1,40-64,1769609115,2026-01-28T22:05:15,0.049
1,40-64,1769609415,2026-01-28T22:10:15,0.049
1,40-64,1769609719,2026-01-28T22:15:19,0.049
1,40-64,1769610035,2026-01-28T22:20:35,0.052
1,40-64,1769610316,2026-01-28T22:25:16,0.05
1,40-64,1769610618,2026-01-28T22:30:18,0.049
1,40-64,1769610916,2026-01-28T22:35:16,0.0495
1,40-64,1769611216,2026-01-28T22:40:16,0.0535
1,40-64,1769611516,2026-01-28T22:45:16,0.0515
1,40-64,1769611819,2026-01-28T22:50:19,0.0515
1,40-64,1769612118,2026-01-28T22:55:18,0.0385
1,40-64,1769612420,2026-01-28T23:00:20,0.0385
1,40-64,1769612716,2026-01-28T23:05:16,0.0385
1,40-64,1769613017,2026-01-28T23:10:17,0.044
1,40-64,1769613318,2026-01-28T23:15:18,0.044
1,40-64,1769613618,2026-01-28T23:20:18,0.0425
1,40-64,1769613919,2026-01-28T23:25:19,0.047
1,40-64,1769614219,2026-01-28T23:30:19,0.048
1,40-64,1769614515,2026-01-28T23:35:15,0.052
1,40-64,1769614816,2026-01-28T23:40:16,0.053
1,40-64,1769615116,2026-01-28T23:45:16,0.05
1,40-64,1769615418,2026-01-28T23:50:18,0.047
1,40-64,1769615715,2026-01-28T23:55:15,0.0435
1,40-64,1769616018,2026-01-29T00:00:18,0.0425
1,40-64,1769616316,2026-01-29T00:05:16,0.0425
1,40-64,1769616616,2026-01-29T00:10:16,0.043
1,40-64,1769616918,2026-01-29T00:15:18,0.0405
1,40-64,1769617218,2026-01-29T00:20:18,0.0425
1,40-64,1769617516,2026-01-29T00:25:16,0.047
1,40-64,1769617818,2026-01-29T00:30:18,0.048
1,40-64,1769618117,2026-01-29T00:35:17,0.0495
1,40-64,1769618417,2026-01-29T00:40:17,0.0475
1,40-64,1769618718,2026-01-29T00:45:18,0.0505
1,40-64,1769619016,2026-01-29T00:50:16,0.045
1,40-64,1769619315,2026-01-29T00:55:15,0.0455
1,40-64,1769619621,2026-01-29T01:00:21,0.047
1,40-64,1769619916,2026-01-29T01:05:16,0.047
1,40-64,1769620232,2026-01-29T01:10:32,0.047
1,40-64,1769620515,2026-01-29T01:15:15,0.048
1,40-64,1769620816,2026-01-29T01:20:16,0.048
1,40-64,1769621116,2026-01-29T01:25:16,0.049
1,40-64,1769621418,2026-01-29T01:30:18,0.049
1,40-64,1769621719,2026-01-29T01:35:19,0.047
1,40-64,1769622016,2026-01-29T01:40:16,0.0475
1,40-64,1769622316,2026-01-29T01:45:16,0.0485
1,40-64,1769622615,2026-01-29T01:50:15,0.0485
1,40-64,1769622915,2026-01-29T01:55:15,0.0485
1,40-64,1769623237,2026-01-29T02:00:37,0.057
1,40-64,1769623519,2026-01-29T02:05:19,0.0455
1,40-64,1769623816,2026-01-29T02:10:16,0.0455
1,40-64,1769624116,2026-01-29T02:15:16,0.0455
1,40-64,1769624416,2026-01-29T02:20:16,0.0455
1,40-64,1769624715,2026-01-29T02:25:15,0.0455
1,40-64,1769625022,2026-01-29T02:30:22,0.044
1,40-64,1769625316,2026-01-29T02:35:16,0.044
1,40-64,1769625616,2026-01-29T02:40:16,0.044
1,40-64,1769625915,2026-01-29T02:45:15,0.0485
1,40-64,1769626215,2026-01-29T02:50:15,0.0485
1,40-64,1769626534,2026-01-29T02:55:34,0.0495
1,40-64,1769626819,2026-01-29T03:00:19,0.0495
1,40-64,1769627115,2026-01-29T03:05:15,0.0505
1,40-64,1769627416,2026-01-29T03:10:16,0.051
1,40-64,1769627716,2026-01-29T03:15:16,0.051
1,40-64,1769628015,2026-01-29T03:20:15,0.051
1,40-64,1769628321,2026-01-29T03:25:21,0.0505
1,40-64,1769628619,2026-01-29T03:30:19,0.0505
1,40-64,1769628916,2026-01-29T03:35:16,0.051
1,40-64,1769629216,2026-01-29T03:40:16,0.051
1,40-64,1769629516,2026-01-29T03:45:16,0.053
1,40-64,1769629822,2026-01-29T03:50:22,0.055
1,40-64,1769630115,2026-01-29T03:55:15,0.058
1,40-64,1769630423,2026-01-29T04:00:23,0.0545
1,40-64,1769630715,2026-01-29T04:05:15,0.0525
1,40-64,1769631015,2026-01-29T04:10:15,0.0525
1,40-64,1769631315,2026-01-29T04:15:15,0.0545
1,40-64,1769631616,2026-01-29T04:20:16,0.0575
1,40-64,1769631919,2026-01-29T04:25:19,0.0555
1,40-64,1769632219,2026-01-29T04:30:19,0.056
1,40-64,1769632516,2026-01-29T04:35:16,0.058
1,40-64,1769632815,2026-01-29T04:40:15,0.058
1,40-64,1769633116,2026-01-29T04:45:16,0.059
1,40-64,1769633418,2026-01-29T04:50:18,0.0595
1,40-64,1769633716,2026-01-29T04:55:16,0.0585
1,40-64,1769634020,2026-01-29T05:00:20,0.058
1,40-64,1769634315,2026-01-29T05:05:15,0.058
1,40-64,1769634616,2026-01-29T05:10:16,0.058
1,40-64,1769634919,2026-01-29T05:15:19,0.058
1,40-64,1769635219,2026-01-29T05:20:19,0.058
1,40-64,1769635515,2026-01-29T05:25:15,0.0605
1,40-64,1769635818,2026-01-29T05:30:18,0.0605
1,40-64,1769636116,2026-01-29T05:35:16,0.0605
1,40-64,1769636417,2026-01-29T05:40:17,0.0625
1,40-64,1769636735,2026-01-29T05:45:35,0.0625
1,40-64,1769637016,2026-01-29T05:50:16,0.0625
1,40-64,1769637316,2026-01-29T05:55:16,0.0665
1,40-64,1769637619,2026-01-29T06:00:19,0.066
1,40-64,1769637933,2026-01-29T06:05:33,0.0685
1,40-64,1769638216,2026-01-29T06:10:16,0.069
1,40-64,1769638516,2026-01-29T06:15:16,0.069
1,40-64,1769638817,2026-01-29T06:20:17,0.072
1,40-64,1769639116,2026-01-29T06:25:16,0.0725
1,40-64,1769639420,2026-01-29T06:30:20,0.076
1,40-64,1769639719,2026-01-29T06:35:19,0.0775
1,40-64,1769640016,2026-01-29T06:40:16,0.078
1,40-64,1769640316,2026-01-29T06:45:16,0.078
1,40-64,1769640620,2026-01-29T06:50:20,0.0785
1,40-64,1769640917,2026-01-29T06:55:17,0.0785
1,40-64,1769641219,2026-01-29T07:00:19,0.0785
1,40-64,1769641516,2026-01-29T07:05:16,0.0785
1,40-64,1769641817,2026-01-29T07:10:17,0.0785
1,40-64,1769642135,2026-01-29T07:15:35,0.0785
1,40-64,1769642416,2026-01-29T07:20:16,0.0795
1,40-64,1769642715,2026-01-29T07:25:15,0.084
1,40-64,1769643019,2026-01-29T07:30:19,0.085
1,40-64,1769643316,2026-01-29T07:35:16,0.085
1,40-64,1769643617,2026-01-29T07:40:17,0.085
1,40-64,1769643919,2026-01-29T07:45:19,0.0845
1,40-64,1769644217,2026-01-29T07:50:17,0.086
1,40-64,1769644519,2026-01-29T07:55:19,0.088
1,40-64,1769644839,2026-01-29T08:00:39,0.0885
1,40-64,1769645116,2026-01-29T08:05:16,0.0885
1,40-64,1769645415,2026-01-29T08:10:15,0.089
1,40-64,1769645715,2026-01-29T08:15:15,0.089
1,40-64,1769646015,2026-01-29T08:20:15,0.0895
1,40-64,1769646315,2026-01-29T08:25:15,0.0895
1,40-64,1769646619,2026-01-29T08:30:19,0.0895
1,40-64,1769646916,2026-01-29T08:35:16,0.0895
1,40-64,1769647216,2026-01-29T08:40:16,0.0895
1,40-64,1769647516,2026-01-29T08:45:16,0.0895
1,40-64,1769647816,2026-01-29T08:50:16,0.0905
1,40-64,1769648115,2026-01-29T08:55:15,0.09
1,40-64,1769648419,2026-01-29T09:00:19,0.0895
1,40-64,1769648717,2026-01-29T09:05:17,0.089
1,40-64,1769649016,2026-01-29T09:10:16,0.089
1,40-64,1769649316,2026-01-29T09:15:16,0.0885
1,40-64,1769649617,2026-01-29T09:20:17,0.0815
1,40-64,1769649916,2026-01-29T09:25:16,0.0815
1,40-64,1769650219,2026-01-29T09:30:19,0.0815
1,40-64,1769650523,2026-01-29T09:35:23,0.092
1,40-64,1769650816,2026-01-29T09:40:16,0.0835
1,40-64,1769651115,2026-01-29T09:45:15,0.0835
1,40-64,1769651415,2026-01-29T09:50:15,0.0705
1,40-64,1769651716,2026-01-29T09:55:16,0.073
1,40-64,1769652019,2026-01-29T10:00:19,0.074
1,40-64,1769652315,2026-01-29T10:05:15,0.0745
1,40-64,1769652617,2026-01-29T10:10:17,0.0725
1,40-64,1769652916,2026-01-29T10:15:16,0.0735
1,40-64,1769653216,2026-01-29T10:20:16,0.074
1,40-64,1769653528,2026-01-29T10:25:28,0.0725
1,40-64,1769653820,2026-01-29T10:30:20,0.0725
1,40-64,1769654118,2026-01-29T10:35:18,0.0725
1,40-64,1769654415,2026-01-29T10:40:15,0.0675
1,40-64,1769654716,2026-01-29T10:45:16,0.073
1,40-64,1769655017,2026-01-29T10:50:17,0.0675
1,40-64,1769655317,2026-01-29T10:55:17,0.065
1,40-64,1769655623,2026-01-29T11:00:23,0.0655
1,40-64,1769655932,2026-01-29T11:05:32,0.0655
1,40-64,1769656217,2026-01-29T11:10:17,0.0655
1,40-64,1769656516,2026-01-29T11:15:16,0.0645
1,40-64,1769656817,2026-01-29T11:20:17,0.0655
1,40-64,1769657116,2026-01-29T11:25:16,0.0655
1,40-64,1769657419,2026-01-29T11:30:19,0.066
1,40-64,1769657715,2026-01-29T11:35:15,0.0665
1,40-64,1769658017,2026-01-29T11:40:17,0.0665
1,40-64,1769658317,2026-01-29T11:45:17,0.0665
1,40-64,1769658617,2026-01-29T11:50:17,0.0655
1,40-64,1769658916,2026-01-29T11:55:16,0.0655
1,40-64,1769659220,2026-01-29T12:00:20,0.0655
1,40-64,1769659516,2026-01-29T12:05:16,0.065
1,40-64,1769659818,2026-01-29T12:10:18,0.0645
1,40-64,1769660117,2026-01-29T12:15:17,0.064
1,40-64,1769660416,2026-01-29T12:20:16,0.0645
1,40-64,1769660747,2026-01-29T12:25:47,0.0645
1,40-64,1769661019,2026-01-29T12:30:19,0.0645
1,40-64,1769661317,2026-01-29T12:35:17,0.0645
1,40-64,1769661617,2026-01-29T12:40:17,0.0645
1,40-64,1769661916,2026-01-29T12:45:16,0.0645
1,40-64,1769662217,2026-01-29T12:50:17,0.0705
1,40-64,1769662516,2026-01-29T12:55:16,0.07
1,40-64,1769662819,2026-01-29T13:00:19,0.0715
1,40-64,1769663116,2026-01-29T13:05:16,0.0715
1,40-64,1769663416,2026-01-29T13:10:16,0.072
1,40-64,1769663716,2026-01-29T13:15:16,0.07
1,40-64,1769664016,2026-01-29T13:20:16,0.0635
1,40-64,1769664317,2026-01-29T13:25:17,0.0635
1,40-64,1769664620,2026-01-29T13:30:20,0.0635
1,40-64,1769664916,2026-01-29T13:35:16,0.0635
1,40-64,1769665216,2026-01-29T13:40:16,0.0635
1,40-64,1769665516,2026-01-29T13:45:16,0.0655
1,40-64,1769665815,2026-01-29T13:50:15,0.0685
1,40-64,1769666131,2026-01-29T13:55:31,0.0685
1,40-64,1769666421,2026-01-29T14:00:21,0.0695
1,40-64,1769666715,2026-01-29T14:05:15,0.0705
1,40-64,1769667017,2026-01-29T14:10:17,0.078
1,40-64,1769667316,2026-01-29T14:15:16,0.0785
1,40-64,1769667616,2026-01-29T14:20:16,0.0775
1,40-64,1769667918,2026-01-29T14:25:18,0.076
1,40-64,1769668219,2026-01-29T14:30:19,0.0705
1,40-64,1769668532,2026-01-29T14:35:32,0.0705
1,40-64,1769668818,2026-01-29T14:40:18,0.069
1,40-64,1769669116,2026-01-29T14:45:16,0.07
1,40-64,1769669416,2026-01-29T14:50:16,0.07
1,40-64,1769669716,2026-01-29T14:55:16,0.0695
1,40-64,1769670021,2026-01-29T15:00:21,0.0695
1,40-64,1769670317,2026-01-29T15:05:17,0.069
1,40-64,1769670616,2026-01-29T15:10:16,0.0805
1,40-64,1769670916,2026-01-29T15:15:16,0.08
1,40-64,1769671216,2026-01-29T15:20:16,0.0765
1,40-64,1769671516,2026-01-29T15:25:16,0.0755
1,40-64,1769671835,2026-01-29T15:30:35,0.0755
1,40-64,1769672116,2026-01-29T15:35:16,0.058
1,40-64,1769672424,2026-01-29T15:40:24,0.0545
1,40-64,1769672716,2026-01-29T15:45:16,0.055
1,40-64,1769673018,2026-01-29T15:50:18,0.068
1,40-64,1769673316,2026-01-29T15:55:16,0.0675
1,40-64,1769673620,2026-01-29T16:00:20,0.065
1,40-64,1769673917,2026-01-29T16:05:17,0.064
1,40-64,1769674216,2026-01-29T16:10:16,0.0665
1,40-64,1769674515,2026-01-29T16:15:15,0.065
1,40-64,1769674815,2026-01-29T16:20:15,0.066
1,40-64,1769675116,2026-01-29T16:25:16,0.0605
1,40-64,1769675422,2026-01-29T16:30:22,0.0595
1,40-64,1769675716,2026-01-29T16:35:16,0.0575
1,40-64,1769676034,2026-01-29T16:40:34,0.059
1,40-64,1769676316,2026-01-29T16:45:16,0.0595
1,40-64,1769676617,2026-01-29T16:50:17,0.0595
1,40-64,1769676915,2026-01-29T16:55:15,0.059
1,40-64,1769677223,2026-01-29T17:00:23,0.059
1,40-64,1769677516,2026-01-29T17:05:16,0.059
1,40-64,1769677818,2026-01-29T17:10:18,0.057
1,40-64,1769678116,2026-01-29T17:15:16,0.056
1,40-64,1769678417,2026-01-29T17:20:17,0.056
1,40-64,1769678716,2026-01-29T17:25:16,0.055
1,40-64,1769679020,2026-01-29T17:30:20,0.054
1,40-64,1769679318,2026-01-29T17:35:18,0.0525
1,40-64,1769679616,2026-01-29T17:40:16,0.052
1,40-64,1769679916,2026-01-29T17:45:16,0.0515
1,40-64,1769680216,2026-01-29T17:50:16,0.0505
1,40-64,1769680517,2026-01-29T17:55:17,0.0495
1,40-64,1769680823,2026-01-29T18:00:23,0.048
1,40-64,1769681115,2026-01-29T18:05:15,0.048
1,40-64,1769681417,2026-01-29T18:10:17,0.048
1,40-64,1769681716,2026-01-29T18:15:16,0.049
1,40-64,1769682017,2026-01-29T18:20:17,0.049
1,40-64,1769682318,2026-01-29T18:25:18,0.049
1,40-64,1769682619,2026-01-29T18:30:19,0.05
1,40-64,1769682916,2026-01-29T18:35:16,0.05
1,40-64,1769683216,2026-01-29T18:40:16,0.0505
1,40-64,1769683516,2026-01-29T18:45:16,0.0505
1,40-64,1769683819,2026-01-29T18:50:19,0.0505
1,40-64,1769684116,2026-01-29T18:55:16,0.05
1,40-64,1769684421,2026-01-29T19:00:21,0.05
1,40-64,1769684715,2026-01-29T19:05:15,0.0485
1,40-64,1769685017,2026-01-29T19:10:17,0.0475
1,40-64,1769685318,2026-01-29T19:15:18,0.0475
1,40-64,1769685616,2026-01-29T19:20:16,0.0475
1,40-64,1769685916,2026-01-29T19:25:16,0.0475
1,40-64,1769686219,2026-01-29T19:30:19,0.0475
1,40-64,1769686516,2026-01-29T19:35:16,0.0475
1,40-64,1769686819,2026-01-29T19:40:19,0.047
1,40-64,1769687116,2026-01-29T19:45:16,0.051
1,40-64,1769687417,2026-01-29T19:50:17,0.0455
1,40-64,1769687735,2026-01-29T19:55:35,0.0535
1,40-64,1769688029,2026-01-29T20:00:29,0.054
1,40-64,1769688316,2026-01-29T20:05:16,0.054
1,40-64,1769688617,2026-01-29T20:10:17,0.0535
1,40-64,1769688916,2026-01-29T20:15:16,0.0535
1,40-64,1769689216,2026-01-29T20:20:16,0.0535
1,40-64,1769689520,2026-01-29T20:25:20,0.0555
1,40-64,1769689819,2026-01-29T20:30:19,0.058
1,40-64,1769690117,2026-01-29T20:35:17,0.0585
1,40-64,1769690417,2026-01-29T20:40:17,0.059
1,40-64,1769690716,2026-01-29T20:45:16,0.06
1,40-64,1769691019,2026-01-29T20:50:19,0.0605
1,40-64,1769691317,2026-01-29T20:55:17,0.0605
1,40-64,1769691620,2026-01-29T21:00:20,0.0605
1,40-64,1769691916,2026-01-29T21:05:16,0.0605
1,40-64,1769692217,2026-01-29T21:10:17,0.0605
1,40-64,1769692520,2026-01-29T21:15:20,0.0595
1,40-64,1769692819,2026-01-29T21:20:19,0.059
1,40-64,1769693117,2026-01-29T21:25:17,0.052
1,40-64,1769693420,2026-01-29T21:30:20,0.05
1,40-64,1769693716,2026-01-29T21:35:16,0.05
1,40-64,1769694016,2026-01-29T21:40:16,0.0505
1,40-64,1769694325,2026-01-29T21:45:25,0.0465
1,40-64,1769694616,2026-01-29T21:50:16,0.046
1,40-64,1769694920,2026-01-29T21:55:20,0.046
1,40-64,1769695220,2026-01-29T22:00:20,0.046
1,40-64,1769695517,2026-01-29T22:05:17,0.046
1,40-64,1769695837,2026-01-29T22:10:37,0.047
1,40-64,1769696116,2026-01-29T22:15:16,0.047
1,40-64,1769696418,2026-01-29T22:20:18,0.0515
1,40-64,1769696717,2026-01-29T22:25:17,0.0505
1,40-64,1769697021,2026-01-29T22:30:21,0.0465
1,40-64,1769697316,2026-01-29T22:35:16,0.0465
1,40-64,1769697621,2026-01-29T22:40:21,0.0465
1,40-64,1769697916,2026-01-29T22:45:16,0.047
1,40-64,1769698217,2026-01-29T22:50:17,0.0435
1,40-64,1769698517,2026-01-29T22:55:17,0.0435
1,40-64,1769698822,2026-01-29T23:00:22,0.042
1,40-64,1769699119,2026-01-29T23:05:19,0.0355
1,40-64,1769699417,2026-01-29T23:10:17,0.039
1,40-64,1769699754,2026-01-29T23:15:54,0.0365
1,40-64,1769700317,2026-01-29T23:25:17,0.0355
1,40-64,1769700622,2026-01-29T23:30:22,0.035
1,40-64,1769700916,2026-01-29T23:35:16,0.035
1,40-64,1769701217,2026-01-29T23:40:17,0.0345
1,40-64,1769701516,2026-01-29T23:45:16,0.0345
1,40-64,1769702119,2026-01-29T23:55:19,0.036
1,40-64,1769702420,2026-01-30T00:00:20,0.0365
1,40-64,1769702716,2026-01-30T00:05:16,0.0415
1,40-64,1769703017,2026-01-30T00:10:17,0.0415
1,40-64,1769703317,2026-01-30T00:15:17,0.0435
1,40-64,1769703637,2026-01-30T00:20:37,0.045
1,40-64,1769703917,2026-01-30T00:25:17,0.0445
1,40-64,1769704220,2026-01-30T00:30:20,0.047
1,40-64,1769704517,2026-01-30T00:35:17,0.048
1,40-64,1769704817,2026-01-30T00:40:17,0.048
1,40-64,1769705118,2026-01-30T00:45:18,0.048
1,40-64,1769705420,2026-01-30T00:50:20,0.047
1,40-64,1769705718,2026-01-30T00:55:18,0.047
1,40-64,1769706020,2026-01-30T01:00:20,0.047
1,40-64,1769706317,2026-01-30T01:05:17,0.047
1,40-64,1769706617,2026-01-30T01:10:17,0.047
1,40-64,1769706920,2026-01-30T01:15:20,0.045
1,40-64,1769707217,2026-01-30T01:20:17,0.0455
1,40-64,1769707554,2026-01-30T01:25:54,0.0455
1,40-64,1769707831,2026-01-30T01:30:31,0.044
1,40-64,1769708118,2026-01-30T01:35:18,0.044
1,40-64,1769708417,2026-01-30T01:40:17,0.043
1,40-64,1769708717,2026-01-30T01:45:17,0.044
1,40-64,1769709017,2026-01-30T01:50:17,0.04
1,40-64,1769709320,2026-01-30T01:55:20,0.037
1,40-64,1769709623,2026-01-30T02:00:23,0.0365
1,40-64,1769709916,2026-01-30T02:05:16,0.035
1,40-64,1769710217,2026-01-30T02:10:17,0.0345
1,40-64,1769710520,2026-01-30T02:15:20,0.0335
1,40-64,1769710817,2026-01-30T02:20:17,0.028
1,40-64,1769711117,2026-01-30T02:25:17,0.0225
1,40-64,1769711421,2026-01-30T02:30:21,0.0205
1,40-64,1769711717,2026-01-30T02:35:17,0.0205
1,40-64,1769712036,2026-01-30T02:40:36,0.02
1,40-64,1769712316,2026-01-30T02:45:16,0.019
1,40-64,1769712618,2026-01-30T02:50:18,0.0195
1,40-64,1769712918,2026-01-30T02:55:18,0.02
1,40-64,1769713221,2026-01-30T03:00:21,0.0195
1,40-64,1769713517,2026-01-30T03:05:17,0.019
1,40-64,1769713821,2026-01-30T03:10:21,0.019
1,40-64,1769714120,2026-01-30T03:15:20,0.019
1,40-64,1769714430,2026-01-30T03:20:30,0.018
1,40-64,1769714717,2026-01-30T03:25:17,0.016
1,40-64,1769715021,2026-01-30T03:30:21,0.012
1,40-64,1769715318,2026-01-30T03:35:18,0.011
1,40-64,1769715620,2026-01-30T03:40:20,0.011
1,40-64,1769715916,2026-01-30T03:45:16,0.0105
1,40-64,1769716217,2026-01-30T03:50:17,0.0085
1,40-64,1769716516,2026-01-30T03:55:16,0.0085
1,40-64,1769716831,2026-01-30T04:00:31,0.0095
1,40-64,1769717120,2026-01-30T04:05:20,0.0095
1,40-64,1769717416,2026-01-30T04:10:16,0.0095
1,40-64,1769717718,2026-01-30T04:15:18,0.0075
1,40-64,1769718019,2026-01-30T04:20:19,0.007
1,40-64,1769718317,2026-01-30T04:25:17,0.007
1,40-64,1769718624,2026-01-30T04:30:24,0.0065
1,40-64,1769718917,2026-01-30T04:35:17,0.0065
1,40-64,1769719217,2026-01-30T04:40:17,0.005
1,40-64,1769719517,2026-01-30T04:45:17,0.005
1,40-64,1769719820,2026-01-30T04:50:20,0.005
1,40-64,1769720151,2026-01-30T04:55:51,0.005
1,40-64,1769720424,2026-01-30T05:00:24,0.005
1,40-64,1769720716,2026-01-30T05:05:16,0.0055
1,40-64,1769721017,2026-01-30T05:10:17,0.0055
1,40-64,1769721317,2026-01-30T05:15:17,0.0055
1,40-64,1769721616,2026-01-30T05:20:16,0.006
1,40-64,1769721919,2026-01-30T05:25:19,0.006
1,40-64,1769722221,2026-01-30T05:30:21,0.0065
1,40-64,1769722518,2026-01-30T05:35:18,0.0065
1,40-64,1769722821,2026-01-30T05:40:21,0.0065
1,40-64,1769723117,2026-01-30T05:45:17,0.0065
1,40-64,1769723434,2026-01-30T05:50:34,0.006
1,40-64,1769723717,2026-01-30T05:55:17,0.006
1,40-64,1769724022,2026-01-30T06:00:22,0.0065
1,40-64,1769724320,2026-01-30T06:05:20,0.0065
1,40-64,1769724617,2026-01-30T06:10:17,0.0065
1,40-64,1769724919,2026-01-30T06:15:19,0.0095
1,40-64,1769725217,2026-01-30T06:20:17,0.0115
1,40-64,1769725518,2026-01-30T06:25:18,0.012
1,40-64,1769725825,2026-01-30T06:30:25,0.0075
1,40-64,1769726116,2026-01-30T06:35:16,0.0085
1,40-64,1769726416,2026-01-30T06:40:16,0.0085
1,40-64,1769726716,2026-01-30T06:45:16,0.006
1,40-64,1769727016,2026-01-30T06:50:16,0.0055
1,40-64,1769727336,2026-01-30T06:55:36,0.0105
1,40-64,1769727621,2026-01-30T07:00:21,0.011
1,40-64,1769727921,2026-01-30T07:05:21,0.011
1,40-64,1769728217,2026-01-30T07:10:17,0.011
1,40-64,1769728516,2026-01-30T07:15:16,0.0105
1,40-64,1769728836,2026-01-30T07:20:36,0.011
1,40-64,1769729116,2026-01-30T07:25:16,0.011
1,40-64,1769729427,2026-01-30T07:30:27,0.011
1,40-64,1769729717,2026-01-30T07:35:17,0.011
1,40-64,1769730019,2026-01-30T07:40:19,0.0155
1,40-64,1769730316,2026-01-30T07:45:16,0.0155
1,40-64,1769730620,2026-01-30T07:50:20,0.0155
1,40-64,1769730917,2026-01-30T07:55:17,0.0155
1,40-64,1769731228,2026-01-30T08:00:28,0.0155
1,40-64,1769731517,2026-01-30T08:05:17,0.0155
1,40-64,1769731816,2026-01-30T08:10:16,0.0155
1,40-64,1769732120,2026-01-30T08:15:20,0.01
1,40-64,1769732428,2026-01-30T08:20:28,0.0105
1,40-64,1769732716,2026-01-30T08:25:16,0.0105
1,40-64,1769733020,2026-01-30T08:30:20,0.0105
1,40-64,1769733317,2026-01-30T08:35:17,0.0085
1,40-64,1769733630,2026-01-30T08:40:30,0.0235
1,40-64,1769733916,2026-01-30T08:45:16,0.016
1,40-64,1769734216,2026-01-30T08:50:16,0.0145
1,40-64,1769734517,2026-01-30T08:55:17,0.013
1,40-64,1769734820,2026-01-30T09:00:20,0.012
1,40-64,1769735117,2026-01-30T09:05:17,0.012
1,40-64,1769735420,2026-01-30T09:10:20,0.01
1,40-64,1769735721,2026-01-30T09:15:21,0.01
1,40-64,1769736017,2026-01-30T09:20:17,0.0095
1,40-64,1769736318,2026-01-30T09:25:18,0.0095
1,40-64,1769736620,2026-01-30T09:30:20,0.009
1,40-64,1769736917,2026-01-30T09:35:17,0.0085
1,40-64,1769737221,2026-01-30T09:40:21,0.0085
1,40-64,1769737518,2026-01-30T09:45:18,0.0085
1,40-64,1769737822,2026-01-30T09:50:22,0.005
1,40-64,1769738117,2026-01-30T09:55:17,0.004
1,40-64,1769738421,2026-01-30T10:00:21,0.004
1,40-64,1769738718,2026-01-30T10:05:18,0.004
1,40-64,1769739017,2026-01-30T10:10:17,0.004
1,40-64,1769739322,2026-01-30T10:15:22,0.0045
1,40-64,1769739617,2026-01-30T10:20:17,0.0045
1,40-64,1769739918,2026-01-30T10:25:18,0.0045
1,40-64,1769740221,2026-01-30T10:30:21,0.0045
1,40-64,1769740516,2026-01-30T10:35:16,0.0045
1,40-64,1769740834,2026-01-30T10:40:34,0.0045
1,40-64,1769741119,2026-01-30T10:45:19,0.0045
1,40-64,1769741417,2026-01-30T10:50:17,0.0045
1,40-64,1769741716,2026-01-30T10:55:16,0.0045
1,40-64,1769742023,2026-01-30T11:00:23,0.0035
1,40-64,1769742320,2026-01-30T11:05:20,0.0035
1,40-64,1769742617,2026-01-30T11:10:17,0.0035
1,40-64,1769742917,2026-01-30T11:15:17,0.0035
1,40-64,1769743218,2026-01-30T11:20:18,0.0035
1,40-64,1769743516,2026-01-30T11:25:16,0.0035
1,40-64,1769743823,2026-01-30T11:30:23,0.0035
1,40-64,1769744117,2026-01-30T11:35:17,0.0035
1,40-64,1769744419,2026-01-30T11:40:19,0.0035
1,40-64,1769744718,2026-01-30T11:45:18,0.003
1,40-64,1769745017,2026-01-30T11:50:17,0.0025
1,40-64,1769745317,2026-01-30T11:55:17,0.0025
1,40-64,1769745621,2026-01-30T12:00:21,0.0025
1,40-64,1769745920,2026-01-30T12:05:20,0.0025
1,40-64,1769746217,2026-01-30T12:10:17,0.0025
1,40-64,1769746516,2026-01-30T12:15:16,0.0025
1,40-64,1769746817,2026-01-30T12:20:17,0.0025
1,40-64,1769747117,2026-01-30T12:25:17,0.0025
1,40-64,1769747424,2026-01-30T12:30:24,0.0025
1,40-64,1769747717,2026-01-30T12:35:17,0.0025
1,40-64,1769748017,2026-01-30T12:40:17,0.0025
1,40-64,1769748317,2026-01-30T12:45:17,0.0025
1,40-64,1769748617,2026-01-30T12:50:17,0.0025
1,40-64,1769748935,2026-01-30T12:55:35,0.0025
1,40-64,1769749221,2026-01-30T13:00:21,0.0035
1,40-64,1769749516,2026-01-30T13:05:16,0.0035
1,40-64,1769749817,2026-01-30T13:10:17,0.0035
1,40-64,1769750118,2026-01-30T13:15:18,0.0035
1,40-64,1769750416,2026-01-30T13:20:16,0.003
1,40-64,1769750720,2026-01-30T13:25:20,0.003
1,40-64,1769751021,2026-01-30T13:30:21,0.003
1,40-64,1769751317,2026-01-30T13:35:17,0.003
1,40-64,1769751616,2026-01-30T13:40:16,0.005
1,40-64,1769751917,2026-01-30T13:45:17,0.004
1,40-64,1769752220,2026-01-30T13:50:20,0.0055
1,40-64,1769752515,2026-01-30T13:55:15,0.005
1,40-64,1769752822,2026-01-30T14:00:22,0.005
1,40-64,1769753116,2026-01-30T14:05:16,0.0055
1,40-64,1769753417,2026-01-30T14:10:17,0.0055
1,40-64,1769753719,2026-01-30T14:15:19,0.0045
1,40-64,1769754016,2026-01-30T14:20:16,0.0035
1,40-64,1769754316,2026-01-30T14:25:16,0.0035
1,40-64,1769754623,2026-01-30T14:30:23,0.0035
1,40-64,1769754935,2026-01-30T14:35:35,0.0035
1,40-64,1769755216,2026-01-30T14:40:16,0.0035
1,40-64,1769755517,2026-01-30T14:45:17,0.0035
1,40-64,1769755816,2026-01-30T14:50:16,0.0035
1,40-64,1769756116,2026-01-30T14:55:16,0.0035
1,40-64,1769756421,2026-01-30T15:00:21,0.0035
1,40-64,1769756720,2026-01-30T15:05:20,0.0035
1,40-64,1769757016,2026-01-30T15:10:16,0.005
1,40-64,1769757316,2026-01-30T15:15:16,0.004
1,40-64,1769757616,2026-01-30T15:20:16,0.005
1,40-64,1769757916,2026-01-30T15:25:16,0.004
1,40-64,1769758224,2026-01-30T15:30:24,0.0045
1,40-64,1769758516,2026-01-30T15:35:16,0.0045
1,40-64,1769758820,2026-01-30T15:40:20,0.004
1,40-64,1769759116,2026-01-30T15:45:16,0.004
1,40-64,1769759422,2026-01-30T15:50:22,0.004
1,40-64,1769759716,2026-01-30T15:55:16,0.004
1,40-64,1769760020,2026-01-30T16:00:20,0.004
1,40-64,1769760316,2026-01-30T16:05:16,0.0035
1,40-64,1769760617,2026-01-30T16:10:17,0.0035
1,40-64,1769760920,2026-01-30T16:15:20,0.0035
1,40-64,1769761217,2026-01-30T16:20:17,0.0035
1,40-64,1769761518,2026-01-30T16:25:18,0.0035
1,40-64,1769761820,2026-01-30T16:30:20,0.0035
1,40-64,1769762116,2026-01-30T16:35:16,0.003
1,40-64,1769762420,2026-01-30T16:40:20,0.0035
1,40-64,1769762716,2026-01-30T16:45:16,0.003
1,40-64,1769763017,2026-01-30T16:50:17,0.003
1,40-64,1769763317,2026-01-30T16:55:17,0.002
1,40-64,1769763643,2026-01-30T17:00:43,0.0015
1,40-64,1769763917,2026-01-30T17:05:17,0.0015
1,40-64,1769764216,2026-01-30T17:10:16,0.0015
1,40-64,1769764517,2026-01-30T17:15:17,0.0015
1,40-64,1769764816,2026-01-30T17:20:16,0.0015
1,40-64,1769765116,2026-01-30T17:25:16,0.001
1,40-64,1769765424,2026-01-30T17:30:24,0.001
1,40-64,1769765717,2026-01-30T17:35:17,0.0015
1,40-64,1769766016,2026-01-30T17:40:16,0.0015
1,40-64,1769766315,2026-01-30T17:45:15,0.0015
1,40-64,1769766619,2026-01-30T17:50:19,0.0015
1,40-64,1769766916,2026-01-30T17:55:16,0.0015
1,40-64,1769767220,2026-01-30T18:00:20,0.0015
1,40-64,1769767516,2026-01-30T18:05:16,0.0015
1,40-64,1769767815,2026-01-30T18:10:15,0.0015
1,40-64,1769768120,2026-01-30T18:15:20,0.0015
1,40-64,1769768416,2026-01-30T18:20:16,0.0015
1,40-64,1769768720,2026-01-30T18:25:20,0.0015
1,40-64,1769769021,2026-01-30T18:30:21,0.0015
1,40-64,1769769320,2026-01-30T18:35:20,0.0015
1,40-64,1769769617,2026-01-30T18:40:17,0.0015
1,40-64,1769769920,2026-01-30T18:45:20,0.0005
1,40-64,1769770215,2026-01-30T18:50:15,0.0005
1,40-64,1769770516,2026-01-30T18:55:16,0.0005
1,40-64,1769770840,2026-01-30T19:00:40,0.0005
1,40-64,1769771116,2026-01-30T19:05:16,0.0005
1,40-64,1769771416,2026-01-30T19:10:16,0.0005
1,40-64,1769771720,2026-01-30T19:15:20,0.0005
1,40-64,1769772018,2026-01-30T19:20:18,0.0005
1,40-64,1769772316,2026-01-30T19:25:16,0.0005
1,40-64,1769772621,2026-01-30T19:30:21,0.0005
1,40-64,1769772916,2026-01-30T19:35:16,0.0005
1,40-64,1769773222,2026-01-30T19:40:22,0.0005
1,40-64,1769773516,2026-01-30T19:45:16,0.0005
1,40-64,1769773818,2026-01-30T19:50:18,0.0005
1,40-64,1769774117,2026-01-30T19:55:17,0.0005
1,40-64,1769774442,2026-01-30T20:00:42,0.0005
1,40-64,1769774716,2026-01-30T20:05:16,0.0005
1,40-64,1769775016,2026-01-30T20:10:16,0.0005
1,40-64,1769775318,2026-01-30T20:15:18,0.0005
1,40-64,1769775617,2026-01-30T20:20:17,0.0005
1,40-64,1769775929,2026-01-30T20:25:29,0.0005
1,40-64,1769776224,2026-01-30T20:30:24,0.0005
1,40-64,1769776517,2026-01-30T20:35:17,0.0005
1,40-64,1769776818,2026-01-30T20:40:18,0.0005
1,40-64,1769777117,2026-01-30T20:45:17,0.0005
1,40-64,1769777417,2026-01-30T20:50:17,0.0005
1,40-64,1769777720,2026-01-30T20:55:20,0.0005
1,40-64,1769778021,2026-01-30T21:00:21,0.001
1,40-64,1769778317,2026-01-30T21:05:17,0.001
1,40-64,1769778616,2026-01-30T21:10:16,0.001
1,40-64,1769778917,2026-01-30T21:15:17,0.001
1,40-64,1769779220,2026-01-30T21:20:20,0.001
1,40-64,1769779516,2026-01-30T21:25:16,0.001
1,40-64,1769779821,2026-01-30T21:30:21,0.001
1,40-64,1769780117,2026-01-30T21:35:17,0.001
1,40-64,1769780420,2026-01-30T21:40:20,0.001
1,40-64,1769780717,2026-01-30T21:45:17,0.0015
1,40-64,1769781018,2026-01-30T21:50:18,0.0015
1,40-64,1769781318,2026-01-30T21:55:18,0.0015
1,40-64,1769781621,2026-01-30T22:00:21,0.0015
1,40-64,1769781936,2026-01-30T22:05:36,0.0015
1,40-64,1769782217,2026-01-30T22:10:17,0.0015
1,40-64,1769782520,2026-01-30T22:15:20,0.0015
1,40-64,1769782816,2026-01-30T22:20:16,0.0015
1,40-64,1769783116,2026-01-30T22:25:16,0.0015
1,40-64,1769783425,2026-01-30T22:30:25,0.0005
1,40-64,1769783718,2026-01-30T22:35:18,0.0005
1,40-64,1769784017,2026-01-30T22:40:17,0.0005
1,40-64,1769784317,2026-01-30T22:45:17,0.0005
1,40-64,1769784616,2026-01-30T22:50:16,0.0005
1,40-64,1769784937,2026-01-30T22:55:37,0.0005
1,40-64,1769785225,2026-01-30T23:00:25,0.0005
1,40-64,1769785518,2026-01-30T23:05:18,0.0005
1,40-64,1769785816,2026-01-30T23:10:16,0.0005
1,40-64,1769786116,2026-01-30T23:15:16,0.0005
1,40-64,1769786419,2026-01-30T23:20:19,0.0005
1,40-64,1769786720,2026-01-30T23:25:20,0.0005
1,40-64,1769787021,2026-01-30T23:30:21,0.0005
1,40-64,1769787317,2026-01-30T23:35:17,0.0005
1,40-64,1769787616,2026-01-30T23:40:16,0.0005
1,40-64,1769787921,2026-01-30T23:45:21,0.0005
1,40-64,1769788217,2026-01-30T23:50:17,0.0005
1,40-64,1769788516,2026-01-30T23:55:16,0.0005
1,40-64,1769788822,2026-01-31T00:00:22,0.0005
1,40-64,1769789117,2026-01-31T00:05:17,0.0005
1,40-64,1769789436,2026-01-31T00:10:36,0.0005
1,40-64,1769789717,2026-01-31T00:15:17,0.0005
1,40-64,1769790017,2026-01-31T00:20:17,0.0005
1,40-64,1769790316,2026-01-31T00:25:16,0.0005
1,40-64,1769790621,2026-01-31T00:30:21,0.0005
1,40-64,1769790916,2026-01-31T00:35:16,0.0005
1,40-64,1769791220,2026-01-31T00:40:20,0.0005
1,40-64,1769791518,2026-01-31T00:45:18,0.0005
1,40-64,1769791818,2026-01-31T00:50:18,0.0005
1,40-64,1769792116,2026-01-31T00:55:16,0.0005
1,40-64,1769792424,2026-01-31T01:00:24,0.0005
1,40-64,1769792720,2026-01-31T01:05:20,0.0005
1,40-64,1769793016,2026-01-31T01:10:16,0.0005
1,40-64,1769793317,2026-01-31T01:15:17,0.0005
1,40-64,1769793618,2026-01-31T01:20:18,0.0005
1,40-64,1769793921,2026-01-31T01:25:21,0.0005
1,40-64,1769794221,2026-01-31T01:30:21,0.0005
1,40-64,1769794517,2026-01-31T01:35:17,0.0005
1,40-64,1769794818,2026-01-31T01:40:18,0.0005
1,40-64,1769795118,2026-01-31T01:45:18,0.0005
1,40-64,1769795448,2026-01-31T01:50:48,0.0005
1,40-64,1769795717,2026-01-31T01:55:17,0.0005
1,40-64,1769796023,2026-01-31T02:00:23,0.0005
1,40-64,1769796317,2026-01-31T02:05:17,0.0005
1,40-64,1769796618,2026-01-31T02:10:18,0.0005
1,40-64,1769796917,2026-01-31T02:15:17,0.0005
1,40-64,1769797220,2026-01-31T02:20:20,0.0005
1,40-64,1769797517,2026-01-31T02:25:17,0.0005
1,40-64,1769797823,2026-01-31T02:30:23,0.0005
1,40-64,1769798118,2026-01-31T02:35:18,0.0005
1,40-64,1769798419,2026-01-31T02:40:19,0.0005
1,40-64,1769798735,2026-01-31T02:45:35,0.0005
1,40-64,1769799019,2026-01-31T02:50:19,0.0005
1,40-64,1769799316,2026-01-31T02:55:16,0.0005
1,40-64,1769799622,2026-01-31T03:00:22,0.0005
1,40-64,1769799917,2026-01-31T03:05:17,0.0005
1,40-64,1769800224,2026-01-31T03:10:24,0.0005
1,40-64,1769800520,2026-01-31T03:15:20,0.0005
1,40-64,1769800816,2026-01-31T03:20:16,0.0005
1,40-64,1769801117,2026-01-31T03:25:17,0.0005
1,40-64,1769801421,2026-01-31T03:30:21,0.0005
2,65-89,1769448615,2026-01-27T01:30:15,0.175
2,65-89,1769448913,2026-01-27T01:35:13,0.08
2,65-89,1769449213,2026-01-27T01:40:13,0.085
2,65-89,1769449521,2026-01-27T01:45:21,0.08
2,65-89,1769449813,2026-01-27T01:50:13,0.08
2,65-89,1769450113,2026-01-27T01:55:13,0.075
2,65-89,1769450420,2026-01-27T02:00:20,0.07
2,65-89,1769450713,2026-01-27T02:05:13,0.07
2,65-89,1769451013,2026-01-27T02:10:13,0.07
2,65-89,1769451314,2026-01-27T02:15:14,0.07
2,65-89,1769451613,2026-01-27T02:20:13,0.065
2,65-89,1769451915,2026-01-27T02:25:15,0.07
2,65-89,1769452215,2026-01-27T02:30:15,0.07
2,65-89,1769452513,2026-01-27T02:35:13,0.07
2,65-89,1769452823,2026-01-27T02:40:23,0.07
2,65-89,1769453112,2026-01-27T02:45:12,0.07
2,65-89,1769453413,2026-01-27T02:50:13,0.07
2,65-89,1769453713,2026-01-27T02:55:13,0.07
2,65-89,1769454016,2026-01-27T03:00:16,0.07
2,65-89,1769454313,2026-01-27T03:05:13,0.08
2,65-89,1769454615,2026-01-27T03:10:15,0.08
2,65-89,1769454913,2026-01-27T03:15:13,0.085
2,65-89,1769455213,2026-01-27T03:20:13,0.08
2,65-89,1769455512,2026-01-27T03:25:12,0.075
2,65-89,1769455816,2026-01-27T03:30:16,0.08
2,65-89,1769456115,2026-01-27T03:35:15,0.07
2,65-89,1769456413,2026-01-27T03:40:13,0.085
2,65-89,1769456713,2026-01-27T03:45:13,0.08
2,65-89,1769457013,2026-01-27T03:50:13,0.075
2,65-89,1769457313,2026-01-27T03:55:13,0.065
2,65-89,1769457618,2026-01-27T04:00:18,0.065
2,65-89,1769457913,2026-01-27T04:05:13,0.07
2,65-89,1769458214,2026-01-27T04:10:14,0.07
2,65-89,1769458512,2026-01-27T04:15:12,0.07
2,65-89,1769458813,2026-01-27T04:20:13,0.07
2,65-89,1769459123,2026-01-27T04:25:23,0.07
2,65-89,1769459416,2026-01-27T04:30:16,0.07
2,65-89,1769459712,2026-01-27T04:35:12,0.07
2,65-89,1769460013,2026-01-27T04:40:13,0.07
2,65-89,1769460312,2026-01-27T04:45:12,0.07
2,65-89,1769460613,2026-01-27T04:50:13,0.07
2,65-89,1769460915,2026-01-27T04:55:15,0.075
2,65-89,1769461218,2026-01-27T05:00:18,0.075
2,65-89,1769461513,2026-01-27T05:05:13,0.075
2,65-89,1769461813,2026-01-27T05:10:13,0.065
2,65-89,1769462113,2026-01-27T05:15:13,0.065
2,65-89,1769462413,2026-01-27T05:20:13,0.065
2,65-89,1769462714,2026-01-27T05:25:14,0.07
2,65-89,1769463016,2026-01-27T05:30:16,0.07
2,65-89,1769463313,2026-01-27T05:35:13,0.07
2,65-89,1769463613,2026-01-27T05:40:13,0.07
2,65-89,1769463913,2026-01-27T05:45:13,0.07
2,65-89,1769464215,2026-01-27T05:50:15,0.075
2,65-89,1769464516,2026-01-27T05:55:16,0.075
2,65-89,1769464816,2026-01-27T06:00:16,0.07
2,65-89,1769465114,2026-01-27T06:05:14,0.07
2,65-89,1769465413,2026-01-27T06:10:13,0.07
2,65-89,1769465713,2026-01-27T06:15:13,0.07
2,65-89,1769466023,2026-01-27T06:20:23,0.07
2,65-89,1769466315,2026-01-27T06:25:15,0.07
2,65-89,1769466615,2026-01-27T06:30:15,0.07
2,65-89,1769466913,2026-01-27T06:35:13,0.07
2,65-89,1769467213,2026-01-27T06:40:13,0.07
2,65-89,1769467513,2026-01-27T06:45:13,0.07
2,65-89,1769467816,2026-01-27T06:50:16,0.07
2,65-89,1769468114,2026-01-27T06:55:14,0.07
2,65-89,1769468416,2026-01-27T07:00:16,0.07
2,65-89,1769468713,2026-01-27T07:05:13,0.07
2,65-89,1769469013,2026-01-27T07:10:13,0.07
2,65-89,1769469313,2026-01-27T07:15:13,0.07
2,65-89,1769469616,2026-01-27T07:20:16,0.07
2,65-89,1769469913,2026-01-27T07:25:13,0.07
2,65-89,1769470216,2026-01-27T07:30:16,0.085
2,65-89,1769470512,2026-01-27T07:35:12,0.085
2,65-89,1769470814,2026-01-27T07:40:14,0.085
2,65-89,1769471114,2026-01-27T07:45:14,0.085
2,65-89,1769471415,2026-01-27T07:50:15,0.08
2,65-89,1769471713,2026-01-27T07:55:13,0.08
2,65-89,1769472029,2026-01-27T08:00:29,0.08
2,65-89,1769472313,2026-01-27T08:05:13,0.08
2,65-89,1769472613,2026-01-27T08:10:13,0.08
2,65-89,1769472913,2026-01-27T08:15:13,0.08
2,65-89,1769473212,2026-01-27T08:20:12,0.08
2,65-89,1769473512,2026-01-27T08:25:12,0.08
2,65-89,1769473813,2026-01-27T08:30:13,0.08
2,65-89,1769474112,2026-01-27T08:35:12,0.08
2,65-89,1769474413,2026-01-27T08:40:13,0.08
2,65-89,1769474712,2026-01-27T08:45:12,0.08
2,65-89,1769475013,2026-01-27T08:50:13,0.08
2,65-89,1769475314,2026-01-27T08:55:14,0.08
2,65-89,1769475614,2026-01-27T09:00:14,0.08
2,65-89,1769475913,2026-01-27T09:05:13,0.08
2,65-89,1769476213,2026-01-27T09:10:13,0.07
2,65-89,1769476514,2026-01-27T09:15:14,0.07
2,65-89,1769476813,2026-01-27T09:20:13,0.07
2,65-89,1769477113,2026-01-27T09:25:13,0.07
2,65-89,1769477414,2026-01-27T09:30:14,0.07
2,65-89,1769477713,2026-01-27T09:35:13,0.07
2,65-89,1769478013,2026-01-27T09:40:13,0.07
2,65-89,1769478312,2026-01-27T09:45:12,0.07
2,65-89,1769478613,2026-01-27T09:50:13,0.07
2,65-89,1769478912,2026-01-27T09:55:12,0.07
2,65-89,1769479213,2026-01-27T10:00:13,0.07
2,65-89,1769479513,2026-01-27T10:05:13,0.07
2,65-89,1769479813,2026-01-27T10:10:13,0.07
2,65-89,1769480112,2026-01-27T10:15:12,0.07
2,65-89,1769480413,2026-01-27T10:20:13,0.07
2,65-89,1769480713,2026-01-27T10:25:13,0.07
2,65-89,1769481014,2026-01-27T10:30:14,0.07
2,65-89,1769481312,2026-01-27T10:35:12,0.07
2,65-89,1769481613,2026-01-27T10:40:13,0.07
2,65-89,1769481912,2026-01-27T10:45:12,0.07
2,65-89,1769482213,2026-01-27T10:50:13,0.07
2,65-89,1769482518,2026-01-27T10:55:18,0.07
2,65-89,1769482822,2026-01-27T11:00:22,0.07
2,65-89,1769483112,2026-01-27T11:05:12,0.07
2,65-89,1769483413,2026-01-27T11:10:13,0.07
2,65-89,1769483713,2026-01-27T11:15:13,0.07
2,65-89,1769484014,2026-01-27T11:20:14,0.07
2,65-89,1769484312,2026-01-27T11:25:12,0.07
2,65-89,1769484615,2026-01-27T11:30:15,0.07
2,65-89,1769484915,2026-01-27T11:35:15,0.07
2,65-89,1769485213,2026-01-27T11:40:13,0.075
2,65-89,1769485513,2026-01-27T11:45:13,0.075
2,65-89,1769485813,2026-01-27T11:50:13,0.075
2,65-89,1769486112,2026-01-27T11:55:12,0.075
2,65-89,1769486415,2026-01-27T12:00:15,0.075
2,65-89,1769486713,2026-01-27T12:05:13,0.075
2,65-89,1769487013,2026-01-27T12:10:13,0.075
2,65-89,1769487314,2026-01-27T12:15:14,0.075
2,65-89,1769487615,2026-01-27T12:20:15,0.075
2,65-89,1769487913,2026-01-27T12:25:13,0.075
2,65-89,1769488213,2026-01-27T12:30:13,0.075
2,65-89,1769488513,2026-01-27T12:35:13,0.075
2,65-89,1769488813,2026-01-27T12:40:13,0.075
2,65-89,1769489113,2026-01-27T12:45:13,0.075
2,65-89,1769489415,2026-01-27T12:50:15,0.075
2,65-89,1769489713,2026-01-27T12:55:13,0.075
2,65-89,1769490014,2026-01-27T13:00:14,0.075
2,65-89,1769490323,2026-01-27T13:05:23,0.075
2,65-89,1769490612,2026-01-27T13:10:12,0.075
2,65-89,1769490913,2026-01-27T13:15:13,0.075
2,65-89,1769491212,2026-01-27T13:20:12,0.08
2,65-89,1769491514,2026-01-27T13:25:14,0.08
2,65-89,1769491814,2026-01-27T13:30:14,0.08
2,65-89,1769492112,2026-01-27T13:35:12,0.08
2,65-89,1769492412,2026-01-27T13:40:12,0.08
2,65-89,1769492712,2026-01-27T13:45:12,0.08
2,65-89,1769493014,2026-01-27T13:50:14,0.08
2,65-89,1769493312,2026-01-27T13:55:12,0.08
2,65-89,1769493614,2026-01-27T14:00:14,0.08
2,65-89,1769493912,2026-01-27T14:05:12,0.08
2,65-89,1769494213,2026-01-27T14:10:13,0.08
2,65-89,1769494522,2026-01-27T14:15:22,0.08
2,65-89,1769494813,2026-01-27T14:20:13,0.08
2,65-89,1769495114,2026-01-27T14:25:14,0.08
2,65-89,1769495414,2026-01-27T14:30:14,0.08
2,65-89,1769495721,2026-01-27T14:35:21,0.08
2,65-89,1769496014,2026-01-27T14:40:14,0.085
2,65-89,1769496312,2026-01-27T14:45:12,0.085
2,65-89,1769496614,2026-01-27T14:50:14,0.085
2,65-89,1769496913,2026-01-27T14:55:13,0.085
2,65-89,1769497221,2026-01-27T15:00:21,0.085
2,65-89,1769497514,2026-01-27T15:05:14,0.09
2,65-89,1769497812,2026-01-27T15:10:12,0.09
2,65-89,1769498113,2026-01-27T15:15:13,0.09
2,65-89,1769498412,2026-01-27T15:20:12,0.09
2,65-89,1769498712,2026-01-27T15:25:12,0.09
2,65-89,1769499023,2026-01-27T15:30:23,0.095
2,65-89,1769499313,2026-01-27T15:35:13,0.095
2,65-89,1769499615,2026-01-27T15:40:15,0.095
2,65-89,1769499913,2026-01-27T15:45:13,0.095
2,65-89,1769500214,2026-01-27T15:50:14,0.095
2,65-89,1769500513,2026-01-27T15:55:13,0.095
2,65-89,1769500815,2026-01-27T16:00:15,0.11
2,65-89,1769501113,2026-01-27T16:05:13,0.11
2,65-89,1769501414,2026-01-27T16:10:14,0.11
2,65-89,1769501713,2026-01-27T16:15:13,0.11
2,65-89,1769502025,2026-01-27T16:20:25,0.11
2,65-89,1769502314,2026-01-27T16:25:14,0.11
2,65-89,1769502613,2026-01-27T16:30:13,0.11
2,65-89,1769502913,2026-01-27T16:35:13,0.11
2,65-89,1769503214,2026-01-27T16:40:14,0.105
2,65-89,1769503513,2026-01-27T16:45:13,0.11
2,65-89,1769503815,2026-01-27T16:50:15,0.11
2,65-89,1769504114,2026-01-27T16:55:14,0.11
2,65-89,1769504416,2026-01-27T17:00:16,0.11
2,65-89,1769504712,2026-01-27T17:05:12,0.11
2,65-89,1769505013,2026-01-27T17:10:13,0.11
2,65-89,1769505314,2026-01-27T17:15:14,0.11
2,65-89,1769505612,2026-01-27T17:20:12,0.11
2,65-89,1769505914,2026-01-27T17:25:14,0.11
2,65-89,1769506213,2026-01-27T17:30:13,0.11
2,65-89,1769506514,2026-01-27T17:35:14,0.11
2,65-89,1769506822,2026-01-27T17:40:22,0.11
2,65-89,1769507115,2026-01-27T17:45:15,0.11
2,65-89,1769507414,2026-01-27T17:50:14,0.11
2,65-89,1769507713,2026-01-27T17:55:13,0.11
2,65-89,1769508022,2026-01-27T18:00:22,0.11
2,65-89,1769508312,2026-01-27T18:05:12,0.11
2,65-89,1769508630,2026-01-27T18:10:30,0.1
2,65-89,1769508913,2026-01-27T18:15:13,0.1
2,65-89,1769509214,2026-01-27T18:20:14,0.105
2,65-89,1769509513,2026-01-27T18:25:13,0.1
2,65-89,1769509813,2026-01-27T18:30:13,0.1
2,65-89,1769510113,2026-01-27T18:35:13,0.1
2,65-89,1769510413,2026-01-27T18:40:13,0.1
2,65-89,1769510721,2026-01-27T18:45:21,0.1
2,65-89,1769511013,2026-01-27T18:50:13,0.1
2,65-89,1769511326,2026-01-27T18:55:26,0.1
2,65-89,1769511615,2026-01-27T19:00:15,0.1
2,65-89,1769511913,2026-01-27T19:05:13,0.1
2,65-89,1769512237,2026-01-27T19:10:37,0.1
2,65-89,1769512524,2026-01-27T19:15:24,0.1
2,65-89,1769512813,2026-01-27T19:20:13,0.1
2,65-89,1769513113,2026-01-27T19:25:13,0.1
2,65-89,1769513413,2026-01-27T19:30:13,0.1
2,65-89,1769513726,2026-01-27T19:35:26,0.1
2,65-89,1769514014,2026-01-27T19:40:14,0.1
2,65-89,1769514312,2026-01-27T19:45:12,0.11
2,65-89,1769514613,2026-01-27T19:50:13,0.11
2,65-89,1769514913,2026-01-27T19:55:13,0.11
2,65-89,1769515218,2026-01-27T20:00:18,0.11
2,65-89,1769515537,2026-01-27T20:05:37,0.11
2,65-89,1769515814,2026-01-27T20:10:14,0.11
2,65-89,1769516113,2026-01-27T20:15:13,0.11
2,65-89,1769516413,2026-01-27T20:20:13,0.105
2,65-89,1769516714,2026-01-27T20:25:14,0.105
2,65-89,1769517014,2026-01-27T20:30:14,0.105
2,65-89,1769517315,2026-01-27T20:35:15,0.105
2,65-89,1769517625,2026-01-27T20:40:25,0.105
2,65-89,1769517913,2026-01-27T20:45:13,0.11
2,65-89,1769518221,2026-01-27T20:50:21,0.105
2,65-89,1769518514,2026-01-27T20:55:14,0.1
2,65-89,1769518827,2026-01-27T21:00:27,0.105
2,65-89,1769519112,2026-01-27T21:05:12,0.1
2,65-89,1769519413,2026-01-27T21:10:13,0.1
2,65-89,1769519714,2026-01-27T21:15:14,0.1
2,65-89,1769520015,2026-01-27T21:20:15,0.11
2,65-89,1769520313,2026-01-27T21:25:13,0.14
2,65-89,1769520614,2026-01-27T21:30:14,0.205
2,65-89,1769520913,2026-01-27T21:35:13,0.21
2,65-89,1769521213,2026-01-27T21:40:13,0.17
2,65-89,1769521516,2026-01-27T21:45:16,0.165
2,65-89,1769521815,2026-01-27T21:50:15,0.155
2,65-89,1769522113,2026-01-27T21:55:13,0.17
2,65-89,1769522414,2026-01-27T22:00:14,0.185
2,65-89,1769522714,2026-01-27T22:05:14,0.145
2,65-89,1769523013,2026-01-27T22:10:13,0.145
2,65-89,1769523314,2026-01-27T22:15:14,0.145
2,65-89,1769523614,2026-01-27T22:20:14,0.145
2,65-89,1769523914,2026-01-27T22:25:14,0.135
2,65-89,1769524214,2026-01-27T22:30:14,0.135
2,65-89,1769524514,2026-01-27T22:35:14,0.145
2,65-89,1769524815,2026-01-27T22:40:15,0.145
2,65-89,1769525114,2026-01-27T22:45:14,0.145
2,65-89,1769525414,2026-01-27T22:50:14,0.14
2,65-89,1769525714,2026-01-27T22:55:14,0.14
2,65-89,1769526015,2026-01-27T23:00:15,0.14
2,65-89,1769526323,2026-01-27T23:05:23,0.14
2,65-89,1769526615,2026-01-27T23:10:15,0.14
2,65-89,1769526913,2026-01-27T23:15:13,0.14
2,65-89,1769527213,2026-01-27T23:20:13,0.14
2,65-89,1769527514,2026-01-27T23:25:14,0.14
2,65-89,1769527814,2026-01-27T23:30:14,0.14
2,65-89,1769528123,2026-01-27T23:35:23,0.135
2,65-89,1769528414,2026-01-27T23:40:14,0.135
2,65-89,1769528713,2026-01-27T23:45:13,0.135
2,65-89,1769529013,2026-01-27T23:50:13,0.135
2,65-89,1769529313,2026-01-27T23:55:13,0.135
2,65-89,1769529614,2026-01-28T00:00:14,0.135
2,65-89,1769529915,2026-01-28T00:05:15,0.135
2,65-89,1769530213,2026-01-28T00:10:13,0.135
2,65-89,1769530513,2026-01-28T00:15:13,0.135
2,65-89,1769530812,2026-01-28T00:20:12,0.135
2,65-89,1769531115,2026-01-28T00:25:15,0.135
2,65-89,1769531413,2026-01-28T00:30:13,0.135
2,65-89,1769531712,2026-01-28T00:35:12,0.13
2,65-89,1769532012,2026-01-28T00:40:12,0.115
2,65-89,1769532313,2026-01-28T00:45:13,0.125
2,65-89,1769532614,2026-01-28T00:50:14,0.125
2,65-89,1769532913,2026-01-28T00:55:13,0.125
2,65-89,1769533214,2026-01-28T01:00:14,0.125
2,65-89,1769533514,2026-01-28T01:05:14,0.125
2,65-89,1769533814,2026-01-28T01:10:14,0.125
2,65-89,1769534113,2026-01-28T01:15:13,0.12
2,65-89,1769534414,2026-01-28T01:20:14,0.12
2,65-89,1769534715,2026-01-28T01:25:15,0.13
2,65-89,1769535023,2026-01-28T01:30:23,0.14
2,65-89,1769535314,2026-01-28T01:35:14,0.13
2,65-89,1769535613,2026-01-28T01:40:13,0.13
2,65-89,1769535913,2026-01-28T01:45:13,0.13
2,65-89,1769536215,2026-01-28T01:50:15,0.13
2,65-89,1769536513,2026-01-28T01:55:13,0.13
2,65-89,1769536816,2026-01-28T02:00:16,0.13
2,65-89,1769537112,2026-01-28T02:05:12,0.13
2,65-89,1769537414,2026-01-28T02:10:14,0.13
2,65-89,1769537715,2026-01-28T02:15:15,0.13
2,65-89,1769538014,2026-01-28T02:20:14,0.125
2,65-89,1769538313,2026-01-28T02:25:13,0.13
2,65-89,1769538614,2026-01-28T02:30:14,0.13
2,65-89,1769538913,2026-01-28T02:35:13,0.13
2,65-89,1769539223,2026-01-28T02:40:23,0.13
2,65-89,1769539513,2026-01-28T02:45:13,0.13
2,65-89,1769539814,2026-01-28T02:50:14,0.13
2,65-89,1769540113,2026-01-28T02:55:13,0.115
2,65-89,1769540415,2026-01-28T03:00:15,0.11
2,65-89,1769540715,2026-01-28T03:05:15,0.13
2,65-89,1769541014,2026-01-28T03:10:14,0.13
2,65-89,1769541314,2026-01-28T03:15:14,0.135
2,65-89,1769541613,2026-01-28T03:20:13,0.15
2,65-89,1769541914,2026-01-28T03:25:14,0.15
2,65-89,1769542216,2026-01-28T03:30:16,0.15
2,65-89,1769542513,2026-01-28T03:35:13,0.15
2,65-89,1769542814,2026-01-28T03:40:14,0.15
2,65-89,1769543113,2026-01-28T03:45:13,0.14
2,65-89,1769543413,2026-01-28T03:50:13,0.135
2,65-89,1769543715,2026-01-28T03:55:15,0.14
2,65-89,1769544014,2026-01-28T04:00:14,0.14
2,65-89,1769544321,2026-01-28T04:05:21,0.14
2,65-89,1769544614,2026-01-28T04:10:14,0.14
2,65-89,1769544913,2026-01-28T04:15:13,0.14
2,65-89,1769545213,2026-01-28T04:20:13,0.14
2,65-89,1769545512,2026-01-28T04:25:12,0.145
2,65-89,1769545814,2026-01-28T04:30:14,0.14
2,65-89,1769546114,2026-01-28T04:35:14,0.14
2,65-89,1769546413,2026-01-28T04:40:13,0.14
2,65-89,1769546713,2026-01-28T04:45:13,0.14
2,65-89,1769547015,2026-01-28T04:50:15,0.14
2,65-89,1769547313,2026-01-28T04:55:13,0.14
2,65-89,1769547616,2026-01-28T05:00:16,0.14
2,65-89,1769547913,2026-01-28T05:05:13,0.13
2,65-89,1769548213,2026-01-28T05:10:13,0.135
2,65-89,1769548515,2026-01-28T05:15:15,0.135
2,65-89,1769548812,2026-01-28T05:20:12,0.14
2,65-89,1769549113,2026-01-28T05:25:13,0.15
2,65-89,1769549414,2026-01-28T05:30:14,0.145
2,65-89,1769549714,2026-01-28T05:35:14,0.145
2,65-89,1769550014,2026-01-28T05:40:14,0.145
2,65-89,1769550313,2026-01-28T05:45:13,0.145
2,65-89,1769550615,2026-01-28T05:50:15,0.145
2,65-89,1769550914,2026-01-28T05:55:14,0.145
2,65-89,1769551214,2026-01-28T06:00:14,0.145
2,65-89,1769551513,2026-01-28T06:05:13,0.145
2,65-89,1769551813,2026-01-28T06:10:13,0.145
2,65-89,1769552115,2026-01-28T06:15:15,0.145
2,65-89,1769552413,2026-01-28T06:20:13,0.145
2,65-89,1769552713,2026-01-28T06:25:13,0.155
2,65-89,1769553015,2026-01-28T06:30:15,0.14
2,65-89,1769553313,2026-01-28T06:35:13,0.145
2,65-89,1769553623,2026-01-28T06:40:23,0.145
2,65-89,1769553914,2026-01-28T06:45:14,0.145
2,65-89,1769554213,2026-01-28T06:50:13,0.145
2,65-89,1769554512,2026-01-28T06:55:12,0.135
2,65-89,1769554816,2026-01-28T07:00:16,0.135
2,65-89,1769555113,2026-01-28T07:05:13,0.13
2,65-89,1769555415,2026-01-28T07:10:15,0.13
2,65-89,1769555715,2026-01-28T07:15:15,0.13
2,65-89,1769556013,2026-01-28T07:20:13,0.13
2,65-89,1769556313,2026-01-28T07:25:13,0.17
2,65-89,1769556615,2026-01-28T07:30:15,0.155
2,65-89,1769556912,2026-01-28T07:35:12,0.155
2,65-89,1769557215,2026-01-28T07:40:15,0.155
2,65-89,1769557513,2026-01-28T07:45:13,0.15
2,65-89,1769557813,2026-01-28T07:50:13,0.15
2,65-89,1769558114,2026-01-28T07:55:14,0.15
2,65-89,1769558420,2026-01-28T08:00:20,0.15
2,65-89,1769558720,2026-01-28T08:05:20,0.145
2,65-89,1769559015,2026-01-28T08:10:15,0.15
2,65-89,1769559312,2026-01-28T08:15:12,0.155
2,65-89,1769559613,2026-01-28T08:20:13,0.175
2,65-89,1769559914,2026-01-28T08:25:14,0.175
2,65-89,1769560214,2026-01-28T08:30:14,0.18
2,65-89,1769560515,2026-01-28T08:35:15,0.18
2,65-89,1769560813,2026-01-28T08:40:13,0.175
2,65-89,1769561113,2026-01-28T08:45:13,0.17
2,65-89,1769561413,2026-01-28T08:50:13,0.18
2,65-89,1769561713,2026-01-28T08:55:13,0.18
2,65-89,1769562021,2026-01-28T09:00:21,0.18
2,65-89,1769562313,2026-01-28T09:05:13,0.18
2,65-89,1769562614,2026-01-28T09:10:14,0.18
2,65-89,1769562921,2026-01-28T09:15:21,0.18
2,65-89,1769563214,2026-01-28T09:20:14,0.18
2,65-89,1769563514,2026-01-28T09:25:14,0.18
2,65-89,1769563814,2026-01-28T09:30:14,0.18
2,65-89,1769564112,2026-01-28T09:35:12,0.18
2,65-89,1769564414,2026-01-28T09:40:14,0.185
2,65-89,1769564715,2026-01-28T09:45:15,0.185
2,65-89,1769565013,2026-01-28T09:50:13,0.19
2,65-89,1769565313,2026-01-28T09:55:13,0.19
2,65-89,1769565617,2026-01-28T10:00:17,0.185
2,65-89,1769565913,2026-01-28T10:05:13,0.185
2,65-89,1769566214,2026-01-28T10:10:14,0.185
2,65-89,1769566513,2026-01-28T10:15:13,0.185
2,65-89,1769566813,2026-01-28T10:20:13,0.195
2,65-89,1769567115,2026-01-28T10:25:15,0.19
2,65-89,1769567415,2026-01-28T10:30:15,0.195
2,65-89,1769567714,2026-01-28T10:35:14,0.19
2,65-89,1769568013,2026-01-28T10:40:13,0.19
2,65-89,1769568313,2026-01-28T10:45:13,0.195
2,65-89,1769568615,2026-01-28T10:50:15,0.185
2,65-89,1769568913,2026-01-28T10:55:13,0.18
2,65-89,1769569217,2026-01-28T11:00:17,0.185
2,65-89,1769569513,2026-01-28T11:05:13,0.185
2,65-89,1769569814,2026-01-28T11:10:14,0.185
2,65-89,1769570113,2026-01-28T11:15:13,0.18
2,65-89,1769570410,2026-01-28T11:20:10,0.18
2,65-89,1769570431,2026-01-28T11:20:31,0.18
2,65-89,1769570715,2026-01-28T11:25:15,0.18
2,65-89,1769571015,2026-01-28T11:30:15,0.18
2,65-89,1769571313,2026-01-28T11:35:13,0.18
2,65-89,1769571614,2026-01-28T11:40:14,0.185
2,65-89,1769571914,2026-01-28T11:45:14,0.19
2,65-89,1769572216,2026-01-28T11:50:16,0.19
2,65-89,1769572513,2026-01-28T11:55:13,0.19
2,65-89,1769572825,2026-01-28T12:00:25,0.195
2,65-89,1769573114,2026-01-28T12:05:14,0.185
2,65-89,1769573413,2026-01-28T12:10:13,0.195
2,65-89,1769573713,2026-01-28T12:15:13,0.19
2,65-89,1769574013,2026-01-28T12:20:13,0.19
2,65-89,1769574314,2026-01-28T12:25:14,0.19
2,65-89,1769574615,2026-01-28T12:30:15,0.19
2,65-89,1769574912,2026-01-28T12:35:12,0.19
2,65-89,1769575213,2026-01-28T12:40:13,0.195
2,65-89,1769575514,2026-01-28T12:45:14,0.19
2,65-89,1769575815,2026-01-28T12:50:15,0.19
2,65-89,1769576113,2026-01-28T12:55:13,0.185
2,65-89,1769576414,2026-01-28T13:00:14,0.185
2,65-89,1769576713,2026-01-28T13:05:13,0.185
2,65-89,1769577012,2026-01-28T13:10:12,0.185
2,65-89,1769577315,2026-01-28T13:15:15,0.185
2,65-89,1769577623,2026-01-28T13:20:23,0.185
2,65-89,1769577913,2026-01-28T13:25:13,0.185
2,65-89,1769578214,2026-01-28T13:30:14,0.185
2,65-89,1769578513,2026-01-28T13:35:13,0.185
2,65-89,1769578813,2026-01-28T13:40:13,0.185
2,65-89,1769579126,2026-01-28T13:45:26,0.185
2,65-89,1769579415,2026-01-28T13:50:15,0.2
2,65-89,1769579713,2026-01-28T13:55:13,0.2
2,65-89,1769580015,2026-01-28T14:00:15,0.21
2,65-89,1769580313,2026-01-28T14:05:13,0.205
2,65-89,1769580614,2026-01-28T14:10:14,0.22
2,65-89,1769580915,2026-01-28T14:15:15,0.215
2,65-89,1769581214,2026-01-28T14:20:14,0.23
2,65-89,1769581513,2026-01-28T14:25:13,0.235
2,65-89,1769581816,2026-01-28T14:30:16,0.225
2,65-89,1769582123,2026-01-28T14:35:23,0.225
2,65-89,1769582414,2026-01-28T14:40:14,0.215
2,65-89,1769582715,2026-01-28T14:45:15,0.215
2,65-89,1769583013,2026-01-28T14:50:13,0.215
2,65-89,1769583313,2026-01-28T14:55:13,0.23
2,65-89,1769583615,2026-01-28T15:00:15,0.255
2,65-89,1769583912,2026-01-28T15:05:12,0.26
2,65-89,1769584215,2026-01-28T15:10:15,0.26
2,65-89,1769584513,2026-01-28T15:15:13,0.26
2,65-89,1769584813,2026-01-28T15:20:13,0.26
2,65-89,1769585114,2026-01-28T15:25:14,0.26
2,65-89,1769585415,2026-01-28T15:30:15,0.26
2,65-89,1769585722,2026-01-28T15:35:22,0.26
2,65-89,1769586016,2026-01-28T15:40:16,0.26
2,65-89,1769586313,2026-01-28T15:45:13,0.26
2,65-89,1769586614,2026-01-28T15:50:14,0.26
2,65-89,1769586913,2026-01-28T15:55:13,0.26
2,65-89,1769587215,2026-01-28T16:00:15,0.26
2,65-89,1769587515,2026-01-28T16:05:15,0.255
2,65-89,1769587814,2026-01-28T16:10:14,0.255
2,65-89,1769588113,2026-01-28T16:15:13,0.255
2,65-89,1769588413,2026-01-28T16:20:13,0.25
2,65-89,1769588713,2026-01-28T16:25:13,0.25
2,65-89,1769589023,2026-01-28T16:30:23,0.25
2,65-89,1769589313,2026-01-28T16:35:13,0.25
2,65-89,1769589614,2026-01-28T16:40:14,0.22
2,65-89,1769589913,2026-01-28T16:45:13,0.215
2,65-89,1769590212,2026-01-28T16:50:12,0.205
2,65-89,1769590513,2026-01-28T16:55:13,0.205
2,65-89,1769590818,2026-01-28T17:00:18,0.2
2,65-89,1769591113,2026-01-28T17:05:13,0.205
2,65-89,1769591415,2026-01-28T17:10:15,0.205
2,65-89,1769591713,2026-01-28T17:15:13,0.21
2,65-89,1769592013,2026-01-28T17:20:13,0.21
2,65-89,1769592313,2026-01-28T17:25:13,0.21
2,65-89,1769592616,2026-01-28T17:30:16,0.205
2,65-89,1769592915,2026-01-28T17:35:15,0.2
2,65-89,1769593213,2026-01-28T17:40:13,0.2
2,65-89,1769593512,2026-01-28T17:45:12,0.2
2,65-89,1769593813,2026-01-28T17:50:13,0.2
2,65-89,1769594114,2026-01-28T17:55:14,0.2
2,65-89,1769594429,2026-01-28T18:00:29,0.22
2,65-89,1769594714,2026-01-28T18:05:14,0.23
2,65-89,1769595015,2026-01-28T18:10:15,0.22
2,65-89,1769595314,2026-01-28T18:15:14,0.22
2,65-89,1769595613,2026-01-28T18:20:13,0.23
2,65-89,1769595912,2026-01-28T18:25:12,0.22
2,65-89,1769596216,2026-01-28T18:30:16,0.22
2,65-89,1769596513,2026-01-28T18:35:13,0.225
2,65-89,1769596814,2026-01-28T18:40:14,0.23
2,65-89,1769597114,2026-01-28T18:45:14,0.235
2,65-89,1769597413,2026-01-28T18:50:13,0.23
2,65-89,1769597715,2026-01-28T18:55:15,0.24
2,65-89,1769598015,2026-01-28T19:00:15,0.205
2,65-89,1769598314,2026-01-28T19:05:14,0.215
2,65-89,1769598614,2026-01-28T19:10:14,0.22
2,65-89,1769598913,2026-01-28T19:15:13,0.215
2,65-89,1769599216,2026-01-28T19:20:16,0.21
2,65-89,1769599513,2026-01-28T19:25:13,0.21
2,65-89,1769599815,2026-01-28T19:30:15,0.215
2,65-89,1769600112,2026-01-28T19:35:12,0.215
2,65-89,1769600415,2026-01-28T19:40:15,0.21
2,65-89,1769600724,2026-01-28T19:45:24,0.215
2,65-89,1769601014,2026-01-28T19:50:14,0.215
2,65-89,1769601314,2026-01-28T19:55:14,0.21
2,65-89,1769601621,2026-01-28T20:00:21,0.215
2,65-89,1769601913,2026-01-28T20:05:13,0.215
2,65-89,1769602214,2026-01-28T20:10:14,0.215
2,65-89,1769602517,2026-01-28T20:15:17,0.215
2,65-89,1769602814,2026-01-28T20:20:14,0.21
2,65-89,1769603114,2026-01-28T20:25:14,0.22
2,65-89,1769603414,2026-01-28T20:30:14,0.22
2,65-89,1769603715,2026-01-28T20:35:15,0.22
2,65-89,1769604014,2026-01-28T20:40:14,0.22
2,65-89,1769604314,2026-01-28T20:45:14,0.22
2,65-89,1769604613,2026-01-28T20:50:13,0.22
2,65-89,1769604913,2026-01-28T20:55:13,0.22
2,65-89,1769605225,2026-01-28T21:00:25,0.22
2,65-89,1769605513,2026-01-28T21:05:13,0.22
2,65-89,1769605813,2026-01-28T21:10:13,0.215
2,65-89,1769606114,2026-01-28T21:15:14,0.215
2,65-89,1769606423,2026-01-28T21:20:23,0.22
2,65-89,1769606714,2026-01-28T21:25:14,0.22
2,65-89,1769607014,2026-01-28T21:30:14,0.22
2,65-89,1769607313,2026-01-28T21:35:13,0.215
2,65-89,1769607613,2026-01-28T21:40:13,0.215
2,65-89,1769607926,2026-01-28T21:45:26,0.22
2,65-89,1769608215,2026-01-28T21:50:15,0.22
2,65-89,1769608514,2026-01-28T21:55:14,0.22
2,65-89,1769608815,2026-01-28T22:00:15,0.22
2,65-89,1769609113,2026-01-28T22:05:13,0.23
2,65-89,1769609413,2026-01-28T22:10:13,0.23
2,65-89,1769609716,2026-01-28T22:15:16,0.23
2,65-89,1769610025,2026-01-28T22:20:25,0.23
2,65-89,1769610314,2026-01-28T22:25:14,0.23
2,65-89,1769610615,2026-01-28T22:30:15,0.23
2,65-89,1769610914,2026-01-28T22:35:14,0.23
2,65-89,1769611214,2026-01-28T22:40:14,0.23
2,65-89,1769611514,2026-01-28T22:45:14,0.23
2,65-89,1769611816,2026-01-28T22:50:16,0.23
2,65-89,1769612116,2026-01-28T22:55:16,0.23
2,65-89,1769612416,2026-01-28T23:00:16,0.23
2,65-89,1769612714,2026-01-28T23:05:14,0.235
2,65-89,1769613015,2026-01-28T23:10:15,0.24
2,65-89,1769613315,2026-01-28T23:15:15,0.25
2,65-89,1769613615,2026-01-28T23:20:15,0.25
2,65-89,1769613916,2026-01-28T23:25:16,0.25
2,65-89,1769614216,2026-01-28T23:30:16,0.25
2,65-89,1769614513,2026-01-28T23:35:13,0.25
2,65-89,1769614814,2026-01-28T23:40:14,0.25
2,65-89,1769615114,2026-01-28T23:45:14,0.245
2,65-89,1769615415,2026-01-28T23:50:15,0.245
2,65-89,1769615713,2026-01-28T23:55:13,0.255
2,65-89,1769616015,2026-01-29T00:00:15,0.255
2,65-89,1769616315,2026-01-29T00:05:15,0.275
2,65-89,1769616614,2026-01-29T00:10:14,0.28
2,65-89,1769616915,2026-01-29T00:15:15,0.275
2,65-89,1769617214,2026-01-29T00:20:14,0.275
2,65-89,1769617514,2026-01-29T00:25:14,0.275
2,65-89,1769617815,2026-01-29T00:30:15,0.275
2,65-89,1769618114,2026-01-29T00:35:14,0.275
2,65-89,1769618416,2026-01-29T00:40:16,0.285
2,65-89,1769618715,2026-01-29T00:45:15,0.29
2,65-89,1769619014,2026-01-29T00:50:14,0.27
2,65-89,1769619314,2026-01-29T00:55:14,0.255
2,65-89,1769619617,2026-01-29T01:00:17,0.255
2,65-89,1769619914,2026-01-29T01:05:14,0.255
2,65-89,1769620229,2026-01-29T01:10:29,0.255
2,65-89,1769620514,2026-01-29T01:15:14,0.255
2,65-89,1769620814,2026-01-29T01:20:14,0.255
2,65-89,1769621114,2026-01-29T01:25:14,0.255
2,65-89,1769621415,2026-01-29T01:30:15,0.26
2,65-89,1769621716,2026-01-29T01:35:16,0.26
2,65-89,1769622014,2026-01-29T01:40:14,0.26
2,65-89,1769622314,2026-01-29T01:45:14,0.255
2,65-89,1769622613,2026-01-29T01:50:13,0.255
2,65-89,1769622913,2026-01-29T01:55:13,0.255
2,65-89,1769623226,2026-01-29T02:00:26,0.255
2,65-89,1769623516,2026-01-29T02:05:16,0.245
2,65-89,1769623814,2026-01-29T02:10:14,0.24
2,65-89,1769624114,2026-01-29T02:15:14,0.24
2,65-89,1769624414,2026-01-29T02:20:14,0.24
2,65-89,1769624713,2026-01-29T02:25:13,0.25
2,65-89,1769625018,2026-01-29T02:30:18,0.25
2,65-89,1769625314,2026-01-29T02:35:14,0.25
2,65-89,1769625614,2026-01-29T02:40:14,0.25
2,65-89,1769625913,2026-01-29T02:45:13,0.25
2,65-89,1769626213,2026-01-29T02:50:13,0.25
2,65-89,1769626524,2026-01-29T02:55:24,0.25
2,65-89,1769626816,2026-01-29T03:00:16,0.25
2,65-89,1769627113,2026-01-29T03:05:13,0.25
2,65-89,1769627414,2026-01-29T03:10:14,0.25
2,65-89,1769627714,2026-01-29T03:15:14,0.25
2,65-89,1769628013,2026-01-29T03:20:13,0.25
2,65-89,1769628317,2026-01-29T03:25:17,0.25
2,65-89,1769628616,2026-01-29T03:30:16,0.255
2,65-89,1769628914,2026-01-29T03:35:14,0.26
2,65-89,1769629214,2026-01-29T03:40:14,0.26
2,65-89,1769629514,2026-01-29T03:45:14,0.26
2,65-89,1769629817,2026-01-29T03:50:17,0.27
2,65-89,1769630113,2026-01-29T03:55:13,0.26
2,65-89,1769630418,2026-01-29T04:00:18,0.28
2,65-89,1769630713,2026-01-29T04:05:13,0.28
2,65-89,1769631013,2026-01-29T04:10:13,0.28
2,65-89,1769631313,2026-01-29T04:15:13,0.28
2,65-89,1769631613,2026-01-29T04:20:13,0.28
2,65-89,1769631915,2026-01-29T04:25:15,0.28
2,65-89,1769632215,2026-01-29T04:30:15,0.28
2,65-89,1769632514,2026-01-29T04:35:14,0.28
2,65-89,1769632813,2026-01-29T04:40:13,0.28
2,65-89,1769633114,2026-01-29T04:45:14,0.28
2,65-89,1769633415,2026-01-29T04:50:15,0.28
2,65-89,1769633714,2026-01-29T04:55:14,0.29
2,65-89,1769634016,2026-01-29T05:00:16,0.29
2,65-89,1769634313,2026-01-29T05:05:13,0.29
2,65-89,1769634614,2026-01-29T05:10:14,0.29
2,65-89,1769634915,2026-01-29T05:15:15,0.29
2,65-89,1769635215,2026-01-29T05:20:15,0.29
2,65-89,1769635513,2026-01-29T05:25:13,0.29
2,65-89,1769635815,2026-01-29T05:30:15,0.29
2,65-89,1769636114,2026-01-29T05:35:14,0.295
2,65-89,1769636415,2026-01-29T05:40:15,0.295
2,65-89,1769636724,2026-01-29T05:45:24,0.295
2,65-89,1769637014,2026-01-29T05:50:14,0.295
2,65-89,1769637315,2026-01-29T05:55:15,0.29
2,65-89,1769637616,2026-01-29T06:00:16,0.29
2,65-89,1769637923,2026-01-29T06:05:23,0.285
2,65-89,1769638214,2026-01-29T06:10:14,0.285
2,65-89,1769638514,2026-01-29T06:15:14,0.285
2,65-89,1769638815,2026-01-29T06:20:15,0.285
2,65-89,1769639114,2026-01-29T06:25:14,0.285
2,65-89,1769639417,2026-01-29T06:30:17,0.285
2,65-89,1769639716,2026-01-29T06:35:16,0.285
2,65-89,1769640014,2026-01-29T06:40:14,0.285
2,65-89,1769640314,2026-01-29T06:45:14,0.285
2,65-89,1769640616,2026-01-29T06:50:16,0.285
2,65-89,1769640915,2026-01-29T06:55:15,0.285
2,65-89,1769641216,2026-01-29T07:00:16,0.285
2,65-89,1769641514,2026-01-29T07:05:14,0.285
2,65-89,1769641815,2026-01-29T07:10:15,0.285
2,65-89,1769642125,2026-01-29T07:15:25,0.285
2,65-89,1769642414,2026-01-29T07:20:14,0.285
2,65-89,1769642714,2026-01-29T07:25:14,0.285
2,65-89,1769643016,2026-01-29T07:30:16,0.285
2,65-89,1769643314,2026-01-29T07:35:14,0.285
2,65-89,1769643615,2026-01-29T07:40:15,0.285
2,65-89,1769643916,2026-01-29T07:45:16,0.285
2,65-89,1769644215,2026-01-29T07:50:15,0.285
2,65-89,1769644516,2026-01-29T07:55:16,0.285
2,65-89,1769644834,2026-01-29T08:00:34,0.285
2,65-89,1769645114,2026-01-29T08:05:14,0.29
2,65-89,1769645414,2026-01-29T08:10:14,0.295
2,65-89,1769645713,2026-01-29T08:15:13,0.295
2,65-89,1769646013,2026-01-29T08:20:13,0.295
2,65-89,1769646314,2026-01-29T08:25:14,0.295
2,65-89,1769646616,2026-01-29T08:30:16,0.295
2,65-89,1769646915,2026-01-29T08:35:15,0.295
2,65-89,1769647214,2026-01-29T08:40:14,0.295
2,65-89,1769647514,2026-01-29T08:45:14,0.295
2,65-89,1769647815,2026-01-29T08:50:15,0.295
2,65-89,1769648114,2026-01-29T08:55:14,0.295
2,65-89,1769648416,2026-01-29T09:00:16,0.295
2,65-89,1769648715,2026-01-29T09:05:15,0.295
2,65-89,1769649014,2026-01-29T09:10:14,0.295
2,65-89,1769649314,2026-01-29T09:15:14,0.295
2,65-89,1769649615,2026-01-29T09:20:15,0.295
2,65-89,1769649914,2026-01-29T09:25:14,0.295
2,65-89,1769650216,2026-01-29T09:30:16,0.295
2,65-89,1769650519,2026-01-29T09:35:19,0.295
2,65-89,1769650814,2026-01-29T09:40:14,0.305
2,65-89,1769651113,2026-01-29T09:45:13,0.3
2,65-89,1769651413,2026-01-29T09:50:13,0.31
2,65-89,1769651714,2026-01-29T09:55:14,0.315
2,65-89,1769652016,2026-01-29T10:00:16,0.33
2,65-89,1769652313,2026-01-29T10:05:13,0.33
2,65-89,1769652615,2026-01-29T10:10:15,0.33
2,65-89,1769652914,2026-01-29T10:15:14,0.33
2,65-89,1769653214,2026-01-29T10:20:14,0.33
2,65-89,1769653521,2026-01-29T10:25:21,0.33
2,65-89,1769653817,2026-01-29T10:30:17,0.33
2,65-89,1769654116,2026-01-29T10:35:16,0.33
2,65-89,1769654414,2026-01-29T10:40:14,0.33
2,65-89,1769654714,2026-01-29T10:45:14,0.34
2,65-89,1769655015,2026-01-29T10:50:15,0.345
2,65-89,1769655315,2026-01-29T10:55:15,0.345
2,65-89,1769655619,2026-01-29T11:00:19,0.345
2,65-89,1769655930,2026-01-29T11:05:30,0.345
2,65-89,1769656215,2026-01-29T11:10:15,0.345
2,65-89,1769656514,2026-01-29T11:15:14,0.345
2,65-89,1769656814,2026-01-29T11:20:14,0.345
2,65-89,1769657114,2026-01-29T11:25:14,0.345
2,65-89,1769657416,2026-01-29T11:30:16,0.345
2,65-89,1769657713,2026-01-29T11:35:13,0.345
2,65-89,1769658015,2026-01-29T11:40:15,0.345
2,65-89,1769658315,2026-01-29T11:45:15,0.345
2,65-89,1769658615,2026-01-29T11:50:15,0.345
2,65-89,1769658915,2026-01-29T11:55:15,0.345
2,65-89,1769659217,2026-01-29T12:00:17,0.345
2,65-89,1769659514,2026-01-29T12:05:14,0.345
2,65-89,1769659816,2026-01-29T12:10:16,0.345
2,65-89,1769660115,2026-01-29T12:15:15,0.345
2,65-89,1769660415,2026-01-29T12:20:15,0.35
2,65-89,1769660745,2026-01-29T12:25:45,0.345
2,65-89,1769661016,2026-01-29T12:30:16,0.35
2,65-89,1769661315,2026-01-29T12:35:15,0.345
2,65-89,1769661615,2026-01-29T12:40:15,0.335
2,65-89,1769661914,2026-01-29T12:45:14,0.325
2,65-89,1769662215,2026-01-29T12:50:15,0.33
2,65-89,1769662514,2026-01-29T12:55:14,0.335
2,65-89,1769662816,2026-01-29T13:00:16,0.335
2,65-89,1769663114,2026-01-29T13:05:14,0.335
2,65-89,1769663414,2026-01-29T13:10:14,0.335
2,65-89,1769663714,2026-01-29T13:15:14,0.335
2,65-89,1769664014,2026-01-29T13:20:14,0.325
2,65-89,1769664315,2026-01-29T13:25:15,0.325
2,65-89,1769664616,2026-01-29T13:30:16,0.33
2,65-89,1769664914,2026-01-29T13:35:14,0.33
2,65-89,1769665214,2026-01-29T13:40:14,0.33
2,65-89,1769665514,2026-01-29T13:45:14,0.33
2,65-89,1769665813,2026-01-29T13:50:13,0.325
2,65-89,1769666123,2026-01-29T13:55:23,0.325
2,65-89,1769666417,2026-01-29T14:00:17,0.325
2,65-89,1769666714,2026-01-29T14:05:14,0.325
2,65-89,1769667015,2026-01-29T14:10:15,0.32
2,65-89,1769667314,2026-01-29T14:15:14,0.31
2,65-89,1769667614,2026-01-29T14:20:14,0.31
2,65-89,1769667916,2026-01-29T14:25:16,0.31
2,65-89,1769668216,2026-01-29T14:30:16,0.31
2,65-89,1769668523,2026-01-29T14:35:23,0.315
2,65-89,1769668815,2026-01-29T14:40:15,0.31
2,65-89,1769669114,2026-01-29T14:45:14,0.31
2,65-89,1769669414,2026-01-29T14:50:14,0.295
2,65-89,1769669714,2026-01-29T14:55:14,0.305
2,65-89,1769670017,2026-01-29T15:00:17,0.315
2,65-89,1769670315,2026-01-29T15:05:15,0.31
2,65-89,1769670614,2026-01-29T15:10:14,0.32
2,65-89,1769670914,2026-01-29T15:15:14,0.305
2,65-89,1769671214,2026-01-29T15:20:14,0.305
2,65-89,1769671514,2026-01-29T15:25:14,0.305
2,65-89,1769671825,2026-01-29T15:30:25,0.295
2,65-89,1769672114,2026-01-29T15:35:14,0.295
2,65-89,1769672418,2026-01-29T15:40:18,0.295
2,65-89,1769672714,2026-01-29T15:45:14,0.295
2,65-89,1769673016,2026-01-29T15:50:16,0.295
2,65-89,1769673314,2026-01-29T15:55:14,0.275
2,65-89,1769673616,2026-01-29T16:00:16,0.27
2,65-89,1769673915,2026-01-29T16:05:15,0.265
2,65-89,1769674214,2026-01-29T16:10:14,0.27
2,65-89,1769674513,2026-01-29T16:15:13,0.27
2,65-89,1769674813,2026-01-29T16:20:13,0.27
2,65-89,1769675114,2026-01-29T16:25:14,0.27
2,65-89,1769675418,2026-01-29T16:30:18,0.26
2,65-89,1769675714,2026-01-29T16:35:14,0.26
2,65-89,1769676024,2026-01-29T16:40:24,0.26
2,65-89,1769676314,2026-01-29T16:45:14,0.26
2,65-89,1769676615,2026-01-29T16:50:15,0.27
2,65-89,1769676914,2026-01-29T16:55:14,0.26
2,65-89,1769677219,2026-01-29T17:00:19,0.26
2,65-89,1769677514,2026-01-29T17:05:14,0.27
2,65-89,1769677815,2026-01-29T17:10:15,0.27
2,65-89,1769678114,2026-01-29T17:15:14,0.27
2,65-89,1769678415,2026-01-29T17:20:15,0.27
2,65-89,1769678714,2026-01-29T17:25:14,0.27
2,65-89,1769679016,2026-01-29T17:30:16,0.27
2,65-89,1769679315,2026-01-29T17:35:15,0.265
2,65-89,1769679614,2026-01-29T17:40:14,0.265
2,65-89,1769679914,2026-01-29T17:45:14,0.265
2,65-89,1769680214,2026-01-29T17:50:14,0.265
2,65-89,1769680515,2026-01-29T17:55:15,0.265
2,65-89,1769680818,2026-01-29T18:00:18,0.265
2,65-89,1769681114,2026-01-29T18:05:14,0.265
2,65-89,1769681415,2026-01-29T18:10:15,0.265
2,65-89,1769681714,2026-01-29T18:15:14,0.265
2,65-89,1769682015,2026-01-29T18:20:15,0.265
2,65-89,1769682316,2026-01-29T18:25:16,0.265
2,65-89,1769682616,2026-01-29T18:30:16,0.265
2,65-89,1769682914,2026-01-29T18:35:14,0.265
2,65-89,1769683215,2026-01-29T18:40:15,0.265
2,65-89,1769683514,2026-01-29T18:45:14,0.265
2,65-89,1769683816,2026-01-29T18:50:16,0.265
2,65-89,1769684114,2026-01-29T18:55:14,0.265
2,65-89,1769684417,2026-01-29T19:00:17,0.25
2,65-89,1769684713,2026-01-29T19:05:13,0.245
2,65-89,1769685015,2026-01-29T19:10:15,0.25
2,65-89,1769685316,2026-01-29T19:15:16,0.245
2,65-89,1769685614,2026-01-29T19:20:14,0.245
2,65-89,1769685914,2026-01-29T19:25:14,0.245
2,65-89,1769686216,2026-01-29T19:30:16,0.245
2,65-89,1769686514,2026-01-29T19:35:14,0.245
2,65-89,1769686816,2026-01-29T19:40:16,0.245
2,65-89,1769687114,2026-01-29T19:45:14,0.24
2,65-89,1769687415,2026-01-29T19:50:15,0.24
2,65-89,1769687725,2026-01-29T19:55:25,0.24
2,65-89,1769688022,2026-01-29T20:00:22,0.24
2,65-89,1769688314,2026-01-29T20:05:14,0.24
2,65-89,1769688615,2026-01-29T20:10:15,0.24
2,65-89,1769688914,2026-01-29T20:15:14,0.24
2,65-89,1769689214,2026-01-29T20:20:14,0.26
2,65-89,1769689516,2026-01-29T20:25:16,0.26
2,65-89,1769689816,2026-01-29T20:30:16,0.26
2,65-89,1769690115,2026-01-29T20:35:15,0.255
2,65-89,1769690415,2026-01-29T20:40:15,0.26
2,65-89,1769690714,2026-01-29T20:45:14,0.26
2,65-89,1769691016,2026-01-29T20:50:16,0.26
2,65-89,1769691315,2026-01-29T20:55:15,0.26
2,65-89,1769691616,2026-01-29T21:00:16,0.26
2,65-89,1769691914,2026-01-29T21:05:14,0.26
2,65-89,1769692215,2026-01-29T21:10:15,0.26
2,65-89,1769692516,2026-01-29T21:15:16,0.26
2,65-89,1769692816,2026-01-29T21:20:16,0.26
2,65-89,1769693115,2026-01-29T21:25:15,0.26
2,65-89,1769693416,2026-01-29T21:30:16,0.26
2,65-89,1769693714,2026-01-29T21:35:14,0.265
2,65-89,1769694014,2026-01-29T21:40:14,0.26
2,65-89,1769694319,2026-01-29T21:45:19,0.26
2,65-89,1769694614,2026-01-29T21:50:14,0.26
2,65-89,1769694917,2026-01-29T21:55:17,0.26
2,65-89,1769695217,2026-01-29T22:00:17,0.265
2,65-89,1769695515,2026-01-29T22:05:15,0.26
2,65-89,1769695826,2026-01-29T22:10:26,0.25
2,65-89,1769696114,2026-01-29T22:15:14,0.25
2,65-89,1769696415,2026-01-29T22:20:15,0.245
2,65-89,1769696715,2026-01-29T22:25:15,0.24
2,65-89,1769697017,2026-01-29T22:30:17,0.225
2,65-89,1769697314,2026-01-29T22:35:14,0.21
2,65-89,1769697617,2026-01-29T22:40:17,0.21
2,65-89,1769697914,2026-01-29T22:45:14,0.205
2,65-89,1769698215,2026-01-29T22:50:15,0.205
2,65-89,1769698515,2026-01-29T22:55:15,0.195
2,65-89,1769698818,2026-01-29T23:00:18,0.2
2,65-89,1769699116,2026-01-29T23:05:16,0.2
2,65-89,1769699415,2026-01-29T23:10:15,0.195
2,65-89,1769699752,2026-01-29T23:15:52,0.195
2,65-89,1769700315,2026-01-29T23:25:15,0.2
2,65-89,1769700618,2026-01-29T23:30:18,0.205
2,65-89,1769700914,2026-01-29T23:35:14,0.205
2,65-89,1769701215,2026-01-29T23:40:15,0.195
2,65-89,1769701514,2026-01-29T23:45:14,0.2
2,65-89,1769702116,2026-01-29T23:55:16,0.195
2,65-89,1769702416,2026-01-30T00:00:16,0.195
2,65-89,1769702714,2026-01-30T00:05:14,0.205
2,65-89,1769703015,2026-01-30T00:10:15,0.2
2,65-89,1769703315,2026-01-30T00:15:15,0.215
2,65-89,1769703627,2026-01-30T00:20:27,0.22
2,65-89,1769703915,2026-01-30T00:25:15,0.225
2,65-89,1769704216,2026-01-30T00:30:16,0.23
2,65-89,1769704515,2026-01-30T00:35:15,0.2
2,65-89,1769704815,2026-01-30T00:40:15,0.21
2,65-89,1769705115,2026-01-30T00:45:15,0.205
2,65-89,1769705416,2026-01-30T00:50:16,0.19
2,65-89,1769705716,2026-01-30T00:55:16,0.19
2,65-89,1769706017,2026-01-30T01:00:17,0.185
2,65-89,1769706315,2026-01-30T01:05:15,0.185
2,65-89,1769706615,2026-01-30T01:10:15,0.18
2,65-89,1769706916,2026-01-30T01:15:16,0.18
2,65-89,1769707215,2026-01-30T01:20:15,0.18
2,65-89,1769707543,2026-01-30T01:25:43,0.18
2,65-89,1769707828,2026-01-30T01:30:28,0.185
2,65-89,1769708115,2026-01-30T01:35:15,0.18
2,65-89,1769708415,2026-01-30T01:40:15,0.185
2,65-89,1769708715,2026-01-30T01:45:15,0.18
2,65-89,1769709015,2026-01-30T01:50:15,0.185
2,65-89,1769709316,2026-01-30T01:55:16,0.185
2,65-89,1769709618,2026-01-30T02:00:18,0.185
2,65-89,1769709914,2026-01-30T02:05:14,0.185
2,65-89,1769710215,2026-01-30T02:10:15,0.19
2,65-89,1769710517,2026-01-30T02:15:17,0.185
2,65-89,1769710815,2026-01-30T02:20:15,0.15
2,65-89,1769711115,2026-01-30T02:25:15,0.165
2,65-89,1769711417,2026-01-30T02:30:17,0.175
2,65-89,1769711715,2026-01-30T02:35:15,0.14
2,65-89,1769712026,2026-01-30T02:40:26,0.13
2,65-89,1769712314,2026-01-30T02:45:14,0.115
2,65-89,1769712616,2026-01-30T02:50:16,0.11
2,65-89,1769712915,2026-01-30T02:55:15,0.12
2,65-89,1769713217,2026-01-30T03:00:17,0.11
2,65-89,1769713515,2026-01-30T03:05:15,0.11
2,65-89,1769713817,2026-01-30T03:10:17,0.11
2,65-89,1769714117,2026-01-30T03:15:17,0.105
2,65-89,1769714428,2026-01-30T03:20:28,0.105
2,65-89,1769714715,2026-01-30T03:25:15,0.105
2,65-89,1769715017,2026-01-30T03:30:17,0.105
2,65-89,1769715316,2026-01-30T03:35:16,0.095
2,65-89,1769715616,2026-01-30T03:40:16,0.095
2,65-89,1769715914,2026-01-30T03:45:14,0.065
2,65-89,1769716215,2026-01-30T03:50:15,0.065
2,65-89,1769716514,2026-01-30T03:55:14,0.065
2,65-89,1769716828,2026-01-30T04:00:28,0.07
2,65-89,1769717116,2026-01-30T04:05:16,0.07
2,65-89,1769717414,2026-01-30T04:10:14,0.055
2,65-89,1769717715,2026-01-30T04:15:15,0.065
2,65-89,1769718016,2026-01-30T04:20:16,0.05
2,65-89,1769718315,2026-01-30T04:25:15,0.05
2,65-89,1769718619,2026-01-30T04:30:19,0.05
2,65-89,1769718915,2026-01-30T04:35:15,0.05
2,65-89,1769719215,2026-01-30T04:40:15,0.05
2,65-89,1769719516,2026-01-30T04:45:16,0.035
2,65-89,1769719818,2026-01-30T04:50:18,0.0345
2,65-89,1769720140,2026-01-30T04:55:40,0.026
2,65-89,1769720420,2026-01-30T05:00:20,0.0295
2,65-89,1769720714,2026-01-30T05:05:14,0.0205
2,65-89,1769721015,2026-01-30T05:10:15,0.0225
2,65-89,1769721315,2026-01-30T05:15:15,0.0255
2,65-89,1769721614,2026-01-30T05:20:14,0.0215
2,65-89,1769721916,2026-01-30T05:25:16,0.022
2,65-89,1769722218,2026-01-30T05:30:18,0.0285
2,65-89,1769722516,2026-01-30T05:35:16,0.03
2,65-89,1769722817,2026-01-30T05:40:17,0.031
2,65-89,1769723115,2026-01-30T05:45:15,0.0235
2,65-89,1769723432,2026-01-30T05:50:32,0.0335
2,65-89,1769723715,2026-01-30T05:55:15,0.028
2,65-89,1769724018,2026-01-30T06:00:18,0.029
2,65-89,1769724317,2026-01-30T06:05:17,0.028
2,65-89,1769724615,2026-01-30T06:10:15,0.028
2,65-89,1769724917,2026-01-30T06:15:17,0.028
2,65-89,1769725215,2026-01-30T06:20:15,0.0275
2,65-89,1769725515,2026-01-30T06:25:15,0.028
2,65-89,1769725820,2026-01-30T06:30:20,0.0275
2,65-89,1769726114,2026-01-30T06:35:14,0.0275
2,65-89,1769726414,2026-01-30T06:40:14,0.0275
2,65-89,1769726714,2026-01-30T06:45:14,0.025
2,65-89,1769727014,2026-01-30T06:50:14,0.025
2,65-89,1769727325,2026-01-30T06:55:25,0.0265
2,65-89,1769727617,2026-01-30T07:00:17,0.0255
2,65-89,1769727917,2026-01-30T07:05:17,0.0255
2,65-89,1769728215,2026-01-30T07:10:15,0.0255
2,65-89,1769728513,2026-01-30T07:15:13,0.0255
2,65-89,1769728826,2026-01-30T07:20:26,0.0295
2,65-89,1769729114,2026-01-30T07:25:14,0.031
2,65-89,1769729421,2026-01-30T07:30:21,0.031
2,65-89,1769729715,2026-01-30T07:35:15,0.031
2,65-89,1769730016,2026-01-30T07:40:16,0.0315
2,65-89,1769730314,2026-01-30T07:45:14,0.0315
2,65-89,1769730616,2026-01-30T07:50:16,0.032
2,65-89,1769730915,2026-01-30T07:55:15,0.0315
2,65-89,1769731222,2026-01-30T08:00:22,0.0315
2,65-89,1769731515,2026-01-30T08:05:15,0.0295
2,65-89,1769731814,2026-01-30T08:10:14,0.0295
2,65-89,1769732116,2026-01-30T08:15:16,0.031
2,65-89,1769732426,2026-01-30T08:20:26,0.032
2,65-89,1769732714,2026-01-30T08:25:14,0.029
2,65-89,1769733016,2026-01-30T08:30:16,0.03
2,65-89,1769733315,2026-01-30T08:35:15,0.029
2,65-89,1769733623,2026-01-30T08:40:23,0.029
2,65-89,1769733914,2026-01-30T08:45:14,0.032
2,65-89,1769734214,2026-01-30T08:50:14,0.0295
2,65-89,1769734515,2026-01-30T08:55:15,0.0295
2,65-89,1769734817,2026-01-30T09:00:17,0.0295
2,65-89,1769735115,2026-01-30T09:05:15,0.0315
2,65-89,1769735417,2026-01-30T09:10:17,0.0295
2,65-89,1769735717,2026-01-30T09:15:17,0.0295
2,65-89,1769736015,2026-01-30T09:20:15,0.0295
2,65-89,1769736316,2026-01-30T09:25:16,0.0295
2,65-89,1769736617,2026-01-30T09:30:17,0.0295
2,65-89,1769736915,2026-01-30T09:35:15,0.0295
2,65-89,1769737217,2026-01-30T09:40:17,0.0295
2,65-89,1769737516,2026-01-30T09:45:16,0.0295
2,65-89,1769737818,2026-01-30T09:50:18,0.0295
2,65-89,1769738115,2026-01-30T09:55:15,0.0295
2,65-89,1769738418,2026-01-30T10:00:18,0.0295
2,65-89,1769738716,2026-01-30T10:05:16,0.029
2,65-89,1769739015,2026-01-30T10:10:15,0.029
2,65-89,1769739318,2026-01-30T10:15:18,0.029
2,65-89,1769739615,2026-01-30T10:20:15,0.0295
2,65-89,1769739915,2026-01-30T10:25:15,0.029
2,65-89,1769740217,2026-01-30T10:30:17,0.0325
2,65-89,1769740514,2026-01-30T10:35:14,0.0325
2,65-89,1769740825,2026-01-30T10:40:25,0.0325
2,65-89,1769741116,2026-01-30T10:45:16,0.0325
2,65-89,1769741415,2026-01-30T10:50:15,0.0375
2,65-89,1769741714,2026-01-30T10:55:14,0.0375
2,65-89,1769742018,2026-01-30T11:00:18,0.04
2,65-89,1769742316,2026-01-30T11:05:16,0.0385
2,65-89,1769742615,2026-01-30T11:10:15,0.0385
2,65-89,1769742915,2026-01-30T11:15:15,0.038
2,65-89,1769743215,2026-01-30T11:20:15,0.0385
2,65-89,1769743514,2026-01-30T11:25:14,0.039
2,65-89,1769743819,2026-01-30T11:30:19,0.032
2,65-89,1769744115,2026-01-30T11:35:15,0.029
2,65-89,1769744416,2026-01-30T11:40:16,0.033
2,65-89,1769744716,2026-01-30T11:45:16,0.033
2,65-89,1769745016,2026-01-30T11:50:16,0.029
2,65-89,1769745315,2026-01-30T11:55:15,0.0285
2,65-89,1769745617,2026-01-30T12:00:17,0.0285
2,65-89,1769745916,2026-01-30T12:05:16,0.0285
2,65-89,1769746215,2026-01-30T12:10:15,0.029
2,65-89,1769746514,2026-01-30T12:15:14,0.029
2,65-89,1769746815,2026-01-30T12:20:15,0.029
2,65-89,1769747115,2026-01-30T12:25:15,0.029
2,65-89,1769747419,2026-01-30T12:30:19,0.029
2,65-89,1769747714,2026-01-30T12:35:14,0.029
2,65-89,1769748015,2026-01-30T12:40:15,0.029
2,65-89,1769748315,2026-01-30T12:45:15,0.029
2,65-89,1769748615,2026-01-30T12:50:15,0.029
2,65-89,1769748924,2026-01-30T12:55:24,0.029
2,65-89,1769749217,2026-01-30T13:00:17,0.029
2,65-89,1769749514,2026-01-30T13:05:14,0.028
2,65-89,1769749815,2026-01-30T13:10:15,0.028
2,65-89,1769750115,2026-01-30T13:15:15,0.028
2,65-89,1769750414,2026-01-30T13:20:14,0.028
2,65-89,1769750716,2026-01-30T13:25:16,0.03
2,65-89,1769751017,2026-01-30T13:30:17,0.0345
2,65-89,1769751315,2026-01-30T13:35:15,0.0345
2,65-89,1769751614,2026-01-30T13:40:14,0.0345
2,65-89,1769751915,2026-01-30T13:45:15,0.036
2,65-89,1769752216,2026-01-30T13:50:16,0.035
2,65-89,1769752513,2026-01-30T13:55:13,0.0415
2,65-89,1769752817,2026-01-30T14:00:17,0.042
2,65-89,1769753114,2026-01-30T14:05:14,0.0515
2,65-89,1769753415,2026-01-30T14:10:15,0.0515
2,65-89,1769753716,2026-01-30T14:15:16,0.049
2,65-89,1769754014,2026-01-30T14:20:14,0.044
2,65-89,1769754314,2026-01-30T14:25:14,0.0425
2,65-89,1769754619,2026-01-30T14:30:19,0.0435
2,65-89,1769754925,2026-01-30T14:35:25,0.0385
2,65-89,1769755214,2026-01-30T14:40:14,0.0375
2,65-89,1769755515,2026-01-30T14:45:15,0.0375
2,65-89,1769755814,2026-01-30T14:50:14,0.041
2,65-89,1769756114,2026-01-30T14:55:14,0.037
2,65-89,1769756416,2026-01-30T15:00:16,0.0375
2,65-89,1769756716,2026-01-30T15:05:16,0.0375
2,65-89,1769757014,2026-01-30T15:10:14,0.0375
2,65-89,1769757314,2026-01-30T15:15:14,0.0375
2,65-89,1769757614,2026-01-30T15:20:14,0.038
2,65-89,1769757914,2026-01-30T15:25:14,0.0385
2,65-89,1769758219,2026-01-30T15:30:19,0.0465
2,65-89,1769758514,2026-01-30T15:35:14,0.0455
2,65-89,1769758816,2026-01-30T15:40:16,0.0465
2,65-89,1769759114,2026-01-30T15:45:14,0.046
2,65-89,1769759417,2026-01-30T15:50:17,0.0475
2,65-89,1769759714,2026-01-30T15:55:14,0.0475
2,65-89,1769760017,2026-01-30T16:00:17,0.0475
2,65-89,1769760314,2026-01-30T16:05:14,0.061
2,65-89,1769760615,2026-01-30T16:10:15,0.0595
2,65-89,1769760916,2026-01-30T16:15:16,0.06
2,65-89,1769761214,2026-01-30T16:20:14,0.0385
2,65-89,1769761515,2026-01-30T16:25:15,0.0335
2,65-89,1769761816,2026-01-30T16:30:16,0.032
2,65-89,1769762114,2026-01-30T16:35:14,0.028
2,65-89,1769762416,2026-01-30T16:40:16,0.0285
2,65-89,1769762713,2026-01-30T16:45:13,0.0285
2,65-89,1769763015,2026-01-30T16:50:15,0.0285
2,65-89,1769763315,2026-01-30T16:55:15,0.0285
2,65-89,1769763629,2026-01-30T17:00:29,0.028
2,65-89,1769763915,2026-01-30T17:05:15,0.027
2,65-89,1769764214,2026-01-30T17:10:14,0.025
2,65-89,1769764515,2026-01-30T17:15:15,0.024
2,65-89,1769764814,2026-01-30T17:20:14,0.025
2,65-89,1769765114,2026-01-30T17:25:14,0.023
2,65-89,1769765418,2026-01-30T17:30:18,0.023
2,65-89,1769765714,2026-01-30T17:35:14,0.022
2,65-89,1769766014,2026-01-30T17:40:14,0.021
2,65-89,1769766313,2026-01-30T17:45:13,0.0215
2,65-89,1769766616,2026-01-30T17:50:16,0.021
2,65-89,1769766914,2026-01-30T17:55:14,0.0205
2,65-89,1769767216,2026-01-30T18:00:16,0.021
2,65-89,1769767514,2026-01-30T18:05:14,0.022
2,65-89,1769767813,2026-01-30T18:10:13,0.022
2,65-89,1769768116,2026-01-30T18:15:16,0.022
2,65-89,1769768414,2026-01-30T18:20:14,0.022
2,65-89,1769768716,2026-01-30T18:25:16,0.0215
2,65-89,1769769018,2026-01-30T18:30:18,0.021
2,65-89,1769769316,2026-01-30T18:35:16,0.021
2,65-89,1769769615,2026-01-30T18:40:15,0.0215
2,65-89,1769769917,2026-01-30T18:45:17,0.0195
2,65-89,1769770213,2026-01-30T18:50:13,0.0185
2,65-89,1769770514,2026-01-30T18:55:14,0.0245
2,65-89,1769770827,2026-01-30T19:00:27,0.025
2,65-89,1769771114,2026-01-30T19:05:14,0.0245
2,65-89,1769771414,2026-01-30T19:10:14,0.0255
2,65-89,1769771717,2026-01-30T19:15:17,0.0255
2,65-89,1769772015,2026-01-30T19:20:15,0.0255
2,65-89,1769772314,2026-01-30T19:25:14,0.023
2,65-89,1769772616,2026-01-30T19:30:16,0.0235
2,65-89,1769772914,2026-01-30T19:35:14,0.0225
2,65-89,1769773217,2026-01-30T19:40:17,0.019
2,65-89,1769773514,2026-01-30T19:45:14,0.019
2,65-89,1769773815,2026-01-30T19:50:15,0.02
2,65-89,1769774114,2026-01-30T19:55:14,0.0205
2,65-89,1769774433,2026-01-30T20:00:33,0.02
2,65-89,1769774714,2026-01-30T20:05:14,0.02
2,65-89,1769775014,2026-01-30T20:10:14,0.02
2,65-89,1769775316,2026-01-30T20:15:16,0.021
2,65-89,1769775615,2026-01-30T20:20:15,0.0205
2,65-89,1769775918,2026-01-30T20:25:18,0.0255
2,65-89,1769776218,2026-01-30T20:30:18,0.028
2,65-89,1769776514,2026-01-30T20:35:14,0.022
2,65-89,1769776816,2026-01-30T20:40:16,0.0225
2,65-89,1769777115,2026-01-30T20:45:15,0.022
2,65-89,1769777414,2026-01-30T20:50:14,0.024
2,65-89,1769777716,2026-01-30T20:55:16,0.022
2,65-89,1769778017,2026-01-30T21:00:17,0.022
2,65-89,1769778314,2026-01-30T21:05:14,0.018
2,65-89,1769778614,2026-01-30T21:10:14,0.019
2,65-89,1769778914,2026-01-30T21:15:14,0.0175
2,65-89,1769779216,2026-01-30T21:20:16,0.017
2,65-89,1769779514,2026-01-30T21:25:14,0.0175
2,65-89,1769779817,2026-01-30T21:30:17,0.0265
2,65-89,1769780115,2026-01-30T21:35:15,0.026
2,65-89,1769780416,2026-01-30T21:40:16,0.0275
2,65-89,1769780715,2026-01-30T21:45:15,0.0245
2,65-89,1769781016,2026-01-30T21:50:16,0.0245
2,65-89,1769781315,2026-01-30T21:55:15,0.028
2,65-89,1769781618,2026-01-30T22:00:18,0.027
2,65-89,1769781925,2026-01-30T22:05:25,0.026
2,65-89,1769782215,2026-01-30T22:10:15,0.0275
2,65-89,1769782516,2026-01-30T22:15:16,0.028
2,65-89,1769782814,2026-01-30T22:20:14,0.0275
2,65-89,1769783114,2026-01-30T22:25:14,0.0165
2,65-89,1769783419,2026-01-30T22:30:19,0.0225
2,65-89,1769783716,2026-01-30T22:35:16,0.0225
2,65-89,1769784015,2026-01-30T22:40:15,0.0165
2,65-89,1769784315,2026-01-30T22:45:15,0.0155
2,65-89,1769784614,2026-01-30T22:50:14,0.0155
2,65-89,1769784925,2026-01-30T22:55:25,0.0145
2,65-89,1769785220,2026-01-30T23:00:20,0.0115
2,65-89,1769785516,2026-01-30T23:05:16,0.0145
2,65-89,1769785814,2026-01-30T23:10:14,0.0155
2,65-89,1769786114,2026-01-30T23:15:14,0.016
2,65-89,1769786416,2026-01-30T23:20:16,0.0155
2,65-89,1769786716,2026-01-30T23:25:16,0.012
2,65-89,1769787017,2026-01-30T23:30:17,0.0125
2,65-89,1769787315,2026-01-30T23:35:15,0.011
2,65-89,1769787614,2026-01-30T23:40:14,0.011
2,65-89,1769787918,2026-01-30T23:45:18,0.01
2,65-89,1769788215,2026-01-30T23:50:15,0.0115
2,65-89,1769788514,2026-01-30T23:55:14,0.01
2,65-89,1769788818,2026-01-31T00:00:18,0.0075
2,65-89,1769789115,2026-01-31T00:05:15,0.01
2,65-89,1769789426,2026-01-31T00:10:26,0.009
2,65-89,1769789715,2026-01-31T00:15:15,0.014
2,65-89,1769790015,2026-01-31T00:20:15,0.0095
2,65-89,1769790314,2026-01-31T00:25:14,0.0075
2,65-89,1769790617,2026-01-31T00:30:17,0.007
2,65-89,1769790914,2026-01-31T00:35:14,0.0095
2,65-89,1769791216,2026-01-31T00:40:16,0.0115
2,65-89,1769791516,2026-01-31T00:45:16,0.012
2,65-89,1769791816,2026-01-31T00:50:16,0.013
2,65-89,1769792114,2026-01-31T00:55:14,0.011
2,65-89,1769792419,2026-01-31T01:00:19,0.0125
2,65-89,1769792717,2026-01-31T01:05:17,0.0125
2,65-89,1769793014,2026-01-31T01:10:14,0.0125
2,65-89,1769793315,2026-01-31T01:15:15,0.012
2,65-89,1769793616,2026-01-31T01:20:16,0.012
2,65-89,1769793917,2026-01-31T01:25:17,0.011
2,65-89,1769794217,2026-01-31T01:30:17,0.012
2,65-89,1769794515,2026-01-31T01:35:15,0.011
2,65-89,1769794816,2026-01-31T01:40:16,0.0115
2,65-89,1769795116,2026-01-31T01:45:16,0.0125
2,65-89,1769795439,2026-01-31T01:50:39,0.015
2,65-89,1769795715,2026-01-31T01:55:15,0.009
2,65-89,1769796018,2026-01-31T02:00:18,0.0145
2,65-89,1769796314,2026-01-31T02:05:14,0.015
2,65-89,1769796615,2026-01-31T02:10:15,0.015
2,65-89,1769796915,2026-01-31T02:15:15,0.015
2,65-89,1769797216,2026-01-31T02:20:16,0.015
2,65-89,1769797515,2026-01-31T02:25:15,0.0115
2,65-89,1769797819,2026-01-31T02:30:19,0.0115
2,65-89,1769798115,2026-01-31T02:35:15,0.0105
2,65-89,1769798417,2026-01-31T02:40:17,0.01
2,65-89,1769798727,2026-01-31T02:45:27,0.0115
2,65-89,1769799016,2026-01-31T02:50:16,0.012
2,65-89,1769799314,2026-01-31T02:55:14,0.0115
2,65-89,1769799618,2026-01-31T03:00:18,0.013
2,65-89,1769799915,2026-01-31T03:05:15,0.0135
2,65-89,1769800215,2026-01-31T03:10:15,0.0145
2,65-89,1769800517,2026-01-31T03:15:17,0.014
2,65-89,1769800814,2026-01-31T03:20:14,0.014
2,65-89,1769801115,2026-01-31T03:25:15,0.0145
2,65-89,1769801417,2026-01-31T03:30:17,0.0145
2,65-89,1769801715,2026-01-31T03:35:15,0.0145
2,65-89,1769802019,2026-01-31T03:40:19,0.021
2,65-89,1769802315,2026-01-31T03:45:15,0.0195
2,65-89,1769802616,2026-01-31T03:50:16,0.0265
2,65-89,1769802915,2026-01-31T03:55:15,0.023
2,65-89,1769803217,2026-01-31T04:00:17,0.0235
2,65-89,1769803518,2026-01-31T04:05:18,0.024
2,65-89,1769803816,2026-01-31T04:10:16,0.025
2,65-89,1769804115,2026-01-31T04:15:15,0.011
2,65-89,1769804415,2026-01-31T04:20:15,0.011
2,65-89,1769805017,2026-01-31T04:30:17,0.0065
2,65-89,1769805325,2026-01-31T04:35:25,0.0065
2,65-89,1769805616,2026-01-31T04:40:16,0.004
2,65-89,1769805915,2026-01-31T04:45:15,0.0035
2,65-89,1769806215,2026-01-31T04:50:15,0.007
2,65-89,1769806516,2026-01-31T04:55:16,0.0065
2,65-89,1769806820,2026-01-31T05:00:20,0.0065
2,65-89,1769807116,2026-01-31T05:05:16,0.006
2,65-89,1769807415,2026-01-31T05:10:15,0.0065
2,65-89,1769807715,2026-01-31T05:15:15,0.007
2,65-89,1769808014,2026-01-31T05:20:14,0.007
2,65-89,1769808314,2026-01-31T05:25:14,0.004
2,65-89,1769808620,2026-01-31T05:30:20,0.005
2,65-89,1769808916,2026-01-31T05:35:16,0.0065
2,65-89,1769809216,2026-01-31T05:40:16,0.007
2,65-89,1769809516,2026-01-31T05:45:16,0.002
2,65-89,1769809814,2026-01-31T05:50:14,0.004
2,65-89,1769810114,2026-01-31T05:55:14,0.004
2,65-89,1769810420,2026-01-31T06:00:20,0.0045
2,65-89,1769810714,2026-01-31T06:05:14,0.006
2,65-89,1769811030,2026-01-31T06:10:30,0.007
2,65-89,1769811315,2026-01-31T06:15:15,0.005
2,65-89,1769811615,2026-01-31T06:20:15,0.004
2,65-89,1769811926,2026-01-31T06:25:26,0.0025
2,65-89,1769812218,2026-01-31T06:30:18,0.0025
2,65-89,1769812516,2026-01-31T06:35:16,0.0025
2,65-89,1769812814,2026-01-31T06:40:14,0.0005
2,65-89,1769813115,2026-01-31T06:45:15,0.0005
2,65-89,1769813415,2026-01-31T06:50:15,0.0005
2,65-89,1769813716,2026-01-31T06:55:16,0.0005
2,65-89,1769814017,2026-01-31T07:00:17,0.0005
2,65-89,1769814315,2026-01-31T07:05:15,0.0005
2,65-89,1769814616,2026-01-31T07:10:16,0.0005
2,65-89,1769814914,2026-01-31T07:15:14,0.0005
2,65-89,1769815217,2026-01-31T07:20:17,0.0005
2,65-89,1769815515,2026-01-31T07:25:15,0.0005
2,65-89,1769815818,2026-01-31T07:30:18,0.0005
2,65-89,1769816115,2026-01-31T07:35:15,0.0005
2,65-89,1769816415,2026-01-31T07:40:15,0.0005
2,65-89,1769816718,2026-01-31T07:45:18,0.0005
2,65-89,1769817016,2026-01-31T07:50:16,0.0005
2,65-89,1769817315,2026-01-31T07:55:15,0.0005
2,65-89,1769817622,2026-01-31T08:00:22,0.0005
2,65-89,1769817914,2026-01-31T08:05:14,0.0005
2,65-89,1769818215,2026-01-31T08:10:15,0.0005
2,65-89,1769818515,2026-01-31T08:15:15,0.0005
2,65-89,1769818816,2026-01-31T08:20:16,0.0005
2,65-89,1769819115,2026-01-31T08:25:15,0.0005
2,65-89,1769819418,2026-01-31T08:30:18,0.0005
2,65-89,1769819716,2026-01-31T08:35:16,0.0005
2,65-89,1769820015,2026-01-31T08:40:15,0.0005
2,65-89,1769820329,2026-01-31T08:45:29,0.0005
2,65-89,1769820615,2026-01-31T08:50:15,0.0005
2,65-89,1769820914,2026-01-31T08:55:14,0.0005
2,65-89,1769821217,2026-01-31T09:00:17,0.0005
2,65-89,1769821515,2026-01-31T09:05:15,0.0005
2,65-89,1769821831,2026-01-31T09:10:31,0.0005
2,65-89,1769822116,2026-01-31T09:15:16,0.0005
2,65-89,1769822416,2026-01-31T09:20:16,0.0005
2,65-89,1769822716,2026-01-31T09:25:16,0.0005
2,65-89,1769823018,2026-01-31T09:30:18,0.0005
2,65-89,1769823315,2026-01-31T09:35:15,0.0005
2,65-89,1769823615,2026-01-31T09:40:15,0.0005
2,65-89,1769823914,2026-01-31T09:45:14,0.0005
2,65-89,1769824215,2026-01-31T09:50:15,0.0005
2,65-89,1769824515,2026-01-31T09:55:15,0.0005
2,65-89,1769824817,2026-01-31T10:00:17,0.0005
2,65-89,1769825123,2026-01-31T10:05:23,0.0005
2,65-89,1769825416,2026-01-31T10:10:16,0.0005
3,90-114,1769448621,2026-01-27T01:30:21,0.595
3,90-114,1769448916,2026-01-27T01:35:16,0.28
3,90-114,1769449216,2026-01-27T01:40:16,0.28
3,90-114,1769449536,2026-01-27T01:45:36,0.28
3,90-114,1769449816,2026-01-27T01:50:16,0.28
3,90-114,1769450116,2026-01-27T01:55:16,0.28
3,90-114,1769450432,2026-01-27T02:00:32,0.28
3,90-114,1769450716,2026-01-27T02:05:16,0.28
3,90-114,1769451016,2026-01-27T02:10:16,0.275
3,90-114,1769451319,2026-01-27T02:15:19,0.275
3,90-114,1769451616,2026-01-27T02:20:16,0.265
3,90-114,1769451920,2026-01-27T02:25:20,0.25
3,90-114,1769452221,2026-01-27T02:30:21,0.24
3,90-114,1769452516,2026-01-27T02:35:16,0.24
3,90-114,1769452838,2026-01-27T02:40:38,0.24
3,90-114,1769453115,2026-01-27T02:45:15,0.24
3,90-114,1769453416,2026-01-27T02:50:16,0.24
3,90-114,1769453716,2026-01-27T02:55:16,0.23
3,90-114,1769454022,2026-01-27T03:00:22,0.235
3,90-114,1769454315,2026-01-27T03:05:15,0.235
3,90-114,1769454620,2026-01-27T03:10:20,0.23
3,90-114,1769454916,2026-01-27T03:15:16,0.23
3,90-114,1769455216,2026-01-27T03:20:16,0.23
3,90-114,1769455515,2026-01-27T03:25:15,0.225
3,90-114,1769455821,2026-01-27T03:30:21,0.23
3,90-114,1769456120,2026-01-27T03:35:20,0.23
3,90-114,1769456416,2026-01-27T03:40:16,0.23
3,90-114,1769456716,2026-01-27T03:45:16,0.23
3,90-114,1769457017,2026-01-27T03:50:17,0.23
3,90-114,1769457316,2026-01-27T03:55:16,0.235
3,90-114,1769457626,2026-01-27T04:00:26,0.235
3,90-114,1769457916,2026-01-27T04:05:16,0.235
3,90-114,1769458218,2026-01-27T04:10:18,0.235
3,90-114,1769458515,2026-01-27T04:15:15,0.235
3,90-114,1769458816,2026-01-27T04:20:16,0.235
3,90-114,1769459138,2026-01-27T04:25:38,0.235
3,90-114,1769459421,2026-01-27T04:30:21,0.235
3,90-114,1769459715,2026-01-27T04:35:15,0.235
3,90-114,1769460016,2026-01-27T04:40:16,0.235
3,90-114,1769460315,2026-01-27T04:45:15,0.235
3,90-114,1769460616,2026-01-27T04:50:16,0.235
3,90-114,1769460920,2026-01-27T04:55:20,0.235
3,90-114,1769461227,2026-01-27T05:00:27,0.235
3,90-114,1769461516,2026-01-27T05:05:16,0.235
3,90-114,1769461817,2026-01-27T05:10:17,0.235
3,90-114,1769462117,2026-01-27T05:15:17,0.235
3,90-114,1769462416,2026-01-27T05:20:16,0.235
3,90-114,1769462719,2026-01-27T05:25:19,0.235
3,90-114,1769463021,2026-01-27T05:30:21,0.23
3,90-114,1769463316,2026-01-27T05:35:16,0.23
3,90-114,1769463616,2026-01-27T05:40:16,0.235
3,90-114,1769463916,2026-01-27T05:45:16,0.23
3,90-114,1769464220,2026-01-27T05:50:20,0.23
3,90-114,1769464521,2026-01-27T05:55:21,0.23
3,90-114,1769464822,2026-01-27T06:00:22,0.23
3,90-114,1769465117,2026-01-27T06:05:17,0.23
3,90-114,1769465416,2026-01-27T06:10:16,0.23
3,90-114,1769465716,2026-01-27T06:15:16,0.23
3,90-114,1769466038,2026-01-27T06:20:38,0.23
3,90-114,1769466318,2026-01-27T06:25:18,0.23
3,90-114,1769466622,2026-01-27T06:30:22,0.23
3,90-114,1769466916,2026-01-27T06:35:16,0.235
3,90-114,1769467216,2026-01-27T06:40:16,0.235
3,90-114,1769467516,2026-01-27T06:45:16,0.24
3,90-114,1769467821,2026-01-27T06:50:21,0.24
3,90-114,1769468120,2026-01-27T06:55:20,0.24
3,90-114,1769468422,2026-01-27T07:00:22,0.24
3,90-114,1769468716,2026-01-27T07:05:16,0.24
3,90-114,1769469016,2026-01-27T07:10:16,0.24
3,90-114,1769469316,2026-01-27T07:15:16,0.24
3,90-114,1769469621,2026-01-27T07:20:21,0.24
3,90-114,1769469916,2026-01-27T07:25:16,0.24
3,90-114,1769470222,2026-01-27T07:30:22,0.24
3,90-114,1769470516,2026-01-27T07:35:16,0.245
3,90-114,1769470817,2026-01-27T07:40:17,0.24
3,90-114,1769471120,2026-01-27T07:45:20,0.24
3,90-114,1769471420,2026-01-27T07:50:20,0.24
3,90-114,1769471716,2026-01-27T07:55:16,0.24
3,90-114,1769472037,2026-01-27T08:00:37,0.24
3,90-114,1769472315,2026-01-27T08:05:15,0.24
3,90-114,1769472615,2026-01-27T08:10:15,0.24
3,90-114,1769472915,2026-01-27T08:15:15,0.24
3,90-114,1769473215,2026-01-27T08:20:15,0.24
3,90-114,1769473514,2026-01-27T08:25:14,0.24
3,90-114,1769473816,2026-01-27T08:30:16,0.24
3,90-114,1769474115,2026-01-27T08:35:15,0.24
3,90-114,1769474416,2026-01-27T08:40:16,0.24
3,90-114,1769474715,2026-01-27T08:45:15,0.24
3,90-114,1769475016,2026-01-27T08:50:16,0.24
3,90-114,1769475316,2026-01-27T08:55:16,0.24
3,90-114,1769475617,2026-01-27T09:00:17,0.24
3,90-114,1769475915,2026-01-27T09:05:15,0.24
3,90-114,1769476216,2026-01-27T09:10:16,0.235
3,90-114,1769476517,2026-01-27T09:15:17,0.24
3,90-114,1769476816,2026-01-27T09:20:16,0.24
3,90-114,1769477116,2026-01-27T09:25:16,0.24
3,90-114,1769477418,2026-01-27T09:30:18,0.24
3,90-114,1769477715,2026-01-27T09:35:15,0.24
3,90-114,1769478015,2026-01-27T09:40:15,0.24
3,90-114,1769478315,2026-01-27T09:45:15,0.24
3,90-114,1769478616,2026-01-27T09:50:16,0.24
3,90-114,1769478915,2026-01-27T09:55:15,0.24
3,90-114,1769479217,2026-01-27T10:00:17,0.24
3,90-114,1769479516,2026-01-27T10:05:16,0.24
3,90-114,1769479816,2026-01-27T10:10:16,0.24
3,90-114,1769480115,2026-01-27T10:15:15,0.24
3,90-114,1769480416,2026-01-27T10:20:16,0.24
3,90-114,1769480717,2026-01-27T10:25:17,0.24
3,90-114,1769481017,2026-01-27T10:30:17,0.24
3,90-114,1769481315,2026-01-27T10:35:15,0.24
3,90-114,1769481615,2026-01-27T10:40:15,0.24
3,90-114,1769481915,2026-01-27T10:45:15,0.24
3,90-114,1769482215,2026-01-27T10:50:15,0.235
3,90-114,1769482522,2026-01-27T10:55:22,0.24
3,90-114,1769482826,2026-01-27T11:00:26,0.235
3,90-114,1769483115,2026-01-27T11:05:15,0.24
3,90-114,1769483416,2026-01-27T11:10:16,0.24
3,90-114,1769483716,2026-01-27T11:15:16,0.24
3,90-114,1769484016,2026-01-27T11:20:16,0.24
3,90-114,1769484315,2026-01-27T11:25:15,0.24
3,90-114,1769484619,2026-01-27T11:30:19,0.24
3,90-114,1769484918,2026-01-27T11:35:18,0.235
3,90-114,1769485216,2026-01-27T11:40:16,0.24
3,90-114,1769485516,2026-01-27T11:45:16,0.24
3,90-114,1769485816,2026-01-27T11:50:16,0.24
3,90-114,1769486115,2026-01-27T11:55:15,0.24
3,90-114,1769486419,2026-01-27T12:00:19,0.24
3,90-114,1769486716,2026-01-27T12:05:16,0.24
3,90-114,1769487016,2026-01-27T12:10:16,0.24
3,90-114,1769487317,2026-01-27T12:15:17,0.24
3,90-114,1769487618,2026-01-27T12:20:18,0.24
3,90-114,1769487916,2026-01-27T12:25:16,0.24
3,90-114,1769488216,2026-01-27T12:30:16,0.24
3,90-114,1769488516,2026-01-27T12:35:16,0.24
3,90-114,1769488816,2026-01-27T12:40:16,0.24
3,90-114,1769489116,2026-01-27T12:45:16,0.24
3,90-114,1769489418,2026-01-27T12:50:18,0.24
3,90-114,1769489715,2026-01-27T12:55:15,0.24
3,90-114,1769490018,2026-01-27T13:00:18,0.24
3,90-114,1769490326,2026-01-27T13:05:26,0.24
3,90-114,1769490615,2026-01-27T13:10:15,0.24
3,90-114,1769490916,2026-01-27T13:15:16,0.24
3,90-114,1769491215,2026-01-27T13:20:15,0.24
3,90-114,1769491518,2026-01-27T13:25:18,0.24
3,90-114,1769491817,2026-01-27T13:30:17,0.24
3,90-114,1769492115,2026-01-27T13:35:15,0.24
3,90-114,1769492415,2026-01-27T13:40:15,0.24
3,90-114,1769492715,2026-01-27T13:45:15,0.24
3,90-114,1769493018,2026-01-27T13:50:18,0.24
3,90-114,1769493315,2026-01-27T13:55:15,0.27
3,90-114,1769493619,2026-01-27T14:00:19,0.27
3,90-114,1769493915,2026-01-27T14:05:15,0.27
3,90-114,1769494215,2026-01-27T14:10:15,0.27
3,90-114,1769494535,2026-01-27T14:15:35,0.27
3,90-114,1769494816,2026-01-27T14:20:16,0.27
3,90-114,1769495118,2026-01-27T14:25:18,0.27
3,90-114,1769495418,2026-01-27T14:30:18,0.27
3,90-114,1769495735,2026-01-27T14:35:35,0.27
3,90-114,1769496018,2026-01-27T14:40:18,0.27
3,90-114,1769496315,2026-01-27T14:45:15,0.27
3,90-114,1769496617,2026-01-27T14:50:17,0.27
3,90-114,1769496917,2026-01-27T14:55:17,0.27
3,90-114,1769497226,2026-01-27T15:00:26,0.27
3,90-114,1769497517,2026-01-27T15:05:17,0.27
3,90-114,1769497815,2026-01-27T15:10:15,0.27
3,90-114,1769498116,2026-01-27T15:15:16,0.27
3,90-114,1769498415,2026-01-27T15:20:15,0.27
3,90-114,1769498715,2026-01-27T15:25:15,0.27
3,90-114,1769499037,2026-01-27T15:30:37,0.27
3,90-114,1769499316,2026-01-27T15:35:16,0.27
3,90-114,1769499620,2026-01-27T15:40:20,0.27
3,90-114,1769499915,2026-01-27T15:45:15,0.27
3,90-114,1769500218,2026-01-27T15:50:18,0.27
3,90-114,1769500515,2026-01-27T15:55:15,0.27
3,90-114,1769500820,2026-01-27T16:00:20,0.27
3,90-114,1769501116,2026-01-27T16:05:16,0.27
3,90-114,1769501416,2026-01-27T16:10:16,0.27
3,90-114,1769501716,2026-01-27T16:15:16,0.27
3,90-114,1769502028,2026-01-27T16:20:28,0.27
3,90-114,1769502317,2026-01-27T16:25:17,0.27
3,90-114,1769502617,2026-01-27T16:30:17,0.27
3,90-114,1769502916,2026-01-27T16:35:16,0.27
3,90-114,1769503217,2026-01-27T16:40:17,0.27
3,90-114,1769503516,2026-01-27T16:45:16,0.26
3,90-114,1769503819,2026-01-27T16:50:19,0.26
3,90-114,1769504116,2026-01-27T16:55:16,0.26
3,90-114,1769504420,2026-01-27T17:00:20,0.26
3,90-114,1769504715,2026-01-27T17:05:15,0.26
3,90-114,1769505016,2026-01-27T17:10:16,0.26
3,90-114,1769505318,2026-01-27T17:15:18,0.26
3,90-114,1769505616,2026-01-27T17:20:16,0.26
3,90-114,1769505917,2026-01-27T17:25:17,0.26
3,90-114,1769506217,2026-01-27T17:30:17,0.26
3,90-114,1769506517,2026-01-27T17:35:17,0.26
3,90-114,1769506837,2026-01-27T17:40:37,0.26
3,90-114,1769507118,2026-01-27T17:45:18,0.26
3,90-114,1769507417,2026-01-27T17:50:17,0.26
3,90-114,1769507715,2026-01-27T17:55:15,0.26
3,90-114,1769508026,2026-01-27T18:00:26,0.26
3,90-114,1769508315,2026-01-27T18:05:15,0.26
3,90-114,1769508634,2026-01-27T18:10:34,0.26
3,90-114,1769508915,2026-01-27T18:15:15,0.26
3,90-114,1769509218,2026-01-27T18:20:18,0.26
3,90-114,1769509516,2026-01-27T18:25:16,0.26
3,90-114,1769509817,2026-01-27T18:30:17,0.26
3,90-114,1769510116,2026-01-27T18:35:16,0.26
3,90-114,1769510416,2026-01-27T18:40:16,0.26
3,90-114,1769510735,2026-01-27T18:45:35,0.25
3,90-114,1769511016,2026-01-27T18:50:16,0.25
3,90-114,1769511328,2026-01-27T18:55:28,0.25
3,90-114,1769511619,2026-01-27T19:00:19,0.25
3,90-114,1769511916,2026-01-27T19:05:16,0.25
3,90-114,1769512252,2026-01-27T19:10:52,0.25
3,90-114,1769512527,2026-01-27T19:15:27,0.25
3,90-114,1769512816,2026-01-27T19:20:16,0.25
3,90-114,1769513116,2026-01-27T19:25:16,0.25
3,90-114,1769513417,2026-01-27T19:30:17,0.25
3,90-114,1769513729,2026-01-27T19:35:29,0.25
3,90-114,1769514018,2026-01-27T19:40:18,0.245
3,90-114,1769514315,2026-01-27T19:45:15,0.25
3,90-114,1769514616,2026-01-27T19:50:16,0.25
3,90-114,1769514916,2026-01-27T19:55:16,0.25
3,90-114,1769515225,2026-01-27T20:00:25,0.25
3,90-114,1769515551,2026-01-27T20:05:51,0.25
3,90-114,1769515817,2026-01-27T20:10:17,0.25
3,90-114,1769516116,2026-01-27T20:15:16,0.25
3,90-114,1769516416,2026-01-27T20:20:16,0.245
3,90-114,1769516717,2026-01-27T20:25:17,0.245
3,90-114,1769517018,2026-01-27T20:30:18,0.245
3,90-114,1769517319,2026-01-27T20:35:19,0.245
3,90-114,1769517628,2026-01-27T20:40:28,0.245
3,90-114,1769517916,2026-01-27T20:45:16,0.25
3,90-114,1769518235,2026-01-27T20:50:35,0.245
3,90-114,1769518517,2026-01-27T20:55:17,0.26
3,90-114,1769518831,2026-01-27T21:00:31,0.255
3,90-114,1769519115,2026-01-27T21:05:15,0.25
3,90-114,1769519416,2026-01-27T21:10:16,0.25
3,90-114,1769519717,2026-01-27T21:15:17,0.25
3,90-114,1769520019,2026-01-27T21:20:19,0.25
3,90-114,1769520316,2026-01-27T21:25:16,0.275
3,90-114,1769520618,2026-01-27T21:30:18,0.25
3,90-114,1769520916,2026-01-27T21:35:16,0.24
3,90-114,1769521216,2026-01-27T21:40:16,0.245
3,90-114,1769521521,2026-01-27T21:45:21,0.24
3,90-114,1769521820,2026-01-27T21:50:20,0.24
3,90-114,1769522117,2026-01-27T21:55:17,0.24
3,90-114,1769522418,2026-01-27T22:00:18,0.24
3,90-114,1769522717,2026-01-27T22:05:17,0.24
3,90-114,1769523016,2026-01-27T22:10:16,0.24
3,90-114,1769523319,2026-01-27T22:15:19,0.245
3,90-114,1769523618,2026-01-27T22:20:18,0.245
3,90-114,1769523917,2026-01-27T22:25:17,0.245
3,90-114,1769524217,2026-01-27T22:30:17,0.245
3,90-114,1769524517,2026-01-27T22:35:17,0.245
3,90-114,1769524820,2026-01-27T22:40:20,0.245
3,90-114,1769525117,2026-01-27T22:45:17,0.245
3,90-114,1769525417,2026-01-27T22:50:17,0.245
3,90-114,1769525717,2026-01-27T22:55:17,0.245
3,90-114,1769526020,2026-01-27T23:00:20,0.25
3,90-114,1769526336,2026-01-27T23:05:36,0.25
3,90-114,1769526619,2026-01-27T23:10:19,0.25
3,90-114,1769526915,2026-01-27T23:15:15,0.25
3,90-114,1769527215,2026-01-27T23:20:15,0.25
3,90-114,1769527517,2026-01-27T23:25:17,0.25
3,90-114,1769527818,2026-01-27T23:30:18,0.25
3,90-114,1769528137,2026-01-27T23:35:37,0.25
3,90-114,1769528417,2026-01-27T23:40:17,0.25
3,90-114,1769528716,2026-01-27T23:45:16,0.25
3,90-114,1769529016,2026-01-27T23:50:16,0.25
3,90-114,1769529315,2026-01-27T23:55:15,0.255
3,90-114,1769529618,2026-01-28T00:00:18,0.255
3,90-114,1769529920,2026-01-28T00:05:20,0.26
3,90-114,1769530216,2026-01-28T00:10:16,0.26
3,90-114,1769530516,2026-01-28T00:15:16,0.26
3,90-114,1769530815,2026-01-28T00:20:15,0.26
3,90-114,1769531120,2026-01-28T00:25:20,0.26
3,90-114,1769531417,2026-01-28T00:30:17,0.26
3,90-114,1769531715,2026-01-28T00:35:15,0.26
3,90-114,1769532015,2026-01-28T00:40:15,0.26
3,90-114,1769532316,2026-01-28T00:45:16,0.26
3,90-114,1769532619,2026-01-28T00:50:19,0.26
3,90-114,1769532916,2026-01-28T00:55:16,0.26
3,90-114,1769533218,2026-01-28T01:00:18,0.26
3,90-114,1769533520,2026-01-28T01:05:20,0.26
3,90-114,1769533817,2026-01-28T01:10:17,0.26
3,90-114,1769534116,2026-01-28T01:15:16,0.26
3,90-114,1769534417,2026-01-28T01:20:17,0.26
3,90-114,1769534720,2026-01-28T01:25:20,0.26
3,90-114,1769535038,2026-01-28T01:30:38,0.26
3,90-114,1769535318,2026-01-28T01:35:18,0.26
3,90-114,1769535617,2026-01-28T01:40:17,0.28
3,90-114,1769535916,2026-01-28T01:45:16,0.275
3,90-114,1769536220,2026-01-28T01:50:20,0.275
3,90-114,1769536516,2026-01-28T01:55:16,0.275
3,90-114,1769536821,2026-01-28T02:00:21,0.27
3,90-114,1769537115,2026-01-28T02:05:15,0.27
3,90-114,1769537417,2026-01-28T02:10:17,0.265
3,90-114,1769537720,2026-01-28T02:15:20,0.28
3,90-114,1769538017,2026-01-28T02:20:17,0.29
3,90-114,1769538316,2026-01-28T02:25:16,0.29
3,90-114,1769538618,2026-01-28T02:30:18,0.29
3,90-114,1769538916,2026-01-28T02:35:16,0.27
3,90-114,1769539239,2026-01-28T02:40:39,0.27
3,90-114,1769539516,2026-01-28T02:45:16,0.27
3,90-114,1769539817,2026-01-28T02:50:17,0.29
3,90-114,1769540116,2026-01-28T02:55:16,0.29
3,90-114,1769540419,2026-01-28T03:00:19,0.29
3,90-114,1769540721,2026-01-28T03:05:21,0.29
3,90-114,1769541017,2026-01-28T03:10:17,0.29
3,90-114,1769541317,2026-01-28T03:15:17,0.28
3,90-114,1769541616,2026-01-28T03:20:16,0.28
3,90-114,1769541917,2026-01-28T03:25:17,0.28
3,90-114,1769542222,2026-01-28T03:30:22,0.28
3,90-114,1769542516,2026-01-28T03:35:16,0.28
3,90-114,1769542816,2026-01-28T03:40:16,0.28
3,90-114,1769543117,2026-01-28T03:45:17,0.27
3,90-114,1769543416,2026-01-28T03:50:16,0.275
3,90-114,1769543721,2026-01-28T03:55:21,0.275
3,90-114,1769544018,2026-01-28T04:00:18,0.275
3,90-114,1769544335,2026-01-28T04:05:35,0.275
3,90-114,1769544617,2026-01-28T04:10:17,0.275
3,90-114,1769544916,2026-01-28T04:15:16,0.275
3,90-114,1769545216,2026-01-28T04:20:16,0.275
3,90-114,1769545515,2026-01-28T04:25:15,0.275
3,90-114,1769545818,2026-01-28T04:30:18,0.275
3,90-114,1769546119,2026-01-28T04:35:19,0.275
3,90-114,1769546416,2026-01-28T04:40:16,0.275
3,90-114,1769546716,2026-01-28T04:45:16,0.275
3,90-114,1769547020,2026-01-28T04:50:20,0.275
3,90-114,1769547316,2026-01-28T04:55:16,0.275
3,90-114,1769547621,2026-01-28T05:00:21,0.275
3,90-114,1769547916,2026-01-28T05:05:16,0.275
3,90-114,1769548216,2026-01-28T05:10:16,0.275
3,90-114,1769548520,2026-01-28T05:15:20,0.275
3,90-114,1769548815,2026-01-28T05:20:15,0.275
3,90-114,1769549116,2026-01-28T05:25:16,0.275
3,90-114,1769549418,2026-01-28T05:30:18,0.275
3,90-114,1769549717,2026-01-28T05:35:17,0.275
3,90-114,1769550020,2026-01-28T05:40:20,0.275
3,90-114,1769550316,2026-01-28T05:45:16,0.275
3,90-114,1769550620,2026-01-28T05:50:20,0.275
3,90-114,1769550917,2026-01-28T05:55:17,0.275
3,90-114,1769551218,2026-01-28T06:00:18,0.28
3,90-114,1769551516,2026-01-28T06:05:16,0.28
3,90-114,1769551816,2026-01-28T06:10:16,0.26
3,90-114,1769552121,2026-01-28T06:15:21,0.265
3,90-114,1769552416,2026-01-28T06:20:16,0.27
3,90-114,1769552716,2026-01-28T06:25:16,0.27
3,90-114,1769553019,2026-01-28T06:30:19,0.27
3,90-114,1769553316,2026-01-28T06:35:16,0.27
3,90-114,1769553636,2026-01-28T06:40:36,0.27
3,90-114,1769553917,2026-01-28T06:45:17,0.27
3,90-114,1769554216,2026-01-28T06:50:16,0.27
3,90-114,1769554515,2026-01-28T06:55:15,0.27
3,90-114,1769554820,2026-01-28T07:00:20,0.27
3,90-114,1769555116,2026-01-28T07:05:16,0.27
3,90-114,1769555420,2026-01-28T07:10:20,0.27
3,90-114,1769555720,2026-01-28T07:15:20,0.27
3,90-114,1769556016,2026-01-28T07:20:16,0.27
3,90-114,1769556317,2026-01-28T07:25:17,0.27
3,90-114,1769556620,2026-01-28T07:30:20,0.265
3,90-114,1769556915,2026-01-28T07:35:15,0.275
3,90-114,1769557222,2026-01-28T07:40:22,0.275
3,90-114,1769557516,2026-01-28T07:45:16,0.275
3,90-114,1769557816,2026-01-28T07:50:16,0.275
3,90-114,1769558116,2026-01-28T07:55:16,0.275
3,90-114,1769558427,2026-01-28T08:00:27,0.275
3,90-114,1769558730,2026-01-28T08:05:30,0.275
3,90-114,1769559021,2026-01-28T08:10:21,0.275
3,90-114,1769559315,2026-01-28T08:15:15,0.275
3,90-114,1769559616,2026-01-28T08:20:16,0.275
3,90-114,1769559917,2026-01-28T08:25:17,0.275
3,90-114,1769560218,2026-01-28T08:30:18,0.285
3,90-114,1769560520,2026-01-28T08:35:20,0.285
3,90-114,1769560816,2026-01-28T08:40:16,0.28
3,90-114,1769561116,2026-01-28T08:45:16,0.28
3,90-114,1769561416,2026-01-28T08:50:16,0.28
3,90-114,1769561716,2026-01-28T08:55:16,0.28
3,90-114,1769562033,2026-01-28T09:00:33,0.28
3,90-114,1769562316,2026-01-28T09:05:16,0.28
3,90-114,1769562618,2026-01-28T09:10:18,0.28
3,90-114,1769562932,2026-01-28T09:15:32,0.28
3,90-114,1769563217,2026-01-28T09:20:17,0.28
3,90-114,1769563517,2026-01-28T09:25:17,0.28
3,90-114,1769563818,2026-01-28T09:30:18,0.28
3,90-114,1769564115,2026-01-28T09:35:15,0.275
3,90-114,1769564417,2026-01-28T09:40:17,0.275
3,90-114,1769564720,2026-01-28T09:45:20,0.275
3,90-114,1769565016,2026-01-28T09:50:16,0.275
3,90-114,1769565316,2026-01-28T09:55:16,0.275
3,90-114,1769565622,2026-01-28T10:00:22,0.275
3,90-114,1769565916,2026-01-28T10:05:16,0.275
3,90-114,1769566217,2026-01-28T10:10:17,0.275
3,90-114,1769566517,2026-01-28T10:15:17,0.275
3,90-114,1769566816,2026-01-28T10:20:16,0.275
3,90-114,1769567120,2026-01-28T10:25:20,0.275
3,90-114,1769567419,2026-01-28T10:30:19,0.275
3,90-114,1769567717,2026-01-28T10:35:17,0.275
3,90-114,1769568016,2026-01-28T10:40:16,0.275
3,90-114,1769568317,2026-01-28T10:45:17,0.275
3,90-114,1769568620,2026-01-28T10:50:20,0.265
3,90-114,1769568916,2026-01-28T10:55:16,0.27
3,90-114,1769569224,2026-01-28T11:00:24,0.27
3,90-114,1769569516,2026-01-28T11:05:16,0.27
3,90-114,1769569817,2026-01-28T11:10:17,0.27
3,90-114,1769570117,2026-01-28T11:15:17,0.27
3,90-114,1769570413,2026-01-28T11:20:13,0.27
3,90-114,1769570434,2026-01-28T11:20:34,0.27
3,90-114,1769570720,2026-01-28T11:25:20,0.27
3,90-114,1769571019,2026-01-28T11:30:19,0.27
3,90-114,1769571316,2026-01-28T11:35:16,0.27
3,90-114,1769571617,2026-01-28T11:40:17,0.27
3,90-114,1769571917,2026-01-28T11:45:17,0.27
3,90-114,1769572221,2026-01-28T11:50:21,0.27
3,90-114,1769572516,2026-01-28T11:55:16,0.27
3,90-114,1769572841,2026-01-28T12:00:41,0.27
3,90-114,1769573117,2026-01-28T12:05:17,0.27
3,90-114,1769573416,2026-01-28T12:10:16,0.27
3,90-114,1769573716,2026-01-28T12:15:16,0.265
3,90-114,1769574016,2026-01-28T12:20:16,0.265
3,90-114,1769574317,2026-01-28T12:25:17,0.26
3,90-114,1769574622,2026-01-28T12:30:22,0.26
3,90-114,1769574915,2026-01-28T12:35:15,0.26
3,90-114,1769575216,2026-01-28T12:40:16,0.265
3,90-114,1769575517,2026-01-28T12:45:17,0.26
3,90-114,1769575821,2026-01-28T12:50:21,0.26
3,90-114,1769576117,2026-01-28T12:55:17,0.26
3,90-114,1769576419,2026-01-28T13:00:19,0.26
3,90-114,1769576716,2026-01-28T13:05:16,0.26
3,90-114,1769577015,2026-01-28T13:10:15,0.26
3,90-114,1769577321,2026-01-28T13:15:21,0.26
3,90-114,1769577636,2026-01-28T13:20:36,0.26
3,90-114,1769577916,2026-01-28T13:25:16,0.26
3,90-114,1769578218,2026-01-28T13:30:18,0.26
3,90-114,1769578516,2026-01-28T13:35:16,0.26
3,90-114,1769578816,2026-01-28T13:40:16,0.26
3,90-114,1769579129,2026-01-28T13:45:29,0.26
3,90-114,1769579420,2026-01-28T13:50:20,0.26
3,90-114,1769579716,2026-01-28T13:55:16,0.26
3,90-114,1769580020,2026-01-28T14:00:20,0.26
3,90-114,1769580316,2026-01-28T14:05:16,0.265
3,90-114,1769580617,2026-01-28T14:10:17,0.27
3,90-114,1769580920,2026-01-28T14:15:20,0.27
3,90-114,1769581217,2026-01-28T14:20:17,0.275
3,90-114,1769581516,2026-01-28T14:25:16,0.275
3,90-114,1769581820,2026-01-28T14:30:20,0.275
3,90-114,1769582139,2026-01-28T14:35:39,0.275
3,90-114,1769582417,2026-01-28T14:40:17,0.275
3,90-114,1769582721,2026-01-28T14:45:21,0.275
3,90-114,1769583016,2026-01-28T14:50:16,0.29
3,90-114,1769583316,2026-01-28T14:55:16,0.275
3,90-114,1769583620,2026-01-28T15:00:20,0.255
3,90-114,1769583915,2026-01-28T15:05:15,0.255
3,90-114,1769584220,2026-01-28T15:10:20,0.255
3,90-114,1769584516,2026-01-28T15:15:16,0.255
3,90-114,1769584816,2026-01-28T15:20:16,0.255
3,90-114,1769585117,2026-01-28T15:25:17,0.255
3,90-114,1769585420,2026-01-28T15:30:20,0.255
3,90-114,1769585737,2026-01-28T15:35:37,0.255
3,90-114,1769586021,2026-01-28T15:40:21,0.255
3,90-114,1769586316,2026-01-28T15:45:16,0.255
3,90-114,1769586617,2026-01-28T15:50:17,0.255
3,90-114,1769586916,2026-01-28T15:55:16,0.255
3,90-114,1769587219,2026-01-28T16:00:19,0.26
3,90-114,1769587520,2026-01-28T16:05:20,0.26
3,90-114,1769587818,2026-01-28T16:10:18,0.26
3,90-114,1769588115,2026-01-28T16:15:15,0.26
3,90-114,1769588416,2026-01-28T16:20:16,0.27
3,90-114,1769588717,2026-01-28T16:25:17,0.27
3,90-114,1769589039,2026-01-28T16:30:39,0.27
3,90-114,1769589316,2026-01-28T16:35:16,0.27
3,90-114,1769589617,2026-01-28T16:40:17,0.27
3,90-114,1769589916,2026-01-28T16:45:16,0.27
3,90-114,1769590215,2026-01-28T16:50:15,0.27
3,90-114,1769590516,2026-01-28T16:55:16,0.27
3,90-114,1769590826,2026-01-28T17:00:26,0.27
3,90-114,1769591116,2026-01-28T17:05:16,0.27
3,90-114,1769591420,2026-01-28T17:10:20,0.27
3,90-114,1769591716,2026-01-28T17:15:16,0.27
3,90-114,1769592016,2026-01-28T17:20:16,0.27
3,90-114,1769592316,2026-01-28T17:25:16,0.27
3,90-114,1769592620,2026-01-28T17:30:20,0.27
3,90-114,1769592921,2026-01-28T17:35:21,0.27
3,90-114,1769593216,2026-01-28T17:40:16,0.27
3,90-114,1769593515,2026-01-28T17:45:15,0.27
3,90-114,1769593817,2026-01-28T17:50:17,0.27
3,90-114,1769594117,2026-01-28T17:55:17,0.27
3,90-114,1769594446,2026-01-28T18:00:46,0.27
3,90-114,1769594717,2026-01-28T18:05:17,0.27
3,90-114,1769595018,2026-01-28T18:10:18,0.27
3,90-114,1769595317,2026-01-28T18:15:17,0.27
3,90-114,1769595616,2026-01-28T18:20:16,0.27
3,90-114,1769595915,2026-01-28T18:25:15,0.27
3,90-114,1769596223,2026-01-28T18:30:23,0.27
3,90-114,1769596516,2026-01-28T18:35:16,0.27
3,90-114,1769596817,2026-01-28T18:40:17,0.27
3,90-114,1769597117,2026-01-28T18:45:17,0.27
3,90-114,1769597416,2026-01-28T18:50:16,0.27
3,90-114,1769597721,2026-01-28T18:55:21,0.27
3,90-114,1769598019,2026-01-28T19:00:19,0.27
3,90-114,1769598317,2026-01-28T19:05:17,0.27
3,90-114,1769598616,2026-01-28T19:10:16,0.27
3,90-114,1769598916,2026-01-28T19:15:16,0.27
3,90-114,1769599221,2026-01-28T19:20:21,0.27
3,90-114,1769599516,2026-01-28T19:25:16,0.27
3,90-114,1769599819,2026-01-28T19:30:19,0.27
3,90-114,1769600115,2026-01-28T19:35:15,0.27
3,90-114,1769600419,2026-01-28T19:40:19,0.27
3,90-114,1769600740,2026-01-28T19:45:40,0.285
3,90-114,1769601018,2026-01-28T19:50:18,0.285
3,90-114,1769601317,2026-01-28T19:55:17,0.285
3,90-114,1769601628,2026-01-28T20:00:28,0.295
3,90-114,1769601916,2026-01-28T20:05:16,0.285
3,90-114,1769602216,2026-01-28T20:10:16,0.285
3,90-114,1769602525,2026-01-28T20:15:25,0.285
3,90-114,1769602819,2026-01-28T20:20:19,0.285
3,90-114,1769603117,2026-01-28T20:25:17,0.285
3,90-114,1769603419,2026-01-28T20:30:19,0.285
3,90-114,1769603720,2026-01-28T20:35:20,0.285
3,90-114,1769604017,2026-01-28T20:40:17,0.285
3,90-114,1769604317,2026-01-28T20:45:17,0.285
3,90-114,1769604616,2026-01-28T20:50:16,0.285
3,90-114,1769604916,2026-01-28T20:55:16,0.285
3,90-114,1769605241,2026-01-28T21:00:41,0.285
3,90-114,1769605516,2026-01-28T21:05:16,0.285
3,90-114,1769605816,2026-01-28T21:10:16,0.295
3,90-114,1769606117,2026-01-28T21:15:17,0.29
3,90-114,1769606438,2026-01-28T21:20:38,0.29
3,90-114,1769606717,2026-01-28T21:25:17,0.29
3,90-114,1769607019,2026-01-28T21:30:19,0.29
3,90-114,1769607316,2026-01-28T21:35:16,0.285
3,90-114,1769607616,2026-01-28T21:40:16,0.285
3,90-114,1769607930,2026-01-28T21:45:30,0.285
3,90-114,1769608220,2026-01-28T21:50:20,0.29
3,90-114,1769608518,2026-01-28T21:55:18,0.29
3,90-114,1769608820,2026-01-28T22:00:20,0.29
3,90-114,1769609116,2026-01-28T22:05:16,0.29
3,90-114,1769609416,2026-01-28T22:10:16,0.29
3,90-114,1769609722,2026-01-28T22:15:22,0.29
3,90-114,1769610041,2026-01-28T22:20:41,0.29
3,90-114,1769610317,2026-01-28T22:25:17,0.29
3,90-114,1769610620,2026-01-28T22:30:20,0.29
3,90-114,1769610917,2026-01-28T22:35:17,0.29
3,90-114,1769611217,2026-01-28T22:40:17,0.29
3,90-114,1769611517,2026-01-28T22:45:17,0.29
3,90-114,1769611821,2026-01-28T22:50:21,0.29
3,90-114,1769612120,2026-01-28T22:55:20,0.29
3,90-114,1769612422,2026-01-28T23:00:22,0.29
3,90-114,1769612717,2026-01-28T23:05:17,0.29
3,90-114,1769613018,2026-01-28T23:10:18,0.29
3,90-114,1769613320,2026-01-28T23:15:20,0.28
3,90-114,1769613623,2026-01-28T23:20:23,0.28
3,90-114,1769613920,2026-01-28T23:25:20,0.28
3,90-114,1769614221,2026-01-28T23:30:21,0.28
3,90-114,1769614516,2026-01-28T23:35:16,0.285
3,90-114,1769614817,2026-01-28T23:40:17,0.285
3,90-114,1769615117,2026-01-28T23:45:17,0.285
3,90-114,1769615420,2026-01-28T23:50:20,0.285
3,90-114,1769615716,2026-01-28T23:55:16,0.28
3,90-114,1769616020,2026-01-29T00:00:20,0.28
3,90-114,1769616317,2026-01-29T00:05:17,0.28
3,90-114,1769616617,2026-01-29T00:10:17,0.28
3,90-114,1769616920,2026-01-29T00:15:20,0.285
3,90-114,1769617220,2026-01-29T00:20:20,0.285
3,90-114,1769617517,2026-01-29T00:25:17,0.285
3,90-114,1769617820,2026-01-29T00:30:20,0.285
3,90-114,1769618118,2026-01-29T00:35:18,0.285
3,90-114,1769618419,2026-01-29T00:40:19,0.285
3,90-114,1769618720,2026-01-29T00:45:20,0.285
3,90-114,1769619017,2026-01-29T00:50:17,0.285
3,90-114,1769619317,2026-01-29T00:55:17,0.285
3,90-114,1769619623,2026-01-29T01:00:23,0.285
3,90-114,1769619917,2026-01-29T01:05:17,0.285
3,90-114,1769620234,2026-01-29T01:10:34,0.285
3,90-114,1769620516,2026-01-29T01:15:16,0.285
3,90-114,1769620817,2026-01-29T01:20:17,0.285
3,90-114,1769621118,2026-01-29T01:25:18,0.285
3,90-114,1769621420,2026-01-29T01:30:20,0.285
3,90-114,1769621721,2026-01-29T01:35:21,0.285
3,90-114,1769622017,2026-01-29T01:40:17,0.285
3,90-114,1769622317,2026-01-29T01:45:17,0.285
3,90-114,1769622616,2026-01-29T01:50:16,0.285
3,90-114,1769622917,2026-01-29T01:55:17,0.285
3,90-114,1769623244,2026-01-29T02:00:44,0.285
3,90-114,1769623521,2026-01-29T02:05:21,0.285
3,90-114,1769623817,2026-01-29T02:10:17,0.285
3,90-114,1769624117,2026-01-29T02:15:17,0.285
3,90-114,1769624417,2026-01-29T02:20:17,0.285
3,90-114,1769624716,2026-01-29T02:25:16,0.285
3,90-114,1769625024,2026-01-29T02:30:24,0.285
3,90-114,1769625317,2026-01-29T02:35:17,0.285
3,90-114,1769625617,2026-01-29T02:40:17,0.285
3,90-114,1769625916,2026-01-29T02:45:16,0.285
3,90-114,1769626217,2026-01-29T02:50:17,0.285
3,90-114,1769626540,2026-01-29T02:55:40,0.285
3,90-114,1769626821,2026-01-29T03:00:21,0.285
3,90-114,1769627116,2026-01-29T03:05:16,0.285
3,90-114,1769627417,2026-01-29T03:10:17,0.285
3,90-114,1769627717,2026-01-29T03:15:17,0.285
3,90-114,1769628016,2026-01-29T03:20:16,0.285
3,90-114,1769628323,2026-01-29T03:25:23,0.285
3,90-114,1769628620,2026-01-29T03:30:20,0.285
3,90-114,1769628917,2026-01-29T03:35:17,0.285
3,90-114,1769629217,2026-01-29T03:40:17,0.285
3,90-114,1769629517,2026-01-29T03:45:17,0.285
3,90-114,1769629824,2026-01-29T03:50:24,0.285
3,90-114,1769630116,2026-01-29T03:55:16,0.285
3,90-114,1769630426,2026-01-29T04:00:26,0.275
3,90-114,1769630717,2026-01-29T04:05:17,0.275
3,90-114,1769631016,2026-01-29T04:10:16,0.275
3,90-114,1769631316,2026-01-29T04:15:16,0.275
3,90-114,1769631617,2026-01-29T04:20:17,0.28
3,90-114,1769631920,2026-01-29T04:25:20,0.28
3,90-114,1769632220,2026-01-29T04:30:20,0.28
3,90-114,1769632517,2026-01-29T04:35:17,0.28
3,90-114,1769632816,2026-01-29T04:40:16,0.28
3,90-114,1769633117,2026-01-29T04:45:17,0.28
3,90-114,1769633420,2026-01-29T04:50:20,0.28
3,90-114,1769633717,2026-01-29T04:55:17,0.27
3,90-114,1769634022,2026-01-29T05:00:22,0.27
3,90-114,1769634316,2026-01-29T05:05:16,0.27
3,90-114,1769634617,2026-01-29T05:10:17,0.27
3,90-114,1769634920,2026-01-29T05:15:20,0.27
3,90-114,1769635221,2026-01-29T05:20:21,0.27
3,90-114,1769635516,2026-01-29T05:25:16,0.27
3,90-114,1769635820,2026-01-29T05:30:20,0.27
3,90-114,1769636117,2026-01-29T05:35:17,0.27
3,90-114,1769636418,2026-01-29T05:40:18,0.265
3,90-114,1769636740,2026-01-29T05:45:40,0.265
3,90-114,1769637017,2026-01-29T05:50:17,0.265
3,90-114,1769637318,2026-01-29T05:55:18,0.265
3,90-114,1769637621,2026-01-29T06:00:21,0.265
3,90-114,1769637940,2026-01-29T06:05:40,0.265
3,90-114,1769638217,2026-01-29T06:10:17,0.265
3,90-114,1769638518,2026-01-29T06:15:18,0.265
3,90-114,1769638818,2026-01-29T06:20:18,0.265
3,90-114,1769639117,2026-01-29T06:25:17,0.265
3,90-114,1769639422,2026-01-29T06:30:22,0.265
3,90-114,1769639721,2026-01-29T06:35:21,0.265
3,90-114,1769640018,2026-01-29T06:40:18,0.265
3,90-114,1769640317,2026-01-29T06:45:17,0.265
3,90-114,1769640621,2026-01-29T06:50:21,0.265
3,90-114,1769640918,2026-01-29T06:55:18,0.265
3,90-114,1769641221,2026-01-29T07:00:21,0.265
3,90-114,1769641518,2026-01-29T07:05:18,0.265
3,90-114,1769641818,2026-01-29T07:10:18,0.265
3,90-114,1769642140,2026-01-29T07:15:40,0.265
3,90-114,1769642417,2026-01-29T07:20:17,0.265
3,90-114,1769642717,2026-01-29T07:25:17,0.265
3,90-114,1769643021,2026-01-29T07:30:21,0.26
3,90-114,1769643317,2026-01-29T07:35:17,0.26
3,90-114,1769643618,2026-01-29T07:40:18,0.26
3,90-114,1769643921,2026-01-29T07:45:21,0.26
3,90-114,1769644218,2026-01-29T07:50:18,0.26
3,90-114,1769644521,2026-01-29T07:55:21,0.26
3,90-114,1769644842,2026-01-29T08:00:42,0.26
3,90-114,1769645117,2026-01-29T08:05:17,0.26
3,90-114,1769645416,2026-01-29T08:10:16,0.255
3,90-114,1769645716,2026-01-29T08:15:16,0.255
3,90-114,1769646016,2026-01-29T08:20:16,0.26
3,90-114,1769646316,2026-01-29T08:25:16,0.26
3,90-114,1769646620,2026-01-29T08:30:20,0.26
3,90-114,1769646917,2026-01-29T08:35:17,0.26
3,90-114,1769647217,2026-01-29T08:40:17,0.26
3,90-114,1769647517,2026-01-29T08:45:17,0.26
3,90-114,1769647818,2026-01-29T08:50:18,0.26
3,90-114,1769648116,2026-01-29T08:55:16,0.26
3,90-114,1769648421,2026-01-29T09:00:21,0.26
3,90-114,1769648718,2026-01-29T09:05:18,0.26
3,90-114,1769649017,2026-01-29T09:10:17,0.26
3,90-114,1769649317,2026-01-29T09:15:17,0.265
3,90-114,1769649618,2026-01-29T09:20:18,0.265
3,90-114,1769649917,2026-01-29T09:25:17,0.265
3,90-114,1769650221,2026-01-29T09:30:21,0.265
3,90-114,1769650526,2026-01-29T09:35:26,0.265
3,90-114,1769650817,2026-01-29T09:40:17,0.265
3,90-114,1769651116,2026-01-29T09:45:16,0.265
3,90-114,1769651416,2026-01-29T09:50:16,0.265
3,90-114,1769651717,2026-01-29T09:55:17,0.265
3,90-114,1769652021,2026-01-29T10:00:21,0.265
3,90-114,1769652316,2026-01-29T10:05:16,0.265
3,90-114,1769652618,2026-01-29T10:10:18,0.265
3,90-114,1769652917,2026-01-29T10:15:17,0.265
3,90-114,1769653217,2026-01-29T10:20:17,0.265
3,90-114,1769653531,2026-01-29T10:25:31,0.265
3,90-114,1769653822,2026-01-29T10:30:22,0.265
3,90-114,1769654119,2026-01-29T10:35:19,0.265
3,90-114,1769654416,2026-01-29T10:40:16,0.265
3,90-114,1769654717,2026-01-29T10:45:17,0.26
3,90-114,1769655018,2026-01-29T10:50:18,0.26
3,90-114,1769655318,2026-01-29T10:55:18,0.26
3,90-114,1769655625,2026-01-29T11:00:25,0.26
3,90-114,1769655933,2026-01-29T11:05:33,0.265
3,90-114,1769656218,2026-01-29T11:10:18,0.265
3,90-114,1769656517,2026-01-29T11:15:17,0.26
3,90-114,1769656818,2026-01-29T11:20:18,0.26
3,90-114,1769657117,2026-01-29T11:25:17,0.26
3,90-114,1769657421,2026-01-29T11:30:21,0.26
3,90-114,1769657716,2026-01-29T11:35:16,0.26
3,90-114,1769658018,2026-01-29T11:40:18,0.265
3,90-114,1769658318,2026-01-29T11:45:18,0.265
3,90-114,1769658618,2026-01-29T11:50:18,0.265
3,90-114,1769658917,2026-01-29T11:55:17,0.27
3,90-114,1769659222,2026-01-29T12:00:22,0.27
3,90-114,1769659517,2026-01-29T12:05:17,0.27
3,90-114,1769659819,2026-01-29T12:10:19,0.27
3,90-114,1769660118,2026-01-29T12:15:18,0.27
3,90-114,1769660418,2026-01-29T12:20:18,0.27
3,90-114,1769660748,2026-01-29T12:25:48,0.27
3,90-114,1769661021,2026-01-29T12:30:21,0.27
3,90-114,1769661318,2026-01-29T12:35:18,0.27
3,90-114,1769661618,2026-01-29T12:40:18,0.27
3,90-114,1769661917,2026-01-29T12:45:17,0.27
3,90-114,1769662219,2026-01-29T12:50:19,0.27
3,90-114,1769662517,2026-01-29T12:55:17,0.27
3,90-114,1769662821,2026-01-29T13:00:21,0.28
3,90-114,1769663118,2026-01-29T13:05:18,0.285
3,90-114,1769663417,2026-01-29T13:10:17,0.29
3,90-114,1769663718,2026-01-29T13:15:18,0.29
3,90-114,1769664017,2026-01-29T13:20:17,0.285
3,90-114,1769664319,2026-01-29T13:25:19,0.29
3,90-114,1769664622,2026-01-29T13:30:22,0.29
3,90-114,1769664917,2026-01-29T13:35:17,0.29
3,90-114,1769665217,2026-01-29T13:40:17,0.295
3,90-114,1769665517,2026-01-29T13:45:17,0.295
3,90-114,1769665816,2026-01-29T13:50:16,0.295
3,90-114,1769666136,2026-01-29T13:55:36,0.295
3,90-114,1769666424,2026-01-29T14:00:24,0.295
3,90-114,1769666717,2026-01-29T14:05:17,0.295
3,90-114,1769667018,2026-01-29T14:10:18,0.295
3,90-114,1769667317,2026-01-29T14:15:17,0.295
3,90-114,1769667617,2026-01-29T14:20:17,0.295
3,90-114,1769667919,2026-01-29T14:25:19,0.295
3,90-114,1769668221,2026-01-29T14:30:21,0.295
3,90-114,1769668538,2026-01-29T14:35:38,0.295
3,90-114,1769668819,2026-01-29T14:40:19,0.305
3,90-114,1769669117,2026-01-29T14:45:17,0.305
3,90-114,1769669417,2026-01-29T14:50:17,0.305
3,90-114,1769669717,2026-01-29T14:55:17,0.305
3,90-114,1769670023,2026-01-29T15:00:23,0.3
3,90-114,1769670319,2026-01-29T15:05:19,0.31
3,90-114,1769670617,2026-01-29T15:10:17,0.32
3,90-114,1769670917,2026-01-29T15:15:17,0.32
3,90-114,1769671217,2026-01-29T15:20:17,0.32
3,90-114,1769671517,2026-01-29T15:25:17,0.325
3,90-114,1769671841,2026-01-29T15:30:41,0.325
3,90-114,1769672117,2026-01-29T15:35:17,0.325
3,90-114,1769672427,2026-01-29T15:40:27,0.325
3,90-114,1769672717,2026-01-29T15:45:17,0.325
3,90-114,1769673020,2026-01-29T15:50:20,0.325
3,90-114,1769673317,2026-01-29T15:55:17,0.325
3,90-114,1769673622,2026-01-29T16:00:22,0.32
3,90-114,1769673918,2026-01-29T16:05:18,0.32
3,90-114,1769674217,2026-01-29T16:10:17,0.32
3,90-114,1769674516,2026-01-29T16:15:16,0.32
3,90-114,1769674816,2026-01-29T16:20:16,0.32
3,90-114,1769675117,2026-01-29T16:25:17,0.32
3,90-114,1769675424,2026-01-29T16:30:24,0.32
3,90-114,1769675717,2026-01-29T16:35:17,0.32
3,90-114,1769676039,2026-01-29T16:40:39,0.32
3,90-114,1769676317,2026-01-29T16:45:17,0.32
3,90-114,1769676618,2026-01-29T16:50:18,0.32
3,90-114,1769676917,2026-01-29T16:55:17,0.32
3,90-114,1769677225,2026-01-29T17:00:25,0.32
3,90-114,1769677517,2026-01-29T17:05:17,0.32
3,90-114,1769677819,2026-01-29T17:10:19,0.32
3,90-114,1769678117,2026-01-29T17:15:17,0.32
3,90-114,1769678418,2026-01-29T17:20:18,0.32
3,90-114,1769678717,2026-01-29T17:25:17,0.32
3,90-114,1769679022,2026-01-29T17:30:22,0.32
3,90-114,1769679319,2026-01-29T17:35:19,0.32
3,90-114,1769679617,2026-01-29T17:40:17,0.32
3,90-114,1769679917,2026-01-29T17:45:17,0.32
3,90-114,1769680217,2026-01-29T17:50:17,0.32
3,90-114,1769680518,2026-01-29T17:55:18,0.33
3,90-114,1769680825,2026-01-29T18:00:25,0.33
3,90-114,1769681117,2026-01-29T18:05:17,0.32
3,90-114,1769681418,2026-01-29T18:10:18,0.32
3,90-114,1769681717,2026-01-29T18:15:17,0.32
3,90-114,1769682018,2026-01-29T18:20:18,0.32
3,90-114,1769682320,2026-01-29T18:25:20,0.32
3,90-114,1769682621,2026-01-29T18:30:21,0.32
3,90-114,1769682917,2026-01-29T18:35:17,0.32
3,90-114,1769683218,2026-01-29T18:40:18,0.33
3,90-114,1769683517,2026-01-29T18:45:17,0.32
3,90-114,1769683821,2026-01-29T18:50:21,0.32
3,90-114,1769684117,2026-01-29T18:55:17,0.32
3,90-114,1769684422,2026-01-29T19:00:22,0.325
3,90-114,1769684716,2026-01-29T19:05:16,0.325
3,90-114,1769685017,2026-01-29T19:10:17,0.325
3,90-114,1769685320,2026-01-29T19:15:20,0.325
3,90-114,1769685617,2026-01-29T19:20:17,0.33
3,90-114,1769685917,2026-01-29T19:25:17,0.33
3,90-114,1769686221,2026-01-29T19:30:21,0.33
3,90-114,1769686517,2026-01-29T19:35:17,0.33
3,90-114,1769686820,2026-01-29T19:40:20,0.33
3,90-114,1769687117,2026-01-29T19:45:17,0.33
3,90-114,1769687418,2026-01-29T19:50:18,0.33
3,90-114,1769687741,2026-01-29T19:55:41,0.33
3,90-114,1769688032,2026-01-29T20:00:32,0.33
3,90-114,1769688317,2026-01-29T20:05:17,0.33
3,90-114,1769688618,2026-01-29T20:10:18,0.33
3,90-114,1769688917,2026-01-29T20:15:17,0.33
3,90-114,1769689217,2026-01-29T20:20:17,0.33
3,90-114,1769689521,2026-01-29T20:25:21,0.33
3,90-114,1769689821,2026-01-29T20:30:21,0.33
3,90-114,1769690118,2026-01-29T20:35:18,0.33
3,90-114,1769690418,2026-01-29T20:40:18,0.33
3,90-114,1769690717,2026-01-29T20:45:17,0.33
3,90-114,1769691021,2026-01-29T20:50:21,0.33
3,90-114,1769691318,2026-01-29T20:55:18,0.33
3,90-114,1769691622,2026-01-29T21:00:22,0.33
3,90-114,1769691917,2026-01-29T21:05:17,0.33
3,90-114,1769692218,2026-01-29T21:10:18,0.33
3,90-114,1769692521,2026-01-29T21:15:21,0.325
3,90-114,1769692821,2026-01-29T21:20:21,0.325
3,90-114,1769693118,2026-01-29T21:25:18,0.325
3,90-114,1769693422,2026-01-29T21:30:22,0.325
3,90-114,1769693717,2026-01-29T21:35:17,0.325
3,90-114,1769694017,2026-01-29T21:40:17,0.325
3,90-114,1769694329,2026-01-29T21:45:29,0.325
3,90-114,1769694618,2026-01-29T21:50:18,0.325
3,90-114,1769694921,2026-01-29T21:55:21,0.325
3,90-114,1769695222,2026-01-29T22:00:22,0.325
3,90-114,1769695518,2026-01-29T22:05:18,0.325
3,90-114,1769695842,2026-01-29T22:10:42,0.325
3,90-114,1769696117,2026-01-29T22:15:17,0.33
3,90-114,1769696419,2026-01-29T22:20:19,0.33
3,90-114,1769696718,2026-01-29T22:25:18,0.33
3,90-114,1769697022,2026-01-29T22:30:22,0.335
3,90-114,1769697317,2026-01-29T22:35:17,0.33
3,90-114,1769697622,2026-01-29T22:40:22,0.33
3,90-114,1769697917,2026-01-29T22:45:17,0.33
3,90-114,1769698218,2026-01-29T22:50:18,0.325
3,90-114,1769698518,2026-01-29T22:55:18,0.325
3,90-114,1769698824,2026-01-29T23:00:24,0.315
3,90-114,1769699121,2026-01-29T23:05:21,0.315
3,90-114,1769699418,2026-01-29T23:10:18,0.315
3,90-114,1769699755,2026-01-29T23:15:55,0.315
3,90-114,1769700318,2026-01-29T23:25:18,0.32
3,90-114,1769700625,2026-01-29T23:30:25,0.32
3,90-114,1769700917,2026-01-29T23:35:17,0.32
3,90-114,1769701218,2026-01-29T23:40:18,0.315
3,90-114,1769701517,2026-01-29T23:45:17,0.32
3,90-114,1769702121,2026-01-29T23:55:21,0.32
3,90-114,1769702422,2026-01-30T00:00:22,0.33
3,90-114,1769702717,2026-01-30T00:05:17,0.325
3,90-114,1769703018,2026-01-30T00:10:18,0.32
3,90-114,1769703318,2026-01-30T00:15:18,0.32
3,90-114,1769703642,2026-01-30T00:20:42,0.315
3,90-114,1769703918,2026-01-30T00:25:18,0.31
3,90-114,1769704222,2026-01-30T00:30:22,0.305
3,90-114,1769704518,2026-01-30T00:35:18,0.305
3,90-114,1769704818,2026-01-30T00:40:18,0.31
3,90-114,1769705119,2026-01-30T00:45:19,0.32
3,90-114,1769705421,2026-01-30T00:50:21,0.31
3,90-114,1769705719,2026-01-30T00:55:19,0.31
3,90-114,1769706022,2026-01-30T01:00:22,0.305
3,90-114,1769706318,2026-01-30T01:05:18,0.3
3,90-114,1769706618,2026-01-30T01:10:18,0.3
3,90-114,1769706921,2026-01-30T01:15:21,0.3
3,90-114,1769707218,2026-01-30T01:20:18,0.295
3,90-114,1769707833,2026-01-30T01:30:33,0.29
3,90-114,1769708119,2026-01-30T01:35:19,0.265
3,90-114,1769708418,2026-01-30T01:40:18,0.275
3,90-114,1769708718,2026-01-30T01:45:18,0.275
3,90-114,1769709018,2026-01-30T01:50:18,0.27
3,90-114,1769709322,2026-01-30T01:55:22,0.28
3,90-114,1769709625,2026-01-30T02:00:25,0.28
3,90-114,1769709917,2026-01-30T02:05:17,0.28
3,90-114,1769710218,2026-01-30T02:10:18,0.285
3,90-114,1769710522,2026-01-30T02:15:22,0.28
3,90-114,1769710819,2026-01-30T02:20:19,0.285
3,90-114,1769711118,2026-01-30T02:25:18,0.28
3,90-114,1769711423,2026-01-30T02:30:23,0.27
3,90-114,1769711718,2026-01-30T02:35:18,0.275
3,90-114,1769712042,2026-01-30T02:40:42,0.27
3,90-114,1769712317,2026-01-30T02:45:17,0.265
3,90-114,1769712619,2026-01-30T02:50:19,0.265
3,90-114,1769712919,2026-01-30T02:55:19,0.265
3,90-114,1769713223,2026-01-30T03:00:23,0.265
3,90-114,1769713518,2026-01-30T03:05:18,0.26
3,90-114,1769713823,2026-01-30T03:10:23,0.27
3,90-114,1769714122,2026-01-30T03:15:22,0.265
3,90-114,1769714432,2026-01-30T03:20:32,0.265
3,90-114,1769714718,2026-01-30T03:25:18,0.255
3,90-114,1769715023,2026-01-30T03:30:23,0.26
3,90-114,1769715319,2026-01-30T03:35:19,0.265
3,90-114,1769715622,2026-01-30T03:40:22,0.265
3,90-114,1769715917,2026-01-30T03:45:17,0.265
3,90-114,1769716218,2026-01-30T03:50:18,0.255
3,90-114,1769716517,2026-01-30T03:55:17,0.26
3,90-114,1769716833,2026-01-30T04:00:33,0.26
3,90-114,1769717122,2026-01-30T04:05:22,0.25
3,90-114,1769717417,2026-01-30T04:10:17,0.245
3,90-114,1769717719,2026-01-30T04:15:19,0.245
3,90-114,1769718020,2026-01-30T04:20:20,0.225
3,90-114,1769718318,2026-01-30T04:25:18,0.225
3,90-114,1769718627,2026-01-30T04:30:27,0.225
3,90-114,1769718918,2026-01-30T04:35:18,0.225
3,90-114,1769719218,2026-01-30T04:40:18,0.225
3,90-114,1769719519,2026-01-30T04:45:19,0.225
3,90-114,1769719821,2026-01-30T04:50:21,0.225
3,90-114,1769720157,2026-01-30T04:55:57,0.23
3,90-114,1769720426,2026-01-30T05:00:26,0.24
3,90-114,1769720717,2026-01-30T05:05:17,0.24
3,90-114,1769721018,2026-01-30T05:10:18,0.24
3,90-114,1769721318,2026-01-30T05:15:18,0.24
3,90-114,1769721617,2026-01-30T05:20:17,0.24
3,90-114,1769721921,2026-01-30T05:25:21,0.24
3,90-114,1769722223,2026-01-30T05:30:23,0.24
3,90-114,1769722519,2026-01-30T05:35:19,0.24
3,90-114,1769722823,2026-01-30T05:40:23,0.24
3,90-114,1769723118,2026-01-30T05:45:18,0.235
3,90-114,1769723435,2026-01-30T05:50:35,0.24
3,90-114,1769723718,2026-01-30T05:55:18,0.235
3,90-114,1769724023,2026-01-30T06:00:23,0.235
3,90-114,1769724322,2026-01-30T06:05:22,0.235
3,90-114,1769724618,2026-01-30T06:10:18,0.245
3,90-114,1769724920,2026-01-30T06:15:20,0.245
3,90-114,1769725218,2026-01-30T06:20:18,0.245
3,90-114,1769725519,2026-01-30T06:25:19,0.25
3,90-114,1769725827,2026-01-30T06:30:27,0.25
3,90-114,1769726117,2026-01-30T06:35:17,0.255
3,90-114,1769726417,2026-01-30T06:40:17,0.26
3,90-114,1769726718,2026-01-30T06:45:18,0.25
3,90-114,1769727017,2026-01-30T06:50:17,0.25
3,90-114,1769727341,2026-01-30T06:55:41,0.265
3,90-114,1769727623,2026-01-30T07:00:23,0.265
3,90-114,1769727922,2026-01-30T07:05:22,0.26
3,90-114,1769728218,2026-01-30T07:10:18,0.26
3,90-114,1769728517,2026-01-30T07:15:17,0.255
3,90-114,1769728843,2026-01-30T07:20:43,0.255
3,90-114,1769729117,2026-01-30T07:25:17,0.255
3,90-114,1769729432,2026-01-30T07:30:32,0.25
3,90-114,1769729718,2026-01-30T07:35:18,0.25
3,90-114,1769730020,2026-01-30T07:40:20,0.25
3,90-114,1769730317,2026-01-30T07:45:17,0.25
3,90-114,1769730622,2026-01-30T07:50:22,0.25
3,90-114,1769730918,2026-01-30T07:55:18,0.25
3,90-114,1769731231,2026-01-30T08:00:31,0.25
3,90-114,1769731519,2026-01-30T08:05:19,0.25
3,90-114,1769731817,2026-01-30T08:10:17,0.25
3,90-114,1769732122,2026-01-30T08:15:22,0.265
3,90-114,1769732429,2026-01-30T08:20:29,0.275
3,90-114,1769732717,2026-01-30T08:25:17,0.265
3,90-114,1769733022,2026-01-30T08:30:22,0.26
3,90-114,1769733318,2026-01-30T08:35:18,0.255
3,90-114,1769733635,2026-01-30T08:40:35,0.255
3,90-114,1769733917,2026-01-30T08:45:17,0.26
3,90-114,1769734217,2026-01-30T08:50:17,0.26
3,90-114,1769734518,2026-01-30T08:55:18,0.26
3,90-114,1769734822,2026-01-30T09:00:22,0.255
3,90-114,1769735118,2026-01-30T09:05:18,0.255
3,90-114,1769735422,2026-01-30T09:10:22,0.25
3,90-114,1769735722,2026-01-30T09:15:22,0.25
3,90-114,1769736018,2026-01-30T09:20:18,0.26
3,90-114,1769736319,2026-01-30T09:25:19,0.255
3,90-114,1769736623,2026-01-30T09:30:23,0.255
3,90-114,1769736918,2026-01-30T09:35:18,0.26
3,90-114,1769737223,2026-01-30T09:40:23,0.26
3,90-114,1769737519,2026-01-30T09:45:19,0.26
3,90-114,1769737824,2026-01-30T09:50:24,0.26
3,90-114,1769738118,2026-01-30T09:55:18,0.26
3,90-114,1769738423,2026-01-30T10:00:23,0.255
3,90-114,1769738720,2026-01-30T10:05:20,0.26
3,90-114,1769739018,2026-01-30T10:10:18,0.26
3,90-114,1769739324,2026-01-30T10:15:24,0.26
3,90-114,1769739618,2026-01-30T10:20:18,0.255
3,90-114,1769739919,2026-01-30T10:25:19,0.26
3,90-114,1769740223,2026-01-30T10:30:23,0.26
3,90-114,1769740517,2026-01-30T10:35:17,0.26
3,90-114,1769740839,2026-01-30T10:40:39,0.26
3,90-114,1769741120,2026-01-30T10:45:20,0.26
3,90-114,1769741418,2026-01-30T10:50:18,0.26
3,90-114,1769741718,2026-01-30T10:55:18,0.265
3,90-114,1769742025,2026-01-30T11:00:25,0.265
3,90-114,1769742322,2026-01-30T11:05:22,0.26
3,90-114,1769742619,2026-01-30T11:10:19,0.26
3,90-114,1769742918,2026-01-30T11:15:18,0.265
3,90-114,1769743219,2026-01-30T11:20:19,0.265
3,90-114,1769743517,2026-01-30T11:25:17,0.265
3,90-114,1769743826,2026-01-30T11:30:26,0.265
3,90-114,1769744118,2026-01-30T11:35:18,0.265
3,90-114,1769744421,2026-01-30T11:40:21,0.265
3,90-114,1769744719,2026-01-30T11:45:19,0.265
3,90-114,1769745019,2026-01-30T11:50:19,0.265
3,90-114,1769745318,2026-01-30T11:55:18,0.265
3,90-114,1769745623,2026-01-30T12:00:23,0.265
3,90-114,1769745921,2026-01-30T12:05:21,0.26
3,90-114,1769746218,2026-01-30T12:10:18,0.26
3,90-114,1769746517,2026-01-30T12:15:17,0.255
3,90-114,1769746818,2026-01-30T12:20:18,0.25
3,90-114,1769747118,2026-01-30T12:25:18,0.255
3,90-114,1769747426,2026-01-30T12:30:26,0.255
3,90-114,1769747718,2026-01-30T12:35:18,0.255
3,90-114,1769748018,2026-01-30T12:40:18,0.255
3,90-114,1769748318,2026-01-30T12:45:18,0.25
3,90-114,1769748619,2026-01-30T12:50:19,0.25
3,90-114,1769748942,2026-01-30T12:55:42,0.25
3,90-114,1769749223,2026-01-30T13:00:23,0.25
3,90-114,1769749517,2026-01-30T13:05:17,0.25
3,90-114,1769749818,2026-01-30T13:10:18,0.255
3,90-114,1769750119,2026-01-30T13:15:19,0.27
3,90-114,1769750417,2026-01-30T13:20:17,0.26
3,90-114,1769750722,2026-01-30T13:25:22,0.25
3,90-114,1769751023,2026-01-30T13:30:23,0.25
3,90-114,1769751319,2026-01-30T13:35:19,0.255
3,90-114,1769751617,2026-01-30T13:40:17,0.25
3,90-114,1769751918,2026-01-30T13:45:18,0.25
3,90-114,1769752221,2026-01-30T13:50:21,0.25
3,90-114,1769752517,2026-01-30T13:55:17,0.25
3,90-114,1769752824,2026-01-30T14:00:24,0.25
3,90-114,1769753117,2026-01-30T14:05:17,0.26
3,90-114,1769753418,2026-01-30T14:10:18,0.275
3,90-114,1769753722,2026-01-30T14:15:22,0.275
3,90-114,1769754017,2026-01-30T14:20:17,0.275
3,90-114,1769754317,2026-01-30T14:25:17,0.275
3,90-114,1769754626,2026-01-30T14:30:26,0.275
3,90-114,1769754941,2026-01-30T14:35:41,0.275
3,90-114,1769755217,2026-01-30T14:40:17,0.275
3,90-114,1769755518,2026-01-30T14:45:18,0.275
3,90-114,1769755817,2026-01-30T14:50:17,0.275
3,90-114,1769756117,2026-01-30T14:55:17,0.275
3,90-114,1769756422,2026-01-30T15:00:22,0.275
3,90-114,1769756722,2026-01-30T15:05:22,0.275
3,90-114,1769757017,2026-01-30T15:10:17,0.275
3,90-114,1769757317,2026-01-30T15:15:17,0.28
3,90-114,1769757617,2026-01-30T15:20:17,0.285
3,90-114,1769757917,2026-01-30T15:25:17,0.285
3,90-114,1769758227,2026-01-30T15:30:27,0.285
3,90-114,1769758517,2026-01-30T15:35:17,0.285
3,90-114,1769758822,2026-01-30T15:40:22,0.28
3,90-114,1769759117,2026-01-30T15:45:17,0.28
3,90-114,1769759424,2026-01-30T15:50:24,0.28
3,90-114,1769759717,2026-01-30T15:55:17,0.28
3,90-114,1769760023,2026-01-30T16:00:23,0.295
3,90-114,1769760317,2026-01-30T16:05:17,0.3
3,90-114,1769760618,2026-01-30T16:10:18,0.305
3,90-114,1769760921,2026-01-30T16:15:21,0.305
3,90-114,1769761218,2026-01-30T16:20:18,0.275
3,90-114,1769761520,2026-01-30T16:25:20,0.275
3,90-114,1769761822,2026-01-30T16:30:22,0.275
3,90-114,1769762117,2026-01-30T16:35:17,0.255
3,90-114,1769762422,2026-01-30T16:40:22,0.25
3,90-114,1769762717,2026-01-30T16:45:17,0.235
3,90-114,1769763018,2026-01-30T16:50:18,0.225
3,90-114,1769763318,2026-01-30T16:55:18,0.205
3,90-114,1769763649,2026-01-30T17:00:49,0.22
3,90-114,1769763918,2026-01-30T17:05:18,0.215
3,90-114,1769764217,2026-01-30T17:10:17,0.215
3,90-114,1769764518,2026-01-30T17:15:18,0.22
3,90-114,1769764817,2026-01-30T17:20:17,0.225
3,90-114,1769765117,2026-01-30T17:25:17,0.22
3,90-114,1769765426,2026-01-30T17:30:26,0.235
3,90-114,1769765718,2026-01-30T17:35:18,0.245
3,90-114,1769766017,2026-01-30T17:40:17,0.26
3,90-114,1769766316,2026-01-30T17:45:16,0.265
3,90-114,1769766621,2026-01-30T17:50:21,0.255
3,90-114,1769766917,2026-01-30T17:55:17,0.275
3,90-114,1769767222,2026-01-30T18:00:22,0.265
3,90-114,1769767517,2026-01-30T18:05:17,0.285
3,90-114,1769767817,2026-01-30T18:10:17,0.285
3,90-114,1769768122,2026-01-30T18:15:22,0.285
3,90-114,1769768417,2026-01-30T18:20:17,0.285
3,90-114,1769768722,2026-01-30T18:25:22,0.29
3,90-114,1769769023,2026-01-30T18:30:23,0.29
3,90-114,1769769322,2026-01-30T18:35:22,0.295
3,90-114,1769769618,2026-01-30T18:40:18,0.295
3,90-114,1769769922,2026-01-30T18:45:22,0.285
3,90-114,1769770216,2026-01-30T18:50:16,0.285
3,90-114,1769770518,2026-01-30T18:55:18,0.295
3,90-114,1769770846,2026-01-30T19:00:46,0.285
3,90-114,1769771117,2026-01-30T19:05:17,0.285
3,90-114,1769771418,2026-01-30T19:10:18,0.285
3,90-114,1769771723,2026-01-30T19:15:23,0.295
3,90-114,1769772019,2026-01-30T19:20:19,0.29
3,90-114,1769772317,2026-01-30T19:25:17,0.295
3,90-114,1769772623,2026-01-30T19:30:23,0.295
3,90-114,1769772917,2026-01-30T19:35:17,0.295
3,90-114,1769773225,2026-01-30T19:40:25,0.295
3,90-114,1769773517,2026-01-30T19:45:17,0.295
3,90-114,1769773819,2026-01-30T19:50:19,0.295
3,90-114,1769774118,2026-01-30T19:55:18,0.295
3,90-114,1769774446,2026-01-30T20:00:46,0.295
3,90-114,1769774717,2026-01-30T20:05:17,0.295
3,90-114,1769775017,2026-01-30T20:10:17,0.295
3,90-114,1769775320,2026-01-30T20:15:20,0.295
3,90-114,1769775618,2026-01-30T20:20:18,0.3
3,90-114,1769775934,2026-01-30T20:25:34,0.3
3,90-114,1769776226,2026-01-30T20:30:26,0.295
3,90-114,1769776518,2026-01-30T20:35:18,0.295
3,90-114,1769776819,2026-01-30T20:40:19,0.295
3,90-114,1769777118,2026-01-30T20:45:18,0.295
3,90-114,1769777418,2026-01-30T20:50:18,0.295
3,90-114,1769777722,2026-01-30T20:55:22,0.3
3,90-114,1769778023,2026-01-30T21:00:23,0.3
3,90-114,1769778318,2026-01-30T21:05:18,0.295
3,90-114,1769778617,2026-01-30T21:10:17,0.295
3,90-114,1769778918,2026-01-30T21:15:18,0.295
3,90-114,1769779222,2026-01-30T21:20:22,0.295
3,90-114,1769779518,2026-01-30T21:25:18,0.295
3,90-114,1769779823,2026-01-30T21:30:23,0.295
3,90-114,1769780118,2026-01-30T21:35:18,0.305
3,90-114,1769780422,2026-01-30T21:40:22,0.285
3,90-114,1769780719,2026-01-30T21:45:19,0.295
3,90-114,1769781019,2026-01-30T21:50:19,0.295
3,90-114,1769781319,2026-01-30T21:55:19,0.295
3,90-114,1769781623,2026-01-30T22:00:23,0.31
3,90-114,1769781942,2026-01-30T22:05:42,0.31
3,90-114,1769782218,2026-01-30T22:10:18,0.3
3,90-114,1769782522,2026-01-30T22:15:22,0.315
3,90-114,1769782817,2026-01-30T22:20:17,0.315
3,90-114,1769783117,2026-01-30T22:25:17,0.31
3,90-114,1769783428,2026-01-30T22:30:28,0.285
3,90-114,1769783720,2026-01-30T22:35:20,0.29
3,90-114,1769784018,2026-01-30T22:40:18,0.275
3,90-114,1769784318,2026-01-30T22:45:18,0.275
3,90-114,1769784617,2026-01-30T22:50:17,0.265
3,90-114,1769784943,2026-01-30T22:55:43,0.25
3,90-114,1769785227,2026-01-30T23:00:27,0.265
3,90-114,1769785519,2026-01-30T23:05:19,0.285
3,90-114,1769785817,2026-01-30T23:10:17,0.29
3,90-114,1769786117,2026-01-30T23:15:17,0.29
3,90-114,1769786420,2026-01-30T23:20:20,0.325
3,90-114,1769786722,2026-01-30T23:25:22,0.335
3,90-114,1769787023,2026-01-30T23:30:23,0.335
3,90-114,1769787318,2026-01-30T23:35:18,0.325
3,90-114,1769787617,2026-01-30T23:40:17,0.325
3,90-114,1769787923,2026-01-30T23:45:23,0.305
3,90-114,1769788218,2026-01-30T23:50:18,0.3
3,90-114,1769788517,2026-01-30T23:55:17,0.315
3,90-114,1769788824,2026-01-31T00:00:24,0.285
3,90-114,1769789118,2026-01-31T00:05:18,0.265
3,90-114,1769789442,2026-01-31T00:10:42,0.24
3,90-114,1769789718,2026-01-31T00:15:18,0.23
3,90-114,1769790018,2026-01-31T00:20:18,0.245
3,90-114,1769790317,2026-01-31T00:25:17,0.255
3,90-114,1769790623,2026-01-31T00:30:23,0.25
3,90-114,1769790917,2026-01-31T00:35:17,0.28
3,90-114,1769791222,2026-01-31T00:40:22,0.26
3,90-114,1769791519,2026-01-31T00:45:19,0.225
3,90-114,1769791819,2026-01-31T00:50:19,0.225
3,90-114,1769792118,2026-01-31T00:55:18,0.265
3,90-114,1769792426,2026-01-31T01:00:26,0.255
3,90-114,1769792722,2026-01-31T01:05:22,0.255
3,90-114,1769793018,2026-01-31T01:10:18,0.275
3,90-114,1769793319,2026-01-31T01:15:19,0.27
3,90-114,1769793619,2026-01-31T01:20:19,0.275
3,90-114,1769793923,2026-01-31T01:25:23,0.28
3,90-114,1769794223,2026-01-31T01:30:23,0.29
3,90-114,1769794518,2026-01-31T01:35:18,0.295
3,90-114,1769794819,2026-01-31T01:40:19,0.28
3,90-114,1769795120,2026-01-31T01:45:20,0.29
3,90-114,1769795454,2026-01-31T01:50:54,0.31
3,90-114,1769795719,2026-01-31T01:55:19,0.315
3,90-114,1769796025,2026-01-31T02:00:25,0.325
3,90-114,1769796317,2026-01-31T02:05:17,0.32
3,90-114,1769796619,2026-01-31T02:10:19,0.305
3,90-114,1769796918,2026-01-31T02:15:18,0.305
3,90-114,1769797222,2026-01-31T02:20:22,0.31
3,90-114,1769797518,2026-01-31T02:25:18,0.315
3,90-114,1769797825,2026-01-31T02:30:25,0.31
3,90-114,1769798119,2026-01-31T02:35:19,0.34
3,90-114,1769798420,2026-01-31T02:40:20,0.345
3,90-114,1769798736,2026-01-31T02:45:36,0.36
3,90-114,1769799020,2026-01-31T02:50:20,0.335
3,90-114,1769799317,2026-01-31T02:55:17,0.335
3,90-114,1769799624,2026-01-31T03:00:24,0.345
3,90-114,1769799918,2026-01-31T03:05:18,0.355
3,90-114,1769800231,2026-01-31T03:10:31,0.36
3,90-114,1769800522,2026-01-31T03:15:22,0.38
3,90-114,1769800817,2026-01-31T03:20:17,0.39
3,90-114,1769801118,2026-01-31T03:25:18,0.39
3,90-114,1769801423,2026-01-31T03:30:23,0.395
3,90-114,1769801718,2026-01-31T03:35:18,0.39
3,90-114,1769802024,2026-01-31T03:40:24,0.385
3,90-114,1769802318,2026-01-31T03:45:18,0.38
3,90-114,1769802621,2026-01-31T03:50:21,0.385
3,90-114,1769802918,2026-01-31T03:55:18,0.385
3,90-114,1769803224,2026-01-31T04:00:24,0.385
3,90-114,1769803524,2026-01-31T04:05:24,0.385
3,90-114,1769803822,2026-01-31T04:10:22,0.385
3,90-114,1769804118,2026-01-31T04:15:18,0.315
3,90-114,1769804418,2026-01-31T04:20:18,0.305
3,90-114,1769805023,2026-01-31T04:30:23,0.3
3,90-114,1769805341,2026-01-31T04:35:41,0.295
3,90-114,1769805620,2026-01-31T04:40:20,0.295
3,90-114,1769805918,2026-01-31T04:45:18,0.28
3,90-114,1769806219,2026-01-31T04:50:19,0.29
3,90-114,1769806519,2026-01-31T04:55:19,0.295
3,90-114,1769806827,2026-01-31T05:00:27,0.295
3,90-114,1769807121,2026-01-31T05:05:21,0.295
3,90-114,1769807418,2026-01-31T05:10:18,0.3
3,90-114,1769807718,2026-01-31T05:15:18,0.3
3,90-114,1769808017,2026-01-31T05:20:17,0.3
3,90-114,1769808317,2026-01-31T05:25:17,0.265
3,90-114,1769808628,2026-01-31T05:30:28,0.245
3,90-114,1769808921,2026-01-31T05:35:21,0.21
3,90-114,1769809219,2026-01-31T05:40:19,0.195
3,90-114,1769809519,2026-01-31T05:45:19,0.19
3,90-114,1769809818,2026-01-31T05:50:18,0.155
3,90-114,1769810118,2026-01-31T05:55:18,0.17
3,90-114,1769810429,2026-01-31T06:00:29,0.145
3,90-114,1769810717,2026-01-31T06:05:17,0.15
3,90-114,1769811033,2026-01-31T06:10:33,0.145
3,90-114,1769811318,2026-01-31T06:15:18,0.16
3,90-114,1769811618,2026-01-31T06:20:18,0.165
3,90-114,1769811942,2026-01-31T06:25:42,0.16
3,90-114,1769812225,2026-01-31T06:30:25,0.15
3,90-114,1769812519,2026-01-31T06:35:19,0.185
3,90-114,1769812818,2026-01-31T06:40:18,0.145
3,90-114,1769813119,2026-01-31T06:45:19,0.145
3,90-114,1769813418,2026-01-31T06:50:18,0.155
3,90-114,1769813722,2026-01-31T06:55:22,0.125
3,90-114,1769814023,2026-01-31T07:00:23,0.1
3,90-114,1769814318,2026-01-31T07:05:18,0.095
3,90-114,1769814619,2026-01-31T07:10:19,0.09
3,90-114,1769814917,2026-01-31T07:15:17,0.075
3,90-114,1769815222,2026-01-31T07:20:22,0.08
3,90-114,1769815519,2026-01-31T07:25:19,0.105
3,90-114,1769815824,2026-01-31T07:30:24,0.11
3,90-114,1769816119,2026-01-31T07:35:19,0.12
3,90-114,1769816418,2026-01-31T07:40:18,0.125
3,90-114,1769816724,2026-01-31T07:45:24,0.13
3,90-114,1769817021,2026-01-31T07:50:21,0.13
3,90-114,1769817318,2026-01-31T07:55:18,0.13
3,90-114,1769817631,2026-01-31T08:00:31,0.125
3,90-114,1769817917,2026-01-31T08:05:17,0.135
3,90-114,1769818218,2026-01-31T08:10:18,0.145
3,90-114,1769818518,2026-01-31T08:15:18,0.145
3,90-114,1769818819,2026-01-31T08:20:19,0.16
3,90-114,1769819118,2026-01-31T08:25:18,0.185
3,90-114,1769819425,2026-01-31T08:30:25,0.155
3,90-114,1769819719,2026-01-31T08:35:19,0.155
3,90-114,1769820018,2026-01-31T08:40:18,0.16
3,90-114,1769820332,2026-01-31T08:45:32,0.175
3,90-114,1769820618,2026-01-31T08:50:18,0.175
3,90-114,1769820918,2026-01-31T08:55:18,0.175
3,90-114,1769821223,2026-01-31T09:00:23,0.175
3,90-114,1769821518,2026-01-31T09:05:18,0.165
3,90-114,1769821834,2026-01-31T09:10:34,0.18
3,90-114,1769822119,2026-01-31T09:15:19,0.17
3,90-114,1769822419,2026-01-31T09:20:19,0.185
3,90-114,1769822719,2026-01-31T09:25:19,0.19
3,90-114,1769823025,2026-01-31T09:30:25,0.205
3,90-114,1769823318,2026-01-31T09:35:18,0.225
3,90-114,1769823618,2026-01-31T09:40:18,0.24
3,90-114,1769823917,2026-01-31T09:45:17,0.225
3,90-114,1769824218,2026-01-31T09:50:18,0.23
3,90-114,1769824518,2026-01-31T09:55:18,0.225
3,90-114,1769824823,2026-01-31T10:00:23,0.225
3,90-114,1769825134,2026-01-31T10:05:34,0.22
3,90-114,1769825419,2026-01-31T10:10:19,0.2
3,90-114,1769825718,2026-01-31T10:15:18,0.155
3,90-114,1769826019,2026-01-31T10:20:19,0.155
3,90-114,1769826319,2026-01-31T10:25:19,0.16
3,90-114,1769826624,2026-01-31T10:30:24,0.185
3,90-114,1769826919,2026-01-31T10:35:19,0.195
3,90-114,1769827218,2026-01-31T10:40:18,0.205
3,90-114,1769827536,2026-01-31T10:45:36,0.215
3,90-114,1769827818,2026-01-31T10:50:18,0.185
3,90-114,1769828119,2026-01-31T10:55:19,0.18
3,90-114,1769828425,2026-01-31T11:00:25,0.195
3,90-114,1769828720,2026-01-31T11:05:20,0.195
3,90-114,1769829018,2026-01-31T11:10:18,0.175
3,90-114,1769829320,2026-01-31T11:15:20,0.18
3,90-114,1769829618,2026-01-31T11:20:18,0.18
3,90-114,1769829919,2026-01-31T11:25:19,0.195
3,90-114,1769830224,2026-01-31T11:30:24,0.185
3,90-114,1769830519,2026-01-31T11:35:19,0.2
3,90-114,1769830818,2026-01-31T11:40:18,0.21
3,90-114,1769831119,2026-01-31T11:45:19,0.215
3,90-114,1769831418,2026-01-31T11:50:18,0.22
3,90-114,1769831719,2026-01-31T11:55:19,0.195
3,90-114,1769832024,2026-01-31T12:00:24,0.2
3,90-114,1769832317,2026-01-31T12:05:17,0.2
3,90-114,1769832618,2026-01-31T12:10:18,0.2
3,90-114,1769832918,2026-01-31T12:15:18,0.195
3,90-114,1769833218,2026-01-31T12:20:18,0.185
3,90-114,1769833520,2026-01-31T12:25:20,0.2
3,90-114,1769833823,2026-01-31T12:30:23,0.205
3,90-114,1769834118,2026-01-31T12:35:18,0.225
3,90-114,1769834417,2026-01-31T12:40:17,0.225
3,90-114,1769834719,2026-01-31T12:45:19,0.215
3,90-114,1769835023,2026-01-31T12:50:23,0.21
3,90-114,1769835319,2026-01-31T12:55:19,0.215
3,90-114,1769835624,2026-01-31T13:00:24,0.155
3,90-114,1769835917,2026-01-31T13:05:17,0.19
3,90-114,1769836218,2026-01-31T13:10:18,0.195
3,90-114,1769836523,2026-01-31T13:15:23,0.18
3,90-114,1769836819,2026-01-31T13:20:19,0.15
3,90-114,1769837118,2026-01-31T13:25:18,0.14
3,90-114,1769837424,2026-01-31T13:30:24,0.145
3,90-114,1769837719,2026-01-31T13:35:19,0.135
3,90-114,1769838021,2026-01-31T13:40:21,0.15
3,90-114,1769838319,2026-01-31T13:45:19,0.165
3,90-114,1769838618,2026-01-31T13:50:18,0.16
3,90-114,1769838919,2026-01-31T13:55:19,0.175
3,90-114,1769839226,2026-01-31T14:00:26,0.175
3,90-114,1769839522,2026-01-31T14:05:22,0.18
3,90-114,1769839818,2026-01-31T14:10:18,0.205
3,90-114,1769840118,2026-01-31T14:15:18,0.22
3,90-114,1769840419,2026-01-31T14:20:19,0.235
3,90-114,1769840720,2026-01-31T14:25:20,0.245
3,90-114,1769841025,2026-01-31T14:30:25,0.24
3,90-114,1769841341,2026-01-31T14:35:41,0.235
3,90-114,1769841618,2026-01-31T14:40:18,0.22
3,90-114,1769841918,2026-01-31T14:45:18,0.245
3,90-114,1769842219,2026-01-31T14:50:19,0.275
3,90-114,1769842521,2026-01-31T14:55:21,0.225
3,90-114,1769842825,2026-01-31T15:00:25,0.245
3,90-114,1769843118,2026-01-31T15:05:18,0.27
3,90-114,1769843418,2026-01-31T15:10:18,0.285
3,90-114,1769843719,2026-01-31T15:15:19,0.28
3,90-114,1769844021,2026-01-31T15:20:21,0.27
3,90-114,1769844318,2026-01-31T15:25:18,0.28
3,90-114,1769844623,2026-01-31T15:30:23,0.31
3,90-114,1769844918,2026-01-31T15:35:18,0.295
3,90-114,1769845225,2026-01-31T15:40:25,0.305
3,90-114,1769845537,2026-01-31T15:45:37,0.24
3,90-114,1769845820,2026-01-31T15:50:20,0.255
3,90-114,1769846118,2026-01-31T15:55:18,0.27
3,90-114,1769846424,2026-01-31T16:00:24,0.265
3,90-114,1769846718,2026-01-31T16:05:18,0.29
3,90-114,1769847019,2026-01-31T16:10:19,0.295
3,90-114,1769847321,2026-01-31T16:15:21,0.31
3,90-114,1769847619,2026-01-31T16:20:19,0.3
3,90-114,1769847918,2026-01-31T16:25:18,0.3
3,90-114,1769848224,2026-01-31T16:30:24,0.29
3,90-114,1769848520,2026-01-31T16:35:20,0.285
3,90-114,1769848818,2026-01-31T16:40:18,0.285
3,90-114,1769849119,2026-01-31T16:45:19,0.305
3,90-114,1769849418,2026-01-31T16:50:18,0.325
3,90-114,1769849718,2026-01-31T16:55:18,0.3
3,90-114,1769850052,2026-01-31T17:00:52,0.305
3,90-114,1769850319,2026-01-31T17:05:19,0.32
3,90-114,1769850619,2026-01-31T17:10:19,0.325
3,90-114,1769850918,2026-01-31T17:15:18,0.335
3,90-114,1769851218,2026-01-31T17:20:18,0.305
3,90-114,1769851518,2026-01-31T17:25:18,0.315
3,90-114,1769851825,2026-01-31T17:30:25,0.305
3,90-114,1769852118,2026-01-31T17:35:18,0.3
3,90-114,1769852419,2026-01-31T17:40:19,0.29
3,90-114,1769852720,2026-01-31T17:45:20,0.29
3,90-114,1769853018,2026-01-31T17:50:18,0.285
3,90-114,1769853319,2026-01-31T17:55:19,0.3
3,90-114,1769853625,2026-01-31T18:00:25,0.305
3,90-114,1769853920,2026-01-31T18:05:20,0.325
3,90-114,1769854220,2026-01-31T18:10:20,0.33
3,90-114,1769854518,2026-01-31T18:15:18,0.325
3,90-114,1769854818,2026-01-31T18:20:18,0.31
3,90-114,1769855118,2026-01-31T18:25:18,0.31
3,90-114,1769855423,2026-01-31T18:30:23,0.31
3,90-114,1769855720,2026-01-31T18:35:20,0.32
3,90-114,1769856019,2026-01-31T18:40:19,0.325
3,90-114,1769856319,2026-01-31T18:45:19,0.33
3,90-114,1769856617,2026-01-31T18:50:17,0.325
3,90-114,1769856940,2026-01-31T18:55:40,0.315
3,90-114,1769857223,2026-01-31T19:00:23,0.33
3,90-114,1769857518,2026-01-31T19:05:18,0.33
3,90-114,1769857818,2026-01-31T19:10:18,0.325
3,90-114,1769858131,2026-01-31T19:15:31,0.325
3,90-114,1769858418,2026-01-31T19:20:18,0.325
3,90-114,1769858722,2026-01-31T19:25:22,0.325
3,90-114,1769859024,2026-01-31T19:30:24,0.31
3,90-114,1769859318,2026-01-31T19:35:18,0.31
3,90-114,1769859618,2026-01-31T19:40:18,0.315
3,90-114,1769859918,2026-01-31T19:45:18,0.31
3,90-114,1769860222,2026-01-31T19:50:22,0.31
3,90-114,1769860518,2026-01-31T19:55:18,0.32
3,90-114,1769860837,2026-01-31T20:00:37,0.32
3,90-114,1769861118,2026-01-31T20:05:18,0.325
3,90-114,1769861419,2026-01-31T20:10:19,0.32
3,90-114,1769861723,2026-01-31T20:15:23,0.32
3,90-114,1769862018,2026-01-31T20:20:18,0.32
3,90-114,1769862319,2026-01-31T20:25:19,0.315
3,90-114,1769862623,2026-01-31T20:30:23,0.32
3,90-114,1769862919,2026-01-31T20:35:19,0.32
3,90-114,1769863222,2026-01-31T20:40:22,0.32
3,90-114,1769863518,2026-01-31T20:45:18,0.32
3,90-114,1769863819,2026-01-31T20:50:19,0.315
3,90-114,1769864118,2026-01-31T20:55:18,0.315
3,90-114,1769864426,2026-01-31T21:00:26,0.315
3,90-114,1769864722,2026-01-31T21:05:22,0.315
3,90-114,1769865018,2026-01-31T21:10:18,0.315
3,90-114,1769865319,2026-01-31T21:15:19,0.33
3,90-114,1769865619,2026-01-31T21:20:19,0.33
3,90-114,1769865919,2026-01-31T21:25:19,0.325
3,90-114,1769866226,2026-01-31T21:30:26,0.315
3,90-114,1769866518,2026-01-31T21:35:18,0.325
3,90-114,1769866818,2026-01-31T21:40:18,0.345
3,90-114,1769867124,2026-01-31T21:45:24,0.34
3,90-114,1769867418,2026-01-31T21:50:18,0.345
3,90-114,1769867740,2026-01-31T21:55:40,0.35
3,90-114,1769868023,2026-01-31T22:00:23,0.365
3,90-114,1769868319,2026-01-31T22:05:19,0.395
3,90-114,1769868619,2026-01-31T22:10:19,0.425
3,90-114,1769868919,2026-01-31T22:15:19,0.445
3,90-114,1769869221,2026-01-31T22:20:21,0.44
3,90-114,1769869522,2026-01-31T22:25:22,0.265
3,90-114,1769869824,2026-01-31T22:30:24,0.315
3,90-114,1769870119,2026-01-31T22:35:19,0.315
3,90-114,1769870418,2026-01-31T22:40:18,0.29
3,90-114,1769870718,2026-01-31T22:45:18,0.325
3,90-114,1769871022,2026-01-31T22:50:22,0.245
3,90-114,1769871318,2026-01-31T22:55:18,0.125
3,90-114,1769871629,2026-01-31T23:00:29,0.04
3,90-114,1769871919,2026-01-31T23:05:19,0.0315
3,90-114,1769872219,2026-01-31T23:10:19,0.0005
3,90-114,1769872524,2026-01-31T23:15:24,0.0005
3,90-114,1769872819,2026-01-31T23:20:19,0.0005
3,90-114,1769873122,2026-01-31T23:25:22,0.0005
3,90-114,1769873424,2026-01-31T23:30:24,0.0005
3,90-114,1769873718,2026-01-31T23:35:18,0.0005
3,90-114,1769874019,2026-01-31T23:40:19,0.0005
3,90-114,1769874318,2026-01-31T23:45:18,0.0005
3,90-114,1769874623,2026-01-31T23:50:23,0.0005
3,90-114,1769874919,2026-01-31T23:55:19,0.0005
3,90-114,1769875223,2026-02-01T00:00:23,0.0005
3,90-114,1769875519,2026-02-01T00:05:19,0.0005
3,90-114,1769875843,2026-02-01T00:10:43,0.0005
3,90-114,1769876119,2026-02-01T00:15:19,0.0005
3,90-114,1769876419,2026-02-01T00:20:19,0.0005
3,90-114,1769876718,2026-02-01T00:25:18,0.0005
3,90-114,1769877023,2026-02-01T00:30:23,0.0005
3,90-114,1769877322,2026-02-01T00:35:22,0.0005
3,90-114,1769877619,2026-02-01T00:40:19,0.0005
3,90-114,1769877935,2026-02-01T00:45:35,0.0005
3,90-114,1769878218,2026-02-01T00:50:18,0.0005
3,90-114,1769878519,2026-02-01T00:55:19,0.0005
3,90-114,1769878843,2026-02-01T01:00:43,0.0005
3,90-114,1769879133,2026-02-01T01:05:33,0.0005
3,90-114,1769879419,2026-02-01T01:10:19,0.0005
3,90-114,1769879719,2026-02-01T01:15:19,0.0005
3,90-114,1769880019,2026-02-01T01:20:19,0.0005
3,90-114,1769880328,2026-02-01T01:25:28,0.0005
3,90-114,1769880624,2026-02-01T01:30:24,0.0005
3,90-114,1769880920,2026-02-01T01:35:20,0.0005
3,90-114,1769881218,2026-02-01T01:40:18,0.0005
3,90-114,1769881519,2026-02-01T01:45:19,0.0005
3,90-114,1769881823,2026-02-01T01:50:23,0.0005
3,90-114,1769882119,2026-02-01T01:55:19,0.0005
3,90-114,1769882430,2026-02-01T02:00:30,0.0005
3,90-114,1769882719,2026-02-01T02:05:19,0.0005
3,90-114,1769883018,2026-02-01T02:10:18,0.0005
4,115-139,1769448625,2026-01-27T01:30:25,0.61
4,115-139,1769448918,2026-01-27T01:35:18,0.3
4,115-139,1769449218,2026-01-27T01:40:18,0.3
4,115-139,1769449546,2026-01-27T01:45:46,0.3
4,115-139,1769449818,2026-01-27T01:50:18,0.3
4,115-139,1769450118,2026-01-27T01:55:18,0.3
4,115-139,1769450439,2026-01-27T02:00:39,0.3
4,115-139,1769450718,2026-01-27T02:05:18,0.3
4,115-139,1769451018,2026-01-27T02:10:18,0.295
4,115-139,1769451323,2026-01-27T02:15:23,0.295
4,115-139,1769451619,2026-01-27T02:20:19,0.285
4,115-139,1769451923,2026-01-27T02:25:23,0.28
4,115-139,1769452225,2026-01-27T02:30:25,0.28
4,115-139,1769452518,2026-01-27T02:35:18,0.28
4,115-139,1769452848,2026-01-27T02:40:48,0.28
4,115-139,1769453118,2026-01-27T02:45:18,0.285
4,115-139,1769453418,2026-01-27T02:50:18,0.28
4,115-139,1769453718,2026-01-27T02:55:18,0.295
4,115-139,1769454026,2026-01-27T03:00:26,0.295
4,115-139,1769454317,2026-01-27T03:05:17,0.295
4,115-139,1769454624,2026-01-27T03:10:24,0.295
4,115-139,1769454919,2026-01-27T03:15:19,0.295
4,115-139,1769455218,2026-01-27T03:20:18,0.295
4,115-139,1769455518,2026-01-27T03:25:18,0.295
4,115-139,1769455826,2026-01-27T03:30:26,0.295
4,115-139,1769456124,2026-01-27T03:35:24,0.295
4,115-139,1769456418,2026-01-27T03:40:18,0.295
4,115-139,1769456719,2026-01-27T03:45:19,0.295
4,115-139,1769457020,2026-01-27T03:50:20,0.295
4,115-139,1769457318,2026-01-27T03:55:18,0.3
4,115-139,1769457633,2026-01-27T04:00:33,0.3
4,115-139,1769457918,2026-01-27T04:05:18,0.3
4,115-139,1769458220,2026-01-27T04:10:20,0.3
4,115-139,1769458517,2026-01-27T04:15:17,0.3
4,115-139,1769458819,2026-01-27T04:20:19,0.3
4,115-139,1769459144,2026-01-27T04:25:44,0.3
4,115-139,1769459426,2026-01-27T04:30:26,0.3
4,115-139,1769459718,2026-01-27T04:35:18,0.3
4,115-139,1769460018,2026-01-27T04:40:18,0.3
4,115-139,1769460317,2026-01-27T04:45:17,0.3
4,115-139,1769460618,2026-01-27T04:50:18,0.295
4,115-139,1769460923,2026-01-27T04:55:23,0.295
4,115-139,1769461234,2026-01-27T05:00:34,0.295
4,115-139,1769461518,2026-01-27T05:05:18,0.3
4,115-139,1769461819,2026-01-27T05:10:19,0.295
4,115-139,1769462119,2026-01-27T05:15:19,0.295
4,115-139,1769462419,2026-01-27T05:20:19,0.295
4,115-139,1769462723,2026-01-27T05:25:23,0.295
4,115-139,1769463026,2026-01-27T05:30:26,0.275
4,115-139,1769463319,2026-01-27T05:35:19,0.275
4,115-139,1769463618,2026-01-27T05:40:18,0.275
4,115-139,1769463918,2026-01-27T05:45:18,0.275
4,115-139,1769464224,2026-01-27T05:50:24,0.275
4,115-139,1769464524,2026-01-27T05:55:24,0.275
4,115-139,1769464826,2026-01-27T06:00:26,0.275
4,115-139,1769465119,2026-01-27T06:05:19,0.275
4,115-139,1769465419,2026-01-27T06:10:19,0.275
4,115-139,1769465718,2026-01-27T06:15:18,0.275
4,115-139,1769466048,2026-01-27T06:20:48,0.275
4,115-139,1769466320,2026-01-27T06:25:20,0.275
4,115-139,1769466626,2026-01-27T06:30:26,0.275
4,115-139,1769466918,2026-01-27T06:35:18,0.28
4,115-139,1769467219,2026-01-27T06:40:19,0.28
4,115-139,1769467518,2026-01-27T06:45:18,0.28
4,115-139,1769467825,2026-01-27T06:50:25,0.28
4,115-139,1769468124,2026-01-27T06:55:24,0.28
4,115-139,1769468426,2026-01-27T07:00:26,0.28
4,115-139,1769468718,2026-01-27T07:05:18,0.28
4,115-139,1769469019,2026-01-27T07:10:19,0.28
4,115-139,1769469319,2026-01-27T07:15:19,0.28
4,115-139,1769469624,2026-01-27T07:20:24,0.28
4,115-139,1769469918,2026-01-27T07:25:18,0.28
4,115-139,1769470226,2026-01-27T07:30:26,0.275
4,115-139,1769470518,2026-01-27T07:35:18,0.275
4,115-139,1769470819,2026-01-27T07:40:19,0.275
4,115-139,1769471123,2026-01-27T07:45:23,0.275
4,115-139,1769471424,2026-01-27T07:50:24,0.275
4,115-139,1769471718,2026-01-27T07:55:18,0.275
4,115-139,1769472043,2026-01-27T08:00:43,0.275
4,115-139,1769472317,2026-01-27T08:05:17,0.275
4,115-139,1769472617,2026-01-27T08:10:17,0.275
4,115-139,1769472917,2026-01-27T08:15:17,0.275
4,115-139,1769473217,2026-01-27T08:20:17,0.275
4,115-139,1769473516,2026-01-27T08:25:16,0.275
4,115-139,1769473819,2026-01-27T08:30:19,0.275
4,115-139,1769474117,2026-01-27T08:35:17,0.275
4,115-139,1769474418,2026-01-27T08:40:18,0.275
4,115-139,1769474717,2026-01-27T08:45:17,0.27
4,115-139,1769475017,2026-01-27T08:50:17,0.27
4,115-139,1769475318,2026-01-27T08:55:18,0.27
4,115-139,1769475620,2026-01-27T09:00:20,0.27
4,115-139,1769475917,2026-01-27T09:05:17,0.27
4,115-139,1769476218,2026-01-27T09:10:18,0.275
4,115-139,1769476519,2026-01-27T09:15:19,0.275
4,115-139,1769476818,2026-01-27T09:20:18,0.28
4,115-139,1769477118,2026-01-27T09:25:18,0.28
4,115-139,1769477420,2026-01-27T09:30:20,0.28
4,115-139,1769477717,2026-01-27T09:35:17,0.28
4,115-139,1769478017,2026-01-27T09:40:17,0.28
4,115-139,1769478317,2026-01-27T09:45:17,0.28
4,115-139,1769478618,2026-01-27T09:50:18,0.28
4,115-139,1769478917,2026-01-27T09:55:17,0.28
4,115-139,1769479219,2026-01-27T10:00:19,0.28
4,115-139,1769479518,2026-01-27T10:05:18,0.28
4,115-139,1769479818,2026-01-27T10:10:18,0.28
4,115-139,1769480117,2026-01-27T10:15:17,0.285
4,115-139,1769480418,2026-01-27T10:20:18,0.285
4,115-139,1769480719,2026-01-27T10:25:19,0.29
4,115-139,1769481020,2026-01-27T10:30:20,0.29
4,115-139,1769481317,2026-01-27T10:35:17,0.29
4,115-139,1769481617,2026-01-27T10:40:17,0.28
4,115-139,1769481917,2026-01-27T10:45:17,0.28
4,115-139,1769482217,2026-01-27T10:50:17,0.28
4,115-139,1769482524,2026-01-27T10:55:24,0.28
4,115-139,1769482829,2026-01-27T11:00:29,0.28
4,115-139,1769483117,2026-01-27T11:05:17,0.28
4,115-139,1769483418,2026-01-27T11:10:18,0.28
4,115-139,1769483719,2026-01-27T11:15:19,0.28
4,115-139,1769484018,2026-01-27T11:20:18,0.28
4,115-139,1769484318,2026-01-27T11:25:18,0.28
4,115-139,1769484621,2026-01-27T11:30:21,0.28
4,115-139,1769484920,2026-01-27T11:35:20,0.28
4,115-139,1769485218,2026-01-27T11:40:18,0.28
4,115-139,1769485518,2026-01-27T11:45:18,0.28
4,115-139,1769485818,2026-01-27T11:50:18,0.28
4,115-139,1769486117,2026-01-27T11:55:17,0.28
4,115-139,1769486422,2026-01-27T12:00:22,0.28
4,115-139,1769486718,2026-01-27T12:05:18,0.28
4,115-139,1769487018,2026-01-27T12:10:18,0.28
4,115-139,1769487319,2026-01-27T12:15:19,0.28
4,115-139,1769487620,2026-01-27T12:20:20,0.28
4,115-139,1769487918,2026-01-27T12:25:18,0.28
4,115-139,1769488219,2026-01-27T12:30:19,0.28
4,115-139,1769488518,2026-01-27T12:35:18,0.28
4,115-139,1769488818,2026-01-27T12:40:18,0.28
4,115-139,1769489119,2026-01-27T12:45:19,0.28
4,115-139,1769489421,2026-01-27T12:50:21,0.28
4,115-139,1769489717,2026-01-27T12:55:17,0.28
4,115-139,1769490021,2026-01-27T13:00:21,0.28
4,115-139,1769490328,2026-01-27T13:05:28,0.28
4,115-139,1769490617,2026-01-27T13:10:17,0.28
4,115-139,1769490918,2026-01-27T13:15:18,0.28
4,115-139,1769491217,2026-01-27T13:20:17,0.28
4,115-139,1769491520,2026-01-27T13:25:20,0.28
4,115-139,1769491820,2026-01-27T13:30:20,0.28
4,115-139,1769492117,2026-01-27T13:35:17,0.28
4,115-139,1769492417,2026-01-27T13:40:17,0.28
4,115-139,1769492717,2026-01-27T13:45:17,0.28
4,115-139,1769493020,2026-01-27T13:50:20,0.28
4,115-139,1769493317,2026-01-27T13:55:17,0.28
4,115-139,1769493622,2026-01-27T14:00:22,0.28
4,115-139,1769493917,2026-01-27T14:05:17,0.28
4,115-139,1769494217,2026-01-27T14:10:17,0.28
4,115-139,1769494545,2026-01-27T14:15:45,0.28
4,115-139,1769494818,2026-01-27T14:20:18,0.28
4,115-139,1769495120,2026-01-27T14:25:20,0.28
4,115-139,1769495421,2026-01-27T14:30:21,0.28
4,115-139,1769495742,2026-01-27T14:35:42,0.28
4,115-139,1769496021,2026-01-27T14:40:21,0.28
4,115-139,1769496317,2026-01-27T14:45:17,0.28
4,115-139,1769496619,2026-01-27T14:50:19,0.28
4,115-139,1769496919,2026-01-27T14:55:19,0.28
4,115-139,1769497229,2026-01-27T15:00:29,0.28
4,115-139,1769497520,2026-01-27T15:05:20,0.28
4,115-139,1769497817,2026-01-27T15:10:17,0.28
4,115-139,1769498118,2026-01-27T15:15:18,0.28
4,115-139,1769498417,2026-01-27T15:20:17,0.28
4,115-139,1769498718,2026-01-27T15:25:18,0.28
4,115-139,1769499047,2026-01-27T15:30:47,0.28
4,115-139,1769499318,2026-01-27T15:35:18,0.28
4,115-139,1769499624,2026-01-27T15:40:24,0.28
4,115-139,1769499917,2026-01-27T15:45:17,0.28
4,115-139,1769500221,2026-01-27T15:50:21,0.28
4,115-139,1769500518,2026-01-27T15:55:18,0.28
4,115-139,1769500823,2026-01-27T16:00:23,0.28
4,115-139,1769501118,2026-01-27T16:05:18,0.28
4,115-139,1769501419,2026-01-27T16:10:19,0.28
4,115-139,1769501718,2026-01-27T16:15:18,0.28
4,115-139,1769502030,2026-01-27T16:20:30,0.28
4,115-139,1769502320,2026-01-27T16:25:20,0.28
4,115-139,1769502620,2026-01-27T16:30:20,0.28
4,115-139,1769502918,2026-01-27T16:35:18,0.28
4,115-139,1769503219,2026-01-27T16:40:19,0.28
4,115-139,1769503518,2026-01-27T16:45:18,0.28
4,115-139,1769503822,2026-01-27T16:50:22,0.28
4,115-139,1769504118,2026-01-27T16:55:18,0.28
4,115-139,1769504424,2026-01-27T17:00:24,0.28
4,115-139,1769504717,2026-01-27T17:05:17,0.28
4,115-139,1769505018,2026-01-27T17:10:18,0.28
4,115-139,1769505321,2026-01-27T17:15:21,0.28
4,115-139,1769505618,2026-01-27T17:20:18,0.28
4,115-139,1769505919,2026-01-27T17:25:19,0.28
4,115-139,1769506220,2026-01-27T17:30:20,0.28
4,115-139,1769506519,2026-01-27T17:35:19,0.28
4,115-139,1769506847,2026-01-27T17:40:47,0.27
4,115-139,1769507120,2026-01-27T17:45:20,0.27
4,115-139,1769507419,2026-01-27T17:50:19,0.27
4,115-139,1769507717,2026-01-27T17:55:17,0.27
4,115-139,1769508029,2026-01-27T18:00:29,0.27
4,115-139,1769508317,2026-01-27T18:05:17,0.27
4,115-139,1769508637,2026-01-27T18:10:37,0.27
4,115-139,1769508917,2026-01-27T18:15:17,0.27
4,115-139,1769509221,2026-01-27T18:20:21,0.27
4,115-139,1769509518,2026-01-27T18:25:18,0.27
4,115-139,1769509819,2026-01-27T18:30:19,0.27
4,115-139,1769510118,2026-01-27T18:35:18,0.27
4,115-139,1769510419,2026-01-27T18:40:19,0.27
4,115-139,1769510742,2026-01-27T18:45:42,0.27
4,115-139,1769511018,2026-01-27T18:50:18,0.27
4,115-139,1769511331,2026-01-27T18:55:31,0.27
4,115-139,1769511621,2026-01-27T19:00:21,0.27
4,115-139,1769511918,2026-01-27T19:05:18,0.27
4,115-139,1769512529,2026-01-27T19:15:29,0.27
4,115-139,1769512818,2026-01-27T19:20:18,0.27
4,115-139,1769513118,2026-01-27T19:25:18,0.27
4,115-139,1769513420,2026-01-27T19:30:20,0.27
4,115-139,1769513731,2026-01-27T19:35:31,0.27
4,115-139,1769514021,2026-01-27T19:40:21,0.27
4,115-139,1769514317,2026-01-27T19:45:17,0.26
4,115-139,1769514618,2026-01-27T19:50:18,0.26
4,115-139,1769514918,2026-01-27T19:55:18,0.26
4,115-139,1769515229,2026-01-27T20:00:29,0.26
4,115-139,1769515819,2026-01-27T20:10:19,0.25
4,115-139,1769516118,2026-01-27T20:15:18,0.25
4,115-139,1769516418,2026-01-27T20:20:18,0.245
4,115-139,1769516719,2026-01-27T20:25:19,0.245
4,115-139,1769517021,2026-01-27T20:30:21,0.245
4,115-139,1769517323,2026-01-27T20:35:23,0.245
4,115-139,1769517630,2026-01-27T20:40:30,0.245
4,115-139,1769517918,2026-01-27T20:45:18,0.25
4,115-139,1769518244,2026-01-27T20:50:44,0.245
4,115-139,1769518519,2026-01-27T20:55:19,0.25
4,115-139,1769518834,2026-01-27T21:00:34,0.245
4,115-139,1769519118,2026-01-27T21:05:18,0.25
4,115-139,1769519418,2026-01-27T21:10:18,0.25
4,115-139,1769519719,2026-01-27T21:15:19,0.25
4,115-139,1769520023,2026-01-27T21:20:23,0.25
4,115-139,1769520318,2026-01-27T21:25:18,0.245
4,115-139,1769520620,2026-01-27T21:30:20,0.225
4,115-139,1769520918,2026-01-27T21:35:18,0.23
4,115-139,1769521218,2026-01-27T21:40:18,0.23
4,115-139,1769521525,2026-01-27T21:45:25,0.23
4,115-139,1769521823,2026-01-27T21:50:23,0.23
4,115-139,1769522119,2026-01-27T21:55:19,0.23
4,115-139,1769522421,2026-01-27T22:00:21,0.23
4,115-139,1769522719,2026-01-27T22:05:19,0.23
4,115-139,1769523018,2026-01-27T22:10:18,0.23
4,115-139,1769523322,2026-01-27T22:15:22,0.23
4,115-139,1769523620,2026-01-27T22:20:20,0.23
4,115-139,1769523919,2026-01-27T22:25:19,0.23
4,115-139,1769524220,2026-01-27T22:30:20,0.23
4,115-139,1769524519,2026-01-27T22:35:19,0.23
4,115-139,1769524823,2026-01-27T22:40:23,0.23
4,115-139,1769525119,2026-01-27T22:45:19,0.23
4,115-139,1769525419,2026-01-27T22:50:19,0.23
4,115-139,1769525719,2026-01-27T22:55:19,0.225
4,115-139,1769526023,2026-01-27T23:00:23,0.23
4,115-139,1769526346,2026-01-27T23:05:46,0.23
4,115-139,1769526623,2026-01-27T23:10:23,0.23
4,115-139,1769526918,2026-01-27T23:15:18,0.23
4,115-139,1769527218,2026-01-27T23:20:18,0.23
4,115-139,1769527519,2026-01-27T23:25:19,0.23
4,115-139,1769527821,2026-01-27T23:30:21,0.23
4,115-139,1769528147,2026-01-27T23:35:47,0.23
4,115-139,1769528419,2026-01-27T23:40:19,0.23
4,115-139,1769528718,2026-01-27T23:45:18,0.23
4,115-139,1769529018,2026-01-27T23:50:18,0.23
4,115-139,1769529318,2026-01-27T23:55:18,0.23
4,115-139,1769529621,2026-01-28T00:00:21,0.23
4,115-139,1769529924,2026-01-28T00:05:24,0.23
4,115-139,1769530218,2026-01-28T00:10:18,0.23
4,115-139,1769530517,2026-01-28T00:15:17,0.23
4,115-139,1769530817,2026-01-28T00:20:17,0.23
4,115-139,1769531123,2026-01-28T00:25:23,0.23
4,115-139,1769531420,2026-01-28T00:30:20,0.23
4,115-139,1769531717,2026-01-28T00:35:17,0.23
4,115-139,1769532017,2026-01-28T00:40:17,0.23
4,115-139,1769532318,2026-01-28T00:45:18,0.23
4,115-139,1769532623,2026-01-28T00:50:23,0.23
4,115-139,1769532918,2026-01-28T00:55:18,0.23
4,115-139,1769533221,2026-01-28T01:00:21,0.23
4,115-139,1769533523,2026-01-28T01:05:23,0.23
4,115-139,1769533819,2026-01-28T01:10:19,0.23
4,115-139,1769534118,2026-01-28T01:15:18,0.23
4,115-139,1769534419,2026-01-28T01:20:19,0.23
4,115-139,1769534724,2026-01-28T01:25:24,0.23
4,115-139,1769535049,2026-01-28T01:30:49,0.23
4,115-139,1769535320,2026-01-28T01:35:20,0.245
4,115-139,1769535619,2026-01-28T01:40:19,0.26
4,115-139,1769535918,2026-01-28T01:45:18,0.26
4,115-139,1769536224,2026-01-28T01:50:24,0.245
4,115-139,1769536518,2026-01-28T01:55:18,0.24
4,115-139,1769536824,2026-01-28T02:00:24,0.255
4,115-139,1769537118,2026-01-28T02:05:18,0.26
4,115-139,1769537419,2026-01-28T02:10:19,0.26
4,115-139,1769537724,2026-01-28T02:15:24,0.26
4,115-139,1769538019,2026-01-28T02:20:19,0.265
4,115-139,1769538319,2026-01-28T02:25:19,0.265
4,115-139,1769538621,2026-01-28T02:30:21,0.265
4,115-139,1769538918,2026-01-28T02:35:18,0.265
4,115-139,1769539249,2026-01-28T02:40:49,0.25
4,115-139,1769539518,2026-01-28T02:45:18,0.25
4,115-139,1769539819,2026-01-28T02:50:19,0.25
4,115-139,1769540118,2026-01-28T02:55:18,0.25
4,115-139,1769540422,2026-01-28T03:00:22,0.25
4,115-139,1769540725,2026-01-28T03:05:25,0.25
4,115-139,1769541019,2026-01-28T03:10:19,0.25
4,115-139,1769541319,2026-01-28T03:15:19,0.25
4,115-139,1769541618,2026-01-28T03:20:18,0.255
4,115-139,1769541919,2026-01-28T03:25:19,0.255
4,115-139,1769542227,2026-01-28T03:30:27,0.25
4,115-139,1769542518,2026-01-28T03:35:18,0.25
4,115-139,1769542819,2026-01-28T03:40:19,0.25
4,115-139,1769543119,2026-01-28T03:45:19,0.24
4,115-139,1769543418,2026-01-28T03:50:18,0.245
4,115-139,1769543724,2026-01-28T03:55:24,0.245
4,115-139,1769544021,2026-01-28T04:00:21,0.245
4,115-139,1769544346,2026-01-28T04:05:46,0.245
4,115-139,1769544619,2026-01-28T04:10:19,0.245
4,115-139,1769544918,2026-01-28T04:15:18,0.245
4,115-139,1769545218,2026-01-28T04:20:18,0.245
4,115-139,1769545517,2026-01-28T04:25:17,0.245
4,115-139,1769545821,2026-01-28T04:30:21,0.245
4,115-139,1769546123,2026-01-28T04:35:23,0.245
4,115-139,1769546418,2026-01-28T04:40:18,0.245
4,115-139,1769546718,2026-01-28T04:45:18,0.25
4,115-139,1769547024,2026-01-28T04:50:24,0.245
4,115-139,1769547318,2026-01-28T04:55:18,0.245
4,115-139,1769547624,2026-01-28T05:00:24,0.245
4,115-139,1769547918,2026-01-28T05:05:18,0.245
4,115-139,1769548218,2026-01-28T05:10:18,0.245
4,115-139,1769548524,2026-01-28T05:15:24,0.245
4,115-139,1769548817,2026-01-28T05:20:17,0.245
4,115-139,1769549118,2026-01-28T05:25:18,0.245
4,115-139,1769549421,2026-01-28T05:30:21,0.245
4,115-139,1769549719,2026-01-28T05:35:19,0.25
4,115-139,1769550024,2026-01-28T05:40:24,0.25
4,115-139,1769550318,2026-01-28T05:45:18,0.25
4,115-139,1769550624,2026-01-28T05:50:24,0.25
4,115-139,1769550919,2026-01-28T05:55:19,0.245
4,115-139,1769551221,2026-01-28T06:00:21,0.245
4,115-139,1769551518,2026-01-28T06:05:18,0.245
4,115-139,1769551819,2026-01-28T06:10:19,0.25
4,115-139,1769552125,2026-01-28T06:15:25,0.24
4,115-139,1769552418,2026-01-28T06:20:18,0.24
4,115-139,1769552718,2026-01-28T06:25:18,0.24
4,115-139,1769553022,2026-01-28T06:30:22,0.24
4,115-139,1769553318,2026-01-28T06:35:18,0.24
4,115-139,1769553647,2026-01-28T06:40:47,0.24
4,115-139,1769553919,2026-01-28T06:45:19,0.24
4,115-139,1769554218,2026-01-28T06:50:18,0.24
4,115-139,1769554518,2026-01-28T06:55:18,0.24
4,115-139,1769554823,2026-01-28T07:00:23,0.24
4,115-139,1769555118,2026-01-28T07:05:18,0.24
4,115-139,1769555424,2026-01-28T07:10:24,0.24
4,115-139,1769555724,2026-01-28T07:15:24,0.24
4,115-139,1769556018,2026-01-28T07:20:18,0.24
4,115-139,1769556319,2026-01-28T07:25:19,0.24
4,115-139,1769556624,2026-01-28T07:30:24,0.24
4,115-139,1769556917,2026-01-28T07:35:17,0.24
4,115-139,1769557226,2026-01-28T07:40:26,0.24
4,115-139,1769557518,2026-01-28T07:45:18,0.24
4,115-139,1769557818,2026-01-28T07:50:18,0.24
4,115-139,1769558118,2026-01-28T07:55:18,0.24
4,115-139,1769558431,2026-01-28T08:00:31,0.24
4,115-139,1769558738,2026-01-28T08:05:38,0.24
4,115-139,1769559025,2026-01-28T08:10:25,0.24
4,115-139,1769559317,2026-01-28T08:15:17,0.24
4,115-139,1769559618,2026-01-28T08:20:18,0.24
4,115-139,1769559919,2026-01-28T08:25:19,0.24
4,115-139,1769560220,2026-01-28T08:30:20,0.23
4,115-139,1769560523,2026-01-28T08:35:23,0.22
4,115-139,1769560818,2026-01-28T08:40:18,0.235
4,115-139,1769561118,2026-01-28T08:45:18,0.235
4,115-139,1769561418,2026-01-28T08:50:18,0.235
4,115-139,1769561718,2026-01-28T08:55:18,0.23
4,115-139,1769562042,2026-01-28T09:00:42,0.23
4,115-139,1769562318,2026-01-28T09:05:18,0.23
4,115-139,1769562620,2026-01-28T09:10:20,0.23
4,115-139,1769562940,2026-01-28T09:15:40,0.225
4,115-139,1769563219,2026-01-28T09:20:19,0.22
4,115-139,1769563519,2026-01-28T09:25:19,0.22
4,115-139,1769563820,2026-01-28T09:30:20,0.22
4,115-139,1769564117,2026-01-28T09:35:17,0.22
4,115-139,1769564419,2026-01-28T09:40:19,0.22
4,115-139,1769564724,2026-01-28T09:45:24,0.22
4,115-139,1769565018,2026-01-28T09:50:18,0.22
4,115-139,1769565318,2026-01-28T09:55:18,0.22
4,115-139,1769565627,2026-01-28T10:00:27,0.22
4,115-139,1769565918,2026-01-28T10:05:18,0.22
4,115-139,1769566219,2026-01-28T10:10:19,0.22
4,115-139,1769566519,2026-01-28T10:15:19,0.22
4,115-139,1769566818,2026-01-28T10:20:18,0.22
4,115-139,1769567124,2026-01-28T10:25:24,0.22
4,115-139,1769567422,2026-01-28T10:30:22,0.22
4,115-139,1769567719,2026-01-28T10:35:19,0.22
4,115-139,1769568018,2026-01-28T10:40:18,0.22
4,115-139,1769568320,2026-01-28T10:45:20,0.22
4,115-139,1769568623,2026-01-28T10:50:23,0.225
4,115-139,1769568918,2026-01-28T10:55:18,0.225
4,115-139,1769569229,2026-01-28T11:00:29,0.225
4,115-139,1769569518,2026-01-28T11:05:18,0.225
4,115-139,1769569819,2026-01-28T11:10:19,0.22
4,115-139,1769570119,2026-01-28T11:15:19,0.22
4,115-139,1769570415,2026-01-28T11:20:15,0.22
4,115-139,1769570437,2026-01-28T11:20:37,0.22
4,115-139,1769570723,2026-01-28T11:25:23,0.22
4,115-139,1769571022,2026-01-28T11:30:22,0.22
4,115-139,1769571318,2026-01-28T11:35:18,0.22
4,115-139,1769571619,2026-01-28T11:40:19,0.22
4,115-139,1769571919,2026-01-28T11:45:19,0.22
4,115-139,1769572225,2026-01-28T11:50:25,0.22
4,115-139,1769572518,2026-01-28T11:55:18,0.22
4,115-139,1769572853,2026-01-28T12:00:53,0.225
4,115-139,1769573119,2026-01-28T12:05:19,0.22
4,115-139,1769573418,2026-01-28T12:10:18,0.22
4,115-139,1769573718,2026-01-28T12:15:18,0.22
4,115-139,1769574018,2026-01-28T12:20:18,0.22
4,115-139,1769574328,2026-01-28T12:25:28,0.22
4,115-139,1769574625,2026-01-28T12:30:25,0.22
4,115-139,1769574917,2026-01-28T12:35:17,0.22
4,115-139,1769575218,2026-01-28T12:40:18,0.22
4,115-139,1769575519,2026-01-28T12:45:19,0.22
4,115-139,1769575825,2026-01-28T12:50:25,0.22
4,115-139,1769576119,2026-01-28T12:55:19,0.22
4,115-139,1769576422,2026-01-28T13:00:22,0.22
4,115-139,1769576718,2026-01-28T13:05:18,0.22
4,115-139,1769577017,2026-01-28T13:10:17,0.22
4,115-139,1769577325,2026-01-28T13:15:25,0.22
4,115-139,1769577647,2026-01-28T13:20:47,0.22
4,115-139,1769577918,2026-01-28T13:25:18,0.22
4,115-139,1769578221,2026-01-28T13:30:21,0.22
4,115-139,1769578519,2026-01-28T13:35:19,0.22
4,115-139,1769578818,2026-01-28T13:40:18,0.22
4,115-139,1769579132,2026-01-28T13:45:32,0.22
4,115-139,1769579424,2026-01-28T13:50:24,0.22
4,115-139,1769579719,2026-01-28T13:55:19,0.235
4,115-139,1769580024,2026-01-28T14:00:24,0.23
4,115-139,1769580318,2026-01-28T14:05:18,0.225
4,115-139,1769580619,2026-01-28T14:10:19,0.22
4,115-139,1769580924,2026-01-28T14:15:24,0.22
4,115-139,1769581219,2026-01-28T14:20:19,0.22
4,115-139,1769581518,2026-01-28T14:25:18,0.22
4,115-139,1769581823,2026-01-28T14:30:23,0.22
4,115-139,1769582150,2026-01-28T14:35:50,0.22
4,115-139,1769582419,2026-01-28T14:40:19,0.22
4,115-139,1769582724,2026-01-28T14:45:24,0.22
4,115-139,1769583018,2026-01-28T14:50:18,0.215
4,115-139,1769583318,2026-01-28T14:55:18,0.215
4,115-139,1769583623,2026-01-28T15:00:23,0.215
4,115-139,1769583917,2026-01-28T15:05:17,0.215
4,115-139,1769584224,2026-01-28T15:10:24,0.215
4,115-139,1769584519,2026-01-28T15:15:19,0.215
4,115-139,1769584818,2026-01-28T15:20:18,0.215
4,115-139,1769585119,2026-01-28T15:25:19,0.215
4,115-139,1769585423,2026-01-28T15:30:23,0.215
4,115-139,1769585748,2026-01-28T15:35:48,0.215
4,115-139,1769586024,2026-01-28T15:40:24,0.215
4,115-139,1769586318,2026-01-28T15:45:18,0.215
4,115-139,1769586619,2026-01-28T15:50:19,0.215
4,115-139,1769586918,2026-01-28T15:55:18,0.215
4,115-139,1769587222,2026-01-28T16:00:22,0.215
4,115-139,1769587524,2026-01-28T16:05:24,0.215
4,115-139,1769587821,2026-01-28T16:10:21,0.215
4,115-139,1769588118,2026-01-28T16:15:18,0.215
4,115-139,1769588418,2026-01-28T16:20:18,0.215
4,115-139,1769588719,2026-01-28T16:25:19,0.21
4,115-139,1769589050,2026-01-28T16:30:50,0.21
4,115-139,1769589318,2026-01-28T16:35:18,0.21
4,115-139,1769589619,2026-01-28T16:40:19,0.21
4,115-139,1769589919,2026-01-28T16:45:19,0.21
4,115-139,1769590217,2026-01-28T16:50:17,0.21
4,115-139,1769590518,2026-01-28T16:55:18,0.21
4,115-139,1769590832,2026-01-28T17:00:32,0.21
4,115-139,1769591118,2026-01-28T17:05:18,0.21
4,115-139,1769591423,2026-01-28T17:10:23,0.21
4,115-139,1769591718,2026-01-28T17:15:18,0.21
4,115-139,1769592018,2026-01-28T17:20:18,0.21
4,115-139,1769592317,2026-01-28T17:25:17,0.21
4,115-139,1769592623,2026-01-28T17:30:23,0.21
4,115-139,1769592924,2026-01-28T17:35:24,0.21
4,115-139,1769593218,2026-01-28T17:40:18,0.21
4,115-139,1769593517,2026-01-28T17:45:17,0.21
4,115-139,1769593819,2026-01-28T17:50:19,0.21
4,115-139,1769594119,2026-01-28T17:55:19,0.21
4,115-139,1769594458,2026-01-28T18:00:58,0.21
4,115-139,1769594719,2026-01-28T18:05:19,0.21
4,115-139,1769595020,2026-01-28T18:10:20,0.21
4,115-139,1769595319,2026-01-28T18:15:19,0.21
4,115-139,1769595618,2026-01-28T18:20:18,0.21
4,115-139,1769595918,2026-01-28T18:25:18,0.21
4,115-139,1769596228,2026-01-28T18:30:28,0.21
4,115-139,1769596518,2026-01-28T18:35:18,0.21
4,115-139,1769596819,2026-01-28T18:40:19,0.215
4,115-139,1769597119,2026-01-28T18:45:19,0.215
4,115-139,1769597418,2026-01-28T18:50:18,0.215
4,115-139,1769597725,2026-01-28T18:55:25,0.215
4,115-139,1769598022,2026-01-28T19:00:22,0.215
4,115-139,1769598320,2026-01-28T19:05:20,0.215
4,115-139,1769598618,2026-01-28T19:10:18,0.215
4,115-139,1769598918,2026-01-28T19:15:18,0.215
4,115-139,1769599224,2026-01-28T19:20:24,0.215
4,115-139,1769599518,2026-01-28T19:25:18,0.215
4,115-139,1769599822,2026-01-28T19:30:22,0.215
4,115-139,1769600117,2026-01-28T19:35:17,0.215
4,115-139,1769600421,2026-01-28T19:40:21,0.215
4,115-139,1769600752,2026-01-28T19:45:52,0.215
4,115-139,1769601020,2026-01-28T19:50:20,0.215
4,115-139,1769601319,2026-01-28T19:55:19,0.215
4,115-139,1769601633,2026-01-28T20:00:33,0.215
4,115-139,1769601918,2026-01-28T20:05:18,0.215
4,115-139,1769602218,2026-01-28T20:10:18,0.215
4,115-139,1769602530,2026-01-28T20:15:30,0.215
4,115-139,1769602823,2026-01-28T20:20:23,0.215
4,115-139,1769603120,2026-01-28T20:25:20,0.215
4,115-139,1769603422,2026-01-28T20:30:22,0.215
4,115-139,1769603724,2026-01-28T20:35:24,0.215
4,115-139,1769604019,2026-01-28T20:40:19,0.215
4,115-139,1769604319,2026-01-28T20:45:19,0.215
4,115-139,1769604618,2026-01-28T20:50:18,0.215
4,115-139,1769604918,2026-01-28T20:55:18,0.215
4,115-139,1769605252,2026-01-28T21:00:52,0.215
4,115-139,1769605518,2026-01-28T21:05:18,0.215
4,115-139,1769605818,2026-01-28T21:10:18,0.215
4,115-139,1769606119,2026-01-28T21:15:19,0.215
4,115-139,1769606449,2026-01-28T21:20:49,0.215
4,115-139,1769606719,2026-01-28T21:25:19,0.215
4,115-139,1769607022,2026-01-28T21:30:22,0.215
4,115-139,1769607318,2026-01-28T21:35:18,0.215
4,115-139,1769607618,2026-01-28T21:40:18,0.215
4,115-139,1769607933,2026-01-28T21:45:33,0.215
4,115-139,1769608224,2026-01-28T21:50:24,0.215
4,115-139,1769608520,2026-01-28T21:55:20,0.215
4,115-139,1769608823,2026-01-28T22:00:23,0.215
4,115-139,1769609118,2026-01-28T22:05:18,0.215
4,115-139,1769609419,2026-01-28T22:10:19,0.215
4,115-139,1769609726,2026-01-28T22:15:26,0.215
4,115-139,1769610052,2026-01-28T22:20:52,0.215
4,115-139,1769610319,2026-01-28T22:25:19,0.215
4,115-139,1769610623,2026-01-28T22:30:23,0.215
4,115-139,1769610919,2026-01-28T22:35:19,0.215
4,115-139,1769611219,2026-01-28T22:40:19,0.215
4,115-139,1769611519,2026-01-28T22:45:19,0.215
4,115-139,1769611824,2026-01-28T22:50:24,0.215
4,115-139,1769612122,2026-01-28T22:55:22,0.215
4,115-139,1769612425,2026-01-28T23:00:25,0.215
4,115-139,1769612719,2026-01-28T23:05:19,0.23
4,115-139,1769613020,2026-01-28T23:10:20,0.23
4,115-139,1769613324,2026-01-28T23:15:24,0.23
4,115-139,1769613634,2026-01-28T23:20:34,0.23
4,115-139,1769613923,2026-01-28T23:25:23,0.23
4,115-139,1769614225,2026-01-28T23:30:25,0.22
4,115-139,1769614518,2026-01-28T23:35:18,0.22
4,115-139,1769614819,2026-01-28T23:40:19,0.22
4,115-139,1769615119,2026-01-28T23:45:19,0.215
4,115-139,1769615423,2026-01-28T23:50:23,0.215
4,115-139,1769615718,2026-01-28T23:55:18,0.215
4,115-139,1769616023,2026-01-29T00:00:23,0.215
4,115-139,1769616320,2026-01-29T00:05:20,0.215
4,115-139,1769616619,2026-01-29T00:10:19,0.215
4,115-139,1769616924,2026-01-29T00:15:24,0.205
4,115-139,1769617224,2026-01-29T00:20:24,0.205
4,115-139,1769617519,2026-01-29T00:25:19,0.205
4,115-139,1769617823,2026-01-29T00:30:23,0.21
4,115-139,1769618120,2026-01-29T00:35:20,0.215
4,115-139,1769618421,2026-01-29T00:40:21,0.205
4,115-139,1769618724,2026-01-29T00:45:24,0.205
4,115-139,1769619019,2026-01-29T00:50:19,0.205
4,115-139,1769619319,2026-01-29T00:55:19,0.205
4,115-139,1769619628,2026-01-29T01:00:28,0.205
4,115-139,1769619920,2026-01-29T01:05:20,0.205
4,115-139,1769620238,2026-01-29T01:10:38,0.205
4,115-139,1769620519,2026-01-29T01:15:19,0.205
4,115-139,1769620819,2026-01-29T01:20:19,0.205
4,115-139,1769621120,2026-01-29T01:25:20,0.205
4,115-139,1769621423,2026-01-29T01:30:23,0.205
4,115-139,1769621725,2026-01-29T01:35:25,0.205
4,115-139,1769622019,2026-01-29T01:40:19,0.205
4,115-139,1769622320,2026-01-29T01:45:20,0.205
4,115-139,1769622618,2026-01-29T01:50:18,0.205
4,115-139,1769622919,2026-01-29T01:55:19,0.205
4,115-139,1769623258,2026-01-29T02:00:58,0.205
4,115-139,1769623525,2026-01-29T02:05:25,0.205
4,115-139,1769623819,2026-01-29T02:10:19,0.205
4,115-139,1769624119,2026-01-29T02:15:19,0.205
4,115-139,1769624419,2026-01-29T02:20:19,0.205
4,115-139,1769624718,2026-01-29T02:25:18,0.205
4,115-139,1769625029,2026-01-29T02:30:29,0.205
4,115-139,1769625319,2026-01-29T02:35:19,0.205
4,115-139,1769625619,2026-01-29T02:40:19,0.205
4,115-139,1769625918,2026-01-29T02:45:18,0.205
4,115-139,1769626219,2026-01-29T02:50:19,0.205
4,115-139,1769626552,2026-01-29T02:55:52,0.205
4,115-139,1769626824,2026-01-29T03:00:24,0.205
4,115-139,1769627119,2026-01-29T03:05:19,0.205
4,115-139,1769627420,2026-01-29T03:10:20,0.205
4,115-139,1769627719,2026-01-29T03:15:19,0.205
4,115-139,1769628018,2026-01-29T03:20:18,0.205
4,115-139,1769628327,2026-01-29T03:25:27,0.205
4,115-139,1769628623,2026-01-29T03:30:23,0.205
4,115-139,1769628919,2026-01-29T03:35:19,0.205
4,115-139,1769629219,2026-01-29T03:40:19,0.205
4,115-139,1769629519,2026-01-29T03:45:19,0.205
4,115-139,1769629830,2026-01-29T03:50:30,0.205
4,115-139,1769630118,2026-01-29T03:55:18,0.205
4,115-139,1769630431,2026-01-29T04:00:31,0.205
4,115-139,1769630719,2026-01-29T04:05:19,0.205
4,115-139,1769631019,2026-01-29T04:10:19,0.205
4,115-139,1769631318,2026-01-29T04:15:18,0.205
4,115-139,1769631620,2026-01-29T04:20:20,0.21
4,115-139,1769631924,2026-01-29T04:25:24,0.21
4,115-139,1769632224,2026-01-29T04:30:24,0.21
4,115-139,1769632519,2026-01-29T04:35:19,0.21
4,115-139,1769632819,2026-01-29T04:40:19,0.21
4,115-139,1769633119,2026-01-29T04:45:19,0.21
4,115-139,1769633424,2026-01-29T04:50:24,0.21
4,115-139,1769633719,2026-01-29T04:55:19,0.21
4,115-139,1769634026,2026-01-29T05:00:26,0.21
4,115-139,1769634318,2026-01-29T05:05:18,0.21
4,115-139,1769634619,2026-01-29T05:10:19,0.21
4,115-139,1769634924,2026-01-29T05:15:24,0.21
4,115-139,1769635224,2026-01-29T05:20:24,0.21
4,115-139,1769635518,2026-01-29T05:25:18,0.21
4,115-139,1769635823,2026-01-29T05:30:23,0.21
4,115-139,1769636119,2026-01-29T05:35:19,0.21
4,115-139,1769636420,2026-01-29T05:40:20,0.205
4,115-139,1769636752,2026-01-29T05:45:52,0.205
4,115-139,1769637019,2026-01-29T05:50:19,0.205
4,115-139,1769637320,2026-01-29T05:55:20,0.21
4,115-139,1769637624,2026-01-29T06:00:24,0.21
4,115-139,1769637950,2026-01-29T06:05:50,0.205
4,115-139,1769638220,2026-01-29T06:10:20,0.205
4,115-139,1769638520,2026-01-29T06:15:20,0.205
4,115-139,1769638820,2026-01-29T06:20:20,0.205
4,115-139,1769639119,2026-01-29T06:25:19,0.205
4,115-139,1769639426,2026-01-29T06:30:26,0.205
4,115-139,1769639725,2026-01-29T06:35:25,0.205
4,115-139,1769640020,2026-01-29T06:40:20,0.205
4,115-139,1769640320,2026-01-29T06:45:20,0.205
4,115-139,1769640625,2026-01-29T06:50:25,0.205
4,115-139,1769640920,2026-01-29T06:55:20,0.205
4,115-139,1769641224,2026-01-29T07:00:24,0.205
4,115-139,1769641520,2026-01-29T07:05:20,0.205
4,115-139,1769641820,2026-01-29T07:10:20,0.205
4,115-139,1769642152,2026-01-29T07:15:52,0.205
4,115-139,1769642419,2026-01-29T07:20:19,0.205
4,115-139,1769642719,2026-01-29T07:25:19,0.205
4,115-139,1769643024,2026-01-29T07:30:24,0.205
4,115-139,1769643319,2026-01-29T07:35:19,0.205
4,115-139,1769643620,2026-01-29T07:40:20,0.205
4,115-139,1769643924,2026-01-29T07:45:24,0.205
4,115-139,1769644221,2026-01-29T07:50:21,0.205
4,115-139,1769644525,2026-01-29T07:55:25,0.205
4,115-139,1769644846,2026-01-29T08:00:46,0.205
4,115-139,1769645119,2026-01-29T08:05:19,0.205
4,115-139,1769645418,2026-01-29T08:10:18,0.205
4,115-139,1769645718,2026-01-29T08:15:18,0.205
4,115-139,1769646018,2026-01-29T08:20:18,0.205
4,115-139,1769646318,2026-01-29T08:25:18,0.205
4,115-139,1769646623,2026-01-29T08:30:23,0.205
4,115-139,1769646919,2026-01-29T08:35:19,0.205
4,115-139,1769647219,2026-01-29T08:40:19,0.205
4,115-139,1769647519,2026-01-29T08:45:19,0.205
4,115-139,1769647819,2026-01-29T08:50:19,0.205
4,115-139,1769648118,2026-01-29T08:55:18,0.205
4,115-139,1769648424,2026-01-29T09:00:24,0.205
4,115-139,1769648720,2026-01-29T09:05:20,0.205
4,115-139,1769649019,2026-01-29T09:10:19,0.205
4,115-139,1769649319,2026-01-29T09:15:19,0.205
4,115-139,1769649619,2026-01-29T09:20:19,0.205
4,115-139,1769649919,2026-01-29T09:25:19,0.205
4,115-139,1769650224,2026-01-29T09:30:24,0.205
4,115-139,1769650530,2026-01-29T09:35:30,0.2
4,115-139,1769650819,2026-01-29T09:40:19,0.2
4,115-139,1769651118,2026-01-29T09:45:18,0.2
4,115-139,1769651418,2026-01-29T09:50:18,0.2
4,115-139,1769651719,2026-01-29T09:55:19,0.2
4,115-139,1769652024,2026-01-29T10:00:24,0.2
4,115-139,1769652318,2026-01-29T10:05:18,0.2
4,115-139,1769652620,2026-01-29T10:10:20,0.2
4,115-139,1769652919,2026-01-29T10:15:19,0.2
4,115-139,1769653219,2026-01-29T10:20:19,0.2
4,115-139,1769653538,2026-01-29T10:25:38,0.2
4,115-139,1769653825,2026-01-29T10:30:25,0.2
4,115-139,1769654121,2026-01-29T10:35:21,0.2
4,115-139,1769654419,2026-01-29T10:40:19,0.195
4,115-139,1769654719,2026-01-29T10:45:19,0.2
4,115-139,1769655020,2026-01-29T10:50:20,0.19
4,115-139,1769655320,2026-01-29T10:55:20,0.19
4,115-139,1769655629,2026-01-29T11:00:29,0.19
4,115-139,1769655935,2026-01-29T11:05:35,0.19
4,115-139,1769656220,2026-01-29T11:10:20,0.19
4,115-139,1769656519,2026-01-29T11:15:19,0.19
4,115-139,1769656820,2026-01-29T11:20:20,0.195
4,115-139,1769657119,2026-01-29T11:25:19,0.195
4,115-139,1769657424,2026-01-29T11:30:24,0.19
4,115-139,1769657718,2026-01-29T11:35:18,0.19
4,115-139,1769658020,2026-01-29T11:40:20,0.19
4,115-139,1769658321,2026-01-29T11:45:21,0.19
4,115-139,1769658620,2026-01-29T11:50:20,0.19
4,115-139,1769658920,2026-01-29T11:55:20,0.19
4,115-139,1769659225,2026-01-29T12:00:25,0.19
4,115-139,1769659519,2026-01-29T12:05:19,0.19
4,115-139,1769659822,2026-01-29T12:10:22,0.19
4,115-139,1769660121,2026-01-29T12:15:21,0.19
4,115-139,1769660420,2026-01-29T12:20:20,0.19
4,115-139,1769660751,2026-01-29T12:25:51,0.19
4,115-139,1769661025,2026-01-29T12:30:25,0.19
4,115-139,1769661320,2026-01-29T12:35:20,0.19
4,115-139,1769661621,2026-01-29T12:40:21,0.19
4,115-139,1769661919,2026-01-29T12:45:19,0.19
4,115-139,1769662222,2026-01-29T12:50:22,0.19
4,115-139,1769662519,2026-01-29T12:55:19,0.19
4,115-139,1769662825,2026-01-29T13:00:25,0.19
4,115-139,1769663120,2026-01-29T13:05:20,0.19
4,115-139,1769663419,2026-01-29T13:10:19,0.185
4,115-139,1769663720,2026-01-29T13:15:20,0.19
4,115-139,1769664019,2026-01-29T13:20:19,0.185
4,115-139,1769664321,2026-01-29T13:25:21,0.185
4,115-139,1769664626,2026-01-29T13:30:26,0.185
4,115-139,1769664919,2026-01-29T13:35:19,0.185
4,115-139,1769665219,2026-01-29T13:40:19,0.185
4,115-139,1769665519,2026-01-29T13:45:19,0.185
4,115-139,1769665818,2026-01-29T13:50:18,0.185
4,115-139,1769666146,2026-01-29T13:55:46,0.185
4,115-139,1769666428,2026-01-29T14:00:28,0.185
4,115-139,1769666719,2026-01-29T14:05:19,0.185
4,115-139,1769667020,2026-01-29T14:10:20,0.185
4,115-139,1769667319,2026-01-29T14:15:19,0.185
4,115-139,1769667620,2026-01-29T14:20:20,0.185
4,115-139,1769667922,2026-01-29T14:25:22,0.175
4,115-139,1769668225,2026-01-29T14:30:25,0.18
4,115-139,1769668548,2026-01-29T14:35:48,0.18
4,115-139,1769668822,2026-01-29T14:40:22,0.18
4,115-139,1769669119,2026-01-29T14:45:19,0.18
4,115-139,1769669419,2026-01-29T14:50:19,0.18
4,115-139,1769669719,2026-01-29T14:55:19,0.18
4,115-139,1769670027,2026-01-29T15:00:27,0.17
4,115-139,1769670321,2026-01-29T15:05:21,0.17
4,115-139,1769670619,2026-01-29T15:10:19,0.17
4,115-139,1769670920,2026-01-29T15:15:20,0.175
4,115-139,1769671219,2026-01-29T15:20:19,0.175
4,115-139,1769671519,2026-01-29T15:25:19,0.175
4,115-139,1769671853,2026-01-29T15:30:53,0.18
4,115-139,1769672119,2026-01-29T15:35:19,0.18
4,115-139,1769672433,2026-01-29T15:40:33,0.18
4,115-139,1769672719,2026-01-29T15:45:19,0.18
4,115-139,1769673023,2026-01-29T15:50:23,0.18
4,115-139,1769673319,2026-01-29T15:55:19,0.17
4,115-139,1769673625,2026-01-29T16:00:25,0.17
4,115-139,1769673921,2026-01-29T16:05:21,0.17
4,115-139,1769674219,2026-01-29T16:10:19,0.17
4,115-139,1769674518,2026-01-29T16:15:18,0.165
4,115-139,1769674819,2026-01-29T16:20:19,0.165
4,115-139,1769675119,2026-01-29T16:25:19,0.165
4,115-139,1769675428,2026-01-29T16:30:28,0.165
4,115-139,1769675719,2026-01-29T16:35:19,0.165
4,115-139,1769676050,2026-01-29T16:40:50,0.165
4,115-139,1769676319,2026-01-29T16:45:19,0.165
4,115-139,1769676620,2026-01-29T16:50:20,0.165
4,115-139,1769676919,2026-01-29T16:55:19,0.165
4,115-139,1769677229,2026-01-29T17:00:29,0.165
4,115-139,1769677519,2026-01-29T17:05:19,0.165
4,115-139,1769677822,2026-01-29T17:10:22,0.165
4,115-139,1769678120,2026-01-29T17:15:20,0.165
4,115-139,1769678421,2026-01-29T17:20:21,0.165
4,115-139,1769678719,2026-01-29T17:25:19,0.165
4,115-139,1769679025,2026-01-29T17:30:25,0.165
4,115-139,1769679322,2026-01-29T17:35:22,0.165
4,115-139,1769679620,2026-01-29T17:40:20,0.165
4,115-139,1769679920,2026-01-29T17:45:20,0.165
4,115-139,1769680219,2026-01-29T17:50:19,0.165
4,115-139,1769680520,2026-01-29T17:55:20,0.17
4,115-139,1769680830,2026-01-29T18:00:30,0.17
4,115-139,1769681119,2026-01-29T18:05:19,0.17
4,115-139,1769681420,2026-01-29T18:10:20,0.17
4,115-139,1769681719,2026-01-29T18:15:19,0.17
4,115-139,1769682020,2026-01-29T18:20:20,0.17
4,115-139,1769682323,2026-01-29T18:25:23,0.17
4,115-139,1769682625,2026-01-29T18:30:25,0.17
4,115-139,1769682919,2026-01-29T18:35:19,0.175
4,115-139,1769683220,2026-01-29T18:40:20,0.18
4,115-139,1769683519,2026-01-29T18:45:19,0.18
4,115-139,1769683824,2026-01-29T18:50:24,0.18
4,115-139,1769684119,2026-01-29T18:55:19,0.18
4,115-139,1769684426,2026-01-29T19:00:26,0.18
4,115-139,1769684719,2026-01-29T19:05:19,0.18
4,115-139,1769685020,2026-01-29T19:10:20,0.18
4,115-139,1769685323,2026-01-29T19:15:23,0.18
4,115-139,1769685619,2026-01-29T19:20:19,0.18
4,115-139,1769685919,2026-01-29T19:25:19,0.18
4,115-139,1769686225,2026-01-29T19:30:25,0.18
4,115-139,1769686519,2026-01-29T19:35:19,0.18
4,115-139,1769686824,2026-01-29T19:40:24,0.18
4,115-139,1769687119,2026-01-29T19:45:19,0.18
4,115-139,1769687420,2026-01-29T19:50:20,0.18
4,115-139,1769687752,2026-01-29T19:55:52,0.18
4,115-139,1769688038,2026-01-29T20:00:38,0.18
4,115-139,1769688320,2026-01-29T20:05:20,0.18
4,115-139,1769688620,2026-01-29T20:10:20,0.18
4,115-139,1769688919,2026-01-29T20:15:19,0.18
4,115-139,1769689219,2026-01-29T20:20:19,0.18
4,115-139,1769689525,2026-01-29T20:25:25,0.18
4,115-139,1769689825,2026-01-29T20:30:25,0.18
4,115-139,1769690120,2026-01-29T20:35:20,0.18
4,115-139,1769690420,2026-01-29T20:40:20,0.18
4,115-139,1769690719,2026-01-29T20:45:19,0.18
4,115-139,1769691024,2026-01-29T20:50:24,0.18
4,115-139,1769691320,2026-01-29T20:55:20,0.18
4,115-139,1769691626,2026-01-29T21:00:26,0.18
4,115-139,1769691919,2026-01-29T21:05:19,0.18
4,115-139,1769692220,2026-01-29T21:10:20,0.18
4,115-139,1769692525,2026-01-29T21:15:25,0.18
4,115-139,1769692824,2026-01-29T21:20:24,0.18
4,115-139,1769693121,2026-01-29T21:25:21,0.18
4,115-139,1769693425,2026-01-29T21:30:25,0.18
4,115-139,1769693719,2026-01-29T21:35:19,0.18
4,115-139,1769694020,2026-01-29T21:40:20,0.18
4,115-139,1769694336,2026-01-29T21:45:36,0.18
4,115-139,1769694620,2026-01-29T21:50:20,0.18
4,115-139,1769694924,2026-01-29T21:55:24,0.18
4,115-139,1769695226,2026-01-29T22:00:26,0.18
4,115-139,1769695521,2026-01-29T22:05:21,0.18
4,115-139,1769695854,2026-01-29T22:10:54,0.19
4,115-139,1769696120,2026-01-29T22:15:20,0.19
4,115-139,1769696421,2026-01-29T22:20:21,0.195
4,115-139,1769696720,2026-01-29T22:25:20,0.21
4,115-139,1769697026,2026-01-29T22:30:26,0.225
4,115-139,1769697319,2026-01-29T22:35:19,0.235
4,115-139,1769697626,2026-01-29T22:40:26,0.24
4,115-139,1769697919,2026-01-29T22:45:19,0.24
4,115-139,1769698221,2026-01-29T22:50:21,0.25
4,115-139,1769698520,2026-01-29T22:55:20,0.24
4,115-139,1769698829,2026-01-29T23:00:29,0.25
4,115-139,1769699124,2026-01-29T23:05:24,0.25
4,115-139,1769699420,2026-01-29T23:10:20,0.25
4,115-139,1769699757,2026-01-29T23:15:57,0.245
4,115-139,1769700320,2026-01-29T23:25:20,0.25
4,115-139,1769700630,2026-01-29T23:30:30,0.25
4,115-139,1769700920,2026-01-29T23:35:20,0.25
4,115-139,1769701220,2026-01-29T23:40:20,0.24
4,115-139,1769701519,2026-01-29T23:45:19,0.25
4,115-139,1769702125,2026-01-29T23:55:25,0.245
4,115-139,1769702426,2026-01-30T00:00:26,0.24
4,115-139,1769702720,2026-01-30T00:05:20,0.245
4,115-139,1769703020,2026-01-30T00:10:20,0.245
4,115-139,1769703320,2026-01-30T00:15:20,0.25
4,115-139,1769703654,2026-01-30T00:20:54,0.24
4,115-139,1769703920,2026-01-30T00:25:20,0.24
4,115-139,1769704225,2026-01-30T00:30:25,0.23
4,115-139,1769704520,2026-01-30T00:35:20,0.23
4,115-139,1769704821,2026-01-30T00:40:21,0.23
4,115-139,1769705122,2026-01-30T00:45:22,0.24
4,115-139,1769705425,2026-01-30T00:50:25,0.255
4,115-139,1769705722,2026-01-30T00:55:22,0.255
4,115-139,1769706026,2026-01-30T01:00:26,0.265
4,115-139,1769706321,2026-01-30T01:05:21,0.265
4,115-139,1769706621,2026-01-30T01:10:21,0.265
4,115-139,1769706925,2026-01-30T01:15:25,0.265
4,115-139,1769707220,2026-01-30T01:20:20,0.265
4,115-139,1769707838,2026-01-30T01:30:38,0.26
4,115-139,1769708122,2026-01-30T01:35:22,0.25
4,115-139,1769708420,2026-01-30T01:40:20,0.26
4,115-139,1769708720,2026-01-30T01:45:20,0.26
4,115-139,1769709020,2026-01-30T01:50:20,0.26
4,115-139,1769709326,2026-01-30T01:55:26,0.25
4,115-139,1769709629,2026-01-30T02:00:29,0.26
4,115-139,1769709919,2026-01-30T02:05:19,0.245
4,115-139,1769710221,2026-01-30T02:10:21,0.25
4,115-139,1769710526,2026-01-30T02:15:26,0.245
4,115-139,1769710821,2026-01-30T02:20:21,0.24
4,115-139,1769711120,2026-01-30T02:25:20,0.255
4,115-139,1769711427,2026-01-30T02:30:27,0.255
4,115-139,1769711721,2026-01-30T02:35:21,0.25
4,115-139,1769712053,2026-01-30T02:40:53,0.255
4,115-139,1769712320,2026-01-30T02:45:20,0.255
4,115-139,1769712621,2026-01-30T02:50:21,0.255
4,115-139,1769712921,2026-01-30T02:55:21,0.25
4,115-139,1769713227,2026-01-30T03:00:27,0.25
4,115-139,1769713521,2026-01-30T03:05:21,0.25
4,115-139,1769713827,2026-01-30T03:10:27,0.25
4,115-139,1769714126,2026-01-30T03:15:26,0.25
4,115-139,1769714434,2026-01-30T03:20:34,0.26
4,115-139,1769714721,2026-01-30T03:25:21,0.26
4,115-139,1769715027,2026-01-30T03:30:27,0.26
4,115-139,1769715322,2026-01-30T03:35:22,0.26
4,115-139,1769715626,2026-01-30T03:40:26,0.25
4,115-139,1769715920,2026-01-30T03:45:20,0.24
4,115-139,1769716220,2026-01-30T03:50:20,0.265
4,115-139,1769716520,2026-01-30T03:55:20,0.26
4,115-139,1769716837,2026-01-30T04:00:37,0.265
4,115-139,1769717126,2026-01-30T04:05:26,0.26
4,115-139,1769717420,2026-01-30T04:10:20,0.26
4,115-139,1769717721,2026-01-30T04:15:21,0.26
4,115-139,1769718022,2026-01-30T04:20:22,0.26
4,115-139,1769718320,2026-01-30T04:25:20,0.26
4,115-139,1769718632,2026-01-30T04:30:32,0.26
4,115-139,1769718920,2026-01-30T04:35:20,0.255
4,115-139,1769719220,2026-01-30T04:40:20,0.255
4,115-139,1769719521,2026-01-30T04:45:21,0.25
4,115-139,1769719823,2026-01-30T04:50:23,0.26
4,115-139,1769720432,2026-01-30T05:00:32,0.245
4,115-139,1769720720,2026-01-30T05:05:20,0.245
4,115-139,1769721020,2026-01-30T05:10:20,0.24
4,115-139,1769721320,2026-01-30T05:15:20,0.24
4,115-139,1769721619,2026-01-30T05:20:19,0.24
4,115-139,1769721925,2026-01-30T05:25:25,0.24
4,115-139,1769722227,2026-01-30T05:30:27,0.24
4,115-139,1769722521,2026-01-30T05:35:21,0.24
4,115-139,1769722827,2026-01-30T05:40:27,0.24
4,115-139,1769723120,2026-01-30T05:45:20,0.24
4,115-139,1769723437,2026-01-30T05:50:37,0.24
4,115-139,1769723721,2026-01-30T05:55:21,0.24
4,115-139,1769724027,2026-01-30T06:00:27,0.24
4,115-139,1769724326,2026-01-30T06:05:26,0.24
4,115-139,1769724621,2026-01-30T06:10:21,0.245
4,115-139,1769724922,2026-01-30T06:15:22,0.245
4,115-139,1769725220,2026-01-30T06:20:20,0.245
4,115-139,1769725521,2026-01-30T06:25:21,0.245
4,115-139,1769725833,2026-01-30T06:30:33,0.245
4,115-139,1769726120,2026-01-30T06:35:20,0.245
4,115-139,1769726420,2026-01-30T06:40:20,0.245
4,115-139,1769726720,2026-01-30T06:45:20,0.265
4,115-139,1769727020,2026-01-30T06:50:20,0.265
4,115-139,1769727353,2026-01-30T06:55:53,0.275
4,115-139,1769727627,2026-01-30T07:00:27,0.27
4,115-139,1769727927,2026-01-30T07:05:27,0.27
4,115-139,1769728220,2026-01-30T07:10:20,0.27
4,115-139,1769728519,2026-01-30T07:15:19,0.27
4,115-139,1769728855,2026-01-30T07:20:55,0.27
4,115-139,1769729119,2026-01-30T07:25:19,0.27
4,115-139,1769729439,2026-01-30T07:30:39,0.27
4,115-139,1769729720,2026-01-30T07:35:20,0.27
4,115-139,1769730023,2026-01-30T07:40:23,0.27
4,115-139,1769730320,2026-01-30T07:45:20,0.255
4,115-139,1769730626,2026-01-30T07:50:26,0.255
4,115-139,1769730920,2026-01-30T07:55:20,0.255
4,115-139,1769731236,2026-01-30T08:00:36,0.255
4,115-139,1769731521,2026-01-30T08:05:21,0.255
4,115-139,1769731819,2026-01-30T08:10:19,0.255
4,115-139,1769732126,2026-01-30T08:15:26,0.255
4,115-139,1769732432,2026-01-30T08:20:32,0.255
4,115-139,1769732719,2026-01-30T08:25:19,0.255
4,115-139,1769733026,2026-01-30T08:30:26,0.255
4,115-139,1769733320,2026-01-30T08:35:20,0.255
4,115-139,1769733643,2026-01-30T08:40:43,0.255
4,115-139,1769733919,2026-01-30T08:45:19,0.255
4,115-139,1769734219,2026-01-30T08:50:19,0.25
4,115-139,1769734520,2026-01-30T08:55:20,0.25
4,115-139,1769734826,2026-01-30T09:00:26,0.27
4,115-139,1769735120,2026-01-30T09:05:20,0.275
4,115-139,1769735426,2026-01-30T09:10:26,0.27
4,115-139,1769735726,2026-01-30T09:15:26,0.27
4,115-139,1769736020,2026-01-30T09:20:20,0.27
4,115-139,1769736321,2026-01-30T09:25:21,0.27
4,115-139,1769736626,2026-01-30T09:30:26,0.27
4,115-139,1769736920,2026-01-30T09:35:20,0.28
4,115-139,1769737227,2026-01-30T09:40:27,0.28
4,115-139,1769737521,2026-01-30T09:45:21,0.28
4,115-139,1769737828,2026-01-30T09:50:28,0.28
4,115-139,1769738121,2026-01-30T09:55:21,0.28
4,115-139,1769738427,2026-01-30T10:00:27,0.3
4,115-139,1769738722,2026-01-30T10:05:22,0.3
4,115-139,1769739020,2026-01-30T10:10:20,0.3
4,115-139,1769739328,2026-01-30T10:15:28,0.3
4,115-139,1769739620,2026-01-30T10:20:20,0.3
4,115-139,1769739921,2026-01-30T10:25:21,0.3
4,115-139,1769740227,2026-01-30T10:30:27,0.3
4,115-139,1769740520,2026-01-30T10:35:20,0.3
4,115-139,1769740850,2026-01-30T10:40:50,0.3
4,115-139,1769741123,2026-01-30T10:45:23,0.3
4,115-139,1769741421,2026-01-30T10:50:21,0.3
4,115-139,1769741720,2026-01-30T10:55:20,0.3
4,115-139,1769742030,2026-01-30T11:00:30,0.3
4,115-139,1769742325,2026-01-30T11:05:25,0.3
4,115-139,1769742622,2026-01-30T11:10:22,0.3
4,115-139,1769742920,2026-01-30T11:15:20,0.3
4,115-139,1769743221,2026-01-30T11:20:21,0.28
4,115-139,1769743519,2026-01-30T11:25:19,0.265
4,115-139,1769743832,2026-01-30T11:30:32,0.27
4,115-139,1769744120,2026-01-30T11:35:20,0.27
4,115-139,1769744425,2026-01-30T11:40:25,0.265
4,115-139,1769744721,2026-01-30T11:45:21,0.27
4,115-139,1769745021,2026-01-30T11:50:21,0.27
4,115-139,1769745321,2026-01-30T11:55:21,0.27
4,115-139,1769745627,2026-01-30T12:00:27,0.27
4,115-139,1769745925,2026-01-30T12:05:25,0.28
4,115-139,1769746221,2026-01-30T12:10:21,0.28
4,115-139,1769746520,2026-01-30T12:15:20,0.3
4,115-139,1769746820,2026-01-30T12:20:20,0.3
4,115-139,1769747121,2026-01-30T12:25:21,0.3
4,115-139,1769747432,2026-01-30T12:30:32,0.3
4,115-139,1769747720,2026-01-30T12:35:20,0.3
4,115-139,1769748020,2026-01-30T12:40:20,0.3
4,115-139,1769748321,2026-01-30T12:45:21,0.3
4,115-139,1769748622,2026-01-30T12:50:22,0.3
4,115-139,1769748953,2026-01-30T12:55:53,0.295
4,115-139,1769749227,2026-01-30T13:00:27,0.29
4,115-139,1769749519,2026-01-30T13:05:19,0.295
4,115-139,1769749820,2026-01-30T13:10:20,0.29
4,115-139,1769750121,2026-01-30T13:15:21,0.295
4,115-139,1769750419,2026-01-30T13:20:19,0.295
4,115-139,1769750725,2026-01-30T13:25:25,0.29
4,115-139,1769751027,2026-01-30T13:30:27,0.295
4,115-139,1769751322,2026-01-30T13:35:22,0.295
4,115-139,1769751619,2026-01-30T13:40:19,0.29
4,115-139,1769751921,2026-01-30T13:45:21,0.29
4,115-139,1769752225,2026-01-30T13:50:25,0.29
4,115-139,1769752519,2026-01-30T13:55:19,0.29
4,115-139,1769752829,2026-01-30T14:00:29,0.29
4,115-139,1769753120,2026-01-30T14:05:20,0.29
4,115-139,1769753420,2026-01-30T14:10:20,0.29
4,115-139,1769753725,2026-01-30T14:15:25,0.29
4,115-139,1769754019,2026-01-30T14:20:19,0.295
4,115-139,1769754320,2026-01-30T14:25:20,0.3
4,115-139,1769754633,2026-01-30T14:30:33,0.3
4,115-139,1769754953,2026-01-30T14:35:53,0.29
4,115-139,1769755219,2026-01-30T14:40:19,0.29
4,115-139,1769755520,2026-01-30T14:45:20,0.29
4,115-139,1769755819,2026-01-30T14:50:19,0.29
4,115-139,1769756119,2026-01-30T14:55:19,0.29
4,115-139,1769756427,2026-01-30T15:00:27,0.29
4,115-139,1769756726,2026-01-30T15:05:26,0.305
4,115-139,1769757019,2026-01-30T15:10:19,0.305
4,115-139,1769757319,2026-01-30T15:15:19,0.315
4,115-139,1769757619,2026-01-30T15:20:19,0.305
4,115-139,1769757919,2026-01-30T15:25:19,0.3
4,115-139,1769758232,2026-01-30T15:30:32,0.3
4,115-139,1769758519,2026-01-30T15:35:19,0.3
4,115-139,1769758825,2026-01-30T15:40:25,0.3
4,115-139,1769759119,2026-01-30T15:45:19,0.305
4,115-139,1769759428,2026-01-30T15:50:28,0.3
4,115-139,1769759720,2026-01-30T15:55:20,0.3
4,115-139,1769760026,2026-01-30T16:00:26,0.305
4,115-139,1769760319,2026-01-30T16:05:19,0.3
4,115-139,1769760620,2026-01-30T16:10:20,0.3
4,115-139,1769760926,2026-01-30T16:15:26,0.305
4,115-139,1769761220,2026-01-30T16:20:20,0.3
4,115-139,1769761522,2026-01-30T16:25:22,0.31
4,115-139,1769761826,2026-01-30T16:30:26,0.31
4,115-139,1769762120,2026-01-30T16:35:20,0.315
4,115-139,1769762426,2026-01-30T16:40:26,0.315
4,115-139,1769762719,2026-01-30T16:45:19,0.315
4,115-139,1769763020,2026-01-30T16:50:20,0.325
4,115-139,1769763320,2026-01-30T16:55:20,0.34
4,115-139,1769763921,2026-01-30T17:05:21,0.34
4,115-139,1769764219,2026-01-30T17:10:19,0.33
4,115-139,1769764520,2026-01-30T17:15:20,0.335
4,115-139,1769764819,2026-01-30T17:20:19,0.335
4,115-139,1769765119,2026-01-30T17:25:19,0.345
4,115-139,1769765432,2026-01-30T17:30:32,0.335
4,115-139,1769765720,2026-01-30T17:35:20,0.345
4,115-139,1769766020,2026-01-30T17:40:20,0.34
4,115-139,1769766319,2026-01-30T17:45:19,0.34
4,115-139,1769766625,2026-01-30T17:50:25,0.34
4,115-139,1769766919,2026-01-30T17:55:19,0.335
4,115-139,1769767227,2026-01-30T18:00:27,0.34
4,115-139,1769767519,2026-01-30T18:05:19,0.34
4,115-139,1769767819,2026-01-30T18:10:19,0.345
4,115-139,1769768126,2026-01-30T18:15:26,0.345
4,115-139,1769768419,2026-01-30T18:20:19,0.355
4,115-139,1769768725,2026-01-30T18:25:25,0.36
4,115-139,1769769028,2026-01-30T18:30:28,0.36
4,115-139,1769769326,2026-01-30T18:35:26,0.36
4,115-139,1769769620,2026-01-30T18:40:20,0.36
4,115-139,1769769926,2026-01-30T18:45:26,0.36
4,115-139,1769770219,2026-01-30T18:50:19,0.36
4,115-139,1769770520,2026-01-30T18:55:20,0.355
4,115-139,1769771119,2026-01-30T19:05:19,0.36
4,115-139,1769771420,2026-01-30T19:10:20,0.36
4,115-139,1769771726,2026-01-30T19:15:26,0.345
4,115-139,1769772021,2026-01-30T19:20:21,0.355
4,115-139,1769772320,2026-01-30T19:25:20,0.36
4,115-139,1769772627,2026-01-30T19:30:27,0.36
4,115-139,1769772919,2026-01-30T19:35:19,0.345
4,115-139,1769773231,2026-01-30T19:40:31,0.335
4,115-139,1769773519,2026-01-30T19:45:19,0.335
4,115-139,1769773822,2026-01-30T19:50:22,0.345
4,115-139,1769774120,2026-01-30T19:55:20,0.345
4,115-139,1769774453,2026-01-30T20:00:53,0.34
4,115-139,1769774719,2026-01-30T20:05:19,0.34
4,115-139,1769775020,2026-01-30T20:10:20,0.34
4,115-139,1769775322,2026-01-30T20:15:22,0.36
4,115-139,1769775620,2026-01-30T20:20:20,0.36
4,115-139,1769775947,2026-01-30T20:25:47,0.36
4,115-139,1769776231,2026-01-30T20:30:31,0.37
4,115-139,1769776520,2026-01-30T20:35:20,0.37
4,115-139,1769776822,2026-01-30T20:40:22,0.37
4,115-139,1769777121,2026-01-30T20:45:21,0.37
4,115-139,1769777420,2026-01-30T20:50:20,0.37
4,115-139,1769777726,2026-01-30T20:55:26,0.37
4,115-139,1769778027,2026-01-30T21:00:27,0.37
4,115-139,1769778320,2026-01-30T21:05:20,0.37
4,115-139,1769778619,2026-01-30T21:10:19,0.37
4,115-139,1769778920,2026-01-30T21:15:20,0.37
4,115-139,1769779226,2026-01-30T21:20:26,0.37
4,115-139,1769779520,2026-01-30T21:25:20,0.37
4,115-139,1769779828,2026-01-30T21:30:28,0.37
4,115-139,1769780120,2026-01-30T21:35:20,0.375
4,115-139,1769780426,2026-01-30T21:40:26,0.38
4,115-139,1769780722,2026-01-30T21:45:22,0.375
4,115-139,1769781021,2026-01-30T21:50:21,0.375
4,115-139,1769781321,2026-01-30T21:55:21,0.375
4,115-139,1769781628,2026-01-30T22:00:28,0.375
4,115-139,1769781953,2026-01-30T22:05:53,0.375
4,115-139,1769782220,2026-01-30T22:10:20,0.355
4,115-139,1769782525,2026-01-30T22:15:25,0.355
4,115-139,1769782820,2026-01-30T22:20:20,0.355
4,115-139,1769783119,2026-01-30T22:25:19,0.355
4,115-139,1769783434,2026-01-30T22:30:34,0.35
4,115-139,1769783723,2026-01-30T22:35:23,0.35
4,115-139,1769784021,2026-01-30T22:40:21,0.35
4,115-139,1769784321,2026-01-30T22:45:21,0.35
4,115-139,1769784620,2026-01-30T22:50:20,0.355
4,115-139,1769784955,2026-01-30T22:55:55,0.355
4,115-139,1769785232,2026-01-30T23:00:32,0.355
4,115-139,1769785521,2026-01-30T23:05:21,0.36
4,115-139,1769785820,2026-01-30T23:10:20,0.36
4,115-139,1769786120,2026-01-30T23:15:20,0.355
4,115-139,1769786423,2026-01-30T23:20:23,0.355
4,115-139,1769786726,2026-01-30T23:25:26,0.355
4,115-139,1769787028,2026-01-30T23:30:28,0.375
4,115-139,1769787320,2026-01-30T23:35:20,0.38
4,115-139,1769787620,2026-01-30T23:40:20,0.375
4,115-139,1769787927,2026-01-30T23:45:27,0.385
4,115-139,1769788221,2026-01-30T23:50:21,0.38
4,115-139,1769788520,2026-01-30T23:55:20,0.385
4,115-139,1769788829,2026-01-31T00:00:29,0.395
4,115-139,1769789121,2026-01-31T00:05:21,0.38
4,115-139,1769789454,2026-01-31T00:10:54,0.385
4,115-139,1769789720,2026-01-31T00:15:20,0.385
4,115-139,1769790020,2026-01-31T00:20:20,0.385
4,115-139,1769790320,2026-01-31T00:25:20,0.39
4,115-139,1769790627,2026-01-31T00:30:27,0.395
4,115-139,1769790920,2026-01-31T00:35:20,0.405
4,115-139,1769791226,2026-01-31T00:40:26,0.415
4,115-139,1769791521,2026-01-31T00:45:21,0.435
4,115-139,1769791821,2026-01-31T00:50:21,0.435
4,115-139,1769792120,2026-01-31T00:55:20,0.44
4,115-139,1769792432,2026-01-31T01:00:32,0.445
4,115-139,1769792726,2026-01-31T01:05:26,0.44
4,115-139,1769793020,2026-01-31T01:10:20,0.445
4,115-139,1769793321,2026-01-31T01:15:21,0.455
4,115-139,1769793622,2026-01-31T01:20:22,0.46
4,115-139,1769793928,2026-01-31T01:25:28,0.45
4,115-139,1769794228,2026-01-31T01:30:28,0.465
4,115-139,1769794521,2026-01-31T01:35:21,0.47
4,115-139,1769794821,2026-01-31T01:40:21,0.485
4,115-139,1769795123,2026-01-31T01:45:23,0.495
4,115-139,1769795722,2026-01-31T01:55:22,0.455
4,115-139,1769796030,2026-01-31T02:00:30,0.455
4,115-139,1769796320,2026-01-31T02:05:20,0.455
4,115-139,1769796621,2026-01-31T02:10:21,0.47
4,115-139,1769796928,2026-01-31T02:15:28,0.46
4,115-139,1769797225,2026-01-31T02:20:25,0.47
4,115-139,1769797521,2026-01-31T02:25:21,0.47
4,115-139,1769797829,2026-01-31T02:30:29,0.47
4,115-139,1769798121,2026-01-31T02:35:21,0.475
4,115-139,1769798422,2026-01-31T02:40:22,0.485
4,115-139,1769798740,2026-01-31T02:45:40,0.51
4,115-139,1769799022,2026-01-31T02:50:22,0.47
4,115-139,1769799320,2026-01-31T02:55:20,0.47
4,115-139,1769799628,2026-01-31T03:00:28,0.47
4,115-139,1769799920,2026-01-31T03:05:20,0.465
4,115-139,1769800243,2026-01-31T03:10:43,0.47
4,115-139,1769800526,2026-01-31T03:15:26,0.47
4,115-139,1769800820,2026-01-31T03:20:20,0.47
4,115-139,1769801120,2026-01-31T03:25:20,0.47
4,115-139,1769801427,2026-01-31T03:30:27,0.455
4,115-139,1769801721,2026-01-31T03:35:21,0.455
4,115-139,1769802029,2026-01-31T03:40:29,0.43
4,115-139,1769802321,2026-01-31T03:45:21,0.43
4,115-139,1769802624,2026-01-31T03:50:24,0.43
4,115-139,1769802920,2026-01-31T03:55:20,0.43
4,115-139,1769803229,2026-01-31T04:00:29,0.435
4,115-139,1769803528,2026-01-31T04:05:28,0.435
4,115-139,1769803826,2026-01-31T04:10:26,0.43
4,115-139,1769804121,2026-01-31T04:15:21,0.485
4,115-139,1769804420,2026-01-31T04:20:20,0.495
4,115-139,1769805028,2026-01-31T04:30:28,0.51
4,115-139,1769805352,2026-01-31T04:35:52,0.52
4,115-139,1769805623,2026-01-31T04:40:23,0.52
4,115-139,1769805921,2026-01-31T04:45:21,0.525
4,115-139,1769806221,2026-01-31T04:50:21,0.525
4,115-139,1769806522,2026-01-31T04:55:22,0.525
4,115-139,1769806832,2026-01-31T05:00:32,0.53
4,115-139,1769807125,2026-01-31T05:05:25,0.53
4,115-139,1769807421,2026-01-31T05:10:21,0.525
4,115-139,1769807720,2026-01-31T05:15:20,0.53
4,115-139,1769808019,2026-01-31T05:20:19,0.53
4,115-139,1769808320,2026-01-31T05:25:20,0.515
4,115-139,1769808634,2026-01-31T05:30:34,0.525
4,115-139,1769808925,2026-01-31T05:35:25,0.525
4,115-139,1769809221,2026-01-31T05:40:21,0.525
4,115-139,1769809521,2026-01-31T05:45:21,0.535
4,115-139,1769809820,2026-01-31T05:50:20,0.575
4,115-139,1769810120,2026-01-31T05:55:20,0.61
4,115-139,1769810435,2026-01-31T06:00:35,0.605
4,115-139,1769810719,2026-01-31T06:05:19,0.575
4,115-139,1769811036,2026-01-31T06:10:36,0.62
4,115-139,1769811321,2026-01-31T06:15:21,0.625
4,115-139,1769811620,2026-01-31T06:20:20,0.645
4,115-139,1769811953,2026-01-31T06:25:53,0.635
4,115-139,1769812229,2026-01-31T06:30:29,0.63
4,115-139,1769812521,2026-01-31T06:35:21,0.62
4,115-139,1769812820,2026-01-31T06:40:20,0.62
4,115-139,1769813121,2026-01-31T06:45:21,0.635
4,115-139,1769813420,2026-01-31T06:50:20,0.64
4,115-139,1769813726,2026-01-31T06:55:26,0.605
4,115-139,1769814027,2026-01-31T07:00:27,0.66
4,115-139,1769814321,2026-01-31T07:05:21,0.62
4,115-139,1769814621,2026-01-31T07:10:21,0.635
4,115-139,1769814920,2026-01-31T07:15:20,0.64
4,115-139,1769815226,2026-01-31T07:20:26,0.645
4,115-139,1769815521,2026-01-31T07:25:21,0.625
4,115-139,1769815828,2026-01-31T07:30:28,0.605
4,115-139,1769816121,2026-01-31T07:35:21,0.615
4,115-139,1769816421,2026-01-31T07:40:21,0.625
4,115-139,1769816728,2026-01-31T07:45:28,0.615
4,115-139,1769817024,2026-01-31T07:50:24,0.615
4,115-139,1769817321,2026-01-31T07:55:21,0.59
4,115-139,1769817637,2026-01-31T08:00:37,0.59
4,115-139,1769817919,2026-01-31T08:05:19,0.595
4,115-139,1769818220,2026-01-31T08:10:20,0.595
4,115-139,1769818520,2026-01-31T08:15:20,0.595
4,115-139,1769818822,2026-01-31T08:20:22,0.58
4,115-139,1769819120,2026-01-31T08:25:20,0.595
4,115-139,1769819429,2026-01-31T08:30:29,0.62
4,115-139,1769819721,2026-01-31T08:35:21,0.645
4,115-139,1769820020,2026-01-31T08:40:20,0.64
4,115-139,1769820334,2026-01-31T08:45:34,0.645
4,115-139,1769820620,2026-01-31T08:50:20,0.645
4,115-139,1769820920,2026-01-31T08:55:20,0.645
4,115-139,1769821228,2026-01-31T09:00:28,0.645
4,115-139,1769821520,2026-01-31T09:05:20,0.645
4,115-139,1769821836,2026-01-31T09:10:36,0.595
4,115-139,1769822121,2026-01-31T09:15:21,0.6
4,115-139,1769822421,2026-01-31T09:20:21,0.6
4,115-139,1769822721,2026-01-31T09:25:21,0.6
4,115-139,1769823029,2026-01-31T09:30:29,0.555
4,115-139,1769823320,2026-01-31T09:35:20,0.565
4,115-139,1769823621,2026-01-31T09:40:21,0.565
4,115-139,1769823920,2026-01-31T09:45:20,0.565
4,115-139,1769824220,2026-01-31T09:50:20,0.59
4,115-139,1769824520,2026-01-31T09:55:20,0.585
4,115-139,1769824827,2026-01-31T10:00:27,0.585
4,115-139,1769825141,2026-01-31T10:05:41,0.605
4,115-139,1769825421,2026-01-31T10:10:21,0.605
4,115-139,1769825720,2026-01-31T10:15:20,0.605
4,115-139,1769826021,2026-01-31T10:20:21,0.605
4,115-139,1769826322,2026-01-31T10:25:22,0.6
4,115-139,1769826627,2026-01-31T10:30:27,0.625
4,115-139,1769826921,2026-01-31T10:35:21,0.625
4,115-139,1769827220,2026-01-31T10:40:20,0.625
4,115-139,1769827545,2026-01-31T10:45:45,0.62
4,115-139,1769827820,2026-01-31T10:50:20,0.63
4,115-139,1769828121,2026-01-31T10:55:21,0.625
4,115-139,1769828430,2026-01-31T11:00:30,0.625
4,115-139,1769828722,2026-01-31T11:05:22,0.625
4,115-139,1769829020,2026-01-31T11:10:20,0.64
4,115-139,1769829322,2026-01-31T11:15:22,0.625
4,115-139,1769829620,2026-01-31T11:20:20,0.625
4,115-139,1769829921,2026-01-31T11:25:21,0.62
4,115-139,1769830228,2026-01-31T11:30:28,0.645
4,115-139,1769830522,2026-01-31T11:35:22,0.62
4,115-139,1769830821,2026-01-31T11:40:21,0.625
4,115-139,1769831121,2026-01-31T11:45:21,0.615
4,115-139,1769831421,2026-01-31T11:50:21,0.615
4,115-139,1769831721,2026-01-31T11:55:21,0.64
4,115-139,1769832029,2026-01-31T12:00:29,0.62
4,115-139,1769832320,2026-01-31T12:05:20,0.625
4,115-139,1769832620,2026-01-31T12:10:20,0.62
4,115-139,1769832920,2026-01-31T12:15:20,0.635
4,115-139,1769833220,2026-01-31T12:20:20,0.615
4,115-139,1769833522,2026-01-31T12:25:22,0.615
4,115-139,1769833827,2026-01-31T12:30:27,0.615
4,115-139,1769834120,2026-01-31T12:35:20,0.615
4,115-139,1769834419,2026-01-31T12:40:19,0.61
4,115-139,1769834721,2026-01-31T12:45:21,0.62
4,115-139,1769835026,2026-01-31T12:50:26,0.615
4,115-139,1769835321,2026-01-31T12:55:21,0.625
4,115-139,1769835628,2026-01-31T13:00:28,0.615
4,115-139,1769835919,2026-01-31T13:05:19,0.645
4,115-139,1769836220,2026-01-31T13:10:20,0.635
4,115-139,1769836526,2026-01-31T13:15:26,0.62
4,115-139,1769836821,2026-01-31T13:20:21,0.635
4,115-139,1769837121,2026-01-31T13:25:21,0.645
4,115-139,1769837428,2026-01-31T13:30:28,0.645
4,115-139,1769837721,2026-01-31T13:35:21,0.635
4,115-139,1769838024,2026-01-31T13:40:24,0.64
4,115-139,1769838322,2026-01-31T13:45:22,0.645
4,115-139,1769838621,2026-01-31T13:50:21,0.645
4,115-139,1769838922,2026-01-31T13:55:22,0.645
4,115-139,1769839231,2026-01-31T14:00:31,0.645
4,115-139,1769839524,2026-01-31T14:05:24,0.645
4,115-139,1769839820,2026-01-31T14:10:20,0.66
4,115-139,1769840120,2026-01-31T14:15:20,0.665
4,115-139,1769840421,2026-01-31T14:20:21,0.66
4,115-139,1769840722,2026-01-31T14:25:22,0.645
4,115-139,1769841030,2026-01-31T14:30:30,0.645
4,115-139,1769841352,2026-01-31T14:35:52,0.64
4,115-139,1769841620,2026-01-31T14:40:20,0.635
4,115-139,1769841920,2026-01-31T14:45:20,0.635
4,115-139,1769842221,2026-01-31T14:50:21,0.605
4,115-139,1769842524,2026-01-31T14:55:24,0.615
4,115-139,1769842830,2026-01-31T15:00:30,0.605
4,115-139,1769843120,2026-01-31T15:05:20,0.605
4,115-139,1769843420,2026-01-31T15:10:20,0.6
4,115-139,1769843721,2026-01-31T15:15:21,0.615
4,115-139,1769844024,2026-01-31T15:20:24,0.62
4,115-139,1769844320,2026-01-31T15:25:20,0.6
4,115-139,1769844627,2026-01-31T15:30:27,0.585
4,115-139,1769844921,2026-01-31T15:35:21,0.585
4,115-139,1769845228,2026-01-31T15:40:28,0.59
4,115-139,1769845548,2026-01-31T15:45:48,0.605
4,115-139,1769845822,2026-01-31T15:50:22,0.63
4,115-139,1769846120,2026-01-31T15:55:20,0.625
4,115-139,1769846429,2026-01-31T16:00:29,0.62
4,115-139,1769846720,2026-01-31T16:05:20,0.615
4,115-139,1769847022,2026-01-31T16:10:22,0.615
4,115-139,1769847324,2026-01-31T16:15:24,0.6
4,115-139,1769847622,2026-01-31T16:20:22,0.61
4,115-139,1769847920,2026-01-31T16:25:20,0.6
4,115-139,1769848229,2026-01-31T16:30:29,0.595
4,115-139,1769848523,2026-01-31T16:35:23,0.61
4,115-139,1769848820,2026-01-31T16:40:20,0.62
4,115-139,1769849122,2026-01-31T16:45:22,0.625
4,115-139,1769849420,2026-01-31T16:50:20,0.6
4,115-139,1769849721,2026-01-31T16:55:21,0.605
4,115-139,1769850321,2026-01-31T17:05:21,0.605
4,115-139,1769850621,2026-01-31T17:10:21,0.6
4,115-139,1769850920,2026-01-31T17:15:20,0.61
4,115-139,1769851220,2026-01-31T17:20:20,0.625
4,115-139,1769851520,2026-01-31T17:25:20,0.635
4,115-139,1769851831,2026-01-31T17:30:31,0.645
4,115-139,1769852120,2026-01-31T17:35:20,0.625
4,115-139,1769852421,2026-01-31T17:40:21,0.64
4,115-139,1769852724,2026-01-31T17:45:24,0.635
4,115-139,1769853020,2026-01-31T17:50:20,0.635
4,115-139,1769853322,2026-01-31T17:55:22,0.64
4,115-139,1769853629,2026-01-31T18:00:29,0.625
4,115-139,1769853922,2026-01-31T18:05:22,0.62
4,115-139,1769854224,2026-01-31T18:10:24,0.62
4,115-139,1769854520,2026-01-31T18:15:20,0.63
4,115-139,1769854821,2026-01-31T18:20:21,0.615
4,115-139,1769855120,2026-01-31T18:25:20,0.625
4,115-139,1769855428,2026-01-31T18:30:28,0.625
4,115-139,1769855724,2026-01-31T18:35:24,0.625
4,115-139,1769856021,2026-01-31T18:40:21,0.625
4,115-139,1769856321,2026-01-31T18:45:21,0.62
4,115-139,1769856620,2026-01-31T18:50:20,0.62
4,115-139,1769856950,2026-01-31T18:55:50,0.615
4,115-139,1769857227,2026-01-31T19:00:27,0.615
4,115-139,1769857520,2026-01-31T19:05:20,0.62
4,115-139,1769857820,2026-01-31T19:10:20,0.625
4,115-139,1769858133,2026-01-31T19:15:33,0.62
4,115-139,1769858421,2026-01-31T19:20:21,0.615
4,115-139,1769858725,2026-01-31T19:25:25,0.63
4,115-139,1769859028,2026-01-31T19:30:28,0.64
4,115-139,1769859320,2026-01-31T19:35:20,0.645
4,115-139,1769859620,2026-01-31T19:40:20,0.63
4,115-139,1769859921,2026-01-31T19:45:21,0.63
4,115-139,1769860225,2026-01-31T19:50:25,0.635
4,115-139,1769860520,2026-01-31T19:55:20,0.63
4,115-139,1769860843,2026-01-31T20:00:43,0.63
4,115-139,1769861120,2026-01-31T20:05:20,0.62
4,115-139,1769861421,2026-01-31T20:10:21,0.62
4,115-139,1769861726,2026-01-31T20:15:26,0.625
4,115-139,1769862020,2026-01-31T20:20:20,0.625
4,115-139,1769862322,2026-01-31T20:25:22,0.63
4,115-139,1769862628,2026-01-31T20:30:28,0.625
4,115-139,1769862922,2026-01-31T20:35:22,0.63
4,115-139,1769863225,2026-01-31T20:40:25,0.625
4,115-139,1769863520,2026-01-31T20:45:20,0.625
4,115-139,1769863821,2026-01-31T20:50:21,0.64
4,115-139,1769864120,2026-01-31T20:55:20,0.65
4,115-139,1769864430,2026-01-31T21:00:30,0.65
4,115-139,1769864725,2026-01-31T21:05:25,0.64
4,115-139,1769865020,2026-01-31T21:10:20,0.64
4,115-139,1769865322,2026-01-31T21:15:22,0.635
4,115-139,1769865621,2026-01-31T21:20:21,0.625
4,115-139,1769865921,2026-01-31T21:25:21,0.645
4,115-139,1769866232,2026-01-31T21:30:32,0.635
4,115-139,1769866521,2026-01-31T21:35:21,0.645
4,115-139,1769866820,2026-01-31T21:40:20,0.625
4,115-139,1769867128,2026-01-31T21:45:28,0.625
4,115-139,1769867420,2026-01-31T21:50:20,0.625
4,115-139,1769867753,2026-01-31T21:55:53,0.625
4,115-139,1769868027,2026-01-31T22:00:27,0.605
4,115-139,1769868321,2026-01-31T22:05:21,0.555
4,115-139,1769868621,2026-01-31T22:10:21,0.54
4,115-139,1769868921,2026-01-31T22:15:21,0.545
4,115-139,1769869223,2026-01-31T22:20:23,0.52
4,115-139,1769869525,2026-01-31T22:25:25,0.71
4,115-139,1769869828,2026-01-31T22:30:28,0.665
4,115-139,1769870122,2026-01-31T22:35:22,0.645
4,115-139,1769870421,2026-01-31T22:40:21,0.67
4,115-139,1769870720,2026-01-31T22:45:20,0.655
4,115-139,1769871026,2026-01-31T22:50:26,0.725
4,115-139,1769871320,2026-01-31T22:55:20,0.855
4,115-139,1769871634,2026-01-31T23:00:34,0.91
4,115-139,1769871921,2026-01-31T23:05:21,0.915
4,115-139,1769872221,2026-01-31T23:10:21,0.935
4,115-139,1769872528,2026-01-31T23:15:28,0.91
4,115-139,1769872821,2026-01-31T23:20:21,0.935
4,115-139,1769873126,2026-01-31T23:25:26,0.965
4,115-139,1769873428,2026-01-31T23:30:28,0.9695
4,115-139,1769873720,2026-01-31T23:35:20,0.9785
4,115-139,1769874021,2026-01-31T23:40:21,0.9855
4,115-139,1769874320,2026-01-31T23:45:20,0.991
4,115-139,1769874626,2026-01-31T23:50:26,0.989
4,115-139,1769874921,2026-01-31T23:55:21,0.9915
4,115-139,1769875227,2026-02-01T00:00:27,0.9935
4,115-139,1769875521,2026-02-01T00:05:21,0.9955
4,115-139,1769875855,2026-02-01T00:10:55,0.9965
4,115-139,1769876121,2026-02-01T00:15:21,0.997
4,115-139,1769876421,2026-02-01T00:20:21,0.9985
4,115-139,1769876720,2026-02-01T00:25:20,0.9985
4,115-139,1769877027,2026-02-01T00:30:27,0.9985
4,115-139,1769877326,2026-02-01T00:35:26,0.9985
4,115-139,1769877621,2026-02-01T00:40:21,0.9985
4,115-139,1769877937,2026-02-01T00:45:37,0.9995
4,115-139,1769878221,2026-02-01T00:50:21,0.9995
4,115-139,1769878521,2026-02-01T00:55:21,0.9995
4,115-139,1769878855,2026-02-01T01:00:55,0.9995
4,115-139,1769879135,2026-02-01T01:05:35,0.9995
4,115-139,1769879421,2026-02-01T01:10:21,0.9995
4,115-139,1769879721,2026-02-01T01:15:21,0.9995
4,115-139,1769880021,2026-02-01T01:20:21,0.9995
4,115-139,1769880333,2026-02-01T01:25:33,0.9995
4,115-139,1769880628,2026-02-01T01:30:28,0.9995
4,115-139,1769880923,2026-02-01T01:35:23,0.9995
4,115-139,1769881221,2026-02-01T01:40:21,0.9995
4,115-139,1769881521,2026-02-01T01:45:21,0.9995
4,115-139,1769881828,2026-02-01T01:50:28,0.9995
4,115-139,1769882121,2026-02-01T01:55:21,0.9995
4,115-139,1769882435,2026-02-01T02:00:35,0.9995
4,115-139,1769882722,2026-02-01T02:05:22,0.9995
4,115-139,1769883020,2026-02-01T02:10:20,0.9995
4,115-139,1769883355,2026-02-01T02:15:55,0.9995
4,115-139,1769883622,2026-02-01T02:20:22,0.9995
4,115-139,1769883921,2026-02-01T02:25:21,0.9995
4,115-139,1769884228,2026-02-01T02:30:28,0.9995
4,115-139,1769884521,2026-02-01T02:35:21,0.9995
4,115-139,1769884821,2026-02-01T02:40:21,0.9995
4,115-139,1769885140,2026-02-01T02:45:40,0.9995
4,115-139,1769885422,2026-02-01T02:50:22,0.9995
4,115-139,1769885722,2026-02-01T02:55:22,0.9995
4,115-139,1769886032,2026-02-01T03:00:32,0.9995
4,115-139,1769886321,2026-02-01T03:05:21,0.9995
4,115-139,1769886622,2026-02-01T03:10:22,0.9995
4,115-139,1769886921,2026-02-01T03:15:21,0.9995
4,115-139,1769887221,2026-02-01T03:20:21,0.9995
4,115-139,1769887828,2026-02-01T03:30:28,0.9995
4,115-139,1769888121,2026-02-01T03:35:21,0.9995
4,115-139,1769888420,2026-02-01T03:40:20,0.9995
4,115-139,1769888734,2026-02-01T03:45:34,0.9995
4,115-139,1769889023,2026-02-01T03:50:23,0.9995
4,115-139,1769889327,2026-02-01T03:55:27,0.9995
4,115-139,1769889628,2026-02-01T04:00:28,0.9995
4,115-139,1769889922,2026-02-01T04:05:22,0.9995
4,115-139,1769890221,2026-02-01T04:10:21,0.9995
4,115-139,1769890521,2026-02-01T04:15:21,0.9995
4,115-139,1769890828,2026-02-01T04:20:28,0.9995
4,115-139,1769891121,2026-02-01T04:25:21,0.9995
4,115-139,1769891427,2026-02-01T04:30:27,0.9995
4,115-139,1769891721,2026-02-01T04:35:21,0.9995
4,115-139,1769892021,2026-02-01T04:40:21,0.9995
4,115-139,1769892353,2026-02-01T04:45:53,0.9995
4,115-139,1769892621,2026-02-01T04:50:21,0.9995
4,115-139,1769892933,2026-02-01T04:55:33,0.9995
4,115-139,1769893249,2026-02-01T05:00:49,0.9995
4,115-139,1769893521,2026-02-01T05:05:21,0.9995
4,115-139,1769893820,2026-02-01T05:10:20,0.9995
4,115-139,1769894127,2026-02-01T05:15:27,0.9995
4,115-139,1769894421,2026-02-01T05:20:21,0.9995
5,140-164,1769448623,2026-01-27T01:30:23,0.58
5,140-164,1769448917,2026-01-27T01:35:17,0.23
5,140-164,1769449217,2026-01-27T01:40:17,0.22
5,140-164,1769449542,2026-01-27T01:45:42,0.22
5,140-164,1769449817,2026-01-27T01:50:17,0.22
5,140-164,1769450117,2026-01-27T01:55:17,0.22
5,140-164,1769450436,2026-01-27T02:00:36,0.22
5,140-164,1769450717,2026-01-27T02:05:17,0.22
5,140-164,1769451017,2026-01-27T02:10:17,0.22
5,140-164,1769451322,2026-01-27T02:15:22,0.225
5,140-164,1769451618,2026-01-27T02:20:18,0.215
5,140-164,1769451922,2026-01-27T02:25:22,0.215
5,140-164,1769452224,2026-01-27T02:30:24,0.215
5,140-164,1769452517,2026-01-27T02:35:17,0.215
5,140-164,1769452844,2026-01-27T02:40:44,0.215
5,140-164,1769453117,2026-01-27T02:45:17,0.215
5,140-164,1769453418,2026-01-27T02:50:18,0.215
5,140-164,1769453717,2026-01-27T02:55:17,0.215
5,140-164,1769454024,2026-01-27T03:00:24,0.215
5,140-164,1769454317,2026-01-27T03:05:17,0.215
5,140-164,1769454623,2026-01-27T03:10:23,0.215
5,140-164,1769454918,2026-01-27T03:15:18,0.215
5,140-164,1769455217,2026-01-27T03:20:17,0.215
5,140-164,1769455517,2026-01-27T03:25:17,0.215
5,140-164,1769455824,2026-01-27T03:30:24,0.215
5,140-164,1769456122,2026-01-27T03:35:22,0.215
5,140-164,1769456417,2026-01-27T03:40:17,0.215
5,140-164,1769456718,2026-01-27T03:45:18,0.215
5,140-164,1769457019,2026-01-27T03:50:19,0.215
5,140-164,1769457317,2026-01-27T03:55:17,0.215
5,140-164,1769457630,2026-01-27T04:00:30,0.215
5,140-164,1769457917,2026-01-27T04:05:17,0.2
5,140-164,1769458219,2026-01-27T04:10:19,0.2
5,140-164,1769458517,2026-01-27T04:15:17,0.2
5,140-164,1769458818,2026-01-27T04:20:18,0.2
5,140-164,1769459143,2026-01-27T04:25:43,0.2
5,140-164,1769459424,2026-01-27T04:30:24,0.2
5,140-164,1769459716,2026-01-27T04:35:16,0.2
5,140-164,1769460017,2026-01-27T04:40:17,0.2
5,140-164,1769460317,2026-01-27T04:45:17,0.195
5,140-164,1769460617,2026-01-27T04:50:17,0.195
5,140-164,1769460922,2026-01-27T04:55:22,0.195
5,140-164,1769461231,2026-01-27T05:00:31,0.195
5,140-164,1769461517,2026-01-27T05:05:17,0.21
5,140-164,1769461818,2026-01-27T05:10:18,0.2
5,140-164,1769462118,2026-01-27T05:15:18,0.2
5,140-164,1769462418,2026-01-27T05:20:18,0.2
5,140-164,1769462722,2026-01-27T05:25:22,0.2
5,140-164,1769463024,2026-01-27T05:30:24,0.2
5,140-164,1769463318,2026-01-27T05:35:18,0.2
5,140-164,1769463618,2026-01-27T05:40:18,0.2
5,140-164,1769463917,2026-01-27T05:45:17,0.2
5,140-164,1769464222,2026-01-27T05:50:22,0.2
5,140-164,1769464523,2026-01-27T05:55:23,0.2
5,140-164,1769464824,2026-01-27T06:00:24,0.2
5,140-164,1769465118,2026-01-27T06:05:18,0.2
5,140-164,1769465418,2026-01-27T06:10:18,0.2
5,140-164,1769465718,2026-01-27T06:15:18,0.2
5,140-164,1769466044,2026-01-27T06:20:44,0.2
5,140-164,1769466319,2026-01-27T06:25:19,0.2
5,140-164,1769466624,2026-01-27T06:30:24,0.2
5,140-164,1769466917,2026-01-27T06:35:17,0.2
5,140-164,1769467218,2026-01-27T06:40:18,0.2
5,140-164,1769467517,2026-01-27T06:45:17,0.2
5,140-164,1769467823,2026-01-27T06:50:23,0.2
5,140-164,1769468122,2026-01-27T06:55:22,0.2
5,140-164,1769468424,2026-01-27T07:00:24,0.2
5,140-164,1769468717,2026-01-27T07:05:17,0.2
5,140-164,1769469018,2026-01-27T07:10:18,0.2
5,140-164,1769469318,2026-01-27T07:15:18,0.2
5,140-164,1769469623,2026-01-27T07:20:23,0.2
5,140-164,1769469917,2026-01-27T07:25:17,0.2
5,140-164,1769470225,2026-01-27T07:30:25,0.2
5,140-164,1769470517,2026-01-27T07:35:17,0.2
5,140-164,1769470818,2026-01-27T07:40:18,0.2
5,140-164,1769471122,2026-01-27T07:45:22,0.195
5,140-164,1769471423,2026-01-27T07:50:23,0.195
5,140-164,1769471717,2026-01-27T07:55:17,0.195
5,140-164,1769472041,2026-01-27T08:00:41,0.195
5,140-164,1769472316,2026-01-27T08:05:16,0.195
5,140-164,1769472616,2026-01-27T08:10:16,0.19
5,140-164,1769472916,2026-01-27T08:15:16,0.19
5,140-164,1769473216,2026-01-27T08:20:16,0.19
5,140-164,1769473516,2026-01-27T08:25:16,0.19
5,140-164,1769473818,2026-01-27T08:30:18,0.19
5,140-164,1769474116,2026-01-27T08:35:16,0.195
5,140-164,1769474417,2026-01-27T08:40:17,0.2
5,140-164,1769474716,2026-01-27T08:45:16,0.2
5,140-164,1769475017,2026-01-27T08:50:17,0.2
5,140-164,1769475318,2026-01-27T08:55:18,0.2
5,140-164,1769475619,2026-01-27T09:00:19,0.2
5,140-164,1769475916,2026-01-27T09:05:16,0.2
5,140-164,1769476217,2026-01-27T09:10:17,0.19
5,140-164,1769476518,2026-01-27T09:15:18,0.195
5,140-164,1769476817,2026-01-27T09:20:17,0.195
5,140-164,1769477117,2026-01-27T09:25:17,0.195
5,140-164,1769477419,2026-01-27T09:30:19,0.2
5,140-164,1769477717,2026-01-27T09:35:17,0.2
5,140-164,1769478017,2026-01-27T09:40:17,0.2
5,140-164,1769478316,2026-01-27T09:45:16,0.2
5,140-164,1769478617,2026-01-27T09:50:17,0.2
5,140-164,1769478916,2026-01-27T09:55:16,0.2
5,140-164,1769479218,2026-01-27T10:00:18,0.2
5,140-164,1769479518,2026-01-27T10:05:18,0.2
5,140-164,1769479818,2026-01-27T10:10:18,0.2
5,140-164,1769480116,2026-01-27T10:15:16,0.2
5,140-164,1769480417,2026-01-27T10:20:17,0.2
5,140-164,1769480718,2026-01-27T10:25:18,0.205
5,140-164,1769481019,2026-01-27T10:30:19,0.205
5,140-164,1769481316,2026-01-27T10:35:16,0.205
5,140-164,1769481617,2026-01-27T10:40:17,0.205
5,140-164,1769481916,2026-01-27T10:45:16,0.205
5,140-164,1769482217,2026-01-27T10:50:17,0.2
5,140-164,1769482523,2026-01-27T10:55:23,0.2
5,140-164,1769482828,2026-01-27T11:00:28,0.2
5,140-164,1769483116,2026-01-27T11:05:16,0.2
5,140-164,1769483418,2026-01-27T11:10:18,0.2
5,140-164,1769483718,2026-01-27T11:15:18,0.2
5,140-164,1769484018,2026-01-27T11:20:18,0.2
5,140-164,1769484317,2026-01-27T11:25:17,0.195
5,140-164,1769484620,2026-01-27T11:30:20,0.195
5,140-164,1769484919,2026-01-27T11:35:19,0.195
5,140-164,1769485217,2026-01-27T11:40:17,0.195
5,140-164,1769485517,2026-01-27T11:45:17,0.195
5,140-164,1769485817,2026-01-27T11:50:17,0.195
5,140-164,1769486116,2026-01-27T11:55:16,0.195
5,140-164,1769486421,2026-01-27T12:00:21,0.195
5,140-164,1769486717,2026-01-27T12:05:17,0.195
5,140-164,1769487017,2026-01-27T12:10:17,0.195
5,140-164,1769487318,2026-01-27T12:15:18,0.195
5,140-164,1769487619,2026-01-27T12:20:19,0.195
5,140-164,1769487917,2026-01-27T12:25:17,0.195
5,140-164,1769488218,2026-01-27T12:30:18,0.195
5,140-164,1769488517,2026-01-27T12:35:17,0.195
5,140-164,1769488817,2026-01-27T12:40:17,0.195
5,140-164,1769489118,2026-01-27T12:45:18,0.195
5,140-164,1769489420,2026-01-27T12:50:20,0.195
5,140-164,1769489717,2026-01-27T12:55:17,0.195
5,140-164,1769490019,2026-01-27T13:00:19,0.195
5,140-164,1769490328,2026-01-27T13:05:28,0.195
5,140-164,1769490616,2026-01-27T13:10:16,0.195
5,140-164,1769490917,2026-01-27T13:15:17,0.195
5,140-164,1769491216,2026-01-27T13:20:16,0.195
5,140-164,1769491519,2026-01-27T13:25:19,0.195
5,140-164,1769491819,2026-01-27T13:30:19,0.195
5,140-164,1769492116,2026-01-27T13:35:16,0.195
5,140-164,1769492416,2026-01-27T13:40:16,0.195
5,140-164,1769492716,2026-01-27T13:45:16,0.195
5,140-164,1769493019,2026-01-27T13:50:19,0.195
5,140-164,1769493316,2026-01-27T13:55:16,0.19
5,140-164,1769493621,2026-01-27T14:00:21,0.19
5,140-164,1769493917,2026-01-27T14:05:17,0.19
5,140-164,1769494217,2026-01-27T14:10:17,0.19
5,140-164,1769494541,2026-01-27T14:15:41,0.19
5,140-164,1769494817,2026-01-27T14:20:17,0.19
5,140-164,1769495120,2026-01-27T14:25:20,0.19
5,140-164,1769495419,2026-01-27T14:30:19,0.19
5,140-164,1769495741,2026-01-27T14:35:41,0.19
5,140-164,1769496020,2026-01-27T14:40:20,0.19
5,140-164,1769496316,2026-01-27T14:45:16,0.19
5,140-164,1769496619,2026-01-27T14:50:19,0.19
5,140-164,1769496918,2026-01-27T14:55:18,0.19
5,140-164,1769497227,2026-01-27T15:00:27,0.19
5,140-164,1769497519,2026-01-27T15:05:19,0.19
5,140-164,1769497816,2026-01-27T15:10:16,0.19
5,140-164,1769498117,2026-01-27T15:15:17,0.19
5,140-164,1769498416,2026-01-27T15:20:16,0.19
5,140-164,1769498717,2026-01-27T15:25:17,0.19
5,140-164,1769499044,2026-01-27T15:30:44,0.19
5,140-164,1769499317,2026-01-27T15:35:17,0.19
5,140-164,1769499622,2026-01-27T15:40:22,0.19
5,140-164,1769499917,2026-01-27T15:45:17,0.19
5,140-164,1769500220,2026-01-27T15:50:20,0.19
5,140-164,1769500517,2026-01-27T15:55:17,0.19
5,140-164,1769500822,2026-01-27T16:00:22,0.19
5,140-164,1769501118,2026-01-27T16:05:18,0.19
5,140-164,1769501418,2026-01-27T16:10:18,0.19
5,140-164,1769501717,2026-01-27T16:15:17,0.19
5,140-164,1769502029,2026-01-27T16:20:29,0.19
5,140-164,1769502319,2026-01-27T16:25:19,0.19
5,140-164,1769502618,2026-01-27T16:30:18,0.19
5,140-164,1769502917,2026-01-27T16:35:17,0.19
5,140-164,1769503218,2026-01-27T16:40:18,0.19
5,140-164,1769503517,2026-01-27T16:45:17,0.185
5,140-164,1769503820,2026-01-27T16:50:20,0.185
5,140-164,1769504118,2026-01-27T16:55:18,0.18
5,140-164,1769504422,2026-01-27T17:00:22,0.18
5,140-164,1769504716,2026-01-27T17:05:16,0.18
5,140-164,1769505017,2026-01-27T17:10:17,0.18
5,140-164,1769505320,2026-01-27T17:15:20,0.18
5,140-164,1769505617,2026-01-27T17:20:17,0.18
5,140-164,1769505918,2026-01-27T17:25:18,0.18
5,140-164,1769506219,2026-01-27T17:30:19,0.18
5,140-164,1769506518,2026-01-27T17:35:18,0.18
5,140-164,1769506843,2026-01-27T17:40:43,0.17
5,140-164,1769507119,2026-01-27T17:45:19,0.17
5,140-164,1769507418,2026-01-27T17:50:18,0.17
5,140-164,1769507717,2026-01-27T17:55:17,0.17
5,140-164,1769508028,2026-01-27T18:00:28,0.17
5,140-164,1769508317,2026-01-27T18:05:17,0.18
5,140-164,1769508636,2026-01-27T18:10:36,0.18
5,140-164,1769508916,2026-01-27T18:15:16,0.18
5,140-164,1769509220,2026-01-27T18:20:20,0.18
5,140-164,1769509517,2026-01-27T18:25:17,0.18
5,140-164,1769509818,2026-01-27T18:30:18,0.18
5,140-164,1769510117,2026-01-27T18:35:17,0.18
5,140-164,1769510418,2026-01-27T18:40:18,0.18
5,140-164,1769510741,2026-01-27T18:45:41,0.18
5,140-164,1769511017,2026-01-27T18:50:17,0.175
5,140-164,1769511330,2026-01-27T18:55:30,0.175
5,140-164,1769511620,2026-01-27T19:00:20,0.175
5,140-164,1769511917,2026-01-27T19:05:17,0.175
5,140-164,1769512258,2026-01-27T19:10:58,0.175
5,140-164,1769512528,2026-01-27T19:15:28,0.175
5,140-164,1769512817,2026-01-27T19:20:17,0.175
5,140-164,1769513117,2026-01-27T19:25:17,0.175
5,140-164,1769513419,2026-01-27T19:30:19,0.175
5,140-164,1769513730,2026-01-27T19:35:30,0.175
5,140-164,1769514020,2026-01-27T19:40:20,0.175
5,140-164,1769514317,2026-01-27T19:45:17,0.175
5,140-164,1769514617,2026-01-27T19:50:17,0.175
5,140-164,1769514917,2026-01-27T19:55:17,0.175
5,140-164,1769515227,2026-01-27T20:00:27,0.175
5,140-164,1769515558,2026-01-27T20:05:58,0.175
5,140-164,1769515818,2026-01-27T20:10:18,0.175
5,140-164,1769516117,2026-01-27T20:15:17,0.175
5,140-164,1769516418,2026-01-27T20:20:18,0.175
5,140-164,1769516718,2026-01-27T20:25:18,0.175
5,140-164,1769517020,2026-01-27T20:30:20,0.175
5,140-164,1769517321,2026-01-27T20:35:21,0.175
5,140-164,1769517629,2026-01-27T20:40:29,0.175
5,140-164,1769517918,2026-01-27T20:45:18,0.175
5,140-164,1769518240,2026-01-27T20:50:40,0.175
5,140-164,1769518518,2026-01-27T20:55:18,0.175
5,140-164,1769518833,2026-01-27T21:00:33,0.175
5,140-164,1769519117,2026-01-27T21:05:17,0.175
5,140-164,1769519417,2026-01-27T21:10:17,0.175
5,140-164,1769519718,2026-01-27T21:15:18,0.175
5,140-164,1769520022,2026-01-27T21:20:22,0.175
5,140-164,1769520318,2026-01-27T21:25:18,0.175
5,140-164,1769520619,2026-01-27T21:30:19,0.155
5,140-164,1769520917,2026-01-27T21:35:17,0.16
5,140-164,1769521217,2026-01-27T21:40:17,0.165
5,140-164,1769521524,2026-01-27T21:45:24,0.175
5,140-164,1769521822,2026-01-27T21:50:22,0.175
5,140-164,1769522119,2026-01-27T21:55:19,0.175
5,140-164,1769522420,2026-01-27T22:00:20,0.175
5,140-164,1769522718,2026-01-27T22:05:18,0.175
5,140-164,1769523017,2026-01-27T22:10:17,0.175
5,140-164,1769523321,2026-01-27T22:15:21,0.175
5,140-164,1769523619,2026-01-27T22:20:19,0.175
5,140-164,1769523918,2026-01-27T22:25:18,0.175
5,140-164,1769524219,2026-01-27T22:30:19,0.175
5,140-164,1769524518,2026-01-27T22:35:18,0.175
5,140-164,1769524822,2026-01-27T22:40:22,0.175
5,140-164,1769525118,2026-01-27T22:45:18,0.175
5,140-164,1769525418,2026-01-27T22:50:18,0.175
5,140-164,1769525719,2026-01-27T22:55:19,0.175
5,140-164,1769526022,2026-01-27T23:00:22,0.175
5,140-164,1769526342,2026-01-27T23:05:42,0.175
5,140-164,1769526622,2026-01-27T23:10:22,0.175
5,140-164,1769526917,2026-01-27T23:15:17,0.175
5,140-164,1769527217,2026-01-27T23:20:17,0.175
5,140-164,1769527518,2026-01-27T23:25:18,0.175
5,140-164,1769527820,2026-01-27T23:30:20,0.175
5,140-164,1769528143,2026-01-27T23:35:43,0.175
5,140-164,1769528418,2026-01-27T23:40:18,0.175
5,140-164,1769528717,2026-01-27T23:45:17,0.175
5,140-164,1769529017,2026-01-27T23:50:17,0.175
5,140-164,1769529317,2026-01-27T23:55:17,0.175
5,140-164,1769529620,2026-01-28T00:00:20,0.175
5,140-164,1769529922,2026-01-28T00:05:22,0.175
5,140-164,1769530218,2026-01-28T00:10:18,0.175
5,140-164,1769530517,2026-01-28T00:15:17,0.175
5,140-164,1769530817,2026-01-28T00:20:17,0.175
5,140-164,1769531122,2026-01-28T00:25:22,0.175
5,140-164,1769531419,2026-01-28T00:30:19,0.175
5,140-164,1769531716,2026-01-28T00:35:16,0.175
5,140-164,1769532016,2026-01-28T00:40:16,0.175
5,140-164,1769532317,2026-01-28T00:45:17,0.175
5,140-164,1769532621,2026-01-28T00:50:21,0.175
5,140-164,1769532917,2026-01-28T00:55:17,0.175
5,140-164,1769533220,2026-01-28T01:00:20,0.175
5,140-164,1769533522,2026-01-28T01:05:22,0.175
5,140-164,1769533818,2026-01-28T01:10:18,0.175
5,140-164,1769534117,2026-01-28T01:15:17,0.175
5,140-164,1769534418,2026-01-28T01:20:18,0.175
5,140-164,1769534722,2026-01-28T01:25:22,0.175
5,140-164,1769535045,2026-01-28T01:30:45,0.175
5,140-164,1769535319,2026-01-28T01:35:19,0.175
5,140-164,1769535618,2026-01-28T01:40:18,0.175
5,140-164,1769535917,2026-01-28T01:45:17,0.175
5,140-164,1769536222,2026-01-28T01:50:22,0.175
5,140-164,1769536517,2026-01-28T01:55:17,0.175
5,140-164,1769536823,2026-01-28T02:00:23,0.175
5,140-164,1769537117,2026-01-28T02:05:17,0.175
5,140-164,1769537418,2026-01-28T02:10:18,0.175
5,140-164,1769537722,2026-01-28T02:15:22,0.17
5,140-164,1769538018,2026-01-28T02:20:18,0.16
5,140-164,1769538318,2026-01-28T02:25:18,0.16
5,140-164,1769538620,2026-01-28T02:30:20,0.16
5,140-164,1769538917,2026-01-28T02:35:17,0.16
5,140-164,1769539245,2026-01-28T02:40:45,0.16
5,140-164,1769539517,2026-01-28T02:45:17,0.16
5,140-164,1769539818,2026-01-28T02:50:18,0.16
5,140-164,1769540117,2026-01-28T02:55:17,0.16
5,140-164,1769540421,2026-01-28T03:00:21,0.16
5,140-164,1769540723,2026-01-28T03:05:23,0.16
5,140-164,1769541019,2026-01-28T03:10:19,0.16
5,140-164,1769541319,2026-01-28T03:15:19,0.16
5,140-164,1769541617,2026-01-28T03:20:17,0.16
5,140-164,1769541918,2026-01-28T03:25:18,0.16
5,140-164,1769542225,2026-01-28T03:30:25,0.16
5,140-164,1769542518,2026-01-28T03:35:18,0.16
5,140-164,1769542818,2026-01-28T03:40:18,0.16
5,140-164,1769543118,2026-01-28T03:45:18,0.155
5,140-164,1769543417,2026-01-28T03:50:17,0.155
5,140-164,1769543723,2026-01-28T03:55:23,0.155
5,140-164,1769544020,2026-01-28T04:00:20,0.155
5,140-164,1769544342,2026-01-28T04:05:42,0.155
5,140-164,1769544618,2026-01-28T04:10:18,0.155
5,140-164,1769544917,2026-01-28T04:15:17,0.155
5,140-164,1769545217,2026-01-28T04:20:17,0.155
5,140-164,1769545517,2026-01-28T04:25:17,0.155
5,140-164,1769545820,2026-01-28T04:30:20,0.155
5,140-164,1769546122,2026-01-28T04:35:22,0.155
5,140-164,1769546417,2026-01-28T04:40:17,0.155
5,140-164,1769546717,2026-01-28T04:45:17,0.155
5,140-164,1769547023,2026-01-28T04:50:23,0.155
5,140-164,1769547317,2026-01-28T04:55:17,0.155
5,140-164,1769547623,2026-01-28T05:00:23,0.155
5,140-164,1769547917,2026-01-28T05:05:17,0.155
5,140-164,1769548217,2026-01-28T05:10:17,0.155
5,140-164,1769548522,2026-01-28T05:15:22,0.155
5,140-164,1769548817,2026-01-28T05:20:17,0.155
5,140-164,1769549117,2026-01-28T05:25:17,0.155
5,140-164,1769549420,2026-01-28T05:30:20,0.155
5,140-164,1769549718,2026-01-28T05:35:18,0.155
5,140-164,1769550022,2026-01-28T05:40:22,0.155
5,140-164,1769550317,2026-01-28T05:45:17,0.155
5,140-164,1769550622,2026-01-28T05:50:22,0.155
5,140-164,1769550918,2026-01-28T05:55:18,0.155
5,140-164,1769551220,2026-01-28T06:00:20,0.155
5,140-164,1769551517,2026-01-28T06:05:17,0.155
5,140-164,1769551818,2026-01-28T06:10:18,0.155
5,140-164,1769552123,2026-01-28T06:15:23,0.155
5,140-164,1769552417,2026-01-28T06:20:17,0.155
5,140-164,1769552717,2026-01-28T06:25:17,0.155
5,140-164,1769553021,2026-01-28T06:30:21,0.155
5,140-164,1769553317,2026-01-28T06:35:17,0.155
5,140-164,1769553643,2026-01-28T06:40:43,0.155
5,140-164,1769553918,2026-01-28T06:45:18,0.155
5,140-164,1769554217,2026-01-28T06:50:17,0.155
5,140-164,1769554517,2026-01-28T06:55:17,0.155
5,140-164,1769554821,2026-01-28T07:00:21,0.155
5,140-164,1769555117,2026-01-28T07:05:17,0.155
5,140-164,1769555422,2026-01-28T07:10:22,0.155
5,140-164,1769555723,2026-01-28T07:15:23,0.155
5,140-164,1769556017,2026-01-28T07:20:17,0.155
5,140-164,1769556318,2026-01-28T07:25:18,0.155
5,140-164,1769556622,2026-01-28T07:30:22,0.155
5,140-164,1769556917,2026-01-28T07:35:17,0.155
5,140-164,1769557224,2026-01-28T07:40:24,0.155
5,140-164,1769557517,2026-01-28T07:45:17,0.155
5,140-164,1769557817,2026-01-28T07:50:17,0.155
5,140-164,1769558118,2026-01-28T07:55:18,0.155
5,140-164,1769558429,2026-01-28T08:00:29,0.155
5,140-164,1769558735,2026-01-28T08:05:35,0.155
5,140-164,1769559023,2026-01-28T08:10:23,0.155
5,140-164,1769559317,2026-01-28T08:15:17,0.155
5,140-164,1769559617,2026-01-28T08:20:17,0.155
5,140-164,1769559918,2026-01-28T08:25:18,0.155
5,140-164,1769560219,2026-01-28T08:30:19,0.155
5,140-164,1769560522,2026-01-28T08:35:22,0.155
5,140-164,1769560817,2026-01-28T08:40:17,0.155
5,140-164,1769561117,2026-01-28T08:45:17,0.155
5,140-164,1769561417,2026-01-28T08:50:17,0.155
5,140-164,1769561717,2026-01-28T08:55:17,0.155
5,140-164,1769562039,2026-01-28T09:00:39,0.155
5,140-164,1769562317,2026-01-28T09:05:17,0.155
5,140-164,1769562619,2026-01-28T09:10:19,0.155
5,140-164,1769562937,2026-01-28T09:15:37,0.155
5,140-164,1769563218,2026-01-28T09:20:18,0.155
5,140-164,1769563518,2026-01-28T09:25:18,0.155
5,140-164,1769563819,2026-01-28T09:30:19,0.155
5,140-164,1769564116,2026-01-28T09:35:16,0.155
5,140-164,1769564418,2026-01-28T09:40:18,0.155
5,140-164,1769564722,2026-01-28T09:45:22,0.155
5,140-164,1769565017,2026-01-28T09:50:17,0.155
5,140-164,1769565318,2026-01-28T09:55:18,0.155
5,140-164,1769565626,2026-01-28T10:00:26,0.155
5,140-164,1769565918,2026-01-28T10:05:18,0.155
5,140-164,1769566218,2026-01-28T10:10:18,0.155
5,140-164,1769566518,2026-01-28T10:15:18,0.155
5,140-164,1769566817,2026-01-28T10:20:17,0.155
5,140-164,1769567123,2026-01-28T10:25:23,0.155
5,140-164,1769567421,2026-01-28T10:30:21,0.155
5,140-164,1769567719,2026-01-28T10:35:19,0.155
5,140-164,1769568017,2026-01-28T10:40:17,0.155
5,140-164,1769568319,2026-01-28T10:45:19,0.155
5,140-164,1769568622,2026-01-28T10:50:22,0.15
5,140-164,1769568917,2026-01-28T10:55:17,0.15
5,140-164,1769569227,2026-01-28T11:00:27,0.145
5,140-164,1769569517,2026-01-28T11:05:17,0.145
5,140-164,1769569818,2026-01-28T11:10:18,0.145
5,140-164,1769570118,2026-01-28T11:15:18,0.145
5,140-164,1769570415,2026-01-28T11:20:15,0.145
5,140-164,1769570436,2026-01-28T11:20:36,0.145
5,140-164,1769570722,2026-01-28T11:25:22,0.145
5,140-164,1769571021,2026-01-28T11:30:21,0.145
5,140-164,1769571317,2026-01-28T11:35:17,0.145
5,140-164,1769571618,2026-01-28T11:40:18,0.145
5,140-164,1769571918,2026-01-28T11:45:18,0.145
5,140-164,1769572223,2026-01-28T11:50:23,0.145
5,140-164,1769572517,2026-01-28T11:55:17,0.145
5,140-164,1769572848,2026-01-28T12:00:48,0.145
5,140-164,1769573118,2026-01-28T12:05:18,0.145
5,140-164,1769573417,2026-01-28T12:10:17,0.145
5,140-164,1769573717,2026-01-28T12:15:17,0.145
5,140-164,1769574017,2026-01-28T12:20:17,0.145
5,140-164,1769574323,2026-01-28T12:25:23,0.145
5,140-164,1769574624,2026-01-28T12:30:24,0.145
5,140-164,1769574916,2026-01-28T12:35:16,0.145
5,140-164,1769575217,2026-01-28T12:40:17,0.145
5,140-164,1769575518,2026-01-28T12:45:18,0.15
5,140-164,1769575823,2026-01-28T12:50:23,0.15
5,140-164,1769576118,2026-01-28T12:55:18,0.15
5,140-164,1769576421,2026-01-28T13:00:21,0.15
5,140-164,1769576717,2026-01-28T13:05:17,0.15
5,140-164,1769577017,2026-01-28T13:10:17,0.15
5,140-164,1769577323,2026-01-28T13:15:23,0.15
5,140-164,1769577643,2026-01-28T13:20:43,0.15
5,140-164,1769577917,2026-01-28T13:25:17,0.15
5,140-164,1769578220,2026-01-28T13:30:20,0.15
5,140-164,1769578518,2026-01-28T13:35:18,0.145
5,140-164,1769578817,2026-01-28T13:40:17,0.145
5,140-164,1769579131,2026-01-28T13:45:31,0.145
5,140-164,1769579422,2026-01-28T13:50:22,0.145
5,140-164,1769579718,2026-01-28T13:55:18,0.145
5,140-164,1769580022,2026-01-28T14:00:22,0.145
5,140-164,1769580317,2026-01-28T14:05:17,0.145
5,140-164,1769580618,2026-01-28T14:10:18,0.145
5,140-164,1769580922,2026-01-28T14:15:22,0.145
5,140-164,1769581219,2026-01-28T14:20:19,0.145
5,140-164,1769581518,2026-01-28T14:25:18,0.145
5,140-164,1769581822,2026-01-28T14:30:22,0.145
5,140-164,1769582146,2026-01-28T14:35:46,0.145
5,140-164,1769582418,2026-01-28T14:40:18,0.145
5,140-164,1769582723,2026-01-28T14:45:23,0.145
5,140-164,1769583017,2026-01-28T14:50:17,0.145
5,140-164,1769583317,2026-01-28T14:55:17,0.145
5,140-164,1769583622,2026-01-28T15:00:22,0.145
5,140-164,1769583917,2026-01-28T15:05:17,0.145
5,140-164,1769584222,2026-01-28T15:10:22,0.145
5,140-164,1769584518,2026-01-28T15:15:18,0.145
5,140-164,1769584818,2026-01-28T15:20:18,0.145
5,140-164,1769585118,2026-01-28T15:25:18,0.145
5,140-164,1769585421,2026-01-28T15:30:21,0.145
5,140-164,1769585743,2026-01-28T15:35:43,0.145
5,140-164,1769586023,2026-01-28T15:40:23,0.145
5,140-164,1769586317,2026-01-28T15:45:17,0.145
5,140-164,1769586619,2026-01-28T15:50:19,0.145
5,140-164,1769586917,2026-01-28T15:55:17,0.145
5,140-164,1769587221,2026-01-28T16:00:21,0.145
5,140-164,1769587523,2026-01-28T16:05:23,0.145
5,140-164,1769587820,2026-01-28T16:10:20,0.145
5,140-164,1769588117,2026-01-28T16:15:17,0.145
5,140-164,1769588418,2026-01-28T16:20:18,0.145
5,140-164,1769588718,2026-01-28T16:25:18,0.145
5,140-164,1769589046,2026-01-28T16:30:46,0.145
5,140-164,1769589317,2026-01-28T16:35:17,0.145
5,140-164,1769589618,2026-01-28T16:40:18,0.145
5,140-164,1769589918,2026-01-28T16:45:18,0.145
5,140-164,1769590216,2026-01-28T16:50:16,0.145
5,140-164,1769590517,2026-01-28T16:55:17,0.145
5,140-164,1769590829,2026-01-28T17:00:29,0.145
5,140-164,1769591117,2026-01-28T17:05:17,0.145
5,140-164,1769591422,2026-01-28T17:10:22,0.145
5,140-164,1769591717,2026-01-28T17:15:17,0.14
5,140-164,1769592017,2026-01-28T17:20:17,0.14
5,140-164,1769592317,2026-01-28T17:25:17,0.14
5,140-164,1769592622,2026-01-28T17:30:22,0.14
5,140-164,1769592923,2026-01-28T17:35:23,0.14
5,140-164,1769593217,2026-01-28T17:40:17,0.14
5,140-164,1769593517,2026-01-28T17:45:17,0.14
5,140-164,1769593818,2026-01-28T17:50:18,0.14
5,140-164,1769594118,2026-01-28T17:55:18,0.14
5,140-164,1769594453,2026-01-28T18:00:53,0.14
5,140-164,1769594718,2026-01-28T18:05:18,0.14
5,140-164,1769595019,2026-01-28T18:10:19,0.14
5,140-164,1769595318,2026-01-28T18:15:18,0.14
5,140-164,1769595617,2026-01-28T18:20:17,0.14
5,140-164,1769595917,2026-01-28T18:25:17,0.14
5,140-164,1769596226,2026-01-28T18:30:26,0.14
5,140-164,1769596517,2026-01-28T18:35:17,0.14
5,140-164,1769596818,2026-01-28T18:40:18,0.14
5,140-164,1769597118,2026-01-28T18:45:18,0.14
5,140-164,1769597417,2026-01-28T18:50:17,0.14
5,140-164,1769597723,2026-01-28T18:55:23,0.14
5,140-164,1769598021,2026-01-28T19:00:21,0.14
5,140-164,1769598319,2026-01-28T19:05:19,0.14
5,140-164,1769598618,2026-01-28T19:10:18,0.14
5,140-164,1769598918,2026-01-28T19:15:18,0.14
5,140-164,1769599223,2026-01-28T19:20:23,0.14
5,140-164,1769599517,2026-01-28T19:25:17,0.14
5,140-164,1769599821,2026-01-28T19:30:21,0.14
5,140-164,1769600117,2026-01-28T19:35:17,0.14
5,140-164,1769600420,2026-01-28T19:40:20,0.14
5,140-164,1769600747,2026-01-28T19:45:47,0.14
5,140-164,1769601019,2026-01-28T19:50:19,0.14
5,140-164,1769601318,2026-01-28T19:55:18,0.14
5,140-164,1769601631,2026-01-28T20:00:31,0.14
5,140-164,1769601917,2026-01-28T20:05:17,0.14
5,140-164,1769602218,2026-01-28T20:10:18,0.14
5,140-164,1769602528,2026-01-28T20:15:28,0.14
5,140-164,1769602822,2026-01-28T20:20:22,0.14
5,140-164,1769603118,2026-01-28T20:25:18,0.14
5,140-164,1769603421,2026-01-28T20:30:21,0.14
5,140-164,1769603722,2026-01-28T20:35:22,0.14
5,140-164,1769604018,2026-01-28T20:40:18,0.14
5,140-164,1769604318,2026-01-28T20:45:18,0.145
5,140-164,1769604617,2026-01-28T20:50:17,0.145
5,140-164,1769604918,2026-01-28T20:55:18,0.145
5,140-164,1769605247,2026-01-28T21:00:47,0.145
5,140-164,1769605517,2026-01-28T21:05:17,0.145
5,140-164,1769605818,2026-01-28T21:10:18,0.145
5,140-164,1769606118,2026-01-28T21:15:18,0.145
5,140-164,1769606444,2026-01-28T21:20:44,0.145
5,140-164,1769606718,2026-01-28T21:25:18,0.145
5,140-164,1769607021,2026-01-28T21:30:21,0.145
5,140-164,1769607317,2026-01-28T21:35:17,0.145
5,140-164,1769607617,2026-01-28T21:40:17,0.145
5,140-164,1769607931,2026-01-28T21:45:31,0.145
5,140-164,1769608223,2026-01-28T21:50:23,0.145
5,140-164,1769608519,2026-01-28T21:55:19,0.145
5,140-164,1769608821,2026-01-28T22:00:21,0.145
5,140-164,1769609117,2026-01-28T22:05:17,0.145
5,140-164,1769609418,2026-01-28T22:10:18,0.145
5,140-164,1769609724,2026-01-28T22:15:24,0.145
5,140-164,1769610048,2026-01-28T22:20:48,0.145
5,140-164,1769610319,2026-01-28T22:25:19,0.145
5,140-164,1769610622,2026-01-28T22:30:22,0.145
5,140-164,1769610919,2026-01-28T22:35:19,0.145
5,140-164,1769611218,2026-01-28T22:40:18,0.145
5,140-164,1769611518,2026-01-28T22:45:18,0.145
5,140-164,1769611823,2026-01-28T22:50:23,0.145
5,140-164,1769612121,2026-01-28T22:55:21,0.145
5,140-164,1769612424,2026-01-28T23:00:24,0.145
5,140-164,1769612718,2026-01-28T23:05:18,0.145
5,140-164,1769613019,2026-01-28T23:10:19,0.14
5,140-164,1769613322,2026-01-28T23:15:22,0.14
5,140-164,1769613629,2026-01-28T23:20:29,0.14
5,140-164,1769613922,2026-01-28T23:25:22,0.14
5,140-164,1769614223,2026-01-28T23:30:23,0.14
5,140-164,1769614517,2026-01-28T23:35:17,0.14
5,140-164,1769614818,2026-01-28T23:40:18,0.14
5,140-164,1769615118,2026-01-28T23:45:18,0.14
5,140-164,1769615422,2026-01-28T23:50:22,0.14
5,140-164,1769615718,2026-01-28T23:55:18,0.14
5,140-164,1769616022,2026-01-29T00:00:22,0.14
5,140-164,1769616319,2026-01-29T00:05:19,0.135
5,140-164,1769616618,2026-01-29T00:10:18,0.135
5,140-164,1769616922,2026-01-29T00:15:22,0.125
5,140-164,1769617222,2026-01-29T00:20:22,0.125
5,140-164,1769617518,2026-01-29T00:25:18,0.125
5,140-164,1769617822,2026-01-29T00:30:22,0.125
5,140-164,1769618120,2026-01-29T00:35:20,0.125
5,140-164,1769618420,2026-01-29T00:40:20,0.135
5,140-164,1769618723,2026-01-29T00:45:23,0.13
5,140-164,1769619018,2026-01-29T00:50:18,0.125
5,140-164,1769619318,2026-01-29T00:55:18,0.125
5,140-164,1769619626,2026-01-29T01:00:26,0.125
5,140-164,1769619919,2026-01-29T01:05:19,0.13
5,140-164,1769620237,2026-01-29T01:10:37,0.13
5,140-164,1769620518,2026-01-29T01:15:18,0.13
5,140-164,1769620818,2026-01-29T01:20:18,0.13
5,140-164,1769621120,2026-01-29T01:25:20,0.14
5,140-164,1769621422,2026-01-29T01:30:22,0.14
5,140-164,1769621724,2026-01-29T01:35:24,0.14
5,140-164,1769622018,2026-01-29T01:40:18,0.135
5,140-164,1769622319,2026-01-29T01:45:19,0.135
5,140-164,1769622618,2026-01-29T01:50:18,0.135
5,140-164,1769622918,2026-01-29T01:55:18,0.135
5,140-164,1769623252,2026-01-29T02:00:52,0.135
5,140-164,1769623523,2026-01-29T02:05:23,0.14
5,140-164,1769623818,2026-01-29T02:10:18,0.14
5,140-164,1769624118,2026-01-29T02:15:18,0.14
5,140-164,1769624418,2026-01-29T02:20:18,0.14
5,140-164,1769624718,2026-01-29T02:25:18,0.14
5,140-164,1769625027,2026-01-29T02:30:27,0.14
5,140-164,1769625318,2026-01-29T02:35:18,0.145
5,140-164,1769625618,2026-01-29T02:40:18,0.14
5,140-164,1769625917,2026-01-29T02:45:17,0.145
5,140-164,1769626218,2026-01-29T02:50:18,0.14
5,140-164,1769626548,2026-01-29T02:55:48,0.145
5,140-164,1769626823,2026-01-29T03:00:23,0.145
5,140-164,1769627118,2026-01-29T03:05:18,0.145
5,140-164,1769627419,2026-01-29T03:10:19,0.145
5,140-164,1769627719,2026-01-29T03:15:19,0.145
5,140-164,1769628018,2026-01-29T03:20:18,0.145
5,140-164,1769628325,2026-01-29T03:25:25,0.145
5,140-164,1769628622,2026-01-29T03:30:22,0.145
5,140-164,1769628918,2026-01-29T03:35:18,0.145
5,140-164,1769629218,2026-01-29T03:40:18,0.145
5,140-164,1769629518,2026-01-29T03:45:18,0.145
5,140-164,1769629828,2026-01-29T03:50:28,0.145
5,140-164,1769630117,2026-01-29T03:55:17,0.145
5,140-164,1769630429,2026-01-29T04:00:29,0.135
5,140-164,1769630718,2026-01-29T04:05:18,0.135
5,140-164,1769631018,2026-01-29T04:10:18,0.135
5,140-164,1769631318,2026-01-29T04:15:18,0.135
5,140-164,1769631619,2026-01-29T04:20:19,0.135
5,140-164,1769631923,2026-01-29T04:25:23,0.135
5,140-164,1769632222,2026-01-29T04:30:22,0.135
5,140-164,1769632518,2026-01-29T04:35:18,0.135
5,140-164,1769632818,2026-01-29T04:40:18,0.135
5,140-164,1769633118,2026-01-29T04:45:18,0.135
5,140-164,1769633423,2026-01-29T04:50:23,0.135
5,140-164,1769633718,2026-01-29T04:55:18,0.135
5,140-164,1769634024,2026-01-29T05:00:24,0.135
5,140-164,1769634317,2026-01-29T05:05:17,0.135
5,140-164,1769634618,2026-01-29T05:10:18,0.145
5,140-164,1769634923,2026-01-29T05:15:23,0.135
5,140-164,1769635223,2026-01-29T05:20:23,0.135
5,140-164,1769635517,2026-01-29T05:25:17,0.135
5,140-164,1769635822,2026-01-29T05:30:22,0.135
5,140-164,1769636118,2026-01-29T05:35:18,0.135
5,140-164,1769636419,2026-01-29T05:40:19,0.135
5,140-164,1769636747,2026-01-29T05:45:47,0.135
5,140-164,1769637018,2026-01-29T05:50:18,0.135
5,140-164,1769637319,2026-01-29T05:55:19,0.135
5,140-164,1769637623,2026-01-29T06:00:23,0.135
5,140-164,1769637946,2026-01-29T06:05:46,0.135
5,140-164,1769638219,2026-01-29T06:10:19,0.135
5,140-164,1769638519,2026-01-29T06:15:19,0.135
5,140-164,1769638819,2026-01-29T06:20:19,0.13
5,140-164,1769639119,2026-01-29T06:25:19,0.13
5,140-164,1769639424,2026-01-29T06:30:24,0.125
5,140-164,1769639724,2026-01-29T06:35:24,0.125
5,140-164,1769640019,2026-01-29T06:40:19,0.125
5,140-164,1769640319,2026-01-29T06:45:19,0.125
5,140-164,1769640624,2026-01-29T06:50:24,0.125
5,140-164,1769640919,2026-01-29T06:55:19,0.125
5,140-164,1769641223,2026-01-29T07:00:23,0.125
5,140-164,1769641519,2026-01-29T07:05:19,0.125
5,140-164,1769641819,2026-01-29T07:10:19,0.125
5,140-164,1769642148,2026-01-29T07:15:48,0.125
5,140-164,1769642418,2026-01-29T07:20:18,0.125
5,140-164,1769642718,2026-01-29T07:25:18,0.125
5,140-164,1769643023,2026-01-29T07:30:23,0.12
5,140-164,1769643318,2026-01-29T07:35:18,0.12
5,140-164,1769643619,2026-01-29T07:40:19,0.12
5,140-164,1769643923,2026-01-29T07:45:23,0.12
5,140-164,1769644220,2026-01-29T07:50:20,0.12
5,140-164,1769644523,2026-01-29T07:55:23,0.12
5,140-164,1769644845,2026-01-29T08:00:45,0.12
5,140-164,1769645118,2026-01-29T08:05:18,0.12
5,140-164,1769645417,2026-01-29T08:10:17,0.115
5,140-164,1769645717,2026-01-29T08:15:17,0.115
5,140-164,1769646017,2026-01-29T08:20:17,0.11
5,140-164,1769646318,2026-01-29T08:25:18,0.11
5,140-164,1769646622,2026-01-29T08:30:22,0.11
5,140-164,1769646918,2026-01-29T08:35:18,0.11
5,140-164,1769647218,2026-01-29T08:40:18,0.11
5,140-164,1769647518,2026-01-29T08:45:18,0.11
5,140-164,1769647819,2026-01-29T08:50:19,0.11
5,140-164,1769648117,2026-01-29T08:55:17,0.11
5,140-164,1769648422,2026-01-29T09:00:22,0.11
5,140-164,1769648719,2026-01-29T09:05:19,0.11
5,140-164,1769649018,2026-01-29T09:10:18,0.11
5,140-164,1769649318,2026-01-29T09:15:18,0.11
5,140-164,1769649619,2026-01-29T09:20:19,0.115
5,140-164,1769649918,2026-01-29T09:25:18,0.115
5,140-164,1769650223,2026-01-29T09:30:23,0.115
5,140-164,1769650529,2026-01-29T09:35:29,0.11
5,140-164,1769650818,2026-01-29T09:40:18,0.11
5,140-164,1769651117,2026-01-29T09:45:17,0.11
5,140-164,1769651417,2026-01-29T09:50:17,0.11
5,140-164,1769651718,2026-01-29T09:55:18,0.11
5,140-164,1769652023,2026-01-29T10:00:23,0.11
5,140-164,1769652317,2026-01-29T10:05:17,0.11
5,140-164,1769652619,2026-01-29T10:10:19,0.11
5,140-164,1769652918,2026-01-29T10:15:18,0.11
5,140-164,1769653218,2026-01-29T10:20:18,0.11
5,140-164,1769653536,2026-01-29T10:25:36,0.11
5,140-164,1769653824,2026-01-29T10:30:24,0.11
5,140-164,1769654120,2026-01-29T10:35:20,0.105
5,140-164,1769654418,2026-01-29T10:40:18,0.105
5,140-164,1769654718,2026-01-29T10:45:18,0.105
5,140-164,1769655019,2026-01-29T10:50:19,0.1
5,140-164,1769655319,2026-01-29T10:55:19,0.1
5,140-164,1769655627,2026-01-29T11:00:27,0.1
5,140-164,1769655934,2026-01-29T11:05:34,0.1
5,140-164,1769656219,2026-01-29T11:10:19,0.1
5,140-164,1769656518,2026-01-29T11:15:18,0.1
5,140-164,1769656819,2026-01-29T11:20:19,0.1
5,140-164,1769657118,2026-01-29T11:25:18,0.105
5,140-164,1769657423,2026-01-29T11:30:23,0.105
5,140-164,1769657718,2026-01-29T11:35:18,0.11
5,140-164,1769658019,2026-01-29T11:40:19,0.11
5,140-164,1769658320,2026-01-29T11:45:20,0.105
5,140-164,1769658619,2026-01-29T11:50:19,0.105
5,140-164,1769658919,2026-01-29T11:55:19,0.1
5,140-164,1769659224,2026-01-29T12:00:24,0.095
5,140-164,1769659518,2026-01-29T12:05:18,0.095
5,140-164,1769659821,2026-01-29T12:10:21,0.095
5,140-164,1769660120,2026-01-29T12:15:20,0.095
5,140-164,1769660419,2026-01-29T12:20:19,0.095
5,140-164,1769660750,2026-01-29T12:25:50,0.095
5,140-164,1769661024,2026-01-29T12:30:24,0.095
5,140-164,1769661319,2026-01-29T12:35:19,0.095
5,140-164,1769661620,2026-01-29T12:40:20,0.095
5,140-164,1769661918,2026-01-29T12:45:18,0.1
5,140-164,1769662220,2026-01-29T12:50:20,0.1
5,140-164,1769662518,2026-01-29T12:55:18,0.1
5,140-164,1769662823,2026-01-29T13:00:23,0.1
5,140-164,1769663119,2026-01-29T13:05:19,0.1
5,140-164,1769663418,2026-01-29T13:10:18,0.095
5,140-164,1769663719,2026-01-29T13:15:19,0.1
5,140-164,1769664018,2026-01-29T13:20:18,0.1
5,140-164,1769664320,2026-01-29T13:25:20,0.1
5,140-164,1769664624,2026-01-29T13:30:24,0.1
5,140-164,1769664918,2026-01-29T13:35:18,0.1
5,140-164,1769665218,2026-01-29T13:40:18,0.1
5,140-164,1769665518,2026-01-29T13:45:18,0.1
5,140-164,1769665817,2026-01-29T13:50:17,0.095
5,140-164,1769666142,2026-01-29T13:55:42,0.095
5,140-164,1769666426,2026-01-29T14:00:26,0.095
5,140-164,1769666718,2026-01-29T14:05:18,0.095
5,140-164,1769667019,2026-01-29T14:10:19,0.095
5,140-164,1769667318,2026-01-29T14:15:18,0.095
5,140-164,1769667619,2026-01-29T14:20:19,0.1
5,140-164,1769667921,2026-01-29T14:25:21,0.1
5,140-164,1769668224,2026-01-29T14:30:24,0.1
5,140-164,1769668544,2026-01-29T14:35:44,0.105
5,140-164,1769668821,2026-01-29T14:40:21,0.105
5,140-164,1769669118,2026-01-29T14:45:18,0.105
5,140-164,1769669418,2026-01-29T14:50:18,0.105
5,140-164,1769669718,2026-01-29T14:55:18,0.105
5,140-164,1769670026,2026-01-29T15:00:26,0.1
5,140-164,1769670320,2026-01-29T15:05:20,0.1
5,140-164,1769670618,2026-01-29T15:10:18,0.1
5,140-164,1769670919,2026-01-29T15:15:19,0.095
5,140-164,1769671218,2026-01-29T15:20:18,0.095
5,140-164,1769671518,2026-01-29T15:25:18,0.095
5,140-164,1769671849,2026-01-29T15:30:49,0.095
5,140-164,1769672118,2026-01-29T15:35:18,0.095
5,140-164,1769672431,2026-01-29T15:40:31,0.095
5,140-164,1769672718,2026-01-29T15:45:18,0.095
5,140-164,1769673022,2026-01-29T15:50:22,0.09
5,140-164,1769673318,2026-01-29T15:55:18,0.09
5,140-164,1769673624,2026-01-29T16:00:24,0.09
5,140-164,1769673920,2026-01-29T16:05:20,0.09
5,140-164,1769674218,2026-01-29T16:10:18,0.09
5,140-164,1769674518,2026-01-29T16:15:18,0.09
5,140-164,1769674818,2026-01-29T16:20:18,0.09
5,140-164,1769675118,2026-01-29T16:25:18,0.09
5,140-164,1769675426,2026-01-29T16:30:26,0.085
5,140-164,1769675718,2026-01-29T16:35:18,0.085
5,140-164,1769676045,2026-01-29T16:40:45,0.085
5,140-164,1769676318,2026-01-29T16:45:18,0.085
5,140-164,1769676619,2026-01-29T16:50:19,0.085
5,140-164,1769676918,2026-01-29T16:55:18,0.09
5,140-164,1769677228,2026-01-29T17:00:28,0.09
5,140-164,1769677518,2026-01-29T17:05:18,0.11
5,140-164,1769677821,2026-01-29T17:10:21,0.11
5,140-164,1769678119,2026-01-29T17:15:19,0.11
5,140-164,1769678420,2026-01-29T17:20:20,0.11
5,140-164,1769678718,2026-01-29T17:25:18,0.11
5,140-164,1769679024,2026-01-29T17:30:24,0.11
5,140-164,1769679321,2026-01-29T17:35:21,0.11
5,140-164,1769679619,2026-01-29T17:40:19,0.125
5,140-164,1769679919,2026-01-29T17:45:19,0.125
5,140-164,1769680218,2026-01-29T17:50:18,0.125
5,140-164,1769680519,2026-01-29T17:55:19,0.13
5,140-164,1769680828,2026-01-29T18:00:28,0.13
5,140-164,1769681118,2026-01-29T18:05:18,0.125
5,140-164,1769681419,2026-01-29T18:10:19,0.125
5,140-164,1769681718,2026-01-29T18:15:18,0.135
5,140-164,1769682019,2026-01-29T18:20:19,0.135
5,140-164,1769682322,2026-01-29T18:25:22,0.135
5,140-164,1769682623,2026-01-29T18:30:23,0.135
5,140-164,1769682918,2026-01-29T18:35:18,0.125
5,140-164,1769683219,2026-01-29T18:40:19,0.12
5,140-164,1769683518,2026-01-29T18:45:18,0.13
5,140-164,1769683823,2026-01-29T18:50:23,0.13
5,140-164,1769684118,2026-01-29T18:55:18,0.14
5,140-164,1769684425,2026-01-29T19:00:25,0.14
5,140-164,1769684718,2026-01-29T19:05:18,0.135
5,140-164,1769685019,2026-01-29T19:10:19,0.13
5,140-164,1769685322,2026-01-29T19:15:22,0.13
5,140-164,1769685619,2026-01-29T19:20:19,0.13
5,140-164,1769685919,2026-01-29T19:25:19,0.13
5,140-164,1769686223,2026-01-29T19:30:23,0.13
5,140-164,1769686518,2026-01-29T19:35:18,0.13
5,140-164,1769686823,2026-01-29T19:40:23,0.13
5,140-164,1769687119,2026-01-29T19:45:19,0.13
5,140-164,1769687419,2026-01-29T19:50:19,0.13
5,140-164,1769687748,2026-01-29T19:55:48,0.13
5,140-164,1769688036,2026-01-29T20:00:36,0.13
5,140-164,1769688319,2026-01-29T20:05:19,0.12
5,140-164,1769688619,2026-01-29T20:10:19,0.12
5,140-164,1769688918,2026-01-29T20:15:18,0.12
5,140-164,1769689219,2026-01-29T20:20:19,0.115
5,140-164,1769689523,2026-01-29T20:25:23,0.115
5,140-164,1769689823,2026-01-29T20:30:23,0.115
5,140-164,1769690119,2026-01-29T20:35:19,0.115
5,140-164,1769690420,2026-01-29T20:40:20,0.115
5,140-164,1769690718,2026-01-29T20:45:18,0.115
5,140-164,1769691022,2026-01-29T20:50:22,0.115
5,140-164,1769691320,2026-01-29T20:55:20,0.115
5,140-164,1769691624,2026-01-29T21:00:24,0.115
5,140-164,1769691919,2026-01-29T21:05:19,0.115
5,140-164,1769692219,2026-01-29T21:10:19,0.115
5,140-164,1769692523,2026-01-29T21:15:23,0.115
5,140-164,1769692823,2026-01-29T21:20:23,0.115
5,140-164,1769693120,2026-01-29T21:25:20,0.115
5,140-164,1769693424,2026-01-29T21:30:24,0.12
5,140-164,1769693718,2026-01-29T21:35:18,0.12
5,140-164,1769694019,2026-01-29T21:40:19,0.12
5,140-164,1769694333,2026-01-29T21:45:33,0.12
5,140-164,1769694619,2026-01-29T21:50:19,0.12
5,140-164,1769694923,2026-01-29T21:55:23,0.12
5,140-164,1769695224,2026-01-29T22:00:24,0.12
5,140-164,1769695520,2026-01-29T22:05:20,0.12
5,140-164,1769695849,2026-01-29T22:10:49,0.115
5,140-164,1769696119,2026-01-29T22:15:19,0.11
5,140-164,1769696421,2026-01-29T22:20:21,0.12
5,140-164,1769696719,2026-01-29T22:25:19,0.12
5,140-164,1769697025,2026-01-29T22:30:25,0.105
5,140-164,1769697318,2026-01-29T22:35:18,0.12
5,140-164,1769697624,2026-01-29T22:40:24,0.12
5,140-164,1769697919,2026-01-29T22:45:19,0.12
5,140-164,1769698220,2026-01-29T22:50:20,0.12
5,140-164,1769698519,2026-01-29T22:55:19,0.125
5,140-164,1769698827,2026-01-29T23:00:27,0.115
5,140-164,1769699123,2026-01-29T23:05:23,0.12
5,140-164,1769699419,2026-01-29T23:10:19,0.12
5,140-164,1769699756,2026-01-29T23:15:56,0.12
5,140-164,1769700319,2026-01-29T23:25:19,0.12
5,140-164,1769700628,2026-01-29T23:30:28,0.12
5,140-164,1769700919,2026-01-29T23:35:19,0.12
5,140-164,1769701219,2026-01-29T23:40:19,0.12
5,140-164,1769701518,2026-01-29T23:45:18,0.12
5,140-164,1769702123,2026-01-29T23:55:23,0.12
5,140-164,1769702424,2026-01-30T00:00:24,0.12
5,140-164,1769702719,2026-01-30T00:05:19,0.12
5,140-164,1769703019,2026-01-30T00:10:19,0.12
5,140-164,1769703319,2026-01-30T00:15:19,0.12
5,140-164,1769703649,2026-01-30T00:20:49,0.12
5,140-164,1769703919,2026-01-30T00:25:19,0.12
5,140-164,1769704224,2026-01-30T00:30:24,0.12
5,140-164,1769704520,2026-01-30T00:35:20,0.12
5,140-164,1769704820,2026-01-30T00:40:20,0.12
5,140-164,1769705121,2026-01-30T00:45:21,0.12
5,140-164,1769705424,2026-01-30T00:50:24,0.125
5,140-164,1769705721,2026-01-30T00:55:21,0.13
5,140-164,1769706024,2026-01-30T01:00:24,0.135
5,140-164,1769706320,2026-01-30T01:05:20,0.135
5,140-164,1769706620,2026-01-30T01:10:20,0.125
5,140-164,1769706924,2026-01-30T01:15:24,0.125
5,140-164,1769707219,2026-01-30T01:20:19,0.125
5,140-164,1769707836,2026-01-30T01:30:36,0.14
5,140-164,1769708121,2026-01-30T01:35:21,0.14
5,140-164,1769708419,2026-01-30T01:40:19,0.155
5,140-164,1769708719,2026-01-30T01:45:19,0.15
5,140-164,1769709019,2026-01-30T01:50:19,0.16
5,140-164,1769709324,2026-01-30T01:55:24,0.16
5,140-164,1769709628,2026-01-30T02:00:28,0.16
5,140-164,1769709918,2026-01-30T02:05:18,0.155
5,140-164,1769710220,2026-01-30T02:10:20,0.16
5,140-164,1769710524,2026-01-30T02:15:24,0.16
5,140-164,1769710820,2026-01-30T02:20:20,0.175
5,140-164,1769711119,2026-01-30T02:25:19,0.17
5,140-164,1769711425,2026-01-30T02:30:25,0.19
5,140-164,1769711720,2026-01-30T02:35:20,0.19
5,140-164,1769712049,2026-01-30T02:40:49,0.2
5,140-164,1769712319,2026-01-30T02:45:19,0.215
5,140-164,1769712621,2026-01-30T02:50:21,0.235
5,140-164,1769712920,2026-01-30T02:55:20,0.235
5,140-164,1769713225,2026-01-30T03:00:25,0.23
5,140-164,1769713520,2026-01-30T03:05:20,0.23
5,140-164,1769713825,2026-01-30T03:10:25,0.23
5,140-164,1769714125,2026-01-30T03:15:25,0.23
5,140-164,1769714433,2026-01-30T03:20:33,0.2
5,140-164,1769714720,2026-01-30T03:25:20,0.195
5,140-164,1769715025,2026-01-30T03:30:25,0.195
5,140-164,1769715321,2026-01-30T03:35:21,0.22
5,140-164,1769715624,2026-01-30T03:40:24,0.215
5,140-164,1769715919,2026-01-30T03:45:19,0.185
5,140-164,1769716219,2026-01-30T03:50:19,0.185
5,140-164,1769716519,2026-01-30T03:55:19,0.225
5,140-164,1769716836,2026-01-30T04:00:36,0.215
5,140-164,1769717125,2026-01-30T04:05:25,0.22
5,140-164,1769717419,2026-01-30T04:10:19,0.225
5,140-164,1769717720,2026-01-30T04:15:20,0.235
5,140-164,1769718021,2026-01-30T04:20:21,0.23
5,140-164,1769718319,2026-01-30T04:25:19,0.23
5,140-164,1769718630,2026-01-30T04:30:30,0.22
5,140-164,1769718919,2026-01-30T04:35:19,0.22
5,140-164,1769719219,2026-01-30T04:40:19,0.23
5,140-164,1769719520,2026-01-30T04:45:20,0.235
5,140-164,1769719822,2026-01-30T04:50:22,0.24
5,140-164,1769720429,2026-01-30T05:00:29,0.24
5,140-164,1769720719,2026-01-30T05:05:19,0.245
5,140-164,1769721020,2026-01-30T05:10:20,0.245
5,140-164,1769721319,2026-01-30T05:15:19,0.245
5,140-164,1769721619,2026-01-30T05:20:19,0.25
5,140-164,1769721924,2026-01-30T05:25:24,0.25
5,140-164,1769722226,2026-01-30T05:30:26,0.245
5,140-164,1769722521,2026-01-30T05:35:21,0.23
5,140-164,1769722826,2026-01-30T05:40:26,0.23
5,140-164,1769723120,2026-01-30T05:45:20,0.23
5,140-164,1769723436,2026-01-30T05:50:36,0.23
5,140-164,1769723720,2026-01-30T05:55:20,0.215
5,140-164,1769724026,2026-01-30T06:00:26,0.22
5,140-164,1769724325,2026-01-30T06:05:25,0.22
5,140-164,1769724620,2026-01-30T06:10:20,0.23
5,140-164,1769724921,2026-01-30T06:15:21,0.24
5,140-164,1769725219,2026-01-30T06:20:19,0.24
5,140-164,1769725520,2026-01-30T06:25:20,0.24
5,140-164,1769725831,2026-01-30T06:30:31,0.24
5,140-164,1769726119,2026-01-30T06:35:19,0.24
5,140-164,1769726419,2026-01-30T06:40:19,0.24
5,140-164,1769726719,2026-01-30T06:45:19,0.245
5,140-164,1769727019,2026-01-30T06:50:19,0.24
5,140-164,1769727348,2026-01-30T06:55:48,0.24
5,140-164,1769727625,2026-01-30T07:00:25,0.24
5,140-164,1769727925,2026-01-30T07:05:25,0.24
5,140-164,1769728219,2026-01-30T07:10:19,0.255
5,140-164,1769728518,2026-01-30T07:15:18,0.255
5,140-164,1769728850,2026-01-30T07:20:50,0.26
5,140-164,1769729119,2026-01-30T07:25:19,0.255
5,140-164,1769729436,2026-01-30T07:30:36,0.255
5,140-164,1769729719,2026-01-30T07:35:19,0.255
5,140-164,1769730022,2026-01-30T07:40:22,0.255
5,140-164,1769730319,2026-01-30T07:45:19,0.255
5,140-164,1769730625,2026-01-30T07:50:25,0.255
5,140-164,1769730919,2026-01-30T07:55:19,0.255
5,140-164,1769731234,2026-01-30T08:00:34,0.255
5,140-164,1769731520,2026-01-30T08:05:20,0.255
5,140-164,1769731818,2026-01-30T08:10:18,0.255
5,140-164,1769732124,2026-01-30T08:15:24,0.255
5,140-164,1769732431,2026-01-30T08:20:31,0.245
5,140-164,1769732718,2026-01-30T08:25:18,0.245
5,140-164,1769733025,2026-01-30T08:30:25,0.255
5,140-164,1769733319,2026-01-30T08:35:19,0.255
5,140-164,1769733640,2026-01-30T08:40:40,0.245
5,140-164,1769733919,2026-01-30T08:45:19,0.25
5,140-164,1769734219,2026-01-30T08:50:19,0.25
5,140-164,1769734519,2026-01-30T08:55:19,0.245
5,140-164,1769734825,2026-01-30T09:00:25,0.245
5,140-164,1769735119,2026-01-30T09:05:19,0.25
5,140-164,1769735425,2026-01-30T09:10:25,0.245
5,140-164,1769735725,2026-01-30T09:15:25,0.245
5,140-164,1769736019,2026-01-30T09:20:19,0.245
5,140-164,1769736321,2026-01-30T09:25:21,0.245
5,140-164,1769736625,2026-01-30T09:30:25,0.245
5,140-164,1769736919,2026-01-30T09:35:19,0.255
5,140-164,1769737225,2026-01-30T09:40:25,0.25
5,140-164,1769737520,2026-01-30T09:45:20,0.25
5,140-164,1769737826,2026-01-30T09:50:26,0.25
5,140-164,1769738120,2026-01-30T09:55:20,0.25
5,140-164,1769738426,2026-01-30T10:00:26,0.235
5,140-164,1769738721,2026-01-30T10:05:21,0.235
5,140-164,1769739019,2026-01-30T10:10:19,0.195
5,140-164,1769739327,2026-01-30T10:15:27,0.235
5,140-164,1769739619,2026-01-30T10:20:19,0.23
5,140-164,1769739921,2026-01-30T10:25:21,0.23
5,140-164,1769740225,2026-01-30T10:30:25,0.23
5,140-164,1769740519,2026-01-30T10:35:19,0.23
5,140-164,1769740846,2026-01-30T10:40:46,0.23
5,140-164,1769741122,2026-01-30T10:45:22,0.23
5,140-164,1769741420,2026-01-30T10:50:20,0.23
5,140-164,1769741719,2026-01-30T10:55:19,0.23
5,140-164,1769742028,2026-01-30T11:00:28,0.23
5,140-164,1769742324,2026-01-30T11:05:24,0.23
5,140-164,1769742621,2026-01-30T11:10:21,0.23
5,140-164,1769742919,2026-01-30T11:15:19,0.23
5,140-164,1769743220,2026-01-30T11:20:20,0.235
5,140-164,1769743519,2026-01-30T11:25:19,0.23
5,140-164,1769743829,2026-01-30T11:30:29,0.23
5,140-164,1769744119,2026-01-30T11:35:19,0.23
5,140-164,1769744423,2026-01-30T11:40:23,0.23
5,140-164,1769744720,2026-01-30T11:45:20,0.23
5,140-164,1769745020,2026-01-30T11:50:20,0.23
5,140-164,1769745320,2026-01-30T11:55:20,0.23
5,140-164,1769745626,2026-01-30T12:00:26,0.235
5,140-164,1769745924,2026-01-30T12:05:24,0.235
5,140-164,1769746220,2026-01-30T12:10:20,0.235
5,140-164,1769746519,2026-01-30T12:15:19,0.23
5,140-164,1769746819,2026-01-30T12:20:19,0.235
5,140-164,1769747120,2026-01-30T12:25:20,0.235
5,140-164,1769747429,2026-01-30T12:30:29,0.235
5,140-164,1769747719,2026-01-30T12:35:19,0.235
5,140-164,1769748019,2026-01-30T12:40:19,0.235
5,140-164,1769748320,2026-01-30T12:45:20,0.235
5,140-164,1769748620,2026-01-30T12:50:20,0.235
5,140-164,1769748949,2026-01-30T12:55:49,0.235
5,140-164,1769749225,2026-01-30T13:00:25,0.235
5,140-164,1769749519,2026-01-30T13:05:19,0.235
5,140-164,1769749819,2026-01-30T13:10:19,0.235
5,140-164,1769750120,2026-01-30T13:15:20,0.235
5,140-164,1769750418,2026-01-30T13:20:18,0.235
5,140-164,1769750724,2026-01-30T13:25:24,0.235
5,140-164,1769751025,2026-01-30T13:30:25,0.235
5,140-164,1769751321,2026-01-30T13:35:21,0.23
5,140-164,1769751619,2026-01-30T13:40:19,0.23
5,140-164,1769751920,2026-01-30T13:45:20,0.23
5,140-164,1769752224,2026-01-30T13:50:24,0.23
5,140-164,1769752518,2026-01-30T13:55:18,0.23
5,140-164,1769752827,2026-01-30T14:00:27,0.23
5,140-164,1769753119,2026-01-30T14:05:19,0.23
5,140-164,1769753419,2026-01-30T14:10:19,0.235
5,140-164,1769753724,2026-01-30T14:15:24,0.23
5,140-164,1769754019,2026-01-30T14:20:19,0.23
5,140-164,1769754319,2026-01-30T14:25:19,0.23
5,140-164,1769754630,2026-01-30T14:30:30,0.23
5,140-164,1769754948,2026-01-30T14:35:48,0.22
5,140-164,1769755218,2026-01-30T14:40:18,0.215
5,140-164,1769755519,2026-01-30T14:45:19,0.215
5,140-164,1769755818,2026-01-30T14:50:18,0.23
5,140-164,1769756118,2026-01-30T14:55:18,0.23
5,140-164,1769756425,2026-01-30T15:00:25,0.225
5,140-164,1769756724,2026-01-30T15:05:24,0.225
5,140-164,1769757018,2026-01-30T15:10:18,0.225
5,140-164,1769757318,2026-01-30T15:15:18,0.215
5,140-164,1769757618,2026-01-30T15:20:18,0.21
5,140-164,1769757919,2026-01-30T15:25:19,0.2
5,140-164,1769758230,2026-01-30T15:30:30,0.19
5,140-164,1769758518,2026-01-30T15:35:18,0.195
5,140-164,1769758824,2026-01-30T15:40:24,0.205
5,140-164,1769759118,2026-01-30T15:45:18,0.205
5,140-164,1769759426,2026-01-30T15:50:26,0.205
5,140-164,1769759719,2026-01-30T15:55:19,0.2
5,140-164,1769760025,2026-01-30T16:00:25,0.225
5,140-164,1769760318,2026-01-30T16:05:18,0.21
5,140-164,1769760619,2026-01-30T16:10:19,0.205
5,140-164,1769760924,2026-01-30T16:15:24,0.205
5,140-164,1769761219,2026-01-30T16:20:19,0.245
5,140-164,1769761521,2026-01-30T16:25:21,0.24
5,140-164,1769761825,2026-01-30T16:30:25,0.24
5,140-164,1769762118,2026-01-30T16:35:18,0.25
5,140-164,1769762424,2026-01-30T16:40:24,0.255
5,140-164,1769762718,2026-01-30T16:45:18,0.25
5,140-164,1769763019,2026-01-30T16:50:19,0.27
5,140-164,1769763319,2026-01-30T16:55:19,0.265
5,140-164,1769763659,2026-01-30T17:00:59,0.265
5,140-164,1769763920,2026-01-30T17:05:20,0.265
5,140-164,1769764218,2026-01-30T17:10:18,0.26
5,140-164,1769764519,2026-01-30T17:15:19,0.26
5,140-164,1769764819,2026-01-30T17:20:19,0.235
5,140-164,1769765119,2026-01-30T17:25:19,0.23
5,140-164,1769765429,2026-01-30T17:30:29,0.23
5,140-164,1769765719,2026-01-30T17:35:19,0.23
5,140-164,1769766019,2026-01-30T17:40:19,0.225
5,140-164,1769766318,2026-01-30T17:45:18,0.23
5,140-164,1769766624,2026-01-30T17:50:24,0.22
5,140-164,1769766918,2026-01-30T17:55:18,0.225
5,140-164,1769767225,2026-01-30T18:00:25,0.215
5,140-164,1769767518,2026-01-30T18:05:18,0.215
5,140-164,1769767818,2026-01-30T18:10:18,0.205
5,140-164,1769768124,2026-01-30T18:15:24,0.21
5,140-164,1769768418,2026-01-30T18:20:18,0.21
5,140-164,1769768724,2026-01-30T18:25:24,0.195
5,140-164,1769769026,2026-01-30T18:30:26,0.185
5,140-164,1769769324,2026-01-30T18:35:24,0.185
5,140-164,1769769619,2026-01-30T18:40:19,0.195
5,140-164,1769769925,2026-01-30T18:45:25,0.205
5,140-164,1769770218,2026-01-30T18:50:18,0.195
5,140-164,1769770519,2026-01-30T18:55:19,0.21
5,140-164,1769770855,2026-01-30T19:00:55,0.215
5,140-164,1769771118,2026-01-30T19:05:18,0.215
5,140-164,1769771419,2026-01-30T19:10:19,0.215
5,140-164,1769771725,2026-01-30T19:15:25,0.215
5,140-164,1769772020,2026-01-30T19:20:20,0.215
5,140-164,1769772319,2026-01-30T19:25:19,0.215
5,140-164,1769772625,2026-01-30T19:30:25,0.215
5,140-164,1769772918,2026-01-30T19:35:18,0.215
5,140-164,1769773228,2026-01-30T19:40:28,0.215
5,140-164,1769773518,2026-01-30T19:45:18,0.215
5,140-164,1769773821,2026-01-30T19:50:21,0.215
5,140-164,1769774119,2026-01-30T19:55:19,0.215
5,140-164,1769774451,2026-01-30T20:00:51,0.215
5,140-164,1769774719,2026-01-30T20:05:19,0.215
5,140-164,1769775019,2026-01-30T20:10:19,0.215
5,140-164,1769775321,2026-01-30T20:15:21,0.22
5,140-164,1769775619,2026-01-30T20:20:19,0.21
5,140-164,1769775941,2026-01-30T20:25:41,0.205
5,140-164,1769776229,2026-01-30T20:30:29,0.2
5,140-164,1769776519,2026-01-30T20:35:19,0.205
5,140-164,1769776821,2026-01-30T20:40:21,0.205
5,140-164,1769777119,2026-01-30T20:45:19,0.2
5,140-164,1769777419,2026-01-30T20:50:19,0.2
5,140-164,1769777724,2026-01-30T20:55:24,0.205
5,140-164,1769778026,2026-01-30T21:00:26,0.21
5,140-164,1769778319,2026-01-30T21:05:19,0.21
5,140-164,1769778619,2026-01-30T21:10:19,0.21
5,140-164,1769778919,2026-01-30T21:15:19,0.205
5,140-164,1769779224,2026-01-30T21:20:24,0.21
5,140-164,1769779519,2026-01-30T21:25:19,0.21
5,140-164,1769779826,2026-01-30T21:30:26,0.195
5,140-164,1769780119,2026-01-30T21:35:19,0.195
5,140-164,1769780425,2026-01-30T21:40:25,0.2
5,140-164,1769780721,2026-01-30T21:45:21,0.195
5,140-164,1769781020,2026-01-30T21:50:20,0.19
5,140-164,1769781320,2026-01-30T21:55:20,0.185
5,140-164,1769781626,2026-01-30T22:00:26,0.19
5,140-164,1769781949,2026-01-30T22:05:49,0.19
5,140-164,1769782219,2026-01-30T22:10:19,0.195
5,140-164,1769782524,2026-01-30T22:15:24,0.2
5,140-164,1769782819,2026-01-30T22:20:19,0.195
5,140-164,1769783119,2026-01-30T22:25:19,0.215
5,140-164,1769783432,2026-01-30T22:30:32,0.21
5,140-164,1769783722,2026-01-30T22:35:22,0.23
5,140-164,1769784020,2026-01-30T22:40:20,0.235
5,140-164,1769784319,2026-01-30T22:45:19,0.24
5,140-164,1769784618,2026-01-30T22:50:18,0.245
5,140-164,1769784950,2026-01-30T22:55:50,0.255
5,140-164,1769785230,2026-01-30T23:00:30,0.25
5,140-164,1769785520,2026-01-30T23:05:20,0.245
5,140-164,1769785819,2026-01-30T23:10:19,0.245
5,140-164,1769786119,2026-01-30T23:15:19,0.22
5,140-164,1769786422,2026-01-30T23:20:22,0.195
5,140-164,1769786725,2026-01-30T23:25:25,0.19
5,140-164,1769787026,2026-01-30T23:30:26,0.185
5,140-164,1769787319,2026-01-30T23:35:19,0.185
5,140-164,1769787619,2026-01-30T23:40:19,0.18
5,140-164,1769787925,2026-01-30T23:45:25,0.19
5,140-164,1769788220,2026-01-30T23:50:20,0.19
5,140-164,1769788519,2026-01-30T23:55:19,0.19
5,140-164,1769788827,2026-01-31T00:00:27,0.225
5,140-164,1769789120,2026-01-31T00:05:20,0.25
5,140-164,1769789449,2026-01-31T00:10:49,0.27
5,140-164,1769789719,2026-01-31T00:15:19,0.285
5,140-164,1769790019,2026-01-31T00:20:19,0.29
5,140-164,1769790319,2026-01-31T00:25:19,0.29
5,140-164,1769790625,2026-01-31T00:30:25,0.29
5,140-164,1769790919,2026-01-31T00:35:19,0.265
5,140-164,1769791224,2026-01-31T00:40:24,0.265
5,140-164,1769791520,2026-01-31T00:45:20,0.235
5,140-164,1769791820,2026-01-31T00:50:20,0.23
5,140-164,1769792119,2026-01-31T00:55:19,0.23
5,140-164,1769792430,2026-01-31T01:00:30,0.23
5,140-164,1769792724,2026-01-31T01:05:24,0.22
5,140-164,1769793019,2026-01-31T01:10:19,0.22
5,140-164,1769793320,2026-01-31T01:15:20,0.215
5,140-164,1769793621,2026-01-31T01:20:21,0.21
5,140-164,1769793926,2026-01-31T01:25:26,0.185
5,140-164,1769794226,2026-01-31T01:30:26,0.19
5,140-164,1769794520,2026-01-31T01:35:20,0.175
5,140-164,1769794820,2026-01-31T01:40:20,0.17
5,140-164,1769795122,2026-01-31T01:45:22,0.17
5,140-164,1769795720,2026-01-31T01:55:20,0.16
5,140-164,1769796028,2026-01-31T02:00:28,0.155
5,140-164,1769796319,2026-01-31T02:05:19,0.16
5,140-164,1769796620,2026-01-31T02:10:20,0.165
5,140-164,1769796924,2026-01-31T02:15:24,0.175
5,140-164,1769797224,2026-01-31T02:20:24,0.16
5,140-164,1769797520,2026-01-31T02:25:20,0.16
5,140-164,1769797827,2026-01-31T02:30:27,0.16
5,140-164,1769798120,2026-01-31T02:35:20,0.14
5,140-164,1769798421,2026-01-31T02:40:21,0.13
5,140-164,1769798739,2026-01-31T02:45:39,0.16
5,140-164,1769799021,2026-01-31T02:50:21,0.165
5,140-164,1769799319,2026-01-31T02:55:19,0.155
5,140-164,1769799626,2026-01-31T03:00:26,0.14
5,140-164,1769799919,2026-01-31T03:05:19,0.14
5,140-164,1769800238,2026-01-31T03:10:38,0.13
5,140-164,1769800525,2026-01-31T03:15:25,0.13
5,140-164,1769800819,2026-01-31T03:20:19,0.125
5,140-164,1769801119,2026-01-31T03:25:19,0.12
5,140-164,1769801425,2026-01-31T03:30:25,0.125
5,140-164,1769801719,2026-01-31T03:35:19,0.13
5,140-164,1769802027,2026-01-31T03:40:27,0.145
5,140-164,1769802319,2026-01-31T03:45:19,0.145
5,140-164,1769802622,2026-01-31T03:50:22,0.145
5,140-164,1769802919,2026-01-31T03:55:19,0.13
5,140-164,1769803227,2026-01-31T04:00:27,0.13
5,140-164,1769803527,2026-01-31T04:05:27,0.135
5,140-164,1769803825,2026-01-31T04:10:25,0.12
5,140-164,1769804119,2026-01-31T04:15:19,0.14
5,140-164,1769804419,2026-01-31T04:20:19,0.145
5,140-164,1769805026,2026-01-31T04:30:26,0.16
5,140-164,1769805347,2026-01-31T04:35:47,0.155
5,140-164,1769805622,2026-01-31T04:40:22,0.15
5,140-164,1769805920,2026-01-31T04:45:20,0.155
5,140-164,1769806220,2026-01-31T04:50:20,0.155
5,140-164,1769806521,2026-01-31T04:55:21,0.155
5,140-164,1769806830,2026-01-31T05:00:30,0.145
5,140-164,1769807124,2026-01-31T05:05:24,0.16
5,140-164,1769807420,2026-01-31T05:10:20,0.16
5,140-164,1769807719,2026-01-31T05:15:19,0.145
5,140-164,1769808018,2026-01-31T05:20:18,0.155
5,140-164,1769808319,2026-01-31T05:25:19,0.155
5,140-164,1769808632,2026-01-31T05:30:32,0.195
5,140-164,1769808924,2026-01-31T05:35:24,0.195
5,140-164,1769809220,2026-01-31T05:40:20,0.17
5,140-164,1769809520,2026-01-31T05:45:20,0.17
5,140-164,1769809819,2026-01-31T05:50:19,0.18
5,140-164,1769810119,2026-01-31T05:55:19,0.19
5,140-164,1769810432,2026-01-31T06:00:32,0.195
5,140-164,1769810719,2026-01-31T06:05:19,0.205
5,140-164,1769811035,2026-01-31T06:10:35,0.185
5,140-164,1769811320,2026-01-31T06:15:20,0.185
5,140-164,1769811619,2026-01-31T06:20:19,0.17
5,140-164,1769811948,2026-01-31T06:25:48,0.165
5,140-164,1769812228,2026-01-31T06:30:28,0.155
5,140-164,1769812520,2026-01-31T06:35:20,0.165
5,140-164,1769812819,2026-01-31T06:40:19,0.165
5,140-164,1769813120,2026-01-31T06:45:20,0.165
5,140-164,1769813419,2026-01-31T06:50:19,0.175
5,140-164,1769813724,2026-01-31T06:55:24,0.21
5,140-164,1769814025,2026-01-31T07:00:25,0.175
5,140-164,1769814320,2026-01-31T07:05:20,0.22
5,140-164,1769814620,2026-01-31T07:10:20,0.23
5,140-164,1769814919,2026-01-31T07:15:19,0.235
5,140-164,1769815225,2026-01-31T07:20:25,0.23
5,140-164,1769815520,2026-01-31T07:25:20,0.23
5,140-164,1769815827,2026-01-31T07:30:27,0.22
5,140-164,1769816120,2026-01-31T07:35:20,0.19
5,140-164,1769816420,2026-01-31T07:40:20,0.19
5,140-164,1769816726,2026-01-31T07:45:26,0.185
5,140-164,1769817023,2026-01-31T07:50:23,0.18
5,140-164,1769817320,2026-01-31T07:55:20,0.18
5,140-164,1769817635,2026-01-31T08:00:35,0.205
5,140-164,1769817919,2026-01-31T08:05:19,0.195
5,140-164,1769818220,2026-01-31T08:10:20,0.185
5,140-164,1769818519,2026-01-31T08:15:19,0.2
5,140-164,1769818821,2026-01-31T08:20:21,0.2
5,140-164,1769819119,2026-01-31T08:25:19,0.185
5,140-164,1769819427,2026-01-31T08:30:27,0.175
5,140-164,1769819720,2026-01-31T08:35:20,0.175
5,140-164,1769820019,2026-01-31T08:40:19,0.175
5,140-164,1769820333,2026-01-31T08:45:33,0.17
5,140-164,1769820620,2026-01-31T08:50:20,0.17
5,140-164,1769820919,2026-01-31T08:55:19,0.155
5,140-164,1769821226,2026-01-31T09:00:26,0.165
5,140-164,1769821519,2026-01-31T09:05:19,0.165
5,140-164,1769821835,2026-01-31T09:10:35,0.165
5,140-164,1769822120,2026-01-31T09:15:20,0.165
5,140-164,1769822420,2026-01-31T09:20:20,0.165
5,140-164,1769822720,2026-01-31T09:25:20,0.165
5,140-164,1769823027,2026-01-31T09:30:27,0.175
5,140-164,1769823320,2026-01-31T09:35:20,0.165
5,140-164,1769823620,2026-01-31T09:40:20,0.175
5,140-164,1769823919,2026-01-31T09:45:19,0.18
5,140-164,1769824219,2026-01-31T09:50:19,0.18
5,140-164,1769824519,2026-01-31T09:55:19,0.18
5,140-164,1769824826,2026-01-31T10:00:26,0.17
5,140-164,1769825138,2026-01-31T10:05:38,0.165
5,140-164,1769825420,2026-01-31T10:10:20,0.18
5,140-164,1769825720,2026-01-31T10:15:20,0.175
5,140-164,1769826020,2026-01-31T10:20:20,0.175
5,140-164,1769826321,2026-01-31T10:25:21,0.185
5,140-164,1769826626,2026-01-31T10:30:26,0.185
5,140-164,1769826921,2026-01-31T10:35:21,0.165
5,140-164,1769827219,2026-01-31T10:40:19,0.16
5,140-164,1769827541,2026-01-31T10:45:41,0.16
5,140-164,1769827819,2026-01-31T10:50:19,0.16
5,140-164,1769828120,2026-01-31T10:55:20,0.165
5,140-164,1769828428,2026-01-31T11:00:28,0.165
5,140-164,1769828721,2026-01-31T11:05:21,0.16
5,140-164,1769829019,2026-01-31T11:10:19,0.17
5,140-164,1769829321,2026-01-31T11:15:21,0.17
5,140-164,1769829619,2026-01-31T11:20:19,0.17
5,140-164,1769829920,2026-01-31T11:25:20,0.17
5,140-164,1769830227,2026-01-31T11:30:27,0.165
5,140-164,1769830521,2026-01-31T11:35:21,0.155
5,140-164,1769830820,2026-01-31T11:40:20,0.155
5,140-164,1769831120,2026-01-31T11:45:20,0.165
5,140-164,1769831420,2026-01-31T11:50:20,0.16
5,140-164,1769831720,2026-01-31T11:55:20,0.165
5,140-164,1769832027,2026-01-31T12:00:27,0.18
5,140-164,1769832319,2026-01-31T12:05:19,0.175
5,140-164,1769832619,2026-01-31T12:10:19,0.175
5,140-164,1769832919,2026-01-31T12:15:19,0.155
5,140-164,1769833219,2026-01-31T12:20:19,0.175
5,140-164,1769833521,2026-01-31T12:25:21,0.165
5,140-164,1769833826,2026-01-31T12:30:26,0.17
5,140-164,1769834120,2026-01-31T12:35:20,0.16
5,140-164,1769834419,2026-01-31T12:40:19,0.16
5,140-164,1769834720,2026-01-31T12:45:20,0.17
5,140-164,1769835025,2026-01-31T12:50:25,0.165
5,140-164,1769835320,2026-01-31T12:55:20,0.16
5,140-164,1769835626,2026-01-31T13:00:26,0.17
5,140-164,1769835919,2026-01-31T13:05:19,0.165
5,140-164,1769836219,2026-01-31T13:10:19,0.165
5,140-164,1769836525,2026-01-31T13:15:25,0.175
5,140-164,1769836820,2026-01-31T13:20:20,0.17
5,140-164,1769837120,2026-01-31T13:25:20,0.18
5,140-164,1769837426,2026-01-31T13:30:26,0.18
5,140-164,1769837720,2026-01-31T13:35:20,0.195
5,140-164,1769838023,2026-01-31T13:40:23,0.2
5,140-164,1769838321,2026-01-31T13:45:21,0.155
5,140-164,1769838620,2026-01-31T13:50:20,0.155
5,140-164,1769838921,2026-01-31T13:55:21,0.16
5,140-164,1769839229,2026-01-31T14:00:29,0.15
5,140-164,1769839523,2026-01-31T14:05:23,0.145
5,140-164,1769839820,2026-01-31T14:10:20,0.125
5,140-164,1769840119,2026-01-31T14:15:19,0.11
5,140-164,1769840420,2026-01-31T14:20:20,0.1
5,140-164,1769840721,2026-01-31T14:25:21,0.105
5,140-164,1769841028,2026-01-31T14:30:28,0.115
5,140-164,1769841348,2026-01-31T14:35:48,0.12
5,140-164,1769841619,2026-01-31T14:40:19,0.115
5,140-164,1769841919,2026-01-31T14:45:19,0.11
5,140-164,1769842220,2026-01-31T14:50:20,0.105
5,140-164,1769842523,2026-01-31T14:55:23,0.155
5,140-164,1769842828,2026-01-31T15:00:28,0.125
5,140-164,1769843119,2026-01-31T15:05:19,0.12
5,140-164,1769843419,2026-01-31T15:10:19,0.115
5,140-164,1769843720,2026-01-31T15:15:20,0.115
5,140-164,1769844023,2026-01-31T15:20:23,0.11
5,140-164,1769844319,2026-01-31T15:25:19,0.11
5,140-164,1769844626,2026-01-31T15:30:26,0.095
5,140-164,1769844920,2026-01-31T15:35:20,0.09
5,140-164,1769845227,2026-01-31T15:40:27,0.095
5,140-164,1769845544,2026-01-31T15:45:44,0.1
5,140-164,1769845821,2026-01-31T15:50:21,0.1
5,140-164,1769846119,2026-01-31T15:55:19,0.09
5,140-164,1769846427,2026-01-31T16:00:27,0.095
5,140-164,1769846719,2026-01-31T16:05:19,0.09
5,140-164,1769847021,2026-01-31T16:10:21,0.085
5,140-164,1769847323,2026-01-31T16:15:23,0.085
5,140-164,1769847621,2026-01-31T16:20:21,0.085
5,140-164,1769847919,2026-01-31T16:25:19,0.085
5,140-164,1769848227,2026-01-31T16:30:27,0.085
5,140-164,1769848522,2026-01-31T16:35:22,0.08
5,140-164,1769848819,2026-01-31T16:40:19,0.08
5,140-164,1769849121,2026-01-31T16:45:21,0.07
5,140-164,1769849419,2026-01-31T16:50:19,0.07
5,140-164,1769849720,2026-01-31T16:55:20,0.06
5,140-164,1769850320,2026-01-31T17:05:20,0.065
5,140-164,1769850620,2026-01-31T17:10:20,0.065
5,140-164,1769850920,2026-01-31T17:15:20,0.065
5,140-164,1769851219,2026-01-31T17:20:19,0.065
5,140-164,1769851519,2026-01-31T17:25:19,0.055
5,140-164,1769851829,2026-01-31T17:30:29,0.055
5,140-164,1769852119,2026-01-31T17:35:19,0.055
5,140-164,1769852420,2026-01-31T17:40:20,0.055
5,140-164,1769852723,2026-01-31T17:45:23,0.055
5,140-164,1769853019,2026-01-31T17:50:19,0.055
5,140-164,1769853321,2026-01-31T17:55:21,0.055
5,140-164,1769853628,2026-01-31T18:00:28,0.055
5,140-164,1769853921,2026-01-31T18:05:21,0.055
5,140-164,1769854222,2026-01-31T18:10:22,0.055
5,140-164,1769854519,2026-01-31T18:15:19,0.045
5,140-164,1769854820,2026-01-31T18:20:20,0.055
5,140-164,1769855119,2026-01-31T18:25:19,0.055
5,140-164,1769855426,2026-01-31T18:30:26,0.065
5,140-164,1769855722,2026-01-31T18:35:22,0.055
5,140-164,1769856020,2026-01-31T18:40:20,0.055
5,140-164,1769856321,2026-01-31T18:45:21,0.055
5,140-164,1769856619,2026-01-31T18:50:19,0.055
5,140-164,1769856947,2026-01-31T18:55:47,0.055
5,140-164,1769857226,2026-01-31T19:00:26,0.055
5,140-164,1769857519,2026-01-31T19:05:19,0.055
5,140-164,1769857819,2026-01-31T19:10:19,0.06
5,140-164,1769858132,2026-01-31T19:15:32,0.06
5,140-164,1769858420,2026-01-31T19:20:20,0.045
5,140-164,1769858724,2026-01-31T19:25:24,0.06
5,140-164,1769859026,2026-01-31T19:30:26,0.05
5,140-164,1769859319,2026-01-31T19:35:19,0.045
5,140-164,1769859620,2026-01-31T19:40:20,0.055
5,140-164,1769859920,2026-01-31T19:45:20,0.055
5,140-164,1769860224,2026-01-31T19:50:24,0.055
5,140-164,1769860519,2026-01-31T19:55:19,0.055
5,140-164,1769860841,2026-01-31T20:00:41,0.055
5,140-164,1769861119,2026-01-31T20:05:19,0.055
5,140-164,1769861420,2026-01-31T20:10:20,0.055
5,140-164,1769861725,2026-01-31T20:15:25,0.055
5,140-164,1769862019,2026-01-31T20:20:19,0.045
5,140-164,1769862321,2026-01-31T20:25:21,0.045
5,140-164,1769862626,2026-01-31T20:30:26,0.045
5,140-164,1769862921,2026-01-31T20:35:21,0.045
5,140-164,1769863224,2026-01-31T20:40:24,0.045
5,140-164,1769863519,2026-01-31T20:45:19,0.045
5,140-164,1769863820,2026-01-31T20:50:20,0.045
5,140-164,1769864119,2026-01-31T20:55:19,0.045
5,140-164,1769864428,2026-01-31T21:00:28,0.045
5,140-164,1769864724,2026-01-31T21:05:24,0.045
5,140-164,1769865020,2026-01-31T21:10:20,0.0345
5,140-164,1769865321,2026-01-31T21:15:21,0.0385
5,140-164,1769865620,2026-01-31T21:20:20,0.0365
5,140-164,1769865920,2026-01-31T21:25:20,0.0355
5,140-164,1769866230,2026-01-31T21:30:30,0.0295
5,140-164,1769866520,2026-01-31T21:35:20,0.027
5,140-164,1769866819,2026-01-31T21:40:19,0.0275
5,140-164,1769867126,2026-01-31T21:45:26,0.03
5,140-164,1769867419,2026-01-31T21:50:19,0.028
5,140-164,1769867747,2026-01-31T21:55:47,0.0235
5,140-164,1769868025,2026-01-31T22:00:25,0.022
5,140-164,1769868320,2026-01-31T22:05:20,0.0145
5,140-164,1769868620,2026-01-31T22:10:20,0.0205
5,140-164,1769868920,2026-01-31T22:15:20,0.018
5,140-164,1769869222,2026-01-31T22:20:22,0.017
5,140-164,1769869524,2026-01-31T22:25:24,0.0265
5,140-164,1769869826,2026-01-31T22:30:26,0.018
5,140-164,1769870121,2026-01-31T22:35:21,0.0165
5,140-164,1769870420,2026-01-31T22:40:20,0.0145
5,140-164,1769870719,2026-01-31T22:45:19,0.0115
5,140-164,1769871025,2026-01-31T22:50:25,0.0145
5,140-164,1769871319,2026-01-31T22:55:19,0.023
5,140-164,1769871632,2026-01-31T23:00:32,0.0435
5,140-164,1769871920,2026-01-31T23:05:20,0.048
5,140-164,1769872220,2026-01-31T23:10:20,0.062
5,140-164,1769872526,2026-01-31T23:15:26,0.0945
5,140-164,1769872820,2026-01-31T23:20:20,0.0565
5,140-164,1769873125,2026-01-31T23:25:25,0.036
5,140-164,1769873426,2026-01-31T23:30:26,0.0255
5,140-164,1769873719,2026-01-31T23:35:19,0.0185
5,140-164,1769874020,2026-01-31T23:40:20,0.017
5,140-164,1769874319,2026-01-31T23:45:19,0.0095
5,140-164,1769874625,2026-01-31T23:50:25,0.0085
5,140-164,1769874920,2026-01-31T23:55:20,0.0065
5,140-164,1769875226,2026-02-01T00:00:26,0.0065
5,140-164,1769875520,2026-02-01T00:05:20,0.0045
5,140-164,1769875850,2026-02-01T00:10:50,0.003
5,140-164,1769876120,2026-02-01T00:15:20,0.0035
5,140-164,1769876420,2026-02-01T00:20:20,0.0025
5,140-164,1769876720,2026-02-01T00:25:20,0.0015
5,140-164,1769877026,2026-02-01T00:30:26,0.0015
5,140-164,1769877325,2026-02-01T00:35:25,0.0015
5,140-164,1769877620,2026-02-01T00:40:20,0.0005
5,140-164,1769877936,2026-02-01T00:45:36,0.0005
5,140-164,1769878220,2026-02-01T00:50:20,0.0005
5,140-164,1769878520,2026-02-01T00:55:20,0.0005
5,140-164,1769878850,2026-02-01T01:00:50,0.0005
5,140-164,1769879134,2026-02-01T01:05:34,0.0005
5,140-164,1769879420,2026-02-01T01:10:20,0.0005
5,140-164,1769879720,2026-02-01T01:15:20,0.0005
5,140-164,1769880021,2026-02-01T01:20:21,0.0005
5,140-164,1769880331,2026-02-01T01:25:31,0.0005
5,140-164,1769880626,2026-02-01T01:30:26,0.0005
5,140-164,1769880922,2026-02-01T01:35:22,0.0005
5,140-164,1769881220,2026-02-01T01:40:20,0.0005
5,140-164,1769881520,2026-02-01T01:45:20,0.0005
5,140-164,1769881826,2026-02-01T01:50:26,0.0005
5,140-164,1769882120,2026-02-01T01:55:20,0.0005
5,140-164,1769882433,2026-02-01T02:00:33,0.0005
5,140-164,1769882721,2026-02-01T02:05:21,0.0005
5,140-164,1769883020,2026-02-01T02:10:20,0.0005
5,140-164,1769883349,2026-02-01T02:15:49,0.0005
5,140-164,1769883621,2026-02-01T02:20:21,0.0005
5,140-164,1769883920,2026-02-01T02:25:20,0.0005
5,140-164,1769884226,2026-02-01T02:30:26,0.0005
5,140-164,1769884520,2026-02-01T02:35:20,0.0005
5,140-164,1769884820,2026-02-01T02:40:20,0.0005
5,140-164,1769885138,2026-02-01T02:45:38,0.0005
5,140-164,1769885421,2026-02-01T02:50:21,0.0005
5,140-164,1769885721,2026-02-01T02:55:21,0.0005
5,140-164,1769886030,2026-02-01T03:00:30,0.0005
5,140-164,1769886320,2026-02-01T03:05:20,0.0005
5,140-164,1769886621,2026-02-01T03:10:21,0.0005
5,140-164,1769886920,2026-02-01T03:15:20,0.0005
5,140-164,1769887220,2026-02-01T03:20:20,0.0005
5,140-164,1769887825,2026-02-01T03:30:25,0.0005
5,140-164,1769888120,2026-02-01T03:35:20,0.0005
5,140-164,1769888419,2026-02-01T03:40:19,0.0005
5,140-164,1769888733,2026-02-01T03:45:33,0.0005
5,140-164,1769889022,2026-02-01T03:50:22,0.0005
5,140-164,1769889325,2026-02-01T03:55:25,0.0005
5,140-164,1769889627,2026-02-01T04:00:27,0.0005
5,140-164,1769889921,2026-02-01T04:05:21,0.0005
5,140-164,1769890221,2026-02-01T04:10:21,0.0005
5,140-164,1769890520,2026-02-01T04:15:20,0.0005
5,140-164,1769890826,2026-02-01T04:20:26,0.0005
5,140-164,1769891121,2026-02-01T04:25:21,0.0005
5,140-164,1769891425,2026-02-01T04:30:25,0.0005
5,140-164,1769891720,2026-02-01T04:35:20,0.0005
5,140-164,1769892020,2026-02-01T04:40:20,0.0005
5,140-164,1769892349,2026-02-01T04:45:49,0.0005
5,140-164,1769892620,2026-02-01T04:50:20,0.0005
5,140-164,1769892932,2026-02-01T04:55:32,0.0005
5,140-164,1769893247,2026-02-01T05:00:47,0.0005
5,140-164,1769893520,2026-02-01T05:05:20,0.0005
5,140-164,1769893819,2026-02-01T05:10:19,0.0005
5,140-164,1769894125,2026-02-01T05:15:25,0.0005
5,140-164,1769894420,2026-02-01T05:20:20,0.0005
6,165-189,1769448622,2026-01-27T01:30:22,0.535
6,165-189,1769448917,2026-01-27T01:35:17,0.325
6,165-189,1769449216,2026-01-27T01:40:16,0.125
6,165-189,1769449539,2026-01-27T01:45:39,0.125
6,165-189,1769449816,2026-01-27T01:50:16,0.125
6,165-189,1769450117,2026-01-27T01:55:17,0.125
6,165-189,1769450435,2026-01-27T02:00:35,0.12
6,165-189,1769450717,2026-01-27T02:05:17,0.12
6,165-189,1769451016,2026-01-27T02:10:16,0.13
6,165-189,1769451321,2026-01-27T02:15:21,0.13
6,165-189,1769451617,2026-01-27T02:20:17,0.125
6,165-189,1769451921,2026-01-27T02:25:21,0.125
6,165-189,1769452223,2026-01-27T02:30:23,0.125
6,165-189,1769452517,2026-01-27T02:35:17,0.125
6,165-189,1769452842,2026-01-27T02:40:42,0.125
6,165-189,1769453116,2026-01-27T02:45:16,0.125
6,165-189,1769453417,2026-01-27T02:50:17,0.125
6,165-189,1769453716,2026-01-27T02:55:16,0.12
6,165-189,1769454023,2026-01-27T03:00:23,0.12
6,165-189,1769454316,2026-01-27T03:05:16,0.12
6,165-189,1769454622,2026-01-27T03:10:22,0.12
6,165-189,1769454917,2026-01-27T03:15:17,0.12
6,165-189,1769455217,2026-01-27T03:20:17,0.12
6,165-189,1769455516,2026-01-27T03:25:16,0.12
6,165-189,1769455823,2026-01-27T03:30:23,0.12
6,165-189,1769456121,2026-01-27T03:35:21,0.12
6,165-189,1769456417,2026-01-27T03:40:17,0.12
6,165-189,1769456717,2026-01-27T03:45:17,0.12
6,165-189,1769457018,2026-01-27T03:50:18,0.12
6,165-189,1769457317,2026-01-27T03:55:17,0.12
6,165-189,1769457628,2026-01-27T04:00:28,0.12
6,165-189,1769457916,2026-01-27T04:05:16,0.12
6,165-189,1769458218,2026-01-27T04:10:18,0.12
6,165-189,1769458516,2026-01-27T04:15:16,0.12
6,165-189,1769458817,2026-01-27T04:20:17,0.12
6,165-189,1769459142,2026-01-27T04:25:42,0.115
6,165-189,1769459423,2026-01-27T04:30:23,0.115
6,165-189,1769459716,2026-01-27T04:35:16,0.115
6,165-189,1769460017,2026-01-27T04:40:17,0.115
6,165-189,1769460316,2026-01-27T04:45:16,0.11
6,165-189,1769460617,2026-01-27T04:50:17,0.11
6,165-189,1769460921,2026-01-27T04:55:21,0.11
6,165-189,1769461230,2026-01-27T05:00:30,0.11
6,165-189,1769461516,2026-01-27T05:05:16,0.11
6,165-189,1769461817,2026-01-27T05:10:17,0.11
6,165-189,1769462117,2026-01-27T05:15:17,0.11
6,165-189,1769462417,2026-01-27T05:20:17,0.11
6,165-189,1769462721,2026-01-27T05:25:21,0.11
6,165-189,1769463023,2026-01-27T05:30:23,0.105
6,165-189,1769463317,2026-01-27T05:35:17,0.105
6,165-189,1769463617,2026-01-27T05:40:17,0.105
6,165-189,1769463916,2026-01-27T05:45:16,0.105
6,165-189,1769464221,2026-01-27T05:50:21,0.105
6,165-189,1769464522,2026-01-27T05:55:22,0.105
6,165-189,1769464823,2026-01-27T06:00:23,0.105
6,165-189,1769465118,2026-01-27T06:05:18,0.105
6,165-189,1769465417,2026-01-27T06:10:17,0.105
6,165-189,1769465717,2026-01-27T06:15:17,0.105
6,165-189,1769466041,2026-01-27T06:20:41,0.105
6,165-189,1769466318,2026-01-27T06:25:18,0.105
6,165-189,1769466623,2026-01-27T06:30:23,0.105
6,165-189,1769466917,2026-01-27T06:35:17,0.105
6,165-189,1769467217,2026-01-27T06:40:17,0.105
6,165-189,1769467517,2026-01-27T06:45:17,0.11
6,165-189,1769467822,2026-01-27T06:50:22,0.11
6,165-189,1769468121,2026-01-27T06:55:21,0.11
6,165-189,1769468423,2026-01-27T07:00:23,0.11
6,165-189,1769468717,2026-01-27T07:05:17,0.11
6,165-189,1769469017,2026-01-27T07:10:17,0.11
6,165-189,1769469317,2026-01-27T07:15:17,0.11
6,165-189,1769469622,2026-01-27T07:20:22,0.105
6,165-189,1769469917,2026-01-27T07:25:17,0.105
6,165-189,1769470224,2026-01-27T07:30:24,0.105
6,165-189,1769470516,2026-01-27T07:35:16,0.11
6,165-189,1769470818,2026-01-27T07:40:18,0.11
6,165-189,1769471121,2026-01-27T07:45:21,0.11
6,165-189,1769471422,2026-01-27T07:50:22,0.11
6,165-189,1769471717,2026-01-27T07:55:17,0.11
6,165-189,1769472039,2026-01-27T08:00:39,0.11
6,165-189,1769472316,2026-01-27T08:05:16,0.11
6,165-189,1769472616,2026-01-27T08:10:16,0.11
6,165-189,1769472916,2026-01-27T08:15:16,0.11
6,165-189,1769473216,2026-01-27T08:20:16,0.11
6,165-189,1769473515,2026-01-27T08:25:15,0.11
6,165-189,1769473817,2026-01-27T08:30:17,0.11
6,165-189,1769474115,2026-01-27T08:35:15,0.11
6,165-189,1769474417,2026-01-27T08:40:17,0.1
6,165-189,1769474715,2026-01-27T08:45:15,0.1
6,165-189,1769475016,2026-01-27T08:50:16,0.1
6,165-189,1769475317,2026-01-27T08:55:17,0.1
6,165-189,1769475618,2026-01-27T09:00:18,0.1
6,165-189,1769475916,2026-01-27T09:05:16,0.1
6,165-189,1769476217,2026-01-27T09:10:17,0.1
6,165-189,1769476517,2026-01-27T09:15:17,0.1
6,165-189,1769476817,2026-01-27T09:20:17,0.1
6,165-189,1769477116,2026-01-27T09:25:16,0.1
6,165-189,1769477418,2026-01-27T09:30:18,0.1
6,165-189,1769477716,2026-01-27T09:35:16,0.1
6,165-189,1769478016,2026-01-27T09:40:16,0.1
6,165-189,1769478316,2026-01-27T09:45:16,0.1
6,165-189,1769478616,2026-01-27T09:50:16,0.1
6,165-189,1769478915,2026-01-27T09:55:15,0.1
6,165-189,1769479218,2026-01-27T10:00:18,0.1
6,165-189,1769479517,2026-01-27T10:05:17,0.1
6,165-189,1769479817,2026-01-27T10:10:17,0.1
6,165-189,1769480116,2026-01-27T10:15:16,0.1
6,165-189,1769480416,2026-01-27T10:20:16,0.095
6,165-189,1769480717,2026-01-27T10:25:17,0.095
6,165-189,1769481018,2026-01-27T10:30:18,0.095
6,165-189,1769481316,2026-01-27T10:35:16,0.095
6,165-189,1769481616,2026-01-27T10:40:16,0.095
6,165-189,1769481915,2026-01-27T10:45:15,0.095
6,165-189,1769482216,2026-01-27T10:50:16,0.095
6,165-189,1769482522,2026-01-27T10:55:22,0.095
6,165-189,1769482827,2026-01-27T11:00:27,0.095
6,165-189,1769483116,2026-01-27T11:05:16,0.095
6,165-189,1769483417,2026-01-27T11:10:17,0.095
6,165-189,1769483717,2026-01-27T11:15:17,0.095
6,165-189,1769484017,2026-01-27T11:20:17,0.095
6,165-189,1769484316,2026-01-27T11:25:16,0.095
6,165-189,1769484620,2026-01-27T11:30:20,0.095
6,165-189,1769484919,2026-01-27T11:35:19,0.1
6,165-189,1769485217,2026-01-27T11:40:17,0.1
6,165-189,1769485517,2026-01-27T11:45:17,0.1
6,165-189,1769485816,2026-01-27T11:50:16,0.1
6,165-189,1769486116,2026-01-27T11:55:16,0.1
6,165-189,1769486420,2026-01-27T12:00:20,0.1
6,165-189,1769486716,2026-01-27T12:05:16,0.1
6,165-189,1769487016,2026-01-27T12:10:16,0.1
6,165-189,1769487317,2026-01-27T12:15:17,0.1
6,165-189,1769487619,2026-01-27T12:20:19,0.1
6,165-189,1769487916,2026-01-27T12:25:16,0.1
6,165-189,1769488217,2026-01-27T12:30:17,0.1
6,165-189,1769488517,2026-01-27T12:35:17,0.1
6,165-189,1769488817,2026-01-27T12:40:17,0.1
6,165-189,1769489117,2026-01-27T12:45:17,0.1
6,165-189,1769489419,2026-01-27T12:50:19,0.11
6,165-189,1769489716,2026-01-27T12:55:16,0.11
6,165-189,1769490019,2026-01-27T13:00:19,0.11
6,165-189,1769490327,2026-01-27T13:05:27,0.11
6,165-189,1769490616,2026-01-27T13:10:16,0.11
6,165-189,1769490917,2026-01-27T13:15:17,0.11
6,165-189,1769491216,2026-01-27T13:20:16,0.11
6,165-189,1769491519,2026-01-27T13:25:19,0.11
6,165-189,1769491818,2026-01-27T13:30:18,0.11
6,165-189,1769492116,2026-01-27T13:35:16,0.11
6,165-189,1769492416,2026-01-27T13:40:16,0.11
6,165-189,1769492716,2026-01-27T13:45:16,0.11
6,165-189,1769493018,2026-01-27T13:50:18,0.11
6,165-189,1769493316,2026-01-27T13:55:16,0.11
6,165-189,1769493620,2026-01-27T14:00:20,0.11
6,165-189,1769493916,2026-01-27T14:05:16,0.11
6,165-189,1769494216,2026-01-27T14:10:16,0.11
6,165-189,1769494538,2026-01-27T14:15:38,0.11
6,165-189,1769494816,2026-01-27T14:20:16,0.11
6,165-189,1769495119,2026-01-27T14:25:19,0.11
6,165-189,1769495419,2026-01-27T14:30:19,0.11
6,165-189,1769495739,2026-01-27T14:35:39,0.11
6,165-189,1769496019,2026-01-27T14:40:19,0.11
6,165-189,1769496316,2026-01-27T14:45:16,0.11
6,165-189,1769496618,2026-01-27T14:50:18,0.11
6,165-189,1769496918,2026-01-27T14:55:18,0.11
6,165-189,1769497227,2026-01-27T15:00:27,0.11
6,165-189,1769497518,2026-01-27T15:05:18,0.11
6,165-189,1769497816,2026-01-27T15:10:16,0.11
6,165-189,1769498116,2026-01-27T15:15:16,0.11
6,165-189,1769498416,2026-01-27T15:20:16,0.11
6,165-189,1769498716,2026-01-27T15:25:16,0.11
6,165-189,1769499041,2026-01-27T15:30:41,0.11
6,165-189,1769499316,2026-01-27T15:35:16,0.11
6,165-189,1769499622,2026-01-27T15:40:22,0.11
6,165-189,1769499916,2026-01-27T15:45:16,0.11
6,165-189,1769500219,2026-01-27T15:50:19,0.11
6,165-189,1769500516,2026-01-27T15:55:16,0.1
6,165-189,1769500821,2026-01-27T16:00:21,0.1
6,165-189,1769501117,2026-01-27T16:05:17,0.1
6,165-189,1769501417,2026-01-27T16:10:17,0.1
6,165-189,1769501716,2026-01-27T16:15:16,0.1
6,165-189,1769502029,2026-01-27T16:20:29,0.1
6,165-189,1769502318,2026-01-27T16:25:18,0.1
6,165-189,1769502618,2026-01-27T16:30:18,0.1
6,165-189,1769502917,2026-01-27T16:35:17,0.1
6,165-189,1769503217,2026-01-27T16:40:17,0.095
6,165-189,1769503517,2026-01-27T16:45:17,0.1
6,165-189,1769503820,2026-01-27T16:50:20,0.1
6,165-189,1769504117,2026-01-27T16:55:17,0.095
6,165-189,1769504421,2026-01-27T17:00:21,0.1
6,165-189,1769504716,2026-01-27T17:05:16,0.1
6,165-189,1769505017,2026-01-27T17:10:17,0.1
6,165-189,1769505319,2026-01-27T17:15:19,0.09
6,165-189,1769505617,2026-01-27T17:20:17,0.09
6,165-189,1769505918,2026-01-27T17:25:18,0.09
6,165-189,1769506218,2026-01-27T17:30:18,0.09
6,165-189,1769506518,2026-01-27T17:35:18,0.09
6,165-189,1769506840,2026-01-27T17:40:40,0.09
6,165-189,1769507118,2026-01-27T17:45:18,0.095
6,165-189,1769507417,2026-01-27T17:50:17,0.09
6,165-189,1769507716,2026-01-27T17:55:16,0.09
6,165-189,1769508027,2026-01-27T18:00:27,0.09
6,165-189,1769508316,2026-01-27T18:05:16,0.085
6,165-189,1769508635,2026-01-27T18:10:35,0.09
6,165-189,1769508916,2026-01-27T18:15:16,0.09
6,165-189,1769509219,2026-01-27T18:20:19,0.09
6,165-189,1769509517,2026-01-27T18:25:17,0.09
6,165-189,1769509818,2026-01-27T18:30:18,0.09
6,165-189,1769510117,2026-01-27T18:35:17,0.09
6,165-189,1769510417,2026-01-27T18:40:17,0.085
6,165-189,1769510738,2026-01-27T18:45:38,0.09
6,165-189,1769511016,2026-01-27T18:50:16,0.085
6,165-189,1769511329,2026-01-27T18:55:29,0.085
6,165-189,1769511619,2026-01-27T19:00:19,0.085
6,165-189,1769511917,2026-01-27T19:05:17,0.085
6,165-189,1769512255,2026-01-27T19:10:55,0.085
6,165-189,1769512527,2026-01-27T19:15:27,0.085
6,165-189,1769512817,2026-01-27T19:20:17,0.085
6,165-189,1769513117,2026-01-27T19:25:17,0.085
6,165-189,1769513418,2026-01-27T19:30:18,0.085
6,165-189,1769513730,2026-01-27T19:35:30,0.085
6,165-189,1769514019,2026-01-27T19:40:19,0.085
6,165-189,1769514316,2026-01-27T19:45:16,0.085
6,165-189,1769514616,2026-01-27T19:50:16,0.085
6,165-189,1769514917,2026-01-27T19:55:17,0.085
6,165-189,1769515226,2026-01-27T20:00:26,0.085
6,165-189,1769515555,2026-01-27T20:05:55,0.085
6,165-189,1769515817,2026-01-27T20:10:17,0.085
6,165-189,1769516116,2026-01-27T20:15:16,0.085
6,165-189,1769516417,2026-01-27T20:20:17,0.085
6,165-189,1769516717,2026-01-27T20:25:17,0.085
6,165-189,1769517019,2026-01-27T20:30:19,0.085
6,165-189,1769517321,2026-01-27T20:35:21,0.085
6,165-189,1769517628,2026-01-27T20:40:28,0.085
6,165-189,1769517917,2026-01-27T20:45:17,0.085
6,165-189,1769518238,2026-01-27T20:50:38,0.085
6,165-189,1769518518,2026-01-27T20:55:18,0.085
6,165-189,1769518832,2026-01-27T21:00:32,0.085
6,165-189,1769519116,2026-01-27T21:05:16,0.085
6,165-189,1769519417,2026-01-27T21:10:17,0.085
6,165-189,1769519718,2026-01-27T21:15:18,0.085
6,165-189,1769520021,2026-01-27T21:20:21,0.085
6,165-189,1769520317,2026-01-27T21:25:17,0.085
6,165-189,1769520619,2026-01-27T21:30:19,0.085
6,165-189,1769520916,2026-01-27T21:35:16,0.085
6,165-189,1769521217,2026-01-27T21:40:17,0.085
6,165-189,1769521523,2026-01-27T21:45:23,0.085
6,165-189,1769521821,2026-01-27T21:50:21,0.085
6,165-189,1769522118,2026-01-27T21:55:18,0.08
6,165-189,1769522419,2026-01-27T22:00:19,0.08
6,165-189,1769522717,2026-01-27T22:05:17,0.08
6,165-189,1769523017,2026-01-27T22:10:17,0.08
6,165-189,1769523320,2026-01-27T22:15:20,0.08
6,165-189,1769523618,2026-01-27T22:20:18,0.08
6,165-189,1769523918,2026-01-27T22:25:18,0.08
6,165-189,1769524218,2026-01-27T22:30:18,0.08
6,165-189,1769524518,2026-01-27T22:35:18,0.08
6,165-189,1769524821,2026-01-27T22:40:21,0.08
6,165-189,1769525118,2026-01-27T22:45:18,0.08
6,165-189,1769525418,2026-01-27T22:50:18,0.085
6,165-189,1769525718,2026-01-27T22:55:18,0.085
6,165-189,1769526021,2026-01-27T23:00:21,0.085
6,165-189,1769526340,2026-01-27T23:05:40,0.085
6,165-189,1769526621,2026-01-27T23:10:21,0.085
6,165-189,1769526916,2026-01-27T23:15:16,0.085
6,165-189,1769527216,2026-01-27T23:20:16,0.085
6,165-189,1769527518,2026-01-27T23:25:18,0.085
6,165-189,1769527819,2026-01-27T23:30:19,0.085
6,165-189,1769528140,2026-01-27T23:35:40,0.085
6,165-189,1769528418,2026-01-27T23:40:18,0.085
6,165-189,1769528717,2026-01-27T23:45:17,0.085
6,165-189,1769529016,2026-01-27T23:50:16,0.085
6,165-189,1769529316,2026-01-27T23:55:16,0.085
6,165-189,1769529619,2026-01-28T00:00:19,0.085
6,165-189,1769529921,2026-01-28T00:05:21,0.085
6,165-189,1769530217,2026-01-28T00:10:17,0.085
6,165-189,1769530516,2026-01-28T00:15:16,0.085
6,165-189,1769530816,2026-01-28T00:20:16,0.085
6,165-189,1769531121,2026-01-28T00:25:21,0.085
6,165-189,1769531418,2026-01-28T00:30:18,0.085
6,165-189,1769531716,2026-01-28T00:35:16,0.085
6,165-189,1769532016,2026-01-28T00:40:16,0.085
6,165-189,1769532317,2026-01-28T00:45:17,0.085
6,165-189,1769532620,2026-01-28T00:50:20,0.085
6,165-189,1769532916,2026-01-28T00:55:16,0.085
6,165-189,1769533219,2026-01-28T01:00:19,0.085
6,165-189,1769533521,2026-01-28T01:05:21,0.085
6,165-189,1769533818,2026-01-28T01:10:18,0.085
6,165-189,1769534116,2026-01-28T01:15:16,0.085
6,165-189,1769534417,2026-01-28T01:20:17,0.085
6,165-189,1769534721,2026-01-28T01:25:21,0.085
6,165-189,1769535043,2026-01-28T01:30:43,0.085
6,165-189,1769535318,2026-01-28T01:35:18,0.085
6,165-189,1769535617,2026-01-28T01:40:17,0.085
6,165-189,1769535917,2026-01-28T01:45:17,0.085
6,165-189,1769536222,2026-01-28T01:50:22,0.085
6,165-189,1769536517,2026-01-28T01:55:17,0.085
6,165-189,1769536822,2026-01-28T02:00:22,0.085
6,165-189,1769537116,2026-01-28T02:05:16,0.085
6,165-189,1769537417,2026-01-28T02:10:17,0.085
6,165-189,1769537721,2026-01-28T02:15:21,0.085
6,165-189,1769538017,2026-01-28T02:20:17,0.085
6,165-189,1769538317,2026-01-28T02:25:17,0.085
6,165-189,1769538619,2026-01-28T02:30:19,0.085
6,165-189,1769538916,2026-01-28T02:35:16,0.085
6,165-189,1769539242,2026-01-28T02:40:42,0.085
6,165-189,1769539517,2026-01-28T02:45:17,0.085
6,165-189,1769539817,2026-01-28T02:50:17,0.085
6,165-189,1769540117,2026-01-28T02:55:17,0.085
6,165-189,1769540420,2026-01-28T03:00:20,0.085
6,165-189,1769540722,2026-01-28T03:05:22,0.085
6,165-189,1769541018,2026-01-28T03:10:18,0.085
6,165-189,1769541318,2026-01-28T03:15:18,0.085
6,165-189,1769541616,2026-01-28T03:20:16,0.085
6,165-189,1769541917,2026-01-28T03:25:17,0.085
6,165-189,1769542224,2026-01-28T03:30:24,0.085
6,165-189,1769542517,2026-01-28T03:35:17,0.085
6,165-189,1769542817,2026-01-28T03:40:17,0.08
6,165-189,1769543117,2026-01-28T03:45:17,0.08
6,165-189,1769543416,2026-01-28T03:50:16,0.08
6,165-189,1769543722,2026-01-28T03:55:22,0.08
6,165-189,1769544019,2026-01-28T04:00:19,0.08
6,165-189,1769544339,2026-01-28T04:05:39,0.08
6,165-189,1769544617,2026-01-28T04:10:17,0.08
6,165-189,1769544917,2026-01-28T04:15:17,0.08
6,165-189,1769545217,2026-01-28T04:20:17,0.08
6,165-189,1769545516,2026-01-28T04:25:16,0.08
6,165-189,1769545819,2026-01-28T04:30:19,0.08
6,165-189,1769546120,2026-01-28T04:35:20,0.08
6,165-189,1769546416,2026-01-28T04:40:16,0.08
6,165-189,1769546717,2026-01-28T04:45:17,0.08
6,165-189,1769547021,2026-01-28T04:50:21,0.08
6,165-189,1769547317,2026-01-28T04:55:17,0.08
6,165-189,1769547622,2026-01-28T05:00:22,0.08
6,165-189,1769547916,2026-01-28T05:05:16,0.08
6,165-189,1769548217,2026-01-28T05:10:17,0.08
6,165-189,1769548521,2026-01-28T05:15:21,0.08
6,165-189,1769548816,2026-01-28T05:20:16,0.08
6,165-189,1769549117,2026-01-28T05:25:17,0.085
6,165-189,1769549419,2026-01-28T05:30:19,0.085
6,165-189,1769549717,2026-01-28T05:35:17,0.085
6,165-189,1769550021,2026-01-28T05:40:21,0.085
6,165-189,1769550317,2026-01-28T05:45:17,0.085
6,165-189,1769550621,2026-01-28T05:50:21,0.085
6,165-189,1769550918,2026-01-28T05:55:18,0.085
6,165-189,1769551219,2026-01-28T06:00:19,0.085
6,165-189,1769551516,2026-01-28T06:05:16,0.085
6,165-189,1769551817,2026-01-28T06:10:17,0.085
6,165-189,1769552122,2026-01-28T06:15:22,0.085
6,165-189,1769552417,2026-01-28T06:20:17,0.085
6,165-189,1769552717,2026-01-28T06:25:17,0.085
6,165-189,1769553020,2026-01-28T06:30:20,0.085
6,165-189,1769553316,2026-01-28T06:35:16,0.085
6,165-189,1769553640,2026-01-28T06:40:40,0.085
6,165-189,1769553917,2026-01-28T06:45:17,0.085
6,165-189,1769554216,2026-01-28T06:50:16,0.085
6,165-189,1769554516,2026-01-28T06:55:16,0.085
6,165-189,1769554821,2026-01-28T07:00:21,0.085
6,165-189,1769555116,2026-01-28T07:05:16,0.085
6,165-189,1769555422,2026-01-28T07:10:22,0.085
6,165-189,1769555721,2026-01-28T07:15:21,0.085
6,165-189,1769556017,2026-01-28T07:20:17,0.085
6,165-189,1769556317,2026-01-28T07:25:17,0.085
6,165-189,1769556621,2026-01-28T07:30:21,0.085
6,165-189,1769556916,2026-01-28T07:35:16,0.085
6,165-189,1769557223,2026-01-28T07:40:23,0.085
6,165-189,1769557517,2026-01-28T07:45:17,0.085
6,165-189,1769557817,2026-01-28T07:50:17,0.085
6,165-189,1769558117,2026-01-28T07:55:17,0.085
6,165-189,1769558428,2026-01-28T08:00:28,0.085
6,165-189,1769558733,2026-01-28T08:05:33,0.085
6,165-189,1769559022,2026-01-28T08:10:22,0.085
6,165-189,1769559316,2026-01-28T08:15:16,0.085
6,165-189,1769559617,2026-01-28T08:20:17,0.085
6,165-189,1769559918,2026-01-28T08:25:18,0.085
6,165-189,1769560219,2026-01-28T08:30:19,0.08
6,165-189,1769560521,2026-01-28T08:35:21,0.08
6,165-189,1769560817,2026-01-28T08:40:17,0.08
6,165-189,1769561117,2026-01-28T08:45:17,0.08
6,165-189,1769561417,2026-01-28T08:50:17,0.08
6,165-189,1769561717,2026-01-28T08:55:17,0.08
6,165-189,1769562036,2026-01-28T09:00:36,0.08
6,165-189,1769562317,2026-01-28T09:05:17,0.08
6,165-189,1769562618,2026-01-28T09:10:18,0.08
6,165-189,1769562935,2026-01-28T09:15:35,0.08
6,165-189,1769563218,2026-01-28T09:20:18,0.08
6,165-189,1769563517,2026-01-28T09:25:17,0.08
6,165-189,1769563819,2026-01-28T09:30:19,0.08
6,165-189,1769564116,2026-01-28T09:35:16,0.075
6,165-189,1769564417,2026-01-28T09:40:17,0.075
6,165-189,1769564721,2026-01-28T09:45:21,0.075
6,165-189,1769565016,2026-01-28T09:50:16,0.075
6,165-189,1769565317,2026-01-28T09:55:17,0.08
6,165-189,1769565624,2026-01-28T10:00:24,0.07
6,165-189,1769565917,2026-01-28T10:05:17,0.07
6,165-189,1769566218,2026-01-28T10:10:18,0.07
6,165-189,1769566517,2026-01-28T10:15:17,0.07
6,165-189,1769566817,2026-01-28T10:20:17,0.07
6,165-189,1769567121,2026-01-28T10:25:21,0.07
6,165-189,1769567420,2026-01-28T10:30:20,0.07
6,165-189,1769567718,2026-01-28T10:35:18,0.07
6,165-189,1769568016,2026-01-28T10:40:16,0.07
6,165-189,1769568318,2026-01-28T10:45:18,0.07
6,165-189,1769568621,2026-01-28T10:50:21,0.07
6,165-189,1769568917,2026-01-28T10:55:17,0.07
6,165-189,1769569225,2026-01-28T11:00:25,0.07
6,165-189,1769569517,2026-01-28T11:05:17,0.07
6,165-189,1769569818,2026-01-28T11:10:18,0.07
6,165-189,1769570117,2026-01-28T11:15:17,0.07
6,165-189,1769570414,2026-01-28T11:20:14,0.07
6,165-189,1769570435,2026-01-28T11:20:35,0.07
6,165-189,1769570721,2026-01-28T11:25:21,0.07
6,165-189,1769571020,2026-01-28T11:30:20,0.07
6,165-189,1769571316,2026-01-28T11:35:16,0.07
6,165-189,1769571617,2026-01-28T11:40:17,0.07
6,165-189,1769571917,2026-01-28T11:45:17,0.07
6,165-189,1769572222,2026-01-28T11:50:22,0.07
6,165-189,1769572517,2026-01-28T11:55:17,0.07
6,165-189,1769572846,2026-01-28T12:00:46,0.07
6,165-189,1769573117,2026-01-28T12:05:17,0.07
6,165-189,1769573417,2026-01-28T12:10:17,0.07
6,165-189,1769573717,2026-01-28T12:15:17,0.07
6,165-189,1769574017,2026-01-28T12:20:17,0.07
6,165-189,1769574320,2026-01-28T12:25:20,0.07
6,165-189,1769574623,2026-01-28T12:30:23,0.07
6,165-189,1769574916,2026-01-28T12:35:16,0.07
6,165-189,1769575217,2026-01-28T12:40:17,0.07
6,165-189,1769575517,2026-01-28T12:45:17,0.07
6,165-189,1769575822,2026-01-28T12:50:22,0.07
6,165-189,1769576117,2026-01-28T12:55:17,0.07
6,165-189,1769576420,2026-01-28T13:00:20,0.07
6,165-189,1769576716,2026-01-28T13:05:16,0.07
6,165-189,1769577016,2026-01-28T13:10:16,0.07
6,165-189,1769577322,2026-01-28T13:15:22,0.07
6,165-189,1769577641,2026-01-28T13:20:41,0.07
6,165-189,1769577917,2026-01-28T13:25:17,0.07
6,165-189,1769578219,2026-01-28T13:30:19,0.07
6,165-189,1769578517,2026-01-28T13:35:17,0.07
6,165-189,1769578816,2026-01-28T13:40:16,0.07
6,165-189,1769579130,2026-01-28T13:45:30,0.07
6,165-189,1769579421,2026-01-28T13:50:21,0.065
6,165-189,1769579717,2026-01-28T13:55:17,0.065
6,165-189,1769580021,2026-01-28T14:00:21,0.065
6,165-189,1769580317,2026-01-28T14:05:17,0.065
6,165-189,1769580617,2026-01-28T14:10:17,0.065
6,165-189,1769580921,2026-01-28T14:15:21,0.065
6,165-189,1769581218,2026-01-28T14:20:18,0.065
6,165-189,1769581517,2026-01-28T14:25:17,0.065
6,165-189,1769581821,2026-01-28T14:30:21,0.065
6,165-189,1769582143,2026-01-28T14:35:43,0.065
6,165-189,1769582417,2026-01-28T14:40:17,0.065
6,165-189,1769582722,2026-01-28T14:45:22,0.065
6,165-189,1769583016,2026-01-28T14:50:16,0.065
6,165-189,1769583317,2026-01-28T14:55:17,0.065
6,165-189,1769583621,2026-01-28T15:00:21,0.065
6,165-189,1769583916,2026-01-28T15:05:16,0.065
6,165-189,1769584222,2026-01-28T15:10:22,0.065
6,165-189,1769584517,2026-01-28T15:15:17,0.065
6,165-189,1769584817,2026-01-28T15:20:17,0.065
6,165-189,1769585118,2026-01-28T15:25:18,0.065
6,165-189,1769585420,2026-01-28T15:30:20,0.065
6,165-189,1769585740,2026-01-28T15:35:40,0.065
6,165-189,1769586022,2026-01-28T15:40:22,0.065
6,165-189,1769586317,2026-01-28T15:45:17,0.065
6,165-189,1769586618,2026-01-28T15:50:18,0.065
6,165-189,1769586917,2026-01-28T15:55:17,0.065
6,165-189,1769587220,2026-01-28T16:00:20,0.065
6,165-189,1769587521,2026-01-28T16:05:21,0.065
6,165-189,1769587819,2026-01-28T16:10:19,0.065
6,165-189,1769588116,2026-01-28T16:15:16,0.065
6,165-189,1769588417,2026-01-28T16:20:17,0.065
6,165-189,1769588717,2026-01-28T16:25:17,0.065
6,165-189,1769589043,2026-01-28T16:30:43,0.065
6,165-189,1769589317,2026-01-28T16:35:17,0.065
6,165-189,1769589618,2026-01-28T16:40:18,0.065
6,165-189,1769589917,2026-01-28T16:45:17,0.065
6,165-189,1769590216,2026-01-28T16:50:16,0.065
6,165-189,1769590517,2026-01-28T16:55:17,0.065
6,165-189,1769590828,2026-01-28T17:00:28,0.065
6,165-189,1769591117,2026-01-28T17:05:17,0.065
6,165-189,1769591421,2026-01-28T17:10:21,0.065
6,165-189,1769591717,2026-01-28T17:15:17,0.065
6,165-189,1769592017,2026-01-28T17:20:17,0.065
6,165-189,1769592316,2026-01-28T17:25:16,0.065
6,165-189,1769592621,2026-01-28T17:30:21,0.065
6,165-189,1769592922,2026-01-28T17:35:22,0.065
6,165-189,1769593216,2026-01-28T17:40:16,0.065
6,165-189,1769593516,2026-01-28T17:45:16,0.065
6,165-189,1769593817,2026-01-28T17:50:17,0.07
6,165-189,1769594117,2026-01-28T17:55:17,0.07
6,165-189,1769594451,2026-01-28T18:00:51,0.07
6,165-189,1769594718,2026-01-28T18:05:18,0.07
6,165-189,1769595018,2026-01-28T18:10:18,0.07
6,165-189,1769595318,2026-01-28T18:15:18,0.07
6,165-189,1769595617,2026-01-28T18:20:17,0.07
6,165-189,1769595916,2026-01-28T18:25:16,0.07
6,165-189,1769596225,2026-01-28T18:30:25,0.07
6,165-189,1769596516,2026-01-28T18:35:16,0.07
6,165-189,1769596817,2026-01-28T18:40:17,0.07
6,165-189,1769597117,2026-01-28T18:45:17,0.07
6,165-189,1769597417,2026-01-28T18:50:17,0.07
6,165-189,1769597722,2026-01-28T18:55:22,0.07
6,165-189,1769598020,2026-01-28T19:00:20,0.07
6,165-189,1769598318,2026-01-28T19:05:18,0.07
6,165-189,1769598617,2026-01-28T19:10:17,0.07
6,165-189,1769598917,2026-01-28T19:15:17,0.07
6,165-189,1769599222,2026-01-28T19:20:22,0.07
6,165-189,1769599517,2026-01-28T19:25:17,0.07
6,165-189,1769599820,2026-01-28T19:30:20,0.07
6,165-189,1769600116,2026-01-28T19:35:16,0.07
6,165-189,1769600420,2026-01-28T19:40:20,0.07
6,165-189,1769600744,2026-01-28T19:45:44,0.07
6,165-189,1769601019,2026-01-28T19:50:19,0.07
6,165-189,1769601317,2026-01-28T19:55:17,0.07
6,165-189,1769601630,2026-01-28T20:00:30,0.07
6,165-189,1769601916,2026-01-28T20:05:16,0.07
6,165-189,1769602217,2026-01-28T20:10:17,0.07
6,165-189,1769602526,2026-01-28T20:15:26,0.07
6,165-189,1769602821,2026-01-28T20:20:21,0.07
6,165-189,1769603118,2026-01-28T20:25:18,0.07
6,165-189,1769603420,2026-01-28T20:30:20,0.07
6,165-189,1769603722,2026-01-28T20:35:22,0.07
6,165-189,1769604018,2026-01-28T20:40:18,0.07
6,165-189,1769604317,2026-01-28T20:45:17,0.07
6,165-189,1769604617,2026-01-28T20:50:17,0.07
6,165-189,1769604917,2026-01-28T20:55:17,0.07
6,165-189,1769605244,2026-01-28T21:00:44,0.07
6,165-189,1769605517,2026-01-28T21:05:17,0.07
6,165-189,1769605817,2026-01-28T21:10:17,0.065
6,165-189,1769606118,2026-01-28T21:15:18,0.07
6,165-189,1769606441,2026-01-28T21:20:41,0.07
6,165-189,1769606717,2026-01-28T21:25:17,0.07
6,165-189,1769607020,2026-01-28T21:30:20,0.07
6,165-189,1769607317,2026-01-28T21:35:17,0.065
6,165-189,1769607617,2026-01-28T21:40:17,0.065
6,165-189,1769607931,2026-01-28T21:45:31,0.065
6,165-189,1769608222,2026-01-28T21:50:22,0.065
6,165-189,1769608518,2026-01-28T21:55:18,0.065
6,165-189,1769608821,2026-01-28T22:00:21,0.07
6,165-189,1769609117,2026-01-28T22:05:17,0.07
6,165-189,1769609417,2026-01-28T22:10:17,0.07
6,165-189,1769609723,2026-01-28T22:15:23,0.07
6,165-189,1769610044,2026-01-28T22:20:44,0.07
6,165-189,1769610318,2026-01-28T22:25:18,0.07
6,165-189,1769610620,2026-01-28T22:30:20,0.065
6,165-189,1769610918,2026-01-28T22:35:18,0.065
6,165-189,1769611217,2026-01-28T22:40:17,0.065
6,165-189,1769611517,2026-01-28T22:45:17,0.065
6,165-189,1769611822,2026-01-28T22:50:22,0.065
6,165-189,1769612121,2026-01-28T22:55:21,0.065
6,165-189,1769612423,2026-01-28T23:00:23,0.065
6,165-189,1769612718,2026-01-28T23:05:18,0.065
6,165-189,1769613019,2026-01-28T23:10:19,0.065
6,165-189,1769613321,2026-01-28T23:15:21,0.065
6,165-189,1769613626,2026-01-28T23:20:26,0.065
6,165-189,1769613921,2026-01-28T23:25:21,0.065
6,165-189,1769614222,2026-01-28T23:30:22,0.065
6,165-189,1769614517,2026-01-28T23:35:17,0.065
6,165-189,1769614818,2026-01-28T23:40:18,0.065
6,165-189,1769615118,2026-01-28T23:45:18,0.045
6,165-189,1769615421,2026-01-28T23:50:21,0.045
6,165-189,1769615717,2026-01-28T23:55:17,0.045
6,165-189,1769616021,2026-01-29T00:00:21,0.045
6,165-189,1769616318,2026-01-29T00:05:18,0.045
6,165-189,1769616618,2026-01-29T00:10:18,0.045
6,165-189,1769616921,2026-01-29T00:15:21,0.045
6,165-189,1769617221,2026-01-29T00:20:21,0.045
6,165-189,1769617518,2026-01-29T00:25:18,0.045
6,165-189,1769617821,2026-01-29T00:30:21,0.045
6,165-189,1769618119,2026-01-29T00:35:19,0.045
6,165-189,1769618419,2026-01-29T00:40:19,0.045
6,165-189,1769618722,2026-01-29T00:45:22,0.045
6,165-189,1769619018,2026-01-29T00:50:18,0.045
6,165-189,1769619317,2026-01-29T00:55:17,0.045
6,165-189,1769619624,2026-01-29T01:00:24,0.045
6,165-189,1769619918,2026-01-29T01:05:18,0.045
6,165-189,1769620235,2026-01-29T01:10:35,0.045
6,165-189,1769620517,2026-01-29T01:15:17,0.045
6,165-189,1769620817,2026-01-29T01:20:17,0.035
6,165-189,1769621119,2026-01-29T01:25:19,0.035
6,165-189,1769621421,2026-01-29T01:30:21,0.0355
6,165-189,1769621723,2026-01-29T01:35:23,0.0355
6,165-189,1769622018,2026-01-29T01:40:18,0.0355
6,165-189,1769622318,2026-01-29T01:45:18,0.035
6,165-189,1769622617,2026-01-29T01:50:17,0.0345
6,165-189,1769622917,2026-01-29T01:55:17,0.0345
6,165-189,1769623249,2026-01-29T02:00:49,0.034
6,165-189,1769623522,2026-01-29T02:05:22,0.0345
6,165-189,1769623818,2026-01-29T02:10:18,0.035
6,165-189,1769624118,2026-01-29T02:15:18,0.035
6,165-189,1769624418,2026-01-29T02:20:18,0.035
6,165-189,1769624717,2026-01-29T02:25:17,0.035
6,165-189,1769625026,2026-01-29T02:30:26,0.035
6,165-189,1769625317,2026-01-29T02:35:17,0.035
6,165-189,1769625617,2026-01-29T02:40:17,0.035
6,165-189,1769625917,2026-01-29T02:45:17,0.035
6,165-189,1769626217,2026-01-29T02:50:17,0.035
6,165-189,1769626543,2026-01-29T02:55:43,0.035
6,165-189,1769626822,2026-01-29T03:00:22,0.035
6,165-189,1769627117,2026-01-29T03:05:17,0.035
6,165-189,1769627418,2026-01-29T03:10:18,0.035
6,165-189,1769627718,2026-01-29T03:15:18,0.035
6,165-189,1769628017,2026-01-29T03:20:17,0.035
6,165-189,1769628324,2026-01-29T03:25:24,0.035
6,165-189,1769628622,2026-01-29T03:30:22,0.035
6,165-189,1769628918,2026-01-29T03:35:18,0.035
6,165-189,1769629217,2026-01-29T03:40:17,0.035
6,165-189,1769629518,2026-01-29T03:45:18,0.035
6,165-189,1769629826,2026-01-29T03:50:26,0.0345
6,165-189,1769630117,2026-01-29T03:55:17,0.0345
6,165-189,1769630427,2026-01-29T04:00:27,0.0345
6,165-189,1769630717,2026-01-29T04:05:17,0.0345
6,165-189,1769631017,2026-01-29T04:10:17,0.0345
6,165-189,1769631317,2026-01-29T04:15:17,0.0345
6,165-189,1769631618,2026-01-29T04:20:18,0.0345
6,165-189,1769631922,2026-01-29T04:25:22,0.0345
6,165-189,1769632221,2026-01-29T04:30:21,0.0345
6,165-189,1769632518,2026-01-29T04:35:18,0.034
6,165-189,1769632817,2026-01-29T04:40:17,0.034
6,165-189,1769633117,2026-01-29T04:45:17,0.034
6,165-189,1769633421,2026-01-29T04:50:21,0.034
6,165-189,1769633717,2026-01-29T04:55:17,0.033
6,165-189,1769634023,2026-01-29T05:00:23,0.0325
6,165-189,1769634317,2026-01-29T05:05:17,0.0325
6,165-189,1769634618,2026-01-29T05:10:18,0.0325
6,165-189,1769634922,2026-01-29T05:15:22,0.0325
6,165-189,1769635222,2026-01-29T05:20:22,0.0325
6,165-189,1769635517,2026-01-29T05:25:17,0.032
6,165-189,1769635821,2026-01-29T05:30:21,0.032
6,165-189,1769636117,2026-01-29T05:35:17,0.032
6,165-189,1769636418,2026-01-29T05:40:18,0.032
6,165-189,1769636744,2026-01-29T05:45:44,0.032
6,165-189,1769637018,2026-01-29T05:50:18,0.032
6,165-189,1769637318,2026-01-29T05:55:18,0.032
6,165-189,1769637622,2026-01-29T06:00:22,0.032
6,165-189,1769637943,2026-01-29T06:05:43,0.032
6,165-189,1769638218,2026-01-29T06:10:18,0.0315
6,165-189,1769638518,2026-01-29T06:15:18,0.0315
6,165-189,1769638818,2026-01-29T06:20:18,0.0315
6,165-189,1769639118,2026-01-29T06:25:18,0.0315
6,165-189,1769639423,2026-01-29T06:30:23,0.0315
6,165-189,1769639722,2026-01-29T06:35:22,0.0315
6,165-189,1769640018,2026-01-29T06:40:18,0.0315
6,165-189,1769640318,2026-01-29T06:45:18,0.0315
6,165-189,1769640623,2026-01-29T06:50:23,0.0315
6,165-189,1769640918,2026-01-29T06:55:18,0.0315
6,165-189,1769641222,2026-01-29T07:00:22,0.0315
6,165-189,1769641519,2026-01-29T07:05:19,0.0315
6,165-189,1769641819,2026-01-29T07:10:19,0.0315
6,165-189,1769642144,2026-01-29T07:15:44,0.0315
6,165-189,1769642417,2026-01-29T07:20:17,0.0315
6,165-189,1769642718,2026-01-29T07:25:18,0.0315
6,165-189,1769643022,2026-01-29T07:30:22,0.0315
6,165-189,1769643318,2026-01-29T07:35:18,0.0315
6,165-189,1769643619,2026-01-29T07:40:19,0.0325
6,165-189,1769643922,2026-01-29T07:45:22,0.0325
6,165-189,1769644219,2026-01-29T07:50:19,0.0325
6,165-189,1769644522,2026-01-29T07:55:22,0.0325
6,165-189,1769644844,2026-01-29T08:00:44,0.0325
6,165-189,1769645118,2026-01-29T08:05:18,0.0325
6,165-189,1769645417,2026-01-29T08:10:17,0.0325
6,165-189,1769645716,2026-01-29T08:15:16,0.0325
6,165-189,1769646017,2026-01-29T08:20:17,0.0325
6,165-189,1769646317,2026-01-29T08:25:17,0.0325
6,165-189,1769646621,2026-01-29T08:30:21,0.0325
6,165-189,1769646918,2026-01-29T08:35:18,0.0325
6,165-189,1769647217,2026-01-29T08:40:17,0.0325
6,165-189,1769647518,2026-01-29T08:45:18,0.0325
6,165-189,1769647818,2026-01-29T08:50:18,0.0325
6,165-189,1769648117,2026-01-29T08:55:17,0.0325
6,165-189,1769648421,2026-01-29T09:00:21,0.0325
6,165-189,1769648718,2026-01-29T09:05:18,0.0325
6,165-189,1769649017,2026-01-29T09:10:17,0.0325
6,165-189,1769649318,2026-01-29T09:15:18,0.0325
6,165-189,1769649618,2026-01-29T09:20:18,0.032
6,165-189,1769649918,2026-01-29T09:25:18,0.032
6,165-189,1769650222,2026-01-29T09:30:22,0.032
6,165-189,1769650528,2026-01-29T09:35:28,0.032
6,165-189,1769650818,2026-01-29T09:40:18,0.032
6,165-189,1769651117,2026-01-29T09:45:17,0.032
6,165-189,1769651417,2026-01-29T09:50:17,0.0315
6,165-189,1769651717,2026-01-29T09:55:17,0.0315
6,165-189,1769652022,2026-01-29T10:00:22,0.0315
6,165-189,1769652317,2026-01-29T10:05:17,0.0315
6,165-189,1769652619,2026-01-29T10:10:19,0.0315
6,165-189,1769652917,2026-01-29T10:15:17,0.0315
6,165-189,1769653218,2026-01-29T10:20:18,0.031
6,165-189,1769653534,2026-01-29T10:25:34,0.031
6,165-189,1769653823,2026-01-29T10:30:23,0.0315
6,165-189,1769654119,2026-01-29T10:35:19,0.0315
6,165-189,1769654417,2026-01-29T10:40:17,0.0315
6,165-189,1769654718,2026-01-29T10:45:18,0.0315
6,165-189,1769655018,2026-01-29T10:50:18,0.031
6,165-189,1769655319,2026-01-29T10:55:19,0.031
6,165-189,1769655626,2026-01-29T11:00:26,0.031
6,165-189,1769655933,2026-01-29T11:05:33,0.0315
6,165-189,1769656219,2026-01-29T11:10:19,0.0315
6,165-189,1769656517,2026-01-29T11:15:17,0.0315
6,165-189,1769656819,2026-01-29T11:20:19,0.0315
6,165-189,1769657118,2026-01-29T11:25:18,0.0315
6,165-189,1769657422,2026-01-29T11:30:22,0.0315
6,165-189,1769657717,2026-01-29T11:35:17,0.0315
6,165-189,1769658019,2026-01-29T11:40:19,0.0315
6,165-189,1769658319,2026-01-29T11:45:19,0.0315
6,165-189,1769658619,2026-01-29T11:50:19,0.0315
6,165-189,1769658918,2026-01-29T11:55:18,0.031
6,165-189,1769659223,2026-01-29T12:00:23,0.031
6,165-189,1769659518,2026-01-29T12:05:18,0.0325
6,165-189,1769659820,2026-01-29T12:10:20,0.0335
6,165-189,1769660119,2026-01-29T12:15:19,0.0335
6,165-189,1769660418,2026-01-29T12:20:18,0.0335
6,165-189,1769660749,2026-01-29T12:25:49,0.0335
6,165-189,1769661023,2026-01-29T12:30:23,0.033
6,165-189,1769661319,2026-01-29T12:35:19,0.033
6,165-189,1769661619,2026-01-29T12:40:19,0.033
6,165-189,1769661917,2026-01-29T12:45:17,0.033
6,165-189,1769662220,2026-01-29T12:50:20,0.033
6,165-189,1769662518,2026-01-29T12:55:18,0.033
6,165-189,1769662822,2026-01-29T13:00:22,0.033
6,165-189,1769663118,2026-01-29T13:05:18,0.033
6,165-189,1769663417,2026-01-29T13:10:17,0.033
6,165-189,1769663718,2026-01-29T13:15:18,0.0335
6,165-189,1769664018,2026-01-29T13:20:18,0.0335
6,165-189,1769664319,2026-01-29T13:25:19,0.0335
6,165-189,1769664623,2026-01-29T13:30:23,0.0335
6,165-189,1769664918,2026-01-29T13:35:18,0.0335
6,165-189,1769665217,2026-01-29T13:40:17,0.0335
6,165-189,1769665518,2026-01-29T13:45:18,0.0335
6,165-189,1769665817,2026-01-29T13:50:17,0.034
6,165-189,1769666139,2026-01-29T13:55:39,0.0345
6,165-189,1769666425,2026-01-29T14:00:25,0.0345
6,165-189,1769666717,2026-01-29T14:05:17,0.0345
6,165-189,1769667018,2026-01-29T14:10:18,0.0345
6,165-189,1769667318,2026-01-29T14:15:18,0.0345
6,165-189,1769667618,2026-01-29T14:20:18,0.0345
6,165-189,1769667920,2026-01-29T14:25:20,0.0345
6,165-189,1769668222,2026-01-29T14:30:22,0.0345
6,165-189,1769668541,2026-01-29T14:35:41,0.0345
6,165-189,1769668820,2026-01-29T14:40:20,0.0345
6,165-189,1769669118,2026-01-29T14:45:18,0.0335
6,165-189,1769669418,2026-01-29T14:50:18,0.0335
6,165-189,1769669717,2026-01-29T14:55:17,0.0335
6,165-189,1769670025,2026-01-29T15:00:25,0.0305
6,165-189,1769670319,2026-01-29T15:05:19,0.0305
6,165-189,1769670618,2026-01-29T15:10:18,0.0305
6,165-189,1769670918,2026-01-29T15:15:18,0.0305
6,165-189,1769671217,2026-01-29T15:20:17,0.0305
6,165-189,1769671518,2026-01-29T15:25:18,0.0285
6,165-189,1769671846,2026-01-29T15:30:46,0.0295
6,165-189,1769672118,2026-01-29T15:35:18,0.032
6,165-189,1769672429,2026-01-29T15:40:29,0.032
6,165-189,1769672717,2026-01-29T15:45:17,0.032
6,165-189,1769673021,2026-01-29T15:50:21,0.0315
6,165-189,1769673318,2026-01-29T15:55:18,0.03
6,165-189,1769673623,2026-01-29T16:00:23,0.0325
6,165-189,1769673919,2026-01-29T16:05:19,0.034
6,165-189,1769674218,2026-01-29T16:10:18,0.0465
6,165-189,1769674517,2026-01-29T16:15:17,0.0475
6,165-189,1769674817,2026-01-29T16:20:17,0.048
6,165-189,1769675118,2026-01-29T16:25:18,0.0485
6,165-189,1769675425,2026-01-29T16:30:25,0.047
6,165-189,1769675717,2026-01-29T16:35:17,0.0485
6,165-189,1769676042,2026-01-29T16:40:42,0.0485
6,165-189,1769676318,2026-01-29T16:45:18,0.0505
6,165-189,1769676619,2026-01-29T16:50:19,0.051
6,165-189,1769676917,2026-01-29T16:55:17,0.047
6,165-189,1769677227,2026-01-29T17:00:27,0.049
6,165-189,1769677517,2026-01-29T17:05:17,0.049
6,165-189,1769677820,2026-01-29T17:10:20,0.049
6,165-189,1769678118,2026-01-29T17:15:18,0.049
6,165-189,1769678419,2026-01-29T17:20:19,0.0495
6,165-189,1769678718,2026-01-29T17:25:18,0.0495
6,165-189,1769679023,2026-01-29T17:30:23,0.0545
6,165-189,1769679320,2026-01-29T17:35:20,0.0545
6,165-189,1769679618,2026-01-29T17:40:18,0.0545
6,165-189,1769679918,2026-01-29T17:45:18,0.0545
6,165-189,1769680218,2026-01-29T17:50:18,0.0545
6,165-189,1769680518,2026-01-29T17:55:18,0.0545
6,165-189,1769680827,2026-01-29T18:00:27,0.0545
6,165-189,1769681117,2026-01-29T18:05:17,0.0545
6,165-189,1769681419,2026-01-29T18:10:19,0.0545
6,165-189,1769681718,2026-01-29T18:15:18,0.0555
6,165-189,1769682019,2026-01-29T18:20:19,0.0555
6,165-189,1769682321,2026-01-29T18:25:21,0.0555
6,165-189,1769682623,2026-01-29T18:30:23,0.0555
6,165-189,1769682918,2026-01-29T18:35:18,0.0555
6,165-189,1769683218,2026-01-29T18:40:18,0.0565
6,165-189,1769683518,2026-01-29T18:45:18,0.0565
6,165-189,1769683822,2026-01-29T18:50:22,0.0595
6,165-189,1769684118,2026-01-29T18:55:18,0.058
6,165-189,1769684424,2026-01-29T19:00:24,0.058
6,165-189,1769684717,2026-01-29T19:05:17,0.0575
6,165-189,1769685018,2026-01-29T19:10:18,0.059
6,165-189,1769685321,2026-01-29T19:15:21,0.0575
6,165-189,1769685618,2026-01-29T19:20:18,0.057
6,165-189,1769685918,2026-01-29T19:25:18,0.0565
6,165-189,1769686222,2026-01-29T19:30:22,0.0575
6,165-189,1769686518,2026-01-29T19:35:18,0.057
6,165-189,1769686822,2026-01-29T19:40:22,0.057
6,165-189,1769687118,2026-01-29T19:45:18,0.057
6,165-189,1769687419,2026-01-29T19:50:19,0.0565
6,165-189,1769687744,2026-01-29T19:55:44,0.0535
6,165-189,1769688034,2026-01-29T20:00:34,0.054
6,165-189,1769688318,2026-01-29T20:05:18,0.055
6,165-189,1769688618,2026-01-29T20:10:18,0.054
6,165-189,1769688918,2026-01-29T20:15:18,0.053
6,165-189,1769689218,2026-01-29T20:20:18,0.055
6,165-189,1769689522,2026-01-29T20:25:22,0.053
6,165-189,1769689822,2026-01-29T20:30:22,0.055
6,165-189,1769690118,2026-01-29T20:35:18,0.055
6,165-189,1769690419,2026-01-29T20:40:19,0.055
6,165-189,1769690717,2026-01-29T20:45:17,0.055
6,165-189,1769691022,2026-01-29T20:50:22,0.0545
6,165-189,1769691319,2026-01-29T20:55:19,0.0565
6,165-189,1769691623,2026-01-29T21:00:23,0.06
6,165-189,1769691918,2026-01-29T21:05:18,0.059
6,165-189,1769692218,2026-01-29T21:10:18,0.059
6,165-189,1769692522,2026-01-29T21:15:22,0.058
6,165-189,1769692822,2026-01-29T21:20:22,0.0595
6,165-189,1769693119,2026-01-29T21:25:19,0.059
6,165-189,1769693423,2026-01-29T21:30:23,0.0595
6,165-189,1769693718,2026-01-29T21:35:18,0.0635
6,165-189,1769694018,2026-01-29T21:40:18,0.0645
6,165-189,1769694331,2026-01-29T21:45:31,0.064
6,165-189,1769694618,2026-01-29T21:50:18,0.0645
6,165-189,1769694922,2026-01-29T21:55:22,0.0645
6,165-189,1769695223,2026-01-29T22:00:23,0.0635
6,165-189,1769695519,2026-01-29T22:05:19,0.0645
6,165-189,1769695846,2026-01-29T22:10:46,0.0605
6,165-189,1769696118,2026-01-29T22:15:18,0.055
6,165-189,1769696420,2026-01-29T22:20:20,0.0565
6,165-189,1769696718,2026-01-29T22:25:18,0.057
6,165-189,1769697024,2026-01-29T22:30:24,0.058
6,165-189,1769697318,2026-01-29T22:35:18,0.0585
6,165-189,1769697623,2026-01-29T22:40:23,0.062
6,165-189,1769697918,2026-01-29T22:45:18,0.063
6,165-189,1769698219,2026-01-29T22:50:19,0.06
6,165-189,1769698519,2026-01-29T22:55:19,0.065
6,165-189,1769698826,2026-01-29T23:00:26,0.0635
6,165-189,1769699122,2026-01-29T23:05:22,0.069
6,165-189,1769699419,2026-01-29T23:10:19,0.069
6,165-189,1769699756,2026-01-29T23:15:56,0.073
6,165-189,1769700319,2026-01-29T23:25:19,0.0715
6,165-189,1769700627,2026-01-29T23:30:27,0.071
6,165-189,1769700918,2026-01-29T23:35:18,0.072
6,165-189,1769701218,2026-01-29T23:40:18,0.0715
6,165-189,1769701518,2026-01-29T23:45:18,0.0715
6,165-189,1769702122,2026-01-29T23:55:22,0.072
6,165-189,1769702423,2026-01-30T00:00:23,0.0715
6,165-189,1769702718,2026-01-30T00:05:18,0.072
6,165-189,1769703018,2026-01-30T00:10:18,0.063
6,165-189,1769703319,2026-01-30T00:15:19,0.061
6,165-189,1769703646,2026-01-30T00:20:46,0.0605
6,165-189,1769703919,2026-01-30T00:25:19,0.057
6,165-189,1769704223,2026-01-30T00:30:23,0.0595
6,165-189,1769704519,2026-01-30T00:35:19,0.0625
6,165-189,1769704819,2026-01-30T00:40:19,0.0615
6,165-189,1769705120,2026-01-30T00:45:20,0.0615
6,165-189,1769705423,2026-01-30T00:50:23,0.058
6,165-189,1769705720,2026-01-30T00:55:20,0.0585
6,165-189,1769706023,2026-01-30T01:00:23,0.0525
6,165-189,1769706319,2026-01-30T01:05:19,0.0605
6,165-189,1769706619,2026-01-30T01:10:19,0.062
6,165-189,1769706923,2026-01-30T01:15:23,0.0635
6,165-189,1769707219,2026-01-30T01:20:19,0.067
6,165-189,1769707835,2026-01-30T01:30:35,0.063
6,165-189,1769708120,2026-01-30T01:35:20,0.0635
6,165-189,1769708419,2026-01-30T01:40:19,0.065
6,165-189,1769708719,2026-01-30T01:45:19,0.065
6,165-189,1769709018,2026-01-30T01:50:18,0.065
6,165-189,1769709323,2026-01-30T01:55:23,0.0655
6,165-189,1769709626,2026-01-30T02:00:26,0.0655
6,165-189,1769709918,2026-01-30T02:05:18,0.0645
6,165-189,1769710219,2026-01-30T02:10:19,0.067
6,165-189,1769710523,2026-01-30T02:15:23,0.067
6,165-189,1769710819,2026-01-30T02:20:19,0.0675
6,165-189,1769711119,2026-01-30T02:25:19,0.068
6,165-189,1769711424,2026-01-30T02:30:24,0.0685
6,165-189,1769711719,2026-01-30T02:35:19,0.0715
6,165-189,1769712046,2026-01-30T02:40:46,0.0715
6,165-189,1769712318,2026-01-30T02:45:18,0.0845
6,165-189,1769712620,2026-01-30T02:50:20,0.085
6,165-189,1769712919,2026-01-30T02:55:19,0.0835
6,165-189,1769713224,2026-01-30T03:00:24,0.084
6,165-189,1769713519,2026-01-30T03:05:19,0.0865
6,165-189,1769713824,2026-01-30T03:10:24,0.084
6,165-189,1769714124,2026-01-30T03:15:24,0.0855
6,165-189,1769714432,2026-01-30T03:20:32,0.088
6,165-189,1769714719,2026-01-30T03:25:19,0.0875
6,165-189,1769715024,2026-01-30T03:30:24,0.0875
6,165-189,1769715320,2026-01-30T03:35:20,0.088
6,165-189,1769715623,2026-01-30T03:40:23,0.089
6,165-189,1769715918,2026-01-30T03:45:18,0.1035
6,165-189,1769716219,2026-01-30T03:50:19,0.1155
6,165-189,1769716518,2026-01-30T03:55:18,0.1145
6,165-189,1769716834,2026-01-30T04:00:34,0.1515
6,165-189,1769717123,2026-01-30T04:05:23,0.154
6,165-189,1769717418,2026-01-30T04:10:18,0.1455
6,165-189,1769717720,2026-01-30T04:15:20,0.1535
6,165-189,1769718020,2026-01-30T04:20:20,0.1555
6,165-189,1769718319,2026-01-30T04:25:19,0.1575
6,165-189,1769718628,2026-01-30T04:30:28,0.164
6,165-189,1769718919,2026-01-30T04:35:19,0.131
6,165-189,1769719219,2026-01-30T04:40:19,0.158
6,165-189,1769719519,2026-01-30T04:45:19,0.158
6,165-189,1769719821,2026-01-30T04:50:21,0.156
6,165-189,1769720428,2026-01-30T05:00:28,0.165
6,165-189,1769720718,2026-01-30T05:05:18,0.1635
6,165-189,1769721019,2026-01-30T05:10:19,0.161
6,165-189,1769721319,2026-01-30T05:15:19,0.165
6,165-189,1769721618,2026-01-30T05:20:18,0.143
6,165-189,1769721923,2026-01-30T05:25:23,0.141
6,165-189,1769722225,2026-01-30T05:30:25,0.1415
6,165-189,1769722520,2026-01-30T05:35:20,0.143
6,165-189,1769722825,2026-01-30T05:40:25,0.143
6,165-189,1769723119,2026-01-30T05:45:19,0.143
6,165-189,1769723436,2026-01-30T05:50:36,0.143
6,165-189,1769723719,2026-01-30T05:55:19,0.142
6,165-189,1769724025,2026-01-30T06:00:25,0.1405
6,165-189,1769724324,2026-01-30T06:05:24,0.1405
6,165-189,1769724619,2026-01-30T06:10:19,0.1405
6,165-189,1769724921,2026-01-30T06:15:21,0.139
6,165-189,1769725219,2026-01-30T06:20:19,0.139
6,165-189,1769725519,2026-01-30T06:25:19,0.1375
6,165-189,1769725829,2026-01-30T06:30:29,0.1355
6,165-189,1769726118,2026-01-30T06:35:18,0.136
6,165-189,1769726418,2026-01-30T06:40:18,0.134
6,165-189,1769726718,2026-01-30T06:45:18,0.1335
6,165-189,1769727018,2026-01-30T06:50:18,0.1305
6,165-189,1769727345,2026-01-30T06:55:45,0.126
6,165-189,1769727624,2026-01-30T07:00:24,0.125
6,165-189,1769727924,2026-01-30T07:05:24,0.1225
6,165-189,1769728219,2026-01-30T07:10:19,0.122
6,165-189,1769728517,2026-01-30T07:15:17,0.121
6,165-189,1769728847,2026-01-30T07:20:47,0.1225
6,165-189,1769729118,2026-01-30T07:25:18,0.1225
6,165-189,1769729434,2026-01-30T07:30:34,0.1205
6,165-189,1769729719,2026-01-30T07:35:19,0.12
6,165-189,1769730021,2026-01-30T07:40:21,0.1185
6,165-189,1769730318,2026-01-30T07:45:18,0.12
6,165-189,1769730623,2026-01-30T07:50:23,0.1185
6,165-189,1769730919,2026-01-30T07:55:19,0.1185
6,165-189,1769731232,2026-01-30T08:00:32,0.1185
6,165-189,1769731519,2026-01-30T08:05:19,0.117
6,165-189,1769731818,2026-01-30T08:10:18,0.116
6,165-189,1769732123,2026-01-30T08:15:23,0.118
6,165-189,1769732430,2026-01-30T08:20:30,0.117
6,165-189,1769732718,2026-01-30T08:25:18,0.122
6,165-189,1769733024,2026-01-30T08:30:24,0.133
6,165-189,1769733319,2026-01-30T08:35:19,0.1335
6,165-189,1769733638,2026-01-30T08:40:38,0.1285
6,165-189,1769733918,2026-01-30T08:45:18,0.129
6,165-189,1769734218,2026-01-30T08:50:18,0.135
6,165-189,1769734518,2026-01-30T08:55:18,0.137
6,165-189,1769734824,2026-01-30T09:00:24,0.1375
6,165-189,1769735119,2026-01-30T09:05:19,0.132
6,165-189,1769735423,2026-01-30T09:10:23,0.135
6,165-189,1769735724,2026-01-30T09:15:24,0.1315
6,165-189,1769736019,2026-01-30T09:20:19,0.131
6,165-189,1769736320,2026-01-30T09:25:20,0.1315
6,165-189,1769736624,2026-01-30T09:30:24,0.1275
6,165-189,1769736918,2026-01-30T09:35:18,0.1255
6,165-189,1769737224,2026-01-30T09:40:24,0.1235
6,165-189,1769737520,2026-01-30T09:45:20,0.122
6,165-189,1769737825,2026-01-30T09:50:25,0.122
6,165-189,1769738119,2026-01-30T09:55:19,0.1215
6,165-189,1769738424,2026-01-30T10:00:24,0.1175
6,165-189,1769738720,2026-01-30T10:05:20,0.118
6,165-189,1769739019,2026-01-30T10:10:19,0.1175
6,165-189,1769739325,2026-01-30T10:15:25,0.118
6,165-189,1769739619,2026-01-30T10:20:19,0.118
6,165-189,1769739920,2026-01-30T10:25:20,0.118
6,165-189,1769740225,2026-01-30T10:30:25,0.118
6,165-189,1769740518,2026-01-30T10:35:18,0.117
6,165-189,1769740844,2026-01-30T10:40:44,0.1175
6,165-189,1769741121,2026-01-30T10:45:21,0.1175
6,165-189,1769741419,2026-01-30T10:50:19,0.1175
6,165-189,1769741718,2026-01-30T10:55:18,0.1165
6,165-189,1769742027,2026-01-30T11:00:27,0.117
6,165-189,1769742323,2026-01-30T11:05:23,0.117
6,165-189,1769742620,2026-01-30T11:10:20,0.1145
6,165-189,1769742919,2026-01-30T11:15:19,0.116
6,165-189,1769743220,2026-01-30T11:20:20,0.123
6,165-189,1769743518,2026-01-30T11:25:18,0.1235
6,165-189,1769743828,2026-01-30T11:30:28,0.1375
6,165-189,1769744119,2026-01-30T11:35:19,0.1375
6,165-189,1769744422,2026-01-30T11:40:22,0.1375
6,165-189,1769744720,2026-01-30T11:45:20,0.1375
6,165-189,1769745019,2026-01-30T11:50:19,0.137
6,165-189,1769745319,2026-01-30T11:55:19,0.135
6,165-189,1769745624,2026-01-30T12:00:24,0.1345
6,165-189,1769745923,2026-01-30T12:05:23,0.1345
6,165-189,1769746219,2026-01-30T12:10:19,0.135
6,165-189,1769746518,2026-01-30T12:15:18,0.134
6,165-189,1769746819,2026-01-30T12:20:19,0.1315
6,165-189,1769747119,2026-01-30T12:25:19,0.131
6,165-189,1769747428,2026-01-30T12:30:28,0.1335
6,165-189,1769747718,2026-01-30T12:35:18,0.1335
6,165-189,1769748018,2026-01-30T12:40:18,0.1335
6,165-189,1769748319,2026-01-30T12:45:19,0.133
6,165-189,1769748620,2026-01-30T12:50:20,0.1285
6,165-189,1769748945,2026-01-30T12:55:45,0.133
6,165-189,1769749224,2026-01-30T13:00:24,0.133
6,165-189,1769749518,2026-01-30T13:05:18,0.1305
6,165-189,1769749819,2026-01-30T13:10:19,0.129
6,165-189,1769750120,2026-01-30T13:15:20,0.1305
6,165-189,1769750417,2026-01-30T13:20:17,0.132
6,165-189,1769750723,2026-01-30T13:25:23,0.1275
6,165-189,1769751024,2026-01-30T13:30:24,0.1275
6,165-189,1769751320,2026-01-30T13:35:20,0.1275
6,165-189,1769751618,2026-01-30T13:40:18,0.1275
6,165-189,1769751919,2026-01-30T13:45:19,0.127
6,165-189,1769752223,2026-01-30T13:50:23,0.1305
6,165-189,1769752517,2026-01-30T13:55:17,0.1295
6,165-189,1769752826,2026-01-30T14:00:26,0.1295
6,165-189,1769753118,2026-01-30T14:05:18,0.1295
6,165-189,1769753418,2026-01-30T14:10:18,0.131
6,165-189,1769753723,2026-01-30T14:15:23,0.1305
6,165-189,1769754018,2026-01-30T14:20:18,0.1255
6,165-189,1769754318,2026-01-30T14:25:18,0.1255
6,165-189,1769754628,2026-01-30T14:30:28,0.1265
6,165-189,1769754945,2026-01-30T14:35:45,0.1265
6,165-189,1769755218,2026-01-30T14:40:18,0.1255
6,165-189,1769755518,2026-01-30T14:45:18,0.137
6,165-189,1769755817,2026-01-30T14:50:17,0.1375
6,165-189,1769756118,2026-01-30T14:55:18,0.136
6,165-189,1769756424,2026-01-30T15:00:24,0.137
6,165-189,1769756723,2026-01-30T15:05:23,0.1315
6,165-189,1769757018,2026-01-30T15:10:18,0.131
6,165-189,1769757318,2026-01-30T15:15:18,0.1225
6,165-189,1769757618,2026-01-30T15:20:18,0.1225
6,165-189,1769757918,2026-01-30T15:25:18,0.1225
6,165-189,1769758228,2026-01-30T15:30:28,0.1225
6,165-189,1769758518,2026-01-30T15:35:18,0.132
6,165-189,1769758823,2026-01-30T15:40:23,0.132
6,165-189,1769759118,2026-01-30T15:45:18,0.132
6,165-189,1769759425,2026-01-30T15:50:25,0.13
6,165-189,1769759718,2026-01-30T15:55:18,0.1275
6,165-189,1769760024,2026-01-30T16:00:24,0.1265
6,165-189,1769760318,2026-01-30T16:05:18,0.119
6,165-189,1769760619,2026-01-30T16:10:19,0.121
6,165-189,1769760923,2026-01-30T16:15:23,0.122
6,165-189,1769761218,2026-01-30T16:20:18,0.1175
6,165-189,1769761520,2026-01-30T16:25:20,0.1175
6,165-189,1769761823,2026-01-30T16:30:23,0.1175
6,165-189,1769762118,2026-01-30T16:35:18,0.118
6,165-189,1769762423,2026-01-30T16:40:23,0.1185
6,165-189,1769762718,2026-01-30T16:45:18,0.137
6,165-189,1769763018,2026-01-30T16:50:18,0.1385
6,165-189,1769763319,2026-01-30T16:55:19,0.1405
6,165-189,1769763655,2026-01-30T17:00:55,0.138
6,165-189,1769763919,2026-01-30T17:05:19,0.134
6,165-189,1769764218,2026-01-30T17:10:18,0.1285
6,165-189,1769764519,2026-01-30T17:15:19,0.129
6,165-189,1769764818,2026-01-30T17:20:18,0.1285
6,165-189,1769765118,2026-01-30T17:25:18,0.128
6,165-189,1769765428,2026-01-30T17:30:28,0.11
6,165-189,1769765718,2026-01-30T17:35:18,0.1075
6,165-189,1769766018,2026-01-30T17:40:18,0.106
6,165-189,1769766317,2026-01-30T17:45:17,0.11
6,165-189,1769766622,2026-01-30T17:50:22,0.107
6,165-189,1769766917,2026-01-30T17:55:17,0.108
6,165-189,1769767224,2026-01-30T18:00:24,0.0965
6,165-189,1769767518,2026-01-30T18:05:18,0.0965
6,165-189,1769767817,2026-01-30T18:10:17,0.0965
6,165-189,1769768123,2026-01-30T18:15:23,0.1055
6,165-189,1769768418,2026-01-30T18:20:18,0.101
6,165-189,1769768723,2026-01-30T18:25:23,0.102
6,165-189,1769769025,2026-01-30T18:30:25,0.1
6,165-189,1769769323,2026-01-30T18:35:23,0.1015
6,165-189,1769769619,2026-01-30T18:40:19,0.101
6,165-189,1769769924,2026-01-30T18:45:24,0.097
6,165-189,1769770217,2026-01-30T18:50:17,0.0965
6,165-189,1769770518,2026-01-30T18:55:18,0.0965
6,165-189,1769770851,2026-01-30T19:00:51,0.0965
6,165-189,1769771118,2026-01-30T19:05:18,0.097
6,165-189,1769771418,2026-01-30T19:10:18,0.096
6,165-189,1769771724,2026-01-30T19:15:24,0.0965
6,165-189,1769772020,2026-01-30T19:20:20,0.096
6,165-189,1769772318,2026-01-30T19:25:18,0.0965
6,165-189,1769772624,2026-01-30T19:30:24,0.0965
6,165-189,1769772918,2026-01-30T19:35:18,0.0965
6,165-189,1769773226,2026-01-30T19:40:26,0.096
6,165-189,1769773518,2026-01-30T19:45:18,0.094
6,165-189,1769773820,2026-01-30T19:50:20,0.094
6,165-189,1769774118,2026-01-30T19:55:18,0.0955
6,165-189,1769774449,2026-01-30T20:00:49,0.0965
6,165-189,1769774718,2026-01-30T20:05:18,0.0925
6,165-189,1769775018,2026-01-30T20:10:18,0.0935
6,165-189,1769775320,2026-01-30T20:15:20,0.093
6,165-189,1769775619,2026-01-30T20:20:19,0.096
6,165-189,1769775938,2026-01-30T20:25:38,0.094
6,165-189,1769776228,2026-01-30T20:30:28,0.0935
6,165-189,1769776519,2026-01-30T20:35:19,0.094
6,165-189,1769776820,2026-01-30T20:40:20,0.0945
6,165-189,1769777119,2026-01-30T20:45:19,0.0945
6,165-189,1769777418,2026-01-30T20:50:18,0.0945
6,165-189,1769777723,2026-01-30T20:55:23,0.0945
6,165-189,1769778024,2026-01-30T21:00:24,0.0945
6,165-189,1769778318,2026-01-30T21:05:18,0.0945
6,165-189,1769778618,2026-01-30T21:10:18,0.0945
6,165-189,1769778918,2026-01-30T21:15:18,0.094
6,165-189,1769779223,2026-01-30T21:20:23,0.0965
6,165-189,1769779518,2026-01-30T21:25:18,0.097
6,165-189,1769779825,2026-01-30T21:30:25,0.0905
6,165-189,1769780119,2026-01-30T21:35:19,0.0905
6,165-189,1769780424,2026-01-30T21:40:24,0.0905
6,165-189,1769780720,2026-01-30T21:45:20,0.0905
6,165-189,1769781020,2026-01-30T21:50:20,0.0905
6,165-189,1769781320,2026-01-30T21:55:20,0.0905
6,165-189,1769781625,2026-01-30T22:00:25,0.0905
6,165-189,1769781946,2026-01-30T22:05:46,0.0905
6,165-189,1769782218,2026-01-30T22:10:18,0.0945
6,165-189,1769782523,2026-01-30T22:15:23,0.094
6,165-189,1769782818,2026-01-30T22:20:18,0.095
6,165-189,1769783118,2026-01-30T22:25:18,0.097
6,165-189,1769783430,2026-01-30T22:30:30,0.118
6,165-189,1769783721,2026-01-30T22:35:21,0.108
6,165-189,1769784019,2026-01-30T22:40:19,0.1235
6,165-189,1769784318,2026-01-30T22:45:18,0.114
6,165-189,1769784618,2026-01-30T22:50:18,0.107
6,165-189,1769784947,2026-01-30T22:55:47,0.093
6,165-189,1769785229,2026-01-30T23:00:29,0.0925
6,165-189,1769785520,2026-01-30T23:05:20,0.0925
6,165-189,1769785818,2026-01-30T23:10:18,0.0925
6,165-189,1769786118,2026-01-30T23:15:18,0.092
6,165-189,1769786421,2026-01-30T23:20:21,0.092
6,165-189,1769786723,2026-01-30T23:25:23,0.0815
6,165-189,1769787025,2026-01-30T23:30:25,0.076
6,165-189,1769787319,2026-01-30T23:35:19,0.076
6,165-189,1769787618,2026-01-30T23:40:18,0.076
6,165-189,1769787924,2026-01-30T23:45:24,0.076
6,165-189,1769788219,2026-01-30T23:50:19,0.0705
6,165-189,1769788518,2026-01-30T23:55:18,0.07
6,165-189,1769788826,2026-01-31T00:00:26,0.0755
6,165-189,1769789119,2026-01-31T00:05:19,0.0875
6,165-189,1769789446,2026-01-31T00:10:46,0.074
6,165-189,1769789719,2026-01-31T00:15:19,0.075
6,165-189,1769790019,2026-01-31T00:20:19,0.0575
6,165-189,1769790318,2026-01-31T00:25:18,0.0505
6,165-189,1769790624,2026-01-31T00:30:24,0.051
6,165-189,1769790918,2026-01-31T00:35:18,0.048
6,165-189,1769791223,2026-01-31T00:40:23,0.049
6,165-189,1769791520,2026-01-31T00:45:20,0.0495
6,165-189,1769791819,2026-01-31T00:50:19,0.0495
6,165-189,1769792118,2026-01-31T00:55:18,0.052
6,165-189,1769792429,2026-01-31T01:00:29,0.048
6,165-189,1769792723,2026-01-31T01:05:23,0.048
6,165-189,1769793018,2026-01-31T01:10:18,0.048
6,165-189,1769793319,2026-01-31T01:15:19,0.048
6,165-189,1769793620,2026-01-31T01:20:20,0.048
6,165-189,1769793925,2026-01-31T01:25:25,0.048
6,165-189,1769794225,2026-01-31T01:30:25,0.048
6,165-189,1769794519,2026-01-31T01:35:19,0.046
6,165-189,1769794820,2026-01-31T01:40:20,0.0465
6,165-189,1769795121,2026-01-31T01:45:21,0.051
6,165-189,1769795457,2026-01-31T01:50:57,0.052
6,165-189,1769795720,2026-01-31T01:55:20,0.048
6,165-189,1769796027,2026-01-31T02:00:27,0.0495
6,165-189,1769796318,2026-01-31T02:05:18,0.049
6,165-189,1769796619,2026-01-31T02:10:19,0.049
6,165-189,1769796920,2026-01-31T02:15:20,0.05
6,165-189,1769797223,2026-01-31T02:20:23,0.0515
6,165-189,1769797519,2026-01-31T02:25:19,0.051
6,165-189,1769797826,2026-01-31T02:30:26,0.0505
6,165-189,1769798120,2026-01-31T02:35:20,0.0495
6,165-189,1769798421,2026-01-31T02:40:21,0.05
6,165-189,1769798738,2026-01-31T02:45:38,0.0275
6,165-189,1769799021,2026-01-31T02:50:21,0.0255
6,165-189,1769799318,2026-01-31T02:55:18,0.032
6,165-189,1769799625,2026-01-31T03:00:25,0.023
6,165-189,1769799919,2026-01-31T03:05:19,0.0255
6,165-189,1769800234,2026-01-31T03:10:34,0.029
6,165-189,1769800523,2026-01-31T03:15:23,0.0275
6,165-189,1769800818,2026-01-31T03:20:18,0.028
6,165-189,1769801119,2026-01-31T03:25:19,0.026
6,165-189,1769801424,2026-01-31T03:30:24,0.0265
6,165-189,1769801719,2026-01-31T03:35:19,0.0265
6,165-189,1769802026,2026-01-31T03:40:26,0.028
6,165-189,1769802319,2026-01-31T03:45:19,0.028
6,165-189,1769802622,2026-01-31T03:50:22,0.028
6,165-189,1769802919,2026-01-31T03:55:19,0.027
6,165-189,1769803226,2026-01-31T04:00:26,0.027
6,165-189,1769803525,2026-01-31T04:05:25,0.022
6,165-189,1769803823,2026-01-31T04:10:23,0.02
6,165-189,1769804119,2026-01-31T04:15:19,0.0295
6,165-189,1769804419,2026-01-31T04:20:19,0.0295
6,165-189,1769805025,2026-01-31T04:30:25,0.0315
6,165-189,1769805344,2026-01-31T04:35:44,0.0295
6,165-189,1769805621,2026-01-31T04:40:21,0.0325
6,165-189,1769805919,2026-01-31T04:45:19,0.0345
6,165-189,1769806219,2026-01-31T04:50:19,0.0325
6,165-189,1769806520,2026-01-31T04:55:20,0.027
6,165-189,1769806829,2026-01-31T05:00:29,0.0275
6,165-189,1769807123,2026-01-31T05:05:23,0.0265
6,165-189,1769807419,2026-01-31T05:10:19,0.0265
6,165-189,1769807718,2026-01-31T05:15:18,0.0265
6,165-189,1769808018,2026-01-31T05:20:18,0.0265
6,165-189,1769808318,2026-01-31T05:25:18,0.036
6,165-189,1769808630,2026-01-31T05:30:30,0.037
6,165-189,1769808923,2026-01-31T05:35:23,0.036
6,165-189,1769809220,2026-01-31T05:40:20,0.0375
6,165-189,1769809520,2026-01-31T05:45:20,0.0385
6,165-189,1769809819,2026-01-31T05:50:19,0.0415
6,165-189,1769810118,2026-01-31T05:55:18,0.0415
6,165-189,1769810431,2026-01-31T06:00:31,0.0415
6,165-189,1769810718,2026-01-31T06:05:18,0.0415
6,165-189,1769811034,2026-01-31T06:10:34,0.0385
6,165-189,1769811319,2026-01-31T06:15:19,0.037
6,165-189,1769811618,2026-01-31T06:20:18,0.037
6,165-189,1769811945,2026-01-31T06:25:45,0.0365
6,165-189,1769812226,2026-01-31T06:30:26,0.0365
6,165-189,1769812519,2026-01-31T06:35:19,0.032
6,165-189,1769812818,2026-01-31T06:40:18,0.032
6,165-189,1769813119,2026-01-31T06:45:19,0.0365
6,165-189,1769813419,2026-01-31T06:50:19,0.0365
6,165-189,1769813723,2026-01-31T06:55:23,0.038
6,165-189,1769814024,2026-01-31T07:00:24,0.039
6,165-189,1769814319,2026-01-31T07:05:19,0.049
6,165-189,1769814620,2026-01-31T07:10:20,0.0485
6,165-189,1769814918,2026-01-31T07:15:18,0.0565
6,165-189,1769815224,2026-01-31T07:20:24,0.058
6,165-189,1769815520,2026-01-31T07:25:20,0.0585
6,165-189,1769815825,2026-01-31T07:30:25,0.0585
6,165-189,1769816120,2026-01-31T07:35:20,0.058
6,165-189,1769816419,2026-01-31T07:40:19,0.058
6,165-189,1769816725,2026-01-31T07:45:25,0.0535
6,165-189,1769817022,2026-01-31T07:50:22,0.053
6,165-189,1769817319,2026-01-31T07:55:19,0.0495
6,165-189,1769817633,2026-01-31T08:00:33,0.0525
6,165-189,1769817918,2026-01-31T08:05:18,0.0345
6,165-189,1769818219,2026-01-31T08:10:19,0.034
6,165-189,1769818518,2026-01-31T08:15:18,0.029
6,165-189,1769818820,2026-01-31T08:20:20,0.025
6,165-189,1769819119,2026-01-31T08:25:19,0.029
6,165-189,1769819426,2026-01-31T08:30:26,0.029
6,165-189,1769819719,2026-01-31T08:35:19,0.0285
6,165-189,1769820019,2026-01-31T08:40:19,0.024
6,165-189,1769820332,2026-01-31T08:45:32,0.0245
6,165-189,1769820619,2026-01-31T08:50:19,0.025
6,165-189,1769820918,2026-01-31T08:55:18,0.0245
6,165-189,1769821225,2026-01-31T09:00:25,0.0245
6,165-189,1769821519,2026-01-31T09:05:19,0.0245
6,165-189,1769821834,2026-01-31T09:10:34,0.024
6,165-189,1769822120,2026-01-31T09:15:20,0.024
6,165-189,1769822420,2026-01-31T09:20:20,0.0235
6,165-189,1769822719,2026-01-31T09:25:19,0.0235
6,165-189,1769823026,2026-01-31T09:30:26,0.024
6,165-189,1769823319,2026-01-31T09:35:19,0.0235
6,165-189,1769823619,2026-01-31T09:40:19,0.0195
6,165-189,1769823918,2026-01-31T09:45:18,0.0205
6,165-189,1769824219,2026-01-31T09:50:19,0.0175
6,165-189,1769824519,2026-01-31T09:55:19,0.018
6,165-189,1769824824,2026-01-31T10:00:24,0.0205
6,165-189,1769825136,2026-01-31T10:05:36,0.0175
6,165-189,1769825420,2026-01-31T10:10:20,0.0175
6,165-189,1769825719,2026-01-31T10:15:19,0.021
6,165-189,1769826020,2026-01-31T10:20:20,0.0205
6,165-189,1769826320,2026-01-31T10:25:20,0.0215
6,165-189,1769826625,2026-01-31T10:30:25,0.022
6,165-189,1769826920,2026-01-31T10:35:20,0.0235
6,165-189,1769827219,2026-01-31T10:40:19,0.0215
6,165-189,1769827539,2026-01-31T10:45:39,0.0225
6,165-189,1769827819,2026-01-31T10:50:19,0.0225
6,165-189,1769828119,2026-01-31T10:55:19,0.0275
6,165-189,1769828427,2026-01-31T11:00:27,0.0255
6,165-189,1769828720,2026-01-31T11:05:20,0.0235
6,165-189,1769829018,2026-01-31T11:10:18,0.0235
6,165-189,1769829321,2026-01-31T11:15:21,0.0245
6,165-189,1769829619,2026-01-31T11:20:19,0.0245
6,165-189,1769829919,2026-01-31T11:25:19,0.022
6,165-189,1769830225,2026-01-31T11:30:25,0.0205
6,165-189,1769830520,2026-01-31T11:35:20,0.0195
6,165-189,1769830819,2026-01-31T11:40:19,0.02
6,165-189,1769831120,2026-01-31T11:45:20,0.018
6,165-189,1769831419,2026-01-31T11:50:19,0.018
6,165-189,1769831719,2026-01-31T11:55:19,0.018
6,165-189,1769832026,2026-01-31T12:00:26,0.018
6,165-189,1769832318,2026-01-31T12:05:18,0.0215
6,165-189,1769832619,2026-01-31T12:10:19,0.0185
6,165-189,1769832919,2026-01-31T12:15:19,0.0185
6,165-189,1769833219,2026-01-31T12:20:19,0.018
6,165-189,1769833521,2026-01-31T12:25:21,0.017
6,165-189,1769833825,2026-01-31T12:30:25,0.0165
6,165-189,1769834119,2026-01-31T12:35:19,0.015
6,165-189,1769834418,2026-01-31T12:40:18,0.015
6,165-189,1769834719,2026-01-31T12:45:19,0.015
6,165-189,1769835024,2026-01-31T12:50:24,0.0125
6,165-189,1769835320,2026-01-31T12:55:20,0.012
6,165-189,1769835625,2026-01-31T13:00:25,0.0185
6,165-189,1769835918,2026-01-31T13:05:18,0.017
6,165-189,1769836219,2026-01-31T13:10:19,0.0195
6,165-189,1769836524,2026-01-31T13:15:24,0.0215
6,165-189,1769836820,2026-01-31T13:20:20,0.02
6,165-189,1769837119,2026-01-31T13:25:19,0.0215
6,165-189,1769837425,2026-01-31T13:30:25,0.023
6,165-189,1769837720,2026-01-31T13:35:20,0.0225
6,165-189,1769838022,2026-01-31T13:40:22,0.0225
6,165-189,1769838320,2026-01-31T13:45:20,0.0225
6,165-189,1769838619,2026-01-31T13:50:19,0.0185
6,165-189,1769838920,2026-01-31T13:55:20,0.0145
6,165-189,1769839227,2026-01-31T14:00:27,0.0155
6,165-189,1769839522,2026-01-31T14:05:22,0.0135
6,165-189,1769839819,2026-01-31T14:10:19,0.0175
6,165-189,1769840119,2026-01-31T14:15:19,0.0135
6,165-189,1769840420,2026-01-31T14:20:20,0.0115
6,165-189,1769840721,2026-01-31T14:25:21,0.011
6,165-189,1769841027,2026-01-31T14:30:27,0.011
6,165-189,1769841345,2026-01-31T14:35:45,0.0145
6,165-189,1769841619,2026-01-31T14:40:19,0.013
6,165-189,1769841919,2026-01-31T14:45:19,0.016
6,165-189,1769842219,2026-01-31T14:50:19,0.0145
6,165-189,1769842523,2026-01-31T14:55:23,0.018
6,165-189,1769842826,2026-01-31T15:00:26,0.018
6,165-189,1769843118,2026-01-31T15:05:18,0.0155
6,165-189,1769843419,2026-01-31T15:10:19,0.0135
6,165-189,1769843719,2026-01-31T15:15:19,0.011
6,165-189,1769844022,2026-01-31T15:20:22,0.0115
6,165-189,1769844319,2026-01-31T15:25:19,0.01
6,165-189,1769844625,2026-01-31T15:30:25,0.0105
6,165-189,1769844919,2026-01-31T15:35:19,0.0105
6,165-189,1769845226,2026-01-31T15:40:26,0.008
6,165-189,1769845541,2026-01-31T15:45:41,0.0095
6,165-189,1769845821,2026-01-31T15:50:21,0.012
6,165-189,1769846119,2026-01-31T15:55:19,0.01
6,165-189,1769846425,2026-01-31T16:00:25,0.0105
6,165-189,1769846719,2026-01-31T16:05:19,0.008
6,165-189,1769847020,2026-01-31T16:10:20,0.0075
6,165-189,1769847322,2026-01-31T16:15:22,0.007
6,165-189,1769847620,2026-01-31T16:20:20,0.0075
6,165-189,1769847919,2026-01-31T16:25:19,0.0075
6,165-189,1769848226,2026-01-31T16:30:26,0.0075
6,165-189,1769848521,2026-01-31T16:35:21,0.007
6,165-189,1769848819,2026-01-31T16:40:19,0.007
6,165-189,1769849120,2026-01-31T16:45:20,0.007
6,165-189,1769849419,2026-01-31T16:50:19,0.007
6,165-189,1769849719,2026-01-31T16:55:19,0.006
6,165-189,1769850055,2026-01-31T17:00:55,0.006
6,165-189,1769850319,2026-01-31T17:05:19,0.007
6,165-189,1769850619,2026-01-31T17:10:19,0.0065
6,165-189,1769850919,2026-01-31T17:15:19,0.006
6,165-189,1769851219,2026-01-31T17:20:19,0.006
6,165-189,1769851519,2026-01-31T17:25:19,0.0035
6,165-189,1769851827,2026-01-31T17:30:27,0.0035
6,165-189,1769852119,2026-01-31T17:35:19,0.0035
6,165-189,1769852419,2026-01-31T17:40:19,0.0035
6,165-189,1769852722,2026-01-31T17:45:22,0.0055
6,165-189,1769853019,2026-01-31T17:50:19,0.0055
6,165-189,1769853320,2026-01-31T17:55:20,0.006
6,165-189,1769853626,2026-01-31T18:00:26,0.005
6,165-189,1769853921,2026-01-31T18:05:21,0.005
6,165-189,1769854221,2026-01-31T18:10:21,0.005
6,165-189,1769854519,2026-01-31T18:15:19,0.0045
6,165-189,1769854819,2026-01-31T18:20:19,0.005
6,165-189,1769855119,2026-01-31T18:25:19,0.0035
6,165-189,1769855425,2026-01-31T18:30:25,0.003
6,165-189,1769855721,2026-01-31T18:35:21,0.0035
6,165-189,1769856019,2026-01-31T18:40:19,0.0035
6,165-189,1769856320,2026-01-31T18:45:20,0.0035
6,165-189,1769856618,2026-01-31T18:50:18,0.003
6,165-189,1769856943,2026-01-31T18:55:43,0.003
6,165-189,1769857224,2026-01-31T19:00:24,0.0035
6,165-189,1769857519,2026-01-31T19:05:19,0.0025
6,165-189,1769857819,2026-01-31T19:10:19,0.0025
6,165-189,1769858132,2026-01-31T19:15:32,0.0025
6,165-189,1769858419,2026-01-31T19:20:19,0.0025
6,165-189,1769858723,2026-01-31T19:25:23,0.0025
6,165-189,1769859025,2026-01-31T19:30:25,0.0025
6,165-189,1769859319,2026-01-31T19:35:19,0.0025
6,165-189,1769859619,2026-01-31T19:40:19,0.003
6,165-189,1769859919,2026-01-31T19:45:19,0.003
6,165-189,1769860224,2026-01-31T19:50:24,0.003
6,165-189,1769860519,2026-01-31T19:55:19,0.003
6,165-189,1769860839,2026-01-31T20:00:39,0.0015
6,165-189,1769861119,2026-01-31T20:05:19,0.0015
6,165-189,1769861420,2026-01-31T20:10:20,0.0015
6,165-189,1769861724,2026-01-31T20:15:24,0.0015
6,165-189,1769862019,2026-01-31T20:20:19,0.0015
6,165-189,1769862320,2026-01-31T20:25:20,0.0005
6,165-189,1769862625,2026-01-31T20:30:25,0.0005
6,165-189,1769862920,2026-01-31T20:35:20,0.0005
6,165-189,1769863223,2026-01-31T20:40:23,0.0005
6,165-189,1769863519,2026-01-31T20:45:19,0.0005
6,165-189,1769863819,2026-01-31T20:50:19,0.0005
6,165-189,1769864119,2026-01-31T20:55:19,0.0005
6,165-189,1769864427,2026-01-31T21:00:27,0.0005
6,165-189,1769864723,2026-01-31T21:05:23,0.0005
6,165-189,1769865019,2026-01-31T21:10:19,0.0005
6,165-189,1769865320,2026-01-31T21:15:20,0.0005
6,165-189,1769865619,2026-01-31T21:20:19,0.0005
6,165-189,1769865919,2026-01-31T21:25:19,0.0005
6,165-189,1769866228,2026-01-31T21:30:28,0.0005
6,165-189,1769866519,2026-01-31T21:35:19,0.0005
6,165-189,1769866819,2026-01-31T21:40:19,0.0005
6,165-189,1769867125,2026-01-31T21:45:25,0.0005
6,165-189,1769867418,2026-01-31T21:50:18,0.0005
6,165-189,1769867744,2026-01-31T21:55:44,0.0015
6,165-189,1769868024,2026-01-31T22:00:24,0.0015
6,165-189,1769868319,2026-01-31T22:05:19,0.0015
6,165-189,1769868620,2026-01-31T22:10:20,0.0015
6,165-189,1769868920,2026-01-31T22:15:20,0.0015
6,165-189,1769869222,2026-01-31T22:20:22,0.0015
6,165-189,1769869523,2026-01-31T22:25:23,0.0015
6,165-189,1769869825,2026-01-31T22:30:25,0.0005
6,165-189,1769870120,2026-01-31T22:35:20,0.007
6,165-189,1769870419,2026-01-31T22:40:19,0.0065
6,165-189,1769870719,2026-01-31T22:45:19,0.0045
6,165-189,1769871024,2026-01-31T22:50:24,0.0035
6,165-189,1769871319,2026-01-31T22:55:19,0.0015
6,165-189,1769871631,2026-01-31T23:00:31,0.0015
6,165-189,1769871919,2026-01-31T23:05:19,0.0005
6,165-189,1769872219,2026-01-31T23:10:19,0.0015
6,165-189,1769872525,2026-01-31T23:15:25,0.0055
6,165-189,1769872820,2026-01-31T23:20:20,0.003
6,165-189,1769873124,2026-01-31T23:25:24,0.002
6,165-189,1769873425,2026-01-31T23:30:25,0.0015
6,165-189,1769873719,2026-01-31T23:35:19,0.0005
6,165-189,1769874020,2026-01-31T23:40:20,0.0005
6,165-189,1769874319,2026-01-31T23:45:19,0.0005
6,165-189,1769874624,2026-01-31T23:50:24,0.0005
6,165-189,1769874919,2026-01-31T23:55:19,0.0005
6,165-189,1769875225,2026-02-01T00:00:25,0.0005
6,165-189,1769875520,2026-02-01T00:05:20,0.0005
6,165-189,1769875847,2026-02-01T00:10:47,0.0005
6,165-189,1769876119,2026-02-01T00:15:19,0.0005
6,165-189,1769876419,2026-02-01T00:20:19,0.0005
6,165-189,1769876719,2026-02-01T00:25:19,0.0005
6,165-189,1769877025,2026-02-01T00:30:25,0.0005
6,165-189,1769877324,2026-02-01T00:35:24,0.0005
6,165-189,1769877619,2026-02-01T00:40:19,0.0005
6,165-189,1769877935,2026-02-01T00:45:35,0.0005
6,165-189,1769878219,2026-02-01T00:50:19,0.0005
6,165-189,1769878520,2026-02-01T00:55:20,0.0005
6,165-189,1769878847,2026-02-01T01:00:47,0.0005
6,165-189,1769879133,2026-02-01T01:05:33,0.0005
6,165-189,1769879419,2026-02-01T01:10:19,0.0005
6,165-189,1769879719,2026-02-01T01:15:19,0.0005
6,165-189,1769880020,2026-02-01T01:20:20,0.0005
6,165-189,1769880329,2026-02-01T01:25:29,0.0005
6,165-189,1769880625,2026-02-01T01:30:25,0.0005
6,165-189,1769880921,2026-02-01T01:35:21,0.0005
6,165-189,1769881219,2026-02-01T01:40:19,0.0005
6,165-189,1769881520,2026-02-01T01:45:20,0.0005
6,165-189,1769881825,2026-02-01T01:50:25,0.0005
6,165-189,1769882119,2026-02-01T01:55:19,0.0005
6,165-189,1769882432,2026-02-01T02:00:32,0.0005
6,165-189,1769882720,2026-02-01T02:05:20,0.0005
6,165-189,1769883019,2026-02-01T02:10:19,0.0005
6,165-189,1769883346,2026-02-01T02:15:46,0.0005
6,165-189,1769883621,2026-02-01T02:20:21,0.0005
6,165-189,1769883919,2026-02-01T02:25:19,0.0005
6,165-189,1769884225,2026-02-01T02:30:25,0.0005
6,165-189,1769884520,2026-02-01T02:35:20,0.0005
6,165-189,1769884819,2026-02-01T02:40:19,0.0005
6,165-189,1769885137,2026-02-01T02:45:37,0.0005
6,165-189,1769885421,2026-02-01T02:50:21,0.0005
6,165-189,1769885720,2026-02-01T02:55:20,0.0005
6,165-189,1769886029,2026-02-01T03:00:29,0.0005
6,165-189,1769886320,2026-02-01T03:05:20,0.0005
6,165-189,1769886620,2026-02-01T03:10:20,0.0005
6,165-189,1769886919,2026-02-01T03:15:19,0.0005
6,165-189,1769887219,2026-02-01T03:20:19,0.0005
6,165-189,1769887824,2026-02-01T03:30:24,0.0005
6,165-189,1769888119,2026-02-01T03:35:19,0.0005
6,165-189,1769888418,2026-02-01T03:40:18,0.0005
6,165-189,1769888733,2026-02-01T03:45:33,0.0005
6,165-189,1769889021,2026-02-01T03:50:21,0.0005
6,165-189,1769889324,2026-02-01T03:55:24,0.0005
6,165-189,1769889625,2026-02-01T04:00:25,0.0005
6,165-189,1769889920,2026-02-01T04:05:20,0.0005
6,165-189,1769890220,2026-02-01T04:10:20,0.0005
6,165-189,1769890520,2026-02-01T04:15:20,0.0005
6,165-189,1769890825,2026-02-01T04:20:25,0.0005
6,165-189,1769891120,2026-02-01T04:25:20,0.0005
6,165-189,1769891424,2026-02-01T04:30:24,0.0005
6,165-189,1769891719,2026-02-01T04:35:19,0.0005
6,165-189,1769892020,2026-02-01T04:40:20,0.0005
6,165-189,1769892345,2026-02-01T04:45:45,0.0005
6,165-189,1769892619,2026-02-01T04:50:19,0.0005
6,165-189,1769892931,2026-02-01T04:55:31,0.0005
6,165-189,1769893245,2026-02-01T05:00:45,0.0005
6,165-189,1769893519,2026-02-01T05:05:19,0.0005
6,165-189,1769893819,2026-02-01T05:10:19,0.0005
6,165-189,1769894124,2026-02-01T05:15:24,0.0005
7,190-214,1769448622,2026-01-27T01:30:22,0.47
7,190-214,1769448917,2026-01-27T01:35:17,0.445
7,190-214,1769449216,2026-01-27T01:40:16,0.055
7,190-214,1769449539,2026-01-27T01:45:39,0.06
7,190-214,1769449817,2026-01-27T01:50:17,0.06
7,190-214,1769450117,2026-01-27T01:55:17,0.06
7,190-214,1769450435,2026-01-27T02:00:35,0.055
7,190-214,1769450717,2026-01-27T02:05:17,0.055
7,190-214,1769451016,2026-01-27T02:10:16,0.055
7,190-214,1769451321,2026-01-27T02:15:21,0.06
7,190-214,1769451617,2026-01-27T02:20:17,0.06
7,190-214,1769451921,2026-01-27T02:25:21,0.06
7,190-214,1769452223,2026-01-27T02:30:23,0.065
7,190-214,1769452517,2026-01-27T02:35:17,0.065
7,190-214,1769452841,2026-01-27T02:40:41,0.06
7,190-214,1769453116,2026-01-27T02:45:16,0.06
7,190-214,1769453417,2026-01-27T02:50:17,0.06
7,190-214,1769453717,2026-01-27T02:55:17,0.06
7,190-214,1769454023,2026-01-27T03:00:23,0.06
7,190-214,1769454316,2026-01-27T03:05:16,0.06
7,190-214,1769454622,2026-01-27T03:10:22,0.06
7,190-214,1769454917,2026-01-27T03:15:17,0.06
7,190-214,1769455217,2026-01-27T03:20:17,0.06
7,190-214,1769455516,2026-01-27T03:25:16,0.06
7,190-214,1769455823,2026-01-27T03:30:23,0.05
7,190-214,1769456121,2026-01-27T03:35:21,0.055
7,190-214,1769456417,2026-01-27T03:40:17,0.05
7,190-214,1769456717,2026-01-27T03:45:17,0.05
7,190-214,1769457018,2026-01-27T03:50:18,0.035
7,190-214,1769457317,2026-01-27T03:55:17,0.0345
7,190-214,1769457629,2026-01-27T04:00:29,0.0335
7,190-214,1769457916,2026-01-27T04:05:16,0.0335
7,190-214,1769458218,2026-01-27T04:10:18,0.0335
7,190-214,1769458516,2026-01-27T04:15:16,0.0335
7,190-214,1769458817,2026-01-27T04:20:17,0.0335
7,190-214,1769459142,2026-01-27T04:25:42,0.0335
7,190-214,1769459423,2026-01-27T04:30:23,0.0335
7,190-214,1769459716,2026-01-27T04:35:16,0.0335
7,190-214,1769460017,2026-01-27T04:40:17,0.0335
7,190-214,1769460316,2026-01-27T04:45:16,0.0335
7,190-214,1769460617,2026-01-27T04:50:17,0.0335
7,190-214,1769460921,2026-01-27T04:55:21,0.0335
7,190-214,1769461230,2026-01-27T05:00:30,0.0335
7,190-214,1769461516,2026-01-27T05:05:16,0.0335
7,190-214,1769461817,2026-01-27T05:10:17,0.0325
7,190-214,1769462117,2026-01-27T05:15:17,0.0325
7,190-214,1769462417,2026-01-27T05:20:17,0.033
7,190-214,1769462721,2026-01-27T05:25:21,0.033
7,190-214,1769463023,2026-01-27T05:30:23,0.033
7,190-214,1769463317,2026-01-27T05:35:17,0.033
7,190-214,1769463617,2026-01-27T05:40:17,0.033
7,190-214,1769463916,2026-01-27T05:45:16,0.033
7,190-214,1769464221,2026-01-27T05:50:21,0.033
7,190-214,1769464522,2026-01-27T05:55:22,0.033
7,190-214,1769464823,2026-01-27T06:00:23,0.033
7,190-214,1769465117,2026-01-27T06:05:17,0.033
7,190-214,1769465417,2026-01-27T06:10:17,0.0325
7,190-214,1769465717,2026-01-27T06:15:17,0.0325
7,190-214,1769466041,2026-01-27T06:20:41,0.0325
7,190-214,1769466318,2026-01-27T06:25:18,0.033
7,190-214,1769466623,2026-01-27T06:30:23,0.033
7,190-214,1769466917,2026-01-27T06:35:17,0.033
7,190-214,1769467217,2026-01-27T06:40:17,0.033
7,190-214,1769467517,2026-01-27T06:45:17,0.033
7,190-214,1769467822,2026-01-27T06:50:22,0.033
7,190-214,1769468121,2026-01-27T06:55:21,0.033
7,190-214,1769468423,2026-01-27T07:00:23,0.033
7,190-214,1769468717,2026-01-27T07:05:17,0.033
7,190-214,1769469017,2026-01-27T07:10:17,0.033
7,190-214,1769469317,2026-01-27T07:15:17,0.033
7,190-214,1769469622,2026-01-27T07:20:22,0.033
7,190-214,1769469917,2026-01-27T07:25:17,0.033
7,190-214,1769470224,2026-01-27T07:30:24,0.033
7,190-214,1769470516,2026-01-27T07:35:16,0.033
7,190-214,1769470818,2026-01-27T07:40:18,0.033
7,190-214,1769471121,2026-01-27T07:45:21,0.0325
7,190-214,1769471422,2026-01-27T07:50:22,0.0325
7,190-214,1769471717,2026-01-27T07:55:17,0.0325
7,190-214,1769472039,2026-01-27T08:00:39,0.0285
7,190-214,1769472316,2026-01-27T08:05:16,0.026
7,190-214,1769472616,2026-01-27T08:10:16,0.0265
7,190-214,1769472916,2026-01-27T08:15:16,0.0265
7,190-214,1769473216,2026-01-27T08:20:16,0.0265
7,190-214,1769473515,2026-01-27T08:25:15,0.0265
7,190-214,1769473817,2026-01-27T08:30:17,0.026
7,190-214,1769474115,2026-01-27T08:35:15,0.0265
7,190-214,1769474417,2026-01-27T08:40:17,0.026
7,190-214,1769474715,2026-01-27T08:45:15,0.026
7,190-214,1769475016,2026-01-27T08:50:16,0.0255
7,190-214,1769475317,2026-01-27T08:55:17,0.026
7,190-214,1769475618,2026-01-27T09:00:18,0.028
7,190-214,1769475916,2026-01-27T09:05:16,0.028
7,190-214,1769476217,2026-01-27T09:10:17,0.028
7,190-214,1769476517,2026-01-27T09:15:17,0.0275
7,190-214,1769476817,2026-01-27T09:20:17,0.028
7,190-214,1769477116,2026-01-27T09:25:16,0.028
7,190-214,1769477418,2026-01-27T09:30:18,0.028
7,190-214,1769477716,2026-01-27T09:35:16,0.028
7,190-214,1769478016,2026-01-27T09:40:16,0.028
7,190-214,1769478316,2026-01-27T09:45:16,0.0185
7,190-214,1769478616,2026-01-27T09:50:16,0.0185
7,190-214,1769478916,2026-01-27T09:55:16,0.0185
7,190-214,1769479218,2026-01-27T10:00:18,0.0185
7,190-214,1769479517,2026-01-27T10:05:17,0.0185
7,190-214,1769479817,2026-01-27T10:10:17,0.0185
7,190-214,1769480116,2026-01-27T10:15:16,0.0185
7,190-214,1769480416,2026-01-27T10:20:16,0.0185
7,190-214,1769480717,2026-01-27T10:25:17,0.0185
7,190-214,1769481018,2026-01-27T10:30:18,0.0185
7,190-214,1769481316,2026-01-27T10:35:16,0.0185
7,190-214,1769481616,2026-01-27T10:40:16,0.0185
7,190-214,1769481915,2026-01-27T10:45:15,0.0185
7,190-214,1769482216,2026-01-27T10:50:16,0.0185
7,190-214,1769482522,2026-01-27T10:55:22,0.0185
7,190-214,1769482827,2026-01-27T11:00:27,0.0185
7,190-214,1769483116,2026-01-27T11:05:16,0.0185
7,190-214,1769483417,2026-01-27T11:10:17,0.0185
7,190-214,1769483717,2026-01-27T11:15:17,0.0185
7,190-214,1769484017,2026-01-27T11:20:17,0.0185
7,190-214,1769484316,2026-01-27T11:25:16,0.0185
7,190-214,1769484620,2026-01-27T11:30:20,0.0185
7,190-214,1769484919,2026-01-27T11:35:19,0.0185
7,190-214,1769485217,2026-01-27T11:40:17,0.0185
7,190-214,1769485516,2026-01-27T11:45:16,0.0185
7,190-214,1769485816,2026-01-27T11:50:16,0.0185
7,190-214,1769486116,2026-01-27T11:55:16,0.0185
7,190-214,1769486420,2026-01-27T12:00:20,0.0185
7,190-214,1769486716,2026-01-27T12:05:16,0.0185
7,190-214,1769487016,2026-01-27T12:10:16,0.0185
7,190-214,1769487318,2026-01-27T12:15:18,0.0185
7,190-214,1769487619,2026-01-27T12:20:19,0.0185
7,190-214,1769487916,2026-01-27T12:25:16,0.0185
7,190-214,1769488217,2026-01-27T12:30:17,0.0185
7,190-214,1769488517,2026-01-27T12:35:17,0.0185
7,190-214,1769488817,2026-01-27T12:40:17,0.0185
7,190-214,1769489117,2026-01-27T12:45:17,0.0185
7,190-214,1769489419,2026-01-27T12:50:19,0.0185
7,190-214,1769489716,2026-01-27T12:55:16,0.0185
7,190-214,1769490019,2026-01-27T13:00:19,0.0185
7,190-214,1769490327,2026-01-27T13:05:27,0.0185
7,190-214,1769490616,2026-01-27T13:10:16,0.0185
7,190-214,1769490917,2026-01-27T13:15:17,0.0185
7,190-214,1769491216,2026-01-27T13:20:16,0.0185
7,190-214,1769491519,2026-01-27T13:25:19,0.0185
7,190-214,1769491818,2026-01-27T13:30:18,0.0185
7,190-214,1769492116,2026-01-27T13:35:16,0.0185
7,190-214,1769492416,2026-01-27T13:40:16,0.0185
7,190-214,1769492716,2026-01-27T13:45:16,0.0185
7,190-214,1769493018,2026-01-27T13:50:18,0.0185
7,190-214,1769493316,2026-01-27T13:55:16,0.0185
7,190-214,1769493620,2026-01-27T14:00:20,0.0185
7,190-214,1769493916,2026-01-27T14:05:16,0.0185
7,190-214,1769494216,2026-01-27T14:10:16,0.0185
7,190-214,1769494538,2026-01-27T14:15:38,0.0185
7,190-214,1769494816,2026-01-27T14:20:16,0.0185
7,190-214,1769495119,2026-01-27T14:25:19,0.0185
7,190-214,1769495419,2026-01-27T14:30:19,0.0185
7,190-214,1769495739,2026-01-27T14:35:39,0.0185
7,190-214,1769496019,2026-01-27T14:40:19,0.0185
7,190-214,1769496316,2026-01-27T14:45:16,0.0185
7,190-214,1769496618,2026-01-27T14:50:18,0.0185
7,190-214,1769496918,2026-01-27T14:55:18,0.0185
7,190-214,1769497227,2026-01-27T15:00:27,0.0185
7,190-214,1769497518,2026-01-27T15:05:18,0.0185
7,190-214,1769497816,2026-01-27T15:10:16,0.0185
7,190-214,1769498116,2026-01-27T15:15:16,0.0185
7,190-214,1769498416,2026-01-27T15:20:16,0.0185
7,190-214,1769498716,2026-01-27T15:25:16,0.0185
7,190-214,1769499041,2026-01-27T15:30:41,0.0185
7,190-214,1769499316,2026-01-27T15:35:16,0.0185
7,190-214,1769499622,2026-01-27T15:40:22,0.0185
7,190-214,1769499916,2026-01-27T15:45:16,0.0185
7,190-214,1769500219,2026-01-27T15:50:19,0.0275
7,190-214,1769500516,2026-01-27T15:55:16,0.0275
7,190-214,1769500821,2026-01-27T16:00:21,0.0275
7,190-214,1769501117,2026-01-27T16:05:17,0.0275
7,190-214,1769501417,2026-01-27T16:10:17,0.0275
7,190-214,1769501716,2026-01-27T16:15:16,0.0275
7,190-214,1769502029,2026-01-27T16:20:29,0.0275
7,190-214,1769502318,2026-01-27T16:25:18,0.0285
7,190-214,1769502618,2026-01-27T16:30:18,0.0275
7,190-214,1769502917,2026-01-27T16:35:17,0.026
7,190-214,1769503217,2026-01-27T16:40:17,0.025
7,190-214,1769503517,2026-01-27T16:45:17,0.024
7,190-214,1769503820,2026-01-27T16:50:20,0.028
7,190-214,1769504117,2026-01-27T16:55:17,0.0365
7,190-214,1769504421,2026-01-27T17:00:21,0.036
7,190-214,1769504716,2026-01-27T17:05:16,0.036
7,190-214,1769505017,2026-01-27T17:10:17,0.036
7,190-214,1769505319,2026-01-27T17:15:19,0.036
7,190-214,1769505617,2026-01-27T17:20:17,0.036
7,190-214,1769505918,2026-01-27T17:25:18,0.036
7,190-214,1769506218,2026-01-27T17:30:18,0.036
7,190-214,1769506518,2026-01-27T17:35:18,0.036
7,190-214,1769506840,2026-01-27T17:40:40,0.036
7,190-214,1769507118,2026-01-27T17:45:18,0.036
7,190-214,1769507417,2026-01-27T17:50:17,0.036
7,190-214,1769507716,2026-01-27T17:55:16,0.036
7,190-214,1769508027,2026-01-27T18:00:27,0.036
7,190-214,1769508316,2026-01-27T18:05:16,0.036
7,190-214,1769508635,2026-01-27T18:10:35,0.036
7,190-214,1769508916,2026-01-27T18:15:16,0.036
7,190-214,1769509219,2026-01-27T18:20:19,0.036
7,190-214,1769509517,2026-01-27T18:25:17,0.036
7,190-214,1769509818,2026-01-27T18:30:18,0.036
7,190-214,1769510116,2026-01-27T18:35:16,0.036
7,190-214,1769510417,2026-01-27T18:40:17,0.036
7,190-214,1769510738,2026-01-27T18:45:38,0.036
7,190-214,1769511016,2026-01-27T18:50:16,0.036
7,190-214,1769511329,2026-01-27T18:55:29,0.036
7,190-214,1769511620,2026-01-27T19:00:20,0.036
7,190-214,1769511917,2026-01-27T19:05:17,0.036
7,190-214,1769512255,2026-01-27T19:10:55,0.0365
7,190-214,1769512527,2026-01-27T19:15:27,0.0365
7,190-214,1769512817,2026-01-27T19:20:17,0.0365
7,190-214,1769513117,2026-01-27T19:25:17,0.0365
7,190-214,1769513418,2026-01-27T19:30:18,0.0365
7,190-214,1769513730,2026-01-27T19:35:30,0.0365
7,190-214,1769514019,2026-01-27T19:40:19,0.0365
7,190-214,1769514316,2026-01-27T19:45:16,0.0365
7,190-214,1769514616,2026-01-27T19:50:16,0.0365
7,190-214,1769514917,2026-01-27T19:55:17,0.0365
7,190-214,1769515226,2026-01-27T20:00:26,0.0365
7,190-214,1769515555,2026-01-27T20:05:55,0.0365
7,190-214,1769515817,2026-01-27T20:10:17,0.0365
7,190-214,1769516116,2026-01-27T20:15:16,0.0365
7,190-214,1769516417,2026-01-27T20:20:17,0.0365
7,190-214,1769516717,2026-01-27T20:25:17,0.0365
7,190-214,1769517019,2026-01-27T20:30:19,0.0365
7,190-214,1769517321,2026-01-27T20:35:21,0.0365
7,190-214,1769517628,2026-01-27T20:40:28,0.0365
7,190-214,1769517917,2026-01-27T20:45:17,0.0365
7,190-214,1769518237,2026-01-27T20:50:37,0.0365
7,190-214,1769518517,2026-01-27T20:55:17,0.0365
7,190-214,1769518832,2026-01-27T21:00:32,0.0365
7,190-214,1769519116,2026-01-27T21:05:16,0.0365
7,190-214,1769519417,2026-01-27T21:10:17,0.039
7,190-214,1769519718,2026-01-27T21:15:18,0.0385
7,190-214,1769520021,2026-01-27T21:20:21,0.026
7,190-214,1769520317,2026-01-27T21:25:17,0.0235
7,190-214,1769520619,2026-01-27T21:30:19,0.022
7,190-214,1769520917,2026-01-27T21:35:17,0.0215
7,190-214,1769521217,2026-01-27T21:40:17,0.022
7,190-214,1769521523,2026-01-27T21:45:23,0.022
7,190-214,1769521821,2026-01-27T21:50:21,0.022
7,190-214,1769522118,2026-01-27T21:55:18,0.021
7,190-214,1769522419,2026-01-27T22:00:19,0.021
7,190-214,1769522717,2026-01-27T22:05:17,0.022
7,190-214,1769523017,2026-01-27T22:10:17,0.022
7,190-214,1769523320,2026-01-27T22:15:20,0.022
7,190-214,1769523618,2026-01-27T22:20:18,0.022
7,190-214,1769523918,2026-01-27T22:25:18,0.022
7,190-214,1769524218,2026-01-27T22:30:18,0.022
7,190-214,1769524518,2026-01-27T22:35:18,0.022
7,190-214,1769524821,2026-01-27T22:40:21,0.022
7,190-214,1769525118,2026-01-27T22:45:18,0.022
7,190-214,1769525418,2026-01-27T22:50:18,0.0225
7,190-214,1769525718,2026-01-27T22:55:18,0.0225
7,190-214,1769526021,2026-01-27T23:00:21,0.0225
7,190-214,1769526340,2026-01-27T23:05:40,0.0225
7,190-214,1769526621,2026-01-27T23:10:21,0.0225
7,190-214,1769526916,2026-01-27T23:15:16,0.0225
7,190-214,1769527216,2026-01-27T23:20:16,0.0225
7,190-214,1769527518,2026-01-27T23:25:18,0.0225
7,190-214,1769527819,2026-01-27T23:30:19,0.0225
7,190-214,1769528140,2026-01-27T23:35:40,0.0225
7,190-214,1769528418,2026-01-27T23:40:18,0.0225
7,190-214,1769528717,2026-01-27T23:45:17,0.0225
7,190-214,1769529016,2026-01-27T23:50:16,0.0225
7,190-214,1769529316,2026-01-27T23:55:16,0.0225
7,190-214,1769529619,2026-01-28T00:00:19,0.0225
7,190-214,1769529921,2026-01-28T00:05:21,0.0225
7,190-214,1769530217,2026-01-28T00:10:17,0.0225
7,190-214,1769530516,2026-01-28T00:15:16,0.0225
7,190-214,1769530816,2026-01-28T00:20:16,0.0225
7,190-214,1769531121,2026-01-28T00:25:21,0.0225
7,190-214,1769531418,2026-01-28T00:30:18,0.0225
7,190-214,1769531716,2026-01-28T00:35:16,0.0225
7,190-214,1769532016,2026-01-28T00:40:16,0.0225
7,190-214,1769532317,2026-01-28T00:45:17,0.0225
7,190-214,1769532620,2026-01-28T00:50:20,0.0225
7,190-214,1769532916,2026-01-28T00:55:16,0.0225
7,190-214,1769533219,2026-01-28T01:00:19,0.0255
7,190-214,1769533521,2026-01-28T01:05:21,0.0255
7,190-214,1769533818,2026-01-28T01:10:18,0.0255
7,190-214,1769534116,2026-01-28T01:15:16,0.0255
7,190-214,1769534417,2026-01-28T01:20:17,0.0255
7,190-214,1769534721,2026-01-28T01:25:21,0.0255
7,190-214,1769535043,2026-01-28T01:30:43,0.0255
7,190-214,1769535318,2026-01-28T01:35:18,0.0245
7,190-214,1769535617,2026-01-28T01:40:17,0.0245
7,190-214,1769535917,2026-01-28T01:45:17,0.0245
7,190-214,1769536221,2026-01-28T01:50:21,0.0245
7,190-214,1769536517,2026-01-28T01:55:17,0.0245
7,190-214,1769536822,2026-01-28T02:00:22,0.0255
7,190-214,1769537116,2026-01-28T02:05:16,0.0255
7,190-214,1769537417,2026-01-28T02:10:17,0.0335
7,190-214,1769537722,2026-01-28T02:15:22,0.0335
7,190-214,1769538017,2026-01-28T02:20:17,0.029
7,190-214,1769538317,2026-01-28T02:25:17,0.027
7,190-214,1769538619,2026-01-28T02:30:19,0.028
7,190-214,1769538916,2026-01-28T02:35:16,0.033
7,190-214,1769539242,2026-01-28T02:40:42,0.033
7,190-214,1769539517,2026-01-28T02:45:17,0.0325
7,190-214,1769539817,2026-01-28T02:50:17,0.0325
7,190-214,1769540117,2026-01-28T02:55:17,0.0325
7,190-214,1769540420,2026-01-28T03:00:20,0.033
7,190-214,1769540722,2026-01-28T03:05:22,0.032
7,190-214,1769541018,2026-01-28T03:10:18,0.032
7,190-214,1769541318,2026-01-28T03:15:18,0.0355
7,190-214,1769541617,2026-01-28T03:20:17,0.0355
7,190-214,1769541917,2026-01-28T03:25:17,0.0355
7,190-214,1769542224,2026-01-28T03:30:24,0.0355
7,190-214,1769542517,2026-01-28T03:35:17,0.035
7,190-214,1769542817,2026-01-28T03:40:17,0.0345
7,190-214,1769543117,2026-01-28T03:45:17,0.036
7,190-214,1769543416,2026-01-28T03:50:16,0.038
7,190-214,1769543722,2026-01-28T03:55:22,0.035
7,190-214,1769544019,2026-01-28T04:00:19,0.035
7,190-214,1769544339,2026-01-28T04:05:39,0.0365
7,190-214,1769544617,2026-01-28T04:10:17,0.033
7,190-214,1769544917,2026-01-28T04:15:17,0.0355
7,190-214,1769545217,2026-01-28T04:20:17,0.033
7,190-214,1769545516,2026-01-28T04:25:16,0.033
7,190-214,1769545819,2026-01-28T04:30:19,0.033
7,190-214,1769546120,2026-01-28T04:35:20,0.0325
7,190-214,1769546416,2026-01-28T04:40:16,0.0325
7,190-214,1769546717,2026-01-28T04:45:17,0.033
7,190-214,1769547021,2026-01-28T04:50:21,0.033
7,190-214,1769547317,2026-01-28T04:55:17,0.033
7,190-214,1769547622,2026-01-28T05:00:22,0.031
7,190-214,1769547916,2026-01-28T05:05:16,0.0305
7,190-214,1769548216,2026-01-28T05:10:16,0.0305
7,190-214,1769548521,2026-01-28T05:15:21,0.0305
7,190-214,1769548816,2026-01-28T05:20:16,0.0315
7,190-214,1769549117,2026-01-28T05:25:17,0.03
7,190-214,1769549419,2026-01-28T05:30:19,0.03
7,190-214,1769549717,2026-01-28T05:35:17,0.0305
7,190-214,1769550021,2026-01-28T05:40:21,0.0305
7,190-214,1769550316,2026-01-28T05:45:16,0.0305
7,190-214,1769550621,2026-01-28T05:50:21,0.0305
7,190-214,1769550918,2026-01-28T05:55:18,0.03
7,190-214,1769551219,2026-01-28T06:00:19,0.03
7,190-214,1769551516,2026-01-28T06:05:16,0.0315
7,190-214,1769551817,2026-01-28T06:10:17,0.0315
7,190-214,1769552122,2026-01-28T06:15:22,0.0335
7,190-214,1769552417,2026-01-28T06:20:17,0.032
7,190-214,1769552717,2026-01-28T06:25:17,0.032
7,190-214,1769553020,2026-01-28T06:30:20,0.0325
7,190-214,1769553316,2026-01-28T06:35:16,0.0315
7,190-214,1769553640,2026-01-28T06:40:40,0.0315
7,190-214,1769553917,2026-01-28T06:45:17,0.032
7,190-214,1769554216,2026-01-28T06:50:16,0.032
7,190-214,1769554516,2026-01-28T06:55:16,0.032
7,190-214,1769554821,2026-01-28T07:00:21,0.032
7,190-214,1769555116,2026-01-28T07:05:16,0.032
7,190-214,1769555422,2026-01-28T07:10:22,0.032
7,190-214,1769555721,2026-01-28T07:15:21,0.032
7,190-214,1769556017,2026-01-28T07:20:17,0.0315
7,190-214,1769556317,2026-01-28T07:25:17,0.032
7,190-214,1769556621,2026-01-28T07:30:21,0.032
7,190-214,1769556916,2026-01-28T07:35:16,0.032
7,190-214,1769557223,2026-01-28T07:40:23,0.0315
7,190-214,1769557517,2026-01-28T07:45:17,0.0315
7,190-214,1769557817,2026-01-28T07:50:17,0.0325
7,190-214,1769558117,2026-01-28T07:55:17,0.037
7,190-214,1769558428,2026-01-28T08:00:28,0.0385
7,190-214,1769558732,2026-01-28T08:05:32,0.039
7,190-214,1769559022,2026-01-28T08:10:22,0.039
7,190-214,1769559316,2026-01-28T08:15:16,0.039
7,190-214,1769559617,2026-01-28T08:20:17,0.0395
7,190-214,1769559918,2026-01-28T08:25:18,0.0385
7,190-214,1769560218,2026-01-28T08:30:18,0.0305
7,190-214,1769560521,2026-01-28T08:35:21,0.0315
7,190-214,1769560817,2026-01-28T08:40:17,0.03
7,190-214,1769561117,2026-01-28T08:45:17,0.03
7,190-214,1769561417,2026-01-28T08:50:17,0.03
7,190-214,1769561717,2026-01-28T08:55:17,0.03
7,190-214,1769562036,2026-01-28T09:00:36,0.03
7,190-214,1769562317,2026-01-28T09:05:17,0.0275
7,190-214,1769562618,2026-01-28T09:10:18,0.03
7,190-214,1769562935,2026-01-28T09:15:35,0.0345
7,190-214,1769563218,2026-01-28T09:20:18,0.035
7,190-214,1769563517,2026-01-28T09:25:17,0.0355
7,190-214,1769563818,2026-01-28T09:30:18,0.033
7,190-214,1769564116,2026-01-28T09:35:16,0.034
7,190-214,1769564417,2026-01-28T09:40:17,0.0345
7,190-214,1769564721,2026-01-28T09:45:21,0.0345
7,190-214,1769565016,2026-01-28T09:50:16,0.0345
7,190-214,1769565317,2026-01-28T09:55:17,0.0325
7,190-214,1769565624,2026-01-28T10:00:24,0.0355
7,190-214,1769565917,2026-01-28T10:05:17,0.032
7,190-214,1769566217,2026-01-28T10:10:17,0.032
7,190-214,1769566517,2026-01-28T10:15:17,0.0315
7,190-214,1769566817,2026-01-28T10:20:17,0.032
7,190-214,1769567121,2026-01-28T10:25:21,0.0315
7,190-214,1769567420,2026-01-28T10:30:20,0.0325
7,190-214,1769567718,2026-01-28T10:35:18,0.0315
7,190-214,1769568016,2026-01-28T10:40:16,0.032
7,190-214,1769568318,2026-01-28T10:45:18,0.0315
7,190-214,1769568621,2026-01-28T10:50:21,0.0565
7,190-214,1769568917,2026-01-28T10:55:17,0.056
7,190-214,1769569226,2026-01-28T11:00:26,0.052
7,190-214,1769569517,2026-01-28T11:05:17,0.0515
7,190-214,1769569818,2026-01-28T11:10:18,0.0495
7,190-214,1769570117,2026-01-28T11:15:17,0.0495
7,190-214,1769570414,2026-01-28T11:20:14,0.0495
7,190-214,1769570435,2026-01-28T11:20:35,0.0495
7,190-214,1769570721,2026-01-28T11:25:21,0.0495
7,190-214,1769571020,2026-01-28T11:30:20,0.0475
7,190-214,1769571316,2026-01-28T11:35:16,0.0495
7,190-214,1769571617,2026-01-28T11:40:17,0.0335
7,190-214,1769571917,2026-01-28T11:45:17,0.031
7,190-214,1769572222,2026-01-28T11:50:22,0.0285
7,190-214,1769572517,2026-01-28T11:55:17,0.026
7,190-214,1769572846,2026-01-28T12:00:46,0.024
7,190-214,1769573117,2026-01-28T12:05:17,0.024
7,190-214,1769573417,2026-01-28T12:10:17,0.024
7,190-214,1769573717,2026-01-28T12:15:17,0.0245
7,190-214,1769574017,2026-01-28T12:20:17,0.024
7,190-214,1769574321,2026-01-28T12:25:21,0.0245
7,190-214,1769574623,2026-01-28T12:30:23,0.0245
7,190-214,1769574916,2026-01-28T12:35:16,0.0245
7,190-214,1769575217,2026-01-28T12:40:17,0.0245
7,190-214,1769575517,2026-01-28T12:45:17,0.0245
7,190-214,1769575822,2026-01-28T12:50:22,0.0245
7,190-214,1769576117,2026-01-28T12:55:17,0.032
7,190-214,1769576420,2026-01-28T13:00:20,0.032
7,190-214,1769576716,2026-01-28T13:05:16,0.032
7,190-214,1769577016,2026-01-28T13:10:16,0.034
7,190-214,1769577322,2026-01-28T13:15:22,0.03
7,190-214,1769577640,2026-01-28T13:20:40,0.03
7,190-214,1769577917,2026-01-28T13:25:17,0.0305
7,190-214,1769578219,2026-01-28T13:30:19,0.03
7,190-214,1769578517,2026-01-28T13:35:17,0.0305
7,190-214,1769578817,2026-01-28T13:40:17,0.026
7,190-214,1769579130,2026-01-28T13:45:30,0.0255
7,190-214,1769579421,2026-01-28T13:50:21,0.0255
7,190-214,1769579717,2026-01-28T13:55:17,0.0255
7,190-214,1769580022,2026-01-28T14:00:22,0.0255
7,190-214,1769580317,2026-01-28T14:05:17,0.0255
7,190-214,1769580617,2026-01-28T14:10:17,0.0255
7,190-214,1769580921,2026-01-28T14:15:21,0.0255
7,190-214,1769581218,2026-01-28T14:20:18,0.0255
7,190-214,1769581517,2026-01-28T14:25:17,0.0255
7,190-214,1769581821,2026-01-28T14:30:21,0.0255
7,190-214,1769582143,2026-01-28T14:35:43,0.0255
7,190-214,1769582417,2026-01-28T14:40:17,0.0255
7,190-214,1769582722,2026-01-28T14:45:22,0.0255
7,190-214,1769583016,2026-01-28T14:50:16,0.0255
7,190-214,1769583317,2026-01-28T14:55:17,0.0255
7,190-214,1769583621,2026-01-28T15:00:21,0.025
7,190-214,1769583916,2026-01-28T15:05:16,0.025
7,190-214,1769584221,2026-01-28T15:10:21,0.0235
7,190-214,1769584517,2026-01-28T15:15:17,0.0235
7,190-214,1769584817,2026-01-28T15:20:17,0.023
7,190-214,1769585118,2026-01-28T15:25:18,0.023
7,190-214,1769585420,2026-01-28T15:30:20,0.023
7,190-214,1769585740,2026-01-28T15:35:40,0.023
7,190-214,1769586022,2026-01-28T15:40:22,0.023
7,190-214,1769586317,2026-01-28T15:45:17,0.023
7,190-214,1769586618,2026-01-28T15:50:18,0.023
7,190-214,1769586917,2026-01-28T15:55:17,0.0225
7,190-214,1769587220,2026-01-28T16:00:20,0.0225
7,190-214,1769587521,2026-01-28T16:05:21,0.0225
7,190-214,1769587819,2026-01-28T16:10:19,0.0225
7,190-214,1769588116,2026-01-28T16:15:16,0.0225
7,190-214,1769588417,2026-01-28T16:20:17,0.023
7,190-214,1769588717,2026-01-28T16:25:17,0.022
7,190-214,1769589043,2026-01-28T16:30:43,0.022
7,190-214,1769589317,2026-01-28T16:35:17,0.022
7,190-214,1769589618,2026-01-28T16:40:18,0.022
7,190-214,1769589917,2026-01-28T16:45:17,0.022
7,190-214,1769590216,2026-01-28T16:50:16,0.022
7,190-214,1769590516,2026-01-28T16:55:16,0.022
7,190-214,1769590828,2026-01-28T17:00:28,0.022
7,190-214,1769591117,2026-01-28T17:05:17,0.022
7,190-214,1769591421,2026-01-28T17:10:21,0.022
7,190-214,1769591717,2026-01-28T17:15:17,0.022
7,190-214,1769592016,2026-01-28T17:20:16,0.0225
7,190-214,1769592316,2026-01-28T17:25:16,0.022
7,190-214,1769592621,2026-01-28T17:30:21,0.022
7,190-214,1769592922,2026-01-28T17:35:22,0.022
7,190-214,1769593217,2026-01-28T17:40:17,0.022
7,190-214,1769593516,2026-01-28T17:45:16,0.0225
7,190-214,1769593817,2026-01-28T17:50:17,0.032
7,190-214,1769594117,2026-01-28T17:55:17,0.032
7,190-214,1769594450,2026-01-28T18:00:50,0.032
7,190-214,1769594718,2026-01-28T18:05:18,0.033
7,190-214,1769595019,2026-01-28T18:10:19,0.033
7,190-214,1769595318,2026-01-28T18:15:18,0.034
7,190-214,1769595617,2026-01-28T18:20:17,0.034
7,190-214,1769595916,2026-01-28T18:25:16,0.034
7,190-214,1769596225,2026-01-28T18:30:25,0.034
7,190-214,1769596516,2026-01-28T18:35:16,0.034
7,190-214,1769596817,2026-01-28T18:40:17,0.0365
7,190-214,1769597117,2026-01-28T18:45:17,0.0365
7,190-214,1769597417,2026-01-28T18:50:17,0.0365
7,190-214,1769597722,2026-01-28T18:55:22,0.036
7,190-214,1769598020,2026-01-28T19:00:20,0.0405
7,190-214,1769598318,2026-01-28T19:05:18,0.0405
7,190-214,1769598617,2026-01-28T19:10:17,0.0405
7,190-214,1769598917,2026-01-28T19:15:17,0.0405
7,190-214,1769599222,2026-01-28T19:20:22,0.0405
7,190-214,1769599517,2026-01-28T19:25:17,0.0405
7,190-214,1769599820,2026-01-28T19:30:20,0.0405
7,190-214,1769600116,2026-01-28T19:35:16,0.0405
7,190-214,1769600419,2026-01-28T19:40:19,0.0405
7,190-214,1769600744,2026-01-28T19:45:44,0.0405
7,190-214,1769601019,2026-01-28T19:50:19,0.0405
7,190-214,1769601317,2026-01-28T19:55:17,0.0405
7,190-214,1769601630,2026-01-28T20:00:30,0.0405
7,190-214,1769601916,2026-01-28T20:05:16,0.0405
7,190-214,1769602217,2026-01-28T20:10:17,0.0405
7,190-214,1769602526,2026-01-28T20:15:26,0.0405
7,190-214,1769602821,2026-01-28T20:20:21,0.0405
7,190-214,1769603118,2026-01-28T20:25:18,0.0405
7,190-214,1769603420,2026-01-28T20:30:20,0.0405
7,190-214,1769603721,2026-01-28T20:35:21,0.0405
7,190-214,1769604018,2026-01-28T20:40:18,0.038
7,190-214,1769604318,2026-01-28T20:45:18,0.0365
7,190-214,1769604617,2026-01-28T20:50:17,0.0365
7,190-214,1769604917,2026-01-28T20:55:17,0.0375
7,190-214,1769605244,2026-01-28T21:00:44,0.036
7,190-214,1769605517,2026-01-28T21:05:17,0.0375
7,190-214,1769605817,2026-01-28T21:10:17,0.037
7,190-214,1769606118,2026-01-28T21:15:18,0.0365
7,190-214,1769606442,2026-01-28T21:20:42,0.0345
7,190-214,1769606717,2026-01-28T21:25:17,0.0345
7,190-214,1769607020,2026-01-28T21:30:20,0.033
7,190-214,1769607317,2026-01-28T21:35:17,0.033
7,190-214,1769607617,2026-01-28T21:40:17,0.033
7,190-214,1769607931,2026-01-28T21:45:31,0.027
7,190-214,1769608222,2026-01-28T21:50:22,0.021
7,190-214,1769608518,2026-01-28T21:55:18,0.015
7,190-214,1769608821,2026-01-28T22:00:21,0.012
7,190-214,1769609117,2026-01-28T22:05:17,0.005
7,190-214,1769609417,2026-01-28T22:10:17,0.0045
7,190-214,1769609723,2026-01-28T22:15:23,0.0055
7,190-214,1769610044,2026-01-28T22:20:44,0.0055
7,190-214,1769610318,2026-01-28T22:25:18,0.0055
7,190-214,1769610620,2026-01-28T22:30:20,0.0055
7,190-214,1769610918,2026-01-28T22:35:18,0.0055
7,190-214,1769611217,2026-01-28T22:40:17,0.0055
7,190-214,1769611517,2026-01-28T22:45:17,0.0055
7,190-214,1769611822,2026-01-28T22:50:22,0.0055
7,190-214,1769612121,2026-01-28T22:55:21,0.0055
7,190-214,1769612423,2026-01-28T23:00:23,0.0055
7,190-214,1769612718,2026-01-28T23:05:18,0.0065
7,190-214,1769613019,2026-01-28T23:10:19,0.0065
7,190-214,1769613321,2026-01-28T23:15:21,0.0075
7,190-214,1769613627,2026-01-28T23:20:27,0.0075
7,190-214,1769613921,2026-01-28T23:25:21,0.0075
7,190-214,1769614222,2026-01-28T23:30:22,0.0075
7,190-214,1769614517,2026-01-28T23:35:17,0.0075
7,190-214,1769614818,2026-01-28T23:40:18,0.0075
7,190-214,1769615117,2026-01-28T23:45:17,0.0065
7,190-214,1769615421,2026-01-28T23:50:21,0.0065
7,190-214,1769615717,2026-01-28T23:55:17,0.0075
7,190-214,1769616021,2026-01-29T00:00:21,0.0075
7,190-214,1769616318,2026-01-29T00:05:18,0.008
7,190-214,1769616618,2026-01-29T00:10:18,0.0085
7,190-214,1769616921,2026-01-29T00:15:21,0.01
7,190-214,1769617221,2026-01-29T00:20:21,0.0105
7,190-214,1769617518,2026-01-29T00:25:18,0.0145
7,190-214,1769617821,2026-01-29T00:30:21,0.0155
7,190-214,1769618119,2026-01-29T00:35:19,0.0145
7,190-214,1769618419,2026-01-29T00:40:19,0.011
7,190-214,1769618722,2026-01-29T00:45:22,0.0115
7,190-214,1769619018,2026-01-29T00:50:18,0.0095
7,190-214,1769619317,2026-01-29T00:55:17,0.0175
7,190-214,1769619625,2026-01-29T01:00:25,0.019
7,190-214,1769619918,2026-01-29T01:05:18,0.015
7,190-214,1769620235,2026-01-29T01:10:35,0.015
7,190-214,1769620517,2026-01-29T01:15:17,0.016
7,190-214,1769620817,2026-01-29T01:20:17,0.0155
7,190-214,1769621119,2026-01-29T01:25:19,0.0155
7,190-214,1769621421,2026-01-29T01:30:21,0.0155
7,190-214,1769621722,2026-01-29T01:35:22,0.014
7,190-214,1769622018,2026-01-29T01:40:18,0.0145
7,190-214,1769622318,2026-01-29T01:45:18,0.0145
7,190-214,1769622617,2026-01-29T01:50:17,0.015
7,190-214,1769622917,2026-01-29T01:55:17,0.0205
7,190-214,1769623249,2026-01-29T02:00:49,0.0205
7,190-214,1769623522,2026-01-29T02:05:22,0.0205
7,190-214,1769623818,2026-01-29T02:10:18,0.0205
7,190-214,1769624118,2026-01-29T02:15:18,0.0205
7,190-214,1769624418,2026-01-29T02:20:18,0.0205
7,190-214,1769624717,2026-01-29T02:25:17,0.0205
7,190-214,1769625026,2026-01-29T02:30:26,0.021
7,190-214,1769625317,2026-01-29T02:35:17,0.021
7,190-214,1769625617,2026-01-29T02:40:17,0.021
7,190-214,1769625917,2026-01-29T02:45:17,0.021
7,190-214,1769626217,2026-01-29T02:50:17,0.0215
7,190-214,1769626544,2026-01-29T02:55:44,0.0215
7,190-214,1769626822,2026-01-29T03:00:22,0.0215
7,190-214,1769627117,2026-01-29T03:05:17,0.0215
7,190-214,1769627418,2026-01-29T03:10:18,0.021
7,190-214,1769627718,2026-01-29T03:15:18,0.021
7,190-214,1769628017,2026-01-29T03:20:17,0.021
7,190-214,1769628324,2026-01-29T03:25:24,0.021
7,190-214,1769628621,2026-01-29T03:30:21,0.021
7,190-214,1769628918,2026-01-29T03:35:18,0.021
7,190-214,1769629217,2026-01-29T03:40:17,0.021
7,190-214,1769629518,2026-01-29T03:45:18,0.021
7,190-214,1769629826,2026-01-29T03:50:26,0.016
7,190-214,1769630117,2026-01-29T03:55:17,0.016
7,190-214,1769630428,2026-01-29T04:00:28,0.014
7,190-214,1769630717,2026-01-29T04:05:17,0.0145
7,190-214,1769631017,2026-01-29T04:10:17,0.014
7,190-214,1769631317,2026-01-29T04:15:17,0.0135
7,190-214,1769631618,2026-01-29T04:20:18,0.015
7,190-214,1769631922,2026-01-29T04:25:22,0.0155
7,190-214,1769632221,2026-01-29T04:30:21,0.016
7,190-214,1769632518,2026-01-29T04:35:18,0.0165
7,190-214,1769632817,2026-01-29T04:40:17,0.016
7,190-214,1769633117,2026-01-29T04:45:17,0.016
7,190-214,1769633422,2026-01-29T04:50:22,0.016
7,190-214,1769633718,2026-01-29T04:55:18,0.011
7,190-214,1769634023,2026-01-29T05:00:23,0.0105
7,190-214,1769634317,2026-01-29T05:05:17,0.0105
7,190-214,1769634618,2026-01-29T05:10:18,0.01
7,190-214,1769634922,2026-01-29T05:15:22,0.0095
7,190-214,1769635222,2026-01-29T05:20:22,0.0095
7,190-214,1769635517,2026-01-29T05:25:17,0.011
7,190-214,1769635821,2026-01-29T05:30:21,0.011
7,190-214,1769636117,2026-01-29T05:35:17,0.011
7,190-214,1769636418,2026-01-29T05:40:18,0.0095
7,190-214,1769636744,2026-01-29T05:45:44,0.0095
7,190-214,1769637018,2026-01-29T05:50:18,0.0105
7,190-214,1769637318,2026-01-29T05:55:18,0.0095
7,190-214,1769637622,2026-01-29T06:00:22,0.0115
7,190-214,1769637943,2026-01-29T06:05:43,0.0115
7,190-214,1769638218,2026-01-29T06:10:18,0.0115
7,190-214,1769638518,2026-01-29T06:15:18,0.0115
7,190-214,1769638818,2026-01-29T06:20:18,0.0115
7,190-214,1769639118,2026-01-29T06:25:18,0.0115
7,190-214,1769639423,2026-01-29T06:30:23,0.0115
7,190-214,1769639722,2026-01-29T06:35:22,0.0115
7,190-214,1769640018,2026-01-29T06:40:18,0.0115
7,190-214,1769640318,2026-01-29T06:45:18,0.0115
7,190-214,1769640623,2026-01-29T06:50:23,0.0115
7,190-214,1769640918,2026-01-29T06:55:18,0.0115
7,190-214,1769641222,2026-01-29T07:00:22,0.0115
7,190-214,1769641519,2026-01-29T07:05:19,0.0115
7,190-214,1769641819,2026-01-29T07:10:19,0.0115
7,190-214,1769642144,2026-01-29T07:15:44,0.0115
7,190-214,1769642417,2026-01-29T07:20:17,0.0115
7,190-214,1769642718,2026-01-29T07:25:18,0.0115
7,190-214,1769643022,2026-01-29T07:30:22,0.0115
7,190-214,1769643318,2026-01-29T07:35:18,0.0115
7,190-214,1769643619,2026-01-29T07:40:19,0.0115
7,190-214,1769643922,2026-01-29T07:45:22,0.0115
7,190-214,1769644219,2026-01-29T07:50:19,0.0115
7,190-214,1769644522,2026-01-29T07:55:22,0.011
7,190-214,1769644843,2026-01-29T08:00:43,0.011
7,190-214,1769645118,2026-01-29T08:05:18,0.011
7,190-214,1769645417,2026-01-29T08:10:17,0.0105
7,190-214,1769645716,2026-01-29T08:15:16,0.0105
7,190-214,1769646017,2026-01-29T08:20:17,0.0105
7,190-214,1769646317,2026-01-29T08:25:17,0.0105
7,190-214,1769646621,2026-01-29T08:30:21,0.0105
7,190-214,1769646918,2026-01-29T08:35:18,0.011
7,190-214,1769647217,2026-01-29T08:40:17,0.011
7,190-214,1769647518,2026-01-29T08:45:18,0.0105
7,190-214,1769647818,2026-01-29T08:50:18,0.0105
7,190-214,1769648117,2026-01-29T08:55:17,0.0105
7,190-214,1769648421,2026-01-29T09:00:21,0.0105
7,190-214,1769648718,2026-01-29T09:05:18,0.0105
7,190-214,1769649017,2026-01-29T09:10:17,0.011
7,190-214,1769649318,2026-01-29T09:15:18,0.011
7,190-214,1769649618,2026-01-29T09:20:18,0.011
7,190-214,1769649918,2026-01-29T09:25:18,0.011
7,190-214,1769650222,2026-01-29T09:30:22,0.0105
7,190-214,1769650528,2026-01-29T09:35:28,0.01
7,190-214,1769650818,2026-01-29T09:40:18,0.009
7,190-214,1769651117,2026-01-29T09:45:17,0.009
7,190-214,1769651417,2026-01-29T09:50:17,0.009
7,190-214,1769651717,2026-01-29T09:55:17,0.007
7,190-214,1769652022,2026-01-29T10:00:22,0.007
7,190-214,1769652317,2026-01-29T10:05:17,0.007
7,190-214,1769652619,2026-01-29T10:10:19,0.007
7,190-214,1769652917,2026-01-29T10:15:17,0.007
7,190-214,1769653218,2026-01-29T10:20:18,0.0065
7,190-214,1769653533,2026-01-29T10:25:33,0.0065
7,190-214,1769653823,2026-01-29T10:30:23,0.0065
7,190-214,1769654119,2026-01-29T10:35:19,0.0065
7,190-214,1769654417,2026-01-29T10:40:17,0.0065
7,190-214,1769654718,2026-01-29T10:45:18,0.0065
7,190-214,1769655018,2026-01-29T10:50:18,0.006
7,190-214,1769655319,2026-01-29T10:55:19,0.006
7,190-214,1769655626,2026-01-29T11:00:26,0.006
7,190-214,1769655933,2026-01-29T11:05:33,0.006
7,190-214,1769656219,2026-01-29T11:10:19,0.006
7,190-214,1769656517,2026-01-29T11:15:17,0.006
7,190-214,1769656819,2026-01-29T11:20:19,0.006
7,190-214,1769657118,2026-01-29T11:25:18,0.006
7,190-214,1769657422,2026-01-29T11:30:22,0.006
7,190-214,1769657717,2026-01-29T11:35:17,0.006
7,190-214,1769658019,2026-01-29T11:40:19,0.006
7,190-214,1769658319,2026-01-29T11:45:19,0.0055
7,190-214,1769658619,2026-01-29T11:50:19,0.0055
7,190-214,1769658918,2026-01-29T11:55:18,0.0055
7,190-214,1769659223,2026-01-29T12:00:23,0.0055
7,190-214,1769659518,2026-01-29T12:05:18,0.0055
7,190-214,1769659820,2026-01-29T12:10:20,0.0055
7,190-214,1769660119,2026-01-29T12:15:19,0.0055
7,190-214,1769660418,2026-01-29T12:20:18,0.0055
7,190-214,1769660749,2026-01-29T12:25:49,0.0055
7,190-214,1769661023,2026-01-29T12:30:23,0.0055
7,190-214,1769661319,2026-01-29T12:35:19,0.0055
7,190-214,1769661619,2026-01-29T12:40:19,0.005
7,190-214,1769661917,2026-01-29T12:45:17,0.005
7,190-214,1769662220,2026-01-29T12:50:20,0.005
7,190-214,1769662518,2026-01-29T12:55:18,0.005
7,190-214,1769662822,2026-01-29T13:00:22,0.005
7,190-214,1769663118,2026-01-29T13:05:18,0.005
7,190-214,1769663417,2026-01-29T13:10:17,0.0055
7,190-214,1769663718,2026-01-29T13:15:18,0.006
7,190-214,1769664018,2026-01-29T13:20:18,0.006
7,190-214,1769664319,2026-01-29T13:25:19,0.006
7,190-214,1769664623,2026-01-29T13:30:23,0.006
7,190-214,1769664918,2026-01-29T13:35:18,0.0065
7,190-214,1769665217,2026-01-29T13:40:17,0.0065
7,190-214,1769665518,2026-01-29T13:45:18,0.0065
7,190-214,1769665817,2026-01-29T13:50:17,0.006
7,190-214,1769666139,2026-01-29T13:55:39,0.0065
7,190-214,1769666425,2026-01-29T14:00:25,0.0065
7,190-214,1769666717,2026-01-29T14:05:17,0.0065
7,190-214,1769667018,2026-01-29T14:10:18,0.007
7,190-214,1769667318,2026-01-29T14:15:18,0.007
7,190-214,1769667618,2026-01-29T14:20:18,0.007
7,190-214,1769667920,2026-01-29T14:25:20,0.007
7,190-214,1769668222,2026-01-29T14:30:22,0.007
7,190-214,1769668542,2026-01-29T14:35:42,0.0075
7,190-214,1769668820,2026-01-29T14:40:20,0.0075
7,190-214,1769669118,2026-01-29T14:45:18,0.0075
7,190-214,1769669418,2026-01-29T14:50:18,0.007
7,190-214,1769669717,2026-01-29T14:55:17,0.007
7,190-214,1769670025,2026-01-29T15:00:25,0.007
7,190-214,1769670319,2026-01-29T15:05:19,0.007
7,190-214,1769670618,2026-01-29T15:10:18,0.007
7,190-214,1769670918,2026-01-29T15:15:18,0.0065
7,190-214,1769671217,2026-01-29T15:20:17,0.007
7,190-214,1769671518,2026-01-29T15:25:18,0.006
7,190-214,1769671845,2026-01-29T15:30:45,0.0065
7,190-214,1769672118,2026-01-29T15:35:18,0.0065
7,190-214,1769672429,2026-01-29T15:40:29,0.006
7,190-214,1769672717,2026-01-29T15:45:17,0.006
7,190-214,1769673021,2026-01-29T15:50:21,0.006
7,190-214,1769673318,2026-01-29T15:55:18,0.006
7,190-214,1769673623,2026-01-29T16:00:23,0.006
7,190-214,1769673919,2026-01-29T16:05:19,0.0065
7,190-214,1769674218,2026-01-29T16:10:18,0.006
7,190-214,1769674517,2026-01-29T16:15:17,0.0065
7,190-214,1769674817,2026-01-29T16:20:17,0.0075
7,190-214,1769675118,2026-01-29T16:25:18,0.0075
7,190-214,1769675425,2026-01-29T16:30:25,0.0075
7,190-214,1769675717,2026-01-29T16:35:17,0.0075
7,190-214,1769676042,2026-01-29T16:40:42,0.0075
7,190-214,1769676318,2026-01-29T16:45:18,0.0075
7,190-214,1769676619,2026-01-29T16:50:19,0.007
7,190-214,1769676917,2026-01-29T16:55:17,0.0075
7,190-214,1769677227,2026-01-29T17:00:27,0.0075
7,190-214,1769677517,2026-01-29T17:05:17,0.0075
7,190-214,1769677820,2026-01-29T17:10:20,0.0075
7,190-214,1769678118,2026-01-29T17:15:18,0.0075
7,190-214,1769678419,2026-01-29T17:20:19,0.007
7,190-214,1769678718,2026-01-29T17:25:18,0.007
7,190-214,1769679023,2026-01-29T17:30:23,0.0075
7,190-214,1769679320,2026-01-29T17:35:20,0.0075
7,190-214,1769679618,2026-01-29T17:40:18,0.0075
7,190-214,1769679918,2026-01-29T17:45:18,0.0075
7,190-214,1769680218,2026-01-29T17:50:18,0.0075
7,190-214,1769680518,2026-01-29T17:55:18,0.0075
7,190-214,1769680827,2026-01-29T18:00:27,0.0075
7,190-214,1769681117,2026-01-29T18:05:17,0.0075
7,190-214,1769681419,2026-01-29T18:10:19,0.0075
7,190-214,1769681718,2026-01-29T18:15:18,0.0075
7,190-214,1769682019,2026-01-29T18:20:19,0.0075
7,190-214,1769682321,2026-01-29T18:25:21,0.0075
7,190-214,1769682622,2026-01-29T18:30:22,0.0075
7,190-214,1769682918,2026-01-29T18:35:18,0.012
7,190-214,1769683218,2026-01-29T18:40:18,0.012
7,190-214,1769683518,2026-01-29T18:45:18,0.0125
7,190-214,1769683822,2026-01-29T18:50:22,0.011
7,190-214,1769684118,2026-01-29T18:55:18,0.0115
7,190-214,1769684424,2026-01-29T19:00:24,0.0135
7,190-214,1769684717,2026-01-29T19:05:17,0.0135
7,190-214,1769685018,2026-01-29T19:10:18,0.0115
7,190-214,1769685321,2026-01-29T19:15:21,0.0115
7,190-214,1769685618,2026-01-29T19:20:18,0.0115
7,190-214,1769685918,2026-01-29T19:25:18,0.0115
7,190-214,1769686222,2026-01-29T19:30:22,0.0115
7,190-214,1769686518,2026-01-29T19:35:18,0.0115
7,190-214,1769686821,2026-01-29T19:40:21,0.0115
7,190-214,1769687118,2026-01-29T19:45:18,0.0115
7,190-214,1769687419,2026-01-29T19:50:19,0.0115
7,190-214,1769687744,2026-01-29T19:55:44,0.0115
7,190-214,1769688034,2026-01-29T20:00:34,0.0115
7,190-214,1769688318,2026-01-29T20:05:18,0.0115
7,190-214,1769688618,2026-01-29T20:10:18,0.0115
7,190-214,1769688918,2026-01-29T20:15:18,0.0115
7,190-214,1769689218,2026-01-29T20:20:18,0.0115
7,190-214,1769689522,2026-01-29T20:25:22,0.012
7,190-214,1769689823,2026-01-29T20:30:23,0.012
7,190-214,1769690118,2026-01-29T20:35:18,0.012
7,190-214,1769690419,2026-01-29T20:40:19,0.012
7,190-214,1769690718,2026-01-29T20:45:18,0.012
7,190-214,1769691022,2026-01-29T20:50:22,0.012
7,190-214,1769691319,2026-01-29T20:55:19,0.012
7,190-214,1769691623,2026-01-29T21:00:23,0.0125
7,190-214,1769691918,2026-01-29T21:05:18,0.0125
7,190-214,1769692218,2026-01-29T21:10:18,0.0125
7,190-214,1769692523,2026-01-29T21:15:23,0.0125
7,190-214,1769692822,2026-01-29T21:20:22,0.0125
7,190-214,1769693119,2026-01-29T21:25:19,0.0125
7,190-214,1769693423,2026-01-29T21:30:23,0.0125
7,190-214,1769693718,2026-01-29T21:35:18,0.0125
7,190-214,1769694018,2026-01-29T21:40:18,0.0125
7,190-214,1769694331,2026-01-29T21:45:31,0.0125
7,190-214,1769694618,2026-01-29T21:50:18,0.0125
7,190-214,1769694922,2026-01-29T21:55:22,0.0125
7,190-214,1769695223,2026-01-29T22:00:23,0.0125
7,190-214,1769695519,2026-01-29T22:05:19,0.0125
7,190-214,1769695846,2026-01-29T22:10:46,0.0115
7,190-214,1769696118,2026-01-29T22:15:18,0.0105
7,190-214,1769696420,2026-01-29T22:20:20,0.0105
7,190-214,1769696718,2026-01-29T22:25:18,0.0105
7,190-214,1769697024,2026-01-29T22:30:24,0.0105
7,190-214,1769697318,2026-01-29T22:35:18,0.0105
7,190-214,1769697623,2026-01-29T22:40:23,0.0105
7,190-214,1769697918,2026-01-29T22:45:18,0.015
7,190-214,1769698219,2026-01-29T22:50:19,0.0145
7,190-214,1769698519,2026-01-29T22:55:19,0.0235
7,190-214,1769698826,2026-01-29T23:00:26,0.021
7,190-214,1769699122,2026-01-29T23:05:22,0.0235
7,190-214,1769699419,2026-01-29T23:10:19,0.023
7,190-214,1769699756,2026-01-29T23:15:56,0.0235
7,190-214,1769700319,2026-01-29T23:25:19,0.023
7,190-214,1769700627,2026-01-29T23:30:27,0.0225
7,190-214,1769700918,2026-01-29T23:35:18,0.0265
7,190-214,1769701218,2026-01-29T23:40:18,0.019
7,190-214,1769701518,2026-01-29T23:45:18,0.0185
7,190-214,1769702122,2026-01-29T23:55:22,0.0135
7,190-214,1769702423,2026-01-30T00:00:23,0.0215
7,190-214,1769702718,2026-01-30T00:05:18,0.0215
7,190-214,1769703018,2026-01-30T00:10:18,0.021
7,190-214,1769703319,2026-01-30T00:15:19,0.0235
7,190-214,1769703646,2026-01-30T00:20:46,0.0265
7,190-214,1769703919,2026-01-30T00:25:19,0.0255
7,190-214,1769704223,2026-01-30T00:30:23,0.0255
7,190-214,1769704519,2026-01-30T00:35:19,0.0225
7,190-214,1769704819,2026-01-30T00:40:19,0.0225
7,190-214,1769705120,2026-01-30T00:45:20,0.022
7,190-214,1769705423,2026-01-30T00:50:23,0.021
7,190-214,1769705720,2026-01-30T00:55:20,0.019
7,190-214,1769706023,2026-01-30T01:00:23,0.017
7,190-214,1769706319,2026-01-30T01:05:19,0.017
7,190-214,1769706619,2026-01-30T01:10:19,0.017
7,190-214,1769706923,2026-01-30T01:15:23,0.017
7,190-214,1769707219,2026-01-30T01:20:19,0.017
7,190-214,1769707835,2026-01-30T01:30:35,0.017
7,190-214,1769708120,2026-01-30T01:35:20,0.0175
7,190-214,1769708419,2026-01-30T01:40:19,0.0185
7,190-214,1769708719,2026-01-30T01:45:19,0.017
7,190-214,1769709018,2026-01-30T01:50:18,0.0185
7,190-214,1769709323,2026-01-30T01:55:23,0.019
7,190-214,1769709626,2026-01-30T02:00:26,0.0195
7,190-214,1769709918,2026-01-30T02:05:18,0.0195
7,190-214,1769710219,2026-01-30T02:10:19,0.0195
7,190-214,1769710523,2026-01-30T02:15:23,0.026
7,190-214,1769710819,2026-01-30T02:20:19,0.0265
7,190-214,1769711119,2026-01-30T02:25:19,0.027
7,190-214,1769711424,2026-01-30T02:30:24,0.027
7,190-214,1769711719,2026-01-30T02:35:19,0.02
7,190-214,1769712045,2026-01-30T02:40:45,0.0215
7,190-214,1769712318,2026-01-30T02:45:18,0.022
7,190-214,1769712620,2026-01-30T02:50:20,0.0285
7,190-214,1769712919,2026-01-30T02:55:19,0.0285
7,190-214,1769713224,2026-01-30T03:00:24,0.036
7,190-214,1769713519,2026-01-30T03:05:19,0.031
7,190-214,1769713824,2026-01-30T03:10:24,0.031
7,190-214,1769714123,2026-01-30T03:15:23,0.0295
7,190-214,1769714432,2026-01-30T03:20:32,0.033
7,190-214,1769714719,2026-01-30T03:25:19,0.0335
7,190-214,1769715024,2026-01-30T03:30:24,0.034
7,190-214,1769715320,2026-01-30T03:35:20,0.036
7,190-214,1769715623,2026-01-30T03:40:23,0.0375
7,190-214,1769715918,2026-01-30T03:45:18,0.045
7,190-214,1769716219,2026-01-30T03:50:19,0.0415
7,190-214,1769716518,2026-01-30T03:55:18,0.0585
7,190-214,1769716834,2026-01-30T04:00:34,0.057
7,190-214,1769717123,2026-01-30T04:05:23,0.0595
7,190-214,1769717418,2026-01-30T04:10:18,0.056
7,190-214,1769717720,2026-01-30T04:15:20,0.0625
7,190-214,1769718020,2026-01-30T04:20:20,0.064
7,190-214,1769718319,2026-01-30T04:25:19,0.0625
7,190-214,1769718628,2026-01-30T04:30:28,0.061
7,190-214,1769718919,2026-01-30T04:35:19,0.063
7,190-214,1769719219,2026-01-30T04:40:19,0.0595
7,190-214,1769719519,2026-01-30T04:45:19,0.0615
7,190-214,1769719821,2026-01-30T04:50:21,0.064
7,190-214,1769720428,2026-01-30T05:00:28,0.0545
7,190-214,1769720718,2026-01-30T05:05:18,0.0545
7,190-214,1769721019,2026-01-30T05:10:19,0.0545
7,190-214,1769721319,2026-01-30T05:15:19,0.0535
7,190-214,1769721618,2026-01-30T05:20:18,0.0535
7,190-214,1769721923,2026-01-30T05:25:23,0.0535
7,190-214,1769722225,2026-01-30T05:30:25,0.054
7,190-214,1769722520,2026-01-30T05:35:20,0.0555
7,190-214,1769722825,2026-01-30T05:40:25,0.056
7,190-214,1769723119,2026-01-30T05:45:19,0.0555
7,190-214,1769723436,2026-01-30T05:50:36,0.056
7,190-214,1769723719,2026-01-30T05:55:19,0.0535
7,190-214,1769724025,2026-01-30T06:00:25,0.054
7,190-214,1769724324,2026-01-30T06:05:24,0.0535
7,190-214,1769724619,2026-01-30T06:10:19,0.054
7,190-214,1769724921,2026-01-30T06:15:21,0.054
7,190-214,1769725219,2026-01-30T06:20:19,0.0545
7,190-214,1769725519,2026-01-30T06:25:19,0.046
7,190-214,1769725829,2026-01-30T06:30:29,0.0475
7,190-214,1769726118,2026-01-30T06:35:18,0.047
7,190-214,1769726418,2026-01-30T06:40:18,0.047
7,190-214,1769726718,2026-01-30T06:45:18,0.0475
7,190-214,1769727018,2026-01-30T06:50:18,0.0445
7,190-214,1769727344,2026-01-30T06:55:44,0.043
7,190-214,1769727624,2026-01-30T07:00:24,0.0425
7,190-214,1769727924,2026-01-30T07:05:24,0.043
7,190-214,1769728219,2026-01-30T07:10:19,0.0465
7,190-214,1769728517,2026-01-30T07:15:17,0.0405
7,190-214,1769728846,2026-01-30T07:20:46,0.048
7,190-214,1769729118,2026-01-30T07:25:18,0.041
7,190-214,1769729434,2026-01-30T07:30:34,0.039
7,190-214,1769729719,2026-01-30T07:35:19,0.0395
7,190-214,1769730021,2026-01-30T07:40:21,0.0395
7,190-214,1769730318,2026-01-30T07:45:18,0.0395
7,190-214,1769730623,2026-01-30T07:50:23,0.039
7,190-214,1769730919,2026-01-30T07:55:19,0.039
7,190-214,1769731232,2026-01-30T08:00:32,0.039
7,190-214,1769731519,2026-01-30T08:05:19,0.039
7,190-214,1769731818,2026-01-30T08:10:18,0.0395
7,190-214,1769732123,2026-01-30T08:15:23,0.04
7,190-214,1769732430,2026-01-30T08:20:30,0.04
7,190-214,1769732718,2026-01-30T08:25:18,0.055
7,190-214,1769733024,2026-01-30T08:30:24,0.0405
7,190-214,1769733319,2026-01-30T08:35:19,0.0595
7,190-214,1769733638,2026-01-30T08:40:38,0.059
7,190-214,1769733918,2026-01-30T08:45:18,0.0555
7,190-214,1769734218,2026-01-30T08:50:18,0.0545
7,190-214,1769734518,2026-01-30T08:55:18,0.0525
7,190-214,1769734824,2026-01-30T09:00:24,0.0495
7,190-214,1769735119,2026-01-30T09:05:19,0.046
7,190-214,1769735424,2026-01-30T09:10:24,0.0435
7,190-214,1769735724,2026-01-30T09:15:24,0.04
7,190-214,1769736018,2026-01-30T09:20:18,0.0515
7,190-214,1769736320,2026-01-30T09:25:20,0.0515
7,190-214,1769736624,2026-01-30T09:30:24,0.052
7,190-214,1769736919,2026-01-30T09:35:19,0.055
7,190-214,1769737224,2026-01-30T09:40:24,0.055
7,190-214,1769737520,2026-01-30T09:45:20,0.055
7,190-214,1769737825,2026-01-30T09:50:25,0.0545
7,190-214,1769738119,2026-01-30T09:55:19,0.0555
7,190-214,1769738425,2026-01-30T10:00:25,0.0545
7,190-214,1769738720,2026-01-30T10:05:20,0.0545
7,190-214,1769739019,2026-01-30T10:10:19,0.053
7,190-214,1769739325,2026-01-30T10:15:25,0.052
7,190-214,1769739619,2026-01-30T10:20:19,0.0515
7,190-214,1769739920,2026-01-30T10:25:20,0.05
7,190-214,1769740225,2026-01-30T10:30:25,0.049
7,190-214,1769740518,2026-01-30T10:35:18,0.048
7,190-214,1769740844,2026-01-30T10:40:44,0.046
7,190-214,1769741121,2026-01-30T10:45:21,0.046
7,190-214,1769741419,2026-01-30T10:50:19,0.045
7,190-214,1769741718,2026-01-30T10:55:18,0.0445
7,190-214,1769742027,2026-01-30T11:00:27,0.0435
7,190-214,1769742323,2026-01-30T11:05:23,0.0455
7,190-214,1769742620,2026-01-30T11:10:20,0.047
7,190-214,1769742919,2026-01-30T11:15:19,0.0465
7,190-214,1769743220,2026-01-30T11:20:20,0.0395
7,190-214,1769743518,2026-01-30T11:25:18,0.0465
7,190-214,1769743828,2026-01-30T11:30:28,0.0475
7,190-214,1769744119,2026-01-30T11:35:19,0.0485
7,190-214,1769744422,2026-01-30T11:40:22,0.049
7,190-214,1769744720,2026-01-30T11:45:20,0.0485
7,190-214,1769745019,2026-01-30T11:50:19,0.048
7,190-214,1769745319,2026-01-30T11:55:19,0.0475
7,190-214,1769745624,2026-01-30T12:00:24,0.0475
7,190-214,1769745923,2026-01-30T12:05:23,0.0475
7,190-214,1769746219,2026-01-30T12:10:19,0.0475
7,190-214,1769746518,2026-01-30T12:15:18,0.046
7,190-214,1769746819,2026-01-30T12:20:19,0.044
7,190-214,1769747119,2026-01-30T12:25:19,0.0435
7,190-214,1769747428,2026-01-30T12:30:28,0.0435
7,190-214,1769747718,2026-01-30T12:35:18,0.0435
7,190-214,1769748018,2026-01-30T12:40:18,0.044
7,190-214,1769748319,2026-01-30T12:45:19,0.0525
7,190-214,1769748620,2026-01-30T12:50:20,0.052
7,190-214,1769748945,2026-01-30T12:55:45,0.0525
7,190-214,1769749224,2026-01-30T13:00:24,0.052
7,190-214,1769749518,2026-01-30T13:05:18,0.0495
7,190-214,1769749819,2026-01-30T13:10:19,0.05
7,190-214,1769750120,2026-01-30T13:15:20,0.049
7,190-214,1769750417,2026-01-30T13:20:17,0.0455
7,190-214,1769750723,2026-01-30T13:25:23,0.0445
7,190-214,1769751024,2026-01-30T13:30:24,0.05
7,190-214,1769751320,2026-01-30T13:35:20,0.0505
7,190-214,1769751618,2026-01-30T13:40:18,0.0515
7,190-214,1769751919,2026-01-30T13:45:19,0.0505
7,190-214,1769752223,2026-01-30T13:50:23,0.052
7,190-214,1769752517,2026-01-30T13:55:17,0.049
7,190-214,1769752826,2026-01-30T14:00:26,0.0465
7,190-214,1769753118,2026-01-30T14:05:18,0.0455
7,190-214,1769753418,2026-01-30T14:10:18,0.043
7,190-214,1769753723,2026-01-30T14:15:23,0.0395
7,190-214,1769754018,2026-01-30T14:20:18,0.0355
7,190-214,1769754318,2026-01-30T14:25:18,0.0355
7,190-214,1769754628,2026-01-30T14:30:28,0.035
7,190-214,1769754944,2026-01-30T14:35:44,0.0335
7,190-214,1769755218,2026-01-30T14:40:18,0.0305
7,190-214,1769755518,2026-01-30T14:45:18,0.0305
7,190-214,1769755818,2026-01-30T14:50:18,0.0295
7,190-214,1769756118,2026-01-30T14:55:18,0.029
7,190-214,1769756424,2026-01-30T15:00:24,0.029
7,190-214,1769756723,2026-01-30T15:05:23,0.029
7,190-214,1769757018,2026-01-30T15:10:18,0.029
7,190-214,1769757318,2026-01-30T15:15:18,0.0245
7,190-214,1769757618,2026-01-30T15:20:18,0.0245
7,190-214,1769757918,2026-01-30T15:25:18,0.024
7,190-214,1769758229,2026-01-30T15:30:29,0.023
7,190-214,1769758518,2026-01-30T15:35:18,0.0385
7,190-214,1769758823,2026-01-30T15:40:23,0.0415
7,190-214,1769759118,2026-01-30T15:45:18,0.0405
7,190-214,1769759425,2026-01-30T15:50:25,0.046
7,190-214,1769759718,2026-01-30T15:55:18,0.0365
7,190-214,1769760024,2026-01-30T16:00:24,0.035
7,190-214,1769760318,2026-01-30T16:05:18,0.031
7,190-214,1769760618,2026-01-30T16:10:18,0.03
7,190-214,1769760923,2026-01-30T16:15:23,0.0285
7,190-214,1769761218,2026-01-30T16:20:18,0.025
7,190-214,1769761520,2026-01-30T16:25:20,0.0295
7,190-214,1769761823,2026-01-30T16:30:23,0.029
7,190-214,1769762118,2026-01-30T16:35:18,0.0275
7,190-214,1769762423,2026-01-30T16:40:23,0.03
7,190-214,1769762718,2026-01-30T16:45:18,0.031
7,190-214,1769763018,2026-01-30T16:50:18,0.033
7,190-214,1769763319,2026-01-30T16:55:19,0.035
7,190-214,1769763654,2026-01-30T17:00:54,0.0345
7,190-214,1769763919,2026-01-30T17:05:19,0.0345
7,190-214,1769764218,2026-01-30T17:10:18,0.0345
7,190-214,1769764519,2026-01-30T17:15:19,0.034
7,190-214,1769764818,2026-01-30T17:20:18,0.034
7,190-214,1769765118,2026-01-30T17:25:18,0.029
7,190-214,1769765428,2026-01-30T17:30:28,0.0295
7,190-214,1769765718,2026-01-30T17:35:18,0.029
7,190-214,1769766018,2026-01-30T17:40:18,0.0285
7,190-214,1769766317,2026-01-30T17:45:17,0.0275
7,190-214,1769766622,2026-01-30T17:50:22,0.0255
7,190-214,1769766917,2026-01-30T17:55:17,0.026
7,190-214,1769767224,2026-01-30T18:00:24,0.024
7,190-214,1769767518,2026-01-30T18:05:18,0.024
7,190-214,1769767817,2026-01-30T18:10:17,0.023
7,190-214,1769768123,2026-01-30T18:15:23,0.024
7,190-214,1769768418,2026-01-30T18:20:18,0.025
7,190-214,1769768723,2026-01-30T18:25:23,0.023
7,190-214,1769769025,2026-01-30T18:30:25,0.023
7,190-214,1769769323,2026-01-30T18:35:23,0.023
7,190-214,1769769619,2026-01-30T18:40:19,0.0235
7,190-214,1769769924,2026-01-30T18:45:24,0.0235
7,190-214,1769770217,2026-01-30T18:50:17,0.0235
7,190-214,1769770518,2026-01-30T18:55:18,0.0275
7,190-214,1769770851,2026-01-30T19:00:51,0.028
7,190-214,1769771118,2026-01-30T19:05:18,0.0275
7,190-214,1769771418,2026-01-30T19:10:18,0.0275
7,190-214,1769771724,2026-01-30T19:15:24,0.0275
7,190-214,1769772020,2026-01-30T19:20:20,0.0275
7,190-214,1769772318,2026-01-30T19:25:18,0.0275
7,190-214,1769772624,2026-01-30T19:30:24,0.025
7,190-214,1769772918,2026-01-30T19:35:18,0.023
7,190-214,1769773227,2026-01-30T19:40:27,0.023
7,190-214,1769773518,2026-01-30T19:45:18,0.023
7,190-214,1769773820,2026-01-30T19:50:20,0.023
7,190-214,1769774118,2026-01-30T19:55:18,0.023
7,190-214,1769774449,2026-01-30T20:00:49,0.023
7,190-214,1769774718,2026-01-30T20:05:18,0.023
7,190-214,1769775018,2026-01-30T20:10:18,0.023
7,190-214,1769775320,2026-01-30T20:15:20,0.023
7,190-214,1769775618,2026-01-30T20:20:18,0.023
7,190-214,1769775938,2026-01-30T20:25:38,0.023
7,190-214,1769776228,2026-01-30T20:30:28,0.023
7,190-214,1769776519,2026-01-30T20:35:19,0.023
7,190-214,1769776820,2026-01-30T20:40:20,0.023
7,190-214,1769777119,2026-01-30T20:45:19,0.0225
7,190-214,1769777418,2026-01-30T20:50:18,0.0225
7,190-214,1769777723,2026-01-30T20:55:23,0.022
7,190-214,1769778024,2026-01-30T21:00:24,0.0225
7,190-214,1769778318,2026-01-30T21:05:18,0.0225
7,190-214,1769778618,2026-01-30T21:10:18,0.022
7,190-214,1769778918,2026-01-30T21:15:18,0.022
7,190-214,1769779223,2026-01-30T21:20:23,0.0215
7,190-214,1769779518,2026-01-30T21:25:18,0.0215
7,190-214,1769779825,2026-01-30T21:30:25,0.0215
7,190-214,1769780119,2026-01-30T21:35:19,0.0215
7,190-214,1769780424,2026-01-30T21:40:24,0.0215
7,190-214,1769780720,2026-01-30T21:45:20,0.0215
7,190-214,1769781020,2026-01-30T21:50:20,0.022
7,190-214,1769781320,2026-01-30T21:55:20,0.023
7,190-214,1769781625,2026-01-30T22:00:25,0.022
7,190-214,1769781946,2026-01-30T22:05:46,0.022
7,190-214,1769782218,2026-01-30T22:10:18,0.022
7,190-214,1769782523,2026-01-30T22:15:23,0.0245
7,190-214,1769782818,2026-01-30T22:20:18,0.025
7,190-214,1769783118,2026-01-30T22:25:18,0.0235
7,190-214,1769783430,2026-01-30T22:30:30,0.0235
7,190-214,1769783721,2026-01-30T22:35:21,0.0245
7,190-214,1769784019,2026-01-30T22:40:19,0.0265
7,190-214,1769784318,2026-01-30T22:45:18,0.024
7,190-214,1769784618,2026-01-30T22:50:18,0.0225
7,190-214,1769784947,2026-01-30T22:55:47,0.0225
7,190-214,1769785229,2026-01-30T23:00:29,0.0225
7,190-214,1769785520,2026-01-30T23:05:20,0.0225
7,190-214,1769785818,2026-01-30T23:10:18,0.0225
7,190-214,1769786118,2026-01-30T23:15:18,0.0225
7,190-214,1769786421,2026-01-30T23:20:21,0.022
7,190-214,1769786723,2026-01-30T23:25:23,0.022
7,190-214,1769787025,2026-01-30T23:30:25,0.022
7,190-214,1769787319,2026-01-30T23:35:19,0.022
7,190-214,1769787618,2026-01-30T23:40:18,0.022
7,190-214,1769787924,2026-01-30T23:45:24,0.022
7,190-214,1769788219,2026-01-30T23:50:19,0.022
7,190-214,1769788518,2026-01-30T23:55:18,0.022
7,190-214,1769788826,2026-01-31T00:00:26,0.0185
7,190-214,1769789119,2026-01-31T00:05:19,0.014
7,190-214,1769789446,2026-01-31T00:10:46,0.013
7,190-214,1769789719,2026-01-31T00:15:19,0.013
7,190-214,1769790019,2026-01-31T00:20:19,0.019
7,190-214,1769790318,2026-01-31T00:25:18,0.0135
7,190-214,1769790624,2026-01-31T00:30:24,0.013
7,190-214,1769790918,2026-01-31T00:35:18,0.0125
7,190-214,1769791223,2026-01-31T00:40:23,0.012
7,190-214,1769791520,2026-01-31T00:45:20,0.0125
7,190-214,1769791820,2026-01-31T00:50:20,0.011
7,190-214,1769792118,2026-01-31T00:55:18,0.0125
7,190-214,1769792428,2026-01-31T01:00:28,0.0125
7,190-214,1769792723,2026-01-31T01:05:23,0.012
7,190-214,1769793018,2026-01-31T01:10:18,0.013
7,190-214,1769793319,2026-01-31T01:15:19,0.009
7,190-214,1769793620,2026-01-31T01:20:20,0.009
7,190-214,1769793924,2026-01-31T01:25:24,0.012
7,190-214,1769794224,2026-01-31T01:30:24,0.012
7,190-214,1769794519,2026-01-31T01:35:19,0.013
7,190-214,1769794820,2026-01-31T01:40:20,0.0095
7,190-214,1769795121,2026-01-31T01:45:21,0.011
7,190-214,1769795458,2026-01-31T01:50:58,0.0105
7,190-214,1769795720,2026-01-31T01:55:20,0.0105
7,190-214,1769796027,2026-01-31T02:00:27,0.01
7,190-214,1769796318,2026-01-31T02:05:18,0.009
7,190-214,1769796620,2026-01-31T02:10:20,0.0075
7,190-214,1769796921,2026-01-31T02:15:21,0.007
7,190-214,1769797223,2026-01-31T02:20:23,0.007
7,190-214,1769797519,2026-01-31T02:25:19,0.007
7,190-214,1769797827,2026-01-31T02:30:27,0.007
7,190-214,1769798119,2026-01-31T02:35:19,0.007
7,190-214,1769798421,2026-01-31T02:40:21,0.007
7,190-214,1769798738,2026-01-31T02:45:38,0.005
7,190-214,1769799021,2026-01-31T02:50:21,0.005
7,190-214,1769799318,2026-01-31T02:55:18,0.005
7,190-214,1769799625,2026-01-31T03:00:25,0.005
7,190-214,1769799919,2026-01-31T03:05:19,0.005
7,190-214,1769800235,2026-01-31T03:10:35,0.005
7,190-214,1769800524,2026-01-31T03:15:24,0.005
7,190-214,1769800818,2026-01-31T03:20:18,0.005
7,190-214,1769801119,2026-01-31T03:25:19,0.005
7,190-214,1769801424,2026-01-31T03:30:24,0.005
7,190-214,1769801719,2026-01-31T03:35:19,0.005
7,190-214,1769802026,2026-01-31T03:40:26,0.005
7,190-214,1769802319,2026-01-31T03:45:19,0.005
7,190-214,1769802622,2026-01-31T03:50:22,0.005
7,190-214,1769802919,2026-01-31T03:55:19,0.0095
7,190-214,1769803226,2026-01-31T04:00:26,0.0095
7,190-214,1769803525,2026-01-31T04:05:25,0.009
7,190-214,1769803823,2026-01-31T04:10:23,0.0085
7,190-214,1769804119,2026-01-31T04:15:19,0.0085
7,190-214,1769804419,2026-01-31T04:20:19,0.009
7,190-214,1769805025,2026-01-31T04:30:25,0.0085
7,190-214,1769805345,2026-01-31T04:35:45,0.008
7,190-214,1769805621,2026-01-31T04:40:21,0.008
7,190-214,1769805919,2026-01-31T04:45:19,0.0075
7,190-214,1769806219,2026-01-31T04:50:19,0.004
7,190-214,1769806520,2026-01-31T04:55:20,0.004
7,190-214,1769806829,2026-01-31T05:00:29,0.004
7,190-214,1769807123,2026-01-31T05:05:23,0.004
7,190-214,1769807419,2026-01-31T05:10:19,0.004
7,190-214,1769807719,2026-01-31T05:15:19,0.004
7,190-214,1769808018,2026-01-31T05:20:18,0.004
7,190-214,1769808318,2026-01-31T05:25:18,0.004
7,190-214,1769808630,2026-01-31T05:30:30,0.0085
7,190-214,1769808923,2026-01-31T05:35:23,0.0055
7,190-214,1769809220,2026-01-31T05:40:20,0.004
7,190-214,1769809520,2026-01-31T05:45:20,0.0045
7,190-214,1769809818,2026-01-31T05:50:18,0.0045
7,190-214,1769810118,2026-01-31T05:55:18,0.0065
7,190-214,1769810431,2026-01-31T06:00:31,0.008
7,190-214,1769810718,2026-01-31T06:05:18,0.008
7,190-214,1769811034,2026-01-31T06:10:34,0.0085
7,190-214,1769811319,2026-01-31T06:15:19,0.008
7,190-214,1769811618,2026-01-31T06:20:18,0.007
7,190-214,1769811945,2026-01-31T06:25:45,0.006
7,190-214,1769812226,2026-01-31T06:30:26,0.006
7,190-214,1769812519,2026-01-31T06:35:19,0.006
7,190-214,1769812818,2026-01-31T06:40:18,0.006
7,190-214,1769813119,2026-01-31T06:45:19,0.006
7,190-214,1769813419,2026-01-31T06:50:19,0.008
7,190-214,1769813723,2026-01-31T06:55:23,0.008
7,190-214,1769814024,2026-01-31T07:00:24,0.007
7,190-214,1769814319,2026-01-31T07:05:19,0.0065
7,190-214,1769814620,2026-01-31T07:10:20,0.009
7,190-214,1769814918,2026-01-31T07:15:18,0.007
7,190-214,1769815224,2026-01-31T07:20:24,0.0075
7,190-214,1769815520,2026-01-31T07:25:20,0.0075
7,190-214,1769815825,2026-01-31T07:30:25,0.0075
7,190-214,1769816120,2026-01-31T07:35:20,0.005
7,190-214,1769816419,2026-01-31T07:40:19,0.007
7,190-214,1769816725,2026-01-31T07:45:25,0.011
7,190-214,1769817022,2026-01-31T07:50:22,0.0115
7,190-214,1769817319,2026-01-31T07:55:19,0.0105
7,190-214,1769817633,2026-01-31T08:00:33,0.011
7,190-214,1769817918,2026-01-31T08:05:18,0.01
7,190-214,1769818219,2026-01-31T08:10:19,0.01
7,190-214,1769818518,2026-01-31T08:15:18,0.01
7,190-214,1769818820,2026-01-31T08:20:20,0.01
7,190-214,1769819119,2026-01-31T08:25:19,0.0095
7,190-214,1769819426,2026-01-31T08:30:26,0.0085
7,190-214,1769819720,2026-01-31T08:35:20,0.009
7,190-214,1769820018,2026-01-31T08:40:18,0.009
7,190-214,1769820332,2026-01-31T08:45:32,0.0065
7,190-214,1769820619,2026-01-31T08:50:19,0.0065
7,190-214,1769820918,2026-01-31T08:55:18,0.009
7,190-214,1769821225,2026-01-31T09:00:25,0.007
7,190-214,1769821519,2026-01-31T09:05:19,0.005
7,190-214,1769821834,2026-01-31T09:10:34,0.005
7,190-214,1769822120,2026-01-31T09:15:20,0.0035
7,190-214,1769822420,2026-01-31T09:20:20,0.0035
7,190-214,1769822719,2026-01-31T09:25:19,0.0035
7,190-214,1769823026,2026-01-31T09:30:26,0.0035
7,190-214,1769823319,2026-01-31T09:35:19,0.0035
7,190-214,1769823619,2026-01-31T09:40:19,0.0035
7,190-214,1769823918,2026-01-31T09:45:18,0.0035
7,190-214,1769824219,2026-01-31T09:50:19,0.0035
7,190-214,1769824519,2026-01-31T09:55:19,0.0035
7,190-214,1769824824,2026-01-31T10:00:24,0.0035
7,190-214,1769825136,2026-01-31T10:05:36,0.0035
7,190-214,1769825420,2026-01-31T10:10:20,0.0035
7,190-214,1769825719,2026-01-31T10:15:19,0.0035
7,190-214,1769826020,2026-01-31T10:20:20,0.0035
7,190-214,1769826320,2026-01-31T10:25:20,0.0025
7,190-214,1769826625,2026-01-31T10:30:25,0.0025
7,190-214,1769826920,2026-01-31T10:35:20,0.0025
7,190-214,1769827219,2026-01-31T10:40:19,0.0025
7,190-214,1769827539,2026-01-31T10:45:39,0.0025
7,190-214,1769827819,2026-01-31T10:50:19,0.0025
7,190-214,1769828119,2026-01-31T10:55:19,0.0025
7,190-214,1769828427,2026-01-31T11:00:27,0.0025
7,190-214,1769828720,2026-01-31T11:05:20,0.0025
7,190-214,1769829018,2026-01-31T11:10:18,0.0025
7,190-214,1769829321,2026-01-31T11:15:21,0.0025
7,190-214,1769829619,2026-01-31T11:20:19,0.0025
7,190-214,1769829919,2026-01-31T11:25:19,0.0025
7,190-214,1769830225,2026-01-31T11:30:25,0.0025
7,190-214,1769830520,2026-01-31T11:35:20,0.002
7,190-214,1769830819,2026-01-31T11:40:19,0.002
7,190-214,1769831120,2026-01-31T11:45:20,0.002
7,190-214,1769831419,2026-01-31T11:50:19,0.002
7,190-214,1769831719,2026-01-31T11:55:19,0.002
7,190-214,1769832026,2026-01-31T12:00:26,0.002
7,190-214,1769832318,2026-01-31T12:05:18,0.002
7,190-214,1769832619,2026-01-31T12:10:19,0.002
7,190-214,1769832919,2026-01-31T12:15:19,0.0025
7,190-214,1769833219,2026-01-31T12:20:19,0.0025
7,190-214,1769833521,2026-01-31T12:25:21,0.0025
7,190-214,1769833825,2026-01-31T12:30:25,0.0025
7,190-214,1769834119,2026-01-31T12:35:19,0.002
7,190-214,1769834418,2026-01-31T12:40:18,0.002
7,190-214,1769834719,2026-01-31T12:45:19,0.0015
7,190-214,1769835024,2026-01-31T12:50:24,0.002
7,190-214,1769835320,2026-01-31T12:55:20,0.002
7,190-214,1769835625,2026-01-31T13:00:25,0.002
7,190-214,1769835918,2026-01-31T13:05:18,0.002
7,190-214,1769836219,2026-01-31T13:10:19,0.002
7,190-214,1769836524,2026-01-31T13:15:24,0.002
7,190-214,1769836820,2026-01-31T13:20:20,0.002
7,190-214,1769837119,2026-01-31T13:25:19,0.002
7,190-214,1769837425,2026-01-31T13:30:25,0.002
7,190-214,1769837719,2026-01-31T13:35:19,0.002
7,190-214,1769838022,2026-01-31T13:40:22,0.0015
7,190-214,1769838320,2026-01-31T13:45:20,0.0015
7,190-214,1769838619,2026-01-31T13:50:19,0.0015
7,190-214,1769838920,2026-01-31T13:55:20,0.0015
7,190-214,1769839227,2026-01-31T14:00:27,0.0015
7,190-214,1769839523,2026-01-31T14:05:23,0.0015
7,190-214,1769839819,2026-01-31T14:10:19,0.0015
7,190-214,1769840119,2026-01-31T14:15:19,0.0015
7,190-214,1769840420,2026-01-31T14:20:20,0.0015
7,190-214,1769840721,2026-01-31T14:25:21,0.0015
7,190-214,1769841027,2026-01-31T14:30:27,0.0015
7,190-214,1769841345,2026-01-31T14:35:45,0.0015
7,190-214,1769841618,2026-01-31T14:40:18,0.0015
7,190-214,1769841919,2026-01-31T14:45:19,0.0015
7,190-214,1769842219,2026-01-31T14:50:19,0.0015
7,190-214,1769842523,2026-01-31T14:55:23,0.0015
7,190-214,1769842826,2026-01-31T15:00:26,0.0015
7,190-214,1769843118,2026-01-31T15:05:18,0.0005
7,190-214,1769843419,2026-01-31T15:10:19,0.0005
7,190-214,1769843719,2026-01-31T15:15:19,0.0005
7,190-214,1769844022,2026-01-31T15:20:22,0.0005
7,190-214,1769844319,2026-01-31T15:25:19,0.0005
7,190-214,1769844625,2026-01-31T15:30:25,0.0005
7,190-214,1769844919,2026-01-31T15:35:19,0.0005
7,190-214,1769845226,2026-01-31T15:40:26,0.0005
7,190-214,1769845541,2026-01-31T15:45:41,0.0005
7,190-214,1769845821,2026-01-31T15:50:21,0.0005
7,190-214,1769846119,2026-01-31T15:55:19,0.0005
7,190-214,1769846425,2026-01-31T16:00:25,0.0005
7,190-214,1769846719,2026-01-31T16:05:19,0.0005
7,190-214,1769847020,2026-01-31T16:10:20,0.0005
7,190-214,1769847322,2026-01-31T16:15:22,0.0005
7,190-214,1769847620,2026-01-31T16:20:20,0.0005
7,190-214,1769847919,2026-01-31T16:25:19,0.0005
7,190-214,1769848226,2026-01-31T16:30:26,0.0005
7,190-214,1769848521,2026-01-31T16:35:21,0.0005
7,190-214,1769848819,2026-01-31T16:40:19,0.0005
7,190-214,1769849120,2026-01-31T16:45:20,0.0005
7,190-214,1769849419,2026-01-31T16:50:19,0.0005
7,190-214,1769849719,2026-01-31T16:55:19,0.0005
7,190-214,1769850055,2026-01-31T17:00:55,0.0005
7,190-214,1769850320,2026-01-31T17:05:20,0.0005
7,190-214,1769850619,2026-01-31T17:10:19,0.0005
7,190-214,1769850919,2026-01-31T17:15:19,0.0005
7,190-214,1769851219,2026-01-31T17:20:19,0.0005
7,190-214,1769851519,2026-01-31T17:25:19,0.0005
7,190-214,1769851828,2026-01-31T17:30:28,0.0005
7,190-214,1769852119,2026-01-31T17:35:19,0.0005
7,190-214,1769852419,2026-01-31T17:40:19,0.0005
7,190-214,1769852722,2026-01-31T17:45:22,0.0005
7,190-214,1769853019,2026-01-31T17:50:19,0.0005
7,190-214,1769853320,2026-01-31T17:55:20,0.0005
7,190-214,1769853626,2026-01-31T18:00:26,0.0005
7,190-214,1769853921,2026-01-31T18:05:21,0.0005
7,190-214,1769854221,2026-01-31T18:10:21,0.0005
7,190-214,1769854519,2026-01-31T18:15:19,0.0005
7,190-214,1769854819,2026-01-31T18:20:19,0.0005
7,190-214,1769855119,2026-01-31T18:25:19,0.0005
7,190-214,1769855425,2026-01-31T18:30:25,0.0005
7,190-214,1769855721,2026-01-31T18:35:21,0.0005
7,190-214,1769856019,2026-01-31T18:40:19,0.0005
7,190-214,1769856320,2026-01-31T18:45:20,0.0005
7,190-214,1769856618,2026-01-31T18:50:18,0.0005
7,190-214,1769856943,2026-01-31T18:55:43,0.0005
7,190-214,1769857224,2026-01-31T19:00:24,0.0005
7,190-214,1769857519,2026-01-31T19:05:19,0.0005
7,190-214,1769857819,2026-01-31T19:10:19,0.0005
7,190-214,1769858132,2026-01-31T19:15:32,0.0005
7,190-214,1769858419,2026-01-31T19:20:19,0.0005
7,190-214,1769858723,2026-01-31T19:25:23,0.0005
7,190-214,1769859025,2026-01-31T19:30:25,0.0005
7,190-214,1769859318,2026-01-31T19:35:18,0.0005
7,190-214,1769859619,2026-01-31T19:40:19,0.0005
7,190-214,1769859919,2026-01-31T19:45:19,0.0005
7,190-214,1769860223,2026-01-31T19:50:23,0.0005
7,190-214,1769860519,2026-01-31T19:55:19,0.0005
7,190-214,1769860839,2026-01-31T20:00:39,0.0005
7,190-214,1769861119,2026-01-31T20:05:19,0.0005
7,190-214,1769861420,2026-01-31T20:10:20,0.0005
7,190-214,1769861724,2026-01-31T20:15:24,0.0005
7,190-214,1769862019,2026-01-31T20:20:19,0.0005
7,190-214,1769862320,2026-01-31T20:25:20,0.0005
7,190-214,1769862625,2026-01-31T20:30:25,0.0005
7,190-214,1769862920,2026-01-31T20:35:20,0.0005
7,190-214,1769863223,2026-01-31T20:40:23,0.0005
7,190-214,1769863519,2026-01-31T20:45:19,0.0005
7,190-214,1769863819,2026-01-31T20:50:19,0.0005
7,190-214,1769864119,2026-01-31T20:55:19,0.0005
7,190-214,1769864427,2026-01-31T21:00:27,0.0005
7,190-214,1769864723,2026-01-31T21:05:23,0.0005
7,190-214,1769865019,2026-01-31T21:10:19,0.0005
7,190-214,1769865320,2026-01-31T21:15:20,0.0005
7,190-214,1769865619,2026-01-31T21:20:19,0.0005
7,190-214,1769865919,2026-01-31T21:25:19,0.0005
7,190-214,1769866228,2026-01-31T21:30:28,0.0005
7,190-214,1769866519,2026-01-31T21:35:19,0.0005
7,190-214,1769866819,2026-01-31T21:40:19,0.0005
7,190-214,1769867125,2026-01-31T21:45:25,0.0005
7,190-214,1769867418,2026-01-31T21:50:18,0.0005
7,190-214,1769867744,2026-01-31T21:55:44,0.0005
7,190-214,1769868024,2026-01-31T22:00:24,0.0005
7,190-214,1769868319,2026-01-31T22:05:19,0.0005
7,190-214,1769868620,2026-01-31T22:10:20,0.0005
7,190-214,1769868920,2026-01-31T22:15:20,0.0005
7,190-214,1769869222,2026-01-31T22:20:22,0.0005
7,190-214,1769869523,2026-01-31T22:25:23,0.0005
7,190-214,1769869825,2026-01-31T22:30:25,0.0005
7,190-214,1769870120,2026-01-31T22:35:20,0.0005
7,190-214,1769870419,2026-01-31T22:40:19,0.0005
7,190-214,1769870719,2026-01-31T22:45:19,0.0005
7,190-214,1769871024,2026-01-31T22:50:24,0.0005
7,190-214,1769871319,2026-01-31T22:55:19,0.0005
7,190-214,1769871631,2026-01-31T23:00:31,0.0005
7,190-214,1769871919,2026-01-31T23:05:19,0.0005
7,190-214,1769872219,2026-01-31T23:10:19,0.0005
7,190-214,1769872525,2026-01-31T23:15:25,0.0005
7,190-214,1769872820,2026-01-31T23:20:20,0.0005
7,190-214,1769873124,2026-01-31T23:25:24,0.0005
7,190-214,1769873425,2026-01-31T23:30:25,0.0005
7,190-214,1769873719,2026-01-31T23:35:19,0.0005
7,190-214,1769874020,2026-01-31T23:40:20,0.0005
7,190-214,1769874319,2026-01-31T23:45:19,0.0005
7,190-214,1769874624,2026-01-31T23:50:24,0.0005
7,190-214,1769874919,2026-01-31T23:55:19,0.0005
7,190-214,1769875225,2026-02-01T00:00:25,0.0005
7,190-214,1769875520,2026-02-01T00:05:20,0.0005
7,190-214,1769875847,2026-02-01T00:10:47,0.0005
7,190-214,1769876119,2026-02-01T00:15:19,0.0005
7,190-214,1769876419,2026-02-01T00:20:19,0.0005
7,190-214,1769876719,2026-02-01T00:25:19,0.0005
7,190-214,1769877025,2026-02-01T00:30:25,0.0005
7,190-214,1769877324,2026-02-01T00:35:24,0.0005
7,190-214,1769877619,2026-02-01T00:40:19,0.0005
7,190-214,1769877935,2026-02-01T00:45:35,0.0005
7,190-214,1769878219,2026-02-01T00:50:19,0.0005
7,190-214,1769878520,2026-02-01T00:55:20,0.0005
7,190-214,1769878847,2026-02-01T01:00:47,0.0005
7,190-214,1769879133,2026-02-01T01:05:33,0.0005
7,190-214,1769879419,2026-02-01T01:10:19,0.0005
7,190-214,1769879719,2026-02-01T01:15:19,0.0005
7,190-214,1769880020,2026-02-01T01:20:20,0.0005
7,190-214,1769880329,2026-02-01T01:25:29,0.0005
7,190-214,1769880625,2026-02-01T01:30:25,0.0005
7,190-214,1769880921,2026-02-01T01:35:21,0.0005
7,190-214,1769881219,2026-02-01T01:40:19,0.0005
7,190-214,1769881520,2026-02-01T01:45:20,0.0005
7,190-214,1769881825,2026-02-01T01:50:25,0.0005
7,190-214,1769882119,2026-02-01T01:55:19,0.0005
7,190-214,1769882432,2026-02-01T02:00:32,0.0005
7,190-214,1769882720,2026-02-01T02:05:20,0.0005
7,190-214,1769883019,2026-02-01T02:10:19,0.0005
7,190-214,1769883346,2026-02-01T02:15:46,0.0005
7,190-214,1769883621,2026-02-01T02:20:21,0.0005
7,190-214,1769883919,2026-02-01T02:25:19,0.0005
7,190-214,1769884225,2026-02-01T02:30:25,0.0005
7,190-214,1769884519,2026-02-01T02:35:19,0.0005
7,190-214,1769884819,2026-02-01T02:40:19,0.0005
7,190-214,1769885137,2026-02-01T02:45:37,0.0005
7,190-214,1769885421,2026-02-01T02:50:21,0.0005
7,190-214,1769885720,2026-02-01T02:55:20,0.0005
7,190-214,1769886029,2026-02-01T03:00:29,0.0005
7,190-214,1769886320,2026-02-01T03:05:20,0.0005
7,190-214,1769886621,2026-02-01T03:10:21,0.0005
7,190-214,1769886919,2026-02-01T03:15:19,0.0005
7,190-214,1769887219,2026-02-01T03:20:19,0.0005
7,190-214,1769887824,2026-02-01T03:30:24,0.0005
7,190-214,1769888119,2026-02-01T03:35:19,0.0005
7,190-214,1769888418,2026-02-01T03:40:18,0.0005
7,190-214,1769888733,2026-02-01T03:45:33,0.0005
7,190-214,1769889021,2026-02-01T03:50:21,0.0005
7,190-214,1769889324,2026-02-01T03:55:24,0.0005
7,190-214,1769889625,2026-02-01T04:00:25,0.0005
7,190-214,1769889920,2026-02-01T04:05:20,0.0005
7,190-214,1769890220,2026-02-01T04:10:20,0.0005
7,190-214,1769890520,2026-02-01T04:15:20,0.0005
7,190-214,1769890825,2026-02-01T04:20:25,0.0005
7,190-214,1769891120,2026-02-01T04:25:20,0.0005
7,190-214,1769891424,2026-02-01T04:30:24,0.0005
7,190-214,1769891719,2026-02-01T04:35:19,0.0005
7,190-214,1769892020,2026-02-01T04:40:20,0.0005
7,190-214,1769892345,2026-02-01T04:45:45,0.0005
7,190-214,1769892619,2026-02-01T04:50:19,0.0005
7,190-214,1769892931,2026-02-01T04:55:31,0.0005
7,190-214,1769893245,2026-02-01T05:00:45,0.0005
8,215-239,1769448316,2026-01-27T01:25:16,0.065
8,215-239,1769448619,2026-01-27T01:30:19,0.05
8,215-239,1769448915,2026-01-27T01:35:15,0.0305
8,215-239,1769449215,2026-01-27T01:40:15,0.0305
8,215-239,1769449530,2026-01-27T01:45:30,0.0305
8,215-239,1769449815,2026-01-27T01:50:15,0.0605
8,215-239,1769450115,2026-01-27T01:55:15,0.06
8,215-239,1769450428,2026-01-27T02:00:28,0.0355
8,215-239,1769450715,2026-01-27T02:05:15,0.0355
8,215-239,1769451014,2026-01-27T02:10:14,0.0355
8,215-239,1769451317,2026-01-27T02:15:17,0.035
8,215-239,1769451615,2026-01-27T02:20:15,0.0355
8,215-239,1769451917,2026-01-27T02:25:17,0.035
8,215-239,1769452219,2026-01-27T02:30:19,0.0355
8,215-239,1769452515,2026-01-27T02:35:15,0.0355
8,215-239,1769452832,2026-01-27T02:40:32,0.0355
8,215-239,1769453114,2026-01-27T02:45:14,0.035
8,215-239,1769453415,2026-01-27T02:50:15,0.0345
8,215-239,1769453715,2026-01-27T02:55:15,0.0345
8,215-239,1769454019,2026-01-27T03:00:19,0.0345
8,215-239,1769454314,2026-01-27T03:05:14,0.0345
8,215-239,1769454618,2026-01-27T03:10:18,0.0345
8,215-239,1769454915,2026-01-27T03:15:15,0.035
8,215-239,1769455215,2026-01-27T03:20:15,0.035
8,215-239,1769455514,2026-01-27T03:25:14,0.034
8,215-239,1769455819,2026-01-27T03:30:19,0.0345
8,215-239,1769456118,2026-01-27T03:35:18,0.0345
8,215-239,1769456415,2026-01-27T03:40:15,0.0345
8,215-239,1769456715,2026-01-27T03:45:15,0.032
8,215-239,1769457016,2026-01-27T03:50:16,0.0205
8,215-239,1769457315,2026-01-27T03:55:15,0.0205
8,215-239,1769457623,2026-01-27T04:00:23,0.0205
8,215-239,1769457915,2026-01-27T04:05:15,0.0205
8,215-239,1769458216,2026-01-27T04:10:16,0.0205
8,215-239,1769458514,2026-01-27T04:15:14,0.0205
8,215-239,1769458815,2026-01-27T04:20:15,0.0205
8,215-239,1769459133,2026-01-27T04:25:33,0.0205
8,215-239,1769459419,2026-01-27T04:30:19,0.0205
8,215-239,1769459714,2026-01-27T04:35:14,0.0205
8,215-239,1769460015,2026-01-27T04:40:15,0.0205
8,215-239,1769460314,2026-01-27T04:45:14,0.0205
8,215-239,1769460615,2026-01-27T04:50:15,0.0205
8,215-239,1769460918,2026-01-27T04:55:18,0.0205
8,215-239,1769461224,2026-01-27T05:00:24,0.0205
8,215-239,1769461514,2026-01-27T05:05:14,0.0205
8,215-239,1769461815,2026-01-27T05:10:15,0.018
8,215-239,1769462115,2026-01-27T05:15:15,0.018
8,215-239,1769462415,2026-01-27T05:20:15,0.018
8,215-239,1769462717,2026-01-27T05:25:17,0.018
8,215-239,1769463019,2026-01-27T05:30:19,0.016
8,215-239,1769463315,2026-01-27T05:35:15,0.016
8,215-239,1769463615,2026-01-27T05:40:15,0.016
8,215-239,1769463914,2026-01-27T05:45:14,0.016
8,215-239,1769464218,2026-01-27T05:50:18,0.016
8,215-239,1769464518,2026-01-27T05:55:18,0.016
8,215-239,1769464819,2026-01-27T06:00:19,0.016
8,215-239,1769465116,2026-01-27T06:05:16,0.016
8,215-239,1769465415,2026-01-27T06:10:15,0.016
8,215-239,1769465715,2026-01-27T06:15:15,0.016
8,215-239,1769466031,2026-01-27T06:20:31,0.016
8,215-239,1769466316,2026-01-27T06:25:16,0.017
8,215-239,1769466619,2026-01-27T06:30:19,0.017
8,215-239,1769466915,2026-01-27T06:35:15,0.017
8,215-239,1769467215,2026-01-27T06:40:15,0.0165
8,215-239,1769467515,2026-01-27T06:45:15,0.017
8,215-239,1769467819,2026-01-27T06:50:19,0.017
8,215-239,1769468118,2026-01-27T06:55:18,0.017
8,215-239,1769468420,2026-01-27T07:00:20,0.017
8,215-239,1769468715,2026-01-27T07:05:15,0.017
8,215-239,1769469015,2026-01-27T07:10:15,0.017
8,215-239,1769469315,2026-01-27T07:15:15,0.017
8,215-239,1769469619,2026-01-27T07:20:19,0.017
8,215-239,1769469915,2026-01-27T07:25:15,0.017
8,215-239,1769470220,2026-01-27T07:30:20,0.017
8,215-239,1769470514,2026-01-27T07:35:14,0.017
8,215-239,1769470816,2026-01-27T07:40:16,0.017
8,215-239,1769471118,2026-01-27T07:45:18,0.017
8,215-239,1769471418,2026-01-27T07:50:18,0.0165
8,215-239,1769471715,2026-01-27T07:55:15,0.0165
8,215-239,1769472034,2026-01-27T08:00:34,0.0165
8,215-239,1769472314,2026-01-27T08:05:14,0.016
8,215-239,1769472614,2026-01-27T08:10:14,0.016
8,215-239,1769472914,2026-01-27T08:15:14,0.016
8,215-239,1769473214,2026-01-27T08:20:14,0.016
8,215-239,1769473513,2026-01-27T08:25:13,0.016
8,215-239,1769473815,2026-01-27T08:30:15,0.016
8,215-239,1769474114,2026-01-27T08:35:14,0.016
8,215-239,1769474415,2026-01-27T08:40:15,0.016
8,215-239,1769474714,2026-01-27T08:45:14,0.016
8,215-239,1769475015,2026-01-27T08:50:15,0.016
8,215-239,1769475315,2026-01-27T08:55:15,0.016
8,215-239,1769475616,2026-01-27T09:00:16,0.016
8,215-239,1769475914,2026-01-27T09:05:14,0.016
8,215-239,1769476215,2026-01-27T09:10:15,0.016
8,215-239,1769476516,2026-01-27T09:15:16,0.016
8,215-239,1769476815,2026-01-27T09:20:15,0.016
8,215-239,1769477115,2026-01-27T09:25:15,0.016
8,215-239,1769477416,2026-01-27T09:30:16,0.016
8,215-239,1769477714,2026-01-27T09:35:14,0.016
8,215-239,1769478014,2026-01-27T09:40:14,0.016
8,215-239,1769478314,2026-01-27T09:45:14,0.0125
8,215-239,1769478615,2026-01-27T09:50:15,0.0125
8,215-239,1769478914,2026-01-27T09:55:14,0.0125
8,215-239,1769479216,2026-01-27T10:00:16,0.0125
8,215-239,1769479515,2026-01-27T10:05:15,0.0125
8,215-239,1769479815,2026-01-27T10:10:15,0.0125
8,215-239,1769480114,2026-01-27T10:15:14,0.0125
8,215-239,1769480415,2026-01-27T10:20:15,0.0125
8,215-239,1769480715,2026-01-27T10:25:15,0.0125
8,215-239,1769481016,2026-01-27T10:30:16,0.0125
8,215-239,1769481314,2026-01-27T10:35:14,0.0125
8,215-239,1769481614,2026-01-27T10:40:14,0.0125
8,215-239,1769481914,2026-01-27T10:45:14,0.0125
8,215-239,1769482214,2026-01-27T10:50:14,0.0125
8,215-239,1769482520,2026-01-27T10:55:20,0.0125
8,215-239,1769482824,2026-01-27T11:00:24,0.0125
8,215-239,1769483114,2026-01-27T11:05:14,0.0125
8,215-239,1769483415,2026-01-27T11:10:15,0.0125
8,215-239,1769483715,2026-01-27T11:15:15,0.0125
8,215-239,1769484015,2026-01-27T11:20:15,0.0125
8,215-239,1769484314,2026-01-27T11:25:14,0.0125
8,215-239,1769484617,2026-01-27T11:30:17,0.0125
8,215-239,1769484917,2026-01-27T11:35:17,0.0125
8,215-239,1769485215,2026-01-27T11:40:15,0.0125
8,215-239,1769485515,2026-01-27T11:45:15,0.0125
8,215-239,1769485814,2026-01-27T11:50:14,0.0125
8,215-239,1769486114,2026-01-27T11:55:14,0.0125
8,215-239,1769486418,2026-01-27T12:00:18,0.0125
8,215-239,1769486715,2026-01-27T12:05:15,0.0125
8,215-239,1769487015,2026-01-27T12:10:15,0.0125
8,215-239,1769487316,2026-01-27T12:15:16,0.0125
8,215-239,1769487617,2026-01-27T12:20:17,0.0125
8,215-239,1769487915,2026-01-27T12:25:15,0.0125
8,215-239,1769488215,2026-01-27T12:30:15,0.0125
8,215-239,1769488515,2026-01-27T12:35:15,0.0125
8,215-239,1769488815,2026-01-27T12:40:15,0.0125
8,215-239,1769489115,2026-01-27T12:45:15,0.0125
8,215-239,1769489417,2026-01-27T12:50:17,0.0125
8,215-239,1769489714,2026-01-27T12:55:14,0.0125
8,215-239,1769490016,2026-01-27T13:00:16,0.0125
8,215-239,1769490325,2026-01-27T13:05:25,0.0125
8,215-239,1769490614,2026-01-27T13:10:14,0.0125
8,215-239,1769490915,2026-01-27T13:15:15,0.0125
8,215-239,1769491214,2026-01-27T13:20:14,0.0125
8,215-239,1769491516,2026-01-27T13:25:16,0.0125
8,215-239,1769491816,2026-01-27T13:30:16,0.0125
8,215-239,1769492114,2026-01-27T13:35:14,0.0125
8,215-239,1769492414,2026-01-27T13:40:14,0.0125
8,215-239,1769492714,2026-01-27T13:45:14,0.0125
8,215-239,1769493016,2026-01-27T13:50:16,0.0125
8,215-239,1769493314,2026-01-27T13:55:14,0.0125
8,215-239,1769493617,2026-01-27T14:00:17,0.0125
8,215-239,1769493914,2026-01-27T14:05:14,0.0125
8,215-239,1769494214,2026-01-27T14:10:14,0.0125
8,215-239,1769494530,2026-01-27T14:15:30,0.0125
8,215-239,1769494815,2026-01-27T14:20:15,0.0125
8,215-239,1769495116,2026-01-27T14:25:16,0.0125
8,215-239,1769495416,2026-01-27T14:30:16,0.0125
8,215-239,1769495730,2026-01-27T14:35:30,0.0125
8,215-239,1769496017,2026-01-27T14:40:17,0.0125
8,215-239,1769496314,2026-01-27T14:45:14,0.0125
8,215-239,1769496616,2026-01-27T14:50:16,0.0125
8,215-239,1769496915,2026-01-27T14:55:15,0.0125
8,215-239,1769497224,2026-01-27T15:00:24,0.0125
8,215-239,1769497516,2026-01-27T15:05:16,0.0125
8,215-239,1769497814,2026-01-27T15:10:14,0.0125
8,215-239,1769498115,2026-01-27T15:15:15,0.0125
8,215-239,1769498414,2026-01-27T15:20:14,0.0125
8,215-239,1769498714,2026-01-27T15:25:14,0.0125
8,215-239,1769499031,2026-01-27T15:30:31,0.0125
8,215-239,1769499315,2026-01-27T15:35:15,0.0125
8,215-239,1769499618,2026-01-27T15:40:18,0.0125
8,215-239,1769499914,2026-01-27T15:45:14,0.0125
8,215-239,1769500217,2026-01-27T15:50:17,0.0165
8,215-239,1769500514,2026-01-27T15:55:14,0.0165
8,215-239,1769500818,2026-01-27T16:00:18,0.016
8,215-239,1769501115,2026-01-27T16:05:15,0.016
8,215-239,1769501415,2026-01-27T16:10:15,0.016
8,215-239,1769501715,2026-01-27T16:15:15,0.016
8,215-239,1769502027,2026-01-27T16:20:27,0.016
8,215-239,1769502316,2026-01-27T16:25:16,0.016
8,215-239,1769502616,2026-01-27T16:30:16,0.0165
8,215-239,1769502915,2026-01-27T16:35:15,0.0165
8,215-239,1769503216,2026-01-27T16:40:16,0.0165
8,215-239,1769503515,2026-01-27T16:45:15,0.0165
8,215-239,1769503817,2026-01-27T16:50:17,0.0165
8,215-239,1769504115,2026-01-27T16:55:15,0.0165
8,215-239,1769504419,2026-01-27T17:00:19,0.016
8,215-239,1769504714,2026-01-27T17:05:14,0.016
8,215-239,1769505015,2026-01-27T17:10:15,0.016
8,215-239,1769505317,2026-01-27T17:15:17,0.0155
8,215-239,1769505615,2026-01-27T17:20:15,0.016
8,215-239,1769505916,2026-01-27T17:25:16,0.016
8,215-239,1769506215,2026-01-27T17:30:15,0.016
8,215-239,1769506516,2026-01-27T17:35:16,0.016
8,215-239,1769506831,2026-01-27T17:40:31,0.016
8,215-239,1769507117,2026-01-27T17:45:17,0.016
8,215-239,1769507415,2026-01-27T17:50:15,0.016
8,215-239,1769507714,2026-01-27T17:55:14,0.0165
8,215-239,1769508025,2026-01-27T18:00:25,0.0165
8,215-239,1769508314,2026-01-27T18:05:14,0.0165
8,215-239,1769508632,2026-01-27T18:10:32,0.0165
8,215-239,1769508914,2026-01-27T18:15:14,0.0165
8,215-239,1769509216,2026-01-27T18:20:16,0.0165
8,215-239,1769509515,2026-01-27T18:25:15,0.0165
8,215-239,1769509815,2026-01-27T18:30:15,0.0165
8,215-239,1769510115,2026-01-27T18:35:15,0.0165
8,215-239,1769510415,2026-01-27T18:40:15,0.0165
8,215-239,1769510730,2026-01-27T18:45:30,0.0165
8,215-239,1769511014,2026-01-27T18:50:14,0.0165
8,215-239,1769511327,2026-01-27T18:55:27,0.0165
8,215-239,1769511617,2026-01-27T19:00:17,0.0165
8,215-239,1769511915,2026-01-27T19:05:15,0.0165
8,215-239,1769512246,2026-01-27T19:10:46,0.023
8,215-239,1769512525,2026-01-27T19:15:25,0.025
8,215-239,1769512815,2026-01-27T19:20:15,0.025
8,215-239,1769513115,2026-01-27T19:25:15,0.024
8,215-239,1769513416,2026-01-27T19:30:16,0.0265
8,215-239,1769513728,2026-01-27T19:35:28,0.0265
8,215-239,1769514017,2026-01-27T19:40:17,0.0255
8,215-239,1769514314,2026-01-27T19:45:14,0.026
8,215-239,1769514615,2026-01-27T19:50:15,0.0265
8,215-239,1769514915,2026-01-27T19:55:15,0.026
8,215-239,1769515223,2026-01-27T20:00:23,0.0265
8,215-239,1769515546,2026-01-27T20:05:46,0.0235
8,215-239,1769515816,2026-01-27T20:10:16,0.0235
8,215-239,1769516115,2026-01-27T20:15:15,0.0245
8,215-239,1769516415,2026-01-27T20:20:15,0.0215
8,215-239,1769516715,2026-01-27T20:25:15,0.02
8,215-239,1769517017,2026-01-27T20:30:17,0.023
8,215-239,1769517318,2026-01-27T20:35:18,0.021
8,215-239,1769517627,2026-01-27T20:40:27,0.02
8,215-239,1769517915,2026-01-27T20:45:15,0.0195
8,215-239,1769518229,2026-01-27T20:50:29,0.02
8,215-239,1769518516,2026-01-27T20:55:16,0.0205
8,215-239,1769518829,2026-01-27T21:00:29,0.0225
8,215-239,1769519114,2026-01-27T21:05:14,0.025
8,215-239,1769519415,2026-01-27T21:10:15,0.0275
8,215-239,1769519716,2026-01-27T21:15:16,0.026
8,215-239,1769520018,2026-01-27T21:20:18,0.0215
8,215-239,1769520315,2026-01-27T21:25:15,0.0235
8,215-239,1769520616,2026-01-27T21:30:16,0.016
8,215-239,1769520915,2026-01-27T21:35:15,0.016
8,215-239,1769521215,2026-01-27T21:40:15,0.016
8,215-239,1769521519,2026-01-27T21:45:19,0.016
8,215-239,1769521818,2026-01-27T21:50:18,0.016
8,215-239,1769522116,2026-01-27T21:55:16,0.016
8,215-239,1769522417,2026-01-27T22:00:17,0.0155
8,215-239,1769522716,2026-01-27T22:05:16,0.0155
8,215-239,1769523015,2026-01-27T22:10:15,0.0155
8,215-239,1769523317,2026-01-27T22:15:17,0.0155
8,215-239,1769523616,2026-01-27T22:20:16,0.0155
8,215-239,1769523916,2026-01-27T22:25:16,0.0155
8,215-239,1769524216,2026-01-27T22:30:16,0.0165
8,215-239,1769524516,2026-01-27T22:35:16,0.016
8,215-239,1769524818,2026-01-27T22:40:18,0.016
8,215-239,1769525116,2026-01-27T22:45:16,0.016
8,215-239,1769525416,2026-01-27T22:50:16,0.016
8,215-239,1769525716,2026-01-27T22:55:16,0.016
8,215-239,1769526018,2026-01-27T23:00:18,0.016
8,215-239,1769526331,2026-01-27T23:05:31,0.016
8,215-239,1769526618,2026-01-27T23:10:18,0.016
8,215-239,1769526914,2026-01-27T23:15:14,0.016
8,215-239,1769527214,2026-01-27T23:20:14,0.016
8,215-239,1769527516,2026-01-27T23:25:16,0.016
8,215-239,1769527817,2026-01-27T23:30:17,0.0165
8,215-239,1769528131,2026-01-27T23:35:31,0.016
8,215-239,1769528416,2026-01-27T23:40:16,0.016
8,215-239,1769528715,2026-01-27T23:45:15,0.016
8,215-239,1769529015,2026-01-27T23:50:15,0.0155
8,215-239,1769529314,2026-01-27T23:55:14,0.0155
8,215-239,1769529616,2026-01-28T00:00:16,0.016
8,215-239,1769529918,2026-01-28T00:05:18,0.016
8,215-239,1769530215,2026-01-28T00:10:15,0.016
8,215-239,1769530514,2026-01-28T00:15:14,0.016
8,215-239,1769530814,2026-01-28T00:20:14,0.016
8,215-239,1769531118,2026-01-28T00:25:18,0.016
8,215-239,1769531416,2026-01-28T00:30:16,0.016
8,215-239,1769531714,2026-01-28T00:35:14,0.0165
8,215-239,1769532014,2026-01-28T00:40:14,0.0165
8,215-239,1769532315,2026-01-28T00:45:15,0.017
8,215-239,1769532617,2026-01-28T00:50:17,0.017
8,215-239,1769532915,2026-01-28T00:55:15,0.0175
8,215-239,1769533217,2026-01-28T01:00:17,0.0175
8,215-239,1769533518,2026-01-28T01:05:18,0.017
8,215-239,1769533816,2026-01-28T01:10:16,0.017
8,215-239,1769534114,2026-01-28T01:15:14,0.0165
8,215-239,1769534415,2026-01-28T01:20:15,0.0165
8,215-239,1769534718,2026-01-28T01:25:18,0.0165
8,215-239,1769535033,2026-01-28T01:30:33,0.016
8,215-239,1769535316,2026-01-28T01:35:16,0.0155
8,215-239,1769535615,2026-01-28T01:40:15,0.0155
8,215-239,1769535915,2026-01-28T01:45:15,0.0155
8,215-239,1769536218,2026-01-28T01:50:18,0.0165
8,215-239,1769536515,2026-01-28T01:55:15,0.0165
8,215-239,1769536819,2026-01-28T02:00:19,0.0165
8,215-239,1769537114,2026-01-28T02:05:14,0.0165
8,215-239,1769537415,2026-01-28T02:10:15,0.0165
8,215-239,1769537718,2026-01-28T02:15:18,0.0175
8,215-239,1769538015,2026-01-28T02:20:15,0.0175
8,215-239,1769538315,2026-01-28T02:25:15,0.0175
8,215-239,1769538617,2026-01-28T02:30:17,0.0175
8,215-239,1769538915,2026-01-28T02:35:15,0.0175
8,215-239,1769539232,2026-01-28T02:40:32,0.0175
8,215-239,1769539515,2026-01-28T02:45:15,0.0175
8,215-239,1769539815,2026-01-28T02:50:15,0.0175
8,215-239,1769540115,2026-01-28T02:55:15,0.015
8,215-239,1769540418,2026-01-28T03:00:18,0.015
8,215-239,1769540718,2026-01-28T03:05:18,0.0155
8,215-239,1769541016,2026-01-28T03:10:16,0.0155
8,215-239,1769541316,2026-01-28T03:15:16,0.0155
8,215-239,1769541615,2026-01-28T03:20:15,0.0155
8,215-239,1769541916,2026-01-28T03:25:16,0.0155
8,215-239,1769542220,2026-01-28T03:30:20,0.0155
8,215-239,1769542515,2026-01-28T03:35:15,0.0155
8,215-239,1769542815,2026-01-28T03:40:15,0.0155
8,215-239,1769543115,2026-01-28T03:45:15,0.0155
8,215-239,1769543414,2026-01-28T03:50:14,0.0155
8,215-239,1769543718,2026-01-28T03:55:18,0.0155
8,215-239,1769544016,2026-01-28T04:00:16,0.0155
8,215-239,1769544330,2026-01-28T04:05:30,0.0155
8,215-239,1769544615,2026-01-28T04:10:15,0.0155
8,215-239,1769544915,2026-01-28T04:15:15,0.0155
8,215-239,1769545215,2026-01-28T04:20:15,0.0155
8,215-239,1769545514,2026-01-28T04:25:14,0.0155
8,215-239,1769545817,2026-01-28T04:30:17,0.0155
8,215-239,1769546117,2026-01-28T04:35:17,0.0155
8,215-239,1769546415,2026-01-28T04:40:15,0.0155
8,215-239,1769546715,2026-01-28T04:45:15,0.0155
8,215-239,1769547018,2026-01-28T04:50:18,0.0155
8,215-239,1769547315,2026-01-28T04:55:15,0.0155
8,215-239,1769547619,2026-01-28T05:00:19,0.0155
8,215-239,1769547915,2026-01-28T05:05:15,0.015
8,215-239,1769548215,2026-01-28T05:10:15,0.0145
8,215-239,1769548518,2026-01-28T05:15:18,0.0145
8,215-239,1769548814,2026-01-28T05:20:14,0.0145
8,215-239,1769549115,2026-01-28T05:25:15,0.0145
8,215-239,1769549417,2026-01-28T05:30:17,0.0145
8,215-239,1769549715,2026-01-28T05:35:15,0.014
8,215-239,1769550018,2026-01-28T05:40:18,0.014
8,215-239,1769550315,2026-01-28T05:45:15,0.014
8,215-239,1769550618,2026-01-28T05:50:18,0.014
8,215-239,1769550916,2026-01-28T05:55:16,0.014
8,215-239,1769551217,2026-01-28T06:00:17,0.0135
8,215-239,1769551515,2026-01-28T06:05:15,0.0125
8,215-239,1769551815,2026-01-28T06:10:15,0.0135
8,215-239,1769552118,2026-01-28T06:15:18,0.0125
8,215-239,1769552415,2026-01-28T06:20:15,0.0125
8,215-239,1769552715,2026-01-28T06:25:15,0.0115
8,215-239,1769553017,2026-01-28T06:30:17,0.0115
8,215-239,1769553314,2026-01-28T06:35:14,0.012
8,215-239,1769553631,2026-01-28T06:40:31,0.012
8,215-239,1769553915,2026-01-28T06:45:15,0.0115
8,215-239,1769554215,2026-01-28T06:50:15,0.0115
8,215-239,1769554514,2026-01-28T06:55:14,0.012
8,215-239,1769554818,2026-01-28T07:00:18,0.012
8,215-239,1769555114,2026-01-28T07:05:14,0.0115
8,215-239,1769555418,2026-01-28T07:10:18,0.0115
8,215-239,1769555718,2026-01-28T07:15:18,0.012
8,215-239,1769556015,2026-01-28T07:20:15,0.012
8,215-239,1769556315,2026-01-28T07:25:15,0.0115
8,215-239,1769556618,2026-01-28T07:30:18,0.0115
8,215-239,1769556914,2026-01-28T07:35:14,0.012
8,215-239,1769557219,2026-01-28T07:40:19,0.012
8,215-239,1769557515,2026-01-28T07:45:15,0.0115
8,215-239,1769557815,2026-01-28T07:50:15,0.0115
8,215-239,1769558115,2026-01-28T07:55:15,0.012
8,215-239,1769558424,2026-01-28T08:00:24,0.012
8,215-239,1769558726,2026-01-28T08:05:26,0.012
8,215-239,1769559019,2026-01-28T08:10:19,0.0115
8,215-239,1769559314,2026-01-28T08:15:14,0.012
8,215-239,1769559615,2026-01-28T08:20:15,0.012
8,215-239,1769559916,2026-01-28T08:25:16,0.0115
8,215-239,1769560216,2026-01-28T08:30:16,0.012
8,215-239,1769560518,2026-01-28T08:35:18,0.0115
8,215-239,1769560815,2026-01-28T08:40:15,0.0115
8,215-239,1769561115,2026-01-28T08:45:15,0.0115
8,215-239,1769561415,2026-01-28T08:50:15,0.0115
8,215-239,1769561715,2026-01-28T08:55:15,0.0115
8,215-239,1769562028,2026-01-28T09:00:28,0.0115
8,215-239,1769562315,2026-01-28T09:05:15,0.012
8,215-239,1769562616,2026-01-28T09:10:16,0.012
8,215-239,1769562927,2026-01-28T09:15:27,0.0125
8,215-239,1769563216,2026-01-28T09:20:16,0.0125
8,215-239,1769563516,2026-01-28T09:25:16,0.0125
8,215-239,1769563816,2026-01-28T09:30:16,0.0125
8,215-239,1769564114,2026-01-28T09:35:14,0.012
8,215-239,1769564415,2026-01-28T09:40:15,0.012
8,215-239,1769564718,2026-01-28T09:45:18,0.012
8,215-239,1769565014,2026-01-28T09:50:14,0.012
8,215-239,1769565315,2026-01-28T09:55:15,0.012
8,215-239,1769565620,2026-01-28T10:00:20,0.012
8,215-239,1769565915,2026-01-28T10:05:15,0.0115
8,215-239,1769566215,2026-01-28T10:10:15,0.0115
8,215-239,1769566515,2026-01-28T10:15:15,0.011
8,215-239,1769566815,2026-01-28T10:20:15,0.011
8,215-239,1769567118,2026-01-28T10:25:18,0.011
8,215-239,1769567418,2026-01-28T10:30:18,0.011
8,215-239,1769567716,2026-01-28T10:35:16,0.011
8,215-239,1769568014,2026-01-28T10:40:14,0.011
8,215-239,1769568315,2026-01-28T10:45:15,0.011
8,215-239,1769568618,2026-01-28T10:50:18,0.011
8,215-239,1769568915,2026-01-28T10:55:15,0.011
8,215-239,1769569221,2026-01-28T11:00:21,0.011
8,215-239,1769569515,2026-01-28T11:05:15,0.011
8,215-239,1769569815,2026-01-28T11:10:15,0.0125
8,215-239,1769570115,2026-01-28T11:15:15,0.0125
8,215-239,1769570412,2026-01-28T11:20:12,0.0125
8,215-239,1769570433,2026-01-28T11:20:33,0.0125
8,215-239,1769570718,2026-01-28T11:25:18,0.0125
8,215-239,1769571018,2026-01-28T11:30:18,0.0125
8,215-239,1769571314,2026-01-28T11:35:14,0.0125
8,215-239,1769571615,2026-01-28T11:40:15,0.0125
8,215-239,1769571916,2026-01-28T11:45:16,0.0125
8,215-239,1769572219,2026-01-28T11:50:19,0.0125
8,215-239,1769572515,2026-01-28T11:55:15,0.0115
8,215-239,1769572835,2026-01-28T12:00:35,0.0115
8,215-239,1769573115,2026-01-28T12:05:15,0.0115
8,215-239,1769573415,2026-01-28T12:10:15,0.0115
8,215-239,1769573715,2026-01-28T12:15:15,0.0115
8,215-239,1769574015,2026-01-28T12:20:15,0.0115
8,215-239,1769574316,2026-01-28T12:25:16,0.0115
8,215-239,1769574619,2026-01-28T12:30:19,0.0115
8,215-239,1769574914,2026-01-28T12:35:14,0.0115
8,215-239,1769575215,2026-01-28T12:40:15,0.0115
8,215-239,1769575515,2026-01-28T12:45:15,0.0115
8,215-239,1769575818,2026-01-28T12:50:18,0.0115
8,215-239,1769576115,2026-01-28T12:55:15,0.0115
8,215-239,1769576417,2026-01-28T13:00:17,0.0115
8,215-239,1769576714,2026-01-28T13:05:14,0.0115
8,215-239,1769577014,2026-01-28T13:10:14,0.0115
8,215-239,1769577319,2026-01-28T13:15:19,0.0115
8,215-239,1769577631,2026-01-28T13:20:31,0.0115
8,215-239,1769577915,2026-01-28T13:25:15,0.0115
8,215-239,1769578217,2026-01-28T13:30:17,0.0115
8,215-239,1769578515,2026-01-28T13:35:15,0.0115
8,215-239,1769578815,2026-01-28T13:40:15,0.0115
8,215-239,1769579128,2026-01-28T13:45:28,0.0115
8,215-239,1769579418,2026-01-28T13:50:18,0.0115
8,215-239,1769579715,2026-01-28T13:55:15,0.0115
8,215-239,1769580018,2026-01-28T14:00:18,0.0115
8,215-239,1769580315,2026-01-28T14:05:15,0.0115
8,215-239,1769580616,2026-01-28T14:10:16,0.0115
8,215-239,1769580918,2026-01-28T14:15:18,0.0115
8,215-239,1769581216,2026-01-28T14:20:16,0.0115
8,215-239,1769581515,2026-01-28T14:25:15,0.0115
8,215-239,1769581819,2026-01-28T14:30:19,0.0115
8,215-239,1769582133,2026-01-28T14:35:33,0.0115
8,215-239,1769582415,2026-01-28T14:40:15,0.0115
8,215-239,1769582719,2026-01-28T14:45:19,0.0115
8,215-239,1769583015,2026-01-28T14:50:15,0.0115
8,215-239,1769583315,2026-01-28T14:55:15,0.0115
8,215-239,1769583618,2026-01-28T15:00:18,0.0115
8,215-239,1769583914,2026-01-28T15:05:14,0.0115
8,215-239,1769584218,2026-01-28T15:10:18,0.0115
8,215-239,1769584515,2026-01-28T15:15:15,0.0115
8,215-239,1769584815,2026-01-28T15:20:15,0.0115
8,215-239,1769585116,2026-01-28T15:25:16,0.0115
8,215-239,1769585418,2026-01-28T15:30:18,0.0115
8,215-239,1769585731,2026-01-28T15:35:31,0.0115
8,215-239,1769586019,2026-01-28T15:40:19,0.0115
8,215-239,1769586315,2026-01-28T15:45:15,0.0115
8,215-239,1769586616,2026-01-28T15:50:16,0.0115
8,215-239,1769586915,2026-01-28T15:55:15,0.0115
8,215-239,1769587218,2026-01-28T16:00:18,0.0115
8,215-239,1769587518,2026-01-28T16:05:18,0.0115
8,215-239,1769587817,2026-01-28T16:10:17,0.0115
8,215-239,1769588114,2026-01-28T16:15:14,0.0115
8,215-239,1769588415,2026-01-28T16:20:15,0.0115
8,215-239,1769588715,2026-01-28T16:25:15,0.0115
8,215-239,1769589033,2026-01-28T16:30:33,0.0115
8,215-239,1769589315,2026-01-28T16:35:15,0.0115
8,215-239,1769589616,2026-01-28T16:40:16,0.0115
8,215-239,1769589915,2026-01-28T16:45:15,0.0115
8,215-239,1769590214,2026-01-28T16:50:14,0.0115
8,215-239,1769590515,2026-01-28T16:55:15,0.0115
8,215-239,1769590823,2026-01-28T17:00:23,0.0115
8,215-239,1769591115,2026-01-28T17:05:15,0.0115
8,215-239,1769591418,2026-01-28T17:10:18,0.0115
8,215-239,1769591715,2026-01-28T17:15:15,0.0115
8,215-239,1769592015,2026-01-28T17:20:15,0.0115
8,215-239,1769592314,2026-01-28T17:25:14,0.0115
8,215-239,1769592618,2026-01-28T17:30:18,0.0115
8,215-239,1769592918,2026-01-28T17:35:18,0.0115
8,215-239,1769593214,2026-01-28T17:40:14,0.0115
8,215-239,1769593514,2026-01-28T17:45:14,0.0115
8,215-239,1769593815,2026-01-28T17:50:15,0.0135
8,215-239,1769594115,2026-01-28T17:55:15,0.0135
8,215-239,1769594440,2026-01-28T18:00:40,0.014
8,215-239,1769594716,2026-01-28T18:05:16,0.014
8,215-239,1769595017,2026-01-28T18:10:17,0.014
8,215-239,1769595316,2026-01-28T18:15:16,0.014
8,215-239,1769595615,2026-01-28T18:20:15,0.014
8,215-239,1769595914,2026-01-28T18:25:14,0.014
8,215-239,1769596220,2026-01-28T18:30:20,0.014
8,215-239,1769596514,2026-01-28T18:35:14,0.014
8,215-239,1769596816,2026-01-28T18:40:16,0.014
8,215-239,1769597115,2026-01-28T18:45:15,0.014
8,215-239,1769597415,2026-01-28T18:50:15,0.014
8,215-239,1769597718,2026-01-28T18:55:18,0.014
8,215-239,1769598018,2026-01-28T19:00:18,0.014
8,215-239,1769598316,2026-01-28T19:05:16,0.014
8,215-239,1769598615,2026-01-28T19:10:15,0.015
8,215-239,1769598915,2026-01-28T19:15:15,0.0145
8,215-239,1769599219,2026-01-28T19:20:19,0.0145
8,215-239,1769599515,2026-01-28T19:25:15,0.0145
8,215-239,1769599817,2026-01-28T19:30:17,0.0145
8,215-239,1769600114,2026-01-28T19:35:14,0.0145
8,215-239,1769600417,2026-01-28T19:40:17,0.0145
8,215-239,1769600734,2026-01-28T19:45:34,0.0145
8,215-239,1769601016,2026-01-28T19:50:16,0.015
8,215-239,1769601315,2026-01-28T19:55:15,0.015
8,215-239,1769601625,2026-01-28T20:00:25,0.0145
8,215-239,1769601915,2026-01-28T20:05:15,0.015
8,215-239,1769602215,2026-01-28T20:10:15,0.015
8,215-239,1769602522,2026-01-28T20:15:22,0.0145
8,215-239,1769602817,2026-01-28T20:20:17,0.0145
8,215-239,1769603116,2026-01-28T20:25:16,0.0145
8,215-239,1769603417,2026-01-28T20:30:17,0.0145
8,215-239,1769603718,2026-01-28T20:35:18,0.015
8,215-239,1769604016,2026-01-28T20:40:16,0.0145
8,215-239,1769604316,2026-01-28T20:45:16,0.0145
8,215-239,1769604615,2026-01-28T20:50:15,0.014
8,215-239,1769604915,2026-01-28T20:55:15,0.0135
8,215-239,1769605234,2026-01-28T21:00:34,0.013
8,215-239,1769605515,2026-01-28T21:05:15,0.013
8,215-239,1769605815,2026-01-28T21:10:15,0.0125
8,215-239,1769606116,2026-01-28T21:15:16,0.0125
8,215-239,1769606432,2026-01-28T21:20:32,0.0125
8,215-239,1769606715,2026-01-28T21:25:15,0.012
8,215-239,1769607017,2026-01-28T21:30:17,0.012
8,215-239,1769607315,2026-01-28T21:35:15,0.012
8,215-239,1769607615,2026-01-28T21:40:15,0.012
8,215-239,1769607928,2026-01-28T21:45:28,0.012
8,215-239,1769608218,2026-01-28T21:50:18,0.011
8,215-239,1769608516,2026-01-28T21:55:16,0.0085
8,215-239,1769608818,2026-01-28T22:00:18,0.007
8,215-239,1769609115,2026-01-28T22:05:15,0.007
8,215-239,1769609415,2026-01-28T22:10:15,0.0065
8,215-239,1769609719,2026-01-28T22:15:19,0.0065
8,215-239,1769610034,2026-01-28T22:20:34,0.006
8,215-239,1769610316,2026-01-28T22:25:16,0.0065
8,215-239,1769610618,2026-01-28T22:30:18,0.006
8,215-239,1769610916,2026-01-28T22:35:16,0.0055
8,215-239,1769611216,2026-01-28T22:40:16,0.0055
8,215-239,1769611516,2026-01-28T22:45:16,0.0055
8,215-239,1769611819,2026-01-28T22:50:19,0.0045
8,215-239,1769612118,2026-01-28T22:55:18,0.0045
8,215-239,1769612420,2026-01-28T23:00:20,0.0045
8,215-239,1769612716,2026-01-28T23:05:16,0.0045
8,215-239,1769613017,2026-01-28T23:10:17,0.0045
8,215-239,1769613318,2026-01-28T23:15:18,0.0045
8,215-239,1769613617,2026-01-28T23:20:17,0.0045
8,215-239,1769613919,2026-01-28T23:25:19,0.0045
8,215-239,1769614219,2026-01-28T23:30:19,0.0045
8,215-239,1769614515,2026-01-28T23:35:15,0.0045
8,215-239,1769614816,2026-01-28T23:40:16,0.0045
8,215-239,1769615116,2026-01-28T23:45:16,0.004
8,215-239,1769615418,2026-01-28T23:50:18,0.004
8,215-239,1769615715,2026-01-28T23:55:15,0.004
8,215-239,1769616018,2026-01-29T00:00:18,0.004
8,215-239,1769616316,2026-01-29T00:05:16,0.004
8,215-239,1769616616,2026-01-29T00:10:16,0.004
8,215-239,1769616918,2026-01-29T00:15:18,0.004
8,215-239,1769617218,2026-01-29T00:20:18,0.004
8,215-239,1769617516,2026-01-29T00:25:16,0.004
8,215-239,1769617818,2026-01-29T00:30:18,0.004
8,215-239,1769618117,2026-01-29T00:35:17,0.004
8,215-239,1769618417,2026-01-29T00:40:17,0.004
8,215-239,1769618718,2026-01-29T00:45:18,0.004
8,215-239,1769619016,2026-01-29T00:50:16,0.004
8,215-239,1769619315,2026-01-29T00:55:15,0.004
8,215-239,1769619621,2026-01-29T01:00:21,0.004
8,215-239,1769619916,2026-01-29T01:05:16,0.004
8,215-239,1769620232,2026-01-29T01:10:32,0.0045
8,215-239,1769620515,2026-01-29T01:15:15,0.0045
8,215-239,1769620815,2026-01-29T01:20:15,0.0045
8,215-239,1769621116,2026-01-29T01:25:16,0.0045
8,215-239,1769621418,2026-01-29T01:30:18,0.0045
8,215-239,1769621719,2026-01-29T01:35:19,0.005
8,215-239,1769622016,2026-01-29T01:40:16,0.005
8,215-239,1769622316,2026-01-29T01:45:16,0.005
8,215-239,1769622615,2026-01-29T01:50:15,0.0055
8,215-239,1769622915,2026-01-29T01:55:15,0.0105
8,215-239,1769623236,2026-01-29T02:00:36,0.009
8,215-239,1769623519,2026-01-29T02:05:19,0.008
8,215-239,1769623816,2026-01-29T02:10:16,0.009
8,215-239,1769624116,2026-01-29T02:15:16,0.009
8,215-239,1769624416,2026-01-29T02:20:16,0.009
8,215-239,1769624715,2026-01-29T02:25:15,0.009
8,215-239,1769625022,2026-01-29T02:30:22,0.009
8,215-239,1769625315,2026-01-29T02:35:15,0.009
8,215-239,1769625615,2026-01-29T02:40:15,0.009
8,215-239,1769625915,2026-01-29T02:45:15,0.009
8,215-239,1769626215,2026-01-29T02:50:15,0.009
8,215-239,1769626534,2026-01-29T02:55:34,0.009
8,215-239,1769626819,2026-01-29T03:00:19,0.009
8,215-239,1769627115,2026-01-29T03:05:15,0.009
8,215-239,1769627416,2026-01-29T03:10:16,0.009
8,215-239,1769627716,2026-01-29T03:15:16,0.007
8,215-239,1769628015,2026-01-29T03:20:15,0.006
8,215-239,1769628321,2026-01-29T03:25:21,0.006
8,215-239,1769628619,2026-01-29T03:30:19,0.006
8,215-239,1769628916,2026-01-29T03:35:16,0.006
8,215-239,1769629215,2026-01-29T03:40:15,0.006
8,215-239,1769629516,2026-01-29T03:45:16,0.006
8,215-239,1769629822,2026-01-29T03:50:22,0.006
8,215-239,1769630115,2026-01-29T03:55:15,0.006
8,215-239,1769630423,2026-01-29T04:00:23,0.006
8,215-239,1769630715,2026-01-29T04:05:15,0.006
8,215-239,1769631015,2026-01-29T04:10:15,0.006
8,215-239,1769631315,2026-01-29T04:15:15,0.006
8,215-239,1769631616,2026-01-29T04:20:16,0.006
8,215-239,1769631918,2026-01-29T04:25:18,0.006
8,215-239,1769632218,2026-01-29T04:30:18,0.006
8,215-239,1769632516,2026-01-29T04:35:16,0.006
8,215-239,1769632815,2026-01-29T04:40:15,0.006
8,215-239,1769633115,2026-01-29T04:45:15,0.006
8,215-239,1769633418,2026-01-29T04:50:18,0.006
8,215-239,1769633716,2026-01-29T04:55:16,0.006
8,215-239,1769634019,2026-01-29T05:00:19,0.006
8,215-239,1769634315,2026-01-29T05:05:15,0.006
8,215-239,1769634616,2026-01-29T05:10:16,0.006
8,215-239,1769634918,2026-01-29T05:15:18,0.0055
8,215-239,1769635218,2026-01-29T05:20:18,0.0055
8,215-239,1769635515,2026-01-29T05:25:15,0.0055
8,215-239,1769635818,2026-01-29T05:30:18,0.0055
8,215-239,1769636115,2026-01-29T05:35:15,0.0055
8,215-239,1769636416,2026-01-29T05:40:16,0.006
8,215-239,1769636734,2026-01-29T05:45:34,0.006
8,215-239,1769637016,2026-01-29T05:50:16,0.006
8,215-239,1769637316,2026-01-29T05:55:16,0.006
8,215-239,1769637619,2026-01-29T06:00:19,0.0065
8,215-239,1769637933,2026-01-29T06:05:33,0.0065
8,215-239,1769638216,2026-01-29T06:10:16,0.0065
8,215-239,1769638516,2026-01-29T06:15:16,0.0065
8,215-239,1769638817,2026-01-29T06:20:17,0.0065
8,215-239,1769639116,2026-01-29T06:25:16,0.0065
8,215-239,1769639420,2026-01-29T06:30:20,0.0065
8,215-239,1769639719,2026-01-29T06:35:19,0.0065
8,215-239,1769640016,2026-01-29T06:40:16,0.0065
8,215-239,1769640316,2026-01-29T06:45:16,0.006
8,215-239,1769640619,2026-01-29T06:50:19,0.0055
8,215-239,1769640917,2026-01-29T06:55:17,0.0055
8,215-239,1769641219,2026-01-29T07:00:19,0.0055
8,215-239,1769641516,2026-01-29T07:05:16,0.0055
8,215-239,1769641817,2026-01-29T07:10:17,0.005
8,215-239,1769642135,2026-01-29T07:15:35,0.005
8,215-239,1769642415,2026-01-29T07:20:15,0.005
8,215-239,1769642715,2026-01-29T07:25:15,0.005
8,215-239,1769643019,2026-01-29T07:30:19,0.005
8,215-239,1769643316,2026-01-29T07:35:16,0.005
8,215-239,1769643617,2026-01-29T07:40:17,0.005
8,215-239,1769643919,2026-01-29T07:45:19,0.005
8,215-239,1769644217,2026-01-29T07:50:17,0.005
8,215-239,1769644519,2026-01-29T07:55:19,0.005
8,215-239,1769644839,2026-01-29T08:00:39,0.005
8,215-239,1769645116,2026-01-29T08:05:16,0.005
8,215-239,1769645415,2026-01-29T08:10:15,0.005
8,215-239,1769645715,2026-01-29T08:15:15,0.005
8,215-239,1769646015,2026-01-29T08:20:15,0.005
8,215-239,1769646315,2026-01-29T08:25:15,0.005
8,215-239,1769646619,2026-01-29T08:30:19,0.0055
8,215-239,1769646916,2026-01-29T08:35:16,0.0055
8,215-239,1769647216,2026-01-29T08:40:16,0.0055
8,215-239,1769647516,2026-01-29T08:45:16,0.0055
8,215-239,1769647816,2026-01-29T08:50:16,0.0055
8,215-239,1769648115,2026-01-29T08:55:15,0.0055
8,215-239,1769648419,2026-01-29T09:00:19,0.0055
8,215-239,1769648717,2026-01-29T09:05:17,0.0055
8,215-239,1769649016,2026-01-29T09:10:16,0.0055
8,215-239,1769649316,2026-01-29T09:15:16,0.0055
8,215-239,1769649616,2026-01-29T09:20:16,0.0055
8,215-239,1769649916,2026-01-29T09:25:16,0.0055
8,215-239,1769650219,2026-01-29T09:30:19,0.0055
8,215-239,1769650523,2026-01-29T09:35:23,0.0045
8,215-239,1769650816,2026-01-29T09:40:16,0.0045
8,215-239,1769651115,2026-01-29T09:45:15,0.0045
8,215-239,1769651415,2026-01-29T09:50:15,0.0045
8,215-239,1769651715,2026-01-29T09:55:15,0.0035
8,215-239,1769652019,2026-01-29T10:00:19,0.0035
8,215-239,1769652315,2026-01-29T10:05:15,0.0035
8,215-239,1769652617,2026-01-29T10:10:17,0.0035
8,215-239,1769652915,2026-01-29T10:15:15,0.0035
8,215-239,1769653216,2026-01-29T10:20:16,0.0035
8,215-239,1769653527,2026-01-29T10:25:27,0.0035
8,215-239,1769653820,2026-01-29T10:30:20,0.0035
8,215-239,1769654117,2026-01-29T10:35:17,0.0035
8,215-239,1769654415,2026-01-29T10:40:15,0.0035
8,215-239,1769654716,2026-01-29T10:45:16,0.0035
8,215-239,1769655017,2026-01-29T10:50:17,0.0025
8,215-239,1769655317,2026-01-29T10:55:17,0.0025
8,215-239,1769655623,2026-01-29T11:00:23,0.0025
8,215-239,1769655931,2026-01-29T11:05:31,0.0025
8,215-239,1769656217,2026-01-29T11:10:17,0.0025
8,215-239,1769656516,2026-01-29T11:15:16,0.0025
8,215-239,1769656816,2026-01-29T11:20:16,0.0025
8,215-239,1769657116,2026-01-29T11:25:16,0.0025
8,215-239,1769657419,2026-01-29T11:30:19,0.0025
8,215-239,1769657715,2026-01-29T11:35:15,0.0025
8,215-239,1769658017,2026-01-29T11:40:17,0.0025
8,215-239,1769658317,2026-01-29T11:45:17,0.0025
8,215-239,1769658617,2026-01-29T11:50:17,0.0035
8,215-239,1769658916,2026-01-29T11:55:16,0.003
8,215-239,1769659220,2026-01-29T12:00:20,0.003
8,215-239,1769659516,2026-01-29T12:05:16,0.003
8,215-239,1769659818,2026-01-29T12:10:18,0.003
8,215-239,1769660117,2026-01-29T12:15:17,0.003
8,215-239,1769660416,2026-01-29T12:20:16,0.003
8,215-239,1769660747,2026-01-29T12:25:47,0.003
8,215-239,1769661019,2026-01-29T12:30:19,0.003
8,215-239,1769661317,2026-01-29T12:35:17,0.003
8,215-239,1769661617,2026-01-29T12:40:17,0.003
8,215-239,1769661915,2026-01-29T12:45:15,0.003
8,215-239,1769662217,2026-01-29T12:50:17,0.003
8,215-239,1769662516,2026-01-29T12:55:16,0.003
8,215-239,1769662819,2026-01-29T13:00:19,0.003
8,215-239,1769663116,2026-01-29T13:05:16,0.003
8,215-239,1769663416,2026-01-29T13:10:16,0.003
8,215-239,1769663716,2026-01-29T13:15:16,0.003
8,215-239,1769664016,2026-01-29T13:20:16,0.003
8,215-239,1769664317,2026-01-29T13:25:17,0.003
8,215-239,1769664620,2026-01-29T13:30:20,0.003
8,215-239,1769664916,2026-01-29T13:35:16,0.003
8,215-239,1769665216,2026-01-29T13:40:16,0.003
8,215-239,1769665516,2026-01-29T13:45:16,0.003
8,215-239,1769665815,2026-01-29T13:50:15,0.003
8,215-239,1769666131,2026-01-29T13:55:31,0.003
8,215-239,1769666421,2026-01-29T14:00:21,0.003
8,215-239,1769666715,2026-01-29T14:05:15,0.003
8,215-239,1769667017,2026-01-29T14:10:17,0.003
8,215-239,1769667316,2026-01-29T14:15:16,0.003
8,215-239,1769667616,2026-01-29T14:20:16,0.003
8,215-239,1769667918,2026-01-29T14:25:18,0.003
8,215-239,1769668219,2026-01-29T14:30:19,0.003
8,215-239,1769668532,2026-01-29T14:35:32,0.0035
8,215-239,1769668818,2026-01-29T14:40:18,0.0035
8,215-239,1769669116,2026-01-29T14:45:16,0.0035
8,215-239,1769669416,2026-01-29T14:50:16,0.0035
8,215-239,1769669716,2026-01-29T14:55:16,0.0035
8,215-239,1769670021,2026-01-29T15:00:21,0.003
8,215-239,1769670317,2026-01-29T15:05:17,0.0035
8,215-239,1769670616,2026-01-29T15:10:16,0.0035
8,215-239,1769670916,2026-01-29T15:15:16,0.0035
8,215-239,1769671216,2026-01-29T15:20:16,0.0035
8,215-239,1769671516,2026-01-29T15:25:16,0.0035
8,215-239,1769671835,2026-01-29T15:30:35,0.0035
8,215-239,1769672116,2026-01-29T15:35:16,0.0035
8,215-239,1769672424,2026-01-29T15:40:24,0.0035
8,215-239,1769672715,2026-01-29T15:45:15,0.0035
8,215-239,1769673018,2026-01-29T15:50:18,0.0035
8,215-239,1769673316,2026-01-29T15:55:16,0.003
8,215-239,1769673619,2026-01-29T16:00:19,0.003
8,215-239,1769673917,2026-01-29T16:05:17,0.003
8,215-239,1769674216,2026-01-29T16:10:16,0.003
8,215-239,1769674515,2026-01-29T16:15:15,0.003
8,215-239,1769674815,2026-01-29T16:20:15,0.003
8,215-239,1769675116,2026-01-29T16:25:16,0.003
8,215-239,1769675421,2026-01-29T16:30:21,0.003
8,215-239,1769675715,2026-01-29T16:35:15,0.003
8,215-239,1769676033,2026-01-29T16:40:33,0.003
8,215-239,1769676316,2026-01-29T16:45:16,0.003
8,215-239,1769676617,2026-01-29T16:50:17,0.003
8,215-239,1769676915,2026-01-29T16:55:15,0.003
8,215-239,1769677223,2026-01-29T17:00:23,0.003
8,215-239,1769677515,2026-01-29T17:05:15,0.003
8,215-239,1769677818,2026-01-29T17:10:18,0.003
8,215-239,1769678116,2026-01-29T17:15:16,0.0035
8,215-239,1769678417,2026-01-29T17:20:17,0.0035
8,215-239,1769678716,2026-01-29T17:25:16,0.0035
8,215-239,1769679019,2026-01-29T17:30:19,0.0035
8,215-239,1769679318,2026-01-29T17:35:18,0.0035
8,215-239,1769679616,2026-01-29T17:40:16,0.0035
8,215-239,1769679916,2026-01-29T17:45:16,0.0035
8,215-239,1769680216,2026-01-29T17:50:16,0.0035
8,215-239,1769680517,2026-01-29T17:55:17,0.0035
8,215-239,1769680822,2026-01-29T18:00:22,0.003
8,215-239,1769681115,2026-01-29T18:05:15,0.003
8,215-239,1769681417,2026-01-29T18:10:17,0.003
8,215-239,1769681716,2026-01-29T18:15:16,0.003
8,215-239,1769682017,2026-01-29T18:20:17,0.003
8,215-239,1769682318,2026-01-29T18:25:18,0.0035
8,215-239,1769682619,2026-01-29T18:30:19,0.0035
8,215-239,1769682916,2026-01-29T18:35:16,0.0035
8,215-239,1769683216,2026-01-29T18:40:16,0.0035
8,215-239,1769683516,2026-01-29T18:45:16,0.0035
8,215-239,1769683819,2026-01-29T18:50:19,0.0035
8,215-239,1769684116,2026-01-29T18:55:16,0.0035
8,215-239,1769684421,2026-01-29T19:00:21,0.0035
8,215-239,1769684715,2026-01-29T19:05:15,0.0035
8,215-239,1769685016,2026-01-29T19:10:16,0.0035
8,215-239,1769685318,2026-01-29T19:15:18,0.0035
8,215-239,1769685616,2026-01-29T19:20:16,0.003
8,215-239,1769685916,2026-01-29T19:25:16,0.003
8,215-239,1769686219,2026-01-29T19:30:19,0.003
8,215-239,1769686516,2026-01-29T19:35:16,0.003
8,215-239,1769686819,2026-01-29T19:40:19,0.003
8,215-239,1769687116,2026-01-29T19:45:16,0.003
8,215-239,1769687417,2026-01-29T19:50:17,0.003
8,215-239,1769687735,2026-01-29T19:55:35,0.003
8,215-239,1769688028,2026-01-29T20:00:28,0.003
8,215-239,1769688316,2026-01-29T20:05:16,0.003
8,215-239,1769688617,2026-01-29T20:10:17,0.003
8,215-239,1769688916,2026-01-29T20:15:16,0.003
8,215-239,1769689216,2026-01-29T20:20:16,0.003
8,215-239,1769689519,2026-01-29T20:25:19,0.0035
8,215-239,1769689819,2026-01-29T20:30:19,0.0035
8,215-239,1769690117,2026-01-29T20:35:17,0.0035
8,215-239,1769690417,2026-01-29T20:40:17,0.0035
8,215-239,1769690716,2026-01-29T20:45:16,0.0035
8,215-239,1769691018,2026-01-29T20:50:18,0.0035
8,215-239,1769691317,2026-01-29T20:55:17,0.0035
8,215-239,1769691619,2026-01-29T21:00:19,0.0035
8,215-239,1769691916,2026-01-29T21:05:16,0.0035
8,215-239,1769692216,2026-01-29T21:10:16,0.0035
8,215-239,1769692520,2026-01-29T21:15:20,0.0035
8,215-239,1769692819,2026-01-29T21:20:19,0.0035
8,215-239,1769693117,2026-01-29T21:25:17,0.0035
8,215-239,1769693420,2026-01-29T21:30:20,0.0035
8,215-239,1769693716,2026-01-29T21:35:16,0.0035
8,215-239,1769694016,2026-01-29T21:40:16,0.0035
8,215-239,1769694325,2026-01-29T21:45:25,0.0035
8,215-239,1769694616,2026-01-29T21:50:16,0.0035
8,215-239,1769694919,2026-01-29T21:55:19,0.0035
8,215-239,1769695220,2026-01-29T22:00:20,0.0035
8,215-239,1769695517,2026-01-29T22:05:17,0.0035
8,215-239,1769695836,2026-01-29T22:10:36,0.0035
8,215-239,1769696116,2026-01-29T22:15:16,0.0035
8,215-239,1769696418,2026-01-29T22:20:18,0.0035
8,215-239,1769696717,2026-01-29T22:25:17,0.0035
8,215-239,1769697020,2026-01-29T22:30:20,0.0035
8,215-239,1769697316,2026-01-29T22:35:16,0.0035
8,215-239,1769697620,2026-01-29T22:40:20,0.0035
8,215-239,1769697916,2026-01-29T22:45:16,0.0045
8,215-239,1769698217,2026-01-29T22:50:17,0.005
8,215-239,1769698517,2026-01-29T22:55:17,0.0055
8,215-239,1769698822,2026-01-29T23:00:22,0.0055
8,215-239,1769699119,2026-01-29T23:05:19,0.0055
8,215-239,1769699417,2026-01-29T23:10:17,0.0055
8,215-239,1769699754,2026-01-29T23:15:54,0.0055
8,215-239,1769700317,2026-01-29T23:25:17,0.0055
8,215-239,1769700622,2026-01-29T23:30:22,0.006
8,215-239,1769700916,2026-01-29T23:35:16,0.007
8,215-239,1769701216,2026-01-29T23:40:16,0.0055
8,215-239,1769701516,2026-01-29T23:45:16,0.0055
8,215-239,1769702119,2026-01-29T23:55:19,0.0055
8,215-239,1769702420,2026-01-30T00:00:20,0.0055
8,215-239,1769702716,2026-01-30T00:05:16,0.0055
8,215-239,1769703017,2026-01-30T00:10:17,0.0055
8,215-239,1769703317,2026-01-30T00:15:17,0.0055
8,215-239,1769703636,2026-01-30T00:20:36,0.0055
8,215-239,1769703917,2026-01-30T00:25:17,0.0075
8,215-239,1769704220,2026-01-30T00:30:20,0.008
8,215-239,1769704517,2026-01-30T00:35:17,0.0075
8,215-239,1769704817,2026-01-30T00:40:17,0.0075
8,215-239,1769705118,2026-01-30T00:45:18,0.0075
8,215-239,1769705419,2026-01-30T00:50:19,0.0065
8,215-239,1769705718,2026-01-30T00:55:18,0.0085
8,215-239,1769706020,2026-01-30T01:00:20,0.008
8,215-239,1769706317,2026-01-30T01:05:17,0.0085
8,215-239,1769706617,2026-01-30T01:10:17,0.008
8,215-239,1769706919,2026-01-30T01:15:19,0.0075
8,215-239,1769707217,2026-01-30T01:20:17,0.0105
8,215-239,1769707553,2026-01-30T01:25:53,0.0145
8,215-239,1769707831,2026-01-30T01:30:31,0.0165
8,215-239,1769708117,2026-01-30T01:35:17,0.0155
8,215-239,1769708417,2026-01-30T01:40:17,0.016
8,215-239,1769708717,2026-01-30T01:45:17,0.0165
8,215-239,1769709017,2026-01-30T01:50:17,0.0155
8,215-239,1769709319,2026-01-30T01:55:19,0.0165
8,215-239,1769709622,2026-01-30T02:00:22,0.0165
8,215-239,1769709916,2026-01-30T02:05:16,0.017
8,215-239,1769710217,2026-01-30T02:10:17,0.017
8,215-239,1769710520,2026-01-30T02:15:20,0.017
8,215-239,1769710817,2026-01-30T02:20:17,0.017
8,215-239,1769711117,2026-01-30T02:25:17,0.017
8,215-239,1769711420,2026-01-30T02:30:20,0.017
8,215-239,1769711717,2026-01-30T02:35:17,0.015
8,215-239,1769712035,2026-01-30T02:40:35,0.0155
8,215-239,1769712316,2026-01-30T02:45:16,0.0145
8,215-239,1769712618,2026-01-30T02:50:18,0.014
8,215-239,1769712917,2026-01-30T02:55:17,0.0135
8,215-239,1769713221,2026-01-30T03:00:21,0.0135
8,215-239,1769713517,2026-01-30T03:05:17,0.0135
8,215-239,1769713820,2026-01-30T03:10:20,0.0135
8,215-239,1769714120,2026-01-30T03:15:20,0.0135
8,215-239,1769714430,2026-01-30T03:20:30,0.0135
8,215-239,1769714717,2026-01-30T03:25:17,0.0135
8,215-239,1769715021,2026-01-30T03:30:21,0.0165
8,215-239,1769715318,2026-01-30T03:35:18,0.0175
8,215-239,1769715620,2026-01-30T03:40:20,0.017
8,215-239,1769715916,2026-01-30T03:45:16,0.0185
8,215-239,1769716217,2026-01-30T03:50:17,0.0175
8,215-239,1769716516,2026-01-30T03:55:16,0.0175
8,215-239,1769716831,2026-01-30T04:00:31,0.0175
8,215-239,1769717120,2026-01-30T04:05:20,0.0175
8,215-239,1769717416,2026-01-30T04:10:16,0.0185
8,215-239,1769717717,2026-01-30T04:15:17,0.018
8,215-239,1769718018,2026-01-30T04:20:18,0.023
8,215-239,1769718317,2026-01-30T04:25:17,0.023
8,215-239,1769718623,2026-01-30T04:30:23,0.0205
8,215-239,1769718917,2026-01-30T04:35:17,0.0205
8,215-239,1769719217,2026-01-30T04:40:17,0.023
8,215-239,1769719517,2026-01-30T04:45:17,0.022
8,215-239,1769719820,2026-01-30T04:50:20,0.0195
8,215-239,1769720151,2026-01-30T04:55:51,0.018
8,215-239,1769720423,2026-01-30T05:00:23,0.0185
8,215-239,1769720716,2026-01-30T05:05:16,0.0195
8,215-239,1769721017,2026-01-30T05:10:17,0.0195
8,215-239,1769721317,2026-01-30T05:15:17,0.015
8,215-239,1769721616,2026-01-30T05:20:16,0.0155
8,215-239,1769721919,2026-01-30T05:25:19,0.015
8,215-239,1769722221,2026-01-30T05:30:21,0.014
8,215-239,1769722518,2026-01-30T05:35:18,0.014
8,215-239,1769722821,2026-01-30T05:40:21,0.013
8,215-239,1769723117,2026-01-30T05:45:17,0.013
8,215-239,1769723434,2026-01-30T05:50:34,0.013
8,215-239,1769723717,2026-01-30T05:55:17,0.013
8,215-239,1769724021,2026-01-30T06:00:21,0.013
8,215-239,1769724320,2026-01-30T06:05:20,0.013
8,215-239,1769724617,2026-01-30T06:10:17,0.013
8,215-239,1769724919,2026-01-30T06:15:19,0.0135
8,215-239,1769725217,2026-01-30T06:20:17,0.011
8,215-239,1769725517,2026-01-30T06:25:17,0.0115
8,215-239,1769725824,2026-01-30T06:30:24,0.011
8,215-239,1769726116,2026-01-30T06:35:16,0.015
8,215-239,1769726416,2026-01-30T06:40:16,0.0135
8,215-239,1769726716,2026-01-30T06:45:16,0.0155
8,215-239,1769727016,2026-01-30T06:50:16,0.0165
8,215-239,1769727334,2026-01-30T06:55:34,0.0165
8,215-239,1769727621,2026-01-30T07:00:21,0.0165
8,215-239,1769727920,2026-01-30T07:05:20,0.0165
8,215-239,1769728217,2026-01-30T07:10:17,0.0165
8,215-239,1769728515,2026-01-30T07:15:15,0.0165
8,215-239,1769728836,2026-01-30T07:20:36,0.0165
8,215-239,1769729116,2026-01-30T07:25:16,0.0165
8,215-239,1769729427,2026-01-30T07:30:27,0.0165
8,215-239,1769729717,2026-01-30T07:35:17,0.0165
8,215-239,1769730019,2026-01-30T07:40:19,0.0165
8,215-239,1769730316,2026-01-30T07:45:16,0.0165
8,215-239,1769730620,2026-01-30T07:50:20,0.015
8,215-239,1769730917,2026-01-30T07:55:17,0.015
8,215-239,1769731228,2026-01-30T08:00:28,0.015
8,215-239,1769731517,2026-01-30T08:05:17,0.0135
8,215-239,1769731816,2026-01-30T08:10:16,0.0145
8,215-239,1769732120,2026-01-30T08:15:20,0.0125
8,215-239,1769732428,2026-01-30T08:20:28,0.012
8,215-239,1769732716,2026-01-30T08:25:16,0.012
8,215-239,1769733020,2026-01-30T08:30:20,0.012
8,215-239,1769733317,2026-01-30T08:35:17,0.012
8,215-239,1769733630,2026-01-30T08:40:30,0.012
8,215-239,1769733916,2026-01-30T08:45:16,0.012
8,215-239,1769734216,2026-01-30T08:50:16,0.0155
8,215-239,1769734517,2026-01-30T08:55:17,0.016
8,215-239,1769734820,2026-01-30T09:00:20,0.0175
8,215-239,1769735117,2026-01-30T09:05:17,0.016
8,215-239,1769735420,2026-01-30T09:10:20,0.016
8,215-239,1769735720,2026-01-30T09:15:20,0.016
8,215-239,1769736017,2026-01-30T09:20:17,0.016
8,215-239,1769736318,2026-01-30T09:25:18,0.016
8,215-239,1769736620,2026-01-30T09:30:20,0.016
8,215-239,1769736916,2026-01-30T09:35:16,0.016
8,215-239,1769737221,2026-01-30T09:40:21,0.0155
8,215-239,1769737518,2026-01-30T09:45:18,0.016
8,215-239,1769737821,2026-01-30T09:50:21,0.0165
8,215-239,1769738117,2026-01-30T09:55:17,0.016
8,215-239,1769738421,2026-01-30T10:00:21,0.0145
8,215-239,1769738718,2026-01-30T10:05:18,0.0145
8,215-239,1769739017,2026-01-30T10:10:17,0.0145
8,215-239,1769739322,2026-01-30T10:15:22,0.0145
8,215-239,1769739617,2026-01-30T10:20:17,0.013
8,215-239,1769739917,2026-01-30T10:25:17,0.0125
8,215-239,1769740221,2026-01-30T10:30:21,0.0125
8,215-239,1769740516,2026-01-30T10:35:16,0.012
8,215-239,1769740834,2026-01-30T10:40:34,0.0115
8,215-239,1769741119,2026-01-30T10:45:19,0.0115
8,215-239,1769741417,2026-01-30T10:50:17,0.013
8,215-239,1769741716,2026-01-30T10:55:16,0.013
8,215-239,1769742023,2026-01-30T11:00:23,0.0125
8,215-239,1769742320,2026-01-30T11:05:20,0.0125
8,215-239,1769742617,2026-01-30T11:10:17,0.0125
8,215-239,1769742916,2026-01-30T11:15:16,0.013
8,215-239,1769743218,2026-01-30T11:20:18,0.0105
8,215-239,1769743516,2026-01-30T11:25:16,0.0105
8,215-239,1769743823,2026-01-30T11:30:23,0.011
8,215-239,1769744117,2026-01-30T11:35:17,0.011
8,215-239,1769744419,2026-01-30T11:40:19,0.011
8,215-239,1769744718,2026-01-30T11:45:18,0.011
8,215-239,1769745017,2026-01-30T11:50:17,0.0095
8,215-239,1769745317,2026-01-30T11:55:17,0.009
8,215-239,1769745621,2026-01-30T12:00:21,0.009
8,215-239,1769745919,2026-01-30T12:05:19,0.009
8,215-239,1769746217,2026-01-30T12:10:17,0.009
8,215-239,1769746516,2026-01-30T12:15:16,0.009
8,215-239,1769746817,2026-01-30T12:20:17,0.009
8,215-239,1769747117,2026-01-30T12:25:17,0.009
8,215-239,1769747423,2026-01-30T12:30:23,0.009
8,215-239,1769747716,2026-01-30T12:35:16,0.009
8,215-239,1769748016,2026-01-30T12:40:16,0.009
8,215-239,1769748317,2026-01-30T12:45:17,0.009
8,215-239,1769748617,2026-01-30T12:50:17,0.009
8,215-239,1769748935,2026-01-30T12:55:35,0.009
8,215-239,1769749220,2026-01-30T13:00:20,0.009
8,215-239,1769749516,2026-01-30T13:05:16,0.009
8,215-239,1769749817,2026-01-30T13:10:17,0.009
8,215-239,1769750117,2026-01-30T13:15:17,0.0085
8,215-239,1769750415,2026-01-30T13:20:15,0.0085
8,215-239,1769750720,2026-01-30T13:25:20,0.0075
8,215-239,1769751020,2026-01-30T13:30:20,0.013
8,215-239,1769751317,2026-01-30T13:35:17,0.014
8,215-239,1769751616,2026-01-30T13:40:16,0.014
8,215-239,1769751917,2026-01-30T13:45:17,0.0125
8,215-239,1769752219,2026-01-30T13:50:19,0.015
8,215-239,1769752515,2026-01-30T13:55:15,0.014
8,215-239,1769752822,2026-01-30T14:00:22,0.0135
8,215-239,1769753116,2026-01-30T14:05:16,0.013
8,215-239,1769753416,2026-01-30T14:10:16,0.013
8,215-239,1769753719,2026-01-30T14:15:19,0.0135
8,215-239,1769754016,2026-01-30T14:20:16,0.0125
8,215-239,1769754316,2026-01-30T14:25:16,0.0125
8,215-239,1769754623,2026-01-30T14:30:23,0.0125
8,215-239,1769754935,2026-01-30T14:35:35,0.012
8,215-239,1769755216,2026-01-30T14:40:16,0.012
8,215-239,1769755516,2026-01-30T14:45:16,0.012
8,215-239,1769755816,2026-01-30T14:50:16,0.0115
8,215-239,1769756116,2026-01-30T14:55:16,0.0115
8,215-239,1769756420,2026-01-30T15:00:20,0.0115
8,215-239,1769756719,2026-01-30T15:05:19,0.0115
8,215-239,1769757016,2026-01-30T15:10:16,0.0115
8,215-239,1769757316,2026-01-30T15:15:16,0.0115
8,215-239,1769757616,2026-01-30T15:20:16,0.011
8,215-239,1769757916,2026-01-30T15:25:16,0.013
8,215-239,1769758224,2026-01-30T15:30:24,0.0125
8,215-239,1769758516,2026-01-30T15:35:16,0.0125
8,215-239,1769758820,2026-01-30T15:40:20,0.0125
8,215-239,1769759116,2026-01-30T15:45:16,0.0125
8,215-239,1769759421,2026-01-30T15:50:21,0.01
8,215-239,1769759716,2026-01-30T15:55:16,0.009
8,215-239,1769760020,2026-01-30T16:00:20,0.0085
8,215-239,1769760316,2026-01-30T16:05:16,0.008
8,215-239,1769760617,2026-01-30T16:10:17,0.008
8,215-239,1769760920,2026-01-30T16:15:20,0.007
8,215-239,1769761216,2026-01-30T16:20:16,0.0045
8,215-239,1769761518,2026-01-30T16:25:18,0.0045
8,215-239,1769761820,2026-01-30T16:30:20,0.0045
8,215-239,1769762116,2026-01-30T16:35:16,0.0045
8,215-239,1769762419,2026-01-30T16:40:19,0.0045
8,215-239,1769762715,2026-01-30T16:45:15,0.0045
8,215-239,1769763017,2026-01-30T16:50:17,0.0045
8,215-239,1769763317,2026-01-30T16:55:17,0.0045
8,215-239,1769763642,2026-01-30T17:00:42,0.0045
8,215-239,1769763917,2026-01-30T17:05:17,0.0045
8,215-239,1769764216,2026-01-30T17:10:16,0.004
8,215-239,1769764517,2026-01-30T17:15:17,0.004
8,215-239,1769764816,2026-01-30T17:20:16,0.0035
8,215-239,1769765116,2026-01-30T17:25:16,0.0035
8,215-239,1769765423,2026-01-30T17:30:23,0.013
8,215-239,1769765716,2026-01-30T17:35:16,0.011
8,215-239,1769766016,2026-01-30T17:40:16,0.011
8,215-239,1769766315,2026-01-30T17:45:15,0.0125
8,215-239,1769766619,2026-01-30T17:50:19,0.0105
8,215-239,1769766916,2026-01-30T17:55:16,0.01
8,215-239,1769767220,2026-01-30T18:00:20,0.0095
8,215-239,1769767516,2026-01-30T18:05:16,0.0085
8,215-239,1769767815,2026-01-30T18:10:15,0.0085
8,215-239,1769768120,2026-01-30T18:15:20,0.0085
8,215-239,1769768416,2026-01-30T18:20:16,0.008
8,215-239,1769768719,2026-01-30T18:25:19,0.0085
8,215-239,1769769021,2026-01-30T18:30:21,0.009
8,215-239,1769769320,2026-01-30T18:35:20,0.009
8,215-239,1769769617,2026-01-30T18:40:17,0.009
8,215-239,1769769920,2026-01-30T18:45:20,0.009
8,215-239,1769770215,2026-01-30T18:50:15,0.0065
8,215-239,1769770516,2026-01-30T18:55:16,0.0045
8,215-239,1769770839,2026-01-30T19:00:39,0.0045
8,215-239,1769771116,2026-01-30T19:05:16,0.0045
8,215-239,1769771416,2026-01-30T19:10:16,0.0045
8,215-239,1769771720,2026-01-30T19:15:20,0.0045
8,215-239,1769772018,2026-01-30T19:20:18,0.0045
8,215-239,1769772316,2026-01-30T19:25:16,0.0045
8,215-239,1769772620,2026-01-30T19:30:20,0.0045
8,215-239,1769772916,2026-01-30T19:35:16,0.0045
8,215-239,1769773222,2026-01-30T19:40:22,0.0045
8,215-239,1769773515,2026-01-30T19:45:15,0.0045
8,215-239,1769773818,2026-01-30T19:50:18,0.0045
8,215-239,1769774116,2026-01-30T19:55:16,0.0045
8,215-239,1769774442,2026-01-30T20:00:42,0.0045
8,215-239,1769774716,2026-01-30T20:05:16,0.0045
8,215-239,1769775016,2026-01-30T20:10:16,0.004
8,215-239,1769775318,2026-01-30T20:15:18,0.004
8,215-239,1769775617,2026-01-30T20:20:17,0.004
8,215-239,1769775928,2026-01-30T20:25:28,0.004
8,215-239,1769776223,2026-01-30T20:30:23,0.004
8,215-239,1769776516,2026-01-30T20:35:16,0.004
8,215-239,1769776818,2026-01-30T20:40:18,0.004
8,215-239,1769777117,2026-01-30T20:45:17,0.004
8,215-239,1769777416,2026-01-30T20:50:16,0.004
8,215-239,1769777720,2026-01-30T20:55:20,0.004
8,215-239,1769778021,2026-01-30T21:00:21,0.004
8,215-239,1769778316,2026-01-30T21:05:16,0.004
8,215-239,1769778616,2026-01-30T21:10:16,0.004
8,215-239,1769778916,2026-01-30T21:15:16,0.004
8,215-239,1769779220,2026-01-30T21:20:20,0.0035
8,215-239,1769779516,2026-01-30T21:25:16,0.0035
8,215-239,1769779821,2026-01-30T21:30:21,0.0035
8,215-239,1769780117,2026-01-30T21:35:17,0.0035
8,215-239,1769780420,2026-01-30T21:40:20,0.0035
8,215-239,1769780717,2026-01-30T21:45:17,0.0035
8,215-239,1769781018,2026-01-30T21:50:18,0.0035
8,215-239,1769781318,2026-01-30T21:55:18,0.0035
8,215-239,1769781621,2026-01-30T22:00:21,0.0035
8,215-239,1769781935,2026-01-30T22:05:35,0.0035
8,215-239,1769782216,2026-01-30T22:10:16,0.0035
8,215-239,1769782519,2026-01-30T22:15:19,0.0035
8,215-239,1769782816,2026-01-30T22:20:16,0.0035
8,215-239,1769783116,2026-01-30T22:25:16,0.0035
8,215-239,1769783425,2026-01-30T22:30:25,0.0035
8,215-239,1769783718,2026-01-30T22:35:18,0.0035
8,215-239,1769784017,2026-01-30T22:40:17,0.0035
8,215-239,1769784316,2026-01-30T22:45:16,0.004
8,215-239,1769784616,2026-01-30T22:50:16,0.0045
8,215-239,1769784936,2026-01-30T22:55:36,0.004
8,215-239,1769785224,2026-01-30T23:00:24,0.004
8,215-239,1769785518,2026-01-30T23:05:18,0.004
8,215-239,1769785816,2026-01-30T23:10:16,0.0045
8,215-239,1769786116,2026-01-30T23:15:16,0.0045
8,215-239,1769786418,2026-01-30T23:20:18,0.0035
8,215-239,1769786720,2026-01-30T23:25:20,0.0035
8,215-239,1769787021,2026-01-30T23:30:21,0.0035
8,215-239,1769787317,2026-01-30T23:35:17,0.0035
8,215-239,1769787616,2026-01-30T23:40:16,0.0035
8,215-239,1769787921,2026-01-30T23:45:21,0.0035
8,215-239,1769788217,2026-01-30T23:50:17,0.0035
8,215-239,1769788516,2026-01-30T23:55:16,0.0035
8,215-239,1769788822,2026-01-31T00:00:22,0.0035
8,215-239,1769789117,2026-01-31T00:05:17,0.003
8,215-239,1769789436,2026-01-31T00:10:36,0.003
8,215-239,1769789717,2026-01-31T00:15:17,0.003
8,215-239,1769790017,2026-01-31T00:20:17,0.003
8,215-239,1769790316,2026-01-31T00:25:16,0.003
8,215-239,1769790620,2026-01-31T00:30:20,0.003
8,215-239,1769790916,2026-01-31T00:35:16,0.003
8,215-239,1769791219,2026-01-31T00:40:19,0.003
8,215-239,1769791518,2026-01-31T00:45:18,0.003
8,215-239,1769791818,2026-01-31T00:50:18,0.003
8,215-239,1769792116,2026-01-31T00:55:16,0.0035
8,215-239,1769792424,2026-01-31T01:00:24,0.005
8,215-239,1769792720,2026-01-31T01:05:20,0.0055
8,215-239,1769793016,2026-01-31T01:10:16,0.004
8,215-239,1769793317,2026-01-31T01:15:17,0.003
8,215-239,1769793618,2026-01-31T01:20:18,0.003
8,215-239,1769793921,2026-01-31T01:25:21,0.003
8,215-239,1769794221,2026-01-31T01:30:21,0.003
8,215-239,1769794517,2026-01-31T01:35:17,0.003
8,215-239,1769794818,2026-01-31T01:40:18,0.003
8,215-239,1769795118,2026-01-31T01:45:18,0.003
8,215-239,1769795448,2026-01-31T01:50:48,0.003
8,215-239,1769795717,2026-01-31T01:55:17,0.004
8,215-239,1769796022,2026-01-31T02:00:22,0.004
8,215-239,1769796316,2026-01-31T02:05:16,0.003
8,215-239,1769796617,2026-01-31T02:10:17,0.004
8,215-239,1769796917,2026-01-31T02:15:17,0.004
8,215-239,1769797220,2026-01-31T02:20:20,0.004
8,215-239,1769797517,2026-01-31T02:25:17,0.0035
8,215-239,1769797823,2026-01-31T02:30:23,0.0035
8,215-239,1769798117,2026-01-31T02:35:17,0.0035
8,215-239,1769798419,2026-01-31T02:40:19,0.0035
8,215-239,1769798734,2026-01-31T02:45:34,0.0035
8,215-239,1769799018,2026-01-31T02:50:18,0.0025
8,215-239,1769799316,2026-01-31T02:55:16,0.003
8,215-239,1769799621,2026-01-31T03:00:21,0.003
8,215-239,1769799917,2026-01-31T03:05:17,0.003
8,215-239,1769800224,2026-01-31T03:10:24,0.003
8,215-239,1769800520,2026-01-31T03:15:20,0.0025
8,215-239,1769800816,2026-01-31T03:20:16,0.0025
8,215-239,1769801117,2026-01-31T03:25:17,0.003
8,215-239,1769801421,2026-01-31T03:30:21,0.003
8,215-239,1769801717,2026-01-31T03:35:17,0.003
8,215-239,1769802022,2026-01-31T03:40:22,0.003
8,215-239,1769802317,2026-01-31T03:45:17,0.003
8,215-239,1769802619,2026-01-31T03:50:19,0.003
8,215-239,1769802917,2026-01-31T03:55:17,0.004
8,215-239,1769803222,2026-01-31T04:00:22,0.004
8,215-239,1769803522,2026-01-31T04:05:22,0.004
8,215-239,1769803820,2026-01-31T04:10:20,0.004
8,215-239,1769804117,2026-01-31T04:15:17,0.004
8,215-239,1769804417,2026-01-31T04:20:17,0.004
8,215-239,1769805021,2026-01-31T04:30:21,0.004
8,215-239,1769805334,2026-01-31T04:35:34,0.0025
8,215-239,1769805619,2026-01-31T04:40:19,0.0025
8,215-239,1769805917,2026-01-31T04:45:17,0.0025
8,215-239,1769806217,2026-01-31T04:50:17,0.0025
8,215-239,1769806518,2026-01-31T04:55:18,0.0025
8,215-239,1769806824,2026-01-31T05:00:24,0.0025
8,215-239,1769807119,2026-01-31T05:05:19,0.0025
8,215-239,1769807417,2026-01-31T05:10:17,0.0025
8,215-239,1769807717,2026-01-31T05:15:17,0.0025
8,215-239,1769808016,2026-01-31T05:20:16,0.0025
8,215-239,1769808316,2026-01-31T05:25:16,0.002
8,215-239,1769808625,2026-01-31T05:30:25,0.002
8,215-239,1769808919,2026-01-31T05:35:19,0.002
8,215-239,1769809218,2026-01-31T05:40:18,0.002
8,215-239,1769809518,2026-01-31T05:45:18,0.002
8,215-239,1769809816,2026-01-31T05:50:16,0.002
8,215-239,1769810116,2026-01-31T05:55:16,0.002
8,215-239,1769810426,2026-01-31T06:00:26,0.0025
8,215-239,1769810716,2026-01-31T06:05:16,0.0025
8,215-239,1769811032,2026-01-31T06:10:32,0.0025
8,215-239,1769811317,2026-01-31T06:15:17,0.0025
8,215-239,1769811616,2026-01-31T06:20:16,0.0025
8,215-239,1769811935,2026-01-31T06:25:35,0.0025
8,215-239,1769812222,2026-01-31T06:30:22,0.0025
8,215-239,1769812517,2026-01-31T06:35:17,0.002
8,215-239,1769812816,2026-01-31T06:40:16,0.002
8,215-239,1769813117,2026-01-31T06:45:17,0.002
8,215-239,1769813417,2026-01-31T06:50:17,0.002
8,215-239,1769813719,2026-01-31T06:55:19,0.002
8,215-239,1769814020,2026-01-31T07:00:20,0.002
8,215-239,1769814317,2026-01-31T07:05:17,0.002
8,215-239,1769814618,2026-01-31T07:10:18,0.002
8,215-239,1769814916,2026-01-31T07:15:16,0.002
8,215-239,1769815220,2026-01-31T07:20:20,0.0015
8,215-239,1769815517,2026-01-31T07:25:17,0.0015
8,215-239,1769815821,2026-01-31T07:30:21,0.0015
8,215-239,1769816118,2026-01-31T07:35:18,0.0015
8,215-239,1769816417,2026-01-31T07:40:17,0.0015
8,215-239,1769816722,2026-01-31T07:45:22,0.0015
8,215-239,1769817019,2026-01-31T07:50:19,0.0015
8,215-239,1769817317,2026-01-31T07:55:17,0.0015
8,215-239,1769817628,2026-01-31T08:00:28,0.0015
8,215-239,1769817916,2026-01-31T08:05:16,0.0015
8,215-239,1769818217,2026-01-31T08:10:17,0.0015
8,215-239,1769818517,2026-01-31T08:15:17,0.0015
8,215-239,1769818818,2026-01-31T08:20:18,0.0015
8,215-239,1769819117,2026-01-31T08:25:17,0.0015
8,215-239,1769819422,2026-01-31T08:30:22,0.0015
8,215-239,1769819718,2026-01-31T08:35:18,0.0015
8,215-239,1769820017,2026-01-31T08:40:17,0.0015
8,215-239,1769820330,2026-01-31T08:45:30,0.0015
8,215-239,1769820617,2026-01-31T08:50:17,0.0015
8,215-239,1769820916,2026-01-31T08:55:16,0.0015
8,215-239,1769821221,2026-01-31T09:00:21,0.0015
8,215-239,1769821517,2026-01-31T09:05:17,0.0015
8,215-239,1769821833,2026-01-31T09:10:33,0.0015
8,215-239,1769822118,2026-01-31T09:15:18,0.0015
8,215-239,1769822418,2026-01-31T09:20:18,0.0015
8,215-239,1769822717,2026-01-31T09:25:17,0.0015
8,215-239,1769823022,2026-01-31T09:30:22,0.0015
8,215-239,1769823317,2026-01-31T09:35:17,0.0015
8,215-239,1769823617,2026-01-31T09:40:17,0.0015
8,215-239,1769823916,2026-01-31T09:45:16,0.0015
8,215-239,1769824217,2026-01-31T09:50:17,0.0015
8,215-239,1769824517,2026-01-31T09:55:17,0.0015
8,215-239,1769824821,2026-01-31T10:00:21,0.0015
8,215-239,1769825129,2026-01-31T10:05:29,0.0015
8,215-239,1769825418,2026-01-31T10:10:18,0.0015
8,215-239,1769825717,2026-01-31T10:15:17,0.0015
8,215-239,1769826018,2026-01-31T10:20:18,0.0015
8,215-239,1769826318,2026-01-31T10:25:18,0.0015
8,215-239,1769826621,2026-01-31T10:30:21,0.0015
8,215-239,1769826918,2026-01-31T10:35:18,0.0015
8,215-239,1769827217,2026-01-31T10:40:17,0.0015
8,215-239,1769827531,2026-01-31T10:45:31,0.0015
8,215-239,1769827817,2026-01-31T10:50:17,0.0015
8,215-239,1769828117,2026-01-31T10:55:17,0.0015
8,215-239,1769828423,2026-01-31T11:00:23,0.0015
8,215-239,1769828718,2026-01-31T11:05:18,0.0015
8,215-239,1769829017,2026-01-31T11:10:17,0.0015
8,215-239,1769829319,2026-01-31T11:15:19,0.0015
8,215-239,1769829617,2026-01-31T11:20:17,0.0015
8,215-239,1769829917,2026-01-31T11:25:17,0.0015
8,215-239,1769830222,2026-01-31T11:30:22,0.0005
8,215-239,1769830518,2026-01-31T11:35:18,0.0005
8,215-239,1769830817,2026-01-31T11:40:17,0.0005
8,215-239,1769831118,2026-01-31T11:45:18,0.0005
8,215-239,1769831417,2026-01-31T11:50:17,0.0005
8,215-239,1769831718,2026-01-31T11:55:18,0.0005
8,215-239,1769832022,2026-01-31T12:00:22,0.0005
8,215-239,1769832316,2026-01-31T12:05:16,0.0005
8,215-239,1769832617,2026-01-31T12:10:17,0.0005
8,215-239,1769832917,2026-01-31T12:15:17,0.0005
8,215-239,1769833217,2026-01-31T12:20:17,0.0005
8,215-239,1769833518,2026-01-31T12:25:18,0.0005
8,215-239,1769833821,2026-01-31T12:30:21,0.0005
8,215-239,1769834117,2026-01-31T12:35:17,0.0005
8,215-239,1769834416,2026-01-31T12:40:16,0.0005
8,215-239,1769834717,2026-01-31T12:45:17,0.0005
8,215-239,1769835021,2026-01-31T12:50:21,0.0005
8,215-239,1769835318,2026-01-31T12:55:18,0.0005
8,215-239,1769835621,2026-01-31T13:00:21,0.0005
8,215-239,1769835916,2026-01-31T13:05:16,0.0005
8,215-239,1769836217,2026-01-31T13:10:17,0.0005
8,215-239,1769836521,2026-01-31T13:15:21,0.0005
8,215-239,1769836818,2026-01-31T13:20:18,0.0005
8,215-239,1769837117,2026-01-31T13:25:17,0.0005
8,215-239,1769837422,2026-01-31T13:30:22,0.0005
8,215-239,1769837718,2026-01-31T13:35:18,0.0005
8,215-239,1769838020,2026-01-31T13:40:20,0.0005
8,215-239,1769838318,2026-01-31T13:45:18,0.0005
8,215-239,1769838617,2026-01-31T13:50:17,0.0005
8,215-239,1769838918,2026-01-31T13:55:18,0.0005
8,215-239,1769839223,2026-01-31T14:00:23,0.0005
8,215-239,1769839520,2026-01-31T14:05:20,0.0005
8,215-239,1769839817,2026-01-31T14:10:17,0.0005
8,215-239,1769840117,2026-01-31T14:15:17,0.0005
8,215-239,1769840418,2026-01-31T14:20:18,0.0005
8,215-239,1769840718,2026-01-31T14:25:18,0.0005
8,215-239,1769841023,2026-01-31T14:30:23,0.0005
8,215-239,1769841335,2026-01-31T14:35:35,0.0005
8,215-239,1769841616,2026-01-31T14:40:16,0.0005
8,215-239,1769841917,2026-01-31T14:45:17,0.0005
8,215-239,1769842217,2026-01-31T14:50:17,0.002
8,215-239,1769842520,2026-01-31T14:55:20,0.002
8,215-239,1769842822,2026-01-31T15:00:22,0.002
8,215-239,1769843117,2026-01-31T15:05:17,0.0015
8,215-239,1769843417,2026-01-31T15:10:17,0.0015
8,215-239,1769843718,2026-01-31T15:15:18,0.0015
8,215-239,1769844020,2026-01-31T15:20:20,0.0015
8,215-239,1769844317,2026-01-31T15:25:17,0.0015
8,215-239,1769844621,2026-01-31T15:30:21,0.0015
8,215-239,1769844917,2026-01-31T15:35:17,0.0015
8,215-239,1769845222,2026-01-31T15:40:22,0.0015
8,215-239,1769845532,2026-01-31T15:45:32,0.0015
8,215-239,1769845819,2026-01-31T15:50:19,0.0015
8,215-239,1769846117,2026-01-31T15:55:17,0.0015
8,215-239,1769846422,2026-01-31T16:00:22,0.0015
8,215-239,1769846717,2026-01-31T16:05:17,0.0015
8,215-239,1769847018,2026-01-31T16:10:18,0.0015
8,215-239,1769847319,2026-01-31T16:15:19,0.0015
8,215-239,1769847618,2026-01-31T16:20:18,0.0015
8,215-239,1769847917,2026-01-31T16:25:17,0.0005
8,215-239,1769848222,2026-01-31T16:30:22,0.0005
8,215-239,1769848518,2026-01-31T16:35:18,0.0005
8,215-239,1769848817,2026-01-31T16:40:17,0.0005
8,215-239,1769849118,2026-01-31T16:45:18,0.0005
8,215-239,1769849417,2026-01-31T16:50:17,0.0005
8,215-239,1769849717,2026-01-31T16:55:17,0.0005
8,215-239,1769850043,2026-01-31T17:00:43,0.0005
8,215-239,1769850317,2026-01-31T17:05:17,0.0005
8,215-239,1769850617,2026-01-31T17:10:17,0.0005
8,215-239,1769850917,2026-01-31T17:15:17,0.0005
8,215-239,1769851217,2026-01-31T17:20:17,0.0005
8,215-239,1769851517,2026-01-31T17:25:17,0.0005
8,215-239,1769851823,2026-01-31T17:30:23,0.0005
8,215-239,1769852117,2026-01-31T17:35:17,0.0005
8,215-239,1769852417,2026-01-31T17:40:17,0.0005
8,215-239,1769852719,2026-01-31T17:45:19,0.0005
8,215-239,1769853017,2026-01-31T17:50:17,0.0005
8,215-239,1769853318,2026-01-31T17:55:18,0.0005
8,215-239,1769853622,2026-01-31T18:00:22,0.0005
8,215-239,1769853919,2026-01-31T18:05:19,0.0005
8,215-239,1769854219,2026-01-31T18:10:19,0.0005
8,215-239,1769854517,2026-01-31T18:15:17,0.0005
8,215-239,1769854817,2026-01-31T18:20:17,0.0005
8,215-239,1769855117,2026-01-31T18:25:17,0.0005
8,215-239,1769855421,2026-01-31T18:30:21,0.0005
8,215-239,1769855719,2026-01-31T18:35:19,0.0005
8,215-239,1769856017,2026-01-31T18:40:17,0.0005
8,215-239,1769856318,2026-01-31T18:45:18,0.0005
8,215-239,1769856616,2026-01-31T18:50:16,0.0005
8,215-239,1769856934,2026-01-31T18:55:34,0.0005
8,215-239,1769857221,2026-01-31T19:00:21,0.0005
8,215-239,1769857517,2026-01-31T19:05:17,0.0005
8,215-239,1769857817,2026-01-31T19:10:17,0.0005
8,215-239,1769858130,2026-01-31T19:15:30,0.0005
8,215-239,1769858417,2026-01-31T19:20:17,0.0005
8,215-239,1769858720,2026-01-31T19:25:20,0.0005
8,215-239,1769859021,2026-01-31T19:30:21,0.0005
8,215-239,1769859317,2026-01-31T19:35:17,0.0005
8,215-239,1769859617,2026-01-31T19:40:17,0.0005
8,215-239,1769859917,2026-01-31T19:45:17,0.0005
8,215-239,1769860220,2026-01-31T19:50:20,0.0005
8,215-239,1769860517,2026-01-31T19:55:17,0.0005
8,215-239,1769860832,2026-01-31T20:00:32,0.0005
8,215-239,1769861117,2026-01-31T20:05:17,0.0005
8,215-239,1769861418,2026-01-31T20:10:18,0.0005
8,215-239,1769861721,2026-01-31T20:15:21,0.0005
8,215-239,1769862017,2026-01-31T20:20:17,0.0005
8,215-239,1769862318,2026-01-31T20:25:18,0.0005
8,215-239,1769862621,2026-01-31T20:30:21,0.0005
8,215-239,1769862918,2026-01-31T20:35:18,0.0005
8,215-239,1769863220,2026-01-31T20:40:20,0.0005
8,215-239,1769863517,2026-01-31T20:45:17,0.0005
8,215-239,1769863817,2026-01-31T20:50:17,0.0005
8,215-239,1769864117,2026-01-31T20:55:17,0.0005
8,215-239,1769864423,2026-01-31T21:00:23,0.0005
8,215-239,1769864720,2026-01-31T21:05:20,0.0005
8,215-239,1769865017,2026-01-31T21:10:17,0.0005
8,215-239,1769865318,2026-01-31T21:15:18,0.0005
8,215-239,1769865617,2026-01-31T21:20:17,0.0005
8,215-239,1769865918,2026-01-31T21:25:18,0.0005
8,215-239,1769866223,2026-01-31T21:30:23,0.0005
8,215-239,1769866517,2026-01-31T21:35:17,0.0005
8,215-239,1769866817,2026-01-31T21:40:17,0.0005
8,215-239,1769867122,2026-01-31T21:45:22,0.0005
8,215-239,1769867416,2026-01-31T21:50:16,0.0005
8,215-239,1769867734,2026-01-31T21:55:34,0.0005
8,215-239,1769868021,2026-01-31T22:00:21,0.0005
8,215-239,1769868317,2026-01-31T22:05:17,0.0005
8,215-239,1769868618,2026-01-31T22:10:18,0.0005
8,215-239,1769868918,2026-01-31T22:15:18,0.0005
8,215-239,1769869220,2026-01-31T22:20:20,0.0005
8,215-239,1769869519,2026-01-31T22:25:19,0.0005
8,215-239,1769869821,2026-01-31T22:30:21,0.0005
8,215-239,1769870118,2026-01-31T22:35:18,0.0005
8,215-239,1769870417,2026-01-31T22:40:17,0.0005
8,215-239,1769870717,2026-01-31T22:45:17,0.0005
8,215-239,1769871020,2026-01-31T22:50:20,0.0005
8,215-239,1769871317,2026-01-31T22:55:17,0.0005
8,215-239,1769871626,2026-01-31T23:00:26,0.0005
8,215-239,1769871917,2026-01-31T23:05:17,0.0005
8,215-239,1769872217,2026-01-31T23:10:17,0.0005
8,215-239,1769872521,2026-01-31T23:15:21,0.0005
8,215-239,1769872818,2026-01-31T23:20:18,0.0005
8,215-239,1769873120,2026-01-31T23:25:20,0.0005
8,215-239,1769873421,2026-01-31T23:30:21,0.0005
8,215-239,1769873717,2026-01-31T23:35:17,0.0005
8,215-239,1769874017,2026-01-31T23:40:17,0.0005
8,215-239,1769874317,2026-01-31T23:45:17,0.0005
8,215-239,1769874620,2026-01-31T23:50:20,0.0005
8,215-239,1769874917,2026-01-31T23:55:17,0.0005
8,215-239,1769875221,2026-02-01T00:00:21,0.0005
8,215-239,1769875517,2026-02-01T00:05:17,0.0005
8,215-239,1769875837,2026-02-01T00:10:37,0.0005
8,215-239,1769876117,2026-02-01T00:15:17,0.0005
8,215-239,1769876417,2026-02-01T00:20:17,0.0005
8,215-239,1769876717,2026-02-01T00:25:17,0.0005
8,215-239,1769877021,2026-02-01T00:30:21,0.0005
8,215-239,1769877320,2026-02-01T00:35:20,0.0005
8,215-239,1769877617,2026-02-01T00:40:17,0.0005
8,215-239,1769877933,2026-02-01T00:45:33,0.0005
8,215-239,1769878217,2026-02-01T00:50:17,0.0005
8,215-239,1769878518,2026-02-01T00:55:18,0.0005
8,215-239,1769878836,2026-02-01T01:00:36,0.0005
8,215-239,1769879131,2026-02-01T01:05:31,0.0005
8,215-239,1769879417,2026-02-01T01:10:17,0.0005
8,215-239,1769879717,2026-02-01T01:15:17,0.0005
8,215-239,1769880018,2026-02-01T01:20:18,0.0005
8,215-239,1769880325,2026-02-01T01:25:25,0.0005
8,215-239,1769880622,2026-02-01T01:30:22,0.0005
8,215-239,1769880919,2026-02-01T01:35:19,0.0005
8,215-239,1769881217,2026-02-01T01:40:17,0.0005
8,215-239,1769881517,2026-02-01T01:45:17,0.0005
8,215-239,1769881821,2026-02-01T01:50:21,0.0005
8,215-239,1769882117,2026-02-01T01:55:17,0.0005
8,215-239,1769882427,2026-02-01T02:00:27,0.0005
8,215-239,1769882718,2026-02-01T02:05:18,0.0005
8,215-239,1769883017,2026-02-01T02:10:17,0.0005
8,215-239,1769883336,2026-02-01T02:15:36,0.0005
8,215-239,1769883619,2026-02-01T02:20:19,0.0005
8,215-239,1769883917,2026-02-01T02:25:17,0.0005
8,215-239,1769884221,2026-02-01T02:30:21,0.0005
8,215-239,1769884518,2026-02-01T02:35:18,0.0005
8,215-239,1769884817,2026-02-01T02:40:17,0.0005
8,215-239,1769885134,2026-02-01T02:45:34,0.0005
8,215-239,1769885419,2026-02-01T02:50:19,0.0005
8,215-239,1769885718,2026-02-01T02:55:18,0.0005
8,215-239,1769886024,2026-02-01T03:00:24,0.0005
8,215-239,1769886318,2026-02-01T03:05:18,0.0005
8,215-239,1769886618,2026-02-01T03:10:18,0.0005
8,215-239,1769886918,2026-02-01T03:15:18,0.0005
8,215-239,1769887217,2026-02-01T03:20:17,0.0005
8,215-239,1769887549,2026-02-01T03:25:49,0.0005
8,215-239,1769887820,2026-02-01T03:30:20,0.0005
8,215-239,1769888117,2026-02-01T03:35:17,0.0005
8,215-239,1769888416,2026-02-01T03:40:16,0.0005
8,215-239,1769888731,2026-02-01T03:45:31,0.0005
8,215-239,1769889019,2026-02-01T03:50:19,0.0005
8,215-239,1769889321,2026-02-01T03:55:21,0.0005
8,215-239,1769889622,2026-02-01T04:00:22,0.0005
8,215-239,1769889918,2026-02-01T04:05:18,0.0005
8,215-239,1769890218,2026-02-01T04:10:18,0.0005
8,215-239,1769890518,2026-02-01T04:15:18,0.0005
8,215-239,1769890821,2026-02-01T04:20:21,0.0005
8,215-239,1769891118,2026-02-01T04:25:18,0.0005
8,215-239,1769891421,2026-02-01T04:30:21,0.0005
8,215-239,1769891717,2026-02-01T04:35:17,0.0005
8,215-239,1769892018,2026-02-01T04:40:18,0.0005
8,215-239,1769892335,2026-02-01T04:45:35,0.0005
8,215-239,1769892617,2026-02-01T04:50:17,0.0005
8,215-239,1769892929,2026-02-01T04:55:29,0.0005
9,240+,1769448024,2026-01-27T01:20:24,0.04
9,240+,1769448319,2026-01-27T01:25:19,0.023
9,240+,1769448624,2026-01-27T01:30:24,0.028
9,240+,1769448918,2026-01-27T01:35:18,0.0285
9,240+,1769449217,2026-01-27T01:40:17,0.0225
9,240+,1769449544,2026-01-27T01:45:44,0.0285
9,240+,1769449818,2026-01-27T01:50:18,0.0285
9,240+,1769450118,2026-01-27T01:55:18,0.028
9,240+,1769450438,2026-01-27T02:00:38,0.028
9,240+,1769450718,2026-01-27T02:05:18,0.028
9,240+,1769451017,2026-01-27T02:10:17,0.0265
9,240+,1769451322,2026-01-27T02:15:22,0.026
9,240+,1769451619,2026-01-27T02:20:19,0.0255
9,240+,1769451923,2026-01-27T02:25:23,0.026
9,240+,1769452225,2026-01-27T02:30:25,0.026
9,240+,1769452518,2026-01-27T02:35:18,0.026
9,240+,1769452847,2026-01-27T02:40:47,0.026
9,240+,1769453117,2026-01-27T02:45:17,0.026
9,240+,1769453418,2026-01-27T02:50:18,0.0255
9,240+,1769453717,2026-01-27T02:55:17,0.0255
9,240+,1769454026,2026-01-27T03:00:26,0.0255
9,240+,1769454317,2026-01-27T03:05:17,0.0255
9,240+,1769454623,2026-01-27T03:10:23,0.0255
9,240+,1769454918,2026-01-27T03:15:18,0.025
9,240+,1769455218,2026-01-27T03:20:18,0.025
9,240+,1769455517,2026-01-27T03:25:17,0.025
9,240+,1769455825,2026-01-27T03:30:25,0.025
9,240+,1769456123,2026-01-27T03:35:23,0.025
9,240+,1769456418,2026-01-27T03:40:18,0.025
9,240+,1769456718,2026-01-27T03:45:18,0.0245
9,240+,1769457019,2026-01-27T03:50:19,0.0165
9,240+,1769457318,2026-01-27T03:55:18,0.0165
9,240+,1769457631,2026-01-27T04:00:31,0.0165
9,240+,1769457917,2026-01-27T04:05:17,0.0165
9,240+,1769458220,2026-01-27T04:10:20,0.0155
9,240+,1769458517,2026-01-27T04:15:17,0.0155
9,240+,1769458818,2026-01-27T04:20:18,0.0155
9,240+,1769459143,2026-01-27T04:25:43,0.0155
9,240+,1769459425,2026-01-27T04:30:25,0.0155
9,240+,1769459717,2026-01-27T04:35:17,0.0155
9,240+,1769460018,2026-01-27T04:40:18,0.0155
9,240+,1769460317,2026-01-27T04:45:17,0.0155
9,240+,1769460618,2026-01-27T04:50:18,0.0155
9,240+,1769460923,2026-01-27T04:55:23,0.0155
9,240+,1769461233,2026-01-27T05:00:33,0.0155
9,240+,1769461517,2026-01-27T05:05:17,0.0155
9,240+,1769461819,2026-01-27T05:10:19,0.0155
9,240+,1769462118,2026-01-27T05:15:18,0.0155
9,240+,1769462418,2026-01-27T05:20:18,0.0155
9,240+,1769462722,2026-01-27T05:25:22,0.0155
9,240+,1769463025,2026-01-27T05:30:25,0.0155
9,240+,1769463318,2026-01-27T05:35:18,0.0155
9,240+,1769463618,2026-01-27T05:40:18,0.0155
9,240+,1769463917,2026-01-27T05:45:17,0.0155
9,240+,1769464223,2026-01-27T05:50:23,0.0155
9,240+,1769464524,2026-01-27T05:55:24,0.0155
9,240+,1769464825,2026-01-27T06:00:25,0.0155
9,240+,1769465118,2026-01-27T06:05:18,0.0155
9,240+,1769465418,2026-01-27T06:10:18,0.0155
9,240+,1769465718,2026-01-27T06:15:18,0.0155
9,240+,1769466046,2026-01-27T06:20:46,0.0155
9,240+,1769466319,2026-01-27T06:25:19,0.016
9,240+,1769466625,2026-01-27T06:30:25,0.016
9,240+,1769466918,2026-01-27T06:35:18,0.016
9,240+,1769467218,2026-01-27T06:40:18,0.016
9,240+,1769467518,2026-01-27T06:45:18,0.016
9,240+,1769467824,2026-01-27T06:50:24,0.016
9,240+,1769468123,2026-01-27T06:55:23,0.016
9,240+,1769468425,2026-01-27T07:00:25,0.016
9,240+,1769468718,2026-01-27T07:05:18,0.016
9,240+,1769469018,2026-01-27T07:10:18,0.0155
9,240+,1769469318,2026-01-27T07:15:18,0.0155
9,240+,1769469624,2026-01-27T07:20:24,0.0155
9,240+,1769469918,2026-01-27T07:25:18,0.0155
9,240+,1769470226,2026-01-27T07:30:26,0.0155
9,240+,1769470517,2026-01-27T07:35:17,0.0155
9,240+,1769470819,2026-01-27T07:40:19,0.0155
9,240+,1769471123,2026-01-27T07:45:23,0.0155
9,240+,1769471423,2026-01-27T07:50:23,0.0155
9,240+,1769471718,2026-01-27T07:55:18,0.0155
9,240+,1769472042,2026-01-27T08:00:42,0.0155
9,240+,1769472317,2026-01-27T08:05:17,0.0155
9,240+,1769472617,2026-01-27T08:10:17,0.0155
9,240+,1769472917,2026-01-27T08:15:17,0.0155
9,240+,1769473217,2026-01-27T08:20:17,0.0155
9,240+,1769473516,2026-01-27T08:25:16,0.0155
9,240+,1769473818,2026-01-27T08:30:18,0.0155
9,240+,1769474116,2026-01-27T08:35:16,0.0155
9,240+,1769474418,2026-01-27T08:40:18,0.0155
9,240+,1769474716,2026-01-27T08:45:16,0.015
9,240+,1769475017,2026-01-27T08:50:17,0.015
9,240+,1769475318,2026-01-27T08:55:18,0.015
9,240+,1769475619,2026-01-27T09:00:19,0.015
9,240+,1769475917,2026-01-27T09:05:17,0.015
9,240+,1769476218,2026-01-27T09:10:18,0.015
9,240+,1769476518,2026-01-27T09:15:18,0.015
9,240+,1769476818,2026-01-27T09:20:18,0.015
9,240+,1769477117,2026-01-27T09:25:17,0.015
9,240+,1769477420,2026-01-27T09:30:20,0.015
9,240+,1769477717,2026-01-27T09:35:17,0.015
9,240+,1769478017,2026-01-27T09:40:17,0.015
9,240+,1769478317,2026-01-27T09:45:17,0.012
9,240+,1769478617,2026-01-27T09:50:17,0.012
9,240+,1769478916,2026-01-27T09:55:16,0.012
9,240+,1769479219,2026-01-27T10:00:19,0.012
9,240+,1769479518,2026-01-27T10:05:18,0.012
9,240+,1769479818,2026-01-27T10:10:18,0.012
9,240+,1769480117,2026-01-27T10:15:17,0.012
9,240+,1769480417,2026-01-27T10:20:17,0.0115
9,240+,1769480718,2026-01-27T10:25:18,0.0115
9,240+,1769481019,2026-01-27T10:30:19,0.0115
9,240+,1769481317,2026-01-27T10:35:17,0.0115
9,240+,1769481617,2026-01-27T10:40:17,0.0115
9,240+,1769481916,2026-01-27T10:45:16,0.0115
9,240+,1769482217,2026-01-27T10:50:17,0.0115
9,240+,1769482523,2026-01-27T10:55:23,0.0115
9,240+,1769482828,2026-01-27T11:00:28,0.0115
9,240+,1769483117,2026-01-27T11:05:17,0.0115
9,240+,1769483418,2026-01-27T11:10:18,0.0115
9,240+,1769483718,2026-01-27T11:15:18,0.0115
9,240+,1769484018,2026-01-27T11:20:18,0.0115
9,240+,1769484317,2026-01-27T11:25:17,0.0115
9,240+,1769484621,2026-01-27T11:30:21,0.0115
9,240+,1769484920,2026-01-27T11:35:20,0.0115
9,240+,1769485218,2026-01-27T11:40:18,0.0115
9,240+,1769485517,2026-01-27T11:45:17,0.0115
9,240+,1769485817,2026-01-27T11:50:17,0.0115
9,240+,1769486117,2026-01-27T11:55:17,0.0115
9,240+,1769486421,2026-01-27T12:00:21,0.0115
9,240+,1769486717,2026-01-27T12:05:17,0.0115
9,240+,1769487017,2026-01-27T12:10:17,0.0115
9,240+,1769487319,2026-01-27T12:15:19,0.0115
9,240+,1769487620,2026-01-27T12:20:20,0.0115
9,240+,1769487917,2026-01-27T12:25:17,0.0115
9,240+,1769488218,2026-01-27T12:30:18,0.0115
9,240+,1769488518,2026-01-27T12:35:18,0.0115
9,240+,1769488818,2026-01-27T12:40:18,0.0115
9,240+,1769489118,2026-01-27T12:45:18,0.0115
9,240+,1769489421,2026-01-27T12:50:21,0.01
9,240+,1769489717,2026-01-27T12:55:17,0.01
9,240+,1769490020,2026-01-27T13:00:20,0.01
9,240+,1769490328,2026-01-27T13:05:28,0.01
9,240+,1769490617,2026-01-27T13:10:17,0.01
9,240+,1769490918,2026-01-27T13:15:18,0.01
9,240+,1769491217,2026-01-27T13:20:17,0.01
9,240+,1769491520,2026-01-27T13:25:20,0.01
9,240+,1769491819,2026-01-27T13:30:19,0.01
9,240+,1769492117,2026-01-27T13:35:17,0.01
9,240+,1769492417,2026-01-27T13:40:17,0.01
9,240+,1769492716,2026-01-27T13:45:16,0.01
9,240+,1769493020,2026-01-27T13:50:20,0.01
9,240+,1769493317,2026-01-27T13:55:17,0.01
9,240+,1769493621,2026-01-27T14:00:21,0.01
9,240+,1769493917,2026-01-27T14:05:17,0.01
9,240+,1769494217,2026-01-27T14:10:17,0.01
9,240+,1769494543,2026-01-27T14:15:43,0.009
9,240+,1769494817,2026-01-27T14:20:17,0.009
9,240+,1769495120,2026-01-27T14:25:20,0.009
9,240+,1769495420,2026-01-27T14:30:20,0.009
9,240+,1769495742,2026-01-27T14:35:42,0.009
9,240+,1769496020,2026-01-27T14:40:20,0.009
9,240+,1769496317,2026-01-27T14:45:17,0.009
9,240+,1769496619,2026-01-27T14:50:19,0.009
9,240+,1769496919,2026-01-27T14:55:19,0.009
9,240+,1769497228,2026-01-27T15:00:28,0.009
9,240+,1769497520,2026-01-27T15:05:20,0.009
9,240+,1769497817,2026-01-27T15:10:17,0.009
9,240+,1769498118,2026-01-27T15:15:18,0.009
9,240+,1769498417,2026-01-27T15:20:17,0.009
9,240+,1769498717,2026-01-27T15:25:17,0.009
9,240+,1769499046,2026-01-27T15:30:46,0.0085
9,240+,1769499317,2026-01-27T15:35:17,0.008
9,240+,1769499624,2026-01-27T15:40:24,0.008
9,240+,1769499917,2026-01-27T15:45:17,0.008
9,240+,1769500221,2026-01-27T15:50:21,0.008
9,240+,1769500517,2026-01-27T15:55:17,0.008
9,240+,1769500822,2026-01-27T16:00:22,0.0085
9,240+,1769501118,2026-01-27T16:05:18,0.008
9,240+,1769501418,2026-01-27T16:10:18,0.008
9,240+,1769501717,2026-01-27T16:15:17,0.008
9,240+,1769502030,2026-01-27T16:20:30,0.008
9,240+,1769502320,2026-01-27T16:25:20,0.008
9,240+,1769502619,2026-01-27T16:30:19,0.0085
9,240+,1769502918,2026-01-27T16:35:18,0.0085
9,240+,1769503219,2026-01-27T16:40:19,0.0085
9,240+,1769503518,2026-01-27T16:45:18,0.0085
9,240+,1769503821,2026-01-27T16:50:21,0.0085
9,240+,1769504118,2026-01-27T16:55:18,0.0085
9,240+,1769504423,2026-01-27T17:00:23,0.0085
9,240+,1769504717,2026-01-27T17:05:17,0.0085
9,240+,1769505018,2026-01-27T17:10:18,0.0085
9,240+,1769505320,2026-01-27T17:15:20,0.007
9,240+,1769505618,2026-01-27T17:20:18,0.007
9,240+,1769505919,2026-01-27T17:25:19,0.0075
9,240+,1769506219,2026-01-27T17:30:19,0.0075
9,240+,1769506518,2026-01-27T17:35:18,0.0075
9,240+,1769506846,2026-01-27T17:40:46,0.0075
9,240+,1769507119,2026-01-27T17:45:19,0.0075
9,240+,1769507418,2026-01-27T17:50:18,0.0075
9,240+,1769507717,2026-01-27T17:55:17,0.0075
9,240+,1769508028,2026-01-27T18:00:28,0.007
9,240+,1769508317,2026-01-27T18:05:17,0.007
9,240+,1769508636,2026-01-27T18:10:36,0.007
9,240+,1769508917,2026-01-27T18:15:17,0.0065
9,240+,1769509220,2026-01-27T18:20:20,0.0075
9,240+,1769509518,2026-01-27T18:25:18,0.0075
9,240+,1769509819,2026-01-27T18:30:19,0.0075
9,240+,1769510118,2026-01-27T18:35:18,0.0075
9,240+,1769510418,2026-01-27T18:40:18,0.0075
9,240+,1769510742,2026-01-27T18:45:42,0.0075
9,240+,1769511017,2026-01-27T18:50:17,0.0075
9,240+,1769511330,2026-01-27T18:55:30,0.0075
9,240+,1769511621,2026-01-27T19:00:21,0.0075
9,240+,1769511918,2026-01-27T19:05:18,0.0075
9,240+,1769512528,2026-01-27T19:15:28,0.0115
9,240+,1769512818,2026-01-27T19:20:18,0.012
9,240+,1769513118,2026-01-27T19:25:18,0.011
9,240+,1769513420,2026-01-27T19:30:20,0.011
9,240+,1769513731,2026-01-27T19:35:31,0.013
9,240+,1769514021,2026-01-27T19:40:21,0.013
9,240+,1769514317,2026-01-27T19:45:17,0.013
9,240+,1769514618,2026-01-27T19:50:18,0.011
9,240+,1769514918,2026-01-27T19:55:18,0.011
9,240+,1769515228,2026-01-27T20:00:28,0.01
9,240+,1769515818,2026-01-27T20:10:18,0.01
9,240+,1769516117,2026-01-27T20:15:17,0.01
9,240+,1769516418,2026-01-27T20:20:18,0.011
9,240+,1769516718,2026-01-27T20:25:18,0.0105
9,240+,1769517020,2026-01-27T20:30:20,0.0105
9,240+,1769517322,2026-01-27T20:35:22,0.009
9,240+,1769517629,2026-01-27T20:40:29,0.009
9,240+,1769517918,2026-01-27T20:45:18,0.0085
9,240+,1769518242,2026-01-27T20:50:42,0.0085
9,240+,1769518519,2026-01-27T20:55:19,0.0085
9,240+,1769518833,2026-01-27T21:00:33,0.009
9,240+,1769519117,2026-01-27T21:05:17,0.009
9,240+,1769519418,2026-01-27T21:10:18,0.009
9,240+,1769519719,2026-01-27T21:15:19,0.016
9,240+,1769520022,2026-01-27T21:20:22,0.0165
9,240+,1769520318,2026-01-27T21:25:18,0.012
9,240+,1769520620,2026-01-27T21:30:20,0.008
9,240+,1769520918,2026-01-27T21:35:18,0.0075
9,240+,1769521218,2026-01-27T21:40:18,0.0075
9,240+,1769521525,2026-01-27T21:45:25,0.0075
9,240+,1769521823,2026-01-27T21:50:23,0.0075
9,240+,1769522119,2026-01-27T21:55:19,0.0075
9,240+,1769522420,2026-01-27T22:00:20,0.0075
9,240+,1769522719,2026-01-27T22:05:19,0.0075
9,240+,1769523018,2026-01-27T22:10:18,0.0075
9,240+,1769523322,2026-01-27T22:15:22,0.0075
9,240+,1769523620,2026-01-27T22:20:20,0.0075
9,240+,1769523919,2026-01-27T22:25:19,0.0075
9,240+,1769524220,2026-01-27T22:30:20,0.0075
9,240+,1769524519,2026-01-27T22:35:19,0.0075
9,240+,1769524823,2026-01-27T22:40:23,0.0075
9,240+,1769525119,2026-01-27T22:45:19,0.0075
9,240+,1769525419,2026-01-27T22:50:19,0.008
9,240+,1769525719,2026-01-27T22:55:19,0.0075
9,240+,1769526023,2026-01-27T23:00:23,0.0075
9,240+,1769526344,2026-01-27T23:05:44,0.0075
9,240+,1769526622,2026-01-27T23:10:22,0.0075
9,240+,1769526917,2026-01-27T23:15:17,0.0075
9,240+,1769527217,2026-01-27T23:20:17,0.0075
9,240+,1769527519,2026-01-27T23:25:19,0.0075
9,240+,1769527820,2026-01-27T23:30:20,0.008
9,240+,1769528145,2026-01-27T23:35:45,0.008
9,240+,1769528419,2026-01-27T23:40:19,0.008
9,240+,1769528718,2026-01-27T23:45:18,0.008
9,240+,1769529018,2026-01-27T23:50:18,0.0085
9,240+,1769529317,2026-01-27T23:55:17,0.0085
9,240+,1769529620,2026-01-28T00:00:20,0.0085
9,240+,1769529923,2026-01-28T00:05:23,0.0085
9,240+,1769530218,2026-01-28T00:10:18,0.0085
9,240+,1769530517,2026-01-28T00:15:17,0.0085
9,240+,1769530817,2026-01-28T00:20:17,0.0085
9,240+,1769531123,2026-01-28T00:25:23,0.0085
9,240+,1769531420,2026-01-28T00:30:20,0.0065
9,240+,1769531717,2026-01-28T00:35:17,0.0065
9,240+,1769532017,2026-01-28T00:40:17,0.0065
9,240+,1769532318,2026-01-28T00:45:18,0.007
9,240+,1769532622,2026-01-28T00:50:22,0.007
9,240+,1769532917,2026-01-28T00:55:17,0.0115
9,240+,1769533220,2026-01-28T01:00:20,0.011
9,240+,1769533523,2026-01-28T01:05:23,0.0115
9,240+,1769533819,2026-01-28T01:10:19,0.0115
9,240+,1769534117,2026-01-28T01:15:17,0.0105
9,240+,1769534418,2026-01-28T01:20:18,0.0105
9,240+,1769534723,2026-01-28T01:25:23,0.0105
9,240+,1769535048,2026-01-28T01:30:48,0.01
9,240+,1769535320,2026-01-28T01:35:20,0.01
9,240+,1769535618,2026-01-28T01:40:18,0.01
9,240+,1769535918,2026-01-28T01:45:18,0.01
9,240+,1769536223,2026-01-28T01:50:23,0.01
9,240+,1769536518,2026-01-28T01:55:18,0.01
9,240+,1769536824,2026-01-28T02:00:24,0.01
9,240+,1769537117,2026-01-28T02:05:17,0.009
9,240+,1769537418,2026-01-28T02:10:18,0.009
9,240+,1769537723,2026-01-28T02:15:23,0.009
9,240+,1769538018,2026-01-28T02:20:18,0.008
9,240+,1769538318,2026-01-28T02:25:18,0.008
9,240+,1769538621,2026-01-28T02:30:21,0.008
9,240+,1769538917,2026-01-28T02:35:17,0.0075
9,240+,1769539247,2026-01-28T02:40:47,0.0075
9,240+,1769539518,2026-01-28T02:45:18,0.0075
9,240+,1769539818,2026-01-28T02:50:18,0.0075
9,240+,1769540118,2026-01-28T02:55:18,0.0075
9,240+,1769540421,2026-01-28T03:00:21,0.008
9,240+,1769540724,2026-01-28T03:05:24,0.0075
9,240+,1769541019,2026-01-28T03:10:19,0.0075
9,240+,1769541319,2026-01-28T03:15:19,0.0125
9,240+,1769541618,2026-01-28T03:20:18,0.0115
9,240+,1769541918,2026-01-28T03:25:18,0.012
9,240+,1769542226,2026-01-28T03:30:26,0.011
9,240+,1769542518,2026-01-28T03:35:18,0.0105
9,240+,1769542818,2026-01-28T03:40:18,0.0105
9,240+,1769543118,2026-01-28T03:45:18,0.0105
9,240+,1769543417,2026-01-28T03:50:17,0.0105
9,240+,1769543724,2026-01-28T03:55:24,0.0105
9,240+,1769544020,2026-01-28T04:00:20,0.011
9,240+,1769544344,2026-01-28T04:05:44,0.0105
9,240+,1769544618,2026-01-28T04:10:18,0.0105
9,240+,1769544918,2026-01-28T04:15:18,0.0105
9,240+,1769545218,2026-01-28T04:20:18,0.0105
9,240+,1769545517,2026-01-28T04:25:17,0.0105
9,240+,1769545821,2026-01-28T04:30:21,0.0105
9,240+,1769546122,2026-01-28T04:35:22,0.0105
9,240+,1769546417,2026-01-28T04:40:17,0.0105
9,240+,1769546718,2026-01-28T04:45:18,0.011
9,240+,1769547023,2026-01-28T04:50:23,0.012
9,240+,1769547318,2026-01-28T04:55:18,0.012
9,240+,1769547624,2026-01-28T05:00:24,0.0115
9,240+,1769547917,2026-01-28T05:05:17,0.011
9,240+,1769548218,2026-01-28T05:10:18,0.0115
9,240+,1769548523,2026-01-28T05:15:23,0.0115
9,240+,1769548817,2026-01-28T05:20:17,0.013
9,240+,1769549118,2026-01-28T05:25:18,0.013
9,240+,1769549421,2026-01-28T05:30:21,0.013
9,240+,1769549718,2026-01-28T05:35:18,0.0115
9,240+,1769550023,2026-01-28T05:40:23,0.012
9,240+,1769550318,2026-01-28T05:45:18,0.011
9,240+,1769550623,2026-01-28T05:50:23,0.0125
9,240+,1769550919,2026-01-28T05:55:19,0.012
9,240+,1769551221,2026-01-28T06:00:21,0.012
9,240+,1769551518,2026-01-28T06:05:18,0.0115
9,240+,1769551818,2026-01-28T06:10:18,0.011
9,240+,1769552124,2026-01-28T06:15:24,0.0105
9,240+,1769552418,2026-01-28T06:20:18,0.0105
9,240+,1769552718,2026-01-28T06:25:18,0.0105
9,240+,1769553021,2026-01-28T06:30:21,0.0105
9,240+,1769553317,2026-01-28T06:35:17,0.0105
9,240+,1769553645,2026-01-28T06:40:45,0.0085
9,240+,1769553918,2026-01-28T06:45:18,0.0065
9,240+,1769554218,2026-01-28T06:50:18,0.0085
9,240+,1769554517,2026-01-28T06:55:17,0.0065
9,240+,1769554822,2026-01-28T07:00:22,0.0065
9,240+,1769555117,2026-01-28T07:05:17,0.0065
9,240+,1769555423,2026-01-28T07:10:23,0.0065
9,240+,1769555723,2026-01-28T07:15:23,0.0065
9,240+,1769556018,2026-01-28T07:20:18,0.0065
9,240+,1769556318,2026-01-28T07:25:18,0.0065
9,240+,1769556623,2026-01-28T07:30:23,0.0065
9,240+,1769556917,2026-01-28T07:35:17,0.0065
9,240+,1769557225,2026-01-28T07:40:25,0.0065
9,240+,1769557518,2026-01-28T07:45:18,0.0065
9,240+,1769557818,2026-01-28T07:50:18,0.0065
9,240+,1769558118,2026-01-28T07:55:18,0.0065
9,240+,1769558431,2026-01-28T08:00:31,0.0065
9,240+,1769558737,2026-01-28T08:05:37,0.0065
9,240+,1769559024,2026-01-28T08:10:24,0.0065
9,240+,1769559317,2026-01-28T08:15:17,0.0065
9,240+,1769559618,2026-01-28T08:20:18,0.0065
9,240+,1769559919,2026-01-28T08:25:19,0.0065
9,240+,1769560220,2026-01-28T08:30:20,0.0065
9,240+,1769560522,2026-01-28T08:35:22,0.0065
9,240+,1769560818,2026-01-28T08:40:18,0.0065
9,240+,1769561118,2026-01-28T08:45:18,0.0065
9,240+,1769561418,2026-01-28T08:50:18,0.0065
9,240+,1769561718,2026-01-28T08:55:18,0.0065
9,240+,1769562041,2026-01-28T09:00:41,0.0065
9,240+,1769562318,2026-01-28T09:05:18,0.0065
9,240+,1769562619,2026-01-28T09:10:19,0.0065
9,240+,1769562939,2026-01-28T09:15:39,0.0065
9,240+,1769563219,2026-01-28T09:20:19,0.0065
9,240+,1769563518,2026-01-28T09:25:18,0.0065
9,240+,1769563820,2026-01-28T09:30:20,0.0065
9,240+,1769564117,2026-01-28T09:35:17,0.008
9,240+,1769564418,2026-01-28T09:40:18,0.0075
9,240+,1769564723,2026-01-28T09:45:23,0.0075
9,240+,1769565017,2026-01-28T09:50:17,0.0075
9,240+,1769565318,2026-01-28T09:55:18,0.008
9,240+,1769565627,2026-01-28T10:00:27,0.008
9,240+,1769565918,2026-01-28T10:05:18,0.007
9,240+,1769566219,2026-01-28T10:10:19,0.007
9,240+,1769566518,2026-01-28T10:15:18,0.007
9,240+,1769566818,2026-01-28T10:20:18,0.007
9,240+,1769567124,2026-01-28T10:25:24,0.007
9,240+,1769567422,2026-01-28T10:30:22,0.007
9,240+,1769567719,2026-01-28T10:35:19,0.0065
9,240+,1769568017,2026-01-28T10:40:17,0.007
9,240+,1769568319,2026-01-28T10:45:19,0.0075
9,240+,1769568623,2026-01-28T10:50:23,0.0075
9,240+,1769568918,2026-01-28T10:55:18,0.0075
9,240+,1769569228,2026-01-28T11:00:28,0.0075
9,240+,1769569518,2026-01-28T11:05:18,0.0075
9,240+,1769569819,2026-01-28T11:10:19,0.0075
9,240+,1769570118,2026-01-28T11:15:18,0.0075
9,240+,1769570415,2026-01-28T11:20:15,0.0065
9,240+,1769570436,2026-01-28T11:20:36,0.0065
9,240+,1769570722,2026-01-28T11:25:22,0.0065
9,240+,1769571022,2026-01-28T11:30:22,0.0065
9,240+,1769571317,2026-01-28T11:35:17,0.0065
9,240+,1769571618,2026-01-28T11:40:18,0.0065
9,240+,1769571919,2026-01-28T11:45:19,0.0065
9,240+,1769572224,2026-01-28T11:50:24,0.0065
9,240+,1769572517,2026-01-28T11:55:17,0.0065
9,240+,1769572851,2026-01-28T12:00:51,0.0065
9,240+,1769573118,2026-01-28T12:05:18,0.0065
9,240+,1769573418,2026-01-28T12:10:18,0.0065
9,240+,1769573718,2026-01-28T12:15:18,0.0065
9,240+,1769574018,2026-01-28T12:20:18,0.0065
9,240+,1769574326,2026-01-28T12:25:26,0.0065
9,240+,1769574625,2026-01-28T12:30:25,0.0065
9,240+,1769574917,2026-01-28T12:35:17,0.0065
9,240+,1769575218,2026-01-28T12:40:18,0.0065
9,240+,1769575518,2026-01-28T12:45:18,0.0065
9,240+,1769575824,2026-01-28T12:50:24,0.0065
9,240+,1769576118,2026-01-28T12:55:18,0.0065
9,240+,1769576422,2026-01-28T13:00:22,0.0065
9,240+,1769576717,2026-01-28T13:05:17,0.0065
9,240+,1769577017,2026-01-28T13:10:17,0.0065
9,240+,1769577324,2026-01-28T13:15:24,0.0065
9,240+,1769577645,2026-01-28T13:20:45,0.0065
9,240+,1769577918,2026-01-28T13:25:18,0.0065
9,240+,1769578221,2026-01-28T13:30:21,0.0065
9,240+,1769578518,2026-01-28T13:35:18,0.0065
9,240+,1769578818,2026-01-28T13:40:18,0.0065
9,240+,1769579131,2026-01-28T13:45:31,0.0065
9,240+,1769579423,2026-01-28T13:50:23,0.0065
9,240+,1769579718,2026-01-28T13:55:18,0.0065
9,240+,1769580023,2026-01-28T14:00:23,0.0065
9,240+,1769580318,2026-01-28T14:05:18,0.0065
9,240+,1769580619,2026-01-28T14:10:19,0.0065
9,240+,1769580923,2026-01-28T14:15:23,0.0065
9,240+,1769581219,2026-01-28T14:20:19,0.0065
9,240+,1769581518,2026-01-28T14:25:18,0.0065
9,240+,1769581823,2026-01-28T14:30:23,0.0065
9,240+,1769582148,2026-01-28T14:35:48,0.0065
9,240+,1769582418,2026-01-28T14:40:18,0.0065
9,240+,1769582724,2026-01-28T14:45:24,0.0065
9,240+,1769583018,2026-01-28T14:50:18,0.0065
9,240+,1769583318,2026-01-28T14:55:18,0.0065
9,240+,1769583623,2026-01-28T15:00:23,0.0065
9,240+,1769583917,2026-01-28T15:05:17,0.0065
9,240+,1769584223,2026-01-28T15:10:23,0.0065
9,240+,1769584519,2026-01-28T15:15:19,0.0065
9,240+,1769584818,2026-01-28T15:20:18,0.0065
9,240+,1769585119,2026-01-28T15:25:19,0.0065
9,240+,1769585422,2026-01-28T15:30:22,0.0065
9,240+,1769585746,2026-01-28T15:35:46,0.0065
9,240+,1769586024,2026-01-28T15:40:24,0.0065
9,240+,1769586318,2026-01-28T15:45:18,0.0065
9,240+,1769586619,2026-01-28T15:50:19,0.0065
9,240+,1769586918,2026-01-28T15:55:18,0.0065
9,240+,1769587222,2026-01-28T16:00:22,0.0065
9,240+,1769587523,2026-01-28T16:05:23,0.0065
9,240+,1769587820,2026-01-28T16:10:20,0.0065
9,240+,1769588117,2026-01-28T16:15:17,0.0065
9,240+,1769588418,2026-01-28T16:20:18,0.0065
9,240+,1769588718,2026-01-28T16:25:18,0.0065
9,240+,1769589048,2026-01-28T16:30:48,0.0065
9,240+,1769589318,2026-01-28T16:35:18,0.0065
9,240+,1769589619,2026-01-28T16:40:19,0.0065
9,240+,1769589918,2026-01-28T16:45:18,0.0065
9,240+,1769590217,2026-01-28T16:50:17,0.0065
9,240+,1769590518,2026-01-28T16:55:18,0.0065
9,240+,1769590831,2026-01-28T17:00:31,0.0065
9,240+,1769591118,2026-01-28T17:05:18,0.0065
9,240+,1769591423,2026-01-28T17:10:23,0.0065
9,240+,1769591718,2026-01-28T17:15:18,0.0065
9,240+,1769592017,2026-01-28T17:20:17,0.0065
9,240+,1769592317,2026-01-28T17:25:17,0.0065
9,240+,1769592622,2026-01-28T17:30:22,0.0065
9,240+,1769592924,2026-01-28T17:35:24,0.0065
9,240+,1769593217,2026-01-28T17:40:17,0.0065
9,240+,1769593517,2026-01-28T17:45:17,0.0065
9,240+,1769593818,2026-01-28T17:50:18,0.0065
9,240+,1769594118,2026-01-28T17:55:18,0.0065
9,240+,1769594457,2026-01-28T18:00:57,0.0065
9,240+,1769594719,2026-01-28T18:05:19,0.0065
9,240+,1769595019,2026-01-28T18:10:19,0.0065
9,240+,1769595319,2026-01-28T18:15:19,0.0065
9,240+,1769595618,2026-01-28T18:20:18,0.0065
9,240+,1769595917,2026-01-28T18:25:17,0.0065
9,240+,1769596227,2026-01-28T18:30:27,0.0065
9,240+,1769596517,2026-01-28T18:35:17,0.0065
9,240+,1769596819,2026-01-28T18:40:19,0.0065
9,240+,1769597118,2026-01-28T18:45:18,0.0065
9,240+,1769597418,2026-01-28T18:50:18,0.0065
9,240+,1769597724,2026-01-28T18:55:24,0.0065
9,240+,1769598022,2026-01-28T19:00:22,0.0065
9,240+,1769598319,2026-01-28T19:05:19,0.0065
9,240+,1769598618,2026-01-28T19:10:18,0.0065
9,240+,1769598918,2026-01-28T19:15:18,0.0065
9,240+,1769599224,2026-01-28T19:20:24,0.0065
9,240+,1769599518,2026-01-28T19:25:18,0.0065
9,240+,1769599822,2026-01-28T19:30:22,0.0065
9,240+,1769600117,2026-01-28T19:35:17,0.0065
9,240+,1769600421,2026-01-28T19:40:21,0.0065
9,240+,1769600750,2026-01-28T19:45:50,0.0065
9,240+,1769601020,2026-01-28T19:50:20,0.0065
9,240+,1769601318,2026-01-28T19:55:18,0.0065
9,240+,1769601632,2026-01-28T20:00:32,0.0065
9,240+,1769601917,2026-01-28T20:05:17,0.0065
9,240+,1769602218,2026-01-28T20:10:18,0.0065
9,240+,1769602529,2026-01-28T20:15:29,0.0065
9,240+,1769602823,2026-01-28T20:20:23,0.0065
9,240+,1769603119,2026-01-28T20:25:19,0.0065
9,240+,1769603422,2026-01-28T20:30:22,0.007
9,240+,1769603723,2026-01-28T20:35:23,0.007
9,240+,1769604019,2026-01-28T20:40:19,0.0075
9,240+,1769604319,2026-01-28T20:45:19,0.0075
9,240+,1769604618,2026-01-28T20:50:18,0.0075
9,240+,1769604918,2026-01-28T20:55:18,0.0075
9,240+,1769605250,2026-01-28T21:00:50,0.0075
9,240+,1769605518,2026-01-28T21:05:18,0.0075
9,240+,1769605818,2026-01-28T21:10:18,0.0095
9,240+,1769606119,2026-01-28T21:15:19,0.0095
9,240+,1769606447,2026-01-28T21:20:47,0.0095
9,240+,1769606718,2026-01-28T21:25:18,0.008
9,240+,1769607022,2026-01-28T21:30:22,0.008
9,240+,1769607318,2026-01-28T21:35:18,0.008
9,240+,1769607618,2026-01-28T21:40:18,0.008
9,240+,1769607932,2026-01-28T21:45:32,0.0085
9,240+,1769608223,2026-01-28T21:50:23,0.0085
9,240+,1769608519,2026-01-28T21:55:19,0.008
9,240+,1769608822,2026-01-28T22:00:22,0.0075
9,240+,1769609118,2026-01-28T22:05:18,0.007
9,240+,1769609418,2026-01-28T22:10:18,0.0065
9,240+,1769609725,2026-01-28T22:15:25,0.006
9,240+,1769610051,2026-01-28T22:20:51,0.0045
9,240+,1769610319,2026-01-28T22:25:19,0.0045
9,240+,1769610622,2026-01-28T22:30:22,0.0045
9,240+,1769610919,2026-01-28T22:35:19,0.0045
9,240+,1769611219,2026-01-28T22:40:19,0.0045
9,240+,1769611518,2026-01-28T22:45:18,0.0045
9,240+,1769611824,2026-01-28T22:50:24,0.0045
9,240+,1769612122,2026-01-28T22:55:22,0.0045
9,240+,1769612425,2026-01-28T23:00:25,0.0045
9,240+,1769612719,2026-01-28T23:05:19,0.0045
9,240+,1769613020,2026-01-28T23:10:20,0.0045
9,240+,1769613323,2026-01-28T23:15:23,0.005
9,240+,1769613632,2026-01-28T23:20:32,0.005
9,240+,1769613922,2026-01-28T23:25:22,0.005
9,240+,1769614224,2026-01-28T23:30:24,0.005
9,240+,1769614518,2026-01-28T23:35:18,0.005
9,240+,1769614819,2026-01-28T23:40:19,0.005
9,240+,1769615119,2026-01-28T23:45:19,0.0045
9,240+,1769615423,2026-01-28T23:50:23,0.0055
9,240+,1769615718,2026-01-28T23:55:18,0.0055
9,240+,1769616023,2026-01-29T00:00:23,0.006
9,240+,1769616319,2026-01-29T00:05:19,0.0065
9,240+,1769616619,2026-01-29T00:10:19,0.0065
9,240+,1769616923,2026-01-29T00:15:23,0.0055
9,240+,1769617223,2026-01-29T00:20:23,0.0055
9,240+,1769617519,2026-01-29T00:25:19,0.0055
9,240+,1769617822,2026-01-29T00:30:22,0.0055
9,240+,1769618120,2026-01-29T00:35:20,0.0055
9,240+,1769618420,2026-01-29T00:40:20,0.0055
9,240+,1769618724,2026-01-29T00:45:24,0.0055
9,240+,1769619019,2026-01-29T00:50:19,0.0065
9,240+,1769619318,2026-01-29T00:55:18,0.006
9,240+,1769619627,2026-01-29T01:00:27,0.006
9,240+,1769619919,2026-01-29T01:05:19,0.006
9,240+,1769620237,2026-01-29T01:10:37,0.006
9,240+,1769620518,2026-01-29T01:15:18,0.0055
9,240+,1769620818,2026-01-29T01:20:18,0.005
9,240+,1769621120,2026-01-29T01:25:20,0.005
9,240+,1769621422,2026-01-29T01:30:22,0.005
9,240+,1769621725,2026-01-29T01:35:25,0.005
9,240+,1769622019,2026-01-29T01:40:19,0.005
9,240+,1769622319,2026-01-29T01:45:19,0.005
9,240+,1769622618,2026-01-29T01:50:18,0.0055
9,240+,1769622918,2026-01-29T01:55:18,0.0065
9,240+,1769623254,2026-01-29T02:00:54,0.0065
9,240+,1769623524,2026-01-29T02:05:24,0.0065
9,240+,1769623819,2026-01-29T02:10:19,0.0065
9,240+,1769624119,2026-01-29T02:15:19,0.0065
9,240+,1769624419,2026-01-29T02:20:19,0.0065
9,240+,1769624718,2026-01-29T02:25:18,0.0065
9,240+,1769625029,2026-01-29T02:30:29,0.0065
9,240+,1769625318,2026-01-29T02:35:18,0.0065
9,240+,1769625618,2026-01-29T02:40:18,0.0065
9,240+,1769625918,2026-01-29T02:45:18,0.0065
9,240+,1769626218,2026-01-29T02:50:18,0.0075
9,240+,1769626550,2026-01-29T02:55:50,0.007
9,240+,1769626823,2026-01-29T03:00:23,0.007
9,240+,1769627118,2026-01-29T03:05:18,0.007
9,240+,1769627419,2026-01-29T03:10:19,0.007
9,240+,1769627719,2026-01-29T03:15:19,0.007
9,240+,1769628018,2026-01-29T03:20:18,0.007
9,240+,1769628326,2026-01-29T03:25:26,0.007
9,240+,1769628623,2026-01-29T03:30:23,0.007
9,240+,1769628919,2026-01-29T03:35:19,0.007
9,240+,1769629218,2026-01-29T03:40:18,0.007
9,240+,1769629519,2026-01-29T03:45:19,0.007
9,240+,1769629829,2026-01-29T03:50:29,0.007
9,240+,1769630118,2026-01-29T03:55:18,0.007
9,240+,1769630430,2026-01-29T04:00:30,0.007
9,240+,1769630718,2026-01-29T04:05:18,0.007
9,240+,1769631018,2026-01-29T04:10:18,0.007
9,240+,1769631318,2026-01-29T04:15:18,0.007
9,240+,1769631619,2026-01-29T04:20:19,0.007
9,240+,1769631923,2026-01-29T04:25:23,0.007
9,240+,1769632223,2026-01-29T04:30:23,0.007
9,240+,1769632519,2026-01-29T04:35:19,0.007
9,240+,1769632818,2026-01-29T04:40:18,0.007
9,240+,1769633118,2026-01-29T04:45:18,0.007
9,240+,1769633423,2026-01-29T04:50:23,0.007
9,240+,1769633719,2026-01-29T04:55:19,0.0065
9,240+,1769634025,2026-01-29T05:00:25,0.0065
9,240+,1769634318,2026-01-29T05:05:18,0.0065
9,240+,1769634619,2026-01-29T05:10:19,0.0065
9,240+,1769634924,2026-01-29T05:15:24,0.006
9,240+,1769635224,2026-01-29T05:20:24,0.006
9,240+,1769635518,2026-01-29T05:25:18,0.006
9,240+,1769635823,2026-01-29T05:30:23,0.006
9,240+,1769636118,2026-01-29T05:35:18,0.006
9,240+,1769636419,2026-01-29T05:40:19,0.006
9,240+,1769636750,2026-01-29T05:45:50,0.006
9,240+,1769637019,2026-01-29T05:50:19,0.006
9,240+,1769637319,2026-01-29T05:55:19,0.0055
9,240+,1769637624,2026-01-29T06:00:24,0.0055
9,240+,1769637948,2026-01-29T06:05:48,0.006
9,240+,1769638219,2026-01-29T06:10:19,0.006
9,240+,1769638520,2026-01-29T06:15:20,0.006
9,240+,1769638819,2026-01-29T06:20:19,0.006
9,240+,1769639119,2026-01-29T06:25:19,0.006
9,240+,1769639425,2026-01-29T06:30:25,0.006
9,240+,1769639724,2026-01-29T06:35:24,0.006
9,240+,1769640019,2026-01-29T06:40:19,0.006
9,240+,1769640319,2026-01-29T06:45:19,0.0045
9,240+,1769640625,2026-01-29T06:50:25,0.0055
9,240+,1769640920,2026-01-29T06:55:20,0.0045
9,240+,1769641223,2026-01-29T07:00:23,0.0045
9,240+,1769641520,2026-01-29T07:05:20,0.0045
9,240+,1769641820,2026-01-29T07:10:20,0.0045
9,240+,1769642150,2026-01-29T07:15:50,0.0045
9,240+,1769642419,2026-01-29T07:20:19,0.0045
9,240+,1769642719,2026-01-29T07:25:19,0.0045
9,240+,1769643024,2026-01-29T07:30:24,0.0045
9,240+,1769643319,2026-01-29T07:35:19,0.0045
9,240+,1769643620,2026-01-29T07:40:20,0.0045
9,240+,1769643924,2026-01-29T07:45:24,0.0045
9,240+,1769644220,2026-01-29T07:50:20,0.0045
9,240+,1769644524,2026-01-29T07:55:24,0.0045
9,240+,1769644846,2026-01-29T08:00:46,0.0045
9,240+,1769645118,2026-01-29T08:05:18,0.0045
9,240+,1769645418,2026-01-29T08:10:18,0.0055
9,240+,1769645717,2026-01-29T08:15:17,0.0055
9,240+,1769646018,2026-01-29T08:20:18,0.0055
9,240+,1769646318,2026-01-29T08:25:18,0.0055
9,240+,1769646623,2026-01-29T08:30:23,0.006
9,240+,1769646919,2026-01-29T08:35:19,0.0055
9,240+,1769647218,2026-01-29T08:40:18,0.0055
9,240+,1769647519,2026-01-29T08:45:19,0.0055
9,240+,1769647819,2026-01-29T08:50:19,0.0055
9,240+,1769648118,2026-01-29T08:55:18,0.0055
9,240+,1769648423,2026-01-29T09:00:23,0.0055
9,240+,1769648719,2026-01-29T09:05:19,0.0055
9,240+,1769649018,2026-01-29T09:10:18,0.0055
9,240+,1769649319,2026-01-29T09:15:19,0.0055
9,240+,1769649619,2026-01-29T09:20:19,0.005
9,240+,1769649919,2026-01-29T09:25:19,0.005
9,240+,1769650223,2026-01-29T09:30:23,0.005
9,240+,1769650530,2026-01-29T09:35:30,0.005
9,240+,1769650819,2026-01-29T09:40:19,0.005
9,240+,1769651118,2026-01-29T09:45:18,0.005
9,240+,1769651418,2026-01-29T09:50:18,0.005
9,240+,1769651718,2026-01-29T09:55:18,0.0025
9,240+,1769652023,2026-01-29T10:00:23,0.0025
9,240+,1769652318,2026-01-29T10:05:18,0.0025
9,240+,1769652620,2026-01-29T10:10:20,0.0025
9,240+,1769652918,2026-01-29T10:15:18,0.0025
9,240+,1769653219,2026-01-29T10:20:19,0.0025
9,240+,1769653537,2026-01-29T10:25:37,0.0025
9,240+,1769653824,2026-01-29T10:30:24,0.0025
9,240+,1769654120,2026-01-29T10:35:20,0.0025
9,240+,1769654418,2026-01-29T10:40:18,0.0025
9,240+,1769654719,2026-01-29T10:45:19,0.0025
9,240+,1769655020,2026-01-29T10:50:20,0.0025
9,240+,1769655320,2026-01-29T10:55:20,0.0025
9,240+,1769655628,2026-01-29T11:00:28,0.0025
9,240+,1769655934,2026-01-29T11:05:34,0.0025
9,240+,1769656220,2026-01-29T11:10:20,0.0025
9,240+,1769656519,2026-01-29T11:15:19,0.0025
9,240+,1769656820,2026-01-29T11:20:20,0.0025
9,240+,1769657119,2026-01-29T11:25:19,0.0025
9,240+,1769657424,2026-01-29T11:30:24,0.0025
9,240+,1769657718,2026-01-29T11:35:18,0.0025
9,240+,1769658020,2026-01-29T11:40:20,0.0025
9,240+,1769658320,2026-01-29T11:45:20,0.0025
9,240+,1769658620,2026-01-29T11:50:20,0.0025
9,240+,1769658919,2026-01-29T11:55:19,0.0025
9,240+,1769659225,2026-01-29T12:00:25,0.0025
9,240+,1769659519,2026-01-29T12:05:19,0.0025
9,240+,1769659822,2026-01-29T12:10:22,0.0025
9,240+,1769660120,2026-01-29T12:15:20,0.0025
9,240+,1769660419,2026-01-29T12:20:19,0.0025
9,240+,1769660750,2026-01-29T12:25:50,0.0025
9,240+,1769661025,2026-01-29T12:30:25,0.0025
9,240+,1769661320,2026-01-29T12:35:20,0.0025
9,240+,1769661620,2026-01-29T12:40:20,0.0025
9,240+,1769661918,2026-01-29T12:45:18,0.0025
9,240+,1769662221,2026-01-29T12:50:21,0.0025
9,240+,1769662519,2026-01-29T12:55:19,0.0025
9,240+,1769662824,2026-01-29T13:00:24,0.0025
9,240+,1769663120,2026-01-29T13:05:20,0.0025
9,240+,1769663419,2026-01-29T13:10:19,0.0025
9,240+,1769663720,2026-01-29T13:15:20,0.0025
9,240+,1769664019,2026-01-29T13:20:19,0.0025
9,240+,1769664320,2026-01-29T13:25:20,0.0025
9,240+,1769664625,2026-01-29T13:30:25,0.0025
9,240+,1769664919,2026-01-29T13:35:19,0.0025
9,240+,1769665219,2026-01-29T13:40:19,0.0025
9,240+,1769665519,2026-01-29T13:45:19,0.0025
9,240+,1769665818,2026-01-29T13:50:18,0.0025
9,240+,1769666145,2026-01-29T13:55:45,0.0025
9,240+,1769666428,2026-01-29T14:00:28,0.0025
9,240+,1769666718,2026-01-29T14:05:18,0.0025
9,240+,1769667019,2026-01-29T14:10:19,0.0025
9,240+,1769667319,2026-01-29T14:15:19,0.0025
9,240+,1769667619,2026-01-29T14:20:19,0.0025
9,240+,1769667922,2026-01-29T14:25:22,0.0025
9,240+,1769668224,2026-01-29T14:30:24,0.0025
9,240+,1769668547,2026-01-29T14:35:47,0.0025
9,240+,1769668821,2026-01-29T14:40:21,0.0025
9,240+,1769669119,2026-01-29T14:45:19,0.0025
9,240+,1769669419,2026-01-29T14:50:19,0.0025
9,240+,1769669718,2026-01-29T14:55:18,0.0025
9,240+,1769670027,2026-01-29T15:00:27,0.0025
9,240+,1769670321,2026-01-29T15:05:21,0.0025
9,240+,1769670619,2026-01-29T15:10:19,0.0025
9,240+,1769670919,2026-01-29T15:15:19,0.0025
9,240+,1769671218,2026-01-29T15:20:18,0.0025
9,240+,1769671519,2026-01-29T15:25:19,0.0025
9,240+,1769671851,2026-01-29T15:30:51,0.0025
9,240+,1769672119,2026-01-29T15:35:19,0.0025
9,240+,1769672433,2026-01-29T15:40:33,0.0025
9,240+,1769672718,2026-01-29T15:45:18,0.0025
9,240+,1769673022,2026-01-29T15:50:22,0.0025
9,240+,1769673319,2026-01-29T15:55:19,0.0025
9,240+,1769673625,2026-01-29T16:00:25,0.0025
9,240+,1769673921,2026-01-29T16:05:21,0.0025
9,240+,1769674219,2026-01-29T16:10:19,0.0025
9,240+,1769674518,2026-01-29T16:15:18,0.0025
9,240+,1769674818,2026-01-29T16:20:18,0.0025
9,240+,1769675119,2026-01-29T16:25:19,0.0025
9,240+,1769675427,2026-01-29T16:30:27,0.0025
9,240+,1769675719,2026-01-29T16:35:19,0.0025
9,240+,1769676047,2026-01-29T16:40:47,0.0025
9,240+,1769676319,2026-01-29T16:45:19,0.0025
9,240+,1769676620,2026-01-29T16:50:20,0.0025
9,240+,1769676918,2026-01-29T16:55:18,0.0025
9,240+,1769677229,2026-01-29T17:00:29,0.0025
9,240+,1769677519,2026-01-29T17:05:19,0.0025
9,240+,1769677822,2026-01-29T17:10:22,0.0025
9,240+,1769678119,2026-01-29T17:15:19,0.0025
9,240+,1769678420,2026-01-29T17:20:20,0.0025
9,240+,1769678719,2026-01-29T17:25:19,0.0025
9,240+,1769679024,2026-01-29T17:30:24,0.0025
9,240+,1769679322,2026-01-29T17:35:22,0.0025
9,240+,1769679619,2026-01-29T17:40:19,0.0025
9,240+,1769679919,2026-01-29T17:45:19,0.0025
9,240+,1769680219,2026-01-29T17:50:19,0.0025
9,240+,1769680520,2026-01-29T17:55:20,0.0025
9,240+,1769680829,2026-01-29T18:00:29,0.0025
9,240+,1769681119,2026-01-29T18:05:19,0.0025
9,240+,1769681420,2026-01-29T18:10:20,0.0025
9,240+,1769681719,2026-01-29T18:15:19,0.0025
9,240+,1769682020,2026-01-29T18:20:20,0.0025
9,240+,1769682322,2026-01-29T18:25:22,0.0025
9,240+,1769682624,2026-01-29T18:30:24,0.0025
9,240+,1769682919,2026-01-29T18:35:19,0.0025
9,240+,1769683219,2026-01-29T18:40:19,0.0025
9,240+,1769683519,2026-01-29T18:45:19,0.0025
9,240+,1769683823,2026-01-29T18:50:23,0.0025
9,240+,1769684119,2026-01-29T18:55:19,0.0025
9,240+,1769684426,2026-01-29T19:00:26,0.0025
9,240+,1769684718,2026-01-29T19:05:18,0.0025
9,240+,1769685019,2026-01-29T19:10:19,0.0025
9,240+,1769685323,2026-01-29T19:15:23,0.0025
9,240+,1769685619,2026-01-29T19:20:19,0.0025
9,240+,1769685919,2026-01-29T19:25:19,0.0025
9,240+,1769686224,2026-01-29T19:30:24,0.0025
9,240+,1769686519,2026-01-29T19:35:19,0.0025
9,240+,1769686823,2026-01-29T19:40:23,0.0025
9,240+,1769687119,2026-01-29T19:45:19,0.0025
9,240+,1769687420,2026-01-29T19:50:20,0.0025
9,240+,1769687750,2026-01-29T19:55:50,0.0025
9,240+,1769688037,2026-01-29T20:00:37,0.0025
9,240+,1769688319,2026-01-29T20:05:19,0.0025
9,240+,1769688620,2026-01-29T20:10:20,0.0025
9,240+,1769688919,2026-01-29T20:15:19,0.0025
9,240+,1769689219,2026-01-29T20:20:19,0.0025
9,240+,1769689524,2026-01-29T20:25:24,0.0025
9,240+,1769689824,2026-01-29T20:30:24,0.0025
9,240+,1769690120,2026-01-29T20:35:20,0.0025
9,240+,1769690420,2026-01-29T20:40:20,0.0025
9,240+,1769690719,2026-01-29T20:45:19,0.0025
9,240+,1769691023,2026-01-29T20:50:23,0.0025
9,240+,1769691320,2026-01-29T20:55:20,0.0025
9,240+,1769691625,2026-01-29T21:00:25,0.0025
9,240+,1769691919,2026-01-29T21:05:19,0.0025
9,240+,1769692219,2026-01-29T21:10:19,0.0025
9,240+,1769692524,2026-01-29T21:15:24,0.0025
9,240+,1769692824,2026-01-29T21:20:24,0.0025
9,240+,1769693120,2026-01-29T21:25:20,0.0025
9,240+,1769693424,2026-01-29T21:30:24,0.0025
9,240+,1769693719,2026-01-29T21:35:19,0.0025
9,240+,1769694019,2026-01-29T21:40:19,0.0025
9,240+,1769694335,2026-01-29T21:45:35,0.0025
9,240+,1769694619,2026-01-29T21:50:19,0.0025
9,240+,1769694923,2026-01-29T21:55:23,0.0025
9,240+,1769695225,2026-01-29T22:00:25,0.0025
9,240+,1769695520,2026-01-29T22:05:20,0.0025
9,240+,1769695852,2026-01-29T22:10:52,0.0025
9,240+,1769696119,2026-01-29T22:15:19,0.0025
9,240+,1769696421,2026-01-29T22:20:21,0.0025
9,240+,1769696719,2026-01-29T22:25:19,0.0025
9,240+,1769697025,2026-01-29T22:30:25,0.0025
9,240+,1769697319,2026-01-29T22:35:19,0.0025
9,240+,1769697625,2026-01-29T22:40:25,0.0025
9,240+,1769697919,2026-01-29T22:45:19,0.0025
9,240+,1769698220,2026-01-29T22:50:20,0.0025
9,240+,1769698520,2026-01-29T22:55:20,0.007
9,240+,1769698828,2026-01-29T23:00:28,0.0035
9,240+,1769699124,2026-01-29T23:05:24,0.0065
9,240+,1769699420,2026-01-29T23:10:20,0.0065
9,240+,1769699757,2026-01-29T23:15:57,0.0055
9,240+,1769700320,2026-01-29T23:25:20,0.005
9,240+,1769700629,2026-01-29T23:30:29,0.005
9,240+,1769700919,2026-01-29T23:35:19,0.005
9,240+,1769701220,2026-01-29T23:40:20,0.005
9,240+,1769701519,2026-01-29T23:45:19,0.004
9,240+,1769702124,2026-01-29T23:55:24,0.004
9,240+,1769702425,2026-01-30T00:00:25,0.0045
9,240+,1769702719,2026-01-30T00:05:19,0.005
9,240+,1769703020,2026-01-30T00:10:20,0.005
9,240+,1769703320,2026-01-30T00:15:20,0.005
9,240+,1769703651,2026-01-30T00:20:51,0.005
9,240+,1769703920,2026-01-30T00:25:20,0.004
9,240+,1769704225,2026-01-30T00:30:25,0.004
9,240+,1769704520,2026-01-30T00:35:20,0.004
9,240+,1769704820,2026-01-30T00:40:20,0.004
9,240+,1769705122,2026-01-30T00:45:22,0.004
9,240+,1769705424,2026-01-30T00:50:24,0.004
9,240+,1769705721,2026-01-30T00:55:21,0.004
9,240+,1769706025,2026-01-30T01:00:25,0.004
9,240+,1769706320,2026-01-30T01:05:20,0.004
9,240+,1769706620,2026-01-30T01:10:20,0.004
9,240+,1769706924,2026-01-30T01:15:24,0.004
9,240+,1769707220,2026-01-30T01:20:20,0.0055
9,240+,1769707837,2026-01-30T01:30:37,0.0035
9,240+,1769708121,2026-01-30T01:35:21,0.004
9,240+,1769708420,2026-01-30T01:40:20,0.0045
9,240+,1769708720,2026-01-30T01:45:20,0.0045
9,240+,1769709020,2026-01-30T01:50:20,0.0045
9,240+,1769709325,2026-01-30T01:55:25,0.0045
9,240+,1769709629,2026-01-30T02:00:29,0.0045
9,240+,1769709919,2026-01-30T02:05:19,0.0045
9,240+,1769710220,2026-01-30T02:10:20,0.007
9,240+,1769710525,2026-01-30T02:15:25,0.0115
9,240+,1769710820,2026-01-30T02:20:20,0.011
9,240+,1769711120,2026-01-30T02:25:20,0.011
9,240+,1769711426,2026-01-30T02:30:26,0.011
9,240+,1769711720,2026-01-30T02:35:20,0.0115
9,240+,1769712051,2026-01-30T02:40:51,0.011
9,240+,1769712319,2026-01-30T02:45:19,0.011
9,240+,1769712621,2026-01-30T02:50:21,0.011
9,240+,1769712920,2026-01-30T02:55:20,0.011
9,240+,1769713226,2026-01-30T03:00:26,0.009
9,240+,1769713520,2026-01-30T03:05:20,0.0045
9,240+,1769713826,2026-01-30T03:10:26,0.0045
9,240+,1769714125,2026-01-30T03:15:25,0.0045
9,240+,1769714433,2026-01-30T03:20:33,0.0045
9,240+,1769714720,2026-01-30T03:25:20,0.0045
9,240+,1769715026,2026-01-30T03:30:26,0.0045
9,240+,1769715321,2026-01-30T03:35:21,0.0045
9,240+,1769715626,2026-01-30T03:40:26,0.0115
9,240+,1769715919,2026-01-30T03:45:19,0.0115
9,240+,1769716220,2026-01-30T03:50:20,0.0125
9,240+,1769716519,2026-01-30T03:55:19,0.0145
9,240+,1769716837,2026-01-30T04:00:37,0.0145
9,240+,1769717126,2026-01-30T04:05:26,0.014
9,240+,1769717419,2026-01-30T04:10:19,0.014
9,240+,1769717721,2026-01-30T04:15:21,0.0135
9,240+,1769718021,2026-01-30T04:20:21,0.0135
9,240+,1769718320,2026-01-30T04:25:20,0.0195
9,240+,1769718631,2026-01-30T04:30:31,0.0215
9,240+,1769718920,2026-01-30T04:35:20,0.064
9,240+,1769719220,2026-01-30T04:40:20,0.0485
9,240+,1769719520,2026-01-30T04:45:20,0.0295
9,240+,1769719822,2026-01-30T04:50:22,0.0295
9,240+,1769720431,2026-01-30T05:00:31,0.025
9,240+,1769720719,2026-01-30T05:05:19,0.036
9,240+,1769721020,2026-01-30T05:10:20,0.037
9,240+,1769721320,2026-01-30T05:15:20,0.037
9,240+,1769721619,2026-01-30T05:20:19,0.0345
9,240+,1769721925,2026-01-30T05:25:25,0.0365
9,240+,1769722227,2026-01-30T05:30:27,0.0365
9,240+,1769722521,2026-01-30T05:35:21,0.031
9,240+,1769722826,2026-01-30T05:40:26,0.0305
9,240+,1769723120,2026-01-30T05:45:20,0.03
9,240+,1769723437,2026-01-30T05:50:37,0.0285
9,240+,1769723720,2026-01-30T05:55:20,0.0295
9,240+,1769724027,2026-01-30T06:00:27,0.0265
9,240+,1769724326,2026-01-30T06:05:26,0.0255
9,240+,1769724620,2026-01-30T06:10:20,0.0245
9,240+,1769724922,2026-01-30T06:15:22,0.0215
9,240+,1769725220,2026-01-30T06:20:20,0.023
9,240+,1769725521,2026-01-30T06:25:21,0.021
9,240+,1769725832,2026-01-30T06:30:32,0.021
9,240+,1769726119,2026-01-30T06:35:19,0.0205
9,240+,1769726419,2026-01-30T06:40:19,0.0135
9,240+,1769726719,2026-01-30T06:45:19,0.0125
9,240+,1769727019,2026-01-30T06:50:19,0.012
9,240+,1769727350,2026-01-30T06:55:50,0.012
9,240+,1769727626,2026-01-30T07:00:26,0.0115
9,240+,1769727926,2026-01-30T07:05:26,0.0115
9,240+,1769728220,2026-01-30T07:10:20,0.0115
9,240+,1769728519,2026-01-30T07:15:19,0.0225
9,240+,1769728852,2026-01-30T07:20:52,0.02
9,240+,1769729119,2026-01-30T07:25:19,0.0205
9,240+,1769729437,2026-01-30T07:30:37,0.019
9,240+,1769729720,2026-01-30T07:35:20,0.02
9,240+,1769730023,2026-01-30T07:40:23,0.016
9,240+,1769730319,2026-01-30T07:45:19,0.016
9,240+,1769730625,2026-01-30T07:50:25,0.017
9,240+,1769730920,2026-01-30T07:55:20,0.0155
9,240+,1769731235,2026-01-30T08:00:35,0.015
9,240+,1769731521,2026-01-30T08:05:21,0.015
9,240+,1769731819,2026-01-30T08:10:19,0.015
9,240+,1769732125,2026-01-30T08:15:25,0.015
9,240+,1769732431,2026-01-30T08:20:31,0.015
9,240+,1769732719,2026-01-30T08:25:19,0.0145
9,240+,1769733026,2026-01-30T08:30:26,0.015
9,240+,1769733320,2026-01-30T08:35:20,0.015
9,240+,1769733642,2026-01-30T08:40:42,0.0145
9,240+,1769733919,2026-01-30T08:45:19,0.014
9,240+,1769734219,2026-01-30T08:50:19,0.016
9,240+,1769734520,2026-01-30T08:55:20,0.0165
9,240+,1769734826,2026-01-30T09:00:26,0.0165
9,240+,1769735120,2026-01-30T09:05:20,0.0175
9,240+,1769735425,2026-01-30T09:10:25,0.0175
9,240+,1769735726,2026-01-30T09:15:26,0.0175
9,240+,1769736020,2026-01-30T09:20:20,0.0155
9,240+,1769736321,2026-01-30T09:25:21,0.016
9,240+,1769736626,2026-01-30T09:30:26,0.017
9,240+,1769736920,2026-01-30T09:35:20,0.016
9,240+,1769737226,2026-01-30T09:40:26,0.024
9,240+,1769737521,2026-01-30T09:45:21,0.017
9,240+,1769737827,2026-01-30T09:50:27,0.017
9,240+,1769738120,2026-01-30T09:55:20,0.017
9,240+,1769738427,2026-01-30T10:00:27,0.0155
9,240+,1769738721,2026-01-30T10:05:21,0.015
9,240+,1769739020,2026-01-30T10:10:20,0.015
9,240+,1769739327,2026-01-30T10:15:27,0.015
9,240+,1769739620,2026-01-30T10:20:20,0.014
9,240+,1769739921,2026-01-30T10:25:21,0.014
9,240+,1769740227,2026-01-30T10:30:27,0.0135
9,240+,1769740519,2026-01-30T10:35:19,0.0135
9,240+,1769740848,2026-01-30T10:40:48,0.0135
9,240+,1769741123,2026-01-30T10:45:23,0.0135
9,240+,1769741420,2026-01-30T10:50:20,0.0125
9,240+,1769741719,2026-01-30T10:55:19,0.0125
9,240+,1769742029,2026-01-30T11:00:29,0.012
9,240+,1769742325,2026-01-30T11:05:25,0.012
9,240+,1769742621,2026-01-30T11:10:21,0.012
9,240+,1769742920,2026-01-30T11:15:20,0.0115
9,240+,1769743221,2026-01-30T11:20:21,0.0115
9,240+,1769743519,2026-01-30T11:25:19,0.0205
9,240+,1769743831,2026-01-30T11:30:31,0.016
9,240+,1769744120,2026-01-30T11:35:20,0.0165
9,240+,1769744424,2026-01-30T11:40:24,0.0155
9,240+,1769744721,2026-01-30T11:45:21,0.0155
9,240+,1769745020,2026-01-30T11:50:20,0.0145
9,240+,1769745320,2026-01-30T11:55:20,0.014
9,240+,1769745627,2026-01-30T12:00:27,0.014
9,240+,1769745925,2026-01-30T12:05:25,0.012
9,240+,1769746220,2026-01-30T12:10:20,0.01
9,240+,1769746519,2026-01-30T12:15:19,0.0085
9,240+,1769746820,2026-01-30T12:20:20,0.0075
9,240+,1769747120,2026-01-30T12:25:20,0.0075
9,240+,1769747431,2026-01-30T12:30:31,0.0075
9,240+,1769747720,2026-01-30T12:35:20,0.007
9,240+,1769748020,2026-01-30T12:40:20,0.0065
9,240+,1769748320,2026-01-30T12:45:20,0.0065
9,240+,1769748621,2026-01-30T12:50:21,0.0065
9,240+,1769748951,2026-01-30T12:55:51,0.0065
9,240+,1769749226,2026-01-30T13:00:26,0.0065
9,240+,1769749519,2026-01-30T13:05:19,0.0065
9,240+,1769749820,2026-01-30T13:10:20,0.0065
9,240+,1769750121,2026-01-30T13:15:21,0.0065
9,240+,1769750418,2026-01-30T13:20:18,0.0065
9,240+,1769750725,2026-01-30T13:25:25,0.0065
9,240+,1769751026,2026-01-30T13:30:26,0.0065
9,240+,1769751321,2026-01-30T13:35:21,0.0065
9,240+,1769751619,2026-01-30T13:40:19,0.0065
9,240+,1769751920,2026-01-30T13:45:20,0.006
9,240+,1769752225,2026-01-30T13:50:25,0.006
9,240+,1769752519,2026-01-30T13:55:19,0.0065
9,240+,1769752828,2026-01-30T14:00:28,0.0065
9,240+,1769753119,2026-01-30T14:05:19,0.0065
9,240+,1769753419,2026-01-30T14:10:19,0.0055
9,240+,1769753725,2026-01-30T14:15:25,0.0055
9,240+,1769754019,2026-01-30T14:20:19,0.005
9,240+,1769754319,2026-01-30T14:25:19,0.005
9,240+,1769754631,2026-01-30T14:30:31,0.005
9,240+,1769754951,2026-01-30T14:35:51,0.005
9,240+,1769755219,2026-01-30T14:40:19,0.005
9,240+,1769755519,2026-01-30T14:45:19,0.005
9,240+,1769755819,2026-01-30T14:50:19,0.0035
9,240+,1769756119,2026-01-30T14:55:19,0.0045
9,240+,1769756426,2026-01-30T15:00:26,0.0045
9,240+,1769756725,2026-01-30T15:05:25,0.0045
9,240+,1769757019,2026-01-30T15:10:19,0.0045
9,240+,1769757319,2026-01-30T15:15:19,0.0045
9,240+,1769757619,2026-01-30T15:20:19,0.0035
9,240+,1769757919,2026-01-30T15:25:19,0.0025
9,240+,1769758231,2026-01-30T15:30:31,0.003
9,240+,1769758519,2026-01-30T15:35:19,0.003
9,240+,1769758825,2026-01-30T15:40:25,0.0025
9,240+,1769759119,2026-01-30T15:45:19,0.0025
9,240+,1769759427,2026-01-30T15:50:27,0.0025
9,240+,1769759719,2026-01-30T15:55:19,0.0025
9,240+,1769760026,2026-01-30T16:00:26,0.0025
9,240+,1769760319,2026-01-30T16:05:19,0.0025
9,240+,1769760619,2026-01-30T16:10:19,0.0025
9,240+,1769760925,2026-01-30T16:15:25,0.0025
9,240+,1769761219,2026-01-30T16:20:19,0.0025
9,240+,1769761521,2026-01-30T16:25:21,0.0025
9,240+,1769761825,2026-01-30T16:30:25,0.0025
9,240+,1769762119,2026-01-30T16:35:19,0.0025
9,240+,1769762425,2026-01-30T16:40:25,0.0025
9,240+,1769762719,2026-01-30T16:45:19,0.0025
9,240+,1769763019,2026-01-30T16:50:19,0.0025
9,240+,1769763320,2026-01-30T16:55:20,0.0025
9,240+,1769763920,2026-01-30T17:05:20,0.0025
9,240+,1769764219,2026-01-30T17:10:19,0.0025
9,240+,1769764520,2026-01-30T17:15:20,0.0025
9,240+,1769764819,2026-01-30T17:20:19,0.0025
9,240+,1769765119,2026-01-30T17:25:19,0.0025
9,240+,1769765431,2026-01-30T17:30:31,0.0025
9,240+,1769765720,2026-01-30T17:35:20,0.0025
9,240+,1769766019,2026-01-30T17:40:19,0.0025
9,240+,1769766318,2026-01-30T17:45:18,0.0025
9,240+,1769766624,2026-01-30T17:50:24,0.0025
9,240+,1769766919,2026-01-30T17:55:19,0.0025
9,240+,1769767226,2026-01-30T18:00:26,0.0025
9,240+,1769767519,2026-01-30T18:05:19,0.0025
9,240+,1769767818,2026-01-30T18:10:18,0.0025
9,240+,1769768125,2026-01-30T18:15:25,0.0025
9,240+,1769768419,2026-01-30T18:20:19,0.0025
9,240+,1769768725,2026-01-30T18:25:25,0.0025
9,240+,1769769027,2026-01-30T18:30:27,0.0025
9,240+,1769769325,2026-01-30T18:35:25,0.0025
9,240+,1769769620,2026-01-30T18:40:20,0.0025
9,240+,1769769925,2026-01-30T18:45:25,0.0025
9,240+,1769770218,2026-01-30T18:50:18,0.0015
9,240+,1769770519,2026-01-30T18:55:19,0.0015
9,240+,1769770858,2026-01-30T19:00:58,0.0015
9,240+,1769771119,2026-01-30T19:05:19,0.0015
9,240+,1769771419,2026-01-30T19:10:19,0.0025
9,240+,1769771726,2026-01-30T19:15:26,0.0025
9,240+,1769772021,2026-01-30T19:20:21,0.0025
9,240+,1769772319,2026-01-30T19:25:19,0.0025
9,240+,1769772626,2026-01-30T19:30:26,0.0025
9,240+,1769772919,2026-01-30T19:35:19,0.0025
9,240+,1769773230,2026-01-30T19:40:30,0.0025
9,240+,1769773519,2026-01-30T19:45:19,0.0025
9,240+,1769773821,2026-01-30T19:50:21,0.0025
9,240+,1769774120,2026-01-30T19:55:20,0.0025
9,240+,1769774453,2026-01-30T20:00:53,0.0025
9,240+,1769774719,2026-01-30T20:05:19,0.0025
9,240+,1769775019,2026-01-30T20:10:19,0.0025
9,240+,1769775322,2026-01-30T20:15:22,0.0025
9,240+,1769775620,2026-01-30T20:20:20,0.0025
9,240+,1769775944,2026-01-30T20:25:44,0.0025
9,240+,1769776230,2026-01-30T20:30:30,0.0025
9,240+,1769776520,2026-01-30T20:35:20,0.0025
9,240+,1769776821,2026-01-30T20:40:21,0.0025
9,240+,1769777120,2026-01-30T20:45:20,0.0025
9,240+,1769777420,2026-01-30T20:50:20,0.0025
9,240+,1769777725,2026-01-30T20:55:25,0.0025
9,240+,1769778026,2026-01-30T21:00:26,0.0025
9,240+,1769778319,2026-01-30T21:05:19,0.0025
9,240+,1769778619,2026-01-30T21:10:19,0.0025
9,240+,1769778919,2026-01-30T21:15:19,0.0025
9,240+,1769779225,2026-01-30T21:20:25,0.0025
9,240+,1769779519,2026-01-30T21:25:19,0.0025
9,240+,1769779827,2026-01-30T21:30:27,0.0025
9,240+,1769780120,2026-01-30T21:35:20,0.0025
9,240+,1769780426,2026-01-30T21:40:26,0.0025
9,240+,1769780721,2026-01-30T21:45:21,0.0025
9,240+,1769781021,2026-01-30T21:50:21,0.0025
9,240+,1769781321,2026-01-30T21:55:21,0.0025
9,240+,1769781627,2026-01-30T22:00:27,0.0025
9,240+,1769781951,2026-01-30T22:05:51,0.0025
9,240+,1769782219,2026-01-30T22:10:19,0.0025
9,240+,1769782525,2026-01-30T22:15:25,0.0025
9,240+,1769782819,2026-01-30T22:20:19,0.002
9,240+,1769783119,2026-01-30T22:25:19,0.002
9,240+,1769783433,2026-01-30T22:30:33,0.0015
9,240+,1769783722,2026-01-30T22:35:22,0.0015
9,240+,1769784020,2026-01-30T22:40:20,0.0015
9,240+,1769784320,2026-01-30T22:45:20,0.0015
9,240+,1769784619,2026-01-30T22:50:19,0.0015
9,240+,1769784953,2026-01-30T22:55:53,0.0015
9,240+,1769785231,2026-01-30T23:00:31,0.0015
9,240+,1769785521,2026-01-30T23:05:21,0.0015
9,240+,1769785819,2026-01-30T23:10:19,0.0015
9,240+,1769786119,2026-01-30T23:15:19,0.0015
9,240+,1769786423,2026-01-30T23:20:23,0.0015
9,240+,1769786725,2026-01-30T23:25:25,0.0015
9,240+,1769787027,2026-01-30T23:30:27,0.0015
9,240+,1769787320,2026-01-30T23:35:20,0.0015
9,240+,1769787619,2026-01-30T23:40:19,0.0015
9,240+,1769787926,2026-01-30T23:45:26,0.0015
9,240+,1769788220,2026-01-30T23:50:20,0.0015
9,240+,1769788519,2026-01-30T23:55:19,0.0015
9,240+,1769788828,2026-01-31T00:00:28,0.0015
9,240+,1769789120,2026-01-31T00:05:20,0.0015
9,240+,1769789452,2026-01-31T00:10:52,0.0015
9,240+,1769789720,2026-01-31T00:15:20,0.0015
9,240+,1769790020,2026-01-31T00:20:20,0.0015
9,240+,1769790319,2026-01-31T00:25:19,0.0015
9,240+,1769790626,2026-01-31T00:30:26,0.0015
9,240+,1769790919,2026-01-31T00:35:19,0.0015
9,240+,1769791225,2026-01-31T00:40:25,0.0015
9,240+,1769791521,2026-01-31T00:45:21,0.0015
9,240+,1769791821,2026-01-31T00:50:21,0.0015
9,240+,1769792120,2026-01-31T00:55:20,0.0015
9,240+,1769792431,2026-01-31T01:00:31,0.0015
9,240+,1769792725,2026-01-31T01:05:25,0.0015
9,240+,1769793020,2026-01-31T01:10:20,0.0005
9,240+,1769793320,2026-01-31T01:15:20,0.0005
9,240+,1769793621,2026-01-31T01:20:21,0.0005
9,240+,1769793927,2026-01-31T01:25:27,0.0005
9,240+,1769794227,2026-01-31T01:30:27,0.0005
9,240+,1769794520,2026-01-31T01:35:20,0.0005
9,240+,1769794821,2026-01-31T01:40:21,0.0005
9,240+,1769795122,2026-01-31T01:45:22,0.0005
9,240+,1769795722,2026-01-31T01:55:22,0.0005
9,240+,1769796029,2026-01-31T02:00:29,0.0005
9,240+,1769796319,2026-01-31T02:05:19,0.0005
9,240+,1769796621,2026-01-31T02:10:21,0.0005
9,240+,1769796927,2026-01-31T02:15:27,0.0005
9,240+,1769797225,2026-01-31T02:20:25,0.0005
9,240+,1769797520,2026-01-31T02:25:20,0.0005
9,240+,1769797829,2026-01-31T02:30:29,0.0005
9,240+,1769798121,2026-01-31T02:35:21,0.0005
9,240+,1769798422,2026-01-31T02:40:22,0.0005
9,240+,1769798740,2026-01-31T02:45:40,0.0005
9,240+,1769799022,2026-01-31T02:50:22,0.0005
9,240+,1769799319,2026-01-31T02:55:19,0.0005
9,240+,1769799627,2026-01-31T03:00:27,0.0005
9,240+,1769799920,2026-01-31T03:05:20,0.0005
9,240+,1769800241,2026-01-31T03:10:41,0.0005
9,240+,1769800525,2026-01-31T03:15:25,0.0005
9,240+,1769800819,2026-01-31T03:20:19,0.0005
9,240+,1769801120,2026-01-31T03:25:20,0.0005
9,240+,1769801426,2026-01-31T03:30:26,0.0005
9,240+,1769801720,2026-01-31T03:35:20,0.0005
9,240+,1769802028,2026-01-31T03:40:28,0.0005
9,240+,1769802320,2026-01-31T03:45:20,0.0005
9,240+,1769802623,2026-01-31T03:50:23,0.0005
9,240+,1769802920,2026-01-31T03:55:20,0.0005
9,240+,1769803228,2026-01-31T04:00:28,0.0005
9,240+,1769803528,2026-01-31T04:05:28,0.0005
9,240+,1769803826,2026-01-31T04:10:26,0.0005
9,240+,1769804120,2026-01-31T04:15:20,0.0005
9,240+,1769804420,2026-01-31T04:20:20,0.0005
9,240+,1769805027,2026-01-31T04:30:27,0.0005
9,240+,1769805350,2026-01-31T04:35:50,0.0005
9,240+,1769805622,2026-01-31T04:40:22,0.0005
9,240+,1769805920,2026-01-31T04:45:20,0.0005
9,240+,1769806221,2026-01-31T04:50:21,0.0005
9,240+,1769806522,2026-01-31T04:55:22,0.0005
9,240+,1769806831,2026-01-31T05:00:31,0.0005
9,240+,1769807125,2026-01-31T05:05:25,0.0005
9,240+,1769807420,2026-01-31T05:10:20,0.0005
9,240+,1769807720,2026-01-31T05:15:20,0.0005
9,240+,1769808019,2026-01-31T05:20:19,0.0005
9,240+,1769808319,2026-01-31T05:25:19,0.0005
9,240+,1769808633,2026-01-31T05:30:33,0.0005
9,240+,1769808925,2026-01-31T05:35:25,0.0005
9,240+,1769809221,2026-01-31T05:40:21,0.0005
9,240+,1769809521,2026-01-31T05:45:21,0.0005
9,240+,1769809820,2026-01-31T05:50:20,0.0005
9,240+,1769810119,2026-01-31T05:55:19,0.0005
9,240+,1769810434,2026-01-31T06:00:34,0.0005
9,240+,1769810719,2026-01-31T06:05:19,0.0005
9,240+,1769811035,2026-01-31T06:10:35,0.0005
9,240+,1769811320,2026-01-31T06:15:20,0.0005
9,240+,1769811620,2026-01-31T06:20:20,0.0005
9,240+,1769811951,2026-01-31T06:25:51,0.0005
9,240+,1769812228,2026-01-31T06:30:28,0.0005
9,240+,1769812521,2026-01-31T06:35:21,0.0005
9,240+,1769812819,2026-01-31T06:40:19,0.0005
9,240+,1769813121,2026-01-31T06:45:21,0.0005
9,240+,1769813420,2026-01-31T06:50:20,0.0005
9,240+,1769813725,2026-01-31T06:55:25,0.0005
9,240+,1769814026,2026-01-31T07:00:26,0.0005
9,240+,1769814320,2026-01-31T07:05:20,0.0005
9,240+,1769814621,2026-01-31T07:10:21,0.0005
9,240+,1769814919,2026-01-31T07:15:19,0.0005
9,240+,1769815225,2026-01-31T07:20:25,0.0005
9,240+,1769815521,2026-01-31T07:25:21,0.0005
9,240+,1769815828,2026-01-31T07:30:28,0.0005
9,240+,1769816121,2026-01-31T07:35:21,0.0005
9,240+,1769816420,2026-01-31T07:40:20,0.0005
9,240+,1769816727,2026-01-31T07:45:27,0.0005
9,240+,1769817023,2026-01-31T07:50:23,0.0005
9,240+,1769817320,2026-01-31T07:55:20,0.0005
9,240+,1769817636,2026-01-31T08:00:36,0.0005
9,240+,1769817919,2026-01-31T08:05:19,0.0005
9,240+,1769818220,2026-01-31T08:10:20,0.0005
9,240+,1769818520,2026-01-31T08:15:20,0.0005
9,240+,1769818821,2026-01-31T08:20:21,0.0005
9,240+,1769819120,2026-01-31T08:25:20,0.0005
9,240+,1769819428,2026-01-31T08:30:28,0.0005
9,240+,1769819721,2026-01-31T08:35:21,0.0005
9,240+,1769820020,2026-01-31T08:40:20,0.0005
9,240+,1769820333,2026-01-31T08:45:33,0.0005
9,240+,1769820620,2026-01-31T08:50:20,0.0005
9,240+,1769820920,2026-01-31T08:55:20,0.0005
9,240+,1769821227,2026-01-31T09:00:27,0.0005
9,240+,1769821520,2026-01-31T09:05:20,0.0005
9,240+,1769821835,2026-01-31T09:10:35,0.0005
9,240+,1769822121,2026-01-31T09:15:21,0.0005
9,240+,1769822421,2026-01-31T09:20:21,0.0005
9,240+,1769822720,2026-01-31T09:25:20,0.0005
9,240+,1769823028,2026-01-31T09:30:28,0.0005
9,240+,1769823320,2026-01-31T09:35:20,0.0005
9,240+,1769823620,2026-01-31T09:40:20,0.0005
9,240+,1769823919,2026-01-31T09:45:19,0.0005
9,240+,1769824220,2026-01-31T09:50:20,0.0005
9,240+,1769824520,2026-01-31T09:55:20,0.0005
9,240+,1769824827,2026-01-31T10:00:27,0.0005
9,240+,1769825140,2026-01-31T10:05:40,0.0005
9,240+,1769825421,2026-01-31T10:10:21,0.0005
9,240+,1769825720,2026-01-31T10:15:20,0.0005
9,240+,1769826021,2026-01-31T10:20:21,0.0005
9,240+,1769826322,2026-01-31T10:25:22,0.0005
9,240+,1769826627,2026-01-31T10:30:27,0.0005
9,240+,1769826921,2026-01-31T10:35:21,0.0005
9,240+,1769827220,2026-01-31T10:40:20,0.0005
9,240+,1769827544,2026-01-31T10:45:44,0.0005
9,240+,1769827820,2026-01-31T10:50:20,0.0005
9,240+,1769828120,2026-01-31T10:55:20,0.0005
9,240+,1769828429,2026-01-31T11:00:29,0.0005
9,240+,1769828722,2026-01-31T11:05:22,0.0005
9,240+,1769829020,2026-01-31T11:10:20,0.0005
9,240+,1769829322,2026-01-31T11:15:22,0.0005
9,240+,1769829620,2026-01-31T11:20:20,0.0005
9,240+,1769829921,2026-01-31T11:25:21,0.0005
9,240+,1769830228,2026-01-31T11:30:28,0.0005
9,240+,1769830522,2026-01-31T11:35:22,0.0005
9,240+,1769830820,2026-01-31T11:40:20,0.0005
9,240+,1769831121,2026-01-31T11:45:21,0.0005
9,240+,1769831420,2026-01-31T11:50:20,0.0005
9,240+,1769831721,2026-01-31T11:55:21,0.0005
9,240+,1769832028,2026-01-31T12:00:28,0.0005
9,240+,1769832319,2026-01-31T12:05:19,0.0005
9,240+,1769832620,2026-01-31T12:10:20,0.0005
9,240+,1769832920,2026-01-31T12:15:20,0.0005
9,240+,1769833220,2026-01-31T12:20:20,0.0005
9,240+,1769833522,2026-01-31T12:25:22,0.0005
9,240+,1769833827,2026-01-31T12:30:27,0.0005
9,240+,1769834120,2026-01-31T12:35:20,0.0005
9,240+,1769834419,2026-01-31T12:40:19,0.0005
9,240+,1769834720,2026-01-31T12:45:20,0.0005
9,240+,1769835026,2026-01-31T12:50:26,0.0005
9,240+,1769835321,2026-01-31T12:55:21,0.0005
9,240+,1769835627,2026-01-31T13:00:27,0.0005
9,240+,1769835919,2026-01-31T13:05:19,0.0005
9,240+,1769836220,2026-01-31T13:10:20,0.0005
9,240+,1769836525,2026-01-31T13:15:25,0.0005
9,240+,1769836821,2026-01-31T13:20:21,0.0005
9,240+,1769837120,2026-01-31T13:25:20,0.0005
9,240+,1769837427,2026-01-31T13:30:27,0.0005
9,240+,1769837721,2026-01-31T13:35:21,0.0005
9,240+,1769838023,2026-01-31T13:40:23,0.0005
9,240+,1769838321,2026-01-31T13:45:21,0.0005
9,240+,1769838620,2026-01-31T13:50:20,0.0005
9,240+,1769838921,2026-01-31T13:55:21,0.0005
9,240+,1769839230,2026-01-31T14:00:30,0.0005
9,240+,1769839524,2026-01-31T14:05:24,0.0005
9,240+,1769839820,2026-01-31T14:10:20,0.0005
9,240+,1769840120,2026-01-31T14:15:20,0.0005
9,240+,1769840421,2026-01-31T14:20:21,0.0005
9,240+,1769840722,2026-01-31T14:25:22,0.0005
9,240+,1769841029,2026-01-31T14:30:29,0.0005
9,240+,1769841350,2026-01-31T14:35:50,0.0005
9,240+,1769841620,2026-01-31T14:40:20,0.0005
9,240+,1769841920,2026-01-31T14:45:20,0.0005
9,240+,1769842221,2026-01-31T14:50:21,0.0005
9,240+,1769842524,2026-01-31T14:55:24,0.0005
9,240+,1769842829,2026-01-31T15:00:29,0.0005
9,240+,1769843120,2026-01-31T15:05:20,0.0005
9,240+,1769843420,2026-01-31T15:10:20,0.0005
9,240+,1769843721,2026-01-31T15:15:21,0.0005
9,240+,1769844023,2026-01-31T15:20:23,0.0005
9,240+,1769844320,2026-01-31T15:25:20,0.0005
9,240+,1769844627,2026-01-31T15:30:27,0.0005
9,240+,1769844920,2026-01-31T15:35:20,0.0005
9,240+,1769845228,2026-01-31T15:40:28,0.0005
9,240+,1769845546,2026-01-31T15:45:46,0.0005
9,240+,1769845822,2026-01-31T15:50:22,0.0005
9,240+,1769846120,2026-01-31T15:55:20,0.0005
9,240+,1769846428,2026-01-31T16:00:28,0.0005
9,240+,1769846720,2026-01-31T16:05:20,0.0005
9,240+,1769847021,2026-01-31T16:10:21,0.0005
9,240+,1769847323,2026-01-31T16:15:23,0.0005
9,240+,1769847621,2026-01-31T16:20:21,0.0005
9,240+,1769847920,2026-01-31T16:25:20,0.0005
9,240+,1769848228,2026-01-31T16:30:28,0.0005
9,240+,1769848522,2026-01-31T16:35:22,0.0005
9,240+,1769848820,2026-01-31T16:40:20,0.0005
9,240+,1769849122,2026-01-31T16:45:22,0.0005
9,240+,1769849420,2026-01-31T16:50:20,0.0005
9,240+,1769849720,2026-01-31T16:55:20,0.0005
9,240+,1769850321,2026-01-31T17:05:21,0.0005
9,240+,1769850621,2026-01-31T17:10:21,0.0005
9,240+,1769850920,2026-01-31T17:15:20,0.0005
9,240+,1769851220,2026-01-31T17:20:20,0.0005
9,240+,1769851520,2026-01-31T17:25:20,0.0005
9,240+,1769851830,2026-01-31T17:30:30,0.0005
9,240+,1769852120,2026-01-31T17:35:20,0.0005
9,240+,1769852420,2026-01-31T17:40:20,0.0005
9,240+,1769852723,2026-01-31T17:45:23,0.0005
9,240+,1769853020,2026-01-31T17:50:20,0.0005
9,240+,1769853321,2026-01-31T17:55:21,0.0005
9,240+,1769853629,2026-01-31T18:00:29,0.0005
9,240+,1769853922,2026-01-31T18:05:22,0.0005
9,240+,1769854223,2026-01-31T18:10:23,0.0005
9,240+,1769854520,2026-01-31T18:15:20,0.0005
9,240+,1769854820,2026-01-31T18:20:20,0.0005
9,240+,1769855120,2026-01-31T18:25:20,0.0005
9,240+,1769855427,2026-01-31T18:30:27,0.0005
9,240+,1769855723,2026-01-31T18:35:23,0.0005
9,240+,1769856021,2026-01-31T18:40:21,0.0005
9,240+,1769856321,2026-01-31T18:45:21,0.0005
9,240+,1769856619,2026-01-31T18:50:19,0.0005
9,240+,1769856949,2026-01-31T18:55:49,0.0005
9,240+,1769857227,2026-01-31T19:00:27,0.0005
9,240+,1769857520,2026-01-31T19:05:20,0.0005
9,240+,1769857820,2026-01-31T19:10:20,0.0005
9,240+,1769858133,2026-01-31T19:15:33,0.0005
9,240+,1769858420,2026-01-31T19:20:20,0.0005
9,240+,1769858724,2026-01-31T19:25:24,0.0005
9,240+,1769859027,2026-01-31T19:30:27,0.0005
9,240+,1769859320,2026-01-31T19:35:20,0.0005
9,240+,1769859620,2026-01-31T19:40:20,0.0005
9,240+,1769859920,2026-01-31T19:45:20,0.0005
9,240+,1769860225,2026-01-31T19:50:25,0.0005
9,240+,1769860520,2026-01-31T19:55:20,0.0005
9,240+,1769860842,2026-01-31T20:00:42,0.0005
9,240+,1769861120,2026-01-31T20:05:20,0.0005
9,240+,1769861421,2026-01-31T20:10:21,0.0005
9,240+,1769861726,2026-01-31T20:15:26,0.0005
9,240+,1769862020,2026-01-31T20:20:20,0.0005
9,240+,1769862321,2026-01-31T20:25:21,0.0005
9,240+,1769862627,2026-01-31T20:30:27,0.0005
9,240+,1769862921,2026-01-31T20:35:21,0.0005
9,240+,1769863224,2026-01-31T20:40:24,0.0005
9,240+,1769863520,2026-01-31T20:45:20,0.0005
9,240+,1769863820,2026-01-31T20:50:20,0.0005
9,240+,1769864120,2026-01-31T20:55:20,0.0005
9,240+,1769864429,2026-01-31T21:00:29,0.0005
9,240+,1769864725,2026-01-31T21:05:25,0.0005
9,240+,1769865020,2026-01-31T21:10:20,0.0005
9,240+,1769865321,2026-01-31T21:15:21,0.0005
9,240+,1769865621,2026-01-31T21:20:21,0.0005
9,240+,1769865921,2026-01-31T21:25:21,0.0005
9,240+,1769866231,2026-01-31T21:30:31,0.0005
9,240+,1769866520,2026-01-31T21:35:20,0.0005
9,240+,1769866820,2026-01-31T21:40:20,0.0005
9,240+,1769867127,2026-01-31T21:45:27,0.0005
9,240+,1769867419,2026-01-31T21:50:19,0.0005
9,240+,1769867750,2026-01-31T21:55:50,0.0005
9,240+,1769868026,2026-01-31T22:00:26,0.0005
9,240+,1769868320,2026-01-31T22:05:20,0.0005
9,240+,1769868621,2026-01-31T22:10:21,0.0005
9,240+,1769868921,2026-01-31T22:15:21,0.0005
9,240+,1769869223,2026-01-31T22:20:23,0.0005
9,240+,1769869525,2026-01-31T22:25:25,0.0005
9,240+,1769869827,2026-01-31T22:30:27,0.0005
9,240+,1769870121,2026-01-31T22:35:21,0.0005
9,240+,1769870420,2026-01-31T22:40:20,0.0005
9,240+,1769870720,2026-01-31T22:45:20,0.0005
9,240+,1769871026,2026-01-31T22:50:26,0.0005
9,240+,1769871320,2026-01-31T22:55:20,0.0005
9,240+,1769871634,2026-01-31T23:00:34,0.0005
9,240+,1769871920,2026-01-31T23:05:20,0.0005
9,240+,1769872220,2026-01-31T23:10:20,0.0005
9,240+,1769872527,2026-01-31T23:15:27,0.0005
9,240+,1769872821,2026-01-31T23:20:21,0.0005
9,240+,1769873125,2026-01-31T23:25:25,0.0005
9,240+,1769873427,2026-01-31T23:30:27,0.0005
9,240+,1769873720,2026-01-31T23:35:20,0.0005
9,240+,1769874021,2026-01-31T23:40:21,0.0005
9,240+,1769874320,2026-01-31T23:45:20,0.0005
9,240+,1769874626,2026-01-31T23:50:26,0.0005
9,240+,1769874921,2026-01-31T23:55:21,0.0005
9,240+,1769875227,2026-02-01T00:00:27,0.0005
9,240+,1769875521,2026-02-01T00:05:21,0.0005
9,240+,1769875853,2026-02-01T00:10:53,0.0005
9,240+,1769876121,2026-02-01T00:15:21,0.0005
9,240+,1769876421,2026-02-01T00:20:21,0.0005
9,240+,1769876720,2026-02-01T00:25:20,0.0005
9,240+,1769877027,2026-02-01T00:30:27,0.0005
9,240+,1769877326,2026-02-01T00:35:26,0.0005
9,240+,1769877621,2026-02-01T00:40:21,0.0005
9,240+,1769877937,2026-02-01T00:45:37,0.0005
9,240+,1769878220,2026-02-01T00:50:20,0.0005
9,240+,1769878521,2026-02-01T00:55:21,0.0005
9,240+,1769878854,2026-02-01T01:00:54,0.0005
9,240+,1769879135,2026-02-01T01:05:35,0.0005
9,240+,1769879420,2026-02-01T01:10:20,0.0005
9,240+,1769879721,2026-02-01T01:15:21,0.0005
9,240+,1769880021,2026-02-01T01:20:21,0.0005
9,240+,1769880332,2026-02-01T01:25:32,0.0005
9,240+,1769880628,2026-02-01T01:30:28,0.0005
9,240+,1769880923,2026-02-01T01:35:23,0.0005
9,240+,1769881220,2026-02-01T01:40:20,0.0005
9,240+,1769881521,2026-02-01T01:45:21,0.0005
9,240+,1769881827,2026-02-01T01:50:27,0.0005
9,240+,1769882121,2026-02-01T01:55:21,0.0005
9,240+,1769882434,2026-02-01T02:00:34,0.0005
9,240+,1769882721,2026-02-01T02:05:21,0.0005
9,240+,1769883020,2026-02-01T02:10:20,0.0005
9,240+,1769883352,2026-02-01T02:15:52,0.0005
9,240+,1769883622,2026-02-01T02:20:22,0.0005
9,240+,1769883920,2026-02-01T02:25:20,0.0005
9,240+,1769884227,2026-02-01T02:30:27,0.0005
9,240+,1769884521,2026-02-01T02:35:21,0.0005
9,240+,1769884820,2026-02-01T02:40:20,0.0005
9,240+,1769885139,2026-02-01T02:45:39,0.0005
9,240+,1769885422,2026-02-01T02:50:22,0.0005
9,240+,1769885721,2026-02-01T02:55:21,0.0005
9,240+,1769886031,2026-02-01T03:00:31,0.0005
9,240+,1769886321,2026-02-01T03:05:21,0.0005
9,240+,1769886622,2026-02-01T03:10:22,0.0005
9,240+,1769886921,2026-02-01T03:15:21,0.0005
9,240+,1769887221,2026-02-01T03:20:21,0.0005
9,240+,1769887827,2026-02-01T03:30:27,0.0005
9,240+,1769888120,2026-02-01T03:35:20,0.0005
9,240+,1769888420,2026-02-01T03:40:20,0.0005
9,240+,1769888734,2026-02-01T03:45:34,0.0005
9,240+,1769889023,2026-02-01T03:50:23,0.0005
9,240+,1769889326,2026-02-01T03:55:26,0.0005
9,240+,1769889628,2026-02-01T04:00:28,0.0005
9,240+,1769889921,2026-02-01T04:05:21,0.0005
9,240+,1769890221,2026-02-01T04:10:21,0.0005
9,240+,1769890521,2026-02-01T04:15:21,0.0005
9,240+,1769890827,2026-02-01T04:20:27,0.0005
9,240+,1769891121,2026-02-01T04:25:21,0.0005
9,240+,1769891426,2026-02-01T04:30:26,0.0005
9,240+,1769891721,2026-02-01T04:35:21,0.0005
9,240+,1769892021,2026-02-01T04:40:21,0.0005
9,240+,1769892352,2026-02-01T04:45:52,0.0005
9,240+,1769892621,2026-02-01T04:50:21,0.0005
9,240+,1769892932,2026-02-01T04:55:32,0.0005
9,240+,1769893248,2026-02-01T05:00:48,0.0005
9,240+,1769893521,2026-02-01T05:05:21,0.0005
9,240+,1769893820,2026-02-01T05:10:20,0.0005
