bin_index,outcome,timestamp,datetime,price
0,<20,1784005206,2026-07-14T13:00:06,0.0085
0,<20,1784008808,2026-07-14T14:00:08,0.0005
0,<20,1784012410,2026-07-14T15:00:10,0.0005
0,<20,1784016005,2026-07-14T16:00:05,0.0005
0,<20,1784019606,2026-07-14T17:00:06,0.0005
0,<20,1784023207,2026-07-14T18:00:07,0.0005
0,<20,1784026806,2026-07-14T19:00:06,0.0005
0,<20,1784030413,2026-07-14T20:00:13,0.0005
0,<20,1784034008,2026-07-14T21:00:08,0.0005
0,<20,1784037612,2026-07-14T22:00:12,0.0005
0,<20,1784041209,2026-07-14T23:00:09,0.0005
0,<20,1784044813,2026-07-15T00:00:13,0.0005
0,<20,1784048418,2026-07-15T01:00:18,0.0005
0,<20,1784052018,2026-07-15T02:00:18,0.0005
0,<20,1784055608,2026-07-15T03:00:08,0.0005
0,<20,1784059208,2026-07-15T04:00:08,0.0005
0,<20,1784062808,2026-07-15T05:00:08,0.0005
0,<20,1784066405,2026-07-15T06:00:05,0.0005
0,<20,1784070007,2026-07-15T07:00:07,0.0005
0,<20,1784073611,2026-07-15T08:00:11,0.0005
0,<20,1784077208,2026-07-15T09:00:08,0.0005
0,<20,1784080810,2026-07-15T10:00:10,0.0005
0,<20,1784084410,2026-07-15T11:00:10,0.0005
0,<20,1784088006,2026-07-15T12:00:06,0.0005
0,<20,1784091622,2026-07-15T13:00:22,0.0005
0,<20,1784095210,2026-07-15T14:00:10,0.0005
0,<20,1784098821,2026-07-15T15:00:21,0.0005
0,<20,1784102422,2026-07-15T16:00:22,0.0005
0,<20,1784106009,2026-07-15T17:00:09,0.0005
0,<20,1784109605,2026-07-15T18:00:05,0.0005
0,<20,1784113209,2026-07-15T19:00:09,0.0005
0,<20,1784116824,2026-07-15T20:00:24,0.0005
0,<20,1784120407,2026-07-15T21:00:07,0.0005
0,<20,1784124007,2026-07-15T22:00:07,0.0005
0,<20,1784127611,2026-07-15T23:00:11,0.0005
0,<20,1784131206,2026-07-16T00:00:06,0.0005
0,<20,1784134808,2026-07-16T01:00:08,0.0005
0,<20,1784138413,2026-07-16T02:00:13,0.0005
0,<20,1784142010,2026-07-16T03:00:10,0.0005
0,<20,1784145608,2026-07-16T04:00:08,0.0005
0,<20,1784149208,2026-07-16T05:00:08,0.0005
0,<20,1784152806,2026-07-16T06:00:06,0.0005
0,<20,1784156407,2026-07-16T07:00:07,0.0005
0,<20,1784160013,2026-07-16T08:00:13,0.0005
0,<20,1784163606,2026-07-16T09:00:06,0.0005
0,<20,1784167205,2026-07-16T10:00:05,0.0005
0,<20,1784170810,2026-07-16T11:00:10,0.0005
0,<20,1784174407,2026-07-16T12:00:07,0.0005
0,<20,1784178006,2026-07-16T13:00:06,0.0005
0,<20,1784181611,2026-07-16T14:00:11,0.0005
0,<20,1784185208,2026-07-16T15:00:08,0.0005
0,<20,1784188805,2026-07-16T16:00:05,0.0005
0,<20,1784192411,2026-07-16T17:00:11,0.0005
0,<20,1784196008,2026-07-16T18:00:08,0.0005
0,<20,1784199607,2026-07-16T19:00:07,0.0005
0,<20,1784203209,2026-07-16T20:00:09,0.0005
0,<20,1784206808,2026-07-16T21:00:08,0.0005
0,<20,1784210406,2026-07-16T22:00:06,0.0005
0,<20,1784214010,2026-07-16T23:00:10,0.0005
0,<20,1784217606,2026-07-17T00:00:06,0.0005
0,<20,1784221207,2026-07-17T01:00:07,0.0005
0,<20,1784224822,2026-07-17T02:00:22,0.0005
0,<20,1784228407,2026-07-17T03:00:07,0.0005
0,<20,1784232008,2026-07-17T04:00:08,0.0005
0,<20,1784235609,2026-07-17T05:00:09,0.0005
0,<20,1784239207,2026-07-17T06:00:07,0.0005
0,<20,1784242809,2026-07-17T07:00:09,0.0005
0,<20,1784246412,2026-07-17T08:00:12,0.0005
0,<20,1784250006,2026-07-17T09:00:06,0.0005
0,<20,1784253607,2026-07-17T10:00:07,0.0005
0,<20,1784257210,2026-07-17T11:00:10,0.0005
0,<20,1784260809,2026-07-17T12:00:09,0.0005
0,<20,1784264410,2026-07-17T13:00:10,0.0005
0,<20,1784268013,2026-07-17T14:00:13,0.0005
0,<20,1784271605,2026-07-17T15:00:05,0.0005
0,<20,1784275206,2026-07-17T16:00:06,0.0005
0,<20,1784278808,2026-07-17T17:00:08,0.0005
0,<20,1784282410,2026-07-17T18:00:10,0.0005
0,<20,1784286006,2026-07-17T19:00:06,0.0005
0,<20,1784289612,2026-07-17T20:00:12,0.0005
0,<20,1784293206,2026-07-17T21:00:06,0.0005
0,<20,1784296807,2026-07-17T22:00:07,0.0005
0,<20,1784300409,2026-07-17T23:00:09,0.0005
0,<20,1784304023,2026-07-18T00:00:23,0.0745
0,<20,1784307611,2026-07-18T01:00:11,0.0005
0,<20,1784311226,2026-07-18T02:00:26,0.0005
0,<20,1784314807,2026-07-18T03:00:07,0.0005
0,<20,1784318407,2026-07-18T04:00:07,0.0005
0,<20,1784322008,2026-07-18T05:00:08,0.0005
0,<20,1784325608,2026-07-18T06:00:08,0.0005
0,<20,1784329209,2026-07-18T07:00:09,0.0005
0,<20,1784332809,2026-07-18T08:00:09,0.0005
0,<20,1784336406,2026-07-18T09:00:06,0.0005
0,<20,1784340006,2026-07-18T10:00:06,0.0005
0,<20,1784343609,2026-07-18T11:00:09,0.0005
0,<20,1784347206,2026-07-18T12:00:06,0.0005
0,<20,1784350807,2026-07-18T13:00:07,0.0005
0,<20,1784354408,2026-07-18T14:00:08,0.0005
0,<20,1784358009,2026-07-18T15:00:09,0.0005
0,<20,1784361606,2026-07-18T16:00:06,0.0005
1,20-39,1784005206,2026-07-14T13:00:06,0.0105
1,20-39,1784008810,2026-07-14T14:00:10,0.0005
1,20-39,1784012413,2026-07-14T15:00:13,0.0005
1,20-39,1784016006,2026-07-14T16:00:06,0.0005
1,20-39,1784019608,2026-07-14T17:00:08,0.0005
1,20-39,1784023208,2026-07-14T18:00:08,0.0005
1,20-39,1784026807,2026-07-14T19:00:07,0.0005
1,20-39,1784030416,2026-07-14T20:00:16,0.0005
1,20-39,1784034009,2026-07-14T21:00:09,0.0005
1,20-39,1784037613,2026-07-14T22:00:13,0.0005
1,20-39,1784041211,2026-07-14T23:00:11,0.0005
1,20-39,1784044814,2026-07-15T00:00:14,0.0005
1,20-39,1784048430,2026-07-15T01:00:30,0.0005
1,20-39,1784052020,2026-07-15T02:00:20,0.0005
1,20-39,1784055609,2026-07-15T03:00:09,0.0005
1,20-39,1784059209,2026-07-15T04:00:09,0.0005
1,20-39,1784062810,2026-07-15T05:00:10,0.0005
1,20-39,1784066407,2026-07-15T06:00:07,0.0005
1,20-39,1784070008,2026-07-15T07:00:08,0.0005
1,20-39,1784073617,2026-07-15T08:00:17,0.0005
1,20-39,1784077209,2026-07-15T09:00:09,0.0005
1,20-39,1784080811,2026-07-15T10:00:11,0.0015
1,20-39,1784084415,2026-07-15T11:00:15,0.0015
1,20-39,1784088008,2026-07-15T12:00:08,0.0015
1,20-39,1784091623,2026-07-15T13:00:23,0.0015
1,20-39,1784095214,2026-07-15T14:00:14,0.0015
1,20-39,1784098825,2026-07-15T15:00:25,0.0005
1,20-39,1784102424,2026-07-15T16:00:24,0.0005
1,20-39,1784106011,2026-07-15T17:00:11,0.0005
1,20-39,1784109607,2026-07-15T18:00:07,0.0005
1,20-39,1784113210,2026-07-15T19:00:10,0.0005
1,20-39,1784116828,2026-07-15T20:00:28,0.0005
1,20-39,1784120408,2026-07-15T21:00:08,0.0005
1,20-39,1784124009,2026-07-15T22:00:09,0.0005
1,20-39,1784127615,2026-07-15T23:00:15,0.0005
1,20-39,1784131208,2026-07-16T00:00:08,0.0005
1,20-39,1784134818,2026-07-16T01:00:18,0.0005
1,20-39,1784138416,2026-07-16T02:00:16,0.0005
1,20-39,1784142011,2026-07-16T03:00:11,0.0005
1,20-39,1784145609,2026-07-16T04:00:09,0.0005
1,20-39,1784149212,2026-07-16T05:00:12,0.0005
1,20-39,1784152807,2026-07-16T06:00:07,0.0005
1,20-39,1784156408,2026-07-16T07:00:08,0.0005
1,20-39,1784160015,2026-07-16T08:00:15,0.0005
1,20-39,1784163606,2026-07-16T09:00:06,0.0005
1,20-39,1784167206,2026-07-16T10:00:06,0.0005
1,20-39,1784170813,2026-07-16T11:00:13,0.0005
1,20-39,1784174408,2026-07-16T12:00:08,0.0005
1,20-39,1784178008,2026-07-16T13:00:08,0.0005
1,20-39,1784181634,2026-07-16T14:00:34,0.0005
1,20-39,1784185211,2026-07-16T15:00:11,0.0005
1,20-39,1784188806,2026-07-16T16:00:06,0.0005
1,20-39,1784192413,2026-07-16T17:00:13,0.0005
1,20-39,1784196009,2026-07-16T18:00:09,0.0005
1,20-39,1784199609,2026-07-16T19:00:09,0.0005
1,20-39,1784203212,2026-07-16T20:00:12,0.0005
1,20-39,1784206810,2026-07-16T21:00:10,0.0005
1,20-39,1784210408,2026-07-16T22:00:08,0.0005
1,20-39,1784214013,2026-07-16T23:00:13,0.0005
1,20-39,1784217607,2026-07-17T00:00:07,0.0005
1,20-39,1784221209,2026-07-17T01:00:09,0.0005
1,20-39,1784224825,2026-07-17T02:00:25,0.0005
1,20-39,1784228409,2026-07-17T03:00:09,0.0005
1,20-39,1784232010,2026-07-17T04:00:10,0.0005
1,20-39,1784235612,2026-07-17T05:00:12,0.0005
1,20-39,1784239209,2026-07-17T06:00:09,0.0005
1,20-39,1784242811,2026-07-17T07:00:11,0.0005
1,20-39,1784246416,2026-07-17T08:00:16,0.0005
1,20-39,1784250007,2026-07-17T09:00:07,0.0005
1,20-39,1784253610,2026-07-17T10:00:10,0.0005
1,20-39,1784257214,2026-07-17T11:00:14,0.0005
1,20-39,1784260812,2026-07-17T12:00:12,0.0005
1,20-39,1784264414,2026-07-17T13:00:14,0.0005
1,20-39,1784268020,2026-07-17T14:00:20,0.0005
1,20-39,1784271606,2026-07-17T15:00:06,0.0005
1,20-39,1784275207,2026-07-17T16:00:07,0.0005
1,20-39,1784278811,2026-07-17T17:00:11,0.0005
1,20-39,1784282415,2026-07-17T18:00:15,0.0005
1,20-39,1784286010,2026-07-17T19:00:10,0.0005
1,20-39,1784289618,2026-07-17T20:00:18,0.0005
1,20-39,1784293209,2026-07-17T21:00:09,0.0005
1,20-39,1784296810,2026-07-17T22:00:10,0.0005
1,20-39,1784300413,2026-07-17T23:00:13,0.0005
1,20-39,1784304025,2026-07-18T00:00:25,0.0745
1,20-39,1784307616,2026-07-18T01:00:16,0.0005
1,20-39,1784311232,2026-07-18T02:00:32,0.0005
1,20-39,1784314810,2026-07-18T03:00:10,0.0005
1,20-39,1784318410,2026-07-18T04:00:10,0.0005
1,20-39,1784322012,2026-07-18T05:00:12,0.0005
1,20-39,1784325612,2026-07-18T06:00:12,0.0005
1,20-39,1784329211,2026-07-18T07:00:11,0.0005
1,20-39,1784332812,2026-07-18T08:00:12,0.0005
1,20-39,1784336407,2026-07-18T09:00:07,0.0005
1,20-39,1784340008,2026-07-18T10:00:08,0.0005
1,20-39,1784343612,2026-07-18T11:00:12,0.0005
1,20-39,1784347212,2026-07-18T12:00:12,0.0005
1,20-39,1784350809,2026-07-18T13:00:09,0.0005
1,20-39,1784354413,2026-07-18T14:00:13,0.0005
1,20-39,1784358014,2026-07-18T15:00:14,0.0005
1,20-39,1784361608,2026-07-18T16:00:08,0.0005
1,20-39,1784365217,2026-07-18T17:00:17,0.0005
1,20-39,1784368809,2026-07-18T18:00:09,0.0005
1,20-39,1784372413,2026-07-18T19:00:13,0.0005
1,20-39,1784376028,2026-07-18T20:00:28,0.0005
1,20-39,1784379611,2026-07-18T21:00:11,0.0005
1,20-39,1784383211,2026-07-18T22:00:11,0.0005
1,20-39,1784386823,2026-07-18T23:00:23,0.0005
1,20-39,1784390411,2026-07-19T00:00:11,0.0005
1,20-39,1784394021,2026-07-19T01:00:21,0.0005
1,20-39,1784397616,2026-07-19T02:00:16,0.0005
1,20-39,1784401209,2026-07-19T03:00:09,0.0005
1,20-39,1784404816,2026-07-19T04:00:16,0.0005
1,20-39,1784408419,2026-07-19T05:00:19,0.0005
1,20-39,1784412013,2026-07-19T06:00:13,0.0005
1,20-39,1784415614,2026-07-19T07:00:14,0.0005
1,20-39,1784419223,2026-07-19T08:00:23,0.0005
1,20-39,1784422810,2026-07-19T09:00:10,0.0005
1,20-39,1784426409,2026-07-19T10:00:09,0.0005
1,20-39,1784430018,2026-07-19T11:00:18,0.0005
1,20-39,1784433612,2026-07-19T12:00:12,0.0005
1,20-39,1784437212,2026-07-19T13:00:12,0.0005
1,20-39,1784440824,2026-07-19T14:00:24,0.0005
1,20-39,1784444414,2026-07-19T15:00:14,0.0005
1,20-39,1784448013,2026-07-19T16:00:13,0.0005
1,20-39,1784451619,2026-07-19T17:00:19,0.0005
1,20-39,1784455215,2026-07-19T18:00:15,0.0005
1,20-39,1784458812,2026-07-19T19:00:12,0.0005
1,20-39,1784462415,2026-07-19T20:00:15,0.0005
1,20-39,1784466011,2026-07-19T21:00:11,0.0005
1,20-39,1784469615,2026-07-19T22:00:15,0.0005
1,20-39,1784473213,2026-07-19T23:00:13,0.0005
1,20-39,1784476831,2026-07-20T00:00:31,0.0005
1,20-39,1784480422,2026-07-20T01:00:22,0.0005
1,20-39,1784484014,2026-07-20T02:00:14,0.0005
1,20-39,1784487614,2026-07-20T03:00:14,0.0005
1,20-39,1784491214,2026-07-20T04:00:14,0.0005
1,20-39,1784494827,2026-07-20T05:00:27,0.0005
1,20-39,1784498413,2026-07-20T06:00:13,0.0005
2,40-59,1784005206,2026-07-14T13:00:06,0.005
2,40-59,1784008808,2026-07-14T14:00:08,0.0005
2,40-59,1784012411,2026-07-14T15:00:11,0.0005
2,40-59,1784016005,2026-07-14T16:00:05,0.0005
2,40-59,1784019607,2026-07-14T17:00:07,0.0005
2,40-59,1784023207,2026-07-14T18:00:07,0.0005
2,40-59,1784026806,2026-07-14T19:00:06,0.0005
2,40-59,1784030414,2026-07-14T20:00:14,0.0005
2,40-59,1784034009,2026-07-14T21:00:09,0.0005
2,40-59,1784037613,2026-07-14T22:00:13,0.0005
2,40-59,1784041209,2026-07-14T23:00:09,0.0005
2,40-59,1784044813,2026-07-15T00:00:13,0.0005
2,40-59,1784048418,2026-07-15T01:00:18,0.0005
2,40-59,1784052018,2026-07-15T02:00:18,0.0005
2,40-59,1784055608,2026-07-15T03:00:08,0.0015
2,40-59,1784059208,2026-07-15T04:00:08,0.0015
2,40-59,1784062808,2026-07-15T05:00:08,0.0015
2,40-59,1784066406,2026-07-15T06:00:06,0.0015
2,40-59,1784070007,2026-07-15T07:00:07,0.0025
2,40-59,1784073612,2026-07-15T08:00:12,0.0035
2,40-59,1784077208,2026-07-15T09:00:08,0.0035
2,40-59,1784080810,2026-07-15T10:00:10,0.0025
2,40-59,1784084412,2026-07-15T11:00:12,0.0015
2,40-59,1784088006,2026-07-15T12:00:06,0.0015
2,40-59,1784091622,2026-07-15T13:00:22,0.0015
2,40-59,1784095212,2026-07-15T14:00:12,0.0015
2,40-59,1784098823,2026-07-15T15:00:23,0.0015
2,40-59,1784102423,2026-07-15T16:00:23,0.0015
2,40-59,1784106010,2026-07-15T17:00:10,0.0015
2,40-59,1784109605,2026-07-15T18:00:05,0.0015
2,40-59,1784113209,2026-07-15T19:00:09,0.0015
2,40-59,1784116825,2026-07-15T20:00:25,0.0015
2,40-59,1784120407,2026-07-15T21:00:07,0.0015
2,40-59,1784124007,2026-07-15T22:00:07,0.0015
2,40-59,1784127611,2026-07-15T23:00:11,0.0015
2,40-59,1784131207,2026-07-16T00:00:07,0.0015
2,40-59,1784134808,2026-07-16T01:00:08,0.0015
2,40-59,1784138413,2026-07-16T02:00:13,0.0005
2,40-59,1784142010,2026-07-16T03:00:10,0.0005
2,40-59,1784145608,2026-07-16T04:00:08,0.0005
2,40-59,1784149209,2026-07-16T05:00:09,0.0015
2,40-59,1784152806,2026-07-16T06:00:06,0.0015
2,40-59,1784156407,2026-07-16T07:00:07,0.0015
2,40-59,1784160013,2026-07-16T08:00:13,0.0015
2,40-59,1784163606,2026-07-16T09:00:06,0.0015
2,40-59,1784167205,2026-07-16T10:00:05,0.0015
2,40-59,1784170811,2026-07-16T11:00:11,0.0015
2,40-59,1784174407,2026-07-16T12:00:07,0.0015
2,40-59,1784178006,2026-07-16T13:00:06,0.0015
2,40-59,1784181611,2026-07-16T14:00:11,0.0015
2,40-59,1784185208,2026-07-16T15:00:08,0.0015
2,40-59,1784188805,2026-07-16T16:00:05,0.0015
2,40-59,1784192411,2026-07-16T17:00:11,0.0015
2,40-59,1784196008,2026-07-16T18:00:08,0.001
2,40-59,1784199608,2026-07-16T19:00:08,0.0005
2,40-59,1784203210,2026-07-16T20:00:10,0.0005
2,40-59,1784206808,2026-07-16T21:00:08,0.0005
2,40-59,1784210406,2026-07-16T22:00:06,0.0005
2,40-59,1784214011,2026-07-16T23:00:11,0.0005
2,40-59,1784217606,2026-07-17T00:00:06,0.0005
2,40-59,1784221207,2026-07-17T01:00:07,0.0005
2,40-59,1784224823,2026-07-17T02:00:23,0.0005
2,40-59,1784228407,2026-07-17T03:00:07,0.0005
2,40-59,1784232008,2026-07-17T04:00:08,0.0005
2,40-59,1784235610,2026-07-17T05:00:10,0.0005
2,40-59,1784239207,2026-07-17T06:00:07,0.0005
2,40-59,1784242810,2026-07-17T07:00:10,0.0005
2,40-59,1784246413,2026-07-17T08:00:13,0.0005
2,40-59,1784250006,2026-07-17T09:00:06,0.0005
2,40-59,1784253608,2026-07-17T10:00:08,0.0005
2,40-59,1784257210,2026-07-17T11:00:10,0.0005
2,40-59,1784260809,2026-07-17T12:00:09,0.0005
2,40-59,1784264410,2026-07-17T13:00:10,0.0005
2,40-59,1784268013,2026-07-17T14:00:13,0.0005
2,40-59,1784271605,2026-07-17T15:00:05,0.0005
2,40-59,1784275206,2026-07-17T16:00:06,0.0005
2,40-59,1784278808,2026-07-17T17:00:08,0.0005
2,40-59,1784282410,2026-07-17T18:00:10,0.0005
2,40-59,1784286007,2026-07-17T19:00:07,0.0005
2,40-59,1784289612,2026-07-17T20:00:12,0.0005
2,40-59,1784293207,2026-07-17T21:00:07,0.0005
2,40-59,1784296807,2026-07-17T22:00:07,0.0005
2,40-59,1784300409,2026-07-17T23:00:09,0.0005
2,40-59,1784304023,2026-07-18T00:00:23,0.075
2,40-59,1784307612,2026-07-18T01:00:12,0.0005
2,40-59,1784311226,2026-07-18T02:00:26,0.0005
2,40-59,1784314807,2026-07-18T03:00:07,0.0005
2,40-59,1784318407,2026-07-18T04:00:07,0.0005
2,40-59,1784322008,2026-07-18T05:00:08,0.0005
2,40-59,1784325608,2026-07-18T06:00:08,0.0005
2,40-59,1784329209,2026-07-18T07:00:09,0.0005
2,40-59,1784332809,2026-07-18T08:00:09,0.0005
2,40-59,1784336406,2026-07-18T09:00:06,0.0005
2,40-59,1784340007,2026-07-18T10:00:07,0.0005
2,40-59,1784343609,2026-07-18T11:00:09,0.0005
2,40-59,1784347206,2026-07-18T12:00:06,0.0005
2,40-59,1784350807,2026-07-18T13:00:07,0.0005
2,40-59,1784354408,2026-07-18T14:00:08,0.0005
2,40-59,1784358009,2026-07-18T15:00:09,0.0005
2,40-59,1784361606,2026-07-18T16:00:06,0.0005
2,40-59,1784365212,2026-07-18T17:00:12,0.0005
2,40-59,1784368806,2026-07-18T18:00:06,0.0005
2,40-59,1784372407,2026-07-18T19:00:07,0.0005
2,40-59,1784376023,2026-07-18T20:00:23,0.0005
2,40-59,1784379607,2026-07-18T21:00:07,0.0005
2,40-59,1784383208,2026-07-18T22:00:08,0.0005
2,40-59,1784386810,2026-07-18T23:00:10,0.0005
2,40-59,1784390408,2026-07-19T00:00:08,0.0005
2,40-59,1784394013,2026-07-19T01:00:13,0.0005
2,40-59,1784397611,2026-07-19T02:00:11,0.0005
2,40-59,1784401207,2026-07-19T03:00:07,0.0005
2,40-59,1784404810,2026-07-19T04:00:10,0.0005
2,40-59,1784408411,2026-07-19T05:00:11,0.0005
2,40-59,1784412007,2026-07-19T06:00:07,0.0005
2,40-59,1784415610,2026-07-19T07:00:10,0.0005
2,40-59,1784419212,2026-07-19T08:00:12,0.0005
2,40-59,1784422807,2026-07-19T09:00:07,0.0005
2,40-59,1784426407,2026-07-19T10:00:07,0.0005
2,40-59,1784430010,2026-07-19T11:00:10,0.0005
2,40-59,1784433607,2026-07-19T12:00:07,0.0005
2,40-59,1784437209,2026-07-19T13:00:09,0.0005
2,40-59,1784440815,2026-07-19T14:00:15,0.0005
2,40-59,1784444409,2026-07-19T15:00:09,0.0005
2,40-59,1784448009,2026-07-19T16:00:09,0.0005
2,40-59,1784451613,2026-07-19T17:00:13,0.0005
2,40-59,1784455208,2026-07-19T18:00:08,0.0005
2,40-59,1784458809,2026-07-19T19:00:09,0.0005
2,40-59,1784462412,2026-07-19T20:00:12,0.0005
2,40-59,1784466010,2026-07-19T21:00:10,0.0005
2,40-59,1784469611,2026-07-19T22:00:11,0.0005
2,40-59,1784473210,2026-07-19T23:00:10,0.0005
2,40-59,1784476826,2026-07-20T00:00:26,0.0005
2,40-59,1784480414,2026-07-20T01:00:14,0.0005
2,40-59,1784484011,2026-07-20T02:00:11,0.0005
2,40-59,1784487610,2026-07-20T03:00:10,0.0005
2,40-59,1784491212,2026-07-20T04:00:12,0.0005
2,40-59,1784494825,2026-07-20T05:00:25,0.0005
2,40-59,1784498411,2026-07-20T06:00:11,0.0005
2,40-59,1784502008,2026-07-20T07:00:08,0.0005
2,40-59,1784505626,2026-07-20T08:00:26,0.0005
2,40-59,1784509209,2026-07-20T09:00:09,0.0005
2,40-59,1784512808,2026-07-20T10:00:08,0.0005
2,40-59,1784516411,2026-07-20T11:00:11,0.0005
2,40-59,1784520008,2026-07-20T12:00:08,0.0005
2,40-59,1784523621,2026-07-20T13:00:21,0.0005
2,40-59,1784527213,2026-07-20T14:00:13,0.0005
2,40-59,1784530810,2026-07-20T15:00:10,0.0005
2,40-59,1784534406,2026-07-20T16:00:06,0.0005
2,40-59,1784538013,2026-07-20T17:00:13,0.0005
2,40-59,1784541606,2026-07-20T18:00:06,0.0005
2,40-59,1784545209,2026-07-20T19:00:09,0.0005
2,40-59,1784548811,2026-07-20T20:00:11,0.0005
2,40-59,1784552410,2026-07-20T21:00:10,0.0005
2,40-59,1784556006,2026-07-20T22:00:06,0.0005
2,40-59,1784559616,2026-07-20T23:00:16,0.0005
2,40-59,1784563210,2026-07-21T00:00:10,0.0005
2,40-59,1784566819,2026-07-21T01:00:19,0.0005
2,40-59,1784570413,2026-07-21T02:00:13,0.0005
2,40-59,1784574009,2026-07-21T03:00:09,0.0005
3,60-79,1784005206,2026-07-14T13:00:06,0.0085
3,60-79,1784008807,2026-07-14T14:00:07,0.0035
3,60-79,1784012410,2026-07-14T15:00:10,0.0025
3,60-79,1784016005,2026-07-14T16:00:05,0.0025
3,60-79,1784019606,2026-07-14T17:00:06,0.0025
3,60-79,1784023207,2026-07-14T18:00:07,0.0035
3,60-79,1784026806,2026-07-14T19:00:06,0.0035
3,60-79,1784030413,2026-07-14T20:00:13,0.003
3,60-79,1784034008,2026-07-14T21:00:08,0.003
3,60-79,1784037612,2026-07-14T22:00:12,0.003
3,60-79,1784041209,2026-07-14T23:00:09,0.003
3,60-79,1784044812,2026-07-15T00:00:12,0.003
3,60-79,1784048417,2026-07-15T01:00:17,0.0025
3,60-79,1784052018,2026-07-15T02:00:18,0.003
3,60-79,1784055608,2026-07-15T03:00:08,0.004
3,60-79,1784059208,2026-07-15T04:00:08,0.0045
3,60-79,1784062808,2026-07-15T05:00:08,0.0045
3,60-79,1784066405,2026-07-15T06:00:05,0.0035
3,60-79,1784070007,2026-07-15T07:00:07,0.005
3,60-79,1784073611,2026-07-15T08:00:11,0.0045
3,60-79,1784077208,2026-07-15T09:00:08,0.0045
3,60-79,1784080810,2026-07-15T10:00:10,0.0045
3,60-79,1784084410,2026-07-15T11:00:10,0.0045
3,60-79,1784088006,2026-07-15T12:00:06,0.0045
3,60-79,1784091621,2026-07-15T13:00:21,0.0045
3,60-79,1784095210,2026-07-15T14:00:10,0.0045
3,60-79,1784098821,2026-07-15T15:00:21,0.0055
3,60-79,1784102422,2026-07-15T16:00:22,0.0055
3,60-79,1784106008,2026-07-15T17:00:08,0.0055
3,60-79,1784109605,2026-07-15T18:00:05,0.0055
3,60-79,1784113209,2026-07-15T19:00:09,0.0055
3,60-79,1784116824,2026-07-15T20:00:24,0.0055
3,60-79,1784120407,2026-07-15T21:00:07,0.0055
3,60-79,1784124007,2026-07-15T22:00:07,0.006
3,60-79,1784127611,2026-07-15T23:00:11,0.0065
3,60-79,1784131206,2026-07-16T00:00:06,0.004
3,60-79,1784134807,2026-07-16T01:00:07,0.004
3,60-79,1784138413,2026-07-16T02:00:13,0.0035
3,60-79,1784142010,2026-07-16T03:00:10,0.0035
3,60-79,1784145607,2026-07-16T04:00:07,0.0035
3,60-79,1784149208,2026-07-16T05:00:08,0.0035
3,60-79,1784152806,2026-07-16T06:00:06,0.0035
3,60-79,1784156406,2026-07-16T07:00:06,0.0035
3,60-79,1784160011,2026-07-16T08:00:11,0.0035
3,60-79,1784163606,2026-07-16T09:00:06,0.0035
3,60-79,1784167205,2026-07-16T10:00:05,0.0035
3,60-79,1784170810,2026-07-16T11:00:10,0.0035
3,60-79,1784174407,2026-07-16T12:00:07,0.0035
3,60-79,1784178006,2026-07-16T13:00:06,0.0035
3,60-79,1784181611,2026-07-16T14:00:11,0.0035
3,60-79,1784185208,2026-07-16T15:00:08,0.0035
3,60-79,1784188805,2026-07-16T16:00:05,0.0035
3,60-79,1784192411,2026-07-16T17:00:11,0.0035
3,60-79,1784196008,2026-07-16T18:00:08,0.0025
3,60-79,1784199607,2026-07-16T19:00:07,0.0025
3,60-79,1784203209,2026-07-16T20:00:09,0.0025
3,60-79,1784206808,2026-07-16T21:00:08,0.0025
3,60-79,1784210406,2026-07-16T22:00:06,0.0025
3,60-79,1784214010,2026-07-16T23:00:10,0.0025
3,60-79,1784217606,2026-07-17T00:00:06,0.0025
3,60-79,1784221207,2026-07-17T01:00:07,0.0025
3,60-79,1784224822,2026-07-17T02:00:22,0.0035
3,60-79,1784228407,2026-07-17T03:00:07,0.0035
3,60-79,1784232008,2026-07-17T04:00:08,0.0035
3,60-79,1784235609,2026-07-17T05:00:09,0.004
3,60-79,1784239207,2026-07-17T06:00:07,0.004
3,60-79,1784242809,2026-07-17T07:00:09,0.0035
3,60-79,1784246412,2026-07-17T08:00:12,0.0035
3,60-79,1784250006,2026-07-17T09:00:06,0.0035
3,60-79,1784253607,2026-07-17T10:00:07,0.0035
3,60-79,1784257210,2026-07-17T11:00:10,0.0035
3,60-79,1784260808,2026-07-17T12:00:08,0.0035
3,60-79,1784264409,2026-07-17T13:00:09,0.0035
3,60-79,1784268012,2026-07-17T14:00:12,0.0035
3,60-79,1784271604,2026-07-17T15:00:04,0.003
3,60-79,1784275206,2026-07-17T16:00:06,0.0025
3,60-79,1784278807,2026-07-17T17:00:07,0.0015
3,60-79,1784282409,2026-07-17T18:00:09,0.0015
3,60-79,1784286006,2026-07-17T19:00:06,0.002
3,60-79,1784289611,2026-07-17T20:00:11,0.002
3,60-79,1784293206,2026-07-17T21:00:06,0.0015
3,60-79,1784296807,2026-07-17T22:00:07,0.0015
3,60-79,1784300409,2026-07-17T23:00:09,0.0015
3,60-79,1784304023,2026-07-18T00:00:23,0.0015
3,60-79,1784307610,2026-07-18T01:00:10,0.0015
3,60-79,1784311226,2026-07-18T02:00:26,0.0015
3,60-79,1784314807,2026-07-18T03:00:07,0.0035
3,60-79,1784318406,2026-07-18T04:00:06,0.002
3,60-79,1784322008,2026-07-18T05:00:08,0.0015
3,60-79,1784325608,2026-07-18T06:00:08,0.0015
3,60-79,1784329209,2026-07-18T07:00:09,0.0015
3,60-79,1784332809,2026-07-18T08:00:09,0.003
3,60-79,1784336406,2026-07-18T09:00:06,0.003
3,60-79,1784340006,2026-07-18T10:00:06,0.0015
3,60-79,1784343609,2026-07-18T11:00:09,0.0015
3,60-79,1784347206,2026-07-18T12:00:06,0.0015
3,60-79,1784350807,2026-07-18T13:00:07,0.0015
3,60-79,1784354408,2026-07-18T14:00:08,0.0015
3,60-79,1784358008,2026-07-18T15:00:08,0.0015
3,60-79,1784361606,2026-07-18T16:00:06,0.0015
3,60-79,1784365212,2026-07-18T17:00:12,0.0015
3,60-79,1784368806,2026-07-18T18:00:06,0.0005
3,60-79,1784372407,2026-07-18T19:00:07,0.0005
3,60-79,1784376022,2026-07-18T20:00:22,0.0005
3,60-79,1784379607,2026-07-18T21:00:07,0.0005
3,60-79,1784383208,2026-07-18T22:00:08,0.0005
3,60-79,1784386809,2026-07-18T23:00:09,0.0005
3,60-79,1784390407,2026-07-19T00:00:07,0.001
3,60-79,1784394010,2026-07-19T01:00:10,0.001
3,60-79,1784397610,2026-07-19T02:00:10,0.001
3,60-79,1784401206,2026-07-19T03:00:06,0.001
3,60-79,1784404809,2026-07-19T04:00:09,0.001
3,60-79,1784408411,2026-07-19T05:00:11,0.001
3,60-79,1784412007,2026-07-19T06:00:07,0.001
3,60-79,1784415608,2026-07-19T07:00:08,0.001
3,60-79,1784419211,2026-07-19T08:00:11,0.0015
3,60-79,1784422807,2026-07-19T09:00:07,0.0015
3,60-79,1784426407,2026-07-19T10:00:07,0.0015
3,60-79,1784430009,2026-07-19T11:00:09,0.0015
3,60-79,1784433606,2026-07-19T12:00:06,0.003
3,60-79,1784437208,2026-07-19T13:00:08,0.0025
3,60-79,1784440813,2026-07-19T14:00:13,0.002
3,60-79,1784444407,2026-07-19T15:00:07,0.002
3,60-79,1784448008,2026-07-19T16:00:08,0.0015
3,60-79,1784451611,2026-07-19T17:00:11,0.0015
3,60-79,1784455207,2026-07-19T18:00:07,0.0015
3,60-79,1784458807,2026-07-19T19:00:07,0.0015
3,60-79,1784462410,2026-07-19T20:00:10,0.0015
3,60-79,1784466009,2026-07-19T21:00:09,0.0015
3,60-79,1784469609,2026-07-19T22:00:09,0.0025
3,60-79,1784473209,2026-07-19T23:00:09,0.0015
3,60-79,1784476823,2026-07-20T00:00:23,0.0015
3,60-79,1784480413,2026-07-20T01:00:13,0.0015
3,60-79,1784484009,2026-07-20T02:00:09,0.0015
3,60-79,1784487609,2026-07-20T03:00:09,0.0015
3,60-79,1784491211,2026-07-20T04:00:11,0.0015
3,60-79,1784494823,2026-07-20T05:00:23,0.0015
3,60-79,1784498409,2026-07-20T06:00:09,0.0015
3,60-79,1784502008,2026-07-20T07:00:08,0.0015
3,60-79,1784505624,2026-07-20T08:00:24,0.001
3,60-79,1784509208,2026-07-20T09:00:08,0.001
3,60-79,1784512807,2026-07-20T10:00:07,0.001
3,60-79,1784516409,2026-07-20T11:00:09,0.0015
3,60-79,1784520007,2026-07-20T12:00:07,0.0015
3,60-79,1784523620,2026-07-20T13:00:20,0.0005
3,60-79,1784527211,2026-07-20T14:00:11,0.0005
3,60-79,1784530808,2026-07-20T15:00:08,0.001
3,60-79,1784534406,2026-07-20T16:00:06,0.001
3,60-79,1784538011,2026-07-20T17:00:11,0.0015
3,60-79,1784541605,2026-07-20T18:00:05,0.0015
3,60-79,1784545208,2026-07-20T19:00:08,0.0015
3,60-79,1784548809,2026-07-20T20:00:09,0.0015
3,60-79,1784552409,2026-07-20T21:00:09,0.0015
3,60-79,1784556006,2026-07-20T22:00:06,0.001
3,60-79,1784559614,2026-07-20T23:00:14,0.001
3,60-79,1784563209,2026-07-21T00:00:09,0.001
3,60-79,1784566818,2026-07-21T01:00:18,0.0005
3,60-79,1784570411,2026-07-21T02:00:11,0.0005
3,60-79,1784574008,2026-07-21T03:00:08,0.0005
3,60-79,1784577623,2026-07-21T04:00:23,0.0005
3,60-79,1784581212,2026-07-21T05:00:12,0.0005
3,60-79,1784584805,2026-07-21T06:00:05,0.0005
3,60-79,1784588406,2026-07-21T07:00:06,0.0005
3,60-79,1784592011,2026-07-21T08:00:11,0.0005
3,60-79,1784595610,2026-07-21T09:00:10,0.0005
3,60-79,1784599210,2026-07-21T10:00:10,0.0005
3,60-79,1784602811,2026-07-21T11:00:11,0.0005
3,60-79,1784606422,2026-07-21T12:00:22,0.0005
3,60-79,1784610008,2026-07-21T13:00:08,0.0005
3,60-79,1784613612,2026-07-21T14:00:12,0.0005
3,60-79,1784617211,2026-07-21T15:00:11,0.0005
3,60-79,1784620808,2026-07-21T16:00:08,0.0005
3,60-79,1784624410,2026-07-21T17:00:10,0.0005
3,60-79,1784628008,2026-07-21T18:00:08,0.0005
3,60-79,1784631608,2026-07-21T19:00:08,0.0005
3,60-79,1784635213,2026-07-21T20:00:13,0.0005
3,60-79,1784638809,2026-07-21T21:00:09,0.0005
3,60-79,1784642408,2026-07-21T22:00:08,0.0005
3,60-79,1784646024,2026-07-21T23:00:24,0.0005
3,60-79,1784649610,2026-07-22T00:00:10,0.0005
3,60-79,1784653207,2026-07-22T01:00:07,0.0005
3,60-79,1784656821,2026-07-22T02:00:21,0.0005
3,60-79,1784660405,2026-07-22T03:00:05,0.0005
3,60-79,1784664006,2026-07-22T04:00:06,0.0005
4,80-99,1784005204,2026-07-14T13:00:04,0.02
4,80-99,1784008804,2026-07-14T14:00:04,0.02
4,80-99,1784012405,2026-07-14T15:00:05,0.0095
4,80-99,1784016004,2026-07-14T16:00:04,0.0175
4,80-99,1784019604,2026-07-14T17:00:04,0.012
4,80-99,1784023205,2026-07-14T18:00:05,0.0175
4,80-99,1784026805,2026-07-14T19:00:05,0.0175
4,80-99,1784030408,2026-07-14T20:00:08,0.0125
4,80-99,1784034007,2026-07-14T21:00:07,0.0155
4,80-99,1784037611,2026-07-14T22:00:11,0.0125
4,80-99,1784041205,2026-07-14T23:00:05,0.013
4,80-99,1784044811,2026-07-15T00:00:11,0.014
4,80-99,1784048411,2026-07-15T01:00:11,0.017
4,80-99,1784052013,2026-07-15T02:00:13,0.018
4,80-99,1784055605,2026-07-15T03:00:05,0.013
4,80-99,1784059205,2026-07-15T04:00:05,0.013
4,80-99,1784062803,2026-07-15T05:00:03,0.0135
4,80-99,1784066403,2026-07-15T06:00:03,0.0135
4,80-99,1784070005,2026-07-15T07:00:05,0.014
4,80-99,1784073605,2026-07-15T08:00:05,0.0175
4,80-99,1784077205,2026-07-15T09:00:05,0.0175
4,80-99,1784080808,2026-07-15T10:00:08,0.0175
4,80-99,1784084403,2026-07-15T11:00:03,0.0155
4,80-99,1784088004,2026-07-15T12:00:04,0.0175
4,80-99,1784091619,2026-07-15T13:00:19,0.0185
4,80-99,1784095204,2026-07-15T14:00:04,0.017
4,80-99,1784098817,2026-07-15T15:00:17,0.018
4,80-99,1784102420,2026-07-15T16:00:20,0.0205
4,80-99,1784106005,2026-07-15T17:00:05,0.0205
4,80-99,1784109604,2026-07-15T18:00:04,0.0205
4,80-99,1784113207,2026-07-15T19:00:07,0.0205
4,80-99,1784116817,2026-07-15T20:00:17,0.023
4,80-99,1784120405,2026-07-15T21:00:05,0.0235
4,80-99,1784124005,2026-07-15T22:00:05,0.0195
4,80-99,1784127607,2026-07-15T23:00:07,0.0205
4,80-99,1784131205,2026-07-16T00:00:05,0.0205
4,80-99,1784134805,2026-07-16T01:00:05,0.021
4,80-99,1784138407,2026-07-16T02:00:07,0.0195
4,80-99,1784142009,2026-07-16T03:00:09,0.0185
4,80-99,1784145605,2026-07-16T04:00:05,0.0185
4,80-99,1784149204,2026-07-16T05:00:04,0.0165
4,80-99,1784152804,2026-07-16T06:00:04,0.0195
4,80-99,1784156405,2026-07-16T07:00:05,0.0195
4,80-99,1784160004,2026-07-16T08:00:04,0.0195
4,80-99,1784163605,2026-07-16T09:00:05,0.0195
4,80-99,1784167204,2026-07-16T10:00:04,0.0195
4,80-99,1784170806,2026-07-16T11:00:06,0.0195
4,80-99,1784174405,2026-07-16T12:00:05,0.0195
4,80-99,1784178003,2026-07-16T13:00:03,0.0195
4,80-99,1784181603,2026-07-16T14:00:03,0.0195
4,80-99,1784185205,2026-07-16T15:00:05,0.0195
4,80-99,1784188804,2026-07-16T16:00:04,0.0195
4,80-99,1784192408,2026-07-16T17:00:08,0.0195
4,80-99,1784196005,2026-07-16T18:00:05,0.0195
4,80-99,1784199605,2026-07-16T19:00:05,0.0195
4,80-99,1784203204,2026-07-16T20:00:04,0.0195
4,80-99,1784206806,2026-07-16T21:00:06,0.0195
4,80-99,1784210404,2026-07-16T22:00:04,0.017
4,80-99,1784214003,2026-07-16T23:00:03,0.0165
4,80-99,1784217603,2026-07-17T00:00:03,0.0165
4,80-99,1784221205,2026-07-17T01:00:05,0.0185
4,80-99,1784224818,2026-07-17T02:00:18,0.0225
4,80-99,1784228404,2026-07-17T03:00:04,0.024
4,80-99,1784232005,2026-07-17T04:00:05,0.022
4,80-99,1784235605,2026-07-17T05:00:05,0.0235
4,80-99,1784239204,2026-07-17T06:00:04,0.0235
4,80-99,1784242807,2026-07-17T07:00:07,0.02
4,80-99,1784246406,2026-07-17T08:00:06,0.0215
4,80-99,1784250005,2026-07-17T09:00:05,0.025
4,80-99,1784253604,2026-07-17T10:00:04,0.024
4,80-99,1784257203,2026-07-17T11:00:03,0.021
4,80-99,1784260805,2026-07-17T12:00:05,0.0185
4,80-99,1784264404,2026-07-17T13:00:04,0.019
4,80-99,1784268004,2026-07-17T14:00:04,0.0205
4,80-99,1784271603,2026-07-17T15:00:03,0.0205
4,80-99,1784275204,2026-07-17T16:00:04,0.0175
4,80-99,1784278804,2026-07-17T17:00:04,0.016
4,80-99,1784282406,2026-07-17T18:00:06,0.0145
4,80-99,1784286004,2026-07-17T19:00:04,0.0125
4,80-99,1784289606,2026-07-17T20:00:06,0.015
4,80-99,1784293204,2026-07-17T21:00:04,0.0135
4,80-99,1784296805,2026-07-17T22:00:05,0.0135
4,80-99,1784300405,2026-07-17T23:00:05,0.014
4,80-99,1784304021,2026-07-18T00:00:21,0.018
4,80-99,1784307606,2026-07-18T01:00:06,0.011
4,80-99,1784311221,2026-07-18T02:00:21,0.0115
4,80-99,1784314805,2026-07-18T03:00:05,0.0155
4,80-99,1784318404,2026-07-18T04:00:04,0.0125
4,80-99,1784322003,2026-07-18T05:00:03,0.0125
4,80-99,1784325605,2026-07-18T06:00:05,0.0135
4,80-99,1784329206,2026-07-18T07:00:06,0.017
4,80-99,1784332804,2026-07-18T08:00:04,0.0175
4,80-99,1784336405,2026-07-18T09:00:05,0.0155
4,80-99,1784340005,2026-07-18T10:00:05,0.0115
4,80-99,1784343605,2026-07-18T11:00:05,0.0085
4,80-99,1784347204,2026-07-18T12:00:04,0.0045
4,80-99,1784350804,2026-07-18T13:00:04,0.0055
4,80-99,1784354404,2026-07-18T14:00:04,0.0045
4,80-99,1784358004,2026-07-18T15:00:04,0.004
4,80-99,1784361603,2026-07-18T16:00:03,0.0065
4,80-99,1784365207,2026-07-18T17:00:07,0.0065
4,80-99,1784368803,2026-07-18T18:00:03,0.0065
4,80-99,1784372405,2026-07-18T19:00:05,0.0065
4,80-99,1784376016,2026-07-18T20:00:16,0.0065
4,80-99,1784379605,2026-07-18T21:00:05,0.0075
4,80-99,1784383205,2026-07-18T22:00:05,0.0085
4,80-99,1784386804,2026-07-18T23:00:04,0.0085
4,80-99,1784390405,2026-07-19T00:00:05,0.0075
4,80-99,1784394004,2026-07-19T01:00:04,0.0065
4,80-99,1784397605,2026-07-19T02:00:05,0.0075
4,80-99,1784401203,2026-07-19T03:00:03,0.008
4,80-99,1784404805,2026-07-19T04:00:05,0.0105
4,80-99,1784408405,2026-07-19T05:00:05,0.0145
4,80-99,1784412004,2026-07-19T06:00:04,0.0145
4,80-99,1784415604,2026-07-19T07:00:04,0.0145
4,80-99,1784419205,2026-07-19T08:00:05,0.0145
4,80-99,1784422804,2026-07-19T09:00:04,0.0115
4,80-99,1784426405,2026-07-19T10:00:05,0.0105
4,80-99,1784430003,2026-07-19T11:00:03,0.0105
4,80-99,1784433603,2026-07-19T12:00:03,0.0135
4,80-99,1784437205,2026-07-19T13:00:05,0.01
4,80-99,1784440806,2026-07-19T14:00:06,0.0105
4,80-99,1784444404,2026-07-19T15:00:04,0.0105
4,80-99,1784448005,2026-07-19T16:00:05,0.01
4,80-99,1784451604,2026-07-19T17:00:04,0.0145
4,80-99,1784455204,2026-07-19T18:00:04,0.014
4,80-99,1784458804,2026-07-19T19:00:04,0.0145
4,80-99,1784462404,2026-07-19T20:00:04,0.016
4,80-99,1784466006,2026-07-19T21:00:06,0.0175
4,80-99,1784469605,2026-07-19T22:00:05,0.0175
4,80-99,1784473204,2026-07-19T23:00:04,0.0195
4,80-99,1784476820,2026-07-20T00:00:20,0.0195
4,80-99,1784480407,2026-07-20T01:00:07,0.0115
4,80-99,1784484004,2026-07-20T02:00:04,0.0175
4,80-99,1784487605,2026-07-20T03:00:05,0.0195
4,80-99,1784491206,2026-07-20T04:00:06,0.0185
4,80-99,1784494818,2026-07-20T05:00:18,0.0125
4,80-99,1784498404,2026-07-20T06:00:04,0.0075
4,80-99,1784502004,2026-07-20T07:00:04,0.0045
4,80-99,1784505618,2026-07-20T08:00:18,0.0045
4,80-99,1784509205,2026-07-20T09:00:05,0.0065
4,80-99,1784512804,2026-07-20T10:00:04,0.0045
4,80-99,1784516404,2026-07-20T11:00:04,0.005
4,80-99,1784520004,2026-07-20T12:00:04,0.0045
4,80-99,1784523617,2026-07-20T13:00:17,0.0045
4,80-99,1784527206,2026-07-20T14:00:06,0.0045
4,80-99,1784530804,2026-07-20T15:00:04,0.0045
4,80-99,1784534404,2026-07-20T16:00:04,0.0045
4,80-99,1784538004,2026-07-20T17:00:04,0.005
4,80-99,1784541604,2026-07-20T18:00:04,0.0065
4,80-99,1784545207,2026-07-20T19:00:07,0.0045
4,80-99,1784548804,2026-07-20T20:00:04,0.0055
4,80-99,1784552408,2026-07-20T21:00:08,0.0055
4,80-99,1784556004,2026-07-20T22:00:04,0.0055
4,80-99,1784559608,2026-07-20T23:00:08,0.0055
4,80-99,1784563207,2026-07-21T00:00:07,0.0035
4,80-99,1784566812,2026-07-21T01:00:12,0.0065
4,80-99,1784570404,2026-07-21T02:00:04,0.0045
4,80-99,1784574005,2026-07-21T03:00:05,0.006
4,80-99,1784577618,2026-07-21T04:00:18,0.0055
4,80-99,1784581207,2026-07-21T05:00:07,0.0065
4,80-99,1784584804,2026-07-21T06:00:04,0.0065
4,80-99,1784588404,2026-07-21T07:00:04,0.0075
4,80-99,1784592006,2026-07-21T08:00:06,0.0105
4,80-99,1784595607,2026-07-21T09:00:07,0.0115
4,80-99,1784599206,2026-07-21T10:00:06,0.0135
4,80-99,1784602806,2026-07-21T11:00:06,0.014
4,80-99,1784606421,2026-07-21T12:00:21,0.0195
4,80-99,1784610004,2026-07-21T13:00:04,0.0035
4,80-99,1784613606,2026-07-21T14:00:06,0.0045
4,80-99,1784617206,2026-07-21T15:00:06,0.0025
4,80-99,1784620804,2026-07-21T16:00:04,0.0025
4,80-99,1784624406,2026-07-21T17:00:06,0.0015
4,80-99,1784628005,2026-07-21T18:00:05,0.0015
4,80-99,1784631604,2026-07-21T19:00:04,0.0015
4,80-99,1784635206,2026-07-21T20:00:06,0.0015
4,80-99,1784638805,2026-07-21T21:00:05,0.0015
4,80-99,1784642404,2026-07-21T22:00:04,0.0015
4,80-99,1784646017,2026-07-21T23:00:17,0.0015
4,80-99,1784649605,2026-07-22T00:00:05,0.0025
4,80-99,1784653204,2026-07-22T01:00:04,0.0025
4,80-99,1784656808,2026-07-22T02:00:08,0.0025
4,80-99,1784660404,2026-07-22T03:00:04,0.0015
4,80-99,1784664005,2026-07-22T04:00:05,0.0025
4,80-99,1784667605,2026-07-22T05:00:05,0.0015
4,80-99,1784671204,2026-07-22T06:00:04,0.0015
4,80-99,1784674817,2026-07-22T07:00:17,0.0015
4,80-99,1784678405,2026-07-22T08:00:05,0.0015
4,80-99,1784682006,2026-07-22T09:00:06,0.0015
4,80-99,1784685606,2026-07-22T10:00:06,0.0015
4,80-99,1784689206,2026-07-22T11:00:06,0.0005
4,80-99,1784692804,2026-07-22T12:00:04,0.0005
4,80-99,1784696404,2026-07-22T13:00:04,0.0005
5,100-119,1784005206,2026-07-14T13:00:06,0.105
5,100-119,1784008808,2026-07-14T14:00:08,0.075
5,100-119,1784012410,2026-07-14T15:00:10,0.0155
5,100-119,1784016005,2026-07-14T16:00:05,0.0155
5,100-119,1784019606,2026-07-14T17:00:06,0.0155
5,100-119,1784023207,2026-07-14T18:00:07,0.016
5,100-119,1784026806,2026-07-14T19:00:06,0.016
5,100-119,1784030413,2026-07-14T20:00:13,0.025
5,100-119,1784034009,2026-07-14T21:00:09,0.0245
5,100-119,1784037613,2026-07-14T22:00:13,0.025
5,100-119,1784041209,2026-07-14T23:00:09,0.035
5,100-119,1784044813,2026-07-15T00:00:13,0.035
5,100-119,1784048418,2026-07-15T01:00:18,0.0345
5,100-119,1784052018,2026-07-15T02:00:18,0.0315
5,100-119,1784055608,2026-07-15T03:00:08,0.033
5,100-119,1784059208,2026-07-15T04:00:08,0.033
5,100-119,1784062808,2026-07-15T05:00:08,0.033
5,100-119,1784066406,2026-07-15T06:00:06,0.0615
5,100-119,1784070007,2026-07-15T07:00:07,0.066
5,100-119,1784073612,2026-07-15T08:00:12,0.0665
5,100-119,1784077208,2026-07-15T09:00:08,0.0665
5,100-119,1784080810,2026-07-15T10:00:10,0.0665
5,100-119,1784084410,2026-07-15T11:00:10,0.063
5,100-119,1784088006,2026-07-15T12:00:06,0.0635
5,100-119,1784091622,2026-07-15T13:00:22,0.0645
5,100-119,1784095211,2026-07-15T14:00:11,0.0645
5,100-119,1784098821,2026-07-15T15:00:21,0.0725
5,100-119,1784102422,2026-07-15T16:00:22,0.0725
5,100-119,1784106009,2026-07-15T17:00:09,0.0725
5,100-119,1784109605,2026-07-15T18:00:05,0.0725
5,100-119,1784113209,2026-07-15T19:00:09,0.0735
5,100-119,1784116825,2026-07-15T20:00:25,0.0725
5,100-119,1784120407,2026-07-15T21:00:07,0.073
5,100-119,1784124007,2026-07-15T22:00:07,0.0725
5,100-119,1784127611,2026-07-15T23:00:11,0.07
5,100-119,1784131207,2026-07-16T00:00:07,0.0635
5,100-119,1784134808,2026-07-16T01:00:08,0.063
5,100-119,1784138413,2026-07-16T02:00:13,0.0625
5,100-119,1784142010,2026-07-16T03:00:10,0.062
5,100-119,1784145608,2026-07-16T04:00:08,0.062
5,100-119,1784149209,2026-07-16T05:00:09,0.0625
5,100-119,1784152806,2026-07-16T06:00:06,0.0625
5,100-119,1784156407,2026-07-16T07:00:07,0.0625
5,100-119,1784160013,2026-07-16T08:00:13,0.0625
5,100-119,1784163606,2026-07-16T09:00:06,0.0625
5,100-119,1784167205,2026-07-16T10:00:05,0.0625
5,100-119,1784170810,2026-07-16T11:00:10,0.0625
5,100-119,1784174407,2026-07-16T12:00:07,0.0625
5,100-119,1784178006,2026-07-16T13:00:06,0.0625
5,100-119,1784181611,2026-07-16T14:00:11,0.0625
5,100-119,1784185208,2026-07-16T15:00:08,0.0625
5,100-119,1784188805,2026-07-16T16:00:05,0.0625
5,100-119,1784192411,2026-07-16T17:00:11,0.0625
5,100-119,1784196008,2026-07-16T18:00:08,0.0625
5,100-119,1784199608,2026-07-16T19:00:08,0.0625
5,100-119,1784203209,2026-07-16T20:00:09,0.0625
5,100-119,1784206808,2026-07-16T21:00:08,0.061
5,100-119,1784210406,2026-07-16T22:00:06,0.0605
5,100-119,1784214011,2026-07-16T23:00:11,0.053
5,100-119,1784217606,2026-07-17T00:00:06,0.051
5,100-119,1784221207,2026-07-17T01:00:07,0.0655
5,100-119,1784224823,2026-07-17T02:00:23,0.068
5,100-119,1784228407,2026-07-17T03:00:07,0.068
5,100-119,1784232008,2026-07-17T04:00:08,0.066
5,100-119,1784235609,2026-07-17T05:00:09,0.0685
5,100-119,1784239207,2026-07-17T06:00:07,0.0675
5,100-119,1784242810,2026-07-17T07:00:10,0.0645
5,100-119,1784246413,2026-07-17T08:00:13,0.061
5,100-119,1784250006,2026-07-17T09:00:06,0.0665
5,100-119,1784253608,2026-07-17T10:00:08,0.0665
5,100-119,1784257210,2026-07-17T11:00:10,0.0655
5,100-119,1784260809,2026-07-17T12:00:09,0.067
5,100-119,1784264410,2026-07-17T13:00:10,0.066
5,100-119,1784268013,2026-07-17T14:00:13,0.067
5,100-119,1784271605,2026-07-17T15:00:05,0.0665
5,100-119,1784275206,2026-07-17T16:00:06,0.063
5,100-119,1784278808,2026-07-17T17:00:08,0.062
5,100-119,1784282410,2026-07-17T18:00:10,0.0575
5,100-119,1784286007,2026-07-17T19:00:07,0.056
5,100-119,1784289612,2026-07-17T20:00:12,0.056
5,100-119,1784293206,2026-07-17T21:00:06,0.055
5,100-119,1784296807,2026-07-17T22:00:07,0.0535
5,100-119,1784300409,2026-07-17T23:00:09,0.055
5,100-119,1784304023,2026-07-18T00:00:23,0.039
5,100-119,1784307612,2026-07-18T01:00:12,0.0545
5,100-119,1784311226,2026-07-18T02:00:26,0.0555
5,100-119,1784314807,2026-07-18T03:00:07,0.0555
5,100-119,1784318407,2026-07-18T04:00:07,0.061
5,100-119,1784322008,2026-07-18T05:00:08,0.0625
5,100-119,1784325608,2026-07-18T06:00:08,0.0645
5,100-119,1784329209,2026-07-18T07:00:09,0.0645
5,100-119,1784332809,2026-07-18T08:00:09,0.0645
5,100-119,1784336406,2026-07-18T09:00:06,0.0635
5,100-119,1784340007,2026-07-18T10:00:07,0.062
5,100-119,1784343609,2026-07-18T11:00:09,0.05
5,100-119,1784347206,2026-07-18T12:00:06,0.0335
5,100-119,1784350807,2026-07-18T13:00:07,0.036
5,100-119,1784354408,2026-07-18T14:00:08,0.029
5,100-119,1784358009,2026-07-18T15:00:09,0.028
5,100-119,1784361606,2026-07-18T16:00:06,0.0355
5,100-119,1784365212,2026-07-18T17:00:12,0.0355
5,100-119,1784368806,2026-07-18T18:00:06,0.0385
5,100-119,1784372407,2026-07-18T19:00:07,0.0385
5,100-119,1784376022,2026-07-18T20:00:22,0.0395
5,100-119,1784379607,2026-07-18T21:00:07,0.0595
5,100-119,1784383208,2026-07-18T22:00:08,0.06
5,100-119,1784386810,2026-07-18T23:00:10,0.0575
5,100-119,1784390408,2026-07-19T00:00:08,0.0495
5,100-119,1784394013,2026-07-19T01:00:13,0.0465
5,100-119,1784397611,2026-07-19T02:00:11,0.0535
5,100-119,1784401206,2026-07-19T03:00:06,0.0545
5,100-119,1784404810,2026-07-19T04:00:10,0.0555
5,100-119,1784408411,2026-07-19T05:00:11,0.059
5,100-119,1784412007,2026-07-19T06:00:07,0.0575
5,100-119,1784415610,2026-07-19T07:00:10,0.0585
5,100-119,1784419212,2026-07-19T08:00:12,0.0595
5,100-119,1784422807,2026-07-19T09:00:07,0.054
5,100-119,1784426407,2026-07-19T10:00:07,0.0595
5,100-119,1784430010,2026-07-19T11:00:10,0.0595
5,100-119,1784433607,2026-07-19T12:00:07,0.0595
5,100-119,1784437209,2026-07-19T13:00:09,0.053
5,100-119,1784440813,2026-07-19T14:00:13,0.056
5,100-119,1784444408,2026-07-19T15:00:08,0.0585
5,100-119,1784448008,2026-07-19T16:00:08,0.061
5,100-119,1784451611,2026-07-19T17:00:11,0.062
5,100-119,1784455207,2026-07-19T18:00:07,0.062
5,100-119,1784458808,2026-07-19T19:00:08,0.0695
5,100-119,1784462410,2026-07-19T20:00:10,0.0715
5,100-119,1784466009,2026-07-19T21:00:09,0.0745
5,100-119,1784469609,2026-07-19T22:00:09,0.0775
5,100-119,1784473209,2026-07-19T23:00:09,0.0825
5,100-119,1784476823,2026-07-20T00:00:23,0.0885
5,100-119,1784480414,2026-07-20T01:00:14,0.077
5,100-119,1784484011,2026-07-20T02:00:11,0.082
5,100-119,1784487610,2026-07-20T03:00:10,0.0895
5,100-119,1784491212,2026-07-20T04:00:12,0.0895
5,100-119,1784494825,2026-07-20T05:00:25,0.0895
5,100-119,1784498411,2026-07-20T06:00:11,0.067
5,100-119,1784502008,2026-07-20T07:00:08,0.0305
5,100-119,1784505626,2026-07-20T08:00:26,0.0295
5,100-119,1784509209,2026-07-20T09:00:09,0.032
5,100-119,1784512808,2026-07-20T10:00:08,0.0315
5,100-119,1784516411,2026-07-20T11:00:11,0.039
5,100-119,1784520008,2026-07-20T12:00:08,0.0325
5,100-119,1784523621,2026-07-20T13:00:21,0.0355
5,100-119,1784527213,2026-07-20T14:00:13,0.0375
5,100-119,1784530810,2026-07-20T15:00:10,0.0395
5,100-119,1784534406,2026-07-20T16:00:06,0.0445
5,100-119,1784538013,2026-07-20T17:00:13,0.0485
5,100-119,1784541606,2026-07-20T18:00:06,0.0525
5,100-119,1784545209,2026-07-20T19:00:09,0.045
5,100-119,1784548811,2026-07-20T20:00:11,0.0475
5,100-119,1784552410,2026-07-20T21:00:10,0.0485
5,100-119,1784556006,2026-07-20T22:00:06,0.0495
5,100-119,1784559616,2026-07-20T23:00:16,0.0505
5,100-119,1784563210,2026-07-21T00:00:10,0.0385
5,100-119,1784566819,2026-07-21T01:00:19,0.0525
5,100-119,1784570413,2026-07-21T02:00:13,0.0445
5,100-119,1784574009,2026-07-21T03:00:09,0.053
5,100-119,1784577625,2026-07-21T04:00:25,0.0545
5,100-119,1784581214,2026-07-21T05:00:14,0.0565
5,100-119,1784584806,2026-07-21T06:00:06,0.0565
5,100-119,1784588406,2026-07-21T07:00:06,0.0695
5,100-119,1784592013,2026-07-21T08:00:13,0.0785
5,100-119,1784595612,2026-07-21T09:00:12,0.0875
5,100-119,1784599212,2026-07-21T10:00:12,0.0895
5,100-119,1784602813,2026-07-21T11:00:13,0.0965
5,100-119,1784606422,2026-07-21T12:00:22,0.1285
5,100-119,1784610009,2026-07-21T13:00:09,0.0835
5,100-119,1784613614,2026-07-21T14:00:14,0.09
5,100-119,1784617214,2026-07-21T15:00:14,0.0325
5,100-119,1784620809,2026-07-21T16:00:09,0.0365
5,100-119,1784624412,2026-07-21T17:00:12,0.043
5,100-119,1784628009,2026-07-21T18:00:09,0.043
5,100-119,1784631609,2026-07-21T19:00:09,0.0445
5,100-119,1784635218,2026-07-21T20:00:18,0.0435
5,100-119,1784638810,2026-07-21T21:00:10,0.043
5,100-119,1784642409,2026-07-21T22:00:09,0.0445
5,100-119,1784646027,2026-07-21T23:00:27,0.0505
5,100-119,1784649612,2026-07-22T00:00:12,0.0635
5,100-119,1784653209,2026-07-22T01:00:09,0.039
5,100-119,1784656826,2026-07-22T02:00:26,0.0525
5,100-119,1784660406,2026-07-22T03:00:06,0.0425
5,100-119,1784664007,2026-07-22T04:00:07,0.05
5,100-119,1784667626,2026-07-22T05:00:26,0.037
5,100-119,1784671209,2026-07-22T06:00:09,0.0375
5,100-119,1784674821,2026-07-22T07:00:21,0.0425
5,100-119,1784678410,2026-07-22T08:00:10,0.044
5,100-119,1784682007,2026-07-22T09:00:07,0.0495
5,100-119,1784685607,2026-07-22T10:00:07,0.0245
5,100-119,1784689211,2026-07-22T11:00:11,0.0105
5,100-119,1784692809,2026-07-22T12:00:09,0.0035
5,100-119,1784696406,2026-07-22T13:00:06,0.0055
5,100-119,1784700025,2026-07-22T14:00:25,0.0015
5,100-119,1784703609,2026-07-22T15:00:09,0.0005
5,100-119,1784707206,2026-07-22T16:00:06,0.0005
5,100-119,1784710812,2026-07-22T17:00:12,0.0005
6,120-139,1784005206,2026-07-14T13:00:06,0.105
6,120-139,1784008808,2026-07-14T14:00:08,0.11
6,120-139,1784012410,2026-07-14T15:00:10,0.085
6,120-139,1784016005,2026-07-14T16:00:05,0.085
6,120-139,1784019606,2026-07-14T17:00:06,0.085
6,120-139,1784023207,2026-07-14T18:00:07,0.085
6,120-139,1784026806,2026-07-14T19:00:06,0.085
6,120-139,1784030413,2026-07-14T20:00:13,0.09
6,120-139,1784034009,2026-07-14T21:00:09,0.09
6,120-139,1784037613,2026-07-14T22:00:13,0.09
6,120-139,1784041209,2026-07-14T23:00:09,0.09
6,120-139,1784044813,2026-07-15T00:00:13,0.095
6,120-139,1784048418,2026-07-15T01:00:18,0.145
6,120-139,1784052018,2026-07-15T02:00:18,0.145
6,120-139,1784055608,2026-07-15T03:00:08,0.13
6,120-139,1784059208,2026-07-15T04:00:08,0.13
6,120-139,1784062808,2026-07-15T05:00:08,0.13
6,120-139,1784066405,2026-07-15T06:00:05,0.125
6,120-139,1784070007,2026-07-15T07:00:07,0.12
6,120-139,1784073612,2026-07-15T08:00:12,0.125
6,120-139,1784077208,2026-07-15T09:00:08,0.115
6,120-139,1784080810,2026-07-15T10:00:10,0.115
6,120-139,1784084410,2026-07-15T11:00:10,0.115
6,120-139,1784088006,2026-07-15T12:00:06,0.115
6,120-139,1784091622,2026-07-15T13:00:22,0.115
6,120-139,1784095211,2026-07-15T14:00:11,0.115
6,120-139,1784098821,2026-07-15T15:00:21,0.115
6,120-139,1784102422,2026-07-15T16:00:22,0.115
6,120-139,1784106009,2026-07-15T17:00:09,0.115
6,120-139,1784109605,2026-07-15T18:00:05,0.115
6,120-139,1784113209,2026-07-15T19:00:09,0.115
6,120-139,1784116825,2026-07-15T20:00:25,0.115
6,120-139,1784120407,2026-07-15T21:00:07,0.115
6,120-139,1784124007,2026-07-15T22:00:07,0.11
6,120-139,1784127611,2026-07-15T23:00:11,0.11
6,120-139,1784131206,2026-07-16T00:00:06,0.105
6,120-139,1784134808,2026-07-16T01:00:08,0.105
6,120-139,1784138413,2026-07-16T02:00:13,0.105
6,120-139,1784142010,2026-07-16T03:00:10,0.105
6,120-139,1784145608,2026-07-16T04:00:08,0.105
6,120-139,1784149209,2026-07-16T05:00:09,0.105
6,120-139,1784152806,2026-07-16T06:00:06,0.105
6,120-139,1784156407,2026-07-16T07:00:07,0.105
6,120-139,1784160013,2026-07-16T08:00:13,0.105
6,120-139,1784163606,2026-07-16T09:00:06,0.105
6,120-139,1784167205,2026-07-16T10:00:05,0.105
6,120-139,1784170810,2026-07-16T11:00:10,0.105
6,120-139,1784174407,2026-07-16T12:00:07,0.105
6,120-139,1784178006,2026-07-16T13:00:06,0.105
6,120-139,1784181611,2026-07-16T14:00:11,0.105
6,120-139,1784185208,2026-07-16T15:00:08,0.105
6,120-139,1784188805,2026-07-16T16:00:05,0.105
6,120-139,1784192411,2026-07-16T17:00:11,0.105
6,120-139,1784196008,2026-07-16T18:00:08,0.095
6,120-139,1784199607,2026-07-16T19:00:07,0.095
6,120-139,1784203209,2026-07-16T20:00:09,0.095
6,120-139,1784206808,2026-07-16T21:00:08,0.085
6,120-139,1784210406,2026-07-16T22:00:06,0.085
6,120-139,1784214011,2026-07-16T23:00:11,0.085
6,120-139,1784217606,2026-07-17T00:00:06,0.085
6,120-139,1784221207,2026-07-17T01:00:07,0.105
6,120-139,1784224823,2026-07-17T02:00:23,0.105
6,120-139,1784228407,2026-07-17T03:00:07,0.115
6,120-139,1784232008,2026-07-17T04:00:08,0.11
6,120-139,1784235609,2026-07-17T05:00:09,0.115
6,120-139,1784239207,2026-07-17T06:00:07,0.115
6,120-139,1784242810,2026-07-17T07:00:10,0.105
6,120-139,1784246413,2026-07-17T08:00:13,0.1
6,120-139,1784250006,2026-07-17T09:00:06,0.105
6,120-139,1784253608,2026-07-17T10:00:08,0.105
6,120-139,1784257210,2026-07-17T11:00:10,0.105
6,120-139,1784260809,2026-07-17T12:00:09,0.105
6,120-139,1784264410,2026-07-17T13:00:10,0.115
6,120-139,1784268013,2026-07-17T14:00:13,0.115
6,120-139,1784271605,2026-07-17T15:00:05,0.105
6,120-139,1784275206,2026-07-17T16:00:06,0.115
6,120-139,1784278808,2026-07-17T17:00:08,0.115
6,120-139,1784282410,2026-07-17T18:00:10,0.115
6,120-139,1784286007,2026-07-17T19:00:07,0.115
6,120-139,1784289612,2026-07-17T20:00:12,0.105
6,120-139,1784293206,2026-07-17T21:00:06,0.105
6,120-139,1784296807,2026-07-17T22:00:07,0.105
6,120-139,1784300409,2026-07-17T23:00:09,0.105
6,120-139,1784304023,2026-07-18T00:00:23,0.075
6,120-139,1784307612,2026-07-18T01:00:12,0.115
6,120-139,1784311226,2026-07-18T02:00:26,0.115
6,120-139,1784314807,2026-07-18T03:00:07,0.115
6,120-139,1784318407,2026-07-18T04:00:07,0.125
6,120-139,1784322008,2026-07-18T05:00:08,0.125
6,120-139,1784325608,2026-07-18T06:00:08,0.125
6,120-139,1784329209,2026-07-18T07:00:09,0.125
6,120-139,1784332809,2026-07-18T08:00:09,0.125
6,120-139,1784336406,2026-07-18T09:00:06,0.125
6,120-139,1784340006,2026-07-18T10:00:06,0.125
6,120-139,1784343609,2026-07-18T11:00:09,0.125
6,120-139,1784347206,2026-07-18T12:00:06,0.115
6,120-139,1784350807,2026-07-18T13:00:07,0.105
6,120-139,1784354408,2026-07-18T14:00:08,0.105
6,120-139,1784358009,2026-07-18T15:00:09,0.095
6,120-139,1784361606,2026-07-18T16:00:06,0.095
6,120-139,1784365212,2026-07-18T17:00:12,0.095
6,120-139,1784368806,2026-07-18T18:00:06,0.095
6,120-139,1784372407,2026-07-18T19:00:07,0.095
6,120-139,1784376022,2026-07-18T20:00:22,0.095
6,120-139,1784379607,2026-07-18T21:00:07,0.105
6,120-139,1784383208,2026-07-18T22:00:08,0.115
6,120-139,1784386810,2026-07-18T23:00:10,0.115
6,120-139,1784390408,2026-07-19T00:00:08,0.105
6,120-139,1784394013,2026-07-19T01:00:13,0.105
6,120-139,1784397611,2026-07-19T02:00:11,0.115
6,120-139,1784401206,2026-07-19T03:00:06,0.115
6,120-139,1784404810,2026-07-19T04:00:10,0.125
6,120-139,1784408411,2026-07-19T05:00:11,0.125
6,120-139,1784412007,2026-07-19T06:00:07,0.125
6,120-139,1784415610,2026-07-19T07:00:10,0.135
6,120-139,1784419212,2026-07-19T08:00:12,0.135
6,120-139,1784422807,2026-07-19T09:00:07,0.135
6,120-139,1784426407,2026-07-19T10:00:07,0.135
6,120-139,1784430010,2026-07-19T11:00:10,0.135
6,120-139,1784433607,2026-07-19T12:00:07,0.145
6,120-139,1784437208,2026-07-19T13:00:08,0.125
6,120-139,1784440813,2026-07-19T14:00:13,0.125
6,120-139,1784444408,2026-07-19T15:00:08,0.125
6,120-139,1784448008,2026-07-19T16:00:08,0.135
6,120-139,1784451611,2026-07-19T17:00:11,0.145
6,120-139,1784455207,2026-07-19T18:00:07,0.155
6,120-139,1784458808,2026-07-19T19:00:08,0.155
6,120-139,1784462410,2026-07-19T20:00:10,0.155
6,120-139,1784466009,2026-07-19T21:00:09,0.155
6,120-139,1784469609,2026-07-19T22:00:09,0.155
6,120-139,1784473209,2026-07-19T23:00:09,0.155
6,120-139,1784476823,2026-07-20T00:00:23,0.155
6,120-139,1784480413,2026-07-20T01:00:13,0.155
6,120-139,1784484011,2026-07-20T02:00:11,0.165
6,120-139,1784487610,2026-07-20T03:00:10,0.175
6,120-139,1784491212,2026-07-20T04:00:12,0.175
6,120-139,1784494825,2026-07-20T05:00:25,0.175
6,120-139,1784498411,2026-07-20T06:00:11,0.145
6,120-139,1784502008,2026-07-20T07:00:08,0.115
6,120-139,1784505624,2026-07-20T08:00:24,0.115
6,120-139,1784509208,2026-07-20T09:00:08,0.115
6,120-139,1784512807,2026-07-20T10:00:07,0.125
6,120-139,1784516409,2026-07-20T11:00:09,0.135
6,120-139,1784520007,2026-07-20T12:00:07,0.135
6,120-139,1784523620,2026-07-20T13:00:20,0.135
6,120-139,1784527213,2026-07-20T14:00:13,0.145
6,120-139,1784530810,2026-07-20T15:00:10,0.145
6,120-139,1784534406,2026-07-20T16:00:06,0.145
6,120-139,1784538013,2026-07-20T17:00:13,0.145
6,120-139,1784541606,2026-07-20T18:00:06,0.165
6,120-139,1784545209,2026-07-20T19:00:09,0.145
6,120-139,1784548811,2026-07-20T20:00:11,0.165
6,120-139,1784552410,2026-07-20T21:00:10,0.165
6,120-139,1784556006,2026-07-20T22:00:06,0.165
6,120-139,1784559616,2026-07-20T23:00:16,0.165
6,120-139,1784563210,2026-07-21T00:00:10,0.155
6,120-139,1784566819,2026-07-21T01:00:19,0.165
6,120-139,1784570413,2026-07-21T02:00:13,0.165
6,120-139,1784574009,2026-07-21T03:00:09,0.185
6,120-139,1784577624,2026-07-21T04:00:24,0.185
6,120-139,1784581213,2026-07-21T05:00:13,0.205
6,120-139,1784584806,2026-07-21T06:00:06,0.205
6,120-139,1784588406,2026-07-21T07:00:06,0.205
6,120-139,1784592013,2026-07-21T08:00:13,0.205
6,120-139,1784595612,2026-07-21T09:00:12,0.205
6,120-139,1784599212,2026-07-21T10:00:12,0.215
6,120-139,1784602813,2026-07-21T11:00:13,0.215
6,120-139,1784606422,2026-07-21T12:00:22,0.225
6,120-139,1784610009,2026-07-21T13:00:09,0.205
6,120-139,1784613614,2026-07-21T14:00:14,0.225
6,120-139,1784617214,2026-07-21T15:00:14,0.165
6,120-139,1784620809,2026-07-21T16:00:09,0.175
6,120-139,1784624412,2026-07-21T17:00:12,0.185
6,120-139,1784628009,2026-07-21T18:00:09,0.195
6,120-139,1784631609,2026-07-21T19:00:09,0.195
6,120-139,1784635217,2026-07-21T20:00:17,0.195
6,120-139,1784638810,2026-07-21T21:00:10,0.195
6,120-139,1784642409,2026-07-21T22:00:09,0.175
6,120-139,1784646027,2026-07-21T23:00:27,0.205
6,120-139,1784649612,2026-07-22T00:00:12,0.215
6,120-139,1784653209,2026-07-22T01:00:09,0.195
6,120-139,1784656826,2026-07-22T02:00:26,0.225
6,120-139,1784660406,2026-07-22T03:00:06,0.195
6,120-139,1784664007,2026-07-22T04:00:07,0.215
6,120-139,1784667626,2026-07-22T05:00:26,0.185
6,120-139,1784671209,2026-07-22T06:00:09,0.195
6,120-139,1784674821,2026-07-22T07:00:21,0.225
6,120-139,1784678410,2026-07-22T08:00:10,0.215
6,120-139,1784682007,2026-07-22T09:00:07,0.255
6,120-139,1784685607,2026-07-22T10:00:07,0.195
6,120-139,1784689211,2026-07-22T11:00:11,0.155
6,120-139,1784692809,2026-07-22T12:00:09,0.085
6,120-139,1784696406,2026-07-22T13:00:06,0.085
6,120-139,1784700025,2026-07-22T14:00:25,0.045
6,120-139,1784703609,2026-07-22T15:00:09,0.0105
6,120-139,1784707206,2026-07-22T16:00:06,0.0045
6,120-139,1784710812,2026-07-22T17:00:12,0.003
6,120-139,1784714407,2026-07-22T18:00:07,0.0025
6,120-139,1784718006,2026-07-22T19:00:06,0.0025
6,120-139,1784721610,2026-07-22T20:00:10,0.0025
6,120-139,1784725207,2026-07-22T21:00:07,0.0005
6,120-139,1784728806,2026-07-22T22:00:06,0.0005
6,120-139,1784732411,2026-07-22T23:00:11,0.0005
6,120-139,1784736007,2026-07-23T00:00:07,0.0005
6,120-139,1784739619,2026-07-23T01:00:19,0.0005
6,120-139,1784743212,2026-07-23T02:00:12,0.0005
7,140-159,1784005206,2026-07-14T13:00:06,0.12
7,140-159,1784008810,2026-07-14T14:00:10,0.145
7,140-159,1784012413,2026-07-14T15:00:13,0.125
7,140-159,1784016006,2026-07-14T16:00:06,0.125
7,140-159,1784019608,2026-07-14T17:00:08,0.125
7,140-159,1784023208,2026-07-14T18:00:08,0.125
7,140-159,1784026807,2026-07-14T19:00:07,0.125
7,140-159,1784030415,2026-07-14T20:00:15,0.145
7,140-159,1784034009,2026-07-14T21:00:09,0.14
7,140-159,1784037613,2026-07-14T22:00:13,0.14
7,140-159,1784041211,2026-07-14T23:00:11,0.14
7,140-159,1784044814,2026-07-15T00:00:14,0.135
7,140-159,1784048430,2026-07-15T01:00:30,0.135
7,140-159,1784052020,2026-07-15T02:00:20,0.13
7,140-159,1784055609,2026-07-15T03:00:09,0.135
7,140-159,1784059209,2026-07-15T04:00:09,0.135
7,140-159,1784062810,2026-07-15T05:00:10,0.135
7,140-159,1784066406,2026-07-15T06:00:06,0.135
7,140-159,1784070008,2026-07-15T07:00:08,0.14
7,140-159,1784073616,2026-07-15T08:00:16,0.135
7,140-159,1784077209,2026-07-15T09:00:09,0.135
7,140-159,1784080811,2026-07-15T10:00:11,0.135
7,140-159,1784084415,2026-07-15T11:00:15,0.135
7,140-159,1784088008,2026-07-15T12:00:08,0.135
7,140-159,1784091623,2026-07-15T13:00:23,0.135
7,140-159,1784095213,2026-07-15T14:00:13,0.135
7,140-159,1784098825,2026-07-15T15:00:25,0.135
7,140-159,1784102424,2026-07-15T16:00:24,0.135
7,140-159,1784106011,2026-07-15T17:00:11,0.135
7,140-159,1784109606,2026-07-15T18:00:06,0.135
7,140-159,1784113210,2026-07-15T19:00:10,0.135
7,140-159,1784116828,2026-07-15T20:00:28,0.125
7,140-159,1784120408,2026-07-15T21:00:08,0.135
7,140-159,1784124009,2026-07-15T22:00:09,0.135
7,140-159,1784127614,2026-07-15T23:00:14,0.135
7,140-159,1784131207,2026-07-16T00:00:07,0.135
7,140-159,1784134811,2026-07-16T01:00:11,0.135
7,140-159,1784138415,2026-07-16T02:00:15,0.135
7,140-159,1784142011,2026-07-16T03:00:11,0.135
7,140-159,1784145609,2026-07-16T04:00:09,0.135
7,140-159,1784149211,2026-07-16T05:00:11,0.135
7,140-159,1784152807,2026-07-16T06:00:07,0.135
7,140-159,1784156408,2026-07-16T07:00:08,0.135
7,140-159,1784160015,2026-07-16T08:00:15,0.135
7,140-159,1784163606,2026-07-16T09:00:06,0.135
7,140-159,1784167206,2026-07-16T10:00:06,0.135
7,140-159,1784170812,2026-07-16T11:00:12,0.135
7,140-159,1784174408,2026-07-16T12:00:08,0.135
7,140-159,1784178008,2026-07-16T13:00:08,0.135
7,140-159,1784181631,2026-07-16T14:00:31,0.125
7,140-159,1784185211,2026-07-16T15:00:11,0.125
7,140-159,1784188805,2026-07-16T16:00:05,0.125
7,140-159,1784192413,2026-07-16T17:00:13,0.125
7,140-159,1784196009,2026-07-16T18:00:09,0.125
7,140-159,1784199609,2026-07-16T19:00:09,0.125
7,140-159,1784203212,2026-07-16T20:00:12,0.125
7,140-159,1784206809,2026-07-16T21:00:09,0.125
7,140-159,1784210408,2026-07-16T22:00:08,0.125
7,140-159,1784214013,2026-07-16T23:00:13,0.125
7,140-159,1784217607,2026-07-17T00:00:07,0.125
7,140-159,1784221209,2026-07-17T01:00:09,0.135
7,140-159,1784224825,2026-07-17T02:00:25,0.135
7,140-159,1784228409,2026-07-17T03:00:09,0.135
7,140-159,1784232009,2026-07-17T04:00:09,0.135
7,140-159,1784235612,2026-07-17T05:00:12,0.135
7,140-159,1784239209,2026-07-17T06:00:09,0.135
7,140-159,1784242811,2026-07-17T07:00:11,0.135
7,140-159,1784246416,2026-07-17T08:00:16,0.135
7,140-159,1784250007,2026-07-17T09:00:07,0.135
7,140-159,1784253610,2026-07-17T10:00:10,0.135
7,140-159,1784257214,2026-07-17T11:00:14,0.135
7,140-159,1784260812,2026-07-17T12:00:12,0.135
7,140-159,1784264413,2026-07-17T13:00:13,0.145
7,140-159,1784268019,2026-07-17T14:00:19,0.145
7,140-159,1784271606,2026-07-17T15:00:06,0.145
7,140-159,1784275207,2026-07-17T16:00:07,0.145
7,140-159,1784278811,2026-07-17T17:00:11,0.145
7,140-159,1784282414,2026-07-17T18:00:14,0.145
7,140-159,1784286009,2026-07-17T19:00:09,0.145
7,140-159,1784289618,2026-07-17T20:00:18,0.145
7,140-159,1784293209,2026-07-17T21:00:09,0.145
7,140-159,1784296810,2026-07-17T22:00:10,0.145
7,140-159,1784300413,2026-07-17T23:00:13,0.145
7,140-159,1784304024,2026-07-18T00:00:24,0.105
7,140-159,1784307616,2026-07-18T01:00:16,0.195
7,140-159,1784311229,2026-07-18T02:00:29,0.195
7,140-159,1784314810,2026-07-18T03:00:10,0.195
7,140-159,1784318410,2026-07-18T04:00:10,0.195
7,140-159,1784322012,2026-07-18T05:00:12,0.195
7,140-159,1784325612,2026-07-18T06:00:12,0.195
7,140-159,1784329211,2026-07-18T07:00:11,0.195
7,140-159,1784332812,2026-07-18T08:00:12,0.195
7,140-159,1784336407,2026-07-18T09:00:07,0.195
7,140-159,1784340008,2026-07-18T10:00:08,0.165
7,140-159,1784343612,2026-07-18T11:00:12,0.165
7,140-159,1784347211,2026-07-18T12:00:11,0.155
7,140-159,1784350809,2026-07-18T13:00:09,0.165
7,140-159,1784354413,2026-07-18T14:00:13,0.145
7,140-159,1784358013,2026-07-18T15:00:13,0.145
7,140-159,1784361608,2026-07-18T16:00:08,0.145
7,140-159,1784365216,2026-07-18T17:00:16,0.145
7,140-159,1784368809,2026-07-18T18:00:09,0.155
7,140-159,1784372413,2026-07-18T19:00:13,0.165
7,140-159,1784376027,2026-07-18T20:00:27,0.165
7,140-159,1784379611,2026-07-18T21:00:11,0.165
7,140-159,1784383211,2026-07-18T22:00:11,0.165
7,140-159,1784386823,2026-07-18T23:00:23,0.165
7,140-159,1784390410,2026-07-19T00:00:10,0.155
7,140-159,1784394020,2026-07-19T01:00:20,0.155
7,140-159,1784397613,2026-07-19T02:00:13,0.155
7,140-159,1784401209,2026-07-19T03:00:09,0.175
7,140-159,1784404815,2026-07-19T04:00:15,0.175
7,140-159,1784408418,2026-07-19T05:00:18,0.175
7,140-159,1784412012,2026-07-19T06:00:12,0.195
7,140-159,1784415612,2026-07-19T07:00:12,0.195
7,140-159,1784419221,2026-07-19T08:00:21,0.195
7,140-159,1784422810,2026-07-19T09:00:10,0.185
7,140-159,1784426409,2026-07-19T10:00:09,0.195
7,140-159,1784430016,2026-07-19T11:00:16,0.195
7,140-159,1784433612,2026-07-19T12:00:12,0.195
7,140-159,1784437211,2026-07-19T13:00:11,0.185
7,140-159,1784440823,2026-07-19T14:00:23,0.185
7,140-159,1784444414,2026-07-19T15:00:14,0.185
7,140-159,1784448013,2026-07-19T16:00:13,0.185
7,140-159,1784451619,2026-07-19T17:00:19,0.195
7,140-159,1784455214,2026-07-19T18:00:14,0.195
7,140-159,1784458812,2026-07-19T19:00:12,0.195
7,140-159,1784462414,2026-07-19T20:00:14,0.195
7,140-159,1784466011,2026-07-19T21:00:11,0.195
7,140-159,1784469614,2026-07-19T22:00:14,0.195
7,140-159,1784473213,2026-07-19T23:00:13,0.195
7,140-159,1784476831,2026-07-20T00:00:31,0.195
7,140-159,1784480422,2026-07-20T01:00:22,0.195
7,140-159,1784484014,2026-07-20T02:00:14,0.205
7,140-159,1784487614,2026-07-20T03:00:14,0.205
7,140-159,1784491214,2026-07-20T04:00:14,0.205
7,140-159,1784494827,2026-07-20T05:00:27,0.205
7,140-159,1784498413,2026-07-20T06:00:13,0.205
7,140-159,1784502010,2026-07-20T07:00:10,0.205
7,140-159,1784505628,2026-07-20T08:00:28,0.205
7,140-159,1784509210,2026-07-20T09:00:10,0.205
7,140-159,1784512810,2026-07-20T10:00:10,0.205
7,140-159,1784516415,2026-07-20T11:00:15,0.205
7,140-159,1784520010,2026-07-20T12:00:10,0.225
7,140-159,1784523623,2026-07-20T13:00:23,0.215
7,140-159,1784527217,2026-07-20T14:00:17,0.215
7,140-159,1784530812,2026-07-20T15:00:12,0.215
7,140-159,1784534407,2026-07-20T16:00:07,0.225
7,140-159,1784538016,2026-07-20T17:00:16,0.225
7,140-159,1784541607,2026-07-20T18:00:07,0.225
7,140-159,1784545210,2026-07-20T19:00:10,0.235
7,140-159,1784548812,2026-07-20T20:00:12,0.235
7,140-159,1784552411,2026-07-20T21:00:11,0.245
7,140-159,1784556007,2026-07-20T22:00:07,0.235
7,140-159,1784559619,2026-07-20T23:00:19,0.245
7,140-159,1784563212,2026-07-21T00:00:12,0.245
7,140-159,1784566823,2026-07-21T01:00:23,0.265
7,140-159,1784570415,2026-07-21T02:00:15,0.255
7,140-159,1784574011,2026-07-21T03:00:11,0.255
7,140-159,1784577627,2026-07-21T04:00:27,0.255
7,140-159,1784581216,2026-07-21T05:00:16,0.255
7,140-159,1784584807,2026-07-21T06:00:07,0.255
7,140-159,1784588407,2026-07-21T07:00:07,0.245
7,140-159,1784592016,2026-07-21T08:00:16,0.235
7,140-159,1784595615,2026-07-21T09:00:15,0.245
7,140-159,1784599215,2026-07-21T10:00:15,0.245
7,140-159,1784602816,2026-07-21T11:00:16,0.255
7,140-159,1784606423,2026-07-21T12:00:23,0.245
7,140-159,1784610011,2026-07-21T13:00:11,0.255
7,140-159,1784613617,2026-07-21T14:00:17,0.265
7,140-159,1784617217,2026-07-21T15:00:17,0.275
7,140-159,1784620811,2026-07-21T16:00:11,0.285
7,140-159,1784624415,2026-07-21T17:00:15,0.295
7,140-159,1784628011,2026-07-21T18:00:11,0.295
7,140-159,1784631611,2026-07-21T19:00:11,0.295
7,140-159,1784635221,2026-07-21T20:00:21,0.295
7,140-159,1784638813,2026-07-21T21:00:13,0.295
7,140-159,1784642411,2026-07-21T22:00:11,0.305
7,140-159,1784646038,2026-07-21T23:00:38,0.305
7,140-159,1784649615,2026-07-22T00:00:15,0.315
7,140-159,1784653211,2026-07-22T01:00:11,0.325
7,140-159,1784656832,2026-07-22T02:00:32,0.335
7,140-159,1784660407,2026-07-22T03:00:07,0.345
7,140-159,1784664008,2026-07-22T04:00:08,0.365
7,140-159,1784667632,2026-07-22T05:00:32,0.375
7,140-159,1784671211,2026-07-22T06:00:11,0.375
7,140-159,1784674822,2026-07-22T07:00:22,0.375
7,140-159,1784678412,2026-07-22T08:00:12,0.375
7,140-159,1784682007,2026-07-22T09:00:07,0.385
7,140-159,1784685607,2026-07-22T10:00:07,0.355
7,140-159,1784689212,2026-07-22T11:00:12,0.325
7,140-159,1784692811,2026-07-22T12:00:11,0.305
7,140-159,1784696407,2026-07-22T13:00:07,0.335
7,140-159,1784700028,2026-07-22T14:00:28,0.245
7,140-159,1784703611,2026-07-22T15:00:11,0.145
7,140-159,1784707207,2026-07-22T16:00:07,0.095
7,140-159,1784710814,2026-07-22T17:00:14,0.049
7,140-159,1784714407,2026-07-22T18:00:07,0.054
7,140-159,1784718007,2026-07-22T19:00:07,0.0615
7,140-159,1784721617,2026-07-22T20:00:17,0.0615
7,140-159,1784725208,2026-07-22T21:00:08,0.012
7,140-159,1784728806,2026-07-22T22:00:06,0.0075
7,140-159,1784732413,2026-07-22T23:00:13,0.008
7,140-159,1784736008,2026-07-23T00:00:08,0.0085
7,140-159,1784739623,2026-07-23T01:00:23,0.011
7,140-159,1784743216,2026-07-23T02:00:16,0.0085
7,140-159,1784746807,2026-07-23T03:00:07,0.0065
7,140-159,1784750410,2026-07-23T04:00:10,0.0185
7,140-159,1784754016,2026-07-23T05:00:16,0.0195
7,140-159,1784757616,2026-07-23T06:00:16,0.0035
7,140-159,1784761209,2026-07-23T07:00:09,0.0025
7,140-159,1784764821,2026-07-23T08:00:21,0.0025
7,140-159,1784768422,2026-07-23T09:00:22,0.0025
7,140-159,1784772010,2026-07-23T10:00:10,0.0025
7,140-159,1784775617,2026-07-23T11:00:17,0.003
7,140-159,1784779213,2026-07-23T12:00:13,0.0035
7,140-159,1784782827,2026-07-23T13:00:27,0.0035
7,140-159,1784786433,2026-07-23T14:00:33,0.0005
7,140-159,1784790023,2026-07-23T15:00:23,0.0005
7,140-159,1784793610,2026-07-23T16:00:10,0.0005
7,140-159,1784797228,2026-07-23T17:00:28,0.0005
9,180-199,1784005204,2026-07-14T13:00:04,0.165
9,180-199,1784008804,2026-07-14T14:00:04,0.165
9,180-199,1784012405,2026-07-14T15:00:05,0.19
9,180-199,1784016004,2026-07-14T16:00:04,0.19
9,180-199,1784019604,2026-07-14T17:00:04,0.19
9,180-199,1784023205,2026-07-14T18:00:05,0.19
9,180-199,1784026805,2026-07-14T19:00:05,0.19
9,180-199,1784030408,2026-07-14T20:00:08,0.185
9,180-199,1784034007,2026-07-14T21:00:07,0.175
9,180-199,1784037611,2026-07-14T22:00:11,0.175
9,180-199,1784041205,2026-07-14T23:00:05,0.175
9,180-199,1784044811,2026-07-15T00:00:11,0.175
9,180-199,1784048411,2026-07-15T01:00:11,0.165
9,180-199,1784052013,2026-07-15T02:00:13,0.165
9,180-199,1784055605,2026-07-15T03:00:05,0.165
9,180-199,1784059205,2026-07-15T04:00:05,0.165
9,180-199,1784062803,2026-07-15T05:00:03,0.165
9,180-199,1784066403,2026-07-15T06:00:03,0.165
9,180-199,1784070005,2026-07-15T07:00:05,0.165
9,180-199,1784073605,2026-07-15T08:00:05,0.165
9,180-199,1784077205,2026-07-15T09:00:05,0.155
9,180-199,1784080808,2026-07-15T10:00:08,0.155
9,180-199,1784084403,2026-07-15T11:00:03,0.155
9,180-199,1784088004,2026-07-15T12:00:04,0.155
9,180-199,1784091619,2026-07-15T13:00:19,0.155
9,180-199,1784095204,2026-07-15T14:00:04,0.155
9,180-199,1784098817,2026-07-15T15:00:17,0.155
9,180-199,1784102420,2026-07-15T16:00:20,0.135
9,180-199,1784106005,2026-07-15T17:00:05,0.135
9,180-199,1784109604,2026-07-15T18:00:04,0.125
9,180-199,1784113207,2026-07-15T19:00:07,0.125
9,180-199,1784116817,2026-07-15T20:00:17,0.125
9,180-199,1784120405,2026-07-15T21:00:05,0.135
9,180-199,1784124005,2026-07-15T22:00:05,0.13
9,180-199,1784127607,2026-07-15T23:00:07,0.135
9,180-199,1784131205,2026-07-16T00:00:05,0.14
9,180-199,1784134805,2026-07-16T01:00:05,0.145
9,180-199,1784138407,2026-07-16T02:00:07,0.135
9,180-199,1784142009,2026-07-16T03:00:09,0.135
9,180-199,1784145605,2026-07-16T04:00:05,0.135
9,180-199,1784149204,2026-07-16T05:00:04,0.135
9,180-199,1784152804,2026-07-16T06:00:04,0.135
9,180-199,1784156405,2026-07-16T07:00:05,0.145
9,180-199,1784160004,2026-07-16T08:00:04,0.145
9,180-199,1784163605,2026-07-16T09:00:05,0.145
9,180-199,1784167204,2026-07-16T10:00:04,0.145
9,180-199,1784170806,2026-07-16T11:00:06,0.135
9,180-199,1784174405,2026-07-16T12:00:05,0.135
9,180-199,1784178003,2026-07-16T13:00:03,0.145
9,180-199,1784181603,2026-07-16T14:00:03,0.145
9,180-199,1784185205,2026-07-16T15:00:05,0.145
9,180-199,1784188804,2026-07-16T16:00:04,0.15
9,180-199,1784192408,2026-07-16T17:00:08,0.145
9,180-199,1784196005,2026-07-16T18:00:05,0.155
9,180-199,1784199605,2026-07-16T19:00:05,0.155
9,180-199,1784203204,2026-07-16T20:00:04,0.155
9,180-199,1784206806,2026-07-16T21:00:06,0.155
9,180-199,1784210404,2026-07-16T22:00:04,0.155
9,180-199,1784214003,2026-07-16T23:00:03,0.155
9,180-199,1784217603,2026-07-17T00:00:03,0.155
9,180-199,1784221205,2026-07-17T01:00:05,0.145
9,180-199,1784224818,2026-07-17T02:00:18,0.145
9,180-199,1784228404,2026-07-17T03:00:04,0.145
9,180-199,1784232005,2026-07-17T04:00:05,0.145
9,180-199,1784235605,2026-07-17T05:00:05,0.145
9,180-199,1784239204,2026-07-17T06:00:04,0.145
9,180-199,1784242807,2026-07-17T07:00:07,0.145
9,180-199,1784246406,2026-07-17T08:00:06,0.145
9,180-199,1784250005,2026-07-17T09:00:05,0.145
9,180-199,1784253604,2026-07-17T10:00:04,0.145
9,180-199,1784257203,2026-07-17T11:00:03,0.145
9,180-199,1784260805,2026-07-17T12:00:05,0.145
9,180-199,1784264404,2026-07-17T13:00:04,0.145
9,180-199,1784268004,2026-07-17T14:00:04,0.145
9,180-199,1784271603,2026-07-17T15:00:03,0.155
9,180-199,1784275204,2026-07-17T16:00:04,0.155
9,180-199,1784278804,2026-07-17T17:00:04,0.155
9,180-199,1784282406,2026-07-17T18:00:06,0.155
9,180-199,1784286004,2026-07-17T19:00:04,0.155
9,180-199,1784289606,2026-07-17T20:00:06,0.155
9,180-199,1784293204,2026-07-17T21:00:04,0.165
9,180-199,1784296805,2026-07-17T22:00:05,0.165
9,180-199,1784300405,2026-07-17T23:00:05,0.165
9,180-199,1784304021,2026-07-18T00:00:21,0.17
9,180-199,1784307606,2026-07-18T01:00:06,0.175
9,180-199,1784311221,2026-07-18T02:00:21,0.165
9,180-199,1784314805,2026-07-18T03:00:05,0.165
9,180-199,1784318404,2026-07-18T04:00:04,0.165
9,180-199,1784322003,2026-07-18T05:00:03,0.165
9,180-199,1784325605,2026-07-18T06:00:05,0.165
9,180-199,1784329206,2026-07-18T07:00:06,0.165
9,180-199,1784332804,2026-07-18T08:00:04,0.165
9,180-199,1784336405,2026-07-18T09:00:05,0.165
9,180-199,1784340005,2026-07-18T10:00:05,0.165
9,180-199,1784343605,2026-07-18T11:00:05,0.165
9,180-199,1784347204,2026-07-18T12:00:04,0.165
9,180-199,1784350804,2026-07-18T13:00:04,0.165
9,180-199,1784354404,2026-07-18T14:00:04,0.165
9,180-199,1784358004,2026-07-18T15:00:04,0.175
9,180-199,1784361603,2026-07-18T16:00:03,0.175
9,180-199,1784365207,2026-07-18T17:00:07,0.175
9,180-199,1784368803,2026-07-18T18:00:03,0.185
9,180-199,1784372405,2026-07-18T19:00:05,0.175
9,180-199,1784376016,2026-07-18T20:00:16,0.175
9,180-199,1784379605,2026-07-18T21:00:05,0.175
9,180-199,1784383205,2026-07-18T22:00:05,0.165
9,180-199,1784386804,2026-07-18T23:00:04,0.165
9,180-199,1784390405,2026-07-19T00:00:05,0.165
9,180-199,1784394004,2026-07-19T01:00:04,0.165
9,180-199,1784397605,2026-07-19T02:00:05,0.165
9,180-199,1784401204,2026-07-19T03:00:04,0.165
9,180-199,1784404805,2026-07-19T04:00:05,0.165
9,180-199,1784408405,2026-07-19T05:00:05,0.165
9,180-199,1784412004,2026-07-19T06:00:04,0.165
9,180-199,1784415605,2026-07-19T07:00:05,0.165
9,180-199,1784419205,2026-07-19T08:00:05,0.165
9,180-199,1784422804,2026-07-19T09:00:04,0.165
9,180-199,1784426405,2026-07-19T10:00:05,0.165
9,180-199,1784430003,2026-07-19T11:00:03,0.165
9,180-199,1784433603,2026-07-19T12:00:03,0.165
9,180-199,1784437205,2026-07-19T13:00:05,0.165
9,180-199,1784440806,2026-07-19T14:00:06,0.165
9,180-199,1784444404,2026-07-19T15:00:04,0.165
9,180-199,1784448005,2026-07-19T16:00:05,0.165
9,180-199,1784451604,2026-07-19T17:00:04,0.175
9,180-199,1784455204,2026-07-19T18:00:04,0.175
9,180-199,1784458804,2026-07-19T19:00:04,0.175
9,180-199,1784462404,2026-07-19T20:00:04,0.175
9,180-199,1784466006,2026-07-19T21:00:06,0.175
9,180-199,1784469605,2026-07-19T22:00:05,0.175
9,180-199,1784473204,2026-07-19T23:00:04,0.175
9,180-199,1784476820,2026-07-20T00:00:20,0.175
9,180-199,1784480407,2026-07-20T01:00:07,0.155
9,180-199,1784484004,2026-07-20T02:00:04,0.155
9,180-199,1784487605,2026-07-20T03:00:05,0.145
9,180-199,1784491206,2026-07-20T04:00:06,0.145
9,180-199,1784494818,2026-07-20T05:00:18,0.145
9,180-199,1784498404,2026-07-20T06:00:04,0.185
9,180-199,1784502004,2026-07-20T07:00:04,0.195
9,180-199,1784505618,2026-07-20T08:00:18,0.195
9,180-199,1784509205,2026-07-20T09:00:05,0.195
9,180-199,1784512805,2026-07-20T10:00:05,0.195
9,180-199,1784516404,2026-07-20T11:00:04,0.195
9,180-199,1784520004,2026-07-20T12:00:04,0.195
9,180-199,1784523617,2026-07-20T13:00:17,0.195
9,180-199,1784527206,2026-07-20T14:00:06,0.185
9,180-199,1784530804,2026-07-20T15:00:04,0.175
9,180-199,1784534404,2026-07-20T16:00:04,0.175
9,180-199,1784538004,2026-07-20T17:00:04,0.175
9,180-199,1784541604,2026-07-20T18:00:04,0.165
9,180-199,1784545207,2026-07-20T19:00:07,0.175
9,180-199,1784548804,2026-07-20T20:00:04,0.165
9,180-199,1784552408,2026-07-20T21:00:08,0.165
9,180-199,1784556004,2026-07-20T22:00:04,0.165
9,180-199,1784559608,2026-07-20T23:00:08,0.165
9,180-199,1784563207,2026-07-21T00:00:07,0.175
9,180-199,1784566812,2026-07-21T01:00:12,0.155
9,180-199,1784570404,2026-07-21T02:00:04,0.155
9,180-199,1784574005,2026-07-21T03:00:05,0.145
9,180-199,1784577618,2026-07-21T04:00:18,0.145
9,180-199,1784581207,2026-07-21T05:00:07,0.135
9,180-199,1784584804,2026-07-21T06:00:04,0.135
9,180-199,1784588404,2026-07-21T07:00:04,0.145
9,180-199,1784592006,2026-07-21T08:00:06,0.155
9,180-199,1784595608,2026-07-21T09:00:08,0.145
9,180-199,1784599206,2026-07-21T10:00:06,0.145
9,180-199,1784602806,2026-07-21T11:00:06,0.145
9,180-199,1784606421,2026-07-21T12:00:21,0.145
9,180-199,1784610004,2026-07-21T13:00:04,0.135
9,180-199,1784613606,2026-07-21T14:00:06,0.125
9,180-199,1784617206,2026-07-21T15:00:06,0.175
9,180-199,1784620804,2026-07-21T16:00:04,0.165
9,180-199,1784624406,2026-07-21T17:00:06,0.145
9,180-199,1784628005,2026-07-21T18:00:05,0.145
9,180-199,1784631604,2026-07-21T19:00:04,0.145
9,180-199,1784635206,2026-07-21T20:00:06,0.155
9,180-199,1784638805,2026-07-21T21:00:05,0.145
9,180-199,1784642404,2026-07-21T22:00:04,0.145
9,180-199,1784646017,2026-07-21T23:00:17,0.12
9,180-199,1784649605,2026-07-22T00:00:05,0.125
9,180-199,1784653204,2026-07-22T01:00:04,0.145
9,180-199,1784656808,2026-07-22T02:00:08,0.125
9,180-199,1784660404,2026-07-22T03:00:04,0.105
9,180-199,1784664005,2026-07-22T04:00:05,0.085
9,180-199,1784667605,2026-07-22T05:00:05,0.105
9,180-199,1784671204,2026-07-22T06:00:04,0.095
9,180-199,1784674817,2026-07-22T07:00:17,0.095
9,180-199,1784678405,2026-07-22T08:00:05,0.085
9,180-199,1784682006,2026-07-22T09:00:06,0.085
9,180-199,1784685606,2026-07-22T10:00:06,0.095
9,180-199,1784689206,2026-07-22T11:00:06,0.125
9,180-199,1784692804,2026-07-22T12:00:04,0.195
9,180-199,1784696404,2026-07-22T13:00:04,0.165
9,180-199,1784700020,2026-07-22T14:00:20,0.245
9,180-199,1784703604,2026-07-22T15:00:04,0.295
9,180-199,1784707204,2026-07-22T16:00:04,0.355
9,180-199,1784710805,2026-07-22T17:00:05,0.355
9,180-199,1784714405,2026-07-22T18:00:05,0.375
9,180-199,1784718005,2026-07-22T19:00:05,0.385
9,180-199,1784721604,2026-07-22T20:00:04,0.375
9,180-199,1784725205,2026-07-22T21:00:05,0.295
9,180-199,1784728804,2026-07-22T22:00:04,0.335
9,180-199,1784732406,2026-07-22T23:00:06,0.325
9,180-199,1784736005,2026-07-23T00:00:05,0.315
9,180-199,1784739606,2026-07-23T01:00:06,0.335
9,180-199,1784743205,2026-07-23T02:00:05,0.345
9,180-199,1784746804,2026-07-23T03:00:04,0.365
9,180-199,1784750407,2026-07-23T04:00:07,0.365
9,180-199,1784754006,2026-07-23T05:00:06,0.385
9,180-199,1784757606,2026-07-23T06:00:06,0.355
9,180-199,1784761206,2026-07-23T07:00:06,0.355
9,180-199,1784764807,2026-07-23T08:00:07,0.365
9,180-199,1784768420,2026-07-23T09:00:20,0.375
9,180-199,1784772006,2026-07-23T10:00:06,0.395
9,180-199,1784775606,2026-07-23T11:00:06,0.415
9,180-199,1784779208,2026-07-23T12:00:08,0.435
9,180-199,1784782807,2026-07-23T13:00:07,0.445
9,180-199,1784786407,2026-07-23T14:00:07,0.435
9,180-199,1784790007,2026-07-23T15:00:07,0.475
9,180-199,1784793605,2026-07-23T16:00:05,0.505
9,180-199,1784797204,2026-07-23T17:00:04,0.515
9,180-199,1784800804,2026-07-23T18:00:04,0.535
9,180-199,1784804404,2026-07-23T19:00:04,0.545
9,180-199,1784808008,2026-07-23T20:00:08,0.515
9,180-199,1784811605,2026-07-23T21:00:05,0.535
9,180-199,1784815205,2026-07-23T22:00:05,0.565
9,180-199,1784818806,2026-07-23T23:00:06,0.565
9,180-199,1784822406,2026-07-24T00:00:06,0.565
9,180-199,1784826011,2026-07-24T01:00:11,0.585
9,180-199,1784829609,2026-07-24T02:00:09,0.635
9,180-199,1784833209,2026-07-24T03:00:09,0.635
9,180-199,1784836810,2026-07-24T04:00:10,0.645
9,180-199,1784840412,2026-07-24T05:00:12,0.645
9,180-199,1784844010,2026-07-24T06:00:10,0.665
9,180-199,1784847609,2026-07-24T07:00:09,0.375
9,180-199,1784851210,2026-07-24T08:00:10,0.375
9,180-199,1784854806,2026-07-24T09:00:06,0.235
9,180-199,1784858409,2026-07-24T10:00:09,0.285
9,180-199,1784862012,2026-07-24T11:00:12,0.305
9,180-199,1784865608,2026-07-24T12:00:08,0.145
9,180-199,1784869210,2026-07-24T13:00:10,0.135
9,180-199,1784872809,2026-07-24T14:00:09,0.15
9,180-199,1784876406,2026-07-24T15:00:06,0.235
9,180-199,1784880007,2026-07-24T16:00:07,0.225
9,180-199,1784883611,2026-07-24T17:00:11,0.0005
9,180-199,1784887208,2026-07-24T18:00:08,0.0005
10,200-219,1784005204,2026-07-14T13:00:04,0.165
10,200-219,1784008804,2026-07-14T14:00:04,0.16
10,200-219,1784012405,2026-07-14T15:00:05,0.155
10,200-219,1784016004,2026-07-14T16:00:04,0.155
10,200-219,1784019604,2026-07-14T17:00:04,0.155
10,200-219,1784023205,2026-07-14T18:00:05,0.155
10,200-219,1784026805,2026-07-14T19:00:05,0.155
10,200-219,1784030408,2026-07-14T20:00:08,0.155
10,200-219,1784034007,2026-07-14T21:00:07,0.155
10,200-219,1784037611,2026-07-14T22:00:11,0.155
10,200-219,1784041205,2026-07-14T23:00:05,0.155
10,200-219,1784044811,2026-07-15T00:00:11,0.155
10,200-219,1784048411,2026-07-15T01:00:11,0.155
10,200-219,1784052013,2026-07-15T02:00:13,0.155
10,200-219,1784055605,2026-07-15T03:00:05,0.135
10,200-219,1784059205,2026-07-15T04:00:05,0.14
10,200-219,1784062803,2026-07-15T05:00:03,0.14
10,200-219,1784066403,2026-07-15T06:00:03,0.125
10,200-219,1784070005,2026-07-15T07:00:05,0.125
10,200-219,1784073605,2026-07-15T08:00:05,0.125
10,200-219,1784077205,2026-07-15T09:00:05,0.125
10,200-219,1784080808,2026-07-15T10:00:08,0.125
10,200-219,1784084403,2026-07-15T11:00:03,0.125
10,200-219,1784088004,2026-07-15T12:00:04,0.125
10,200-219,1784091619,2026-07-15T13:00:19,0.125
10,200-219,1784095204,2026-07-15T14:00:04,0.125
10,200-219,1784098817,2026-07-15T15:00:17,0.115
10,200-219,1784102420,2026-07-15T16:00:20,0.115
10,200-219,1784106005,2026-07-15T17:00:05,0.115
10,200-219,1784109604,2026-07-15T18:00:04,0.105
10,200-219,1784113207,2026-07-15T19:00:07,0.105
10,200-219,1784116817,2026-07-15T20:00:17,0.105
10,200-219,1784120405,2026-07-15T21:00:05,0.115
10,200-219,1784124005,2026-07-15T22:00:05,0.11
10,200-219,1784127607,2026-07-15T23:00:07,0.115
10,200-219,1784131205,2026-07-16T00:00:05,0.125
10,200-219,1784134805,2026-07-16T01:00:05,0.125
10,200-219,1784138407,2026-07-16T02:00:07,0.115
10,200-219,1784142009,2026-07-16T03:00:09,0.115
10,200-219,1784145605,2026-07-16T04:00:05,0.115
10,200-219,1784149204,2026-07-16T05:00:04,0.115
10,200-219,1784152804,2026-07-16T06:00:04,0.115
10,200-219,1784156405,2026-07-16T07:00:05,0.115
10,200-219,1784160004,2026-07-16T08:00:04,0.115
10,200-219,1784163605,2026-07-16T09:00:05,0.115
10,200-219,1784167204,2026-07-16T10:00:04,0.115
10,200-219,1784170806,2026-07-16T11:00:06,0.115
10,200-219,1784174405,2026-07-16T12:00:05,0.115
10,200-219,1784178003,2026-07-16T13:00:03,0.115
10,200-219,1784181603,2026-07-16T14:00:03,0.115
10,200-219,1784185205,2026-07-16T15:00:05,0.115
10,200-219,1784188804,2026-07-16T16:00:04,0.13
10,200-219,1784192408,2026-07-16T17:00:08,0.125
10,200-219,1784196005,2026-07-16T18:00:05,0.125
10,200-219,1784199605,2026-07-16T19:00:05,0.125
10,200-219,1784203204,2026-07-16T20:00:04,0.125
10,200-219,1784206806,2026-07-16T21:00:06,0.125
10,200-219,1784210404,2026-07-16T22:00:04,0.125
10,200-219,1784214003,2026-07-16T23:00:03,0.125
10,200-219,1784217603,2026-07-17T00:00:03,0.125
10,200-219,1784221205,2026-07-17T01:00:05,0.125
10,200-219,1784224818,2026-07-17T02:00:18,0.115
10,200-219,1784228404,2026-07-17T03:00:04,0.125
10,200-219,1784232005,2026-07-17T04:00:05,0.125
10,200-219,1784235605,2026-07-17T05:00:05,0.125
10,200-219,1784239204,2026-07-17T06:00:04,0.125
10,200-219,1784242807,2026-07-17T07:00:07,0.125
10,200-219,1784246406,2026-07-17T08:00:06,0.125
10,200-219,1784250005,2026-07-17T09:00:05,0.125
10,200-219,1784253604,2026-07-17T10:00:04,0.125
10,200-219,1784257203,2026-07-17T11:00:03,0.125
10,200-219,1784260805,2026-07-17T12:00:05,0.125
10,200-219,1784264404,2026-07-17T13:00:04,0.125
10,200-219,1784268004,2026-07-17T14:00:04,0.125
10,200-219,1784271603,2026-07-17T15:00:03,0.125
10,200-219,1784275204,2026-07-17T16:00:04,0.125
10,200-219,1784278804,2026-07-17T17:00:04,0.125
10,200-219,1784282406,2026-07-17T18:00:06,0.125
10,200-219,1784286004,2026-07-17T19:00:04,0.125
10,200-219,1784289606,2026-07-17T20:00:06,0.125
10,200-219,1784293204,2026-07-17T21:00:04,0.125
10,200-219,1784296805,2026-07-17T22:00:05,0.125
10,200-219,1784300405,2026-07-17T23:00:05,0.125
10,200-219,1784304021,2026-07-18T00:00:21,0.12
10,200-219,1784307606,2026-07-18T01:00:06,0.135
10,200-219,1784311221,2026-07-18T02:00:21,0.115
10,200-219,1784314805,2026-07-18T03:00:05,0.105
10,200-219,1784318404,2026-07-18T04:00:04,0.115
10,200-219,1784322003,2026-07-18T05:00:03,0.115
10,200-219,1784325605,2026-07-18T06:00:05,0.105
10,200-219,1784329206,2026-07-18T07:00:06,0.105
10,200-219,1784332804,2026-07-18T08:00:04,0.105
10,200-219,1784336405,2026-07-18T09:00:05,0.105
10,200-219,1784340005,2026-07-18T10:00:05,0.105
10,200-219,1784343605,2026-07-18T11:00:05,0.105
10,200-219,1784347204,2026-07-18T12:00:04,0.105
10,200-219,1784350804,2026-07-18T13:00:04,0.115
10,200-219,1784354404,2026-07-18T14:00:04,0.115
10,200-219,1784358004,2026-07-18T15:00:04,0.115
10,200-219,1784361603,2026-07-18T16:00:03,0.115
10,200-219,1784365207,2026-07-18T17:00:07,0.115
10,200-219,1784368803,2026-07-18T18:00:03,0.115
10,200-219,1784372405,2026-07-18T19:00:05,0.115
10,200-219,1784376016,2026-07-18T20:00:16,0.115
10,200-219,1784379605,2026-07-18T21:00:05,0.115
10,200-219,1784383205,2026-07-18T22:00:05,0.115
10,200-219,1784386804,2026-07-18T23:00:04,0.115
10,200-219,1784390405,2026-07-19T00:00:05,0.125
10,200-219,1784394004,2026-07-19T01:00:04,0.125
10,200-219,1784397605,2026-07-19T02:00:05,0.125
10,200-219,1784401203,2026-07-19T03:00:03,0.115
10,200-219,1784404805,2026-07-19T04:00:05,0.115
10,200-219,1784408405,2026-07-19T05:00:05,0.115
10,200-219,1784412004,2026-07-19T06:00:04,0.115
10,200-219,1784415604,2026-07-19T07:00:04,0.115
10,200-219,1784419205,2026-07-19T08:00:05,0.115
10,200-219,1784422804,2026-07-19T09:00:04,0.115
10,200-219,1784426405,2026-07-19T10:00:05,0.115
10,200-219,1784430003,2026-07-19T11:00:03,0.115
10,200-219,1784433603,2026-07-19T12:00:03,0.115
10,200-219,1784437205,2026-07-19T13:00:05,0.115
10,200-219,1784440806,2026-07-19T14:00:06,0.115
10,200-219,1784444404,2026-07-19T15:00:04,0.115
10,200-219,1784448005,2026-07-19T16:00:05,0.095
10,200-219,1784451604,2026-07-19T17:00:04,0.105
10,200-219,1784455204,2026-07-19T18:00:04,0.105
10,200-219,1784458804,2026-07-19T19:00:04,0.105
10,200-219,1784462404,2026-07-19T20:00:04,0.105
10,200-219,1784466006,2026-07-19T21:00:06,0.105
10,200-219,1784469605,2026-07-19T22:00:05,0.105
10,200-219,1784473204,2026-07-19T23:00:04,0.105
10,200-219,1784476820,2026-07-20T00:00:20,0.105
10,200-219,1784480407,2026-07-20T01:00:07,0.095
10,200-219,1784484004,2026-07-20T02:00:04,0.085
10,200-219,1784487605,2026-07-20T03:00:05,0.085
10,200-219,1784491206,2026-07-20T04:00:06,0.085
10,200-219,1784494818,2026-07-20T05:00:18,0.085
10,200-219,1784498404,2026-07-20T06:00:04,0.085
10,200-219,1784502004,2026-07-20T07:00:04,0.125
10,200-219,1784505618,2026-07-20T08:00:18,0.125
10,200-219,1784509206,2026-07-20T09:00:06,0.115
10,200-219,1784512805,2026-07-20T10:00:05,0.115
10,200-219,1784516404,2026-07-20T11:00:04,0.115
10,200-219,1784520004,2026-07-20T12:00:04,0.115
10,200-219,1784523617,2026-07-20T13:00:17,0.105
10,200-219,1784527206,2026-07-20T14:00:06,0.105
10,200-219,1784530804,2026-07-20T15:00:04,0.095
10,200-219,1784534404,2026-07-20T16:00:04,0.095
10,200-219,1784538004,2026-07-20T17:00:04,0.085
10,200-219,1784541604,2026-07-20T18:00:04,0.075
10,200-219,1784545207,2026-07-20T19:00:07,0.075
10,200-219,1784548804,2026-07-20T20:00:04,0.075
10,200-219,1784552408,2026-07-20T21:00:08,0.075
10,200-219,1784556004,2026-07-20T22:00:04,0.075
10,200-219,1784559608,2026-07-20T23:00:08,0.075
10,200-219,1784563207,2026-07-21T00:00:07,0.075
10,200-219,1784566812,2026-07-21T01:00:12,0.065
10,200-219,1784570404,2026-07-21T02:00:04,0.075
10,200-219,1784574005,2026-07-21T03:00:05,0.065
10,200-219,1784577618,2026-07-21T04:00:18,0.065
10,200-219,1784581207,2026-07-21T05:00:07,0.065
10,200-219,1784584804,2026-07-21T06:00:04,0.065
10,200-219,1784588404,2026-07-21T07:00:04,0.075
10,200-219,1784592006,2026-07-21T08:00:06,0.075
10,200-219,1784595608,2026-07-21T09:00:08,0.065
10,200-219,1784599206,2026-07-21T10:00:06,0.065
10,200-219,1784602806,2026-07-21T11:00:06,0.065
10,200-219,1784606421,2026-07-21T12:00:21,0.055
10,200-219,1784610004,2026-07-21T13:00:04,0.055
10,200-219,1784613606,2026-07-21T14:00:06,0.055
10,200-219,1784617205,2026-07-21T15:00:05,0.075
10,200-219,1784620804,2026-07-21T16:00:04,0.055
10,200-219,1784624406,2026-07-21T17:00:06,0.055
10,200-219,1784628005,2026-07-21T18:00:05,0.055
10,200-219,1784631604,2026-07-21T19:00:04,0.055
10,200-219,1784635206,2026-07-21T20:00:06,0.055
10,200-219,1784638805,2026-07-21T21:00:05,0.055
10,200-219,1784642404,2026-07-21T22:00:04,0.055
10,200-219,1784646017,2026-07-21T23:00:17,0.045
10,200-219,1784649605,2026-07-22T00:00:05,0.045
10,200-219,1784653204,2026-07-22T01:00:04,0.045
10,200-219,1784656808,2026-07-22T02:00:08,0.035
10,200-219,1784660404,2026-07-22T03:00:04,0.038
10,200-219,1784664005,2026-07-22T04:00:05,0.0335
10,200-219,1784667604,2026-07-22T05:00:04,0.0305
10,200-219,1784671204,2026-07-22T06:00:04,0.0275
10,200-219,1784674817,2026-07-22T07:00:17,0.0225
10,200-219,1784678405,2026-07-22T08:00:05,0.0225
10,200-219,1784682006,2026-07-22T09:00:06,0.0215
10,200-219,1784685606,2026-07-22T10:00:06,0.0295
10,200-219,1784689206,2026-07-22T11:00:06,0.047
10,200-219,1784692804,2026-07-22T12:00:04,0.0585
10,200-219,1784696404,2026-07-22T13:00:04,0.0425
10,200-219,1784700020,2026-07-22T14:00:20,0.079
10,200-219,1784703604,2026-07-22T15:00:04,0.15
10,200-219,1784707204,2026-07-22T16:00:04,0.1525
10,200-219,1784710805,2026-07-22T17:00:05,0.1895
10,200-219,1784714405,2026-07-22T18:00:05,0.1855
10,200-219,1784718005,2026-07-22T19:00:05,0.1825
10,200-219,1784721604,2026-07-22T20:00:04,0.18
10,200-219,1784725205,2026-07-22T21:00:05,0.2825
10,200-219,1784728804,2026-07-22T22:00:04,0.2735
10,200-219,1784732406,2026-07-22T23:00:06,0.2955
10,200-219,1784736005,2026-07-23T00:00:05,0.299
10,200-219,1784739606,2026-07-23T01:00:06,0.293
10,200-219,1784743205,2026-07-23T02:00:05,0.3185
10,200-219,1784746804,2026-07-23T03:00:04,0.3095
10,200-219,1784750407,2026-07-23T04:00:07,0.2725
10,200-219,1784754006,2026-07-23T05:00:06,0.2645
10,200-219,1784757606,2026-07-23T06:00:06,0.3285
10,200-219,1784761206,2026-07-23T07:00:06,0.337
10,200-219,1784764807,2026-07-23T08:00:07,0.3405
10,200-219,1784768420,2026-07-23T09:00:20,0.337
10,200-219,1784772006,2026-07-23T10:00:06,0.329
10,200-219,1784775606,2026-07-23T11:00:06,0.3015
10,200-219,1784779208,2026-07-23T12:00:08,0.2755
10,200-219,1784782807,2026-07-23T13:00:07,0.2265
10,200-219,1784786407,2026-07-23T14:00:07,0.297
10,200-219,1784790007,2026-07-23T15:00:07,0.2725
10,200-219,1784793604,2026-07-23T16:00:04,0.2555
10,200-219,1784797204,2026-07-23T17:00:04,0.2205
10,200-219,1784800804,2026-07-23T18:00:04,0.2105
10,200-219,1784804404,2026-07-23T19:00:04,0.204
10,200-219,1784808008,2026-07-23T20:00:08,0.225
10,200-219,1784811605,2026-07-23T21:00:05,0.2315
10,200-219,1784815205,2026-07-23T22:00:05,0.191
10,200-219,1784818806,2026-07-23T23:00:06,0.201
10,200-219,1784822406,2026-07-24T00:00:06,0.1875
10,200-219,1784826005,2026-07-24T01:00:05,0.1325
10,200-219,1784829605,2026-07-24T02:00:05,0.1975
10,200-219,1784833207,2026-07-24T03:00:07,0.2185
10,200-219,1784836808,2026-07-24T04:00:08,0.234
10,200-219,1784840406,2026-07-24T05:00:06,0.242
10,200-219,1784844008,2026-07-24T06:00:08,0.1825
10,200-219,1784847607,2026-07-24T07:00:07,0.4705
10,200-219,1784851205,2026-07-24T08:00:05,0.4695
10,200-219,1784854805,2026-07-24T09:00:05,0.566
10,200-219,1784858407,2026-07-24T10:00:07,0.5815
10,200-219,1784862006,2026-07-24T11:00:06,0.597
10,200-219,1784865605,2026-07-24T12:00:05,0.6715
10,200-219,1784869204,2026-07-24T13:00:04,0.7115
10,200-219,1784872804,2026-07-24T14:00:04,0.781
10,200-219,1784876404,2026-07-24T15:00:04,0.686
10,200-219,1784880005,2026-07-24T16:00:05,0.726
10,200-219,1784883606,2026-07-24T17:00:06,0.9245
10,200-219,1784887206,2026-07-24T18:00:06,0.9275
10,200-219,1784890805,2026-07-24T19:00:05,0.932
10,200-219,1784894405,2026-07-24T20:00:05,0.9385
10,200-219,1784898008,2026-07-24T21:00:08,0.9615
10,200-219,1784901607,2026-07-24T22:00:07,0.977
10,200-219,1784905205,2026-07-24T23:00:05,0.9915
10,200-219,1784908807,2026-07-25T00:00:07,0.9995
10,200-219,1784912406,2026-07-25T01:00:06,0.9995
10,200-219,1784916007,2026-07-25T02:00:07,0.9995
10,200-219,1784919605,2026-07-25T03:00:05,0.9995
10,200-219,1784923207,2026-07-25T04:00:07,0.9995
11,220-239,1784005204,2026-07-14T13:00:04,0.12
11,220-239,1784008804,2026-07-14T14:00:04,0.105
11,220-239,1784012405,2026-07-14T15:00:05,0.085
11,220-239,1784016004,2026-07-14T16:00:04,0.13
11,220-239,1784019604,2026-07-14T17:00:04,0.085
11,220-239,1784023205,2026-07-14T18:00:05,0.085
11,220-239,1784026805,2026-07-14T19:00:05,0.085
11,220-239,1784030408,2026-07-14T20:00:08,0.11
11,220-239,1784034007,2026-07-14T21:00:07,0.11
11,220-239,1784037611,2026-07-14T22:00:11,0.11
11,220-239,1784041205,2026-07-14T23:00:05,0.11
11,220-239,1784044811,2026-07-15T00:00:11,0.11
11,220-239,1784048411,2026-07-15T01:00:11,0.075
11,220-239,1784052013,2026-07-15T02:00:13,0.075
11,220-239,1784055605,2026-07-15T03:00:05,0.075
11,220-239,1784059205,2026-07-15T04:00:05,0.075
11,220-239,1784062803,2026-07-15T05:00:03,0.075
11,220-239,1784066403,2026-07-15T06:00:03,0.075
11,220-239,1784070005,2026-07-15T07:00:05,0.075
11,220-239,1784073605,2026-07-15T08:00:05,0.085
11,220-239,1784077205,2026-07-15T09:00:05,0.085
11,220-239,1784080808,2026-07-15T10:00:08,0.085
11,220-239,1784084403,2026-07-15T11:00:03,0.085
11,220-239,1784088004,2026-07-15T12:00:04,0.085
11,220-239,1784091619,2026-07-15T13:00:19,0.085
11,220-239,1784095204,2026-07-15T14:00:04,0.085
11,220-239,1784098817,2026-07-15T15:00:17,0.085
11,220-239,1784102420,2026-07-15T16:00:20,0.075
11,220-239,1784106005,2026-07-15T17:00:05,0.075
11,220-239,1784109604,2026-07-15T18:00:04,0.075
11,220-239,1784113207,2026-07-15T19:00:07,0.075
11,220-239,1784116817,2026-07-15T20:00:17,0.07
11,220-239,1784120405,2026-07-15T21:00:05,0.075
11,220-239,1784124005,2026-07-15T22:00:05,0.075
11,220-239,1784127607,2026-07-15T23:00:07,0.075
11,220-239,1784131205,2026-07-16T00:00:05,0.095
11,220-239,1784134805,2026-07-16T01:00:05,0.095
11,220-239,1784138407,2026-07-16T02:00:07,0.095
11,220-239,1784142008,2026-07-16T03:00:08,0.095
11,220-239,1784145605,2026-07-16T04:00:05,0.085
11,220-239,1784149204,2026-07-16T05:00:04,0.085
11,220-239,1784152804,2026-07-16T06:00:04,0.085
11,220-239,1784156405,2026-07-16T07:00:05,0.085
11,220-239,1784160004,2026-07-16T08:00:04,0.09
11,220-239,1784163605,2026-07-16T09:00:05,0.095
11,220-239,1784167204,2026-07-16T10:00:04,0.095
11,220-239,1784170806,2026-07-16T11:00:06,0.095
11,220-239,1784174405,2026-07-16T12:00:05,0.095
11,220-239,1784178003,2026-07-16T13:00:03,0.09
11,220-239,1784181603,2026-07-16T14:00:03,0.09
11,220-239,1784185205,2026-07-16T15:00:05,0.095
11,220-239,1784188804,2026-07-16T16:00:04,0.095
11,220-239,1784192408,2026-07-16T17:00:08,0.095
11,220-239,1784196005,2026-07-16T18:00:05,0.095
11,220-239,1784199605,2026-07-16T19:00:05,0.095
11,220-239,1784203204,2026-07-16T20:00:04,0.095
11,220-239,1784206805,2026-07-16T21:00:05,0.09
11,220-239,1784210404,2026-07-16T22:00:04,0.095
11,220-239,1784214003,2026-07-16T23:00:03,0.095
11,220-239,1784217603,2026-07-17T00:00:03,0.095
11,220-239,1784221205,2026-07-17T01:00:05,0.085
11,220-239,1784224818,2026-07-17T02:00:18,0.085
11,220-239,1784228404,2026-07-17T03:00:04,0.085
11,220-239,1784232005,2026-07-17T04:00:05,0.085
11,220-239,1784235605,2026-07-17T05:00:05,0.085
11,220-239,1784239204,2026-07-17T06:00:04,0.085
11,220-239,1784242807,2026-07-17T07:00:07,0.085
11,220-239,1784246406,2026-07-17T08:00:06,0.085
11,220-239,1784250005,2026-07-17T09:00:05,0.085
11,220-239,1784253604,2026-07-17T10:00:04,0.085
11,220-239,1784257203,2026-07-17T11:00:03,0.085
11,220-239,1784260805,2026-07-17T12:00:05,0.085
11,220-239,1784264404,2026-07-17T13:00:04,0.085
11,220-239,1784268004,2026-07-17T14:00:04,0.085
11,220-239,1784271603,2026-07-17T15:00:03,0.085
11,220-239,1784275204,2026-07-17T16:00:04,0.085
11,220-239,1784278804,2026-07-17T17:00:04,0.085
11,220-239,1784282406,2026-07-17T18:00:06,0.085
11,220-239,1784286004,2026-07-17T19:00:04,0.085
11,220-239,1784289606,2026-07-17T20:00:06,0.085
11,220-239,1784293204,2026-07-17T21:00:04,0.085
11,220-239,1784296805,2026-07-17T22:00:05,0.085
11,220-239,1784300405,2026-07-17T23:00:05,0.075
11,220-239,1784304021,2026-07-18T00:00:21,0.075
11,220-239,1784307606,2026-07-18T01:00:06,0.065
11,220-239,1784311221,2026-07-18T02:00:21,0.065
11,220-239,1784314805,2026-07-18T03:00:05,0.065
11,220-239,1784318404,2026-07-18T04:00:04,0.065
11,220-239,1784322003,2026-07-18T05:00:03,0.065
11,220-239,1784325605,2026-07-18T06:00:05,0.065
11,220-239,1784329206,2026-07-18T07:00:06,0.065
11,220-239,1784332804,2026-07-18T08:00:04,0.065
11,220-239,1784336405,2026-07-18T09:00:05,0.065
11,220-239,1784340005,2026-07-18T10:00:05,0.065
11,220-239,1784343605,2026-07-18T11:00:05,0.065
11,220-239,1784347204,2026-07-18T12:00:04,0.075
11,220-239,1784350804,2026-07-18T13:00:04,0.085
11,220-239,1784354404,2026-07-18T14:00:04,0.085
11,220-239,1784358004,2026-07-18T15:00:04,0.085
11,220-239,1784361603,2026-07-18T16:00:03,0.085
11,220-239,1784365207,2026-07-18T17:00:07,0.085
11,220-239,1784368803,2026-07-18T18:00:03,0.075
11,220-239,1784372405,2026-07-18T19:00:05,0.075
11,220-239,1784376016,2026-07-18T20:00:16,0.075
11,220-239,1784379605,2026-07-18T21:00:05,0.075
11,220-239,1784383205,2026-07-18T22:00:05,0.075
11,220-239,1784386804,2026-07-18T23:00:04,0.075
11,220-239,1784390405,2026-07-19T00:00:05,0.085
11,220-239,1784394004,2026-07-19T01:00:04,0.075
11,220-239,1784397605,2026-07-19T02:00:05,0.075
11,220-239,1784401204,2026-07-19T03:00:04,0.075
11,220-239,1784404805,2026-07-19T04:00:05,0.065
11,220-239,1784408405,2026-07-19T05:00:05,0.065
11,220-239,1784412004,2026-07-19T06:00:04,0.065
11,220-239,1784415604,2026-07-19T07:00:04,0.065
11,220-239,1784419205,2026-07-19T08:00:05,0.065
11,220-239,1784422804,2026-07-19T09:00:04,0.065
11,220-239,1784426405,2026-07-19T10:00:05,0.065
11,220-239,1784430003,2026-07-19T11:00:03,0.065
11,220-239,1784433603,2026-07-19T12:00:03,0.065
11,220-239,1784437205,2026-07-19T13:00:05,0.065
11,220-239,1784440806,2026-07-19T14:00:06,0.065
11,220-239,1784444404,2026-07-19T15:00:04,0.065
11,220-239,1784448005,2026-07-19T16:00:05,0.055
11,220-239,1784451604,2026-07-19T17:00:04,0.055
11,220-239,1784455204,2026-07-19T18:00:04,0.055
11,220-239,1784458804,2026-07-19T19:00:04,0.055
11,220-239,1784462404,2026-07-19T20:00:04,0.055
11,220-239,1784466006,2026-07-19T21:00:06,0.045
11,220-239,1784469605,2026-07-19T22:00:05,0.045
11,220-239,1784473204,2026-07-19T23:00:04,0.045
11,220-239,1784476820,2026-07-20T00:00:20,0.045
11,220-239,1784480407,2026-07-20T01:00:07,0.045
11,220-239,1784484004,2026-07-20T02:00:04,0.045
11,220-239,1784487605,2026-07-20T03:00:05,0.0405
11,220-239,1784491206,2026-07-20T04:00:06,0.0385
11,220-239,1784494818,2026-07-20T05:00:18,0.041
11,220-239,1784498404,2026-07-20T06:00:04,0.0435
11,220-239,1784502004,2026-07-20T07:00:04,0.0425
11,220-239,1784505618,2026-07-20T08:00:18,0.0525
11,220-239,1784509205,2026-07-20T09:00:05,0.0485
11,220-239,1784512805,2026-07-20T10:00:05,0.0475
11,220-239,1784516404,2026-07-20T11:00:04,0.046
11,220-239,1784520004,2026-07-20T12:00:04,0.0425
11,220-239,1784523617,2026-07-20T13:00:17,0.0435
11,220-239,1784527206,2026-07-20T14:00:06,0.0435
11,220-239,1784530804,2026-07-20T15:00:04,0.0375
11,220-239,1784534404,2026-07-20T16:00:04,0.0355
11,220-239,1784538004,2026-07-20T17:00:04,0.0355
11,220-239,1784541604,2026-07-20T18:00:04,0.0355
11,220-239,1784545207,2026-07-20T19:00:07,0.0355
11,220-239,1784548804,2026-07-20T20:00:04,0.0345
11,220-239,1784552408,2026-07-20T21:00:08,0.0345
11,220-239,1784556004,2026-07-20T22:00:04,0.0305
11,220-239,1784559608,2026-07-20T23:00:08,0.0305
11,220-239,1784563207,2026-07-21T00:00:07,0.0335
11,220-239,1784566812,2026-07-21T01:00:12,0.0265
11,220-239,1784570404,2026-07-21T02:00:04,0.026
11,220-239,1784574005,2026-07-21T03:00:05,0.0245
11,220-239,1784577618,2026-07-21T04:00:18,0.0215
11,220-239,1784581207,2026-07-21T05:00:07,0.0255
11,220-239,1784584804,2026-07-21T06:00:04,0.0255
11,220-239,1784588404,2026-07-21T07:00:04,0.027
11,220-239,1784592006,2026-07-21T08:00:06,0.0295
11,220-239,1784595608,2026-07-21T09:00:08,0.026
11,220-239,1784599206,2026-07-21T10:00:06,0.0255
11,220-239,1784602806,2026-07-21T11:00:06,0.0255
11,220-239,1784606421,2026-07-21T12:00:21,0.0215
11,220-239,1784610004,2026-07-21T13:00:04,0.0215
11,220-239,1784613606,2026-07-21T14:00:06,0.02
11,220-239,1784617205,2026-07-21T15:00:05,0.0295
11,220-239,1784620804,2026-07-21T16:00:04,0.0245
11,220-239,1784624406,2026-07-21T17:00:06,0.0245
11,220-239,1784628005,2026-07-21T18:00:05,0.0235
11,220-239,1784631604,2026-07-21T19:00:04,0.0205
11,220-239,1784635206,2026-07-21T20:00:06,0.0195
11,220-239,1784638805,2026-07-21T21:00:05,0.0185
11,220-239,1784642404,2026-07-21T22:00:04,0.0185
11,220-239,1784646017,2026-07-21T23:00:17,0.0185
11,220-239,1784649605,2026-07-22T00:00:05,0.0145
11,220-239,1784653204,2026-07-22T01:00:04,0.0125
11,220-239,1784656808,2026-07-22T02:00:08,0.0115
11,220-239,1784660404,2026-07-22T03:00:04,0.0125
11,220-239,1784664005,2026-07-22T04:00:05,0.0095
11,220-239,1784667605,2026-07-22T05:00:05,0.0105
11,220-239,1784671204,2026-07-22T06:00:04,0.0105
11,220-239,1784674817,2026-07-22T07:00:17,0.0105
11,220-239,1784678405,2026-07-22T08:00:05,0.0105
11,220-239,1784682006,2026-07-22T09:00:06,0.0105
11,220-239,1784685606,2026-07-22T10:00:06,0.0105
11,220-239,1784689206,2026-07-22T11:00:06,0.0095
11,220-239,1784692804,2026-07-22T12:00:04,0.0165
11,220-239,1784696404,2026-07-22T13:00:04,0.0125
11,220-239,1784700020,2026-07-22T14:00:20,0.0325
11,220-239,1784703604,2026-07-22T15:00:04,0.0335
11,220-239,1784707204,2026-07-22T16:00:04,0.0385
11,220-239,1784710805,2026-07-22T17:00:05,0.0655
11,220-239,1784714405,2026-07-22T18:00:05,0.0615
11,220-239,1784718005,2026-07-22T19:00:05,0.0595
11,220-239,1784721604,2026-07-22T20:00:04,0.0585
11,220-239,1784725205,2026-07-22T21:00:05,0.187
11,220-239,1784728804,2026-07-22T22:00:04,0.1575
11,220-239,1784732406,2026-07-22T23:00:06,0.1615
11,220-239,1784736005,2026-07-23T00:00:05,0.1655
11,220-239,1784739606,2026-07-23T01:00:06,0.1605
11,220-239,1784743205,2026-07-23T02:00:05,0.1505
11,220-239,1784746804,2026-07-23T03:00:04,0.136
11,220-239,1784750407,2026-07-23T04:00:07,0.1045
11,220-239,1784754006,2026-07-23T05:00:06,0.0885
11,220-239,1784757606,2026-07-23T06:00:06,0.1505
11,220-239,1784761206,2026-07-23T07:00:06,0.1665
11,220-239,1784764807,2026-07-23T08:00:07,0.1505
11,220-239,1784768420,2026-07-23T09:00:20,0.1505
11,220-239,1784772006,2026-07-23T10:00:06,0.1215
11,220-239,1784775606,2026-07-23T11:00:06,0.1015
11,220-239,1784779208,2026-07-23T12:00:08,0.0825
11,220-239,1784782807,2026-07-23T13:00:07,0.0655
11,220-239,1784786407,2026-07-23T14:00:07,0.0965
11,220-239,1784790007,2026-07-23T15:00:07,0.0765
11,220-239,1784793605,2026-07-23T16:00:05,0.0605
11,220-239,1784797204,2026-07-23T17:00:04,0.0445
11,220-239,1784800804,2026-07-23T18:00:04,0.0415
11,220-239,1784804404,2026-07-23T19:00:04,0.0425
11,220-239,1784808008,2026-07-23T20:00:08,0.045
11,220-239,1784811605,2026-07-23T21:00:05,0.0465
11,220-239,1784815205,2026-07-23T22:00:05,0.0395
11,220-239,1784818806,2026-07-23T23:00:06,0.0315
11,220-239,1784822406,2026-07-24T00:00:06,0.0315
11,220-239,1784826005,2026-07-24T01:00:05,0.0215
11,220-239,1784829605,2026-07-24T02:00:05,0.0395
11,220-239,1784833207,2026-07-24T03:00:07,0.0305
11,220-239,1784836808,2026-07-24T04:00:08,0.031
11,220-239,1784840406,2026-07-24T05:00:06,0.032
11,220-239,1784844008,2026-07-24T06:00:08,0.0255
11,220-239,1784847607,2026-07-24T07:00:07,0.1185
11,220-239,1784851205,2026-07-24T08:00:05,0.1235
11,220-239,1784854805,2026-07-24T09:00:05,0.1685
11,220-239,1784858407,2026-07-24T10:00:07,0.1255
11,220-239,1784862006,2026-07-24T11:00:06,0.1005
11,220-239,1784865605,2026-07-24T12:00:05,0.1675
11,220-239,1784869204,2026-07-24T13:00:04,0.1505
11,220-239,1784872805,2026-07-24T14:00:05,0.078
11,220-239,1784876404,2026-07-24T15:00:04,0.0725
11,220-239,1784880005,2026-07-24T16:00:05,0.0325
11,220-239,1784883606,2026-07-24T17:00:06,0.0685
11,220-239,1784887206,2026-07-24T18:00:06,0.0665
11,220-239,1784890805,2026-07-24T19:00:05,0.0635
11,220-239,1784894405,2026-07-24T20:00:05,0.0455
11,220-239,1784898008,2026-07-24T21:00:08,0.0405
11,220-239,1784901607,2026-07-24T22:00:07,0.021
11,220-239,1784905205,2026-07-24T23:00:05,0.0085
11,220-239,1784908807,2026-07-25T00:00:07,0.0005
11,220-239,1784912406,2026-07-25T01:00:06,0.0005
11,220-239,1784916007,2026-07-25T02:00:07,0.0005
11,220-239,1784919605,2026-07-25T03:00:05,0.0005
11,220-239,1784923207,2026-07-25T04:00:07,0.0005
12,240-259,1784005206,2026-07-14T13:00:06,0.115
12,240-259,1784008807,2026-07-14T14:00:07,0.1
12,240-259,1784012410,2026-07-14T15:00:10,0.065
12,240-259,1784016005,2026-07-14T16:00:05,0.065
12,240-259,1784019606,2026-07-14T17:00:06,0.055
12,240-259,1784023207,2026-07-14T18:00:07,0.055
12,240-259,1784026806,2026-07-14T19:00:06,0.055
12,240-259,1784030413,2026-07-14T20:00:13,0.065
12,240-259,1784034008,2026-07-14T21:00:08,0.065
12,240-259,1784037612,2026-07-14T22:00:12,0.065
12,240-259,1784041209,2026-07-14T23:00:09,0.065
12,240-259,1784044812,2026-07-15T00:00:12,0.055
12,240-259,1784048417,2026-07-15T01:00:17,0.055
12,240-259,1784052018,2026-07-15T02:00:18,0.055
12,240-259,1784055608,2026-07-15T03:00:08,0.055
12,240-259,1784059208,2026-07-15T04:00:08,0.055
12,240-259,1784062808,2026-07-15T05:00:08,0.055
12,240-259,1784066405,2026-07-15T06:00:05,0.055
12,240-259,1784070007,2026-07-15T07:00:07,0.055
12,240-259,1784073611,2026-07-15T08:00:11,0.055
12,240-259,1784077208,2026-07-15T09:00:08,0.055
12,240-259,1784080810,2026-07-15T10:00:10,0.055
12,240-259,1784084410,2026-07-15T11:00:10,0.055
12,240-259,1784088006,2026-07-15T12:00:06,0.055
12,240-259,1784091621,2026-07-15T13:00:21,0.055
12,240-259,1784095210,2026-07-15T14:00:10,0.055
12,240-259,1784098821,2026-07-15T15:00:21,0.055
12,240-259,1784102422,2026-07-15T16:00:22,0.055
12,240-259,1784106008,2026-07-15T17:00:08,0.055
12,240-259,1784109605,2026-07-15T18:00:05,0.055
12,240-259,1784113209,2026-07-15T19:00:09,0.055
12,240-259,1784116824,2026-07-15T20:00:24,0.055
12,240-259,1784120407,2026-07-15T21:00:07,0.055
12,240-259,1784124007,2026-07-15T22:00:07,0.055
12,240-259,1784127611,2026-07-15T23:00:11,0.055
12,240-259,1784131206,2026-07-16T00:00:06,0.055
12,240-259,1784134808,2026-07-16T01:00:08,0.065
12,240-259,1784138413,2026-07-16T02:00:13,0.065
12,240-259,1784142010,2026-07-16T03:00:10,0.065
12,240-259,1784145608,2026-07-16T04:00:08,0.065
12,240-259,1784149208,2026-07-16T05:00:08,0.065
12,240-259,1784152806,2026-07-16T06:00:06,0.065
12,240-259,1784156406,2026-07-16T07:00:06,0.065
12,240-259,1784160013,2026-07-16T08:00:13,0.065
12,240-259,1784163606,2026-07-16T09:00:06,0.065
12,240-259,1784167205,2026-07-16T10:00:05,0.065
12,240-259,1784170810,2026-07-16T11:00:10,0.065
12,240-259,1784174407,2026-07-16T12:00:07,0.065
12,240-259,1784178006,2026-07-16T13:00:06,0.065
12,240-259,1784181611,2026-07-16T14:00:11,0.065
12,240-259,1784185208,2026-07-16T15:00:08,0.065
12,240-259,1784188805,2026-07-16T16:00:05,0.065
12,240-259,1784192411,2026-07-16T17:00:11,0.065
12,240-259,1784196008,2026-07-16T18:00:08,0.065
12,240-259,1784199607,2026-07-16T19:00:07,0.065
12,240-259,1784203209,2026-07-16T20:00:09,0.065
12,240-259,1784206808,2026-07-16T21:00:08,0.065
12,240-259,1784210406,2026-07-16T22:00:06,0.065
12,240-259,1784214010,2026-07-16T23:00:10,0.065
12,240-259,1784217606,2026-07-17T00:00:06,0.065
12,240-259,1784221207,2026-07-17T01:00:07,0.065
12,240-259,1784224822,2026-07-17T02:00:22,0.065
12,240-259,1784228407,2026-07-17T03:00:07,0.065
12,240-259,1784232008,2026-07-17T04:00:08,0.065
12,240-259,1784235609,2026-07-17T05:00:09,0.065
12,240-259,1784239207,2026-07-17T06:00:07,0.055
12,240-259,1784242809,2026-07-17T07:00:09,0.065
12,240-259,1784246412,2026-07-17T08:00:12,0.065
12,240-259,1784250006,2026-07-17T09:00:06,0.065
12,240-259,1784253607,2026-07-17T10:00:07,0.065
12,240-259,1784257210,2026-07-17T11:00:10,0.065
12,240-259,1784260809,2026-07-17T12:00:09,0.065
12,240-259,1784264410,2026-07-17T13:00:10,0.065
12,240-259,1784268012,2026-07-17T14:00:12,0.065
12,240-259,1784271605,2026-07-17T15:00:05,0.065
12,240-259,1784275206,2026-07-17T16:00:06,0.065
12,240-259,1784278808,2026-07-17T17:00:08,0.055
12,240-259,1784282410,2026-07-17T18:00:10,0.055
12,240-259,1784286006,2026-07-17T19:00:06,0.055
12,240-259,1784289612,2026-07-17T20:00:12,0.055
12,240-259,1784293206,2026-07-17T21:00:06,0.055
12,240-259,1784296807,2026-07-17T22:00:07,0.055
12,240-259,1784300409,2026-07-17T23:00:09,0.055
12,240-259,1784304023,2026-07-18T00:00:23,0.03
12,240-259,1784307611,2026-07-18T01:00:11,0.0305
12,240-259,1784311226,2026-07-18T02:00:26,0.0315
12,240-259,1784314807,2026-07-18T03:00:07,0.0285
12,240-259,1784318407,2026-07-18T04:00:07,0.032
12,240-259,1784322008,2026-07-18T05:00:08,0.036
12,240-259,1784325608,2026-07-18T06:00:08,0.0335
12,240-259,1784329209,2026-07-18T07:00:09,0.0325
12,240-259,1784332809,2026-07-18T08:00:09,0.0315
12,240-259,1784336406,2026-07-18T09:00:06,0.0325
12,240-259,1784340006,2026-07-18T10:00:06,0.0375
12,240-259,1784343609,2026-07-18T11:00:09,0.064
12,240-259,1784347206,2026-07-18T12:00:06,0.062
12,240-259,1784350807,2026-07-18T13:00:07,0.063
12,240-259,1784354408,2026-07-18T14:00:08,0.064
12,240-259,1784358009,2026-07-18T15:00:09,0.0645
12,240-259,1784361606,2026-07-18T16:00:06,0.0655
12,240-259,1784365212,2026-07-18T17:00:12,0.0615
12,240-259,1784368806,2026-07-18T18:00:06,0.061
12,240-259,1784372407,2026-07-18T19:00:07,0.0635
12,240-259,1784376022,2026-07-18T20:00:22,0.0525
12,240-259,1784379607,2026-07-18T21:00:07,0.0515
12,240-259,1784383208,2026-07-18T22:00:08,0.0495
12,240-259,1784386810,2026-07-18T23:00:10,0.05
12,240-259,1784390408,2026-07-19T00:00:08,0.0545
12,240-259,1784394011,2026-07-19T01:00:11,0.0455
12,240-259,1784397610,2026-07-19T02:00:10,0.0425
12,240-259,1784401206,2026-07-19T03:00:06,0.0375
12,240-259,1784404810,2026-07-19T04:00:10,0.0325
12,240-259,1784408411,2026-07-19T05:00:11,0.0325
12,240-259,1784412007,2026-07-19T06:00:07,0.0325
12,240-259,1784415610,2026-07-19T07:00:10,0.0315
12,240-259,1784419212,2026-07-19T08:00:12,0.0315
12,240-259,1784422807,2026-07-19T09:00:07,0.0315
12,240-259,1784426407,2026-07-19T10:00:07,0.0315
12,240-259,1784430010,2026-07-19T11:00:10,0.0315
12,240-259,1784433606,2026-07-19T12:00:06,0.0315
12,240-259,1784437208,2026-07-19T13:00:08,0.0315
12,240-259,1784440813,2026-07-19T14:00:13,0.0315
12,240-259,1784444407,2026-07-19T15:00:07,0.0285
12,240-259,1784448008,2026-07-19T16:00:08,0.0275
12,240-259,1784451611,2026-07-19T17:00:11,0.0275
12,240-259,1784455207,2026-07-19T18:00:07,0.0255
12,240-259,1784458808,2026-07-19T19:00:08,0.0235
12,240-259,1784462410,2026-07-19T20:00:10,0.0235
12,240-259,1784466009,2026-07-19T21:00:09,0.0225
12,240-259,1784469609,2026-07-19T22:00:09,0.0225
12,240-259,1784473209,2026-07-19T23:00:09,0.0215
12,240-259,1784476823,2026-07-20T00:00:23,0.0215
12,240-259,1784480413,2026-07-20T01:00:13,0.0215
12,240-259,1784484009,2026-07-20T02:00:09,0.0195
12,240-259,1784487609,2026-07-20T03:00:09,0.0195
12,240-259,1784491211,2026-07-20T04:00:11,0.0185
12,240-259,1784494823,2026-07-20T05:00:23,0.0175
12,240-259,1784498409,2026-07-20T06:00:09,0.019
12,240-259,1784502008,2026-07-20T07:00:08,0.0225
12,240-259,1784505624,2026-07-20T08:00:24,0.0235
12,240-259,1784509208,2026-07-20T09:00:08,0.0215
12,240-259,1784512807,2026-07-20T10:00:07,0.021
12,240-259,1784516409,2026-07-20T11:00:09,0.019
12,240-259,1784520007,2026-07-20T12:00:07,0.0175
12,240-259,1784523620,2026-07-20T13:00:20,0.0185
12,240-259,1784527211,2026-07-20T14:00:11,0.017
12,240-259,1784530808,2026-07-20T15:00:08,0.0155
12,240-259,1784534406,2026-07-20T16:00:06,0.016
12,240-259,1784538011,2026-07-20T17:00:11,0.0155
12,240-259,1784541605,2026-07-20T18:00:05,0.0155
12,240-259,1784545208,2026-07-20T19:00:08,0.0155
12,240-259,1784548809,2026-07-20T20:00:09,0.015
12,240-259,1784552409,2026-07-20T21:00:09,0.0145
12,240-259,1784556006,2026-07-20T22:00:06,0.013
12,240-259,1784559614,2026-07-20T23:00:14,0.013
12,240-259,1784563209,2026-07-21T00:00:09,0.013
12,240-259,1784566818,2026-07-21T01:00:18,0.0105
12,240-259,1784570411,2026-07-21T02:00:11,0.011
12,240-259,1784574008,2026-07-21T03:00:08,0.009
12,240-259,1784577623,2026-07-21T04:00:23,0.009
12,240-259,1784581212,2026-07-21T05:00:12,0.0095
12,240-259,1784584805,2026-07-21T06:00:05,0.0095
12,240-259,1784588406,2026-07-21T07:00:06,0.0095
12,240-259,1784592011,2026-07-21T08:00:11,0.0095
12,240-259,1784595610,2026-07-21T09:00:10,0.0105
12,240-259,1784599210,2026-07-21T10:00:10,0.0105
12,240-259,1784602811,2026-07-21T11:00:11,0.0105
12,240-259,1784606422,2026-07-21T12:00:22,0.0095
12,240-259,1784610008,2026-07-21T13:00:08,0.0095
12,240-259,1784613612,2026-07-21T14:00:12,0.0105
12,240-259,1784617211,2026-07-21T15:00:11,0.014
12,240-259,1784620808,2026-07-21T16:00:08,0.0115
12,240-259,1784624411,2026-07-21T17:00:11,0.0095
12,240-259,1784628008,2026-07-21T18:00:08,0.0095
12,240-259,1784631608,2026-07-21T19:00:08,0.0095
12,240-259,1784635213,2026-07-21T20:00:13,0.0095
12,240-259,1784638809,2026-07-21T21:00:09,0.0095
12,240-259,1784642408,2026-07-21T22:00:08,0.0095
12,240-259,1784646024,2026-07-21T23:00:24,0.0075
12,240-259,1784649610,2026-07-22T00:00:10,0.0065
12,240-259,1784653207,2026-07-22T01:00:07,0.0065
12,240-259,1784656821,2026-07-22T02:00:21,0.0055
12,240-259,1784660405,2026-07-22T03:00:05,0.0055
12,240-259,1784664006,2026-07-22T04:00:06,0.0045
12,240-259,1784667619,2026-07-22T05:00:19,0.0045
12,240-259,1784671208,2026-07-22T06:00:08,0.0045
12,240-259,1784674820,2026-07-22T07:00:20,0.0045
12,240-259,1784678409,2026-07-22T08:00:09,0.0035
12,240-259,1784682006,2026-07-22T09:00:06,0.0035
12,240-259,1784685607,2026-07-22T10:00:07,0.0035
12,240-259,1784689209,2026-07-22T11:00:09,0.0035
12,240-259,1784692807,2026-07-22T12:00:07,0.0065
12,240-259,1784696406,2026-07-22T13:00:06,0.0035
12,240-259,1784700024,2026-07-22T14:00:24,0.0065
12,240-259,1784703608,2026-07-22T15:00:08,0.0195
12,240-259,1784707206,2026-07-22T16:00:06,0.024
12,240-259,1784710809,2026-07-22T17:00:09,0.0285
12,240-259,1784714406,2026-07-22T18:00:06,0.0225
12,240-259,1784718006,2026-07-22T19:00:06,0.0215
12,240-259,1784721609,2026-07-22T20:00:09,0.0215
12,240-259,1784725207,2026-07-22T21:00:07,0.077
12,240-259,1784728805,2026-07-22T22:00:05,0.0465
12,240-259,1784732410,2026-07-22T23:00:10,0.0525
12,240-259,1784736007,2026-07-23T00:00:07,0.0545
12,240-259,1784739614,2026-07-23T01:00:14,0.052
12,240-259,1784743209,2026-07-23T02:00:09,0.0515
12,240-259,1784746806,2026-07-23T03:00:06,0.0365
12,240-259,1784750409,2026-07-23T04:00:09,0.0265
12,240-259,1784754010,2026-07-23T05:00:10,0.0225
12,240-259,1784757611,2026-07-23T06:00:11,0.0485
12,240-259,1784761208,2026-07-23T07:00:08,0.0575
12,240-259,1784764817,2026-07-23T08:00:17,0.04
12,240-259,1784768421,2026-07-23T09:00:21,0.0295
12,240-259,1784772009,2026-07-23T10:00:09,0.022
12,240-259,1784775612,2026-07-23T11:00:12,0.0155
12,240-259,1784779211,2026-07-23T12:00:11,0.0155
12,240-259,1784782821,2026-07-23T13:00:21,0.0145
12,240-259,1784786423,2026-07-23T14:00:23,0.0225
12,240-259,1784790014,2026-07-23T15:00:14,0.0175
12,240-259,1784793607,2026-07-23T16:00:07,0.0115
12,240-259,1784797216,2026-07-23T17:00:16,0.0105
12,240-259,1784800815,2026-07-23T18:00:15,0.0095
12,240-259,1784804409,2026-07-23T19:00:09,0.0095
12,240-259,1784808023,2026-07-23T20:00:23,0.0095
12,240-259,1784811612,2026-07-23T21:00:12,0.0095
12,240-259,1784815211,2026-07-23T22:00:11,0.0075
12,240-259,1784818820,2026-07-23T23:00:20,0.0065
12,240-259,1784822411,2026-07-24T00:00:11,0.0065
12,240-259,1784826021,2026-07-24T01:00:21,0.0055
12,240-259,1784829619,2026-07-24T02:00:19,0.006
12,240-259,1784833214,2026-07-24T03:00:14,0.0065
12,240-259,1784836814,2026-07-24T04:00:14,0.0065
12,240-259,1784840419,2026-07-24T05:00:19,0.0055
12,240-259,1784844013,2026-07-24T06:00:13,0.0045
12,240-259,1784847612,2026-07-24T07:00:12,0.0105
12,240-259,1784851218,2026-07-24T08:00:18,0.0085
12,240-259,1784854809,2026-07-24T09:00:09,0.019
12,240-259,1784858411,2026-07-24T10:00:11,0.011
12,240-259,1784862020,2026-07-24T11:00:20,0.0095
12,240-259,1784865613,2026-07-24T12:00:13,0.0155
12,240-259,1784869222,2026-07-24T13:00:22,0.0145
12,240-259,1784872819,2026-07-24T14:00:19,0.007
12,240-259,1784876410,2026-07-24T15:00:10,0.0045
12,240-259,1784880012,2026-07-24T16:00:12,0.0045
12,240-259,1784883619,2026-07-24T17:00:19,0.0065
12,240-259,1784887214,2026-07-24T18:00:14,0.0035
12,240-259,1784890813,2026-07-24T19:00:13,0.0025
12,240-259,1784894429,2026-07-24T20:00:29,0.003
12,240-259,1784898018,2026-07-24T21:00:18,0.0025
12,240-259,1784901614,2026-07-24T22:00:14,0.0015
12,240-259,1784905227,2026-07-24T23:00:27,0.0005
12,240-259,1784908816,2026-07-25T00:00:16,0.0005
12,240-259,1784912414,2026-07-25T01:00:14,0.0005
12,240-259,1784916021,2026-07-25T02:00:21,0.0005
13,260-279,1784005206,2026-07-14T13:00:06,0.11
13,260-279,1784008808,2026-07-14T14:00:08,0.08
13,260-279,1784012410,2026-07-14T15:00:10,0.045
13,260-279,1784016005,2026-07-14T16:00:05,0.045
13,260-279,1784019606,2026-07-14T17:00:06,0.045
13,260-279,1784023207,2026-07-14T18:00:07,0.045
13,260-279,1784026806,2026-07-14T19:00:06,0.045
13,260-279,1784030413,2026-07-14T20:00:13,0.045
13,260-279,1784034009,2026-07-14T21:00:09,0.045
13,260-279,1784037613,2026-07-14T22:00:13,0.045
13,260-279,1784041209,2026-07-14T23:00:09,0.06
13,260-279,1784044813,2026-07-15T00:00:13,0.06
13,260-279,1784048418,2026-07-15T01:00:18,0.055
13,260-279,1784052018,2026-07-15T02:00:18,0.055
13,260-279,1784055608,2026-07-15T03:00:08,0.055
13,260-279,1784059208,2026-07-15T04:00:08,0.055
13,260-279,1784062808,2026-07-15T05:00:08,0.055
13,260-279,1784066405,2026-07-15T06:00:05,0.055
13,260-279,1784070007,2026-07-15T07:00:07,0.055
13,260-279,1784073612,2026-07-15T08:00:12,0.055
13,260-279,1784077208,2026-07-15T09:00:08,0.055
13,260-279,1784080810,2026-07-15T10:00:10,0.055
13,260-279,1784084410,2026-07-15T11:00:10,0.055
13,260-279,1784088006,2026-07-15T12:00:06,0.055
13,260-279,1784091622,2026-07-15T13:00:22,0.055
13,260-279,1784095211,2026-07-15T14:00:11,0.055
13,260-279,1784098821,2026-07-15T15:00:21,0.055
13,260-279,1784102422,2026-07-15T16:00:22,0.055
13,260-279,1784106009,2026-07-15T17:00:09,0.055
13,260-279,1784109605,2026-07-15T18:00:05,0.055
13,260-279,1784113209,2026-07-15T19:00:09,0.055
13,260-279,1784116825,2026-07-15T20:00:25,0.055
13,260-279,1784120407,2026-07-15T21:00:07,0.055
13,260-279,1784124007,2026-07-15T22:00:07,0.055
13,260-279,1784127611,2026-07-15T23:00:11,0.045
13,260-279,1784131206,2026-07-16T00:00:06,0.045
13,260-279,1784134808,2026-07-16T01:00:08,0.045
13,260-279,1784138413,2026-07-16T02:00:13,0.045
13,260-279,1784142010,2026-07-16T03:00:10,0.045
13,260-279,1784145608,2026-07-16T04:00:08,0.045
13,260-279,1784149209,2026-07-16T05:00:09,0.045
13,260-279,1784152806,2026-07-16T06:00:06,0.045
13,260-279,1784156407,2026-07-16T07:00:07,0.045
13,260-279,1784160013,2026-07-16T08:00:13,0.045
13,260-279,1784163606,2026-07-16T09:00:06,0.045
13,260-279,1784167205,2026-07-16T10:00:05,0.045
13,260-279,1784170810,2026-07-16T11:00:10,0.045
13,260-279,1784174407,2026-07-16T12:00:07,0.045
13,260-279,1784178006,2026-07-16T13:00:06,0.045
13,260-279,1784181611,2026-07-16T14:00:11,0.045
13,260-279,1784185208,2026-07-16T15:00:08,0.045
13,260-279,1784188805,2026-07-16T16:00:05,0.045
13,260-279,1784192411,2026-07-16T17:00:11,0.045
13,260-279,1784196008,2026-07-16T18:00:08,0.045
13,260-279,1784199607,2026-07-16T19:00:07,0.045
13,260-279,1784203209,2026-07-16T20:00:09,0.045
13,260-279,1784206808,2026-07-16T21:00:08,0.045
13,260-279,1784210406,2026-07-16T22:00:06,0.045
13,260-279,1784214011,2026-07-16T23:00:11,0.045
13,260-279,1784217606,2026-07-17T00:00:06,0.045
13,260-279,1784221207,2026-07-17T01:00:07,0.045
13,260-279,1784224823,2026-07-17T02:00:23,0.045
13,260-279,1784228407,2026-07-17T03:00:07,0.045
13,260-279,1784232008,2026-07-17T04:00:08,0.045
13,260-279,1784235609,2026-07-17T05:00:09,0.045
13,260-279,1784239207,2026-07-17T06:00:07,0.045
13,260-279,1784242810,2026-07-17T07:00:10,0.045
13,260-279,1784246413,2026-07-17T08:00:13,0.045
13,260-279,1784250006,2026-07-17T09:00:06,0.045
13,260-279,1784253608,2026-07-17T10:00:08,0.045
13,260-279,1784257210,2026-07-17T11:00:10,0.045
13,260-279,1784260809,2026-07-17T12:00:09,0.045
13,260-279,1784264410,2026-07-17T13:00:10,0.045
13,260-279,1784268013,2026-07-17T14:00:13,0.045
13,260-279,1784271605,2026-07-17T15:00:05,0.045
13,260-279,1784275206,2026-07-17T16:00:06,0.045
13,260-279,1784278808,2026-07-17T17:00:08,0.045
13,260-279,1784282410,2026-07-17T18:00:10,0.045
13,260-279,1784286007,2026-07-17T19:00:07,0.045
13,260-279,1784289612,2026-07-17T20:00:12,0.045
13,260-279,1784293206,2026-07-17T21:00:06,0.045
13,260-279,1784296807,2026-07-17T22:00:07,0.045
13,260-279,1784300409,2026-07-17T23:00:09,0.045
13,260-279,1784304023,2026-07-18T00:00:23,0.03
13,260-279,1784307612,2026-07-18T01:00:12,0.0165
13,260-279,1784311226,2026-07-18T02:00:26,0.0165
13,260-279,1784314807,2026-07-18T03:00:07,0.0135
13,260-279,1784318407,2026-07-18T04:00:07,0.017
13,260-279,1784322008,2026-07-18T05:00:08,0.0245
13,260-279,1784325608,2026-07-18T06:00:08,0.0225
13,260-279,1784329209,2026-07-18T07:00:09,0.0225
13,260-279,1784332809,2026-07-18T08:00:09,0.0225
13,260-279,1784336406,2026-07-18T09:00:06,0.0225
13,260-279,1784340006,2026-07-18T10:00:06,0.0265
13,260-279,1784343609,2026-07-18T11:00:09,0.026
13,260-279,1784347206,2026-07-18T12:00:06,0.0275
13,260-279,1784350807,2026-07-18T13:00:07,0.0285
13,260-279,1784354408,2026-07-18T14:00:08,0.0295
13,260-279,1784358009,2026-07-18T15:00:09,0.0575
13,260-279,1784361606,2026-07-18T16:00:06,0.0525
13,260-279,1784365212,2026-07-18T17:00:12,0.0475
13,260-279,1784368806,2026-07-18T18:00:06,0.056
13,260-279,1784372407,2026-07-18T19:00:07,0.048
13,260-279,1784376022,2026-07-18T20:00:22,0.0435
13,260-279,1784379607,2026-07-18T21:00:07,0.041
13,260-279,1784383208,2026-07-18T22:00:08,0.0305
13,260-279,1784386810,2026-07-18T23:00:10,0.0305
13,260-279,1784390408,2026-07-19T00:00:08,0.0305
13,260-279,1784394013,2026-07-19T01:00:13,0.03
13,260-279,1784397611,2026-07-19T02:00:11,0.0255
13,260-279,1784401206,2026-07-19T03:00:06,0.0245
13,260-279,1784404810,2026-07-19T04:00:10,0.0225
13,260-279,1784408411,2026-07-19T05:00:11,0.0205
13,260-279,1784412007,2026-07-19T06:00:07,0.0195
13,260-279,1784415610,2026-07-19T07:00:10,0.0195
13,260-279,1784419212,2026-07-19T08:00:12,0.0195
13,260-279,1784422807,2026-07-19T09:00:07,0.0185
13,260-279,1784426407,2026-07-19T10:00:07,0.0185
13,260-279,1784430010,2026-07-19T11:00:10,0.0185
13,260-279,1784433607,2026-07-19T12:00:07,0.0185
13,260-279,1784437208,2026-07-19T13:00:08,0.0185
13,260-279,1784440813,2026-07-19T14:00:13,0.0185
13,260-279,1784444408,2026-07-19T15:00:08,0.0155
13,260-279,1784448008,2026-07-19T16:00:08,0.0155
13,260-279,1784451611,2026-07-19T17:00:11,0.0155
13,260-279,1784455207,2026-07-19T18:00:07,0.0155
13,260-279,1784458808,2026-07-19T19:00:08,0.0155
13,260-279,1784462410,2026-07-19T20:00:10,0.0135
13,260-279,1784466009,2026-07-19T21:00:09,0.0115
13,260-279,1784469609,2026-07-19T22:00:09,0.0115
13,260-279,1784473209,2026-07-19T23:00:09,0.0115
13,260-279,1784476823,2026-07-20T00:00:23,0.0115
13,260-279,1784480413,2026-07-20T01:00:13,0.0115
13,260-279,1784484009,2026-07-20T02:00:09,0.0105
13,260-279,1784487609,2026-07-20T03:00:09,0.0105
13,260-279,1784491211,2026-07-20T04:00:11,0.0105
13,260-279,1784494823,2026-07-20T05:00:23,0.0105
13,260-279,1784498409,2026-07-20T06:00:09,0.0105
13,260-279,1784502008,2026-07-20T07:00:08,0.0105
13,260-279,1784505624,2026-07-20T08:00:24,0.0105
13,260-279,1784509208,2026-07-20T09:00:08,0.0105
13,260-279,1784512807,2026-07-20T10:00:07,0.0105
13,260-279,1784516409,2026-07-20T11:00:09,0.0105
13,260-279,1784520007,2026-07-20T12:00:07,0.0105
13,260-279,1784523620,2026-07-20T13:00:20,0.0105
13,260-279,1784527211,2026-07-20T14:00:11,0.0105
13,260-279,1784530808,2026-07-20T15:00:08,0.0075
13,260-279,1784534406,2026-07-20T16:00:06,0.008
13,260-279,1784538011,2026-07-20T17:00:11,0.008
13,260-279,1784541605,2026-07-20T18:00:05,0.008
13,260-279,1784545208,2026-07-20T19:00:08,0.0105
13,260-279,1784548809,2026-07-20T20:00:09,0.006
13,260-279,1784552409,2026-07-20T21:00:09,0.006
13,260-279,1784556006,2026-07-20T22:00:06,0.0055
13,260-279,1784559616,2026-07-20T23:00:16,0.0055
13,260-279,1784563209,2026-07-21T00:00:09,0.0065
13,260-279,1784566819,2026-07-21T01:00:19,0.0055
13,260-279,1784570413,2026-07-21T02:00:13,0.0045
13,260-279,1784574009,2026-07-21T03:00:09,0.0045
13,260-279,1784577624,2026-07-21T04:00:24,0.0045
13,260-279,1784581213,2026-07-21T05:00:13,0.0045
13,260-279,1784584806,2026-07-21T06:00:06,0.0045
13,260-279,1784588406,2026-07-21T07:00:06,0.0045
13,260-279,1784592013,2026-07-21T08:00:13,0.0045
13,260-279,1784595612,2026-07-21T09:00:12,0.0045
13,260-279,1784599212,2026-07-21T10:00:12,0.0045
13,260-279,1784602813,2026-07-21T11:00:13,0.0045
13,260-279,1784606422,2026-07-21T12:00:22,0.0035
13,260-279,1784610009,2026-07-21T13:00:09,0.0035
13,260-279,1784613614,2026-07-21T14:00:14,0.0045
13,260-279,1784617214,2026-07-21T15:00:14,0.008
13,260-279,1784620809,2026-07-21T16:00:09,0.0045
13,260-279,1784624412,2026-07-21T17:00:12,0.0045
13,260-279,1784628009,2026-07-21T18:00:09,0.0045
13,260-279,1784631609,2026-07-21T19:00:09,0.0045
13,260-279,1784635217,2026-07-21T20:00:17,0.0035
13,260-279,1784638810,2026-07-21T21:00:10,0.0035
13,260-279,1784642409,2026-07-21T22:00:09,0.004
13,260-279,1784646027,2026-07-21T23:00:27,0.0035
13,260-279,1784649612,2026-07-22T00:00:12,0.0035
13,260-279,1784653209,2026-07-22T01:00:09,0.0035
13,260-279,1784656826,2026-07-22T02:00:26,0.0035
13,260-279,1784660406,2026-07-22T03:00:06,0.0035
13,260-279,1784664007,2026-07-22T04:00:07,0.0025
13,260-279,1784667626,2026-07-22T05:00:26,0.0025
13,260-279,1784671209,2026-07-22T06:00:09,0.0025
13,260-279,1784674821,2026-07-22T07:00:21,0.0025
13,260-279,1784678410,2026-07-22T08:00:10,0.0025
13,260-279,1784682007,2026-07-22T09:00:07,0.0025
13,260-279,1784685607,2026-07-22T10:00:07,0.0025
13,260-279,1784689211,2026-07-22T11:00:11,0.0025
13,260-279,1784692809,2026-07-22T12:00:09,0.0025
13,260-279,1784696406,2026-07-22T13:00:06,0.0015
13,260-279,1784700025,2026-07-22T14:00:25,0.0015
13,260-279,1784703609,2026-07-22T15:00:09,0.0035
13,260-279,1784707206,2026-07-22T16:00:06,0.0055
13,260-279,1784710812,2026-07-22T17:00:12,0.015
13,260-279,1784714407,2026-07-22T18:00:07,0.0115
13,260-279,1784718006,2026-07-22T19:00:06,0.0075
13,260-279,1784721610,2026-07-22T20:00:10,0.0075
13,260-279,1784725207,2026-07-22T21:00:07,0.024
13,260-279,1784728806,2026-07-22T22:00:06,0.013
13,260-279,1784732411,2026-07-22T23:00:11,0.0125
13,260-279,1784736007,2026-07-23T00:00:07,0.017
13,260-279,1784739615,2026-07-23T01:00:15,0.0135
13,260-279,1784743212,2026-07-23T02:00:12,0.0115
13,260-279,1784746806,2026-07-23T03:00:06,0.0105
13,260-279,1784750409,2026-07-23T04:00:09,0.0105
13,260-279,1784754011,2026-07-23T05:00:11,0.0085
13,260-279,1784757613,2026-07-23T06:00:13,0.011
13,260-279,1784761208,2026-07-23T07:00:08,0.011
13,260-279,1784764818,2026-07-23T08:00:18,0.0105
13,260-279,1784768421,2026-07-23T09:00:21,0.009
13,260-279,1784772009,2026-07-23T10:00:09,0.0055
13,260-279,1784775613,2026-07-23T11:00:13,0.0065
13,260-279,1784779212,2026-07-23T12:00:12,0.0045
13,260-279,1784782822,2026-07-23T13:00:22,0.0045
13,260-279,1784786424,2026-07-23T14:00:24,0.0065
13,260-279,1784790014,2026-07-23T15:00:14,0.0045
13,260-279,1784793608,2026-07-23T16:00:08,0.0025
13,260-279,1784797217,2026-07-23T17:00:17,0.0025
13,260-279,1784800817,2026-07-23T18:00:17,0.0045
13,260-279,1784804410,2026-07-23T19:00:10,0.0035
13,260-279,1784808024,2026-07-23T20:00:24,0.0025
13,260-279,1784811613,2026-07-23T21:00:13,0.0015
13,260-279,1784815212,2026-07-23T22:00:12,0.0015
13,260-279,1784818822,2026-07-23T23:00:22,0.0015
13,260-279,1784822412,2026-07-24T00:00:12,0.0015
13,260-279,1784826024,2026-07-24T01:00:24,0.0015
13,260-279,1784829622,2026-07-24T02:00:22,0.0015
13,260-279,1784833215,2026-07-24T03:00:15,0.0015
13,260-279,1784836815,2026-07-24T04:00:15,0.0015
13,260-279,1784840421,2026-07-24T05:00:21,0.0015
13,260-279,1784844015,2026-07-24T06:00:15,0.0015
13,260-279,1784847614,2026-07-24T07:00:14,0.0015
13,260-279,1784851220,2026-07-24T08:00:20,0.0015
13,260-279,1784854810,2026-07-24T09:00:10,0.0015
13,260-279,1784858412,2026-07-24T10:00:12,0.0015
13,260-279,1784862022,2026-07-24T11:00:22,0.0015
13,260-279,1784865615,2026-07-24T12:00:15,0.0025
13,260-279,1784869225,2026-07-24T13:00:25,0.0015
13,260-279,1784872822,2026-07-24T14:00:22,0.0015
13,260-279,1784876412,2026-07-24T15:00:12,0.0015
13,260-279,1784880013,2026-07-24T16:00:13,0.0015
13,260-279,1784883622,2026-07-24T17:00:22,0.0015
13,260-279,1784887218,2026-07-24T18:00:18,0.0015
13,260-279,1784890814,2026-07-24T19:00:14,0.0015
13,260-279,1784894435,2026-07-24T20:00:35,0.0015
13,260-279,1784898021,2026-07-24T21:00:21,0.0005
13,260-279,1784901616,2026-07-24T22:00:16,0.0005
13,260-279,1784905231,2026-07-24T23:00:31,0.0005
13,260-279,1784908820,2026-07-25T00:00:20,0.0005
13,260-279,1784912416,2026-07-25T01:00:16,0.0005
13,260-279,1784916027,2026-07-25T02:00:27,0.0005
14,280-299,1784005206,2026-07-14T13:00:06,0.1
14,280-299,1784008808,2026-07-14T14:00:08,0.075
14,280-299,1784012410,2026-07-14T15:00:10,0.035
14,280-299,1784016005,2026-07-14T16:00:05,0.035
14,280-299,1784019606,2026-07-14T17:00:06,0.035
14,280-299,1784023207,2026-07-14T18:00:07,0.035
14,280-299,1784026806,2026-07-14T19:00:06,0.035
14,280-299,1784030413,2026-07-14T20:00:13,0.035
14,280-299,1784034008,2026-07-14T21:00:08,0.0305
14,280-299,1784037612,2026-07-14T22:00:12,0.0305
14,280-299,1784041209,2026-07-14T23:00:09,0.0305
14,280-299,1784044813,2026-07-15T00:00:13,0.0305
14,280-299,1784048418,2026-07-15T01:00:18,0.0305
14,280-299,1784052018,2026-07-15T02:00:18,0.0305
14,280-299,1784055608,2026-07-15T03:00:08,0.0305
14,280-299,1784059208,2026-07-15T04:00:08,0.0305
14,280-299,1784062808,2026-07-15T05:00:08,0.0305
14,280-299,1784066405,2026-07-15T06:00:05,0.0305
14,280-299,1784070007,2026-07-15T07:00:07,0.0305
14,280-299,1784073611,2026-07-15T08:00:11,0.0305
14,280-299,1784077208,2026-07-15T09:00:08,0.0305
14,280-299,1784080810,2026-07-15T10:00:10,0.0205
14,280-299,1784084410,2026-07-15T11:00:10,0.02
14,280-299,1784088006,2026-07-15T12:00:06,0.0205
14,280-299,1784091622,2026-07-15T13:00:22,0.021
14,280-299,1784095210,2026-07-15T14:00:10,0.0205
14,280-299,1784098821,2026-07-15T15:00:21,0.021
14,280-299,1784102422,2026-07-15T16:00:22,0.021
14,280-299,1784106009,2026-07-15T17:00:09,0.0215
14,280-299,1784109605,2026-07-15T18:00:05,0.0215
14,280-299,1784113209,2026-07-15T19:00:09,0.0215
14,280-299,1784116824,2026-07-15T20:00:24,0.0255
14,280-299,1784120407,2026-07-15T21:00:07,0.026
14,280-299,1784124007,2026-07-15T22:00:07,0.025
14,280-299,1784127611,2026-07-15T23:00:11,0.026
14,280-299,1784131206,2026-07-16T00:00:06,0.027
14,280-299,1784134808,2026-07-16T01:00:08,0.0265
14,280-299,1784138413,2026-07-16T02:00:13,0.0255
14,280-299,1784142010,2026-07-16T03:00:10,0.0255
14,280-299,1784145608,2026-07-16T04:00:08,0.0255
14,280-299,1784149208,2026-07-16T05:00:08,0.0255
14,280-299,1784152806,2026-07-16T06:00:06,0.0255
14,280-299,1784156407,2026-07-16T07:00:07,0.0255
14,280-299,1784160013,2026-07-16T08:00:13,0.0265
14,280-299,1784163606,2026-07-16T09:00:06,0.0265
14,280-299,1784167205,2026-07-16T10:00:05,0.0275
14,280-299,1784170810,2026-07-16T11:00:10,0.0275
14,280-299,1784174407,2026-07-16T12:00:07,0.0275
14,280-299,1784178006,2026-07-16T13:00:06,0.028
14,280-299,1784181611,2026-07-16T14:00:11,0.0285
14,280-299,1784185208,2026-07-16T15:00:08,0.0285
14,280-299,1784188805,2026-07-16T16:00:05,0.0285
14,280-299,1784192411,2026-07-16T17:00:11,0.0285
14,280-299,1784196008,2026-07-16T18:00:08,0.028
14,280-299,1784199607,2026-07-16T19:00:07,0.026
14,280-299,1784203209,2026-07-16T20:00:09,0.026
14,280-299,1784206808,2026-07-16T21:00:08,0.026
14,280-299,1784210406,2026-07-16T22:00:06,0.027
14,280-299,1784214011,2026-07-16T23:00:11,0.0265
14,280-299,1784217606,2026-07-17T00:00:06,0.0265
14,280-299,1784221207,2026-07-17T01:00:07,0.026
14,280-299,1784224823,2026-07-17T02:00:23,0.0255
14,280-299,1784228407,2026-07-17T03:00:07,0.0255
14,280-299,1784232008,2026-07-17T04:00:08,0.022
14,280-299,1784235609,2026-07-17T05:00:09,0.0215
14,280-299,1784239207,2026-07-17T06:00:07,0.0215
14,280-299,1784242809,2026-07-17T07:00:09,0.0225
14,280-299,1784246413,2026-07-17T08:00:13,0.0225
14,280-299,1784250006,2026-07-17T09:00:06,0.0225
14,280-299,1784253608,2026-07-17T10:00:08,0.0235
14,280-299,1784257210,2026-07-17T11:00:10,0.023
14,280-299,1784260809,2026-07-17T12:00:09,0.0225
14,280-299,1784264410,2026-07-17T13:00:10,0.022
14,280-299,1784268013,2026-07-17T14:00:13,0.0225
14,280-299,1784271605,2026-07-17T15:00:05,0.022
14,280-299,1784275206,2026-07-17T16:00:06,0.0215
14,280-299,1784278808,2026-07-17T17:00:08,0.0195
14,280-299,1784282410,2026-07-17T18:00:10,0.0195
14,280-299,1784286007,2026-07-17T19:00:07,0.0195
14,280-299,1784289612,2026-07-17T20:00:12,0.0195
14,280-299,1784293206,2026-07-17T21:00:06,0.0205
14,280-299,1784296807,2026-07-17T22:00:07,0.0195
14,280-299,1784300409,2026-07-17T23:00:09,0.0195
14,280-299,1784304023,2026-07-18T00:00:23,0.0115
14,280-299,1784307612,2026-07-18T01:00:12,0.0115
14,280-299,1784311226,2026-07-18T02:00:26,0.0115
14,280-299,1784314807,2026-07-18T03:00:07,0.0115
14,280-299,1784318407,2026-07-18T04:00:07,0.0115
14,280-299,1784322008,2026-07-18T05:00:08,0.0115
14,280-299,1784325608,2026-07-18T06:00:08,0.0115
14,280-299,1784329209,2026-07-18T07:00:09,0.0115
14,280-299,1784332809,2026-07-18T08:00:09,0.0115
14,280-299,1784336406,2026-07-18T09:00:06,0.0125
14,280-299,1784340006,2026-07-18T10:00:06,0.0165
14,280-299,1784343609,2026-07-18T11:00:09,0.0185
14,280-299,1784347206,2026-07-18T12:00:06,0.0185
14,280-299,1784350807,2026-07-18T13:00:07,0.0235
14,280-299,1784354408,2026-07-18T14:00:08,0.025
14,280-299,1784358009,2026-07-18T15:00:09,0.024
14,280-299,1784361606,2026-07-18T16:00:06,0.0235
14,280-299,1784365212,2026-07-18T17:00:12,0.0185
14,280-299,1784368806,2026-07-18T18:00:06,0.021
14,280-299,1784372407,2026-07-18T19:00:07,0.0195
14,280-299,1784376022,2026-07-18T20:00:22,0.0185
14,280-299,1784379607,2026-07-18T21:00:07,0.015
14,280-299,1784383208,2026-07-18T22:00:08,0.0135
14,280-299,1784386810,2026-07-18T23:00:10,0.0135
14,280-299,1784390408,2026-07-19T00:00:08,0.015
14,280-299,1784394012,2026-07-19T01:00:12,0.0145
14,280-299,1784397610,2026-07-19T02:00:10,0.0145
14,280-299,1784401206,2026-07-19T03:00:06,0.0135
14,280-299,1784404810,2026-07-19T04:00:10,0.0125
14,280-299,1784408411,2026-07-19T05:00:11,0.0125
14,280-299,1784412007,2026-07-19T06:00:07,0.0095
14,280-299,1784415610,2026-07-19T07:00:10,0.0095
14,280-299,1784419212,2026-07-19T08:00:12,0.0095
14,280-299,1784422807,2026-07-19T09:00:07,0.0095
14,280-299,1784426407,2026-07-19T10:00:07,0.0095
14,280-299,1784430010,2026-07-19T11:00:10,0.0095
14,280-299,1784433607,2026-07-19T12:00:07,0.0095
14,280-299,1784437208,2026-07-19T13:00:08,0.0095
14,280-299,1784440813,2026-07-19T14:00:13,0.0075
14,280-299,1784444408,2026-07-19T15:00:08,0.0075
14,280-299,1784448008,2026-07-19T16:00:08,0.0075
14,280-299,1784451611,2026-07-19T17:00:11,0.0075
14,280-299,1784455207,2026-07-19T18:00:07,0.0075
14,280-299,1784458808,2026-07-19T19:00:08,0.0065
14,280-299,1784462410,2026-07-19T20:00:10,0.0065
14,280-299,1784466009,2026-07-19T21:00:09,0.0065
14,280-299,1784469609,2026-07-19T22:00:09,0.0065
14,280-299,1784473209,2026-07-19T23:00:09,0.0065
14,280-299,1784476823,2026-07-20T00:00:23,0.0065
14,280-299,1784480413,2026-07-20T01:00:13,0.0065
14,280-299,1784484009,2026-07-20T02:00:09,0.0065
14,280-299,1784487609,2026-07-20T03:00:09,0.0065
14,280-299,1784491211,2026-07-20T04:00:11,0.0065
14,280-299,1784494823,2026-07-20T05:00:23,0.0065
14,280-299,1784498409,2026-07-20T06:00:09,0.0065
14,280-299,1784502008,2026-07-20T07:00:08,0.0065
14,280-299,1784505624,2026-07-20T08:00:24,0.0065
14,280-299,1784509208,2026-07-20T09:00:08,0.0065
14,280-299,1784512807,2026-07-20T10:00:07,0.0065
14,280-299,1784516409,2026-07-20T11:00:09,0.0065
14,280-299,1784520007,2026-07-20T12:00:07,0.0065
14,280-299,1784523620,2026-07-20T13:00:20,0.0065
14,280-299,1784527211,2026-07-20T14:00:11,0.0065
14,280-299,1784530808,2026-07-20T15:00:08,0.0065
14,280-299,1784534406,2026-07-20T16:00:06,0.0065
14,280-299,1784538011,2026-07-20T17:00:11,0.0055
14,280-299,1784541605,2026-07-20T18:00:05,0.0045
14,280-299,1784545208,2026-07-20T19:00:08,0.0045
14,280-299,1784548809,2026-07-20T20:00:09,0.0045
14,280-299,1784552409,2026-07-20T21:00:09,0.0045
14,280-299,1784556006,2026-07-20T22:00:06,0.0045
14,280-299,1784559614,2026-07-20T23:00:14,0.0045
14,280-299,1784563209,2026-07-21T00:00:09,0.0045
14,280-299,1784566819,2026-07-21T01:00:19,0.0045
14,280-299,1784570411,2026-07-21T02:00:11,0.0045
14,280-299,1784574008,2026-07-21T03:00:08,0.0045
14,280-299,1784577623,2026-07-21T04:00:23,0.0035
14,280-299,1784581212,2026-07-21T05:00:12,0.0035
14,280-299,1784584805,2026-07-21T06:00:05,0.0035
14,280-299,1784588406,2026-07-21T07:00:06,0.0035
14,280-299,1784592012,2026-07-21T08:00:12,0.0035
14,280-299,1784595610,2026-07-21T09:00:10,0.0035
14,280-299,1784599210,2026-07-21T10:00:10,0.0035
14,280-299,1784602812,2026-07-21T11:00:12,0.0035
14,280-299,1784606422,2026-07-21T12:00:22,0.0035
14,280-299,1784610008,2026-07-21T13:00:08,0.0035
14,280-299,1784613613,2026-07-21T14:00:13,0.0035
14,280-299,1784617213,2026-07-21T15:00:13,0.0035
14,280-299,1784620809,2026-07-21T16:00:09,0.0035
14,280-299,1784624412,2026-07-21T17:00:12,0.0035
14,280-299,1784628009,2026-07-21T18:00:09,0.0025
14,280-299,1784631609,2026-07-21T19:00:09,0.0025
14,280-299,1784635217,2026-07-21T20:00:17,0.0025
14,280-299,1784638810,2026-07-21T21:00:10,0.0025
14,280-299,1784642409,2026-07-21T22:00:09,0.0015
14,280-299,1784646027,2026-07-21T23:00:27,0.0015
14,280-299,1784649612,2026-07-22T00:00:12,0.0015
14,280-299,1784653208,2026-07-22T01:00:08,0.0015
14,280-299,1784656825,2026-07-22T02:00:25,0.0015
14,280-299,1784660406,2026-07-22T03:00:06,0.0015
14,280-299,1784664007,2026-07-22T04:00:07,0.0015
14,280-299,1784667624,2026-07-22T05:00:24,0.0015
14,280-299,1784671209,2026-07-22T06:00:09,0.0015
14,280-299,1784674821,2026-07-22T07:00:21,0.0015
14,280-299,1784678410,2026-07-22T08:00:10,0.0005
14,280-299,1784682006,2026-07-22T09:00:06,0.0005
14,280-299,1784685607,2026-07-22T10:00:07,0.0005
14,280-299,1784689210,2026-07-22T11:00:10,0.0005
14,280-299,1784692809,2026-07-22T12:00:09,0.0005
14,280-299,1784696406,2026-07-22T13:00:06,0.0005
14,280-299,1784700025,2026-07-22T14:00:25,0.0005
14,280-299,1784703609,2026-07-22T15:00:09,0.0005
14,280-299,1784707206,2026-07-22T16:00:06,0.0015
14,280-299,1784710812,2026-07-22T17:00:12,0.0015
14,280-299,1784714407,2026-07-22T18:00:07,0.0025
14,280-299,1784718006,2026-07-22T19:00:06,0.0025
14,280-299,1784721610,2026-07-22T20:00:10,0.0025
14,280-299,1784725207,2026-07-22T21:00:07,0.0095
14,280-299,1784728806,2026-07-22T22:00:06,0.0045
14,280-299,1784732410,2026-07-22T23:00:10,0.0045
14,280-299,1784736007,2026-07-23T00:00:07,0.0045
14,280-299,1784739614,2026-07-23T01:00:14,0.0045
14,280-299,1784743211,2026-07-23T02:00:11,0.0045
14,280-299,1784746806,2026-07-23T03:00:06,0.0045
14,280-299,1784750409,2026-07-23T04:00:09,0.0035
14,280-299,1784754011,2026-07-23T05:00:11,0.0035
14,280-299,1784757613,2026-07-23T06:00:13,0.0025
14,280-299,1784761208,2026-07-23T07:00:08,0.0035
14,280-299,1784764818,2026-07-23T08:00:18,0.0035
14,280-299,1784768421,2026-07-23T09:00:21,0.004
14,280-299,1784772009,2026-07-23T10:00:09,0.003
14,280-299,1784775612,2026-07-23T11:00:12,0.0025
14,280-299,1784779211,2026-07-23T12:00:11,0.0025
14,280-299,1784782821,2026-07-23T13:00:21,0.0015
14,280-299,1784786424,2026-07-23T14:00:24,0.0025
14,280-299,1784790014,2026-07-23T15:00:14,0.0015
14,280-299,1784793608,2026-07-23T16:00:08,0.0005
14,280-299,1784797217,2026-07-23T17:00:17,0.0005
14,280-299,1784800817,2026-07-23T18:00:17,0.0005
14,280-299,1784804410,2026-07-23T19:00:10,0.0005
14,280-299,1784808024,2026-07-23T20:00:24,0.0005
14,280-299,1784811613,2026-07-23T21:00:13,0.0005
14,280-299,1784815212,2026-07-23T22:00:12,0.0005
14,280-299,1784818821,2026-07-23T23:00:21,0.0005
14,280-299,1784822412,2026-07-24T00:00:12,0.0005
14,280-299,1784826024,2026-07-24T01:00:24,0.0005
14,280-299,1784829620,2026-07-24T02:00:20,0.0005
14,280-299,1784833215,2026-07-24T03:00:15,0.0005
14,280-299,1784836815,2026-07-24T04:00:15,0.0005
14,280-299,1784840420,2026-07-24T05:00:20,0.0005
14,280-299,1784844014,2026-07-24T06:00:14,0.0005
14,280-299,1784847613,2026-07-24T07:00:13,0.0005
14,280-299,1784851219,2026-07-24T08:00:19,0.0005
14,280-299,1784854809,2026-07-24T09:00:09,0.0005
14,280-299,1784858412,2026-07-24T10:00:12,0.0005
14,280-299,1784862021,2026-07-24T11:00:21,0.0005
14,280-299,1784865614,2026-07-24T12:00:14,0.0005
14,280-299,1784869224,2026-07-24T13:00:24,0.0005
14,280-299,1784872822,2026-07-24T14:00:22,0.0005
14,280-299,1784876411,2026-07-24T15:00:11,0.0005
14,280-299,1784880013,2026-07-24T16:00:13,0.0005
14,280-299,1784883621,2026-07-24T17:00:21,0.0005
14,280-299,1784887215,2026-07-24T18:00:15,0.0005
14,280-299,1784890813,2026-07-24T19:00:13,0.0005
14,280-299,1784894432,2026-07-24T20:00:32,0.0005
14,280-299,1784898020,2026-07-24T21:00:20,0.0005
14,280-299,1784901615,2026-07-24T22:00:15,0.0005
14,280-299,1784905229,2026-07-24T23:00:29,0.0005
14,280-299,1784908818,2026-07-25T00:00:18,0.0005
14,280-299,1784912415,2026-07-25T01:00:15,0.0005
14,280-299,1784916025,2026-07-25T02:00:25,0.0005
15,300-319,1784005206,2026-07-14T13:00:06,0.105
15,300-319,1784008808,2026-07-14T14:00:08,0.065
15,300-319,1784012410,2026-07-14T15:00:10,0.025
15,300-319,1784016005,2026-07-14T16:00:05,0.025
15,300-319,1784019606,2026-07-14T17:00:06,0.0245
15,300-319,1784023207,2026-07-14T18:00:07,0.0295
15,300-319,1784026806,2026-07-14T19:00:06,0.0295
15,300-319,1784030413,2026-07-14T20:00:13,0.025
15,300-319,1784034008,2026-07-14T21:00:08,0.0245
15,300-319,1784037612,2026-07-14T22:00:12,0.024
15,300-319,1784041209,2026-07-14T23:00:09,0.024
15,300-319,1784044813,2026-07-15T00:00:13,0.024
15,300-319,1784048418,2026-07-15T01:00:18,0.0205
15,300-319,1784052018,2026-07-15T02:00:18,0.0215
15,300-319,1784055608,2026-07-15T03:00:08,0.0205
15,300-319,1784059208,2026-07-15T04:00:08,0.0205
15,300-319,1784062808,2026-07-15T05:00:08,0.0205
15,300-319,1784066405,2026-07-15T06:00:05,0.0205
15,300-319,1784070007,2026-07-15T07:00:07,0.0205
15,300-319,1784073611,2026-07-15T08:00:11,0.0205
15,300-319,1784077208,2026-07-15T09:00:08,0.0205
15,300-319,1784080810,2026-07-15T10:00:10,0.0205
15,300-319,1784084410,2026-07-15T11:00:10,0.0205
15,300-319,1784088006,2026-07-15T12:00:06,0.0205
15,300-319,1784091622,2026-07-15T13:00:22,0.0175
15,300-319,1784095210,2026-07-15T14:00:10,0.0175
15,300-319,1784098821,2026-07-15T15:00:21,0.0165
15,300-319,1784102422,2026-07-15T16:00:22,0.0165
15,300-319,1784106009,2026-07-15T17:00:09,0.014
15,300-319,1784109605,2026-07-15T18:00:05,0.0145
15,300-319,1784113209,2026-07-15T19:00:09,0.0145
15,300-319,1784116824,2026-07-15T20:00:24,0.0155
15,300-319,1784120407,2026-07-15T21:00:07,0.016
15,300-319,1784124007,2026-07-15T22:00:07,0.0155
15,300-319,1784127611,2026-07-15T23:00:11,0.015
15,300-319,1784131206,2026-07-16T00:00:06,0.018
15,300-319,1784134808,2026-07-16T01:00:08,0.0175
15,300-319,1784138413,2026-07-16T02:00:13,0.0155
15,300-319,1784142010,2026-07-16T03:00:10,0.0145
15,300-319,1784145608,2026-07-16T04:00:08,0.0145
15,300-319,1784149208,2026-07-16T05:00:08,0.0145
15,300-319,1784152806,2026-07-16T06:00:06,0.0145
15,300-319,1784156407,2026-07-16T07:00:07,0.0145
15,300-319,1784160013,2026-07-16T08:00:13,0.0145
15,300-319,1784163606,2026-07-16T09:00:06,0.0145
15,300-319,1784167205,2026-07-16T10:00:05,0.0145
15,300-319,1784170810,2026-07-16T11:00:10,0.0145
15,300-319,1784174407,2026-07-16T12:00:07,0.0145
15,300-319,1784178006,2026-07-16T13:00:06,0.0145
15,300-319,1784181611,2026-07-16T14:00:11,0.0145
15,300-319,1784185208,2026-07-16T15:00:08,0.0145
15,300-319,1784188805,2026-07-16T16:00:05,0.0145
15,300-319,1784192411,2026-07-16T17:00:11,0.0145
15,300-319,1784196008,2026-07-16T18:00:08,0.0145
15,300-319,1784199607,2026-07-16T19:00:07,0.0145
15,300-319,1784203209,2026-07-16T20:00:09,0.0145
15,300-319,1784206808,2026-07-16T21:00:08,0.0145
15,300-319,1784210406,2026-07-16T22:00:06,0.018
15,300-319,1784214011,2026-07-16T23:00:11,0.018
15,300-319,1784217606,2026-07-17T00:00:06,0.018
15,300-319,1784221207,2026-07-17T01:00:07,0.018
15,300-319,1784224823,2026-07-17T02:00:23,0.018
15,300-319,1784228407,2026-07-17T03:00:07,0.0175
15,300-319,1784232008,2026-07-17T04:00:08,0.017
15,300-319,1784235609,2026-07-17T05:00:09,0.0155
15,300-319,1784239207,2026-07-17T06:00:07,0.0155
15,300-319,1784242809,2026-07-17T07:00:09,0.0155
15,300-319,1784246413,2026-07-17T08:00:13,0.0155
15,300-319,1784250006,2026-07-17T09:00:06,0.0155
15,300-319,1784253608,2026-07-17T10:00:08,0.0155
15,300-319,1784257210,2026-07-17T11:00:10,0.013
15,300-319,1784260809,2026-07-17T12:00:09,0.0115
15,300-319,1784264410,2026-07-17T13:00:10,0.0115
15,300-319,1784268013,2026-07-17T14:00:13,0.0115
15,300-319,1784271605,2026-07-17T15:00:05,0.0115
15,300-319,1784275206,2026-07-17T16:00:06,0.0115
15,300-319,1784278808,2026-07-17T17:00:08,0.0115
15,300-319,1784282410,2026-07-17T18:00:10,0.0115
15,300-319,1784286007,2026-07-17T19:00:07,0.0115
15,300-319,1784289612,2026-07-17T20:00:12,0.0115
15,300-319,1784293206,2026-07-17T21:00:06,0.0115
15,300-319,1784296807,2026-07-17T22:00:07,0.0105
15,300-319,1784300409,2026-07-17T23:00:09,0.0105
15,300-319,1784304023,2026-07-18T00:00:23,0.0065
15,300-319,1784307611,2026-07-18T01:00:11,0.0085
15,300-319,1784311226,2026-07-18T02:00:26,0.0085
15,300-319,1784314807,2026-07-18T03:00:07,0.0085
15,300-319,1784318407,2026-07-18T04:00:07,0.0085
15,300-319,1784322008,2026-07-18T05:00:08,0.0085
15,300-319,1784325608,2026-07-18T06:00:08,0.0085
15,300-319,1784329209,2026-07-18T07:00:09,0.0085
15,300-319,1784332809,2026-07-18T08:00:09,0.0085
15,300-319,1784336406,2026-07-18T09:00:06,0.0085
15,300-319,1784340006,2026-07-18T10:00:06,0.0085
15,300-319,1784343609,2026-07-18T11:00:09,0.0085
15,300-319,1784347206,2026-07-18T12:00:06,0.0085
15,300-319,1784350807,2026-07-18T13:00:07,0.008
15,300-319,1784354408,2026-07-18T14:00:08,0.0085
15,300-319,1784358009,2026-07-18T15:00:09,0.009
15,300-319,1784361606,2026-07-18T16:00:06,0.0085
15,300-319,1784365212,2026-07-18T17:00:12,0.008
15,300-319,1784368806,2026-07-18T18:00:06,0.0075
15,300-319,1784372407,2026-07-18T19:00:07,0.0075
15,300-319,1784376022,2026-07-18T20:00:22,0.0075
15,300-319,1784379607,2026-07-18T21:00:07,0.0075
15,300-319,1784383208,2026-07-18T22:00:08,0.0075
15,300-319,1784386810,2026-07-18T23:00:10,0.0075
15,300-319,1784390408,2026-07-19T00:00:08,0.0075
15,300-319,1784394011,2026-07-19T01:00:11,0.008
15,300-319,1784397610,2026-07-19T02:00:10,0.0075
15,300-319,1784401206,2026-07-19T03:00:06,0.0065
15,300-319,1784404810,2026-07-19T04:00:10,0.006
15,300-319,1784408411,2026-07-19T05:00:11,0.0065
15,300-319,1784412007,2026-07-19T06:00:07,0.0065
15,300-319,1784415610,2026-07-19T07:00:10,0.0065
15,300-319,1784419212,2026-07-19T08:00:12,0.0065
15,300-319,1784422807,2026-07-19T09:00:07,0.0065
15,300-319,1784426407,2026-07-19T10:00:07,0.0065
15,300-319,1784430010,2026-07-19T11:00:10,0.0065
15,300-319,1784433607,2026-07-19T12:00:07,0.0065
15,300-319,1784437208,2026-07-19T13:00:08,0.0065
15,300-319,1784440813,2026-07-19T14:00:13,0.0055
15,300-319,1784444408,2026-07-19T15:00:08,0.0055
15,300-319,1784448008,2026-07-19T16:00:08,0.0055
15,300-319,1784451611,2026-07-19T17:00:11,0.0045
15,300-319,1784455207,2026-07-19T18:00:07,0.0045
15,300-319,1784458808,2026-07-19T19:00:08,0.0045
15,300-319,1784462410,2026-07-19T20:00:10,0.0045
15,300-319,1784466009,2026-07-19T21:00:09,0.0045
15,300-319,1784469609,2026-07-19T22:00:09,0.0045
15,300-319,1784473209,2026-07-19T23:00:09,0.0045
15,300-319,1784476823,2026-07-20T00:00:23,0.0045
15,300-319,1784480413,2026-07-20T01:00:13,0.0045
15,300-319,1784484009,2026-07-20T02:00:09,0.0045
15,300-319,1784487609,2026-07-20T03:00:09,0.0045
15,300-319,1784491211,2026-07-20T04:00:11,0.0045
15,300-319,1784494823,2026-07-20T05:00:23,0.0045
15,300-319,1784498409,2026-07-20T06:00:09,0.0035
15,300-319,1784502008,2026-07-20T07:00:08,0.0035
15,300-319,1784505624,2026-07-20T08:00:24,0.0035
15,300-319,1784509208,2026-07-20T09:00:08,0.0035
15,300-319,1784512807,2026-07-20T10:00:07,0.0035
15,300-319,1784516409,2026-07-20T11:00:09,0.0035
15,300-319,1784520007,2026-07-20T12:00:07,0.0035
15,300-319,1784523620,2026-07-20T13:00:20,0.0035
15,300-319,1784527211,2026-07-20T14:00:11,0.0035
15,300-319,1784530808,2026-07-20T15:00:08,0.0035
15,300-319,1784534406,2026-07-20T16:00:06,0.0035
15,300-319,1784538011,2026-07-20T17:00:11,0.0035
15,300-319,1784541605,2026-07-20T18:00:05,0.0035
15,300-319,1784545208,2026-07-20T19:00:08,0.0035
15,300-319,1784548809,2026-07-20T20:00:09,0.0035
15,300-319,1784552409,2026-07-20T21:00:09,0.0035
15,300-319,1784556006,2026-07-20T22:00:06,0.0035
15,300-319,1784559614,2026-07-20T23:00:14,0.0035
15,300-319,1784563209,2026-07-21T00:00:09,0.0035
15,300-319,1784566818,2026-07-21T01:00:18,0.0035
15,300-319,1784570411,2026-07-21T02:00:11,0.0035
15,300-319,1784574008,2026-07-21T03:00:08,0.0025
15,300-319,1784577623,2026-07-21T04:00:23,0.0025
15,300-319,1784581212,2026-07-21T05:00:12,0.0025
15,300-319,1784584805,2026-07-21T06:00:05,0.0025
15,300-319,1784588406,2026-07-21T07:00:06,0.0025
15,300-319,1784592012,2026-07-21T08:00:12,0.0025
15,300-319,1784595610,2026-07-21T09:00:10,0.0025
15,300-319,1784599210,2026-07-21T10:00:10,0.0025
15,300-319,1784602812,2026-07-21T11:00:12,0.0025
15,300-319,1784606422,2026-07-21T12:00:22,0.0025
15,300-319,1784610008,2026-07-21T13:00:08,0.0025
15,300-319,1784613612,2026-07-21T14:00:12,0.0025
15,300-319,1784617211,2026-07-21T15:00:11,0.0015
15,300-319,1784620808,2026-07-21T16:00:08,0.0015
15,300-319,1784624411,2026-07-21T17:00:11,0.0015
15,300-319,1784628008,2026-07-21T18:00:08,0.0015
15,300-319,1784631608,2026-07-21T19:00:08,0.0015
15,300-319,1784635213,2026-07-21T20:00:13,0.0015
15,300-319,1784638810,2026-07-21T21:00:10,0.0015
15,300-319,1784642409,2026-07-21T22:00:09,0.0015
15,300-319,1784646024,2026-07-21T23:00:24,0.0015
15,300-319,1784649610,2026-07-22T00:00:10,0.0015
15,300-319,1784653207,2026-07-22T01:00:07,0.0015
15,300-319,1784656821,2026-07-22T02:00:21,0.0015
15,300-319,1784660405,2026-07-22T03:00:05,0.0005
15,300-319,1784664006,2026-07-22T04:00:06,0.0005
15,300-319,1784667620,2026-07-22T05:00:20,0.0005
15,300-319,1784671208,2026-07-22T06:00:08,0.0005
15,300-319,1784674820,2026-07-22T07:00:20,0.0005
15,300-319,1784678409,2026-07-22T08:00:09,0.0005
15,300-319,1784682006,2026-07-22T09:00:06,0.0005
15,300-319,1784685607,2026-07-22T10:00:07,0.0005
15,300-319,1784689210,2026-07-22T11:00:10,0.0005
15,300-319,1784692808,2026-07-22T12:00:08,0.0005
15,300-319,1784696406,2026-07-22T13:00:06,0.0005
15,300-319,1784700024,2026-07-22T14:00:24,0.0005
15,300-319,1784703608,2026-07-22T15:00:08,0.0005
15,300-319,1784707206,2026-07-22T16:00:06,0.0015
15,300-319,1784710809,2026-07-22T17:00:09,0.0015
15,300-319,1784714406,2026-07-22T18:00:06,0.0015
15,300-319,1784718006,2026-07-22T19:00:06,0.0015
15,300-319,1784721609,2026-07-22T20:00:09,0.0015
15,300-319,1784725207,2026-07-22T21:00:07,0.0035
15,300-319,1784728805,2026-07-22T22:00:05,0.0015
15,300-319,1784732410,2026-07-22T23:00:10,0.0025
15,300-319,1784736007,2026-07-23T00:00:07,0.0015
15,300-319,1784739614,2026-07-23T01:00:14,0.0015
15,300-319,1784743209,2026-07-23T02:00:09,0.0015
15,300-319,1784746806,2026-07-23T03:00:06,0.0015
15,300-319,1784750409,2026-07-23T04:00:09,0.0015
15,300-319,1784754011,2026-07-23T05:00:11,0.0015
15,300-319,1784757613,2026-07-23T06:00:13,0.0015
15,300-319,1784761208,2026-07-23T07:00:08,0.0015
15,300-319,1784764817,2026-07-23T08:00:17,0.0015
15,300-319,1784768421,2026-07-23T09:00:21,0.0015
15,300-319,1784772009,2026-07-23T10:00:09,0.0015
15,300-319,1784775612,2026-07-23T11:00:12,0.0015
15,300-319,1784779211,2026-07-23T12:00:11,0.0015
15,300-319,1784782821,2026-07-23T13:00:21,0.0015
15,300-319,1784786423,2026-07-23T14:00:23,0.0015
15,300-319,1784790014,2026-07-23T15:00:14,0.0015
15,300-319,1784793607,2026-07-23T16:00:07,0.001
15,300-319,1784797217,2026-07-23T17:00:17,0.0005
15,300-319,1784800816,2026-07-23T18:00:16,0.0005
15,300-319,1784804409,2026-07-23T19:00:09,0.0005
15,300-319,1784808024,2026-07-23T20:00:24,0.0005
15,300-319,1784811612,2026-07-23T21:00:12,0.0005
15,300-319,1784815212,2026-07-23T22:00:12,0.0005
15,300-319,1784818821,2026-07-23T23:00:21,0.0005
15,300-319,1784822412,2026-07-24T00:00:12,0.0005
15,300-319,1784826023,2026-07-24T01:00:23,0.0005
15,300-319,1784829620,2026-07-24T02:00:20,0.0005
15,300-319,1784833214,2026-07-24T03:00:14,0.0005
15,300-319,1784836815,2026-07-24T04:00:15,0.0005
15,300-319,1784840420,2026-07-24T05:00:20,0.0005
15,300-319,1784844014,2026-07-24T06:00:14,0.0005
15,300-319,1784847613,2026-07-24T07:00:13,0.0005
15,300-319,1784851218,2026-07-24T08:00:18,0.0005
15,300-319,1784854809,2026-07-24T09:00:09,0.0005
15,300-319,1784858412,2026-07-24T10:00:12,0.0005
15,300-319,1784862020,2026-07-24T11:00:20,0.0005
15,300-319,1784865613,2026-07-24T12:00:13,0.0005
15,300-319,1784869222,2026-07-24T13:00:22,0.0005
15,300-319,1784872820,2026-07-24T14:00:20,0.0005
15,300-319,1784876411,2026-07-24T15:00:11,0.0005
15,300-319,1784880013,2026-07-24T16:00:13,0.0005
15,300-319,1784883620,2026-07-24T17:00:20,0.0005
15,300-319,1784887214,2026-07-24T18:00:14,0.0005
15,300-319,1784890813,2026-07-24T19:00:13,0.0005
15,300-319,1784894430,2026-07-24T20:00:30,0.0005
15,300-319,1784898019,2026-07-24T21:00:19,0.0005
15,300-319,1784901615,2026-07-24T22:00:15,0.0005
15,300-319,1784905228,2026-07-24T23:00:28,0.0005
15,300-319,1784908817,2026-07-25T00:00:17,0.0005
15,300-319,1784912415,2026-07-25T01:00:15,0.0005
15,300-319,1784916022,2026-07-25T02:00:22,0.0005
16,320-339,1784005206,2026-07-14T13:00:06,0.095
16,320-339,1784008809,2026-07-14T14:00:09,0.065
16,320-339,1784012411,2026-07-14T15:00:11,0.0155
16,320-339,1784016005,2026-07-14T16:00:05,0.0155
16,320-339,1784019607,2026-07-14T17:00:07,0.0155
16,320-339,1784023208,2026-07-14T18:00:08,0.015
16,320-339,1784026806,2026-07-14T19:00:06,0.015
16,320-339,1784030415,2026-07-14T20:00:15,0.015
16,320-339,1784034009,2026-07-14T21:00:09,0.0115
16,320-339,1784037613,2026-07-14T22:00:13,0.0155
16,320-339,1784041210,2026-07-14T23:00:10,0.0155
16,320-339,1784044813,2026-07-15T00:00:13,0.0155
16,320-339,1784048430,2026-07-15T01:00:30,0.0125
16,320-339,1784052019,2026-07-15T02:00:19,0.0125
16,320-339,1784055609,2026-07-15T03:00:09,0.0125
16,320-339,1784059209,2026-07-15T04:00:09,0.0115
16,320-339,1784062809,2026-07-15T05:00:09,0.0115
16,320-339,1784066406,2026-07-15T06:00:06,0.0115
16,320-339,1784070008,2026-07-15T07:00:08,0.0115
16,320-339,1784073614,2026-07-15T08:00:14,0.0115
16,320-339,1784077209,2026-07-15T09:00:09,0.0115
16,320-339,1784080811,2026-07-15T10:00:11,0.0115
16,320-339,1784084413,2026-07-15T11:00:13,0.0115
16,320-339,1784088007,2026-07-15T12:00:07,0.0115
16,320-339,1784091622,2026-07-15T13:00:22,0.0115
16,320-339,1784095212,2026-07-15T14:00:12,0.0115
16,320-339,1784098823,2026-07-15T15:00:23,0.0105
16,320-339,1784102423,2026-07-15T16:00:23,0.0105
16,320-339,1784106010,2026-07-15T17:00:10,0.0105
16,320-339,1784109606,2026-07-15T18:00:06,0.0105
16,320-339,1784113210,2026-07-15T19:00:10,0.0105
16,320-339,1784116827,2026-07-15T20:00:27,0.0105
16,320-339,1784120408,2026-07-15T21:00:08,0.0105
16,320-339,1784124008,2026-07-15T22:00:08,0.0105
16,320-339,1784127613,2026-07-15T23:00:13,0.0105
16,320-339,1784131207,2026-07-16T00:00:07,0.0115
16,320-339,1784134811,2026-07-16T01:00:11,0.0115
16,320-339,1784138415,2026-07-16T02:00:15,0.0105
16,320-339,1784142010,2026-07-16T03:00:10,0.0105
16,320-339,1784145609,2026-07-16T04:00:09,0.0105
16,320-339,1784149211,2026-07-16T05:00:11,0.0105
16,320-339,1784152807,2026-07-16T06:00:07,0.0105
16,320-339,1784156407,2026-07-16T07:00:07,0.0105
16,320-339,1784160014,2026-07-16T08:00:14,0.0105
16,320-339,1784163606,2026-07-16T09:00:06,0.0105
16,320-339,1784167205,2026-07-16T10:00:05,0.0105
16,320-339,1784170812,2026-07-16T11:00:12,0.0105
16,320-339,1784174408,2026-07-16T12:00:08,0.0105
16,320-339,1784178007,2026-07-16T13:00:07,0.0105
16,320-339,1784181624,2026-07-16T14:00:24,0.0105
16,320-339,1784185210,2026-07-16T15:00:10,0.0095
16,320-339,1784188805,2026-07-16T16:00:05,0.009
16,320-339,1784192412,2026-07-16T17:00:12,0.0095
16,320-339,1784196009,2026-07-16T18:00:09,0.0095
16,320-339,1784199608,2026-07-16T19:00:08,0.0095
16,320-339,1784203211,2026-07-16T20:00:11,0.0095
16,320-339,1784206809,2026-07-16T21:00:09,0.009
16,320-339,1784210407,2026-07-16T22:00:07,0.0105
16,320-339,1784214013,2026-07-16T23:00:13,0.0105
16,320-339,1784217607,2026-07-17T00:00:07,0.0105
16,320-339,1784221209,2026-07-17T01:00:09,0.0105
16,320-339,1784224824,2026-07-17T02:00:24,0.0105
16,320-339,1784228408,2026-07-17T03:00:08,0.0095
16,320-339,1784232009,2026-07-17T04:00:09,0.0095
16,320-339,1784235611,2026-07-17T05:00:11,0.0095
16,320-339,1784239208,2026-07-17T06:00:08,0.0095
16,320-339,1784242811,2026-07-17T07:00:11,0.0095
16,320-339,1784246415,2026-07-17T08:00:15,0.0095
16,320-339,1784250007,2026-07-17T09:00:07,0.0095
16,320-339,1784253609,2026-07-17T10:00:09,0.0095
16,320-339,1784257212,2026-07-17T11:00:12,0.008
16,320-339,1784260811,2026-07-17T12:00:11,0.008
16,320-339,1784264412,2026-07-17T13:00:12,0.008
16,320-339,1784268016,2026-07-17T14:00:16,0.0105
16,320-339,1784271605,2026-07-17T15:00:05,0.0105
16,320-339,1784275206,2026-07-17T16:00:06,0.0105
16,320-339,1784278810,2026-07-17T17:00:10,0.0055
16,320-339,1784282413,2026-07-17T18:00:13,0.0055
16,320-339,1784286008,2026-07-17T19:00:08,0.0055
16,320-339,1784289615,2026-07-17T20:00:15,0.0055
16,320-339,1784293208,2026-07-17T21:00:08,0.0055
16,320-339,1784296809,2026-07-17T22:00:09,0.0055
16,320-339,1784300411,2026-07-17T23:00:11,0.0055
16,320-339,1784304024,2026-07-18T00:00:24,0.0905
16,320-339,1784307616,2026-07-18T01:00:16,0.0035
16,320-339,1784311229,2026-07-18T02:00:29,0.0035
16,320-339,1784314808,2026-07-18T03:00:08,0.0035
16,320-339,1784318409,2026-07-18T04:00:09,0.0035
16,320-339,1784322010,2026-07-18T05:00:10,0.0035
16,320-339,1784325610,2026-07-18T06:00:10,0.0035
16,320-339,1784329210,2026-07-18T07:00:10,0.0035
16,320-339,1784332811,2026-07-18T08:00:11,0.0035
16,320-339,1784336407,2026-07-18T09:00:07,0.0055
16,320-339,1784340007,2026-07-18T10:00:07,0.0055
16,320-339,1784343611,2026-07-18T11:00:11,0.0055
16,320-339,1784347207,2026-07-18T12:00:07,0.0055
16,320-339,1784350808,2026-07-18T13:00:08,0.0055
16,320-339,1784354411,2026-07-18T14:00:11,0.0055
16,320-339,1784358011,2026-07-18T15:00:11,0.0055
16,320-339,1784361607,2026-07-18T16:00:07,0.0055
16,320-339,1784365214,2026-07-18T17:00:14,0.0035
16,320-339,1784368807,2026-07-18T18:00:07,0.0035
16,320-339,1784372411,2026-07-18T19:00:11,0.0035
16,320-339,1784376025,2026-07-18T20:00:25,0.004
16,320-339,1784379609,2026-07-18T21:00:09,0.004
16,320-339,1784383209,2026-07-18T22:00:09,0.004
16,320-339,1784386818,2026-07-18T23:00:18,0.004
16,320-339,1784390409,2026-07-19T00:00:09,0.004
16,320-339,1784394016,2026-07-19T01:00:16,0.004
16,320-339,1784397613,2026-07-19T02:00:13,0.003
16,320-339,1784401209,2026-07-19T03:00:09,0.003
16,320-339,1784404814,2026-07-19T04:00:14,0.003
16,320-339,1784408416,2026-07-19T05:00:16,0.003
16,320-339,1784412010,2026-07-19T06:00:10,0.003
16,320-339,1784415612,2026-07-19T07:00:12,0.0025
16,320-339,1784419216,2026-07-19T08:00:16,0.0025
16,320-339,1784422809,2026-07-19T09:00:09,0.0025
16,320-339,1784426408,2026-07-19T10:00:08,0.0025
16,320-339,1784430013,2026-07-19T11:00:13,0.0025
16,320-339,1784433610,2026-07-19T12:00:10,0.0025
16,320-339,1784437210,2026-07-19T13:00:10,0.0025
16,320-339,1784440818,2026-07-19T14:00:18,0.0025
16,320-339,1784444411,2026-07-19T15:00:11,0.0025
16,320-339,1784448010,2026-07-19T16:00:10,0.0025
16,320-339,1784451615,2026-07-19T17:00:15,0.0025
16,320-339,1784455209,2026-07-19T18:00:09,0.0025
16,320-339,1784458810,2026-07-19T19:00:10,0.0025
16,320-339,1784462412,2026-07-19T20:00:12,0.0025
16,320-339,1784466010,2026-07-19T21:00:10,0.0025
16,320-339,1784469612,2026-07-19T22:00:12,0.0025
16,320-339,1784473211,2026-07-19T23:00:11,0.0025
16,320-339,1784476830,2026-07-20T00:00:30,0.0025
16,320-339,1784480417,2026-07-20T01:00:17,0.0025
16,320-339,1784484012,2026-07-20T02:00:12,0.0025
16,320-339,1784487611,2026-07-20T03:00:11,0.0025
16,320-339,1784491213,2026-07-20T04:00:13,0.0025
16,320-339,1784494826,2026-07-20T05:00:26,0.0025
16,320-339,1784498412,2026-07-20T06:00:12,0.0025
16,320-339,1784502009,2026-07-20T07:00:09,0.0025
16,320-339,1784505627,2026-07-20T08:00:27,0.0025
16,320-339,1784509209,2026-07-20T09:00:09,0.0025
16,320-339,1784512809,2026-07-20T10:00:09,0.0025
16,320-339,1784516412,2026-07-20T11:00:12,0.0025
16,320-339,1784520008,2026-07-20T12:00:08,0.0025
16,320-339,1784523622,2026-07-20T13:00:22,0.0025
16,320-339,1784527215,2026-07-20T14:00:15,0.0025
16,320-339,1784530810,2026-07-20T15:00:10,0.0025
16,320-339,1784534406,2026-07-20T16:00:06,0.0025
16,320-339,1784538014,2026-07-20T17:00:14,0.0025
16,320-339,1784541606,2026-07-20T18:00:06,0.0025
16,320-339,1784545209,2026-07-20T19:00:09,0.0025
16,320-339,1784548811,2026-07-20T20:00:11,0.0015
16,320-339,1784552410,2026-07-20T21:00:10,0.0015
16,320-339,1784556007,2026-07-20T22:00:07,0.0015
16,320-339,1784559617,2026-07-20T23:00:17,0.0015
16,320-339,1784563211,2026-07-21T00:00:11,0.0015
16,320-339,1784566822,2026-07-21T01:00:22,0.0015
16,320-339,1784570414,2026-07-21T02:00:14,0.0015
16,320-339,1784574010,2026-07-21T03:00:10,0.0015
16,320-339,1784577626,2026-07-21T04:00:26,0.0015
16,320-339,1784581215,2026-07-21T05:00:15,0.0015
16,320-339,1784584806,2026-07-21T06:00:06,0.0005
16,320-339,1784588407,2026-07-21T07:00:07,0.0005
16,320-339,1784592015,2026-07-21T08:00:15,0.0005
16,320-339,1784595614,2026-07-21T09:00:14,0.0005
16,320-339,1784599214,2026-07-21T10:00:14,0.0005
16,320-339,1784602815,2026-07-21T11:00:15,0.0005
16,320-339,1784606423,2026-07-21T12:00:23,0.0005
16,320-339,1784610010,2026-07-21T13:00:10,0.0005
16,320-339,1784613616,2026-07-21T14:00:16,0.0005
16,320-339,1784617216,2026-07-21T15:00:16,0.0005
16,320-339,1784620811,2026-07-21T16:00:11,0.0005
16,320-339,1784624414,2026-07-21T17:00:14,0.0005
16,320-339,1784628011,2026-07-21T18:00:11,0.0005
16,320-339,1784631610,2026-07-21T19:00:10,0.0005
16,320-339,1784635220,2026-07-21T20:00:20,0.0005
16,320-339,1784638811,2026-07-21T21:00:11,0.0005
16,320-339,1784642410,2026-07-21T22:00:10,0.0005
16,320-339,1784646033,2026-07-21T23:00:33,0.0005
16,320-339,1784649614,2026-07-22T00:00:14,0.0005
16,320-339,1784653210,2026-07-22T01:00:10,0.0005
16,320-339,1784656830,2026-07-22T02:00:30,0.0005
16,320-339,1784660407,2026-07-22T03:00:07,0.0005
16,320-339,1784664008,2026-07-22T04:00:08,0.0005
16,320-339,1784667630,2026-07-22T05:00:30,0.0005
16,320-339,1784671210,2026-07-22T06:00:10,0.0005
16,320-339,1784674822,2026-07-22T07:00:22,0.0005
16,320-339,1784678411,2026-07-22T08:00:11,0.0005
16,320-339,1784682007,2026-07-22T09:00:07,0.0005
16,320-339,1784685607,2026-07-22T10:00:07,0.0005
16,320-339,1784689212,2026-07-22T11:00:12,0.0005
16,320-339,1784692810,2026-07-22T12:00:10,0.0005
16,320-339,1784696407,2026-07-22T13:00:07,0.0005
16,320-339,1784700027,2026-07-22T14:00:27,0.0005
16,320-339,1784703611,2026-07-22T15:00:11,0.0005
16,320-339,1784707206,2026-07-22T16:00:06,0.0005
16,320-339,1784710814,2026-07-22T17:00:14,0.0005
16,320-339,1784714407,2026-07-22T18:00:07,0.0005
16,320-339,1784718007,2026-07-22T19:00:07,0.0005
16,320-339,1784721613,2026-07-22T20:00:13,0.0005
16,320-339,1784725207,2026-07-22T21:00:07,0.0005
16,320-339,1784728806,2026-07-22T22:00:06,0.0005
16,320-339,1784732413,2026-07-22T23:00:13,0.0005
16,320-339,1784736008,2026-07-23T00:00:08,0.0005
16,320-339,1784739620,2026-07-23T01:00:20,0.0005
16,320-339,1784743215,2026-07-23T02:00:15,0.0005
16,320-339,1784746807,2026-07-23T03:00:07,0.0015
16,320-339,1784750410,2026-07-23T04:00:10,0.0005
16,320-339,1784754013,2026-07-23T05:00:13,0.0005
16,320-339,1784757615,2026-07-23T06:00:15,0.0005
16,320-339,1784761209,2026-07-23T07:00:09,0.0005
16,320-339,1784764820,2026-07-23T08:00:20,0.0005
16,320-339,1784768421,2026-07-23T09:00:21,0.0005
16,320-339,1784772009,2026-07-23T10:00:09,0.0005
16,320-339,1784775614,2026-07-23T11:00:14,0.0005
16,320-339,1784779213,2026-07-23T12:00:13,0.0005
16,320-339,1784782825,2026-07-23T13:00:25,0.0005
16,320-339,1784786428,2026-07-23T14:00:28,0.0005
16,320-339,1784790018,2026-07-23T15:00:18,0.0005
16,320-339,1784793609,2026-07-23T16:00:09,0.0005
16,320-339,1784797223,2026-07-23T17:00:23,0.0005
16,320-339,1784800821,2026-07-23T18:00:21,0.0005
16,320-339,1784804412,2026-07-23T19:00:12,0.0005
16,320-339,1784808032,2026-07-23T20:00:32,0.0005
16,320-339,1784811615,2026-07-23T21:00:15,0.0005
16,320-339,1784815215,2026-07-23T22:00:15,0.0005
16,320-339,1784818831,2026-07-23T23:00:31,0.0005
16,320-339,1784822415,2026-07-24T00:00:15,0.0005
16,320-339,1784826031,2026-07-24T01:00:31,0.0005
16,320-339,1784829631,2026-07-24T02:00:31,0.0005
16,320-339,1784833221,2026-07-24T03:00:21,0.0005
16,320-339,1784836817,2026-07-24T04:00:17,0.0005
16,320-339,1784840424,2026-07-24T05:00:24,0.0005
16,320-339,1784844018,2026-07-24T06:00:18,0.0005
16,320-339,1784847617,2026-07-24T07:00:17,0.0005
16,320-339,1784851226,2026-07-24T08:00:26,0.0005
16,320-339,1784854811,2026-07-24T09:00:11,0.0005
16,320-339,1784858414,2026-07-24T10:00:14,0.0005
16,320-339,1784862025,2026-07-24T11:00:25,0.0005
16,320-339,1784865617,2026-07-24T12:00:17,0.0005
16,320-339,1784869229,2026-07-24T13:00:29,0.0005
16,320-339,1784872825,2026-07-24T14:00:25,0.0005
16,320-339,1784876413,2026-07-24T15:00:13,0.0005
16,320-339,1784880017,2026-07-24T16:00:17,0.0005
16,320-339,1784883626,2026-07-24T17:00:26,0.0005
16,320-339,1784887224,2026-07-24T18:00:24,0.0005
16,320-339,1784890817,2026-07-24T19:00:17,0.0005
16,320-339,1784894444,2026-07-24T20:00:44,0.0005
16,320-339,1784898027,2026-07-24T21:00:27,0.0005
16,320-339,1784901622,2026-07-24T22:00:22,0.0005
16,320-339,1784905240,2026-07-24T23:00:40,0.0005
16,320-339,1784908826,2026-07-25T00:00:26,0.0005
16,320-339,1784912419,2026-07-25T01:00:19,0.0005
16,320-339,1784916032,2026-07-25T02:00:32,0.0005
17,340-359,1784005205,2026-07-14T13:00:05,0.0195
17,340-359,1784008806,2026-07-14T14:00:06,0.0195
17,340-359,1784012408,2026-07-14T15:00:08,0.0155
17,340-359,1784016005,2026-07-14T16:00:05,0.011
17,340-359,1784019605,2026-07-14T17:00:05,0.011
17,340-359,1784023206,2026-07-14T18:00:06,0.011
17,340-359,1784026805,2026-07-14T19:00:05,0.011
17,340-359,1784030411,2026-07-14T20:00:11,0.012
17,340-359,1784034008,2026-07-14T21:00:08,0.0105
17,340-359,1784037612,2026-07-14T22:00:12,0.007
17,340-359,1784041208,2026-07-14T23:00:08,0.007
17,340-359,1784044812,2026-07-15T00:00:12,0.007
17,340-359,1784048414,2026-07-15T01:00:14,0.0045
17,340-359,1784052015,2026-07-15T02:00:15,0.0045
17,340-359,1784055607,2026-07-15T03:00:07,0.0045
17,340-359,1784059206,2026-07-15T04:00:06,0.0045
17,340-359,1784062806,2026-07-15T05:00:06,0.0045
17,340-359,1784066405,2026-07-15T06:00:05,0.0035
17,340-359,1784070006,2026-07-15T07:00:06,0.0035
17,340-359,1784073609,2026-07-15T08:00:09,0.0035
17,340-359,1784077207,2026-07-15T09:00:07,0.005
17,340-359,1784080809,2026-07-15T10:00:09,0.005
17,340-359,1784084407,2026-07-15T11:00:07,0.005
17,340-359,1784088005,2026-07-15T12:00:05,0.005
17,340-359,1784091620,2026-07-15T13:00:20,0.0045
17,340-359,1784095208,2026-07-15T14:00:08,0.0045
17,340-359,1784098819,2026-07-15T15:00:19,0.004
17,340-359,1784102421,2026-07-15T16:00:21,0.004
17,340-359,1784106007,2026-07-15T17:00:07,0.004
17,340-359,1784109605,2026-07-15T18:00:05,0.0045
17,340-359,1784113208,2026-07-15T19:00:08,0.0045
17,340-359,1784116821,2026-07-15T20:00:21,0.004
17,340-359,1784120406,2026-07-15T21:00:06,0.0045
17,340-359,1784124006,2026-07-15T22:00:06,0.0045
17,340-359,1784127610,2026-07-15T23:00:10,0.0065
17,340-359,1784131206,2026-07-16T00:00:06,0.0085
17,340-359,1784134806,2026-07-16T01:00:06,0.0085
17,340-359,1784138410,2026-07-16T02:00:10,0.0055
17,340-359,1784142009,2026-07-16T03:00:09,0.0055
17,340-359,1784145606,2026-07-16T04:00:06,0.0055
17,340-359,1784149207,2026-07-16T05:00:07,0.0055
17,340-359,1784152805,2026-07-16T06:00:05,0.0055
17,340-359,1784156406,2026-07-16T07:00:06,0.0065
17,340-359,1784160008,2026-07-16T08:00:08,0.0065
17,340-359,1784163605,2026-07-16T09:00:05,0.0065
17,340-359,1784167204,2026-07-16T10:00:04,0.0065
17,340-359,1784170809,2026-07-16T11:00:09,0.0065
17,340-359,1784174406,2026-07-16T12:00:06,0.0065
17,340-359,1784178005,2026-07-16T13:00:05,0.0065
17,340-359,1784181608,2026-07-16T14:00:08,0.0065
17,340-359,1784185207,2026-07-16T15:00:07,0.0065
17,340-359,1784188804,2026-07-16T16:00:04,0.0065
17,340-359,1784192410,2026-07-16T17:00:10,0.0065
17,340-359,1784196007,2026-07-16T18:00:07,0.0065
17,340-359,1784199606,2026-07-16T19:00:06,0.0065
17,340-359,1784203207,2026-07-16T20:00:07,0.0065
17,340-359,1784206807,2026-07-16T21:00:07,0.0065
17,340-359,1784210405,2026-07-16T22:00:05,0.0065
17,340-359,1784214008,2026-07-16T23:00:08,0.0065
17,340-359,1784217605,2026-07-17T00:00:05,0.0065
17,340-359,1784221206,2026-07-17T01:00:06,0.0065
17,340-359,1784224821,2026-07-17T02:00:21,0.0065
17,340-359,1784228406,2026-07-17T03:00:06,0.0065
17,340-359,1784232007,2026-07-17T04:00:07,0.0065
17,340-359,1784235607,2026-07-17T05:00:07,0.0065
17,340-359,1784239206,2026-07-17T06:00:06,0.0065
17,340-359,1784242808,2026-07-17T07:00:08,0.0065
17,340-359,1784246409,2026-07-17T08:00:09,0.0065
17,340-359,1784250005,2026-07-17T09:00:05,0.0065
17,340-359,1784253606,2026-07-17T10:00:06,0.0065
17,340-359,1784257207,2026-07-17T11:00:07,0.0065
17,340-359,1784260806,2026-07-17T12:00:06,0.0065
17,340-359,1784264406,2026-07-17T13:00:06,0.0065
17,340-359,1784268008,2026-07-17T14:00:08,0.007
17,340-359,1784271604,2026-07-17T15:00:04,0.0075
17,340-359,1784275205,2026-07-17T16:00:05,0.0065
17,340-359,1784278806,2026-07-17T17:00:06,0.0065
17,340-359,1784282408,2026-07-17T18:00:08,0.0065
17,340-359,1784286005,2026-07-17T19:00:05,0.0065
17,340-359,1784289609,2026-07-17T20:00:09,0.0065
17,340-359,1784293205,2026-07-17T21:00:05,0.0065
17,340-359,1784296806,2026-07-17T22:00:06,0.0055
17,340-359,1784300407,2026-07-17T23:00:07,0.0055
17,340-359,1784304022,2026-07-18T00:00:22,0.095
17,340-359,1784307608,2026-07-18T01:00:08,0.0035
17,340-359,1784311224,2026-07-18T02:00:24,0.0035
17,340-359,1784314806,2026-07-18T03:00:06,0.0035
17,340-359,1784318405,2026-07-18T04:00:05,0.0035
17,340-359,1784322006,2026-07-18T05:00:06,0.0035
17,340-359,1784325606,2026-07-18T06:00:06,0.0035
17,340-359,1784329208,2026-07-18T07:00:08,0.0035
17,340-359,1784332807,2026-07-18T08:00:07,0.0035
17,340-359,1784336406,2026-07-18T09:00:06,0.0035
17,340-359,1784340005,2026-07-18T10:00:05,0.0035
17,340-359,1784343607,2026-07-18T11:00:07,0.0035
17,340-359,1784347205,2026-07-18T12:00:05,0.0035
17,340-359,1784350806,2026-07-18T13:00:06,0.0035
17,340-359,1784354406,2026-07-18T14:00:06,0.0035
17,340-359,1784358006,2026-07-18T15:00:06,0.0025
17,340-359,1784361605,2026-07-18T16:00:05,0.0025
17,340-359,1784365209,2026-07-18T17:00:09,0.0025
17,340-359,1784368805,2026-07-18T18:00:05,0.0025
17,340-359,1784372406,2026-07-18T19:00:06,0.0025
17,340-359,1784376019,2026-07-18T20:00:19,0.0025
17,340-359,1784379606,2026-07-18T21:00:06,0.0025
17,340-359,1784383206,2026-07-18T22:00:06,0.0025
17,340-359,1784386807,2026-07-18T23:00:07,0.0025
17,340-359,1784390406,2026-07-19T00:00:06,0.0025
17,340-359,1784394006,2026-07-19T01:00:06,0.0025
17,340-359,1784397608,2026-07-19T02:00:08,0.0025
17,340-359,1784401205,2026-07-19T03:00:05,0.0025
17,340-359,1784404807,2026-07-19T04:00:07,0.0025
17,340-359,1784408408,2026-07-19T05:00:08,0.0025
17,340-359,1784412005,2026-07-19T06:00:05,0.0025
17,340-359,1784415607,2026-07-19T07:00:07,0.0025
17,340-359,1784419208,2026-07-19T08:00:08,0.0025
17,340-359,1784422805,2026-07-19T09:00:05,0.0025
17,340-359,1784426406,2026-07-19T10:00:06,0.0025
17,340-359,1784430006,2026-07-19T11:00:06,0.0025
17,340-359,1784433605,2026-07-19T12:00:05,0.0025
17,340-359,1784437206,2026-07-19T13:00:06,0.0025
17,340-359,1784440809,2026-07-19T14:00:09,0.0025
17,340-359,1784444405,2026-07-19T15:00:05,0.0025
17,340-359,1784448006,2026-07-19T16:00:06,0.0025
17,340-359,1784451607,2026-07-19T17:00:07,0.002
17,340-359,1784455205,2026-07-19T18:00:05,0.002
17,340-359,1784458806,2026-07-19T19:00:06,0.0015
17,340-359,1784462407,2026-07-19T20:00:07,0.0015
17,340-359,1784466007,2026-07-19T21:00:07,0.0015
17,340-359,1784469607,2026-07-19T22:00:07,0.002
17,340-359,1784473207,2026-07-19T23:00:07,0.002
17,340-359,1784476821,2026-07-20T00:00:21,0.002
17,340-359,1784480410,2026-07-20T01:00:10,0.0015
17,340-359,1784484007,2026-07-20T02:00:07,0.0015
17,340-359,1784487607,2026-07-20T03:00:07,0.0015
17,340-359,1784491208,2026-07-20T04:00:08,0.0015
17,340-359,1784494821,2026-07-20T05:00:21,0.0015
17,340-359,1784498406,2026-07-20T06:00:06,0.0015
17,340-359,1784502006,2026-07-20T07:00:06,0.0015
17,340-359,1784505622,2026-07-20T08:00:22,0.0015
17,340-359,1784509207,2026-07-20T09:00:07,0.0005
17,340-359,1784512806,2026-07-20T10:00:06,0.0005
17,340-359,1784516407,2026-07-20T11:00:07,0.0005
17,340-359,1784520005,2026-07-20T12:00:05,0.0005
17,340-359,1784523619,2026-07-20T13:00:19,0.0005
17,340-359,1784527209,2026-07-20T14:00:09,0.0005
17,340-359,1784530806,2026-07-20T15:00:06,0.0005
17,340-359,1784534405,2026-07-20T16:00:05,0.0005
17,340-359,1784538007,2026-07-20T17:00:07,0.0005
17,340-359,1784541605,2026-07-20T18:00:05,0.0005
17,340-359,1784545207,2026-07-20T19:00:07,0.0005
17,340-359,1784548807,2026-07-20T20:00:07,0.0005
17,340-359,1784552408,2026-07-20T21:00:08,0.0005
17,340-359,1784556005,2026-07-20T22:00:05,0.0005
17,340-359,1784559611,2026-07-20T23:00:11,0.0005
17,340-359,1784563208,2026-07-21T00:00:08,0.0005
17,340-359,1784566815,2026-07-21T01:00:15,0.0005
17,340-359,1784570407,2026-07-21T02:00:07,0.0005
17,340-359,1784574006,2026-07-21T03:00:06,0.0005
17,340-359,1784577621,2026-07-21T04:00:21,0.0005
17,340-359,1784581209,2026-07-21T05:00:09,0.0005
17,340-359,1784584805,2026-07-21T06:00:05,0.0005
17,340-359,1784588405,2026-07-21T07:00:05,0.0005
17,340-359,1784592009,2026-07-21T08:00:09,0.0005
17,340-359,1784595609,2026-07-21T09:00:09,0.0005
17,340-359,1784599208,2026-07-21T10:00:08,0.0005
17,340-359,1784602809,2026-07-21T11:00:09,0.0005
17,340-359,1784606421,2026-07-21T12:00:21,0.0005
17,340-359,1784610006,2026-07-21T13:00:06,0.0005
17,340-359,1784613609,2026-07-21T14:00:09,0.0005
17,340-359,1784617208,2026-07-21T15:00:08,0.0005
17,340-359,1784620806,2026-07-21T16:00:06,0.0005
17,340-359,1784624408,2026-07-21T17:00:08,0.0005
17,340-359,1784628006,2026-07-21T18:00:06,0.0005
17,340-359,1784631606,2026-07-21T19:00:06,0.0005
17,340-359,1784635210,2026-07-21T20:00:10,0.0005
17,340-359,1784638807,2026-07-21T21:00:07,0.0005
17,340-359,1784642406,2026-07-21T22:00:06,0.0005
17,340-359,1784646021,2026-07-21T23:00:21,0.0005
17,340-359,1784649607,2026-07-22T00:00:07,0.0005
17,340-359,1784653206,2026-07-22T01:00:06,0.0005
17,340-359,1784656814,2026-07-22T02:00:14,0.0005
17,340-359,1784660405,2026-07-22T03:00:05,0.0005
17,340-359,1784664006,2026-07-22T04:00:06,0.0005
17,340-359,1784667609,2026-07-22T05:00:09,0.0005
17,340-359,1784671206,2026-07-22T06:00:06,0.0005
17,340-359,1784674819,2026-07-22T07:00:19,0.0005
17,340-359,1784678408,2026-07-22T08:00:08,0.0005
17,340-359,1784682006,2026-07-22T09:00:06,0.0005
17,340-359,1784685606,2026-07-22T10:00:06,0.0005
17,340-359,1784689208,2026-07-22T11:00:08,0.0005
17,340-359,1784692806,2026-07-22T12:00:06,0.0005
17,340-359,1784696405,2026-07-22T13:00:05,0.0005
17,340-359,1784700022,2026-07-22T14:00:22,0.0005
17,340-359,1784703606,2026-07-22T15:00:06,0.0005
17,340-359,1784707205,2026-07-22T16:00:05,0.0005
17,340-359,1784710807,2026-07-22T17:00:07,0.0005
17,340-359,1784714406,2026-07-22T18:00:06,0.0005
17,340-359,1784718006,2026-07-22T19:00:06,0.0005
17,340-359,1784721607,2026-07-22T20:00:07,0.0005
17,340-359,1784725206,2026-07-22T21:00:06,0.0005
17,340-359,1784728805,2026-07-22T22:00:05,0.0005
17,340-359,1784732408,2026-07-22T23:00:08,0.0005
17,340-359,1784736006,2026-07-23T00:00:06,0.0005
17,340-359,1784739610,2026-07-23T01:00:10,0.0005
17,340-359,1784743207,2026-07-23T02:00:07,0.0005
17,340-359,1784746805,2026-07-23T03:00:05,0.0005
17,340-359,1784750408,2026-07-23T04:00:08,0.0005
17,340-359,1784754008,2026-07-23T05:00:08,0.0005
17,340-359,1784757609,2026-07-23T06:00:09,0.0005
17,340-359,1784761207,2026-07-23T07:00:07,0.0005
17,340-359,1784764814,2026-07-23T08:00:14,0.0005
17,340-359,1784768420,2026-07-23T09:00:20,0.0005
17,340-359,1784772007,2026-07-23T10:00:07,0.0005
17,340-359,1784775609,2026-07-23T11:00:09,0.0005
17,340-359,1784779209,2026-07-23T12:00:09,0.0005
17,340-359,1784782814,2026-07-23T13:00:14,0.0005
17,340-359,1784786414,2026-07-23T14:00:14,0.0005
17,340-359,1784790009,2026-07-23T15:00:09,0.0005
17,340-359,1784793605,2026-07-23T16:00:05,0.0005
17,340-359,1784797210,2026-07-23T17:00:10,0.0005
17,340-359,1784800809,2026-07-23T18:00:09,0.0005
17,340-359,1784804407,2026-07-23T19:00:07,0.0005
17,340-359,1784808015,2026-07-23T20:00:15,0.0005
17,340-359,1784811608,2026-07-23T21:00:08,0.0005
17,340-359,1784815207,2026-07-23T22:00:07,0.0005
17,340-359,1784818811,2026-07-23T23:00:11,0.0005
17,340-359,1784822408,2026-07-24T00:00:08,0.0005
17,340-359,1784826011,2026-07-24T01:00:11,0.0005
17,340-359,1784829609,2026-07-24T02:00:09,0.0005
17,340-359,1784833209,2026-07-24T03:00:09,0.0005
17,340-359,1784836810,2026-07-24T04:00:10,0.0005
17,340-359,1784840412,2026-07-24T05:00:12,0.0005
17,340-359,1784844010,2026-07-24T06:00:10,0.0005
17,340-359,1784847609,2026-07-24T07:00:09,0.0005
17,340-359,1784851210,2026-07-24T08:00:10,0.0005
17,340-359,1784854807,2026-07-24T09:00:07,0.0005
17,340-359,1784858409,2026-07-24T10:00:09,0.0005
17,340-359,1784862012,2026-07-24T11:00:12,0.0005
17,340-359,1784865608,2026-07-24T12:00:08,0.0005
17,340-359,1784869213,2026-07-24T13:00:13,0.0005
17,340-359,1784872809,2026-07-24T14:00:09,0.0005
17,340-359,1784876407,2026-07-24T15:00:07,0.0005
17,340-359,1784880007,2026-07-24T16:00:07,0.0005
17,340-359,1784883611,2026-07-24T17:00:11,0.0005
17,340-359,1784887209,2026-07-24T18:00:09,0.0005
17,340-359,1784890808,2026-07-24T19:00:08,0.0005
17,340-359,1784894412,2026-07-24T20:00:12,0.0005
17,340-359,1784898010,2026-07-24T21:00:10,0.0005
17,340-359,1784901609,2026-07-24T22:00:09,0.0005
17,340-359,1784905213,2026-07-24T23:00:13,0.0005
17,340-359,1784908810,2026-07-25T00:00:10,0.0005
17,340-359,1784912409,2026-07-25T01:00:09,0.0005
17,340-359,1784916010,2026-07-25T02:00:10,0.0005
18,360-379,1784005205,2026-07-14T13:00:05,0.015
18,360-379,1784008806,2026-07-14T14:00:06,0.015
18,360-379,1784012408,2026-07-14T15:00:08,0.0125
18,360-379,1784016005,2026-07-14T16:00:05,0.0105
18,360-379,1784019605,2026-07-14T17:00:05,0.0055
18,360-379,1784023206,2026-07-14T18:00:06,0.0055
18,360-379,1784026805,2026-07-14T19:00:05,0.0055
18,360-379,1784030411,2026-07-14T20:00:11,0.006
18,360-379,1784034008,2026-07-14T21:00:08,0.0055
18,360-379,1784037612,2026-07-14T22:00:12,0.0055
18,360-379,1784041208,2026-07-14T23:00:08,0.0055
18,360-379,1784044812,2026-07-15T00:00:12,0.0055
18,360-379,1784048414,2026-07-15T01:00:14,0.0055
18,360-379,1784052015,2026-07-15T02:00:15,0.0055
18,360-379,1784055607,2026-07-15T03:00:07,0.0055
18,360-379,1784059206,2026-07-15T04:00:06,0.0055
18,360-379,1784062806,2026-07-15T05:00:06,0.0055
18,360-379,1784066405,2026-07-15T06:00:05,0.0055
18,360-379,1784070006,2026-07-15T07:00:06,0.0055
18,360-379,1784073609,2026-07-15T08:00:09,0.0055
18,360-379,1784077207,2026-07-15T09:00:07,0.0035
18,360-379,1784080809,2026-07-15T10:00:09,0.0035
18,360-379,1784084407,2026-07-15T11:00:07,0.0035
18,360-379,1784088005,2026-07-15T12:00:05,0.0035
18,360-379,1784091620,2026-07-15T13:00:20,0.0035
18,360-379,1784095208,2026-07-15T14:00:08,0.0035
18,360-379,1784098820,2026-07-15T15:00:20,0.0035
18,360-379,1784102421,2026-07-15T16:00:21,0.0035
18,360-379,1784106007,2026-07-15T17:00:07,0.0035
18,360-379,1784109605,2026-07-15T18:00:05,0.0035
18,360-379,1784113208,2026-07-15T19:00:08,0.0035
18,360-379,1784116821,2026-07-15T20:00:21,0.0035
18,360-379,1784120406,2026-07-15T21:00:06,0.0035
18,360-379,1784124006,2026-07-15T22:00:06,0.0035
18,360-379,1784127610,2026-07-15T23:00:10,0.0035
18,360-379,1784131206,2026-07-16T00:00:06,0.0035
18,360-379,1784134807,2026-07-16T01:00:07,0.0035
18,360-379,1784138410,2026-07-16T02:00:10,0.0035
18,360-379,1784142009,2026-07-16T03:00:09,0.0035
18,360-379,1784145606,2026-07-16T04:00:06,0.0035
18,360-379,1784149207,2026-07-16T05:00:07,0.0035
18,360-379,1784152805,2026-07-16T06:00:05,0.0035
18,360-379,1784156406,2026-07-16T07:00:06,0.0035
18,360-379,1784160011,2026-07-16T08:00:11,0.0035
18,360-379,1784163605,2026-07-16T09:00:05,0.0035
18,360-379,1784167205,2026-07-16T10:00:05,0.0035
18,360-379,1784170809,2026-07-16T11:00:09,0.0035
18,360-379,1784174406,2026-07-16T12:00:06,0.0035
18,360-379,1784178005,2026-07-16T13:00:05,0.0035
18,360-379,1784181608,2026-07-16T14:00:08,0.0035
18,360-379,1784185207,2026-07-16T15:00:07,0.0035
18,360-379,1784188804,2026-07-16T16:00:04,0.0035
18,360-379,1784192410,2026-07-16T17:00:10,0.0035
18,360-379,1784196007,2026-07-16T18:00:07,0.0035
18,360-379,1784199606,2026-07-16T19:00:06,0.0035
18,360-379,1784203207,2026-07-16T20:00:07,0.0035
18,360-379,1784206807,2026-07-16T21:00:07,0.0035
18,360-379,1784210405,2026-07-16T22:00:05,0.0035
18,360-379,1784214008,2026-07-16T23:00:08,0.0035
18,360-379,1784217605,2026-07-17T00:00:05,0.0035
18,360-379,1784221206,2026-07-17T01:00:06,0.0035
18,360-379,1784224821,2026-07-17T02:00:21,0.0035
18,360-379,1784228406,2026-07-17T03:00:06,0.0035
18,360-379,1784232007,2026-07-17T04:00:07,0.0035
18,360-379,1784235607,2026-07-17T05:00:07,0.0035
18,360-379,1784239206,2026-07-17T06:00:06,0.0035
18,360-379,1784242808,2026-07-17T07:00:08,0.0035
18,360-379,1784246410,2026-07-17T08:00:10,0.0035
18,360-379,1784250005,2026-07-17T09:00:05,0.0035
18,360-379,1784253606,2026-07-17T10:00:06,0.0035
18,360-379,1784257207,2026-07-17T11:00:07,0.0035
18,360-379,1784260806,2026-07-17T12:00:06,0.0035
18,360-379,1784264407,2026-07-17T13:00:07,0.0035
18,360-379,1784268008,2026-07-17T14:00:08,0.0035
18,360-379,1784271604,2026-07-17T15:00:04,0.0035
18,360-379,1784275205,2026-07-17T16:00:05,0.0035
18,360-379,1784278806,2026-07-17T17:00:06,0.0035
18,360-379,1784282408,2026-07-17T18:00:08,0.0035
18,360-379,1784286005,2026-07-17T19:00:05,0.0035
18,360-379,1784289609,2026-07-17T20:00:09,0.0035
18,360-379,1784293205,2026-07-17T21:00:05,0.0035
18,360-379,1784296806,2026-07-17T22:00:06,0.0035
18,360-379,1784300407,2026-07-17T23:00:07,0.0035
18,360-379,1784304022,2026-07-18T00:00:22,0.002
18,360-379,1784307608,2026-07-18T01:00:08,0.0015
18,360-379,1784311224,2026-07-18T02:00:24,0.0015
18,360-379,1784314806,2026-07-18T03:00:06,0.0015
18,360-379,1784318405,2026-07-18T04:00:05,0.0015
18,360-379,1784322006,2026-07-18T05:00:06,0.0015
18,360-379,1784325606,2026-07-18T06:00:06,0.0015
18,360-379,1784329208,2026-07-18T07:00:08,0.0015
18,360-379,1784332807,2026-07-18T08:00:07,0.0015
18,360-379,1784336406,2026-07-18T09:00:06,0.0015
18,360-379,1784340006,2026-07-18T10:00:06,0.0015
18,360-379,1784343607,2026-07-18T11:00:07,0.0015
18,360-379,1784347205,2026-07-18T12:00:05,0.0015
18,360-379,1784350806,2026-07-18T13:00:06,0.0015
18,360-379,1784354406,2026-07-18T14:00:06,0.0015
18,360-379,1784358006,2026-07-18T15:00:06,0.0015
18,360-379,1784361605,2026-07-18T16:00:05,0.0015
18,360-379,1784365209,2026-07-18T17:00:09,0.0015
18,360-379,1784368805,2026-07-18T18:00:05,0.0015
18,360-379,1784372406,2026-07-18T19:00:06,0.0015
18,360-379,1784376019,2026-07-18T20:00:19,0.0015
18,360-379,1784379606,2026-07-18T21:00:06,0.0015
18,360-379,1784383207,2026-07-18T22:00:07,0.0015
18,360-379,1784386807,2026-07-18T23:00:07,0.0015
18,360-379,1784390406,2026-07-19T00:00:06,0.0015
18,360-379,1784394007,2026-07-19T01:00:07,0.0015
18,360-379,1784397608,2026-07-19T02:00:08,0.0015
18,360-379,1784401205,2026-07-19T03:00:05,0.0015
18,360-379,1784404807,2026-07-19T04:00:07,0.0015
18,360-379,1784408408,2026-07-19T05:00:08,0.0015
18,360-379,1784412005,2026-07-19T06:00:05,0.0015
18,360-379,1784415608,2026-07-19T07:00:08,0.0015
18,360-379,1784419208,2026-07-19T08:00:08,0.0015
18,360-379,1784422806,2026-07-19T09:00:06,0.0015
18,360-379,1784426406,2026-07-19T10:00:06,0.0015
18,360-379,1784430006,2026-07-19T11:00:06,0.0015
18,360-379,1784433605,2026-07-19T12:00:05,0.0015
18,360-379,1784437207,2026-07-19T13:00:07,0.0015
18,360-379,1784440809,2026-07-19T14:00:09,0.0015
18,360-379,1784444405,2026-07-19T15:00:05,0.0015
18,360-379,1784448006,2026-07-19T16:00:06,0.0015
18,360-379,1784451607,2026-07-19T17:00:07,0.0015
18,360-379,1784455205,2026-07-19T18:00:05,0.0015
18,360-379,1784458806,2026-07-19T19:00:06,0.0005
18,360-379,1784462408,2026-07-19T20:00:08,0.0005
18,360-379,1784466008,2026-07-19T21:00:08,0.0005
18,360-379,1784469607,2026-07-19T22:00:07,0.0005
18,360-379,1784473207,2026-07-19T23:00:07,0.0005
18,360-379,1784476821,2026-07-20T00:00:21,0.0005
18,360-379,1784480410,2026-07-20T01:00:10,0.0005
18,360-379,1784484007,2026-07-20T02:00:07,0.0005
18,360-379,1784487607,2026-07-20T03:00:07,0.0005
18,360-379,1784491208,2026-07-20T04:00:08,0.0005
18,360-379,1784494821,2026-07-20T05:00:21,0.0005
18,360-379,1784498407,2026-07-20T06:00:07,0.0005
18,360-379,1784502006,2026-07-20T07:00:06,0.0005
18,360-379,1784505622,2026-07-20T08:00:22,0.0005
18,360-379,1784509207,2026-07-20T09:00:07,0.0005
18,360-379,1784512806,2026-07-20T10:00:06,0.0005
18,360-379,1784516407,2026-07-20T11:00:07,0.0005
18,360-379,1784520005,2026-07-20T12:00:05,0.0005
18,360-379,1784523619,2026-07-20T13:00:19,0.0005
18,360-379,1784527209,2026-07-20T14:00:09,0.0005
18,360-379,1784530806,2026-07-20T15:00:06,0.0005
18,360-379,1784534405,2026-07-20T16:00:05,0.0005
18,360-379,1784538008,2026-07-20T17:00:08,0.0005
18,360-379,1784541605,2026-07-20T18:00:05,0.0005
18,360-379,1784545208,2026-07-20T19:00:08,0.0005
18,360-379,1784548807,2026-07-20T20:00:07,0.0005
18,360-379,1784552409,2026-07-20T21:00:09,0.0005
18,360-379,1784556005,2026-07-20T22:00:05,0.0005
18,360-379,1784559611,2026-07-20T23:00:11,0.0005
18,360-379,1784563208,2026-07-21T00:00:08,0.0005
18,360-379,1784566815,2026-07-21T01:00:15,0.0005
18,360-379,1784570408,2026-07-21T02:00:08,0.0005
18,360-379,1784574006,2026-07-21T03:00:06,0.0005
18,360-379,1784577621,2026-07-21T04:00:21,0.0005
18,360-379,1784581210,2026-07-21T05:00:10,0.0005
18,360-379,1784584805,2026-07-21T06:00:05,0.0005
18,360-379,1784588405,2026-07-21T07:00:05,0.0005
18,360-379,1784592009,2026-07-21T08:00:09,0.0005
18,360-379,1784595609,2026-07-21T09:00:09,0.0005
18,360-379,1784599208,2026-07-21T10:00:08,0.0005
18,360-379,1784602809,2026-07-21T11:00:09,0.0005
18,360-379,1784606421,2026-07-21T12:00:21,0.0005
18,360-379,1784610006,2026-07-21T13:00:06,0.0005
18,360-379,1784613609,2026-07-21T14:00:09,0.0005
18,360-379,1784617209,2026-07-21T15:00:09,0.0005
18,360-379,1784620806,2026-07-21T16:00:06,0.0005
18,360-379,1784624409,2026-07-21T17:00:09,0.0005
18,360-379,1784628007,2026-07-21T18:00:07,0.0005
18,360-379,1784631606,2026-07-21T19:00:06,0.0005
18,360-379,1784635212,2026-07-21T20:00:12,0.0005
18,360-379,1784638809,2026-07-21T21:00:09,0.0005
18,360-379,1784642407,2026-07-21T22:00:07,0.0005
18,360-379,1784646023,2026-07-21T23:00:23,0.0005
18,360-379,1784649607,2026-07-22T00:00:07,0.0005
18,360-379,1784653206,2026-07-22T01:00:06,0.0005
18,360-379,1784656814,2026-07-22T02:00:14,0.0005
18,360-379,1784660405,2026-07-22T03:00:05,0.0005
18,360-379,1784664006,2026-07-22T04:00:06,0.0005
18,360-379,1784667609,2026-07-22T05:00:09,0.0005
18,360-379,1784671206,2026-07-22T06:00:06,0.0005
18,360-379,1784674819,2026-07-22T07:00:19,0.0005
18,360-379,1784678409,2026-07-22T08:00:09,0.0005
18,360-379,1784682006,2026-07-22T09:00:06,0.0005
18,360-379,1784685607,2026-07-22T10:00:07,0.0005
18,360-379,1784689208,2026-07-22T11:00:08,0.0005
18,360-379,1784692806,2026-07-22T12:00:06,0.0005
18,360-379,1784696405,2026-07-22T13:00:05,0.0005
18,360-379,1784700022,2026-07-22T14:00:22,0.0005
18,360-379,1784703606,2026-07-22T15:00:06,0.0005
18,360-379,1784707205,2026-07-22T16:00:05,0.0005
18,360-379,1784710807,2026-07-22T17:00:07,0.0005
18,360-379,1784714406,2026-07-22T18:00:06,0.0005
18,360-379,1784718006,2026-07-22T19:00:06,0.0005
18,360-379,1784721607,2026-07-22T20:00:07,0.0005
18,360-379,1784725206,2026-07-22T21:00:06,0.0005
18,360-379,1784728805,2026-07-22T22:00:05,0.0005
18,360-379,1784732408,2026-07-22T23:00:08,0.0005
18,360-379,1784736006,2026-07-23T00:00:06,0.0005
18,360-379,1784739610,2026-07-23T01:00:10,0.0005
18,360-379,1784743207,2026-07-23T02:00:07,0.0005
18,360-379,1784746805,2026-07-23T03:00:05,0.0005
18,360-379,1784750408,2026-07-23T04:00:08,0.0005
18,360-379,1784754010,2026-07-23T05:00:10,0.0005
18,360-379,1784757611,2026-07-23T06:00:11,0.0005
18,360-379,1784761208,2026-07-23T07:00:08,0.0005
18,360-379,1784764815,2026-07-23T08:00:15,0.0005
18,360-379,1784768420,2026-07-23T09:00:20,0.0005
18,360-379,1784772008,2026-07-23T10:00:08,0.0005
18,360-379,1784775611,2026-07-23T11:00:11,0.0005
18,360-379,1784779210,2026-07-23T12:00:10,0.0005
18,360-379,1784782818,2026-07-23T13:00:18,0.0005
18,360-379,1784786419,2026-07-23T14:00:19,0.0005
18,360-379,1784790012,2026-07-23T15:00:12,0.0005
18,360-379,1784793606,2026-07-23T16:00:06,0.0005
18,360-379,1784797214,2026-07-23T17:00:14,0.0005
18,360-379,1784800813,2026-07-23T18:00:13,0.0005
18,360-379,1784804408,2026-07-23T19:00:08,0.0005
18,360-379,1784808020,2026-07-23T20:00:20,0.0005
18,360-379,1784811610,2026-07-23T21:00:10,0.0005
18,360-379,1784815209,2026-07-23T22:00:09,0.0005
18,360-379,1784818816,2026-07-23T23:00:16,0.0005
18,360-379,1784822410,2026-07-24T00:00:10,0.0005
18,360-379,1784826016,2026-07-24T01:00:16,0.0005
18,360-379,1784829614,2026-07-24T02:00:14,0.0005
18,360-379,1784833212,2026-07-24T03:00:12,0.0005
18,360-379,1784836812,2026-07-24T04:00:12,0.0005
18,360-379,1784840416,2026-07-24T05:00:16,0.0005
18,360-379,1784844011,2026-07-24T06:00:11,0.0005
18,360-379,1784847610,2026-07-24T07:00:10,0.0005
18,360-379,1784851215,2026-07-24T08:00:15,0.0005
18,360-379,1784854808,2026-07-24T09:00:08,0.0005
18,360-379,1784858410,2026-07-24T10:00:10,0.0005
18,360-379,1784862017,2026-07-24T11:00:17,0.0005
18,360-379,1784865610,2026-07-24T12:00:10,0.0005
18,360-379,1784869218,2026-07-24T13:00:18,0.0005
18,360-379,1784872814,2026-07-24T14:00:14,0.0005
18,360-379,1784876408,2026-07-24T15:00:08,0.0005
18,360-379,1784880010,2026-07-24T16:00:10,0.0005
18,360-379,1784883615,2026-07-24T17:00:15,0.0005
18,360-379,1784887211,2026-07-24T18:00:11,0.0005
18,360-379,1784890810,2026-07-24T19:00:10,0.0005
18,360-379,1784894419,2026-07-24T20:00:19,0.0005
18,360-379,1784898013,2026-07-24T21:00:13,0.0005
18,360-379,1784901612,2026-07-24T22:00:12,0.0005
18,360-379,1784905221,2026-07-24T23:00:21,0.0005
18,360-379,1784908813,2026-07-25T00:00:13,0.0005
18,360-379,1784912412,2026-07-25T01:00:12,0.0005
18,360-379,1784916014,2026-07-25T02:00:14,0.0005
19,380-399,1784005206,2026-07-14T13:00:06,0.006
19,380-399,1784008809,2026-07-14T14:00:09,0.0065
19,380-399,1784012411,2026-07-14T15:00:11,0.0045
19,380-399,1784016005,2026-07-14T16:00:05,0.0035
19,380-399,1784019607,2026-07-14T17:00:07,0.003
19,380-399,1784023208,2026-07-14T18:00:08,0.003
19,380-399,1784026806,2026-07-14T19:00:06,0.003
19,380-399,1784030415,2026-07-14T20:00:15,0.003
19,380-399,1784034009,2026-07-14T21:00:09,0.0025
19,380-399,1784037613,2026-07-14T22:00:13,0.0025
19,380-399,1784041210,2026-07-14T23:00:10,0.0025
19,380-399,1784044813,2026-07-15T00:00:13,0.0025
19,380-399,1784048430,2026-07-15T01:00:30,0.0025
19,380-399,1784052019,2026-07-15T02:00:19,0.0025
19,380-399,1784055609,2026-07-15T03:00:09,0.0025
19,380-399,1784059209,2026-07-15T04:00:09,0.0025
19,380-399,1784062809,2026-07-15T05:00:09,0.0025
19,380-399,1784066406,2026-07-15T06:00:06,0.0025
19,380-399,1784070008,2026-07-15T07:00:08,0.0025
19,380-399,1784073614,2026-07-15T08:00:14,0.0025
19,380-399,1784077209,2026-07-15T09:00:09,0.0025
19,380-399,1784080811,2026-07-15T10:00:11,0.0025
19,380-399,1784084413,2026-07-15T11:00:13,0.0025
19,380-399,1784088008,2026-07-15T12:00:08,0.0025
19,380-399,1784091623,2026-07-15T13:00:23,0.0025
19,380-399,1784095212,2026-07-15T14:00:12,0.0025
19,380-399,1784098823,2026-07-15T15:00:23,0.0025
19,380-399,1784102423,2026-07-15T16:00:23,0.0025
19,380-399,1784106010,2026-07-15T17:00:10,0.0025
19,380-399,1784109606,2026-07-15T18:00:06,0.0025
19,380-399,1784113210,2026-07-15T19:00:10,0.0025
19,380-399,1784116827,2026-07-15T20:00:27,0.0025
19,380-399,1784120408,2026-07-15T21:00:08,0.0025
19,380-399,1784124008,2026-07-15T22:00:08,0.0025
19,380-399,1784127613,2026-07-15T23:00:13,0.0025
19,380-399,1784131207,2026-07-16T00:00:07,0.0025
19,380-399,1784134811,2026-07-16T01:00:11,0.0025
19,380-399,1784138415,2026-07-16T02:00:15,0.0025
19,380-399,1784142010,2026-07-16T03:00:10,0.0025
19,380-399,1784145609,2026-07-16T04:00:09,0.0025
19,380-399,1784149211,2026-07-16T05:00:11,0.0025
19,380-399,1784152807,2026-07-16T06:00:07,0.0025
19,380-399,1784156407,2026-07-16T07:00:07,0.0025
19,380-399,1784160014,2026-07-16T08:00:14,0.0025
19,380-399,1784163606,2026-07-16T09:00:06,0.0025
19,380-399,1784167205,2026-07-16T10:00:05,0.0025
19,380-399,1784170812,2026-07-16T11:00:12,0.0025
19,380-399,1784174408,2026-07-16T12:00:08,0.0025
19,380-399,1784178007,2026-07-16T13:00:07,0.0025
19,380-399,1784181625,2026-07-16T14:00:25,0.0025
19,380-399,1784185210,2026-07-16T15:00:10,0.0025
19,380-399,1784188805,2026-07-16T16:00:05,0.0025
19,380-399,1784192412,2026-07-16T17:00:12,0.0025
19,380-399,1784196009,2026-07-16T18:00:09,0.0025
19,380-399,1784199608,2026-07-16T19:00:08,0.0025
19,380-399,1784203211,2026-07-16T20:00:11,0.0025
19,380-399,1784206809,2026-07-16T21:00:09,0.0025
19,380-399,1784210407,2026-07-16T22:00:07,0.0025
19,380-399,1784214013,2026-07-16T23:00:13,0.0025
19,380-399,1784217607,2026-07-17T00:00:07,0.0025
19,380-399,1784221209,2026-07-17T01:00:09,0.0025
19,380-399,1784224824,2026-07-17T02:00:24,0.0025
19,380-399,1784228408,2026-07-17T03:00:08,0.0025
19,380-399,1784232009,2026-07-17T04:00:09,0.0025
19,380-399,1784235611,2026-07-17T05:00:11,0.0025
19,380-399,1784239209,2026-07-17T06:00:09,0.0025
19,380-399,1784242811,2026-07-17T07:00:11,0.0025
19,380-399,1784246415,2026-07-17T08:00:15,0.0025
19,380-399,1784250007,2026-07-17T09:00:07,0.0025
19,380-399,1784253609,2026-07-17T10:00:09,0.0025
19,380-399,1784257212,2026-07-17T11:00:12,0.0025
19,380-399,1784260811,2026-07-17T12:00:11,0.0025
19,380-399,1784264412,2026-07-17T13:00:12,0.0025
19,380-399,1784268016,2026-07-17T14:00:16,0.0025
19,380-399,1784271605,2026-07-17T15:00:05,0.0025
19,380-399,1784275206,2026-07-17T16:00:06,0.0025
19,380-399,1784278810,2026-07-17T17:00:10,0.0025
19,380-399,1784282413,2026-07-17T18:00:13,0.0025
19,380-399,1784286009,2026-07-17T19:00:09,0.0025
19,380-399,1784289616,2026-07-17T20:00:16,0.0025
19,380-399,1784293208,2026-07-17T21:00:08,0.0025
19,380-399,1784296809,2026-07-17T22:00:09,0.0025
19,380-399,1784300412,2026-07-17T23:00:12,0.0025
19,380-399,1784304024,2026-07-18T00:00:24,0.0015
19,380-399,1784307616,2026-07-18T01:00:16,0.0015
19,380-399,1784311229,2026-07-18T02:00:29,0.0015
19,380-399,1784314809,2026-07-18T03:00:09,0.0015
19,380-399,1784318409,2026-07-18T04:00:09,0.0015
19,380-399,1784322010,2026-07-18T05:00:10,0.0015
19,380-399,1784325610,2026-07-18T06:00:10,0.0015
19,380-399,1784329210,2026-07-18T07:00:10,0.0015
19,380-399,1784332811,2026-07-18T08:00:11,0.0015
19,380-399,1784336407,2026-07-18T09:00:07,0.0015
19,380-399,1784340007,2026-07-18T10:00:07,0.0015
19,380-399,1784343611,2026-07-18T11:00:11,0.0015
19,380-399,1784347207,2026-07-18T12:00:07,0.0015
19,380-399,1784350808,2026-07-18T13:00:08,0.0015
19,380-399,1784354411,2026-07-18T14:00:11,0.0015
19,380-399,1784358011,2026-07-18T15:00:11,0.0015
19,380-399,1784361607,2026-07-18T16:00:07,0.0015
19,380-399,1784365214,2026-07-18T17:00:14,0.0015
19,380-399,1784368808,2026-07-18T18:00:08,0.0015
19,380-399,1784372411,2026-07-18T19:00:11,0.0015
19,380-399,1784376025,2026-07-18T20:00:25,0.0015
19,380-399,1784379609,2026-07-18T21:00:09,0.0015
19,380-399,1784383209,2026-07-18T22:00:09,0.0015
19,380-399,1784386818,2026-07-18T23:00:18,0.0015
19,380-399,1784390409,2026-07-19T00:00:09,0.0015
19,380-399,1784394016,2026-07-19T01:00:16,0.0015
19,380-399,1784397613,2026-07-19T02:00:13,0.0015
19,380-399,1784401209,2026-07-19T03:00:09,0.0015
19,380-399,1784404814,2026-07-19T04:00:14,0.0015
19,380-399,1784408416,2026-07-19T05:00:16,0.0015
19,380-399,1784412010,2026-07-19T06:00:10,0.0005
19,380-399,1784415612,2026-07-19T07:00:12,0.0005
19,380-399,1784419217,2026-07-19T08:00:17,0.0005
19,380-399,1784422809,2026-07-19T09:00:09,0.0005
19,380-399,1784426408,2026-07-19T10:00:08,0.0005
19,380-399,1784430014,2026-07-19T11:00:14,0.0005
19,380-399,1784433611,2026-07-19T12:00:11,0.0005
19,380-399,1784437210,2026-07-19T13:00:10,0.0005
19,380-399,1784440821,2026-07-19T14:00:21,0.0005
19,380-399,1784444411,2026-07-19T15:00:11,0.0005
19,380-399,1784448011,2026-07-19T16:00:11,0.0005
19,380-399,1784451615,2026-07-19T17:00:15,0.0005
19,380-399,1784455210,2026-07-19T18:00:10,0.0005
19,380-399,1784458810,2026-07-19T19:00:10,0.0005
19,380-399,1784462413,2026-07-19T20:00:13,0.0005
19,380-399,1784466010,2026-07-19T21:00:10,0.0005
19,380-399,1784469612,2026-07-19T22:00:12,0.0005
19,380-399,1784473211,2026-07-19T23:00:11,0.0005
19,380-399,1784476830,2026-07-20T00:00:30,0.0005
19,380-399,1784480417,2026-07-20T01:00:17,0.0005
19,380-399,1784484013,2026-07-20T02:00:13,0.0005
19,380-399,1784487613,2026-07-20T03:00:13,0.0005
19,380-399,1784491213,2026-07-20T04:00:13,0.0005
19,380-399,1784494827,2026-07-20T05:00:27,0.0005
19,380-399,1784498413,2026-07-20T06:00:13,0.0005
19,380-399,1784502010,2026-07-20T07:00:10,0.0005
19,380-399,1784505627,2026-07-20T08:00:27,0.0005
19,380-399,1784509209,2026-07-20T09:00:09,0.0005
19,380-399,1784512809,2026-07-20T10:00:09,0.0005
19,380-399,1784516412,2026-07-20T11:00:12,0.0005
19,380-399,1784520008,2026-07-20T12:00:08,0.0005
19,380-399,1784523623,2026-07-20T13:00:23,0.0005
19,380-399,1784527216,2026-07-20T14:00:16,0.0005
19,380-399,1784530812,2026-07-20T15:00:12,0.0005
19,380-399,1784534407,2026-07-20T16:00:07,0.0005
19,380-399,1784538015,2026-07-20T17:00:15,0.0005
19,380-399,1784541607,2026-07-20T18:00:07,0.0005
19,380-399,1784545210,2026-07-20T19:00:10,0.0005
19,380-399,1784548812,2026-07-20T20:00:12,0.0005
19,380-399,1784552411,2026-07-20T21:00:11,0.0005
19,380-399,1784556007,2026-07-20T22:00:07,0.0005
19,380-399,1784559618,2026-07-20T23:00:18,0.0005
19,380-399,1784563211,2026-07-21T00:00:11,0.0005
19,380-399,1784566823,2026-07-21T01:00:23,0.0005
19,380-399,1784570414,2026-07-21T02:00:14,0.0005
19,380-399,1784574010,2026-07-21T03:00:10,0.0005
19,380-399,1784577626,2026-07-21T04:00:26,0.0005
19,380-399,1784581215,2026-07-21T05:00:15,0.0005
19,380-399,1784584807,2026-07-21T06:00:07,0.0005
19,380-399,1784588407,2026-07-21T07:00:07,0.0005
19,380-399,1784592015,2026-07-21T08:00:15,0.0005
19,380-399,1784595614,2026-07-21T09:00:14,0.0005
19,380-399,1784599215,2026-07-21T10:00:15,0.0005
19,380-399,1784602815,2026-07-21T11:00:15,0.0005
19,380-399,1784606423,2026-07-21T12:00:23,0.0005
19,380-399,1784610010,2026-07-21T13:00:10,0.0005
19,380-399,1784613616,2026-07-21T14:00:16,0.0005
19,380-399,1784617217,2026-07-21T15:00:17,0.0005
19,380-399,1784620811,2026-07-21T16:00:11,0.0005
19,380-399,1784624414,2026-07-21T17:00:14,0.0005
19,380-399,1784628011,2026-07-21T18:00:11,0.0005
19,380-399,1784631611,2026-07-21T19:00:11,0.0005
19,380-399,1784635220,2026-07-21T20:00:20,0.0005
19,380-399,1784638812,2026-07-21T21:00:12,0.0005
19,380-399,1784642411,2026-07-21T22:00:11,0.0005
19,380-399,1784646035,2026-07-21T23:00:35,0.0005
19,380-399,1784649615,2026-07-22T00:00:15,0.0005
19,380-399,1784653210,2026-07-22T01:00:10,0.0005
19,380-399,1784656831,2026-07-22T02:00:31,0.0005
19,380-399,1784660407,2026-07-22T03:00:07,0.0005
19,380-399,1784664008,2026-07-22T04:00:08,0.0005
19,380-399,1784667630,2026-07-22T05:00:30,0.0005
19,380-399,1784671210,2026-07-22T06:00:10,0.0005
19,380-399,1784674822,2026-07-22T07:00:22,0.0005
19,380-399,1784678411,2026-07-22T08:00:11,0.0005
19,380-399,1784682007,2026-07-22T09:00:07,0.0005
19,380-399,1784685607,2026-07-22T10:00:07,0.0005
19,380-399,1784689212,2026-07-22T11:00:12,0.0005
19,380-399,1784692810,2026-07-22T12:00:10,0.0005
19,380-399,1784696407,2026-07-22T13:00:07,0.0005
19,380-399,1784700027,2026-07-22T14:00:27,0.0005
19,380-399,1784703611,2026-07-22T15:00:11,0.0005
19,380-399,1784707207,2026-07-22T16:00:07,0.0005
19,380-399,1784710814,2026-07-22T17:00:14,0.0005
19,380-399,1784714407,2026-07-22T18:00:07,0.0005
19,380-399,1784718007,2026-07-22T19:00:07,0.0005
19,380-399,1784721614,2026-07-22T20:00:14,0.0005
19,380-399,1784725207,2026-07-22T21:00:07,0.0005
19,380-399,1784728806,2026-07-22T22:00:06,0.0005
19,380-399,1784732413,2026-07-22T23:00:13,0.0005
19,380-399,1784736008,2026-07-23T00:00:08,0.0005
19,380-399,1784739623,2026-07-23T01:00:23,0.0005
19,380-399,1784743215,2026-07-23T02:00:15,0.0005
19,380-399,1784746807,2026-07-23T03:00:07,0.0005
19,380-399,1784750410,2026-07-23T04:00:10,0.0005
19,380-399,1784754014,2026-07-23T05:00:14,0.0005
19,380-399,1784757615,2026-07-23T06:00:15,0.0005
19,380-399,1784761209,2026-07-23T07:00:09,0.0005
19,380-399,1784764820,2026-07-23T08:00:20,0.0005
19,380-399,1784768421,2026-07-23T09:00:21,0.0005
19,380-399,1784772010,2026-07-23T10:00:10,0.0005
19,380-399,1784775615,2026-07-23T11:00:15,0.0005
19,380-399,1784779213,2026-07-23T12:00:13,0.0005
19,380-399,1784782825,2026-07-23T13:00:25,0.0005
19,380-399,1784786429,2026-07-23T14:00:29,0.0005
19,380-399,1784790020,2026-07-23T15:00:20,0.0005
19,380-399,1784793609,2026-07-23T16:00:09,0.0005
19,380-399,1784797225,2026-07-23T17:00:25,0.0005
19,380-399,1784800821,2026-07-23T18:00:21,0.0005
19,380-399,1784804412,2026-07-23T19:00:12,0.0005
19,380-399,1784808034,2026-07-23T20:00:34,0.0005
19,380-399,1784811615,2026-07-23T21:00:15,0.0005
19,380-399,1784815215,2026-07-23T22:00:15,0.0005
19,380-399,1784818831,2026-07-23T23:00:31,0.0005
19,380-399,1784822415,2026-07-24T00:00:15,0.0005
19,380-399,1784826032,2026-07-24T01:00:32,0.0005
19,380-399,1784829632,2026-07-24T02:00:32,0.0005
19,380-399,1784833222,2026-07-24T03:00:22,0.0005
19,380-399,1784836818,2026-07-24T04:00:18,0.0005
19,380-399,1784840424,2026-07-24T05:00:24,0.0005
19,380-399,1784844018,2026-07-24T06:00:18,0.0005
19,380-399,1784847617,2026-07-24T07:00:17,0.0005
19,380-399,1784851227,2026-07-24T08:00:27,0.0005
19,380-399,1784854811,2026-07-24T09:00:11,0.0005
19,380-399,1784858414,2026-07-24T10:00:14,0.0005
19,380-399,1784862025,2026-07-24T11:00:25,0.0005
19,380-399,1784865617,2026-07-24T12:00:17,0.0005
19,380-399,1784869229,2026-07-24T13:00:29,0.0005
19,380-399,1784872826,2026-07-24T14:00:26,0.0005
19,380-399,1784876413,2026-07-24T15:00:13,0.0005
19,380-399,1784880017,2026-07-24T16:00:17,0.0005
19,380-399,1784883626,2026-07-24T17:00:26,0.0005
19,380-399,1784887224,2026-07-24T18:00:24,0.0005
19,380-399,1784890817,2026-07-24T19:00:17,0.0005
19,380-399,1784894446,2026-07-24T20:00:46,0.0005
19,380-399,1784898027,2026-07-24T21:00:27,0.0005
19,380-399,1784901623,2026-07-24T22:00:23,0.0005
19,380-399,1784905240,2026-07-24T23:00:40,0.0005
19,380-399,1784908827,2026-07-25T00:00:27,0.0005
19,380-399,1784912419,2026-07-25T01:00:19,0.0005
19,380-399,1784916034,2026-07-25T02:00:34,0.0005
20,400-419,1784005204,2026-07-14T13:00:04,0.006
20,400-419,1784008804,2026-07-14T14:00:04,0.0025
20,400-419,1784012405,2026-07-14T15:00:05,0.0025
20,400-419,1784016004,2026-07-14T16:00:04,0.0025
20,400-419,1784019604,2026-07-14T17:00:04,0.0025
20,400-419,1784023205,2026-07-14T18:00:05,0.0025
20,400-419,1784026805,2026-07-14T19:00:05,0.0025
20,400-419,1784030408,2026-07-14T20:00:08,0.0025
20,400-419,1784034007,2026-07-14T21:00:07,0.0015
20,400-419,1784037611,2026-07-14T22:00:11,0.0015
20,400-419,1784041205,2026-07-14T23:00:05,0.0015
20,400-419,1784044811,2026-07-15T00:00:11,0.0015
20,400-419,1784048411,2026-07-15T01:00:11,0.0015
20,400-419,1784052013,2026-07-15T02:00:13,0.0015
20,400-419,1784055605,2026-07-15T03:00:05,0.0015
20,400-419,1784059205,2026-07-15T04:00:05,0.0015
20,400-419,1784062803,2026-07-15T05:00:03,0.0015
20,400-419,1784066403,2026-07-15T06:00:03,0.0015
20,400-419,1784070005,2026-07-15T07:00:05,0.0015
20,400-419,1784073605,2026-07-15T08:00:05,0.0015
20,400-419,1784077205,2026-07-15T09:00:05,0.0015
20,400-419,1784080808,2026-07-15T10:00:08,0.0015
20,400-419,1784084403,2026-07-15T11:00:03,0.0015
20,400-419,1784088004,2026-07-15T12:00:04,0.0015
20,400-419,1784091619,2026-07-15T13:00:19,0.0015
20,400-419,1784095204,2026-07-15T14:00:04,0.0015
20,400-419,1784098817,2026-07-15T15:00:17,0.0015
20,400-419,1784102420,2026-07-15T16:00:20,0.0015
20,400-419,1784106005,2026-07-15T17:00:05,0.0015
20,400-419,1784109604,2026-07-15T18:00:04,0.0015
20,400-419,1784113207,2026-07-15T19:00:07,0.0015
20,400-419,1784116817,2026-07-15T20:00:17,0.0015
20,400-419,1784120405,2026-07-15T21:00:05,0.0015
20,400-419,1784124005,2026-07-15T22:00:05,0.0015
20,400-419,1784127607,2026-07-15T23:00:07,0.0015
20,400-419,1784131205,2026-07-16T00:00:05,0.0015
20,400-419,1784134805,2026-07-16T01:00:05,0.0015
20,400-419,1784138407,2026-07-16T02:00:07,0.0015
20,400-419,1784142009,2026-07-16T03:00:09,0.0015
20,400-419,1784145605,2026-07-16T04:00:05,0.0015
20,400-419,1784149204,2026-07-16T05:00:04,0.0015
20,400-419,1784152804,2026-07-16T06:00:04,0.0015
20,400-419,1784156405,2026-07-16T07:00:05,0.0015
20,400-419,1784160004,2026-07-16T08:00:04,0.0015
20,400-419,1784163605,2026-07-16T09:00:05,0.0015
20,400-419,1784167204,2026-07-16T10:00:04,0.0015
20,400-419,1784170806,2026-07-16T11:00:06,0.0015
20,400-419,1784174405,2026-07-16T12:00:05,0.0015
20,400-419,1784178003,2026-07-16T13:00:03,0.0015
20,400-419,1784181603,2026-07-16T14:00:03,0.0015
20,400-419,1784185205,2026-07-16T15:00:05,0.0015
20,400-419,1784188804,2026-07-16T16:00:04,0.0015
20,400-419,1784192408,2026-07-16T17:00:08,0.0015
20,400-419,1784196005,2026-07-16T18:00:05,0.0015
20,400-419,1784199605,2026-07-16T19:00:05,0.0015
20,400-419,1784203204,2026-07-16T20:00:04,0.0015
20,400-419,1784206806,2026-07-16T21:00:06,0.0015
20,400-419,1784210404,2026-07-16T22:00:04,0.0015
20,400-419,1784214003,2026-07-16T23:00:03,0.0015
20,400-419,1784217603,2026-07-17T00:00:03,0.0015
20,400-419,1784221205,2026-07-17T01:00:05,0.0015
20,400-419,1784224818,2026-07-17T02:00:18,0.0015
20,400-419,1784228404,2026-07-17T03:00:04,0.0015
20,400-419,1784232005,2026-07-17T04:00:05,0.0015
20,400-419,1784235605,2026-07-17T05:00:05,0.0015
20,400-419,1784239204,2026-07-17T06:00:04,0.0015
20,400-419,1784242807,2026-07-17T07:00:07,0.0015
20,400-419,1784246406,2026-07-17T08:00:06,0.0015
20,400-419,1784250005,2026-07-17T09:00:05,0.0015
20,400-419,1784253604,2026-07-17T10:00:04,0.0015
20,400-419,1784257203,2026-07-17T11:00:03,0.0015
20,400-419,1784260805,2026-07-17T12:00:05,0.0015
20,400-419,1784264404,2026-07-17T13:00:04,0.0015
20,400-419,1784268004,2026-07-17T14:00:04,0.0015
20,400-419,1784271603,2026-07-17T15:00:03,0.0015
20,400-419,1784275204,2026-07-17T16:00:04,0.0015
20,400-419,1784278804,2026-07-17T17:00:04,0.0015
20,400-419,1784282406,2026-07-17T18:00:06,0.0015
20,400-419,1784286004,2026-07-17T19:00:04,0.0015
20,400-419,1784289606,2026-07-17T20:00:06,0.0015
20,400-419,1784293204,2026-07-17T21:00:04,0.0015
20,400-419,1784296805,2026-07-17T22:00:05,0.0015
20,400-419,1784300405,2026-07-17T23:00:05,0.0015
20,400-419,1784304021,2026-07-18T00:00:21,0.055
20,400-419,1784307606,2026-07-18T01:00:06,0.0015
20,400-419,1784311221,2026-07-18T02:00:21,0.0015
20,400-419,1784314805,2026-07-18T03:00:05,0.0015
20,400-419,1784318404,2026-07-18T04:00:04,0.0015
20,400-419,1784322003,2026-07-18T05:00:03,0.0015
20,400-419,1784325605,2026-07-18T06:00:05,0.0015
20,400-419,1784329206,2026-07-18T07:00:06,0.0015
20,400-419,1784332804,2026-07-18T08:00:04,0.0015
20,400-419,1784336405,2026-07-18T09:00:05,0.0015
20,400-419,1784340005,2026-07-18T10:00:05,0.0015
20,400-419,1784343605,2026-07-18T11:00:05,0.0015
20,400-419,1784347204,2026-07-18T12:00:04,0.0015
20,400-419,1784350804,2026-07-18T13:00:04,0.0015
20,400-419,1784354404,2026-07-18T14:00:04,0.0015
20,400-419,1784358004,2026-07-18T15:00:04,0.0015
20,400-419,1784361603,2026-07-18T16:00:03,0.0015
20,400-419,1784365207,2026-07-18T17:00:07,0.0015
20,400-419,1784368803,2026-07-18T18:00:03,0.0015
20,400-419,1784372405,2026-07-18T19:00:05,0.0015
20,400-419,1784376016,2026-07-18T20:00:16,0.0015
20,400-419,1784379605,2026-07-18T21:00:05,0.0015
20,400-419,1784383205,2026-07-18T22:00:05,0.0005
20,400-419,1784386804,2026-07-18T23:00:04,0.0005
20,400-419,1784390405,2026-07-19T00:00:05,0.0005
20,400-419,1784394004,2026-07-19T01:00:04,0.0005
20,400-419,1784397605,2026-07-19T02:00:05,0.0005
20,400-419,1784401204,2026-07-19T03:00:04,0.0005
20,400-419,1784404805,2026-07-19T04:00:05,0.0005
20,400-419,1784408405,2026-07-19T05:00:05,0.0005
20,400-419,1784412004,2026-07-19T06:00:04,0.0005
20,400-419,1784415605,2026-07-19T07:00:05,0.0005
20,400-419,1784419205,2026-07-19T08:00:05,0.0005
20,400-419,1784422804,2026-07-19T09:00:04,0.0005
20,400-419,1784426405,2026-07-19T10:00:05,0.0005
20,400-419,1784430003,2026-07-19T11:00:03,0.0005
20,400-419,1784433603,2026-07-19T12:00:03,0.0005
20,400-419,1784437205,2026-07-19T13:00:05,0.0005
20,400-419,1784440806,2026-07-19T14:00:06,0.0005
20,400-419,1784444404,2026-07-19T15:00:04,0.0005
20,400-419,1784448005,2026-07-19T16:00:05,0.0005
20,400-419,1784451604,2026-07-19T17:00:04,0.0005
20,400-419,1784455204,2026-07-19T18:00:04,0.0005
20,400-419,1784458804,2026-07-19T19:00:04,0.0005
20,400-419,1784462404,2026-07-19T20:00:04,0.0005
20,400-419,1784466006,2026-07-19T21:00:06,0.0005
20,400-419,1784469605,2026-07-19T22:00:05,0.0005
20,400-419,1784473204,2026-07-19T23:00:04,0.0005
20,400-419,1784476820,2026-07-20T00:00:20,0.0005
20,400-419,1784480407,2026-07-20T01:00:07,0.0005
20,400-419,1784484004,2026-07-20T02:00:04,0.0005
20,400-419,1784487605,2026-07-20T03:00:05,0.0005
20,400-419,1784491206,2026-07-20T04:00:06,0.0005
20,400-419,1784494818,2026-07-20T05:00:18,0.0005
20,400-419,1784498404,2026-07-20T06:00:04,0.0005
20,400-419,1784502004,2026-07-20T07:00:04,0.0005
20,400-419,1784505618,2026-07-20T08:00:18,0.0005
20,400-419,1784509205,2026-07-20T09:00:05,0.0005
20,400-419,1784512805,2026-07-20T10:00:05,0.0005
20,400-419,1784516404,2026-07-20T11:00:04,0.0005
20,400-419,1784520004,2026-07-20T12:00:04,0.0005
20,400-419,1784523617,2026-07-20T13:00:17,0.0005
20,400-419,1784527206,2026-07-20T14:00:06,0.0005
20,400-419,1784530804,2026-07-20T15:00:04,0.0005
20,400-419,1784534404,2026-07-20T16:00:04,0.0005
20,400-419,1784538004,2026-07-20T17:00:04,0.0005
20,400-419,1784541604,2026-07-20T18:00:04,0.0005
20,400-419,1784545207,2026-07-20T19:00:07,0.0005
20,400-419,1784548804,2026-07-20T20:00:04,0.0005
20,400-419,1784552408,2026-07-20T21:00:08,0.0005
20,400-419,1784556004,2026-07-20T22:00:04,0.0005
20,400-419,1784559608,2026-07-20T23:00:08,0.0005
20,400-419,1784563207,2026-07-21T00:00:07,0.0005
20,400-419,1784566812,2026-07-21T01:00:12,0.0005
20,400-419,1784570404,2026-07-21T02:00:04,0.0005
20,400-419,1784574005,2026-07-21T03:00:05,0.0005
20,400-419,1784577618,2026-07-21T04:00:18,0.0005
20,400-419,1784581207,2026-07-21T05:00:07,0.0005
20,400-419,1784584804,2026-07-21T06:00:04,0.0005
20,400-419,1784588404,2026-07-21T07:00:04,0.0005
20,400-419,1784592006,2026-07-21T08:00:06,0.0005
20,400-419,1784595608,2026-07-21T09:00:08,0.0005
20,400-419,1784599206,2026-07-21T10:00:06,0.0005
20,400-419,1784602806,2026-07-21T11:00:06,0.0005
20,400-419,1784606421,2026-07-21T12:00:21,0.0005
20,400-419,1784610004,2026-07-21T13:00:04,0.0005
20,400-419,1784613606,2026-07-21T14:00:06,0.0005
20,400-419,1784617206,2026-07-21T15:00:06,0.0005
20,400-419,1784620804,2026-07-21T16:00:04,0.0005
20,400-419,1784624406,2026-07-21T17:00:06,0.0005
20,400-419,1784628005,2026-07-21T18:00:05,0.0005
20,400-419,1784631604,2026-07-21T19:00:04,0.0005
20,400-419,1784635206,2026-07-21T20:00:06,0.0005
20,400-419,1784638805,2026-07-21T21:00:05,0.0005
20,400-419,1784642404,2026-07-21T22:00:04,0.0005
20,400-419,1784646017,2026-07-21T23:00:17,0.0005
20,400-419,1784649605,2026-07-22T00:00:05,0.0005
20,400-419,1784653204,2026-07-22T01:00:04,0.0005
20,400-419,1784656808,2026-07-22T02:00:08,0.0005
20,400-419,1784660404,2026-07-22T03:00:04,0.0005
20,400-419,1784664005,2026-07-22T04:00:05,0.0005
20,400-419,1784667605,2026-07-22T05:00:05,0.0005
20,400-419,1784671204,2026-07-22T06:00:04,0.0005
20,400-419,1784674817,2026-07-22T07:00:17,0.0005
20,400-419,1784678405,2026-07-22T08:00:05,0.0005
20,400-419,1784682006,2026-07-22T09:00:06,0.0005
20,400-419,1784685606,2026-07-22T10:00:06,0.0005
20,400-419,1784689206,2026-07-22T11:00:06,0.0005
20,400-419,1784692804,2026-07-22T12:00:04,0.0005
20,400-419,1784696404,2026-07-22T13:00:04,0.0005
20,400-419,1784700020,2026-07-22T14:00:20,0.0005
20,400-419,1784703604,2026-07-22T15:00:04,0.0005
20,400-419,1784707204,2026-07-22T16:00:04,0.0005
20,400-419,1784710805,2026-07-22T17:00:05,0.0005
20,400-419,1784714405,2026-07-22T18:00:05,0.0005
20,400-419,1784718005,2026-07-22T19:00:05,0.0005
20,400-419,1784721604,2026-07-22T20:00:04,0.0005
20,400-419,1784725205,2026-07-22T21:00:05,0.0005
20,400-419,1784728804,2026-07-22T22:00:04,0.0005
20,400-419,1784732406,2026-07-22T23:00:06,0.0005
20,400-419,1784736005,2026-07-23T00:00:05,0.0005
20,400-419,1784739606,2026-07-23T01:00:06,0.0005
20,400-419,1784743205,2026-07-23T02:00:05,0.0005
20,400-419,1784746804,2026-07-23T03:00:04,0.0005
20,400-419,1784750407,2026-07-23T04:00:07,0.0005
20,400-419,1784754006,2026-07-23T05:00:06,0.0005
20,400-419,1784757606,2026-07-23T06:00:06,0.0005
20,400-419,1784761206,2026-07-23T07:00:06,0.0005
20,400-419,1784764807,2026-07-23T08:00:07,0.0005
20,400-419,1784768420,2026-07-23T09:00:20,0.0005
20,400-419,1784772006,2026-07-23T10:00:06,0.0005
20,400-419,1784775606,2026-07-23T11:00:06,0.0005
20,400-419,1784779208,2026-07-23T12:00:08,0.0005
20,400-419,1784782807,2026-07-23T13:00:07,0.0005
20,400-419,1784786407,2026-07-23T14:00:07,0.0005
20,400-419,1784790007,2026-07-23T15:00:07,0.0005
20,400-419,1784793605,2026-07-23T16:00:05,0.0005
20,400-419,1784797204,2026-07-23T17:00:04,0.0005
20,400-419,1784800804,2026-07-23T18:00:04,0.0005
20,400-419,1784804404,2026-07-23T19:00:04,0.0005
20,400-419,1784808008,2026-07-23T20:00:08,0.0005
20,400-419,1784811605,2026-07-23T21:00:05,0.0005
20,400-419,1784815205,2026-07-23T22:00:05,0.0005
20,400-419,1784818806,2026-07-23T23:00:06,0.0005
20,400-419,1784822406,2026-07-24T00:00:06,0.0005
20,400-419,1784826011,2026-07-24T01:00:11,0.0005
20,400-419,1784829609,2026-07-24T02:00:09,0.0005
20,400-419,1784833209,2026-07-24T03:00:09,0.0005
20,400-419,1784836810,2026-07-24T04:00:10,0.0005
20,400-419,1784840412,2026-07-24T05:00:12,0.0005
20,400-419,1784844010,2026-07-24T06:00:10,0.0005
20,400-419,1784847609,2026-07-24T07:00:09,0.0005
20,400-419,1784851210,2026-07-24T08:00:10,0.0005
20,400-419,1784854806,2026-07-24T09:00:06,0.0005
20,400-419,1784858409,2026-07-24T10:00:09,0.0005
20,400-419,1784862012,2026-07-24T11:00:12,0.0005
20,400-419,1784865608,2026-07-24T12:00:08,0.0005
20,400-419,1784869210,2026-07-24T13:00:10,0.0005
20,400-419,1784872809,2026-07-24T14:00:09,0.0005
20,400-419,1784876406,2026-07-24T15:00:06,0.0005
20,400-419,1784880007,2026-07-24T16:00:07,0.0005
20,400-419,1784883611,2026-07-24T17:00:11,0.0005
20,400-419,1784887208,2026-07-24T18:00:08,0.0005
20,400-419,1784890808,2026-07-24T19:00:08,0.0005
20,400-419,1784894412,2026-07-24T20:00:12,0.0005
20,400-419,1784898010,2026-07-24T21:00:10,0.0005
20,400-419,1784901609,2026-07-24T22:00:09,0.0005
20,400-419,1784905213,2026-07-24T23:00:13,0.0005
20,400-419,1784908810,2026-07-25T00:00:10,0.0005
20,400-419,1784912408,2026-07-25T01:00:08,0.0005
20,400-419,1784916010,2026-07-25T02:00:10,0.0005
21,420-439,1784005206,2026-07-14T13:00:06,0.005
21,420-439,1784008809,2026-07-14T14:00:09,0.0015
21,420-439,1784012411,2026-07-14T15:00:11,0.0015
21,420-439,1784016005,2026-07-14T16:00:05,0.0015
21,420-439,1784019607,2026-07-14T17:00:07,0.0015
21,420-439,1784023208,2026-07-14T18:00:08,0.0015
21,420-439,1784026806,2026-07-14T19:00:06,0.0015
21,420-439,1784030414,2026-07-14T20:00:14,0.0015
21,420-439,1784034009,2026-07-14T21:00:09,0.0015
21,420-439,1784037613,2026-07-14T22:00:13,0.0005
21,420-439,1784041210,2026-07-14T23:00:10,0.0005
21,420-439,1784044813,2026-07-15T00:00:13,0.0005
21,420-439,1784048429,2026-07-15T01:00:29,0.0015
21,420-439,1784052019,2026-07-15T02:00:19,0.0015
21,420-439,1784055609,2026-07-15T03:00:09,0.0015
21,420-439,1784059209,2026-07-15T04:00:09,0.0015
21,420-439,1784062809,2026-07-15T05:00:09,0.0015
21,420-439,1784066406,2026-07-15T06:00:06,0.0015
21,420-439,1784070007,2026-07-15T07:00:07,0.0015
21,420-439,1784073614,2026-07-15T08:00:14,0.0015
21,420-439,1784077209,2026-07-15T09:00:09,0.0015
21,420-439,1784080811,2026-07-15T10:00:11,0.0015
21,420-439,1784084413,2026-07-15T11:00:13,0.0015
21,420-439,1784088007,2026-07-15T12:00:07,0.0015
21,420-439,1784091622,2026-07-15T13:00:22,0.0015
21,420-439,1784095212,2026-07-15T14:00:12,0.0015
21,420-439,1784098823,2026-07-15T15:00:23,0.0015
21,420-439,1784102423,2026-07-15T16:00:23,0.0015
21,420-439,1784106010,2026-07-15T17:00:10,0.0015
21,420-439,1784109606,2026-07-15T18:00:06,0.0015
21,420-439,1784113210,2026-07-15T19:00:10,0.0015
21,420-439,1784116827,2026-07-15T20:00:27,0.0015
21,420-439,1784120408,2026-07-15T21:00:08,0.0015
21,420-439,1784124008,2026-07-15T22:00:08,0.0015
21,420-439,1784127613,2026-07-15T23:00:13,0.0015
21,420-439,1784131207,2026-07-16T00:00:07,0.0015
21,420-439,1784134811,2026-07-16T01:00:11,0.0015
21,420-439,1784138415,2026-07-16T02:00:15,0.0005
21,420-439,1784142010,2026-07-16T03:00:10,0.0005
21,420-439,1784145609,2026-07-16T04:00:09,0.0005
21,420-439,1784149210,2026-07-16T05:00:10,0.0005
21,420-439,1784152807,2026-07-16T06:00:07,0.0005
21,420-439,1784156407,2026-07-16T07:00:07,0.0005
21,420-439,1784160014,2026-07-16T08:00:14,0.0005
21,420-439,1784163606,2026-07-16T09:00:06,0.0005
21,420-439,1784167205,2026-07-16T10:00:05,0.0005
21,420-439,1784170812,2026-07-16T11:00:12,0.0005
21,420-439,1784174407,2026-07-16T12:00:07,0.0005
21,420-439,1784178007,2026-07-16T13:00:07,0.0005
21,420-439,1784181623,2026-07-16T14:00:23,0.0005
21,420-439,1784185210,2026-07-16T15:00:10,0.0005
21,420-439,1784188805,2026-07-16T16:00:05,0.0005
21,420-439,1784192412,2026-07-16T17:00:12,0.0005
21,420-439,1784196009,2026-07-16T18:00:09,0.0005
21,420-439,1784199608,2026-07-16T19:00:08,0.0005
21,420-439,1784203211,2026-07-16T20:00:11,0.0005
21,420-439,1784206809,2026-07-16T21:00:09,0.0005
21,420-439,1784210407,2026-07-16T22:00:07,0.0005
21,420-439,1784214013,2026-07-16T23:00:13,0.0005
21,420-439,1784217607,2026-07-17T00:00:07,0.0005
21,420-439,1784221208,2026-07-17T01:00:08,0.0005
21,420-439,1784224824,2026-07-17T02:00:24,0.0005
21,420-439,1784228408,2026-07-17T03:00:08,0.0005
21,420-439,1784232009,2026-07-17T04:00:09,0.0005
21,420-439,1784235611,2026-07-17T05:00:11,0.0005
21,420-439,1784239208,2026-07-17T06:00:08,0.0005
21,420-439,1784242810,2026-07-17T07:00:10,0.0005
21,420-439,1784246415,2026-07-17T08:00:15,0.0005
21,420-439,1784250007,2026-07-17T09:00:07,0.0005
21,420-439,1784253609,2026-07-17T10:00:09,0.0005
21,420-439,1784257212,2026-07-17T11:00:12,0.0005
21,420-439,1784260811,2026-07-17T12:00:11,0.0005
21,420-439,1784264411,2026-07-17T13:00:11,0.0005
21,420-439,1784268015,2026-07-17T14:00:15,0.0005
21,420-439,1784271605,2026-07-17T15:00:05,0.0005
21,420-439,1784275206,2026-07-17T16:00:06,0.0005
21,420-439,1784278810,2026-07-17T17:00:10,0.0005
21,420-439,1784282413,2026-07-17T18:00:13,0.0005
21,420-439,1784286008,2026-07-17T19:00:08,0.0005
21,420-439,1784289615,2026-07-17T20:00:15,0.0005
21,420-439,1784293207,2026-07-17T21:00:07,0.0005
21,420-439,1784296809,2026-07-17T22:00:09,0.0005
21,420-439,1784300411,2026-07-17T23:00:11,0.0005
21,420-439,1784304024,2026-07-18T00:00:24,0.075
21,420-439,1784307614,2026-07-18T01:00:14,0.0005
21,420-439,1784311228,2026-07-18T02:00:28,0.0005
21,420-439,1784314808,2026-07-18T03:00:08,0.0005
21,420-439,1784318409,2026-07-18T04:00:09,0.0005
21,420-439,1784322009,2026-07-18T05:00:09,0.0005
21,420-439,1784325610,2026-07-18T06:00:10,0.0005
21,420-439,1784329210,2026-07-18T07:00:10,0.0005
21,420-439,1784332811,2026-07-18T08:00:11,0.0005
21,420-439,1784336407,2026-07-18T09:00:07,0.0005
21,420-439,1784340007,2026-07-18T10:00:07,0.0005
21,420-439,1784343611,2026-07-18T11:00:11,0.0005
21,420-439,1784347207,2026-07-18T12:00:07,0.0005
21,420-439,1784350808,2026-07-18T13:00:08,0.0005
21,420-439,1784354411,2026-07-18T14:00:11,0.0005
21,420-439,1784358011,2026-07-18T15:00:11,0.0005
21,420-439,1784361607,2026-07-18T16:00:07,0.0005
21,420-439,1784365214,2026-07-18T17:00:14,0.0005
21,420-439,1784368807,2026-07-18T18:00:07,0.0005
21,420-439,1784372410,2026-07-18T19:00:10,0.0005
21,420-439,1784376025,2026-07-18T20:00:25,0.0005
21,420-439,1784379609,2026-07-18T21:00:09,0.0005
21,420-439,1784383209,2026-07-18T22:00:09,0.0005
21,420-439,1784386818,2026-07-18T23:00:18,0.0005
21,420-439,1784390409,2026-07-19T00:00:09,0.0005
21,420-439,1784394016,2026-07-19T01:00:16,0.0005
21,420-439,1784397613,2026-07-19T02:00:13,0.0005
21,420-439,1784401207,2026-07-19T03:00:07,0.0005
21,420-439,1784404814,2026-07-19T04:00:14,0.0005
21,420-439,1784408415,2026-07-19T05:00:15,0.0005
21,420-439,1784412010,2026-07-19T06:00:10,0.0005
21,420-439,1784415612,2026-07-19T07:00:12,0.0005
21,420-439,1784419215,2026-07-19T08:00:15,0.0005
21,420-439,1784422809,2026-07-19T09:00:09,0.0005
21,420-439,1784426408,2026-07-19T10:00:08,0.0005
21,420-439,1784430013,2026-07-19T11:00:13,0.0005
21,420-439,1784433610,2026-07-19T12:00:10,0.0005
21,420-439,1784437210,2026-07-19T13:00:10,0.0005
21,420-439,1784440817,2026-07-19T14:00:17,0.0005
21,420-439,1784444411,2026-07-19T15:00:11,0.0005
21,420-439,1784448010,2026-07-19T16:00:10,0.0005
21,420-439,1784451615,2026-07-19T17:00:15,0.0005
21,420-439,1784455209,2026-07-19T18:00:09,0.0005
21,420-439,1784458810,2026-07-19T19:00:10,0.0005
21,420-439,1784462412,2026-07-19T20:00:12,0.0005
21,420-439,1784466010,2026-07-19T21:00:10,0.0005
21,420-439,1784469612,2026-07-19T22:00:12,0.0005
21,420-439,1784473211,2026-07-19T23:00:11,0.0005
21,420-439,1784476830,2026-07-20T00:00:30,0.0005
21,420-439,1784480417,2026-07-20T01:00:17,0.0005
21,420-439,1784484012,2026-07-20T02:00:12,0.0005
21,420-439,1784487611,2026-07-20T03:00:11,0.0005
21,420-439,1784491213,2026-07-20T04:00:13,0.0005
21,420-439,1784494826,2026-07-20T05:00:26,0.0005
21,420-439,1784498411,2026-07-20T06:00:11,0.0005
21,420-439,1784502009,2026-07-20T07:00:09,0.0005
21,420-439,1784505626,2026-07-20T08:00:26,0.0005
21,420-439,1784509209,2026-07-20T09:00:09,0.0005
21,420-439,1784512808,2026-07-20T10:00:08,0.0005
21,420-439,1784516411,2026-07-20T11:00:11,0.0005
21,420-439,1784520008,2026-07-20T12:00:08,0.0005
21,420-439,1784523622,2026-07-20T13:00:22,0.0005
21,420-439,1784527215,2026-07-20T14:00:15,0.0005
21,420-439,1784530810,2026-07-20T15:00:10,0.0005
21,420-439,1784534406,2026-07-20T16:00:06,0.0005
21,420-439,1784538014,2026-07-20T17:00:14,0.0005
21,420-439,1784541606,2026-07-20T18:00:06,0.0005
21,420-439,1784545209,2026-07-20T19:00:09,0.0005
21,420-439,1784548811,2026-07-20T20:00:11,0.0005
21,420-439,1784552410,2026-07-20T21:00:10,0.0005
21,420-439,1784556007,2026-07-20T22:00:07,0.0005
21,420-439,1784559617,2026-07-20T23:00:17,0.0005
21,420-439,1784563211,2026-07-21T00:00:11,0.0005
21,420-439,1784566822,2026-07-21T01:00:22,0.0005
21,420-439,1784570414,2026-07-21T02:00:14,0.0005
21,420-439,1784574009,2026-07-21T03:00:09,0.0005
21,420-439,1784577625,2026-07-21T04:00:25,0.0005
21,420-439,1784581214,2026-07-21T05:00:14,0.0005
21,420-439,1784584806,2026-07-21T06:00:06,0.0005
21,420-439,1784588406,2026-07-21T07:00:06,0.0005
21,420-439,1784592014,2026-07-21T08:00:14,0.0005
21,420-439,1784595613,2026-07-21T09:00:13,0.0005
21,420-439,1784599213,2026-07-21T10:00:13,0.0005
21,420-439,1784602814,2026-07-21T11:00:14,0.0005
21,420-439,1784606422,2026-07-21T12:00:22,0.0005
21,420-439,1784610009,2026-07-21T13:00:09,0.0005
21,420-439,1784613615,2026-07-21T14:00:15,0.0005
21,420-439,1784617216,2026-07-21T15:00:16,0.0005
21,420-439,1784620810,2026-07-21T16:00:10,0.0005
21,420-439,1784624414,2026-07-21T17:00:14,0.0005
21,420-439,1784628010,2026-07-21T18:00:10,0.0005
21,420-439,1784631610,2026-07-21T19:00:10,0.0005
21,420-439,1784635219,2026-07-21T20:00:19,0.0005
21,420-439,1784638811,2026-07-21T21:00:11,0.0005
21,420-439,1784642410,2026-07-21T22:00:10,0.0005
21,420-439,1784646031,2026-07-21T23:00:31,0.0005
21,420-439,1784649614,2026-07-22T00:00:14,0.0005
21,420-439,1784653210,2026-07-22T01:00:10,0.0005
21,420-439,1784656830,2026-07-22T02:00:30,0.0005
21,420-439,1784660406,2026-07-22T03:00:06,0.0005
21,420-439,1784664007,2026-07-22T04:00:07,0.0005
21,420-439,1784667628,2026-07-22T05:00:28,0.0005
21,420-439,1784671209,2026-07-22T06:00:09,0.0005
21,420-439,1784674821,2026-07-22T07:00:21,0.0005
21,420-439,1784678411,2026-07-22T08:00:11,0.0005
21,420-439,1784682007,2026-07-22T09:00:07,0.0005
21,420-439,1784685607,2026-07-22T10:00:07,0.0005
21,420-439,1784689211,2026-07-22T11:00:11,0.0005
21,420-439,1784692810,2026-07-22T12:00:10,0.0005
21,420-439,1784696407,2026-07-22T13:00:07,0.0005
21,420-439,1784700026,2026-07-22T14:00:26,0.0005
21,420-439,1784703610,2026-07-22T15:00:10,0.0005
21,420-439,1784707206,2026-07-22T16:00:06,0.0005
21,420-439,1784710814,2026-07-22T17:00:14,0.0005
21,420-439,1784714407,2026-07-22T18:00:07,0.0005
21,420-439,1784718007,2026-07-22T19:00:07,0.0005
21,420-439,1784721613,2026-07-22T20:00:13,0.0005
21,420-439,1784725207,2026-07-22T21:00:07,0.0005
21,420-439,1784728806,2026-07-22T22:00:06,0.0005
21,420-439,1784732412,2026-07-22T23:00:12,0.0005
21,420-439,1784736008,2026-07-23T00:00:08,0.0005
21,420-439,1784739620,2026-07-23T01:00:20,0.0005
21,420-439,1784743213,2026-07-23T02:00:13,0.0005
21,420-439,1784746807,2026-07-23T03:00:07,0.0005
21,420-439,1784750409,2026-07-23T04:00:09,0.0005
21,420-439,1784754013,2026-07-23T05:00:13,0.0005
21,420-439,1784757614,2026-07-23T06:00:14,0.0005
21,420-439,1784761209,2026-07-23T07:00:09,0.0005
21,420-439,1784764819,2026-07-23T08:00:19,0.0005
21,420-439,1784768421,2026-07-23T09:00:21,0.0005
21,420-439,1784772009,2026-07-23T10:00:09,0.0005
21,420-439,1784775614,2026-07-23T11:00:14,0.0005
21,420-439,1784779212,2026-07-23T12:00:12,0.0005
21,420-439,1784782824,2026-07-23T13:00:24,0.0005
21,420-439,1784786428,2026-07-23T14:00:28,0.0005
21,420-439,1784790018,2026-07-23T15:00:18,0.0005
21,420-439,1784793609,2026-07-23T16:00:09,0.0005
21,420-439,1784797221,2026-07-23T17:00:21,0.0005
21,420-439,1784800820,2026-07-23T18:00:20,0.0005
21,420-439,1784804411,2026-07-23T19:00:11,0.0005
21,420-439,1784808031,2026-07-23T20:00:31,0.0005
21,420-439,1784811615,2026-07-23T21:00:15,0.0005
21,420-439,1784815215,2026-07-23T22:00:15,0.0005
21,420-439,1784818829,2026-07-23T23:00:29,0.0005
21,420-439,1784822414,2026-07-24T00:00:14,0.0005
21,420-439,1784826029,2026-07-24T01:00:29,0.0005
21,420-439,1784829629,2026-07-24T02:00:29,0.0005
21,420-439,1784833220,2026-07-24T03:00:20,0.0005
21,420-439,1784836816,2026-07-24T04:00:16,0.0005
21,420-439,1784840423,2026-07-24T05:00:23,0.0005
21,420-439,1784844017,2026-07-24T06:00:17,0.0005
21,420-439,1784847616,2026-07-24T07:00:16,0.0005
21,420-439,1784851223,2026-07-24T08:00:23,0.0005
21,420-439,1784854810,2026-07-24T09:00:10,0.0005
21,420-439,1784858414,2026-07-24T10:00:14,0.0005
21,420-439,1784862024,2026-07-24T11:00:24,0.0005
21,420-439,1784865616,2026-07-24T12:00:16,0.0005
21,420-439,1784869229,2026-07-24T13:00:29,0.0005
21,420-439,1784872825,2026-07-24T14:00:25,0.0005
21,420-439,1784876413,2026-07-24T15:00:13,0.0005
21,420-439,1784880016,2026-07-24T16:00:16,0.0005
21,420-439,1784883624,2026-07-24T17:00:24,0.0005
21,420-439,1784887222,2026-07-24T18:00:22,0.0005
21,420-439,1784890816,2026-07-24T19:00:16,0.0005
21,420-439,1784894441,2026-07-24T20:00:41,0.0005
21,420-439,1784898026,2026-07-24T21:00:26,0.0005
21,420-439,1784901620,2026-07-24T22:00:20,0.0005
21,420-439,1784905238,2026-07-24T23:00:38,0.0005
21,420-439,1784908824,2026-07-25T00:00:24,0.0005
21,420-439,1784912418,2026-07-25T01:00:18,0.0005
21,420-439,1784916031,2026-07-25T02:00:31,0.0005
22,440-459,1784005204,2026-07-14T13:00:04,0.085
22,440-459,1784008804,2026-07-14T14:00:04,0.006
22,440-459,1784012405,2026-07-14T15:00:05,0.0045
22,440-459,1784016004,2026-07-14T16:00:04,0.0005
22,440-459,1784019604,2026-07-14T17:00:04,0.0005
22,440-459,1784023205,2026-07-14T18:00:05,0.0005
22,440-459,1784026805,2026-07-14T19:00:05,0.0005
22,440-459,1784030408,2026-07-14T20:00:08,0.0005
22,440-459,1784034007,2026-07-14T21:00:07,0.0005
22,440-459,1784037611,2026-07-14T22:00:11,0.0005
22,440-459,1784041205,2026-07-14T23:00:05,0.0005
22,440-459,1784044811,2026-07-15T00:00:11,0.0005
22,440-459,1784048411,2026-07-15T01:00:11,0.0005
22,440-459,1784052013,2026-07-15T02:00:13,0.0005
22,440-459,1784055605,2026-07-15T03:00:05,0.0005
22,440-459,1784059205,2026-07-15T04:00:05,0.0005
22,440-459,1784062803,2026-07-15T05:00:03,0.0005
22,440-459,1784066403,2026-07-15T06:00:03,0.0005
22,440-459,1784070005,2026-07-15T07:00:05,0.0005
22,440-459,1784073605,2026-07-15T08:00:05,0.0005
22,440-459,1784077205,2026-07-15T09:00:05,0.0005
22,440-459,1784080808,2026-07-15T10:00:08,0.0005
22,440-459,1784084403,2026-07-15T11:00:03,0.0005
22,440-459,1784088004,2026-07-15T12:00:04,0.0005
22,440-459,1784091619,2026-07-15T13:00:19,0.0005
22,440-459,1784095204,2026-07-15T14:00:04,0.0005
22,440-459,1784098817,2026-07-15T15:00:17,0.0005
22,440-459,1784102420,2026-07-15T16:00:20,0.0005
22,440-459,1784106005,2026-07-15T17:00:05,0.0005
22,440-459,1784109604,2026-07-15T18:00:04,0.0005
22,440-459,1784113207,2026-07-15T19:00:07,0.0005
22,440-459,1784116817,2026-07-15T20:00:17,0.0005
22,440-459,1784120405,2026-07-15T21:00:05,0.0005
22,440-459,1784124005,2026-07-15T22:00:05,0.0005
22,440-459,1784127607,2026-07-15T23:00:07,0.0005
22,440-459,1784131205,2026-07-16T00:00:05,0.0015
22,440-459,1784134805,2026-07-16T01:00:05,0.0015
22,440-459,1784138407,2026-07-16T02:00:07,0.0005
22,440-459,1784142008,2026-07-16T03:00:08,0.0005
22,440-459,1784145605,2026-07-16T04:00:05,0.0005
22,440-459,1784149204,2026-07-16T05:00:04,0.0005
22,440-459,1784152804,2026-07-16T06:00:04,0.0005
22,440-459,1784156405,2026-07-16T07:00:05,0.0005
22,440-459,1784160004,2026-07-16T08:00:04,0.0005
22,440-459,1784163605,2026-07-16T09:00:05,0.0005
22,440-459,1784167204,2026-07-16T10:00:04,0.0005
22,440-459,1784170806,2026-07-16T11:00:06,0.0005
22,440-459,1784174405,2026-07-16T12:00:05,0.0005
22,440-459,1784178003,2026-07-16T13:00:03,0.0005
22,440-459,1784181603,2026-07-16T14:00:03,0.0005
22,440-459,1784185205,2026-07-16T15:00:05,0.0005
22,440-459,1784188804,2026-07-16T16:00:04,0.0005
22,440-459,1784192408,2026-07-16T17:00:08,0.0005
22,440-459,1784196005,2026-07-16T18:00:05,0.0005
22,440-459,1784199605,2026-07-16T19:00:05,0.0005
22,440-459,1784203204,2026-07-16T20:00:04,0.0005
22,440-459,1784206806,2026-07-16T21:00:06,0.0005
22,440-459,1784210404,2026-07-16T22:00:04,0.0005
22,440-459,1784214003,2026-07-16T23:00:03,0.0005
22,440-459,1784217603,2026-07-17T00:00:03,0.0005
22,440-459,1784221205,2026-07-17T01:00:05,0.0005
22,440-459,1784224818,2026-07-17T02:00:18,0.0005
22,440-459,1784228404,2026-07-17T03:00:04,0.0005
22,440-459,1784232005,2026-07-17T04:00:05,0.0005
22,440-459,1784235604,2026-07-17T05:00:04,0.0005
22,440-459,1784239204,2026-07-17T06:00:04,0.0005
22,440-459,1784242807,2026-07-17T07:00:07,0.0005
22,440-459,1784246406,2026-07-17T08:00:06,0.0005
22,440-459,1784250005,2026-07-17T09:00:05,0.0005
22,440-459,1784253604,2026-07-17T10:00:04,0.0005
22,440-459,1784257203,2026-07-17T11:00:03,0.0005
22,440-459,1784260805,2026-07-17T12:00:05,0.0005
22,440-459,1784264404,2026-07-17T13:00:04,0.0005
22,440-459,1784268004,2026-07-17T14:00:04,0.0005
22,440-459,1784271603,2026-07-17T15:00:03,0.0005
22,440-459,1784275204,2026-07-17T16:00:04,0.0005
22,440-459,1784278804,2026-07-17T17:00:04,0.0005
22,440-459,1784282406,2026-07-17T18:00:06,0.0005
22,440-459,1784286004,2026-07-17T19:00:04,0.0005
22,440-459,1784289606,2026-07-17T20:00:06,0.0005
22,440-459,1784293204,2026-07-17T21:00:04,0.0005
22,440-459,1784296805,2026-07-17T22:00:05,0.0005
22,440-459,1784300405,2026-07-17T23:00:05,0.0005
22,440-459,1784304021,2026-07-18T00:00:21,0.075
22,440-459,1784307606,2026-07-18T01:00:06,0.0005
22,440-459,1784311221,2026-07-18T02:00:21,0.0005
22,440-459,1784314805,2026-07-18T03:00:05,0.0005
22,440-459,1784318404,2026-07-18T04:00:04,0.0005
22,440-459,1784322003,2026-07-18T05:00:03,0.0005
22,440-459,1784325605,2026-07-18T06:00:05,0.0005
22,440-459,1784329206,2026-07-18T07:00:06,0.0005
22,440-459,1784332804,2026-07-18T08:00:04,0.0005
22,440-459,1784336405,2026-07-18T09:00:05,0.0005
22,440-459,1784340005,2026-07-18T10:00:05,0.0005
22,440-459,1784343605,2026-07-18T11:00:05,0.0005
22,440-459,1784347203,2026-07-18T12:00:03,0.0005
22,440-459,1784350804,2026-07-18T13:00:04,0.0005
22,440-459,1784354403,2026-07-18T14:00:03,0.0005
22,440-459,1784358004,2026-07-18T15:00:04,0.0005
22,440-459,1784361603,2026-07-18T16:00:03,0.0005
22,440-459,1784365207,2026-07-18T17:00:07,0.0005
22,440-459,1784368803,2026-07-18T18:00:03,0.0005
22,440-459,1784372405,2026-07-18T19:00:05,0.0005
22,440-459,1784376016,2026-07-18T20:00:16,0.0005
22,440-459,1784379605,2026-07-18T21:00:05,0.0005
22,440-459,1784383205,2026-07-18T22:00:05,0.0005
22,440-459,1784386804,2026-07-18T23:00:04,0.0005
22,440-459,1784390405,2026-07-19T00:00:05,0.0005
22,440-459,1784394004,2026-07-19T01:00:04,0.0005
22,440-459,1784397605,2026-07-19T02:00:05,0.0005
22,440-459,1784401204,2026-07-19T03:00:04,0.0005
22,440-459,1784404805,2026-07-19T04:00:05,0.0005
22,440-459,1784408405,2026-07-19T05:00:05,0.0005
22,440-459,1784412004,2026-07-19T06:00:04,0.0005
22,440-459,1784415604,2026-07-19T07:00:04,0.0005
22,440-459,1784419205,2026-07-19T08:00:05,0.0005
22,440-459,1784422804,2026-07-19T09:00:04,0.0005
22,440-459,1784426405,2026-07-19T10:00:05,0.0005
22,440-459,1784430003,2026-07-19T11:00:03,0.0005
22,440-459,1784433603,2026-07-19T12:00:03,0.0005
22,440-459,1784437205,2026-07-19T13:00:05,0.0005
22,440-459,1784440806,2026-07-19T14:00:06,0.0005
22,440-459,1784444404,2026-07-19T15:00:04,0.0005
22,440-459,1784448005,2026-07-19T16:00:05,0.0005
22,440-459,1784451604,2026-07-19T17:00:04,0.0005
22,440-459,1784455204,2026-07-19T18:00:04,0.0005
22,440-459,1784458804,2026-07-19T19:00:04,0.0005
22,440-459,1784462404,2026-07-19T20:00:04,0.0005
22,440-459,1784466006,2026-07-19T21:00:06,0.0005
22,440-459,1784469605,2026-07-19T22:00:05,0.0005
22,440-459,1784473204,2026-07-19T23:00:04,0.0005
22,440-459,1784476820,2026-07-20T00:00:20,0.0005
22,440-459,1784480407,2026-07-20T01:00:07,0.0005
22,440-459,1784484004,2026-07-20T02:00:04,0.0005
22,440-459,1784487605,2026-07-20T03:00:05,0.0005
22,440-459,1784491206,2026-07-20T04:00:06,0.0005
22,440-459,1784494818,2026-07-20T05:00:18,0.0005
22,440-459,1784498404,2026-07-20T06:00:04,0.0005
22,440-459,1784502004,2026-07-20T07:00:04,0.0005
22,440-459,1784505618,2026-07-20T08:00:18,0.0005
22,440-459,1784509205,2026-07-20T09:00:05,0.0005
22,440-459,1784512804,2026-07-20T10:00:04,0.0005
22,440-459,1784516404,2026-07-20T11:00:04,0.0005
22,440-459,1784520004,2026-07-20T12:00:04,0.0005
22,440-459,1784523617,2026-07-20T13:00:17,0.0005
22,440-459,1784527206,2026-07-20T14:00:06,0.0005
22,440-459,1784530804,2026-07-20T15:00:04,0.0005
22,440-459,1784534404,2026-07-20T16:00:04,0.0005
22,440-459,1784538004,2026-07-20T17:00:04,0.0005
22,440-459,1784541604,2026-07-20T18:00:04,0.0005
22,440-459,1784545207,2026-07-20T19:00:07,0.0005
22,440-459,1784548804,2026-07-20T20:00:04,0.0005
22,440-459,1784552408,2026-07-20T21:00:08,0.0005
22,440-459,1784556004,2026-07-20T22:00:04,0.0005
22,440-459,1784559608,2026-07-20T23:00:08,0.0005
22,440-459,1784563207,2026-07-21T00:00:07,0.0005
22,440-459,1784566812,2026-07-21T01:00:12,0.0005
22,440-459,1784570404,2026-07-21T02:00:04,0.0005
22,440-459,1784574005,2026-07-21T03:00:05,0.0005
22,440-459,1784577618,2026-07-21T04:00:18,0.0005
22,440-459,1784581207,2026-07-21T05:00:07,0.0005
22,440-459,1784584804,2026-07-21T06:00:04,0.0005
22,440-459,1784588404,2026-07-21T07:00:04,0.0005
22,440-459,1784592006,2026-07-21T08:00:06,0.0005
22,440-459,1784595608,2026-07-21T09:00:08,0.0005
22,440-459,1784599206,2026-07-21T10:00:06,0.0005
22,440-459,1784602806,2026-07-21T11:00:06,0.0005
22,440-459,1784606421,2026-07-21T12:00:21,0.0005
22,440-459,1784610004,2026-07-21T13:00:04,0.0005
22,440-459,1784613606,2026-07-21T14:00:06,0.0005
22,440-459,1784617206,2026-07-21T15:00:06,0.0005
22,440-459,1784620804,2026-07-21T16:00:04,0.0005
22,440-459,1784624406,2026-07-21T17:00:06,0.0005
22,440-459,1784628005,2026-07-21T18:00:05,0.0005
22,440-459,1784631604,2026-07-21T19:00:04,0.0005
22,440-459,1784635206,2026-07-21T20:00:06,0.0005
22,440-459,1784638805,2026-07-21T21:00:05,0.0005
22,440-459,1784642404,2026-07-21T22:00:04,0.0005
22,440-459,1784646017,2026-07-21T23:00:17,0.0005
22,440-459,1784649605,2026-07-22T00:00:05,0.0005
22,440-459,1784653204,2026-07-22T01:00:04,0.0005
22,440-459,1784656808,2026-07-22T02:00:08,0.0005
22,440-459,1784660404,2026-07-22T03:00:04,0.0005
22,440-459,1784664005,2026-07-22T04:00:05,0.0005
22,440-459,1784667605,2026-07-22T05:00:05,0.0005
22,440-459,1784671204,2026-07-22T06:00:04,0.0005
22,440-459,1784674817,2026-07-22T07:00:17,0.0005
22,440-459,1784678405,2026-07-22T08:00:05,0.0005
22,440-459,1784682006,2026-07-22T09:00:06,0.0005
22,440-459,1784685606,2026-07-22T10:00:06,0.0005
22,440-459,1784689206,2026-07-22T11:00:06,0.0005
22,440-459,1784692804,2026-07-22T12:00:04,0.0005
22,440-459,1784696404,2026-07-22T13:00:04,0.0005
22,440-459,1784700020,2026-07-22T14:00:20,0.0005
22,440-459,1784703604,2026-07-22T15:00:04,0.0005
22,440-459,1784707204,2026-07-22T16:00:04,0.0005
22,440-459,1784710805,2026-07-22T17:00:05,0.0005
22,440-459,1784714405,2026-07-22T18:00:05,0.0005
22,440-459,1784718005,2026-07-22T19:00:05,0.0005
22,440-459,1784721604,2026-07-22T20:00:04,0.0005
22,440-459,1784725205,2026-07-22T21:00:05,0.0005
22,440-459,1784728804,2026-07-22T22:00:04,0.0005
22,440-459,1784732406,2026-07-22T23:00:06,0.0005
22,440-459,1784736005,2026-07-23T00:00:05,0.0005
22,440-459,1784739606,2026-07-23T01:00:06,0.0005
22,440-459,1784743205,2026-07-23T02:00:05,0.0005
22,440-459,1784746804,2026-07-23T03:00:04,0.0005
22,440-459,1784750407,2026-07-23T04:00:07,0.0005
22,440-459,1784754006,2026-07-23T05:00:06,0.0005
22,440-459,1784757606,2026-07-23T06:00:06,0.0005
22,440-459,1784761206,2026-07-23T07:00:06,0.0005
22,440-459,1784764807,2026-07-23T08:00:07,0.0005
22,440-459,1784768420,2026-07-23T09:00:20,0.0005
22,440-459,1784772006,2026-07-23T10:00:06,0.0005
22,440-459,1784775606,2026-07-23T11:00:06,0.0005
22,440-459,1784779208,2026-07-23T12:00:08,0.0005
22,440-459,1784782807,2026-07-23T13:00:07,0.0005
22,440-459,1784786407,2026-07-23T14:00:07,0.0005
22,440-459,1784790007,2026-07-23T15:00:07,0.0005
22,440-459,1784793605,2026-07-23T16:00:05,0.0005
22,440-459,1784797204,2026-07-23T17:00:04,0.0005
22,440-459,1784800804,2026-07-23T18:00:04,0.0005
22,440-459,1784804404,2026-07-23T19:00:04,0.0005
22,440-459,1784808008,2026-07-23T20:00:08,0.0005
22,440-459,1784811605,2026-07-23T21:00:05,0.0005
22,440-459,1784815205,2026-07-23T22:00:05,0.0005
22,440-459,1784818806,2026-07-23T23:00:06,0.0005
22,440-459,1784822406,2026-07-24T00:00:06,0.0005
22,440-459,1784826005,2026-07-24T01:00:05,0.0005
22,440-459,1784829605,2026-07-24T02:00:05,0.0005
22,440-459,1784833207,2026-07-24T03:00:07,0.0005
22,440-459,1784836808,2026-07-24T04:00:08,0.0005
22,440-459,1784840406,2026-07-24T05:00:06,0.0005
22,440-459,1784844008,2026-07-24T06:00:08,0.0005
22,440-459,1784847607,2026-07-24T07:00:07,0.0005
22,440-459,1784851205,2026-07-24T08:00:05,0.0005
22,440-459,1784854805,2026-07-24T09:00:05,0.0005
22,440-459,1784858407,2026-07-24T10:00:07,0.0005
22,440-459,1784862006,2026-07-24T11:00:06,0.0005
22,440-459,1784865605,2026-07-24T12:00:05,0.0005
22,440-459,1784869204,2026-07-24T13:00:04,0.0005
22,440-459,1784872805,2026-07-24T14:00:05,0.0005
22,440-459,1784876404,2026-07-24T15:00:04,0.0005
22,440-459,1784880005,2026-07-24T16:00:05,0.0005
22,440-459,1784883606,2026-07-24T17:00:06,0.0005
22,440-459,1784887206,2026-07-24T18:00:06,0.0005
22,440-459,1784890805,2026-07-24T19:00:05,0.0005
22,440-459,1784894405,2026-07-24T20:00:05,0.0005
22,440-459,1784898008,2026-07-24T21:00:08,0.0005
22,440-459,1784901607,2026-07-24T22:00:07,0.0005
22,440-459,1784905205,2026-07-24T23:00:05,0.0005
22,440-459,1784908807,2026-07-25T00:00:07,0.0005
22,440-459,1784912406,2026-07-25T01:00:06,0.0005
22,440-459,1784916007,2026-07-25T02:00:07,0.0005
23,460-479,1784005206,2026-07-14T13:00:06,0.085
23,460-479,1784008810,2026-07-14T14:00:10,0.006
23,460-479,1784012413,2026-07-14T15:00:13,0.0045
23,460-479,1784016006,2026-07-14T16:00:06,0.0005
23,460-479,1784019608,2026-07-14T17:00:08,0.0005
23,460-479,1784023208,2026-07-14T18:00:08,0.0005
23,460-479,1784026807,2026-07-14T19:00:07,0.0005
23,460-479,1784030415,2026-07-14T20:00:15,0.0005
23,460-479,1784034009,2026-07-14T21:00:09,0.0005
23,460-479,1784037613,2026-07-14T22:00:13,0.0005
23,460-479,1784041211,2026-07-14T23:00:11,0.0005
23,460-479,1784044814,2026-07-15T00:00:14,0.0005
23,460-479,1784048430,2026-07-15T01:00:30,0.0005
23,460-479,1784052020,2026-07-15T02:00:20,0.0005
23,460-479,1784055609,2026-07-15T03:00:09,0.0005
23,460-479,1784059209,2026-07-15T04:00:09,0.0005
23,460-479,1784062810,2026-07-15T05:00:10,0.0005
23,460-479,1784066406,2026-07-15T06:00:06,0.0005
23,460-479,1784070008,2026-07-15T07:00:08,0.0005
23,460-479,1784073616,2026-07-15T08:00:16,0.0005
23,460-479,1784077209,2026-07-15T09:00:09,0.0005
23,460-479,1784080811,2026-07-15T10:00:11,0.0005
23,460-479,1784084415,2026-07-15T11:00:15,0.0005
23,460-479,1784088008,2026-07-15T12:00:08,0.0005
23,460-479,1784091623,2026-07-15T13:00:23,0.0005
23,460-479,1784095213,2026-07-15T14:00:13,0.0005
23,460-479,1784098825,2026-07-15T15:00:25,0.0005
23,460-479,1784102424,2026-07-15T16:00:24,0.0005
23,460-479,1784106011,2026-07-15T17:00:11,0.0005
23,460-479,1784109606,2026-07-15T18:00:06,0.0005
23,460-479,1784113210,2026-07-15T19:00:10,0.0005
23,460-479,1784116828,2026-07-15T20:00:28,0.0005
23,460-479,1784120408,2026-07-15T21:00:08,0.0005
23,460-479,1784124009,2026-07-15T22:00:09,0.0005
23,460-479,1784127614,2026-07-15T23:00:14,0.0005
23,460-479,1784131207,2026-07-16T00:00:07,0.0005
23,460-479,1784134811,2026-07-16T01:00:11,0.0005
23,460-479,1784138415,2026-07-16T02:00:15,0.0005
23,460-479,1784142011,2026-07-16T03:00:11,0.0005
23,460-479,1784145609,2026-07-16T04:00:09,0.0005
23,460-479,1784149211,2026-07-16T05:00:11,0.0005
23,460-479,1784152807,2026-07-16T06:00:07,0.0005
23,460-479,1784156408,2026-07-16T07:00:08,0.0005
23,460-479,1784160015,2026-07-16T08:00:15,0.0005
23,460-479,1784163606,2026-07-16T09:00:06,0.0005
23,460-479,1784167206,2026-07-16T10:00:06,0.0005
23,460-479,1784170812,2026-07-16T11:00:12,0.0005
23,460-479,1784174408,2026-07-16T12:00:08,0.0005
23,460-479,1784178008,2026-07-16T13:00:08,0.0005
23,460-479,1784181631,2026-07-16T14:00:31,0.0005
23,460-479,1784185211,2026-07-16T15:00:11,0.0005
23,460-479,1784188805,2026-07-16T16:00:05,0.0005
23,460-479,1784192413,2026-07-16T17:00:13,0.0005
23,460-479,1784196009,2026-07-16T18:00:09,0.0005
23,460-479,1784199609,2026-07-16T19:00:09,0.0005
23,460-479,1784203212,2026-07-16T20:00:12,0.0005
23,460-479,1784206809,2026-07-16T21:00:09,0.0005
23,460-479,1784210408,2026-07-16T22:00:08,0.0005
23,460-479,1784214013,2026-07-16T23:00:13,0.0005
23,460-479,1784217607,2026-07-17T00:00:07,0.0005
23,460-479,1784221209,2026-07-17T01:00:09,0.0005
23,460-479,1784224825,2026-07-17T02:00:25,0.0005
23,460-479,1784228409,2026-07-17T03:00:09,0.0005
23,460-479,1784232009,2026-07-17T04:00:09,0.0005
23,460-479,1784235612,2026-07-17T05:00:12,0.0005
23,460-479,1784239209,2026-07-17T06:00:09,0.0005
23,460-479,1784242811,2026-07-17T07:00:11,0.0005
23,460-479,1784246416,2026-07-17T08:00:16,0.0005
23,460-479,1784250007,2026-07-17T09:00:07,0.0005
23,460-479,1784253610,2026-07-17T10:00:10,0.0005
23,460-479,1784257214,2026-07-17T11:00:14,0.0005
23,460-479,1784260812,2026-07-17T12:00:12,0.0005
23,460-479,1784264413,2026-07-17T13:00:13,0.0005
23,460-479,1784268019,2026-07-17T14:00:19,0.0005
23,460-479,1784271606,2026-07-17T15:00:06,0.0005
23,460-479,1784275207,2026-07-17T16:00:07,0.0005
23,460-479,1784278811,2026-07-17T17:00:11,0.0005
23,460-479,1784282414,2026-07-17T18:00:14,0.0005
23,460-479,1784286009,2026-07-17T19:00:09,0.0005
23,460-479,1784289618,2026-07-17T20:00:18,0.0005
23,460-479,1784293209,2026-07-17T21:00:09,0.0005
23,460-479,1784296810,2026-07-17T22:00:10,0.0005
23,460-479,1784300412,2026-07-17T23:00:12,0.0005
23,460-479,1784304024,2026-07-18T00:00:24,0.0005
23,460-479,1784307616,2026-07-18T01:00:16,0.0005
23,460-479,1784311229,2026-07-18T02:00:29,0.0005
23,460-479,1784314810,2026-07-18T03:00:10,0.0005
23,460-479,1784318410,2026-07-18T04:00:10,0.0005
23,460-479,1784322010,2026-07-18T05:00:10,0.0005
23,460-479,1784325610,2026-07-18T06:00:10,0.0005
23,460-479,1784329211,2026-07-18T07:00:11,0.0005
23,460-479,1784332812,2026-07-18T08:00:12,0.0005
23,460-479,1784336407,2026-07-18T09:00:07,0.0005
23,460-479,1784340008,2026-07-18T10:00:08,0.0005
23,460-479,1784343612,2026-07-18T11:00:12,0.0005
23,460-479,1784347211,2026-07-18T12:00:11,0.0005
23,460-479,1784350809,2026-07-18T13:00:09,0.0005
23,460-479,1784354413,2026-07-18T14:00:13,0.0005
23,460-479,1784358013,2026-07-18T15:00:13,0.0005
23,460-479,1784361608,2026-07-18T16:00:08,0.0005
23,460-479,1784365216,2026-07-18T17:00:16,0.0005
23,460-479,1784368809,2026-07-18T18:00:09,0.0005
23,460-479,1784372413,2026-07-18T19:00:13,0.0005
23,460-479,1784376027,2026-07-18T20:00:27,0.0005
23,460-479,1784379611,2026-07-18T21:00:11,0.0005
23,460-479,1784383211,2026-07-18T22:00:11,0.0005
23,460-479,1784386819,2026-07-18T23:00:19,0.0005
23,460-479,1784390410,2026-07-19T00:00:10,0.0005
23,460-479,1784394020,2026-07-19T01:00:20,0.0005
23,460-479,1784397613,2026-07-19T02:00:13,0.0005
23,460-479,1784401209,2026-07-19T03:00:09,0.0005
23,460-479,1784404815,2026-07-19T04:00:15,0.0005
23,460-479,1784408418,2026-07-19T05:00:18,0.0005
23,460-479,1784412012,2026-07-19T06:00:12,0.0005
23,460-479,1784415612,2026-07-19T07:00:12,0.0005
23,460-479,1784419221,2026-07-19T08:00:21,0.0005
23,460-479,1784422810,2026-07-19T09:00:10,0.0005
23,460-479,1784426409,2026-07-19T10:00:09,0.0005
23,460-479,1784430016,2026-07-19T11:00:16,0.0005
23,460-479,1784433612,2026-07-19T12:00:12,0.0005
23,460-479,1784437211,2026-07-19T13:00:11,0.0005
23,460-479,1784440823,2026-07-19T14:00:23,0.0005
23,460-479,1784444414,2026-07-19T15:00:14,0.0005
23,460-479,1784448013,2026-07-19T16:00:13,0.0005
23,460-479,1784451619,2026-07-19T17:00:19,0.0005
23,460-479,1784455214,2026-07-19T18:00:14,0.0005
23,460-479,1784458812,2026-07-19T19:00:12,0.0005
23,460-479,1784462414,2026-07-19T20:00:14,0.0005
23,460-479,1784466011,2026-07-19T21:00:11,0.0005
23,460-479,1784469614,2026-07-19T22:00:14,0.0005
23,460-479,1784473213,2026-07-19T23:00:13,0.0005
23,460-479,1784476831,2026-07-20T00:00:31,0.0005
23,460-479,1784480421,2026-07-20T01:00:21,0.0005
23,460-479,1784484014,2026-07-20T02:00:14,0.0005
23,460-479,1784487614,2026-07-20T03:00:14,0.0005
23,460-479,1784491214,2026-07-20T04:00:14,0.0005
23,460-479,1784494827,2026-07-20T05:00:27,0.0005
23,460-479,1784498413,2026-07-20T06:00:13,0.0005
23,460-479,1784502010,2026-07-20T07:00:10,0.0005
23,460-479,1784505628,2026-07-20T08:00:28,0.0005
23,460-479,1784509210,2026-07-20T09:00:10,0.0005
23,460-479,1784512810,2026-07-20T10:00:10,0.0005
23,460-479,1784516415,2026-07-20T11:00:15,0.0005
23,460-479,1784520010,2026-07-20T12:00:10,0.0005
23,460-479,1784523623,2026-07-20T13:00:23,0.0005
23,460-479,1784527217,2026-07-20T14:00:17,0.0005
23,460-479,1784530812,2026-07-20T15:00:12,0.0005
23,460-479,1784534407,2026-07-20T16:00:07,0.0005
23,460-479,1784538016,2026-07-20T17:00:16,0.0005
23,460-479,1784541607,2026-07-20T18:00:07,0.0005
23,460-479,1784545210,2026-07-20T19:00:10,0.0005
23,460-479,1784548812,2026-07-20T20:00:12,0.0005
23,460-479,1784552411,2026-07-20T21:00:11,0.0005
23,460-479,1784556007,2026-07-20T22:00:07,0.0005
23,460-479,1784559619,2026-07-20T23:00:19,0.0005
23,460-479,1784563212,2026-07-21T00:00:12,0.0005
23,460-479,1784566823,2026-07-21T01:00:23,0.0005
23,460-479,1784570415,2026-07-21T02:00:15,0.0005
23,460-479,1784574011,2026-07-21T03:00:11,0.0005
23,460-479,1784577627,2026-07-21T04:00:27,0.0005
23,460-479,1784581216,2026-07-21T05:00:16,0.0005
23,460-479,1784584807,2026-07-21T06:00:07,0.0005
23,460-479,1784588407,2026-07-21T07:00:07,0.0005
23,460-479,1784592016,2026-07-21T08:00:16,0.0005
23,460-479,1784595615,2026-07-21T09:00:15,0.0005
23,460-479,1784599215,2026-07-21T10:00:15,0.0005
23,460-479,1784602816,2026-07-21T11:00:16,0.0005
23,460-479,1784606423,2026-07-21T12:00:23,0.0005
23,460-479,1784610011,2026-07-21T13:00:11,0.0005
23,460-479,1784613617,2026-07-21T14:00:17,0.0005
23,460-479,1784617217,2026-07-21T15:00:17,0.0005
23,460-479,1784620811,2026-07-21T16:00:11,0.0005
23,460-479,1784624415,2026-07-21T17:00:15,0.0005
23,460-479,1784628011,2026-07-21T18:00:11,0.0005
23,460-479,1784631611,2026-07-21T19:00:11,0.0005
23,460-479,1784635221,2026-07-21T20:00:21,0.0005
23,460-479,1784638812,2026-07-21T21:00:12,0.0005
23,460-479,1784642411,2026-07-21T22:00:11,0.0005
23,460-479,1784646038,2026-07-21T23:00:38,0.0005
23,460-479,1784649615,2026-07-22T00:00:15,0.0005
23,460-479,1784653211,2026-07-22T01:00:11,0.0005
23,460-479,1784656832,2026-07-22T02:00:32,0.0005
23,460-479,1784660407,2026-07-22T03:00:07,0.0005
23,460-479,1784664008,2026-07-22T04:00:08,0.0005
23,460-479,1784667632,2026-07-22T05:00:32,0.0005
23,460-479,1784671211,2026-07-22T06:00:11,0.0005
23,460-479,1784674822,2026-07-22T07:00:22,0.0005
23,460-479,1784678412,2026-07-22T08:00:12,0.0005
23,460-479,1784682007,2026-07-22T09:00:07,0.0005
23,460-479,1784685607,2026-07-22T10:00:07,0.0005
23,460-479,1784689212,2026-07-22T11:00:12,0.0005
23,460-479,1784692811,2026-07-22T12:00:11,0.0005
23,460-479,1784696407,2026-07-22T13:00:07,0.0005
23,460-479,1784700028,2026-07-22T14:00:28,0.0005
23,460-479,1784703611,2026-07-22T15:00:11,0.0005
23,460-479,1784707207,2026-07-22T16:00:07,0.0005
23,460-479,1784710814,2026-07-22T17:00:14,0.0005
23,460-479,1784714407,2026-07-22T18:00:07,0.0005
23,460-479,1784718007,2026-07-22T19:00:07,0.0005
23,460-479,1784721617,2026-07-22T20:00:17,0.0005
23,460-479,1784725208,2026-07-22T21:00:08,0.0005
23,460-479,1784728806,2026-07-22T22:00:06,0.0005
23,460-479,1784732413,2026-07-22T23:00:13,0.0005
23,460-479,1784736008,2026-07-23T00:00:08,0.0005
23,460-479,1784739623,2026-07-23T01:00:23,0.0005
23,460-479,1784743216,2026-07-23T02:00:16,0.0005
23,460-479,1784746807,2026-07-23T03:00:07,0.0005
23,460-479,1784750410,2026-07-23T04:00:10,0.0005
23,460-479,1784754015,2026-07-23T05:00:15,0.0005
23,460-479,1784757616,2026-07-23T06:00:16,0.0005
23,460-479,1784761209,2026-07-23T07:00:09,0.0005
23,460-479,1784764821,2026-07-23T08:00:21,0.0005
23,460-479,1784768422,2026-07-23T09:00:22,0.0005
23,460-479,1784772010,2026-07-23T10:00:10,0.0005
23,460-479,1784775617,2026-07-23T11:00:17,0.0005
23,460-479,1784779213,2026-07-23T12:00:13,0.0005
23,460-479,1784782827,2026-07-23T13:00:27,0.0005
23,460-479,1784786433,2026-07-23T14:00:33,0.0005
23,460-479,1784790023,2026-07-23T15:00:23,0.0005
23,460-479,1784793610,2026-07-23T16:00:10,0.0005
23,460-479,1784797228,2026-07-23T17:00:28,0.0005
23,460-479,1784800823,2026-07-23T18:00:23,0.0005
23,460-479,1784804413,2026-07-23T19:00:13,0.0005
23,460-479,1784808035,2026-07-23T20:00:35,0.0005
23,460-479,1784811617,2026-07-23T21:00:17,0.0005
23,460-479,1784815217,2026-07-23T22:00:17,0.0005
23,460-479,1784818834,2026-07-23T23:00:34,0.0005
23,460-479,1784822416,2026-07-24T00:00:16,0.0005
23,460-479,1784826037,2026-07-24T01:00:37,0.0005
23,460-479,1784829635,2026-07-24T02:00:35,0.0005
23,460-479,1784833224,2026-07-24T03:00:24,0.0005
23,460-479,1784836821,2026-07-24T04:00:21,0.0005
23,460-479,1784840426,2026-07-24T05:00:26,0.0005
23,460-479,1784844020,2026-07-24T06:00:20,0.0005
23,460-479,1784847618,2026-07-24T07:00:18,0.0005
23,460-479,1784851231,2026-07-24T08:00:31,0.0005
23,460-479,1784854811,2026-07-24T09:00:11,0.0005
23,460-479,1784858415,2026-07-24T10:00:15,0.0005
23,460-479,1784862028,2026-07-24T11:00:28,0.0005
23,460-479,1784865619,2026-07-24T12:00:19,0.0005
23,460-479,1784869236,2026-07-24T13:00:36,0.0005
23,460-479,1784872832,2026-07-24T14:00:32,0.0005
23,460-479,1784876414,2026-07-24T15:00:14,0.0005
23,460-479,1784880018,2026-07-24T16:00:18,0.0005
23,460-479,1784883628,2026-07-24T17:00:28,0.0005
23,460-479,1784887225,2026-07-24T18:00:25,0.0005
23,460-479,1784890818,2026-07-24T19:00:18,0.0005
23,460-479,1784894449,2026-07-24T20:00:49,0.0005
23,460-479,1784898028,2026-07-24T21:00:28,0.0005
23,460-479,1784901625,2026-07-24T22:00:25,0.0005
23,460-479,1784905242,2026-07-24T23:00:42,0.0005
23,460-479,1784908828,2026-07-25T00:00:28,0.0005
23,460-479,1784912422,2026-07-25T01:00:22,0.0005
23,460-479,1784916038,2026-07-25T02:00:38,0.0005
24,480-499,1784005204,2026-07-14T13:00:04,0.085
24,480-499,1784008804,2026-07-14T14:00:04,0.0055
24,480-499,1784012405,2026-07-14T15:00:05,0.0025
24,480-499,1784016004,2026-07-14T16:00:04,0.0005
24,480-499,1784019604,2026-07-14T17:00:04,0.0005
24,480-499,1784023205,2026-07-14T18:00:05,0.0005
24,480-499,1784026805,2026-07-14T19:00:05,0.0005
24,480-499,1784030408,2026-07-14T20:00:08,0.0005
24,480-499,1784034007,2026-07-14T21:00:07,0.0005
24,480-499,1784037611,2026-07-14T22:00:11,0.0005
24,480-499,1784041205,2026-07-14T23:00:05,0.0005
24,480-499,1784044811,2026-07-15T00:00:11,0.0005
24,480-499,1784048411,2026-07-15T01:00:11,0.0005
24,480-499,1784052013,2026-07-15T02:00:13,0.0005
24,480-499,1784055605,2026-07-15T03:00:05,0.0005
24,480-499,1784059205,2026-07-15T04:00:05,0.0005
24,480-499,1784062803,2026-07-15T05:00:03,0.0005
24,480-499,1784066403,2026-07-15T06:00:03,0.0005
24,480-499,1784070005,2026-07-15T07:00:05,0.0005
24,480-499,1784073605,2026-07-15T08:00:05,0.0005
24,480-499,1784077205,2026-07-15T09:00:05,0.0005
24,480-499,1784080808,2026-07-15T10:00:08,0.0005
24,480-499,1784084403,2026-07-15T11:00:03,0.0005
24,480-499,1784088004,2026-07-15T12:00:04,0.0005
24,480-499,1784091619,2026-07-15T13:00:19,0.0005
24,480-499,1784095204,2026-07-15T14:00:04,0.0005
24,480-499,1784098817,2026-07-15T15:00:17,0.0005
24,480-499,1784102420,2026-07-15T16:00:20,0.0005
24,480-499,1784106005,2026-07-15T17:00:05,0.0005
24,480-499,1784109604,2026-07-15T18:00:04,0.0005
24,480-499,1784113207,2026-07-15T19:00:07,0.0005
24,480-499,1784116817,2026-07-15T20:00:17,0.0005
24,480-499,1784120405,2026-07-15T21:00:05,0.0005
24,480-499,1784124005,2026-07-15T22:00:05,0.0005
24,480-499,1784127607,2026-07-15T23:00:07,0.0005
24,480-499,1784131205,2026-07-16T00:00:05,0.0005
24,480-499,1784134805,2026-07-16T01:00:05,0.0005
24,480-499,1784138407,2026-07-16T02:00:07,0.0005
24,480-499,1784142009,2026-07-16T03:00:09,0.0005
24,480-499,1784145605,2026-07-16T04:00:05,0.0005
24,480-499,1784149204,2026-07-16T05:00:04,0.0005
24,480-499,1784152804,2026-07-16T06:00:04,0.0005
24,480-499,1784156405,2026-07-16T07:00:05,0.0005
24,480-499,1784160004,2026-07-16T08:00:04,0.0005
24,480-499,1784163605,2026-07-16T09:00:05,0.0005
24,480-499,1784167204,2026-07-16T10:00:04,0.0005
24,480-499,1784170806,2026-07-16T11:00:06,0.0005
24,480-499,1784174405,2026-07-16T12:00:05,0.0005
24,480-499,1784178003,2026-07-16T13:00:03,0.0005
24,480-499,1784181603,2026-07-16T14:00:03,0.0005
24,480-499,1784185205,2026-07-16T15:00:05,0.0005
24,480-499,1784188804,2026-07-16T16:00:04,0.0005
24,480-499,1784192408,2026-07-16T17:00:08,0.0005
24,480-499,1784196005,2026-07-16T18:00:05,0.0005
24,480-499,1784199605,2026-07-16T19:00:05,0.0005
24,480-499,1784203204,2026-07-16T20:00:04,0.0005
24,480-499,1784206806,2026-07-16T21:00:06,0.0005
24,480-499,1784210404,2026-07-16T22:00:04,0.0005
24,480-499,1784214003,2026-07-16T23:00:03,0.0005
24,480-499,1784217603,2026-07-17T00:00:03,0.0005
24,480-499,1784221205,2026-07-17T01:00:05,0.0005
24,480-499,1784224818,2026-07-17T02:00:18,0.0005
24,480-499,1784228404,2026-07-17T03:00:04,0.0005
24,480-499,1784232005,2026-07-17T04:00:05,0.0005
24,480-499,1784235605,2026-07-17T05:00:05,0.0005
24,480-499,1784239204,2026-07-17T06:00:04,0.0005
24,480-499,1784242807,2026-07-17T07:00:07,0.0005
24,480-499,1784246406,2026-07-17T08:00:06,0.0005
24,480-499,1784250005,2026-07-17T09:00:05,0.0005
24,480-499,1784253604,2026-07-17T10:00:04,0.0005
24,480-499,1784257203,2026-07-17T11:00:03,0.0005
24,480-499,1784260805,2026-07-17T12:00:05,0.0005
24,480-499,1784264404,2026-07-17T13:00:04,0.0005
24,480-499,1784268004,2026-07-17T14:00:04,0.0005
24,480-499,1784271603,2026-07-17T15:00:03,0.0005
24,480-499,1784275204,2026-07-17T16:00:04,0.0005
24,480-499,1784278804,2026-07-17T17:00:04,0.0005
24,480-499,1784282406,2026-07-17T18:00:06,0.0005
24,480-499,1784286004,2026-07-17T19:00:04,0.0005
24,480-499,1784289606,2026-07-17T20:00:06,0.0005
24,480-499,1784293204,2026-07-17T21:00:04,0.0005
24,480-499,1784296805,2026-07-17T22:00:05,0.0005
24,480-499,1784300405,2026-07-17T23:00:05,0.0005
24,480-499,1784304021,2026-07-18T00:00:21,0.0005
24,480-499,1784307606,2026-07-18T01:00:06,0.0005
24,480-499,1784311221,2026-07-18T02:00:21,0.0005
24,480-499,1784314805,2026-07-18T03:00:05,0.0005
24,480-499,1784318404,2026-07-18T04:00:04,0.0005
24,480-499,1784322003,2026-07-18T05:00:03,0.0005
24,480-499,1784325605,2026-07-18T06:00:05,0.0005
24,480-499,1784329206,2026-07-18T07:00:06,0.0005
24,480-499,1784332804,2026-07-18T08:00:04,0.0005
24,480-499,1784336405,2026-07-18T09:00:05,0.0005
24,480-499,1784340005,2026-07-18T10:00:05,0.0005
24,480-499,1784343605,2026-07-18T11:00:05,0.0005
24,480-499,1784347204,2026-07-18T12:00:04,0.0005
24,480-499,1784350804,2026-07-18T13:00:04,0.0005
24,480-499,1784354404,2026-07-18T14:00:04,0.0005
24,480-499,1784358004,2026-07-18T15:00:04,0.0005
24,480-499,1784361603,2026-07-18T16:00:03,0.0005
24,480-499,1784365207,2026-07-18T17:00:07,0.0005
24,480-499,1784368803,2026-07-18T18:00:03,0.0005
24,480-499,1784372405,2026-07-18T19:00:05,0.0005
24,480-499,1784376016,2026-07-18T20:00:16,0.0005
24,480-499,1784379605,2026-07-18T21:00:05,0.0005
24,480-499,1784383205,2026-07-18T22:00:05,0.0005
24,480-499,1784386804,2026-07-18T23:00:04,0.0005
24,480-499,1784390405,2026-07-19T00:00:05,0.0005
24,480-499,1784394004,2026-07-19T01:00:04,0.0005
24,480-499,1784397605,2026-07-19T02:00:05,0.0005
24,480-499,1784401203,2026-07-19T03:00:03,0.0005
24,480-499,1784404805,2026-07-19T04:00:05,0.0005
24,480-499,1784408405,2026-07-19T05:00:05,0.0005
24,480-499,1784412004,2026-07-19T06:00:04,0.0005
24,480-499,1784415604,2026-07-19T07:00:04,0.0005
24,480-499,1784419205,2026-07-19T08:00:05,0.0005
24,480-499,1784422804,2026-07-19T09:00:04,0.0005
24,480-499,1784426405,2026-07-19T10:00:05,0.0005
24,480-499,1784430003,2026-07-19T11:00:03,0.0005
24,480-499,1784433603,2026-07-19T12:00:03,0.0005
24,480-499,1784437205,2026-07-19T13:00:05,0.0005
24,480-499,1784440806,2026-07-19T14:00:06,0.0005
24,480-499,1784444404,2026-07-19T15:00:04,0.0005
24,480-499,1784448005,2026-07-19T16:00:05,0.0005
24,480-499,1784451604,2026-07-19T17:00:04,0.0005
24,480-499,1784455204,2026-07-19T18:00:04,0.0005
24,480-499,1784458804,2026-07-19T19:00:04,0.0005
24,480-499,1784462404,2026-07-19T20:00:04,0.0005
24,480-499,1784466006,2026-07-19T21:00:06,0.0005
24,480-499,1784469605,2026-07-19T22:00:05,0.0005
24,480-499,1784473204,2026-07-19T23:00:04,0.0005
24,480-499,1784476820,2026-07-20T00:00:20,0.0005
24,480-499,1784480407,2026-07-20T01:00:07,0.0005
24,480-499,1784484004,2026-07-20T02:00:04,0.0005
24,480-499,1784487605,2026-07-20T03:00:05,0.0005
24,480-499,1784491206,2026-07-20T04:00:06,0.0005
24,480-499,1784494818,2026-07-20T05:00:18,0.0005
24,480-499,1784498404,2026-07-20T06:00:04,0.0005
24,480-499,1784502004,2026-07-20T07:00:04,0.0005
24,480-499,1784505618,2026-07-20T08:00:18,0.0005
24,480-499,1784509206,2026-07-20T09:00:06,0.0005
24,480-499,1784512805,2026-07-20T10:00:05,0.0005
24,480-499,1784516404,2026-07-20T11:00:04,0.0005
24,480-499,1784520004,2026-07-20T12:00:04,0.0005
24,480-499,1784523617,2026-07-20T13:00:17,0.0005
24,480-499,1784527206,2026-07-20T14:00:06,0.0005
24,480-499,1784530804,2026-07-20T15:00:04,0.0005
24,480-499,1784534404,2026-07-20T16:00:04,0.0005
24,480-499,1784538004,2026-07-20T17:00:04,0.0005
24,480-499,1784541604,2026-07-20T18:00:04,0.0005
24,480-499,1784545207,2026-07-20T19:00:07,0.0005
24,480-499,1784548804,2026-07-20T20:00:04,0.0005
24,480-499,1784552408,2026-07-20T21:00:08,0.0005
24,480-499,1784556004,2026-07-20T22:00:04,0.0005
24,480-499,1784559608,2026-07-20T23:00:08,0.0005
24,480-499,1784563207,2026-07-21T00:00:07,0.0005
24,480-499,1784566812,2026-07-21T01:00:12,0.0005
24,480-499,1784570404,2026-07-21T02:00:04,0.0005
24,480-499,1784574005,2026-07-21T03:00:05,0.0005
24,480-499,1784577618,2026-07-21T04:00:18,0.0005
24,480-499,1784581207,2026-07-21T05:00:07,0.0005
24,480-499,1784584804,2026-07-21T06:00:04,0.0005
24,480-499,1784588404,2026-07-21T07:00:04,0.0005
24,480-499,1784592006,2026-07-21T08:00:06,0.0005
24,480-499,1784595608,2026-07-21T09:00:08,0.0005
24,480-499,1784599206,2026-07-21T10:00:06,0.0005
24,480-499,1784602806,2026-07-21T11:00:06,0.0005
24,480-499,1784606421,2026-07-21T12:00:21,0.0005
24,480-499,1784610004,2026-07-21T13:00:04,0.0005
24,480-499,1784613606,2026-07-21T14:00:06,0.0005
24,480-499,1784617205,2026-07-21T15:00:05,0.0005
24,480-499,1784620804,2026-07-21T16:00:04,0.0005
24,480-499,1784624406,2026-07-21T17:00:06,0.0005
24,480-499,1784628005,2026-07-21T18:00:05,0.0005
24,480-499,1784631604,2026-07-21T19:00:04,0.0005
24,480-499,1784635206,2026-07-21T20:00:06,0.0005
24,480-499,1784638805,2026-07-21T21:00:05,0.0005
24,480-499,1784642404,2026-07-21T22:00:04,0.0005
24,480-499,1784646017,2026-07-21T23:00:17,0.0005
24,480-499,1784649605,2026-07-22T00:00:05,0.0005
24,480-499,1784653204,2026-07-22T01:00:04,0.0005
24,480-499,1784656808,2026-07-22T02:00:08,0.0005
24,480-499,1784660404,2026-07-22T03:00:04,0.0005
24,480-499,1784664005,2026-07-22T04:00:05,0.0005
24,480-499,1784667604,2026-07-22T05:00:04,0.0005
24,480-499,1784671204,2026-07-22T06:00:04,0.0005
24,480-499,1784674817,2026-07-22T07:00:17,0.0005
24,480-499,1784678405,2026-07-22T08:00:05,0.0005
24,480-499,1784682006,2026-07-22T09:00:06,0.0005
24,480-499,1784685606,2026-07-22T10:00:06,0.0005
24,480-499,1784689206,2026-07-22T11:00:06,0.0005
24,480-499,1784692804,2026-07-22T12:00:04,0.0005
24,480-499,1784696404,2026-07-22T13:00:04,0.0005
24,480-499,1784700020,2026-07-22T14:00:20,0.0005
24,480-499,1784703604,2026-07-22T15:00:04,0.0005
24,480-499,1784707204,2026-07-22T16:00:04,0.0005
24,480-499,1784710805,2026-07-22T17:00:05,0.0005
24,480-499,1784714405,2026-07-22T18:00:05,0.0005
24,480-499,1784718005,2026-07-22T19:00:05,0.0005
24,480-499,1784721604,2026-07-22T20:00:04,0.0005
24,480-499,1784725205,2026-07-22T21:00:05,0.0005
24,480-499,1784728804,2026-07-22T22:00:04,0.0005
24,480-499,1784732406,2026-07-22T23:00:06,0.0005
24,480-499,1784736005,2026-07-23T00:00:05,0.0005
24,480-499,1784739606,2026-07-23T01:00:06,0.0005
24,480-499,1784743205,2026-07-23T02:00:05,0.0005
24,480-499,1784746804,2026-07-23T03:00:04,0.0005
24,480-499,1784750407,2026-07-23T04:00:07,0.0005
24,480-499,1784754006,2026-07-23T05:00:06,0.0005
24,480-499,1784757606,2026-07-23T06:00:06,0.0005
24,480-499,1784761206,2026-07-23T07:00:06,0.0005
24,480-499,1784764807,2026-07-23T08:00:07,0.0005
24,480-499,1784768420,2026-07-23T09:00:20,0.0005
24,480-499,1784772006,2026-07-23T10:00:06,0.0005
24,480-499,1784775606,2026-07-23T11:00:06,0.0005
24,480-499,1784779208,2026-07-23T12:00:08,0.0005
24,480-499,1784782807,2026-07-23T13:00:07,0.0005
24,480-499,1784786407,2026-07-23T14:00:07,0.0005
24,480-499,1784790007,2026-07-23T15:00:07,0.0005
24,480-499,1784793605,2026-07-23T16:00:05,0.0005
24,480-499,1784797204,2026-07-23T17:00:04,0.0005
24,480-499,1784800804,2026-07-23T18:00:04,0.0005
24,480-499,1784804404,2026-07-23T19:00:04,0.0005
24,480-499,1784808008,2026-07-23T20:00:08,0.0005
24,480-499,1784811605,2026-07-23T21:00:05,0.0005
24,480-499,1784815205,2026-07-23T22:00:05,0.0005
24,480-499,1784818806,2026-07-23T23:00:06,0.0005
24,480-499,1784822406,2026-07-24T00:00:06,0.0005
24,480-499,1784826005,2026-07-24T01:00:05,0.0005
24,480-499,1784829605,2026-07-24T02:00:05,0.0005
24,480-499,1784833207,2026-07-24T03:00:07,0.0005
24,480-499,1784836808,2026-07-24T04:00:08,0.0005
24,480-499,1784840406,2026-07-24T05:00:06,0.0005
24,480-499,1784844008,2026-07-24T06:00:08,0.0005
24,480-499,1784847607,2026-07-24T07:00:07,0.0005
24,480-499,1784851205,2026-07-24T08:00:05,0.0005
24,480-499,1784854805,2026-07-24T09:00:05,0.0005
24,480-499,1784858407,2026-07-24T10:00:07,0.0005
24,480-499,1784862006,2026-07-24T11:00:06,0.0005
24,480-499,1784865605,2026-07-24T12:00:05,0.0005
24,480-499,1784869204,2026-07-24T13:00:04,0.0005
24,480-499,1784872804,2026-07-24T14:00:04,0.0005
24,480-499,1784876404,2026-07-24T15:00:04,0.0005
24,480-499,1784880005,2026-07-24T16:00:05,0.0005
24,480-499,1784883606,2026-07-24T17:00:06,0.0005
24,480-499,1784887206,2026-07-24T18:00:06,0.0005
24,480-499,1784890805,2026-07-24T19:00:05,0.0005
24,480-499,1784894405,2026-07-24T20:00:05,0.0005
24,480-499,1784898008,2026-07-24T21:00:08,0.0005
24,480-499,1784901607,2026-07-24T22:00:07,0.0005
24,480-499,1784905205,2026-07-24T23:00:05,0.0005
24,480-499,1784908807,2026-07-25T00:00:07,0.0005
24,480-499,1784912406,2026-07-25T01:00:06,0.0005
24,480-499,1784916007,2026-07-25T02:00:07,0.0005
25,500+,1784005205,2026-07-14T13:00:05,0.003
25,500+,1784008806,2026-07-14T14:00:06,0.0005
25,500+,1784012408,2026-07-14T15:00:08,0.0005
25,500+,1784016005,2026-07-14T16:00:05,0.0005
25,500+,1784019605,2026-07-14T17:00:05,0.0005
25,500+,1784023206,2026-07-14T18:00:06,0.0005
25,500+,1784026805,2026-07-14T19:00:05,0.0005
25,500+,1784030411,2026-07-14T20:00:11,0.0005
25,500+,1784034008,2026-07-14T21:00:08,0.0005
25,500+,1784037612,2026-07-14T22:00:12,0.0005
25,500+,1784041208,2026-07-14T23:00:08,0.0005
25,500+,1784044812,2026-07-15T00:00:12,0.0005
25,500+,1784048414,2026-07-15T01:00:14,0.0005
25,500+,1784052015,2026-07-15T02:00:15,0.0005
25,500+,1784055607,2026-07-15T03:00:07,0.0005
25,500+,1784059206,2026-07-15T04:00:06,0.0005
25,500+,1784062806,2026-07-15T05:00:06,0.0005
25,500+,1784066405,2026-07-15T06:00:05,0.0005
25,500+,1784070006,2026-07-15T07:00:06,0.0005
25,500+,1784073609,2026-07-15T08:00:09,0.0005
25,500+,1784077207,2026-07-15T09:00:07,0.0005
25,500+,1784080809,2026-07-15T10:00:09,0.0005
25,500+,1784084407,2026-07-15T11:00:07,0.0005
25,500+,1784088005,2026-07-15T12:00:05,0.0005
25,500+,1784091620,2026-07-15T13:00:20,0.0005
25,500+,1784095208,2026-07-15T14:00:08,0.0005
25,500+,1784098820,2026-07-15T15:00:20,0.0005
25,500+,1784102421,2026-07-15T16:00:21,0.0005
25,500+,1784106007,2026-07-15T17:00:07,0.0005
25,500+,1784109605,2026-07-15T18:00:05,0.0005
25,500+,1784113208,2026-07-15T19:00:08,0.0005
25,500+,1784116821,2026-07-15T20:00:21,0.0005
25,500+,1784120406,2026-07-15T21:00:06,0.0005
25,500+,1784124006,2026-07-15T22:00:06,0.0005
25,500+,1784127610,2026-07-15T23:00:10,0.0005
25,500+,1784131206,2026-07-16T00:00:06,0.0005
25,500+,1784134807,2026-07-16T01:00:07,0.0005
25,500+,1784138410,2026-07-16T02:00:10,0.0005
25,500+,1784142009,2026-07-16T03:00:09,0.001
25,500+,1784145606,2026-07-16T04:00:06,0.001
25,500+,1784149207,2026-07-16T05:00:07,0.001
25,500+,1784152805,2026-07-16T06:00:05,0.001
25,500+,1784156406,2026-07-16T07:00:06,0.001
25,500+,1784160011,2026-07-16T08:00:11,0.001
25,500+,1784163605,2026-07-16T09:00:05,0.001
25,500+,1784167205,2026-07-16T10:00:05,0.001
25,500+,1784170809,2026-07-16T11:00:09,0.001
25,500+,1784174406,2026-07-16T12:00:06,0.001
25,500+,1784178005,2026-07-16T13:00:05,0.001
25,500+,1784181608,2026-07-16T14:00:08,0.001
25,500+,1784185207,2026-07-16T15:00:07,0.001
25,500+,1784188804,2026-07-16T16:00:04,0.001
25,500+,1784192410,2026-07-16T17:00:10,0.001
25,500+,1784196007,2026-07-16T18:00:07,0.001
25,500+,1784199606,2026-07-16T19:00:06,0.001
25,500+,1784203207,2026-07-16T20:00:07,0.001
25,500+,1784206807,2026-07-16T21:00:07,0.001
25,500+,1784210405,2026-07-16T22:00:05,0.001
25,500+,1784214008,2026-07-16T23:00:08,0.001
25,500+,1784217605,2026-07-17T00:00:05,0.001
25,500+,1784221206,2026-07-17T01:00:06,0.001
25,500+,1784224821,2026-07-17T02:00:21,0.001
25,500+,1784228406,2026-07-17T03:00:06,0.0025
25,500+,1784232007,2026-07-17T04:00:07,0.0025
25,500+,1784235607,2026-07-17T05:00:07,0.0025
25,500+,1784239206,2026-07-17T06:00:06,0.0025
25,500+,1784242808,2026-07-17T07:00:08,0.0025
25,500+,1784246410,2026-07-17T08:00:10,0.0025
25,500+,1784250005,2026-07-17T09:00:05,0.0025
25,500+,1784253606,2026-07-17T10:00:06,0.0025
25,500+,1784257207,2026-07-17T11:00:07,0.0025
25,500+,1784260806,2026-07-17T12:00:06,0.0005
25,500+,1784264407,2026-07-17T13:00:07,0.0005
25,500+,1784268008,2026-07-17T14:00:08,0.0005
25,500+,1784271604,2026-07-17T15:00:04,0.0005
25,500+,1784275205,2026-07-17T16:00:05,0.0005
25,500+,1784278806,2026-07-17T17:00:06,0.0005
25,500+,1784282408,2026-07-17T18:00:08,0.0005
25,500+,1784286005,2026-07-17T19:00:05,0.0005
25,500+,1784289609,2026-07-17T20:00:09,0.0005
25,500+,1784293205,2026-07-17T21:00:05,0.0005
25,500+,1784296806,2026-07-17T22:00:06,0.0005
25,500+,1784300407,2026-07-17T23:00:07,0.0005
25,500+,1784304022,2026-07-18T00:00:22,0.2955
25,500+,1784307608,2026-07-18T01:00:08,0.0005
25,500+,1784311224,2026-07-18T02:00:24,0.0005
25,500+,1784314806,2026-07-18T03:00:06,0.0005
25,500+,1784318405,2026-07-18T04:00:05,0.0005
25,500+,1784322006,2026-07-18T05:00:06,0.0005
25,500+,1784325606,2026-07-18T06:00:06,0.0005
25,500+,1784329208,2026-07-18T07:00:08,0.0005
25,500+,1784332807,2026-07-18T08:00:07,0.0005
25,500+,1784336406,2026-07-18T09:00:06,0.0005
25,500+,1784340006,2026-07-18T10:00:06,0.0005
25,500+,1784343607,2026-07-18T11:00:07,0.0005
25,500+,1784347205,2026-07-18T12:00:05,0.0005
25,500+,1784350806,2026-07-18T13:00:06,0.0005
25,500+,1784354406,2026-07-18T14:00:06,0.0005
25,500+,1784358006,2026-07-18T15:00:06,0.0005
25,500+,1784361605,2026-07-18T16:00:05,0.0005
25,500+,1784365209,2026-07-18T17:00:09,0.0005
25,500+,1784368805,2026-07-18T18:00:05,0.0005
25,500+,1784372406,2026-07-18T19:00:06,0.0005
25,500+,1784376019,2026-07-18T20:00:19,0.0005
25,500+,1784379606,2026-07-18T21:00:06,0.0005
25,500+,1784383207,2026-07-18T22:00:07,0.0005
25,500+,1784386807,2026-07-18T23:00:07,0.0005
25,500+,1784390406,2026-07-19T00:00:06,0.0005
25,500+,1784394007,2026-07-19T01:00:07,0.0005
25,500+,1784397608,2026-07-19T02:00:08,0.0005
25,500+,1784401205,2026-07-19T03:00:05,0.0005
25,500+,1784404807,2026-07-19T04:00:07,0.0005
25,500+,1784408408,2026-07-19T05:00:08,0.0005
25,500+,1784412005,2026-07-19T06:00:05,0.0005
25,500+,1784415608,2026-07-19T07:00:08,0.0005
25,500+,1784419208,2026-07-19T08:00:08,0.0005
25,500+,1784422806,2026-07-19T09:00:06,0.0005
25,500+,1784426406,2026-07-19T10:00:06,0.0005
25,500+,1784430006,2026-07-19T11:00:06,0.0005
25,500+,1784433605,2026-07-19T12:00:05,0.0005
25,500+,1784437207,2026-07-19T13:00:07,0.0005
25,500+,1784440809,2026-07-19T14:00:09,0.0005
25,500+,1784444405,2026-07-19T15:00:05,0.0005
25,500+,1784448006,2026-07-19T16:00:06,0.0005
25,500+,1784451607,2026-07-19T17:00:07,0.0005
25,500+,1784455205,2026-07-19T18:00:05,0.0005
25,500+,1784458806,2026-07-19T19:00:06,0.0005
25,500+,1784462408,2026-07-19T20:00:08,0.0005
25,500+,1784466008,2026-07-19T21:00:08,0.0005
25,500+,1784469607,2026-07-19T22:00:07,0.0005
25,500+,1784473207,2026-07-19T23:00:07,0.0005
25,500+,1784476821,2026-07-20T00:00:21,0.0005
25,500+,1784480410,2026-07-20T01:00:10,0.0005
25,500+,1784484007,2026-07-20T02:00:07,0.0005
25,500+,1784487607,2026-07-20T03:00:07,0.0005
25,500+,1784491208,2026-07-20T04:00:08,0.0005
25,500+,1784494821,2026-07-20T05:00:21,0.0005
25,500+,1784498407,2026-07-20T06:00:07,0.0005
25,500+,1784502006,2026-07-20T07:00:06,0.0005
25,500+,1784505622,2026-07-20T08:00:22,0.0005
25,500+,1784509207,2026-07-20T09:00:07,0.0005
25,500+,1784512806,2026-07-20T10:00:06,0.0005
25,500+,1784516407,2026-07-20T11:00:07,0.0005
25,500+,1784520005,2026-07-20T12:00:05,0.0005
25,500+,1784523619,2026-07-20T13:00:19,0.0005
25,500+,1784527209,2026-07-20T14:00:09,0.0005
25,500+,1784530806,2026-07-20T15:00:06,0.0005
25,500+,1784534405,2026-07-20T16:00:05,0.0005
25,500+,1784538008,2026-07-20T17:00:08,0.0005
25,500+,1784541605,2026-07-20T18:00:05,0.0005
25,500+,1784545208,2026-07-20T19:00:08,0.0005
25,500+,1784548807,2026-07-20T20:00:07,0.0005
25,500+,1784552409,2026-07-20T21:00:09,0.0005
25,500+,1784556005,2026-07-20T22:00:05,0.0005
25,500+,1784559611,2026-07-20T23:00:11,0.0005
25,500+,1784563208,2026-07-21T00:00:08,0.0005
25,500+,1784566815,2026-07-21T01:00:15,0.0005
25,500+,1784570408,2026-07-21T02:00:08,0.0005
25,500+,1784574006,2026-07-21T03:00:06,0.0005
25,500+,1784577621,2026-07-21T04:00:21,0.0005
25,500+,1784581210,2026-07-21T05:00:10,0.0005
25,500+,1784584805,2026-07-21T06:00:05,0.0005
25,500+,1784588405,2026-07-21T07:00:05,0.0005
25,500+,1784592009,2026-07-21T08:00:09,0.0005
25,500+,1784595609,2026-07-21T09:00:09,0.0005
25,500+,1784599208,2026-07-21T10:00:08,0.0005
25,500+,1784602809,2026-07-21T11:00:09,0.0005
25,500+,1784606421,2026-07-21T12:00:21,0.0005
25,500+,1784610006,2026-07-21T13:00:06,0.0005
25,500+,1784613611,2026-07-21T14:00:11,0.0005
25,500+,1784617211,2026-07-21T15:00:11,0.0005
25,500+,1784620808,2026-07-21T16:00:08,0.0005
25,500+,1784624410,2026-07-21T17:00:10,0.0005
25,500+,1784628008,2026-07-21T18:00:08,0.0005
25,500+,1784631608,2026-07-21T19:00:08,0.0005
25,500+,1784635212,2026-07-21T20:00:12,0.0005
25,500+,1784638809,2026-07-21T21:00:09,0.0005
25,500+,1784642407,2026-07-21T22:00:07,0.0005
25,500+,1784646023,2026-07-21T23:00:23,0.0005
25,500+,1784649610,2026-07-22T00:00:10,0.0005
25,500+,1784653207,2026-07-22T01:00:07,0.0005
25,500+,1784656820,2026-07-22T02:00:20,0.0005
25,500+,1784660405,2026-07-22T03:00:05,0.0005
25,500+,1784664006,2026-07-22T04:00:06,0.0005
25,500+,1784667617,2026-07-22T05:00:17,0.0005
25,500+,1784671207,2026-07-22T06:00:07,0.0005
25,500+,1784674820,2026-07-22T07:00:20,0.0005
25,500+,1784678409,2026-07-22T08:00:09,0.0005
25,500+,1784682006,2026-07-22T09:00:06,0.0005
25,500+,1784685607,2026-07-22T10:00:07,0.0005
25,500+,1784689209,2026-07-22T11:00:09,0.0005
25,500+,1784692807,2026-07-22T12:00:07,0.0005
25,500+,1784696406,2026-07-22T13:00:06,0.0005
25,500+,1784700024,2026-07-22T14:00:24,0.0005
25,500+,1784703607,2026-07-22T15:00:07,0.0005
25,500+,1784707205,2026-07-22T16:00:05,0.0005
25,500+,1784710809,2026-07-22T17:00:09,0.0005
25,500+,1784714406,2026-07-22T18:00:06,0.0005
25,500+,1784718006,2026-07-22T19:00:06,0.0005
25,500+,1784721609,2026-07-22T20:00:09,0.0005
25,500+,1784725207,2026-07-22T21:00:07,0.0005
25,500+,1784728805,2026-07-22T22:00:05,0.0005
25,500+,1784732410,2026-07-22T23:00:10,0.0005
25,500+,1784736006,2026-07-23T00:00:06,0.0005
25,500+,1784739610,2026-07-23T01:00:10,0.0005
25,500+,1784743209,2026-07-23T02:00:09,0.0005
25,500+,1784746806,2026-07-23T03:00:06,0.0005
25,500+,1784750408,2026-07-23T04:00:08,0.0005
25,500+,1784754010,2026-07-23T05:00:10,0.0005
25,500+,1784757611,2026-07-23T06:00:11,0.0005
25,500+,1784761208,2026-07-23T07:00:08,0.0005
25,500+,1784764816,2026-07-23T08:00:16,0.0005
25,500+,1784768421,2026-07-23T09:00:21,0.0005
25,500+,1784772008,2026-07-23T10:00:08,0.0005
25,500+,1784775611,2026-07-23T11:00:11,0.0005
25,500+,1784779210,2026-07-23T12:00:10,0.0005
25,500+,1784782818,2026-07-23T13:00:18,0.0005
25,500+,1784786419,2026-07-23T14:00:19,0.0005
25,500+,1784790012,2026-07-23T15:00:12,0.0005
25,500+,1784793606,2026-07-23T16:00:06,0.0005
25,500+,1784797214,2026-07-23T17:00:14,0.0005
25,500+,1784800813,2026-07-23T18:00:13,0.0005
25,500+,1784804408,2026-07-23T19:00:08,0.0005
25,500+,1784808020,2026-07-23T20:00:20,0.0005
25,500+,1784811610,2026-07-23T21:00:10,0.0005
25,500+,1784815209,2026-07-23T22:00:09,0.0005
25,500+,1784818816,2026-07-23T23:00:16,0.0005
25,500+,1784822410,2026-07-24T00:00:10,0.0005
25,500+,1784826017,2026-07-24T01:00:17,0.0005
25,500+,1784829615,2026-07-24T02:00:15,0.0005
25,500+,1784833212,2026-07-24T03:00:12,0.0005
25,500+,1784836813,2026-07-24T04:00:13,0.0005
25,500+,1784840416,2026-07-24T05:00:16,0.0005
25,500+,1784844012,2026-07-24T06:00:12,0.0005
25,500+,1784847610,2026-07-24T07:00:10,0.0005
25,500+,1784851215,2026-07-24T08:00:15,0.0005
25,500+,1784854808,2026-07-24T09:00:08,0.0005
25,500+,1784858410,2026-07-24T10:00:10,0.0005
25,500+,1784862017,2026-07-24T11:00:17,0.0005
25,500+,1784865610,2026-07-24T12:00:10,0.0005
25,500+,1784869218,2026-07-24T13:00:18,0.0005
25,500+,1784872814,2026-07-24T14:00:14,0.0005
25,500+,1784876408,2026-07-24T15:00:08,0.0005
25,500+,1784880010,2026-07-24T16:00:10,0.0005
25,500+,1784883616,2026-07-24T17:00:16,0.0005
25,500+,1784887211,2026-07-24T18:00:11,0.0005
25,500+,1784890810,2026-07-24T19:00:10,0.0005
25,500+,1784894419,2026-07-24T20:00:19,0.0005
25,500+,1784898013,2026-07-24T21:00:13,0.0005
25,500+,1784901612,2026-07-24T22:00:12,0.0005
25,500+,1784905221,2026-07-24T23:00:21,0.0005
25,500+,1784908813,2026-07-25T00:00:13,0.0005
25,500+,1784912412,2026-07-25T01:00:12,0.0005
25,500+,1784916014,2026-07-25T02:00:14,0.0005
