bin_index,outcome,timestamp,datetime,price
0,<20,1773093625,2026-03-10T06:00:25,0.0045
0,<20,1773097227,2026-03-10T07:00:27,0.0015
0,<20,1773100838,2026-03-10T08:00:38,0.0015
0,<20,1773104425,2026-03-10T09:00:25,0.005
0,<20,1773108026,2026-03-10T10:00:26,0.0015
0,<20,1773111630,2026-03-10T11:00:30,0.0015
0,<20,1773115231,2026-03-10T12:00:31,0.0015
0,<20,1773118827,2026-03-10T13:00:27,0.0015
0,<20,1773122432,2026-03-10T14:00:32,0.0015
0,<20,1773126029,2026-03-10T15:00:29,0.0015
0,<20,1773129626,2026-03-10T16:00:26,0.0015
0,<20,1773133243,2026-03-10T17:00:43,0.0005
0,<20,1773136840,2026-03-10T18:00:40,0.0005
0,<20,1773140427,2026-03-10T19:00:27,0.0005
0,<20,1773144043,2026-03-10T20:00:43,0.0005
0,<20,1773147632,2026-03-10T21:00:32,0.0005
0,<20,1773151231,2026-03-10T22:00:31,0.0005
0,<20,1773154843,2026-03-10T23:00:43,0.0005
0,<20,1773158435,2026-03-11T00:00:35,0.0005
0,<20,1773162028,2026-03-11T01:00:28,0.0005
0,<20,1773165639,2026-03-11T02:00:39,0.0005
0,<20,1773169230,2026-03-11T03:00:30,0.0005
0,<20,1773172832,2026-03-11T04:00:32,0.0005
0,<20,1773176440,2026-03-11T05:00:40,0.0005
0,<20,1773180030,2026-03-11T06:00:30,0.0005
0,<20,1773183630,2026-03-11T07:00:30,0.0005
0,<20,1773187242,2026-03-11T08:00:42,0.0005
0,<20,1773190831,2026-03-11T09:00:31,0.0005
0,<20,1773194431,2026-03-11T10:00:31,0.0005
0,<20,1773198041,2026-03-11T11:00:41,0.0005
0,<20,1773201631,2026-03-11T12:00:31,0.0005
0,<20,1773205230,2026-03-11T13:00:30,0.0005
0,<20,1773208840,2026-03-11T14:00:40,0.0005
0,<20,1773212431,2026-03-11T15:00:31,0.0005
0,<20,1773216031,2026-03-11T16:00:31,0.0005
0,<20,1773219636,2026-03-11T17:00:36,0.0005
0,<20,1773223235,2026-03-11T18:00:35,0.0005
0,<20,1773226832,2026-03-11T19:00:32,0.0005
0,<20,1773230453,2026-03-11T20:00:53,0.0005
0,<20,1773234030,2026-03-11T21:00:30,0.0005
0,<20,1773237631,2026-03-11T22:00:31,0.0005
0,<20,1773241252,2026-03-11T23:00:52,0.0005
0,<20,1773244832,2026-03-12T00:00:32,0.0005
0,<20,1773248448,2026-03-12T01:00:48,0.0005
0,<20,1773252038,2026-03-12T02:00:38,0.0005
0,<20,1773255632,2026-03-12T03:00:32,0.0005
0,<20,1773259234,2026-03-12T04:00:34,0.0005
0,<20,1773262843,2026-03-12T05:00:43,0.0005
0,<20,1773266433,2026-03-12T06:00:33,0.0005
0,<20,1773270030,2026-03-12T07:00:30,0.0005
0,<20,1773273643,2026-03-12T08:00:43,0.0005
0,<20,1773277231,2026-03-12T09:00:31,0.0005
0,<20,1773280830,2026-03-12T10:00:30,0.0005
0,<20,1773284441,2026-03-12T11:00:41,0.0005
0,<20,1773288031,2026-03-12T12:00:31,0.0005
0,<20,1773291633,2026-03-12T13:00:33,0.0005
0,<20,1773295242,2026-03-12T14:00:42,0.0005
0,<20,1773298832,2026-03-12T15:00:32,0.0005
0,<20,1773302433,2026-03-12T16:00:33,0.0005
0,<20,1773306038,2026-03-12T17:00:38,0.0005
0,<20,1773309656,2026-03-12T18:00:56,0.0005
0,<20,1773313230,2026-03-12T19:00:30,0.0005
0,<20,1773316853,2026-03-12T20:00:53,0.0005
0,<20,1773320445,2026-03-12T21:00:45,0.0005
0,<20,1773324035,2026-03-12T22:00:35,0.0005
0,<20,1773327642,2026-03-12T23:00:42,0.0005
0,<20,1773331233,2026-03-13T00:00:33,0.0005
0,<20,1773338448,2026-03-13T02:00:48,0.0005
0,<20,1773342029,2026-03-13T03:00:29,0.0005
0,<20,1773345634,2026-03-13T04:00:34,0.0005
0,<20,1773349242,2026-03-13T05:00:42,0.0005
0,<20,1773352832,2026-03-13T06:00:32,0.0005
0,<20,1773356435,2026-03-13T07:00:35,0.0005
0,<20,1773360059,2026-03-13T08:00:59,0.0005
0,<20,1773363633,2026-03-13T09:00:33,0.0005
0,<20,1773367233,2026-03-13T10:00:33,0.0005
0,<20,1773370840,2026-03-13T11:00:40,0.0005
0,<20,1773374433,2026-03-13T12:00:33,0.0005
0,<20,1773378029,2026-03-13T13:00:29,0.0005
0,<20,1773381642,2026-03-13T14:00:42,0.0005
0,<20,1773385239,2026-03-13T15:00:39,0.0005
0,<20,1773388829,2026-03-13T16:00:29,0.0005
0,<20,1773392442,2026-03-13T17:00:42,0.0005
0,<20,1773396031,2026-03-13T18:00:31,0.0005
0,<20,1773399630,2026-03-13T19:00:30,0.0005
0,<20,1773403236,2026-03-13T20:00:36,0.0005
0,<20,1773406829,2026-03-13T21:00:29,0.0005
0,<20,1773410432,2026-03-13T22:00:32,0.0005
0,<20,1773414038,2026-03-13T23:00:38,0.0005
0,<20,1773417639,2026-03-14T00:00:39,0.0005
0,<20,1773421227,2026-03-14T01:00:27,0.0005
0,<20,1773424835,2026-03-14T02:00:35,0.0005
0,<20,1773428432,2026-03-14T03:00:32,0.0005
0,<20,1773432027,2026-03-14T04:00:27,0.0005
0,<20,1773435642,2026-03-14T05:00:42,0.0005
0,<20,1773439230,2026-03-14T06:00:30,0.0005
0,<20,1773442825,2026-03-14T07:00:25,0.0005
0,<20,1773446436,2026-03-14T08:00:36,0.0005
0,<20,1773450027,2026-03-14T09:00:27,0.0005
1,20-39,1773093626,2026-03-10T06:00:26,0.004
1,20-39,1773097228,2026-03-10T07:00:28,0.0015
1,20-39,1773100840,2026-03-10T08:00:40,0.0015
1,20-39,1773104426,2026-03-10T09:00:26,0.0015
1,20-39,1773108027,2026-03-10T10:00:27,0.0015
1,20-39,1773111631,2026-03-10T11:00:31,0.0015
1,20-39,1773115232,2026-03-10T12:00:32,0.0015
1,20-39,1773118828,2026-03-10T13:00:28,0.0015
1,20-39,1773122433,2026-03-10T14:00:33,0.0015
1,20-39,1773126030,2026-03-10T15:00:30,0.0015
1,20-39,1773129627,2026-03-10T16:00:27,0.0015
1,20-39,1773133246,2026-03-10T17:00:46,0.0015
1,20-39,1773136842,2026-03-10T18:00:42,0.0015
1,20-39,1773140428,2026-03-10T19:00:28,0.0005
1,20-39,1773144043,2026-03-10T20:00:43,0.0005
1,20-39,1773147633,2026-03-10T21:00:33,0.0005
1,20-39,1773151232,2026-03-10T22:00:32,0.0005
1,20-39,1773154844,2026-03-10T23:00:44,0.0005
1,20-39,1773158436,2026-03-11T00:00:36,0.0005
1,20-39,1773162028,2026-03-11T01:00:28,0.0005
1,20-39,1773165641,2026-03-11T02:00:41,0.0015
1,20-39,1773169231,2026-03-11T03:00:31,0.0015
1,20-39,1773172832,2026-03-11T04:00:32,0.0005
1,20-39,1773176441,2026-03-11T05:00:41,0.0005
1,20-39,1773180031,2026-03-11T06:00:31,0.0005
1,20-39,1773183631,2026-03-11T07:00:31,0.0005
1,20-39,1773187244,2026-03-11T08:00:44,0.0005
1,20-39,1773190832,2026-03-11T09:00:32,0.0005
1,20-39,1773194432,2026-03-11T10:00:32,0.0005
1,20-39,1773198042,2026-03-11T11:00:42,0.0005
1,20-39,1773201632,2026-03-11T12:00:32,0.0005
1,20-39,1773205231,2026-03-11T13:00:31,0.0005
1,20-39,1773208842,2026-03-11T14:00:42,0.0005
1,20-39,1773212432,2026-03-11T15:00:32,0.0005
1,20-39,1773216032,2026-03-11T16:00:32,0.0005
1,20-39,1773219638,2026-03-11T17:00:38,0.0005
1,20-39,1773223237,2026-03-11T18:00:37,0.0005
1,20-39,1773226833,2026-03-11T19:00:33,0.0005
1,20-39,1773230455,2026-03-11T20:00:55,0.0005
1,20-39,1773234031,2026-03-11T21:00:31,0.0005
1,20-39,1773237632,2026-03-11T22:00:32,0.0005
1,20-39,1773241255,2026-03-11T23:00:55,0.0005
1,20-39,1773244833,2026-03-12T00:00:33,0.0005
1,20-39,1773248450,2026-03-12T01:00:50,0.0005
1,20-39,1773252040,2026-03-12T02:00:40,0.0005
1,20-39,1773255633,2026-03-12T03:00:33,0.0005
1,20-39,1773259235,2026-03-12T04:00:35,0.0005
1,20-39,1773262844,2026-03-12T05:00:44,0.0005
1,20-39,1773266434,2026-03-12T06:00:34,0.0005
1,20-39,1773270031,2026-03-12T07:00:31,0.0005
1,20-39,1773273644,2026-03-12T08:00:44,0.0005
1,20-39,1773277231,2026-03-12T09:00:31,0.0005
1,20-39,1773280831,2026-03-12T10:00:31,0.0005
1,20-39,1773284443,2026-03-12T11:00:43,0.0005
1,20-39,1773288031,2026-03-12T12:00:31,0.0005
1,20-39,1773291635,2026-03-12T13:00:35,0.0005
1,20-39,1773295244,2026-03-12T14:00:44,0.0005
1,20-39,1773298833,2026-03-12T15:00:33,0.0005
1,20-39,1773302434,2026-03-12T16:00:34,0.0005
1,20-39,1773306039,2026-03-12T17:00:39,0.0005
1,20-39,1773309657,2026-03-12T18:00:57,0.0005
1,20-39,1773313231,2026-03-12T19:00:31,0.0005
1,20-39,1773316857,2026-03-12T20:00:57,0.0005
1,20-39,1773320447,2026-03-12T21:00:47,0.0005
1,20-39,1773324036,2026-03-12T22:00:36,0.0005
1,20-39,1773327644,2026-03-12T23:00:44,0.0005
1,20-39,1773331234,2026-03-13T00:00:34,0.0005
1,20-39,1773338451,2026-03-13T02:00:51,0.0005
1,20-39,1773342030,2026-03-13T03:00:30,0.0005
1,20-39,1773345635,2026-03-13T04:00:35,0.0005
1,20-39,1773349244,2026-03-13T05:00:44,0.0005
1,20-39,1773352833,2026-03-13T06:00:33,0.0005
1,20-39,1773356437,2026-03-13T07:00:37,0.0005
1,20-39,1773363634,2026-03-13T09:00:34,0.0005
1,20-39,1773367234,2026-03-13T10:00:34,0.0005
1,20-39,1773370841,2026-03-13T11:00:41,0.0005
1,20-39,1773374434,2026-03-13T12:00:34,0.0005
1,20-39,1773378030,2026-03-13T13:00:30,0.0005
1,20-39,1773381643,2026-03-13T14:00:43,0.0005
1,20-39,1773385240,2026-03-13T15:00:40,0.0005
1,20-39,1773388830,2026-03-13T16:00:30,0.0005
1,20-39,1773392443,2026-03-13T17:00:43,0.0005
1,20-39,1773396032,2026-03-13T18:00:32,0.0005
1,20-39,1773399630,2026-03-13T19:00:30,0.0005
1,20-39,1773403237,2026-03-13T20:00:37,0.0015
1,20-39,1773406830,2026-03-13T21:00:30,0.0015
1,20-39,1773410432,2026-03-13T22:00:32,0.0005
1,20-39,1773414039,2026-03-13T23:00:39,0.0005
1,20-39,1773417639,2026-03-14T00:00:39,0.0005
1,20-39,1773421228,2026-03-14T01:00:28,0.0005
1,20-39,1773424836,2026-03-14T02:00:36,0.0005
1,20-39,1773428433,2026-03-14T03:00:33,0.0005
1,20-39,1773432028,2026-03-14T04:00:28,0.0005
1,20-39,1773435644,2026-03-14T05:00:44,0.0005
1,20-39,1773439231,2026-03-14T06:00:31,0.0005
1,20-39,1773442825,2026-03-14T07:00:25,0.0005
1,20-39,1773446437,2026-03-14T08:00:37,0.0005
1,20-39,1773450027,2026-03-14T09:00:27,0.0005
1,20-39,1773453626,2026-03-14T10:00:26,0.0005
1,20-39,1773457237,2026-03-14T11:00:37,0.0005
1,20-39,1773460826,2026-03-14T12:00:26,0.0005
1,20-39,1773464426,2026-03-14T13:00:26,0.0005
1,20-39,1773468036,2026-03-14T14:00:36,0.0005
1,20-39,1773471626,2026-03-14T15:00:26,0.0005
1,20-39,1773475228,2026-03-14T16:00:28,0.0005
1,20-39,1773478835,2026-03-14T17:00:35,0.0005
2,40-59,1773093633,2026-03-10T06:00:33,0.0045
2,40-59,1773097234,2026-03-10T07:00:34,0.0015
2,40-59,1773100853,2026-03-10T08:00:53,0.0015
2,40-59,1773104432,2026-03-10T09:00:32,0.0015
2,40-59,1773108034,2026-03-10T10:00:34,0.0015
2,40-59,1773111640,2026-03-10T11:00:40,0.0015
2,40-59,1773115238,2026-03-10T12:00:38,0.0015
2,40-59,1773118835,2026-03-10T13:00:35,0.0015
2,40-59,1773122446,2026-03-10T14:00:46,0.0015
2,40-59,1773126038,2026-03-10T15:00:38,0.0015
2,40-59,1773129634,2026-03-10T16:00:34,0.0015
2,40-59,1773136855,2026-03-10T18:00:55,0.0015
2,40-59,1773140434,2026-03-10T19:00:34,0.0015
2,40-59,1773144057,2026-03-10T20:00:57,0.0005
2,40-59,1773147642,2026-03-10T21:00:42,0.0005
2,40-59,1773151240,2026-03-10T22:00:40,0.0005
2,40-59,1773158443,2026-03-11T00:00:43,0.0005
2,40-59,1773162035,2026-03-11T01:00:35,0.0015
2,40-59,1773165653,2026-03-11T02:00:53,0.0015
2,40-59,1773169238,2026-03-11T03:00:38,0.0015
2,40-59,1773172839,2026-03-11T04:00:39,0.0005
2,40-59,1773176455,2026-03-11T05:00:55,0.0005
2,40-59,1773180038,2026-03-11T06:00:38,0.0005
2,40-59,1773183638,2026-03-11T07:00:38,0.0005
2,40-59,1773187258,2026-03-11T08:00:58,0.0005
2,40-59,1773190841,2026-03-11T09:00:41,0.0005
2,40-59,1773194439,2026-03-11T10:00:39,0.0005
2,40-59,1773198055,2026-03-11T11:00:55,0.0005
2,40-59,1773201639,2026-03-11T12:00:39,0.0005
2,40-59,1773205239,2026-03-11T13:00:39,0.0005
2,40-59,1773208855,2026-03-11T14:00:55,0.0005
2,40-59,1773212441,2026-03-11T15:00:41,0.0005
2,40-59,1773216040,2026-03-11T16:00:40,0.0005
2,40-59,1773219651,2026-03-11T17:00:51,0.0005
2,40-59,1773223248,2026-03-11T18:00:48,0.0005
2,40-59,1773226841,2026-03-11T19:00:41,0.0015
2,40-59,1773234038,2026-03-11T21:00:38,0.0015
2,40-59,1773237640,2026-03-11T22:00:40,0.0015
2,40-59,1773244841,2026-03-12T00:00:41,0.0015
2,40-59,1773252054,2026-03-12T02:00:54,0.0015
2,40-59,1773255640,2026-03-12T03:00:40,0.0015
2,40-59,1773259244,2026-03-12T04:00:44,0.0005
2,40-59,1773266447,2026-03-12T06:00:47,0.0015
2,40-59,1773270039,2026-03-12T07:00:39,0.0015
2,40-59,1773277238,2026-03-12T09:00:38,0.0015
2,40-59,1773280838,2026-03-12T10:00:38,0.0005
2,40-59,1773284456,2026-03-12T11:00:56,0.0005
2,40-59,1773288039,2026-03-12T12:00:39,0.0005
2,40-59,1773291647,2026-03-12T13:00:47,0.0005
2,40-59,1773295257,2026-03-12T14:00:57,0.0005
2,40-59,1773298844,2026-03-12T15:00:44,0.0005
2,40-59,1773302443,2026-03-12T16:00:43,0.0005
2,40-59,1773306052,2026-03-12T17:00:52,0.0015
2,40-59,1773313239,2026-03-12T19:00:39,0.0015
2,40-59,1773324043,2026-03-12T22:00:43,0.0005
2,40-59,1773327658,2026-03-12T23:00:58,0.0005
2,40-59,1773331241,2026-03-13T00:00:41,0.0005
2,40-59,1773342037,2026-03-13T03:00:37,0.0005
2,40-59,1773345646,2026-03-13T04:00:46,0.0005
2,40-59,1773349259,2026-03-13T05:00:59,0.0005
2,40-59,1773352840,2026-03-13T06:00:40,0.0005
2,40-59,1773356450,2026-03-13T07:00:50,0.0005
2,40-59,1773363643,2026-03-13T09:00:43,0.0005
2,40-59,1773367241,2026-03-13T10:00:41,0.0005
2,40-59,1773370856,2026-03-13T11:00:56,0.0005
2,40-59,1773374442,2026-03-13T12:00:42,0.0005
2,40-59,1773378038,2026-03-13T13:00:38,0.0005
2,40-59,1773385249,2026-03-13T15:00:49,0.0005
2,40-59,1773388839,2026-03-13T16:00:39,0.0005
2,40-59,1773392459,2026-03-13T17:00:59,0.0005
2,40-59,1773396040,2026-03-13T18:00:40,0.0005
2,40-59,1773399655,2026-03-13T19:00:55,0.0005
2,40-59,1773406850,2026-03-13T21:00:50,0.0005
2,40-59,1773410455,2026-03-13T22:00:55,0.0005
2,40-59,1773417652,2026-03-14T00:00:52,0.0005
2,40-59,1773421241,2026-03-14T01:00:41,0.0005
2,40-59,1773428456,2026-03-14T03:00:56,0.0005
2,40-59,1773432040,2026-03-14T04:00:40,0.0005
2,40-59,1773439254,2026-03-14T06:00:54,0.0005
2,40-59,1773442838,2026-03-14T07:00:38,0.0005
2,40-59,1773450039,2026-03-14T09:00:39,0.0005
2,40-59,1773453638,2026-03-14T10:00:38,0.0005
2,40-59,1773460837,2026-03-14T12:00:37,0.0005
2,40-59,1773464438,2026-03-14T13:00:38,0.0005
2,40-59,1773471639,2026-03-14T15:00:39,0.0005
2,40-59,1773475241,2026-03-14T16:00:41,0.0005
2,40-59,1773478859,2026-03-14T17:00:59,0.0005
2,40-59,1773482440,2026-03-14T18:00:40,0.0005
2,40-59,1773486041,2026-03-14T19:00:41,0.0005
2,40-59,1773496841,2026-03-14T22:00:41,0.0005
2,40-59,1773504044,2026-03-15T00:00:44,0.0005
2,40-59,1773514849,2026-03-15T03:00:49,0.0005
2,40-59,1773518439,2026-03-15T04:00:39,0.0005
2,40-59,1773525648,2026-03-15T06:00:48,0.0005
2,40-59,1773529238,2026-03-15T07:00:38,0.0005
2,40-59,1773536438,2026-03-15T09:00:38,0.0005
2,40-59,1773540042,2026-03-15T10:00:42,0.0005
2,40-59,1773547239,2026-03-15T12:00:39,0.0005
2,40-59,1773550839,2026-03-15T13:00:39,0.0005
2,40-59,1773554457,2026-03-15T14:00:57,0.0005
3,60-79,1773093620,2026-03-10T06:00:20,0.0045
3,60-79,1773097221,2026-03-10T07:00:21,0.0015
3,60-79,1773100825,2026-03-10T08:00:25,0.0015
3,60-79,1773104420,2026-03-10T09:00:20,0.0015
3,60-79,1773108020,2026-03-10T10:00:20,0.0015
3,60-79,1773111622,2026-03-10T11:00:22,0.0015
3,60-79,1773115225,2026-03-10T12:00:25,0.0015
3,60-79,1773118822,2026-03-10T13:00:22,0.0015
3,60-79,1773122423,2026-03-10T14:00:23,0.0015
3,60-79,1773126022,2026-03-10T15:00:22,0.0015
3,60-79,1773129621,2026-03-10T16:00:21,0.0015
3,60-79,1773133226,2026-03-10T17:00:26,0.0015
3,60-79,1773136829,2026-03-10T18:00:29,0.0015
3,60-79,1773140421,2026-03-10T19:00:21,0.0015
3,60-79,1773144029,2026-03-10T20:00:29,0.0015
3,60-79,1773147624,2026-03-10T21:00:24,0.0015
3,60-79,1773151224,2026-03-10T22:00:24,0.0015
3,60-79,1773154827,2026-03-10T23:00:27,0.0015
3,60-79,1773158429,2026-03-11T00:00:29,0.0015
3,60-79,1773162022,2026-03-11T01:00:22,0.0015
3,60-79,1773165627,2026-03-11T02:00:27,0.0015
3,60-79,1773169224,2026-03-11T03:00:24,0.0015
3,60-79,1773172826,2026-03-11T04:00:26,0.0015
3,60-79,1773176427,2026-03-11T05:00:27,0.0015
3,60-79,1773180024,2026-03-11T06:00:24,0.0015
3,60-79,1773183624,2026-03-11T07:00:24,0.0015
3,60-79,1773187228,2026-03-11T08:00:28,0.0015
3,60-79,1773190824,2026-03-11T09:00:24,0.0015
3,60-79,1773194425,2026-03-11T10:00:25,0.0015
3,60-79,1773198028,2026-03-11T11:00:28,0.0015
3,60-79,1773201624,2026-03-11T12:00:24,0.0015
3,60-79,1773205224,2026-03-11T13:00:24,0.0005
3,60-79,1773208827,2026-03-11T14:00:27,0.0005
3,60-79,1773212424,2026-03-11T15:00:24,0.0005
3,60-79,1773216024,2026-03-11T16:00:24,0.0005
3,60-79,1773219624,2026-03-11T17:00:24,0.0005
3,60-79,1773223226,2026-03-11T18:00:26,0.0015
3,60-79,1773226826,2026-03-11T19:00:26,0.0015
3,60-79,1773230439,2026-03-11T20:00:39,0.0015
3,60-79,1773234024,2026-03-11T21:00:24,0.0015
3,60-79,1773237625,2026-03-11T22:00:25,0.0015
3,60-79,1773241231,2026-03-11T23:00:31,0.0015
3,60-79,1773244825,2026-03-12T00:00:25,0.0015
3,60-79,1773248429,2026-03-12T01:00:29,0.0015
3,60-79,1773252025,2026-03-12T02:00:25,0.0015
3,60-79,1773255625,2026-03-12T03:00:25,0.0015
3,60-79,1773259225,2026-03-12T04:00:25,0.0015
3,60-79,1773262828,2026-03-12T05:00:28,0.0015
3,60-79,1773266425,2026-03-12T06:00:25,0.0015
3,60-79,1773270023,2026-03-12T07:00:23,0.0015
3,60-79,1773273627,2026-03-12T08:00:27,0.0015
3,60-79,1773277225,2026-03-12T09:00:25,0.0015
3,60-79,1773280824,2026-03-12T10:00:24,0.0015
3,60-79,1773284428,2026-03-12T11:00:28,0.0015
3,60-79,1773288023,2026-03-12T12:00:23,0.0015
3,60-79,1773291623,2026-03-12T13:00:23,0.0015
3,60-79,1773295228,2026-03-12T14:00:28,0.0015
3,60-79,1773298824,2026-03-12T15:00:24,0.0015
3,60-79,1773302426,2026-03-12T16:00:26,0.0015
3,60-79,1773306024,2026-03-12T17:00:24,0.0015
3,60-79,1773309639,2026-03-12T18:00:39,0.0015
3,60-79,1773313224,2026-03-12T19:00:24,0.0015
3,60-79,1773316828,2026-03-12T20:00:28,0.0015
3,60-79,1773320426,2026-03-12T21:00:26,0.0015
3,60-79,1773324028,2026-03-12T22:00:28,0.0015
3,60-79,1773327627,2026-03-12T23:00:27,0.0015
3,60-79,1773331226,2026-03-13T00:00:26,0.0015
3,60-79,1773334833,2026-03-13T01:00:33,0.0015
3,60-79,1773338428,2026-03-13T02:00:28,0.0015
3,60-79,1773342023,2026-03-13T03:00:23,0.0015
3,60-79,1773345626,2026-03-13T04:00:26,0.0015
3,60-79,1773349226,2026-03-13T05:00:26,0.0015
3,60-79,1773352825,2026-03-13T06:00:25,0.0015
3,60-79,1773356423,2026-03-13T07:00:23,0.0015
3,60-79,1773360044,2026-03-13T08:00:44,0.0005
3,60-79,1773363626,2026-03-13T09:00:26,0.0005
3,60-79,1773367227,2026-03-13T10:00:27,0.0005
3,60-79,1773370826,2026-03-13T11:00:26,0.0005
3,60-79,1773374425,2026-03-13T12:00:25,0.0005
3,60-79,1773378022,2026-03-13T13:00:22,0.0005
3,60-79,1773381626,2026-03-13T14:00:26,0.0005
3,60-79,1773385231,2026-03-13T15:00:31,0.0005
3,60-79,1773388821,2026-03-13T16:00:21,0.0005
3,60-79,1773392427,2026-03-13T17:00:27,0.0005
3,60-79,1773396024,2026-03-13T18:00:24,0.0005
3,60-79,1773399639,2026-03-13T19:00:39,0.0005
3,60-79,1773403250,2026-03-13T20:00:50,0.0005
3,60-79,1773406836,2026-03-13T21:00:36,0.0015
3,60-79,1773410441,2026-03-13T22:00:41,0.0005
3,60-79,1773414052,2026-03-13T23:00:52,0.0005
3,60-79,1773417645,2026-03-14T00:00:45,0.0005
3,60-79,1773421233,2026-03-14T01:00:33,0.0005
3,60-79,1773424849,2026-03-14T02:00:49,0.0005
3,60-79,1773428443,2026-03-14T03:00:43,0.0005
3,60-79,1773432033,2026-03-14T04:00:33,0.0005
3,60-79,1773435655,2026-03-14T05:00:55,0.0005
3,60-79,1773439240,2026-03-14T06:00:40,0.0005
3,60-79,1773442830,2026-03-14T07:00:30,0.0005
3,60-79,1773446450,2026-03-14T08:00:50,0.0005
3,60-79,1773450032,2026-03-14T09:00:32,0.0005
3,60-79,1773453631,2026-03-14T10:00:31,0.0005
3,60-79,1773457250,2026-03-14T11:00:50,0.0005
3,60-79,1773460830,2026-03-14T12:00:30,0.0005
3,60-79,1773464431,2026-03-14T13:00:31,0.0005
3,60-79,1773468048,2026-03-14T14:00:48,0.0005
3,60-79,1773471631,2026-03-14T15:00:31,0.0005
3,60-79,1773475233,2026-03-14T16:00:33,0.0005
3,60-79,1773478847,2026-03-14T17:00:47,0.0005
3,60-79,1773482430,2026-03-14T18:00:30,0.0005
3,60-79,1773486033,2026-03-14T19:00:33,0.0005
3,60-79,1773489654,2026-03-14T20:00:54,0.0005
3,60-79,1773493252,2026-03-14T21:00:52,0.0005
3,60-79,1773496834,2026-03-14T22:00:34,0.0005
3,60-79,1773500450,2026-03-14T23:00:50,0.0005
3,60-79,1773504035,2026-03-15T00:00:35,0.0005
3,60-79,1773511247,2026-03-15T02:00:47,0.0005
3,60-79,1773514836,2026-03-15T03:00:36,0.0005
3,60-79,1773518431,2026-03-15T04:00:31,0.0005
3,60-79,1773522048,2026-03-15T05:00:48,0.0005
3,60-79,1773525640,2026-03-15T06:00:40,0.0015
3,60-79,1773529230,2026-03-15T07:00:30,0.001
3,60-79,1773532853,2026-03-15T08:00:53,0.001
3,60-79,1773536431,2026-03-15T09:00:31,0.0005
3,60-79,1773540034,2026-03-15T10:00:34,0.0005
3,60-79,1773543650,2026-03-15T11:00:50,0.0005
3,60-79,1773547231,2026-03-15T12:00:31,0.0005
3,60-79,1773550831,2026-03-15T13:00:31,0.0005
3,60-79,1773554445,2026-03-15T14:00:45,0.0005
3,60-79,1773558031,2026-03-15T15:00:31,0.0005
3,60-79,1773561634,2026-03-15T16:00:34,0.0005
3,60-79,1773565247,2026-03-15T17:00:47,0.0005
3,60-79,1773568843,2026-03-15T18:00:43,0.0005
3,60-79,1773572431,2026-03-15T19:00:31,0.0005
3,60-79,1773576049,2026-03-15T20:00:49,0.0005
3,60-79,1773579633,2026-03-15T21:00:33,0.0005
3,60-79,1773583240,2026-03-15T22:00:40,0.0005
3,60-79,1773586858,2026-03-15T23:00:58,0.0005
4,80-99,1773093623,2026-03-10T06:00:23,0.115
4,80-99,1773097224,2026-03-10T07:00:24,0.065
4,80-99,1773100832,2026-03-10T08:00:32,0.05
4,80-99,1773104423,2026-03-10T09:00:23,0.006
4,80-99,1773108023,2026-03-10T10:00:23,0.0025
4,80-99,1773111626,2026-03-10T11:00:26,0.0025
4,80-99,1773115228,2026-03-10T12:00:28,0.0025
4,80-99,1773118825,2026-03-10T13:00:25,0.0025
4,80-99,1773122428,2026-03-10T14:00:28,0.0025
4,80-99,1773126026,2026-03-10T15:00:26,0.0025
4,80-99,1773129624,2026-03-10T16:00:24,0.0025
4,80-99,1773133235,2026-03-10T17:00:35,0.0025
4,80-99,1773136834,2026-03-10T18:00:34,0.0025
4,80-99,1773140424,2026-03-10T19:00:24,0.0025
4,80-99,1773144036,2026-03-10T20:00:36,0.0025
4,80-99,1773147628,2026-03-10T21:00:28,0.0025
4,80-99,1773151227,2026-03-10T22:00:27,0.0025
4,80-99,1773154835,2026-03-10T23:00:35,0.0025
4,80-99,1773158432,2026-03-11T00:00:32,0.0025
4,80-99,1773162025,2026-03-11T01:00:25,0.0025
4,80-99,1773165634,2026-03-11T02:00:34,0.0025
4,80-99,1773169227,2026-03-11T03:00:27,0.0015
4,80-99,1773172829,2026-03-11T04:00:29,0.0015
4,80-99,1773176434,2026-03-11T05:00:34,0.0015
4,80-99,1773180027,2026-03-11T06:00:27,0.0025
4,80-99,1773183627,2026-03-11T07:00:27,0.0025
4,80-99,1773187235,2026-03-11T08:00:35,0.0025
4,80-99,1773190827,2026-03-11T09:00:27,0.0025
4,80-99,1773194428,2026-03-11T10:00:28,0.0025
4,80-99,1773198034,2026-03-11T11:00:34,0.0025
4,80-99,1773201628,2026-03-11T12:00:28,0.0015
4,80-99,1773205227,2026-03-11T13:00:27,0.0015
4,80-99,1773208834,2026-03-11T14:00:34,0.0015
4,80-99,1773212428,2026-03-11T15:00:28,0.0015
4,80-99,1773216028,2026-03-11T16:00:28,0.0015
4,80-99,1773219630,2026-03-11T17:00:30,0.0015
4,80-99,1773223230,2026-03-11T18:00:30,0.0015
4,80-99,1773226829,2026-03-11T19:00:29,0.0025
4,80-99,1773230446,2026-03-11T20:00:46,0.0025
4,80-99,1773234027,2026-03-11T21:00:27,0.0025
4,80-99,1773237628,2026-03-11T22:00:28,0.0025
4,80-99,1773241242,2026-03-11T23:00:42,0.0025
4,80-99,1773244829,2026-03-12T00:00:29,0.0025
4,80-99,1773248439,2026-03-12T01:00:39,0.0025
4,80-99,1773252032,2026-03-12T02:00:32,0.0025
4,80-99,1773255629,2026-03-12T03:00:29,0.0025
4,80-99,1773259229,2026-03-12T04:00:29,0.0025
4,80-99,1773262836,2026-03-12T05:00:36,0.0025
4,80-99,1773266429,2026-03-12T06:00:29,0.0025
4,80-99,1773270026,2026-03-12T07:00:26,0.0025
4,80-99,1773273635,2026-03-12T08:00:35,0.0015
4,80-99,1773277227,2026-03-12T09:00:27,0.0015
4,80-99,1773280828,2026-03-12T10:00:28,0.0015
4,80-99,1773284435,2026-03-12T11:00:35,0.0025
4,80-99,1773288027,2026-03-12T12:00:27,0.0025
4,80-99,1773291629,2026-03-12T13:00:29,0.0025
4,80-99,1773295235,2026-03-12T14:00:35,0.0025
4,80-99,1773298828,2026-03-12T15:00:28,0.0025
4,80-99,1773302430,2026-03-12T16:00:30,0.0025
4,80-99,1773306031,2026-03-12T17:00:31,0.0025
4,80-99,1773309650,2026-03-12T18:00:50,0.0015
4,80-99,1773313227,2026-03-12T19:00:27,0.0015
4,80-99,1773316843,2026-03-12T20:00:43,0.0025
4,80-99,1773320436,2026-03-12T21:00:36,0.0015
4,80-99,1773324032,2026-03-12T22:00:32,0.0015
4,80-99,1773327635,2026-03-12T23:00:35,0.0015
4,80-99,1773331229,2026-03-13T00:00:29,0.0015
4,80-99,1773334847,2026-03-13T01:00:47,0.0015
4,80-99,1773338438,2026-03-13T02:00:38,0.0015
4,80-99,1773342026,2026-03-13T03:00:26,0.0015
4,80-99,1773345630,2026-03-13T04:00:30,0.0015
4,80-99,1773349234,2026-03-13T05:00:34,0.0015
4,80-99,1773352829,2026-03-13T06:00:29,0.0015
4,80-99,1773356429,2026-03-13T07:00:29,0.0015
4,80-99,1773360052,2026-03-13T08:00:52,0.0015
4,80-99,1773363630,2026-03-13T09:00:30,0.0015
4,80-99,1773367230,2026-03-13T10:00:30,0.0015
4,80-99,1773370834,2026-03-13T11:00:34,0.0015
4,80-99,1773374429,2026-03-13T12:00:29,0.0015
4,80-99,1773378026,2026-03-13T13:00:26,0.0015
4,80-99,1773381634,2026-03-13T14:00:34,0.0015
4,80-99,1773385235,2026-03-13T15:00:35,0.0015
4,80-99,1773388825,2026-03-13T16:00:25,0.0015
4,80-99,1773392435,2026-03-13T17:00:35,0.0015
4,80-99,1773396028,2026-03-13T18:00:28,0.0015
4,80-99,1773399627,2026-03-13T19:00:27,0.0015
4,80-99,1773403232,2026-03-13T20:00:32,0.0015
4,80-99,1773406827,2026-03-13T21:00:27,0.0015
4,80-99,1773410428,2026-03-13T22:00:28,0.0015
4,80-99,1773414032,2026-03-13T23:00:32,0.0015
4,80-99,1773417637,2026-03-14T00:00:37,0.0015
4,80-99,1773421225,2026-03-14T01:00:25,0.0015
4,80-99,1773424830,2026-03-14T02:00:30,0.0015
4,80-99,1773428429,2026-03-14T03:00:29,0.0015
4,80-99,1773432025,2026-03-14T04:00:25,0.0015
4,80-99,1773435638,2026-03-14T05:00:38,0.0015
4,80-99,1773439227,2026-03-14T06:00:27,0.0015
4,80-99,1773442823,2026-03-14T07:00:23,0.0015
4,80-99,1773446432,2026-03-14T08:00:32,0.0015
4,80-99,1773450025,2026-03-14T09:00:25,0.0015
4,80-99,1773453624,2026-03-14T10:00:24,0.0015
4,80-99,1773457230,2026-03-14T11:00:30,0.0015
4,80-99,1773460824,2026-03-14T12:00:24,0.0015
4,80-99,1773464423,2026-03-14T13:00:23,0.0015
4,80-99,1773468030,2026-03-14T14:00:30,0.0005
4,80-99,1773471624,2026-03-14T15:00:24,0.0005
4,80-99,1773475225,2026-03-14T16:00:25,0.0005
4,80-99,1773478830,2026-03-14T17:00:30,0.0005
4,80-99,1773482422,2026-03-14T18:00:22,0.0005
4,80-99,1773486026,2026-03-14T19:00:26,0.0005
4,80-99,1773489634,2026-03-14T20:00:34,0.0015
4,80-99,1773493230,2026-03-14T21:00:30,0.0015
4,80-99,1773496827,2026-03-14T22:00:27,0.0005
4,80-99,1773500430,2026-03-14T23:00:30,0.0005
4,80-99,1773504027,2026-03-15T00:00:27,0.0005
4,80-99,1773507635,2026-03-15T01:00:35,0.0005
4,80-99,1773511228,2026-03-15T02:00:28,0.0005
4,80-99,1773514825,2026-03-15T03:00:25,0.0005
4,80-99,1773518423,2026-03-15T04:00:23,0.0005
4,80-99,1773522030,2026-03-15T05:00:30,0.0005
4,80-99,1773525627,2026-03-15T06:00:27,0.0005
4,80-99,1773529223,2026-03-15T07:00:23,0.0005
4,80-99,1773532831,2026-03-15T08:00:31,0.0005
4,80-99,1773536424,2026-03-15T09:00:24,0.0005
4,80-99,1773540025,2026-03-15T10:00:25,0.0005
4,80-99,1773543630,2026-03-15T11:00:30,0.0005
4,80-99,1773547224,2026-03-15T12:00:24,0.0005
4,80-99,1773550823,2026-03-15T13:00:23,0.0005
4,80-99,1773554428,2026-03-15T14:00:28,0.0005
4,80-99,1773558024,2026-03-15T15:00:24,0.0005
4,80-99,1773561625,2026-03-15T16:00:25,0.0005
4,80-99,1773565230,2026-03-15T17:00:30,0.0005
4,80-99,1773568827,2026-03-15T18:00:27,0.0005
4,80-99,1773572424,2026-03-15T19:00:24,0.0005
4,80-99,1773576030,2026-03-15T20:00:30,0.0005
4,80-99,1773579624,2026-03-15T21:00:24,0.0005
4,80-99,1773583227,2026-03-15T22:00:27,0.0005
4,80-99,1773586831,2026-03-15T23:00:31,0.0005
4,80-99,1773590426,2026-03-16T00:00:26,0.0005
4,80-99,1773594032,2026-03-16T01:00:32,0.0005
4,80-99,1773597630,2026-03-16T02:00:30,0.0005
4,80-99,1773601225,2026-03-16T03:00:25,0.0005
4,80-99,1773604829,2026-03-16T04:00:29,0.0005
4,80-99,1773608430,2026-03-16T05:00:30,0.0005
4,80-99,1773612028,2026-03-16T06:00:28,0.0005
4,80-99,1773615626,2026-03-16T07:00:26,0.0005
4,80-99,1773619246,2026-03-16T08:00:46,0.0005
4,80-99,1773622824,2026-03-16T09:00:24,0.0005
4,80-99,1773626425,2026-03-16T10:00:25,0.0005
4,80-99,1773630026,2026-03-16T11:00:26,0.0005
4,80-99,1773633625,2026-03-16T12:00:25,0.0005
4,80-99,1773637224,2026-03-16T13:00:24,0.0005
4,80-99,1773640839,2026-03-16T14:00:39,0.0005
4,80-99,1773644422,2026-03-16T15:00:22,0.0005
4,80-99,1773648025,2026-03-16T16:00:25,0.0005
4,80-99,1773651626,2026-03-16T17:00:26,0.0005
4,80-99,1773655226,2026-03-16T18:00:26,0.0005
4,80-99,1773658823,2026-03-16T19:00:23,0.0005
4,80-99,1773662425,2026-03-16T20:00:25,0.0005
4,80-99,1773666028,2026-03-16T21:00:28,0.0005
4,80-99,1773669626,2026-03-16T22:00:26,0.0005
4,80-99,1773673226,2026-03-16T23:00:26,0.0005
4,80-99,1773676827,2026-03-17T00:00:27,0.0005
4,80-99,1773680427,2026-03-17T01:00:27,0.0005
4,80-99,1773684027,2026-03-17T02:00:27,0.0005
4,80-99,1773687632,2026-03-17T03:00:32,0.0005
5,100-119,1773093620,2026-03-10T06:00:20,0.075
5,100-119,1773097221,2026-03-10T07:00:21,0.07
5,100-119,1773100826,2026-03-10T08:00:26,0.035
5,100-119,1773104420,2026-03-10T09:00:20,0.0085
5,100-119,1773108021,2026-03-10T10:00:21,0.0025
5,100-119,1773111623,2026-03-10T11:00:23,0.0025
5,100-119,1773115225,2026-03-10T12:00:25,0.0035
5,100-119,1773118822,2026-03-10T13:00:22,0.0025
5,100-119,1773122424,2026-03-10T14:00:24,0.0025
5,100-119,1773126023,2026-03-10T15:00:23,0.0025
5,100-119,1773129621,2026-03-10T16:00:21,0.0025
5,100-119,1773133227,2026-03-10T17:00:27,0.0025
5,100-119,1773136829,2026-03-10T18:00:29,0.0025
5,100-119,1773140421,2026-03-10T19:00:21,0.0025
5,100-119,1773144030,2026-03-10T20:00:30,0.0025
5,100-119,1773147625,2026-03-10T21:00:25,0.003
5,100-119,1773151225,2026-03-10T22:00:25,0.0025
5,100-119,1773154828,2026-03-10T23:00:28,0.004
5,100-119,1773158430,2026-03-11T00:00:30,0.0025
5,100-119,1773162022,2026-03-11T01:00:22,0.0075
5,100-119,1773165628,2026-03-11T02:00:28,0.008
5,100-119,1773169225,2026-03-11T03:00:25,0.008
5,100-119,1773172826,2026-03-11T04:00:26,0.0085
5,100-119,1773176428,2026-03-11T05:00:28,0.0075
5,100-119,1773180024,2026-03-11T06:00:24,0.008
5,100-119,1773183625,2026-03-11T07:00:25,0.0075
5,100-119,1773187230,2026-03-11T08:00:30,0.006
5,100-119,1773190824,2026-03-11T09:00:24,0.0035
5,100-119,1773194425,2026-03-11T10:00:25,0.0035
5,100-119,1773198029,2026-03-11T11:00:29,0.0035
5,100-119,1773201625,2026-03-11T12:00:25,0.0035
5,100-119,1773205224,2026-03-11T13:00:24,0.0025
5,100-119,1773208828,2026-03-11T14:00:28,0.0025
5,100-119,1773212425,2026-03-11T15:00:25,0.0025
5,100-119,1773216025,2026-03-11T16:00:25,0.0025
5,100-119,1773219625,2026-03-11T17:00:25,0.0025
5,100-119,1773223226,2026-03-11T18:00:26,0.0025
5,100-119,1773226827,2026-03-11T19:00:27,0.0025
5,100-119,1773230440,2026-03-11T20:00:40,0.0025
5,100-119,1773234024,2026-03-11T21:00:24,0.0025
5,100-119,1773237625,2026-03-11T22:00:25,0.006
5,100-119,1773241232,2026-03-11T23:00:32,0.0035
5,100-119,1773244826,2026-03-12T00:00:26,0.0035
5,100-119,1773248430,2026-03-12T01:00:30,0.0035
5,100-119,1773252027,2026-03-12T02:00:27,0.0035
5,100-119,1773255626,2026-03-12T03:00:26,0.0095
5,100-119,1773259226,2026-03-12T04:00:26,0.0035
5,100-119,1773262830,2026-03-12T05:00:30,0.0035
5,100-119,1773266426,2026-03-12T06:00:26,0.0035
5,100-119,1773270024,2026-03-12T07:00:24,0.0035
5,100-119,1773273629,2026-03-12T08:00:29,0.0025
5,100-119,1773277225,2026-03-12T09:00:25,0.0085
5,100-119,1773280825,2026-03-12T10:00:25,0.0035
5,100-119,1773284429,2026-03-12T11:00:29,0.0035
5,100-119,1773288024,2026-03-12T12:00:24,0.0035
5,100-119,1773291624,2026-03-12T13:00:24,0.005
5,100-119,1773295229,2026-03-12T14:00:29,0.0025
5,100-119,1773298825,2026-03-12T15:00:25,0.0025
5,100-119,1773302427,2026-03-12T16:00:27,0.007
5,100-119,1773306025,2026-03-12T17:00:25,0.0025
5,100-119,1773309641,2026-03-12T18:00:41,0.0025
5,100-119,1773313224,2026-03-12T19:00:24,0.0025
5,100-119,1773316831,2026-03-12T20:00:31,0.0025
5,100-119,1773320428,2026-03-12T21:00:28,0.0025
5,100-119,1773324029,2026-03-12T22:00:29,0.0025
5,100-119,1773327629,2026-03-12T23:00:29,0.0025
5,100-119,1773331227,2026-03-13T00:00:27,0.0025
5,100-119,1773334835,2026-03-13T01:00:35,0.0025
5,100-119,1773338430,2026-03-13T02:00:30,0.0025
5,100-119,1773342023,2026-03-13T03:00:23,0.0025
5,100-119,1773345626,2026-03-13T04:00:26,0.0025
5,100-119,1773349228,2026-03-13T05:00:28,0.0025
5,100-119,1773352826,2026-03-13T06:00:26,0.0025
5,100-119,1773356424,2026-03-13T07:00:24,0.0025
5,100-119,1773360046,2026-03-13T08:00:46,0.0025
5,100-119,1773363627,2026-03-13T09:00:27,0.0025
5,100-119,1773367227,2026-03-13T10:00:27,0.0025
5,100-119,1773370827,2026-03-13T11:00:27,0.0025
5,100-119,1773374426,2026-03-13T12:00:26,0.0025
5,100-119,1773378023,2026-03-13T13:00:23,0.0025
5,100-119,1773381627,2026-03-13T14:00:27,0.0015
5,100-119,1773385232,2026-03-13T15:00:32,0.0015
5,100-119,1773388822,2026-03-13T16:00:22,0.0015
5,100-119,1773392428,2026-03-13T17:00:28,0.0015
5,100-119,1773396024,2026-03-13T18:00:24,0.0015
5,100-119,1773399624,2026-03-13T19:00:24,0.0025
5,100-119,1773403227,2026-03-13T20:00:27,0.0025
5,100-119,1773406826,2026-03-13T21:00:26,0.0025
5,100-119,1773410426,2026-03-13T22:00:26,0.0025
5,100-119,1773414027,2026-03-13T23:00:27,0.0025
5,100-119,1773417636,2026-03-14T00:00:36,0.002
5,100-119,1773421224,2026-03-14T01:00:24,0.0025
5,100-119,1773424827,2026-03-14T02:00:27,0.0025
5,100-119,1773428427,2026-03-14T03:00:27,0.0015
5,100-119,1773432024,2026-03-14T04:00:24,0.0015
5,100-119,1773435635,2026-03-14T05:00:35,0.006
5,100-119,1773439224,2026-03-14T06:00:24,0.0035
5,100-119,1773442822,2026-03-14T07:00:22,0.0025
5,100-119,1773446427,2026-03-14T08:00:27,0.0025
5,100-119,1773450023,2026-03-14T09:00:23,0.0025
5,100-119,1773453623,2026-03-14T10:00:23,0.0035
5,100-119,1773457226,2026-03-14T11:00:26,0.0035
5,100-119,1773460822,2026-03-14T12:00:22,0.0015
5,100-119,1773464422,2026-03-14T13:00:22,0.0015
5,100-119,1773468026,2026-03-14T14:00:26,0.0015
5,100-119,1773471622,2026-03-14T15:00:22,0.0015
5,100-119,1773475224,2026-03-14T16:00:24,0.0015
5,100-119,1773478826,2026-03-14T17:00:26,0.0015
5,100-119,1773482421,2026-03-14T18:00:21,0.0015
5,100-119,1773486024,2026-03-14T19:00:24,0.0015
5,100-119,1773489630,2026-03-14T20:00:30,0.0015
5,100-119,1773493226,2026-03-14T21:00:26,0.0015
5,100-119,1773496826,2026-03-14T22:00:26,0.0015
5,100-119,1773500426,2026-03-14T23:00:26,0.0015
5,100-119,1773504026,2026-03-15T00:00:26,0.0015
5,100-119,1773507630,2026-03-15T01:00:30,0.0015
5,100-119,1773511225,2026-03-15T02:00:25,0.0015
5,100-119,1773514823,2026-03-15T03:00:23,0.0015
5,100-119,1773518422,2026-03-15T04:00:22,0.0015
5,100-119,1773522027,2026-03-15T05:00:27,0.0015
5,100-119,1773525624,2026-03-15T06:00:24,0.0015
5,100-119,1773529222,2026-03-15T07:00:22,0.0015
5,100-119,1773532827,2026-03-15T08:00:27,0.001
5,100-119,1773536423,2026-03-15T09:00:23,0.0015
5,100-119,1773540024,2026-03-15T10:00:24,0.001
5,100-119,1773543626,2026-03-15T11:00:26,0.001
5,100-119,1773547223,2026-03-15T12:00:23,0.001
5,100-119,1773550822,2026-03-15T13:00:22,0.001
5,100-119,1773554424,2026-03-15T14:00:24,0.001
5,100-119,1773558022,2026-03-15T15:00:22,0.001
5,100-119,1773561623,2026-03-15T16:00:23,0.001
5,100-119,1773565226,2026-03-15T17:00:26,0.0005
5,100-119,1773568823,2026-03-15T18:00:23,0.0005
5,100-119,1773572422,2026-03-15T19:00:22,0.0005
5,100-119,1773576027,2026-03-15T20:00:27,0.0005
5,100-119,1773579623,2026-03-15T21:00:23,0.0005
5,100-119,1773583225,2026-03-15T22:00:25,0.0005
5,100-119,1773586827,2026-03-15T23:00:27,0.0005
5,100-119,1773590424,2026-03-16T00:00:24,0.0005
5,100-119,1773594028,2026-03-16T01:00:28,0.0005
5,100-119,1773597627,2026-03-16T02:00:27,0.0005
5,100-119,1773601223,2026-03-16T03:00:23,0.0005
5,100-119,1773604828,2026-03-16T04:00:28,0.0005
5,100-119,1773608427,2026-03-16T05:00:27,0.0005
5,100-119,1773612026,2026-03-16T06:00:26,0.0005
5,100-119,1773615625,2026-03-16T07:00:25,0.0005
5,100-119,1773619242,2026-03-16T08:00:42,0.0005
5,100-119,1773622824,2026-03-16T09:00:24,0.0005
5,100-119,1773626424,2026-03-16T10:00:24,0.0005
5,100-119,1773630023,2026-03-16T11:00:23,0.0005
5,100-119,1773633623,2026-03-16T12:00:23,0.0005
5,100-119,1773637223,2026-03-16T13:00:23,0.0005
5,100-119,1773640835,2026-03-16T14:00:35,0.0005
5,100-119,1773644421,2026-03-16T15:00:21,0.0005
5,100-119,1773648024,2026-03-16T16:00:24,0.0005
5,100-119,1773651624,2026-03-16T17:00:24,0.0005
5,100-119,1773655224,2026-03-16T18:00:24,0.0005
5,100-119,1773658822,2026-03-16T19:00:22,0.0005
5,100-119,1773662422,2026-03-16T20:00:22,0.0005
5,100-119,1773666027,2026-03-16T21:00:27,0.0005
5,100-119,1773669624,2026-03-16T22:00:24,0.0005
5,100-119,1773673224,2026-03-16T23:00:24,0.0005
5,100-119,1773676826,2026-03-17T00:00:26,0.0005
5,100-119,1773680425,2026-03-17T01:00:25,0.0005
5,100-119,1773684025,2026-03-17T02:00:25,0.0005
5,100-119,1773687631,2026-03-17T03:00:31,0.0005
5,100-119,1773691225,2026-03-17T04:00:25,0.0005
5,100-119,1773694827,2026-03-17T05:00:27,0.0005
5,100-119,1773698427,2026-03-17T06:00:27,0.0005
5,100-119,1773702028,2026-03-17T07:00:28,0.0005
5,100-119,1773705628,2026-03-17T08:00:28,0.0005
5,100-119,1773709226,2026-03-17T09:00:26,0.0005
5,100-119,1773712828,2026-03-17T10:00:28,0.0005
5,100-119,1773716427,2026-03-17T11:00:27,0.0005
5,100-119,1773720029,2026-03-17T12:00:29,0.0005
5,100-119,1773723642,2026-03-17T13:00:42,0.0005
5,100-119,1773727226,2026-03-17T14:00:26,0.0005
5,100-119,1773730826,2026-03-17T15:00:26,0.0005
5,100-119,1773734428,2026-03-17T16:00:28,0.0005
5,100-119,1773738027,2026-03-17T17:00:27,0.0005
5,100-119,1773741627,2026-03-17T18:00:27,0.0005
5,100-119,1773745227,2026-03-17T19:00:27,0.0005
5,100-119,1773748829,2026-03-17T20:00:29,0.0005
5,100-119,1773752428,2026-03-17T21:00:28,0.0005
5,100-119,1773756028,2026-03-17T22:00:28,0.0005
6,120-139,1773093625,2026-03-10T06:00:25,0.12
6,120-139,1773097226,2026-03-10T07:00:26,0.075
6,120-139,1773100837,2026-03-10T08:00:37,0.05
6,120-139,1773104424,2026-03-10T09:00:24,0.007
6,120-139,1773108025,2026-03-10T10:00:25,0.006
6,120-139,1773111629,2026-03-10T11:00:29,0.006
6,120-139,1773115230,2026-03-10T12:00:30,0.006
6,120-139,1773118827,2026-03-10T13:00:27,0.0075
6,120-139,1773122431,2026-03-10T14:00:31,0.0065
6,120-139,1773126028,2026-03-10T15:00:28,0.0065
6,120-139,1773129626,2026-03-10T16:00:26,0.0065
6,120-139,1773133242,2026-03-10T17:00:42,0.006
6,120-139,1773136839,2026-03-10T18:00:39,0.0045
6,120-139,1773140426,2026-03-10T19:00:26,0.0045
6,120-139,1773144041,2026-03-10T20:00:41,0.0045
6,120-139,1773147631,2026-03-10T21:00:31,0.0055
6,120-139,1773151230,2026-03-10T22:00:30,0.0045
6,120-139,1773154840,2026-03-10T23:00:40,0.0035
6,120-139,1773158435,2026-03-11T00:00:35,0.007
6,120-139,1773162027,2026-03-11T01:00:27,0.0045
6,120-139,1773165638,2026-03-11T02:00:38,0.005
6,120-139,1773169229,2026-03-11T03:00:29,0.0065
6,120-139,1773172831,2026-03-11T04:00:31,0.0065
6,120-139,1773176438,2026-03-11T05:00:38,0.0055
6,120-139,1773180029,2026-03-11T06:00:29,0.0055
6,120-139,1773183629,2026-03-11T07:00:29,0.006
6,120-139,1773187240,2026-03-11T08:00:40,0.005
6,120-139,1773190830,2026-03-11T09:00:30,0.0065
6,120-139,1773194430,2026-03-11T10:00:30,0.006
6,120-139,1773198039,2026-03-11T11:00:39,0.006
6,120-139,1773201630,2026-03-11T12:00:30,0.0035
6,120-139,1773205230,2026-03-11T13:00:30,0.0035
6,120-139,1773208839,2026-03-11T14:00:39,0.0035
6,120-139,1773212430,2026-03-11T15:00:30,0.0035
6,120-139,1773216030,2026-03-11T16:00:30,0.0035
6,120-139,1773219635,2026-03-11T17:00:35,0.0045
6,120-139,1773223234,2026-03-11T18:00:34,0.0045
6,120-139,1773226832,2026-03-11T19:00:32,0.0045
6,120-139,1773230451,2026-03-11T20:00:51,0.0065
6,120-139,1773234030,2026-03-11T21:00:30,0.0045
6,120-139,1773237631,2026-03-11T22:00:31,0.0055
6,120-139,1773241250,2026-03-11T23:00:50,0.0045
6,120-139,1773244831,2026-03-12T00:00:31,0.0045
6,120-139,1773248445,2026-03-12T01:00:45,0.0045
6,120-139,1773252037,2026-03-12T02:00:37,0.0045
6,120-139,1773255631,2026-03-12T03:00:31,0.0065
6,120-139,1773259233,2026-03-12T04:00:33,0.0065
6,120-139,1773262841,2026-03-12T05:00:41,0.0075
6,120-139,1773266432,2026-03-12T06:00:32,0.0065
6,120-139,1773270029,2026-03-12T07:00:29,0.009
6,120-139,1773273641,2026-03-12T08:00:41,0.0085
6,120-139,1773277230,2026-03-12T09:00:30,0.009
6,120-139,1773280830,2026-03-12T10:00:30,0.0085
6,120-139,1773284440,2026-03-12T11:00:40,0.0095
6,120-139,1773288030,2026-03-12T12:00:30,0.0095
6,120-139,1773291633,2026-03-12T13:00:33,0.01
6,120-139,1773295240,2026-03-12T14:00:40,0.0095
6,120-139,1773298831,2026-03-12T15:00:31,0.0075
6,120-139,1773302432,2026-03-12T16:00:32,0.0075
6,120-139,1773306036,2026-03-12T17:00:36,0.0075
6,120-139,1773309655,2026-03-12T18:00:55,0.007
6,120-139,1773313230,2026-03-12T19:00:30,0.0035
6,120-139,1773316851,2026-03-12T20:00:51,0.003
6,120-139,1773320442,2026-03-12T21:00:42,0.0035
6,120-139,1773324034,2026-03-12T22:00:34,0.0035
6,120-139,1773327641,2026-03-12T23:00:41,0.0035
6,120-139,1773331232,2026-03-13T00:00:32,0.004
6,120-139,1773334858,2026-03-13T01:00:58,0.004
6,120-139,1773338446,2026-03-13T02:00:46,0.0045
6,120-139,1773342028,2026-03-13T03:00:28,0.005
6,120-139,1773345633,2026-03-13T04:00:33,0.004
6,120-139,1773349240,2026-03-13T05:00:40,0.0035
6,120-139,1773352831,2026-03-13T06:00:31,0.0035
6,120-139,1773356433,2026-03-13T07:00:33,0.004
6,120-139,1773360057,2026-03-13T08:00:57,0.004
6,120-139,1773363632,2026-03-13T09:00:32,0.0035
6,120-139,1773367232,2026-03-13T10:00:32,0.0035
6,120-139,1773370838,2026-03-13T11:00:38,0.004
6,120-139,1773374432,2026-03-13T12:00:32,0.004
6,120-139,1773378028,2026-03-13T13:00:28,0.0035
6,120-139,1773381639,2026-03-13T14:00:39,0.0025
6,120-139,1773385238,2026-03-13T15:00:38,0.0025
6,120-139,1773388828,2026-03-13T16:00:28,0.0025
6,120-139,1773392440,2026-03-13T17:00:40,0.0025
6,120-139,1773396030,2026-03-13T18:00:30,0.0035
6,120-139,1773399645,2026-03-13T19:00:45,0.0035
6,120-139,1773403255,2026-03-13T20:00:55,0.0035
6,120-139,1773406839,2026-03-13T21:00:39,0.0035
6,120-139,1773410446,2026-03-13T22:00:46,0.005
6,120-139,1773414057,2026-03-13T23:00:57,0.006
6,120-139,1773417648,2026-03-14T00:00:48,0.0065
6,120-139,1773421236,2026-03-14T01:00:36,0.004
6,120-139,1773424854,2026-03-14T02:00:54,0.005
6,120-139,1773428448,2026-03-14T03:00:48,0.0045
6,120-139,1773432035,2026-03-14T04:00:35,0.003
6,120-139,1773439245,2026-03-14T06:00:45,0.0035
6,120-139,1773442833,2026-03-14T07:00:33,0.005
6,120-139,1773446454,2026-03-14T08:00:54,0.0045
6,120-139,1773450035,2026-03-14T09:00:35,0.004
6,120-139,1773453634,2026-03-14T10:00:34,0.0045
6,120-139,1773457254,2026-03-14T11:00:54,0.0045
6,120-139,1773460833,2026-03-14T12:00:33,0.0035
6,120-139,1773464434,2026-03-14T13:00:34,0.0035
6,120-139,1773468054,2026-03-14T14:00:54,0.0035
6,120-139,1773471634,2026-03-14T15:00:34,0.0035
6,120-139,1773475236,2026-03-14T16:00:36,0.0025
6,120-139,1773478852,2026-03-14T17:00:52,0.0035
6,120-139,1773482433,2026-03-14T18:00:33,0.0035
6,120-139,1773486036,2026-03-14T19:00:36,0.0045
6,120-139,1773489659,2026-03-14T20:00:59,0.0015
6,120-139,1773493259,2026-03-14T21:00:59,0.0015
6,120-139,1773496837,2026-03-14T22:00:37,0.0015
6,120-139,1773500455,2026-03-14T23:00:55,0.0015
6,120-139,1773504039,2026-03-15T00:00:39,0.0015
6,120-139,1773511252,2026-03-15T02:00:52,0.0015
6,120-139,1773514841,2026-03-15T03:00:41,0.0015
6,120-139,1773518434,2026-03-15T04:00:34,0.0015
6,120-139,1773522053,2026-03-15T05:00:53,0.0015
6,120-139,1773525643,2026-03-15T06:00:43,0.0015
6,120-139,1773529233,2026-03-15T07:00:33,0.0015
6,120-139,1773532859,2026-03-15T08:00:59,0.0015
6,120-139,1773536433,2026-03-15T09:00:33,0.0015
6,120-139,1773540037,2026-03-15T10:00:37,0.0015
6,120-139,1773543656,2026-03-15T11:00:56,0.0015
6,120-139,1773547234,2026-03-15T12:00:34,0.0015
6,120-139,1773550834,2026-03-15T13:00:34,0.0015
6,120-139,1773554450,2026-03-15T14:00:50,0.0015
6,120-139,1773558034,2026-03-15T15:00:34,0.0015
6,120-139,1773561637,2026-03-15T16:00:37,0.0015
6,120-139,1773565251,2026-03-15T17:00:51,0.0015
6,120-139,1773568846,2026-03-15T18:00:46,0.0015
6,120-139,1773572433,2026-03-15T19:00:33,0.0015
6,120-139,1773576055,2026-03-15T20:00:55,0.0015
6,120-139,1773579642,2026-03-15T21:00:42,0.0015
6,120-139,1773583245,2026-03-15T22:00:45,0.0015
6,120-139,1773590436,2026-03-16T00:00:36,0.0005
6,120-139,1773597657,2026-03-16T02:00:57,0.0005
6,120-139,1773601243,2026-03-16T03:00:43,0.0005
6,120-139,1773604840,2026-03-16T04:00:40,0.0005
6,120-139,1773608452,2026-03-16T05:00:52,0.0005
6,120-139,1773612045,2026-03-16T06:00:45,0.0015
6,120-139,1773615638,2026-03-16T07:00:38,0.0015
6,120-139,1773622832,2026-03-16T09:00:32,0.0015
6,120-139,1773626433,2026-03-16T10:00:33,0.0015
6,120-139,1773630046,2026-03-16T11:00:46,0.0015
6,120-139,1773633639,2026-03-16T12:00:39,0.0015
6,120-139,1773637232,2026-03-16T13:00:32,0.0015
6,120-139,1773640859,2026-03-16T14:00:59,0.0015
6,120-139,1773644431,2026-03-16T15:00:31,0.0015
6,120-139,1773648033,2026-03-16T16:00:33,0.0015
6,120-139,1773651637,2026-03-16T17:00:37,0.0015
6,120-139,1773655234,2026-03-16T18:00:34,0.0015
6,120-139,1773658831,2026-03-16T19:00:31,0.0015
6,120-139,1773662438,2026-03-16T20:00:38,0.0015
6,120-139,1773666036,2026-03-16T21:00:36,0.0015
6,120-139,1773669642,2026-03-16T22:00:42,0.0015
6,120-139,1773673239,2026-03-16T23:00:39,0.0005
6,120-139,1773676835,2026-03-17T00:00:35,0.0015
6,120-139,1773680435,2026-03-17T01:00:35,0.0015
6,120-139,1773684039,2026-03-17T02:00:39,0.0005
6,120-139,1773687640,2026-03-17T03:00:40,0.0015
6,120-139,1773691235,2026-03-17T04:00:35,0.0015
6,120-139,1773694849,2026-03-17T05:00:49,0.0015
6,120-139,1773698437,2026-03-17T06:00:37,0.0015
6,120-139,1773702038,2026-03-17T07:00:38,0.0005
6,120-139,1773705644,2026-03-17T08:00:44,0.0005
6,120-139,1773709237,2026-03-17T09:00:37,0.0005
6,120-139,1773712838,2026-03-17T10:00:38,0.0005
6,120-139,1773716441,2026-03-17T11:00:41,0.0005
6,120-139,1773720042,2026-03-17T12:00:42,0.0005
6,120-139,1773723652,2026-03-17T13:00:52,0.0005
6,120-139,1773727242,2026-03-17T14:00:42,0.0005
6,120-139,1773730848,2026-03-17T15:00:48,0.0005
6,120-139,1773734442,2026-03-17T16:00:42,0.0005
6,120-139,1773738045,2026-03-17T17:00:45,0.0005
6,120-139,1773741648,2026-03-17T18:00:48,0.0005
6,120-139,1773745238,2026-03-17T19:00:38,0.0005
6,120-139,1773748847,2026-03-17T20:00:47,0.0005
6,120-139,1773752439,2026-03-17T21:00:39,0.0005
6,120-139,1773756042,2026-03-17T22:00:42,0.0005
6,120-139,1773759649,2026-03-17T23:00:49,0.0005
6,120-139,1773763240,2026-03-18T00:00:40,0.0005
6,120-139,1773766841,2026-03-18T01:00:41,0.0005
6,120-139,1773770447,2026-03-18T02:00:47,0.0005
7,140-159,1773093621,2026-03-10T06:00:21,0.085
7,140-159,1773097222,2026-03-10T07:00:22,0.08
7,140-159,1773100828,2026-03-10T08:00:28,0.055
7,140-159,1773104421,2026-03-10T09:00:21,0.017
7,140-159,1773108022,2026-03-10T10:00:22,0.018
7,140-159,1773111624,2026-03-10T11:00:24,0.015
7,140-159,1773115226,2026-03-10T12:00:26,0.015
7,140-159,1773118823,2026-03-10T13:00:23,0.0155
7,140-159,1773122425,2026-03-10T14:00:25,0.016
7,140-159,1773126024,2026-03-10T15:00:24,0.0155
7,140-159,1773129622,2026-03-10T16:00:22,0.015
7,140-159,1773133230,2026-03-10T17:00:30,0.0125
7,140-159,1773136831,2026-03-10T18:00:31,0.0115
7,140-159,1773140422,2026-03-10T19:00:22,0.0115
7,140-159,1773144032,2026-03-10T20:00:32,0.0115
7,140-159,1773147626,2026-03-10T21:00:26,0.0115
7,140-159,1773151225,2026-03-10T22:00:25,0.0105
7,140-159,1773154831,2026-03-10T23:00:31,0.0105
7,140-159,1773158431,2026-03-11T00:00:31,0.0115
7,140-159,1773162023,2026-03-11T01:00:23,0.0105
7,140-159,1773165630,2026-03-11T02:00:30,0.0095
7,140-159,1773169225,2026-03-11T03:00:25,0.0075
7,140-159,1773172827,2026-03-11T04:00:27,0.0075
7,140-159,1773176430,2026-03-11T05:00:30,0.0075
7,140-159,1773180025,2026-03-11T06:00:25,0.0075
7,140-159,1773183625,2026-03-11T07:00:25,0.0075
7,140-159,1773187231,2026-03-11T08:00:31,0.0075
7,140-159,1773190825,2026-03-11T09:00:25,0.008
7,140-159,1773194426,2026-03-11T10:00:26,0.008
7,140-159,1773198030,2026-03-11T11:00:30,0.008
7,140-159,1773201626,2026-03-11T12:00:26,0.0055
7,140-159,1773205225,2026-03-11T13:00:25,0.0055
7,140-159,1773208830,2026-03-11T14:00:30,0.0055
7,140-159,1773212426,2026-03-11T15:00:26,0.007
7,140-159,1773216026,2026-03-11T16:00:26,0.007
7,140-159,1773219626,2026-03-11T17:00:26,0.0065
7,140-159,1773223228,2026-03-11T18:00:28,0.0065
7,140-159,1773226827,2026-03-11T19:00:27,0.008
7,140-159,1773230443,2026-03-11T20:00:43,0.0075
7,140-159,1773234025,2026-03-11T21:00:25,0.0065
7,140-159,1773237626,2026-03-11T22:00:26,0.0075
7,140-159,1773241235,2026-03-11T23:00:35,0.0065
7,140-159,1773244827,2026-03-12T00:00:27,0.0065
7,140-159,1773248433,2026-03-12T01:00:33,0.0065
7,140-159,1773252028,2026-03-12T02:00:28,0.0065
7,140-159,1773255627,2026-03-12T03:00:27,0.0065
7,140-159,1773259227,2026-03-12T04:00:27,0.0065
7,140-159,1773262831,2026-03-12T05:00:31,0.008
7,140-159,1773266427,2026-03-12T06:00:27,0.0065
7,140-159,1773270024,2026-03-12T07:00:24,0.0085
7,140-159,1773273631,2026-03-12T08:00:31,0.0085
7,140-159,1773277226,2026-03-12T09:00:26,0.0085
7,140-159,1773280826,2026-03-12T10:00:26,0.0085
7,140-159,1773284431,2026-03-12T11:00:31,0.0085
7,140-159,1773288025,2026-03-12T12:00:25,0.0085
7,140-159,1773291625,2026-03-12T13:00:25,0.015
7,140-159,1773295231,2026-03-12T14:00:31,0.0125
7,140-159,1773298826,2026-03-12T15:00:26,0.0125
7,140-159,1773302428,2026-03-12T16:00:28,0.0125
7,140-159,1773306027,2026-03-12T17:00:27,0.0125
7,140-159,1773309644,2026-03-12T18:00:44,0.0085
7,140-159,1773313225,2026-03-12T19:00:25,0.0045
7,140-159,1773316834,2026-03-12T20:00:34,0.005
7,140-159,1773320431,2026-03-12T21:00:31,0.0055
7,140-159,1773324029,2026-03-12T22:00:29,0.0075
7,140-159,1773327631,2026-03-12T23:00:31,0.0075
7,140-159,1773331228,2026-03-13T00:00:28,0.0065
7,140-159,1773334838,2026-03-13T01:00:38,0.0065
7,140-159,1773338433,2026-03-13T02:00:33,0.0065
7,140-159,1773342024,2026-03-13T03:00:24,0.0065
7,140-159,1773345628,2026-03-13T04:00:28,0.0065
7,140-159,1773349230,2026-03-13T05:00:30,0.007
7,140-159,1773352826,2026-03-13T06:00:26,0.006
7,140-159,1773356426,2026-03-13T07:00:26,0.006
7,140-159,1773360047,2026-03-13T08:00:47,0.006
7,140-159,1773363628,2026-03-13T09:00:28,0.006
7,140-159,1773367228,2026-03-13T10:00:28,0.0055
7,140-159,1773370829,2026-03-13T11:00:29,0.0055
7,140-159,1773374427,2026-03-13T12:00:27,0.006
7,140-159,1773378024,2026-03-13T13:00:24,0.0045
7,140-159,1773381629,2026-03-13T14:00:29,0.004
7,140-159,1773385233,2026-03-13T15:00:33,0.0035
7,140-159,1773388823,2026-03-13T16:00:23,0.0035
7,140-159,1773392430,2026-03-13T17:00:30,0.0025
7,140-159,1773396026,2026-03-13T18:00:26,0.0025
7,140-159,1773399641,2026-03-13T19:00:41,0.0035
7,140-159,1773403251,2026-03-13T20:00:51,0.0035
7,140-159,1773406836,2026-03-13T21:00:36,0.006
7,140-159,1773410443,2026-03-13T22:00:43,0.0055
7,140-159,1773414053,2026-03-13T23:00:53,0.0045
7,140-159,1773417645,2026-03-14T00:00:45,0.0065
7,140-159,1773421233,2026-03-14T01:00:33,0.0055
7,140-159,1773424850,2026-03-14T02:00:50,0.006
7,140-159,1773428444,2026-03-14T03:00:44,0.003
7,140-159,1773432033,2026-03-14T04:00:33,0.0035
7,140-159,1773435657,2026-03-14T05:00:57,0.0045
7,140-159,1773439241,2026-03-14T06:00:41,0.0055
7,140-159,1773442831,2026-03-14T07:00:31,0.004
7,140-159,1773446451,2026-03-14T08:00:51,0.0035
7,140-159,1773450032,2026-03-14T09:00:32,0.0035
7,140-159,1773453632,2026-03-14T10:00:32,0.0035
7,140-159,1773457251,2026-03-14T11:00:51,0.0035
7,140-159,1773460831,2026-03-14T12:00:31,0.0035
7,140-159,1773464432,2026-03-14T13:00:32,0.0035
7,140-159,1773468050,2026-03-14T14:00:50,0.0035
7,140-159,1773471632,2026-03-14T15:00:32,0.0045
7,140-159,1773475234,2026-03-14T16:00:34,0.0045
7,140-159,1773478848,2026-03-14T17:00:48,0.0035
7,140-159,1773482431,2026-03-14T18:00:31,0.0035
7,140-159,1773486034,2026-03-14T19:00:34,0.0035
7,140-159,1773489655,2026-03-14T20:00:55,0.0015
7,140-159,1773493254,2026-03-14T21:00:54,0.0015
7,140-159,1773496835,2026-03-14T22:00:35,0.0015
7,140-159,1773500451,2026-03-14T23:00:51,0.0015
7,140-159,1773504036,2026-03-15T00:00:36,0.0015
7,140-159,1773511248,2026-03-15T02:00:48,0.0015
7,140-159,1773514837,2026-03-15T03:00:37,0.0015
7,140-159,1773518432,2026-03-15T04:00:32,0.0015
7,140-159,1773522049,2026-03-15T05:00:49,0.0015
7,140-159,1773525641,2026-03-15T06:00:41,0.0015
7,140-159,1773529231,2026-03-15T07:00:31,0.0015
7,140-159,1773532855,2026-03-15T08:00:55,0.0015
7,140-159,1773536431,2026-03-15T09:00:31,0.0015
7,140-159,1773540034,2026-03-15T10:00:34,0.0015
7,140-159,1773543652,2026-03-15T11:00:52,0.0015
7,140-159,1773547232,2026-03-15T12:00:32,0.0015
7,140-159,1773550832,2026-03-15T13:00:32,0.003
7,140-159,1773554446,2026-03-15T14:00:46,0.0015
7,140-159,1773558032,2026-03-15T15:00:32,0.002
7,140-159,1773561635,2026-03-15T16:00:35,0.0015
7,140-159,1773565248,2026-03-15T17:00:48,0.0015
7,140-159,1773568843,2026-03-15T18:00:43,0.0015
7,140-159,1773572431,2026-03-15T19:00:31,0.0015
7,140-159,1773576051,2026-03-15T20:00:51,0.0015
7,140-159,1773579635,2026-03-15T21:00:35,0.0015
7,140-159,1773583241,2026-03-15T22:00:41,0.0015
7,140-159,1773586859,2026-03-15T23:00:59,0.0015
7,140-159,1773590434,2026-03-16T00:00:34,0.0015
7,140-159,1773594054,2026-03-16T01:00:54,0.0015
7,140-159,1773597653,2026-03-16T02:00:53,0.0015
7,140-159,1773601239,2026-03-16T03:00:39,0.0015
7,140-159,1773604838,2026-03-16T04:00:38,0.0015
7,140-159,1773608449,2026-03-16T05:00:49,0.0015
7,140-159,1773612042,2026-03-16T06:00:42,0.0015
7,140-159,1773615636,2026-03-16T07:00:36,0.0025
7,140-159,1773622830,2026-03-16T09:00:30,0.0025
7,140-159,1773626431,2026-03-16T10:00:31,0.0025
7,140-159,1773630043,2026-03-16T11:00:43,0.0025
7,140-159,1773633636,2026-03-16T12:00:36,0.0025
7,140-159,1773637230,2026-03-16T13:00:30,0.0025
7,140-159,1773640855,2026-03-16T14:00:55,0.0025
7,140-159,1773644429,2026-03-16T15:00:29,0.0015
7,140-159,1773648031,2026-03-16T16:00:31,0.0015
7,140-159,1773651635,2026-03-16T17:00:35,0.0015
7,140-159,1773655232,2026-03-16T18:00:32,0.0025
7,140-159,1773658829,2026-03-16T19:00:29,0.0025
7,140-159,1773662435,2026-03-16T20:00:35,0.0025
7,140-159,1773666034,2026-03-16T21:00:34,0.0015
7,140-159,1773669638,2026-03-16T22:00:38,0.0025
7,140-159,1773673236,2026-03-16T23:00:36,0.0025
7,140-159,1773676833,2026-03-17T00:00:33,0.004
7,140-159,1773680433,2026-03-17T01:00:33,0.003
7,140-159,1773684036,2026-03-17T02:00:36,0.0065
7,140-159,1773687638,2026-03-17T03:00:38,0.0095
7,140-159,1773691233,2026-03-17T04:00:33,0.0115
7,140-159,1773694845,2026-03-17T05:00:45,0.0105
7,140-159,1773698435,2026-03-17T06:00:35,0.0075
7,140-159,1773702036,2026-03-17T07:00:36,0.0065
7,140-159,1773705641,2026-03-17T08:00:41,0.0055
7,140-159,1773709235,2026-03-17T09:00:35,0.004
7,140-159,1773712836,2026-03-17T10:00:36,0.0065
7,140-159,1773716439,2026-03-17T11:00:39,0.0055
7,140-159,1773720040,2026-03-17T12:00:40,0.0055
7,140-159,1773723650,2026-03-17T13:00:50,0.004
7,140-159,1773727239,2026-03-17T14:00:39,0.007
7,140-159,1773730843,2026-03-17T15:00:43,0.0055
7,140-159,1773734439,2026-03-17T16:00:39,0.006
7,140-159,1773738042,2026-03-17T17:00:42,0.0045
7,140-159,1773741643,2026-03-17T18:00:43,0.005
7,140-159,1773745236,2026-03-17T19:00:36,0.0035
7,140-159,1773748844,2026-03-17T20:00:44,0.003
7,140-159,1773752437,2026-03-17T21:00:37,0.0005
7,140-159,1773756040,2026-03-17T22:00:40,0.0025
7,140-159,1773759645,2026-03-17T23:00:45,0.0015
7,140-159,1773763238,2026-03-18T00:00:38,0.0005
7,140-159,1773766838,2026-03-18T01:00:38,0.0005
7,140-159,1773770444,2026-03-18T02:00:44,0.0005
7,140-159,1773774040,2026-03-18T03:00:40,0.0005
7,140-159,1773777641,2026-03-18T04:00:41,0.0005
7,140-159,1773781244,2026-03-18T05:00:44,0.0005
7,140-159,1773784814,2026-03-18T06:00:14,0.0005
7,140-159,1773784858,2026-03-18T06:00:58,0.0005
7,140-159,1773788435,2026-03-18T07:00:35,0.0005
7,140-159,1773792043,2026-03-18T08:00:43,0.0005
7,140-159,1773795636,2026-03-18T09:00:36,0.0005
7,140-159,1773799236,2026-03-18T10:00:36,0.0005
7,140-159,1773802841,2026-03-18T11:00:41,0.0005
7,140-159,1773806434,2026-03-18T12:00:34,0.0005
7,140-159,1773810039,2026-03-18T13:00:39,0.0005
7,140-159,1773813643,2026-03-18T14:00:43,0.0005
7,140-159,1773817239,2026-03-18T15:00:39,0.0005
7,140-159,1773820835,2026-03-18T16:00:35,0.0005
7,140-159,1773824449,2026-03-18T17:00:49,0.0005
8,160-179,1773093626,2026-03-10T06:00:26,0.08
8,160-179,1773097227,2026-03-10T07:00:27,0.08
8,160-179,1773100840,2026-03-10T08:00:40,0.055
8,160-179,1773104426,2026-03-10T09:00:26,0.0255
8,160-179,1773108027,2026-03-10T10:00:27,0.024
8,160-179,1773111631,2026-03-10T11:00:31,0.02
8,160-179,1773115231,2026-03-10T12:00:31,0.02
8,160-179,1773118828,2026-03-10T13:00:28,0.025
8,160-179,1773122433,2026-03-10T14:00:33,0.0265
8,160-179,1773126030,2026-03-10T15:00:30,0.0235
8,160-179,1773129627,2026-03-10T16:00:27,0.025
8,160-179,1773133245,2026-03-10T17:00:45,0.025
8,160-179,1773136841,2026-03-10T18:00:41,0.0205
8,160-179,1773140427,2026-03-10T19:00:27,0.0205
8,160-179,1773144043,2026-03-10T20:00:43,0.0195
8,160-179,1773147632,2026-03-10T21:00:32,0.0185
8,160-179,1773151232,2026-03-10T22:00:32,0.0185
8,160-179,1773154844,2026-03-10T23:00:44,0.02
8,160-179,1773158436,2026-03-11T00:00:36,0.0185
8,160-179,1773162028,2026-03-11T01:00:28,0.0175
8,160-179,1773165641,2026-03-11T02:00:41,0.0215
8,160-179,1773169231,2026-03-11T03:00:31,0.0185
8,160-179,1773172832,2026-03-11T04:00:32,0.019
8,160-179,1773176441,2026-03-11T05:00:41,0.019
8,160-179,1773180031,2026-03-11T06:00:31,0.019
8,160-179,1773183631,2026-03-11T07:00:31,0.018
8,160-179,1773187243,2026-03-11T08:00:43,0.018
8,160-179,1773190832,2026-03-11T09:00:32,0.0125
8,160-179,1773194431,2026-03-11T10:00:31,0.0125
8,160-179,1773198042,2026-03-11T11:00:42,0.0125
8,160-179,1773201631,2026-03-11T12:00:31,0.0105
8,160-179,1773205231,2026-03-11T13:00:31,0.011
8,160-179,1773208842,2026-03-11T14:00:42,0.0105
8,160-179,1773212432,2026-03-11T15:00:32,0.0105
8,160-179,1773216032,2026-03-11T16:00:32,0.012
8,160-179,1773219637,2026-03-11T17:00:37,0.0105
8,160-179,1773223236,2026-03-11T18:00:36,0.0105
8,160-179,1773226833,2026-03-11T19:00:33,0.011
8,160-179,1773230454,2026-03-11T20:00:54,0.011
8,160-179,1773234031,2026-03-11T21:00:31,0.0105
8,160-179,1773237632,2026-03-11T22:00:32,0.014
8,160-179,1773241254,2026-03-11T23:00:54,0.0085
8,160-179,1773244833,2026-03-12T00:00:33,0.0085
8,160-179,1773248450,2026-03-12T01:00:50,0.0085
8,160-179,1773252039,2026-03-12T02:00:39,0.0085
8,160-179,1773255633,2026-03-12T03:00:33,0.009
8,160-179,1773259234,2026-03-12T04:00:34,0.011
8,160-179,1773262844,2026-03-12T05:00:44,0.012
8,160-179,1773266433,2026-03-12T06:00:33,0.0155
8,160-179,1773270030,2026-03-12T07:00:30,0.016
8,160-179,1773273644,2026-03-12T08:00:44,0.016
8,160-179,1773277231,2026-03-12T09:00:31,0.019
8,160-179,1773280831,2026-03-12T10:00:31,0.019
8,160-179,1773284442,2026-03-12T11:00:42,0.0185
8,160-179,1773288031,2026-03-12T12:00:31,0.0175
8,160-179,1773291635,2026-03-12T13:00:35,0.0225
8,160-179,1773295243,2026-03-12T14:00:43,0.0215
8,160-179,1773298833,2026-03-12T15:00:33,0.0215
8,160-179,1773302434,2026-03-12T16:00:34,0.0215
8,160-179,1773306038,2026-03-12T17:00:38,0.0215
8,160-179,1773309657,2026-03-12T18:00:57,0.0185
8,160-179,1773313231,2026-03-12T19:00:31,0.0095
8,160-179,1773316856,2026-03-12T20:00:56,0.0075
8,160-179,1773320446,2026-03-12T21:00:46,0.0075
8,160-179,1773324035,2026-03-12T22:00:35,0.0085
8,160-179,1773327644,2026-03-12T23:00:44,0.0085
8,160-179,1773331234,2026-03-13T00:00:34,0.0085
8,160-179,1773338450,2026-03-13T02:00:50,0.0085
8,160-179,1773342029,2026-03-13T03:00:29,0.0085
8,160-179,1773345635,2026-03-13T04:00:35,0.008
8,160-179,1773349243,2026-03-13T05:00:43,0.0085
8,160-179,1773352832,2026-03-13T06:00:32,0.008
8,160-179,1773356436,2026-03-13T07:00:36,0.009
8,160-179,1773363634,2026-03-13T09:00:34,0.008
8,160-179,1773367234,2026-03-13T10:00:34,0.008
8,160-179,1773370841,2026-03-13T11:00:41,0.009
8,160-179,1773374433,2026-03-13T12:00:33,0.009
8,160-179,1773378030,2026-03-13T13:00:30,0.007
8,160-179,1773381642,2026-03-13T14:00:42,0.007
8,160-179,1773385239,2026-03-13T15:00:39,0.006
8,160-179,1773388830,2026-03-13T16:00:30,0.0055
8,160-179,1773392443,2026-03-13T17:00:43,0.01
8,160-179,1773396032,2026-03-13T18:00:32,0.007
8,160-179,1773399630,2026-03-13T19:00:30,0.0095
8,160-179,1773403237,2026-03-13T20:00:37,0.009
8,160-179,1773406829,2026-03-13T21:00:29,0.011
8,160-179,1773410432,2026-03-13T22:00:32,0.0075
8,160-179,1773414039,2026-03-13T23:00:39,0.0065
8,160-179,1773417639,2026-03-14T00:00:39,0.0075
8,160-179,1773421227,2026-03-14T01:00:27,0.009
8,160-179,1773424836,2026-03-14T02:00:36,0.0115
8,160-179,1773428433,2026-03-14T03:00:33,0.0065
8,160-179,1773432027,2026-03-14T04:00:27,0.0055
8,160-179,1773435643,2026-03-14T05:00:43,0.0045
8,160-179,1773439230,2026-03-14T06:00:30,0.005
8,160-179,1773442825,2026-03-14T07:00:25,0.0085
8,160-179,1773446437,2026-03-14T08:00:37,0.008
8,160-179,1773450027,2026-03-14T09:00:27,0.0075
8,160-179,1773453626,2026-03-14T10:00:26,0.0075
8,160-179,1773457235,2026-03-14T11:00:35,0.0075
8,160-179,1773460826,2026-03-14T12:00:26,0.0055
8,160-179,1773464426,2026-03-14T13:00:26,0.0045
8,160-179,1773468036,2026-03-14T14:00:36,0.004
8,160-179,1773471626,2026-03-14T15:00:26,0.0025
8,160-179,1773475228,2026-03-14T16:00:28,0.0025
8,160-179,1773478835,2026-03-14T17:00:35,0.0025
8,160-179,1773482425,2026-03-14T18:00:25,0.0025
8,160-179,1773486028,2026-03-14T19:00:28,0.0025
8,160-179,1773489640,2026-03-14T20:00:40,0.0025
8,160-179,1773493236,2026-03-14T21:00:36,0.0025
8,160-179,1773496829,2026-03-14T22:00:29,0.0025
8,160-179,1773500436,2026-03-14T23:00:36,0.0045
8,160-179,1773504030,2026-03-15T00:00:30,0.0045
8,160-179,1773507643,2026-03-15T01:00:43,0.004
8,160-179,1773511234,2026-03-15T02:00:34,0.0035
8,160-179,1773514828,2026-03-15T03:00:28,0.0035
8,160-179,1773518426,2026-03-15T04:00:26,0.0045
8,160-179,1773522036,2026-03-15T05:00:36,0.0045
8,160-179,1773525631,2026-03-15T06:00:31,0.0055
8,160-179,1773529225,2026-03-15T07:00:25,0.0055
8,160-179,1773532838,2026-03-15T08:00:38,0.0065
8,160-179,1773536426,2026-03-15T09:00:26,0.0065
8,160-179,1773540028,2026-03-15T10:00:28,0.0065
8,160-179,1773543637,2026-03-15T11:00:37,0.005
8,160-179,1773547226,2026-03-15T12:00:26,0.0075
8,160-179,1773550825,2026-03-15T13:00:25,0.007
8,160-179,1773554433,2026-03-15T14:00:33,0.0045
8,160-179,1773558026,2026-03-15T15:00:26,0.0035
8,160-179,1773561628,2026-03-15T16:00:28,0.0025
8,160-179,1773565235,2026-03-15T17:00:35,0.0025
8,160-179,1773568832,2026-03-15T18:00:32,0.0025
8,160-179,1773572426,2026-03-15T19:00:26,0.0025
8,160-179,1773576036,2026-03-15T20:00:36,0.0025
8,160-179,1773579626,2026-03-15T21:00:26,0.0025
8,160-179,1773583230,2026-03-15T22:00:30,0.0025
8,160-179,1773586836,2026-03-15T23:00:36,0.0025
8,160-179,1773590428,2026-03-16T00:00:28,0.004
8,160-179,1773594038,2026-03-16T01:00:38,0.004
8,160-179,1773597636,2026-03-16T02:00:36,0.0045
8,160-179,1773601229,2026-03-16T03:00:29,0.0075
8,160-179,1773604832,2026-03-16T04:00:32,0.0065
8,160-179,1773608435,2026-03-16T05:00:35,0.0065
8,160-179,1773612031,2026-03-16T06:00:31,0.006
8,160-179,1773615629,2026-03-16T07:00:29,0.0065
8,160-179,1773619251,2026-03-16T08:00:51,0.006
8,160-179,1773622826,2026-03-16T09:00:26,0.008
8,160-179,1773626427,2026-03-16T10:00:27,0.0075
8,160-179,1773630031,2026-03-16T11:00:31,0.0055
8,160-179,1773633628,2026-03-16T12:00:28,0.0055
8,160-179,1773637226,2026-03-16T13:00:26,0.006
8,160-179,1773640843,2026-03-16T14:00:43,0.006
8,160-179,1773644424,2026-03-16T15:00:24,0.006
8,160-179,1773648026,2026-03-16T16:00:26,0.01
8,160-179,1773651628,2026-03-16T17:00:28,0.01
8,160-179,1773655227,2026-03-16T18:00:27,0.009
8,160-179,1773658824,2026-03-16T19:00:24,0.011
8,160-179,1773662427,2026-03-16T20:00:27,0.0075
8,160-179,1773666030,2026-03-16T21:00:30,0.0075
8,160-179,1773669629,2026-03-16T22:00:29,0.0035
8,160-179,1773673229,2026-03-16T23:00:29,0.006
8,160-179,1773676829,2026-03-17T00:00:29,0.01
8,160-179,1773680428,2026-03-17T01:00:28,0.0115
8,160-179,1773684029,2026-03-17T02:00:29,0.024
8,160-179,1773687633,2026-03-17T03:00:33,0.028
8,160-179,1773691228,2026-03-17T04:00:28,0.0245
8,160-179,1773694833,2026-03-17T05:00:33,0.03
8,160-179,1773698430,2026-03-17T06:00:30,0.0275
8,160-179,1773702031,2026-03-17T07:00:31,0.0165
8,160-179,1773705633,2026-03-17T08:00:33,0.0145
8,160-179,1773709229,2026-03-17T09:00:29,0.016
8,160-179,1773712831,2026-03-17T10:00:31,0.013
8,160-179,1773716431,2026-03-17T11:00:31,0.0105
8,160-179,1773720033,2026-03-17T12:00:33,0.012
8,160-179,1773723645,2026-03-17T13:00:45,0.0105
8,160-179,1773727231,2026-03-17T14:00:31,0.0115
8,160-179,1773730832,2026-03-17T15:00:32,0.01
8,160-179,1773734432,2026-03-17T16:00:32,0.0065
8,160-179,1773738033,2026-03-17T17:00:33,0.0145
8,160-179,1773741633,2026-03-17T18:00:33,0.022
8,160-179,1773745230,2026-03-17T19:00:30,0.02
8,160-179,1773748835,2026-03-17T20:00:35,0.007
8,160-179,1773752431,2026-03-17T21:00:31,0.0065
8,160-179,1773756032,2026-03-17T22:00:32,0.0045
8,160-179,1773759636,2026-03-17T23:00:36,0.003
8,160-179,1773763233,2026-03-18T00:00:33,0.003
8,160-179,1773766832,2026-03-18T01:00:32,0.0015
8,160-179,1773770436,2026-03-18T02:00:36,0.0005
8,160-179,1773774034,2026-03-18T03:00:34,0.0015
8,160-179,1773777635,2026-03-18T04:00:35,0.0015
8,160-179,1773781235,2026-03-18T05:00:35,0.0015
8,160-179,1773784808,2026-03-18T06:00:08,0.0005
8,160-179,1773784853,2026-03-18T06:00:53,0.0005
8,160-179,1773788430,2026-03-18T07:00:30,0.0015
8,160-179,1773792034,2026-03-18T08:00:34,0.0005
8,160-179,1773795631,2026-03-18T09:00:31,0.0005
8,160-179,1773799231,2026-03-18T10:00:31,0.0005
8,160-179,1773802832,2026-03-18T11:00:32,0.0015
8,160-179,1773806428,2026-03-18T12:00:28,0.001
8,160-179,1773810033,2026-03-18T13:00:33,0.0015
8,160-179,1773813635,2026-03-18T14:00:35,0.0015
8,160-179,1773817233,2026-03-18T15:00:33,0.0015
8,160-179,1773820829,2026-03-18T16:00:29,0.0015
8,160-179,1773824440,2026-03-18T17:00:40,0.0015
8,160-179,1773828032,2026-03-18T18:00:32,0.0015
8,160-179,1773831630,2026-03-18T19:00:30,0.0015
8,160-179,1773835244,2026-03-18T20:00:44,0.0005
8,160-179,1773838830,2026-03-18T21:00:30,0.0005
8,160-179,1773842434,2026-03-18T22:00:34,0.0005
8,160-179,1773846042,2026-03-18T23:00:42,0.0005
8,160-179,1773849634,2026-03-19T00:00:34,0.0005
9,180-199,1773093623,2026-03-10T06:00:23,0.08
9,180-199,1773097224,2026-03-10T07:00:24,0.085
9,180-199,1773100833,2026-03-10T08:00:33,0.06
9,180-199,1773104423,2026-03-10T09:00:23,0.027
9,180-199,1773108024,2026-03-10T10:00:24,0.0365
9,180-199,1773111627,2026-03-10T11:00:27,0.0375
9,180-199,1773115229,2026-03-10T12:00:29,0.0375
9,180-199,1773118825,2026-03-10T13:00:25,0.0335
9,180-199,1773122429,2026-03-10T14:00:29,0.0365
9,180-199,1773126026,2026-03-10T15:00:26,0.0325
9,180-199,1773129624,2026-03-10T16:00:24,0.0325
9,180-199,1773133237,2026-03-10T17:00:37,0.033
9,180-199,1773136836,2026-03-10T18:00:36,0.0325
9,180-199,1773140425,2026-03-10T19:00:25,0.0325
9,180-199,1773144037,2026-03-10T20:00:37,0.0325
9,180-199,1773147629,2026-03-10T21:00:29,0.033
9,180-199,1773151228,2026-03-10T22:00:28,0.0335
9,180-199,1773154836,2026-03-10T23:00:36,0.034
9,180-199,1773158433,2026-03-11T00:00:33,0.0335
9,180-199,1773162025,2026-03-11T01:00:25,0.026
9,180-199,1773165635,2026-03-11T02:00:35,0.0335
9,180-199,1773169228,2026-03-11T03:00:28,0.0225
9,180-199,1773172829,2026-03-11T04:00:29,0.023
9,180-199,1773176435,2026-03-11T05:00:35,0.023
9,180-199,1773180028,2026-03-11T06:00:28,0.023
9,180-199,1773183628,2026-03-11T07:00:28,0.0215
9,180-199,1773187236,2026-03-11T08:00:36,0.0215
9,180-199,1773190828,2026-03-11T09:00:28,0.0205
9,180-199,1773194429,2026-03-11T10:00:29,0.0205
9,180-199,1773198035,2026-03-11T11:00:35,0.0205
9,180-199,1773201628,2026-03-11T12:00:28,0.0185
9,180-199,1773205228,2026-03-11T13:00:28,0.0215
9,180-199,1773208835,2026-03-11T14:00:35,0.0185
9,180-199,1773212428,2026-03-11T15:00:28,0.0185
9,180-199,1773216028,2026-03-11T16:00:28,0.024
9,180-199,1773219631,2026-03-11T17:00:31,0.0185
9,180-199,1773223231,2026-03-11T18:00:31,0.0185
9,180-199,1773226830,2026-03-11T19:00:30,0.025
9,180-199,1773230447,2026-03-11T20:00:47,0.02
9,180-199,1773234028,2026-03-11T21:00:28,0.0185
9,180-199,1773237629,2026-03-11T22:00:29,0.0195
9,180-199,1773241244,2026-03-11T23:00:44,0.016
9,180-199,1773244829,2026-03-12T00:00:29,0.016
9,180-199,1773248440,2026-03-12T01:00:40,0.0155
9,180-199,1773252033,2026-03-12T02:00:33,0.0155
9,180-199,1773255629,2026-03-12T03:00:29,0.0185
9,180-199,1773259230,2026-03-12T04:00:30,0.0155
9,180-199,1773262837,2026-03-12T05:00:37,0.0225
9,180-199,1773266430,2026-03-12T06:00:30,0.0175
9,180-199,1773270027,2026-03-12T07:00:27,0.0185
9,180-199,1773273636,2026-03-12T08:00:36,0.0255
9,180-199,1773277228,2026-03-12T09:00:28,0.0345
9,180-199,1773280828,2026-03-12T10:00:28,0.0245
9,180-199,1773284436,2026-03-12T11:00:36,0.0255
9,180-199,1773288028,2026-03-12T12:00:28,0.0195
9,180-199,1773291629,2026-03-12T13:00:29,0.0265
9,180-199,1773295237,2026-03-12T14:00:37,0.033
9,180-199,1773298829,2026-03-12T15:00:29,0.0325
9,180-199,1773302430,2026-03-12T16:00:30,0.035
9,180-199,1773306032,2026-03-12T17:00:32,0.0355
9,180-199,1773309651,2026-03-12T18:00:51,0.0265
9,180-199,1773313228,2026-03-12T19:00:28,0.0175
9,180-199,1773316844,2026-03-12T20:00:44,0.0175
9,180-199,1773320437,2026-03-12T21:00:37,0.019
9,180-199,1773324032,2026-03-12T22:00:32,0.019
9,180-199,1773327636,2026-03-12T23:00:36,0.0185
9,180-199,1773331230,2026-03-13T00:00:30,0.019
9,180-199,1773334850,2026-03-13T01:00:50,0.019
9,180-199,1773338440,2026-03-13T02:00:40,0.0185
9,180-199,1773342026,2026-03-13T03:00:26,0.0195
9,180-199,1773345631,2026-03-13T04:00:31,0.018
9,180-199,1773349236,2026-03-13T05:00:36,0.017
9,180-199,1773352829,2026-03-13T06:00:29,0.0165
9,180-199,1773356430,2026-03-13T07:00:30,0.0165
9,180-199,1773360053,2026-03-13T08:00:53,0.0175
9,180-199,1773363630,2026-03-13T09:00:30,0.0195
9,180-199,1773367231,2026-03-13T10:00:31,0.018
9,180-199,1773370835,2026-03-13T11:00:35,0.018
9,180-199,1773374429,2026-03-13T12:00:29,0.018
9,180-199,1773378027,2026-03-13T13:00:27,0.0165
9,180-199,1773381635,2026-03-13T14:00:35,0.0165
9,180-199,1773385236,2026-03-13T15:00:36,0.014
9,180-199,1773388826,2026-03-13T16:00:26,0.015
9,180-199,1773392436,2026-03-13T17:00:36,0.019
9,180-199,1773396028,2026-03-13T18:00:28,0.0125
9,180-199,1773399627,2026-03-13T19:00:27,0.0135
9,180-199,1773403232,2026-03-13T20:00:32,0.0125
9,180-199,1773406827,2026-03-13T21:00:27,0.0115
9,180-199,1773410429,2026-03-13T22:00:29,0.011
9,180-199,1773414033,2026-03-13T23:00:33,0.0095
9,180-199,1773417638,2026-03-14T00:00:38,0.012
9,180-199,1773421226,2026-03-14T01:00:26,0.0135
9,180-199,1773424831,2026-03-14T02:00:31,0.0115
9,180-199,1773428430,2026-03-14T03:00:30,0.0115
9,180-199,1773432025,2026-03-14T04:00:25,0.009
9,180-199,1773435639,2026-03-14T05:00:39,0.01
9,180-199,1773439228,2026-03-14T06:00:28,0.008
9,180-199,1773442824,2026-03-14T07:00:24,0.0085
9,180-199,1773446433,2026-03-14T08:00:33,0.0075
9,180-199,1773450025,2026-03-14T09:00:25,0.0075
9,180-199,1773453624,2026-03-14T10:00:24,0.0085
9,180-199,1773457230,2026-03-14T11:00:30,0.0075
9,180-199,1773460824,2026-03-14T12:00:24,0.0075
9,180-199,1773464424,2026-03-14T13:00:24,0.0065
9,180-199,1773468030,2026-03-14T14:00:30,0.007
9,180-199,1773471624,2026-03-14T15:00:24,0.0055
9,180-199,1773475226,2026-03-14T16:00:26,0.0055
9,180-199,1773478830,2026-03-14T17:00:30,0.0045
9,180-199,1773482423,2026-03-14T18:00:23,0.0045
9,180-199,1773486026,2026-03-14T19:00:26,0.0055
9,180-199,1773489636,2026-03-14T20:00:36,0.0055
9,180-199,1773493231,2026-03-14T21:00:31,0.0065
9,180-199,1773496828,2026-03-14T22:00:28,0.005
9,180-199,1773500431,2026-03-14T23:00:31,0.0075
9,180-199,1773504028,2026-03-15T00:00:28,0.007
9,180-199,1773507635,2026-03-15T01:00:35,0.0075
9,180-199,1773511229,2026-03-15T02:00:29,0.007
9,180-199,1773514825,2026-03-15T03:00:25,0.0075
9,180-199,1773518424,2026-03-15T04:00:24,0.0075
9,180-199,1773522031,2026-03-15T05:00:31,0.0065
9,180-199,1773525628,2026-03-15T06:00:28,0.0065
9,180-199,1773529224,2026-03-15T07:00:24,0.0105
9,180-199,1773532832,2026-03-15T08:00:32,0.011
9,180-199,1773536424,2026-03-15T09:00:24,0.011
9,180-199,1773540026,2026-03-15T10:00:26,0.0115
9,180-199,1773543631,2026-03-15T11:00:31,0.01
9,180-199,1773547225,2026-03-15T12:00:25,0.0105
9,180-199,1773550823,2026-03-15T13:00:23,0.0105
9,180-199,1773554428,2026-03-15T14:00:28,0.0095
9,180-199,1773558024,2026-03-15T15:00:24,0.0085
9,180-199,1773561626,2026-03-15T16:00:26,0.0065
9,180-199,1773565230,2026-03-15T17:00:30,0.0065
9,180-199,1773568828,2026-03-15T18:00:28,0.0065
9,180-199,1773572424,2026-03-15T19:00:24,0.0065
9,180-199,1773576031,2026-03-15T20:00:31,0.007
9,180-199,1773579625,2026-03-15T21:00:25,0.0085
9,180-199,1773583227,2026-03-15T22:00:27,0.0045
9,180-199,1773586831,2026-03-15T23:00:31,0.0045
9,180-199,1773590426,2026-03-16T00:00:26,0.0045
9,180-199,1773594033,2026-03-16T01:00:33,0.0085
9,180-199,1773597631,2026-03-16T02:00:31,0.0085
9,180-199,1773601226,2026-03-16T03:00:26,0.0085
9,180-199,1773604830,2026-03-16T04:00:30,0.0085
9,180-199,1773608431,2026-03-16T05:00:31,0.007
9,180-199,1773612028,2026-03-16T06:00:28,0.0075
9,180-199,1773615627,2026-03-16T07:00:27,0.009
9,180-199,1773619246,2026-03-16T08:00:46,0.0085
9,180-199,1773622825,2026-03-16T09:00:25,0.0115
9,180-199,1773626426,2026-03-16T10:00:26,0.011
9,180-199,1773630027,2026-03-16T11:00:27,0.0115
9,180-199,1773633625,2026-03-16T12:00:25,0.0105
9,180-199,1773637224,2026-03-16T13:00:24,0.0115
9,180-199,1773640839,2026-03-16T14:00:39,0.012
9,180-199,1773644422,2026-03-16T15:00:22,0.0135
9,180-199,1773648025,2026-03-16T16:00:25,0.013
9,180-199,1773651626,2026-03-16T17:00:26,0.0155
9,180-199,1773655226,2026-03-16T18:00:26,0.02
9,180-199,1773658823,2026-03-16T19:00:23,0.022
9,180-199,1773662425,2026-03-16T20:00:25,0.0145
9,180-199,1773666028,2026-03-16T21:00:28,0.0285
9,180-199,1773669626,2026-03-16T22:00:26,0.038
9,180-199,1773673226,2026-03-16T23:00:26,0.0375
9,180-199,1773676827,2026-03-17T00:00:27,0.039
9,180-199,1773680427,2026-03-17T01:00:27,0.0395
9,180-199,1773684027,2026-03-17T02:00:27,0.049
9,180-199,1773687632,2026-03-17T03:00:32,0.057
9,180-199,1773691226,2026-03-17T04:00:26,0.0675
9,180-199,1773694830,2026-03-17T05:00:30,0.0785
9,180-199,1773698429,2026-03-17T06:00:29,0.0735
9,180-199,1773702029,2026-03-17T07:00:29,0.051
9,180-199,1773705631,2026-03-17T08:00:31,0.046
9,180-199,1773709227,2026-03-17T09:00:27,0.0625
9,180-199,1773712829,2026-03-17T10:00:29,0.06
9,180-199,1773716429,2026-03-17T11:00:29,0.0535
9,180-199,1773720031,2026-03-17T12:00:31,0.0565
9,180-199,1773723644,2026-03-17T13:00:44,0.064
9,180-199,1773727229,2026-03-17T14:00:29,0.064
9,180-199,1773730829,2026-03-17T15:00:29,0.0695
9,180-199,1773734430,2026-03-17T16:00:30,0.098
9,180-199,1773738030,2026-03-17T17:00:30,0.1065
9,180-199,1773741630,2026-03-17T18:00:30,0.125
9,180-199,1773745229,2026-03-17T19:00:29,0.1245
9,180-199,1773748833,2026-03-17T20:00:33,0.0795
9,180-199,1773752430,2026-03-17T21:00:30,0.027
9,180-199,1773756030,2026-03-17T22:00:30,0.021
9,180-199,1773759634,2026-03-17T23:00:34,0.0195
9,180-199,1773763231,2026-03-18T00:00:31,0.015
9,180-199,1773766830,2026-03-18T01:00:30,0.0105
9,180-199,1773770433,2026-03-18T02:00:33,0.0035
9,180-199,1773774032,2026-03-18T03:00:32,0.004
9,180-199,1773777633,2026-03-18T04:00:33,0.0035
9,180-199,1773781232,2026-03-18T05:00:32,0.0095
9,180-199,1773784806,2026-03-18T06:00:06,0.005
9,180-199,1773784852,2026-03-18T06:00:52,0.005
9,180-199,1773788428,2026-03-18T07:00:28,0.0055
9,180-199,1773792032,2026-03-18T08:00:32,0.007
9,180-199,1773795629,2026-03-18T09:00:29,0.0055
9,180-199,1773799229,2026-03-18T10:00:29,0.0065
9,180-199,1773802830,2026-03-18T11:00:30,0.0065
9,180-199,1773806427,2026-03-18T12:00:27,0.006
9,180-199,1773810031,2026-03-18T13:00:31,0.0055
9,180-199,1773813632,2026-03-18T14:00:32,0.0115
9,180-199,1773817231,2026-03-18T15:00:31,0.0135
9,180-199,1773820827,2026-03-18T16:00:27,0.006
9,180-199,1773824438,2026-03-18T17:00:38,0.0035
9,180-199,1773828030,2026-03-18T18:00:30,0.0065
9,180-199,1773831629,2026-03-18T19:00:29,0.0065
9,180-199,1773835240,2026-03-18T20:00:40,0.0065
9,180-199,1773838828,2026-03-18T21:00:28,0.0045
9,180-199,1773842431,2026-03-18T22:00:31,0.0025
9,180-199,1773846037,2026-03-18T23:00:37,0.0015
9,180-199,1773849632,2026-03-19T00:00:32,0.0005
9,180-199,1773853227,2026-03-19T01:00:27,0.0005
9,180-199,1773856836,2026-03-19T02:00:36,0.0005
9,180-199,1773860432,2026-03-19T03:00:32,0.0005
9,180-199,1773864042,2026-03-19T04:00:42,0.0005
9,180-199,1773867634,2026-03-19T05:00:34,0.0005
9,180-199,1773871231,2026-03-19T06:00:31,0.0005
10,200-219,1773093619,2026-03-10T06:00:19,0.08
10,200-219,1773097219,2026-03-10T07:00:19,0.08
10,200-219,1773100822,2026-03-10T08:00:22,0.055
10,200-219,1773104419,2026-03-10T09:00:19,0.035
10,200-219,1773108019,2026-03-10T10:00:19,0.07
10,200-219,1773111621,2026-03-10T11:00:21,0.0595
10,200-219,1773115224,2026-03-10T12:00:24,0.059
10,200-219,1773118821,2026-03-10T13:00:21,0.0605
10,200-219,1773122422,2026-03-10T14:00:22,0.059
10,200-219,1773126021,2026-03-10T15:00:21,0.0575
10,200-219,1773129619,2026-03-10T16:00:19,0.0495
10,200-219,1773133223,2026-03-10T17:00:23,0.0495
10,200-219,1773136827,2026-03-10T18:00:27,0.0475
10,200-219,1773140420,2026-03-10T19:00:20,0.0455
10,200-219,1773144026,2026-03-10T20:00:26,0.047
10,200-219,1773147623,2026-03-10T21:00:23,0.045
10,200-219,1773151223,2026-03-10T22:00:23,0.0415
10,200-219,1773154824,2026-03-10T23:00:24,0.0425
10,200-219,1773158428,2026-03-11T00:00:28,0.0465
10,200-219,1773162020,2026-03-11T01:00:20,0.033
10,200-219,1773165624,2026-03-11T02:00:24,0.042
10,200-219,1773169223,2026-03-11T03:00:23,0.0375
10,200-219,1773172825,2026-03-11T04:00:25,0.0385
10,200-219,1773176424,2026-03-11T05:00:24,0.038
10,200-219,1773180022,2026-03-11T06:00:22,0.035
10,200-219,1773183623,2026-03-11T07:00:23,0.0325
10,200-219,1773187225,2026-03-11T08:00:25,0.0345
10,200-219,1773190822,2026-03-11T09:00:22,0.0315
10,200-219,1773194424,2026-03-11T10:00:24,0.0315
10,200-219,1773198025,2026-03-11T11:00:25,0.0315
10,200-219,1773201624,2026-03-11T12:00:24,0.0315
10,200-219,1773205223,2026-03-11T13:00:23,0.0315
10,200-219,1773208825,2026-03-11T14:00:25,0.0305
10,200-219,1773212423,2026-03-11T15:00:23,0.0305
10,200-219,1773216023,2026-03-11T16:00:23,0.031
10,200-219,1773219621,2026-03-11T17:00:21,0.0305
10,200-219,1773223224,2026-03-11T18:00:24,0.0305
10,200-219,1773226825,2026-03-11T19:00:25,0.0305
10,200-219,1773230436,2026-03-11T20:00:36,0.0305
10,200-219,1773234023,2026-03-11T21:00:23,0.0305
10,200-219,1773237623,2026-03-11T22:00:23,0.0355
10,200-219,1773241226,2026-03-11T23:00:26,0.043
10,200-219,1773244824,2026-03-12T00:00:24,0.0405
10,200-219,1773248425,2026-03-12T01:00:25,0.0335
10,200-219,1773252022,2026-03-12T02:00:22,0.039
10,200-219,1773255625,2026-03-12T03:00:25,0.0365
10,200-219,1773259224,2026-03-12T04:00:24,0.041
10,200-219,1773262825,2026-03-12T05:00:25,0.039
10,200-219,1773266424,2026-03-12T06:00:24,0.044
10,200-219,1773270022,2026-03-12T07:00:22,0.0455
10,200-219,1773273624,2026-03-12T08:00:24,0.045
10,200-219,1773277224,2026-03-12T09:00:24,0.0515
10,200-219,1773280823,2026-03-12T10:00:23,0.0445
10,200-219,1773284425,2026-03-12T11:00:25,0.0445
10,200-219,1773288022,2026-03-12T12:00:22,0.0455
10,200-219,1773291621,2026-03-12T13:00:21,0.0515
10,200-219,1773295225,2026-03-12T14:00:25,0.0505
10,200-219,1773298823,2026-03-12T15:00:23,0.0535
10,200-219,1773302425,2026-03-12T16:00:25,0.053
10,200-219,1773306022,2026-03-12T17:00:22,0.0505
10,200-219,1773309637,2026-03-12T18:00:37,0.0445
10,200-219,1773313223,2026-03-12T19:00:23,0.0345
10,200-219,1773316825,2026-03-12T20:00:25,0.0335
10,200-219,1773320423,2026-03-12T21:00:23,0.035
10,200-219,1773324027,2026-03-12T22:00:27,0.035
10,200-219,1773327625,2026-03-12T23:00:25,0.0305
10,200-219,1773331225,2026-03-13T00:00:25,0.0305
10,200-219,1773334829,2026-03-13T01:00:29,0.0335
10,200-219,1773338425,2026-03-13T02:00:25,0.0375
10,200-219,1773342021,2026-03-13T03:00:21,0.0355
10,200-219,1773345624,2026-03-13T04:00:24,0.0355
10,200-219,1773349223,2026-03-13T05:00:23,0.0355
10,200-219,1773352824,2026-03-13T06:00:24,0.0355
10,200-219,1773356421,2026-03-13T07:00:21,0.0355
10,200-219,1773360040,2026-03-13T08:00:40,0.0355
10,200-219,1773363625,2026-03-13T09:00:25,0.0355
10,200-219,1773367225,2026-03-13T10:00:25,0.0315
10,200-219,1773370823,2026-03-13T11:00:23,0.033
10,200-219,1773374424,2026-03-13T12:00:24,0.031
10,200-219,1773378021,2026-03-13T13:00:21,0.0325
10,200-219,1773381622,2026-03-13T14:00:22,0.032
10,200-219,1773385230,2026-03-13T15:00:30,0.0305
10,200-219,1773388820,2026-03-13T16:00:20,0.03
10,200-219,1773392423,2026-03-13T17:00:23,0.0315
10,200-219,1773396023,2026-03-13T18:00:23,0.0285
10,200-219,1773399639,2026-03-13T19:00:39,0.028
10,200-219,1773403249,2026-03-13T20:00:49,0.031
10,200-219,1773406835,2026-03-13T21:00:35,0.043
10,200-219,1773410440,2026-03-13T22:00:40,0.029
10,200-219,1773414051,2026-03-13T23:00:51,0.028
10,200-219,1773417644,2026-03-14T00:00:44,0.027
10,200-219,1773421232,2026-03-14T01:00:32,0.0265
10,200-219,1773424848,2026-03-14T02:00:48,0.0255
10,200-219,1773428441,2026-03-14T03:00:41,0.027
10,200-219,1773432032,2026-03-14T04:00:32,0.021
10,200-219,1773435654,2026-03-14T05:00:54,0.019
10,200-219,1773439239,2026-03-14T06:00:39,0.0185
10,200-219,1773442830,2026-03-14T07:00:30,0.0185
10,200-219,1773446449,2026-03-14T08:00:49,0.022
10,200-219,1773450031,2026-03-14T09:00:31,0.02
10,200-219,1773453631,2026-03-14T10:00:31,0.018
10,200-219,1773457249,2026-03-14T11:00:49,0.0175
10,200-219,1773460830,2026-03-14T12:00:30,0.015
10,200-219,1773464431,2026-03-14T13:00:31,0.016
10,200-219,1773468047,2026-03-14T14:00:47,0.013
10,200-219,1773471630,2026-03-14T15:00:30,0.008
10,200-219,1773475232,2026-03-14T16:00:32,0.007
10,200-219,1773478846,2026-03-14T17:00:46,0.0065
10,200-219,1773482430,2026-03-14T18:00:30,0.0065
10,200-219,1773486032,2026-03-14T19:00:32,0.0065
10,200-219,1773489653,2026-03-14T20:00:53,0.0065
10,200-219,1773493251,2026-03-14T21:00:51,0.0065
10,200-219,1773496834,2026-03-14T22:00:34,0.0055
10,200-219,1773500448,2026-03-14T23:00:48,0.0075
10,200-219,1773504035,2026-03-15T00:00:35,0.007
10,200-219,1773511246,2026-03-15T02:00:46,0.013
10,200-219,1773514835,2026-03-15T03:00:35,0.0145
10,200-219,1773518430,2026-03-15T04:00:30,0.0175
10,200-219,1773522047,2026-03-15T05:00:47,0.016
10,200-219,1773525640,2026-03-15T06:00:40,0.0165
10,200-219,1773529230,2026-03-15T07:00:30,0.011
10,200-219,1773532852,2026-03-15T08:00:52,0.01
10,200-219,1773536430,2026-03-15T09:00:30,0.012
10,200-219,1773540033,2026-03-15T10:00:33,0.013
10,200-219,1773543649,2026-03-15T11:00:49,0.013
10,200-219,1773547231,2026-03-15T12:00:31,0.012
10,200-219,1773550831,2026-03-15T13:00:31,0.015
10,200-219,1773554444,2026-03-15T14:00:44,0.0145
10,200-219,1773558030,2026-03-15T15:00:30,0.0095
10,200-219,1773561633,2026-03-15T16:00:33,0.0085
10,200-219,1773565246,2026-03-15T17:00:46,0.0115
10,200-219,1773568842,2026-03-15T18:00:42,0.0155
10,200-219,1773572430,2026-03-15T19:00:30,0.0135
10,200-219,1773576048,2026-03-15T20:00:48,0.016
10,200-219,1773579632,2026-03-15T21:00:32,0.0185
10,200-219,1773583239,2026-03-15T22:00:39,0.009
10,200-219,1773586856,2026-03-15T23:00:56,0.009
10,200-219,1773590432,2026-03-16T00:00:32,0.0175
10,200-219,1773594050,2026-03-16T01:00:50,0.024
10,200-219,1773597649,2026-03-16T02:00:49,0.018
10,200-219,1773601237,2026-03-16T03:00:37,0.025
10,200-219,1773604837,2026-03-16T04:00:37,0.02
10,200-219,1773608446,2026-03-16T05:00:46,0.024
10,200-219,1773612039,2026-03-16T06:00:39,0.0265
10,200-219,1773615634,2026-03-16T07:00:34,0.0255
10,200-219,1773622829,2026-03-16T09:00:29,0.0285
10,200-219,1773626430,2026-03-16T10:00:30,0.0285
10,200-219,1773630041,2026-03-16T11:00:41,0.027
10,200-219,1773633634,2026-03-16T12:00:34,0.0235
10,200-219,1773637229,2026-03-16T13:00:29,0.027
10,200-219,1773640853,2026-03-16T14:00:53,0.028
10,200-219,1773644428,2026-03-16T15:00:28,0.028
10,200-219,1773648030,2026-03-16T16:00:30,0.025
10,200-219,1773651633,2026-03-16T17:00:33,0.0325
10,200-219,1773655231,2026-03-16T18:00:31,0.039
10,200-219,1773658828,2026-03-16T19:00:28,0.0545
10,200-219,1773662433,2026-03-16T20:00:33,0.047
10,200-219,1773666033,2026-03-16T21:00:33,0.0585
10,200-219,1773669636,2026-03-16T22:00:36,0.049
10,200-219,1773673235,2026-03-16T23:00:35,0.0595
10,200-219,1773676832,2026-03-17T00:00:32,0.07
10,200-219,1773680432,2026-03-17T01:00:32,0.085
10,200-219,1773684035,2026-03-17T02:00:35,0.071
10,200-219,1773687637,2026-03-17T03:00:37,0.0785
10,200-219,1773691232,2026-03-17T04:00:32,0.1035
10,200-219,1773694843,2026-03-17T05:00:43,0.111
10,200-219,1773698434,2026-03-17T06:00:34,0.12
10,200-219,1773702035,2026-03-17T07:00:35,0.1135
10,200-219,1773705640,2026-03-17T08:00:40,0.117
10,200-219,1773709234,2026-03-17T09:00:34,0.1235
10,200-219,1773712835,2026-03-17T10:00:35,0.1225
10,200-219,1773716437,2026-03-17T11:00:37,0.123
10,200-219,1773720038,2026-03-17T12:00:38,0.1225
10,200-219,1773723649,2026-03-17T13:00:49,0.1255
10,200-219,1773727237,2026-03-17T14:00:37,0.1355
10,200-219,1773730841,2026-03-17T15:00:41,0.1555
10,200-219,1773734438,2026-03-17T16:00:38,0.174
10,200-219,1773738040,2026-03-17T17:00:40,0.186
10,200-219,1773741641,2026-03-17T18:00:41,0.1945
10,200-219,1773745235,2026-03-17T19:00:35,0.1955
10,200-219,1773748843,2026-03-17T20:00:43,0.173
10,200-219,1773752436,2026-03-17T21:00:36,0.101
10,200-219,1773756038,2026-03-17T22:00:38,0.0965
10,200-219,1773759644,2026-03-17T23:00:44,0.0985
10,200-219,1773763237,2026-03-18T00:00:37,0.067
10,200-219,1773766837,2026-03-18T01:00:37,0.0185
10,200-219,1773770442,2026-03-18T02:00:42,0.026
10,200-219,1773774039,2026-03-18T03:00:39,0.018
10,200-219,1773777640,2026-03-18T04:00:40,0.0245
10,200-219,1773781243,2026-03-18T05:00:43,0.036
10,200-219,1773784812,2026-03-18T06:00:12,0.042
10,200-219,1773784857,2026-03-18T06:00:57,0.042
10,200-219,1773788434,2026-03-18T07:00:34,0.0395
10,200-219,1773792042,2026-03-18T08:00:42,0.0375
10,200-219,1773795635,2026-03-18T09:00:35,0.0365
10,200-219,1773799235,2026-03-18T10:00:35,0.0355
10,200-219,1773802840,2026-03-18T11:00:40,0.027
10,200-219,1773806433,2026-03-18T12:00:33,0.0315
10,200-219,1773810038,2026-03-18T13:00:38,0.0365
10,200-219,1773813642,2026-03-18T14:00:42,0.0375
10,200-219,1773817238,2026-03-18T15:00:38,0.0525
10,200-219,1773820833,2026-03-18T16:00:33,0.0425
10,200-219,1773824447,2026-03-18T17:00:47,0.053
10,200-219,1773828038,2026-03-18T18:00:38,0.0615
10,200-219,1773831635,2026-03-18T19:00:35,0.064
10,200-219,1773835259,2026-03-18T20:00:59,0.065
10,200-219,1773838835,2026-03-18T21:00:35,0.0655
10,200-219,1773842439,2026-03-18T22:00:39,0.0095
10,200-219,1773846056,2026-03-18T23:00:56,0.007
10,200-219,1773849640,2026-03-19T00:00:40,0.0035
10,200-219,1773853234,2026-03-19T01:00:34,0.0035
10,200-219,1773856854,2026-03-19T02:00:54,0.0015
10,200-219,1773860439,2026-03-19T03:00:39,0.0025
10,200-219,1773864048,2026-03-19T04:00:48,0.002
10,200-219,1773867651,2026-03-19T05:00:51,0.0015
10,200-219,1773871243,2026-03-19T06:00:43,0.0015
10,200-219,1773874832,2026-03-19T07:00:32,0.0015
10,200-219,1773878455,2026-03-19T08:00:55,0.0015
10,200-219,1773882035,2026-03-19T09:00:35,0.0015
10,200-219,1773885635,2026-03-19T10:00:35,0.0015
10,200-219,1773889251,2026-03-19T11:00:51,0.0015
10,200-219,1773892837,2026-03-19T12:00:37,0.0005
10,200-219,1773896435,2026-03-19T13:00:35,0.0005
10,200-219,1773903648,2026-03-19T15:00:48,0.0005
10,200-219,1773907236,2026-03-19T16:00:36,0.0005
11,220-239,1773093623,2026-03-10T06:00:23,0.095
11,220-239,1773097224,2026-03-10T07:00:24,0.1
11,220-239,1773100832,2026-03-10T08:00:32,0.095
11,220-239,1773104423,2026-03-10T09:00:23,0.055
11,220-239,1773108024,2026-03-10T10:00:24,0.07
11,220-239,1773111627,2026-03-10T11:00:27,0.08
11,220-239,1773115228,2026-03-10T12:00:28,0.08
11,220-239,1773118825,2026-03-10T13:00:25,0.08
11,220-239,1773122428,2026-03-10T14:00:28,0.075
11,220-239,1773126026,2026-03-10T15:00:26,0.075
11,220-239,1773129624,2026-03-10T16:00:24,0.07
11,220-239,1773133236,2026-03-10T17:00:36,0.07
11,220-239,1773136835,2026-03-10T18:00:35,0.075
11,220-239,1773140424,2026-03-10T19:00:24,0.075
11,220-239,1773144036,2026-03-10T20:00:36,0.075
11,220-239,1773147628,2026-03-10T21:00:28,0.075
11,220-239,1773151228,2026-03-10T22:00:28,0.065
11,220-239,1773154836,2026-03-10T23:00:36,0.065
11,220-239,1773158433,2026-03-11T00:00:33,0.065
11,220-239,1773162025,2026-03-11T01:00:25,0.065
11,220-239,1773165634,2026-03-11T02:00:34,0.065
11,220-239,1773169228,2026-03-11T03:00:28,0.055
11,220-239,1773172829,2026-03-11T04:00:29,0.055
11,220-239,1773176435,2026-03-11T05:00:35,0.06
11,220-239,1773180027,2026-03-11T06:00:27,0.06
11,220-239,1773183627,2026-03-11T07:00:27,0.055
11,220-239,1773187236,2026-03-11T08:00:36,0.055
11,220-239,1773190828,2026-03-11T09:00:28,0.055
11,220-239,1773194428,2026-03-11T10:00:28,0.055
11,220-239,1773198035,2026-03-11T11:00:35,0.055
11,220-239,1773201628,2026-03-11T12:00:28,0.055
11,220-239,1773205228,2026-03-11T13:00:28,0.055
11,220-239,1773208835,2026-03-11T14:00:35,0.055
11,220-239,1773212428,2026-03-11T15:00:28,0.055
11,220-239,1773216028,2026-03-11T16:00:28,0.055
11,220-239,1773219631,2026-03-11T17:00:31,0.055
11,220-239,1773223231,2026-03-11T18:00:31,0.055
11,220-239,1773226829,2026-03-11T19:00:29,0.055
11,220-239,1773230447,2026-03-11T20:00:47,0.055
11,220-239,1773234027,2026-03-11T21:00:27,0.055
11,220-239,1773237628,2026-03-11T22:00:28,0.055
11,220-239,1773241244,2026-03-11T23:00:44,0.065
11,220-239,1773244829,2026-03-12T00:00:29,0.065
11,220-239,1773248439,2026-03-12T01:00:39,0.065
11,220-239,1773252033,2026-03-12T02:00:33,0.065
11,220-239,1773255629,2026-03-12T03:00:29,0.055
11,220-239,1773259230,2026-03-12T04:00:30,0.065
11,220-239,1773262837,2026-03-12T05:00:37,0.06
11,220-239,1773266429,2026-03-12T06:00:29,0.065
11,220-239,1773270026,2026-03-12T07:00:26,0.075
11,220-239,1773273636,2026-03-12T08:00:36,0.065
11,220-239,1773277228,2026-03-12T09:00:28,0.07
11,220-239,1773280828,2026-03-12T10:00:28,0.07
11,220-239,1773284435,2026-03-12T11:00:35,0.065
11,220-239,1773288028,2026-03-12T12:00:28,0.07
11,220-239,1773291629,2026-03-12T13:00:29,0.065
11,220-239,1773295236,2026-03-12T14:00:36,0.065
11,220-239,1773298828,2026-03-12T15:00:28,0.065
11,220-239,1773302430,2026-03-12T16:00:30,0.065
11,220-239,1773306032,2026-03-12T17:00:32,0.065
11,220-239,1773309651,2026-03-12T18:00:51,0.055
11,220-239,1773313227,2026-03-12T19:00:27,0.055
11,220-239,1773316843,2026-03-12T20:00:43,0.055
11,220-239,1773320437,2026-03-12T21:00:37,0.055
11,220-239,1773324032,2026-03-12T22:00:32,0.055
11,220-239,1773327636,2026-03-12T23:00:36,0.055
11,220-239,1773331230,2026-03-13T00:00:30,0.055
11,220-239,1773334849,2026-03-13T01:00:49,0.055
11,220-239,1773338439,2026-03-13T02:00:39,0.055
11,220-239,1773342026,2026-03-13T03:00:26,0.055
11,220-239,1773345630,2026-03-13T04:00:30,0.055
11,220-239,1773349235,2026-03-13T05:00:35,0.055
11,220-239,1773352829,2026-03-13T06:00:29,0.055
11,220-239,1773356430,2026-03-13T07:00:30,0.055
11,220-239,1773360052,2026-03-13T08:00:52,0.055
11,220-239,1773363630,2026-03-13T09:00:30,0.055
11,220-239,1773367230,2026-03-13T10:00:30,0.055
11,220-239,1773370834,2026-03-13T11:00:34,0.055
11,220-239,1773374429,2026-03-13T12:00:29,0.055
11,220-239,1773378026,2026-03-13T13:00:26,0.055
11,220-239,1773381634,2026-03-13T14:00:34,0.055
11,220-239,1773385236,2026-03-13T15:00:36,0.045
11,220-239,1773388826,2026-03-13T16:00:26,0.05
11,220-239,1773392435,2026-03-13T17:00:35,0.045
11,220-239,1773396028,2026-03-13T18:00:28,0.045
11,220-239,1773399627,2026-03-13T19:00:27,0.045
11,220-239,1773403232,2026-03-13T20:00:32,0.045
11,220-239,1773406827,2026-03-13T21:00:27,0.045
11,220-239,1773410429,2026-03-13T22:00:29,0.0325
11,220-239,1773414032,2026-03-13T23:00:32,0.034
11,220-239,1773417638,2026-03-14T00:00:38,0.0315
11,220-239,1773421225,2026-03-14T01:00:25,0.04
11,220-239,1773424831,2026-03-14T02:00:31,0.036
11,220-239,1773428430,2026-03-14T03:00:30,0.047
11,220-239,1773432025,2026-03-14T04:00:25,0.031
11,220-239,1773435639,2026-03-14T05:00:39,0.03
11,220-239,1773439227,2026-03-14T06:00:27,0.034
11,220-239,1773442823,2026-03-14T07:00:23,0.0315
11,220-239,1773446432,2026-03-14T08:00:32,0.03
11,220-239,1773450025,2026-03-14T09:00:25,0.03
11,220-239,1773453624,2026-03-14T10:00:24,0.031
11,220-239,1773457230,2026-03-14T11:00:30,0.0315
11,220-239,1773460824,2026-03-14T12:00:24,0.029
11,220-239,1773464424,2026-03-14T13:00:24,0.0305
11,220-239,1773468030,2026-03-14T14:00:30,0.0275
11,220-239,1773471624,2026-03-14T15:00:24,0.0135
11,220-239,1773475226,2026-03-14T16:00:26,0.0125
11,220-239,1773478830,2026-03-14T17:00:30,0.014
11,220-239,1773482423,2026-03-14T18:00:23,0.0165
11,220-239,1773486026,2026-03-14T19:00:26,0.0195
11,220-239,1773489635,2026-03-14T20:00:35,0.0165
11,220-239,1773493231,2026-03-14T21:00:31,0.0215
11,220-239,1773496828,2026-03-14T22:00:28,0.0135
11,220-239,1773500431,2026-03-14T23:00:31,0.0175
11,220-239,1773504028,2026-03-15T00:00:28,0.016
11,220-239,1773507635,2026-03-15T01:00:35,0.0145
11,220-239,1773511229,2026-03-15T02:00:29,0.0225
11,220-239,1773514825,2026-03-15T03:00:25,0.016
11,220-239,1773518424,2026-03-15T04:00:24,0.0205
11,220-239,1773522031,2026-03-15T05:00:31,0.018
11,220-239,1773525628,2026-03-15T06:00:28,0.0165
11,220-239,1773529224,2026-03-15T07:00:24,0.0215
11,220-239,1773532832,2026-03-15T08:00:32,0.0235
11,220-239,1773536424,2026-03-15T09:00:24,0.0255
11,220-239,1773540026,2026-03-15T10:00:26,0.041
11,220-239,1773543630,2026-03-15T11:00:30,0.0275
11,220-239,1773547225,2026-03-15T12:00:25,0.0265
11,220-239,1773550823,2026-03-15T13:00:23,0.0255
11,220-239,1773554428,2026-03-15T14:00:28,0.0275
11,220-239,1773558024,2026-03-15T15:00:24,0.0215
11,220-239,1773561625,2026-03-15T16:00:25,0.014
11,220-239,1773565230,2026-03-15T17:00:30,0.019
11,220-239,1773568827,2026-03-15T18:00:27,0.0235
11,220-239,1773572424,2026-03-15T19:00:24,0.038
11,220-239,1773576031,2026-03-15T20:00:31,0.032
11,220-239,1773579625,2026-03-15T21:00:25,0.0235
11,220-239,1773583227,2026-03-15T22:00:27,0.023
11,220-239,1773586831,2026-03-15T23:00:31,0.027
11,220-239,1773590426,2026-03-16T00:00:26,0.038
11,220-239,1773594033,2026-03-16T01:00:33,0.0485
11,220-239,1773597631,2026-03-16T02:00:31,0.0485
11,220-239,1773601226,2026-03-16T03:00:26,0.05
11,220-239,1773604830,2026-03-16T04:00:30,0.0515
11,220-239,1773608431,2026-03-16T05:00:31,0.053
11,220-239,1773612028,2026-03-16T06:00:28,0.052
11,220-239,1773615627,2026-03-16T07:00:27,0.0585
11,220-239,1773619246,2026-03-16T08:00:46,0.067
11,220-239,1773622825,2026-03-16T09:00:25,0.0725
11,220-239,1773626425,2026-03-16T10:00:25,0.077
11,220-239,1773630027,2026-03-16T11:00:27,0.076
11,220-239,1773633625,2026-03-16T12:00:25,0.0735
11,220-239,1773637224,2026-03-16T13:00:24,0.08
11,220-239,1773640839,2026-03-16T14:00:39,0.077
11,220-239,1773644422,2026-03-16T15:00:22,0.0875
11,220-239,1773648025,2026-03-16T16:00:25,0.0875
11,220-239,1773651626,2026-03-16T17:00:26,0.093
11,220-239,1773655226,2026-03-16T18:00:26,0.096
11,220-239,1773658823,2026-03-16T19:00:23,0.1005
11,220-239,1773662425,2026-03-16T20:00:25,0.102
11,220-239,1773666028,2026-03-16T21:00:28,0.1125
11,220-239,1773669626,2026-03-16T22:00:26,0.115
11,220-239,1773673226,2026-03-16T23:00:26,0.1275
11,220-239,1773676827,2026-03-17T00:00:27,0.1215
11,220-239,1773680427,2026-03-17T01:00:27,0.131
11,220-239,1773684027,2026-03-17T02:00:27,0.1425
11,220-239,1773687632,2026-03-17T03:00:32,0.1535
11,220-239,1773691226,2026-03-17T04:00:26,0.156
11,220-239,1773694830,2026-03-17T05:00:30,0.1525
11,220-239,1773698429,2026-03-17T06:00:29,0.1515
11,220-239,1773702029,2026-03-17T07:00:29,0.146
11,220-239,1773705631,2026-03-17T08:00:31,0.1535
11,220-239,1773709227,2026-03-17T09:00:27,0.1655
11,220-239,1773712829,2026-03-17T10:00:29,0.168
11,220-239,1773716429,2026-03-17T11:00:29,0.164
11,220-239,1773720031,2026-03-17T12:00:31,0.1645
11,220-239,1773723644,2026-03-17T13:00:44,0.168
11,220-239,1773727229,2026-03-17T14:00:29,0.1695
11,220-239,1773730829,2026-03-17T15:00:29,0.1785
11,220-239,1773734430,2026-03-17T16:00:30,0.186
11,220-239,1773738030,2026-03-17T17:00:30,0.1885
11,220-239,1773741629,2026-03-17T18:00:29,0.178
11,220-239,1773745229,2026-03-17T19:00:29,0.18
11,220-239,1773748832,2026-03-17T20:00:32,0.206
11,220-239,1773752430,2026-03-17T21:00:30,0.1485
11,220-239,1773756030,2026-03-17T22:00:30,0.164
11,220-239,1773759634,2026-03-17T23:00:34,0.1975
11,220-239,1773763231,2026-03-18T00:00:31,0.13
11,220-239,1773766830,2026-03-18T01:00:30,0.0625
11,220-239,1773770433,2026-03-18T02:00:33,0.065
11,220-239,1773774032,2026-03-18T03:00:32,0.072
11,220-239,1773777633,2026-03-18T04:00:33,0.078
11,220-239,1773781232,2026-03-18T05:00:32,0.093
11,220-239,1773784806,2026-03-18T06:00:06,0.1025
11,220-239,1773784852,2026-03-18T06:00:52,0.104
11,220-239,1773788428,2026-03-18T07:00:28,0.1245
11,220-239,1773792032,2026-03-18T08:00:32,0.118
11,220-239,1773795629,2026-03-18T09:00:29,0.128
11,220-239,1773799229,2026-03-18T10:00:29,0.1145
11,220-239,1773802830,2026-03-18T11:00:30,0.13
11,220-239,1773806427,2026-03-18T12:00:27,0.1165
11,220-239,1773810031,2026-03-18T13:00:31,0.1365
11,220-239,1773813632,2026-03-18T14:00:32,0.154
11,220-239,1773817231,2026-03-18T15:00:31,0.205
11,220-239,1773820827,2026-03-18T16:00:27,0.188
11,220-239,1773824438,2026-03-18T17:00:38,0.1845
11,220-239,1773828030,2026-03-18T18:00:30,0.204
11,220-239,1773831628,2026-03-18T19:00:28,0.2175
11,220-239,1773835239,2026-03-18T20:00:39,0.1915
11,220-239,1773838828,2026-03-18T21:00:28,0.203
11,220-239,1773842431,2026-03-18T22:00:31,0.084
11,220-239,1773846037,2026-03-18T23:00:37,0.074
11,220-239,1773849631,2026-03-19T00:00:31,0.04
11,220-239,1773853227,2026-03-19T01:00:27,0.0445
11,220-239,1773856836,2026-03-19T02:00:36,0.056
11,220-239,1773860432,2026-03-19T03:00:32,0.0485
11,220-239,1773864042,2026-03-19T04:00:42,0.046
11,220-239,1773867634,2026-03-19T05:00:34,0.026
11,220-239,1773871231,2026-03-19T06:00:31,0.0275
11,220-239,1773874826,2026-03-19T07:00:26,0.026
11,220-239,1773878437,2026-03-19T08:00:37,0.0245
11,220-239,1773882028,2026-03-19T09:00:28,0.0295
11,220-239,1773885629,2026-03-19T10:00:29,0.0275
11,220-239,1773889232,2026-03-19T11:00:32,0.0165
11,220-239,1773892831,2026-03-19T12:00:31,0.0105
11,220-239,1773896427,2026-03-19T13:00:27,0.0095
11,220-239,1773900046,2026-03-19T14:00:46,0.0075
11,220-239,1773903641,2026-03-19T15:00:41,0.004
11,220-239,1773907228,2026-03-19T16:00:28,0.0005
11,220-239,1773910848,2026-03-19T17:00:48,0.0005
11,220-239,1773914428,2026-03-19T18:00:28,0.0005
12,240-259,1773093628,2026-03-10T06:00:28,0.095
12,240-259,1773097229,2026-03-10T07:00:29,0.105
12,240-259,1773100843,2026-03-10T08:00:43,0.105
12,240-259,1773104427,2026-03-10T09:00:27,0.065
12,240-259,1773108028,2026-03-10T10:00:28,0.095
12,240-259,1773111633,2026-03-10T11:00:33,0.095
12,240-259,1773115233,2026-03-10T12:00:33,0.095
12,240-259,1773118830,2026-03-10T13:00:30,0.095
12,240-259,1773122436,2026-03-10T14:00:36,0.095
12,240-259,1773126032,2026-03-10T15:00:32,0.095
12,240-259,1773129629,2026-03-10T16:00:29,0.095
12,240-259,1773133250,2026-03-10T17:00:50,0.095
12,240-259,1773136844,2026-03-10T18:00:44,0.095
12,240-259,1773140429,2026-03-10T19:00:29,0.095
12,240-259,1773144047,2026-03-10T20:00:47,0.095
12,240-259,1773147635,2026-03-10T21:00:35,0.095
12,240-259,1773151233,2026-03-10T22:00:33,0.095
12,240-259,1773154849,2026-03-10T23:00:49,0.095
12,240-259,1773158438,2026-03-11T00:00:38,0.095
12,240-259,1773162030,2026-03-11T01:00:30,0.095
12,240-259,1773165644,2026-03-11T02:00:44,0.065
12,240-259,1773169233,2026-03-11T03:00:33,0.065
12,240-259,1773172834,2026-03-11T04:00:34,0.065
12,240-259,1773176444,2026-03-11T05:00:44,0.07
12,240-259,1773180032,2026-03-11T06:00:32,0.065
12,240-259,1773183633,2026-03-11T07:00:33,0.065
12,240-259,1773187246,2026-03-11T08:00:46,0.065
12,240-259,1773190834,2026-03-11T09:00:34,0.06
12,240-259,1773194433,2026-03-11T10:00:33,0.06
12,240-259,1773198045,2026-03-11T11:00:45,0.06
12,240-259,1773201633,2026-03-11T12:00:33,0.055
12,240-259,1773205233,2026-03-11T13:00:33,0.055
12,240-259,1773208845,2026-03-11T14:00:45,0.055
12,240-259,1773212434,2026-03-11T15:00:34,0.055
12,240-259,1773216033,2026-03-11T16:00:33,0.055
12,240-259,1773219641,2026-03-11T17:00:41,0.055
12,240-259,1773223239,2026-03-11T18:00:39,0.055
12,240-259,1773226835,2026-03-11T19:00:35,0.055
12,240-259,1773230458,2026-03-11T20:00:58,0.06
12,240-259,1773234033,2026-03-11T21:00:33,0.055
12,240-259,1773237634,2026-03-11T22:00:34,0.055
12,240-259,1773241259,2026-03-11T23:00:59,0.06
12,240-259,1773244834,2026-03-12T00:00:34,0.065
12,240-259,1773248455,2026-03-12T01:00:55,0.065
12,240-259,1773252043,2026-03-12T02:00:43,0.065
12,240-259,1773255635,2026-03-12T03:00:35,0.065
12,240-259,1773259237,2026-03-12T04:00:37,0.065
12,240-259,1773262848,2026-03-12T05:00:48,0.07
12,240-259,1773266435,2026-03-12T06:00:35,0.075
12,240-259,1773270032,2026-03-12T07:00:32,0.075
12,240-259,1773273648,2026-03-12T08:00:48,0.075
12,240-259,1773277233,2026-03-12T09:00:33,0.07
12,240-259,1773280833,2026-03-12T10:00:33,0.07
12,240-259,1773284446,2026-03-12T11:00:46,0.065
12,240-259,1773288033,2026-03-12T12:00:33,0.065
12,240-259,1773291637,2026-03-12T13:00:37,0.085
12,240-259,1773295246,2026-03-12T14:00:46,0.065
12,240-259,1773298836,2026-03-12T15:00:36,0.065
12,240-259,1773302436,2026-03-12T16:00:36,0.065
12,240-259,1773306042,2026-03-12T17:00:42,0.065
12,240-259,1773313233,2026-03-12T19:00:33,0.065
12,240-259,1773320451,2026-03-12T21:00:51,0.065
12,240-259,1773324037,2026-03-12T22:00:37,0.065
12,240-259,1773327648,2026-03-12T23:00:48,0.055
12,240-259,1773331235,2026-03-13T00:00:35,0.06
12,240-259,1773338456,2026-03-13T02:00:56,0.055
12,240-259,1773342031,2026-03-13T03:00:31,0.055
12,240-259,1773345638,2026-03-13T04:00:38,0.055
12,240-259,1773349247,2026-03-13T05:00:47,0.055
12,240-259,1773352834,2026-03-13T06:00:34,0.055
12,240-259,1773356440,2026-03-13T07:00:40,0.055
12,240-259,1773363636,2026-03-13T09:00:36,0.055
12,240-259,1773367235,2026-03-13T10:00:35,0.055
12,240-259,1773370845,2026-03-13T11:00:45,0.055
12,240-259,1773374435,2026-03-13T12:00:35,0.055
12,240-259,1773378032,2026-03-13T13:00:32,0.055
12,240-259,1773381647,2026-03-13T14:00:47,0.055
12,240-259,1773385242,2026-03-13T15:00:42,0.055
12,240-259,1773388832,2026-03-13T16:00:32,0.06
12,240-259,1773392448,2026-03-13T17:00:48,0.055
12,240-259,1773396034,2026-03-13T18:00:34,0.055
12,240-259,1773399632,2026-03-13T19:00:32,0.055
12,240-259,1773403240,2026-03-13T20:00:40,0.055
12,240-259,1773406830,2026-03-13T21:00:30,0.055
12,240-259,1773410434,2026-03-13T22:00:34,0.055
12,240-259,1773414041,2026-03-13T23:00:41,0.055
12,240-259,1773417640,2026-03-14T00:00:40,0.06
12,240-259,1773421228,2026-03-14T01:00:28,0.055
12,240-259,1773424838,2026-03-14T02:00:38,0.055
12,240-259,1773428435,2026-03-14T03:00:35,0.06
12,240-259,1773432029,2026-03-14T04:00:29,0.055
12,240-259,1773435646,2026-03-14T05:00:46,0.045
12,240-259,1773439232,2026-03-14T06:00:32,0.045
12,240-259,1773442826,2026-03-14T07:00:26,0.045
12,240-259,1773446439,2026-03-14T08:00:39,0.045
12,240-259,1773450028,2026-03-14T09:00:28,0.045
12,240-259,1773453627,2026-03-14T10:00:27,0.045
12,240-259,1773457240,2026-03-14T11:00:40,0.045
12,240-259,1773460826,2026-03-14T12:00:26,0.045
12,240-259,1773464427,2026-03-14T13:00:27,0.045
12,240-259,1773468038,2026-03-14T14:00:38,0.045
12,240-259,1773471627,2026-03-14T15:00:27,0.045
12,240-259,1773475229,2026-03-14T16:00:29,0.0355
12,240-259,1773478838,2026-03-14T17:00:38,0.036
12,240-259,1773482426,2026-03-14T18:00:26,0.0335
12,240-259,1773486029,2026-03-14T19:00:29,0.0335
12,240-259,1773489643,2026-03-14T20:00:43,0.0335
12,240-259,1773493239,2026-03-14T21:00:39,0.0325
12,240-259,1773496830,2026-03-14T22:00:30,0.0255
12,240-259,1773500439,2026-03-14T23:00:39,0.0235
12,240-259,1773504031,2026-03-15T00:00:31,0.0215
12,240-259,1773507647,2026-03-15T01:00:47,0.036
12,240-259,1773511237,2026-03-15T02:00:37,0.0355
12,240-259,1773514830,2026-03-15T03:00:30,0.0355
12,240-259,1773518427,2026-03-15T04:00:27,0.0365
12,240-259,1773522038,2026-03-15T05:00:38,0.038
12,240-259,1773525632,2026-03-15T06:00:32,0.0475
12,240-259,1773529226,2026-03-15T07:00:26,0.0485
12,240-259,1773532842,2026-03-15T08:00:42,0.048
12,240-259,1773536427,2026-03-15T09:00:27,0.048
12,240-259,1773540028,2026-03-15T10:00:28,0.045
12,240-259,1773543640,2026-03-15T11:00:40,0.042
12,240-259,1773547227,2026-03-15T12:00:27,0.042
12,240-259,1773550826,2026-03-15T13:00:26,0.0525
12,240-259,1773554436,2026-03-15T14:00:36,0.0445
12,240-259,1773558026,2026-03-15T15:00:26,0.0365
12,240-259,1773561629,2026-03-15T16:00:29,0.0305
12,240-259,1773565238,2026-03-15T17:00:38,0.0305
12,240-259,1773568835,2026-03-15T18:00:35,0.05
12,240-259,1773572426,2026-03-15T19:00:26,0.0565
12,240-259,1773576038,2026-03-15T20:00:38,0.0605
12,240-259,1773579628,2026-03-15T21:00:28,0.053
12,240-259,1773583232,2026-03-15T22:00:32,0.047
12,240-259,1773586842,2026-03-15T23:00:42,0.0525
12,240-259,1773590429,2026-03-16T00:00:29,0.0745
12,240-259,1773594041,2026-03-16T01:00:41,0.087
12,240-259,1773597640,2026-03-16T02:00:40,0.0815
12,240-259,1773601231,2026-03-16T03:00:31,0.082
12,240-259,1773604833,2026-03-16T04:00:33,0.077
12,240-259,1773608438,2026-03-16T05:00:38,0.0735
12,240-259,1773612033,2026-03-16T06:00:33,0.084
12,240-259,1773615630,2026-03-16T07:00:30,0.0955
12,240-259,1773619253,2026-03-16T08:00:53,0.0945
12,240-259,1773622827,2026-03-16T09:00:27,0.095
12,240-259,1773626427,2026-03-16T10:00:27,0.1075
12,240-259,1773630034,2026-03-16T11:00:34,0.1075
12,240-259,1773633629,2026-03-16T12:00:29,0.1005
12,240-259,1773637226,2026-03-16T13:00:26,0.1035
12,240-259,1773640846,2026-03-16T14:00:46,0.102
12,240-259,1773644425,2026-03-16T15:00:25,0.109
12,240-259,1773648027,2026-03-16T16:00:27,0.113
12,240-259,1773651629,2026-03-16T17:00:29,0.1185
12,240-259,1773655228,2026-03-16T18:00:28,0.128
12,240-259,1773658825,2026-03-16T19:00:25,0.1275
12,240-259,1773662428,2026-03-16T20:00:28,0.129
12,240-259,1773666031,2026-03-16T21:00:31,0.133
12,240-259,1773669631,2026-03-16T22:00:31,0.141
12,240-259,1773673230,2026-03-16T23:00:30,0.1445
12,240-259,1773676829,2026-03-17T00:00:29,0.1565
12,240-259,1773680429,2026-03-17T01:00:29,0.156
12,240-259,1773684030,2026-03-17T02:00:30,0.158
12,240-259,1773687634,2026-03-17T03:00:34,0.1565
12,240-259,1773691229,2026-03-17T04:00:29,0.1465
12,240-259,1773694835,2026-03-17T05:00:35,0.145
12,240-259,1773698431,2026-03-17T06:00:31,0.1395
12,240-259,1773702032,2026-03-17T07:00:32,0.1465
12,240-259,1773705635,2026-03-17T08:00:35,0.1495
12,240-259,1773709230,2026-03-17T09:00:30,0.1705
12,240-259,1773712832,2026-03-17T10:00:32,0.1765
12,240-259,1773716433,2026-03-17T11:00:33,0.1785
12,240-259,1773720034,2026-03-17T12:00:34,0.171
12,240-259,1773723646,2026-03-17T13:00:46,0.179
12,240-259,1773727233,2026-03-17T14:00:33,0.178
12,240-259,1773730834,2026-03-17T15:00:34,0.1785
12,240-259,1773734433,2026-03-17T16:00:33,0.1715
12,240-259,1773738034,2026-03-17T17:00:34,0.1755
12,240-259,1773741634,2026-03-17T18:00:34,0.1755
12,240-259,1773745231,2026-03-17T19:00:31,0.1765
12,240-259,1773748837,2026-03-17T20:00:37,0.176
12,240-259,1773752432,2026-03-17T21:00:32,0.174
12,240-259,1773756034,2026-03-17T22:00:34,0.199
12,240-259,1773759638,2026-03-17T23:00:38,0.208
12,240-259,1773763234,2026-03-18T00:00:34,0.204
12,240-259,1773766833,2026-03-18T01:00:33,0.1595
12,240-259,1773770437,2026-03-18T02:00:37,0.1325
12,240-259,1773774035,2026-03-18T03:00:35,0.1525
12,240-259,1773777636,2026-03-18T04:00:36,0.154
12,240-259,1773781237,2026-03-18T05:00:37,0.175
12,240-259,1773784809,2026-03-18T06:00:09,0.193
12,240-259,1773784854,2026-03-18T06:00:54,0.194
12,240-259,1773788430,2026-03-18T07:00:30,0.193
12,240-259,1773792036,2026-03-18T08:00:36,0.185
12,240-259,1773795632,2026-03-18T09:00:32,0.196
12,240-259,1773799232,2026-03-18T10:00:32,0.1955
12,240-259,1773802834,2026-03-18T11:00:34,0.2005
12,240-259,1773806429,2026-03-18T12:00:29,0.198
12,240-259,1773810034,2026-03-18T13:00:34,0.2155
12,240-259,1773813636,2026-03-18T14:00:36,0.2245
12,240-259,1773817234,2026-03-18T15:00:34,0.2455
12,240-259,1773820830,2026-03-18T16:00:30,0.2425
12,240-259,1773824442,2026-03-18T17:00:42,0.2595
12,240-259,1773828033,2026-03-18T18:00:33,0.2615
12,240-259,1773831631,2026-03-18T19:00:31,0.266
12,240-259,1773835248,2026-03-18T20:00:48,0.2665
12,240-259,1773838831,2026-03-18T21:00:31,0.259
12,240-259,1773842435,2026-03-18T22:00:35,0.2235
12,240-259,1773846045,2026-03-18T23:00:45,0.2225
12,240-259,1773849635,2026-03-19T00:00:35,0.1795
12,240-259,1773853230,2026-03-19T01:00:30,0.2225
12,240-259,1773856844,2026-03-19T02:00:44,0.248
12,240-259,1773860435,2026-03-19T03:00:35,0.2355
12,240-259,1773864045,2026-03-19T04:00:45,0.177
12,240-259,1773867641,2026-03-19T05:00:41,0.1625
12,240-259,1773871236,2026-03-19T06:00:36,0.1725
12,240-259,1773874829,2026-03-19T07:00:29,0.1525
12,240-259,1773878445,2026-03-19T08:00:45,0.1495
12,240-259,1773882031,2026-03-19T09:00:31,0.15
12,240-259,1773885631,2026-03-19T10:00:31,0.1485
12,240-259,1773889240,2026-03-19T11:00:40,0.1445
12,240-259,1773892833,2026-03-19T12:00:33,0.119
12,240-259,1773896431,2026-03-19T13:00:31,0.118
12,240-259,1773900054,2026-03-19T14:00:54,0.0845
12,240-259,1773903644,2026-03-19T15:00:44,0.0705
12,240-259,1773907231,2026-03-19T16:00:31,0.019
12,240-259,1773910854,2026-03-19T17:00:54,0.0005
12,240-259,1773914431,2026-03-19T18:00:31,0.0005
12,240-259,1773918042,2026-03-19T19:00:42,0.0005
12,240-259,1773921635,2026-03-19T20:00:35,0.0005
13,260-279,1773093629,2026-03-10T06:00:29,0.105
13,260-279,1773097231,2026-03-10T07:00:31,0.105
13,260-279,1773100847,2026-03-10T08:00:47,0.105
13,260-279,1773104429,2026-03-10T09:00:29,0.065
13,260-279,1773108030,2026-03-10T10:00:30,0.095
13,260-279,1773111636,2026-03-10T11:00:36,0.095
13,260-279,1773115234,2026-03-10T12:00:34,0.095
13,260-279,1773118831,2026-03-10T13:00:31,0.095
13,260-279,1773122439,2026-03-10T14:00:39,0.095
13,260-279,1773126034,2026-03-10T15:00:34,0.095
13,260-279,1773129630,2026-03-10T16:00:30,0.095
13,260-279,1773133254,2026-03-10T17:00:54,0.095
13,260-279,1773136848,2026-03-10T18:00:48,0.095
13,260-279,1773140431,2026-03-10T19:00:31,0.095
13,260-279,1773144050,2026-03-10T20:00:50,0.095
13,260-279,1773147637,2026-03-10T21:00:37,0.095
13,260-279,1773151235,2026-03-10T22:00:35,0.085
13,260-279,1773154852,2026-03-10T23:00:52,0.085
13,260-279,1773158439,2026-03-11T00:00:39,0.085
13,260-279,1773162031,2026-03-11T01:00:31,0.08
13,260-279,1773165647,2026-03-11T02:00:47,0.075
13,260-279,1773169234,2026-03-11T03:00:34,0.065
13,260-279,1773172835,2026-03-11T04:00:35,0.07
13,260-279,1773176448,2026-03-11T05:00:48,0.07
13,260-279,1773180034,2026-03-11T06:00:34,0.065
13,260-279,1773183634,2026-03-11T07:00:34,0.065
13,260-279,1773187250,2026-03-11T08:00:50,0.065
13,260-279,1773190836,2026-03-11T09:00:36,0.065
13,260-279,1773194435,2026-03-11T10:00:35,0.065
13,260-279,1773198048,2026-03-11T11:00:48,0.065
13,260-279,1773201635,2026-03-11T12:00:35,0.085
13,260-279,1773205235,2026-03-11T13:00:35,0.09
13,260-279,1773208848,2026-03-11T14:00:48,0.075
13,260-279,1773212436,2026-03-11T15:00:36,0.075
13,260-279,1773216035,2026-03-11T16:00:35,0.075
13,260-279,1773219644,2026-03-11T17:00:44,0.075
13,260-279,1773223242,2026-03-11T18:00:42,0.065
13,260-279,1773226836,2026-03-11T19:00:36,0.065
13,260-279,1773234035,2026-03-11T21:00:35,0.07
13,260-279,1773237636,2026-03-11T22:00:36,0.075
13,260-279,1773244836,2026-03-12T00:00:36,0.075
13,260-279,1773252048,2026-03-12T02:00:48,0.075
13,260-279,1773255636,2026-03-12T03:00:36,0.075
13,260-279,1773259239,2026-03-12T04:00:39,0.075
13,260-279,1773262851,2026-03-12T05:00:51,0.075
13,260-279,1773266438,2026-03-12T06:00:38,0.085
13,260-279,1773270034,2026-03-12T07:00:34,0.075
13,260-279,1773273652,2026-03-12T08:00:52,0.075
13,260-279,1773277234,2026-03-12T09:00:34,0.075
13,260-279,1773280835,2026-03-12T10:00:35,0.075
13,260-279,1773284449,2026-03-12T11:00:49,0.075
13,260-279,1773288035,2026-03-12T12:00:35,0.075
13,260-279,1773291640,2026-03-12T13:00:40,0.065
13,260-279,1773295250,2026-03-12T14:00:50,0.065
13,260-279,1773298838,2026-03-12T15:00:38,0.065
13,260-279,1773302438,2026-03-12T16:00:38,0.065
13,260-279,1773306046,2026-03-12T17:00:46,0.085
13,260-279,1773313234,2026-03-12T19:00:34,0.085
13,260-279,1773320456,2026-03-12T21:00:56,0.085
13,260-279,1773324039,2026-03-12T22:00:39,0.085
13,260-279,1773327651,2026-03-12T23:00:51,0.065
13,260-279,1773331237,2026-03-13T00:00:37,0.065
13,260-279,1773342033,2026-03-13T03:00:33,0.055
13,260-279,1773345640,2026-03-13T04:00:40,0.055
13,260-279,1773349251,2026-03-13T05:00:51,0.065
13,260-279,1773352836,2026-03-13T06:00:36,0.065
13,260-279,1773356443,2026-03-13T07:00:43,0.065
13,260-279,1773363638,2026-03-13T09:00:38,0.07
13,260-279,1773367237,2026-03-13T10:00:37,0.065
13,260-279,1773370849,2026-03-13T11:00:49,0.065
13,260-279,1773374438,2026-03-13T12:00:38,0.065
13,260-279,1773378033,2026-03-13T13:00:33,0.065
13,260-279,1773381652,2026-03-13T14:00:52,0.065
13,260-279,1773385244,2026-03-13T15:00:44,0.065
13,260-279,1773388834,2026-03-13T16:00:34,0.065
13,260-279,1773392451,2026-03-13T17:00:51,0.065
13,260-279,1773396036,2026-03-13T18:00:36,0.065
13,260-279,1773399634,2026-03-13T19:00:34,0.065
13,260-279,1773403242,2026-03-13T20:00:42,0.065
13,260-279,1773406831,2026-03-13T21:00:31,0.07
13,260-279,1773410435,2026-03-13T22:00:35,0.065
13,260-279,1773414044,2026-03-13T23:00:44,0.06
13,260-279,1773417641,2026-03-14T00:00:41,0.055
13,260-279,1773421229,2026-03-14T01:00:29,0.055
13,260-279,1773424841,2026-03-14T02:00:41,0.055
13,260-279,1773428437,2026-03-14T03:00:37,0.065
13,260-279,1773432030,2026-03-14T04:00:30,0.065
13,260-279,1773435648,2026-03-14T05:00:48,0.065
13,260-279,1773439234,2026-03-14T06:00:34,0.065
13,260-279,1773442827,2026-03-14T07:00:27,0.065
13,260-279,1773446442,2026-03-14T08:00:42,0.065
13,260-279,1773450029,2026-03-14T09:00:29,0.065
13,260-279,1773453628,2026-03-14T10:00:28,0.065
13,260-279,1773457242,2026-03-14T11:00:42,0.065
13,260-279,1773460827,2026-03-14T12:00:27,0.065
13,260-279,1773464428,2026-03-14T13:00:28,0.065
13,260-279,1773468040,2026-03-14T14:00:40,0.055
13,260-279,1773471628,2026-03-14T15:00:28,0.055
13,260-279,1773475230,2026-03-14T16:00:30,0.055
13,260-279,1773478840,2026-03-14T17:00:40,0.055
13,260-279,1773482427,2026-03-14T18:00:27,0.055
13,260-279,1773486030,2026-03-14T19:00:30,0.055
13,260-279,1773489646,2026-03-14T20:00:46,0.055
13,260-279,1773493242,2026-03-14T21:00:42,0.055
13,260-279,1773496831,2026-03-14T22:00:31,0.045
13,260-279,1773500442,2026-03-14T23:00:42,0.045
13,260-279,1773504032,2026-03-15T00:00:32,0.045
13,260-279,1773507651,2026-03-15T01:00:51,0.045
13,260-279,1773511239,2026-03-15T02:00:39,0.045
13,260-279,1773514831,2026-03-15T03:00:31,0.055
13,260-279,1773518428,2026-03-15T04:00:28,0.055
13,260-279,1773522041,2026-03-15T05:00:41,0.055
13,260-279,1773525634,2026-03-15T06:00:34,0.055
13,260-279,1773529227,2026-03-15T07:00:27,0.055
13,260-279,1773532844,2026-03-15T08:00:44,0.055
13,260-279,1773536428,2026-03-15T09:00:28,0.055
13,260-279,1773540030,2026-03-15T10:00:30,0.055
13,260-279,1773543642,2026-03-15T11:00:42,0.055
13,260-279,1773547228,2026-03-15T12:00:28,0.055
13,260-279,1773550828,2026-03-15T13:00:28,0.065
13,260-279,1773554438,2026-03-15T14:00:38,0.075
13,260-279,1773558027,2026-03-15T15:00:27,0.065
13,260-279,1773561630,2026-03-15T16:00:30,0.065
13,260-279,1773565240,2026-03-15T17:00:40,0.065
13,260-279,1773568838,2026-03-15T18:00:38,0.07
13,260-279,1773572427,2026-03-15T19:00:27,0.075
13,260-279,1773576041,2026-03-15T20:00:41,0.075
13,260-279,1773579629,2026-03-15T21:00:29,0.075
13,260-279,1773583234,2026-03-15T22:00:34,0.07
13,260-279,1773586845,2026-03-15T23:00:45,0.075
13,260-279,1773590430,2026-03-16T00:00:30,0.085
13,260-279,1773594043,2026-03-16T01:00:43,0.095
13,260-279,1773597642,2026-03-16T02:00:42,0.095
13,260-279,1773601232,2026-03-16T03:00:32,0.095
13,260-279,1773604834,2026-03-16T04:00:34,0.095
13,260-279,1773608440,2026-03-16T05:00:40,0.105
13,260-279,1773612035,2026-03-16T06:00:35,0.105
13,260-279,1773615631,2026-03-16T07:00:31,0.105
13,260-279,1773619256,2026-03-16T08:00:56,0.105
13,260-279,1773622827,2026-03-16T09:00:27,0.105
13,260-279,1773626428,2026-03-16T10:00:28,0.115
13,260-279,1773630036,2026-03-16T11:00:36,0.115
13,260-279,1773633630,2026-03-16T12:00:30,0.105
13,260-279,1773637227,2026-03-16T13:00:27,0.12
13,260-279,1773640848,2026-03-16T14:00:48,0.115
13,260-279,1773644425,2026-03-16T15:00:25,0.125
13,260-279,1773648028,2026-03-16T16:00:28,0.145
13,260-279,1773651630,2026-03-16T17:00:30,0.155
13,260-279,1773655229,2026-03-16T18:00:29,0.155
13,260-279,1773658826,2026-03-16T19:00:26,0.155
13,260-279,1773662430,2026-03-16T20:00:30,0.145
13,260-279,1773666031,2026-03-16T21:00:31,0.14
13,260-279,1773669632,2026-03-16T22:00:32,0.155
13,260-279,1773673231,2026-03-16T23:00:31,0.16
13,260-279,1773676830,2026-03-17T00:00:30,0.155
13,260-279,1773680430,2026-03-17T01:00:30,0.13
13,260-279,1773684032,2026-03-17T02:00:32,0.125
13,260-279,1773687635,2026-03-17T03:00:35,0.13
13,260-279,1773691230,2026-03-17T04:00:30,0.125
13,260-279,1773694838,2026-03-17T05:00:38,0.125
13,260-279,1773698432,2026-03-17T06:00:32,0.125
13,260-279,1773702032,2026-03-17T07:00:32,0.125
13,260-279,1773705636,2026-03-17T08:00:36,0.135
13,260-279,1773709231,2026-03-17T09:00:31,0.145
13,260-279,1773712833,2026-03-17T10:00:33,0.145
13,260-279,1773716434,2026-03-17T11:00:34,0.145
13,260-279,1773720035,2026-03-17T12:00:35,0.145
13,260-279,1773723647,2026-03-17T13:00:47,0.145
13,260-279,1773727234,2026-03-17T14:00:34,0.155
13,260-279,1773730836,2026-03-17T15:00:36,0.13
13,260-279,1773734434,2026-03-17T16:00:34,0.14
13,260-279,1773738036,2026-03-17T17:00:36,0.115
13,260-279,1773741636,2026-03-17T18:00:36,0.115
13,260-279,1773745232,2026-03-17T19:00:32,0.125
13,260-279,1773748838,2026-03-17T20:00:38,0.135
13,260-279,1773752433,2026-03-17T21:00:33,0.16
13,260-279,1773756035,2026-03-17T22:00:35,0.175
13,260-279,1773759639,2026-03-17T23:00:39,0.17
13,260-279,1773763234,2026-03-18T00:00:34,0.205
13,260-279,1773766834,2026-03-18T01:00:34,0.22
13,260-279,1773770438,2026-03-18T02:00:38,0.215
13,260-279,1773774036,2026-03-18T03:00:36,0.225
13,260-279,1773777637,2026-03-18T04:00:37,0.235
13,260-279,1773781238,2026-03-18T05:00:38,0.215
13,260-279,1773784810,2026-03-18T06:00:10,0.195
13,260-279,1773784855,2026-03-18T06:00:55,0.195
13,260-279,1773788432,2026-03-18T07:00:32,0.2
13,260-279,1773792038,2026-03-18T08:00:38,0.195
13,260-279,1773795633,2026-03-18T09:00:33,0.21
13,260-279,1773799233,2026-03-18T10:00:33,0.2
13,260-279,1773802835,2026-03-18T11:00:35,0.2
13,260-279,1773806431,2026-03-18T12:00:31,0.205
13,260-279,1773810035,2026-03-18T13:00:35,0.195
13,260-279,1773813638,2026-03-18T14:00:38,0.195
13,260-279,1773817235,2026-03-18T15:00:35,0.215
13,260-279,1773820831,2026-03-18T16:00:31,0.21
13,260-279,1773824443,2026-03-18T17:00:43,0.22
13,260-279,1773828034,2026-03-18T18:00:34,0.225
13,260-279,1773831632,2026-03-18T19:00:32,0.215
13,260-279,1773835250,2026-03-18T20:00:50,0.235
13,260-279,1773838832,2026-03-18T21:00:32,0.225
13,260-279,1773842436,2026-03-18T22:00:36,0.26
13,260-279,1773846049,2026-03-18T23:00:49,0.265
13,260-279,1773849636,2026-03-19T00:00:36,0.26
13,260-279,1773853231,2026-03-19T01:00:31,0.265
13,260-279,1773856846,2026-03-19T02:00:46,0.285
13,260-279,1773860436,2026-03-19T03:00:36,0.275
13,260-279,1773864046,2026-03-19T04:00:46,0.305
13,260-279,1773867644,2026-03-19T05:00:44,0.3
13,260-279,1773871238,2026-03-19T06:00:38,0.305
13,260-279,1773874830,2026-03-19T07:00:30,0.31
13,260-279,1773878448,2026-03-19T08:00:48,0.305
13,260-279,1773882032,2026-03-19T09:00:32,0.31
13,260-279,1773885632,2026-03-19T10:00:32,0.325
13,260-279,1773889243,2026-03-19T11:00:43,0.315
13,260-279,1773892834,2026-03-19T12:00:34,0.3
13,260-279,1773896432,2026-03-19T13:00:32,0.305
13,260-279,1773900056,2026-03-19T14:00:56,0.305
13,260-279,1773903645,2026-03-19T15:00:45,0.285
13,260-279,1773907233,2026-03-19T16:00:33,0.175
13,260-279,1773910856,2026-03-19T17:00:56,0.0235
13,260-279,1773914432,2026-03-19T18:00:32,0.0085
13,260-279,1773918045,2026-03-19T19:00:45,0.0175
13,260-279,1773921636,2026-03-19T20:00:36,0.0075
13,260-279,1773925233,2026-03-19T21:00:33,0.0105
13,260-279,1773928833,2026-03-19T22:00:33,0.0015
13,260-279,1773932437,2026-03-19T23:00:37,0.0005
13,260-279,1773936034,2026-03-20T00:00:34,0.0005
13,260-279,1773939657,2026-03-20T01:00:57,0.001
13,260-279,1773943239,2026-03-20T02:00:39,0.0015
13,260-279,1773946834,2026-03-20T03:00:34,0.0025
13,260-279,1773950435,2026-03-20T04:00:35,0.0005
13,260-279,1773954038,2026-03-20T05:00:38,0.0005
13,260-279,1773957636,2026-03-20T06:00:36,0.0005
14,280-299,1773093619,2026-03-10T06:00:19,0.105
14,280-299,1773097220,2026-03-10T07:00:20,0.105
14,280-299,1773100823,2026-03-10T08:00:23,0.105
14,280-299,1773104419,2026-03-10T09:00:19,0.1
14,280-299,1773108020,2026-03-10T10:00:20,0.095
14,280-299,1773111622,2026-03-10T11:00:22,0.095
14,280-299,1773115225,2026-03-10T12:00:25,0.095
14,280-299,1773118821,2026-03-10T13:00:21,0.095
14,280-299,1773122423,2026-03-10T14:00:23,0.095
14,280-299,1773126021,2026-03-10T15:00:21,0.095
14,280-299,1773129620,2026-03-10T16:00:20,0.095
14,280-299,1773133225,2026-03-10T17:00:25,0.095
14,280-299,1773136828,2026-03-10T18:00:28,0.095
14,280-299,1773140421,2026-03-10T19:00:21,0.095
14,280-299,1773144028,2026-03-10T20:00:28,0.1
14,280-299,1773147623,2026-03-10T21:00:23,0.095
14,280-299,1773151223,2026-03-10T22:00:23,0.095
14,280-299,1773154825,2026-03-10T23:00:25,0.095
14,280-299,1773158429,2026-03-11T00:00:29,0.095
14,280-299,1773162021,2026-03-11T01:00:21,0.085
14,280-299,1773165626,2026-03-11T02:00:26,0.085
14,280-299,1773169224,2026-03-11T03:00:24,0.085
14,280-299,1773172825,2026-03-11T04:00:25,0.085
14,280-299,1773176426,2026-03-11T05:00:26,0.085
14,280-299,1773180023,2026-03-11T06:00:23,0.085
14,280-299,1773183624,2026-03-11T07:00:24,0.085
14,280-299,1773187227,2026-03-11T08:00:27,0.085
14,280-299,1773190823,2026-03-11T09:00:23,0.08
14,280-299,1773194424,2026-03-11T10:00:24,0.08
14,280-299,1773198026,2026-03-11T11:00:26,0.08
14,280-299,1773201624,2026-03-11T12:00:24,0.08
14,280-299,1773205223,2026-03-11T13:00:23,0.08
14,280-299,1773208826,2026-03-11T14:00:26,0.08
14,280-299,1773212424,2026-03-11T15:00:24,0.08
14,280-299,1773216024,2026-03-11T16:00:24,0.08
14,280-299,1773219622,2026-03-11T17:00:22,0.075
14,280-299,1773223225,2026-03-11T18:00:25,0.075
14,280-299,1773226826,2026-03-11T19:00:26,0.075
14,280-299,1773230437,2026-03-11T20:00:37,0.08
14,280-299,1773234023,2026-03-11T21:00:23,0.08
14,280-299,1773237624,2026-03-11T22:00:24,0.075
14,280-299,1773241228,2026-03-11T23:00:28,0.075
14,280-299,1773244825,2026-03-12T00:00:25,0.075
14,280-299,1773248428,2026-03-12T01:00:28,0.075
14,280-299,1773252024,2026-03-12T02:00:24,0.075
14,280-299,1773255625,2026-03-12T03:00:25,0.075
14,280-299,1773259224,2026-03-12T04:00:24,0.075
14,280-299,1773262827,2026-03-12T05:00:27,0.085
14,280-299,1773266424,2026-03-12T06:00:24,0.085
14,280-299,1773270022,2026-03-12T07:00:22,0.095
14,280-299,1773273625,2026-03-12T08:00:25,0.095
14,280-299,1773277224,2026-03-12T09:00:24,0.095
14,280-299,1773280824,2026-03-12T10:00:24,0.095
14,280-299,1773284426,2026-03-12T11:00:26,0.095
14,280-299,1773288023,2026-03-12T12:00:23,0.095
14,280-299,1773291622,2026-03-12T13:00:22,0.095
14,280-299,1773295227,2026-03-12T14:00:27,0.085
14,280-299,1773298823,2026-03-12T15:00:23,0.085
14,280-299,1773302425,2026-03-12T16:00:25,0.085
14,280-299,1773306023,2026-03-12T17:00:23,0.085
14,280-299,1773309638,2026-03-12T18:00:38,0.085
14,280-299,1773313223,2026-03-12T19:00:23,0.085
14,280-299,1773316827,2026-03-12T20:00:27,0.085
14,280-299,1773320426,2026-03-12T21:00:26,0.085
14,280-299,1773324027,2026-03-12T22:00:27,0.085
14,280-299,1773327627,2026-03-12T23:00:27,0.09
14,280-299,1773331226,2026-03-13T00:00:26,0.09
14,280-299,1773334831,2026-03-13T01:00:31,0.095
14,280-299,1773338427,2026-03-13T02:00:27,0.095
14,280-299,1773342022,2026-03-13T03:00:22,0.095
14,280-299,1773345625,2026-03-13T04:00:25,0.09
14,280-299,1773349225,2026-03-13T05:00:25,0.085
14,280-299,1773352824,2026-03-13T06:00:24,0.08
14,280-299,1773356422,2026-03-13T07:00:22,0.08
14,280-299,1773360042,2026-03-13T08:00:42,0.08
14,280-299,1773363625,2026-03-13T09:00:25,0.075
14,280-299,1773367226,2026-03-13T10:00:26,0.075
14,280-299,1773370825,2026-03-13T11:00:25,0.075
14,280-299,1773374425,2026-03-13T12:00:25,0.075
14,280-299,1773378022,2026-03-13T13:00:22,0.075
14,280-299,1773381624,2026-03-13T14:00:24,0.075
14,280-299,1773385231,2026-03-13T15:00:31,0.075
14,280-299,1773388820,2026-03-13T16:00:20,0.075
14,280-299,1773392425,2026-03-13T17:00:25,0.075
14,280-299,1773396024,2026-03-13T18:00:24,0.075
14,280-299,1773399639,2026-03-13T19:00:39,0.075
14,280-299,1773403250,2026-03-13T20:00:50,0.075
14,280-299,1773406835,2026-03-13T21:00:35,0.085
14,280-299,1773410441,2026-03-13T22:00:41,0.075
14,280-299,1773414051,2026-03-13T23:00:51,0.075
14,280-299,1773417644,2026-03-14T00:00:44,0.075
14,280-299,1773421232,2026-03-14T01:00:32,0.085
14,280-299,1773424849,2026-03-14T02:00:49,0.085
14,280-299,1773428442,2026-03-14T03:00:42,0.085
14,280-299,1773432032,2026-03-14T04:00:32,0.08
14,280-299,1773435655,2026-03-14T05:00:55,0.075
14,280-299,1773439239,2026-03-14T06:00:39,0.08
14,280-299,1773442830,2026-03-14T07:00:30,0.08
14,280-299,1773446449,2026-03-14T08:00:49,0.085
14,280-299,1773450032,2026-03-14T09:00:32,0.085
14,280-299,1773453631,2026-03-14T10:00:31,0.085
14,280-299,1773457249,2026-03-14T11:00:49,0.085
14,280-299,1773460830,2026-03-14T12:00:30,0.085
14,280-299,1773464431,2026-03-14T13:00:31,0.085
14,280-299,1773468047,2026-03-14T14:00:47,0.08
14,280-299,1773471631,2026-03-14T15:00:31,0.085
14,280-299,1773475233,2026-03-14T16:00:33,0.085
14,280-299,1773478847,2026-03-14T17:00:47,0.075
14,280-299,1773482430,2026-03-14T18:00:30,0.075
14,280-299,1773486033,2026-03-14T19:00:33,0.075
14,280-299,1773489653,2026-03-14T20:00:53,0.075
14,280-299,1773493251,2026-03-14T21:00:51,0.075
14,280-299,1773496834,2026-03-14T22:00:34,0.075
14,280-299,1773500449,2026-03-14T23:00:49,0.075
14,280-299,1773504035,2026-03-15T00:00:35,0.09
14,280-299,1773511247,2026-03-15T02:00:47,0.085
14,280-299,1773514836,2026-03-15T03:00:36,0.085
14,280-299,1773518431,2026-03-15T04:00:31,0.085
14,280-299,1773522048,2026-03-15T05:00:48,0.085
14,280-299,1773525640,2026-03-15T06:00:40,0.085
14,280-299,1773529230,2026-03-15T07:00:30,0.085
14,280-299,1773532853,2026-03-15T08:00:53,0.085
14,280-299,1773536430,2026-03-15T09:00:30,0.085
14,280-299,1773540033,2026-03-15T10:00:33,0.085
14,280-299,1773543650,2026-03-15T11:00:50,0.09
14,280-299,1773547231,2026-03-15T12:00:31,0.085
14,280-299,1773550831,2026-03-15T13:00:31,0.085
14,280-299,1773554444,2026-03-15T14:00:44,0.095
14,280-299,1773558031,2026-03-15T15:00:31,0.085
14,280-299,1773561634,2026-03-15T16:00:34,0.095
14,280-299,1773565246,2026-03-15T17:00:46,0.095
14,280-299,1773568842,2026-03-15T18:00:42,0.1
14,280-299,1773572430,2026-03-15T19:00:30,0.105
14,280-299,1773576048,2026-03-15T20:00:48,0.115
14,280-299,1773579632,2026-03-15T21:00:32,0.11
14,280-299,1773583239,2026-03-15T22:00:39,0.105
14,280-299,1773586857,2026-03-15T23:00:57,0.115
14,280-299,1773590433,2026-03-16T00:00:33,0.125
14,280-299,1773594052,2026-03-16T01:00:52,0.125
14,280-299,1773597649,2026-03-16T02:00:49,0.125
14,280-299,1773601238,2026-03-16T03:00:38,0.125
14,280-299,1773604837,2026-03-16T04:00:37,0.125
14,280-299,1773608447,2026-03-16T05:00:47,0.125
14,280-299,1773612040,2026-03-16T06:00:40,0.125
14,280-299,1773615635,2026-03-16T07:00:35,0.125
14,280-299,1773622829,2026-03-16T09:00:29,0.135
14,280-299,1773626430,2026-03-16T10:00:30,0.135
14,280-299,1773630042,2026-03-16T11:00:42,0.13
14,280-299,1773633635,2026-03-16T12:00:35,0.135
14,280-299,1773637230,2026-03-16T13:00:30,0.13
14,280-299,1773640854,2026-03-16T14:00:54,0.125
14,280-299,1773644428,2026-03-16T15:00:28,0.135
14,280-299,1773648031,2026-03-16T16:00:31,0.145
14,280-299,1773651634,2026-03-16T17:00:34,0.145
14,280-299,1773655231,2026-03-16T18:00:31,0.145
14,280-299,1773658828,2026-03-16T19:00:28,0.145
14,280-299,1773662434,2026-03-16T20:00:34,0.135
14,280-299,1773666034,2026-03-16T21:00:34,0.145
14,280-299,1773669637,2026-03-16T22:00:37,0.135
14,280-299,1773673235,2026-03-16T23:00:35,0.13
14,280-299,1773676833,2026-03-17T00:00:33,0.125
14,280-299,1773680433,2026-03-17T01:00:33,0.125
14,280-299,1773684035,2026-03-17T02:00:35,0.115
14,280-299,1773687637,2026-03-17T03:00:37,0.115
14,280-299,1773691232,2026-03-17T04:00:32,0.105
14,280-299,1773694843,2026-03-17T05:00:43,0.105
14,280-299,1773698435,2026-03-17T06:00:35,0.105
14,280-299,1773702035,2026-03-17T07:00:35,0.105
14,280-299,1773705640,2026-03-17T08:00:40,0.115
14,280-299,1773709234,2026-03-17T09:00:34,0.125
14,280-299,1773712836,2026-03-17T10:00:36,0.125
14,280-299,1773716438,2026-03-17T11:00:38,0.115
14,280-299,1773720039,2026-03-17T12:00:39,0.105
14,280-299,1773723650,2026-03-17T13:00:50,0.105
14,280-299,1773727238,2026-03-17T14:00:38,0.1
14,280-299,1773730841,2026-03-17T15:00:41,0.095
14,280-299,1773734438,2026-03-17T16:00:38,0.085
14,280-299,1773738041,2026-03-17T17:00:41,0.085
14,280-299,1773741642,2026-03-17T18:00:42,0.08
14,280-299,1773745235,2026-03-17T19:00:35,0.075
14,280-299,1773748843,2026-03-17T20:00:43,0.095
14,280-299,1773752436,2026-03-17T21:00:36,0.125
14,280-299,1773756039,2026-03-17T22:00:39,0.125
14,280-299,1773759644,2026-03-17T23:00:44,0.105
14,280-299,1773763237,2026-03-18T00:00:37,0.145
14,280-299,1773766837,2026-03-18T01:00:37,0.195
14,280-299,1773770443,2026-03-18T02:00:43,0.215
14,280-299,1773774039,2026-03-18T03:00:39,0.225
14,280-299,1773777640,2026-03-18T04:00:40,0.215
14,280-299,1773781243,2026-03-18T05:00:43,0.215
14,280-299,1773784813,2026-03-18T06:00:13,0.205
14,280-299,1773784857,2026-03-18T06:00:57,0.205
14,280-299,1773788434,2026-03-18T07:00:34,0.205
14,280-299,1773792042,2026-03-18T08:00:42,0.205
14,280-299,1773795635,2026-03-18T09:00:35,0.2
14,280-299,1773799235,2026-03-18T10:00:35,0.21
14,280-299,1773802840,2026-03-18T11:00:40,0.205
14,280-299,1773806433,2026-03-18T12:00:33,0.2
14,280-299,1773810038,2026-03-18T13:00:38,0.185
14,280-299,1773813642,2026-03-18T14:00:42,0.165
14,280-299,1773817238,2026-03-18T15:00:38,0.12
14,280-299,1773820833,2026-03-18T16:00:33,0.145
14,280-299,1773824447,2026-03-18T17:00:47,0.145
14,280-299,1773828038,2026-03-18T18:00:38,0.125
14,280-299,1773831635,2026-03-18T19:00:35,0.115
14,280-299,1773835259,2026-03-18T20:00:59,0.135
14,280-299,1773838835,2026-03-18T21:00:35,0.135
14,280-299,1773842440,2026-03-18T22:00:40,0.205
14,280-299,1773846057,2026-03-18T23:00:57,0.215
14,280-299,1773849640,2026-03-19T00:00:40,0.24
14,280-299,1773853234,2026-03-19T01:00:34,0.255
14,280-299,1773856854,2026-03-19T02:00:54,0.24
14,280-299,1773860439,2026-03-19T03:00:39,0.235
14,280-299,1773864049,2026-03-19T04:00:49,0.265
14,280-299,1773867651,2026-03-19T05:00:51,0.255
14,280-299,1773871244,2026-03-19T06:00:44,0.245
14,280-299,1773874833,2026-03-19T07:00:33,0.26
14,280-299,1773878456,2026-03-19T08:00:56,0.27
14,280-299,1773882035,2026-03-19T09:00:35,0.275
14,280-299,1773885636,2026-03-19T10:00:36,0.275
14,280-299,1773889252,2026-03-19T11:00:52,0.29
14,280-299,1773892837,2026-03-19T12:00:37,0.3
14,280-299,1773896435,2026-03-19T13:00:35,0.34
14,280-299,1773903649,2026-03-19T15:00:49,0.345
14,280-299,1773907236,2026-03-19T16:00:36,0.325
14,280-299,1773914437,2026-03-19T18:00:37,0.085
14,280-299,1773918055,2026-03-19T19:00:55,0.175
14,280-299,1773921641,2026-03-19T20:00:41,0.15
14,280-299,1773925237,2026-03-19T21:00:37,0.13
14,280-299,1773928837,2026-03-19T22:00:37,0.045
14,280-299,1773932442,2026-03-19T23:00:42,0.044
14,280-299,1773936037,2026-03-20T00:00:37,0.05
14,280-299,1773943243,2026-03-20T02:00:43,0.0675
14,280-299,1773946837,2026-03-20T03:00:37,0.0795
14,280-299,1773950440,2026-03-20T04:00:40,0.0665
14,280-299,1773954042,2026-03-20T05:00:42,0.0375
14,280-299,1773957639,2026-03-20T06:00:39,0.0305
14,280-299,1773961237,2026-03-20T07:00:37,0.046
14,280-299,1773964846,2026-03-20T08:00:46,0.014
14,280-299,1773968436,2026-03-20T09:00:36,0.0055
14,280-299,1773972042,2026-03-20T10:00:42,0.0025
14,280-299,1773975642,2026-03-20T11:00:42,0.0005
14,280-299,1773979234,2026-03-20T12:00:34,0.005
14,280-299,1773982838,2026-03-20T13:00:38,0.0005
14,280-299,1773986449,2026-03-20T14:00:49,0.0005
14,280-299,1773990038,2026-03-20T15:00:38,0.0005
15,300-319,1773093629,2026-03-10T06:00:29,0.11
15,300-319,1773097230,2026-03-10T07:00:30,0.105
15,300-319,1773100845,2026-03-10T08:00:45,0.105
15,300-319,1773104428,2026-03-10T09:00:28,0.11
15,300-319,1773108029,2026-03-10T10:00:29,0.105
15,300-319,1773111634,2026-03-10T11:00:34,0.105
15,300-319,1773115234,2026-03-10T12:00:34,0.105
15,300-319,1773118831,2026-03-10T13:00:31,0.095
15,300-319,1773122438,2026-03-10T14:00:38,0.105
15,300-319,1773126033,2026-03-10T15:00:33,0.105
15,300-319,1773129630,2026-03-10T16:00:30,0.105
15,300-319,1773133252,2026-03-10T17:00:52,0.105
15,300-319,1773136846,2026-03-10T18:00:46,0.105
15,300-319,1773140430,2026-03-10T19:00:30,0.105
15,300-319,1773144049,2026-03-10T20:00:49,0.11
15,300-319,1773147636,2026-03-10T21:00:36,0.11
15,300-319,1773151234,2026-03-10T22:00:34,0.105
15,300-319,1773154851,2026-03-10T23:00:51,0.105
15,300-319,1773158439,2026-03-11T00:00:39,0.105
15,300-319,1773162031,2026-03-11T01:00:31,0.095
15,300-319,1773165645,2026-03-11T02:00:45,0.095
15,300-319,1773169234,2026-03-11T03:00:34,0.095
15,300-319,1773172835,2026-03-11T04:00:35,0.095
15,300-319,1773176446,2026-03-11T05:00:46,0.095
15,300-319,1773180033,2026-03-11T06:00:33,0.095
15,300-319,1773183633,2026-03-11T07:00:33,0.095
15,300-319,1773187249,2026-03-11T08:00:49,0.095
15,300-319,1773190835,2026-03-11T09:00:35,0.095
15,300-319,1773194434,2026-03-11T10:00:34,0.095
15,300-319,1773198047,2026-03-11T11:00:47,0.095
15,300-319,1773201634,2026-03-11T12:00:34,0.095
15,300-319,1773205234,2026-03-11T13:00:34,0.095
15,300-319,1773208847,2026-03-11T14:00:47,0.1
15,300-319,1773212435,2026-03-11T15:00:35,0.105
15,300-319,1773216035,2026-03-11T16:00:35,0.105
15,300-319,1773219643,2026-03-11T17:00:43,0.105
15,300-319,1773223241,2026-03-11T18:00:41,0.095
15,300-319,1773226836,2026-03-11T19:00:36,0.085
15,300-319,1773234034,2026-03-11T21:00:34,0.1
15,300-319,1773237635,2026-03-11T22:00:35,0.095
15,300-319,1773244835,2026-03-12T00:00:35,0.095
15,300-319,1773248459,2026-03-12T01:00:59,0.095
15,300-319,1773252046,2026-03-12T02:00:46,0.095
15,300-319,1773255636,2026-03-12T03:00:36,0.095
15,300-319,1773259239,2026-03-12T04:00:39,0.095
15,300-319,1773262850,2026-03-12T05:00:50,0.095
15,300-319,1773266436,2026-03-12T06:00:36,0.1
15,300-319,1773270033,2026-03-12T07:00:33,0.105
15,300-319,1773273651,2026-03-12T08:00:51,0.105
15,300-319,1773277234,2026-03-12T09:00:34,0.105
15,300-319,1773280833,2026-03-12T10:00:33,0.105
15,300-319,1773284448,2026-03-12T11:00:48,0.105
15,300-319,1773288034,2026-03-12T12:00:34,0.105
15,300-319,1773291639,2026-03-12T13:00:39,0.105
15,300-319,1773295248,2026-03-12T14:00:48,0.095
15,300-319,1773298836,2026-03-12T15:00:36,0.085
15,300-319,1773302437,2026-03-12T16:00:37,0.085
15,300-319,1773306044,2026-03-12T17:00:44,0.085
15,300-319,1773313234,2026-03-12T19:00:34,0.1
15,300-319,1773320454,2026-03-12T21:00:54,0.105
15,300-319,1773324038,2026-03-12T22:00:38,0.105
15,300-319,1773327649,2026-03-12T23:00:49,0.105
15,300-319,1773331236,2026-03-13T00:00:36,0.105
15,300-319,1773338458,2026-03-13T02:00:58,0.105
15,300-319,1773342032,2026-03-13T03:00:32,0.105
15,300-319,1773345640,2026-03-13T04:00:40,0.105
15,300-319,1773349249,2026-03-13T05:00:49,0.105
15,300-319,1773352835,2026-03-13T06:00:35,0.105
15,300-319,1773356441,2026-03-13T07:00:41,0.105
15,300-319,1773363637,2026-03-13T09:00:37,0.105
15,300-319,1773367236,2026-03-13T10:00:36,0.105
15,300-319,1773370848,2026-03-13T11:00:48,0.105
15,300-319,1773374437,2026-03-13T12:00:37,0.095
15,300-319,1773378032,2026-03-13T13:00:32,0.095
15,300-319,1773381650,2026-03-13T14:00:50,0.095
15,300-319,1773385243,2026-03-13T15:00:43,0.095
15,300-319,1773388833,2026-03-13T16:00:33,0.095
15,300-319,1773392450,2026-03-13T17:00:50,0.095
15,300-319,1773396035,2026-03-13T18:00:35,0.095
15,300-319,1773399649,2026-03-13T19:00:49,0.095
15,300-319,1773403258,2026-03-13T20:00:58,0.095
15,300-319,1773406844,2026-03-13T21:00:44,0.095
15,300-319,1773410450,2026-03-13T22:00:50,0.09
15,300-319,1773417649,2026-03-14T00:00:49,0.095
15,300-319,1773421238,2026-03-14T01:00:38,0.095
15,300-319,1773424857,2026-03-14T02:00:57,0.115
15,300-319,1773428451,2026-03-14T03:00:51,0.09
15,300-319,1773432037,2026-03-14T04:00:37,0.09
15,300-319,1773439249,2026-03-14T06:00:49,0.095
15,300-319,1773442835,2026-03-14T07:00:35,0.095
15,300-319,1773446458,2026-03-14T08:00:58,0.095
15,300-319,1773450037,2026-03-14T09:00:37,0.095
15,300-319,1773453636,2026-03-14T10:00:36,0.1
15,300-319,1773457258,2026-03-14T11:00:58,0.095
15,300-319,1773460835,2026-03-14T12:00:35,0.1
15,300-319,1773464436,2026-03-14T13:00:36,0.09
15,300-319,1773468058,2026-03-14T14:00:58,0.09
15,300-319,1773471636,2026-03-14T15:00:36,0.1
15,300-319,1773475238,2026-03-14T16:00:38,0.095
15,300-319,1773478855,2026-03-14T17:00:55,0.095
15,300-319,1773482437,2026-03-14T18:00:37,0.095
15,300-319,1773486038,2026-03-14T19:00:38,0.095
15,300-319,1773496839,2026-03-14T22:00:39,0.105
15,300-319,1773500459,2026-03-14T23:00:59,0.105
15,300-319,1773504041,2026-03-15T00:00:41,0.105
15,300-319,1773511256,2026-03-15T02:00:56,0.105
15,300-319,1773514844,2026-03-15T03:00:44,0.105
15,300-319,1773518436,2026-03-15T04:00:36,0.105
15,300-319,1773522056,2026-03-15T05:00:56,0.105
15,300-319,1773525645,2026-03-15T06:00:45,0.105
15,300-319,1773529235,2026-03-15T07:00:35,0.105
15,300-319,1773536435,2026-03-15T09:00:35,0.11
15,300-319,1773540039,2026-03-15T10:00:39,0.11
15,300-319,1773547236,2026-03-15T12:00:36,0.115
15,300-319,1773550837,2026-03-15T13:00:37,0.115
15,300-319,1773554453,2026-03-15T14:00:53,0.115
15,300-319,1773558036,2026-03-15T15:00:36,0.115
15,300-319,1773561641,2026-03-15T16:00:41,0.115
15,300-319,1773565254,2026-03-15T17:00:54,0.125
15,300-319,1773568848,2026-03-15T18:00:48,0.125
15,300-319,1773572435,2026-03-15T19:00:35,0.125
15,300-319,1773576058,2026-03-15T20:00:58,0.125
15,300-319,1773579648,2026-03-15T21:00:48,0.125
15,300-319,1773583248,2026-03-15T22:00:48,0.135
15,300-319,1773590438,2026-03-16T00:00:38,0.145
15,300-319,1773601247,2026-03-16T03:00:47,0.145
15,300-319,1773604842,2026-03-16T04:00:42,0.145
15,300-319,1773608456,2026-03-16T05:00:56,0.145
15,300-319,1773612049,2026-03-16T06:00:49,0.145
15,300-319,1773615641,2026-03-16T07:00:41,0.145
15,300-319,1773622833,2026-03-16T09:00:33,0.15
15,300-319,1773626434,2026-03-16T10:00:34,0.145
15,300-319,1773630050,2026-03-16T11:00:50,0.145
15,300-319,1773633642,2026-03-16T12:00:42,0.15
15,300-319,1773637234,2026-03-16T13:00:34,0.15
15,300-319,1773644432,2026-03-16T15:00:32,0.145
15,300-319,1773648035,2026-03-16T16:00:35,0.145
15,300-319,1773651639,2026-03-16T17:00:39,0.145
15,300-319,1773655235,2026-03-16T18:00:35,0.145
15,300-319,1773658832,2026-03-16T19:00:32,0.145
15,300-319,1773662440,2026-03-16T20:00:40,0.125
15,300-319,1773666038,2026-03-16T21:00:38,0.12
15,300-319,1773669645,2026-03-16T22:00:45,0.105
15,300-319,1773673242,2026-03-16T23:00:42,0.105
15,300-319,1773676837,2026-03-17T00:00:37,0.105
15,300-319,1773680437,2026-03-17T01:00:37,0.095
15,300-319,1773684041,2026-03-17T02:00:41,0.095
15,300-319,1773687642,2026-03-17T03:00:42,0.095
15,300-319,1773691236,2026-03-17T04:00:36,0.09
15,300-319,1773694853,2026-03-17T05:00:53,0.085
15,300-319,1773698439,2026-03-17T06:00:39,0.085
15,300-319,1773702040,2026-03-17T07:00:40,0.085
15,300-319,1773705647,2026-03-17T08:00:47,0.085
15,300-319,1773709239,2026-03-17T09:00:39,0.085
15,300-319,1773712840,2026-03-17T10:00:40,0.08
15,300-319,1773716444,2026-03-17T11:00:44,0.085
15,300-319,1773720044,2026-03-17T12:00:44,0.085
15,300-319,1773723654,2026-03-17T13:00:54,0.075
15,300-319,1773727244,2026-03-17T14:00:44,0.065
15,300-319,1773730852,2026-03-17T15:00:52,0.055
15,300-319,1773734444,2026-03-17T16:00:44,0.055
15,300-319,1773738048,2026-03-17T17:00:48,0.055
15,300-319,1773741652,2026-03-17T18:00:52,0.045
15,300-319,1773745240,2026-03-17T19:00:40,0.045
15,300-319,1773748851,2026-03-17T20:00:51,0.055
15,300-319,1773752441,2026-03-17T21:00:41,0.09
15,300-319,1773756044,2026-03-17T22:00:44,0.09
15,300-319,1773759652,2026-03-17T23:00:52,0.095
15,300-319,1773763242,2026-03-18T00:00:42,0.105
15,300-319,1773766843,2026-03-18T01:00:43,0.14
15,300-319,1773770450,2026-03-18T02:00:50,0.165
15,300-319,1773774044,2026-03-18T03:00:44,0.145
15,300-319,1773777645,2026-03-18T04:00:45,0.14
15,300-319,1773781251,2026-03-18T05:00:51,0.135
15,300-319,1773784818,2026-03-18T06:00:18,0.135
15,300-319,1773788439,2026-03-18T07:00:39,0.125
15,300-319,1773792049,2026-03-18T08:00:49,0.125
15,300-319,1773795640,2026-03-18T09:00:40,0.115
15,300-319,1773799240,2026-03-18T10:00:40,0.125
15,300-319,1773802846,2026-03-18T11:00:46,0.125
15,300-319,1773806438,2026-03-18T12:00:38,0.135
15,300-319,1773810043,2026-03-18T13:00:43,0.125
15,300-319,1773813649,2026-03-18T14:00:49,0.115
15,300-319,1773817244,2026-03-18T15:00:44,0.095
15,300-319,1773820838,2026-03-18T16:00:38,0.105
15,300-319,1773824454,2026-03-18T17:00:54,0.085
15,300-319,1773828043,2026-03-18T18:00:43,0.075
15,300-319,1773831640,2026-03-18T19:00:40,0.085
15,300-319,1773838840,2026-03-18T21:00:40,0.07
15,300-319,1773842445,2026-03-18T22:00:45,0.125
15,300-319,1773849645,2026-03-19T00:00:45,0.165
15,300-319,1773853239,2026-03-19T01:00:39,0.12
15,300-319,1773860444,2026-03-19T03:00:44,0.115
15,300-319,1773864054,2026-03-19T04:00:54,0.165
15,300-319,1773871253,2026-03-19T06:00:53,0.155
15,300-319,1773874838,2026-03-19T07:00:38,0.17
15,300-319,1773882040,2026-03-19T09:00:40,0.17
15,300-319,1773885640,2026-03-19T10:00:40,0.145
15,300-319,1773892842,2026-03-19T12:00:42,0.19
15,300-319,1773896441,2026-03-19T13:00:41,0.17
15,300-319,1773903659,2026-03-19T15:00:59,0.205
15,300-319,1773907242,2026-03-19T16:00:42,0.31
15,300-319,1773914444,2026-03-19T18:00:44,0.29
15,300-319,1773921653,2026-03-19T20:00:53,0.375
15,300-319,1773925243,2026-03-19T21:00:43,0.355
15,300-319,1773928843,2026-03-19T22:00:43,0.235
15,300-319,1773932449,2026-03-19T23:00:49,0.29
15,300-319,1773936042,2026-03-20T00:00:42,0.355
15,300-319,1773943250,2026-03-20T02:00:50,0.45
15,300-319,1773946842,2026-03-20T03:00:42,0.465
15,300-319,1773950447,2026-03-20T04:00:47,0.425
15,300-319,1773954050,2026-03-20T05:00:50,0.36
15,300-319,1773957644,2026-03-20T06:00:44,0.36
15,300-319,1773961242,2026-03-20T07:00:42,0.36
15,300-319,1773964853,2026-03-20T08:00:53,0.315
15,300-319,1773968441,2026-03-20T09:00:41,0.195
15,300-319,1773972056,2026-03-20T10:00:56,0.14
15,300-319,1773979246,2026-03-20T12:00:46,0.095
15,300-319,1773982845,2026-03-20T13:00:45,0.115
15,300-319,1773986457,2026-03-20T14:00:57,0.14
15,300-319,1773990044,2026-03-20T15:00:44,0.046
15,300-319,1773993643,2026-03-20T16:00:43,0.06
15,300-319,1773997251,2026-03-20T17:00:51,0.0665
15,300-319,1774004441,2026-03-20T19:00:41,0.0005
15,300-319,1774008049,2026-03-20T20:00:49,0.0005
15,300-319,1774011649,2026-03-20T21:00:49,0.0005
16,320-339,1773093627,2026-03-10T06:00:27,0.105
16,320-339,1773097228,2026-03-10T07:00:28,0.105
16,320-339,1773100842,2026-03-10T08:00:42,0.1
16,320-339,1773104427,2026-03-10T09:00:27,0.1
16,320-339,1773108028,2026-03-10T10:00:28,0.095
16,320-339,1773111632,2026-03-10T11:00:32,0.095
16,320-339,1773115232,2026-03-10T12:00:32,0.095
16,320-339,1773118829,2026-03-10T13:00:29,0.095
16,320-339,1773122435,2026-03-10T14:00:35,0.095
16,320-339,1773126031,2026-03-10T15:00:31,0.095
16,320-339,1773129628,2026-03-10T16:00:28,0.095
16,320-339,1773133248,2026-03-10T17:00:48,0.105
16,320-339,1773136843,2026-03-10T18:00:43,0.105
16,320-339,1773140428,2026-03-10T19:00:28,0.105
16,320-339,1773144046,2026-03-10T20:00:46,0.105
16,320-339,1773147634,2026-03-10T21:00:34,0.105
16,320-339,1773151233,2026-03-10T22:00:33,0.105
16,320-339,1773154846,2026-03-10T23:00:46,0.105
16,320-339,1773158437,2026-03-11T00:00:37,0.095
16,320-339,1773162029,2026-03-11T01:00:29,0.105
16,320-339,1773165643,2026-03-11T02:00:43,0.095
16,320-339,1773169232,2026-03-11T03:00:32,0.095
16,320-339,1773172833,2026-03-11T04:00:33,0.095
16,320-339,1773176443,2026-03-11T05:00:43,0.095
16,320-339,1773180032,2026-03-11T06:00:32,0.095
16,320-339,1773183632,2026-03-11T07:00:32,0.095
16,320-339,1773187245,2026-03-11T08:00:45,0.095
16,320-339,1773190833,2026-03-11T09:00:33,0.095
16,320-339,1773194433,2026-03-11T10:00:33,0.095
16,320-339,1773198044,2026-03-11T11:00:44,0.095
16,320-339,1773201633,2026-03-11T12:00:33,0.095
16,320-339,1773205232,2026-03-11T13:00:32,0.095
16,320-339,1773208844,2026-03-11T14:00:44,0.095
16,320-339,1773212433,2026-03-11T15:00:33,0.095
16,320-339,1773216033,2026-03-11T16:00:33,0.1
16,320-339,1773219640,2026-03-11T17:00:40,0.1
16,320-339,1773223239,2026-03-11T18:00:39,0.1
16,320-339,1773226834,2026-03-11T19:00:34,0.1
16,320-339,1773230456,2026-03-11T20:00:56,0.1
16,320-339,1773234032,2026-03-11T21:00:32,0.095
16,320-339,1773237633,2026-03-11T22:00:33,0.095
16,320-339,1773241257,2026-03-11T23:00:57,0.095
16,320-339,1773244834,2026-03-12T00:00:34,0.095
16,320-339,1773248454,2026-03-12T01:00:54,0.085
16,320-339,1773252042,2026-03-12T02:00:42,0.085
16,320-339,1773255634,2026-03-12T03:00:34,0.095
16,320-339,1773259236,2026-03-12T04:00:36,0.095
16,320-339,1773262846,2026-03-12T05:00:46,0.085
16,320-339,1773266435,2026-03-12T06:00:35,0.095
16,320-339,1773270032,2026-03-12T07:00:32,0.095
16,320-339,1773273647,2026-03-12T08:00:47,0.095
16,320-339,1773277232,2026-03-12T09:00:32,0.095
16,320-339,1773280832,2026-03-12T10:00:32,0.095
16,320-339,1773284445,2026-03-12T11:00:45,0.095
16,320-339,1773288033,2026-03-12T12:00:33,0.11
16,320-339,1773291636,2026-03-12T13:00:36,0.105
16,320-339,1773295245,2026-03-12T14:00:45,0.095
16,320-339,1773298834,2026-03-12T15:00:34,0.095
16,320-339,1773302435,2026-03-12T16:00:35,0.095
16,320-339,1773306041,2026-03-12T17:00:41,0.095
16,320-339,1773309659,2026-03-12T18:00:59,0.105
16,320-339,1773313232,2026-03-12T19:00:32,0.105
16,320-339,1773320449,2026-03-12T21:00:49,0.105
16,320-339,1773324036,2026-03-12T22:00:36,0.105
16,320-339,1773327647,2026-03-12T23:00:47,0.105
16,320-339,1773331235,2026-03-13T00:00:35,0.1
16,320-339,1773338453,2026-03-13T02:00:53,0.11
16,320-339,1773342031,2026-03-13T03:00:31,0.105
16,320-339,1773345637,2026-03-13T04:00:37,0.115
16,320-339,1773349246,2026-03-13T05:00:46,0.11
16,320-339,1773352834,2026-03-13T06:00:34,0.11
16,320-339,1773356438,2026-03-13T07:00:38,0.11
16,320-339,1773363635,2026-03-13T09:00:35,0.115
16,320-339,1773367235,2026-03-13T10:00:35,0.115
16,320-339,1773370843,2026-03-13T11:00:43,0.115
16,320-339,1773374435,2026-03-13T12:00:35,0.115
16,320-339,1773378031,2026-03-13T13:00:31,0.105
16,320-339,1773381646,2026-03-13T14:00:46,0.105
16,320-339,1773385241,2026-03-13T15:00:41,0.105
16,320-339,1773388831,2026-03-13T16:00:31,0.095
16,320-339,1773392446,2026-03-13T17:00:46,0.095
16,320-339,1773396033,2026-03-13T18:00:33,0.095
16,320-339,1773399647,2026-03-13T19:00:47,0.095
16,320-339,1773403257,2026-03-13T20:00:57,0.095
16,320-339,1773406842,2026-03-13T21:00:42,0.115
16,320-339,1773410449,2026-03-13T22:00:49,0.115
16,320-339,1773414059,2026-03-13T23:00:59,0.115
16,320-339,1773417649,2026-03-14T00:00:49,0.115
16,320-339,1773421237,2026-03-14T01:00:37,0.105
16,320-339,1773424856,2026-03-14T02:00:56,0.115
16,320-339,1773428450,2026-03-14T03:00:50,0.11
16,320-339,1773432037,2026-03-14T04:00:37,0.105
16,320-339,1773439248,2026-03-14T06:00:48,0.105
16,320-339,1773442834,2026-03-14T07:00:34,0.11
16,320-339,1773446457,2026-03-14T08:00:57,0.11
16,320-339,1773450036,2026-03-14T09:00:36,0.115
16,320-339,1773453635,2026-03-14T10:00:35,0.115
16,320-339,1773457256,2026-03-14T11:00:56,0.115
16,320-339,1773460834,2026-03-14T12:00:34,0.12
16,320-339,1773464435,2026-03-14T13:00:35,0.12
16,320-339,1773468056,2026-03-14T14:00:56,0.135
16,320-339,1773471635,2026-03-14T15:00:35,0.13
16,320-339,1773475237,2026-03-14T16:00:37,0.13
16,320-339,1773478854,2026-03-14T17:00:54,0.135
16,320-339,1773482435,2026-03-14T18:00:35,0.125
16,320-339,1773486037,2026-03-14T19:00:37,0.135
16,320-339,1773496838,2026-03-14T22:00:38,0.145
16,320-339,1773500458,2026-03-14T23:00:58,0.135
16,320-339,1773504040,2026-03-15T00:00:40,0.125
16,320-339,1773511255,2026-03-15T02:00:55,0.135
16,320-339,1773514843,2026-03-15T03:00:43,0.135
16,320-339,1773518435,2026-03-15T04:00:35,0.135
16,320-339,1773522055,2026-03-15T05:00:55,0.135
16,320-339,1773525644,2026-03-15T06:00:44,0.135
16,320-339,1773529234,2026-03-15T07:00:34,0.135
16,320-339,1773536434,2026-03-15T09:00:34,0.135
16,320-339,1773540038,2026-03-15T10:00:38,0.135
16,320-339,1773543659,2026-03-15T11:00:59,0.135
16,320-339,1773547235,2026-03-15T12:00:35,0.135
16,320-339,1773550836,2026-03-15T13:00:36,0.135
16,320-339,1773554452,2026-03-15T14:00:52,0.135
16,320-339,1773558035,2026-03-15T15:00:35,0.14
16,320-339,1773561639,2026-03-15T16:00:39,0.145
16,320-339,1773565253,2026-03-15T17:00:53,0.145
16,320-339,1773568847,2026-03-15T18:00:47,0.145
16,320-339,1773572435,2026-03-15T19:00:35,0.145
16,320-339,1773576057,2026-03-15T20:00:57,0.145
16,320-339,1773579645,2026-03-15T21:00:45,0.145
16,320-339,1773583247,2026-03-15T22:00:47,0.145
16,320-339,1773590437,2026-03-16T00:00:37,0.145
16,320-339,1773601246,2026-03-16T03:00:46,0.13
16,320-339,1773604841,2026-03-16T04:00:41,0.135
16,320-339,1773608455,2026-03-16T05:00:55,0.135
16,320-339,1773612048,2026-03-16T06:00:48,0.135
16,320-339,1773615640,2026-03-16T07:00:40,0.135
16,320-339,1773622833,2026-03-16T09:00:33,0.125
16,320-339,1773626434,2026-03-16T10:00:34,0.125
16,320-339,1773630049,2026-03-16T11:00:49,0.125
16,320-339,1773633641,2026-03-16T12:00:41,0.125
16,320-339,1773637233,2026-03-16T13:00:33,0.125
16,320-339,1773644432,2026-03-16T15:00:32,0.125
16,320-339,1773648034,2026-03-16T16:00:34,0.115
16,320-339,1773651638,2026-03-16T17:00:38,0.115
16,320-339,1773655235,2026-03-16T18:00:35,0.105
16,320-339,1773658832,2026-03-16T19:00:32,0.105
16,320-339,1773662439,2026-03-16T20:00:39,0.085
16,320-339,1773666037,2026-03-16T21:00:37,0.075
16,320-339,1773669644,2026-03-16T22:00:44,0.08
16,320-339,1773673241,2026-03-16T23:00:41,0.08
16,320-339,1773676836,2026-03-17T00:00:36,0.075
16,320-339,1773680436,2026-03-17T01:00:36,0.075
16,320-339,1773684040,2026-03-17T02:00:40,0.08
16,320-339,1773687641,2026-03-17T03:00:41,0.075
16,320-339,1773691236,2026-03-17T04:00:36,0.075
16,320-339,1773694852,2026-03-17T05:00:52,0.075
16,320-339,1773698438,2026-03-17T06:00:38,0.055
16,320-339,1773702039,2026-03-17T07:00:39,0.055
16,320-339,1773705646,2026-03-17T08:00:46,0.055
16,320-339,1773709238,2026-03-17T09:00:38,0.045
16,320-339,1773712840,2026-03-17T10:00:40,0.04
16,320-339,1773716443,2026-03-17T11:00:43,0.0375
16,320-339,1773720044,2026-03-17T12:00:44,0.027
16,320-339,1773723654,2026-03-17T13:00:54,0.0265
16,320-339,1773727243,2026-03-17T14:00:43,0.0225
16,320-339,1773730850,2026-03-17T15:00:50,0.035
16,320-339,1773734443,2026-03-17T16:00:43,0.0325
16,320-339,1773738047,2026-03-17T17:00:47,0.026
16,320-339,1773741651,2026-03-17T18:00:51,0.0245
16,320-339,1773745239,2026-03-17T19:00:39,0.0225
16,320-339,1773748849,2026-03-17T20:00:49,0.03
16,320-339,1773752440,2026-03-17T21:00:40,0.062
16,320-339,1773756044,2026-03-17T22:00:44,0.0555
16,320-339,1773759651,2026-03-17T23:00:51,0.0415
16,320-339,1773763241,2026-03-18T00:00:41,0.0585
16,320-339,1773766842,2026-03-18T01:00:42,0.1045
16,320-339,1773770448,2026-03-18T02:00:48,0.1055
16,320-339,1773774043,2026-03-18T03:00:43,0.085
16,320-339,1773777644,2026-03-18T04:00:44,0.081
16,320-339,1773781250,2026-03-18T05:00:50,0.0725
16,320-339,1773784817,2026-03-18T06:00:17,0.073
16,320-339,1773788439,2026-03-18T07:00:39,0.063
16,320-339,1773792048,2026-03-18T08:00:48,0.07
16,320-339,1773795639,2026-03-18T09:00:39,0.066
16,320-339,1773799239,2026-03-18T10:00:39,0.063
16,320-339,1773802846,2026-03-18T11:00:46,0.062
16,320-339,1773806437,2026-03-18T12:00:37,0.0625
16,320-339,1773810042,2026-03-18T13:00:42,0.0635
16,320-339,1773813648,2026-03-18T14:00:48,0.062
16,320-339,1773817243,2026-03-18T15:00:43,0.042
16,320-339,1773820838,2026-03-18T16:00:38,0.0455
16,320-339,1773824453,2026-03-18T17:00:53,0.042
16,320-339,1773828043,2026-03-18T18:00:43,0.0285
16,320-339,1773831639,2026-03-18T19:00:39,0.026
16,320-339,1773838839,2026-03-18T21:00:39,0.0225
16,320-339,1773842444,2026-03-18T22:00:44,0.0565
16,320-339,1773849645,2026-03-19T00:00:45,0.063
16,320-339,1773853238,2026-03-19T01:00:38,0.0555
16,320-339,1773860443,2026-03-19T03:00:43,0.043
16,320-339,1773864053,2026-03-19T04:00:53,0.0435
16,320-339,1773871252,2026-03-19T06:00:52,0.048
16,320-339,1773874837,2026-03-19T07:00:37,0.0625
16,320-339,1773882039,2026-03-19T09:00:39,0.0595
16,320-339,1773885640,2026-03-19T10:00:40,0.0655
16,320-339,1773892842,2026-03-19T12:00:42,0.064
16,320-339,1773896440,2026-03-19T13:00:40,0.0565
16,320-339,1773903658,2026-03-19T15:00:58,0.073
16,320-339,1773907241,2026-03-19T16:00:41,0.1275
16,320-339,1773914443,2026-03-19T18:00:43,0.3155
16,320-339,1773921651,2026-03-19T20:00:51,0.28
16,320-339,1773925242,2026-03-19T21:00:42,0.284
16,320-339,1773928842,2026-03-19T22:00:42,0.312
16,320-339,1773932448,2026-03-19T23:00:48,0.3565
16,320-339,1773936041,2026-03-20T00:00:41,0.343
16,320-339,1773943249,2026-03-20T02:00:49,0.29
16,320-339,1773946842,2026-03-20T03:00:42,0.292
16,320-339,1773950446,2026-03-20T04:00:46,0.328
16,320-339,1773954048,2026-03-20T05:00:48,0.3855
16,320-339,1773957643,2026-03-20T06:00:43,0.4235
16,320-339,1773961242,2026-03-20T07:00:42,0.3945
16,320-339,1773964852,2026-03-20T08:00:52,0.442
16,320-339,1773968441,2026-03-20T09:00:41,0.4605
16,320-339,1773972056,2026-03-20T10:00:56,0.4645
16,320-339,1773979245,2026-03-20T12:00:45,0.414
16,320-339,1773982844,2026-03-20T13:00:44,0.4415
16,320-339,1773986456,2026-03-20T14:00:56,0.452
16,320-339,1773990043,2026-03-20T15:00:43,0.5005
16,320-339,1773993642,2026-03-20T16:00:42,0.5785
16,320-339,1773997250,2026-03-20T17:00:50,0.637
16,320-339,1774004440,2026-03-20T19:00:40,0.368
16,320-339,1774008048,2026-03-20T20:00:48,0.2295
16,320-339,1774011647,2026-03-20T21:00:47,0.1625
16,320-339,1774015245,2026-03-20T22:00:45,0.166
16,320-339,1774018849,2026-03-20T23:00:49,0.583
16,320-339,1774022439,2026-03-21T00:00:39,0.9995
16,320-339,1774026041,2026-03-21T01:00:41,0.9995
16,320-339,1774029653,2026-03-21T02:00:53,0.9995
16,320-339,1774033241,2026-03-21T03:00:41,0.9995
17,340-359,1773093630,2026-03-10T06:00:30,0.095
17,340-359,1773097231,2026-03-10T07:00:31,0.1
17,340-359,1773100847,2026-03-10T08:00:47,0.1
17,340-359,1773104429,2026-03-10T09:00:29,0.085
17,340-359,1773108030,2026-03-10T10:00:30,0.09
17,340-359,1773111636,2026-03-10T11:00:36,0.085
17,340-359,1773115235,2026-03-10T12:00:35,0.085
17,340-359,1773118832,2026-03-10T13:00:32,0.085
17,340-359,1773122440,2026-03-10T14:00:40,0.085
17,340-359,1773126034,2026-03-10T15:00:34,0.085
17,340-359,1773129631,2026-03-10T16:00:31,0.085
17,340-359,1773133256,2026-03-10T17:00:56,0.09
17,340-359,1773136849,2026-03-10T18:00:49,0.085
17,340-359,1773140431,2026-03-10T19:00:31,0.085
17,340-359,1773144051,2026-03-10T20:00:51,0.085
17,340-359,1773147638,2026-03-10T21:00:38,0.085
17,340-359,1773151236,2026-03-10T22:00:36,0.09
17,340-359,1773154853,2026-03-10T23:00:53,0.085
17,340-359,1773158440,2026-03-11T00:00:40,0.085
17,340-359,1773162032,2026-03-11T01:00:32,0.085
17,340-359,1773165648,2026-03-11T02:00:48,0.1
17,340-359,1773169234,2026-03-11T03:00:34,0.1
17,340-359,1773172836,2026-03-11T04:00:36,0.1
17,340-359,1773176448,2026-03-11T05:00:48,0.105
17,340-359,1773180035,2026-03-11T06:00:35,0.105
17,340-359,1773183635,2026-03-11T07:00:35,0.105
17,340-359,1773187251,2026-03-11T08:00:51,0.105
17,340-359,1773190837,2026-03-11T09:00:37,0.085
17,340-359,1773194435,2026-03-11T10:00:35,0.085
17,340-359,1773198049,2026-03-11T11:00:49,0.1
17,340-359,1773201636,2026-03-11T12:00:36,0.095
17,340-359,1773205235,2026-03-11T13:00:35,0.095
17,340-359,1773208849,2026-03-11T14:00:49,0.085
17,340-359,1773212436,2026-03-11T15:00:36,0.085
17,340-359,1773216036,2026-03-11T16:00:36,0.09
17,340-359,1773219645,2026-03-11T17:00:45,0.095
17,340-359,1773223242,2026-03-11T18:00:42,0.1
17,340-359,1773226837,2026-03-11T19:00:37,0.1
17,340-359,1773234035,2026-03-11T21:00:35,0.095
17,340-359,1773237636,2026-03-11T22:00:36,0.095
17,340-359,1773244837,2026-03-12T00:00:37,0.095
17,340-359,1773252048,2026-03-12T02:00:48,0.085
17,340-359,1773255637,2026-03-12T03:00:37,0.085
17,340-359,1773259240,2026-03-12T04:00:40,0.085
17,340-359,1773262852,2026-03-12T05:00:52,0.085
17,340-359,1773266439,2026-03-12T06:00:39,0.085
17,340-359,1773270035,2026-03-12T07:00:35,0.095
17,340-359,1773273653,2026-03-12T08:00:53,0.095
17,340-359,1773277235,2026-03-12T09:00:35,0.095
17,340-359,1773280835,2026-03-12T10:00:35,0.095
17,340-359,1773284450,2026-03-12T11:00:50,0.105
17,340-359,1773288035,2026-03-12T12:00:35,0.105
17,340-359,1773291641,2026-03-12T13:00:41,0.095
17,340-359,1773295251,2026-03-12T14:00:51,0.085
17,340-359,1773298838,2026-03-12T15:00:38,0.085
17,340-359,1773302439,2026-03-12T16:00:39,0.085
17,340-359,1773306047,2026-03-12T17:00:47,0.085
17,340-359,1773313235,2026-03-12T19:00:35,0.085
17,340-359,1773320457,2026-03-12T21:00:57,0.095
17,340-359,1773324039,2026-03-12T22:00:39,0.095
17,340-359,1773327652,2026-03-12T23:00:52,0.095
17,340-359,1773331238,2026-03-13T00:00:38,0.1
17,340-359,1773342033,2026-03-13T03:00:33,0.115
17,340-359,1773345641,2026-03-13T04:00:41,0.115
17,340-359,1773349252,2026-03-13T05:00:52,0.11
17,340-359,1773352837,2026-03-13T06:00:37,0.11
17,340-359,1773356444,2026-03-13T07:00:44,0.11
17,340-359,1773363639,2026-03-13T09:00:39,0.115
17,340-359,1773367238,2026-03-13T10:00:38,0.115
17,340-359,1773370850,2026-03-13T11:00:50,0.115
17,340-359,1773374438,2026-03-13T12:00:38,0.115
17,340-359,1773378034,2026-03-13T13:00:34,0.125
17,340-359,1773381653,2026-03-13T14:00:53,0.115
17,340-359,1773385244,2026-03-13T15:00:44,0.115
17,340-359,1773388835,2026-03-13T16:00:35,0.115
17,340-359,1773392452,2026-03-13T17:00:52,0.105
17,340-359,1773396036,2026-03-13T18:00:36,0.105
17,340-359,1773399650,2026-03-13T19:00:50,0.115
17,340-359,1773403259,2026-03-13T20:00:59,0.115
17,340-359,1773406846,2026-03-13T21:00:46,0.105
17,340-359,1773410452,2026-03-13T22:00:52,0.105
17,340-359,1773417650,2026-03-14T00:00:50,0.115
17,340-359,1773421239,2026-03-14T01:00:39,0.115
17,340-359,1773424858,2026-03-14T02:00:58,0.125
17,340-359,1773428452,2026-03-14T03:00:52,0.12
17,340-359,1773432038,2026-03-14T04:00:38,0.12
17,340-359,1773439251,2026-03-14T06:00:51,0.115
17,340-359,1773442836,2026-03-14T07:00:36,0.115
17,340-359,1773446459,2026-03-14T08:00:59,0.12
17,340-359,1773450037,2026-03-14T09:00:37,0.115
17,340-359,1773453636,2026-03-14T10:00:36,0.12
17,340-359,1773457259,2026-03-14T11:00:59,0.125
17,340-359,1773460836,2026-03-14T12:00:36,0.13
17,340-359,1773464436,2026-03-14T13:00:36,0.135
17,340-359,1773468058,2026-03-14T14:00:58,0.135
17,340-359,1773471637,2026-03-14T15:00:37,0.145
17,340-359,1773475239,2026-03-14T16:00:39,0.145
17,340-359,1773478856,2026-03-14T17:00:56,0.145
17,340-359,1773482437,2026-03-14T18:00:37,0.145
17,340-359,1773486039,2026-03-14T19:00:39,0.155
17,340-359,1773496840,2026-03-14T22:00:40,0.16
17,340-359,1773504042,2026-03-15T00:00:42,0.155
17,340-359,1773511257,2026-03-15T02:00:57,0.155
17,340-359,1773514845,2026-03-15T03:00:45,0.155
17,340-359,1773518437,2026-03-15T04:00:37,0.155
17,340-359,1773522057,2026-03-15T05:00:57,0.155
17,340-359,1773525646,2026-03-15T06:00:46,0.155
17,340-359,1773529236,2026-03-15T07:00:36,0.155
17,340-359,1773536436,2026-03-15T09:00:36,0.155
17,340-359,1773540040,2026-03-15T10:00:40,0.145
17,340-359,1773547237,2026-03-15T12:00:37,0.145
17,340-359,1773550837,2026-03-15T13:00:37,0.145
17,340-359,1773554454,2026-03-15T14:00:54,0.145
17,340-359,1773558037,2026-03-15T15:00:37,0.145
17,340-359,1773561643,2026-03-15T16:00:43,0.145
17,340-359,1773565255,2026-03-15T17:00:55,0.14
17,340-359,1773568848,2026-03-15T18:00:48,0.135
17,340-359,1773572436,2026-03-15T19:00:36,0.135
17,340-359,1773579650,2026-03-15T21:00:50,0.135
17,340-359,1773583250,2026-03-15T22:00:50,0.135
17,340-359,1773590439,2026-03-16T00:00:39,0.125
17,340-359,1773601248,2026-03-16T03:00:48,0.115
17,340-359,1773604843,2026-03-16T04:00:43,0.115
17,340-359,1773608457,2026-03-16T05:00:57,0.115
17,340-359,1773612050,2026-03-16T06:00:50,0.125
17,340-359,1773615642,2026-03-16T07:00:42,0.12
17,340-359,1773622834,2026-03-16T09:00:34,0.095
17,340-359,1773626435,2026-03-16T10:00:35,0.095
17,340-359,1773630051,2026-03-16T11:00:51,0.095
17,340-359,1773633643,2026-03-16T12:00:43,0.095
17,340-359,1773637234,2026-03-16T13:00:34,0.09
17,340-359,1773644433,2026-03-16T15:00:33,0.08
17,340-359,1773648035,2026-03-16T16:00:35,0.075
17,340-359,1773651640,2026-03-16T17:00:40,0.075
17,340-359,1773655236,2026-03-16T18:00:36,0.065
17,340-359,1773658833,2026-03-16T19:00:33,0.065
17,340-359,1773662441,2026-03-16T20:00:41,0.065
17,340-359,1773666038,2026-03-16T21:00:38,0.065
17,340-359,1773669646,2026-03-16T22:00:46,0.065
17,340-359,1773673243,2026-03-16T23:00:43,0.055
17,340-359,1773676837,2026-03-17T00:00:37,0.055
17,340-359,1773680437,2026-03-17T01:00:37,0.055
17,340-359,1773684042,2026-03-17T02:00:42,0.055
17,340-359,1773687642,2026-03-17T03:00:42,0.045
17,340-359,1773691237,2026-03-17T04:00:37,0.04
17,340-359,1773694855,2026-03-17T05:00:55,0.035
17,340-359,1773698439,2026-03-17T06:00:39,0.034
17,340-359,1773702040,2026-03-17T07:00:40,0.0445
17,340-359,1773705647,2026-03-17T08:00:47,0.034
17,340-359,1773709239,2026-03-17T09:00:39,0.0265
17,340-359,1773712841,2026-03-17T10:00:41,0.0225
17,340-359,1773716444,2026-03-17T11:00:44,0.021
17,340-359,1773720045,2026-03-17T12:00:45,0.0175
17,340-359,1773723655,2026-03-17T13:00:55,0.022
17,340-359,1773727245,2026-03-17T14:00:45,0.0215
17,340-359,1773730853,2026-03-17T15:00:53,0.0205
17,340-359,1773734445,2026-03-17T16:00:45,0.0185
17,340-359,1773738049,2026-03-17T17:00:49,0.0145
17,340-359,1773741653,2026-03-17T18:00:53,0.016
17,340-359,1773745240,2026-03-17T19:00:40,0.015
17,340-359,1773748851,2026-03-17T20:00:51,0.0225
17,340-359,1773752441,2026-03-17T21:00:41,0.032
17,340-359,1773756045,2026-03-17T22:00:45,0.0245
17,340-359,1773759653,2026-03-17T23:00:53,0.0205
17,340-359,1773763242,2026-03-18T00:00:42,0.0285
17,340-359,1773766844,2026-03-18T01:00:44,0.049
17,340-359,1773770450,2026-03-18T02:00:50,0.053
17,340-359,1773774044,2026-03-18T03:00:44,0.0435
17,340-359,1773777646,2026-03-18T04:00:46,0.038
17,340-359,1773781252,2026-03-18T05:00:52,0.033
17,340-359,1773784818,2026-03-18T06:00:18,0.033
17,340-359,1773788440,2026-03-18T07:00:40,0.0315
17,340-359,1773792050,2026-03-18T08:00:50,0.038
17,340-359,1773795641,2026-03-18T09:00:41,0.032
17,340-359,1773799241,2026-03-18T10:00:41,0.031
17,340-359,1773802847,2026-03-18T11:00:47,0.031
17,340-359,1773806439,2026-03-18T12:00:39,0.0355
17,340-359,1773810043,2026-03-18T13:00:43,0.0285
17,340-359,1773813650,2026-03-18T14:00:50,0.0285
17,340-359,1773817244,2026-03-18T15:00:44,0.0145
17,340-359,1773820839,2026-03-18T16:00:39,0.021
17,340-359,1773824455,2026-03-18T17:00:55,0.014
17,340-359,1773828044,2026-03-18T18:00:44,0.015
17,340-359,1773831640,2026-03-18T19:00:40,0.011
17,340-359,1773838840,2026-03-18T21:00:40,0.0105
17,340-359,1773842446,2026-03-18T22:00:46,0.0245
17,340-359,1773849646,2026-03-19T00:00:46,0.0215
17,340-359,1773853240,2026-03-19T01:00:40,0.018
17,340-359,1773860445,2026-03-19T03:00:45,0.0145
17,340-359,1773864054,2026-03-19T04:00:54,0.0175
17,340-359,1773871254,2026-03-19T06:00:54,0.013
17,340-359,1773874838,2026-03-19T07:00:38,0.0125
17,340-359,1773882041,2026-03-19T09:00:41,0.0145
17,340-359,1773885641,2026-03-19T10:00:41,0.0155
17,340-359,1773892843,2026-03-19T12:00:43,0.0145
17,340-359,1773896441,2026-03-19T13:00:41,0.012
17,340-359,1773907243,2026-03-19T16:00:43,0.031
17,340-359,1773914446,2026-03-19T18:00:46,0.153
17,340-359,1773921655,2026-03-19T20:00:55,0.117
17,340-359,1773925244,2026-03-19T21:00:44,0.121
17,340-359,1773928844,2026-03-19T22:00:44,0.229
17,340-359,1773932450,2026-03-19T23:00:50,0.1905
17,340-359,1773936043,2026-03-20T00:00:43,0.1665
17,340-359,1773943251,2026-03-20T02:00:51,0.1405
17,340-359,1773946843,2026-03-20T03:00:43,0.1205
17,340-359,1773950448,2026-03-20T04:00:48,0.139
17,340-359,1773954050,2026-03-20T05:00:50,0.1655
17,340-359,1773957645,2026-03-20T06:00:45,0.145
17,340-359,1773961243,2026-03-20T07:00:43,0.1385
17,340-359,1773964854,2026-03-20T08:00:54,0.1555
17,340-359,1773968442,2026-03-20T09:00:42,0.239
17,340-359,1773972056,2026-03-20T10:00:56,0.2815
17,340-359,1773979246,2026-03-20T12:00:46,0.3555
17,340-359,1773982846,2026-03-20T13:00:46,0.333
17,340-359,1773986457,2026-03-20T14:00:57,0.318
17,340-359,1773990045,2026-03-20T15:00:45,0.347
17,340-359,1773993643,2026-03-20T16:00:43,0.26
17,340-359,1773997252,2026-03-20T17:00:52,0.223
17,340-359,1774004442,2026-03-20T19:00:42,0.5045
17,340-359,1774008050,2026-03-20T20:00:50,0.5935
17,340-359,1774011651,2026-03-20T21:00:51,0.7115
17,340-359,1774015247,2026-03-20T22:00:47,0.781
17,340-359,1774018851,2026-03-20T23:00:51,0.3675
17,340-359,1774022440,2026-03-21T00:00:40,0.002
17,340-359,1774026042,2026-03-21T01:00:42,0.0005
17,340-359,1774029655,2026-03-21T02:00:55,0.0005
17,340-359,1774033242,2026-03-21T03:00:42,0.0005
17,340-359,1774036843,2026-03-21T04:00:43,0.0005
18,360-379,1773093622,2026-03-10T06:00:22,0.09
18,360-379,1773097224,2026-03-10T07:00:24,0.085
18,360-379,1773100831,2026-03-10T08:00:31,0.08
18,360-379,1773104422,2026-03-10T09:00:22,0.055
18,360-379,1773108023,2026-03-10T10:00:23,0.08
18,360-379,1773111626,2026-03-10T11:00:26,0.075
18,360-379,1773115228,2026-03-10T12:00:28,0.075
18,360-379,1773118824,2026-03-10T13:00:24,0.075
18,360-379,1773122427,2026-03-10T14:00:27,0.065
18,360-379,1773126026,2026-03-10T15:00:26,0.065
18,360-379,1773129623,2026-03-10T16:00:23,0.07
18,360-379,1773133234,2026-03-10T17:00:34,0.065
18,360-379,1773136834,2026-03-10T18:00:34,0.065
18,360-379,1773140424,2026-03-10T19:00:24,0.065
18,360-379,1773144035,2026-03-10T20:00:35,0.065
18,360-379,1773147628,2026-03-10T21:00:28,0.065
18,360-379,1773151227,2026-03-10T22:00:27,0.065
18,360-379,1773154835,2026-03-10T23:00:35,0.065
18,360-379,1773158432,2026-03-11T00:00:32,0.065
18,360-379,1773162024,2026-03-11T01:00:24,0.075
18,360-379,1773165633,2026-03-11T02:00:33,0.075
18,360-379,1773169227,2026-03-11T03:00:27,0.075
18,360-379,1773172828,2026-03-11T04:00:28,0.075
18,360-379,1773176433,2026-03-11T05:00:33,0.075
18,360-379,1773180027,2026-03-11T06:00:27,0.08
18,360-379,1773183627,2026-03-11T07:00:27,0.075
18,360-379,1773187235,2026-03-11T08:00:35,0.075
18,360-379,1773190827,2026-03-11T09:00:27,0.075
18,360-379,1773194428,2026-03-11T10:00:28,0.075
18,360-379,1773198034,2026-03-11T11:00:34,0.075
18,360-379,1773201627,2026-03-11T12:00:27,0.075
18,360-379,1773205227,2026-03-11T13:00:27,0.075
18,360-379,1773208834,2026-03-11T14:00:34,0.075
18,360-379,1773212427,2026-03-11T15:00:27,0.075
18,360-379,1773216027,2026-03-11T16:00:27,0.075
18,360-379,1773219630,2026-03-11T17:00:30,0.075
18,360-379,1773223230,2026-03-11T18:00:30,0.075
18,360-379,1773226829,2026-03-11T19:00:29,0.08
18,360-379,1773230446,2026-03-11T20:00:46,0.08
18,360-379,1773234027,2026-03-11T21:00:27,0.075
18,360-379,1773237628,2026-03-11T22:00:28,0.075
18,360-379,1773241241,2026-03-11T23:00:41,0.08
18,360-379,1773244828,2026-03-12T00:00:28,0.08
18,360-379,1773248438,2026-03-12T01:00:38,0.075
18,360-379,1773252032,2026-03-12T02:00:32,0.085
18,360-379,1773255629,2026-03-12T03:00:29,0.085
18,360-379,1773259229,2026-03-12T04:00:29,0.085
18,360-379,1773262835,2026-03-12T05:00:35,0.085
18,360-379,1773266429,2026-03-12T06:00:29,0.085
18,360-379,1773270026,2026-03-12T07:00:26,0.085
18,360-379,1773273635,2026-03-12T08:00:35,0.085
18,360-379,1773277227,2026-03-12T09:00:27,0.085
18,360-379,1773280827,2026-03-12T10:00:27,0.085
18,360-379,1773284434,2026-03-12T11:00:34,0.085
18,360-379,1773288027,2026-03-12T12:00:27,0.085
18,360-379,1773291628,2026-03-12T13:00:28,0.085
18,360-379,1773295235,2026-03-12T14:00:35,0.075
18,360-379,1773298828,2026-03-12T15:00:28,0.075
18,360-379,1773302429,2026-03-12T16:00:29,0.075
18,360-379,1773306031,2026-03-12T17:00:31,0.075
18,360-379,1773309648,2026-03-12T18:00:48,0.075
18,360-379,1773313227,2026-03-12T19:00:27,0.075
18,360-379,1773316841,2026-03-12T20:00:41,0.075
18,360-379,1773320435,2026-03-12T21:00:35,0.075
18,360-379,1773324031,2026-03-12T22:00:31,0.075
18,360-379,1773327634,2026-03-12T23:00:34,0.085
18,360-379,1773331229,2026-03-13T00:00:29,0.09
18,360-379,1773334846,2026-03-13T01:00:46,0.085
18,360-379,1773338438,2026-03-13T02:00:38,0.085
18,360-379,1773342026,2026-03-13T03:00:26,0.085
18,360-379,1773345629,2026-03-13T04:00:29,0.11
18,360-379,1773349234,2026-03-13T05:00:34,0.105
18,360-379,1773352828,2026-03-13T06:00:28,0.1
18,360-379,1773356429,2026-03-13T07:00:29,0.095
18,360-379,1773360051,2026-03-13T08:00:51,0.095
18,360-379,1773363630,2026-03-13T09:00:30,0.095
18,360-379,1773367230,2026-03-13T10:00:30,0.1
18,360-379,1773370832,2026-03-13T11:00:32,0.095
18,360-379,1773374429,2026-03-13T12:00:29,0.095
18,360-379,1773378026,2026-03-13T13:00:26,0.095
18,360-379,1773381633,2026-03-13T14:00:33,0.105
18,360-379,1773385235,2026-03-13T15:00:35,0.115
18,360-379,1773388825,2026-03-13T16:00:25,0.115
18,360-379,1773392434,2026-03-13T17:00:34,0.115
18,360-379,1773396027,2026-03-13T18:00:27,0.115
18,360-379,1773399642,2026-03-13T19:00:42,0.115
18,360-379,1773403253,2026-03-13T20:00:53,0.115
18,360-379,1773406837,2026-03-13T21:00:37,0.105
18,360-379,1773410444,2026-03-13T22:00:44,0.095
18,360-379,1773414055,2026-03-13T23:00:55,0.1
18,360-379,1773417646,2026-03-14T00:00:46,0.115
18,360-379,1773421234,2026-03-14T01:00:34,0.115
18,360-379,1773424851,2026-03-14T02:00:51,0.105
18,360-379,1773428445,2026-03-14T03:00:45,0.105
18,360-379,1773432034,2026-03-14T04:00:34,0.11
18,360-379,1773435658,2026-03-14T05:00:58,0.105
18,360-379,1773439243,2026-03-14T06:00:43,0.105
18,360-379,1773442832,2026-03-14T07:00:32,0.105
18,360-379,1773446452,2026-03-14T08:00:52,0.105
18,360-379,1773450033,2026-03-14T09:00:33,0.105
18,360-379,1773453633,2026-03-14T10:00:33,0.105
18,360-379,1773457252,2026-03-14T11:00:52,0.105
18,360-379,1773460832,2026-03-14T12:00:32,0.12
18,360-379,1773464432,2026-03-14T13:00:32,0.115
18,360-379,1773468052,2026-03-14T14:00:52,0.125
18,360-379,1773471633,2026-03-14T15:00:33,0.135
18,360-379,1773475235,2026-03-14T16:00:35,0.13
18,360-379,1773478850,2026-03-14T17:00:50,0.125
18,360-379,1773482432,2026-03-14T18:00:32,0.13
18,360-379,1773486035,2026-03-14T19:00:35,0.135
18,360-379,1773489657,2026-03-14T20:00:57,0.135
18,360-379,1773493256,2026-03-14T21:00:56,0.135
18,360-379,1773496836,2026-03-14T22:00:36,0.13
18,360-379,1773500453,2026-03-14T23:00:53,0.135
18,360-379,1773504037,2026-03-15T00:00:37,0.135
18,360-379,1773511250,2026-03-15T02:00:50,0.135
18,360-379,1773514839,2026-03-15T03:00:39,0.135
18,360-379,1773518433,2026-03-15T04:00:33,0.135
18,360-379,1773522051,2026-03-15T05:00:51,0.145
18,360-379,1773525642,2026-03-15T06:00:42,0.14
18,360-379,1773529232,2026-03-15T07:00:32,0.135
18,360-379,1773532856,2026-03-15T08:00:56,0.135
18,360-379,1773536432,2026-03-15T09:00:32,0.135
18,360-379,1773540035,2026-03-15T10:00:35,0.135
18,360-379,1773543653,2026-03-15T11:00:53,0.135
18,360-379,1773547233,2026-03-15T12:00:33,0.135
18,360-379,1773550833,2026-03-15T13:00:33,0.135
18,360-379,1773554447,2026-03-15T14:00:47,0.135
18,360-379,1773558032,2026-03-15T15:00:32,0.135
18,360-379,1773561636,2026-03-15T16:00:36,0.135
18,360-379,1773565249,2026-03-15T17:00:49,0.13
18,360-379,1773568844,2026-03-15T18:00:44,0.135
18,360-379,1773572432,2026-03-15T19:00:32,0.125
18,360-379,1773576052,2026-03-15T20:00:52,0.125
18,360-379,1773579637,2026-03-15T21:00:37,0.115
18,360-379,1773583243,2026-03-15T22:00:43,0.115
18,360-379,1773590434,2026-03-16T00:00:34,0.115
18,360-379,1773594056,2026-03-16T01:00:56,0.095
18,360-379,1773597655,2026-03-16T02:00:55,0.09
18,360-379,1773601241,2026-03-16T03:00:41,0.085
18,360-379,1773604839,2026-03-16T04:00:39,0.075
18,360-379,1773608450,2026-03-16T05:00:50,0.075
18,360-379,1773612043,2026-03-16T06:00:43,0.075
18,360-379,1773615637,2026-03-16T07:00:37,0.075
18,360-379,1773622831,2026-03-16T09:00:31,0.065
18,360-379,1773626432,2026-03-16T10:00:32,0.065
18,360-379,1773630045,2026-03-16T11:00:45,0.065
18,360-379,1773633637,2026-03-16T12:00:37,0.065
18,360-379,1773637231,2026-03-16T13:00:31,0.065
18,360-379,1773640857,2026-03-16T14:00:57,0.065
18,360-379,1773644429,2026-03-16T15:00:29,0.055
18,360-379,1773648032,2026-03-16T16:00:32,0.045
18,360-379,1773651635,2026-03-16T17:00:35,0.045
18,360-379,1773655233,2026-03-16T18:00:33,0.045
18,360-379,1773658830,2026-03-16T19:00:30,0.045
18,360-379,1773662436,2026-03-16T20:00:36,0.045
18,360-379,1773666035,2026-03-16T21:00:35,0.045
18,360-379,1773669640,2026-03-16T22:00:40,0.045
18,360-379,1773673238,2026-03-16T23:00:38,0.0315
18,360-379,1773676834,2026-03-17T00:00:34,0.0265
18,360-379,1773680434,2026-03-17T01:00:34,0.024
18,360-379,1773684037,2026-03-17T02:00:37,0.025
18,360-379,1773687639,2026-03-17T03:00:39,0.0235
18,360-379,1773691234,2026-03-17T04:00:34,0.0225
18,360-379,1773694847,2026-03-17T05:00:47,0.0205
18,360-379,1773698436,2026-03-17T06:00:36,0.033
18,360-379,1773702037,2026-03-17T07:00:37,0.037
18,360-379,1773705643,2026-03-17T08:00:43,0.026
18,360-379,1773709236,2026-03-17T09:00:36,0.021
18,360-379,1773712837,2026-03-17T10:00:37,0.018
18,360-379,1773716440,2026-03-17T11:00:40,0.0165
18,360-379,1773720041,2026-03-17T12:00:41,0.0185
18,360-379,1773723651,2026-03-17T13:00:51,0.015
18,360-379,1773727240,2026-03-17T14:00:40,0.0165
18,360-379,1773730845,2026-03-17T15:00:45,0.017
18,360-379,1773734440,2026-03-17T16:00:40,0.0135
18,360-379,1773738043,2026-03-17T17:00:43,0.008
18,360-379,1773741645,2026-03-17T18:00:45,0.012
18,360-379,1773745237,2026-03-17T19:00:37,0.0085
18,360-379,1773748846,2026-03-17T20:00:46,0.015
18,360-379,1773752438,2026-03-17T21:00:38,0.021
18,360-379,1773756040,2026-03-17T22:00:40,0.0125
18,360-379,1773759647,2026-03-17T23:00:47,0.009
18,360-379,1773763239,2026-03-18T00:00:39,0.016
18,360-379,1773766840,2026-03-18T01:00:40,0.03
18,360-379,1773770445,2026-03-18T02:00:45,0.026
18,360-379,1773774040,2026-03-18T03:00:40,0.017
18,360-379,1773777642,2026-03-18T04:00:42,0.0185
18,360-379,1773781246,2026-03-18T05:00:46,0.0175
18,360-379,1773784814,2026-03-18T06:00:14,0.019
18,360-379,1773784859,2026-03-18T06:00:59,0.019
18,360-379,1773788436,2026-03-18T07:00:36,0.019
18,360-379,1773792044,2026-03-18T08:00:44,0.0245
18,360-379,1773795637,2026-03-18T09:00:37,0.0185
18,360-379,1773799237,2026-03-18T10:00:37,0.019
18,360-379,1773802842,2026-03-18T11:00:42,0.0185
18,360-379,1773806435,2026-03-18T12:00:35,0.018
18,360-379,1773810040,2026-03-18T13:00:40,0.017
18,360-379,1773813645,2026-03-18T14:00:45,0.0175
18,360-379,1773817240,2026-03-18T15:00:40,0.01
18,360-379,1773820835,2026-03-18T16:00:35,0.009
18,360-379,1773824450,2026-03-18T17:00:50,0.008
18,360-379,1773828040,2026-03-18T18:00:40,0.0075
18,360-379,1773831637,2026-03-18T19:00:37,0.006
18,360-379,1773838836,2026-03-18T21:00:36,0.0055
18,360-379,1773842442,2026-03-18T22:00:42,0.0085
18,360-379,1773849642,2026-03-19T00:00:42,0.0075
18,360-379,1773853236,2026-03-19T01:00:36,0.0045
18,360-379,1773856858,2026-03-19T02:00:58,0.0045
18,360-379,1773860441,2026-03-19T03:00:41,0.008
18,360-379,1773864050,2026-03-19T04:00:50,0.0055
18,360-379,1773867655,2026-03-19T05:00:55,0.0045
18,360-379,1773871247,2026-03-19T06:00:47,0.0035
18,360-379,1773874835,2026-03-19T07:00:35,0.003
18,360-379,1773882037,2026-03-19T09:00:37,0.0035
18,360-379,1773885637,2026-03-19T10:00:37,0.0045
18,360-379,1773889255,2026-03-19T11:00:55,0.004
18,360-379,1773892839,2026-03-19T12:00:39,0.0035
18,360-379,1773896437,2026-03-19T13:00:37,0.0035
18,360-379,1773903652,2026-03-19T15:00:52,0.0045
18,360-379,1773907238,2026-03-19T16:00:38,0.009
18,360-379,1773914439,2026-03-19T18:00:39,0.0725
18,360-379,1773921644,2026-03-19T20:00:44,0.0355
18,360-379,1773925239,2026-03-19T21:00:39,0.043
18,360-379,1773928839,2026-03-19T22:00:39,0.104
18,360-379,1773932444,2026-03-19T23:00:44,0.058
18,360-379,1773936038,2026-03-20T00:00:38,0.051
18,360-379,1773943246,2026-03-20T02:00:46,0.0375
18,360-379,1773946839,2026-03-20T03:00:39,0.036
18,360-379,1773950442,2026-03-20T04:00:42,0.032
18,360-379,1773954045,2026-03-20T05:00:45,0.0405
18,360-379,1773957641,2026-03-20T06:00:41,0.0315
18,360-379,1773961239,2026-03-20T07:00:39,0.032
18,360-379,1773964848,2026-03-20T08:00:48,0.0445
18,360-379,1773968438,2026-03-20T09:00:38,0.0835
18,360-379,1773972043,2026-03-20T10:00:43,0.0895
18,360-379,1773975644,2026-03-20T11:00:44,0.095
18,360-379,1773979235,2026-03-20T12:00:35,0.091
18,360-379,1773982841,2026-03-20T13:00:41,0.0995
18,360-379,1773986452,2026-03-20T14:00:52,0.066
18,360-379,1773990040,2026-03-20T15:00:40,0.0895
18,360-379,1773993639,2026-03-20T16:00:39,0.0655
18,360-379,1773997245,2026-03-20T17:00:45,0.0615
18,360-379,1774004437,2026-03-20T19:00:37,0.084
18,360-379,1774008044,2026-03-20T20:00:44,0.1355
18,360-379,1774011640,2026-03-20T21:00:40,0.1185
18,360-379,1774015242,2026-03-20T22:00:42,0.045
18,360-379,1774018845,2026-03-20T23:00:45,0.0085
18,360-379,1774022436,2026-03-21T00:00:36,0.0005
18,360-379,1774026037,2026-03-21T01:00:37,0.0005
18,360-379,1774029649,2026-03-21T02:00:49,0.0005
19,380-399,1773093628,2026-03-10T06:00:28,0.1
19,380-399,1773097229,2026-03-10T07:00:29,0.095
19,380-399,1773100843,2026-03-10T08:00:43,0.08
19,380-399,1773104427,2026-03-10T09:00:27,0.055
19,380-399,1773108028,2026-03-10T10:00:28,0.065
19,380-399,1773111633,2026-03-10T11:00:33,0.065
19,380-399,1773115233,2026-03-10T12:00:33,0.065
19,380-399,1773118830,2026-03-10T13:00:30,0.065
19,380-399,1773122436,2026-03-10T14:00:36,0.065
19,380-399,1773126032,2026-03-10T15:00:32,0.055
19,380-399,1773129628,2026-03-10T16:00:28,0.06
19,380-399,1773133250,2026-03-10T17:00:50,0.065
19,380-399,1773136844,2026-03-10T18:00:44,0.065
19,380-399,1773140429,2026-03-10T19:00:29,0.065
19,380-399,1773144047,2026-03-10T20:00:47,0.055
19,380-399,1773147635,2026-03-10T21:00:35,0.055
19,380-399,1773151234,2026-03-10T22:00:34,0.055
19,380-399,1773154849,2026-03-10T23:00:49,0.055
19,380-399,1773158438,2026-03-11T00:00:38,0.055
19,380-399,1773162030,2026-03-11T01:00:30,0.065
19,380-399,1773165643,2026-03-11T02:00:43,0.065
19,380-399,1773169232,2026-03-11T03:00:32,0.065
19,380-399,1773172834,2026-03-11T04:00:34,0.07
19,380-399,1773176444,2026-03-11T05:00:44,0.07
19,380-399,1773180032,2026-03-11T06:00:32,0.07
19,380-399,1773183632,2026-03-11T07:00:32,0.065
19,380-399,1773187247,2026-03-11T08:00:47,0.065
19,380-399,1773190834,2026-03-11T09:00:34,0.075
19,380-399,1773194433,2026-03-11T10:00:33,0.075
19,380-399,1773198045,2026-03-11T11:00:45,0.075
19,380-399,1773201633,2026-03-11T12:00:33,0.075
19,380-399,1773205233,2026-03-11T13:00:33,0.085
19,380-399,1773208845,2026-03-11T14:00:45,0.075
19,380-399,1773212434,2026-03-11T15:00:34,0.075
19,380-399,1773216034,2026-03-11T16:00:34,0.085
19,380-399,1773219641,2026-03-11T17:00:41,0.075
19,380-399,1773223239,2026-03-11T18:00:39,0.08
19,380-399,1773226835,2026-03-11T19:00:35,0.08
19,380-399,1773230458,2026-03-11T20:00:58,0.08
19,380-399,1773234033,2026-03-11T21:00:33,0.08
19,380-399,1773237634,2026-03-11T22:00:34,0.075
19,380-399,1773241259,2026-03-11T23:00:59,0.075
19,380-399,1773244834,2026-03-12T00:00:34,0.075
19,380-399,1773248455,2026-03-12T01:00:55,0.075
19,380-399,1773252043,2026-03-12T02:00:43,0.085
19,380-399,1773255635,2026-03-12T03:00:35,0.085
19,380-399,1773259237,2026-03-12T04:00:37,0.085
19,380-399,1773262848,2026-03-12T05:00:48,0.075
19,380-399,1773266435,2026-03-12T06:00:35,0.065
19,380-399,1773270032,2026-03-12T07:00:32,0.065
19,380-399,1773273648,2026-03-12T08:00:48,0.065
19,380-399,1773277233,2026-03-12T09:00:33,0.065
19,380-399,1773280833,2026-03-12T10:00:33,0.065
19,380-399,1773284446,2026-03-12T11:00:46,0.065
19,380-399,1773288033,2026-03-12T12:00:33,0.065
19,380-399,1773291638,2026-03-12T13:00:38,0.065
19,380-399,1773295247,2026-03-12T14:00:47,0.055
19,380-399,1773298836,2026-03-12T15:00:36,0.06
19,380-399,1773302436,2026-03-12T16:00:36,0.06
19,380-399,1773306043,2026-03-12T17:00:43,0.075
19,380-399,1773313233,2026-03-12T19:00:33,0.065
19,380-399,1773320451,2026-03-12T21:00:51,0.065
19,380-399,1773324037,2026-03-12T22:00:37,0.065
19,380-399,1773327648,2026-03-12T23:00:48,0.065
19,380-399,1773331235,2026-03-13T00:00:35,0.07
19,380-399,1773338455,2026-03-13T02:00:55,0.07
19,380-399,1773342031,2026-03-13T03:00:31,0.065
19,380-399,1773345638,2026-03-13T04:00:38,0.065
19,380-399,1773349247,2026-03-13T05:00:47,0.065
19,380-399,1773352834,2026-03-13T06:00:34,0.065
19,380-399,1773356439,2026-03-13T07:00:39,0.065
19,380-399,1773363636,2026-03-13T09:00:36,0.065
19,380-399,1773367235,2026-03-13T10:00:35,0.065
19,380-399,1773370845,2026-03-13T11:00:45,0.065
19,380-399,1773374436,2026-03-13T12:00:36,0.065
19,380-399,1773378032,2026-03-13T13:00:32,0.085
19,380-399,1773381648,2026-03-13T14:00:48,0.085
19,380-399,1773385242,2026-03-13T15:00:42,0.075
19,380-399,1773388832,2026-03-13T16:00:32,0.07
19,380-399,1773392448,2026-03-13T17:00:48,0.065
19,380-399,1773396034,2026-03-13T18:00:34,0.065
19,380-399,1773399647,2026-03-13T19:00:47,0.065
19,380-399,1773403257,2026-03-13T20:00:57,0.075
19,380-399,1773406843,2026-03-13T21:00:43,0.065
19,380-399,1773410449,2026-03-13T22:00:49,0.075
19,380-399,1773417649,2026-03-14T00:00:49,0.08
19,380-399,1773421237,2026-03-14T01:00:37,0.08
19,380-399,1773424856,2026-03-14T02:00:56,0.075
19,380-399,1773428450,2026-03-14T03:00:50,0.075
19,380-399,1773432037,2026-03-14T04:00:37,0.085
19,380-399,1773439248,2026-03-14T06:00:48,0.085
19,380-399,1773442835,2026-03-14T07:00:35,0.085
19,380-399,1773446457,2026-03-14T08:00:57,0.085
19,380-399,1773450036,2026-03-14T09:00:36,0.09
19,380-399,1773453635,2026-03-14T10:00:35,0.085
19,380-399,1773457257,2026-03-14T11:00:57,0.085
19,380-399,1773460834,2026-03-14T12:00:34,0.085
19,380-399,1773464435,2026-03-14T13:00:35,0.085
19,380-399,1773468056,2026-03-14T14:00:56,0.085
19,380-399,1773471636,2026-03-14T15:00:36,0.105
19,380-399,1773475238,2026-03-14T16:00:38,0.095
19,380-399,1773478855,2026-03-14T17:00:55,0.095
19,380-399,1773482436,2026-03-14T18:00:36,0.095
19,380-399,1773486038,2026-03-14T19:00:38,0.085
19,380-399,1773496839,2026-03-14T22:00:39,0.085
19,380-399,1773500458,2026-03-14T23:00:58,0.085
19,380-399,1773504040,2026-03-15T00:00:40,0.09
19,380-399,1773511255,2026-03-15T02:00:55,0.095
19,380-399,1773514843,2026-03-15T03:00:43,0.095
19,380-399,1773518436,2026-03-15T04:00:36,0.095
19,380-399,1773522055,2026-03-15T05:00:55,0.095
19,380-399,1773525645,2026-03-15T06:00:45,0.095
19,380-399,1773529235,2026-03-15T07:00:35,0.095
19,380-399,1773536435,2026-03-15T09:00:35,0.095
19,380-399,1773540038,2026-03-15T10:00:38,0.095
19,380-399,1773547236,2026-03-15T12:00:36,0.095
19,380-399,1773550836,2026-03-15T13:00:36,0.09
19,380-399,1773554452,2026-03-15T14:00:52,0.085
19,380-399,1773558035,2026-03-15T15:00:35,0.085
19,380-399,1773561639,2026-03-15T16:00:39,0.085
19,380-399,1773565254,2026-03-15T17:00:54,0.075
19,380-399,1773568847,2026-03-15T18:00:47,0.075
19,380-399,1773572435,2026-03-15T19:00:35,0.085
19,380-399,1773576058,2026-03-15T20:00:58,0.085
19,380-399,1773579646,2026-03-15T21:00:46,0.085
19,380-399,1773583248,2026-03-15T22:00:48,0.085
19,380-399,1773590437,2026-03-16T00:00:37,0.075
19,380-399,1773601246,2026-03-16T03:00:46,0.055
19,380-399,1773604842,2026-03-16T04:00:42,0.055
19,380-399,1773608455,2026-03-16T05:00:55,0.045
19,380-399,1773612049,2026-03-16T06:00:49,0.04
19,380-399,1773615640,2026-03-16T07:00:40,0.04
19,380-399,1773622833,2026-03-16T09:00:33,0.045
19,380-399,1773626434,2026-03-16T10:00:34,0.0365
19,380-399,1773630049,2026-03-16T11:00:49,0.0345
19,380-399,1773633641,2026-03-16T12:00:41,0.035
19,380-399,1773637233,2026-03-16T13:00:33,0.036
19,380-399,1773644432,2026-03-16T15:00:32,0.0165
19,380-399,1773648034,2026-03-16T16:00:34,0.0185
19,380-399,1773651639,2026-03-16T17:00:39,0.0165
19,380-399,1773655235,2026-03-16T18:00:35,0.0185
19,380-399,1773658832,2026-03-16T19:00:32,0.021
19,380-399,1773662439,2026-03-16T20:00:39,0.021
19,380-399,1773666037,2026-03-16T21:00:37,0.0205
19,380-399,1773669645,2026-03-16T22:00:45,0.0195
19,380-399,1773673241,2026-03-16T23:00:41,0.0195
19,380-399,1773676836,2026-03-17T00:00:36,0.0145
19,380-399,1773680436,2026-03-17T01:00:36,0.013
19,380-399,1773684040,2026-03-17T02:00:40,0.0155
19,380-399,1773687641,2026-03-17T03:00:41,0.0135
19,380-399,1773691236,2026-03-17T04:00:36,0.0105
19,380-399,1773694852,2026-03-17T05:00:52,0.0105
19,380-399,1773698438,2026-03-17T06:00:38,0.0125
19,380-399,1773702039,2026-03-17T07:00:39,0.013
19,380-399,1773705646,2026-03-17T08:00:46,0.0185
19,380-399,1773709238,2026-03-17T09:00:38,0.015
19,380-399,1773712840,2026-03-17T10:00:40,0.0135
19,380-399,1773716443,2026-03-17T11:00:43,0.0125
19,380-399,1773720044,2026-03-17T12:00:44,0.008
19,380-399,1773723654,2026-03-17T13:00:54,0.008
19,380-399,1773727244,2026-03-17T14:00:44,0.0115
19,380-399,1773730851,2026-03-17T15:00:51,0.0105
19,380-399,1773734443,2026-03-17T16:00:43,0.01
19,380-399,1773738048,2026-03-17T17:00:48,0.0095
19,380-399,1773741651,2026-03-17T18:00:51,0.0095
19,380-399,1773745239,2026-03-17T19:00:39,0.0085
19,380-399,1773748850,2026-03-17T20:00:50,0.0075
19,380-399,1773752440,2026-03-17T21:00:40,0.015
19,380-399,1773756044,2026-03-17T22:00:44,0.0085
19,380-399,1773759651,2026-03-17T23:00:51,0.0065
19,380-399,1773763241,2026-03-18T00:00:41,0.0075
19,380-399,1773766842,2026-03-18T01:00:42,0.0115
19,380-399,1773770449,2026-03-18T02:00:49,0.011
19,380-399,1773774043,2026-03-18T03:00:43,0.0085
19,380-399,1773777645,2026-03-18T04:00:45,0.0075
19,380-399,1773781250,2026-03-18T05:00:50,0.0075
19,380-399,1773784817,2026-03-18T06:00:17,0.009
19,380-399,1773788439,2026-03-18T07:00:39,0.006
19,380-399,1773792048,2026-03-18T08:00:48,0.006
19,380-399,1773795640,2026-03-18T09:00:40,0.008
19,380-399,1773799240,2026-03-18T10:00:40,0.008
19,380-399,1773802846,2026-03-18T11:00:46,0.006
19,380-399,1773806437,2026-03-18T12:00:37,0.0065
19,380-399,1773810042,2026-03-18T13:00:42,0.006
19,380-399,1773813648,2026-03-18T14:00:48,0.0045
19,380-399,1773817243,2026-03-18T15:00:43,0.0045
19,380-399,1773820838,2026-03-18T16:00:38,0.004
19,380-399,1773824453,2026-03-18T17:00:53,0.004
19,380-399,1773828043,2026-03-18T18:00:43,0.0045
19,380-399,1773831639,2026-03-18T19:00:39,0.004
19,380-399,1773838839,2026-03-18T21:00:39,0.004
19,380-399,1773842445,2026-03-18T22:00:45,0.0035
19,380-399,1773849645,2026-03-19T00:00:45,0.004
19,380-399,1773853239,2026-03-19T01:00:39,0.0025
19,380-399,1773860444,2026-03-19T03:00:44,0.0035
19,380-399,1773864053,2026-03-19T04:00:53,0.0035
19,380-399,1773871252,2026-03-19T06:00:52,0.0015
19,380-399,1773874837,2026-03-19T07:00:37,0.0015
19,380-399,1773882039,2026-03-19T09:00:39,0.0015
19,380-399,1773885640,2026-03-19T10:00:40,0.0015
19,380-399,1773892842,2026-03-19T12:00:42,0.0015
19,380-399,1773896440,2026-03-19T13:00:40,0.0005
19,380-399,1773903658,2026-03-19T15:00:58,0.0005
19,380-399,1773907241,2026-03-19T16:00:41,0.002
19,380-399,1773914444,2026-03-19T18:00:44,0.025
19,380-399,1773921652,2026-03-19T20:00:52,0.0115
19,380-399,1773925242,2026-03-19T21:00:42,0.015
19,380-399,1773928842,2026-03-19T22:00:42,0.0445
19,380-399,1773932449,2026-03-19T23:00:49,0.024
19,380-399,1773936042,2026-03-20T00:00:42,0.0175
19,380-399,1773943249,2026-03-20T02:00:49,0.0175
19,380-399,1773946842,2026-03-20T03:00:42,0.0155
19,380-399,1773950446,2026-03-20T04:00:46,0.0145
19,380-399,1773954049,2026-03-20T05:00:49,0.0135
19,380-399,1773957644,2026-03-20T06:00:44,0.0145
19,380-399,1773961242,2026-03-20T07:00:42,0.0135
19,380-399,1773964852,2026-03-20T08:00:52,0.015
19,380-399,1773968441,2026-03-20T09:00:41,0.0235
19,380-399,1773972045,2026-03-20T10:00:45,0.024
19,380-399,1773975648,2026-03-20T11:00:48,0.0225
19,380-399,1773979237,2026-03-20T12:00:37,0.0195
19,380-399,1773982844,2026-03-20T13:00:44,0.0135
19,380-399,1773986456,2026-03-20T14:00:56,0.0125
19,380-399,1773990044,2026-03-20T15:00:44,0.0205
19,380-399,1773993642,2026-03-20T16:00:42,0.0125
19,380-399,1773997251,2026-03-20T17:00:51,0.01
19,380-399,1774004440,2026-03-20T19:00:40,0.019
19,380-399,1774008048,2026-03-20T20:00:48,0.0195
19,380-399,1774011648,2026-03-20T21:00:48,0.0105
19,380-399,1774015246,2026-03-20T22:00:46,0.003
19,380-399,1774018849,2026-03-20T23:00:49,0.0005
19,380-399,1774022439,2026-03-21T00:00:39,0.0005
19,380-399,1774026041,2026-03-21T01:00:41,0.0005
19,380-399,1774029653,2026-03-21T02:00:53,0.0005
20,400-419,1773093618,2026-03-10T06:00:18,0.09
20,400-419,1773097219,2026-03-10T07:00:19,0.09
20,400-419,1773100821,2026-03-10T08:00:21,0.07
20,400-419,1773104418,2026-03-10T09:00:18,0.045
20,400-419,1773108019,2026-03-10T10:00:19,0.045
20,400-419,1773111621,2026-03-10T11:00:21,0.045
20,400-419,1773115224,2026-03-10T12:00:24,0.045
20,400-419,1773118820,2026-03-10T13:00:20,0.046
20,400-419,1773122421,2026-03-10T14:00:21,0.045
20,400-419,1773126020,2026-03-10T15:00:20,0.0305
20,400-419,1773129619,2026-03-10T16:00:19,0.0305
20,400-419,1773133221,2026-03-10T17:00:21,0.0305
20,400-419,1773136826,2026-03-10T18:00:26,0.0305
20,400-419,1773140419,2026-03-10T19:00:19,0.043
20,400-419,1773144024,2026-03-10T20:00:24,0.0395
20,400-419,1773147622,2026-03-10T21:00:22,0.0445
20,400-419,1773151222,2026-03-10T22:00:22,0.0675
20,400-419,1773154821,2026-03-10T23:00:21,0.0615
20,400-419,1773158428,2026-03-11T00:00:28,0.0625
20,400-419,1773162020,2026-03-11T01:00:20,0.0565
20,400-419,1773165623,2026-03-11T02:00:23,0.0615
20,400-419,1773169222,2026-03-11T03:00:22,0.064
20,400-419,1773172824,2026-03-11T04:00:24,0.064
20,400-419,1773176424,2026-03-11T05:00:24,0.066
20,400-419,1773180022,2026-03-11T06:00:22,0.0665
20,400-419,1773183623,2026-03-11T07:00:23,0.0665
20,400-419,1773187223,2026-03-11T08:00:23,0.0665
20,400-419,1773190822,2026-03-11T09:00:22,0.072
20,400-419,1773194423,2026-03-11T10:00:23,0.069
20,400-419,1773198023,2026-03-11T11:00:23,0.067
20,400-419,1773201623,2026-03-11T12:00:23,0.0665
20,400-419,1773205222,2026-03-11T13:00:22,0.066
20,400-419,1773208823,2026-03-11T14:00:23,0.074
20,400-419,1773212423,2026-03-11T15:00:23,0.074
20,400-419,1773216023,2026-03-11T16:00:23,0.0705
20,400-419,1773219619,2026-03-11T17:00:19,0.0705
20,400-419,1773223224,2026-03-11T18:00:24,0.0705
20,400-419,1773226824,2026-03-11T19:00:24,0.0705
20,400-419,1773230434,2026-03-11T20:00:34,0.0705
20,400-419,1773234022,2026-03-11T21:00:22,0.0705
20,400-419,1773237623,2026-03-11T22:00:23,0.0665
20,400-419,1773241224,2026-03-11T23:00:24,0.064
20,400-419,1773244823,2026-03-12T00:00:23,0.0675
20,400-419,1773248424,2026-03-12T01:00:24,0.0675
20,400-419,1773252021,2026-03-12T02:00:21,0.068
20,400-419,1773255624,2026-03-12T03:00:24,0.0675
20,400-419,1773259222,2026-03-12T04:00:22,0.0665
20,400-419,1773262824,2026-03-12T05:00:24,0.0565
20,400-419,1773266424,2026-03-12T06:00:24,0.0565
20,400-419,1773270021,2026-03-12T07:00:21,0.0535
20,400-419,1773273621,2026-03-12T08:00:21,0.0545
20,400-419,1773277223,2026-03-12T09:00:23,0.052
20,400-419,1773280822,2026-03-12T10:00:22,0.0505
20,400-419,1773284424,2026-03-12T11:00:24,0.0505
20,400-419,1773288022,2026-03-12T12:00:22,0.0505
20,400-419,1773291620,2026-03-12T13:00:20,0.0505
20,400-419,1773295224,2026-03-12T14:00:24,0.0555
20,400-419,1773298822,2026-03-12T15:00:22,0.055
20,400-419,1773302424,2026-03-12T16:00:24,0.055
20,400-419,1773306020,2026-03-12T17:00:20,0.0525
20,400-419,1773309635,2026-03-12T18:00:35,0.0595
20,400-419,1773313222,2026-03-12T19:00:22,0.0675
20,400-419,1773316821,2026-03-12T20:00:21,0.0665
20,400-419,1773320422,2026-03-12T21:00:22,0.056
20,400-419,1773324026,2026-03-12T22:00:26,0.0565
20,400-419,1773327623,2026-03-12T23:00:23,0.068
20,400-419,1773331224,2026-03-13T00:00:24,0.0655
20,400-419,1773334825,2026-03-13T01:00:25,0.061
20,400-419,1773338422,2026-03-13T02:00:22,0.0605
20,400-419,1773342021,2026-03-13T03:00:21,0.0615
20,400-419,1773345624,2026-03-13T04:00:24,0.057
20,400-419,1773349221,2026-03-13T05:00:21,0.059
20,400-419,1773352823,2026-03-13T06:00:23,0.0635
20,400-419,1773356421,2026-03-13T07:00:21,0.0645
20,400-419,1773360038,2026-03-13T08:00:38,0.0675
20,400-419,1773363624,2026-03-13T09:00:24,0.0675
20,400-419,1773367225,2026-03-13T10:00:25,0.063
20,400-419,1773370821,2026-03-13T11:00:21,0.0655
20,400-419,1773374423,2026-03-13T12:00:23,0.0625
20,400-419,1773378021,2026-03-13T13:00:21,0.0585
20,400-419,1773381621,2026-03-13T14:00:21,0.0645
20,400-419,1773385230,2026-03-13T15:00:30,0.0685
20,400-419,1773388819,2026-03-13T16:00:19,0.067
20,400-419,1773392422,2026-03-13T17:00:22,0.069
20,400-419,1773396022,2026-03-13T18:00:22,0.0725
20,400-419,1773399638,2026-03-13T19:00:38,0.07
20,400-419,1773403249,2026-03-13T20:00:49,0.0695
20,400-419,1773406835,2026-03-13T21:00:35,0.065
20,400-419,1773410440,2026-03-13T22:00:40,0.0615
20,400-419,1773414050,2026-03-13T23:00:50,0.0715
20,400-419,1773417644,2026-03-14T00:00:44,0.0685
20,400-419,1773421232,2026-03-14T01:00:32,0.064
20,400-419,1773424848,2026-03-14T02:00:48,0.0635
20,400-419,1773428441,2026-03-14T03:00:41,0.061
20,400-419,1773432032,2026-03-14T04:00:32,0.063
20,400-419,1773435654,2026-03-14T05:00:54,0.0605
20,400-419,1773439238,2026-03-14T06:00:38,0.0615
20,400-419,1773442829,2026-03-14T07:00:29,0.0605
20,400-419,1773446448,2026-03-14T08:00:48,0.0605
20,400-419,1773450031,2026-03-14T09:00:31,0.059
20,400-419,1773453630,2026-03-14T10:00:30,0.0595
20,400-419,1773457248,2026-03-14T11:00:48,0.0585
20,400-419,1773460830,2026-03-14T12:00:30,0.058
20,400-419,1773464430,2026-03-14T13:00:30,0.0565
20,400-419,1773468046,2026-03-14T14:00:46,0.0545
20,400-419,1773471630,2026-03-14T15:00:30,0.059
20,400-419,1773475232,2026-03-14T16:00:32,0.0585
20,400-419,1773478846,2026-03-14T17:00:46,0.0605
20,400-419,1773482430,2026-03-14T18:00:30,0.0635
20,400-419,1773486032,2026-03-14T19:00:32,0.0605
20,400-419,1773489652,2026-03-14T20:00:52,0.0615
20,400-419,1773493250,2026-03-14T21:00:50,0.0615
20,400-419,1773496834,2026-03-14T22:00:34,0.0605
20,400-419,1773500448,2026-03-14T23:00:48,0.062
20,400-419,1773504035,2026-03-15T00:00:35,0.075
20,400-419,1773511246,2026-03-15T02:00:46,0.0605
20,400-419,1773514835,2026-03-15T03:00:35,0.0605
20,400-419,1773518430,2026-03-15T04:00:30,0.061
20,400-419,1773522047,2026-03-15T05:00:47,0.061
20,400-419,1773525640,2026-03-15T06:00:40,0.0605
20,400-419,1773529229,2026-03-15T07:00:29,0.0605
20,400-419,1773532852,2026-03-15T08:00:52,0.0605
20,400-419,1773536430,2026-03-15T09:00:30,0.0605
20,400-419,1773540032,2026-03-15T10:00:32,0.0605
20,400-419,1773543649,2026-03-15T11:00:49,0.0535
20,400-419,1773547231,2026-03-15T12:00:31,0.0525
20,400-419,1773550830,2026-03-15T13:00:30,0.0505
20,400-419,1773554443,2026-03-15T14:00:43,0.0505
20,400-419,1773558030,2026-03-15T15:00:30,0.054
20,400-419,1773561633,2026-03-15T16:00:33,0.055
20,400-419,1773565245,2026-03-15T17:00:45,0.0535
20,400-419,1773568842,2026-03-15T18:00:42,0.044
20,400-419,1773572430,2026-03-15T19:00:30,0.0405
20,400-419,1773576047,2026-03-15T20:00:47,0.038
20,400-419,1773579632,2026-03-15T21:00:32,0.0395
20,400-419,1773583239,2026-03-15T22:00:39,0.047
20,400-419,1773586855,2026-03-15T23:00:55,0.047
20,400-419,1773590432,2026-03-16T00:00:32,0.033
20,400-419,1773594049,2026-03-16T01:00:49,0.0305
20,400-419,1773597649,2026-03-16T02:00:49,0.0325
20,400-419,1773601237,2026-03-16T03:00:37,0.0255
20,400-419,1773604836,2026-03-16T04:00:36,0.022
20,400-419,1773608446,2026-03-16T05:00:46,0.021
20,400-419,1773612039,2026-03-16T06:00:39,0.0205
20,400-419,1773615634,2026-03-16T07:00:34,0.0185
20,400-419,1773622829,2026-03-16T09:00:29,0.0205
20,400-419,1773626430,2026-03-16T10:00:30,0.0195
20,400-419,1773630041,2026-03-16T11:00:41,0.019
20,400-419,1773633634,2026-03-16T12:00:34,0.019
20,400-419,1773637229,2026-03-16T13:00:29,0.02
20,400-419,1773640853,2026-03-16T14:00:53,0.0195
20,400-419,1773644427,2026-03-16T15:00:27,0.0155
20,400-419,1773648030,2026-03-16T16:00:30,0.016
20,400-419,1773651633,2026-03-16T17:00:33,0.0115
20,400-419,1773655231,2026-03-16T18:00:31,0.0135
20,400-419,1773658828,2026-03-16T19:00:28,0.0125
20,400-419,1773662433,2026-03-16T20:00:33,0.014
20,400-419,1773666033,2026-03-16T21:00:33,0.0145
20,400-419,1773669636,2026-03-16T22:00:36,0.016
20,400-419,1773673234,2026-03-16T23:00:34,0.012
20,400-419,1773676832,2026-03-17T00:00:32,0.0105
20,400-419,1773680432,2026-03-17T01:00:32,0.0085
20,400-419,1773684034,2026-03-17T02:00:34,0.0075
20,400-419,1773687637,2026-03-17T03:00:37,0.0075
20,400-419,1773691232,2026-03-17T04:00:32,0.0065
20,400-419,1773694842,2026-03-17T05:00:42,0.0075
20,400-419,1773698434,2026-03-17T06:00:34,0.008
20,400-419,1773702035,2026-03-17T07:00:35,0.0095
20,400-419,1773705640,2026-03-17T08:00:40,0.0095
20,400-419,1773709234,2026-03-17T09:00:34,0.009
20,400-419,1773712835,2026-03-17T10:00:35,0.0095
20,400-419,1773716437,2026-03-17T11:00:37,0.0095
20,400-419,1773720038,2026-03-17T12:00:38,0.0065
20,400-419,1773723649,2026-03-17T13:00:49,0.0065
20,400-419,1773727237,2026-03-17T14:00:37,0.009
20,400-419,1773730841,2026-03-17T15:00:41,0.009
20,400-419,1773734437,2026-03-17T16:00:37,0.0085
20,400-419,1773738040,2026-03-17T17:00:40,0.0075
20,400-419,1773741641,2026-03-17T18:00:41,0.008
20,400-419,1773745235,2026-03-17T19:00:35,0.0065
20,400-419,1773748842,2026-03-17T20:00:42,0.006
20,400-419,1773752436,2026-03-17T21:00:36,0.0105
20,400-419,1773756038,2026-03-17T22:00:38,0.0045
20,400-419,1773759643,2026-03-17T23:00:43,0.005
20,400-419,1773763237,2026-03-18T00:00:37,0.0055
20,400-419,1773766837,2026-03-18T01:00:37,0.0075
20,400-419,1773770442,2026-03-18T02:00:42,0.0055
20,400-419,1773774038,2026-03-18T03:00:38,0.0045
20,400-419,1773777639,2026-03-18T04:00:39,0.0055
20,400-419,1773781242,2026-03-18T05:00:42,0.004
20,400-419,1773784812,2026-03-18T06:00:12,0.004
20,400-419,1773784857,2026-03-18T06:00:57,0.004
20,400-419,1773788434,2026-03-18T07:00:34,0.003
20,400-419,1773792041,2026-03-18T08:00:41,0.003
20,400-419,1773795635,2026-03-18T09:00:35,0.0035
20,400-419,1773799235,2026-03-18T10:00:35,0.0025
20,400-419,1773802839,2026-03-18T11:00:39,0.0025
20,400-419,1773806433,2026-03-18T12:00:33,0.0025
20,400-419,1773810037,2026-03-18T13:00:37,0.0025
20,400-419,1773813641,2026-03-18T14:00:41,0.0035
20,400-419,1773817238,2026-03-18T15:00:38,0.0035
20,400-419,1773820833,2026-03-18T16:00:33,0.0035
20,400-419,1773824447,2026-03-18T17:00:47,0.0035
20,400-419,1773828037,2026-03-18T18:00:37,0.0035
20,400-419,1773831634,2026-03-18T19:00:34,0.0025
20,400-419,1773835258,2026-03-18T20:00:58,0.0025
20,400-419,1773838834,2026-03-18T21:00:34,0.0025
20,400-419,1773842439,2026-03-18T22:00:39,0.0025
20,400-419,1773846056,2026-03-18T23:00:56,0.0025
20,400-419,1773849639,2026-03-19T00:00:39,0.0025
20,400-419,1773853234,2026-03-19T01:00:34,0.0005
20,400-419,1773856853,2026-03-19T02:00:53,0.0015
20,400-419,1773860438,2026-03-19T03:00:38,0.0015
20,400-419,1773864048,2026-03-19T04:00:48,0.0015
20,400-419,1773867650,2026-03-19T05:00:50,0.0005
20,400-419,1773871243,2026-03-19T06:00:43,0.0005
20,400-419,1773874832,2026-03-19T07:00:32,0.0005
20,400-419,1773878454,2026-03-19T08:00:54,0.0005
20,400-419,1773882034,2026-03-19T09:00:34,0.0005
20,400-419,1773885635,2026-03-19T10:00:35,0.0005
20,400-419,1773889250,2026-03-19T11:00:50,0.0005
20,400-419,1773892837,2026-03-19T12:00:37,0.0005
20,400-419,1773896434,2026-03-19T13:00:34,0.0005
20,400-419,1773903648,2026-03-19T15:00:48,0.0005
20,400-419,1773907236,2026-03-19T16:00:36,0.0015
20,400-419,1773914436,2026-03-19T18:00:36,0.0165
20,400-419,1773918054,2026-03-19T19:00:54,0.0055
20,400-419,1773921640,2026-03-19T20:00:40,0.0035
20,400-419,1773925236,2026-03-19T21:00:36,0.003
20,400-419,1773928836,2026-03-19T22:00:36,0.0165
20,400-419,1773932441,2026-03-19T23:00:41,0.012
20,400-419,1773936036,2026-03-20T00:00:36,0.0065
20,400-419,1773943242,2026-03-20T02:00:42,0.0055
20,400-419,1773946837,2026-03-20T03:00:37,0.004
20,400-419,1773950439,2026-03-20T04:00:39,0.0035
20,400-419,1773954042,2026-03-20T05:00:42,0.0045
20,400-419,1773957638,2026-03-20T06:00:38,0.0035
20,400-419,1773961237,2026-03-20T07:00:37,0.0035
20,400-419,1773964845,2026-03-20T08:00:45,0.0045
20,400-419,1773968435,2026-03-20T09:00:35,0.0045
20,400-419,1773972052,2026-03-20T10:00:52,0.0045
20,400-419,1773979243,2026-03-20T12:00:43,0.0035
20,400-419,1773982838,2026-03-20T13:00:38,0.0045
20,400-419,1773986449,2026-03-20T14:00:49,0.0035
20,400-419,1773990037,2026-03-20T15:00:37,0.0055
20,400-419,1773993636,2026-03-20T16:00:36,0.0045
20,400-419,1773997241,2026-03-20T17:00:41,0.004
20,400-419,1774004434,2026-03-20T19:00:34,0.004
20,400-419,1774008040,2026-03-20T20:00:40,0.0035
20,400-419,1774011634,2026-03-20T21:00:34,0.0015
20,400-419,1774015240,2026-03-20T22:00:40,0.0005
20,400-419,1774018842,2026-03-20T23:00:42,0.0005
20,400-419,1774022434,2026-03-21T00:00:34,0.0005
20,400-419,1774026035,2026-03-21T01:00:35,0.0005
20,400-419,1774029645,2026-03-21T02:00:45,0.0005
21,420-439,1773093620,2026-03-10T06:00:20,0.075
21,420-439,1773097221,2026-03-10T07:00:21,0.065
21,420-439,1773100826,2026-03-10T08:00:26,0.04
21,420-439,1773104420,2026-03-10T09:00:20,0.0175
21,420-439,1773108021,2026-03-10T10:00:21,0.016
21,420-439,1773111623,2026-03-10T11:00:23,0.017
21,420-439,1773115225,2026-03-10T12:00:25,0.017
21,420-439,1773118822,2026-03-10T13:00:22,0.0215
21,420-439,1773122424,2026-03-10T14:00:24,0.021
21,420-439,1773126023,2026-03-10T15:00:23,0.0175
21,420-439,1773129621,2026-03-10T16:00:21,0.0215
21,420-439,1773133227,2026-03-10T17:00:27,0.021
21,420-439,1773136829,2026-03-10T18:00:29,0.0205
21,420-439,1773140421,2026-03-10T19:00:21,0.0205
21,420-439,1773144030,2026-03-10T20:00:30,0.02
21,420-439,1773147625,2026-03-10T21:00:25,0.02
21,420-439,1773151225,2026-03-10T22:00:25,0.0215
21,420-439,1773154828,2026-03-10T23:00:28,0.025
21,420-439,1773158430,2026-03-11T00:00:30,0.028
21,420-439,1773162022,2026-03-11T01:00:22,0.037
21,420-439,1773165628,2026-03-11T02:00:28,0.044
21,420-439,1773169225,2026-03-11T03:00:25,0.052
21,420-439,1773172826,2026-03-11T04:00:26,0.051
21,420-439,1773176428,2026-03-11T05:00:28,0.0495
21,420-439,1773180024,2026-03-11T06:00:24,0.049
21,420-439,1773183625,2026-03-11T07:00:25,0.047
21,420-439,1773187230,2026-03-11T08:00:30,0.0495
21,420-439,1773190824,2026-03-11T09:00:24,0.069
21,420-439,1773194425,2026-03-11T10:00:25,0.063
21,420-439,1773198029,2026-03-11T11:00:29,0.0615
21,420-439,1773201625,2026-03-11T12:00:25,0.0585
21,420-439,1773205224,2026-03-11T13:00:24,0.0515
21,420-439,1773208828,2026-03-11T14:00:28,0.056
21,420-439,1773212425,2026-03-11T15:00:25,0.055
21,420-439,1773216025,2026-03-11T16:00:25,0.0535
21,420-439,1773219625,2026-03-11T17:00:25,0.0525
21,420-439,1773223226,2026-03-11T18:00:26,0.0525
21,420-439,1773226826,2026-03-11T19:00:26,0.0525
21,420-439,1773230440,2026-03-11T20:00:40,0.0525
21,420-439,1773234024,2026-03-11T21:00:24,0.0525
21,420-439,1773237625,2026-03-11T22:00:25,0.0445
21,420-439,1773241232,2026-03-11T23:00:32,0.0455
21,420-439,1773244826,2026-03-12T00:00:26,0.048
21,420-439,1773248430,2026-03-12T01:00:30,0.049
21,420-439,1773252027,2026-03-12T02:00:27,0.049
21,420-439,1773255626,2026-03-12T03:00:26,0.0475
21,420-439,1773259226,2026-03-12T04:00:26,0.0475
21,420-439,1773262830,2026-03-12T05:00:30,0.0435
21,420-439,1773266426,2026-03-12T06:00:26,0.0435
21,420-439,1773270024,2026-03-12T07:00:24,0.0375
21,420-439,1773273629,2026-03-12T08:00:29,0.0385
21,420-439,1773277225,2026-03-12T09:00:25,0.032
21,420-439,1773280825,2026-03-12T10:00:25,0.032
21,420-439,1773284429,2026-03-12T11:00:29,0.0315
21,420-439,1773288024,2026-03-12T12:00:24,0.031
21,420-439,1773291624,2026-03-12T13:00:24,0.0305
21,420-439,1773295230,2026-03-12T14:00:30,0.046
21,420-439,1773298825,2026-03-12T15:00:25,0.042
21,420-439,1773302427,2026-03-12T16:00:27,0.0425
21,420-439,1773306025,2026-03-12T17:00:25,0.034
21,420-439,1773309641,2026-03-12T18:00:41,0.0425
21,420-439,1773313224,2026-03-12T19:00:24,0.0435
21,420-439,1773316831,2026-03-12T20:00:31,0.0395
21,420-439,1773320428,2026-03-12T21:00:28,0.0445
21,420-439,1773324029,2026-03-12T22:00:29,0.0435
21,420-439,1773327629,2026-03-12T23:00:29,0.0535
21,420-439,1773331227,2026-03-13T00:00:27,0.0535
21,420-439,1773334836,2026-03-13T01:00:36,0.0495
21,420-439,1773338430,2026-03-13T02:00:30,0.0515
21,420-439,1773342023,2026-03-13T03:00:23,0.051
21,420-439,1773345627,2026-03-13T04:00:27,0.0505
21,420-439,1773349228,2026-03-13T05:00:28,0.0485
21,420-439,1773352826,2026-03-13T06:00:26,0.0535
21,420-439,1773356424,2026-03-13T07:00:24,0.0535
21,420-439,1773360045,2026-03-13T08:00:45,0.0525
21,420-439,1773363627,2026-03-13T09:00:27,0.0535
21,420-439,1773367227,2026-03-13T10:00:27,0.051
21,420-439,1773370827,2026-03-13T11:00:27,0.0515
21,420-439,1773374426,2026-03-13T12:00:26,0.055
21,420-439,1773378023,2026-03-13T13:00:23,0.047
21,420-439,1773381627,2026-03-13T14:00:27,0.0495
21,420-439,1773385232,2026-03-13T15:00:32,0.055
21,420-439,1773388822,2026-03-13T16:00:22,0.0605
21,420-439,1773392428,2026-03-13T17:00:28,0.061
21,420-439,1773396025,2026-03-13T18:00:25,0.054
21,420-439,1773399640,2026-03-13T19:00:40,0.0475
21,420-439,1773403250,2026-03-13T20:00:50,0.052
21,420-439,1773406836,2026-03-13T21:00:36,0.0505
21,420-439,1773410442,2026-03-13T22:00:42,0.0575
21,420-439,1773414053,2026-03-13T23:00:53,0.0555
21,420-439,1773417645,2026-03-14T00:00:45,0.0535
21,420-439,1773421233,2026-03-14T01:00:33,0.0505
21,420-439,1773424849,2026-03-14T02:00:49,0.046
21,420-439,1773428443,2026-03-14T03:00:43,0.0545
21,420-439,1773432033,2026-03-14T04:00:33,0.061
21,420-439,1773435656,2026-03-14T05:00:56,0.0555
21,420-439,1773439241,2026-03-14T06:00:41,0.053
21,420-439,1773442831,2026-03-14T07:00:31,0.053
21,420-439,1773446450,2026-03-14T08:00:50,0.0515
21,420-439,1773450032,2026-03-14T09:00:32,0.051
21,420-439,1773453632,2026-03-14T10:00:32,0.051
21,420-439,1773457250,2026-03-14T11:00:50,0.051
21,420-439,1773460831,2026-03-14T12:00:31,0.051
21,420-439,1773464431,2026-03-14T13:00:31,0.052
21,420-439,1773468049,2026-03-14T14:00:49,0.051
21,420-439,1773471631,2026-03-14T15:00:31,0.0475
21,420-439,1773475233,2026-03-14T16:00:33,0.05
21,420-439,1773478848,2026-03-14T17:00:48,0.05
21,420-439,1773482431,2026-03-14T18:00:31,0.0475
21,420-439,1773486033,2026-03-14T19:00:33,0.047
21,420-439,1773489654,2026-03-14T20:00:54,0.0455
21,420-439,1773493253,2026-03-14T21:00:53,0.0455
21,420-439,1773496835,2026-03-14T22:00:35,0.047
21,420-439,1773500450,2026-03-14T23:00:50,0.0485
21,420-439,1773504036,2026-03-15T00:00:36,0.0455
21,420-439,1773511248,2026-03-15T02:00:48,0.0425
21,420-439,1773514837,2026-03-15T03:00:37,0.0415
21,420-439,1773518431,2026-03-15T04:00:31,0.0415
21,420-439,1773522049,2026-03-15T05:00:49,0.0385
21,420-439,1773525641,2026-03-15T06:00:41,0.0355
21,420-439,1773529231,2026-03-15T07:00:31,0.033
21,420-439,1773532854,2026-03-15T08:00:54,0.0305
21,420-439,1773536431,2026-03-15T09:00:31,0.029
21,420-439,1773540034,2026-03-15T10:00:34,0.0275
21,420-439,1773543651,2026-03-15T11:00:51,0.0255
21,420-439,1773547232,2026-03-15T12:00:32,0.026
21,420-439,1773550831,2026-03-15T13:00:31,0.021
21,420-439,1773554445,2026-03-15T14:00:45,0.0235
21,420-439,1773558031,2026-03-15T15:00:31,0.028
21,420-439,1773561634,2026-03-15T16:00:34,0.031
21,420-439,1773565247,2026-03-15T17:00:47,0.029
21,420-439,1773568843,2026-03-15T18:00:43,0.024
21,420-439,1773572431,2026-03-15T19:00:31,0.018
21,420-439,1773576050,2026-03-15T20:00:50,0.016
21,420-439,1773579633,2026-03-15T21:00:33,0.0185
21,420-439,1773583240,2026-03-15T22:00:40,0.0225
21,420-439,1773586858,2026-03-15T23:00:58,0.0225
21,420-439,1773590433,2026-03-16T00:00:33,0.017
21,420-439,1773594052,2026-03-16T01:00:52,0.0135
21,420-439,1773597652,2026-03-16T02:00:52,0.014
21,420-439,1773601239,2026-03-16T03:00:39,0.0125
21,420-439,1773604837,2026-03-16T04:00:37,0.0115
21,420-439,1773608448,2026-03-16T05:00:48,0.009
21,420-439,1773612041,2026-03-16T06:00:41,0.0095
21,420-439,1773615635,2026-03-16T07:00:35,0.0085
21,420-439,1773622830,2026-03-16T09:00:30,0.011
21,420-439,1773626431,2026-03-16T10:00:31,0.013
21,420-439,1773630043,2026-03-16T11:00:43,0.0095
21,420-439,1773633635,2026-03-16T12:00:35,0.0085
21,420-439,1773637230,2026-03-16T13:00:30,0.008
21,420-439,1773640855,2026-03-16T14:00:55,0.009
21,420-439,1773644428,2026-03-16T15:00:28,0.0075
21,420-439,1773648031,2026-03-16T16:00:31,0.008
21,420-439,1773651634,2026-03-16T17:00:34,0.0075
21,420-439,1773655232,2026-03-16T18:00:32,0.009
21,420-439,1773658829,2026-03-16T19:00:29,0.0085
21,420-439,1773662434,2026-03-16T20:00:34,0.0075
21,420-439,1773666034,2026-03-16T21:00:34,0.0095
21,420-439,1773669638,2026-03-16T22:00:38,0.01
21,420-439,1773673236,2026-03-16T23:00:36,0.0095
21,420-439,1773676833,2026-03-17T00:00:33,0.0055
21,420-439,1773680433,2026-03-17T01:00:33,0.0055
21,420-439,1773684036,2026-03-17T02:00:36,0.0055
21,420-439,1773687638,2026-03-17T03:00:38,0.0055
21,420-439,1773691232,2026-03-17T04:00:32,0.0055
21,420-439,1773694845,2026-03-17T05:00:45,0.0055
21,420-439,1773698435,2026-03-17T06:00:35,0.0055
21,420-439,1773702036,2026-03-17T07:00:36,0.0045
21,420-439,1773705641,2026-03-17T08:00:41,0.0045
21,420-439,1773709235,2026-03-17T09:00:35,0.0045
21,420-439,1773712836,2026-03-17T10:00:36,0.0075
21,420-439,1773716438,2026-03-17T11:00:38,0.0075
21,420-439,1773720039,2026-03-17T12:00:39,0.007
21,420-439,1773723650,2026-03-17T13:00:50,0.007
21,420-439,1773727238,2026-03-17T14:00:38,0.0075
21,420-439,1773730842,2026-03-17T15:00:42,0.0065
21,420-439,1773734438,2026-03-17T16:00:38,0.006
21,420-439,1773738042,2026-03-17T17:00:42,0.0045
21,420-439,1773741643,2026-03-17T18:00:43,0.0045
21,420-439,1773745236,2026-03-17T19:00:36,0.0045
21,420-439,1773748844,2026-03-17T20:00:44,0.004
21,420-439,1773752437,2026-03-17T21:00:37,0.006
21,420-439,1773756039,2026-03-17T22:00:39,0.0055
21,420-439,1773759645,2026-03-17T23:00:45,0.0035
21,420-439,1773763238,2026-03-18T00:00:38,0.004
21,420-439,1773766838,2026-03-18T01:00:38,0.0045
21,420-439,1773770444,2026-03-18T02:00:44,0.003
21,420-439,1773774039,2026-03-18T03:00:39,0.003
21,420-439,1773777640,2026-03-18T04:00:40,0.0025
21,420-439,1773781244,2026-03-18T05:00:44,0.0025
21,420-439,1773784813,2026-03-18T06:00:13,0.0035
21,420-439,1773784858,2026-03-18T06:00:58,0.0035
21,420-439,1773788435,2026-03-18T07:00:35,0.003
21,420-439,1773792043,2026-03-18T08:00:43,0.0025
21,420-439,1773795636,2026-03-18T09:00:36,0.0035
21,420-439,1773799236,2026-03-18T10:00:36,0.0025
21,420-439,1773802840,2026-03-18T11:00:40,0.0025
21,420-439,1773806434,2026-03-18T12:00:34,0.0015
21,420-439,1773810038,2026-03-18T13:00:38,0.0015
21,420-439,1773813643,2026-03-18T14:00:43,0.0015
21,420-439,1773817239,2026-03-18T15:00:39,0.0015
21,420-439,1773820834,2026-03-18T16:00:34,0.0015
21,420-439,1773824448,2026-03-18T17:00:48,0.0015
21,420-439,1773828039,2026-03-18T18:00:39,0.0015
21,420-439,1773831635,2026-03-18T19:00:35,0.0015
21,420-439,1773838835,2026-03-18T21:00:35,0.0005
21,420-439,1773842440,2026-03-18T22:00:40,0.0005
21,420-439,1773846058,2026-03-18T23:00:58,0.0005
21,420-439,1773849640,2026-03-19T00:00:40,0.0005
21,420-439,1773853235,2026-03-19T01:00:35,0.0005
21,420-439,1773856855,2026-03-19T02:00:55,0.0005
21,420-439,1773860439,2026-03-19T03:00:39,0.0005
21,420-439,1773864049,2026-03-19T04:00:49,0.0005
21,420-439,1773867652,2026-03-19T05:00:52,0.0005
21,420-439,1773871244,2026-03-19T06:00:44,0.0005
21,420-439,1773874833,2026-03-19T07:00:33,0.0005
21,420-439,1773878457,2026-03-19T08:00:57,0.0005
21,420-439,1773882036,2026-03-19T09:00:36,0.0005
21,420-439,1773885636,2026-03-19T10:00:36,0.0005
21,420-439,1773889253,2026-03-19T11:00:53,0.0005
21,420-439,1773892838,2026-03-19T12:00:38,0.0005
21,420-439,1773896436,2026-03-19T13:00:36,0.0005
21,420-439,1773903650,2026-03-19T15:00:50,0.0005
21,420-439,1773907237,2026-03-19T16:00:37,0.0005
21,420-439,1773914437,2026-03-19T18:00:37,0.0165
21,420-439,1773918057,2026-03-19T19:00:57,0.0025
21,420-439,1773921641,2026-03-19T20:00:41,0.0015
21,420-439,1773925237,2026-03-19T21:00:37,0.0015
21,420-439,1773928837,2026-03-19T22:00:37,0.0065
21,420-439,1773932442,2026-03-19T23:00:42,0.0025
21,420-439,1773936037,2026-03-20T00:00:37,0.0025
21,420-439,1773943244,2026-03-20T02:00:44,0.0015
21,420-439,1773946838,2026-03-20T03:00:38,0.0015
21,420-439,1773950440,2026-03-20T04:00:40,0.0015
21,420-439,1773954043,2026-03-20T05:00:43,0.0015
21,420-439,1773957640,2026-03-20T06:00:40,0.0015
21,420-439,1773961238,2026-03-20T07:00:38,0.0015
21,420-439,1773964847,2026-03-20T08:00:47,0.0015
21,420-439,1773968437,2026-03-20T09:00:37,0.0015
21,420-439,1773972053,2026-03-20T10:00:53,0.0015
21,420-439,1773979243,2026-03-20T12:00:43,0.0005
21,420-439,1773982839,2026-03-20T13:00:39,0.0015
21,420-439,1773986450,2026-03-20T14:00:50,0.0005
21,420-439,1773990038,2026-03-20T15:00:38,0.0015
21,420-439,1773993637,2026-03-20T16:00:37,0.0015
21,420-439,1773997243,2026-03-20T17:00:43,0.0015
21,420-439,1774004435,2026-03-20T19:00:35,0.0005
21,420-439,1774008042,2026-03-20T20:00:42,0.0005
21,420-439,1774011637,2026-03-20T21:00:37,0.0005
21,420-439,1774015241,2026-03-20T22:00:41,0.0005
21,420-439,1774018843,2026-03-20T23:00:43,0.0005
21,420-439,1774022435,2026-03-21T00:00:35,0.0005
21,420-439,1774026036,2026-03-21T01:00:36,0.0005
21,420-439,1774029647,2026-03-21T02:00:47,0.0005
22,440-459,1773093627,2026-03-10T06:00:27,0.065
22,440-459,1773097228,2026-03-10T07:00:28,0.065
22,440-459,1773100841,2026-03-10T08:00:41,0.04
22,440-459,1773104426,2026-03-10T09:00:26,0.0155
22,440-459,1773108027,2026-03-10T10:00:27,0.0155
22,440-459,1773111632,2026-03-10T11:00:32,0.0205
22,440-459,1773115232,2026-03-10T12:00:32,0.025
22,440-459,1773118829,2026-03-10T13:00:29,0.024
22,440-459,1773122434,2026-03-10T14:00:34,0.024
22,440-459,1773126031,2026-03-10T15:00:31,0.0205
22,440-459,1773129628,2026-03-10T16:00:28,0.0205
22,440-459,1773133246,2026-03-10T17:00:46,0.0245
22,440-459,1773136842,2026-03-10T18:00:42,0.022
22,440-459,1773140428,2026-03-10T19:00:28,0.022
22,440-459,1773144044,2026-03-10T20:00:44,0.0205
22,440-459,1773147634,2026-03-10T21:00:34,0.0205
22,440-459,1773151232,2026-03-10T22:00:32,0.0205
22,440-459,1773154845,2026-03-10T23:00:45,0.019
22,440-459,1773158437,2026-03-11T00:00:37,0.0275
22,440-459,1773162029,2026-03-11T01:00:29,0.0275
22,440-459,1773165642,2026-03-11T02:00:42,0.045
22,440-459,1773169231,2026-03-11T03:00:31,0.0365
22,440-459,1773172833,2026-03-11T04:00:33,0.0455
22,440-459,1773176442,2026-03-11T05:00:42,0.0465
22,440-459,1773180031,2026-03-11T06:00:31,0.046
22,440-459,1773183631,2026-03-11T07:00:31,0.0475
22,440-459,1773187244,2026-03-11T08:00:44,0.044
22,440-459,1773190832,2026-03-11T09:00:32,0.0405
22,440-459,1773194432,2026-03-11T10:00:32,0.0405
22,440-459,1773198043,2026-03-11T11:00:43,0.0405
22,440-459,1773201632,2026-03-11T12:00:32,0.0385
22,440-459,1773205232,2026-03-11T13:00:32,0.0375
22,440-459,1773208843,2026-03-11T14:00:43,0.039
22,440-459,1773212433,2026-03-11T15:00:33,0.039
22,440-459,1773216032,2026-03-11T16:00:32,0.0375
22,440-459,1773219639,2026-03-11T17:00:39,0.0365
22,440-459,1773223237,2026-03-11T18:00:37,0.0365
22,440-459,1773226834,2026-03-11T19:00:34,0.0365
22,440-459,1773230456,2026-03-11T20:00:56,0.0365
22,440-459,1773234032,2026-03-11T21:00:32,0.0365
22,440-459,1773237633,2026-03-11T22:00:33,0.0285
22,440-459,1773241256,2026-03-11T23:00:56,0.0285
22,440-459,1773244834,2026-03-12T00:00:34,0.0295
22,440-459,1773248453,2026-03-12T01:00:53,0.0295
22,440-459,1773252041,2026-03-12T02:00:41,0.0295
22,440-459,1773255633,2026-03-12T03:00:33,0.0285
22,440-459,1773259235,2026-03-12T04:00:35,0.03
22,440-459,1773262845,2026-03-12T05:00:45,0.0305
22,440-459,1773266434,2026-03-12T06:00:34,0.0295
22,440-459,1773270031,2026-03-12T07:00:31,0.0255
22,440-459,1773273645,2026-03-12T08:00:45,0.0265
22,440-459,1773277232,2026-03-12T09:00:32,0.0265
22,440-459,1773280832,2026-03-12T10:00:32,0.0235
22,440-459,1773284444,2026-03-12T11:00:44,0.0215
22,440-459,1773288032,2026-03-12T12:00:32,0.0185
22,440-459,1773291635,2026-03-12T13:00:35,0.0225
22,440-459,1773295244,2026-03-12T14:00:44,0.028
22,440-459,1773298834,2026-03-12T15:00:34,0.0275
22,440-459,1773302435,2026-03-12T16:00:35,0.0275
22,440-459,1773306040,2026-03-12T17:00:40,0.0225
22,440-459,1773309658,2026-03-12T18:00:58,0.0225
22,440-459,1773313232,2026-03-12T19:00:32,0.0265
22,440-459,1773316858,2026-03-12T20:00:58,0.025
22,440-459,1773320448,2026-03-12T21:00:48,0.028
22,440-459,1773324036,2026-03-12T22:00:36,0.0285
22,440-459,1773327645,2026-03-12T23:00:45,0.0365
22,440-459,1773331234,2026-03-13T00:00:34,0.035
22,440-459,1773338452,2026-03-13T02:00:52,0.0395
22,440-459,1773342030,2026-03-13T03:00:30,0.034
22,440-459,1773345636,2026-03-13T04:00:36,0.03
22,440-459,1773349245,2026-03-13T05:00:45,0.033
22,440-459,1773352833,2026-03-13T06:00:33,0.0355
22,440-459,1773356437,2026-03-13T07:00:37,0.0355
22,440-459,1773363635,2026-03-13T09:00:35,0.0345
22,440-459,1773367234,2026-03-13T10:00:34,0.0385
22,440-459,1773370843,2026-03-13T11:00:43,0.0365
22,440-459,1773374434,2026-03-13T12:00:34,0.038
22,440-459,1773378030,2026-03-13T13:00:30,0.037
22,440-459,1773381645,2026-03-13T14:00:45,0.0345
22,440-459,1773385240,2026-03-13T15:00:40,0.054
22,440-459,1773388831,2026-03-13T16:00:31,0.0505
22,440-459,1773392445,2026-03-13T17:00:45,0.053
22,440-459,1773396033,2026-03-13T18:00:33,0.0495
22,440-459,1773399631,2026-03-13T19:00:31,0.0495
22,440-459,1773403239,2026-03-13T20:00:39,0.0405
22,440-459,1773406830,2026-03-13T21:00:30,0.0395
22,440-459,1773410433,2026-03-13T22:00:33,0.054
22,440-459,1773414040,2026-03-13T23:00:40,0.05
22,440-459,1773417640,2026-03-14T00:00:40,0.045
22,440-459,1773421228,2026-03-14T01:00:28,0.0425
22,440-459,1773424837,2026-03-14T02:00:37,0.04
22,440-459,1773428434,2026-03-14T03:00:34,0.0455
22,440-459,1773432028,2026-03-14T04:00:28,0.051
22,440-459,1773435644,2026-03-14T05:00:44,0.043
22,440-459,1773439231,2026-03-14T06:00:31,0.0385
22,440-459,1773442826,2026-03-14T07:00:26,0.041
22,440-459,1773446438,2026-03-14T08:00:38,0.0415
22,440-459,1773450027,2026-03-14T09:00:27,0.0395
22,440-459,1773453627,2026-03-14T10:00:27,0.0375
22,440-459,1773457238,2026-03-14T11:00:38,0.0375
22,440-459,1773460826,2026-03-14T12:00:26,0.04
22,440-459,1773464426,2026-03-14T13:00:26,0.0385
22,440-459,1773468036,2026-03-14T14:00:36,0.038
22,440-459,1773471626,2026-03-14T15:00:26,0.0365
22,440-459,1773475228,2026-03-14T16:00:28,0.0385
22,440-459,1773478836,2026-03-14T17:00:36,0.0425
22,440-459,1773482425,2026-03-14T18:00:25,0.0375
22,440-459,1773486028,2026-03-14T19:00:28,0.0355
22,440-459,1773489641,2026-03-14T20:00:41,0.0355
22,440-459,1773493238,2026-03-14T21:00:38,0.0365
22,440-459,1773496830,2026-03-14T22:00:30,0.0355
22,440-459,1773500437,2026-03-14T23:00:37,0.036
22,440-459,1773504030,2026-03-15T00:00:30,0.0335
22,440-459,1773507645,2026-03-15T01:00:45,0.0335
22,440-459,1773511235,2026-03-15T02:00:35,0.0335
22,440-459,1773514829,2026-03-15T03:00:29,0.03
22,440-459,1773518426,2026-03-15T04:00:26,0.0285
22,440-459,1773522037,2026-03-15T05:00:37,0.0285
22,440-459,1773525631,2026-03-15T06:00:31,0.0225
22,440-459,1773529226,2026-03-15T07:00:26,0.022
22,440-459,1773532839,2026-03-15T08:00:39,0.0215
22,440-459,1773536426,2026-03-15T09:00:26,0.0205
22,440-459,1773540028,2026-03-15T10:00:28,0.0185
22,440-459,1773543637,2026-03-15T11:00:37,0.0165
22,440-459,1773547227,2026-03-15T12:00:27,0.0155
22,440-459,1773550826,2026-03-15T13:00:26,0.0165
22,440-459,1773554434,2026-03-15T14:00:34,0.0165
22,440-459,1773558026,2026-03-15T15:00:26,0.02
22,440-459,1773561628,2026-03-15T16:00:28,0.0205
22,440-459,1773565236,2026-03-15T17:00:36,0.018
22,440-459,1773568834,2026-03-15T18:00:34,0.0115
22,440-459,1773572426,2026-03-15T19:00:26,0.0105
22,440-459,1773576037,2026-03-15T20:00:37,0.01
22,440-459,1773579627,2026-03-15T21:00:27,0.011
22,440-459,1773583231,2026-03-15T22:00:31,0.0135
22,440-459,1773586839,2026-03-15T23:00:39,0.0105
22,440-459,1773590428,2026-03-16T00:00:28,0.0105
22,440-459,1773594039,2026-03-16T01:00:39,0.011
22,440-459,1773597637,2026-03-16T02:00:37,0.011
22,440-459,1773601230,2026-03-16T03:00:30,0.0065
22,440-459,1773604832,2026-03-16T04:00:32,0.0065
22,440-459,1773608437,2026-03-16T05:00:37,0.0065
22,440-459,1773612032,2026-03-16T06:00:32,0.0055
22,440-459,1773615629,2026-03-16T07:00:29,0.0055
22,440-459,1773619252,2026-03-16T08:00:52,0.0055
22,440-459,1773622826,2026-03-16T09:00:26,0.0065
22,440-459,1773626427,2026-03-16T10:00:27,0.0065
22,440-459,1773630032,2026-03-16T11:00:32,0.0075
22,440-459,1773633628,2026-03-16T12:00:28,0.0075
22,440-459,1773637226,2026-03-16T13:00:26,0.0075
22,440-459,1773640844,2026-03-16T14:00:44,0.0075
22,440-459,1773644424,2026-03-16T15:00:24,0.0105
22,440-459,1773648027,2026-03-16T16:00:27,0.008
22,440-459,1773651628,2026-03-16T17:00:28,0.0075
22,440-459,1773655228,2026-03-16T18:00:28,0.007
22,440-459,1773658825,2026-03-16T19:00:25,0.0065
22,440-459,1773662428,2026-03-16T20:00:28,0.0075
22,440-459,1773666030,2026-03-16T21:00:30,0.0055
22,440-459,1773669630,2026-03-16T22:00:30,0.0055
22,440-459,1773673229,2026-03-16T23:00:29,0.0055
22,440-459,1773676829,2026-03-17T00:00:29,0.0045
22,440-459,1773680429,2026-03-17T01:00:29,0.0035
22,440-459,1773684030,2026-03-17T02:00:30,0.0035
22,440-459,1773687634,2026-03-17T03:00:34,0.004
22,440-459,1773691228,2026-03-17T04:00:28,0.0045
22,440-459,1773694834,2026-03-17T05:00:34,0.0035
22,440-459,1773698431,2026-03-17T06:00:31,0.0035
22,440-459,1773702031,2026-03-17T07:00:31,0.0035
22,440-459,1773705634,2026-03-17T08:00:34,0.0035
22,440-459,1773709229,2026-03-17T09:00:29,0.0035
22,440-459,1773712831,2026-03-17T10:00:31,0.004
22,440-459,1773716432,2026-03-17T11:00:32,0.0035
22,440-459,1773720034,2026-03-17T12:00:34,0.0025
22,440-459,1773723646,2026-03-17T13:00:46,0.0025
22,440-459,1773727232,2026-03-17T14:00:32,0.0035
22,440-459,1773730833,2026-03-17T15:00:33,0.0035
22,440-459,1773734433,2026-03-17T16:00:33,0.003
22,440-459,1773738034,2026-03-17T17:00:34,0.0035
22,440-459,1773741634,2026-03-17T18:00:34,0.0025
22,440-459,1773745231,2026-03-17T19:00:31,0.0025
22,440-459,1773748836,2026-03-17T20:00:36,0.003
22,440-459,1773752432,2026-03-17T21:00:32,0.006
22,440-459,1773756033,2026-03-17T22:00:33,0.003
22,440-459,1773759637,2026-03-17T23:00:37,0.0025
22,440-459,1773763233,2026-03-18T00:00:33,0.0025
22,440-459,1773766832,2026-03-18T01:00:32,0.0025
22,440-459,1773770436,2026-03-18T02:00:36,0.0015
22,440-459,1773774034,2026-03-18T03:00:34,0.0015
22,440-459,1773777635,2026-03-18T04:00:35,0.0015
22,440-459,1773781236,2026-03-18T05:00:36,0.0015
22,440-459,1773784808,2026-03-18T06:00:08,0.0025
22,440-459,1773784853,2026-03-18T06:00:53,0.0025
22,440-459,1773788430,2026-03-18T07:00:30,0.0015
22,440-459,1773792035,2026-03-18T08:00:35,0.0015
22,440-459,1773795631,2026-03-18T09:00:31,0.0025
22,440-459,1773799231,2026-03-18T10:00:31,0.0015
22,440-459,1773802833,2026-03-18T11:00:33,0.0015
22,440-459,1773806429,2026-03-18T12:00:29,0.0015
22,440-459,1773810033,2026-03-18T13:00:33,0.0015
22,440-459,1773813635,2026-03-18T14:00:35,0.0005
22,440-459,1773817233,2026-03-18T15:00:33,0.0005
22,440-459,1773820829,2026-03-18T16:00:29,0.0005
22,440-459,1773824441,2026-03-18T17:00:41,0.0005
22,440-459,1773828032,2026-03-18T18:00:32,0.0005
22,440-459,1773831631,2026-03-18T19:00:31,0.0005
22,440-459,1773835246,2026-03-18T20:00:46,0.0005
22,440-459,1773838830,2026-03-18T21:00:30,0.0005
22,440-459,1773842434,2026-03-18T22:00:34,0.0005
22,440-459,1773846043,2026-03-18T23:00:43,0.0005
22,440-459,1773849634,2026-03-19T00:00:34,0.0005
22,440-459,1773853230,2026-03-19T01:00:30,0.0005
22,440-459,1773856842,2026-03-19T02:00:42,0.0005
22,440-459,1773860435,2026-03-19T03:00:35,0.0005
22,440-459,1773864044,2026-03-19T04:00:44,0.0005
22,440-459,1773867640,2026-03-19T05:00:40,0.0005
22,440-459,1773871235,2026-03-19T06:00:35,0.0005
22,440-459,1773874828,2026-03-19T07:00:28,0.0005
22,440-459,1773878443,2026-03-19T08:00:43,0.0005
22,440-459,1773882031,2026-03-19T09:00:31,0.0005
22,440-459,1773885631,2026-03-19T10:00:31,0.0005
22,440-459,1773889239,2026-03-19T11:00:39,0.0005
22,440-459,1773892833,2026-03-19T12:00:33,0.0005
22,440-459,1773896430,2026-03-19T13:00:30,0.0005
22,440-459,1773900052,2026-03-19T14:00:52,0.0005
22,440-459,1773903644,2026-03-19T15:00:44,0.0005
22,440-459,1773907231,2026-03-19T16:00:31,0.0005
22,440-459,1773910853,2026-03-19T17:00:53,0.0005
22,440-459,1773914431,2026-03-19T18:00:31,0.0025
22,440-459,1773918041,2026-03-19T19:00:41,0.0015
22,440-459,1773921634,2026-03-19T20:00:34,0.0005
22,440-459,1773925232,2026-03-19T21:00:32,0.0005
22,440-459,1773928831,2026-03-19T22:00:31,0.0015
22,440-459,1773932434,2026-03-19T23:00:34,0.0005
22,440-459,1773936032,2026-03-20T00:00:32,0.0005
22,440-459,1773939651,2026-03-20T01:00:51,0.0005
22,440-459,1773943237,2026-03-20T02:00:37,0.0005
22,440-459,1773946832,2026-03-20T03:00:32,0.0005
22,440-459,1773950433,2026-03-20T04:00:33,0.0005
22,440-459,1773954036,2026-03-20T05:00:36,0.0005
22,440-459,1773957634,2026-03-20T06:00:34,0.0005
22,440-459,1773961233,2026-03-20T07:00:33,0.0005
22,440-459,1773964840,2026-03-20T08:00:40,0.0005
22,440-459,1773968431,2026-03-20T09:00:31,0.0005
22,440-459,1773972039,2026-03-20T10:00:39,0.0005
22,440-459,1773975635,2026-03-20T11:00:35,0.0005
22,440-459,1773979231,2026-03-20T12:00:31,0.0005
22,440-459,1773982833,2026-03-20T13:00:33,0.0005
22,440-459,1773986443,2026-03-20T14:00:43,0.0005
22,440-459,1773990032,2026-03-20T15:00:32,0.0005
22,440-459,1773993632,2026-03-20T16:00:32,0.0005
22,440-459,1773997234,2026-03-20T17:00:34,0.0005
22,440-459,1774000846,2026-03-20T18:00:46,0.0005
22,440-459,1774004429,2026-03-20T19:00:29,0.0005
22,440-459,1774008034,2026-03-20T20:00:34,0.0005
22,440-459,1774011628,2026-03-20T21:00:28,0.0005
22,440-459,1774015235,2026-03-20T22:00:35,0.0005
22,440-459,1774018836,2026-03-20T23:00:36,0.0005
22,440-459,1774022430,2026-03-21T00:00:30,0.0005
22,440-459,1774026030,2026-03-21T01:00:30,0.0005
22,440-459,1774029639,2026-03-21T02:00:39,0.0005
23,460-479,1773093620,2026-03-10T06:00:20,0.08
23,460-479,1773097221,2026-03-10T07:00:21,0.075
23,460-479,1773100826,2026-03-10T08:00:26,0.05
23,460-479,1773104420,2026-03-10T09:00:20,0.014
23,460-479,1773108021,2026-03-10T10:00:21,0.0145
23,460-479,1773111623,2026-03-10T11:00:23,0.015
23,460-479,1773115225,2026-03-10T12:00:25,0.0145
23,460-479,1773118822,2026-03-10T13:00:22,0.0135
23,460-479,1773122424,2026-03-10T14:00:24,0.013
23,460-479,1773126023,2026-03-10T15:00:23,0.0125
23,460-479,1773129621,2026-03-10T16:00:21,0.0125
23,460-479,1773133227,2026-03-10T17:00:27,0.014
23,460-479,1773136830,2026-03-10T18:00:30,0.014
23,460-479,1773140421,2026-03-10T19:00:21,0.014
23,460-479,1773144030,2026-03-10T20:00:30,0.013
23,460-479,1773147624,2026-03-10T21:00:24,0.0125
23,460-479,1773151225,2026-03-10T22:00:25,0.0145
23,460-479,1773154828,2026-03-10T23:00:28,0.0145
23,460-479,1773158430,2026-03-11T00:00:30,0.014
23,460-479,1773162022,2026-03-11T01:00:22,0.0175
23,460-479,1773165628,2026-03-11T02:00:28,0.0195
23,460-479,1773169225,2026-03-11T03:00:25,0.021
23,460-479,1773172826,2026-03-11T04:00:26,0.025
23,460-479,1773176428,2026-03-11T05:00:28,0.0255
23,460-479,1773180024,2026-03-11T06:00:24,0.0245
23,460-479,1773183625,2026-03-11T07:00:25,0.024
23,460-479,1773187230,2026-03-11T08:00:30,0.025
23,460-479,1773190824,2026-03-11T09:00:24,0.0205
23,460-479,1773194425,2026-03-11T10:00:25,0.0205
23,460-479,1773198029,2026-03-11T11:00:29,0.0205
23,460-479,1773201625,2026-03-11T12:00:25,0.0215
23,460-479,1773205224,2026-03-11T13:00:24,0.0215
23,460-479,1773208828,2026-03-11T14:00:28,0.0385
23,460-479,1773212425,2026-03-11T15:00:25,0.04
23,460-479,1773216025,2026-03-11T16:00:25,0.0225
23,460-479,1773219624,2026-03-11T17:00:24,0.026
23,460-479,1773223227,2026-03-11T18:00:27,0.0305
23,460-479,1773226827,2026-03-11T19:00:27,0.0305
23,460-479,1773230440,2026-03-11T20:00:40,0.0305
23,460-479,1773234024,2026-03-11T21:00:24,0.0235
23,460-479,1773237625,2026-03-11T22:00:25,0.0225
23,460-479,1773241232,2026-03-11T23:00:32,0.0235
23,460-479,1773244826,2026-03-12T00:00:26,0.023
23,460-479,1773248430,2026-03-12T01:00:30,0.0215
23,460-479,1773252027,2026-03-12T02:00:27,0.0235
23,460-479,1773255626,2026-03-12T03:00:26,0.021
23,460-479,1773259226,2026-03-12T04:00:26,0.0195
23,460-479,1773262830,2026-03-12T05:00:30,0.0195
23,460-479,1773266426,2026-03-12T06:00:26,0.0195
23,460-479,1773270024,2026-03-12T07:00:24,0.0185
23,460-479,1773273629,2026-03-12T08:00:29,0.0225
23,460-479,1773277225,2026-03-12T09:00:25,0.0185
23,460-479,1773280825,2026-03-12T10:00:25,0.0135
23,460-479,1773284429,2026-03-12T11:00:29,0.0135
23,460-479,1773288024,2026-03-12T12:00:24,0.0125
23,460-479,1773291624,2026-03-12T13:00:24,0.0125
23,460-479,1773295229,2026-03-12T14:00:29,0.0335
23,460-479,1773298825,2026-03-12T15:00:25,0.0215
23,460-479,1773302427,2026-03-12T16:00:27,0.023
23,460-479,1773306025,2026-03-12T17:00:25,0.015
23,460-479,1773309641,2026-03-12T18:00:41,0.0175
23,460-479,1773313224,2026-03-12T19:00:24,0.016
23,460-479,1773316831,2026-03-12T20:00:31,0.0155
23,460-479,1773320428,2026-03-12T21:00:28,0.0185
23,460-479,1773324029,2026-03-12T22:00:29,0.0195
23,460-479,1773327629,2026-03-12T23:00:29,0.034
23,460-479,1773331227,2026-03-13T00:00:27,0.036
23,460-479,1773334835,2026-03-13T01:00:35,0.0255
23,460-479,1773338431,2026-03-13T02:00:31,0.03
23,460-479,1773342023,2026-03-13T03:00:23,0.0285
23,460-479,1773345626,2026-03-13T04:00:26,0.0265
23,460-479,1773349228,2026-03-13T05:00:28,0.0265
23,460-479,1773352826,2026-03-13T06:00:26,0.026
23,460-479,1773356424,2026-03-13T07:00:24,0.026
23,460-479,1773360046,2026-03-13T08:00:46,0.027
23,460-479,1773363627,2026-03-13T09:00:27,0.026
23,460-479,1773367227,2026-03-13T10:00:27,0.027
23,460-479,1773370827,2026-03-13T11:00:27,0.027
23,460-479,1773374426,2026-03-13T12:00:26,0.032
23,460-479,1773378023,2026-03-13T13:00:23,0.0255
23,460-479,1773381627,2026-03-13T14:00:27,0.0265
23,460-479,1773385232,2026-03-13T15:00:32,0.036
23,460-479,1773388822,2026-03-13T16:00:22,0.0375
23,460-479,1773392428,2026-03-13T17:00:28,0.038
23,460-479,1773396025,2026-03-13T18:00:25,0.04
23,460-479,1773399640,2026-03-13T19:00:40,0.04
23,460-479,1773403250,2026-03-13T20:00:50,0.031
23,460-479,1773406836,2026-03-13T21:00:36,0.0305
23,460-479,1773410442,2026-03-13T22:00:42,0.0425
23,460-479,1773414053,2026-03-13T23:00:53,0.0405
23,460-479,1773417645,2026-03-14T00:00:45,0.0335
23,460-479,1773421233,2026-03-14T01:00:33,0.031
23,460-479,1773424849,2026-03-14T02:00:49,0.029
23,460-479,1773428443,2026-03-14T03:00:43,0.037
23,460-479,1773432033,2026-03-14T04:00:33,0.0365
23,460-479,1773435656,2026-03-14T05:00:56,0.0365
23,460-479,1773439241,2026-03-14T06:00:41,0.035
23,460-479,1773442831,2026-03-14T07:00:31,0.036
23,460-479,1773446450,2026-03-14T08:00:50,0.0365
23,460-479,1773450032,2026-03-14T09:00:32,0.0365
23,460-479,1773453632,2026-03-14T10:00:32,0.0345
23,460-479,1773457250,2026-03-14T11:00:50,0.0335
23,460-479,1773460831,2026-03-14T12:00:31,0.033
23,460-479,1773464431,2026-03-14T13:00:31,0.033
23,460-479,1773468049,2026-03-14T14:00:49,0.0315
23,460-479,1773471631,2026-03-14T15:00:31,0.028
23,460-479,1773475233,2026-03-14T16:00:33,0.0325
23,460-479,1773478848,2026-03-14T17:00:48,0.035
23,460-479,1773482431,2026-03-14T18:00:31,0.0355
23,460-479,1773486033,2026-03-14T19:00:33,0.03
23,460-479,1773489655,2026-03-14T20:00:55,0.0295
23,460-479,1773493253,2026-03-14T21:00:53,0.0275
23,460-479,1773496835,2026-03-14T22:00:35,0.0305
23,460-479,1773500450,2026-03-14T23:00:50,0.0285
23,460-479,1773504036,2026-03-15T00:00:36,0.0265
23,460-479,1773511248,2026-03-15T02:00:48,0.0235
23,460-479,1773514837,2026-03-15T03:00:37,0.0225
23,460-479,1773518431,2026-03-15T04:00:31,0.0195
23,460-479,1773522049,2026-03-15T05:00:49,0.018
23,460-479,1773525641,2026-03-15T06:00:41,0.0175
23,460-479,1773529231,2026-03-15T07:00:31,0.017
23,460-479,1773532854,2026-03-15T08:00:54,0.016
23,460-479,1773536431,2026-03-15T09:00:31,0.014
23,460-479,1773540034,2026-03-15T10:00:34,0.014
23,460-479,1773543651,2026-03-15T11:00:51,0.011
23,460-479,1773547232,2026-03-15T12:00:32,0.0105
23,460-479,1773550831,2026-03-15T13:00:31,0.0115
23,460-479,1773554445,2026-03-15T14:00:45,0.012
23,460-479,1773558031,2026-03-15T15:00:31,0.012
23,460-479,1773561634,2026-03-15T16:00:34,0.0135
23,460-479,1773565247,2026-03-15T17:00:47,0.012
23,460-479,1773568843,2026-03-15T18:00:43,0.0085
23,460-479,1773572431,2026-03-15T19:00:31,0.0085
23,460-479,1773576050,2026-03-15T20:00:50,0.0085
23,460-479,1773579633,2026-03-15T21:00:33,0.0085
23,460-479,1773583240,2026-03-15T22:00:40,0.0085
23,460-479,1773586858,2026-03-15T23:00:58,0.0085
23,460-479,1773590433,2026-03-16T00:00:33,0.007
23,460-479,1773594053,2026-03-16T01:00:53,0.0075
23,460-479,1773597652,2026-03-16T02:00:52,0.0085
23,460-479,1773601239,2026-03-16T03:00:39,0.004
23,460-479,1773604837,2026-03-16T04:00:37,0.0045
23,460-479,1773608448,2026-03-16T05:00:48,0.0045
23,460-479,1773612041,2026-03-16T06:00:41,0.0035
23,460-479,1773615635,2026-03-16T07:00:35,0.0045
23,460-479,1773622830,2026-03-16T09:00:30,0.005
23,460-479,1773626431,2026-03-16T10:00:31,0.005
23,460-479,1773630043,2026-03-16T11:00:43,0.0065
23,460-479,1773633635,2026-03-16T12:00:35,0.0065
23,460-479,1773637230,2026-03-16T13:00:30,0.0065
23,460-479,1773640855,2026-03-16T14:00:55,0.0055
23,460-479,1773644428,2026-03-16T15:00:28,0.0055
23,460-479,1773648031,2026-03-16T16:00:31,0.0055
23,460-479,1773651634,2026-03-16T17:00:34,0.0055
23,460-479,1773655232,2026-03-16T18:00:32,0.006
23,460-479,1773658829,2026-03-16T19:00:29,0.005
23,460-479,1773662434,2026-03-16T20:00:34,0.0045
23,460-479,1773666034,2026-03-16T21:00:34,0.0035
23,460-479,1773669638,2026-03-16T22:00:38,0.004
23,460-479,1773673236,2026-03-16T23:00:36,0.0035
23,460-479,1773676833,2026-03-17T00:00:33,0.0025
23,460-479,1773680433,2026-03-17T01:00:33,0.0025
23,460-479,1773684036,2026-03-17T02:00:36,0.0025
23,460-479,1773687638,2026-03-17T03:00:38,0.0025
23,460-479,1773691233,2026-03-17T04:00:33,0.0025
23,460-479,1773694844,2026-03-17T05:00:44,0.0025
23,460-479,1773698435,2026-03-17T06:00:35,0.0025
23,460-479,1773702036,2026-03-17T07:00:36,0.0025
23,460-479,1773705641,2026-03-17T08:00:41,0.0025
23,460-479,1773709235,2026-03-17T09:00:35,0.0025
23,460-479,1773712836,2026-03-17T10:00:36,0.0035
23,460-479,1773716438,2026-03-17T11:00:38,0.003
23,460-479,1773720039,2026-03-17T12:00:39,0.0025
23,460-479,1773723650,2026-03-17T13:00:50,0.0025
23,460-479,1773727239,2026-03-17T14:00:39,0.0025
23,460-479,1773730843,2026-03-17T15:00:43,0.0025
23,460-479,1773734439,2026-03-17T16:00:39,0.0025
23,460-479,1773738042,2026-03-17T17:00:42,0.0035
23,460-479,1773741643,2026-03-17T18:00:43,0.0025
23,460-479,1773745236,2026-03-17T19:00:36,0.0025
23,460-479,1773748844,2026-03-17T20:00:44,0.0025
23,460-479,1773752437,2026-03-17T21:00:37,0.0025
23,460-479,1773756039,2026-03-17T22:00:39,0.0025
23,460-479,1773759645,2026-03-17T23:00:45,0.0015
23,460-479,1773763238,2026-03-18T00:00:38,0.0015
23,460-479,1773766838,2026-03-18T01:00:38,0.0015
23,460-479,1773770444,2026-03-18T02:00:44,0.0005
23,460-479,1773774039,2026-03-18T03:00:39,0.0005
23,460-479,1773777640,2026-03-18T04:00:40,0.0005
23,460-479,1773781244,2026-03-18T05:00:44,0.0005
23,460-479,1773784813,2026-03-18T06:00:13,0.0005
23,460-479,1773784858,2026-03-18T06:00:58,0.0005
23,460-479,1773788435,2026-03-18T07:00:35,0.0005
23,460-479,1773792043,2026-03-18T08:00:43,0.0005
23,460-479,1773795636,2026-03-18T09:00:36,0.0005
23,460-479,1773799236,2026-03-18T10:00:36,0.0005
23,460-479,1773802840,2026-03-18T11:00:40,0.0005
23,460-479,1773806434,2026-03-18T12:00:34,0.0005
23,460-479,1773810038,2026-03-18T13:00:38,0.0005
23,460-479,1773813643,2026-03-18T14:00:43,0.0005
23,460-479,1773817239,2026-03-18T15:00:39,0.0005
23,460-479,1773820834,2026-03-18T16:00:34,0.0005
23,460-479,1773824448,2026-03-18T17:00:48,0.0005
23,460-479,1773828039,2026-03-18T18:00:39,0.0005
23,460-479,1773831635,2026-03-18T19:00:35,0.0005
23,460-479,1773838835,2026-03-18T21:00:35,0.0005
23,460-479,1773842440,2026-03-18T22:00:40,0.0005
23,460-479,1773846058,2026-03-18T23:00:58,0.0005
23,460-479,1773849640,2026-03-19T00:00:40,0.0005
23,460-479,1773853235,2026-03-19T01:00:35,0.0005
23,460-479,1773856855,2026-03-19T02:00:55,0.0005
23,460-479,1773860439,2026-03-19T03:00:39,0.0005
23,460-479,1773864049,2026-03-19T04:00:49,0.0005
23,460-479,1773867653,2026-03-19T05:00:53,0.0005
23,460-479,1773871244,2026-03-19T06:00:44,0.0005
23,460-479,1773874833,2026-03-19T07:00:33,0.0005
23,460-479,1773878457,2026-03-19T08:00:57,0.0005
23,460-479,1773882036,2026-03-19T09:00:36,0.0005
23,460-479,1773885636,2026-03-19T10:00:36,0.0005
23,460-479,1773889253,2026-03-19T11:00:53,0.0005
23,460-479,1773892838,2026-03-19T12:00:38,0.0005
23,460-479,1773896436,2026-03-19T13:00:36,0.0005
23,460-479,1773903650,2026-03-19T15:00:50,0.0005
23,460-479,1773907237,2026-03-19T16:00:37,0.0005
23,460-479,1773914437,2026-03-19T18:00:37,0.0025
23,460-479,1773918057,2026-03-19T19:00:57,0.0015
23,460-479,1773921641,2026-03-19T20:00:41,0.0005
23,460-479,1773925238,2026-03-19T21:00:38,0.0005
23,460-479,1773928837,2026-03-19T22:00:37,0.0005
23,460-479,1773932442,2026-03-19T23:00:42,0.0005
23,460-479,1773936037,2026-03-20T00:00:37,0.0005
23,460-479,1773943244,2026-03-20T02:00:44,0.0005
23,460-479,1773946838,2026-03-20T03:00:38,0.0005
23,460-479,1773950440,2026-03-20T04:00:40,0.0005
23,460-479,1773954043,2026-03-20T05:00:43,0.0005
23,460-479,1773957640,2026-03-20T06:00:40,0.0005
23,460-479,1773961238,2026-03-20T07:00:38,0.0005
23,460-479,1773964847,2026-03-20T08:00:47,0.0005
23,460-479,1773968437,2026-03-20T09:00:37,0.0005
23,460-479,1773972042,2026-03-20T10:00:42,0.0005
23,460-479,1773975642,2026-03-20T11:00:42,0.0005
23,460-479,1773979234,2026-03-20T12:00:34,0.0005
23,460-479,1773982839,2026-03-20T13:00:39,0.0005
23,460-479,1773986450,2026-03-20T14:00:50,0.0005
23,460-479,1773990038,2026-03-20T15:00:38,0.0005
23,460-479,1773993637,2026-03-20T16:00:37,0.0005
23,460-479,1773997243,2026-03-20T17:00:43,0.0005
23,460-479,1774004435,2026-03-20T19:00:35,0.0005
23,460-479,1774008042,2026-03-20T20:00:42,0.0005
23,460-479,1774011637,2026-03-20T21:00:37,0.0005
23,460-479,1774015241,2026-03-20T22:00:41,0.0005
23,460-479,1774018843,2026-03-20T23:00:43,0.0005
23,460-479,1774022435,2026-03-21T00:00:35,0.0005
23,460-479,1774026036,2026-03-21T01:00:36,0.0005
23,460-479,1774029647,2026-03-21T02:00:47,0.0005
24,480-499,1773093619,2026-03-10T06:00:19,0.07
24,480-499,1773097219,2026-03-10T07:00:19,0.075
24,480-499,1773100822,2026-03-10T08:00:22,0.045
24,480-499,1773104419,2026-03-10T09:00:19,0.0155
24,480-499,1773108019,2026-03-10T10:00:19,0.015
24,480-499,1773111621,2026-03-10T11:00:21,0.015
24,480-499,1773115224,2026-03-10T12:00:24,0.015
24,480-499,1773118821,2026-03-10T13:00:21,0.0155
24,480-499,1773122422,2026-03-10T14:00:22,0.0155
24,480-499,1773126021,2026-03-10T15:00:21,0.0105
24,480-499,1773129620,2026-03-10T16:00:20,0.0105
24,480-499,1773133223,2026-03-10T17:00:23,0.015
24,480-499,1773136827,2026-03-10T18:00:27,0.015
24,480-499,1773140420,2026-03-10T19:00:20,0.015
24,480-499,1773144026,2026-03-10T20:00:26,0.0115
24,480-499,1773147623,2026-03-10T21:00:23,0.0105
24,480-499,1773151223,2026-03-10T22:00:23,0.0105
24,480-499,1773154823,2026-03-10T23:00:23,0.0105
24,480-499,1773158428,2026-03-11T00:00:28,0.0115
24,480-499,1773162020,2026-03-11T01:00:20,0.0105
24,480-499,1773165624,2026-03-11T02:00:24,0.0145
24,480-499,1773169223,2026-03-11T03:00:23,0.016
24,480-499,1773172824,2026-03-11T04:00:24,0.0205
24,480-499,1773176424,2026-03-11T05:00:24,0.0195
24,480-499,1773180022,2026-03-11T06:00:22,0.0195
24,480-499,1773183623,2026-03-11T07:00:23,0.0215
24,480-499,1773187225,2026-03-11T08:00:25,0.02
24,480-499,1773190823,2026-03-11T09:00:23,0.0155
24,480-499,1773194424,2026-03-11T10:00:24,0.0155
24,480-499,1773198025,2026-03-11T11:00:25,0.0155
24,480-499,1773201623,2026-03-11T12:00:23,0.0145
24,480-499,1773205223,2026-03-11T13:00:23,0.016
24,480-499,1773208824,2026-03-11T14:00:24,0.0175
24,480-499,1773212423,2026-03-11T15:00:23,0.017
24,480-499,1773216023,2026-03-11T16:00:23,0.0195
24,480-499,1773219621,2026-03-11T17:00:21,0.0175
24,480-499,1773223224,2026-03-11T18:00:24,0.021
24,480-499,1773226825,2026-03-11T19:00:25,0.0205
24,480-499,1773230436,2026-03-11T20:00:36,0.02
24,480-499,1773234023,2026-03-11T21:00:23,0.0185
24,480-499,1773237623,2026-03-11T22:00:23,0.0205
24,480-499,1773241227,2026-03-11T23:00:27,0.0145
24,480-499,1773244824,2026-03-12T00:00:24,0.0175
24,480-499,1773248425,2026-03-12T01:00:25,0.0165
24,480-499,1773252022,2026-03-12T02:00:22,0.0165
24,480-499,1773255625,2026-03-12T03:00:25,0.0165
24,480-499,1773259223,2026-03-12T04:00:23,0.016
24,480-499,1773262825,2026-03-12T05:00:25,0.0165
24,480-499,1773266424,2026-03-12T06:00:24,0.0165
24,480-499,1773270022,2026-03-12T07:00:22,0.0105
24,480-499,1773273624,2026-03-12T08:00:24,0.0105
24,480-499,1773277223,2026-03-12T09:00:23,0.014
24,480-499,1773280823,2026-03-12T10:00:23,0.0105
24,480-499,1773284425,2026-03-12T11:00:25,0.0105
24,480-499,1773288022,2026-03-12T12:00:22,0.0095
24,480-499,1773291621,2026-03-12T13:00:21,0.0095
24,480-499,1773295225,2026-03-12T14:00:25,0.0325
24,480-499,1773298823,2026-03-12T15:00:23,0.032
24,480-499,1773302425,2026-03-12T16:00:25,0.029
24,480-499,1773306021,2026-03-12T17:00:21,0.018
24,480-499,1773309637,2026-03-12T18:00:37,0.016
24,480-499,1773313223,2026-03-12T19:00:23,0.0155
24,480-499,1773316825,2026-03-12T20:00:25,0.0155
24,480-499,1773320424,2026-03-12T21:00:24,0.0155
24,480-499,1773324027,2026-03-12T22:00:27,0.0165
24,480-499,1773327625,2026-03-12T23:00:25,0.0165
24,480-499,1773331225,2026-03-13T00:00:25,0.017
24,480-499,1773334827,2026-03-13T01:00:27,0.0155
24,480-499,1773338425,2026-03-13T02:00:25,0.0185
24,480-499,1773342021,2026-03-13T03:00:21,0.0185
24,480-499,1773345624,2026-03-13T04:00:24,0.0165
24,480-499,1773349224,2026-03-13T05:00:24,0.0165
24,480-499,1773352824,2026-03-13T06:00:24,0.0165
24,480-499,1773356421,2026-03-13T07:00:21,0.017
24,480-499,1773360040,2026-03-13T08:00:40,0.0165
24,480-499,1773363625,2026-03-13T09:00:25,0.0165
24,480-499,1773367225,2026-03-13T10:00:25,0.0165
24,480-499,1773370823,2026-03-13T11:00:23,0.017
24,480-499,1773374424,2026-03-13T12:00:24,0.0185
24,480-499,1773378021,2026-03-13T13:00:21,0.017
24,480-499,1773381622,2026-03-13T14:00:22,0.016
24,480-499,1773385230,2026-03-13T15:00:30,0.0155
24,480-499,1773388820,2026-03-13T16:00:20,0.0155
24,480-499,1773392424,2026-03-13T17:00:24,0.0175
24,480-499,1773396023,2026-03-13T18:00:23,0.029
24,480-499,1773399622,2026-03-13T19:00:22,0.027
24,480-499,1773403224,2026-03-13T20:00:24,0.0265
24,480-499,1773406825,2026-03-13T21:00:25,0.0335
24,480-499,1773410424,2026-03-13T22:00:24,0.036
24,480-499,1773414025,2026-03-13T23:00:25,0.03
24,480-499,1773417635,2026-03-14T00:00:35,0.026
24,480-499,1773421223,2026-03-14T01:00:23,0.024
24,480-499,1773424823,2026-03-14T02:00:23,0.021
24,480-499,1773428425,2026-03-14T03:00:25,0.0285
24,480-499,1773432023,2026-03-14T04:00:23,0.032
24,480-499,1773435632,2026-03-14T05:00:32,0.031
24,480-499,1773439223,2026-03-14T06:00:23,0.027
24,480-499,1773442821,2026-03-14T07:00:21,0.028
24,480-499,1773446424,2026-03-14T08:00:24,0.028
24,480-499,1773450023,2026-03-14T09:00:23,0.0285
24,480-499,1773453622,2026-03-14T10:00:22,0.0275
24,480-499,1773457223,2026-03-14T11:00:23,0.027
24,480-499,1773460821,2026-03-14T12:00:21,0.0265
24,480-499,1773464421,2026-03-14T13:00:21,0.029
24,480-499,1773468023,2026-03-14T14:00:23,0.026
24,480-499,1773471621,2026-03-14T15:00:21,0.0185
24,480-499,1773475223,2026-03-14T16:00:23,0.0195
24,480-499,1773478823,2026-03-14T17:00:23,0.0255
24,480-499,1773482420,2026-03-14T18:00:20,0.0255
24,480-499,1773486023,2026-03-14T19:00:23,0.02
24,480-499,1773489627,2026-03-14T20:00:27,0.0185
24,480-499,1773493222,2026-03-14T21:00:22,0.0185
24,480-499,1773496825,2026-03-14T22:00:25,0.0225
24,480-499,1773500423,2026-03-14T23:00:23,0.0235
24,480-499,1773504025,2026-03-15T00:00:25,0.0185
24,480-499,1773507627,2026-03-15T01:00:27,0.015
24,480-499,1773511221,2026-03-15T02:00:21,0.0175
24,480-499,1773514822,2026-03-15T03:00:22,0.013
24,480-499,1773518421,2026-03-15T04:00:21,0.0105
24,480-499,1773522024,2026-03-15T05:00:24,0.011
24,480-499,1773525622,2026-03-15T06:00:22,0.0095
24,480-499,1773529221,2026-03-15T07:00:21,0.0085
24,480-499,1773532823,2026-03-15T08:00:23,0.0075
24,480-499,1773536422,2026-03-15T09:00:22,0.0075
24,480-499,1773540023,2026-03-15T10:00:23,0.0065
24,480-499,1773543623,2026-03-15T11:00:23,0.0065
24,480-499,1773547222,2026-03-15T12:00:22,0.0065
24,480-499,1773550821,2026-03-15T13:00:21,0.0065
24,480-499,1773554421,2026-03-15T14:00:21,0.0065
24,480-499,1773558021,2026-03-15T15:00:21,0.0065
24,480-499,1773561622,2026-03-15T16:00:22,0.0055
24,480-499,1773565223,2026-03-15T17:00:23,0.007
24,480-499,1773568821,2026-03-15T18:00:21,0.0075
24,480-499,1773572421,2026-03-15T19:00:21,0.0065
24,480-499,1773576023,2026-03-15T20:00:23,0.0065
24,480-499,1773579622,2026-03-15T21:00:22,0.0065
24,480-499,1773583223,2026-03-15T22:00:23,0.0055
24,480-499,1773586824,2026-03-15T23:00:24,0.0045
24,480-499,1773590423,2026-03-16T00:00:23,0.0045
24,480-499,1773594025,2026-03-16T01:00:25,0.0045
24,480-499,1773597624,2026-03-16T02:00:24,0.0035
24,480-499,1773601222,2026-03-16T03:00:22,0.0035
24,480-499,1773604827,2026-03-16T04:00:27,0.0035
24,480-499,1773608423,2026-03-16T05:00:23,0.0045
24,480-499,1773612024,2026-03-16T06:00:24,0.0035
24,480-499,1773615623,2026-03-16T07:00:23,0.0035
24,480-499,1773619240,2026-03-16T08:00:40,0.0035
24,480-499,1773622823,2026-03-16T09:00:23,0.0045
24,480-499,1773626424,2026-03-16T10:00:24,0.0045
24,480-499,1773630021,2026-03-16T11:00:21,0.0045
24,480-499,1773633621,2026-03-16T12:00:21,0.0035
24,480-499,1773637222,2026-03-16T13:00:22,0.0035
24,480-499,1773640833,2026-03-16T14:00:33,0.0035
24,480-499,1773644420,2026-03-16T15:00:20,0.0045
24,480-499,1773648023,2026-03-16T16:00:23,0.0045
24,480-499,1773651623,2026-03-16T17:00:23,0.004
24,480-499,1773655223,2026-03-16T18:00:23,0.003
24,480-499,1773658821,2026-03-16T19:00:21,0.0035
24,480-499,1773662422,2026-03-16T20:00:22,0.0025
24,480-499,1773666026,2026-03-16T21:00:26,0.0025
24,480-499,1773669622,2026-03-16T22:00:22,0.0025
24,480-499,1773673223,2026-03-16T23:00:23,0.0025
24,480-499,1773676825,2026-03-17T00:00:25,0.0025
24,480-499,1773680424,2026-03-17T01:00:24,0.0025
24,480-499,1773684024,2026-03-17T02:00:24,0.0025
24,480-499,1773687630,2026-03-17T03:00:30,0.0025
24,480-499,1773691224,2026-03-17T04:00:24,0.0025
24,480-499,1773694825,2026-03-17T05:00:25,0.0025
24,480-499,1773698426,2026-03-17T06:00:26,0.0015
24,480-499,1773702026,2026-03-17T07:00:26,0.0015
24,480-499,1773705627,2026-03-17T08:00:27,0.0015
24,480-499,1773709225,2026-03-17T09:00:25,0.0015
24,480-499,1773712827,2026-03-17T10:00:27,0.0025
24,480-499,1773716425,2026-03-17T11:00:25,0.0025
24,480-499,1773720028,2026-03-17T12:00:28,0.0015
24,480-499,1773723641,2026-03-17T13:00:41,0.0015
24,480-499,1773727225,2026-03-17T14:00:25,0.0015
24,480-499,1773730825,2026-03-17T15:00:25,0.0015
24,480-499,1773734427,2026-03-17T16:00:27,0.0015
24,480-499,1773738026,2026-03-17T17:00:26,0.0015
24,480-499,1773741625,2026-03-17T18:00:25,0.0015
24,480-499,1773745226,2026-03-17T19:00:26,0.0015
24,480-499,1773748827,2026-03-17T20:00:27,0.0015
24,480-499,1773752427,2026-03-17T21:00:27,0.0015
24,480-499,1773756027,2026-03-17T22:00:27,0.0015
24,480-499,1773759629,2026-03-17T23:00:29,0.0015
24,480-499,1773763228,2026-03-18T00:00:28,0.0005
24,480-499,1773766827,2026-03-18T01:00:27,0.0005
24,480-499,1773770429,2026-03-18T02:00:29,0.0005
24,480-499,1773774029,2026-03-18T03:00:29,0.0005
24,480-499,1773777631,2026-03-18T04:00:31,0.0005
24,480-499,1773781227,2026-03-18T05:00:27,0.0005
24,480-499,1773784804,2026-03-18T06:00:04,0.0005
24,480-499,1773784849,2026-03-18T06:00:49,0.0005
24,480-499,1773788425,2026-03-18T07:00:25,0.0005
24,480-499,1773792026,2026-03-18T08:00:26,0.0005
24,480-499,1773795627,2026-03-18T09:00:27,0.0005
24,480-499,1773799226,2026-03-18T10:00:26,0.0005
24,480-499,1773802826,2026-03-18T11:00:26,0.0005
24,480-499,1773806424,2026-03-18T12:00:24,0.0005
24,480-499,1773810029,2026-03-18T13:00:29,0.0005
24,480-499,1773813628,2026-03-18T14:00:28,0.0005
24,480-499,1773817229,2026-03-18T15:00:29,0.0005
24,480-499,1773820825,2026-03-18T16:00:25,0.0005
24,480-499,1773824434,2026-03-18T17:00:34,0.0005
24,480-499,1773828027,2026-03-18T18:00:27,0.0005
24,480-499,1773831626,2026-03-18T19:00:26,0.0005
24,480-499,1773835232,2026-03-18T20:00:32,0.0005
24,480-499,1773838825,2026-03-18T21:00:25,0.0005
24,480-499,1773842428,2026-03-18T22:00:28,0.0005
24,480-499,1773846028,2026-03-18T23:00:28,0.0005
24,480-499,1773849628,2026-03-19T00:00:28,0.0005
24,480-499,1773853225,2026-03-19T01:00:25,0.0005
24,480-499,1773856829,2026-03-19T02:00:29,0.0005
24,480-499,1773860430,2026-03-19T03:00:30,0.0005
24,480-499,1773864039,2026-03-19T04:00:39,0.0005
24,480-499,1773867626,2026-03-19T05:00:26,0.0005
24,480-499,1773871227,2026-03-19T06:00:27,0.0005
24,480-499,1773874824,2026-03-19T07:00:24,0.0005
24,480-499,1773878427,2026-03-19T08:00:27,0.0005
24,480-499,1773882026,2026-03-19T09:00:26,0.0005
24,480-499,1773885626,2026-03-19T10:00:26,0.0005
24,480-499,1773889225,2026-03-19T11:00:25,0.0005
24,480-499,1773892828,2026-03-19T12:00:28,0.0005
24,480-499,1773896425,2026-03-19T13:00:25,0.0005
24,480-499,1773900038,2026-03-19T14:00:38,0.0005
24,480-499,1773903639,2026-03-19T15:00:39,0.0005
24,480-499,1773907225,2026-03-19T16:00:25,0.0005
24,480-499,1773910842,2026-03-19T17:00:42,0.0005
24,480-499,1773914425,2026-03-19T18:00:25,0.0005
24,480-499,1773918025,2026-03-19T19:00:25,0.0005
24,480-499,1773921626,2026-03-19T20:00:26,0.0005
24,480-499,1773925226,2026-03-19T21:00:26,0.0005
24,480-499,1773928826,2026-03-19T22:00:26,0.0005
24,480-499,1773932427,2026-03-19T23:00:27,0.0005
24,480-499,1773936027,2026-03-20T00:00:27,0.0005
24,480-499,1773939630,2026-03-20T01:00:30,0.0005
24,480-499,1773943230,2026-03-20T02:00:30,0.0005
24,480-499,1773946827,2026-03-20T03:00:27,0.0005
24,480-499,1773950428,2026-03-20T04:00:28,0.0005
24,480-499,1773954029,2026-03-20T05:00:29,0.0005
24,480-499,1773957627,2026-03-20T06:00:27,0.0005
24,480-499,1773961228,2026-03-20T07:00:28,0.0005
24,480-499,1773964832,2026-03-20T08:00:32,0.0005
24,480-499,1773968426,2026-03-20T09:00:26,0.0005
24,480-499,1773972047,2026-03-20T10:00:47,0.0005
24,480-499,1773975652,2026-03-20T11:00:52,0.0005
24,480-499,1773979239,2026-03-20T12:00:39,0.0005
24,480-499,1773982827,2026-03-20T13:00:27,0.0005
24,480-499,1773986436,2026-03-20T14:00:36,0.0005
24,480-499,1773990026,2026-03-20T15:00:26,0.0005
24,480-499,1773993626,2026-03-20T16:00:26,0.0005
24,480-499,1773997225,2026-03-20T17:00:25,0.0005
24,480-499,1774000826,2026-03-20T18:00:26,0.0005
24,480-499,1774004423,2026-03-20T19:00:23,0.0005
24,480-499,1774008026,2026-03-20T20:00:26,0.0005
24,480-499,1774011621,2026-03-20T21:00:21,0.0005
24,480-499,1774015230,2026-03-20T22:00:30,0.0005
24,480-499,1774018829,2026-03-20T23:00:29,0.0005
24,480-499,1774022425,2026-03-21T00:00:25,0.0005
24,480-499,1774026024,2026-03-21T01:00:24,0.0005
24,480-499,1774029632,2026-03-21T02:00:32,0.0005
25,500-519,1773093627,2026-03-10T06:00:27,0.08
25,500-519,1773097228,2026-03-10T07:00:28,0.08
25,500-519,1773100841,2026-03-10T08:00:41,0.045
25,500-519,1773104426,2026-03-10T09:00:26,0.0125
25,500-519,1773108028,2026-03-10T10:00:28,0.007
25,500-519,1773111632,2026-03-10T11:00:32,0.0065
25,500-519,1773115232,2026-03-10T12:00:32,0.006
25,500-519,1773118829,2026-03-10T13:00:29,0.0135
25,500-519,1773122434,2026-03-10T14:00:34,0.0125
25,500-519,1773126031,2026-03-10T15:00:31,0.0075
25,500-519,1773129628,2026-03-10T16:00:28,0.008
25,500-519,1773133247,2026-03-10T17:00:47,0.0075
25,500-519,1773136843,2026-03-10T18:00:43,0.012
25,500-519,1773140428,2026-03-10T19:00:28,0.0125
25,500-519,1773144045,2026-03-10T20:00:45,0.013
25,500-519,1773147634,2026-03-10T21:00:34,0.0075
25,500-519,1773151233,2026-03-10T22:00:33,0.0075
25,500-519,1773154846,2026-03-10T23:00:46,0.0105
25,500-519,1773158437,2026-03-11T00:00:37,0.0135
25,500-519,1773162029,2026-03-11T01:00:29,0.0095
25,500-519,1773165642,2026-03-11T02:00:42,0.0105
25,500-519,1773169232,2026-03-11T03:00:32,0.014
25,500-519,1773172833,2026-03-11T04:00:33,0.017
25,500-519,1773176443,2026-03-11T05:00:43,0.0165
25,500-519,1773180032,2026-03-11T06:00:32,0.0175
25,500-519,1773183632,2026-03-11T07:00:32,0.0175
25,500-519,1773187245,2026-03-11T08:00:45,0.018
25,500-519,1773190833,2026-03-11T09:00:33,0.0135
25,500-519,1773194432,2026-03-11T10:00:32,0.0135
25,500-519,1773198043,2026-03-11T11:00:43,0.0135
25,500-519,1773201632,2026-03-11T12:00:32,0.0125
25,500-519,1773205232,2026-03-11T13:00:32,0.0125
25,500-519,1773208843,2026-03-11T14:00:43,0.0115
25,500-519,1773212433,2026-03-11T15:00:33,0.01
25,500-519,1773216033,2026-03-11T16:00:33,0.0145
25,500-519,1773219640,2026-03-11T17:00:40,0.0095
25,500-519,1773223238,2026-03-11T18:00:38,0.0095
25,500-519,1773226834,2026-03-11T19:00:34,0.0155
25,500-519,1773230456,2026-03-11T20:00:56,0.0145
25,500-519,1773234032,2026-03-11T21:00:32,0.0085
25,500-519,1773237633,2026-03-11T22:00:33,0.015
25,500-519,1773241257,2026-03-11T23:00:57,0.0125
25,500-519,1773244834,2026-03-12T00:00:34,0.012
25,500-519,1773248453,2026-03-12T01:00:53,0.0115
25,500-519,1773252042,2026-03-12T02:00:42,0.0105
25,500-519,1773255634,2026-03-12T03:00:34,0.0085
25,500-519,1773259236,2026-03-12T04:00:36,0.0085
25,500-519,1773262846,2026-03-12T05:00:46,0.0085
25,500-519,1773266434,2026-03-12T06:00:34,0.0085
25,500-519,1773270032,2026-03-12T07:00:32,0.0095
25,500-519,1773273646,2026-03-12T08:00:46,0.01
25,500-519,1773277232,2026-03-12T09:00:32,0.0105
25,500-519,1773280832,2026-03-12T10:00:32,0.0105
25,500-519,1773284444,2026-03-12T11:00:44,0.0105
25,500-519,1773288032,2026-03-12T12:00:32,0.01
25,500-519,1773291636,2026-03-12T13:00:36,0.0085
25,500-519,1773295245,2026-03-12T14:00:45,0.0105
25,500-519,1773298834,2026-03-12T15:00:34,0.0115
25,500-519,1773302435,2026-03-12T16:00:35,0.01
25,500-519,1773306041,2026-03-12T17:00:41,0.0105
25,500-519,1773309658,2026-03-12T18:00:58,0.0095
25,500-519,1773313232,2026-03-12T19:00:32,0.0095
25,500-519,1773316859,2026-03-12T20:00:59,0.009
25,500-519,1773320449,2026-03-12T21:00:49,0.009
25,500-519,1773324036,2026-03-12T22:00:36,0.01
25,500-519,1773327646,2026-03-12T23:00:46,0.0105
25,500-519,1773331235,2026-03-13T00:00:35,0.01
25,500-519,1773338453,2026-03-13T02:00:53,0.0145
25,500-519,1773342030,2026-03-13T03:00:30,0.0125
25,500-519,1773345637,2026-03-13T04:00:37,0.011
25,500-519,1773349245,2026-03-13T05:00:45,0.012
25,500-519,1773352833,2026-03-13T06:00:33,0.0125
25,500-519,1773356438,2026-03-13T07:00:38,0.0125
25,500-519,1773363635,2026-03-13T09:00:35,0.0115
25,500-519,1773367235,2026-03-13T10:00:35,0.0115
25,500-519,1773370843,2026-03-13T11:00:43,0.012
25,500-519,1773374434,2026-03-13T12:00:34,0.0125
25,500-519,1773378031,2026-03-13T13:00:31,0.0125
25,500-519,1773381646,2026-03-13T14:00:46,0.0125
25,500-519,1773385241,2026-03-13T15:00:41,0.012
25,500-519,1773388831,2026-03-13T16:00:31,0.0115
25,500-519,1773392446,2026-03-13T17:00:46,0.0115
25,500-519,1773396033,2026-03-13T18:00:33,0.0115
25,500-519,1773399646,2026-03-13T19:00:46,0.0115
25,500-519,1773403257,2026-03-13T20:00:57,0.0095
25,500-519,1773406842,2026-03-13T21:00:42,0.011
25,500-519,1773410449,2026-03-13T22:00:49,0.0125
25,500-519,1773414059,2026-03-13T23:00:59,0.0115
25,500-519,1773417649,2026-03-14T00:00:49,0.0095
25,500-519,1773421237,2026-03-14T01:00:37,0.0105
25,500-519,1773424855,2026-03-14T02:00:55,0.0105
25,500-519,1773428450,2026-03-14T03:00:50,0.009
25,500-519,1773432037,2026-03-14T04:00:37,0.012
25,500-519,1773439247,2026-03-14T06:00:47,0.0225
25,500-519,1773442834,2026-03-14T07:00:34,0.025
25,500-519,1773446456,2026-03-14T08:00:56,0.0255
25,500-519,1773450036,2026-03-14T09:00:36,0.023
25,500-519,1773453635,2026-03-14T10:00:35,0.023
25,500-519,1773457256,2026-03-14T11:00:56,0.0195
25,500-519,1773460834,2026-03-14T12:00:34,0.021
25,500-519,1773464435,2026-03-14T13:00:35,0.0255
25,500-519,1773468056,2026-03-14T14:00:56,0.0245
25,500-519,1773471635,2026-03-14T15:00:35,0.012
25,500-519,1773475237,2026-03-14T16:00:37,0.0125
25,500-519,1773478854,2026-03-14T17:00:54,0.022
25,500-519,1773482435,2026-03-14T18:00:35,0.0165
25,500-519,1773486037,2026-03-14T19:00:37,0.0175
25,500-519,1773496838,2026-03-14T22:00:38,0.0205
25,500-519,1773500458,2026-03-14T23:00:58,0.0165
25,500-519,1773504040,2026-03-15T00:00:40,0.0125
25,500-519,1773511254,2026-03-15T02:00:54,0.0095
25,500-519,1773514843,2026-03-15T03:00:43,0.01
25,500-519,1773518435,2026-03-15T04:00:35,0.0085
25,500-519,1773522055,2026-03-15T05:00:55,0.009
25,500-519,1773525644,2026-03-15T06:00:44,0.0085
25,500-519,1773529234,2026-03-15T07:00:34,0.0075
25,500-519,1773536434,2026-03-15T09:00:34,0.0065
25,500-519,1773540038,2026-03-15T10:00:38,0.0065
25,500-519,1773543659,2026-03-15T11:00:59,0.0055
25,500-519,1773547235,2026-03-15T12:00:35,0.0055
25,500-519,1773550835,2026-03-15T13:00:35,0.0045
25,500-519,1773554452,2026-03-15T14:00:52,0.0045
25,500-519,1773558035,2026-03-15T15:00:35,0.0035
25,500-519,1773561639,2026-03-15T16:00:39,0.0035
25,500-519,1773565253,2026-03-15T17:00:53,0.0065
25,500-519,1773568847,2026-03-15T18:00:47,0.0065
25,500-519,1773572434,2026-03-15T19:00:34,0.0045
25,500-519,1773576057,2026-03-15T20:00:57,0.005
25,500-519,1773579645,2026-03-15T21:00:45,0.0055
25,500-519,1773583247,2026-03-15T22:00:47,0.0055
25,500-519,1773590437,2026-03-16T00:00:37,0.0035
25,500-519,1773601246,2026-03-16T03:00:46,0.0025
25,500-519,1773604841,2026-03-16T04:00:41,0.0025
25,500-519,1773608454,2026-03-16T05:00:54,0.0025
25,500-519,1773612048,2026-03-16T06:00:48,0.0025
25,500-519,1773615640,2026-03-16T07:00:40,0.0025
25,500-519,1773622833,2026-03-16T09:00:33,0.0025
25,500-519,1773626434,2026-03-16T10:00:34,0.0025
25,500-519,1773630048,2026-03-16T11:00:48,0.0025
25,500-519,1773633641,2026-03-16T12:00:41,0.0025
25,500-519,1773637233,2026-03-16T13:00:33,0.0025
25,500-519,1773644431,2026-03-16T15:00:31,0.0025
25,500-519,1773648034,2026-03-16T16:00:34,0.0025
25,500-519,1773651638,2026-03-16T17:00:38,0.0015
25,500-519,1773655235,2026-03-16T18:00:35,0.0025
25,500-519,1773658832,2026-03-16T19:00:32,0.0025
25,500-519,1773662439,2026-03-16T20:00:39,0.0025
25,500-519,1773666037,2026-03-16T21:00:37,0.0025
25,500-519,1773669644,2026-03-16T22:00:44,0.0025
25,500-519,1773673241,2026-03-16T23:00:41,0.0035
25,500-519,1773676836,2026-03-17T00:00:36,0.0035
25,500-519,1773680436,2026-03-17T01:00:36,0.0025
25,500-519,1773684040,2026-03-17T02:00:40,0.0025
25,500-519,1773687641,2026-03-17T03:00:41,0.0015
25,500-519,1773691236,2026-03-17T04:00:36,0.0015
25,500-519,1773694852,2026-03-17T05:00:52,0.0015
25,500-519,1773698438,2026-03-17T06:00:38,0.0015
25,500-519,1773702039,2026-03-17T07:00:39,0.0015
25,500-519,1773705646,2026-03-17T08:00:46,0.0015
25,500-519,1773709238,2026-03-17T09:00:38,0.0015
25,500-519,1773712839,2026-03-17T10:00:39,0.0015
25,500-519,1773716443,2026-03-17T11:00:43,0.0015
25,500-519,1773720043,2026-03-17T12:00:43,0.0015
25,500-519,1773723653,2026-03-17T13:00:53,0.0015
25,500-519,1773727243,2026-03-17T14:00:43,0.0015
25,500-519,1773730850,2026-03-17T15:00:50,0.0015
25,500-519,1773734443,2026-03-17T16:00:43,0.0015
25,500-519,1773738047,2026-03-17T17:00:47,0.0015
25,500-519,1773741650,2026-03-17T18:00:50,0.0015
25,500-519,1773745239,2026-03-17T19:00:39,0.0015
25,500-519,1773748849,2026-03-17T20:00:49,0.0015
25,500-519,1773752440,2026-03-17T21:00:40,0.0015
25,500-519,1773756043,2026-03-17T22:00:43,0.0005
25,500-519,1773759651,2026-03-17T23:00:51,0.0005
25,500-519,1773763241,2026-03-18T00:00:41,0.0005
25,500-519,1773766842,2026-03-18T01:00:42,0.0005
25,500-519,1773770448,2026-03-18T02:00:48,0.0005
25,500-519,1773774043,2026-03-18T03:00:43,0.0005
25,500-519,1773777644,2026-03-18T04:00:44,0.0005
25,500-519,1773781249,2026-03-18T05:00:49,0.0005
25,500-519,1773784817,2026-03-18T06:00:17,0.0005
25,500-519,1773788438,2026-03-18T07:00:38,0.0005
25,500-519,1773792048,2026-03-18T08:00:48,0.0005
25,500-519,1773795639,2026-03-18T09:00:39,0.0005
25,500-519,1773799239,2026-03-18T10:00:39,0.0005
25,500-519,1773802845,2026-03-18T11:00:45,0.0005
25,500-519,1773806437,2026-03-18T12:00:37,0.0005
25,500-519,1773810042,2026-03-18T13:00:42,0.0005
25,500-519,1773813648,2026-03-18T14:00:48,0.0005
25,500-519,1773817243,2026-03-18T15:00:43,0.0005
25,500-519,1773820838,2026-03-18T16:00:38,0.0005
25,500-519,1773824453,2026-03-18T17:00:53,0.0005
25,500-519,1773828043,2026-03-18T18:00:43,0.0005
25,500-519,1773831639,2026-03-18T19:00:39,0.0005
25,500-519,1773838839,2026-03-18T21:00:39,0.0005
25,500-519,1773842444,2026-03-18T22:00:44,0.0005
25,500-519,1773849644,2026-03-19T00:00:44,0.0005
25,500-519,1773853238,2026-03-19T01:00:38,0.0005
25,500-519,1773860443,2026-03-19T03:00:43,0.0005
25,500-519,1773864053,2026-03-19T04:00:53,0.0005
25,500-519,1773867659,2026-03-19T05:00:59,0.0005
25,500-519,1773871252,2026-03-19T06:00:52,0.0005
25,500-519,1773874837,2026-03-19T07:00:37,0.0005
25,500-519,1773882039,2026-03-19T09:00:39,0.0005
25,500-519,1773885640,2026-03-19T10:00:40,0.0005
25,500-519,1773892841,2026-03-19T12:00:41,0.0005
25,500-519,1773896439,2026-03-19T13:00:39,0.0005
25,500-519,1773903657,2026-03-19T15:00:57,0.0005
25,500-519,1773907241,2026-03-19T16:00:41,0.0005
25,500-519,1773914443,2026-03-19T18:00:43,0.0005
25,500-519,1773921651,2026-03-19T20:00:51,0.0005
25,500-519,1773925242,2026-03-19T21:00:42,0.0005
25,500-519,1773928842,2026-03-19T22:00:42,0.0005
25,500-519,1773932448,2026-03-19T23:00:48,0.0005
25,500-519,1773936041,2026-03-20T00:00:41,0.0005
25,500-519,1773943249,2026-03-20T02:00:49,0.0005
25,500-519,1773946842,2026-03-20T03:00:42,0.0005
25,500-519,1773950446,2026-03-20T04:00:46,0.0005
25,500-519,1773954048,2026-03-20T05:00:48,0.0005
25,500-519,1773957643,2026-03-20T06:00:43,0.0005
25,500-519,1773961242,2026-03-20T07:00:42,0.0005
25,500-519,1773964852,2026-03-20T08:00:52,0.0005
25,500-519,1773968440,2026-03-20T09:00:40,0.0005
25,500-519,1773972056,2026-03-20T10:00:56,0.0005
25,500-519,1773979245,2026-03-20T12:00:45,0.0005
25,500-519,1773982844,2026-03-20T13:00:44,0.0005
25,500-519,1773986455,2026-03-20T14:00:55,0.0005
25,500-519,1773990043,2026-03-20T15:00:43,0.0005
25,500-519,1773993642,2026-03-20T16:00:42,0.0005
25,500-519,1773997250,2026-03-20T17:00:50,0.0005
25,500-519,1774004440,2026-03-20T19:00:40,0.0005
25,500-519,1774008048,2026-03-20T20:00:48,0.0005
25,500-519,1774011647,2026-03-20T21:00:47,0.0005
25,500-519,1774015245,2026-03-20T22:00:45,0.0005
25,500-519,1774018849,2026-03-20T23:00:49,0.0005
25,500-519,1774022439,2026-03-21T00:00:39,0.0005
25,500-519,1774026041,2026-03-21T01:00:41,0.0005
25,500-519,1774029652,2026-03-21T02:00:52,0.0005
26,520-539,1773093618,2026-03-10T06:00:18,0.115
26,520-539,1773097219,2026-03-10T07:00:19,0.08
26,520-539,1773100821,2026-03-10T08:00:21,0.045
26,520-539,1773104418,2026-03-10T09:00:18,0.0125
26,520-539,1773108019,2026-03-10T10:00:19,0.007
26,520-539,1773111621,2026-03-10T11:00:21,0.008
26,520-539,1773115224,2026-03-10T12:00:24,0.0085
26,520-539,1773118820,2026-03-10T13:00:20,0.009
26,520-539,1773122421,2026-03-10T14:00:21,0.0085
26,520-539,1773126021,2026-03-10T15:00:21,0.0055
26,520-539,1773129619,2026-03-10T16:00:19,0.0055
26,520-539,1773133221,2026-03-10T17:00:21,0.0055
26,520-539,1773136826,2026-03-10T18:00:26,0.01
26,520-539,1773140419,2026-03-10T19:00:19,0.0055
26,520-539,1773144024,2026-03-10T20:00:24,0.01
26,520-539,1773147622,2026-03-10T21:00:22,0.0055
26,520-539,1773151222,2026-03-10T22:00:22,0.0055
26,520-539,1773154821,2026-03-10T23:00:21,0.0105
26,520-539,1773158428,2026-03-11T00:00:28,0.011
26,520-539,1773162020,2026-03-11T01:00:20,0.011
26,520-539,1773165623,2026-03-11T02:00:23,0.009
26,520-539,1773169223,2026-03-11T03:00:23,0.0105
26,520-539,1773172824,2026-03-11T04:00:24,0.012
26,520-539,1773176423,2026-03-11T05:00:23,0.008
26,520-539,1773180022,2026-03-11T06:00:22,0.008
26,520-539,1773183623,2026-03-11T07:00:23,0.0075
26,520-539,1773187223,2026-03-11T08:00:23,0.0095
26,520-539,1773190822,2026-03-11T09:00:22,0.0105
26,520-539,1773194423,2026-03-11T10:00:23,0.0105
26,520-539,1773198024,2026-03-11T11:00:24,0.0105
26,520-539,1773201623,2026-03-11T12:00:23,0.0095
26,520-539,1773205222,2026-03-11T13:00:22,0.0125
26,520-539,1773208823,2026-03-11T14:00:23,0.012
26,520-539,1773212423,2026-03-11T15:00:23,0.01
26,520-539,1773216023,2026-03-11T16:00:23,0.0095
26,520-539,1773219619,2026-03-11T17:00:19,0.0095
26,520-539,1773223223,2026-03-11T18:00:23,0.0095
26,520-539,1773226825,2026-03-11T19:00:25,0.0095
26,520-539,1773230434,2026-03-11T20:00:34,0.0095
26,520-539,1773234022,2026-03-11T21:00:22,0.0105
26,520-539,1773237623,2026-03-11T22:00:23,0.0095
26,520-539,1773241224,2026-03-11T23:00:24,0.0085
26,520-539,1773244823,2026-03-12T00:00:23,0.0085
26,520-539,1773248424,2026-03-12T01:00:24,0.0095
26,520-539,1773252021,2026-03-12T02:00:21,0.0095
26,520-539,1773255624,2026-03-12T03:00:24,0.0085
26,520-539,1773259222,2026-03-12T04:00:22,0.0085
26,520-539,1773262824,2026-03-12T05:00:24,0.0085
26,520-539,1773266424,2026-03-12T06:00:24,0.0085
26,520-539,1773270021,2026-03-12T07:00:21,0.0085
26,520-539,1773273621,2026-03-12T08:00:21,0.0085
26,520-539,1773277223,2026-03-12T09:00:23,0.009
26,520-539,1773280822,2026-03-12T10:00:22,0.0085
26,520-539,1773284424,2026-03-12T11:00:24,0.0085
26,520-539,1773288022,2026-03-12T12:00:22,0.0085
26,520-539,1773291620,2026-03-12T13:00:20,0.0085
26,520-539,1773295224,2026-03-12T14:00:24,0.009
26,520-539,1773298822,2026-03-12T15:00:22,0.009
26,520-539,1773302424,2026-03-12T16:00:24,0.01
26,520-539,1773306020,2026-03-12T17:00:20,0.0095
26,520-539,1773309635,2026-03-12T18:00:35,0.009
26,520-539,1773313222,2026-03-12T19:00:22,0.009
26,520-539,1773316821,2026-03-12T20:00:21,0.009
26,520-539,1773320422,2026-03-12T21:00:22,0.009
26,520-539,1773324027,2026-03-12T22:00:27,0.0095
26,520-539,1773327623,2026-03-12T23:00:23,0.0095
26,520-539,1773331225,2026-03-13T00:00:25,0.0095
26,520-539,1773334825,2026-03-13T01:00:25,0.0095
26,520-539,1773338422,2026-03-13T02:00:22,0.01
26,520-539,1773342021,2026-03-13T03:00:21,0.01
26,520-539,1773345624,2026-03-13T04:00:24,0.01
26,520-539,1773349221,2026-03-13T05:00:21,0.011
26,520-539,1773352823,2026-03-13T06:00:23,0.01
26,520-539,1773356420,2026-03-13T07:00:20,0.0105
26,520-539,1773360038,2026-03-13T08:00:38,0.01
26,520-539,1773363624,2026-03-13T09:00:24,0.01
26,520-539,1773367225,2026-03-13T10:00:25,0.01
26,520-539,1773370821,2026-03-13T11:00:21,0.0115
26,520-539,1773374423,2026-03-13T12:00:23,0.0115
26,520-539,1773378021,2026-03-13T13:00:21,0.0115
26,520-539,1773381621,2026-03-13T14:00:21,0.0115
26,520-539,1773385230,2026-03-13T15:00:30,0.0095
26,520-539,1773388820,2026-03-13T16:00:20,0.009
26,520-539,1773392422,2026-03-13T17:00:22,0.009
26,520-539,1773396022,2026-03-13T18:00:22,0.009
26,520-539,1773399622,2026-03-13T19:00:22,0.009
26,520-539,1773403222,2026-03-13T20:00:22,0.0085
26,520-539,1773406824,2026-03-13T21:00:24,0.0065
26,520-539,1773410423,2026-03-13T22:00:23,0.0065
26,520-539,1773414024,2026-03-13T23:00:24,0.0065
26,520-539,1773417635,2026-03-14T00:00:35,0.006
26,520-539,1773421222,2026-03-14T01:00:22,0.0055
26,520-539,1773424822,2026-03-14T02:00:22,0.005
26,520-539,1773428425,2026-03-14T03:00:25,0.004
26,520-539,1773432022,2026-03-14T04:00:22,0.0055
26,520-539,1773435631,2026-03-14T05:00:31,0.007
26,520-539,1773439222,2026-03-14T06:00:22,0.0075
26,520-539,1773442821,2026-03-14T07:00:21,0.0075
26,520-539,1773446422,2026-03-14T08:00:22,0.0075
26,520-539,1773450022,2026-03-14T09:00:22,0.006
26,520-539,1773453622,2026-03-14T10:00:22,0.0055
26,520-539,1773457222,2026-03-14T11:00:22,0.0055
26,520-539,1773460821,2026-03-14T12:00:21,0.0055
26,520-539,1773464421,2026-03-14T13:00:21,0.0055
26,520-539,1773468022,2026-03-14T14:00:22,0.0055
26,520-539,1773471621,2026-03-14T15:00:21,0.0035
26,520-539,1773475223,2026-03-14T16:00:23,0.0035
26,520-539,1773478822,2026-03-14T17:00:22,0.0035
26,520-539,1773482419,2026-03-14T18:00:19,0.0045
26,520-539,1773486023,2026-03-14T19:00:23,0.0045
26,520-539,1773489624,2026-03-14T20:00:24,0.005
26,520-539,1773493222,2026-03-14T21:00:22,0.0045
26,520-539,1773496825,2026-03-14T22:00:25,0.005
26,520-539,1773500422,2026-03-14T23:00:22,0.0045
26,520-539,1773504024,2026-03-15T00:00:24,0.0035
26,520-539,1773507625,2026-03-15T01:00:25,0.0035
26,520-539,1773511220,2026-03-15T02:00:20,0.0035
26,520-539,1773514821,2026-03-15T03:00:21,0.0035
26,520-539,1773518421,2026-03-15T04:00:21,0.0035
26,520-539,1773522023,2026-03-15T05:00:23,0.0035
26,520-539,1773525621,2026-03-15T06:00:21,0.0035
26,520-539,1773529221,2026-03-15T07:00:21,0.0035
26,520-539,1773532822,2026-03-15T08:00:22,0.0035
26,520-539,1773536421,2026-03-15T09:00:21,0.003
26,520-539,1773540023,2026-03-15T10:00:23,0.0035
26,520-539,1773543622,2026-03-15T11:00:22,0.003
26,520-539,1773547222,2026-03-15T12:00:22,0.0025
26,520-539,1773550821,2026-03-15T13:00:21,0.0035
26,520-539,1773554420,2026-03-15T14:00:20,0.0035
26,520-539,1773558021,2026-03-15T15:00:21,0.0035
26,520-539,1773561622,2026-03-15T16:00:22,0.0055
26,520-539,1773565223,2026-03-15T17:00:23,0.0055
26,520-539,1773568821,2026-03-15T18:00:21,0.0035
26,520-539,1773572421,2026-03-15T19:00:21,0.003
26,520-539,1773576022,2026-03-15T20:00:22,0.005
26,520-539,1773579622,2026-03-15T21:00:22,0.005
26,520-539,1773583223,2026-03-15T22:00:23,0.0035
26,520-539,1773586823,2026-03-15T23:00:23,0.0025
26,520-539,1773590423,2026-03-16T00:00:23,0.0025
26,520-539,1773594025,2026-03-16T01:00:25,0.0025
26,520-539,1773597622,2026-03-16T02:00:22,0.0025
26,520-539,1773601221,2026-03-16T03:00:21,0.0025
26,520-539,1773604826,2026-03-16T04:00:26,0.0015
26,520-539,1773608422,2026-03-16T05:00:22,0.0015
26,520-539,1773612023,2026-03-16T06:00:23,0.0015
26,520-539,1773615622,2026-03-16T07:00:22,0.0015
26,520-539,1773619238,2026-03-16T08:00:38,0.0015
26,520-539,1773622823,2026-03-16T09:00:23,0.0015
26,520-539,1773626424,2026-03-16T10:00:24,0.0015
26,520-539,1773630020,2026-03-16T11:00:20,0.0015
26,520-539,1773633621,2026-03-16T12:00:21,0.0015
26,520-539,1773637222,2026-03-16T13:00:22,0.0015
26,520-539,1773640832,2026-03-16T14:00:32,0.0015
26,520-539,1773644420,2026-03-16T15:00:20,0.0015
26,520-539,1773648023,2026-03-16T16:00:23,0.0015
26,520-539,1773651622,2026-03-16T17:00:22,0.0015
26,520-539,1773655223,2026-03-16T18:00:23,0.002
26,520-539,1773658820,2026-03-16T19:00:20,0.0015
26,520-539,1773662421,2026-03-16T20:00:21,0.0015
26,520-539,1773666026,2026-03-16T21:00:26,0.0015
26,520-539,1773669622,2026-03-16T22:00:22,0.0015
26,520-539,1773673222,2026-03-16T23:00:22,0.0015
26,520-539,1773676825,2026-03-17T00:00:25,0.0015
26,520-539,1773680424,2026-03-17T01:00:24,0.0015
26,520-539,1773684024,2026-03-17T02:00:24,0.0015
26,520-539,1773687629,2026-03-17T03:00:29,0.0015
26,520-539,1773691223,2026-03-17T04:00:23,0.0015
26,520-539,1773694824,2026-03-17T05:00:24,0.0015
26,520-539,1773698426,2026-03-17T06:00:26,0.0015
26,520-539,1773702026,2026-03-17T07:00:26,0.0015
26,520-539,1773705626,2026-03-17T08:00:26,0.0015
26,520-539,1773709224,2026-03-17T09:00:24,0.0015
26,520-539,1773712827,2026-03-17T10:00:27,0.0015
26,520-539,1773716425,2026-03-17T11:00:25,0.0015
26,520-539,1773720027,2026-03-17T12:00:27,0.0015
26,520-539,1773723641,2026-03-17T13:00:41,0.0015
26,520-539,1773727224,2026-03-17T14:00:24,0.0015
26,520-539,1773730824,2026-03-17T15:00:24,0.0015
26,520-539,1773734427,2026-03-17T16:00:27,0.0015
26,520-539,1773738025,2026-03-17T17:00:25,0.0015
26,520-539,1773741624,2026-03-17T18:00:24,0.0015
26,520-539,1773745226,2026-03-17T19:00:26,0.0005
26,520-539,1773748826,2026-03-17T20:00:26,0.0005
26,520-539,1773752427,2026-03-17T21:00:27,0.0005
26,520-539,1773756027,2026-03-17T22:00:27,0.0005
26,520-539,1773759629,2026-03-17T23:00:29,0.0005
26,520-539,1773763228,2026-03-18T00:00:28,0.0005
26,520-539,1773766826,2026-03-18T01:00:26,0.0005
26,520-539,1773770428,2026-03-18T02:00:28,0.0005
26,520-539,1773774029,2026-03-18T03:00:29,0.0005
26,520-539,1773777630,2026-03-18T04:00:30,0.0005
26,520-539,1773781227,2026-03-18T05:00:27,0.0005
26,520-539,1773784803,2026-03-18T06:00:03,0.0005
26,520-539,1773784849,2026-03-18T06:00:49,0.0005
26,520-539,1773788425,2026-03-18T07:00:25,0.0005
26,520-539,1773792026,2026-03-18T08:00:26,0.0005
26,520-539,1773795626,2026-03-18T09:00:26,0.0005
26,520-539,1773799226,2026-03-18T10:00:26,0.0005
26,520-539,1773802826,2026-03-18T11:00:26,0.0005
26,520-539,1773806424,2026-03-18T12:00:24,0.0005
26,520-539,1773810028,2026-03-18T13:00:28,0.0005
26,520-539,1773813627,2026-03-18T14:00:27,0.0005
26,520-539,1773817228,2026-03-18T15:00:28,0.0005
26,520-539,1773820824,2026-03-18T16:00:24,0.0005
26,520-539,1773824434,2026-03-18T17:00:34,0.0005
26,520-539,1773828026,2026-03-18T18:00:26,0.0005
26,520-539,1773831626,2026-03-18T19:00:26,0.0005
26,520-539,1773835231,2026-03-18T20:00:31,0.0005
26,520-539,1773838825,2026-03-18T21:00:25,0.0005
26,520-539,1773842428,2026-03-18T22:00:28,0.0005
26,520-539,1773846028,2026-03-18T23:00:28,0.0005
26,520-539,1773849628,2026-03-19T00:00:28,0.0005
26,520-539,1773853224,2026-03-19T01:00:24,0.0005
26,520-539,1773856828,2026-03-19T02:00:28,0.0005
26,520-539,1773860429,2026-03-19T03:00:29,0.0005
26,520-539,1773864039,2026-03-19T04:00:39,0.0005
26,520-539,1773867626,2026-03-19T05:00:26,0.0005
26,520-539,1773871226,2026-03-19T06:00:26,0.0005
26,520-539,1773874823,2026-03-19T07:00:23,0.0005
26,520-539,1773878427,2026-03-19T08:00:27,0.0005
26,520-539,1773882025,2026-03-19T09:00:25,0.0005
26,520-539,1773885626,2026-03-19T10:00:26,0.0005
26,520-539,1773889224,2026-03-19T11:00:24,0.0005
26,520-539,1773892827,2026-03-19T12:00:27,0.0005
26,520-539,1773896424,2026-03-19T13:00:24,0.0005
26,520-539,1773900037,2026-03-19T14:00:37,0.0005
26,520-539,1773903638,2026-03-19T15:00:38,0.0005
26,520-539,1773907225,2026-03-19T16:00:25,0.0005
26,520-539,1773910842,2026-03-19T17:00:42,0.0005
26,520-539,1773914425,2026-03-19T18:00:25,0.0005
26,520-539,1773918025,2026-03-19T19:00:25,0.0005
26,520-539,1773921626,2026-03-19T20:00:26,0.0005
26,520-539,1773925226,2026-03-19T21:00:26,0.0005
26,520-539,1773928825,2026-03-19T22:00:25,0.0005
26,520-539,1773932427,2026-03-19T23:00:27,0.0005
26,520-539,1773936027,2026-03-20T00:00:27,0.0005
26,520-539,1773939630,2026-03-20T01:00:30,0.0005
26,520-539,1773943229,2026-03-20T02:00:29,0.0005
26,520-539,1773946827,2026-03-20T03:00:27,0.0005
26,520-539,1773950428,2026-03-20T04:00:28,0.0005
26,520-539,1773954029,2026-03-20T05:00:29,0.0005
26,520-539,1773957626,2026-03-20T06:00:26,0.0005
26,520-539,1773961228,2026-03-20T07:00:28,0.0005
26,520-539,1773964832,2026-03-20T08:00:32,0.0005
26,520-539,1773968426,2026-03-20T09:00:26,0.0005
26,520-539,1773972047,2026-03-20T10:00:47,0.0005
26,520-539,1773975652,2026-03-20T11:00:52,0.0005
26,520-539,1773979239,2026-03-20T12:00:39,0.0005
26,520-539,1773982826,2026-03-20T13:00:26,0.0005
26,520-539,1773986436,2026-03-20T14:00:36,0.0005
26,520-539,1773990026,2026-03-20T15:00:26,0.0005
26,520-539,1773993626,2026-03-20T16:00:26,0.0005
26,520-539,1773997224,2026-03-20T17:00:24,0.0005
26,520-539,1774000826,2026-03-20T18:00:26,0.0005
26,520-539,1774004423,2026-03-20T19:00:23,0.0005
26,520-539,1774008025,2026-03-20T20:00:25,0.0005
26,520-539,1774011621,2026-03-20T21:00:21,0.0005
26,520-539,1774015229,2026-03-20T22:00:29,0.0005
26,520-539,1774018829,2026-03-20T23:00:29,0.0005
26,520-539,1774022425,2026-03-21T00:00:25,0.0005
26,520-539,1774026024,2026-03-21T01:00:24,0.0005
26,520-539,1774029631,2026-03-21T02:00:31,0.0005
27,540-559,1773093630,2026-03-10T06:00:30,0.075
27,540-559,1773097231,2026-03-10T07:00:31,0.07
27,540-559,1773100847,2026-03-10T08:00:47,0.04
27,540-559,1773104429,2026-03-10T09:00:29,0.0115
27,540-559,1773108030,2026-03-10T10:00:30,0.007
27,540-559,1773111636,2026-03-10T11:00:36,0.011
27,540-559,1773115235,2026-03-10T12:00:35,0.0115
27,540-559,1773118832,2026-03-10T13:00:32,0.0115
27,540-559,1773122440,2026-03-10T14:00:40,0.0115
27,540-559,1773126034,2026-03-10T15:00:34,0.0095
27,540-559,1773129631,2026-03-10T16:00:31,0.0095
27,540-559,1773133256,2026-03-10T17:00:56,0.0085
27,540-559,1773136849,2026-03-10T18:00:49,0.0085
27,540-559,1773140431,2026-03-10T19:00:31,0.0085
27,540-559,1773144051,2026-03-10T20:00:51,0.01
27,540-559,1773147638,2026-03-10T21:00:38,0.0085
27,540-559,1773151236,2026-03-10T22:00:36,0.0075
27,540-559,1773154853,2026-03-10T23:00:53,0.0075
27,540-559,1773158440,2026-03-11T00:00:40,0.0095
27,540-559,1773162032,2026-03-11T01:00:32,0.0075
27,540-559,1773165648,2026-03-11T02:00:48,0.0085
27,540-559,1773169235,2026-03-11T03:00:35,0.0085
27,540-559,1773172836,2026-03-11T04:00:36,0.0085
27,540-559,1773176448,2026-03-11T05:00:48,0.0085
27,540-559,1773180035,2026-03-11T06:00:35,0.0085
27,540-559,1773183635,2026-03-11T07:00:35,0.0085
27,540-559,1773187251,2026-03-11T08:00:51,0.009
27,540-559,1773190837,2026-03-11T09:00:37,0.009
27,540-559,1773194435,2026-03-11T10:00:35,0.0095
27,540-559,1773198049,2026-03-11T11:00:49,0.0085
27,540-559,1773201636,2026-03-11T12:00:36,0.0075
27,540-559,1773205235,2026-03-11T13:00:35,0.008
27,540-559,1773208849,2026-03-11T14:00:49,0.0075
27,540-559,1773212436,2026-03-11T15:00:36,0.0065
27,540-559,1773216036,2026-03-11T16:00:36,0.0075
27,540-559,1773219645,2026-03-11T17:00:45,0.008
27,540-559,1773223243,2026-03-11T18:00:43,0.0085
27,540-559,1773226837,2026-03-11T19:00:37,0.0085
27,540-559,1773234035,2026-03-11T21:00:35,0.0085
27,540-559,1773237636,2026-03-11T22:00:36,0.0085
27,540-559,1773244837,2026-03-12T00:00:37,0.0085
27,540-559,1773252048,2026-03-12T02:00:48,0.0075
27,540-559,1773255637,2026-03-12T03:00:37,0.0075
27,540-559,1773259240,2026-03-12T04:00:40,0.0075
27,540-559,1773262852,2026-03-12T05:00:52,0.0075
27,540-559,1773266439,2026-03-12T06:00:39,0.0075
27,540-559,1773270035,2026-03-12T07:00:35,0.0065
27,540-559,1773273653,2026-03-12T08:00:53,0.0055
27,540-559,1773277235,2026-03-12T09:00:35,0.0065
27,540-559,1773280835,2026-03-12T10:00:35,0.0065
27,540-559,1773284450,2026-03-12T11:00:50,0.0055
27,540-559,1773288035,2026-03-12T12:00:35,0.0055
27,540-559,1773291641,2026-03-12T13:00:41,0.0055
27,540-559,1773295251,2026-03-12T14:00:51,0.0055
27,540-559,1773298838,2026-03-12T15:00:38,0.0075
27,540-559,1773302439,2026-03-12T16:00:39,0.0075
27,540-559,1773306047,2026-03-12T17:00:47,0.0075
27,540-559,1773313235,2026-03-12T19:00:35,0.0075
27,540-559,1773320457,2026-03-12T21:00:57,0.0075
27,540-559,1773324039,2026-03-12T22:00:39,0.0075
27,540-559,1773327652,2026-03-12T23:00:52,0.0075
27,540-559,1773331238,2026-03-13T00:00:38,0.0075
27,540-559,1773342033,2026-03-13T03:00:33,0.007
27,540-559,1773345641,2026-03-13T04:00:41,0.007
27,540-559,1773349252,2026-03-13T05:00:52,0.009
27,540-559,1773352837,2026-03-13T06:00:37,0.008
27,540-559,1773356444,2026-03-13T07:00:44,0.008
27,540-559,1773363639,2026-03-13T09:00:39,0.007
27,540-559,1773367238,2026-03-13T10:00:38,0.007
27,540-559,1773370850,2026-03-13T11:00:50,0.0085
27,540-559,1773374438,2026-03-13T12:00:38,0.0075
27,540-559,1773378034,2026-03-13T13:00:34,0.0065
27,540-559,1773381653,2026-03-13T14:00:53,0.0065
27,540-559,1773385244,2026-03-13T15:00:44,0.0055
27,540-559,1773388835,2026-03-13T16:00:35,0.0055
27,540-559,1773392452,2026-03-13T17:00:52,0.0055
27,540-559,1773396036,2026-03-13T18:00:36,0.0055
27,540-559,1773399650,2026-03-13T19:00:50,0.0055
27,540-559,1773403259,2026-03-13T20:00:59,0.005
27,540-559,1773406846,2026-03-13T21:00:46,0.0045
27,540-559,1773410452,2026-03-13T22:00:52,0.0035
27,540-559,1773417650,2026-03-14T00:00:50,0.0035
27,540-559,1773421239,2026-03-14T01:00:39,0.0045
27,540-559,1773424858,2026-03-14T02:00:58,0.0035
27,540-559,1773428452,2026-03-14T03:00:52,0.0035
27,540-559,1773432038,2026-03-14T04:00:38,0.0035
27,540-559,1773439251,2026-03-14T06:00:51,0.005
27,540-559,1773442836,2026-03-14T07:00:36,0.005
27,540-559,1773446459,2026-03-14T08:00:59,0.0045
27,540-559,1773450037,2026-03-14T09:00:37,0.0035
27,540-559,1773453636,2026-03-14T10:00:36,0.0035
27,540-559,1773457259,2026-03-14T11:00:59,0.0035
27,540-559,1773460836,2026-03-14T12:00:36,0.0035
27,540-559,1773464436,2026-03-14T13:00:36,0.0035
27,540-559,1773468059,2026-03-14T14:00:59,0.0035
27,540-559,1773471637,2026-03-14T15:00:37,0.0035
27,540-559,1773475239,2026-03-14T16:00:39,0.0025
27,540-559,1773478856,2026-03-14T17:00:56,0.0025
27,540-559,1773482437,2026-03-14T18:00:37,0.0035
27,540-559,1773486039,2026-03-14T19:00:39,0.0035
27,540-559,1773496840,2026-03-14T22:00:40,0.0035
27,540-559,1773504042,2026-03-15T00:00:42,0.0025
27,540-559,1773511257,2026-03-15T02:00:57,0.0035
27,540-559,1773514846,2026-03-15T03:00:46,0.0035
27,540-559,1773518437,2026-03-15T04:00:37,0.0035
27,540-559,1773522057,2026-03-15T05:00:57,0.0035
27,540-559,1773525646,2026-03-15T06:00:46,0.0035
27,540-559,1773529236,2026-03-15T07:00:36,0.0035
27,540-559,1773536436,2026-03-15T09:00:36,0.0035
27,540-559,1773540040,2026-03-15T10:00:40,0.003
27,540-559,1773547237,2026-03-15T12:00:37,0.0035
27,540-559,1773550837,2026-03-15T13:00:37,0.0035
27,540-559,1773554454,2026-03-15T14:00:54,0.0035
27,540-559,1773558037,2026-03-15T15:00:37,0.0035
27,540-559,1773561643,2026-03-15T16:00:43,0.0035
27,540-559,1773565255,2026-03-15T17:00:55,0.0035
27,540-559,1773568848,2026-03-15T18:00:48,0.0035
27,540-559,1773572436,2026-03-15T19:00:36,0.0035
27,540-559,1773579650,2026-03-15T21:00:50,0.0035
27,540-559,1773583250,2026-03-15T22:00:50,0.0025
27,540-559,1773590439,2026-03-16T00:00:39,0.002
27,540-559,1773601248,2026-03-16T03:00:48,0.0015
27,540-559,1773604843,2026-03-16T04:00:43,0.0015
27,540-559,1773608457,2026-03-16T05:00:57,0.0015
27,540-559,1773612050,2026-03-16T06:00:50,0.0015
27,540-559,1773615642,2026-03-16T07:00:42,0.0015
27,540-559,1773622834,2026-03-16T09:00:34,0.0015
27,540-559,1773626435,2026-03-16T10:00:35,0.0015
27,540-559,1773630051,2026-03-16T11:00:51,0.0015
27,540-559,1773633643,2026-03-16T12:00:43,0.0015
27,540-559,1773637234,2026-03-16T13:00:34,0.0015
27,540-559,1773644433,2026-03-16T15:00:33,0.0015
27,540-559,1773648035,2026-03-16T16:00:35,0.0015
27,540-559,1773651640,2026-03-16T17:00:40,0.0015
27,540-559,1773655236,2026-03-16T18:00:36,0.002
27,540-559,1773658833,2026-03-16T19:00:33,0.002
27,540-559,1773662441,2026-03-16T20:00:41,0.002
27,540-559,1773666038,2026-03-16T21:00:38,0.002
27,540-559,1773669646,2026-03-16T22:00:46,0.0015
27,540-559,1773673243,2026-03-16T23:00:43,0.0015
27,540-559,1773676837,2026-03-17T00:00:37,0.0015
27,540-559,1773680437,2026-03-17T01:00:37,0.0015
27,540-559,1773684042,2026-03-17T02:00:42,0.0015
27,540-559,1773687642,2026-03-17T03:00:42,0.0015
27,540-559,1773691237,2026-03-17T04:00:37,0.0015
27,540-559,1773694855,2026-03-17T05:00:55,0.0015
27,540-559,1773698439,2026-03-17T06:00:39,0.0015
27,540-559,1773702040,2026-03-17T07:00:40,0.0015
27,540-559,1773705647,2026-03-17T08:00:47,0.0015
27,540-559,1773709239,2026-03-17T09:00:39,0.0005
27,540-559,1773712841,2026-03-17T10:00:41,0.0005
27,540-559,1773716444,2026-03-17T11:00:44,0.0005
27,540-559,1773720045,2026-03-17T12:00:45,0.0005
27,540-559,1773723655,2026-03-17T13:00:55,0.0005
27,540-559,1773727245,2026-03-17T14:00:45,0.0005
27,540-559,1773730853,2026-03-17T15:00:53,0.0005
27,540-559,1773734445,2026-03-17T16:00:45,0.0005
27,540-559,1773738049,2026-03-17T17:00:49,0.0005
27,540-559,1773741653,2026-03-17T18:00:53,0.0005
27,540-559,1773745240,2026-03-17T19:00:40,0.0005
27,540-559,1773748851,2026-03-17T20:00:51,0.0005
27,540-559,1773752441,2026-03-17T21:00:41,0.0005
27,540-559,1773756045,2026-03-17T22:00:45,0.0005
27,540-559,1773759653,2026-03-17T23:00:53,0.0005
27,540-559,1773763242,2026-03-18T00:00:42,0.0005
27,540-559,1773766844,2026-03-18T01:00:44,0.0005
27,540-559,1773770450,2026-03-18T02:00:50,0.0005
27,540-559,1773774044,2026-03-18T03:00:44,0.0005
27,540-559,1773777646,2026-03-18T04:00:46,0.0005
27,540-559,1773781252,2026-03-18T05:00:52,0.0005
27,540-559,1773784818,2026-03-18T06:00:18,0.0005
27,540-559,1773788440,2026-03-18T07:00:40,0.0005
27,540-559,1773792050,2026-03-18T08:00:50,0.0005
27,540-559,1773795641,2026-03-18T09:00:41,0.0005
27,540-559,1773799241,2026-03-18T10:00:41,0.0005
27,540-559,1773802847,2026-03-18T11:00:47,0.0005
27,540-559,1773806439,2026-03-18T12:00:39,0.0005
27,540-559,1773810043,2026-03-18T13:00:43,0.0005
27,540-559,1773813650,2026-03-18T14:00:50,0.0005
27,540-559,1773817244,2026-03-18T15:00:44,0.0005
27,540-559,1773820839,2026-03-18T16:00:39,0.0005
27,540-559,1773824455,2026-03-18T17:00:55,0.0005
27,540-559,1773828044,2026-03-18T18:00:44,0.0005
27,540-559,1773831640,2026-03-18T19:00:40,0.0005
27,540-559,1773838840,2026-03-18T21:00:40,0.0005
27,540-559,1773842446,2026-03-18T22:00:46,0.0005
27,540-559,1773849646,2026-03-19T00:00:46,0.0005
27,540-559,1773853240,2026-03-19T01:00:40,0.0005
27,540-559,1773860445,2026-03-19T03:00:45,0.0005
27,540-559,1773864054,2026-03-19T04:00:54,0.0005
27,540-559,1773871254,2026-03-19T06:00:54,0.0005
27,540-559,1773874838,2026-03-19T07:00:38,0.0005
27,540-559,1773882041,2026-03-19T09:00:41,0.0005
27,540-559,1773885641,2026-03-19T10:00:41,0.0005
27,540-559,1773892843,2026-03-19T12:00:43,0.0005
27,540-559,1773896441,2026-03-19T13:00:41,0.0005
27,540-559,1773907243,2026-03-19T16:00:43,0.0005
27,540-559,1773914445,2026-03-19T18:00:45,0.0005
27,540-559,1773921655,2026-03-19T20:00:55,0.0005
27,540-559,1773925244,2026-03-19T21:00:44,0.0005
27,540-559,1773928844,2026-03-19T22:00:44,0.0005
27,540-559,1773932450,2026-03-19T23:00:50,0.0005
27,540-559,1773936043,2026-03-20T00:00:43,0.0005
27,540-559,1773943251,2026-03-20T02:00:51,0.0005
27,540-559,1773946843,2026-03-20T03:00:43,0.0005
27,540-559,1773950448,2026-03-20T04:00:48,0.0005
27,540-559,1773954050,2026-03-20T05:00:50,0.0005
27,540-559,1773957645,2026-03-20T06:00:45,0.0005
27,540-559,1773961243,2026-03-20T07:00:43,0.0005
27,540-559,1773964854,2026-03-20T08:00:54,0.0005
27,540-559,1773968442,2026-03-20T09:00:42,0.0005
27,540-559,1773972046,2026-03-20T10:00:46,0.0005
27,540-559,1773975650,2026-03-20T11:00:50,0.0005
27,540-559,1773979237,2026-03-20T12:00:37,0.0005
27,540-559,1773982846,2026-03-20T13:00:46,0.0005
27,540-559,1773986457,2026-03-20T14:00:57,0.0005
27,540-559,1773990045,2026-03-20T15:00:45,0.0005
27,540-559,1773993643,2026-03-20T16:00:43,0.0005
27,540-559,1773997252,2026-03-20T17:00:52,0.0005
27,540-559,1774004442,2026-03-20T19:00:42,0.0005
27,540-559,1774008050,2026-03-20T20:00:50,0.0005
27,540-559,1774011651,2026-03-20T21:00:51,0.0005
27,540-559,1774015247,2026-03-20T22:00:47,0.0005
27,540-559,1774018852,2026-03-20T23:00:52,0.0005
27,540-559,1774022440,2026-03-21T00:00:40,0.0005
27,540-559,1774026042,2026-03-21T01:00:42,0.0005
27,540-559,1774029655,2026-03-21T02:00:55,0.0005
28,560-579,1773093619,2026-03-10T06:00:19,0.115
28,560-579,1773097219,2026-03-10T07:00:19,0.085
28,560-579,1773100821,2026-03-10T08:00:21,0.04
28,560-579,1773104418,2026-03-10T09:00:18,0.009
28,560-579,1773108019,2026-03-10T10:00:19,0.0095
28,560-579,1773111621,2026-03-10T11:00:21,0.01
28,560-579,1773115224,2026-03-10T12:00:24,0.01
28,560-579,1773118820,2026-03-10T13:00:20,0.01
28,560-579,1773122421,2026-03-10T14:00:21,0.009
28,560-579,1773126020,2026-03-10T15:00:20,0.0055
28,560-579,1773129619,2026-03-10T16:00:19,0.0065
28,560-579,1773133222,2026-03-10T17:00:22,0.0055
28,560-579,1773136826,2026-03-10T18:00:26,0.0075
28,560-579,1773140419,2026-03-10T19:00:19,0.0065
28,560-579,1773144024,2026-03-10T20:00:24,0.009
28,560-579,1773147622,2026-03-10T21:00:22,0.0055
28,560-579,1773151222,2026-03-10T22:00:22,0.0055
28,560-579,1773154821,2026-03-10T23:00:21,0.0105
28,560-579,1773158428,2026-03-11T00:00:28,0.0095
28,560-579,1773162020,2026-03-11T01:00:20,0.0055
28,560-579,1773165623,2026-03-11T02:00:23,0.0055
28,560-579,1773169222,2026-03-11T03:00:22,0.0075
28,560-579,1773172824,2026-03-11T04:00:24,0.008
28,560-579,1773176423,2026-03-11T05:00:23,0.008
28,560-579,1773180022,2026-03-11T06:00:22,0.008
28,560-579,1773183623,2026-03-11T07:00:23,0.007
28,560-579,1773187223,2026-03-11T08:00:23,0.009
28,560-579,1773190822,2026-03-11T09:00:22,0.0085
28,560-579,1773194423,2026-03-11T10:00:23,0.0095
28,560-579,1773198023,2026-03-11T11:00:23,0.01
28,560-579,1773201623,2026-03-11T12:00:23,0.0065
28,560-579,1773205222,2026-03-11T13:00:22,0.01
28,560-579,1773208823,2026-03-11T14:00:23,0.0055
28,560-579,1773212423,2026-03-11T15:00:23,0.0055
28,560-579,1773216023,2026-03-11T16:00:23,0.007
28,560-579,1773219619,2026-03-11T17:00:19,0.0055
28,560-579,1773223224,2026-03-11T18:00:24,0.0055
28,560-579,1773226825,2026-03-11T19:00:25,0.0055
28,560-579,1773230434,2026-03-11T20:00:34,0.006
28,560-579,1773234022,2026-03-11T21:00:22,0.0055
28,560-579,1773237623,2026-03-11T22:00:23,0.0055
28,560-579,1773241224,2026-03-11T23:00:24,0.0055
28,560-579,1773244823,2026-03-12T00:00:23,0.0055
28,560-579,1773248424,2026-03-12T01:00:24,0.0065
28,560-579,1773252022,2026-03-12T02:00:22,0.0055
28,560-579,1773255624,2026-03-12T03:00:24,0.0055
28,560-579,1773259223,2026-03-12T04:00:23,0.0055
28,560-579,1773262824,2026-03-12T05:00:24,0.0065
28,560-579,1773266423,2026-03-12T06:00:23,0.0055
28,560-579,1773270021,2026-03-12T07:00:21,0.0055
28,560-579,1773273621,2026-03-12T08:00:21,0.0045
28,560-579,1773277223,2026-03-12T09:00:23,0.0065
28,560-579,1773280822,2026-03-12T10:00:22,0.0065
28,560-579,1773284425,2026-03-12T11:00:25,0.0065
28,560-579,1773288022,2026-03-12T12:00:22,0.0065
28,560-579,1773291620,2026-03-12T13:00:20,0.0065
28,560-579,1773295224,2026-03-12T14:00:24,0.0065
28,560-579,1773298822,2026-03-12T15:00:22,0.0065
28,560-579,1773302424,2026-03-12T16:00:24,0.0065
28,560-579,1773306020,2026-03-12T17:00:20,0.0065
28,560-579,1773309635,2026-03-12T18:00:35,0.0065
28,560-579,1773313222,2026-03-12T19:00:22,0.0065
28,560-579,1773316821,2026-03-12T20:00:21,0.0065
28,560-579,1773320422,2026-03-12T21:00:22,0.0065
28,560-579,1773324026,2026-03-12T22:00:26,0.0065
28,560-579,1773327623,2026-03-12T23:00:23,0.0055
28,560-579,1773331225,2026-03-13T00:00:25,0.006
28,560-579,1773334825,2026-03-13T01:00:25,0.006
28,560-579,1773338422,2026-03-13T02:00:22,0.006
28,560-579,1773342021,2026-03-13T03:00:21,0.006
28,560-579,1773345624,2026-03-13T04:00:24,0.006
28,560-579,1773349221,2026-03-13T05:00:21,0.007
28,560-579,1773352823,2026-03-13T06:00:23,0.0065
28,560-579,1773356420,2026-03-13T07:00:20,0.0065
28,560-579,1773360038,2026-03-13T08:00:38,0.006
28,560-579,1773363624,2026-03-13T09:00:24,0.006
28,560-579,1773367225,2026-03-13T10:00:25,0.006
28,560-579,1773370822,2026-03-13T11:00:22,0.006
28,560-579,1773374423,2026-03-13T12:00:23,0.0065
28,560-579,1773378021,2026-03-13T13:00:21,0.0065
28,560-579,1773381621,2026-03-13T14:00:21,0.007
28,560-579,1773385230,2026-03-13T15:00:30,0.006
28,560-579,1773388819,2026-03-13T16:00:19,0.0055
28,560-579,1773392422,2026-03-13T17:00:22,0.0055
28,560-579,1773396022,2026-03-13T18:00:22,0.0055
28,560-579,1773399638,2026-03-13T19:00:38,0.004
28,560-579,1773403249,2026-03-13T20:00:49,0.004
28,560-579,1773406835,2026-03-13T21:00:35,0.0035
28,560-579,1773410440,2026-03-13T22:00:40,0.0035
28,560-579,1773414051,2026-03-13T23:00:51,0.0035
28,560-579,1773417644,2026-03-14T00:00:44,0.0025
28,560-579,1773421232,2026-03-14T01:00:32,0.0035
28,560-579,1773424847,2026-03-14T02:00:47,0.0035
28,560-579,1773428441,2026-03-14T03:00:41,0.0025
28,560-579,1773432032,2026-03-14T04:00:32,0.0025
28,560-579,1773435654,2026-03-14T05:00:54,0.0045
28,560-579,1773439239,2026-03-14T06:00:39,0.0045
28,560-579,1773442829,2026-03-14T07:00:29,0.0035
28,560-579,1773446448,2026-03-14T08:00:48,0.0025
28,560-579,1773450031,2026-03-14T09:00:31,0.0045
28,560-579,1773453630,2026-03-14T10:00:30,0.0045
28,560-579,1773457248,2026-03-14T11:00:48,0.0045
28,560-579,1773460830,2026-03-14T12:00:30,0.0035
28,560-579,1773464430,2026-03-14T13:00:30,0.0035
28,560-579,1773468046,2026-03-14T14:00:46,0.0035
28,560-579,1773471630,2026-03-14T15:00:30,0.0035
28,560-579,1773475232,2026-03-14T16:00:32,0.0035
28,560-579,1773478846,2026-03-14T17:00:46,0.0035
28,560-579,1773482430,2026-03-14T18:00:30,0.0035
28,560-579,1773486032,2026-03-14T19:00:32,0.0025
28,560-579,1773489652,2026-03-14T20:00:52,0.0025
28,560-579,1773493250,2026-03-14T21:00:50,0.004
28,560-579,1773496834,2026-03-14T22:00:34,0.0035
28,560-579,1773500448,2026-03-14T23:00:48,0.0025
28,560-579,1773504035,2026-03-15T00:00:35,0.0035
28,560-579,1773511246,2026-03-15T02:00:46,0.0035
28,560-579,1773514835,2026-03-15T03:00:35,0.0035
28,560-579,1773518430,2026-03-15T04:00:30,0.0035
28,560-579,1773522047,2026-03-15T05:00:47,0.0035
28,560-579,1773525640,2026-03-15T06:00:40,0.0035
28,560-579,1773529230,2026-03-15T07:00:30,0.0015
28,560-579,1773532852,2026-03-15T08:00:52,0.0015
28,560-579,1773536430,2026-03-15T09:00:30,0.0015
28,560-579,1773540032,2026-03-15T10:00:32,0.0015
28,560-579,1773543649,2026-03-15T11:00:49,0.0015
28,560-579,1773547231,2026-03-15T12:00:31,0.0015
28,560-579,1773550830,2026-03-15T13:00:30,0.0025
28,560-579,1773554443,2026-03-15T14:00:43,0.0025
28,560-579,1773558030,2026-03-15T15:00:30,0.0025
28,560-579,1773561633,2026-03-15T16:00:33,0.0025
28,560-579,1773565246,2026-03-15T17:00:46,0.0015
28,560-579,1773568842,2026-03-15T18:00:42,0.0015
28,560-579,1773572430,2026-03-15T19:00:30,0.0015
28,560-579,1773576047,2026-03-15T20:00:47,0.0015
28,560-579,1773579632,2026-03-15T21:00:32,0.002
28,560-579,1773583239,2026-03-15T22:00:39,0.002
28,560-579,1773586855,2026-03-15T23:00:55,0.002
28,560-579,1773590432,2026-03-16T00:00:32,0.002
28,560-579,1773594049,2026-03-16T01:00:49,0.0015
28,560-579,1773597648,2026-03-16T02:00:48,0.0015
28,560-579,1773601236,2026-03-16T03:00:36,0.0015
28,560-579,1773604836,2026-03-16T04:00:36,0.0015
28,560-579,1773608446,2026-03-16T05:00:46,0.0015
28,560-579,1773612039,2026-03-16T06:00:39,0.0015
28,560-579,1773615634,2026-03-16T07:00:34,0.0015
28,560-579,1773622829,2026-03-16T09:00:29,0.0015
28,560-579,1773626430,2026-03-16T10:00:30,0.0015
28,560-579,1773630041,2026-03-16T11:00:41,0.0015
28,560-579,1773633634,2026-03-16T12:00:34,0.0015
28,560-579,1773637229,2026-03-16T13:00:29,0.0015
28,560-579,1773640853,2026-03-16T14:00:53,0.0015
28,560-579,1773644427,2026-03-16T15:00:27,0.0015
28,560-579,1773648030,2026-03-16T16:00:30,0.0015
28,560-579,1773651633,2026-03-16T17:00:33,0.0015
28,560-579,1773655231,2026-03-16T18:00:31,0.0015
28,560-579,1773658828,2026-03-16T19:00:28,0.0015
28,560-579,1773662433,2026-03-16T20:00:33,0.0015
28,560-579,1773666033,2026-03-16T21:00:33,0.0015
28,560-579,1773669636,2026-03-16T22:00:36,0.0015
28,560-579,1773673234,2026-03-16T23:00:34,0.0015
28,560-579,1773676832,2026-03-17T00:00:32,0.0015
28,560-579,1773680432,2026-03-17T01:00:32,0.0015
28,560-579,1773684034,2026-03-17T02:00:34,0.0015
28,560-579,1773687637,2026-03-17T03:00:37,0.0015
28,560-579,1773691232,2026-03-17T04:00:32,0.0005
28,560-579,1773694842,2026-03-17T05:00:42,0.0005
28,560-579,1773698434,2026-03-17T06:00:34,0.0005
28,560-579,1773702035,2026-03-17T07:00:35,0.0005
28,560-579,1773705640,2026-03-17T08:00:40,0.0005
28,560-579,1773709234,2026-03-17T09:00:34,0.0005
28,560-579,1773712835,2026-03-17T10:00:35,0.0005
28,560-579,1773716437,2026-03-17T11:00:37,0.0005
28,560-579,1773720038,2026-03-17T12:00:38,0.0005
28,560-579,1773723649,2026-03-17T13:00:49,0.0005
28,560-579,1773727237,2026-03-17T14:00:37,0.0005
28,560-579,1773730841,2026-03-17T15:00:41,0.0005
28,560-579,1773734437,2026-03-17T16:00:37,0.0005
28,560-579,1773738040,2026-03-17T17:00:40,0.0005
28,560-579,1773741641,2026-03-17T18:00:41,0.0005
28,560-579,1773745235,2026-03-17T19:00:35,0.0005
28,560-579,1773748842,2026-03-17T20:00:42,0.0005
28,560-579,1773752435,2026-03-17T21:00:35,0.0005
28,560-579,1773756038,2026-03-17T22:00:38,0.0005
28,560-579,1773759643,2026-03-17T23:00:43,0.0005
28,560-579,1773763237,2026-03-18T00:00:37,0.0005
28,560-579,1773766837,2026-03-18T01:00:37,0.0005
28,560-579,1773770442,2026-03-18T02:00:42,0.0005
28,560-579,1773774038,2026-03-18T03:00:38,0.0005
28,560-579,1773777639,2026-03-18T04:00:39,0.0005
28,560-579,1773781242,2026-03-18T05:00:42,0.0005
28,560-579,1773784812,2026-03-18T06:00:12,0.0005
28,560-579,1773784857,2026-03-18T06:00:57,0.0005
28,560-579,1773788434,2026-03-18T07:00:34,0.0005
28,560-579,1773792041,2026-03-18T08:00:41,0.0005
28,560-579,1773795635,2026-03-18T09:00:35,0.0005
28,560-579,1773799235,2026-03-18T10:00:35,0.0005
28,560-579,1773802839,2026-03-18T11:00:39,0.0005
28,560-579,1773806433,2026-03-18T12:00:33,0.0005
28,560-579,1773810037,2026-03-18T13:00:37,0.0005
28,560-579,1773813641,2026-03-18T14:00:41,0.0005
28,560-579,1773817238,2026-03-18T15:00:38,0.0005
28,560-579,1773820833,2026-03-18T16:00:33,0.0005
28,560-579,1773824447,2026-03-18T17:00:47,0.0005
28,560-579,1773828037,2026-03-18T18:00:37,0.0005
28,560-579,1773831634,2026-03-18T19:00:34,0.0005
28,560-579,1773835258,2026-03-18T20:00:58,0.0005
28,560-579,1773838834,2026-03-18T21:00:34,0.0005
28,560-579,1773842439,2026-03-18T22:00:39,0.0005
28,560-579,1773846055,2026-03-18T23:00:55,0.0005
28,560-579,1773849639,2026-03-19T00:00:39,0.0005
28,560-579,1773853234,2026-03-19T01:00:34,0.0005
28,560-579,1773856853,2026-03-19T02:00:53,0.0005
28,560-579,1773860439,2026-03-19T03:00:39,0.0005
28,560-579,1773864048,2026-03-19T04:00:48,0.0005
28,560-579,1773867650,2026-03-19T05:00:50,0.0005
28,560-579,1773871242,2026-03-19T06:00:42,0.0005
28,560-579,1773874832,2026-03-19T07:00:32,0.0005
28,560-579,1773878454,2026-03-19T08:00:54,0.0005
28,560-579,1773882034,2026-03-19T09:00:34,0.0005
28,560-579,1773885635,2026-03-19T10:00:35,0.0005
28,560-579,1773889250,2026-03-19T11:00:50,0.0005
28,560-579,1773892837,2026-03-19T12:00:37,0.0005
28,560-579,1773896434,2026-03-19T13:00:34,0.0005
28,560-579,1773903648,2026-03-19T15:00:48,0.0005
28,560-579,1773907236,2026-03-19T16:00:36,0.0005
28,560-579,1773914436,2026-03-19T18:00:36,0.0005
28,560-579,1773918054,2026-03-19T19:00:54,0.0005
28,560-579,1773921640,2026-03-19T20:00:40,0.0005
28,560-579,1773925236,2026-03-19T21:00:36,0.0005
28,560-579,1773928836,2026-03-19T22:00:36,0.0005
28,560-579,1773932441,2026-03-19T23:00:41,0.0005
28,560-579,1773936036,2026-03-20T00:00:36,0.0005
28,560-579,1773943242,2026-03-20T02:00:42,0.0005
28,560-579,1773946837,2026-03-20T03:00:37,0.0005
28,560-579,1773950439,2026-03-20T04:00:39,0.0005
28,560-579,1773954042,2026-03-20T05:00:42,0.0005
28,560-579,1773957638,2026-03-20T06:00:38,0.0005
28,560-579,1773961237,2026-03-20T07:00:37,0.0005
28,560-579,1773964846,2026-03-20T08:00:46,0.0005
28,560-579,1773968435,2026-03-20T09:00:35,0.0005
28,560-579,1773972052,2026-03-20T10:00:52,0.0005
28,560-579,1773979243,2026-03-20T12:00:43,0.0005
28,560-579,1773982838,2026-03-20T13:00:38,0.0005
28,560-579,1773986449,2026-03-20T14:00:49,0.0005
28,560-579,1773990037,2026-03-20T15:00:37,0.0005
28,560-579,1773993636,2026-03-20T16:00:36,0.0005
28,560-579,1773997241,2026-03-20T17:00:41,0.0005
28,560-579,1774004434,2026-03-20T19:00:34,0.0005
28,560-579,1774008040,2026-03-20T20:00:40,0.0005
28,560-579,1774011634,2026-03-20T21:00:34,0.0005
28,560-579,1774015240,2026-03-20T22:00:40,0.0005
28,560-579,1774018842,2026-03-20T23:00:42,0.0005
28,560-579,1774022434,2026-03-21T00:00:34,0.0005
28,560-579,1774026035,2026-03-21T01:00:35,0.0005
28,560-579,1774029645,2026-03-21T02:00:45,0.0005
29,580+,1773093631,2026-03-10T06:00:31,0.125
29,580+,1773097233,2026-03-10T07:00:33,0.075
29,580+,1773100851,2026-03-10T08:00:51,0.035
29,580+,1773104431,2026-03-10T09:00:31,0.009
29,580+,1773108032,2026-03-10T10:00:32,0.003
29,580+,1773111638,2026-03-10T11:00:38,0.003
29,580+,1773115237,2026-03-10T12:00:37,0.003
29,580+,1773118834,2026-03-10T13:00:34,0.003
29,580+,1773122444,2026-03-10T14:00:44,0.0035
29,580+,1773126036,2026-03-10T15:00:36,0.0035
29,580+,1773129633,2026-03-10T16:00:33,0.0035
29,580+,1773136852,2026-03-10T18:00:52,0.0035
29,580+,1773140433,2026-03-10T19:00:33,0.0035
29,580+,1773144054,2026-03-10T20:00:54,0.004
29,580+,1773147640,2026-03-10T21:00:40,0.0035
29,580+,1773151238,2026-03-10T22:00:38,0.0035
29,580+,1773154857,2026-03-10T23:00:57,0.0045
29,580+,1773158442,2026-03-11T00:00:42,0.0045
29,580+,1773162034,2026-03-11T01:00:34,0.0095
29,580+,1773165651,2026-03-11T02:00:51,0.0055
29,580+,1773169237,2026-03-11T03:00:37,0.0075
29,580+,1773172838,2026-03-11T04:00:38,0.012
29,580+,1773176452,2026-03-11T05:00:52,0.0115
29,580+,1773180037,2026-03-11T06:00:37,0.011
29,580+,1773183637,2026-03-11T07:00:37,0.0115
29,580+,1773187255,2026-03-11T08:00:55,0.012
29,580+,1773190839,2026-03-11T09:00:39,0.0145
29,580+,1773194437,2026-03-11T10:00:37,0.013
29,580+,1773198052,2026-03-11T11:00:52,0.015
29,580+,1773201637,2026-03-11T12:00:37,0.017
29,580+,1773205237,2026-03-11T13:00:37,0.017
29,580+,1773208852,2026-03-11T14:00:52,0.0165
29,580+,1773212439,2026-03-11T15:00:39,0.0095
29,580+,1773216038,2026-03-11T16:00:38,0.0125
29,580+,1773219648,2026-03-11T17:00:48,0.0075
29,580+,1773223245,2026-03-11T18:00:45,0.0075
29,580+,1773226839,2026-03-11T19:00:39,0.0075
29,580+,1773234037,2026-03-11T21:00:37,0.0115
29,580+,1773237638,2026-03-11T22:00:38,0.0085
29,580+,1773244839,2026-03-12T00:00:39,0.0095
29,580+,1773252052,2026-03-12T02:00:52,0.0085
29,580+,1773255639,2026-03-12T03:00:39,0.0035
29,580+,1773259243,2026-03-12T04:00:43,0.0075
29,580+,1773262857,2026-03-12T05:00:57,0.0075
29,580+,1773266444,2026-03-12T06:00:44,0.0065
29,580+,1773270037,2026-03-12T07:00:37,0.0055
29,580+,1773273657,2026-03-12T08:00:57,0.005
29,580+,1773277237,2026-03-12T09:00:37,0.0075
29,580+,1773280837,2026-03-12T10:00:37,0.0075
29,580+,1773284453,2026-03-12T11:00:53,0.0055
29,580+,1773288038,2026-03-12T12:00:38,0.0055
29,580+,1773291644,2026-03-12T13:00:44,0.0055
29,580+,1773295254,2026-03-12T14:00:54,0.0055
29,580+,1773298841,2026-03-12T15:00:41,0.0055
29,580+,1773302441,2026-03-12T16:00:41,0.0075
29,580+,1773306050,2026-03-12T17:00:50,0.0055
29,580+,1773313237,2026-03-12T19:00:37,0.006
29,580+,1773324042,2026-03-12T22:00:42,0.005
29,580+,1773327656,2026-03-12T23:00:56,0.005
29,580+,1773331240,2026-03-13T00:00:40,0.005
29,580+,1773342036,2026-03-13T03:00:36,0.006
29,580+,1773345644,2026-03-13T04:00:44,0.0055
29,580+,1773349256,2026-03-13T05:00:56,0.0065
29,580+,1773352839,2026-03-13T06:00:39,0.007
29,580+,1773356448,2026-03-13T07:00:48,0.007
29,580+,1773363641,2026-03-13T09:00:41,0.005
29,580+,1773367240,2026-03-13T10:00:40,0.005
29,580+,1773370854,2026-03-13T11:00:54,0.0055
29,580+,1773374441,2026-03-13T12:00:41,0.0055
29,580+,1773378036,2026-03-13T13:00:36,0.0055
29,580+,1773381658,2026-03-13T14:00:58,0.005
29,580+,1773385247,2026-03-13T15:00:47,0.0045
29,580+,1773388837,2026-03-13T16:00:37,0.0045
29,580+,1773392456,2026-03-13T17:00:56,0.0045
29,580+,1773396038,2026-03-13T18:00:38,0.0045
29,580+,1773399654,2026-03-13T19:00:54,0.0045
29,580+,1773406848,2026-03-13T21:00:48,0.0045
29,580+,1773410453,2026-03-13T22:00:53,0.0045
29,580+,1773417651,2026-03-14T00:00:51,0.0045
29,580+,1773421240,2026-03-14T01:00:40,0.004
29,580+,1773424859,2026-03-14T02:00:59,0.0045
29,580+,1773428455,2026-03-14T03:00:55,0.0035
29,580+,1773432039,2026-03-14T04:00:39,0.0025
29,580+,1773439252,2026-03-14T06:00:52,0.0065
29,580+,1773442837,2026-03-14T07:00:37,0.003
29,580+,1773450038,2026-03-14T09:00:38,0.0035
29,580+,1773453638,2026-03-14T10:00:38,0.0035
29,580+,1773460837,2026-03-14T12:00:37,0.0035
29,580+,1773464437,2026-03-14T13:00:37,0.0035
29,580+,1773471638,2026-03-14T15:00:38,0.0035
29,580+,1773475240,2026-03-14T16:00:40,0.0035
29,580+,1773478858,2026-03-14T17:00:58,0.0035
29,580+,1773482439,2026-03-14T18:00:39,0.0035
29,580+,1773486040,2026-03-14T19:00:40,0.0025
29,580+,1773496841,2026-03-14T22:00:41,0.0025
29,580+,1773504043,2026-03-15T00:00:43,0.0025
29,580+,1773511259,2026-03-15T02:00:59,0.0015
29,580+,1773514847,2026-03-15T03:00:47,0.0015
29,580+,1773518438,2026-03-15T04:00:38,0.0015
29,580+,1773522059,2026-03-15T05:00:59,0.0015
29,580+,1773525647,2026-03-15T06:00:47,0.0015
29,580+,1773529237,2026-03-15T07:00:37,0.0015
29,580+,1773536437,2026-03-15T09:00:37,0.0015
29,580+,1773540041,2026-03-15T10:00:41,0.0015
29,580+,1773547238,2026-03-15T12:00:38,0.0015
29,580+,1773550838,2026-03-15T13:00:38,0.0015
29,580+,1773554456,2026-03-15T14:00:56,0.0015
29,580+,1773558038,2026-03-15T15:00:38,0.0015
29,580+,1773561646,2026-03-15T16:00:46,0.0015
29,580+,1773565257,2026-03-15T17:00:57,0.0015
29,580+,1773568849,2026-03-15T18:00:49,0.0015
29,580+,1773572437,2026-03-15T19:00:37,0.0015
29,580+,1773579653,2026-03-15T21:00:53,0.002
29,580+,1773583251,2026-03-15T22:00:51,0.002
29,580+,1773590439,2026-03-16T00:00:39,0.0015
29,580+,1773601250,2026-03-16T03:00:50,0.0015
29,580+,1773604844,2026-03-16T04:00:44,0.0015
29,580+,1773608458,2026-03-16T05:00:58,0.0015
29,580+,1773612052,2026-03-16T06:00:52,0.0015
29,580+,1773615643,2026-03-16T07:00:43,0.0015
29,580+,1773622835,2026-03-16T09:00:35,0.0015
29,580+,1773626435,2026-03-16T10:00:35,0.0015
29,580+,1773630052,2026-03-16T11:00:52,0.0015
29,580+,1773633645,2026-03-16T12:00:45,0.0015
29,580+,1773637235,2026-03-16T13:00:35,0.0015
29,580+,1773644434,2026-03-16T15:00:34,0.0015
29,580+,1773648036,2026-03-16T16:00:36,0.0015
29,580+,1773651641,2026-03-16T17:00:41,0.0015
29,580+,1773655237,2026-03-16T18:00:37,0.0015
29,580+,1773658834,2026-03-16T19:00:34,0.0015
29,580+,1773662442,2026-03-16T20:00:42,0.0015
29,580+,1773666039,2026-03-16T21:00:39,0.0015
29,580+,1773669648,2026-03-16T22:00:48,0.0015
29,580+,1773673244,2026-03-16T23:00:44,0.0015
29,580+,1773676838,2026-03-17T00:00:38,0.0015
29,580+,1773680438,2026-03-17T01:00:38,0.0015
29,580+,1773684043,2026-03-17T02:00:43,0.0015
29,580+,1773687643,2026-03-17T03:00:43,0.0015
29,580+,1773691238,2026-03-17T04:00:38,0.0015
29,580+,1773694856,2026-03-17T05:00:56,0.0015
29,580+,1773698440,2026-03-17T06:00:40,0.0015
29,580+,1773702041,2026-03-17T07:00:41,0.0015
29,580+,1773705649,2026-03-17T08:00:49,0.0005
29,580+,1773709240,2026-03-17T09:00:40,0.0005
29,580+,1773712842,2026-03-17T10:00:42,0.0015
29,580+,1773716446,2026-03-17T11:00:46,0.0015
29,580+,1773720046,2026-03-17T12:00:46,0.0015
29,580+,1773723656,2026-03-17T13:00:56,0.0005
29,580+,1773727246,2026-03-17T14:00:46,0.0005
29,580+,1773730855,2026-03-17T15:00:55,0.0005
29,580+,1773734446,2026-03-17T16:00:46,0.0005
29,580+,1773738051,2026-03-17T17:00:51,0.0005
29,580+,1773741655,2026-03-17T18:00:55,0.0005
29,580+,1773745241,2026-03-17T19:00:41,0.0005
29,580+,1773748853,2026-03-17T20:00:53,0.0005
29,580+,1773752443,2026-03-17T21:00:43,0.0005
29,580+,1773756046,2026-03-17T22:00:46,0.0005
29,580+,1773759654,2026-03-17T23:00:54,0.0005
29,580+,1773763243,2026-03-18T00:00:43,0.0005
29,580+,1773766845,2026-03-18T01:00:45,0.0005
29,580+,1773770452,2026-03-18T02:00:52,0.0005
29,580+,1773774045,2026-03-18T03:00:45,0.0005
29,580+,1773777647,2026-03-18T04:00:47,0.0005
29,580+,1773781254,2026-03-18T05:00:54,0.0005
29,580+,1773784819,2026-03-18T06:00:19,0.0005
29,580+,1773788441,2026-03-18T07:00:41,0.0005
29,580+,1773792051,2026-03-18T08:00:51,0.0005
29,580+,1773795641,2026-03-18T09:00:41,0.0005
29,580+,1773799242,2026-03-18T10:00:42,0.0005
29,580+,1773802849,2026-03-18T11:00:49,0.0005
29,580+,1773806440,2026-03-18T12:00:40,0.0005
29,580+,1773810044,2026-03-18T13:00:44,0.0005
29,580+,1773813651,2026-03-18T14:00:51,0.0005
29,580+,1773817245,2026-03-18T15:00:45,0.0005
29,580+,1773820840,2026-03-18T16:00:40,0.0005
29,580+,1773824456,2026-03-18T17:00:56,0.0005
29,580+,1773828045,2026-03-18T18:00:45,0.0005
29,580+,1773831641,2026-03-18T19:00:41,0.0005
29,580+,1773838841,2026-03-18T21:00:41,0.0005
29,580+,1773842447,2026-03-18T22:00:47,0.0005
29,580+,1773849647,2026-03-19T00:00:47,0.0005
29,580+,1773853241,2026-03-19T01:00:41,0.0005
29,580+,1773860446,2026-03-19T03:00:46,0.0005
29,580+,1773864055,2026-03-19T04:00:55,0.0005
29,580+,1773871257,2026-03-19T06:00:57,0.0005
29,580+,1773874839,2026-03-19T07:00:39,0.0005
29,580+,1773882042,2026-03-19T09:00:42,0.0005
29,580+,1773885642,2026-03-19T10:00:42,0.0005
29,580+,1773892844,2026-03-19T12:00:44,0.0005
29,580+,1773896442,2026-03-19T13:00:42,0.0005
29,580+,1773907244,2026-03-19T16:00:44,0.0005
29,580+,1773914447,2026-03-19T18:00:47,0.0005
29,580+,1773921657,2026-03-19T20:00:57,0.0005
29,580+,1773925245,2026-03-19T21:00:45,0.0005
29,580+,1773928845,2026-03-19T22:00:45,0.0005
29,580+,1773932452,2026-03-19T23:00:52,0.0005
29,580+,1773936044,2026-03-20T00:00:44,0.0005
29,580+,1773943252,2026-03-20T02:00:52,0.0005
29,580+,1773946844,2026-03-20T03:00:44,0.0005
29,580+,1773950449,2026-03-20T04:00:49,0.0005
29,580+,1773954052,2026-03-20T05:00:52,0.0005
29,580+,1773957646,2026-03-20T06:00:46,0.0005
29,580+,1773961244,2026-03-20T07:00:44,0.0005
29,580+,1773964855,2026-03-20T08:00:55,0.0005
29,580+,1773968443,2026-03-20T09:00:43,0.0005
29,580+,1773972057,2026-03-20T10:00:57,0.0005
29,580+,1773979246,2026-03-20T12:00:46,0.0005
29,580+,1773982847,2026-03-20T13:00:47,0.0005
29,580+,1773986459,2026-03-20T14:00:59,0.0005
29,580+,1773990046,2026-03-20T15:00:46,0.0005
29,580+,1773993644,2026-03-20T16:00:44,0.0005
29,580+,1773997254,2026-03-20T17:00:54,0.0005
29,580+,1774004443,2026-03-20T19:00:43,0.0005
29,580+,1774008052,2026-03-20T20:00:52,0.0005
29,580+,1774011654,2026-03-20T21:00:54,0.0005
29,580+,1774015248,2026-03-20T22:00:48,0.0005
29,580+,1774018853,2026-03-20T23:00:53,0.0005
29,580+,1774022441,2026-03-21T00:00:41,0.0005
29,580+,1774026044,2026-03-21T01:00:44,0.0005
29,580+,1774029657,2026-03-21T02:00:57,0.0005
