bin_index,outcome,timestamp,datetime,price
0,<40,1779994806,2026-05-29T03:00:06,0.355
0,<40,1779998408,2026-05-29T04:00:08,0.24
0,<40,1780002011,2026-05-29T05:00:11,0.14
0,<40,1780005610,2026-05-29T06:00:10,0.135
0,<40,1780009218,2026-05-29T07:00:18,0.14
0,<40,1780012811,2026-05-29T08:00:11,0.14
0,<40,1780016405,2026-05-29T09:00:05,0.15
0,<40,1780020007,2026-05-29T10:00:07,0.15
0,<40,1780023606,2026-05-29T11:00:06,0.15
0,<40,1780027206,2026-05-29T12:00:06,0.22
0,<40,1780030806,2026-05-29T13:00:06,0.235
0,<40,1780034406,2026-05-29T14:00:06,0.245
0,<40,1780038007,2026-05-29T15:00:07,0.215
0,<40,1780041605,2026-05-29T16:00:05,0.225
0,<40,1780045205,2026-05-29T17:00:05,0.215
0,<40,1780048805,2026-05-29T18:00:05,0.215
0,<40,1780052405,2026-05-29T19:00:05,0.215
0,<40,1780059604,2026-05-29T21:00:04,0.205
0,<40,1780063204,2026-05-29T22:00:04,0.165
0,<40,1780066808,2026-05-29T23:00:08,0.165
0,<40,1780070405,2026-05-30T00:00:05,0.175
0,<40,1780074004,2026-05-30T01:00:04,0.17
0,<40,1780077607,2026-05-30T02:00:07,0.185
0,<40,1780081206,2026-05-30T03:00:06,0.175
0,<40,1780084804,2026-05-30T04:00:04,0.175
0,<40,1780088406,2026-05-30T05:00:06,0.175
0,<40,1780092005,2026-05-30T06:00:05,0.175
0,<40,1780095606,2026-05-30T07:00:06,0.185
0,<40,1780099221,2026-05-30T08:00:21,0.175
0,<40,1780102805,2026-05-30T09:00:05,0.165
0,<40,1780106405,2026-05-30T10:00:05,0.16
0,<40,1780110008,2026-05-30T11:00:08,0.17
0,<40,1780113605,2026-05-30T12:00:05,0.165
0,<40,1780117204,2026-05-30T13:00:04,0.165
0,<40,1780120806,2026-05-30T14:00:06,0.17
0,<40,1780124405,2026-05-30T15:00:05,0.165
0,<40,1780128007,2026-05-30T16:00:07,0.165
0,<40,1780131605,2026-05-30T17:00:05,0.165
0,<40,1780135207,2026-05-30T18:00:07,0.175
0,<40,1780138804,2026-05-30T19:00:04,0.175
0,<40,1780142418,2026-05-30T20:00:18,0.18
0,<40,1780146006,2026-05-30T21:00:06,0.175
0,<40,1780149606,2026-05-30T22:00:06,0.195
0,<40,1780153208,2026-05-30T23:00:08,0.195
0,<40,1780156804,2026-05-31T00:00:04,0.205
0,<40,1780160406,2026-05-31T01:00:06,0.245
0,<40,1780164006,2026-05-31T02:00:06,0.255
0,<40,1780167611,2026-05-31T03:00:11,0.275
0,<40,1780171207,2026-05-31T04:00:07,0.29
0,<40,1780174810,2026-05-31T05:00:10,0.305
0,<40,1780178404,2026-05-31T06:00:04,0.305
0,<40,1780182006,2026-05-31T07:00:06,0.305
0,<40,1780185610,2026-05-31T08:00:10,0.325
0,<40,1780189207,2026-05-31T09:00:07,0.395
0,<40,1780192805,2026-05-31T10:00:05,0.475
0,<40,1780196406,2026-05-31T11:00:06,0.41
0,<40,1780200008,2026-05-31T12:00:08,0.405
0,<40,1780203606,2026-05-31T13:00:06,0.385
0,<40,1780207207,2026-05-31T14:00:07,0.415
0,<40,1780210822,2026-05-31T15:00:22,0.365
0,<40,1780214405,2026-05-31T16:00:05,0.405
0,<40,1780218007,2026-05-31T17:00:07,0.415
0,<40,1780221605,2026-05-31T18:00:05,0.385
0,<40,1780225214,2026-05-31T19:00:14,0.39
0,<40,1780228809,2026-05-31T20:00:09,0.385
0,<40,1780232404,2026-05-31T21:00:04,0.325
0,<40,1780236007,2026-05-31T22:00:07,0.365
0,<40,1780239606,2026-05-31T23:00:06,0.435
0,<40,1780243207,2026-06-01T00:00:07,0.395
0,<40,1780246810,2026-06-01T01:00:10,0.585
0,<40,1780250419,2026-06-01T02:00:19,0.63
0,<40,1780254005,2026-06-01T03:00:05,0.635
0,<40,1780257606,2026-06-01T04:00:06,0.675
0,<40,1780261206,2026-06-01T05:00:06,0.735
0,<40,1780264804,2026-06-01T06:00:04,0.75
0,<40,1780268404,2026-06-01T07:00:04,0.705
0,<40,1780272006,2026-06-01T08:00:06,0.635
0,<40,1780275604,2026-06-01T09:00:04,0.745
0,<40,1780279204,2026-06-01T10:00:04,0.795
0,<40,1780282805,2026-06-01T11:00:05,0.775
0,<40,1780286404,2026-06-01T12:00:04,0.785
0,<40,1780290005,2026-06-01T13:00:05,0.335
0,<40,1780293606,2026-06-01T14:00:06,0.665
0,<40,1780297207,2026-06-01T15:00:07,0.795
0,<40,1780300805,2026-06-01T16:00:05,0.78
0,<40,1780304405,2026-06-01T17:00:05,0.795
0,<40,1780308004,2026-06-01T18:00:04,0.775
0,<40,1780311605,2026-06-01T19:00:05,0.75
0,<40,1780315207,2026-06-01T20:00:07,0.745
0,<40,1780318805,2026-06-01T21:00:05,0.835
0,<40,1780322406,2026-06-01T22:00:06,0.745
0,<40,1780326008,2026-06-01T23:00:08,0.78
0,<40,1780329608,2026-06-02T00:00:08,0.9995
0,<40,1780333213,2026-06-02T01:00:13,0.9995
0,<40,1780336807,2026-06-02T02:00:07,0.9995
1,40-64,1779994806,2026-05-29T03:00:06,0.31
1,40-64,1779998408,2026-05-29T04:00:08,0.415
1,40-64,1780002011,2026-05-29T05:00:11,0.46
1,40-64,1780005610,2026-05-29T06:00:10,0.435
1,40-64,1780009218,2026-05-29T07:00:18,0.435
1,40-64,1780012811,2026-05-29T08:00:11,0.435
1,40-64,1780016405,2026-05-29T09:00:05,0.49
1,40-64,1780020007,2026-05-29T10:00:07,0.495
1,40-64,1780023606,2026-05-29T11:00:06,0.495
1,40-64,1780027206,2026-05-29T12:00:06,0.495
1,40-64,1780030806,2026-05-29T13:00:06,0.49
1,40-64,1780034406,2026-05-29T14:00:06,0.5
1,40-64,1780038007,2026-05-29T15:00:07,0.5
1,40-64,1780041605,2026-05-29T16:00:05,0.5
1,40-64,1780045205,2026-05-29T17:00:05,0.5
1,40-64,1780048805,2026-05-29T18:00:05,0.53
1,40-64,1780052405,2026-05-29T19:00:05,0.515
1,40-64,1780059604,2026-05-29T21:00:04,0.565
1,40-64,1780063204,2026-05-29T22:00:04,0.54
1,40-64,1780066808,2026-05-29T23:00:08,0.535
1,40-64,1780070405,2026-05-30T00:00:05,0.535
1,40-64,1780074004,2026-05-30T01:00:04,0.535
1,40-64,1780077607,2026-05-30T02:00:07,0.55
1,40-64,1780081206,2026-05-30T03:00:06,0.55
1,40-64,1780084804,2026-05-30T04:00:04,0.555
1,40-64,1780088406,2026-05-30T05:00:06,0.555
1,40-64,1780092005,2026-05-30T06:00:05,0.545
1,40-64,1780095606,2026-05-30T07:00:06,0.53
1,40-64,1780099221,2026-05-30T08:00:21,0.54
1,40-64,1780102805,2026-05-30T09:00:05,0.575
1,40-64,1780106405,2026-05-30T10:00:05,0.565
1,40-64,1780110008,2026-05-30T11:00:08,0.59
1,40-64,1780113605,2026-05-30T12:00:05,0.595
1,40-64,1780117204,2026-05-30T13:00:04,0.585
1,40-64,1780120806,2026-05-30T14:00:06,0.585
1,40-64,1780124405,2026-05-30T15:00:05,0.585
1,40-64,1780128007,2026-05-30T16:00:07,0.585
1,40-64,1780131605,2026-05-30T17:00:05,0.59
1,40-64,1780135207,2026-05-30T18:00:07,0.59
1,40-64,1780138804,2026-05-30T19:00:04,0.585
1,40-64,1780142418,2026-05-30T20:00:18,0.59
1,40-64,1780146006,2026-05-30T21:00:06,0.59
1,40-64,1780149606,2026-05-30T22:00:06,0.59
1,40-64,1780153208,2026-05-30T23:00:08,0.585
1,40-64,1780156804,2026-05-31T00:00:04,0.575
1,40-64,1780160406,2026-05-31T01:00:06,0.555
1,40-64,1780164006,2026-05-31T02:00:06,0.535
1,40-64,1780167610,2026-05-31T03:00:10,0.555
1,40-64,1780171207,2026-05-31T04:00:07,0.555
1,40-64,1780174810,2026-05-31T05:00:10,0.605
1,40-64,1780178404,2026-05-31T06:00:04,0.605
1,40-64,1780182006,2026-05-31T07:00:06,0.605
1,40-64,1780185610,2026-05-31T08:00:10,0.605
1,40-64,1780189207,2026-05-31T09:00:07,0.555
1,40-64,1780192805,2026-05-31T10:00:05,0.485
1,40-64,1780196406,2026-05-31T11:00:06,0.525
1,40-64,1780200008,2026-05-31T12:00:08,0.515
1,40-64,1780203606,2026-05-31T13:00:06,0.525
1,40-64,1780207207,2026-05-31T14:00:07,0.535
1,40-64,1780210822,2026-05-31T15:00:22,0.545
1,40-64,1780214405,2026-05-31T16:00:05,0.545
1,40-64,1780218007,2026-05-31T17:00:07,0.545
1,40-64,1780221605,2026-05-31T18:00:05,0.565
1,40-64,1780225214,2026-05-31T19:00:14,0.565
1,40-64,1780228809,2026-05-31T20:00:09,0.575
1,40-64,1780232404,2026-05-31T21:00:04,0.635
1,40-64,1780236006,2026-05-31T22:00:06,0.615
1,40-64,1780239606,2026-05-31T23:00:06,0.545
1,40-64,1780243207,2026-06-01T00:00:07,0.57
1,40-64,1780246809,2026-06-01T01:00:09,0.395
1,40-64,1780250419,2026-06-01T02:00:19,0.355
1,40-64,1780254005,2026-06-01T03:00:05,0.345
1,40-64,1780257606,2026-06-01T04:00:06,0.3
1,40-64,1780261206,2026-06-01T05:00:06,0.255
1,40-64,1780264804,2026-06-01T06:00:04,0.23
1,40-64,1780268404,2026-06-01T07:00:04,0.285
1,40-64,1780272006,2026-06-01T08:00:06,0.345
1,40-64,1780275604,2026-06-01T09:00:04,0.255
1,40-64,1780279204,2026-06-01T10:00:04,0.195
1,40-64,1780282805,2026-06-01T11:00:05,0.215
1,40-64,1780286404,2026-06-01T12:00:04,0.225
1,40-64,1780290005,2026-06-01T13:00:05,0.635
1,40-64,1780293606,2026-06-01T14:00:06,0.335
1,40-64,1780297207,2026-06-01T15:00:07,0.195
1,40-64,1780300805,2026-06-01T16:00:05,0.205
1,40-64,1780304405,2026-06-01T17:00:05,0.205
1,40-64,1780308004,2026-06-01T18:00:04,0.195
1,40-64,1780311605,2026-06-01T19:00:05,0.225
1,40-64,1780315207,2026-06-01T20:00:07,0.25
1,40-64,1780318805,2026-06-01T21:00:05,0.175
1,40-64,1780322406,2026-06-01T22:00:06,0.255
1,40-64,1780326008,2026-06-01T23:00:08,0.235
1,40-64,1780329608,2026-06-02T00:00:08,0.0005
1,40-64,1780333213,2026-06-02T01:00:13,0.0005
1,40-64,1780336807,2026-06-02T02:00:07,0.0005
1,40-64,1780340405,2026-06-02T03:00:05,0.0005
2,65-89,1779994803,2026-05-29T03:00:03,0.115
2,65-89,1779998406,2026-05-29T04:00:06,0.29
2,65-89,1780002004,2026-05-29T05:00:04,0.265
2,65-89,1780005608,2026-05-29T06:00:08,0.195
2,65-89,1780009216,2026-05-29T07:00:16,0.195
2,65-89,1780012807,2026-05-29T08:00:07,0.195
2,65-89,1780016404,2026-05-29T09:00:04,0.19
2,65-89,1780020005,2026-05-29T10:00:05,0.215
2,65-89,1780023603,2026-05-29T11:00:03,0.215
2,65-89,1780027204,2026-05-29T12:00:04,0.21
2,65-89,1780030804,2026-05-29T13:00:04,0.21
2,65-89,1780034405,2026-05-29T14:00:05,0.185
2,65-89,1780038006,2026-05-29T15:00:06,0.185
2,65-89,1780041604,2026-05-29T16:00:04,0.195
2,65-89,1780045204,2026-05-29T17:00:04,0.195
2,65-89,1780048804,2026-05-29T18:00:04,0.195
2,65-89,1780052404,2026-05-29T19:00:04,0.195
2,65-89,1780059603,2026-05-29T21:00:03,0.19
2,65-89,1780063203,2026-05-29T22:00:03,0.19
2,65-89,1780066806,2026-05-29T23:00:06,0.205
2,65-89,1780070404,2026-05-30T00:00:04,0.225
2,65-89,1780074003,2026-05-30T01:00:03,0.22
2,65-89,1780077605,2026-05-30T02:00:05,0.225
2,65-89,1780081205,2026-05-30T03:00:05,0.215
2,65-89,1780084803,2026-05-30T04:00:03,0.215
2,65-89,1780088404,2026-05-30T05:00:04,0.225
2,65-89,1780092003,2026-05-30T06:00:03,0.225
2,65-89,1780095605,2026-05-30T07:00:05,0.225
2,65-89,1780099218,2026-05-30T08:00:18,0.23
2,65-89,1780102803,2026-05-30T09:00:03,0.21
2,65-89,1780106404,2026-05-30T10:00:04,0.21
2,65-89,1780110005,2026-05-30T11:00:05,0.19
2,65-89,1780113603,2026-05-30T12:00:03,0.2
2,65-89,1780117204,2026-05-30T13:00:04,0.215
2,65-89,1780120804,2026-05-30T14:00:04,0.205
2,65-89,1780124404,2026-05-30T15:00:04,0.2
2,65-89,1780128006,2026-05-30T16:00:06,0.21
2,65-89,1780131603,2026-05-30T17:00:03,0.21
2,65-89,1780135206,2026-05-30T18:00:06,0.205
2,65-89,1780138803,2026-05-30T19:00:03,0.185
2,65-89,1780142415,2026-05-30T20:00:15,0.195
2,65-89,1780146005,2026-05-30T21:00:05,0.2
2,65-89,1780149605,2026-05-30T22:00:05,0.185
2,65-89,1780153206,2026-05-30T23:00:06,0.185
2,65-89,1780156803,2026-05-31T00:00:03,0.175
2,65-89,1780160404,2026-05-31T01:00:04,0.205
2,65-89,1780164004,2026-05-31T02:00:04,0.205
2,65-89,1780167608,2026-05-31T03:00:08,0.165
2,65-89,1780171205,2026-05-31T04:00:05,0.105
2,65-89,1780174808,2026-05-31T05:00:08,0.095
2,65-89,1780178403,2026-05-31T06:00:03,0.085
2,65-89,1780182004,2026-05-31T07:00:04,0.075
2,65-89,1780185607,2026-05-31T08:00:07,0.085
2,65-89,1780189206,2026-05-31T09:00:06,0.065
2,65-89,1780192804,2026-05-31T10:00:04,0.065
2,65-89,1780196403,2026-05-31T11:00:03,0.075
2,65-89,1780200006,2026-05-31T12:00:06,0.065
2,65-89,1780203605,2026-05-31T13:00:05,0.065
2,65-89,1780207204,2026-05-31T14:00:04,0.075
2,65-89,1780210819,2026-05-31T15:00:19,0.055
2,65-89,1780214404,2026-05-31T16:00:04,0.055
2,65-89,1780218003,2026-05-31T17:00:03,0.055
2,65-89,1780221604,2026-05-31T18:00:04,0.055
2,65-89,1780225214,2026-05-31T19:00:14,0.055
2,65-89,1780228806,2026-05-31T20:00:06,0.045
2,65-89,1780232403,2026-05-31T21:00:03,0.035
2,65-89,1780236006,2026-05-31T22:00:06,0.034
2,65-89,1780239603,2026-05-31T23:00:03,0.0305
2,65-89,1780243206,2026-06-01T00:00:06,0.0365
2,65-89,1780246805,2026-06-01T01:00:05,0.021
2,65-89,1780250417,2026-06-01T02:00:17,0.025
2,65-89,1780254004,2026-06-01T03:00:04,0.0205
2,65-89,1780257604,2026-06-01T04:00:04,0.0185
2,65-89,1780261204,2026-06-01T05:00:04,0.016
2,65-89,1780264803,2026-06-01T06:00:03,0.0155
2,65-89,1780268403,2026-06-01T07:00:03,0.015
2,65-89,1780272003,2026-06-01T08:00:03,0.0125
2,65-89,1780275603,2026-06-01T09:00:03,0.0105
2,65-89,1780279203,2026-06-01T10:00:03,0.007
2,65-89,1780282803,2026-06-01T11:00:03,0.0055
2,65-89,1780286403,2026-06-01T12:00:03,0.0035
2,65-89,1780290004,2026-06-01T13:00:04,0.0175
2,65-89,1780293604,2026-06-01T14:00:04,0.0065
2,65-89,1780297204,2026-06-01T15:00:04,0.01
2,65-89,1780300804,2026-06-01T16:00:04,0.0075
2,65-89,1780304404,2026-06-01T17:00:04,0.009
2,65-89,1780308003,2026-06-01T18:00:03,0.0065
2,65-89,1780311604,2026-06-01T19:00:04,0.0035
2,65-89,1780315204,2026-06-01T20:00:04,0.0035
2,65-89,1780318804,2026-06-01T21:00:04,0.002
2,65-89,1780322405,2026-06-01T22:00:05,0.0005
2,65-89,1780326006,2026-06-01T23:00:06,0.0005
2,65-89,1780329608,2026-06-02T00:00:08,0.0005
2,65-89,1780333206,2026-06-02T01:00:06,0.0005
2,65-89,1780336805,2026-06-02T02:00:05,0.0005
2,65-89,1780340404,2026-06-02T03:00:04,0.0005
3,90-114,1779994808,2026-05-29T03:00:08,0.0445
3,90-114,1779998410,2026-05-29T04:00:10,0.048
3,90-114,1780002015,2026-05-29T05:00:15,0.0495
3,90-114,1780005611,2026-05-29T06:00:11,0.0495
3,90-114,1780009219,2026-05-29T07:00:19,0.0495
3,90-114,1780012814,2026-05-29T08:00:14,0.0495
3,90-114,1780016406,2026-05-29T09:00:06,0.0495
3,90-114,1780020008,2026-05-29T10:00:08,0.0495
3,90-114,1780023608,2026-05-29T11:00:08,0.045
3,90-114,1780027207,2026-05-29T12:00:07,0.045
3,90-114,1780030807,2026-05-29T13:00:07,0.041
3,90-114,1780034408,2026-05-29T14:00:08,0.036
3,90-114,1780038007,2026-05-29T15:00:07,0.0365
3,90-114,1780041606,2026-05-29T16:00:06,0.0365
3,90-114,1780045206,2026-05-29T17:00:06,0.045
3,90-114,1780048806,2026-05-29T18:00:06,0.0455
3,90-114,1780052406,2026-05-29T19:00:06,0.049
3,90-114,1780059604,2026-05-29T21:00:04,0.0465
3,90-114,1780063205,2026-05-29T22:00:05,0.045
3,90-114,1780066809,2026-05-29T23:00:09,0.0495
3,90-114,1780070406,2026-05-30T00:00:06,0.0495
3,90-114,1780074005,2026-05-30T01:00:05,0.046
3,90-114,1780077608,2026-05-30T02:00:08,0.046
3,90-114,1780081207,2026-05-30T03:00:07,0.0455
3,90-114,1780084805,2026-05-30T04:00:05,0.048
3,90-114,1780088407,2026-05-30T05:00:07,0.0465
3,90-114,1780092006,2026-05-30T06:00:06,0.0455
3,90-114,1780095607,2026-05-30T07:00:07,0.0475
3,90-114,1780099222,2026-05-30T08:00:22,0.0455
3,90-114,1780102806,2026-05-30T09:00:06,0.0455
3,90-114,1780106407,2026-05-30T10:00:07,0.0455
3,90-114,1780110010,2026-05-30T11:00:10,0.0315
3,90-114,1780113606,2026-05-30T12:00:06,0.034
3,90-114,1780117205,2026-05-30T13:00:05,0.034
3,90-114,1780120807,2026-05-30T14:00:07,0.0345
3,90-114,1780124407,2026-05-30T15:00:07,0.031
3,90-114,1780128008,2026-05-30T16:00:08,0.03
3,90-114,1780131607,2026-05-30T17:00:07,0.03
3,90-114,1780135208,2026-05-30T18:00:08,0.028
3,90-114,1780138804,2026-05-30T19:00:04,0.0275
3,90-114,1780142420,2026-05-30T20:00:20,0.028
3,90-114,1780146007,2026-05-30T21:00:07,0.0275
3,90-114,1780149607,2026-05-30T22:00:07,0.0215
3,90-114,1780153210,2026-05-30T23:00:10,0.0235
3,90-114,1780156805,2026-05-31T00:00:05,0.025
3,90-114,1780160409,2026-05-31T01:00:09,0.0175
3,90-114,1780164008,2026-05-31T02:00:08,0.0185
3,90-114,1780167612,2026-05-31T03:00:12,0.0125
3,90-114,1780171208,2026-05-31T04:00:08,0.019
3,90-114,1780174812,2026-05-31T05:00:12,0.0185
3,90-114,1780178405,2026-05-31T06:00:05,0.0175
3,90-114,1780182007,2026-05-31T07:00:07,0.0175
3,90-114,1780185612,2026-05-31T08:00:12,0.0105
3,90-114,1780189207,2026-05-31T09:00:07,0.0075
3,90-114,1780192806,2026-05-31T10:00:06,0.0065
3,90-114,1780196407,2026-05-31T11:00:07,0.007
3,90-114,1780200011,2026-05-31T12:00:11,0.0085
3,90-114,1780203607,2026-05-31T13:00:07,0.0085
3,90-114,1780207209,2026-05-31T14:00:09,0.0065
3,90-114,1780210825,2026-05-31T15:00:25,0.009
3,90-114,1780214406,2026-05-31T16:00:06,0.007
3,90-114,1780218009,2026-05-31T17:00:09,0.0055
3,90-114,1780221606,2026-05-31T18:00:06,0.007
3,90-114,1780225215,2026-05-31T19:00:15,0.0105
3,90-114,1780228811,2026-05-31T20:00:11,0.0075
3,90-114,1780232405,2026-05-31T21:00:05,0.005
3,90-114,1780236007,2026-05-31T22:00:07,0.006
3,90-114,1780239607,2026-05-31T23:00:07,0.0035
3,90-114,1780243208,2026-06-01T00:00:08,0.0035
3,90-114,1780246813,2026-06-01T01:00:13,0.0025
3,90-114,1780250421,2026-06-01T02:00:21,0.0025
3,90-114,1780254005,2026-06-01T03:00:05,0.0025
3,90-114,1780257608,2026-06-01T04:00:08,0.0025
3,90-114,1780261207,2026-06-01T05:00:07,0.0025
3,90-114,1780264805,2026-06-01T06:00:05,0.0015
3,90-114,1780268404,2026-06-01T07:00:04,0.0015
3,90-114,1780272007,2026-06-01T08:00:07,0.0015
3,90-114,1780275604,2026-06-01T09:00:04,0.0015
3,90-114,1780279204,2026-06-01T10:00:04,0.0005
3,90-114,1780282806,2026-06-01T11:00:06,0.0005
3,90-114,1780286405,2026-06-01T12:00:05,0.0005
3,90-114,1780290005,2026-06-01T13:00:05,0.0005
3,90-114,1780293608,2026-06-01T14:00:08,0.0005
3,90-114,1780297209,2026-06-01T15:00:09,0.0005
3,90-114,1780300806,2026-06-01T16:00:06,0.0005
3,90-114,1780304407,2026-06-01T17:00:07,0.0005
3,90-114,1780308004,2026-06-01T18:00:04,0.0005
3,90-114,1780311606,2026-06-01T19:00:06,0.0005
3,90-114,1780315209,2026-06-01T20:00:09,0.0005
3,90-114,1780318806,2026-06-01T21:00:06,0.0005
3,90-114,1780322407,2026-06-01T22:00:07,0.0005
3,90-114,1780326010,2026-06-01T23:00:10,0.0005
3,90-114,1780329609,2026-06-02T00:00:09,0.0005
3,90-114,1780333216,2026-06-02T01:00:16,0.0005
3,90-114,1780336808,2026-06-02T02:00:08,0.0005
3,90-114,1780340406,2026-06-02T03:00:06,0.0005
4,115-139,1779994808,2026-05-29T03:00:08,0.0375
4,115-139,1779998410,2026-05-29T04:00:10,0.0375
4,115-139,1780002015,2026-05-29T05:00:15,0.038
4,115-139,1780005611,2026-05-29T06:00:11,0.038
4,115-139,1780009219,2026-05-29T07:00:19,0.029
4,115-139,1780012814,2026-05-29T08:00:14,0.0355
4,115-139,1780016406,2026-05-29T09:00:06,0.0355
4,115-139,1780020008,2026-05-29T10:00:08,0.036
4,115-139,1780023608,2026-05-29T11:00:08,0.036
4,115-139,1780027207,2026-05-29T12:00:07,0.036
4,115-139,1780030807,2026-05-29T13:00:07,0.0285
4,115-139,1780034408,2026-05-29T14:00:08,0.0275
4,115-139,1780038007,2026-05-29T15:00:07,0.0275
4,115-139,1780041606,2026-05-29T16:00:06,0.0275
4,115-139,1780045206,2026-05-29T17:00:06,0.0275
4,115-139,1780048806,2026-05-29T18:00:06,0.0275
4,115-139,1780052406,2026-05-29T19:00:06,0.0275
4,115-139,1780059604,2026-05-29T21:00:04,0.0275
4,115-139,1780063205,2026-05-29T22:00:05,0.0275
4,115-139,1780066809,2026-05-29T23:00:09,0.023
4,115-139,1780070406,2026-05-30T00:00:06,0.0225
4,115-139,1780074005,2026-05-30T01:00:05,0.0195
4,115-139,1780077608,2026-05-30T02:00:08,0.021
4,115-139,1780081207,2026-05-30T03:00:07,0.0205
4,115-139,1780084805,2026-05-30T04:00:05,0.02
4,115-139,1780088407,2026-05-30T05:00:07,0.0185
4,115-139,1780092006,2026-05-30T06:00:06,0.0185
4,115-139,1780095607,2026-05-30T07:00:07,0.0185
4,115-139,1780099222,2026-05-30T08:00:22,0.0185
4,115-139,1780102806,2026-05-30T09:00:06,0.0185
4,115-139,1780106406,2026-05-30T10:00:06,0.0185
4,115-139,1780110010,2026-05-30T11:00:10,0.0185
4,115-139,1780113606,2026-05-30T12:00:06,0.0185
4,115-139,1780117205,2026-05-30T13:00:05,0.02
4,115-139,1780120807,2026-05-30T14:00:07,0.02
4,115-139,1780124407,2026-05-30T15:00:07,0.019
4,115-139,1780128007,2026-05-30T16:00:07,0.0185
4,115-139,1780131607,2026-05-30T17:00:07,0.0185
4,115-139,1780135208,2026-05-30T18:00:08,0.0185
4,115-139,1780138804,2026-05-30T19:00:04,0.0185
4,115-139,1780142419,2026-05-30T20:00:19,0.0185
4,115-139,1780146007,2026-05-30T21:00:07,0.0185
4,115-139,1780149607,2026-05-30T22:00:07,0.0185
4,115-139,1780153210,2026-05-30T23:00:10,0.0185
4,115-139,1780156805,2026-05-31T00:00:05,0.011
4,115-139,1780160409,2026-05-31T01:00:09,0.0035
4,115-139,1780164008,2026-05-31T02:00:08,0.008
4,115-139,1780167612,2026-05-31T03:00:12,0.0035
4,115-139,1780171208,2026-05-31T04:00:08,0.0035
4,115-139,1780174812,2026-05-31T05:00:12,0.0025
4,115-139,1780178405,2026-05-31T06:00:05,0.0065
4,115-139,1780182007,2026-05-31T07:00:07,0.0255
4,115-139,1780185612,2026-05-31T08:00:12,0.01
4,115-139,1780189207,2026-05-31T09:00:07,0.0025
4,115-139,1780192806,2026-05-31T10:00:06,0.0025
4,115-139,1780196407,2026-05-31T11:00:07,0.0025
4,115-139,1780200011,2026-05-31T12:00:11,0.0025
4,115-139,1780203607,2026-05-31T13:00:07,0.0025
4,115-139,1780207209,2026-05-31T14:00:09,0.0025
4,115-139,1780210825,2026-05-31T15:00:25,0.0015
4,115-139,1780214406,2026-05-31T16:00:06,0.0015
4,115-139,1780218009,2026-05-31T17:00:09,0.0015
4,115-139,1780221606,2026-05-31T18:00:06,0.0015
4,115-139,1780225215,2026-05-31T19:00:15,0.0015
4,115-139,1780228811,2026-05-31T20:00:11,0.0015
4,115-139,1780232405,2026-05-31T21:00:05,0.0015
4,115-139,1780236007,2026-05-31T22:00:07,0.0015
4,115-139,1780239607,2026-05-31T23:00:07,0.0005
4,115-139,1780243208,2026-06-01T00:00:08,0.0005
4,115-139,1780246813,2026-06-01T01:00:13,0.0005
4,115-139,1780250421,2026-06-01T02:00:21,0.0005
4,115-139,1780254005,2026-06-01T03:00:05,0.0005
4,115-139,1780257608,2026-06-01T04:00:08,0.0005
4,115-139,1780261207,2026-06-01T05:00:07,0.0005
4,115-139,1780264805,2026-06-01T06:00:05,0.0005
4,115-139,1780268404,2026-06-01T07:00:04,0.0005
4,115-139,1780272007,2026-06-01T08:00:07,0.0005
4,115-139,1780275604,2026-06-01T09:00:04,0.0005
4,115-139,1780279204,2026-06-01T10:00:04,0.0005
4,115-139,1780282806,2026-06-01T11:00:06,0.0005
4,115-139,1780286405,2026-06-01T12:00:05,0.0005
4,115-139,1780290005,2026-06-01T13:00:05,0.0005
4,115-139,1780293608,2026-06-01T14:00:08,0.0005
4,115-139,1780297209,2026-06-01T15:00:09,0.0005
4,115-139,1780300806,2026-06-01T16:00:06,0.0005
4,115-139,1780304407,2026-06-01T17:00:07,0.0005
4,115-139,1780308004,2026-06-01T18:00:04,0.0005
4,115-139,1780311606,2026-06-01T19:00:06,0.0005
4,115-139,1780315208,2026-06-01T20:00:08,0.0005
4,115-139,1780318806,2026-06-01T21:00:06,0.0005
4,115-139,1780322406,2026-06-01T22:00:06,0.0005
4,115-139,1780326010,2026-06-01T23:00:10,0.0005
4,115-139,1780329609,2026-06-02T00:00:09,0.0005
4,115-139,1780333214,2026-06-02T01:00:14,0.0005
4,115-139,1780336808,2026-06-02T02:00:08,0.0005
4,115-139,1780340406,2026-06-02T03:00:06,0.0005
5,140-164,1779994809,2026-05-29T03:00:09,0.025
5,140-164,1779998411,2026-05-29T04:00:11,0.0295
5,140-164,1780002018,2026-05-29T05:00:18,0.0295
5,140-164,1780005612,2026-05-29T06:00:12,0.0265
5,140-164,1780009220,2026-05-29T07:00:20,0.015
5,140-164,1780012817,2026-05-29T08:00:17,0.0155
5,140-164,1780016406,2026-05-29T09:00:06,0.018
5,140-164,1780020009,2026-05-29T10:00:09,0.0095
5,140-164,1780023610,2026-05-29T11:00:10,0.0095
5,140-164,1780027207,2026-05-29T12:00:07,0.0095
5,140-164,1780030808,2026-05-29T13:00:08,0.0065
5,140-164,1780034409,2026-05-29T14:00:09,0.007
5,140-164,1780038008,2026-05-29T15:00:08,0.0065
5,140-164,1780041606,2026-05-29T16:00:06,0.0065
5,140-164,1780045207,2026-05-29T17:00:07,0.0065
5,140-164,1780048806,2026-05-29T18:00:06,0.0065
5,140-164,1780052406,2026-05-29T19:00:06,0.0065
5,140-164,1780059605,2026-05-29T21:00:05,0.0065
5,140-164,1780063205,2026-05-29T22:00:05,0.009
5,140-164,1780066810,2026-05-29T23:00:10,0.0095
5,140-164,1780070406,2026-05-30T00:00:06,0.009
5,140-164,1780074005,2026-05-30T01:00:05,0.008
5,140-164,1780077609,2026-05-30T02:00:09,0.0075
5,140-164,1780081208,2026-05-30T03:00:08,0.0055
5,140-164,1780084805,2026-05-30T04:00:05,0.0055
5,140-164,1780088408,2026-05-30T05:00:08,0.0055
5,140-164,1780092006,2026-05-30T06:00:06,0.0055
5,140-164,1780095607,2026-05-30T07:00:07,0.0055
5,140-164,1780099223,2026-05-30T08:00:23,0.0055
5,140-164,1780102806,2026-05-30T09:00:06,0.0055
5,140-164,1780106407,2026-05-30T10:00:07,0.0055
5,140-164,1780110011,2026-05-30T11:00:11,0.0055
5,140-164,1780113607,2026-05-30T12:00:07,0.0055
5,140-164,1780117205,2026-05-30T13:00:05,0.0055
5,140-164,1780120808,2026-05-30T14:00:08,0.0055
5,140-164,1780124408,2026-05-30T15:00:08,0.0055
5,140-164,1780128008,2026-05-30T16:00:08,0.0055
5,140-164,1780131608,2026-05-30T17:00:08,0.0055
5,140-164,1780135208,2026-05-30T18:00:08,0.0055
5,140-164,1780138805,2026-05-30T19:00:05,0.006
5,140-164,1780142421,2026-05-30T20:00:21,0.006
5,140-164,1780146007,2026-05-30T21:00:07,0.006
5,140-164,1780149608,2026-05-30T22:00:08,0.0055
5,140-164,1780153211,2026-05-30T23:00:11,0.0055
5,140-164,1780156806,2026-05-31T00:00:06,0.0055
5,140-164,1780160409,2026-05-31T01:00:09,0.0015
5,140-164,1780164009,2026-05-31T02:00:09,0.0015
5,140-164,1780167614,2026-05-31T03:00:14,0.0015
5,140-164,1780171208,2026-05-31T04:00:08,0.0015
5,140-164,1780174813,2026-05-31T05:00:13,0.0015
5,140-164,1780178406,2026-05-31T06:00:06,0.0015
5,140-164,1780182008,2026-05-31T07:00:08,0.0015
5,140-164,1780185613,2026-05-31T08:00:13,0.0015
5,140-164,1780189207,2026-05-31T09:00:07,0.0015
5,140-164,1780192806,2026-05-31T10:00:06,0.0005
5,140-164,1780196409,2026-05-31T11:00:09,0.0005
5,140-164,1780200014,2026-05-31T12:00:14,0.0005
5,140-164,1780203607,2026-05-31T13:00:07,0.0005
5,140-164,1780207211,2026-05-31T14:00:11,0.0005
5,140-164,1780210827,2026-05-31T15:00:27,0.0005
5,140-164,1780214406,2026-05-31T16:00:06,0.0005
5,140-164,1780218011,2026-05-31T17:00:11,0.0005
5,140-164,1780221607,2026-05-31T18:00:07,0.0005
5,140-164,1780225216,2026-05-31T19:00:16,0.0005
5,140-164,1780228812,2026-05-31T20:00:12,0.0005
5,140-164,1780232405,2026-05-31T21:00:05,0.0005
5,140-164,1780236008,2026-05-31T22:00:08,0.0005
5,140-164,1780239608,2026-05-31T23:00:08,0.0005
5,140-164,1780243209,2026-06-01T00:00:09,0.0005
5,140-164,1780246813,2026-06-01T01:00:13,0.0005
5,140-164,1780250422,2026-06-01T02:00:22,0.0005
5,140-164,1780254006,2026-06-01T03:00:06,0.0005
5,140-164,1780257608,2026-06-01T04:00:08,0.0005
5,140-164,1780261208,2026-06-01T05:00:08,0.0005
5,140-164,1780264806,2026-06-01T06:00:06,0.0005
5,140-164,1780268405,2026-06-01T07:00:05,0.0005
5,140-164,1780272009,2026-06-01T08:00:09,0.0005
5,140-164,1780275605,2026-06-01T09:00:05,0.0005
5,140-164,1780279205,2026-06-01T10:00:05,0.0005
5,140-164,1780282807,2026-06-01T11:00:07,0.0005
5,140-164,1780286406,2026-06-01T12:00:06,0.0005
5,140-164,1780290006,2026-06-01T13:00:06,0.0005
5,140-164,1780293608,2026-06-01T14:00:08,0.0005
5,140-164,1780297210,2026-06-01T15:00:10,0.0005
5,140-164,1780300806,2026-06-01T16:00:06,0.0005
5,140-164,1780304407,2026-06-01T17:00:07,0.0005
5,140-164,1780308005,2026-06-01T18:00:05,0.0005
5,140-164,1780311606,2026-06-01T19:00:06,0.0005
5,140-164,1780315209,2026-06-01T20:00:09,0.0005
5,140-164,1780318806,2026-06-01T21:00:06,0.0005
5,140-164,1780322407,2026-06-01T22:00:07,0.0005
5,140-164,1780326011,2026-06-01T23:00:11,0.0005
5,140-164,1780329609,2026-06-02T00:00:09,0.0005
5,140-164,1780333219,2026-06-02T01:00:19,0.0005
5,140-164,1780336808,2026-06-02T02:00:08,0.0005
5,140-164,1780340406,2026-06-02T03:00:06,0.0005
6,165-189,1779994808,2026-05-29T03:00:08,0.045
6,165-189,1779998410,2026-05-29T04:00:10,0.029
6,165-189,1780002016,2026-05-29T05:00:16,0.0235
6,165-189,1780005611,2026-05-29T06:00:11,0.025
6,165-189,1780009219,2026-05-29T07:00:19,0.01
6,165-189,1780012814,2026-05-29T08:00:14,0.0075
6,165-189,1780016406,2026-05-29T09:00:06,0.0045
6,165-189,1780020008,2026-05-29T10:00:08,0.0045
6,165-189,1780023608,2026-05-29T11:00:08,0.0045
6,165-189,1780027207,2026-05-29T12:00:07,0.0045
6,165-189,1780030807,2026-05-29T13:00:07,0.0025
6,165-189,1780034408,2026-05-29T14:00:08,0.0025
6,165-189,1780038007,2026-05-29T15:00:07,0.0025
6,165-189,1780041606,2026-05-29T16:00:06,0.0025
6,165-189,1780045206,2026-05-29T17:00:06,0.0025
6,165-189,1780048806,2026-05-29T18:00:06,0.003
6,165-189,1780052406,2026-05-29T19:00:06,0.0035
6,165-189,1780059604,2026-05-29T21:00:04,0.0035
6,165-189,1780063205,2026-05-29T22:00:05,0.0035
6,165-189,1780066809,2026-05-29T23:00:09,0.0035
6,165-189,1780070406,2026-05-30T00:00:06,0.0035
6,165-189,1780074005,2026-05-30T01:00:05,0.0025
6,165-189,1780077608,2026-05-30T02:00:08,0.003
6,165-189,1780081207,2026-05-30T03:00:07,0.0025
6,165-189,1780084805,2026-05-30T04:00:05,0.0025
6,165-189,1780088407,2026-05-30T05:00:07,0.0025
6,165-189,1780092006,2026-05-30T06:00:06,0.0025
6,165-189,1780095607,2026-05-30T07:00:07,0.0025
6,165-189,1780099222,2026-05-30T08:00:22,0.0025
6,165-189,1780102806,2026-05-30T09:00:06,0.0025
6,165-189,1780106407,2026-05-30T10:00:07,0.0025
6,165-189,1780110010,2026-05-30T11:00:10,0.0025
6,165-189,1780113606,2026-05-30T12:00:06,0.0025
6,165-189,1780117205,2026-05-30T13:00:05,0.0025
6,165-189,1780120807,2026-05-30T14:00:07,0.0025
6,165-189,1780124407,2026-05-30T15:00:07,0.0025
6,165-189,1780128008,2026-05-30T16:00:08,0.0025
6,165-189,1780131607,2026-05-30T17:00:07,0.0015
6,165-189,1780135208,2026-05-30T18:00:08,0.0015
6,165-189,1780138804,2026-05-30T19:00:04,0.0015
6,165-189,1780142420,2026-05-30T20:00:20,0.0015
6,165-189,1780146007,2026-05-30T21:00:07,0.0015
6,165-189,1780149607,2026-05-30T22:00:07,0.0015
6,165-189,1780153210,2026-05-30T23:00:10,0.0015
6,165-189,1780156805,2026-05-31T00:00:05,0.036
6,165-189,1780160409,2026-05-31T01:00:09,0.0005
6,165-189,1780164008,2026-05-31T02:00:08,0.0005
6,165-189,1780167612,2026-05-31T03:00:12,0.0005
6,165-189,1780171208,2026-05-31T04:00:08,0.0005
6,165-189,1780174812,2026-05-31T05:00:12,0.0005
6,165-189,1780178405,2026-05-31T06:00:05,0.0005
6,165-189,1780182007,2026-05-31T07:00:07,0.0005
6,165-189,1780185612,2026-05-31T08:00:12,0.0005
6,165-189,1780189207,2026-05-31T09:00:07,0.0005
6,165-189,1780192806,2026-05-31T10:00:06,0.0005
6,165-189,1780196407,2026-05-31T11:00:07,0.0005
6,165-189,1780200011,2026-05-31T12:00:11,0.0005
6,165-189,1780203607,2026-05-31T13:00:07,0.0005
6,165-189,1780207209,2026-05-31T14:00:09,0.0005
6,165-189,1780210825,2026-05-31T15:00:25,0.0005
6,165-189,1780214406,2026-05-31T16:00:06,0.0005
6,165-189,1780218009,2026-05-31T17:00:09,0.0005
6,165-189,1780221606,2026-05-31T18:00:06,0.0005
6,165-189,1780225215,2026-05-31T19:00:15,0.0005
6,165-189,1780228811,2026-05-31T20:00:11,0.0005
6,165-189,1780232405,2026-05-31T21:00:05,0.0005
6,165-189,1780236007,2026-05-31T22:00:07,0.0005
6,165-189,1780239607,2026-05-31T23:00:07,0.0005
6,165-189,1780243208,2026-06-01T00:00:08,0.0005
6,165-189,1780246813,2026-06-01T01:00:13,0.0005
6,165-189,1780250421,2026-06-01T02:00:21,0.0005
6,165-189,1780254005,2026-06-01T03:00:05,0.0005
6,165-189,1780257608,2026-06-01T04:00:08,0.0005
6,165-189,1780261207,2026-06-01T05:00:07,0.0005
6,165-189,1780264805,2026-06-01T06:00:05,0.0005
6,165-189,1780268404,2026-06-01T07:00:04,0.0005
6,165-189,1780272007,2026-06-01T08:00:07,0.0005
6,165-189,1780275604,2026-06-01T09:00:04,0.0005
6,165-189,1780279204,2026-06-01T10:00:04,0.0005
6,165-189,1780282806,2026-06-01T11:00:06,0.0005
6,165-189,1780286405,2026-06-01T12:00:05,0.0005
6,165-189,1780290005,2026-06-01T13:00:05,0.0005
6,165-189,1780293608,2026-06-01T14:00:08,0.0005
6,165-189,1780297209,2026-06-01T15:00:09,0.0005
6,165-189,1780300806,2026-06-01T16:00:06,0.0005
6,165-189,1780304407,2026-06-01T17:00:07,0.0005
6,165-189,1780308004,2026-06-01T18:00:04,0.0005
6,165-189,1780311606,2026-06-01T19:00:06,0.0005
6,165-189,1780315209,2026-06-01T20:00:09,0.0005
6,165-189,1780318806,2026-06-01T21:00:06,0.0005
6,165-189,1780322407,2026-06-01T22:00:07,0.0005
6,165-189,1780326010,2026-06-01T23:00:10,0.0005
6,165-189,1780329609,2026-06-02T00:00:09,0.0005
6,165-189,1780333219,2026-06-02T01:00:19,0.0005
6,165-189,1780336808,2026-06-02T02:00:08,0.0005
6,165-189,1780340406,2026-06-02T03:00:06,0.0005
7,190-214,1779994809,2026-05-29T03:00:09,0.01
7,190-214,1779998411,2026-05-29T04:00:11,0.0105
7,190-214,1780002016,2026-05-29T05:00:16,0.021
7,190-214,1780005611,2026-05-29T06:00:11,0.004
7,190-214,1780009220,2026-05-29T07:00:20,0.007
7,190-214,1780012817,2026-05-29T08:00:17,0.007
7,190-214,1780016406,2026-05-29T09:00:06,0.004
7,190-214,1780020009,2026-05-29T10:00:09,0.004
7,190-214,1780023610,2026-05-29T11:00:10,0.004
7,190-214,1780027207,2026-05-29T12:00:07,0.004
7,190-214,1780030808,2026-05-29T13:00:08,0.0035
7,190-214,1780034409,2026-05-29T14:00:09,0.0035
7,190-214,1780038008,2026-05-29T15:00:08,0.003
7,190-214,1780041606,2026-05-29T16:00:06,0.003
7,190-214,1780045207,2026-05-29T17:00:07,0.003
7,190-214,1780048806,2026-05-29T18:00:06,0.0035
7,190-214,1780052406,2026-05-29T19:00:06,0.0035
7,190-214,1780059604,2026-05-29T21:00:04,0.0035
7,190-214,1780063205,2026-05-29T22:00:05,0.003
7,190-214,1780066809,2026-05-29T23:00:09,0.0015
7,190-214,1780070406,2026-05-30T00:00:06,0.0015
7,190-214,1780074005,2026-05-30T01:00:05,0.0015
7,190-214,1780077608,2026-05-30T02:00:08,0.0015
7,190-214,1780081207,2026-05-30T03:00:07,0.0015
7,190-214,1780084805,2026-05-30T04:00:05,0.0015
7,190-214,1780088407,2026-05-30T05:00:07,0.0015
7,190-214,1780092006,2026-05-30T06:00:06,0.0015
7,190-214,1780095607,2026-05-30T07:00:07,0.0015
7,190-214,1780099223,2026-05-30T08:00:23,0.0015
7,190-214,1780102806,2026-05-30T09:00:06,0.0015
7,190-214,1780106407,2026-05-30T10:00:07,0.0015
7,190-214,1780110010,2026-05-30T11:00:10,0.0015
7,190-214,1780113606,2026-05-30T12:00:06,0.0015
7,190-214,1780117205,2026-05-30T13:00:05,0.0015
7,190-214,1780120807,2026-05-30T14:00:07,0.0015
7,190-214,1780124407,2026-05-30T15:00:07,0.0015
7,190-214,1780128008,2026-05-30T16:00:08,0.0015
7,190-214,1780131607,2026-05-30T17:00:07,0.0015
7,190-214,1780135208,2026-05-30T18:00:08,0.0005
7,190-214,1780138805,2026-05-30T19:00:05,0.0005
7,190-214,1780142420,2026-05-30T20:00:20,0.0005
7,190-214,1780146007,2026-05-30T21:00:07,0.0005
7,190-214,1780149607,2026-05-30T22:00:07,0.0005
7,190-214,1780153210,2026-05-30T23:00:10,0.0005
7,190-214,1780156805,2026-05-31T00:00:05,0.036
7,190-214,1780160409,2026-05-31T01:00:09,0.0005
7,190-214,1780164008,2026-05-31T02:00:08,0.0005
7,190-214,1780167613,2026-05-31T03:00:13,0.0005
7,190-214,1780171208,2026-05-31T04:00:08,0.0005
7,190-214,1780174812,2026-05-31T05:00:12,0.0005
7,190-214,1780178405,2026-05-31T06:00:05,0.0005
7,190-214,1780182007,2026-05-31T07:00:07,0.0005
7,190-214,1780185612,2026-05-31T08:00:12,0.0005
7,190-214,1780189207,2026-05-31T09:00:07,0.0005
7,190-214,1780192806,2026-05-31T10:00:06,0.0005
7,190-214,1780196407,2026-05-31T11:00:07,0.0005
7,190-214,1780200012,2026-05-31T12:00:12,0.0005
7,190-214,1780203607,2026-05-31T13:00:07,0.0005
7,190-214,1780207209,2026-05-31T14:00:09,0.0005
7,190-214,1780210825,2026-05-31T15:00:25,0.0005
7,190-214,1780214406,2026-05-31T16:00:06,0.0005
7,190-214,1780218010,2026-05-31T17:00:10,0.0005
7,190-214,1780221606,2026-05-31T18:00:06,0.0005
7,190-214,1780225215,2026-05-31T19:00:15,0.0005
7,190-214,1780228811,2026-05-31T20:00:11,0.0005
7,190-214,1780232405,2026-05-31T21:00:05,0.0005
7,190-214,1780236007,2026-05-31T22:00:07,0.0005
7,190-214,1780239607,2026-05-31T23:00:07,0.0005
7,190-214,1780243208,2026-06-01T00:00:08,0.0005
7,190-214,1780246813,2026-06-01T01:00:13,0.0005
7,190-214,1780250421,2026-06-01T02:00:21,0.0005
7,190-214,1780254006,2026-06-01T03:00:06,0.0005
7,190-214,1780257608,2026-06-01T04:00:08,0.0005
7,190-214,1780261207,2026-06-01T05:00:07,0.0005
7,190-214,1780264805,2026-06-01T06:00:05,0.0005
7,190-214,1780268405,2026-06-01T07:00:05,0.0005
7,190-214,1780272008,2026-06-01T08:00:08,0.0005
7,190-214,1780275605,2026-06-01T09:00:05,0.0005
7,190-214,1780279204,2026-06-01T10:00:04,0.0005
7,190-214,1780282806,2026-06-01T11:00:06,0.0005
7,190-214,1780286406,2026-06-01T12:00:06,0.0005
7,190-214,1780290005,2026-06-01T13:00:05,0.0005
7,190-214,1780293608,2026-06-01T14:00:08,0.0005
7,190-214,1780297210,2026-06-01T15:00:10,0.0005
7,190-214,1780300806,2026-06-01T16:00:06,0.0005
7,190-214,1780304407,2026-06-01T17:00:07,0.0005
7,190-214,1780308004,2026-06-01T18:00:04,0.0005
7,190-214,1780311606,2026-06-01T19:00:06,0.0005
7,190-214,1780315209,2026-06-01T20:00:09,0.0005
7,190-214,1780318806,2026-06-01T21:00:06,0.0005
7,190-214,1780322407,2026-06-01T22:00:07,0.0005
7,190-214,1780326010,2026-06-01T23:00:10,0.0005
7,190-214,1780329609,2026-06-02T00:00:09,0.0005
7,190-214,1780333219,2026-06-02T01:00:19,0.0005
7,190-214,1780336808,2026-06-02T02:00:08,0.0005
7,190-214,1780340406,2026-06-02T03:00:06,0.0005
8,215-239,1779994808,2026-05-29T03:00:08,0.0015
8,215-239,1779998410,2026-05-29T04:00:10,0.0015
8,215-239,1780002015,2026-05-29T05:00:15,0.0015
8,215-239,1780005611,2026-05-29T06:00:11,0.0015
8,215-239,1780009219,2026-05-29T07:00:19,0.0015
8,215-239,1780012814,2026-05-29T08:00:14,0.0015
8,215-239,1780016406,2026-05-29T09:00:06,0.0015
8,215-239,1780020008,2026-05-29T10:00:08,0.0015
8,215-239,1780023608,2026-05-29T11:00:08,0.0015
8,215-239,1780027207,2026-05-29T12:00:07,0.0015
8,215-239,1780030807,2026-05-29T13:00:07,0.0015
8,215-239,1780034408,2026-05-29T14:00:08,0.0015
8,215-239,1780038007,2026-05-29T15:00:07,0.0015
8,215-239,1780041606,2026-05-29T16:00:06,0.0015
8,215-239,1780045206,2026-05-29T17:00:06,0.0015
8,215-239,1780048806,2026-05-29T18:00:06,0.0015
8,215-239,1780052406,2026-05-29T19:00:06,0.0015
8,215-239,1780059604,2026-05-29T21:00:04,0.0015
8,215-239,1780063205,2026-05-29T22:00:05,0.002
8,215-239,1780066809,2026-05-29T23:00:09,0.0015
8,215-239,1780070406,2026-05-30T00:00:06,0.0015
8,215-239,1780074005,2026-05-30T01:00:05,0.0015
8,215-239,1780077608,2026-05-30T02:00:08,0.0015
8,215-239,1780081207,2026-05-30T03:00:07,0.0015
8,215-239,1780084805,2026-05-30T04:00:05,0.0015
8,215-239,1780088407,2026-05-30T05:00:07,0.0015
8,215-239,1780092006,2026-05-30T06:00:06,0.0015
8,215-239,1780095607,2026-05-30T07:00:07,0.0015
8,215-239,1780099222,2026-05-30T08:00:22,0.0015
8,215-239,1780102806,2026-05-30T09:00:06,0.0015
8,215-239,1780106407,2026-05-30T10:00:07,0.0015
8,215-239,1780110010,2026-05-30T11:00:10,0.0015
8,215-239,1780113606,2026-05-30T12:00:06,0.0015
8,215-239,1780117205,2026-05-30T13:00:05,0.0015
8,215-239,1780120807,2026-05-30T14:00:07,0.0015
8,215-239,1780124407,2026-05-30T15:00:07,0.0015
8,215-239,1780128008,2026-05-30T16:00:08,0.0015
8,215-239,1780131607,2026-05-30T17:00:07,0.0015
8,215-239,1780135208,2026-05-30T18:00:08,0.0015
8,215-239,1780138804,2026-05-30T19:00:04,0.0015
8,215-239,1780142420,2026-05-30T20:00:20,0.0015
8,215-239,1780146007,2026-05-30T21:00:07,0.0015
8,215-239,1780149607,2026-05-30T22:00:07,0.001
8,215-239,1780153210,2026-05-30T23:00:10,0.001
8,215-239,1780156805,2026-05-31T00:00:05,0.001
8,215-239,1780160409,2026-05-31T01:00:09,0.0005
8,215-239,1780164008,2026-05-31T02:00:08,0.0005
8,215-239,1780167612,2026-05-31T03:00:12,0.0005
8,215-239,1780171208,2026-05-31T04:00:08,0.0005
8,215-239,1780174812,2026-05-31T05:00:12,0.0005
8,215-239,1780178405,2026-05-31T06:00:05,0.0005
8,215-239,1780182007,2026-05-31T07:00:07,0.0005
8,215-239,1780185612,2026-05-31T08:00:12,0.0005
8,215-239,1780189207,2026-05-31T09:00:07,0.0005
8,215-239,1780192806,2026-05-31T10:00:06,0.0005
8,215-239,1780196407,2026-05-31T11:00:07,0.0005
8,215-239,1780200011,2026-05-31T12:00:11,0.0005
8,215-239,1780203607,2026-05-31T13:00:07,0.0005
8,215-239,1780207209,2026-05-31T14:00:09,0.0005
8,215-239,1780210825,2026-05-31T15:00:25,0.0005
8,215-239,1780214406,2026-05-31T16:00:06,0.0005
8,215-239,1780218009,2026-05-31T17:00:09,0.0005
8,215-239,1780221606,2026-05-31T18:00:06,0.0005
8,215-239,1780225215,2026-05-31T19:00:15,0.0005
8,215-239,1780228811,2026-05-31T20:00:11,0.0005
8,215-239,1780232405,2026-05-31T21:00:05,0.0005
8,215-239,1780236007,2026-05-31T22:00:07,0.0005
8,215-239,1780239607,2026-05-31T23:00:07,0.0005
8,215-239,1780243208,2026-06-01T00:00:08,0.0005
8,215-239,1780246813,2026-06-01T01:00:13,0.0005
8,215-239,1780250421,2026-06-01T02:00:21,0.0005
8,215-239,1780254005,2026-06-01T03:00:05,0.0005
8,215-239,1780257608,2026-06-01T04:00:08,0.0005
8,215-239,1780261207,2026-06-01T05:00:07,0.0005
8,215-239,1780264805,2026-06-01T06:00:05,0.0005
8,215-239,1780268404,2026-06-01T07:00:04,0.0005
8,215-239,1780272007,2026-06-01T08:00:07,0.0005
8,215-239,1780275604,2026-06-01T09:00:04,0.0005
8,215-239,1780279204,2026-06-01T10:00:04,0.0005
8,215-239,1780282806,2026-06-01T11:00:06,0.0005
8,215-239,1780286405,2026-06-01T12:00:05,0.0005
8,215-239,1780290005,2026-06-01T13:00:05,0.0005
8,215-239,1780293608,2026-06-01T14:00:08,0.0005
8,215-239,1780297209,2026-06-01T15:00:09,0.0005
8,215-239,1780300806,2026-06-01T16:00:06,0.0005
8,215-239,1780304407,2026-06-01T17:00:07,0.0005
8,215-239,1780308004,2026-06-01T18:00:04,0.0005
8,215-239,1780311606,2026-06-01T19:00:06,0.0005
8,215-239,1780315209,2026-06-01T20:00:09,0.0005
8,215-239,1780318806,2026-06-01T21:00:06,0.0005
8,215-239,1780322407,2026-06-01T22:00:07,0.0005
8,215-239,1780326010,2026-06-01T23:00:10,0.0005
8,215-239,1780329609,2026-06-02T00:00:09,0.0005
8,215-239,1780333216,2026-06-02T01:00:16,0.0005
8,215-239,1780336808,2026-06-02T02:00:08,0.0005
8,215-239,1780340406,2026-06-02T03:00:06,0.0005
9,240+,1779994803,2026-05-29T03:00:03,0.0015
9,240+,1779998406,2026-05-29T04:00:06,0.0015
9,240+,1780002004,2026-05-29T05:00:04,0.0015
9,240+,1780005608,2026-05-29T06:00:08,0.0015
9,240+,1780009216,2026-05-29T07:00:16,0.0015
9,240+,1780012807,2026-05-29T08:00:07,0.0015
9,240+,1780016404,2026-05-29T09:00:04,0.0015
9,240+,1780020005,2026-05-29T10:00:05,0.0015
9,240+,1780023603,2026-05-29T11:00:03,0.0015
9,240+,1780027204,2026-05-29T12:00:04,0.0015
9,240+,1780030804,2026-05-29T13:00:04,0.0015
9,240+,1780034405,2026-05-29T14:00:05,0.0015
9,240+,1780038006,2026-05-29T15:00:06,0.0015
9,240+,1780041604,2026-05-29T16:00:04,0.0015
9,240+,1780045204,2026-05-29T17:00:04,0.0015
9,240+,1780048804,2026-05-29T18:00:04,0.0015
9,240+,1780052404,2026-05-29T19:00:04,0.0015
9,240+,1780059603,2026-05-29T21:00:03,0.0015
9,240+,1780063203,2026-05-29T22:00:03,0.0015
9,240+,1780066806,2026-05-29T23:00:06,0.0015
9,240+,1780070404,2026-05-30T00:00:04,0.0015
9,240+,1780074003,2026-05-30T01:00:03,0.0015
9,240+,1780077605,2026-05-30T02:00:05,0.0015
9,240+,1780081205,2026-05-30T03:00:05,0.0015
9,240+,1780084803,2026-05-30T04:00:03,0.0015
9,240+,1780088404,2026-05-30T05:00:04,0.001
9,240+,1780092003,2026-05-30T06:00:03,0.0005
9,240+,1780095605,2026-05-30T07:00:05,0.0005
9,240+,1780099218,2026-05-30T08:00:18,0.001
9,240+,1780102803,2026-05-30T09:00:03,0.0005
9,240+,1780106404,2026-05-30T10:00:04,0.0005
9,240+,1780110005,2026-05-30T11:00:05,0.001
9,240+,1780113603,2026-05-30T12:00:03,0.0005
9,240+,1780117204,2026-05-30T13:00:04,0.0005
9,240+,1780120804,2026-05-30T14:00:04,0.0005
9,240+,1780124404,2026-05-30T15:00:04,0.0005
9,240+,1780128006,2026-05-30T16:00:06,0.0005
9,240+,1780131603,2026-05-30T17:00:03,0.0005
9,240+,1780135206,2026-05-30T18:00:06,0.0005
9,240+,1780138803,2026-05-30T19:00:03,0.0005
9,240+,1780142415,2026-05-30T20:00:15,0.0005
9,240+,1780146005,2026-05-30T21:00:05,0.0005
9,240+,1780149605,2026-05-30T22:00:05,0.0005
9,240+,1780153206,2026-05-30T23:00:06,0.0005
9,240+,1780156803,2026-05-31T00:00:03,0.0005
9,240+,1780160404,2026-05-31T01:00:04,0.0005
9,240+,1780164004,2026-05-31T02:00:04,0.0005
9,240+,1780167608,2026-05-31T03:00:08,0.0005
9,240+,1780171205,2026-05-31T04:00:05,0.0005
9,240+,1780174808,2026-05-31T05:00:08,0.0005
9,240+,1780178403,2026-05-31T06:00:03,0.0005
9,240+,1780182004,2026-05-31T07:00:04,0.0005
9,240+,1780185607,2026-05-31T08:00:07,0.0005
9,240+,1780189206,2026-05-31T09:00:06,0.0005
9,240+,1780192804,2026-05-31T10:00:04,0.0005
9,240+,1780196403,2026-05-31T11:00:03,0.0005
9,240+,1780200006,2026-05-31T12:00:06,0.0005
9,240+,1780203605,2026-05-31T13:00:05,0.0005
9,240+,1780207204,2026-05-31T14:00:04,0.0005
9,240+,1780210819,2026-05-31T15:00:19,0.0005
9,240+,1780214404,2026-05-31T16:00:04,0.0005
9,240+,1780218003,2026-05-31T17:00:03,0.0005
9,240+,1780221604,2026-05-31T18:00:04,0.0005
9,240+,1780225214,2026-05-31T19:00:14,0.0005
9,240+,1780228806,2026-05-31T20:00:06,0.0005
9,240+,1780232403,2026-05-31T21:00:03,0.0005
9,240+,1780236006,2026-05-31T22:00:06,0.0005
9,240+,1780239603,2026-05-31T23:00:03,0.0005
9,240+,1780243206,2026-06-01T00:00:06,0.0005
9,240+,1780246805,2026-06-01T01:00:05,0.0005
9,240+,1780250417,2026-06-01T02:00:17,0.0005
9,240+,1780254004,2026-06-01T03:00:04,0.0005
9,240+,1780257604,2026-06-01T04:00:04,0.0005
9,240+,1780261204,2026-06-01T05:00:04,0.0005
9,240+,1780264803,2026-06-01T06:00:03,0.0005
9,240+,1780268403,2026-06-01T07:00:03,0.0005
9,240+,1780272003,2026-06-01T08:00:03,0.0005
9,240+,1780275603,2026-06-01T09:00:03,0.0005
9,240+,1780279203,2026-06-01T10:00:03,0.0005
9,240+,1780282803,2026-06-01T11:00:03,0.0005
9,240+,1780286403,2026-06-01T12:00:03,0.0005
9,240+,1780290004,2026-06-01T13:00:04,0.0005
9,240+,1780293604,2026-06-01T14:00:04,0.0005
9,240+,1780297204,2026-06-01T15:00:04,0.0005
9,240+,1780300804,2026-06-01T16:00:04,0.0005
9,240+,1780304404,2026-06-01T17:00:04,0.0005
9,240+,1780308003,2026-06-01T18:00:03,0.0005
9,240+,1780311604,2026-06-01T19:00:04,0.0005
9,240+,1780315204,2026-06-01T20:00:04,0.0005
9,240+,1780318804,2026-06-01T21:00:04,0.0005
9,240+,1780322405,2026-06-01T22:00:05,0.0005
9,240+,1780326006,2026-06-01T23:00:06,0.0005
9,240+,1780329608,2026-06-02T00:00:08,0.0005
9,240+,1780333206,2026-06-02T01:00:06,0.0005
9,240+,1780336805,2026-06-02T02:00:05,0.0005
9,240+,1780340404,2026-06-02T03:00:04,0.0005
0,<40,1779993006,2026-05-29T02:30:06,0.315
0,<40,1779993304,2026-05-29T02:35:04,0.315
0,<40,1779993604,2026-05-29T02:40:04,0.325
0,<40,1779993904,2026-05-29T02:45:04,0.34
0,<40,1779994205,2026-05-29T02:50:05,0.335
0,<40,1779994504,2026-05-29T02:55:04,0.305
0,<40,1779995105,2026-05-29T03:05:05,0.335
0,<40,1779995406,2026-05-29T03:10:06,0.34
0,<40,1779995705,2026-05-29T03:15:05,0.35
0,<40,1779996006,2026-05-29T03:20:06,0.335
0,<40,1779996304,2026-05-29T03:25:04,0.34
0,<40,1779996612,2026-05-29T03:30:12,0.34
0,<40,1779996904,2026-05-29T03:35:04,0.33
0,<40,1779997205,2026-05-29T03:40:05,0.315
0,<40,1779997503,2026-05-29T03:45:03,0.325
0,<40,1779997805,2026-05-29T03:50:05,0.325
0,<40,1779998106,2026-05-29T03:55:06,0.29
0,<40,1779998703,2026-05-29T04:05:03,0.175
0,<40,1779999005,2026-05-29T04:10:05,0.32
0,<40,1779999304,2026-05-29T04:15:04,0.24
0,<40,1779999607,2026-05-29T04:20:07,0.145
0,<40,1779999905,2026-05-29T04:25:05,0.145
0,<40,1780000209,2026-05-29T04:30:09,0.14
0,<40,1780000505,2026-05-29T04:35:05,0.14
0,<40,1780000806,2026-05-29T04:40:06,0.14
0,<40,1780001104,2026-05-29T04:45:04,0.14
0,<40,1780001403,2026-05-29T04:50:03,0.14
0,<40,1780001705,2026-05-29T04:55:05,0.14
0,<40,1780002304,2026-05-29T05:05:04,0.14
0,<40,1780002603,2026-05-29T05:10:03,0.14
0,<40,1780002904,2026-05-29T05:15:04,0.14
0,<40,1780003203,2026-05-29T05:20:03,0.14
0,<40,1780003503,2026-05-29T05:25:03,0.14
0,<40,1780003807,2026-05-29T05:30:07,0.135
0,<40,1780004103,2026-05-29T05:35:03,0.135
0,<40,1780004403,2026-05-29T05:40:03,0.135
0,<40,1780004704,2026-05-29T05:45:04,0.135
0,<40,1780005004,2026-05-29T05:50:04,0.135
0,<40,1780005305,2026-05-29T05:55:05,0.135
0,<40,1780005905,2026-05-29T06:05:05,0.135
0,<40,1780006205,2026-05-29T06:10:05,0.135
0,<40,1780006505,2026-05-29T06:15:05,0.135
0,<40,1780006805,2026-05-29T06:20:05,0.135
0,<40,1780007106,2026-05-29T06:25:06,0.14
0,<40,1780007407,2026-05-29T06:30:07,0.135
0,<40,1780007708,2026-05-29T06:35:08,0.135
0,<40,1780008004,2026-05-29T06:40:04,0.14
0,<40,1780008304,2026-05-29T06:45:04,0.14
0,<40,1780008603,2026-05-29T06:50:03,0.14
0,<40,1780008904,2026-05-29T06:55:04,0.14
0,<40,1780009517,2026-05-29T07:05:17,0.14
0,<40,1780009805,2026-05-29T07:10:05,0.14
0,<40,1780010104,2026-05-29T07:15:04,0.14
0,<40,1780010417,2026-05-29T07:20:17,0.14
0,<40,1780010705,2026-05-29T07:25:05,0.14
0,<40,1780011005,2026-05-29T07:30:05,0.14
0,<40,1780011303,2026-05-29T07:35:03,0.14
0,<40,1780011604,2026-05-29T07:40:04,0.14
0,<40,1780011905,2026-05-29T07:45:05,0.14
0,<40,1780012206,2026-05-29T07:50:06,0.14
0,<40,1780012504,2026-05-29T07:55:04,0.14
0,<40,1780013103,2026-05-29T08:05:03,0.14
0,<40,1780013405,2026-05-29T08:10:05,0.14
0,<40,1780013704,2026-05-29T08:15:04,0.14
0,<40,1780014004,2026-05-29T08:20:04,0.14
0,<40,1780014304,2026-05-29T08:25:04,0.145
0,<40,1780014609,2026-05-29T08:30:09,0.145
0,<40,1780014904,2026-05-29T08:35:04,0.145
0,<40,1780015204,2026-05-29T08:40:04,0.145
0,<40,1780015506,2026-05-29T08:45:06,0.15
0,<40,1780015805,2026-05-29T08:50:05,0.15
0,<40,1780016104,2026-05-29T08:55:04,0.15
0,<40,1780016703,2026-05-29T09:05:03,0.15
0,<40,1780017004,2026-05-29T09:10:04,0.15
0,<40,1780017304,2026-05-29T09:15:04,0.15
0,<40,1780017605,2026-05-29T09:20:05,0.15
0,<40,1780017903,2026-05-29T09:25:03,0.15
0,<40,1780018204,2026-05-29T09:30:04,0.15
0,<40,1780018503,2026-05-29T09:35:03,0.15
0,<40,1780018804,2026-05-29T09:40:04,0.15
0,<40,1780019104,2026-05-29T09:45:04,0.15
0,<40,1780019404,2026-05-29T09:50:04,0.15
0,<40,1780019703,2026-05-29T09:55:03,0.15
0,<40,1780020304,2026-05-29T10:05:04,0.15
0,<40,1780020604,2026-05-29T10:10:04,0.15
0,<40,1780020904,2026-05-29T10:15:04,0.15
0,<40,1780021204,2026-05-29T10:20:04,0.15
0,<40,1780021504,2026-05-29T10:25:04,0.15
0,<40,1780021804,2026-05-29T10:30:04,0.15
0,<40,1780022104,2026-05-29T10:35:04,0.15
0,<40,1780022403,2026-05-29T10:40:03,0.15
0,<40,1780022703,2026-05-29T10:45:03,0.15
0,<40,1780023003,2026-05-29T10:50:03,0.15
0,<40,1780023303,2026-05-29T10:55:03,0.15
0,<40,1780023903,2026-05-29T11:05:03,0.15
0,<40,1780024203,2026-05-29T11:10:03,0.15
0,<40,1780024505,2026-05-29T11:15:05,0.15
0,<40,1780024804,2026-05-29T11:20:04,0.15
0,<40,1780025104,2026-05-29T11:25:04,0.15
0,<40,1780025405,2026-05-29T11:30:05,0.16
0,<40,1780025703,2026-05-29T11:35:03,0.16
0,<40,1780026003,2026-05-29T11:40:03,0.16
0,<40,1780026305,2026-05-29T11:45:05,0.16
0,<40,1780026606,2026-05-29T11:50:06,0.16
0,<40,1780026916,2026-05-29T11:55:16,0.165
0,<40,1780027504,2026-05-29T12:05:04,0.235
0,<40,1780027804,2026-05-29T12:10:04,0.235
0,<40,1780028104,2026-05-29T12:15:04,0.24
0,<40,1780028404,2026-05-29T12:20:04,0.24
0,<40,1780028704,2026-05-29T12:25:04,0.245
0,<40,1780029005,2026-05-29T12:30:05,0.235
0,<40,1780029304,2026-05-29T12:35:04,0.225
0,<40,1780029605,2026-05-29T12:40:05,0.235
0,<40,1780029904,2026-05-29T12:45:04,0.235
0,<40,1780030205,2026-05-29T12:50:05,0.235
0,<40,1780030505,2026-05-29T12:55:05,0.235
0,<40,1780031105,2026-05-29T13:05:05,0.235
0,<40,1780031406,2026-05-29T13:10:06,0.235
0,<40,1780031705,2026-05-29T13:15:05,0.24
0,<40,1780032003,2026-05-29T13:20:03,0.24
0,<40,1780032305,2026-05-29T13:25:05,0.24
0,<40,1780032605,2026-05-29T13:30:05,0.24
0,<40,1780032915,2026-05-29T13:35:15,0.22
0,<40,1780033203,2026-05-29T13:40:03,0.225
0,<40,1780033505,2026-05-29T13:45:05,0.23
0,<40,1780033803,2026-05-29T13:50:03,0.22
0,<40,1780034103,2026-05-29T13:55:03,0.23
0,<40,1780034704,2026-05-29T14:05:04,0.23
0,<40,1780035016,2026-05-29T14:10:16,0.23
0,<40,1780035304,2026-05-29T14:15:04,0.23
0,<40,1780035603,2026-05-29T14:20:03,0.235
0,<40,1780035905,2026-05-29T14:25:05,0.205
0,<40,1780036205,2026-05-29T14:30:05,0.22
0,<40,1780036504,2026-05-29T14:35:04,0.24
0,<40,1780036804,2026-05-29T14:40:04,0.215
0,<40,1780037104,2026-05-29T14:45:04,0.22
0,<40,1780037404,2026-05-29T14:50:04,0.215
0,<40,1780037704,2026-05-29T14:55:04,0.215
0,<40,1780038304,2026-05-29T15:05:04,0.215
0,<40,1780038603,2026-05-29T15:10:03,0.215
0,<40,1780038914,2026-05-29T15:15:14,0.23
0,<40,1780039204,2026-05-29T15:20:04,0.205
0,<40,1780039503,2026-05-29T15:25:03,0.215
0,<40,1780039804,2026-05-29T15:30:04,0.23
0,<40,1780040105,2026-05-29T15:35:05,0.2
0,<40,1780040406,2026-05-29T15:40:06,0.215
0,<40,1780040704,2026-05-29T15:45:04,0.225
0,<40,1780041004,2026-05-29T15:50:04,0.24
0,<40,1780041303,2026-05-29T15:55:03,0.215
0,<40,1780041904,2026-05-29T16:05:04,0.24
0,<40,1780042203,2026-05-29T16:10:03,0.215
0,<40,1780042503,2026-05-29T16:15:03,0.22
0,<40,1780042803,2026-05-29T16:20:03,0.23
0,<40,1780043103,2026-05-29T16:25:03,0.24
0,<40,1780043404,2026-05-29T16:30:04,0.215
0,<40,1780043703,2026-05-29T16:35:03,0.215
0,<40,1780044004,2026-05-29T16:40:04,0.215
0,<40,1780044303,2026-05-29T16:45:03,0.215
0,<40,1780044603,2026-05-29T16:50:03,0.215
0,<40,1780044903,2026-05-29T16:55:03,0.215
0,<40,1780045505,2026-05-29T17:05:05,0.215
0,<40,1780045804,2026-05-29T17:10:04,0.215
0,<40,1780046104,2026-05-29T17:15:04,0.215
0,<40,1780046404,2026-05-29T17:20:04,0.215
0,<40,1780046706,2026-05-29T17:25:06,0.215
0,<40,1780047019,2026-05-29T17:30:19,0.215
0,<40,1780047304,2026-05-29T17:35:04,0.215
0,<40,1780047604,2026-05-29T17:40:04,0.215
0,<40,1780047903,2026-05-29T17:45:03,0.215
0,<40,1780048205,2026-05-29T17:50:05,0.215
0,<40,1780048504,2026-05-29T17:55:04,0.215
0,<40,1780049103,2026-05-29T18:05:03,0.215
0,<40,1780049403,2026-05-29T18:10:03,0.215
0,<40,1780049704,2026-05-29T18:15:04,0.215
0,<40,1780050004,2026-05-29T18:20:04,0.215
0,<40,1780050304,2026-05-29T18:25:04,0.215
0,<40,1780050604,2026-05-29T18:30:04,0.215
0,<40,1780050903,2026-05-29T18:35:03,0.215
0,<40,1780051204,2026-05-29T18:40:04,0.215
0,<40,1780051504,2026-05-29T18:45:04,0.215
0,<40,1780051803,2026-05-29T18:50:03,0.215
0,<40,1780052105,2026-05-29T18:55:05,0.215
0,<40,1780052704,2026-05-29T19:05:04,0.215
0,<40,1780053003,2026-05-29T19:10:03,0.215
0,<40,1780053304,2026-05-29T19:15:04,0.215
0,<40,1780053604,2026-05-29T19:20:04,0.215
0,<40,1780053904,2026-05-29T19:25:04,0.215
0,<40,1780054204,2026-05-29T19:30:04,0.215
0,<40,1780054504,2026-05-29T19:35:04,0.215
0,<40,1780054804,2026-05-29T19:40:04,0.215
0,<40,1780055105,2026-05-29T19:45:05,0.215
0,<40,1780055404,2026-05-29T19:50:04,0.215
0,<40,1780055703,2026-05-29T19:55:03,0.215
0,<40,1780056319,2026-05-29T20:05:19,0.215
0,<40,1780056325,2026-05-29T20:05:25,0.215
0,<40,1780056603,2026-05-29T20:10:03,0.215
0,<40,1780058104,2026-05-29T20:35:04,0.215
0,<40,1780058403,2026-05-29T20:40:03,0.215
0,<40,1780058703,2026-05-29T20:45:03,0.215
0,<40,1780059003,2026-05-29T20:50:03,0.215
0,<40,1780059304,2026-05-29T20:55:04,0.205
0,<40,1780059904,2026-05-29T21:05:04,0.205
0,<40,1780060203,2026-05-29T21:10:03,0.205
0,<40,1780061405,2026-05-29T21:30:05,0.205
0,<40,1780061704,2026-05-29T21:35:04,0.205
0,<40,1780062003,2026-05-29T21:40:03,0.205
0,<40,1780062307,2026-05-29T21:45:07,0.205
0,<40,1780062605,2026-05-29T21:50:05,0.205
0,<40,1780062904,2026-05-29T21:55:04,0.175
0,<40,1780063504,2026-05-29T22:05:04,0.165
0,<40,1780063805,2026-05-29T22:10:05,0.165
0,<40,1780064103,2026-05-29T22:15:03,0.15
0,<40,1780064404,2026-05-29T22:20:04,0.13
0,<40,1780064704,2026-05-29T22:25:04,0.165
0,<40,1780065006,2026-05-29T22:30:06,0.18
0,<40,1780065304,2026-05-29T22:35:04,0.175
0,<40,1780065604,2026-05-29T22:40:04,0.175
0,<40,1780065904,2026-05-29T22:45:04,0.17
0,<40,1780066204,2026-05-29T22:50:04,0.165
0,<40,1780066504,2026-05-29T22:55:04,0.165
0,<40,1780067105,2026-05-29T23:05:05,0.165
0,<40,1780067405,2026-05-29T23:10:05,0.155
0,<40,1780067704,2026-05-29T23:15:04,0.155
0,<40,1780068005,2026-05-29T23:20:05,0.155
0,<40,1780068303,2026-05-29T23:25:03,0.18
0,<40,1780068605,2026-05-29T23:30:05,0.175
0,<40,1780068905,2026-05-29T23:35:05,0.17
0,<40,1780069204,2026-05-29T23:40:04,0.17
0,<40,1780069506,2026-05-29T23:45:06,0.165
0,<40,1780069804,2026-05-29T23:50:04,0.165
0,<40,1780070103,2026-05-29T23:55:03,0.165
0,<40,1780070704,2026-05-30T00:05:04,0.175
0,<40,1780071004,2026-05-30T00:10:04,0.175
0,<40,1780071306,2026-05-30T00:15:06,0.175
0,<40,1780071605,2026-05-30T00:20:05,0.175
0,<40,1780071904,2026-05-30T00:25:04,0.185
0,<40,1780072205,2026-05-30T00:30:05,0.185
0,<40,1780072503,2026-05-30T00:35:03,0.18
0,<40,1780072805,2026-05-30T00:40:05,0.17
0,<40,1780073103,2026-05-30T00:45:03,0.18
0,<40,1780073404,2026-05-30T00:50:04,0.17
0,<40,1780073704,2026-05-30T00:55:04,0.175
0,<40,1780074306,2026-05-30T01:05:06,0.175
0,<40,1780074603,2026-05-30T01:10:03,0.175
0,<40,1780074905,2026-05-30T01:15:05,0.17
0,<40,1780075206,2026-05-30T01:20:06,0.175
0,<40,1780075503,2026-05-30T01:25:03,0.175
0,<40,1780075804,2026-05-30T01:30:04,0.175
0,<40,1780076103,2026-05-30T01:35:03,0.175
0,<40,1780076403,2026-05-30T01:40:03,0.17
0,<40,1780076703,2026-05-30T01:45:03,0.175
0,<40,1780077017,2026-05-30T01:50:17,0.175
0,<40,1780077303,2026-05-30T01:55:03,0.175
0,<40,1780077904,2026-05-30T02:05:04,0.185
0,<40,1780078205,2026-05-30T02:10:05,0.17
0,<40,1780078504,2026-05-30T02:15:04,0.175
0,<40,1780078803,2026-05-30T02:20:03,0.175
0,<40,1780079104,2026-05-30T02:25:04,0.175
0,<40,1780079407,2026-05-30T02:30:07,0.175
0,<40,1780079719,2026-05-30T02:35:19,0.175
0,<40,1780080016,2026-05-30T02:40:16,0.175
0,<40,1780080304,2026-05-30T02:45:04,0.175
0,<40,1780080604,2026-05-30T02:50:04,0.175
0,<40,1780080903,2026-05-30T02:55:03,0.175
0,<40,1780081504,2026-05-30T03:05:04,0.175
0,<40,1780081815,2026-05-30T03:10:15,0.175
0,<40,1780082105,2026-05-30T03:15:05,0.175
0,<40,1780082405,2026-05-30T03:20:05,0.175
0,<40,1780082704,2026-05-30T03:25:04,0.175
0,<40,1780083004,2026-05-30T03:30:04,0.175
0,<40,1780083303,2026-05-30T03:35:03,0.175
0,<40,1780083604,2026-05-30T03:40:04,0.175
0,<40,1780083904,2026-05-30T03:45:04,0.175
0,<40,1780084204,2026-05-30T03:50:04,0.175
0,<40,1780084504,2026-05-30T03:55:04,0.175
0,<40,1780085103,2026-05-30T04:05:03,0.175
0,<40,1780085403,2026-05-30T04:10:03,0.175
0,<40,1780085704,2026-05-30T04:15:04,0.175
0,<40,1780086005,2026-05-30T04:20:05,0.175
0,<40,1780086304,2026-05-30T04:25:04,0.175
0,<40,1780086604,2026-05-30T04:30:04,0.175
0,<40,1780086904,2026-05-30T04:35:04,0.175
0,<40,1780087205,2026-05-30T04:40:05,0.175
0,<40,1780087503,2026-05-30T04:45:03,0.175
0,<40,1780087805,2026-05-30T04:50:05,0.175
0,<40,1780088105,2026-05-30T04:55:05,0.175
0,<40,1780088704,2026-05-30T05:05:04,0.175
0,<40,1780089005,2026-05-30T05:10:05,0.175
0,<40,1780089303,2026-05-30T05:15:03,0.175
0,<40,1780089604,2026-05-30T05:20:04,0.175
0,<40,1780089904,2026-05-30T05:25:04,0.175
0,<40,1780090204,2026-05-30T05:30:04,0.175
0,<40,1780090504,2026-05-30T05:35:04,0.175
0,<40,1780090818,2026-05-30T05:40:18,0.175
0,<40,1780091105,2026-05-30T05:45:05,0.175
0,<40,1780091404,2026-05-30T05:50:04,0.175
0,<40,1780091704,2026-05-30T05:55:04,0.175
0,<40,1780092304,2026-05-30T06:05:04,0.175
0,<40,1780092604,2026-05-30T06:10:04,0.175
0,<40,1780092904,2026-05-30T06:15:04,0.175
0,<40,1780093205,2026-05-30T06:20:05,0.175
0,<40,1780093504,2026-05-30T06:25:04,0.175
0,<40,1780093806,2026-05-30T06:30:06,0.175
0,<40,1780094105,2026-05-30T06:35:05,0.175
0,<40,1780094404,2026-05-30T06:40:04,0.175
0,<40,1780094704,2026-05-30T06:45:04,0.175
0,<40,1780095004,2026-05-30T06:50:04,0.175
0,<40,1780095306,2026-05-30T06:55:06,0.185
0,<40,1780095905,2026-05-30T07:05:05,0.185
0,<40,1780096204,2026-05-30T07:10:04,0.175
0,<40,1780096504,2026-05-30T07:15:04,0.175
0,<40,1780096803,2026-05-30T07:20:03,0.175
0,<40,1780097104,2026-05-30T07:25:04,0.185
0,<40,1780097405,2026-05-30T07:30:05,0.195
0,<40,1780097704,2026-05-30T07:35:04,0.185
0,<40,1780098004,2026-05-30T07:40:04,0.195
0,<40,1780098304,2026-05-30T07:45:04,0.185
0,<40,1780098604,2026-05-30T07:50:04,0.175
0,<40,1780098904,2026-05-30T07:55:04,0.175
0,<40,1780099504,2026-05-30T08:05:04,0.175
0,<40,1780099804,2026-05-30T08:10:04,0.175
0,<40,1780100105,2026-05-30T08:15:05,0.175
0,<40,1780100403,2026-05-30T08:20:03,0.175
0,<40,1780100705,2026-05-30T08:25:05,0.175
0,<40,1780101006,2026-05-30T08:30:06,0.175
0,<40,1780101303,2026-05-30T08:35:03,0.175
0,<40,1780101604,2026-05-30T08:40:04,0.175
0,<40,1780101905,2026-05-30T08:45:05,0.175
0,<40,1780102204,2026-05-30T08:50:04,0.175
0,<40,1780102505,2026-05-30T08:55:05,0.175
0,<40,1780103103,2026-05-30T09:05:03,0.155
0,<40,1780103404,2026-05-30T09:10:04,0.165
0,<40,1780103709,2026-05-30T09:15:09,0.165
0,<40,1780104005,2026-05-30T09:20:05,0.16
0,<40,1780104304,2026-05-30T09:25:04,0.165
0,<40,1780104607,2026-05-30T09:30:07,0.165
0,<40,1780104903,2026-05-30T09:35:03,0.155
0,<40,1780105204,2026-05-30T09:40:04,0.165
0,<40,1780105504,2026-05-30T09:45:04,0.16
0,<40,1780105804,2026-05-30T09:50:04,0.15
0,<40,1780106115,2026-05-30T09:55:15,0.16
0,<40,1780106704,2026-05-30T10:05:04,0.16
0,<40,1780107004,2026-05-30T10:10:04,0.16
0,<40,1780107304,2026-05-30T10:15:04,0.16
0,<40,1780107604,2026-05-30T10:20:04,0.15
0,<40,1780107904,2026-05-30T10:25:04,0.16
0,<40,1780108207,2026-05-30T10:30:07,0.16
0,<40,1780108503,2026-05-30T10:35:03,0.17
0,<40,1780108805,2026-05-30T10:40:05,0.17
0,<40,1780109104,2026-05-30T10:45:04,0.17
0,<40,1780109404,2026-05-30T10:50:04,0.17
0,<40,1780109705,2026-05-30T10:55:05,0.17
0,<40,1780110304,2026-05-30T11:05:04,0.17
0,<40,1780110606,2026-05-30T11:10:06,0.17
0,<40,1780110915,2026-05-30T11:15:15,0.17
0,<40,1780111204,2026-05-30T11:20:04,0.17
0,<40,1780111519,2026-05-30T11:25:19,0.17
0,<40,1780111804,2026-05-30T11:30:04,0.165
0,<40,1780112103,2026-05-30T11:35:03,0.165
0,<40,1780112403,2026-05-30T11:40:03,0.165
0,<40,1780112703,2026-05-30T11:45:03,0.165
0,<40,1780113005,2026-05-30T11:50:05,0.165
0,<40,1780113303,2026-05-30T11:55:03,0.165
0,<40,1780113905,2026-05-30T12:05:05,0.17
0,<40,1780114204,2026-05-30T12:10:04,0.17
0,<40,1780114506,2026-05-30T12:15:06,0.17
0,<40,1780114804,2026-05-30T12:20:04,0.17
0,<40,1780115104,2026-05-30T12:25:04,0.17
0,<40,1780115404,2026-05-30T12:30:04,0.17
0,<40,1780115704,2026-05-30T12:35:04,0.17
0,<40,1780116004,2026-05-30T12:40:04,0.17
0,<40,1780116305,2026-05-30T12:45:05,0.17
0,<40,1780116605,2026-05-30T12:50:05,0.17
0,<40,1780116904,2026-05-30T12:55:04,0.17
0,<40,1780117504,2026-05-30T13:05:04,0.165
0,<40,1780117804,2026-05-30T13:10:04,0.165
0,<40,1780118105,2026-05-30T13:15:05,0.165
0,<40,1780118404,2026-05-30T13:20:04,0.165
0,<40,1780118704,2026-05-30T13:25:04,0.165
0,<40,1780119005,2026-05-30T13:30:05,0.165
0,<40,1780119304,2026-05-30T13:35:04,0.165
0,<40,1780119603,2026-05-30T13:40:03,0.165
0,<40,1780119904,2026-05-30T13:45:04,0.165
0,<40,1780120204,2026-05-30T13:50:04,0.165
0,<40,1780120505,2026-05-30T13:55:05,0.165
0,<40,1780121103,2026-05-30T14:05:03,0.165
0,<40,1780121403,2026-05-30T14:10:03,0.165
0,<40,1780121704,2026-05-30T14:15:04,0.165
0,<40,1780122003,2026-05-30T14:20:03,0.165
0,<40,1780122304,2026-05-30T14:25:04,0.165
0,<40,1780122604,2026-05-30T14:30:04,0.165
0,<40,1780122906,2026-05-30T14:35:06,0.165
0,<40,1780123204,2026-05-30T14:40:04,0.165
0,<40,1780123516,2026-05-30T14:45:16,0.165
0,<40,1780123804,2026-05-30T14:50:04,0.165
0,<40,1780124103,2026-05-30T14:55:03,0.165
0,<40,1780124704,2026-05-30T15:05:04,0.165
0,<40,1780125003,2026-05-30T15:10:03,0.165
0,<40,1780125304,2026-05-30T15:15:04,0.165
0,<40,1780125619,2026-05-30T15:20:19,0.165
0,<40,1780125903,2026-05-30T15:25:03,0.165
0,<40,1780126204,2026-05-30T15:30:04,0.165
0,<40,1780126504,2026-05-30T15:35:04,0.165
0,<40,1780126804,2026-05-30T15:40:04,0.165
0,<40,1780127103,2026-05-30T15:45:03,0.165
0,<40,1780127403,2026-05-30T15:50:03,0.165
0,<40,1780127704,2026-05-30T15:55:04,0.165
0,<40,1780128303,2026-05-30T16:05:03,0.165
0,<40,1780128604,2026-05-30T16:10:04,0.165
0,<40,1780128903,2026-05-30T16:15:03,0.165
0,<40,1780129204,2026-05-30T16:20:04,0.165
0,<40,1780129503,2026-05-30T16:25:03,0.165
0,<40,1780129804,2026-05-30T16:30:04,0.165
0,<40,1780130103,2026-05-30T16:35:03,0.165
0,<40,1780130405,2026-05-30T16:40:05,0.165
0,<40,1780130704,2026-05-30T16:45:04,0.165
0,<40,1780131006,2026-05-30T16:50:06,0.165
0,<40,1780131304,2026-05-30T16:55:04,0.165
0,<40,1780131905,2026-05-30T17:05:05,0.165
0,<40,1780132203,2026-05-30T17:10:03,0.165
0,<40,1780132503,2026-05-30T17:15:03,0.165
0,<40,1780132804,2026-05-30T17:20:04,0.165
0,<40,1780133104,2026-05-30T17:25:04,0.165
0,<40,1780133405,2026-05-30T17:30:05,0.165
0,<40,1780133703,2026-05-30T17:35:03,0.18
0,<40,1780134004,2026-05-30T17:40:04,0.18
0,<40,1780134304,2026-05-30T17:45:04,0.175
0,<40,1780134604,2026-05-30T17:50:04,0.175
0,<40,1780134904,2026-05-30T17:55:04,0.175
0,<40,1780135503,2026-05-30T18:05:03,0.175
0,<40,1780135819,2026-05-30T18:10:19,0.185
0,<40,1780136104,2026-05-30T18:15:04,0.185
0,<40,1780136405,2026-05-30T18:20:05,0.185
0,<40,1780136704,2026-05-30T18:25:04,0.185
0,<40,1780137004,2026-05-30T18:30:04,0.185
0,<40,1780137303,2026-05-30T18:35:03,0.185
0,<40,1780137603,2026-05-30T18:40:03,0.185
0,<40,1780137904,2026-05-30T18:45:04,0.175
0,<40,1780138203,2026-05-30T18:50:03,0.175
0,<40,1780138503,2026-05-30T18:55:03,0.175
0,<40,1780139104,2026-05-30T19:05:04,0.175
0,<40,1780139404,2026-05-30T19:10:04,0.175
0,<40,1780139705,2026-05-30T19:15:05,0.175
0,<40,1780140004,2026-05-30T19:20:04,0.175
0,<40,1780140304,2026-05-30T19:25:04,0.175
0,<40,1780140606,2026-05-30T19:30:06,0.175
0,<40,1780140903,2026-05-30T19:35:03,0.175
0,<40,1780141204,2026-05-30T19:40:04,0.175
0,<40,1780141506,2026-05-30T19:45:06,0.175
0,<40,1780141805,2026-05-30T19:50:05,0.175
0,<40,1780142106,2026-05-30T19:55:06,0.175
0,<40,1780142704,2026-05-30T20:05:04,0.175
0,<40,1780143004,2026-05-30T20:10:04,0.175
0,<40,1780143304,2026-05-30T20:15:04,0.175
0,<40,1780143604,2026-05-30T20:20:04,0.175
0,<40,1780143904,2026-05-30T20:25:04,0.175
0,<40,1780144206,2026-05-30T20:30:06,0.175
0,<40,1780144517,2026-05-30T20:35:17,0.175
0,<40,1780144804,2026-05-30T20:40:04,0.175
0,<40,1780145105,2026-05-30T20:45:05,0.175
0,<40,1780145405,2026-05-30T20:50:05,0.175
0,<40,1780145705,2026-05-30T20:55:05,0.175
0,<40,1780146304,2026-05-30T21:05:04,0.175
0,<40,1780146604,2026-05-30T21:10:04,0.175
0,<40,1780146904,2026-05-30T21:15:04,0.18
0,<40,1780147204,2026-05-30T21:20:04,0.175
0,<40,1780147506,2026-05-30T21:25:06,0.175
0,<40,1780147805,2026-05-30T21:30:05,0.175
0,<40,1780148103,2026-05-30T21:35:03,0.195
0,<40,1780148404,2026-05-30T21:40:04,0.195
0,<40,1780148705,2026-05-30T21:45:05,0.195
0,<40,1780149004,2026-05-30T21:50:04,0.195
0,<40,1780149304,2026-05-30T21:55:04,0.195
0,<40,1780149903,2026-05-30T22:05:03,0.195
0,<40,1780150205,2026-05-30T22:10:05,0.195
0,<40,1780150517,2026-05-30T22:15:17,0.195
0,<40,1780150805,2026-05-30T22:20:05,0.195
0,<40,1780151103,2026-05-30T22:25:03,0.195
0,<40,1780151407,2026-05-30T22:30:07,0.195
0,<40,1780151704,2026-05-30T22:35:04,0.195
0,<40,1780152004,2026-05-30T22:40:04,0.195
0,<40,1780152304,2026-05-30T22:45:04,0.195
0,<40,1780152603,2026-05-30T22:50:03,0.195
0,<40,1780152903,2026-05-30T22:55:03,0.195
0,<40,1780153504,2026-05-30T23:05:04,0.195
0,<40,1780153819,2026-05-30T23:10:19,0.195
0,<40,1780154104,2026-05-30T23:15:04,0.195
0,<40,1780154404,2026-05-30T23:20:04,0.195
0,<40,1780154704,2026-05-30T23:25:04,0.195
0,<40,1780155020,2026-05-30T23:30:20,0.215
0,<40,1780155304,2026-05-30T23:35:04,0.215
0,<40,1780155604,2026-05-30T23:40:04,0.215
0,<40,1780155904,2026-05-30T23:45:04,0.215
0,<40,1780156217,2026-05-30T23:50:17,0.215
0,<40,1780156504,2026-05-30T23:55:04,0.215
0,<40,1780157104,2026-05-31T00:05:04,0.205
0,<40,1780157406,2026-05-31T00:10:06,0.205
0,<40,1780157705,2026-05-31T00:15:05,0.21
0,<40,1780158004,2026-05-31T00:20:04,0.205
0,<40,1780158319,2026-05-31T00:25:19,0.205
0,<40,1780158605,2026-05-31T00:30:05,0.205
0,<40,1780158905,2026-05-31T00:35:05,0.205
0,<40,1780159206,2026-05-31T00:40:06,0.245
0,<40,1780159505,2026-05-31T00:45:05,0.24
0,<40,1780159804,2026-05-31T00:50:04,0.245
0,<40,1780160103,2026-05-31T00:55:03,0.245
0,<40,1780160704,2026-05-31T01:05:04,0.245
0,<40,1780161004,2026-05-31T01:10:04,0.255
0,<40,1780161305,2026-05-31T01:15:05,0.255
0,<40,1780161604,2026-05-31T01:20:04,0.255
0,<40,1780161904,2026-05-31T01:25:04,0.255
0,<40,1780162206,2026-05-31T01:30:06,0.255
0,<40,1780162505,2026-05-31T01:35:05,0.255
0,<40,1780162805,2026-05-31T01:40:05,0.255
0,<40,1780163105,2026-05-31T01:45:05,0.255
0,<40,1780163404,2026-05-31T01:50:04,0.255
0,<40,1780163703,2026-05-31T01:55:03,0.255
0,<40,1780164303,2026-05-31T02:05:03,0.265
0,<40,1780164604,2026-05-31T02:10:04,0.275
0,<40,1780164905,2026-05-31T02:15:05,0.28
0,<40,1780165205,2026-05-31T02:20:05,0.29
0,<40,1780165504,2026-05-31T02:25:04,0.285
0,<40,1780165804,2026-05-31T02:30:04,0.285
0,<40,1780166104,2026-05-31T02:35:04,0.285
0,<40,1780166405,2026-05-31T02:40:05,0.285
0,<40,1780166703,2026-05-31T02:45:03,0.285
0,<40,1780167004,2026-05-31T02:50:04,0.275
0,<40,1780167303,2026-05-31T02:55:03,0.275
0,<40,1780167903,2026-05-31T03:05:03,0.275
0,<40,1780168204,2026-05-31T03:10:04,0.275
0,<40,1780168505,2026-05-31T03:15:05,0.275
0,<40,1780168804,2026-05-31T03:20:04,0.275
0,<40,1780169104,2026-05-31T03:25:04,0.275
0,<40,1780169404,2026-05-31T03:30:04,0.275
0,<40,1780169703,2026-05-31T03:35:03,0.275
0,<40,1780170004,2026-05-31T03:40:04,0.275
0,<40,1780170304,2026-05-31T03:45:04,0.285
0,<40,1780170605,2026-05-31T03:50:05,0.285
0,<40,1780170903,2026-05-31T03:55:03,0.285
0,<40,1780171504,2026-05-31T04:05:04,0.29
0,<40,1780171803,2026-05-31T04:10:03,0.29
0,<40,1780172103,2026-05-31T04:15:03,0.285
0,<40,1780172404,2026-05-31T04:20:04,0.285
0,<40,1780172703,2026-05-31T04:25:03,0.285
0,<40,1780173005,2026-05-31T04:30:05,0.29
0,<40,1780173304,2026-05-31T04:35:04,0.32
0,<40,1780173605,2026-05-31T04:40:05,0.32
0,<40,1780173905,2026-05-31T04:45:05,0.315
0,<40,1780174203,2026-05-31T04:50:03,0.305
0,<40,1780174504,2026-05-31T04:55:04,0.305
0,<40,1780175104,2026-05-31T05:05:04,0.305
0,<40,1780175405,2026-05-31T05:10:05,0.305
0,<40,1780175704,2026-05-31T05:15:04,0.305
0,<40,1780176005,2026-05-31T05:20:05,0.305
0,<40,1780176305,2026-05-31T05:25:05,0.31
0,<40,1780176619,2026-05-31T05:30:19,0.305
0,<40,1780176904,2026-05-31T05:35:04,0.315
0,<40,1780177204,2026-05-31T05:40:04,0.315
0,<40,1780177505,2026-05-31T05:45:05,0.315
0,<40,1780177805,2026-05-31T05:50:05,0.305
0,<40,1780178103,2026-05-31T05:55:03,0.305
0,<40,1780178704,2026-05-31T06:05:04,0.305
0,<40,1780179007,2026-05-31T06:10:07,0.305
0,<40,1780179304,2026-05-31T06:15:04,0.305
0,<40,1780179604,2026-05-31T06:20:04,0.305
0,<40,1780179904,2026-05-31T06:25:04,0.305
0,<40,1780180207,2026-05-31T06:30:07,0.305
0,<40,1780180505,2026-05-31T06:35:05,0.305
0,<40,1780180803,2026-05-31T06:40:03,0.315
0,<40,1780181105,2026-05-31T06:45:05,0.315
0,<40,1780181406,2026-05-31T06:50:06,0.315
0,<40,1780181703,2026-05-31T06:55:03,0.315
0,<40,1780182304,2026-05-31T07:05:04,0.305
0,<40,1780182607,2026-05-31T07:10:07,0.315
0,<40,1780182907,2026-05-31T07:15:07,0.315
0,<40,1780183206,2026-05-31T07:20:06,0.315
0,<40,1780183505,2026-05-31T07:25:05,0.315
0,<40,1780183806,2026-05-31T07:30:06,0.315
0,<40,1780184118,2026-05-31T07:35:18,0.315
0,<40,1780184405,2026-05-31T07:40:05,0.315
0,<40,1780184717,2026-05-31T07:45:17,0.325
0,<40,1780185007,2026-05-31T07:50:07,0.325
0,<40,1780185303,2026-05-31T07:55:03,0.325
0,<40,1780185905,2026-05-31T08:05:05,0.325
0,<40,1780186204,2026-05-31T08:10:04,0.315
0,<40,1780186507,2026-05-31T08:15:07,0.315
0,<40,1780186819,2026-05-31T08:20:19,0.325
0,<40,1780187104,2026-05-31T08:25:04,0.32
0,<40,1780187405,2026-05-31T08:30:05,0.32
0,<40,1780187705,2026-05-31T08:35:05,0.365
0,<40,1780188004,2026-05-31T08:40:04,0.385
0,<40,1780188303,2026-05-31T08:45:03,0.385
0,<40,1780188605,2026-05-31T08:50:05,0.385
0,<40,1780188906,2026-05-31T08:55:06,0.385
0,<40,1780189503,2026-05-31T09:05:03,0.395
0,<40,1780189804,2026-05-31T09:10:04,0.42
0,<40,1780190103,2026-05-31T09:15:03,0.425
0,<40,1780190416,2026-05-31T09:20:16,0.425
0,<40,1780190717,2026-05-31T09:25:17,0.445
0,<40,1780191004,2026-05-31T09:30:04,0.445
0,<40,1780191320,2026-05-31T09:35:20,0.445
0,<40,1780191604,2026-05-31T09:40:04,0.485
0,<40,1780191904,2026-05-31T09:45:04,0.465
0,<40,1780192204,2026-05-31T09:50:04,0.465
0,<40,1780192505,2026-05-31T09:55:05,0.475
0,<40,1780193103,2026-05-31T10:05:03,0.475
0,<40,1780193403,2026-05-31T10:10:03,0.475
0,<40,1780193703,2026-05-31T10:15:03,0.475
0,<40,1780194004,2026-05-31T10:20:04,0.475
0,<40,1780194316,2026-05-31T10:25:16,0.475
0,<40,1780194604,2026-05-31T10:30:04,0.475
0,<40,1780194903,2026-05-31T10:35:03,0.445
0,<40,1780195204,2026-05-31T10:40:04,0.42
0,<40,1780195503,2026-05-31T10:45:03,0.375
0,<40,1780195805,2026-05-31T10:50:05,0.375
0,<40,1780196103,2026-05-31T10:55:03,0.41
0,<40,1780196706,2026-05-31T11:05:06,0.405
0,<40,1780197003,2026-05-31T11:10:03,0.405
0,<40,1780197304,2026-05-31T11:15:04,0.405
0,<40,1780197604,2026-05-31T11:20:04,0.405
0,<40,1780197903,2026-05-31T11:25:03,0.405
0,<40,1780198204,2026-05-31T11:30:04,0.405
0,<40,1780198503,2026-05-31T11:35:03,0.405
0,<40,1780198805,2026-05-31T11:40:05,0.405
0,<40,1780199103,2026-05-31T11:45:03,0.405
0,<40,1780199405,2026-05-31T11:50:05,0.405
0,<40,1780199705,2026-05-31T11:55:05,0.405
0,<40,1780200304,2026-05-31T12:05:04,0.405
0,<40,1780200604,2026-05-31T12:10:04,0.405
0,<40,1780200904,2026-05-31T12:15:04,0.405
0,<40,1780201204,2026-05-31T12:20:04,0.405
0,<40,1780201504,2026-05-31T12:25:04,0.405
0,<40,1780201804,2026-05-31T12:30:04,0.405
0,<40,1780202105,2026-05-31T12:35:05,0.405
0,<40,1780202404,2026-05-31T12:40:04,0.405
0,<40,1780202704,2026-05-31T12:45:04,0.405
0,<40,1780203005,2026-05-31T12:50:05,0.405
0,<40,1780203304,2026-05-31T12:55:04,0.385
0,<40,1780203904,2026-05-31T13:05:04,0.385
0,<40,1780204204,2026-05-31T13:10:04,0.395
0,<40,1780204504,2026-05-31T13:15:04,0.405
0,<40,1780204805,2026-05-31T13:20:05,0.395
0,<40,1780205103,2026-05-31T13:25:03,0.405
0,<40,1780205405,2026-05-31T13:30:05,0.405
0,<40,1780205704,2026-05-31T13:35:04,0.405
0,<40,1780206004,2026-05-31T13:40:04,0.415
0,<40,1780206305,2026-05-31T13:45:05,0.415
0,<40,1780206603,2026-05-31T13:50:03,0.405
0,<40,1780206903,2026-05-31T13:55:03,0.405
0,<40,1780207504,2026-05-31T14:05:04,0.415
0,<40,1780207805,2026-05-31T14:10:05,0.415
0,<40,1780208103,2026-05-31T14:15:03,0.415
0,<40,1780208406,2026-05-31T14:20:06,0.395
0,<40,1780208704,2026-05-31T14:25:04,0.385
0,<40,1780209005,2026-05-31T14:30:05,0.385
0,<40,1780209303,2026-05-31T14:35:03,0.4
0,<40,1780209603,2026-05-31T14:40:03,0.425
0,<40,1780209903,2026-05-31T14:45:03,0.4
0,<40,1780210204,2026-05-31T14:50:04,0.37
0,<40,1780210504,2026-05-31T14:55:04,0.365
0,<40,1780211103,2026-05-31T15:05:03,0.375
0,<40,1780211403,2026-05-31T15:10:03,0.385
0,<40,1780211704,2026-05-31T15:15:04,0.39
0,<40,1780212004,2026-05-31T15:20:04,0.39
0,<40,1780212303,2026-05-31T15:25:03,0.395
0,<40,1780212605,2026-05-31T15:30:05,0.4
0,<40,1780212903,2026-05-31T15:35:03,0.4
0,<40,1780213203,2026-05-31T15:40:03,0.4
0,<40,1780213503,2026-05-31T15:45:03,0.4
0,<40,1780213804,2026-05-31T15:50:04,0.405
0,<40,1780214104,2026-05-31T15:55:04,0.405
0,<40,1780214703,2026-05-31T16:05:03,0.395
0,<40,1780215004,2026-05-31T16:10:04,0.395
0,<40,1780215304,2026-05-31T16:15:04,0.415
0,<40,1780215605,2026-05-31T16:20:05,0.415
0,<40,1780215903,2026-05-31T16:25:03,0.415
0,<40,1780216205,2026-05-31T16:30:05,0.415
0,<40,1780216503,2026-05-31T16:35:03,0.415
0,<40,1780216804,2026-05-31T16:40:04,0.415
0,<40,1780217104,2026-05-31T16:45:04,0.415
0,<40,1780217405,2026-05-31T16:50:05,0.415
0,<40,1780217705,2026-05-31T16:55:05,0.415
0,<40,1780218303,2026-05-31T17:05:03,0.415
0,<40,1780218604,2026-05-31T17:10:04,0.415
0,<40,1780218904,2026-05-31T17:15:04,0.415
0,<40,1780219204,2026-05-31T17:20:04,0.405
0,<40,1780219503,2026-05-31T17:25:03,0.405
0,<40,1780219805,2026-05-31T17:30:05,0.405
0,<40,1780220104,2026-05-31T17:35:04,0.395
0,<40,1780220404,2026-05-31T17:40:04,0.395
0,<40,1780220703,2026-05-31T17:45:03,0.4
0,<40,1780221004,2026-05-31T17:50:04,0.395
0,<40,1780221305,2026-05-31T17:55:05,0.395
0,<40,1780221904,2026-05-31T18:05:04,0.385
0,<40,1780222204,2026-05-31T18:10:04,0.385
0,<40,1780222504,2026-05-31T18:15:04,0.385
0,<40,1780222804,2026-05-31T18:20:04,0.395
0,<40,1780223103,2026-05-31T18:25:03,0.395
0,<40,1780223405,2026-05-31T18:30:05,0.395
0,<40,1780223704,2026-05-31T18:35:04,0.395
0,<40,1780224006,2026-05-31T18:40:06,0.385
0,<40,1780224305,2026-05-31T18:45:05,0.385
0,<40,1780224605,2026-05-31T18:50:05,0.395
0,<40,1780224903,2026-05-31T18:55:03,0.395
0,<40,1780225518,2026-05-31T19:05:18,0.375
0,<40,1780225819,2026-05-31T19:10:19,0.375
0,<40,1780226104,2026-05-31T19:15:04,0.375
0,<40,1780226403,2026-05-31T19:20:03,0.375
0,<40,1780226704,2026-05-31T19:25:04,0.39
0,<40,1780227018,2026-05-31T19:30:18,0.39
0,<40,1780227303,2026-05-31T19:35:03,0.39
0,<40,1780227604,2026-05-31T19:40:04,0.385
0,<40,1780227905,2026-05-31T19:45:05,0.385
0,<40,1780228204,2026-05-31T19:50:04,0.385
0,<40,1780228515,2026-05-31T19:55:15,0.385
0,<40,1780229103,2026-05-31T20:05:03,0.385
0,<40,1780229403,2026-05-31T20:10:03,0.385
0,<40,1780229704,2026-05-31T20:15:04,0.385
0,<40,1780230003,2026-05-31T20:20:03,0.385
0,<40,1780230304,2026-05-31T20:25:04,0.385
0,<40,1780230604,2026-05-31T20:30:04,0.385
0,<40,1780230904,2026-05-31T20:35:04,0.385
0,<40,1780231206,2026-05-31T20:40:06,0.315
0,<40,1780231503,2026-05-31T20:45:03,0.32
0,<40,1780231804,2026-05-31T20:50:04,0.32
0,<40,1780232103,2026-05-31T20:55:03,0.33
0,<40,1780232705,2026-05-31T21:05:05,0.355
0,<40,1780233004,2026-05-31T21:10:04,0.355
0,<40,1780233304,2026-05-31T21:15:04,0.355
0,<40,1780233604,2026-05-31T21:20:04,0.355
0,<40,1780233906,2026-05-31T21:25:06,0.355
0,<40,1780234204,2026-05-31T21:30:04,0.355
0,<40,1780234503,2026-05-31T21:35:03,0.365
0,<40,1780234803,2026-05-31T21:40:03,0.365
0,<40,1780235105,2026-05-31T21:45:05,0.365
0,<40,1780235404,2026-05-31T21:50:04,0.365
0,<40,1780235703,2026-05-31T21:55:03,0.365
0,<40,1780236304,2026-05-31T22:05:04,0.365
0,<40,1780236604,2026-05-31T22:10:04,0.365
0,<40,1780236905,2026-05-31T22:15:05,0.365
0,<40,1780237206,2026-05-31T22:20:06,0.365
0,<40,1780237503,2026-05-31T22:25:03,0.365
0,<40,1780237804,2026-05-31T22:30:04,0.365
0,<40,1780238104,2026-05-31T22:35:04,0.365
0,<40,1780238403,2026-05-31T22:40:03,0.415
0,<40,1780238704,2026-05-31T22:45:04,0.415
0,<40,1780239003,2026-05-31T22:50:03,0.415
0,<40,1780239304,2026-05-31T22:55:04,0.415
0,<40,1780239903,2026-05-31T23:05:03,0.445
0,<40,1780240203,2026-05-31T23:10:03,0.445
0,<40,1780240504,2026-05-31T23:15:04,0.44
0,<40,1780240803,2026-05-31T23:20:03,0.455
0,<40,1780241104,2026-05-31T23:25:04,0.455
0,<40,1780241404,2026-05-31T23:30:04,0.455
0,<40,1780241704,2026-05-31T23:35:04,0.455
0,<40,1780242004,2026-05-31T23:40:04,0.4
0,<40,1780242304,2026-05-31T23:45:04,0.39
0,<40,1780242604,2026-05-31T23:50:04,0.425
0,<40,1780242903,2026-05-31T23:55:03,0.425
0,<40,1780243504,2026-06-01T00:05:04,0.415
0,<40,1780243805,2026-06-01T00:10:05,0.415
0,<40,1780244105,2026-06-01T00:15:05,0.415
0,<40,1780244405,2026-06-01T00:20:05,0.415
0,<40,1780244705,2026-06-01T00:25:05,0.425
0,<40,1780245022,2026-06-01T00:30:22,0.475
0,<40,1780245304,2026-06-01T00:35:04,0.495
0,<40,1780245604,2026-06-01T00:40:04,0.515
0,<40,1780245904,2026-06-01T00:45:04,0.515
0,<40,1780246220,2026-06-01T00:50:20,0.545
0,<40,1780246504,2026-06-01T00:55:04,0.57
0,<40,1780247103,2026-06-01T01:05:03,0.585
0,<40,1780247404,2026-06-01T01:10:04,0.585
0,<40,1780247721,2026-06-01T01:15:21,0.585
0,<40,1780248008,2026-06-01T01:20:08,0.585
0,<40,1780248303,2026-06-01T01:25:03,0.585
0,<40,1780248605,2026-06-01T01:30:05,0.59
0,<40,1780248904,2026-06-01T01:35:04,0.59
0,<40,1780249204,2026-06-01T01:40:04,0.585
0,<40,1780249504,2026-06-01T01:45:04,0.585
0,<40,1780249806,2026-06-01T01:50:06,0.585
0,<40,1780250104,2026-06-01T01:55:04,0.62
0,<40,1780250704,2026-06-01T02:05:04,0.63
0,<40,1780251004,2026-06-01T02:10:04,0.63
0,<40,1780251304,2026-06-01T02:15:04,0.635
0,<40,1780251603,2026-06-01T02:20:03,0.65
0,<40,1780251905,2026-06-01T02:25:05,0.645
0,<40,1780252204,2026-06-01T02:30:04,0.645
0,<40,1780252503,2026-06-01T02:35:03,0.64
0,<40,1780252803,2026-06-01T02:40:03,0.64
0,<40,1780253103,2026-06-01T02:45:03,0.635
0,<40,1780253405,2026-06-01T02:50:05,0.635
0,<40,1780253704,2026-06-01T02:55:04,0.635
0,<40,1780254306,2026-06-01T03:05:06,0.635
0,<40,1780254605,2026-06-01T03:10:05,0.645
0,<40,1780254904,2026-06-01T03:15:04,0.645
0,<40,1780255204,2026-06-01T03:20:04,0.645
0,<40,1780255504,2026-06-01T03:25:04,0.645
0,<40,1780255804,2026-06-01T03:30:04,0.665
0,<40,1780256103,2026-06-01T03:35:03,0.67
0,<40,1780256403,2026-06-01T03:40:03,0.675
0,<40,1780256704,2026-06-01T03:45:04,0.675
0,<40,1780257005,2026-06-01T03:50:05,0.67
0,<40,1780257305,2026-06-01T03:55:05,0.675
0,<40,1780257904,2026-06-01T04:05:04,0.66
0,<40,1780258204,2026-06-01T04:10:04,0.675
0,<40,1780258504,2026-06-01T04:15:04,0.675
0,<40,1780258805,2026-06-01T04:20:05,0.685
0,<40,1780259104,2026-06-01T04:25:04,0.685
0,<40,1780259405,2026-06-01T04:30:05,0.695
0,<40,1780259706,2026-06-01T04:35:06,0.715
0,<40,1780260006,2026-06-01T04:40:06,0.725
0,<40,1780260319,2026-06-01T04:45:19,0.725
0,<40,1780260604,2026-06-01T04:50:04,0.735
0,<40,1780260904,2026-06-01T04:55:04,0.735
0,<40,1780261506,2026-06-01T05:05:06,0.735
0,<40,1780261804,2026-06-01T05:10:04,0.735
0,<40,1780262103,2026-06-01T05:15:03,0.745
0,<40,1780262404,2026-06-01T05:20:04,0.74
0,<40,1780262704,2026-06-01T05:25:04,0.745
0,<40,1780263005,2026-06-01T05:30:05,0.745
0,<40,1780263303,2026-06-01T05:35:03,0.75
0,<40,1780263605,2026-06-01T05:40:05,0.745
0,<40,1780263906,2026-06-01T05:45:06,0.75
0,<40,1780264203,2026-06-01T05:50:03,0.75
0,<40,1780264505,2026-06-01T05:55:05,0.75
0,<40,1780265105,2026-06-01T06:05:05,0.745
0,<40,1780265404,2026-06-01T06:10:04,0.745
0,<40,1780265704,2026-06-01T06:15:04,0.745
0,<40,1780266034,2026-06-01T06:20:34,0.715
0,<40,1780266304,2026-06-01T06:25:04,0.715
0,<40,1780266605,2026-06-01T06:30:05,0.715
0,<40,1780266903,2026-06-01T06:35:03,0.725
0,<40,1780267204,2026-06-01T06:40:04,0.695
0,<40,1780267504,2026-06-01T06:45:04,0.685
0,<40,1780267803,2026-06-01T06:50:03,0.685
0,<40,1780268104,2026-06-01T06:55:04,0.695
0,<40,1780268705,2026-06-01T07:05:05,0.69
0,<40,1780269005,2026-06-01T07:10:05,0.695
0,<40,1780269304,2026-06-01T07:15:04,0.705
0,<40,1780269605,2026-06-01T07:20:05,0.715
0,<40,1780269904,2026-06-01T07:25:04,0.725
0,<40,1780270204,2026-06-01T07:30:04,0.725
0,<40,1780270504,2026-06-01T07:35:04,0.735
0,<40,1780270803,2026-06-01T07:40:03,0.735
0,<40,1780271106,2026-06-01T07:45:06,0.745
0,<40,1780271404,2026-06-01T07:50:04,0.67
0,<40,1780271704,2026-06-01T07:55:04,0.665
0,<40,1780272303,2026-06-01T08:05:03,0.685
0,<40,1780272604,2026-06-01T08:10:04,0.705
0,<40,1780272904,2026-06-01T08:15:04,0.705
0,<40,1780273204,2026-06-01T08:20:04,0.74
0,<40,1780273504,2026-06-01T08:25:04,0.74
0,<40,1780273804,2026-06-01T08:30:04,0.735
0,<40,1780274104,2026-06-01T08:35:04,0.745
0,<40,1780274405,2026-06-01T08:40:05,0.745
0,<40,1780274704,2026-06-01T08:45:04,0.745
0,<40,1780275003,2026-06-01T08:50:03,0.745
0,<40,1780275304,2026-06-01T08:55:04,0.745
0,<40,1780275903,2026-06-01T09:05:03,0.745
0,<40,1780276204,2026-06-01T09:10:04,0.755
0,<40,1780276504,2026-06-01T09:15:04,0.755
0,<40,1780276804,2026-06-01T09:20:04,0.755
0,<40,1780277104,2026-06-01T09:25:04,0.755
0,<40,1780277404,2026-06-01T09:30:04,0.755
0,<40,1780277705,2026-06-01T09:35:05,0.755
0,<40,1780278004,2026-06-01T09:40:04,0.755
0,<40,1780278304,2026-06-01T09:45:04,0.755
0,<40,1780278605,2026-06-01T09:50:05,0.755
0,<40,1780278920,2026-06-01T09:55:20,0.795
0,<40,1780279503,2026-06-01T10:05:03,0.805
0,<40,1780279815,2026-06-01T10:10:15,0.685
0,<40,1780280104,2026-06-01T10:15:04,0.725
0,<40,1780280405,2026-06-01T10:20:05,0.71
0,<40,1780280704,2026-06-01T10:25:04,0.73
0,<40,1780281004,2026-06-01T10:30:04,0.73
0,<40,1780281303,2026-06-01T10:35:03,0.745
0,<40,1780281606,2026-06-01T10:40:06,0.755
0,<40,1780281903,2026-06-01T10:45:03,0.75
0,<40,1780282203,2026-06-01T10:50:03,0.75
0,<40,1780282503,2026-06-01T10:55:03,0.76
0,<40,1780283117,2026-06-01T11:05:17,0.805
0,<40,1780283405,2026-06-01T11:10:05,0.805
0,<40,1780283703,2026-06-01T11:15:03,0.805
0,<40,1780284004,2026-06-01T11:20:04,0.805
0,<40,1780284306,2026-06-01T11:25:06,0.805
0,<40,1780284604,2026-06-01T11:30:04,0.675
0,<40,1780284903,2026-06-01T11:35:03,0.725
0,<40,1780285205,2026-06-01T11:40:05,0.755
0,<40,1780285504,2026-06-01T11:45:04,0.775
0,<40,1780285804,2026-06-01T11:50:04,0.775
0,<40,1780286103,2026-06-01T11:55:03,0.775
0,<40,1780286704,2026-06-01T12:05:04,0.785
0,<40,1780287003,2026-06-01T12:10:03,0.785
0,<40,1780287304,2026-06-01T12:15:04,0.615
0,<40,1780287604,2026-06-01T12:20:04,0.55
0,<40,1780287904,2026-06-01T12:25:04,0.605
0,<40,1780288204,2026-06-01T12:30:04,0.665
0,<40,1780288504,2026-06-01T12:35:04,0.675
0,<40,1780288804,2026-06-01T12:40:04,0.625
0,<40,1780289105,2026-06-01T12:45:05,0.635
0,<40,1780289404,2026-06-01T12:50:04,0.535
0,<40,1780289704,2026-06-01T12:55:04,0.565
0,<40,1780290304,2026-06-01T13:05:04,0.385
0,<40,1780290605,2026-06-01T13:10:05,0.42
0,<40,1780290904,2026-06-01T13:15:04,0.475
0,<40,1780291204,2026-06-01T13:20:04,0.535
0,<40,1780291504,2026-06-01T13:25:04,0.595
0,<40,1780291805,2026-06-01T13:30:05,0.605
0,<40,1780292103,2026-06-01T13:35:03,0.655
0,<40,1780292404,2026-06-01T13:40:04,0.665
0,<40,1780292704,2026-06-01T13:45:04,0.66
0,<40,1780293003,2026-06-01T13:50:03,0.66
0,<40,1780293316,2026-06-01T13:55:16,0.675
0,<40,1780293903,2026-06-01T14:05:03,0.665
0,<40,1780294204,2026-06-01T14:10:04,0.665
0,<40,1780294504,2026-06-01T14:15:04,0.665
0,<40,1780294804,2026-06-01T14:20:04,0.665
0,<40,1780295104,2026-06-01T14:25:04,0.675
0,<40,1780295416,2026-06-01T14:30:16,0.675
0,<40,1780295704,2026-06-01T14:35:04,0.675
0,<40,1780296003,2026-06-01T14:40:03,0.685
0,<40,1780296304,2026-06-01T14:45:04,0.695
0,<40,1780296604,2026-06-01T14:50:04,0.775
0,<40,1780296903,2026-06-01T14:55:03,0.795
0,<40,1780297503,2026-06-01T15:05:03,0.795
0,<40,1780297804,2026-06-01T15:10:04,0.78
0,<40,1780298104,2026-06-01T15:15:04,0.775
0,<40,1780298405,2026-06-01T15:20:05,0.78
0,<40,1780298703,2026-06-01T15:25:03,0.78
0,<40,1780299004,2026-06-01T15:30:04,0.78
0,<40,1780299305,2026-06-01T15:35:05,0.78
0,<40,1780299603,2026-06-01T15:40:03,0.78
0,<40,1780299905,2026-06-01T15:45:05,0.785
0,<40,1780300205,2026-06-01T15:50:05,0.785
0,<40,1780300505,2026-06-01T15:55:05,0.77
0,<40,1780301105,2026-06-01T16:05:05,0.78
0,<40,1780301404,2026-06-01T16:10:04,0.785
0,<40,1780301704,2026-06-01T16:15:04,0.785
0,<40,1780302019,2026-06-01T16:20:19,0.795
0,<40,1780302303,2026-06-01T16:25:03,0.795
0,<40,1780302604,2026-06-01T16:30:04,0.795
0,<40,1780302903,2026-06-01T16:35:03,0.795
0,<40,1780303203,2026-06-01T16:40:03,0.795
0,<40,1780303519,2026-06-01T16:45:19,0.795
0,<40,1780303803,2026-06-01T16:50:03,0.795
0,<40,1780304104,2026-06-01T16:55:04,0.795
0,<40,1780304704,2026-06-01T17:05:04,0.795
0,<40,1780305004,2026-06-01T17:10:04,0.795
0,<40,1780305305,2026-06-01T17:15:05,0.795
0,<40,1780305605,2026-06-01T17:20:05,0.795
0,<40,1780305903,2026-06-01T17:25:03,0.79
0,<40,1780306204,2026-06-01T17:30:04,0.79
0,<40,1780306503,2026-06-01T17:35:03,0.79
0,<40,1780306805,2026-06-01T17:40:05,0.785
0,<40,1780307104,2026-06-01T17:45:04,0.78
0,<40,1780307404,2026-06-01T17:50:04,0.775
0,<40,1780307704,2026-06-01T17:55:04,0.775
0,<40,1780308303,2026-06-01T18:05:03,0.775
0,<40,1780308605,2026-06-01T18:10:05,0.775
0,<40,1780308903,2026-06-01T18:15:03,0.775
0,<40,1780309203,2026-06-01T18:20:03,0.775
0,<40,1780309503,2026-06-01T18:25:03,0.765
0,<40,1780309805,2026-06-01T18:30:05,0.755
0,<40,1780310104,2026-06-01T18:35:04,0.755
0,<40,1780310405,2026-06-01T18:40:05,0.755
0,<40,1780310704,2026-06-01T18:45:04,0.76
0,<40,1780311004,2026-06-01T18:50:04,0.765
0,<40,1780311304,2026-06-01T18:55:04,0.755
0,<40,1780311904,2026-06-01T19:05:04,0.755
0,<40,1780312204,2026-06-01T19:10:04,0.755
0,<40,1780312504,2026-06-01T19:15:04,0.76
0,<40,1780312803,2026-06-01T19:20:03,0.73
0,<40,1780313104,2026-06-01T19:25:04,0.74
0,<40,1780313405,2026-06-01T19:30:05,0.745
0,<40,1780313703,2026-06-01T19:35:03,0.745
0,<40,1780314004,2026-06-01T19:40:04,0.75
0,<40,1780314304,2026-06-01T19:45:04,0.75
0,<40,1780314605,2026-06-01T19:50:05,0.755
0,<40,1780314903,2026-06-01T19:55:03,0.745
0,<40,1780315504,2026-06-01T20:05:04,0.785
0,<40,1780315804,2026-06-01T20:10:04,0.795
0,<40,1780316104,2026-06-01T20:15:04,0.805
0,<40,1780316406,2026-06-01T20:20:06,0.815
0,<40,1780316704,2026-06-01T20:25:04,0.825
0,<40,1780317005,2026-06-01T20:30:05,0.825
0,<40,1780317305,2026-06-01T20:35:05,0.825
0,<40,1780317605,2026-06-01T20:40:05,0.855
0,<40,1780317903,2026-06-01T20:45:03,0.845
0,<40,1780318204,2026-06-01T20:50:04,0.84
0,<40,1780318503,2026-06-01T20:55:03,0.835
0,<40,1780319104,2026-06-01T21:05:04,0.825
0,<40,1780319404,2026-06-01T21:10:04,0.835
0,<40,1780319703,2026-06-01T21:15:03,0.84
0,<40,1780320004,2026-06-01T21:20:04,0.67
0,<40,1780320318,2026-06-01T21:25:18,0.615
0,<40,1780320604,2026-06-01T21:30:04,0.72
0,<40,1780320905,2026-06-01T21:35:05,0.835
0,<40,1780321205,2026-06-01T21:40:05,0.815
0,<40,1780321505,2026-06-01T21:45:05,0.595
0,<40,1780321805,2026-06-01T21:50:05,0.685
0,<40,1780322104,2026-06-01T21:55:04,0.735
0,<40,1780322704,2026-06-01T22:05:04,0.74
0,<40,1780323006,2026-06-01T22:10:06,0.72
0,<40,1780323304,2026-06-01T22:15:04,0.795
0,<40,1780323606,2026-06-01T22:20:06,0.815
0,<40,1780323905,2026-06-01T22:25:05,0.825
0,<40,1780324205,2026-06-01T22:30:05,0.84
0,<40,1780324507,2026-06-01T22:35:07,0.85
0,<40,1780324806,2026-06-01T22:40:06,0.84
0,<40,1780325105,2026-06-01T22:45:05,0.845
0,<40,1780325405,2026-06-01T22:50:05,0.86
0,<40,1780325704,2026-06-01T22:55:04,0.855
0,<40,1780326304,2026-06-01T23:05:04,0.865
0,<40,1780326605,2026-06-01T23:10:05,0.88
0,<40,1780326904,2026-06-01T23:15:04,0.895
0,<40,1780327204,2026-06-01T23:20:04,0.925
0,<40,1780327504,2026-06-01T23:25:04,0.945
0,<40,1780327806,2026-06-01T23:30:06,0.975
0,<40,1780328117,2026-06-01T23:35:17,0.974
0,<40,1780328404,2026-06-01T23:40:04,0.9805
0,<40,1780328703,2026-06-01T23:45:03,0.991
0,<40,1780329005,2026-06-01T23:50:05,0.935
0,<40,1780329305,2026-06-01T23:55:05,0.986
0,<40,1780329905,2026-06-02T00:05:05,0.9995
0,<40,1780330205,2026-06-02T00:10:05,0.9995
0,<40,1780330504,2026-06-02T00:15:04,0.9995
0,<40,1780330804,2026-06-02T00:20:04,0.9995
0,<40,1780331105,2026-06-02T00:25:05,0.9995
0,<40,1780331406,2026-06-02T00:30:06,0.9995
0,<40,1780331704,2026-06-02T00:35:04,0.9995
0,<40,1780332004,2026-06-02T00:40:04,0.9995
0,<40,1780332306,2026-06-02T00:45:06,0.9995
0,<40,1780332604,2026-06-02T00:50:04,0.9995
0,<40,1780332906,2026-06-02T00:55:06,0.9995
0,<40,1780333504,2026-06-02T01:05:04,0.9995
0,<40,1780333804,2026-06-02T01:10:04,0.9995
0,<40,1780334104,2026-06-02T01:15:04,0.9995
0,<40,1780334406,2026-06-02T01:20:06,0.9995
0,<40,1780334704,2026-06-02T01:25:04,0.9995
0,<40,1780335006,2026-06-02T01:30:06,0.9995
0,<40,1780335305,2026-06-02T01:35:05,0.9995
0,<40,1780335603,2026-06-02T01:40:03,0.9995
0,<40,1780335906,2026-06-02T01:45:06,0.9995
0,<40,1780336204,2026-06-02T01:50:04,0.9995
0,<40,1780336504,2026-06-02T01:55:04,0.9995
0,<40,1780337104,2026-06-02T02:05:04,0.9995
0,<40,1780337405,2026-06-02T02:10:05,0.9995
0,<40,1780337704,2026-06-02T02:15:04,0.9995
1,40-64,1779993006,2026-05-29T02:30:06,0.34
1,40-64,1779993304,2026-05-29T02:35:04,0.32
1,40-64,1779993604,2026-05-29T02:40:04,0.33
1,40-64,1779993904,2026-05-29T02:45:04,0.315
1,40-64,1779994205,2026-05-29T02:50:05,0.345
1,40-64,1779994504,2026-05-29T02:55:04,0.295
1,40-64,1779995105,2026-05-29T03:05:05,0.285
1,40-64,1779995406,2026-05-29T03:10:06,0.285
1,40-64,1779995705,2026-05-29T03:15:05,0.295
1,40-64,1779996006,2026-05-29T03:20:06,0.305
1,40-64,1779996304,2026-05-29T03:25:04,0.305
1,40-64,1779996612,2026-05-29T03:30:12,0.305
1,40-64,1779996904,2026-05-29T03:35:04,0.295
1,40-64,1779997205,2026-05-29T03:40:05,0.285
1,40-64,1779997503,2026-05-29T03:45:03,0.315
1,40-64,1779997805,2026-05-29T03:50:05,0.35
1,40-64,1779998106,2026-05-29T03:55:06,0.33
1,40-64,1779998703,2026-05-29T04:05:03,0.415
1,40-64,1779999005,2026-05-29T04:10:05,0.405
1,40-64,1779999304,2026-05-29T04:15:04,0.41
1,40-64,1779999607,2026-05-29T04:20:07,0.42
1,40-64,1779999905,2026-05-29T04:25:05,0.41
1,40-64,1780000209,2026-05-29T04:30:09,0.425
1,40-64,1780000505,2026-05-29T04:35:05,0.43
1,40-64,1780000806,2026-05-29T04:40:06,0.46
1,40-64,1780001104,2026-05-29T04:45:04,0.46
1,40-64,1780001403,2026-05-29T04:50:03,0.46
1,40-64,1780001705,2026-05-29T04:55:05,0.46
1,40-64,1780002304,2026-05-29T05:05:04,0.46
1,40-64,1780002603,2026-05-29T05:10:03,0.425
1,40-64,1780002904,2026-05-29T05:15:04,0.425
1,40-64,1780003203,2026-05-29T05:20:03,0.44
1,40-64,1780003503,2026-05-29T05:25:03,0.425
1,40-64,1780003807,2026-05-29T05:30:07,0.44
1,40-64,1780004103,2026-05-29T05:35:03,0.43
1,40-64,1780004403,2026-05-29T05:40:03,0.43
1,40-64,1780004704,2026-05-29T05:45:04,0.435
1,40-64,1780005004,2026-05-29T05:50:04,0.435
1,40-64,1780005305,2026-05-29T05:55:05,0.435
1,40-64,1780005905,2026-05-29T06:05:05,0.435
1,40-64,1780006205,2026-05-29T06:10:05,0.435
1,40-64,1780006505,2026-05-29T06:15:05,0.435
1,40-64,1780006805,2026-05-29T06:20:05,0.435
1,40-64,1780007106,2026-05-29T06:25:06,0.43
1,40-64,1780007407,2026-05-29T06:30:07,0.435
1,40-64,1780007708,2026-05-29T06:35:08,0.435
1,40-64,1780008004,2026-05-29T06:40:04,0.435
1,40-64,1780008304,2026-05-29T06:45:04,0.435
1,40-64,1780008603,2026-05-29T06:50:03,0.435
1,40-64,1780008904,2026-05-29T06:55:04,0.435
1,40-64,1780009517,2026-05-29T07:05:17,0.435
1,40-64,1780009805,2026-05-29T07:10:05,0.435
1,40-64,1780010104,2026-05-29T07:15:04,0.435
1,40-64,1780010417,2026-05-29T07:20:17,0.435
1,40-64,1780010705,2026-05-29T07:25:05,0.43
1,40-64,1780011005,2026-05-29T07:30:05,0.435
1,40-64,1780011303,2026-05-29T07:35:03,0.435
1,40-64,1780011604,2026-05-29T07:40:04,0.435
1,40-64,1780011905,2026-05-29T07:45:05,0.435
1,40-64,1780012206,2026-05-29T07:50:06,0.435
1,40-64,1780012504,2026-05-29T07:55:04,0.435
1,40-64,1780013103,2026-05-29T08:05:03,0.485
1,40-64,1780013405,2026-05-29T08:10:05,0.485
1,40-64,1780013704,2026-05-29T08:15:04,0.485
1,40-64,1780014004,2026-05-29T08:20:04,0.485
1,40-64,1780014304,2026-05-29T08:25:04,0.485
1,40-64,1780014609,2026-05-29T08:30:09,0.49
1,40-64,1780014904,2026-05-29T08:35:04,0.49
1,40-64,1780015204,2026-05-29T08:40:04,0.49
1,40-64,1780015506,2026-05-29T08:45:06,0.485
1,40-64,1780015805,2026-05-29T08:50:05,0.49
1,40-64,1780016104,2026-05-29T08:55:04,0.49
1,40-64,1780016703,2026-05-29T09:05:03,0.49
1,40-64,1780017004,2026-05-29T09:10:04,0.49
1,40-64,1780017304,2026-05-29T09:15:04,0.49
1,40-64,1780017605,2026-05-29T09:20:05,0.49
1,40-64,1780017903,2026-05-29T09:25:03,0.485
1,40-64,1780018204,2026-05-29T09:30:04,0.49
1,40-64,1780018503,2026-05-29T09:35:03,0.495
1,40-64,1780018804,2026-05-29T09:40:04,0.495
1,40-64,1780019104,2026-05-29T09:45:04,0.495
1,40-64,1780019404,2026-05-29T09:50:04,0.495
1,40-64,1780019703,2026-05-29T09:55:03,0.495
1,40-64,1780020304,2026-05-29T10:05:04,0.495
1,40-64,1780020604,2026-05-29T10:10:04,0.495
1,40-64,1780020904,2026-05-29T10:15:04,0.495
1,40-64,1780021204,2026-05-29T10:20:04,0.495
1,40-64,1780021504,2026-05-29T10:25:04,0.49
1,40-64,1780021804,2026-05-29T10:30:04,0.495
1,40-64,1780022104,2026-05-29T10:35:04,0.495
1,40-64,1780022403,2026-05-29T10:40:03,0.495
1,40-64,1780022703,2026-05-29T10:45:03,0.495
1,40-64,1780023003,2026-05-29T10:50:03,0.495
1,40-64,1780023303,2026-05-29T10:55:03,0.495
1,40-64,1780023903,2026-05-29T11:05:03,0.495
1,40-64,1780024203,2026-05-29T11:10:03,0.495
1,40-64,1780024505,2026-05-29T11:15:05,0.495
1,40-64,1780024804,2026-05-29T11:20:04,0.495
1,40-64,1780025104,2026-05-29T11:25:04,0.49
1,40-64,1780025405,2026-05-29T11:30:05,0.495
1,40-64,1780025703,2026-05-29T11:35:03,0.495
1,40-64,1780026003,2026-05-29T11:40:03,0.495
1,40-64,1780026305,2026-05-29T11:45:05,0.495
1,40-64,1780026606,2026-05-29T11:50:06,0.495
1,40-64,1780026916,2026-05-29T11:55:16,0.495
1,40-64,1780027504,2026-05-29T12:05:04,0.495
1,40-64,1780027804,2026-05-29T12:10:04,0.495
1,40-64,1780028104,2026-05-29T12:15:04,0.495
1,40-64,1780028404,2026-05-29T12:20:04,0.495
1,40-64,1780028704,2026-05-29T12:25:04,0.485
1,40-64,1780029005,2026-05-29T12:30:05,0.495
1,40-64,1780029304,2026-05-29T12:35:04,0.49
1,40-64,1780029605,2026-05-29T12:40:05,0.49
1,40-64,1780029904,2026-05-29T12:45:04,0.49
1,40-64,1780030205,2026-05-29T12:50:05,0.49
1,40-64,1780030505,2026-05-29T12:55:05,0.49
1,40-64,1780031105,2026-05-29T13:05:05,0.49
1,40-64,1780031406,2026-05-29T13:10:06,0.49
1,40-64,1780031705,2026-05-29T13:15:05,0.49
1,40-64,1780032003,2026-05-29T13:20:03,0.49
1,40-64,1780032305,2026-05-29T13:25:05,0.495
1,40-64,1780032605,2026-05-29T13:30:05,0.5
1,40-64,1780032915,2026-05-29T13:35:15,0.5
1,40-64,1780033203,2026-05-29T13:40:03,0.5
1,40-64,1780033505,2026-05-29T13:45:05,0.5
1,40-64,1780033803,2026-05-29T13:50:03,0.5
1,40-64,1780034103,2026-05-29T13:55:03,0.5
1,40-64,1780034704,2026-05-29T14:05:04,0.5
1,40-64,1780035016,2026-05-29T14:10:16,0.5
1,40-64,1780035304,2026-05-29T14:15:04,0.5
1,40-64,1780035603,2026-05-29T14:20:03,0.5
1,40-64,1780035905,2026-05-29T14:25:05,0.5
1,40-64,1780036205,2026-05-29T14:30:05,0.5
1,40-64,1780036504,2026-05-29T14:35:04,0.5
1,40-64,1780036804,2026-05-29T14:40:04,0.5
1,40-64,1780037104,2026-05-29T14:45:04,0.5
1,40-64,1780037404,2026-05-29T14:50:04,0.5
1,40-64,1780037704,2026-05-29T14:55:04,0.5
1,40-64,1780038304,2026-05-29T15:05:04,0.5
1,40-64,1780038603,2026-05-29T15:10:03,0.5
1,40-64,1780038914,2026-05-29T15:15:14,0.5
1,40-64,1780039204,2026-05-29T15:20:04,0.5
1,40-64,1780039503,2026-05-29T15:25:03,0.5
1,40-64,1780039804,2026-05-29T15:30:04,0.5
1,40-64,1780040105,2026-05-29T15:35:05,0.5
1,40-64,1780040406,2026-05-29T15:40:06,0.5
1,40-64,1780040704,2026-05-29T15:45:04,0.5
1,40-64,1780041004,2026-05-29T15:50:04,0.5
1,40-64,1780041303,2026-05-29T15:55:03,0.5
1,40-64,1780041904,2026-05-29T16:05:04,0.5
1,40-64,1780042203,2026-05-29T16:10:03,0.5
1,40-64,1780042503,2026-05-29T16:15:03,0.5
1,40-64,1780042803,2026-05-29T16:20:03,0.5
1,40-64,1780043103,2026-05-29T16:25:03,0.5
1,40-64,1780043404,2026-05-29T16:30:04,0.5
1,40-64,1780043703,2026-05-29T16:35:03,0.5
1,40-64,1780044004,2026-05-29T16:40:04,0.5
1,40-64,1780044303,2026-05-29T16:45:03,0.5
1,40-64,1780044603,2026-05-29T16:50:03,0.5
1,40-64,1780044903,2026-05-29T16:55:03,0.5
1,40-64,1780045505,2026-05-29T17:05:05,0.5
1,40-64,1780045804,2026-05-29T17:10:04,0.5
1,40-64,1780046104,2026-05-29T17:15:04,0.5
1,40-64,1780046404,2026-05-29T17:20:04,0.5
1,40-64,1780046706,2026-05-29T17:25:06,0.5
1,40-64,1780047019,2026-05-29T17:30:19,0.5
1,40-64,1780047304,2026-05-29T17:35:04,0.53
1,40-64,1780047604,2026-05-29T17:40:04,0.53
1,40-64,1780047903,2026-05-29T17:45:03,0.53
1,40-64,1780048205,2026-05-29T17:50:05,0.53
1,40-64,1780048504,2026-05-29T17:55:04,0.53
1,40-64,1780049103,2026-05-29T18:05:03,0.53
1,40-64,1780049403,2026-05-29T18:10:03,0.53
1,40-64,1780049704,2026-05-29T18:15:04,0.53
1,40-64,1780050004,2026-05-29T18:20:04,0.53
1,40-64,1780050304,2026-05-29T18:25:04,0.515
1,40-64,1780050604,2026-05-29T18:30:04,0.515
1,40-64,1780050903,2026-05-29T18:35:03,0.515
1,40-64,1780051204,2026-05-29T18:40:04,0.515
1,40-64,1780051504,2026-05-29T18:45:04,0.515
1,40-64,1780051803,2026-05-29T18:50:03,0.515
1,40-64,1780052105,2026-05-29T18:55:05,0.515
1,40-64,1780052704,2026-05-29T19:05:04,0.515
1,40-64,1780053003,2026-05-29T19:10:03,0.525
1,40-64,1780053304,2026-05-29T19:15:04,0.52
1,40-64,1780053604,2026-05-29T19:20:04,0.515
1,40-64,1780053904,2026-05-29T19:25:04,0.51
1,40-64,1780054204,2026-05-29T19:30:04,0.515
1,40-64,1780054504,2026-05-29T19:35:04,0.515
1,40-64,1780054804,2026-05-29T19:40:04,0.515
1,40-64,1780055105,2026-05-29T19:45:05,0.52
1,40-64,1780055404,2026-05-29T19:50:04,0.52
1,40-64,1780055703,2026-05-29T19:55:03,0.515
1,40-64,1780056319,2026-05-29T20:05:19,0.52
1,40-64,1780056325,2026-05-29T20:05:25,0.515
1,40-64,1780056603,2026-05-29T20:10:03,0.53
1,40-64,1780058104,2026-05-29T20:35:04,0.52
1,40-64,1780058403,2026-05-29T20:40:03,0.53
1,40-64,1780058703,2026-05-29T20:45:03,0.57
1,40-64,1780059003,2026-05-29T20:50:03,0.565
1,40-64,1780059304,2026-05-29T20:55:04,0.565
1,40-64,1780059904,2026-05-29T21:05:04,0.565
1,40-64,1780060203,2026-05-29T21:10:03,0.565
1,40-64,1780061405,2026-05-29T21:30:05,0.515
1,40-64,1780061704,2026-05-29T21:35:04,0.515
1,40-64,1780062003,2026-05-29T21:40:03,0.515
1,40-64,1780062307,2026-05-29T21:45:07,0.51
1,40-64,1780062605,2026-05-29T21:50:05,0.505
1,40-64,1780062904,2026-05-29T21:55:04,0.52
1,40-64,1780063504,2026-05-29T22:05:04,0.515
1,40-64,1780063805,2026-05-29T22:10:05,0.51
1,40-64,1780064103,2026-05-29T22:15:03,0.515
1,40-64,1780064404,2026-05-29T22:20:04,0.525
1,40-64,1780064704,2026-05-29T22:25:04,0.525
1,40-64,1780065006,2026-05-29T22:30:06,0.515
1,40-64,1780065304,2026-05-29T22:35:04,0.56
1,40-64,1780065604,2026-05-29T22:40:04,0.56
1,40-64,1780065904,2026-05-29T22:45:04,0.585
1,40-64,1780066204,2026-05-29T22:50:04,0.545
1,40-64,1780066504,2026-05-29T22:55:04,0.535
1,40-64,1780067105,2026-05-29T23:05:05,0.535
1,40-64,1780067405,2026-05-29T23:10:05,0.535
1,40-64,1780067704,2026-05-29T23:15:04,0.535
1,40-64,1780068005,2026-05-29T23:20:05,0.535
1,40-64,1780068303,2026-05-29T23:25:03,0.535
1,40-64,1780068605,2026-05-29T23:30:05,0.535
1,40-64,1780068905,2026-05-29T23:35:05,0.535
1,40-64,1780069204,2026-05-29T23:40:04,0.535
1,40-64,1780069506,2026-05-29T23:45:06,0.535
1,40-64,1780069804,2026-05-29T23:50:04,0.535
1,40-64,1780070103,2026-05-29T23:55:03,0.535
1,40-64,1780070704,2026-05-30T00:05:04,0.535
1,40-64,1780071004,2026-05-30T00:10:04,0.535
1,40-64,1780071306,2026-05-30T00:15:06,0.535
1,40-64,1780071605,2026-05-30T00:20:05,0.535
1,40-64,1780071904,2026-05-30T00:25:04,0.54
1,40-64,1780072205,2026-05-30T00:30:05,0.54
1,40-64,1780072503,2026-05-30T00:35:03,0.535
1,40-64,1780072805,2026-05-30T00:40:05,0.535
1,40-64,1780073103,2026-05-30T00:45:03,0.535
1,40-64,1780073404,2026-05-30T00:50:04,0.535
1,40-64,1780073704,2026-05-30T00:55:04,0.535
1,40-64,1780074306,2026-05-30T01:05:06,0.555
1,40-64,1780074603,2026-05-30T01:10:03,0.55
1,40-64,1780074905,2026-05-30T01:15:05,0.55
1,40-64,1780075206,2026-05-30T01:20:06,0.56
1,40-64,1780075503,2026-05-30T01:25:03,0.55
1,40-64,1780075804,2026-05-30T01:30:04,0.55
1,40-64,1780076103,2026-05-30T01:35:03,0.55
1,40-64,1780076403,2026-05-30T01:40:03,0.55
1,40-64,1780076703,2026-05-30T01:45:03,0.55
1,40-64,1780077017,2026-05-30T01:50:17,0.55
1,40-64,1780077303,2026-05-30T01:55:03,0.55
1,40-64,1780077904,2026-05-30T02:05:04,0.55
1,40-64,1780078205,2026-05-30T02:10:05,0.545
1,40-64,1780078504,2026-05-30T02:15:04,0.545
1,40-64,1780078803,2026-05-30T02:20:03,0.545
1,40-64,1780079104,2026-05-30T02:25:04,0.545
1,40-64,1780079407,2026-05-30T02:30:07,0.545
1,40-64,1780079719,2026-05-30T02:35:19,0.545
1,40-64,1780080016,2026-05-30T02:40:16,0.545
1,40-64,1780080304,2026-05-30T02:45:04,0.545
1,40-64,1780080604,2026-05-30T02:50:04,0.55
1,40-64,1780080903,2026-05-30T02:55:03,0.55
1,40-64,1780081504,2026-05-30T03:05:04,0.55
1,40-64,1780081815,2026-05-30T03:10:15,0.55
1,40-64,1780082105,2026-05-30T03:15:05,0.55
1,40-64,1780082405,2026-05-30T03:20:05,0.55
1,40-64,1780082704,2026-05-30T03:25:04,0.55
1,40-64,1780083004,2026-05-30T03:30:04,0.55
1,40-64,1780083303,2026-05-30T03:35:03,0.55
1,40-64,1780083604,2026-05-30T03:40:04,0.55
1,40-64,1780083904,2026-05-30T03:45:04,0.55
1,40-64,1780084204,2026-05-30T03:50:04,0.555
1,40-64,1780084504,2026-05-30T03:55:04,0.555
1,40-64,1780085103,2026-05-30T04:05:03,0.555
1,40-64,1780085403,2026-05-30T04:10:03,0.555
1,40-64,1780085704,2026-05-30T04:15:04,0.555
1,40-64,1780086005,2026-05-30T04:20:05,0.555
1,40-64,1780086304,2026-05-30T04:25:04,0.555
1,40-64,1780086604,2026-05-30T04:30:04,0.555
1,40-64,1780086904,2026-05-30T04:35:04,0.555
1,40-64,1780087205,2026-05-30T04:40:05,0.555
1,40-64,1780087503,2026-05-30T04:45:03,0.555
1,40-64,1780087805,2026-05-30T04:50:05,0.555
1,40-64,1780088105,2026-05-30T04:55:05,0.555
1,40-64,1780088704,2026-05-30T05:05:04,0.555
1,40-64,1780089005,2026-05-30T05:10:05,0.555
1,40-64,1780089303,2026-05-30T05:15:03,0.555
1,40-64,1780089604,2026-05-30T05:20:04,0.545
1,40-64,1780089904,2026-05-30T05:25:04,0.545
1,40-64,1780090204,2026-05-30T05:30:04,0.545
1,40-64,1780090504,2026-05-30T05:35:04,0.545
1,40-64,1780090818,2026-05-30T05:40:18,0.545
1,40-64,1780091105,2026-05-30T05:45:05,0.545
1,40-64,1780091404,2026-05-30T05:50:04,0.55
1,40-64,1780091704,2026-05-30T05:55:04,0.545
1,40-64,1780092304,2026-05-30T06:05:04,0.545
1,40-64,1780092604,2026-05-30T06:10:04,0.545
1,40-64,1780092904,2026-05-30T06:15:04,0.545
1,40-64,1780093205,2026-05-30T06:20:05,0.545
1,40-64,1780093504,2026-05-30T06:25:04,0.545
1,40-64,1780093806,2026-05-30T06:30:06,0.545
1,40-64,1780094105,2026-05-30T06:35:05,0.555
1,40-64,1780094404,2026-05-30T06:40:04,0.555
1,40-64,1780094704,2026-05-30T06:45:04,0.555
1,40-64,1780095004,2026-05-30T06:50:04,0.555
1,40-64,1780095306,2026-05-30T06:55:06,0.535
1,40-64,1780095905,2026-05-30T07:05:05,0.535
1,40-64,1780096204,2026-05-30T07:10:04,0.535
1,40-64,1780096504,2026-05-30T07:15:04,0.525
1,40-64,1780096803,2026-05-30T07:20:03,0.55
1,40-64,1780097104,2026-05-30T07:25:04,0.545
1,40-64,1780097405,2026-05-30T07:30:05,0.535
1,40-64,1780097704,2026-05-30T07:35:04,0.525
1,40-64,1780098004,2026-05-30T07:40:04,0.525
1,40-64,1780098304,2026-05-30T07:45:04,0.54
1,40-64,1780098604,2026-05-30T07:50:04,0.55
1,40-64,1780098904,2026-05-30T07:55:04,0.54
1,40-64,1780099504,2026-05-30T08:05:04,0.55
1,40-64,1780099804,2026-05-30T08:10:04,0.545
1,40-64,1780100105,2026-05-30T08:15:05,0.545
1,40-64,1780100403,2026-05-30T08:20:03,0.545
1,40-64,1780100705,2026-05-30T08:25:05,0.555
1,40-64,1780101006,2026-05-30T08:30:06,0.55
1,40-64,1780101303,2026-05-30T08:35:03,0.555
1,40-64,1780101604,2026-05-30T08:40:04,0.555
1,40-64,1780101905,2026-05-30T08:45:05,0.565
1,40-64,1780102204,2026-05-30T08:50:04,0.565
1,40-64,1780102505,2026-05-30T08:55:05,0.54
1,40-64,1780103103,2026-05-30T09:05:03,0.57
1,40-64,1780103404,2026-05-30T09:10:04,0.565
1,40-64,1780103709,2026-05-30T09:15:09,0.565
1,40-64,1780104005,2026-05-30T09:20:05,0.57
1,40-64,1780104304,2026-05-30T09:25:04,0.57
1,40-64,1780104607,2026-05-30T09:30:07,0.565
1,40-64,1780104903,2026-05-30T09:35:03,0.575
1,40-64,1780105204,2026-05-30T09:40:04,0.57
1,40-64,1780105504,2026-05-30T09:45:04,0.565
1,40-64,1780105804,2026-05-30T09:50:04,0.56
1,40-64,1780106115,2026-05-30T09:55:15,0.575
1,40-64,1780106704,2026-05-30T10:05:04,0.58
1,40-64,1780107004,2026-05-30T10:10:04,0.59
1,40-64,1780107304,2026-05-30T10:15:04,0.585
1,40-64,1780107604,2026-05-30T10:20:04,0.585
1,40-64,1780107904,2026-05-30T10:25:04,0.57
1,40-64,1780108207,2026-05-30T10:30:07,0.58
1,40-64,1780108503,2026-05-30T10:35:03,0.585
1,40-64,1780108805,2026-05-30T10:40:05,0.59
1,40-64,1780109104,2026-05-30T10:45:04,0.59
1,40-64,1780109404,2026-05-30T10:50:04,0.595
1,40-64,1780109705,2026-05-30T10:55:05,0.59
1,40-64,1780110304,2026-05-30T11:05:04,0.585
1,40-64,1780110606,2026-05-30T11:10:06,0.585
1,40-64,1780110915,2026-05-30T11:15:15,0.585
1,40-64,1780111204,2026-05-30T11:20:04,0.585
1,40-64,1780111519,2026-05-30T11:25:19,0.59
1,40-64,1780111804,2026-05-30T11:30:04,0.585
1,40-64,1780112103,2026-05-30T11:35:03,0.585
1,40-64,1780112403,2026-05-30T11:40:03,0.585
1,40-64,1780112703,2026-05-30T11:45:03,0.585
1,40-64,1780113005,2026-05-30T11:50:05,0.595
1,40-64,1780113303,2026-05-30T11:55:03,0.595
1,40-64,1780113905,2026-05-30T12:05:05,0.585
1,40-64,1780114204,2026-05-30T12:10:04,0.585
1,40-64,1780114506,2026-05-30T12:15:06,0.585
1,40-64,1780114804,2026-05-30T12:20:04,0.585
1,40-64,1780115104,2026-05-30T12:25:04,0.585
1,40-64,1780115404,2026-05-30T12:30:04,0.585
1,40-64,1780115704,2026-05-30T12:35:04,0.585
1,40-64,1780116004,2026-05-30T12:40:04,0.585
1,40-64,1780116305,2026-05-30T12:45:05,0.585
1,40-64,1780116605,2026-05-30T12:50:05,0.585
1,40-64,1780116904,2026-05-30T12:55:04,0.585
1,40-64,1780117504,2026-05-30T13:05:04,0.585
1,40-64,1780117804,2026-05-30T13:10:04,0.585
1,40-64,1780118105,2026-05-30T13:15:05,0.585
1,40-64,1780118404,2026-05-30T13:20:04,0.585
1,40-64,1780118704,2026-05-30T13:25:04,0.585
1,40-64,1780119005,2026-05-30T13:30:05,0.585
1,40-64,1780119304,2026-05-30T13:35:04,0.585
1,40-64,1780119603,2026-05-30T13:40:03,0.585
1,40-64,1780119904,2026-05-30T13:45:04,0.585
1,40-64,1780120204,2026-05-30T13:50:04,0.585
1,40-64,1780120505,2026-05-30T13:55:05,0.585
1,40-64,1780121103,2026-05-30T14:05:03,0.585
1,40-64,1780121403,2026-05-30T14:10:03,0.585
1,40-64,1780121704,2026-05-30T14:15:04,0.585
1,40-64,1780122003,2026-05-30T14:20:03,0.585
1,40-64,1780122304,2026-05-30T14:25:04,0.585
1,40-64,1780122604,2026-05-30T14:30:04,0.59
1,40-64,1780122906,2026-05-30T14:35:06,0.59
1,40-64,1780123204,2026-05-30T14:40:04,0.59
1,40-64,1780123516,2026-05-30T14:45:16,0.595
1,40-64,1780123804,2026-05-30T14:50:04,0.595
1,40-64,1780124103,2026-05-30T14:55:03,0.595
1,40-64,1780124704,2026-05-30T15:05:04,0.59
1,40-64,1780125003,2026-05-30T15:10:03,0.59
1,40-64,1780125304,2026-05-30T15:15:04,0.585
1,40-64,1780125619,2026-05-30T15:20:19,0.59
1,40-64,1780125903,2026-05-30T15:25:03,0.59
1,40-64,1780126204,2026-05-30T15:30:04,0.59
1,40-64,1780126504,2026-05-30T15:35:04,0.585
1,40-64,1780126804,2026-05-30T15:40:04,0.6
1,40-64,1780127103,2026-05-30T15:45:03,0.6
1,40-64,1780127403,2026-05-30T15:50:03,0.585
1,40-64,1780127704,2026-05-30T15:55:04,0.59
1,40-64,1780128303,2026-05-30T16:05:03,0.585
1,40-64,1780128604,2026-05-30T16:10:04,0.585
1,40-64,1780128903,2026-05-30T16:15:03,0.59
1,40-64,1780129204,2026-05-30T16:20:04,0.585
1,40-64,1780129503,2026-05-30T16:25:03,0.585
1,40-64,1780129804,2026-05-30T16:30:04,0.59
1,40-64,1780130103,2026-05-30T16:35:03,0.59
1,40-64,1780130405,2026-05-30T16:40:05,0.59
1,40-64,1780130704,2026-05-30T16:45:04,0.585
1,40-64,1780131006,2026-05-30T16:50:06,0.585
1,40-64,1780131304,2026-05-30T16:55:04,0.585
1,40-64,1780131905,2026-05-30T17:05:05,0.585
1,40-64,1780132203,2026-05-30T17:10:03,0.59
1,40-64,1780132503,2026-05-30T17:15:03,0.595
1,40-64,1780132804,2026-05-30T17:20:04,0.595
1,40-64,1780133104,2026-05-30T17:25:04,0.595
1,40-64,1780133405,2026-05-30T17:30:05,0.595
1,40-64,1780133703,2026-05-30T17:35:03,0.59
1,40-64,1780134004,2026-05-30T17:40:04,0.585
1,40-64,1780134304,2026-05-30T17:45:04,0.585
1,40-64,1780134604,2026-05-30T17:50:04,0.585
1,40-64,1780134904,2026-05-30T17:55:04,0.585
1,40-64,1780135503,2026-05-30T18:05:03,0.585
1,40-64,1780135819,2026-05-30T18:10:19,0.585
1,40-64,1780136104,2026-05-30T18:15:04,0.59
1,40-64,1780136405,2026-05-30T18:20:05,0.585
1,40-64,1780136704,2026-05-30T18:25:04,0.585
1,40-64,1780137004,2026-05-30T18:30:04,0.585
1,40-64,1780137303,2026-05-30T18:35:03,0.585
1,40-64,1780137603,2026-05-30T18:40:03,0.585
1,40-64,1780137904,2026-05-30T18:45:04,0.585
1,40-64,1780138203,2026-05-30T18:50:03,0.585
1,40-64,1780138503,2026-05-30T18:55:03,0.585
1,40-64,1780139104,2026-05-30T19:05:04,0.585
1,40-64,1780139404,2026-05-30T19:10:04,0.585
1,40-64,1780139705,2026-05-30T19:15:05,0.585
1,40-64,1780140004,2026-05-30T19:20:04,0.585
1,40-64,1780140304,2026-05-30T19:25:04,0.585
1,40-64,1780140606,2026-05-30T19:30:06,0.585
1,40-64,1780140903,2026-05-30T19:35:03,0.585
1,40-64,1780141204,2026-05-30T19:40:04,0.585
1,40-64,1780141506,2026-05-30T19:45:06,0.585
1,40-64,1780141805,2026-05-30T19:50:05,0.585
1,40-64,1780142106,2026-05-30T19:55:06,0.59
1,40-64,1780142704,2026-05-30T20:05:04,0.59
1,40-64,1780143004,2026-05-30T20:10:04,0.59
1,40-64,1780143304,2026-05-30T20:15:04,0.59
1,40-64,1780143604,2026-05-30T20:20:04,0.59
1,40-64,1780143904,2026-05-30T20:25:04,0.59
1,40-64,1780144206,2026-05-30T20:30:06,0.59
1,40-64,1780144517,2026-05-30T20:35:17,0.59
1,40-64,1780144804,2026-05-30T20:40:04,0.59
1,40-64,1780145105,2026-05-30T20:45:05,0.595
1,40-64,1780145405,2026-05-30T20:50:05,0.595
1,40-64,1780145705,2026-05-30T20:55:05,0.59
1,40-64,1780146304,2026-05-30T21:05:04,0.59
1,40-64,1780146604,2026-05-30T21:10:04,0.585
1,40-64,1780146904,2026-05-30T21:15:04,0.585
1,40-64,1780147204,2026-05-30T21:20:04,0.59
1,40-64,1780147506,2026-05-30T21:25:06,0.59
1,40-64,1780147805,2026-05-30T21:30:05,0.59
1,40-64,1780148103,2026-05-30T21:35:03,0.585
1,40-64,1780148404,2026-05-30T21:40:04,0.585
1,40-64,1780148705,2026-05-30T21:45:05,0.585
1,40-64,1780149004,2026-05-30T21:50:04,0.59
1,40-64,1780149304,2026-05-30T21:55:04,0.59
1,40-64,1780149903,2026-05-30T22:05:03,0.59
1,40-64,1780150205,2026-05-30T22:10:05,0.59
1,40-64,1780150517,2026-05-30T22:15:17,0.59
1,40-64,1780150805,2026-05-30T22:20:05,0.59
1,40-64,1780151103,2026-05-30T22:25:03,0.59
1,40-64,1780151407,2026-05-30T22:30:07,0.585
1,40-64,1780151704,2026-05-30T22:35:04,0.585
1,40-64,1780152004,2026-05-30T22:40:04,0.585
1,40-64,1780152304,2026-05-30T22:45:04,0.585
1,40-64,1780152603,2026-05-30T22:50:03,0.585
1,40-64,1780152903,2026-05-30T22:55:03,0.585
1,40-64,1780153504,2026-05-30T23:05:04,0.585
1,40-64,1780153819,2026-05-30T23:10:19,0.585
1,40-64,1780154104,2026-05-30T23:15:04,0.575
1,40-64,1780154404,2026-05-30T23:20:04,0.575
1,40-64,1780154704,2026-05-30T23:25:04,0.58
1,40-64,1780155020,2026-05-30T23:30:20,0.58
1,40-64,1780155304,2026-05-30T23:35:04,0.58
1,40-64,1780155604,2026-05-30T23:40:04,0.58
1,40-64,1780155904,2026-05-30T23:45:04,0.575
1,40-64,1780156217,2026-05-30T23:50:17,0.575
1,40-64,1780156504,2026-05-30T23:55:04,0.575
1,40-64,1780157104,2026-05-31T00:05:04,0.57
1,40-64,1780157406,2026-05-31T00:10:06,0.585
1,40-64,1780157705,2026-05-31T00:15:05,0.59
1,40-64,1780158004,2026-05-31T00:20:04,0.595
1,40-64,1780158318,2026-05-31T00:25:18,0.595
1,40-64,1780158605,2026-05-31T00:30:05,0.595
1,40-64,1780158905,2026-05-31T00:35:05,0.595
1,40-64,1780159206,2026-05-31T00:40:06,0.565
1,40-64,1780159505,2026-05-31T00:45:05,0.575
1,40-64,1780159804,2026-05-31T00:50:04,0.565
1,40-64,1780160103,2026-05-31T00:55:03,0.555
1,40-64,1780160704,2026-05-31T01:05:04,0.555
1,40-64,1780161004,2026-05-31T01:10:04,0.535
1,40-64,1780161305,2026-05-31T01:15:05,0.535
1,40-64,1780161604,2026-05-31T01:20:04,0.535
1,40-64,1780161904,2026-05-31T01:25:04,0.535
1,40-64,1780162206,2026-05-31T01:30:06,0.535
1,40-64,1780162505,2026-05-31T01:35:05,0.535
1,40-64,1780162805,2026-05-31T01:40:05,0.535
1,40-64,1780163105,2026-05-31T01:45:05,0.535
1,40-64,1780163404,2026-05-31T01:50:04,0.535
1,40-64,1780163703,2026-05-31T01:55:03,0.535
1,40-64,1780164303,2026-05-31T02:05:03,0.535
1,40-64,1780164604,2026-05-31T02:10:04,0.525
1,40-64,1780164905,2026-05-31T02:15:05,0.515
1,40-64,1780165205,2026-05-31T02:20:05,0.515
1,40-64,1780165504,2026-05-31T02:25:04,0.515
1,40-64,1780165804,2026-05-31T02:30:04,0.515
1,40-64,1780166104,2026-05-31T02:35:04,0.515
1,40-64,1780166405,2026-05-31T02:40:05,0.515
1,40-64,1780166703,2026-05-31T02:45:03,0.555
1,40-64,1780167004,2026-05-31T02:50:04,0.555
1,40-64,1780167303,2026-05-31T02:55:03,0.555
1,40-64,1780167903,2026-05-31T03:05:03,0.555
1,40-64,1780168204,2026-05-31T03:10:04,0.555
1,40-64,1780168505,2026-05-31T03:15:05,0.555
1,40-64,1780168804,2026-05-31T03:20:04,0.555
1,40-64,1780169104,2026-05-31T03:25:04,0.555
1,40-64,1780169404,2026-05-31T03:30:04,0.555
1,40-64,1780169703,2026-05-31T03:35:03,0.555
1,40-64,1780170004,2026-05-31T03:40:04,0.555
1,40-64,1780170304,2026-05-31T03:45:04,0.555
1,40-64,1780170605,2026-05-31T03:50:05,0.555
1,40-64,1780170903,2026-05-31T03:55:03,0.555
1,40-64,1780171504,2026-05-31T04:05:04,0.555
1,40-64,1780171803,2026-05-31T04:10:03,0.555
1,40-64,1780172103,2026-05-31T04:15:03,0.555
1,40-64,1780172404,2026-05-31T04:20:04,0.555
1,40-64,1780172703,2026-05-31T04:25:03,0.555
1,40-64,1780173005,2026-05-31T04:30:05,0.555
1,40-64,1780173304,2026-05-31T04:35:04,0.555
1,40-64,1780173605,2026-05-31T04:40:05,0.57
1,40-64,1780173905,2026-05-31T04:45:05,0.605
1,40-64,1780174203,2026-05-31T04:50:03,0.605
1,40-64,1780174504,2026-05-31T04:55:04,0.605
1,40-64,1780175104,2026-05-31T05:05:04,0.605
1,40-64,1780175405,2026-05-31T05:10:05,0.605
1,40-64,1780175704,2026-05-31T05:15:04,0.605
1,40-64,1780176005,2026-05-31T05:20:05,0.6
1,40-64,1780176305,2026-05-31T05:25:05,0.6
1,40-64,1780176619,2026-05-31T05:30:19,0.6
1,40-64,1780176904,2026-05-31T05:35:04,0.605
1,40-64,1780177204,2026-05-31T05:40:04,0.605
1,40-64,1780177505,2026-05-31T05:45:05,0.605
1,40-64,1780177805,2026-05-31T05:50:05,0.605
1,40-64,1780178103,2026-05-31T05:55:03,0.605
1,40-64,1780178704,2026-05-31T06:05:04,0.61
1,40-64,1780179007,2026-05-31T06:10:07,0.61
1,40-64,1780179304,2026-05-31T06:15:04,0.61
1,40-64,1780179604,2026-05-31T06:20:04,0.61
1,40-64,1780179904,2026-05-31T06:25:04,0.605
1,40-64,1780180207,2026-05-31T06:30:07,0.61
1,40-64,1780180505,2026-05-31T06:35:05,0.61
1,40-64,1780180803,2026-05-31T06:40:03,0.605
1,40-64,1780181105,2026-05-31T06:45:05,0.605
1,40-64,1780181406,2026-05-31T06:50:06,0.605
1,40-64,1780181703,2026-05-31T06:55:03,0.605
1,40-64,1780182304,2026-05-31T07:05:04,0.605
1,40-64,1780182607,2026-05-31T07:10:07,0.605
1,40-64,1780182907,2026-05-31T07:15:07,0.605
1,40-64,1780183206,2026-05-31T07:20:06,0.605
1,40-64,1780183505,2026-05-31T07:25:05,0.605
1,40-64,1780183806,2026-05-31T07:30:06,0.605
1,40-64,1780184118,2026-05-31T07:35:18,0.605
1,40-64,1780184405,2026-05-31T07:40:05,0.605
1,40-64,1780184717,2026-05-31T07:45:17,0.605
1,40-64,1780185007,2026-05-31T07:50:07,0.605
1,40-64,1780185303,2026-05-31T07:55:03,0.605
1,40-64,1780185905,2026-05-31T08:05:05,0.605
1,40-64,1780186204,2026-05-31T08:10:04,0.605
1,40-64,1780186507,2026-05-31T08:15:07,0.605
1,40-64,1780186819,2026-05-31T08:20:19,0.605
1,40-64,1780187104,2026-05-31T08:25:04,0.605
1,40-64,1780187405,2026-05-31T08:30:05,0.605
1,40-64,1780187705,2026-05-31T08:35:05,0.585
1,40-64,1780188004,2026-05-31T08:40:04,0.575
1,40-64,1780188303,2026-05-31T08:45:03,0.575
1,40-64,1780188605,2026-05-31T08:50:05,0.555
1,40-64,1780188906,2026-05-31T08:55:06,0.555
1,40-64,1780189503,2026-05-31T09:05:03,0.555
1,40-64,1780189804,2026-05-31T09:10:04,0.535
1,40-64,1780190103,2026-05-31T09:15:03,0.535
1,40-64,1780190416,2026-05-31T09:20:16,0.535
1,40-64,1780190717,2026-05-31T09:25:17,0.52
1,40-64,1780191004,2026-05-31T09:30:04,0.475
1,40-64,1780191320,2026-05-31T09:35:20,0.465
1,40-64,1780191604,2026-05-31T09:40:04,0.455
1,40-64,1780191904,2026-05-31T09:45:04,0.465
1,40-64,1780192204,2026-05-31T09:50:04,0.475
1,40-64,1780192505,2026-05-31T09:55:05,0.485
1,40-64,1780193103,2026-05-31T10:05:03,0.485
1,40-64,1780193403,2026-05-31T10:10:03,0.485
1,40-64,1780193703,2026-05-31T10:15:03,0.485
1,40-64,1780194004,2026-05-31T10:20:04,0.485
1,40-64,1780194316,2026-05-31T10:25:16,0.485
1,40-64,1780194604,2026-05-31T10:30:04,0.485
1,40-64,1780194903,2026-05-31T10:35:03,0.485
1,40-64,1780195204,2026-05-31T10:40:04,0.5
1,40-64,1780195503,2026-05-31T10:45:03,0.53
1,40-64,1780195805,2026-05-31T10:50:05,0.535
1,40-64,1780196103,2026-05-31T10:55:03,0.525
1,40-64,1780196706,2026-05-31T11:05:06,0.525
1,40-64,1780197003,2026-05-31T11:10:03,0.525
1,40-64,1780197304,2026-05-31T11:15:04,0.525
1,40-64,1780197604,2026-05-31T11:20:04,0.525
1,40-64,1780197903,2026-05-31T11:25:03,0.525
1,40-64,1780198204,2026-05-31T11:30:04,0.525
1,40-64,1780198503,2026-05-31T11:35:03,0.525
1,40-64,1780198805,2026-05-31T11:40:05,0.52
1,40-64,1780199103,2026-05-31T11:45:03,0.515
1,40-64,1780199405,2026-05-31T11:50:05,0.515
1,40-64,1780199705,2026-05-31T11:55:05,0.515
1,40-64,1780200304,2026-05-31T12:05:04,0.515
1,40-64,1780200604,2026-05-31T12:10:04,0.515
1,40-64,1780200904,2026-05-31T12:15:04,0.515
1,40-64,1780201204,2026-05-31T12:20:04,0.515
1,40-64,1780201504,2026-05-31T12:25:04,0.52
1,40-64,1780201804,2026-05-31T12:30:04,0.525
1,40-64,1780202105,2026-05-31T12:35:05,0.525
1,40-64,1780202404,2026-05-31T12:40:04,0.525
1,40-64,1780202704,2026-05-31T12:45:04,0.525
1,40-64,1780203005,2026-05-31T12:50:05,0.525
1,40-64,1780203304,2026-05-31T12:55:04,0.525
1,40-64,1780203904,2026-05-31T13:05:04,0.52
1,40-64,1780204204,2026-05-31T13:10:04,0.535
1,40-64,1780204504,2026-05-31T13:15:04,0.535
1,40-64,1780204804,2026-05-31T13:20:04,0.54
1,40-64,1780205103,2026-05-31T13:25:03,0.535
1,40-64,1780205405,2026-05-31T13:30:05,0.535
1,40-64,1780205704,2026-05-31T13:35:04,0.54
1,40-64,1780206004,2026-05-31T13:40:04,0.535
1,40-64,1780206305,2026-05-31T13:45:05,0.535
1,40-64,1780206603,2026-05-31T13:50:03,0.545
1,40-64,1780206903,2026-05-31T13:55:03,0.535
1,40-64,1780207504,2026-05-31T14:05:04,0.535
1,40-64,1780207805,2026-05-31T14:10:05,0.535
1,40-64,1780208103,2026-05-31T14:15:03,0.525
1,40-64,1780208406,2026-05-31T14:20:06,0.545
1,40-64,1780208704,2026-05-31T14:25:04,0.545
1,40-64,1780209005,2026-05-31T14:30:05,0.545
1,40-64,1780209303,2026-05-31T14:35:03,0.535
1,40-64,1780209603,2026-05-31T14:40:03,0.515
1,40-64,1780209903,2026-05-31T14:45:03,0.515
1,40-64,1780210204,2026-05-31T14:50:04,0.535
1,40-64,1780210504,2026-05-31T14:55:04,0.54
1,40-64,1780211103,2026-05-31T15:05:03,0.545
1,40-64,1780211403,2026-05-31T15:10:03,0.545
1,40-64,1780211704,2026-05-31T15:15:04,0.545
1,40-64,1780212004,2026-05-31T15:20:04,0.545
1,40-64,1780212303,2026-05-31T15:25:03,0.545
1,40-64,1780212605,2026-05-31T15:30:05,0.545
1,40-64,1780212903,2026-05-31T15:35:03,0.545
1,40-64,1780213203,2026-05-31T15:40:03,0.545
1,40-64,1780213503,2026-05-31T15:45:03,0.545
1,40-64,1780213804,2026-05-31T15:50:04,0.545
1,40-64,1780214104,2026-05-31T15:55:04,0.545
1,40-64,1780214703,2026-05-31T16:05:03,0.545
1,40-64,1780215004,2026-05-31T16:10:04,0.545
1,40-64,1780215304,2026-05-31T16:15:04,0.545
1,40-64,1780215605,2026-05-31T16:20:05,0.545
1,40-64,1780215903,2026-05-31T16:25:03,0.545
1,40-64,1780216205,2026-05-31T16:30:05,0.545
1,40-64,1780216503,2026-05-31T16:35:03,0.545
1,40-64,1780216804,2026-05-31T16:40:04,0.545
1,40-64,1780217104,2026-05-31T16:45:04,0.545
1,40-64,1780217405,2026-05-31T16:50:05,0.545
1,40-64,1780217705,2026-05-31T16:55:05,0.545
1,40-64,1780218303,2026-05-31T17:05:03,0.545
1,40-64,1780218604,2026-05-31T17:10:04,0.545
1,40-64,1780218904,2026-05-31T17:15:04,0.545
1,40-64,1780219204,2026-05-31T17:20:04,0.545
1,40-64,1780219503,2026-05-31T17:25:03,0.545
1,40-64,1780219805,2026-05-31T17:30:05,0.545
1,40-64,1780220104,2026-05-31T17:35:04,0.545
1,40-64,1780220404,2026-05-31T17:40:04,0.545
1,40-64,1780220703,2026-05-31T17:45:03,0.545
1,40-64,1780221004,2026-05-31T17:50:04,0.565
1,40-64,1780221305,2026-05-31T17:55:05,0.565
1,40-64,1780221904,2026-05-31T18:05:04,0.565
1,40-64,1780222204,2026-05-31T18:10:04,0.565
1,40-64,1780222504,2026-05-31T18:15:04,0.565
1,40-64,1780222804,2026-05-31T18:20:04,0.565
1,40-64,1780223103,2026-05-31T18:25:03,0.565
1,40-64,1780223405,2026-05-31T18:30:05,0.565
1,40-64,1780223704,2026-05-31T18:35:04,0.565
1,40-64,1780224006,2026-05-31T18:40:06,0.565
1,40-64,1780224305,2026-05-31T18:45:05,0.565
1,40-64,1780224605,2026-05-31T18:50:05,0.565
1,40-64,1780224903,2026-05-31T18:55:03,0.565
1,40-64,1780225518,2026-05-31T19:05:18,0.575
1,40-64,1780225819,2026-05-31T19:10:19,0.575
1,40-64,1780226104,2026-05-31T19:15:04,0.575
1,40-64,1780226403,2026-05-31T19:20:03,0.575
1,40-64,1780226704,2026-05-31T19:25:04,0.575
1,40-64,1780227018,2026-05-31T19:30:18,0.575
1,40-64,1780227303,2026-05-31T19:35:03,0.58
1,40-64,1780227604,2026-05-31T19:40:04,0.585
1,40-64,1780227905,2026-05-31T19:45:05,0.585
1,40-64,1780228204,2026-05-31T19:50:04,0.575
1,40-64,1780228515,2026-05-31T19:55:15,0.575
1,40-64,1780229103,2026-05-31T20:05:03,0.575
1,40-64,1780229403,2026-05-31T20:10:03,0.575
1,40-64,1780229704,2026-05-31T20:15:04,0.575
1,40-64,1780230003,2026-05-31T20:20:03,0.575
1,40-64,1780230304,2026-05-31T20:25:04,0.575
1,40-64,1780230604,2026-05-31T20:30:04,0.575
1,40-64,1780230904,2026-05-31T20:35:04,0.575
1,40-64,1780231206,2026-05-31T20:40:06,0.635
1,40-64,1780231503,2026-05-31T20:45:03,0.635
1,40-64,1780231804,2026-05-31T20:50:04,0.635
1,40-64,1780232103,2026-05-31T20:55:03,0.635
1,40-64,1780232705,2026-05-31T21:05:05,0.635
1,40-64,1780233004,2026-05-31T21:10:04,0.635
1,40-64,1780233304,2026-05-31T21:15:04,0.615
1,40-64,1780233604,2026-05-31T21:20:04,0.615
1,40-64,1780233906,2026-05-31T21:25:06,0.615
1,40-64,1780234204,2026-05-31T21:30:04,0.615
1,40-64,1780234503,2026-05-31T21:35:03,0.615
1,40-64,1780234803,2026-05-31T21:40:03,0.615
1,40-64,1780235105,2026-05-31T21:45:05,0.615
1,40-64,1780235404,2026-05-31T21:50:04,0.615
1,40-64,1780235703,2026-05-31T21:55:03,0.615
1,40-64,1780236304,2026-05-31T22:05:04,0.615
1,40-64,1780236604,2026-05-31T22:10:04,0.605
1,40-64,1780236905,2026-05-31T22:15:05,0.605
1,40-64,1780237206,2026-05-31T22:20:06,0.605
1,40-64,1780237503,2026-05-31T22:25:03,0.575
1,40-64,1780237804,2026-05-31T22:30:04,0.575
1,40-64,1780238104,2026-05-31T22:35:04,0.575
1,40-64,1780238403,2026-05-31T22:40:03,0.555
1,40-64,1780238704,2026-05-31T22:45:04,0.555
1,40-64,1780239003,2026-05-31T22:50:03,0.555
1,40-64,1780239304,2026-05-31T22:55:04,0.555
1,40-64,1780239903,2026-05-31T23:05:03,0.545
1,40-64,1780240203,2026-05-31T23:10:03,0.545
1,40-64,1780240504,2026-05-31T23:15:04,0.545
1,40-64,1780240803,2026-05-31T23:20:03,0.525
1,40-64,1780241104,2026-05-31T23:25:04,0.525
1,40-64,1780241404,2026-05-31T23:30:04,0.525
1,40-64,1780241704,2026-05-31T23:35:04,0.525
1,40-64,1780242004,2026-05-31T23:40:04,0.57
1,40-64,1780242304,2026-05-31T23:45:04,0.57
1,40-64,1780242604,2026-05-31T23:50:04,0.555
1,40-64,1780242903,2026-05-31T23:55:03,0.525
1,40-64,1780243504,2026-06-01T00:05:04,0.565
1,40-64,1780243805,2026-06-01T00:10:05,0.565
1,40-64,1780244105,2026-06-01T00:15:05,0.565
1,40-64,1780244405,2026-06-01T00:20:05,0.565
1,40-64,1780244705,2026-06-01T00:25:05,0.555
1,40-64,1780245022,2026-06-01T00:30:22,0.515
1,40-64,1780245304,2026-06-01T00:35:04,0.505
1,40-64,1780245604,2026-06-01T00:40:04,0.455
1,40-64,1780245904,2026-06-01T00:45:04,0.455
1,40-64,1780246220,2026-06-01T00:50:20,0.455
1,40-64,1780246504,2026-06-01T00:55:04,0.395
1,40-64,1780247103,2026-06-01T01:05:03,0.395
1,40-64,1780247404,2026-06-01T01:10:04,0.395
1,40-64,1780247721,2026-06-01T01:15:21,0.385
1,40-64,1780248008,2026-06-01T01:20:08,0.385
1,40-64,1780248304,2026-06-01T01:25:04,0.385
1,40-64,1780248605,2026-06-01T01:30:05,0.385
1,40-64,1780248904,2026-06-01T01:35:04,0.385
1,40-64,1780249204,2026-06-01T01:40:04,0.385
1,40-64,1780249504,2026-06-01T01:45:04,0.385
1,40-64,1780249806,2026-06-01T01:50:06,0.39
1,40-64,1780250104,2026-06-01T01:55:04,0.36
1,40-64,1780250704,2026-06-01T02:05:04,0.355
1,40-64,1780251004,2026-06-01T02:10:04,0.355
1,40-64,1780251304,2026-06-01T02:15:04,0.345
1,40-64,1780251603,2026-06-01T02:20:03,0.335
1,40-64,1780251905,2026-06-01T02:25:05,0.345
1,40-64,1780252204,2026-06-01T02:30:04,0.345
1,40-64,1780252503,2026-06-01T02:35:03,0.345
1,40-64,1780252803,2026-06-01T02:40:03,0.345
1,40-64,1780253103,2026-06-01T02:45:03,0.345
1,40-64,1780253405,2026-06-01T02:50:05,0.345
1,40-64,1780253704,2026-06-01T02:55:04,0.345
1,40-64,1780254306,2026-06-01T03:05:06,0.34
1,40-64,1780254605,2026-06-01T03:10:05,0.325
1,40-64,1780254904,2026-06-01T03:15:04,0.325
1,40-64,1780255204,2026-06-01T03:20:04,0.325
1,40-64,1780255504,2026-06-01T03:25:04,0.325
1,40-64,1780255804,2026-06-01T03:30:04,0.335
1,40-64,1780256103,2026-06-01T03:35:03,0.305
1,40-64,1780256403,2026-06-01T03:40:03,0.31
1,40-64,1780256704,2026-06-01T03:45:04,0.305
1,40-64,1780257005,2026-06-01T03:50:05,0.305
1,40-64,1780257305,2026-06-01T03:55:05,0.305
1,40-64,1780257904,2026-06-01T04:05:04,0.32
1,40-64,1780258204,2026-06-01T04:10:04,0.305
1,40-64,1780258504,2026-06-01T04:15:04,0.305
1,40-64,1780258805,2026-06-01T04:20:05,0.305
1,40-64,1780259104,2026-06-01T04:25:04,0.305
1,40-64,1780259405,2026-06-01T04:30:05,0.275
1,40-64,1780259706,2026-06-01T04:35:06,0.275
1,40-64,1780260006,2026-06-01T04:40:06,0.255
1,40-64,1780260319,2026-06-01T04:45:19,0.255
1,40-64,1780260604,2026-06-01T04:50:04,0.255
1,40-64,1780260904,2026-06-01T04:55:04,0.255
1,40-64,1780261506,2026-06-01T05:05:06,0.255
1,40-64,1780261804,2026-06-01T05:10:04,0.245
1,40-64,1780262103,2026-06-01T05:15:03,0.235
1,40-64,1780262404,2026-06-01T05:20:04,0.235
1,40-64,1780262704,2026-06-01T05:25:04,0.24
1,40-64,1780263005,2026-06-01T05:30:05,0.235
1,40-64,1780263303,2026-06-01T05:35:03,0.235
1,40-64,1780263605,2026-06-01T05:40:05,0.225
1,40-64,1780263906,2026-06-01T05:45:06,0.225
1,40-64,1780264203,2026-06-01T05:50:03,0.23
1,40-64,1780264505,2026-06-01T05:55:05,0.225
1,40-64,1780265105,2026-06-01T06:05:05,0.23
1,40-64,1780265404,2026-06-01T06:10:04,0.235
1,40-64,1780265704,2026-06-01T06:15:04,0.225
1,40-64,1780266034,2026-06-01T06:20:34,0.255
1,40-64,1780266304,2026-06-01T06:25:04,0.255
1,40-64,1780266605,2026-06-01T06:30:05,0.26
1,40-64,1780266903,2026-06-01T06:35:03,0.24
1,40-64,1780267204,2026-06-01T06:40:04,0.295
1,40-64,1780267504,2026-06-01T06:45:04,0.315
1,40-64,1780267803,2026-06-01T06:50:03,0.285
1,40-64,1780268104,2026-06-01T06:55:04,0.285
1,40-64,1780268705,2026-06-01T07:05:05,0.305
1,40-64,1780269005,2026-06-01T07:10:05,0.285
1,40-64,1780269304,2026-06-01T07:15:04,0.275
1,40-64,1780269605,2026-06-01T07:20:05,0.275
1,40-64,1780269904,2026-06-01T07:25:04,0.275
1,40-64,1780270203,2026-06-01T07:30:03,0.275
1,40-64,1780270504,2026-06-01T07:35:04,0.255
1,40-64,1780270803,2026-06-01T07:40:03,0.255
1,40-64,1780271106,2026-06-01T07:45:06,0.255
1,40-64,1780271404,2026-06-01T07:50:04,0.295
1,40-64,1780271704,2026-06-01T07:55:04,0.295
1,40-64,1780272303,2026-06-01T08:05:03,0.27
1,40-64,1780272604,2026-06-01T08:10:04,0.255
1,40-64,1780272904,2026-06-01T08:15:04,0.255
1,40-64,1780273204,2026-06-01T08:20:04,0.255
1,40-64,1780273504,2026-06-01T08:25:04,0.265
1,40-64,1780273804,2026-06-01T08:30:04,0.265
1,40-64,1780274104,2026-06-01T08:35:04,0.255
1,40-64,1780274405,2026-06-01T08:40:05,0.255
1,40-64,1780274704,2026-06-01T08:45:04,0.255
1,40-64,1780275003,2026-06-01T08:50:03,0.255
1,40-64,1780275304,2026-06-01T08:55:04,0.255
1,40-64,1780275903,2026-06-01T09:05:03,0.255
1,40-64,1780276204,2026-06-01T09:10:04,0.255
1,40-64,1780276504,2026-06-01T09:15:04,0.245
1,40-64,1780276804,2026-06-01T09:20:04,0.245
1,40-64,1780277104,2026-06-01T09:25:04,0.245
1,40-64,1780277404,2026-06-01T09:30:04,0.245
1,40-64,1780277705,2026-06-01T09:35:05,0.245
1,40-64,1780278004,2026-06-01T09:40:04,0.245
1,40-64,1780278304,2026-06-01T09:45:04,0.245
1,40-64,1780278605,2026-06-01T09:50:05,0.245
1,40-64,1780278920,2026-06-01T09:55:20,0.195
1,40-64,1780279503,2026-06-01T10:05:03,0.195
1,40-64,1780279815,2026-06-01T10:10:15,0.275
1,40-64,1780280104,2026-06-01T10:15:04,0.285
1,40-64,1780280405,2026-06-01T10:20:05,0.285
1,40-64,1780280704,2026-06-01T10:25:04,0.275
1,40-64,1780281004,2026-06-01T10:30:04,0.275
1,40-64,1780281303,2026-06-01T10:35:03,0.265
1,40-64,1780281606,2026-06-01T10:40:06,0.255
1,40-64,1780281903,2026-06-01T10:45:03,0.255
1,40-64,1780282203,2026-06-01T10:50:03,0.255
1,40-64,1780282503,2026-06-01T10:55:03,0.24
1,40-64,1780283117,2026-06-01T11:05:17,0.195
1,40-64,1780283405,2026-06-01T11:10:05,0.195
1,40-64,1780283703,2026-06-01T11:15:03,0.195
1,40-64,1780284004,2026-06-01T11:20:04,0.195
1,40-64,1780284306,2026-06-01T11:25:06,0.195
1,40-64,1780284604,2026-06-01T11:30:04,0.3
1,40-64,1780284903,2026-06-01T11:35:03,0.26
1,40-64,1780285205,2026-06-01T11:40:05,0.235
1,40-64,1780285504,2026-06-01T11:45:04,0.225
1,40-64,1780285804,2026-06-01T11:50:04,0.225
1,40-64,1780286103,2026-06-01T11:55:03,0.225
1,40-64,1780286704,2026-06-01T12:05:04,0.225
1,40-64,1780287003,2026-06-01T12:10:03,0.215
1,40-64,1780287304,2026-06-01T12:15:04,0.37
1,40-64,1780287604,2026-06-01T12:20:04,0.445
1,40-64,1780287904,2026-06-01T12:25:04,0.405
1,40-64,1780288204,2026-06-01T12:30:04,0.345
1,40-64,1780288504,2026-06-01T12:35:04,0.325
1,40-64,1780288804,2026-06-01T12:40:04,0.365
1,40-64,1780289105,2026-06-01T12:45:05,0.365
1,40-64,1780289404,2026-06-01T12:50:04,0.435
1,40-64,1780289704,2026-06-01T12:55:04,0.425
1,40-64,1780290304,2026-06-01T13:05:04,0.605
1,40-64,1780290605,2026-06-01T13:10:05,0.585
1,40-64,1780290904,2026-06-01T13:15:04,0.535
1,40-64,1780291204,2026-06-01T13:20:04,0.465
1,40-64,1780291504,2026-06-01T13:25:04,0.415
1,40-64,1780291805,2026-06-01T13:30:05,0.365
1,40-64,1780292103,2026-06-01T13:35:03,0.325
1,40-64,1780292404,2026-06-01T13:40:04,0.335
1,40-64,1780292704,2026-06-01T13:45:04,0.335
1,40-64,1780293003,2026-06-01T13:50:03,0.335
1,40-64,1780293316,2026-06-01T13:55:16,0.335
1,40-64,1780293903,2026-06-01T14:05:03,0.335
1,40-64,1780294204,2026-06-01T14:10:04,0.335
1,40-64,1780294504,2026-06-01T14:15:04,0.335
1,40-64,1780294804,2026-06-01T14:20:04,0.295
1,40-64,1780295104,2026-06-01T14:25:04,0.295
1,40-64,1780295416,2026-06-01T14:30:16,0.295
1,40-64,1780295704,2026-06-01T14:35:04,0.295
1,40-64,1780296003,2026-06-01T14:40:03,0.285
1,40-64,1780296304,2026-06-01T14:45:04,0.265
1,40-64,1780296604,2026-06-01T14:50:04,0.195
1,40-64,1780296903,2026-06-01T14:55:03,0.195
1,40-64,1780297503,2026-06-01T15:05:03,0.195
1,40-64,1780297804,2026-06-01T15:10:04,0.21
1,40-64,1780298104,2026-06-01T15:15:04,0.21
1,40-64,1780298405,2026-06-01T15:20:05,0.21
1,40-64,1780298703,2026-06-01T15:25:03,0.21
1,40-64,1780299004,2026-06-01T15:30:04,0.21
1,40-64,1780299305,2026-06-01T15:35:05,0.205
1,40-64,1780299603,2026-06-01T15:40:03,0.205
1,40-64,1780299905,2026-06-01T15:45:05,0.205
1,40-64,1780300205,2026-06-01T15:50:05,0.205
1,40-64,1780300505,2026-06-01T15:55:05,0.205
1,40-64,1780301105,2026-06-01T16:05:05,0.205
1,40-64,1780301404,2026-06-01T16:10:04,0.205
1,40-64,1780301704,2026-06-01T16:15:04,0.205
1,40-64,1780302019,2026-06-01T16:20:19,0.205
1,40-64,1780302303,2026-06-01T16:25:03,0.205
1,40-64,1780302604,2026-06-01T16:30:04,0.205
1,40-64,1780302903,2026-06-01T16:35:03,0.205
1,40-64,1780303203,2026-06-01T16:40:03,0.205
1,40-64,1780303519,2026-06-01T16:45:19,0.205
1,40-64,1780303803,2026-06-01T16:50:03,0.205
1,40-64,1780304104,2026-06-01T16:55:04,0.205
1,40-64,1780304704,2026-06-01T17:05:04,0.205
1,40-64,1780305004,2026-06-01T17:10:04,0.205
1,40-64,1780305305,2026-06-01T17:15:05,0.205
1,40-64,1780305605,2026-06-01T17:20:05,0.195
1,40-64,1780305903,2026-06-01T17:25:03,0.195
1,40-64,1780306204,2026-06-01T17:30:04,0.195
1,40-64,1780306503,2026-06-01T17:35:03,0.195
1,40-64,1780306805,2026-06-01T17:40:05,0.195
1,40-64,1780307104,2026-06-01T17:45:04,0.195
1,40-64,1780307404,2026-06-01T17:50:04,0.195
1,40-64,1780307704,2026-06-01T17:55:04,0.195
1,40-64,1780308303,2026-06-01T18:05:03,0.195
1,40-64,1780308605,2026-06-01T18:10:05,0.195
1,40-64,1780308903,2026-06-01T18:15:03,0.195
1,40-64,1780309203,2026-06-01T18:20:03,0.195
1,40-64,1780309503,2026-06-01T18:25:03,0.195
1,40-64,1780309805,2026-06-01T18:30:05,0.21
1,40-64,1780310104,2026-06-01T18:35:04,0.215
1,40-64,1780310405,2026-06-01T18:40:05,0.22
1,40-64,1780310704,2026-06-01T18:45:04,0.225
1,40-64,1780311004,2026-06-01T18:50:04,0.225
1,40-64,1780311304,2026-06-01T18:55:04,0.225
1,40-64,1780311904,2026-06-01T19:05:04,0.225
1,40-64,1780312204,2026-06-01T19:10:04,0.225
1,40-64,1780312504,2026-06-01T19:15:04,0.225
1,40-64,1780312803,2026-06-01T19:20:03,0.245
1,40-64,1780313104,2026-06-01T19:25:04,0.23
1,40-64,1780313405,2026-06-01T19:30:05,0.23
1,40-64,1780313703,2026-06-01T19:35:03,0.25
1,40-64,1780314004,2026-06-01T19:40:04,0.245
1,40-64,1780314304,2026-06-01T19:45:04,0.245
1,40-64,1780314605,2026-06-01T19:50:05,0.255
1,40-64,1780314903,2026-06-01T19:55:03,0.245
1,40-64,1780315504,2026-06-01T20:05:04,0.225
1,40-64,1780315804,2026-06-01T20:10:04,0.195
1,40-64,1780316104,2026-06-01T20:15:04,0.18
1,40-64,1780316406,2026-06-01T20:20:06,0.155
1,40-64,1780316704,2026-06-01T20:25:04,0.155
1,40-64,1780317005,2026-06-01T20:30:05,0.155
1,40-64,1780317305,2026-06-01T20:35:05,0.145
1,40-64,1780317605,2026-06-01T20:40:05,0.15
1,40-64,1780317903,2026-06-01T20:45:03,0.155
1,40-64,1780318204,2026-06-01T20:50:04,0.155
1,40-64,1780318503,2026-06-01T20:55:03,0.175
1,40-64,1780319104,2026-06-01T21:05:04,0.185
1,40-64,1780319404,2026-06-01T21:10:04,0.175
1,40-64,1780319703,2026-06-01T21:15:03,0.15
1,40-64,1780320004,2026-06-01T21:20:04,0.32
1,40-64,1780320318,2026-06-01T21:25:18,0.375
1,40-64,1780320604,2026-06-01T21:30:04,0.285
1,40-64,1780320905,2026-06-01T21:35:05,0.175
1,40-64,1780321205,2026-06-01T21:40:05,0.17
1,40-64,1780321505,2026-06-01T21:45:05,0.385
1,40-64,1780321805,2026-06-01T21:50:05,0.345
1,40-64,1780322104,2026-06-01T21:55:04,0.24
1,40-64,1780322704,2026-06-01T22:05:04,0.265
1,40-64,1780323006,2026-06-01T22:10:06,0.26
1,40-64,1780323304,2026-06-01T22:15:04,0.19
1,40-64,1780323606,2026-06-01T22:20:06,0.17
1,40-64,1780323905,2026-06-01T22:25:05,0.16
1,40-64,1780324205,2026-06-01T22:30:05,0.155
1,40-64,1780324507,2026-06-01T22:35:07,0.155
1,40-64,1780324806,2026-06-01T22:40:06,0.155
1,40-64,1780325105,2026-06-01T22:45:05,0.145
1,40-64,1780325405,2026-06-01T22:50:05,0.145
1,40-64,1780325704,2026-06-01T22:55:04,0.125
1,40-64,1780326304,2026-06-01T23:05:04,0.145
1,40-64,1780326605,2026-06-01T23:10:05,0.125
1,40-64,1780326904,2026-06-01T23:15:04,0.105
1,40-64,1780327204,2026-06-01T23:20:04,0.075
1,40-64,1780327504,2026-06-01T23:25:04,0.045
1,40-64,1780327806,2026-06-01T23:30:06,0.035
1,40-64,1780328117,2026-06-01T23:35:17,0.025
1,40-64,1780328404,2026-06-01T23:40:04,0.019
1,40-64,1780328703,2026-06-01T23:45:03,0.01
1,40-64,1780329005,2026-06-01T23:50:05,0.06
1,40-64,1780329305,2026-06-01T23:55:05,0.0165
1,40-64,1780329905,2026-06-02T00:05:05,0.0005
1,40-64,1780330205,2026-06-02T00:10:05,0.0005
1,40-64,1780330504,2026-06-02T00:15:04,0.0005
1,40-64,1780330804,2026-06-02T00:20:04,0.0005
1,40-64,1780331105,2026-06-02T00:25:05,0.0005
1,40-64,1780331406,2026-06-02T00:30:06,0.0005
1,40-64,1780331704,2026-06-02T00:35:04,0.0005
1,40-64,1780332004,2026-06-02T00:40:04,0.0005
1,40-64,1780332306,2026-06-02T00:45:06,0.0005
1,40-64,1780332604,2026-06-02T00:50:04,0.0005
1,40-64,1780332906,2026-06-02T00:55:06,0.0005
1,40-64,1780333504,2026-06-02T01:05:04,0.0005
1,40-64,1780333804,2026-06-02T01:10:04,0.0005
1,40-64,1780334104,2026-06-02T01:15:04,0.0005
1,40-64,1780334406,2026-06-02T01:20:06,0.0005
1,40-64,1780334704,2026-06-02T01:25:04,0.0005
1,40-64,1780335006,2026-06-02T01:30:06,0.0005
1,40-64,1780335305,2026-06-02T01:35:05,0.0005
1,40-64,1780335603,2026-06-02T01:40:03,0.0005
1,40-64,1780335906,2026-06-02T01:45:06,0.0005
1,40-64,1780336204,2026-06-02T01:50:04,0.0005
1,40-64,1780336504,2026-06-02T01:55:04,0.0005
1,40-64,1780337104,2026-06-02T02:05:04,0.0005
1,40-64,1780337405,2026-06-02T02:10:05,0.0005
1,40-64,1780337704,2026-06-02T02:15:04,0.0005
1,40-64,1780338005,2026-06-02T02:20:05,0.0005
1,40-64,1780338319,2026-06-02T02:25:19,0.0005
1,40-64,1780338606,2026-06-02T02:30:06,0.0005
1,40-64,1780338904,2026-06-02T02:35:04,0.0005
1,40-64,1780339203,2026-06-02T02:40:03,0.0005
1,40-64,1780339504,2026-06-02T02:45:04,0.0005
1,40-64,1780339804,2026-06-02T02:50:04,0.0005
1,40-64,1780340104,2026-06-02T02:55:04,0.0005
1,40-64,1780340704,2026-06-02T03:05:04,0.0005
1,40-64,1780341005,2026-06-02T03:10:05,0.0005
1,40-64,1780341303,2026-06-02T03:15:03,0.0005
1,40-64,1780341620,2026-06-02T03:20:20,0.0005
1,40-64,1780341904,2026-06-02T03:25:04,0.0005
1,40-64,1780342204,2026-06-02T03:30:04,0.0005
1,40-64,1780342504,2026-06-02T03:35:04,0.0005
1,40-64,1780342805,2026-06-02T03:40:05,0.0005
1,40-64,1780343105,2026-06-02T03:45:05,0.0005
1,40-64,1780343419,2026-06-02T03:50:19,0.0005
2,65-89,1779993004,2026-05-29T02:30:04,0.31
2,65-89,1779993304,2026-05-29T02:35:04,0.315
2,65-89,1779993604,2026-05-29T02:40:04,0.34
2,65-89,1779993903,2026-05-29T02:45:03,0.33
2,65-89,1779994204,2026-05-29T02:50:04,0.33
2,65-89,1779994503,2026-05-29T02:55:03,0.29
2,65-89,1779995104,2026-05-29T03:05:04,0.31
2,65-89,1779995405,2026-05-29T03:10:05,0.33
2,65-89,1779995705,2026-05-29T03:15:05,0.33
2,65-89,1779996006,2026-05-29T03:20:06,0.34
2,65-89,1779996304,2026-05-29T03:25:04,0.33
2,65-89,1779996607,2026-05-29T03:30:07,0.34
2,65-89,1779996903,2026-05-29T03:35:03,0.335
2,65-89,1779997204,2026-05-29T03:40:04,0.325
2,65-89,1779997503,2026-05-29T03:45:03,0.325
2,65-89,1779997804,2026-05-29T03:50:04,0.31
2,65-89,1779998105,2026-05-29T03:55:05,0.305
2,65-89,1779998703,2026-05-29T04:05:03,0.305
2,65-89,1779999005,2026-05-29T04:10:05,0.16
2,65-89,1779999304,2026-05-29T04:15:04,0.16
2,65-89,1779999605,2026-05-29T04:20:05,0.16
2,65-89,1779999904,2026-05-29T04:25:04,0.16
2,65-89,1780000203,2026-05-29T04:30:03,0.155
2,65-89,1780000504,2026-05-29T04:35:04,0.155
2,65-89,1780000805,2026-05-29T04:40:05,0.28
2,65-89,1780001104,2026-05-29T04:45:04,0.27
2,65-89,1780001403,2026-05-29T04:50:03,0.28
2,65-89,1780001704,2026-05-29T04:55:04,0.27
2,65-89,1780002303,2026-05-29T05:05:03,0.27
2,65-89,1780002603,2026-05-29T05:10:03,0.195
2,65-89,1780002903,2026-05-29T05:15:03,0.195
2,65-89,1780003203,2026-05-29T05:20:03,0.195
2,65-89,1780003503,2026-05-29T05:25:03,0.195
2,65-89,1780003805,2026-05-29T05:30:05,0.195
2,65-89,1780004103,2026-05-29T05:35:03,0.195
2,65-89,1780004403,2026-05-29T05:40:03,0.195
2,65-89,1780004703,2026-05-29T05:45:03,0.195
2,65-89,1780005004,2026-05-29T05:50:04,0.195
2,65-89,1780005303,2026-05-29T05:55:03,0.195
2,65-89,1780005905,2026-05-29T06:05:05,0.195
2,65-89,1780006204,2026-05-29T06:10:04,0.195
2,65-89,1780006505,2026-05-29T06:15:05,0.195
2,65-89,1780006804,2026-05-29T06:20:04,0.195
2,65-89,1780007106,2026-05-29T06:25:06,0.195
2,65-89,1780007405,2026-05-29T06:30:05,0.195
2,65-89,1780007706,2026-05-29T06:35:06,0.185
2,65-89,1780008004,2026-05-29T06:40:04,0.185
2,65-89,1780008304,2026-05-29T06:45:04,0.195
2,65-89,1780008603,2026-05-29T06:50:03,0.19
2,65-89,1780008903,2026-05-29T06:55:03,0.195
2,65-89,1780009516,2026-05-29T07:05:16,0.195
2,65-89,1780009805,2026-05-29T07:10:05,0.195
2,65-89,1780010104,2026-05-29T07:15:04,0.195
2,65-89,1780010417,2026-05-29T07:20:17,0.195
2,65-89,1780010705,2026-05-29T07:25:05,0.195
2,65-89,1780011003,2026-05-29T07:30:03,0.195
2,65-89,1780011303,2026-05-29T07:35:03,0.195
2,65-89,1780011604,2026-05-29T07:40:04,0.195
2,65-89,1780011904,2026-05-29T07:45:04,0.195
2,65-89,1780012204,2026-05-29T07:50:04,0.195
2,65-89,1780012504,2026-05-29T07:55:04,0.195
2,65-89,1780013103,2026-05-29T08:05:03,0.195
2,65-89,1780013405,2026-05-29T08:10:05,0.185
2,65-89,1780013704,2026-05-29T08:15:04,0.195
2,65-89,1780014004,2026-05-29T08:20:04,0.185
2,65-89,1780014304,2026-05-29T08:25:04,0.185
2,65-89,1780014605,2026-05-29T08:30:05,0.185
2,65-89,1780014904,2026-05-29T08:35:04,0.185
2,65-89,1780015204,2026-05-29T08:40:04,0.185
2,65-89,1780015505,2026-05-29T08:45:05,0.19
2,65-89,1780015805,2026-05-29T08:50:05,0.19
2,65-89,1780016104,2026-05-29T08:55:04,0.195
2,65-89,1780016703,2026-05-29T09:05:03,0.2
2,65-89,1780017004,2026-05-29T09:10:04,0.2
2,65-89,1780017304,2026-05-29T09:15:04,0.2
2,65-89,1780017604,2026-05-29T09:20:04,0.2
2,65-89,1780017903,2026-05-29T09:25:03,0.2
2,65-89,1780018204,2026-05-29T09:30:04,0.195
2,65-89,1780018503,2026-05-29T09:35:03,0.205
2,65-89,1780018804,2026-05-29T09:40:04,0.215
2,65-89,1780019104,2026-05-29T09:45:04,0.215
2,65-89,1780019404,2026-05-29T09:50:04,0.215
2,65-89,1780019703,2026-05-29T09:55:03,0.215
2,65-89,1780020303,2026-05-29T10:05:03,0.215
2,65-89,1780020603,2026-05-29T10:10:03,0.22
2,65-89,1780020904,2026-05-29T10:15:04,0.215
2,65-89,1780021203,2026-05-29T10:20:03,0.215
2,65-89,1780021503,2026-05-29T10:25:03,0.215
2,65-89,1780021803,2026-05-29T10:30:03,0.22
2,65-89,1780022104,2026-05-29T10:35:04,0.215
2,65-89,1780022403,2026-05-29T10:40:03,0.215
2,65-89,1780022703,2026-05-29T10:45:03,0.215
2,65-89,1780023003,2026-05-29T10:50:03,0.22
2,65-89,1780023303,2026-05-29T10:55:03,0.215
2,65-89,1780023903,2026-05-29T11:05:03,0.22
2,65-89,1780024203,2026-05-29T11:10:03,0.215
2,65-89,1780024504,2026-05-29T11:15:04,0.215
2,65-89,1780024804,2026-05-29T11:20:04,0.215
2,65-89,1780025103,2026-05-29T11:25:03,0.215
2,65-89,1780025403,2026-05-29T11:30:03,0.215
2,65-89,1780025703,2026-05-29T11:35:03,0.21
2,65-89,1780026003,2026-05-29T11:40:03,0.21
2,65-89,1780026304,2026-05-29T11:45:04,0.21
2,65-89,1780026604,2026-05-29T11:50:04,0.205
2,65-89,1780026915,2026-05-29T11:55:15,0.205
2,65-89,1780027504,2026-05-29T12:05:04,0.21
2,65-89,1780027804,2026-05-29T12:10:04,0.215
2,65-89,1780028104,2026-05-29T12:15:04,0.21
2,65-89,1780028404,2026-05-29T12:20:04,0.21
2,65-89,1780028704,2026-05-29T12:25:04,0.21
2,65-89,1780029004,2026-05-29T12:30:04,0.21
2,65-89,1780029304,2026-05-29T12:35:04,0.21
2,65-89,1780029605,2026-05-29T12:40:05,0.21
2,65-89,1780029904,2026-05-29T12:45:04,0.21
2,65-89,1780030204,2026-05-29T12:50:04,0.21
2,65-89,1780030504,2026-05-29T12:55:04,0.21
2,65-89,1780031104,2026-05-29T13:05:04,0.21
2,65-89,1780031405,2026-05-29T13:10:05,0.21
2,65-89,1780031704,2026-05-29T13:15:04,0.21
2,65-89,1780032003,2026-05-29T13:20:03,0.21
2,65-89,1780032304,2026-05-29T13:25:04,0.195
2,65-89,1780032603,2026-05-29T13:30:03,0.195
2,65-89,1780032914,2026-05-29T13:35:14,0.185
2,65-89,1780033203,2026-05-29T13:40:03,0.185
2,65-89,1780033504,2026-05-29T13:45:04,0.185
2,65-89,1780033803,2026-05-29T13:50:03,0.185
2,65-89,1780034103,2026-05-29T13:55:03,0.185
2,65-89,1780034704,2026-05-29T14:05:04,0.185
2,65-89,1780035016,2026-05-29T14:10:16,0.185
2,65-89,1780035304,2026-05-29T14:15:04,0.185
2,65-89,1780035603,2026-05-29T14:20:03,0.185
2,65-89,1780035904,2026-05-29T14:25:04,0.185
2,65-89,1780036205,2026-05-29T14:30:05,0.185
2,65-89,1780036503,2026-05-29T14:35:03,0.185
2,65-89,1780036803,2026-05-29T14:40:03,0.185
2,65-89,1780037103,2026-05-29T14:45:03,0.185
2,65-89,1780037404,2026-05-29T14:50:04,0.185
2,65-89,1780037704,2026-05-29T14:55:04,0.185
2,65-89,1780038304,2026-05-29T15:05:04,0.185
2,65-89,1780038603,2026-05-29T15:10:03,0.185
2,65-89,1780038914,2026-05-29T15:15:14,0.185
2,65-89,1780039204,2026-05-29T15:20:04,0.185
2,65-89,1780039503,2026-05-29T15:25:03,0.195
2,65-89,1780039803,2026-05-29T15:30:03,0.195
2,65-89,1780040104,2026-05-29T15:35:04,0.195
2,65-89,1780040405,2026-05-29T15:40:05,0.195
2,65-89,1780040704,2026-05-29T15:45:04,0.195
2,65-89,1780041003,2026-05-29T15:50:03,0.195
2,65-89,1780041303,2026-05-29T15:55:03,0.195
2,65-89,1780041903,2026-05-29T16:05:03,0.195
2,65-89,1780042203,2026-05-29T16:10:03,0.195
2,65-89,1780042503,2026-05-29T16:15:03,0.195
2,65-89,1780042803,2026-05-29T16:20:03,0.195
2,65-89,1780043103,2026-05-29T16:25:03,0.195
2,65-89,1780043403,2026-05-29T16:30:03,0.195
2,65-89,1780043703,2026-05-29T16:35:03,0.195
2,65-89,1780044004,2026-05-29T16:40:04,0.195
2,65-89,1780044303,2026-05-29T16:45:03,0.195
2,65-89,1780044603,2026-05-29T16:50:03,0.195
2,65-89,1780044903,2026-05-29T16:55:03,0.195
2,65-89,1780045503,2026-05-29T17:05:03,0.195
2,65-89,1780045804,2026-05-29T17:10:04,0.195
2,65-89,1780046104,2026-05-29T17:15:04,0.195
2,65-89,1780046404,2026-05-29T17:20:04,0.195
2,65-89,1780046705,2026-05-29T17:25:05,0.195
2,65-89,1780047018,2026-05-29T17:30:18,0.195
2,65-89,1780047304,2026-05-29T17:35:04,0.195
2,65-89,1780047603,2026-05-29T17:40:03,0.195
2,65-89,1780047903,2026-05-29T17:45:03,0.195
2,65-89,1780048204,2026-05-29T17:50:04,0.195
2,65-89,1780048503,2026-05-29T17:55:03,0.195
2,65-89,1780049103,2026-05-29T18:05:03,0.195
2,65-89,1780049403,2026-05-29T18:10:03,0.195
2,65-89,1780049703,2026-05-29T18:15:03,0.195
2,65-89,1780050004,2026-05-29T18:20:04,0.195
2,65-89,1780050303,2026-05-29T18:25:03,0.195
2,65-89,1780050603,2026-05-29T18:30:03,0.195
2,65-89,1780050903,2026-05-29T18:35:03,0.195
2,65-89,1780051203,2026-05-29T18:40:03,0.195
2,65-89,1780051503,2026-05-29T18:45:03,0.195
2,65-89,1780051803,2026-05-29T18:50:03,0.195
2,65-89,1780052104,2026-05-29T18:55:04,0.195
2,65-89,1780052703,2026-05-29T19:05:03,0.195
2,65-89,1780053003,2026-05-29T19:10:03,0.195
2,65-89,1780053303,2026-05-29T19:15:03,0.195
2,65-89,1780053603,2026-05-29T19:20:03,0.195
2,65-89,1780053903,2026-05-29T19:25:03,0.195
2,65-89,1780054203,2026-05-29T19:30:03,0.195
2,65-89,1780054504,2026-05-29T19:35:04,0.195
2,65-89,1780054803,2026-05-29T19:40:03,0.195
2,65-89,1780055104,2026-05-29T19:45:04,0.195
2,65-89,1780055403,2026-05-29T19:50:03,0.195
2,65-89,1780055703,2026-05-29T19:55:03,0.195
2,65-89,1780056319,2026-05-29T20:05:19,0.195
2,65-89,1780056325,2026-05-29T20:05:25,0.195
2,65-89,1780056603,2026-05-29T20:10:03,0.195
2,65-89,1780058103,2026-05-29T20:35:03,0.195
2,65-89,1780058403,2026-05-29T20:40:03,0.195
2,65-89,1780058702,2026-05-29T20:45:02,0.195
2,65-89,1780059003,2026-05-29T20:50:03,0.19
2,65-89,1780059303,2026-05-29T20:55:03,0.19
2,65-89,1780059903,2026-05-29T21:05:03,0.19
2,65-89,1780060203,2026-05-29T21:10:03,0.19
2,65-89,1780061404,2026-05-29T21:30:04,0.19
2,65-89,1780061703,2026-05-29T21:35:03,0.19
2,65-89,1780062003,2026-05-29T21:40:03,0.19
2,65-89,1780062306,2026-05-29T21:45:06,0.19
2,65-89,1780062605,2026-05-29T21:50:05,0.19
2,65-89,1780062904,2026-05-29T21:55:04,0.19
2,65-89,1780063503,2026-05-29T22:05:03,0.19
2,65-89,1780063803,2026-05-29T22:10:03,0.195
2,65-89,1780064103,2026-05-29T22:15:03,0.195
2,65-89,1780064404,2026-05-29T22:20:04,0.195
2,65-89,1780064703,2026-05-29T22:25:03,0.195
2,65-89,1780065005,2026-05-29T22:30:05,0.195
2,65-89,1780065304,2026-05-29T22:35:04,0.195
2,65-89,1780065604,2026-05-29T22:40:04,0.195
2,65-89,1780065904,2026-05-29T22:45:04,0.205
2,65-89,1780066204,2026-05-29T22:50:04,0.205
2,65-89,1780066504,2026-05-29T22:55:04,0.205
2,65-89,1780067104,2026-05-29T23:05:04,0.205
2,65-89,1780067405,2026-05-29T23:10:05,0.22
2,65-89,1780067704,2026-05-29T23:15:04,0.225
2,65-89,1780068005,2026-05-29T23:20:05,0.225
2,65-89,1780068303,2026-05-29T23:25:03,0.225
2,65-89,1780068604,2026-05-29T23:30:04,0.225
2,65-89,1780068904,2026-05-29T23:35:04,0.225
2,65-89,1780069204,2026-05-29T23:40:04,0.225
2,65-89,1780069505,2026-05-29T23:45:05,0.225
2,65-89,1780069804,2026-05-29T23:50:04,0.225
2,65-89,1780070103,2026-05-29T23:55:03,0.225
2,65-89,1780070704,2026-05-30T00:05:04,0.225
2,65-89,1780071004,2026-05-30T00:10:04,0.225
2,65-89,1780071306,2026-05-30T00:15:06,0.225
2,65-89,1780071605,2026-05-30T00:20:05,0.225
2,65-89,1780071904,2026-05-30T00:25:04,0.225
2,65-89,1780072204,2026-05-30T00:30:04,0.225
2,65-89,1780072503,2026-05-30T00:35:03,0.22
2,65-89,1780072805,2026-05-30T00:40:05,0.22
2,65-89,1780073103,2026-05-30T00:45:03,0.22
2,65-89,1780073403,2026-05-30T00:50:03,0.22
2,65-89,1780073704,2026-05-30T00:55:04,0.22
2,65-89,1780074305,2026-05-30T01:05:05,0.22
2,65-89,1780074603,2026-05-30T01:10:03,0.215
2,65-89,1780074905,2026-05-30T01:15:05,0.22
2,65-89,1780075204,2026-05-30T01:20:04,0.22
2,65-89,1780075503,2026-05-30T01:25:03,0.22
2,65-89,1780075803,2026-05-30T01:30:03,0.22
2,65-89,1780076103,2026-05-30T01:35:03,0.22
2,65-89,1780076403,2026-05-30T01:40:03,0.22
2,65-89,1780076703,2026-05-30T01:45:03,0.22
2,65-89,1780077016,2026-05-30T01:50:16,0.22
2,65-89,1780077303,2026-05-30T01:55:03,0.22
2,65-89,1780077904,2026-05-30T02:05:04,0.215
2,65-89,1780078205,2026-05-30T02:10:05,0.22
2,65-89,1780078504,2026-05-30T02:15:04,0.215
2,65-89,1780078803,2026-05-30T02:20:03,0.215
2,65-89,1780079104,2026-05-30T02:25:04,0.215
2,65-89,1780079404,2026-05-30T02:30:04,0.215
2,65-89,1780079718,2026-05-30T02:35:18,0.215
2,65-89,1780080016,2026-05-30T02:40:16,0.215
2,65-89,1780080304,2026-05-30T02:45:04,0.215
2,65-89,1780080604,2026-05-30T02:50:04,0.215
2,65-89,1780080903,2026-05-30T02:55:03,0.215
2,65-89,1780081503,2026-05-30T03:05:03,0.215
2,65-89,1780081814,2026-05-30T03:10:14,0.215
2,65-89,1780082104,2026-05-30T03:15:04,0.215
2,65-89,1780082404,2026-05-30T03:20:04,0.215
2,65-89,1780082704,2026-05-30T03:25:04,0.215
2,65-89,1780083003,2026-05-30T03:30:03,0.215
2,65-89,1780083303,2026-05-30T03:35:03,0.215
2,65-89,1780083603,2026-05-30T03:40:03,0.215
2,65-89,1780083903,2026-05-30T03:45:03,0.215
2,65-89,1780084204,2026-05-30T03:50:04,0.215
2,65-89,1780084504,2026-05-30T03:55:04,0.215
2,65-89,1780085103,2026-05-30T04:05:03,0.215
2,65-89,1780085403,2026-05-30T04:10:03,0.215
2,65-89,1780085704,2026-05-30T04:15:04,0.215
2,65-89,1780086004,2026-05-30T04:20:04,0.215
2,65-89,1780086303,2026-05-30T04:25:03,0.215
2,65-89,1780086603,2026-05-30T04:30:03,0.215
2,65-89,1780086904,2026-05-30T04:35:04,0.215
2,65-89,1780087205,2026-05-30T04:40:05,0.215
2,65-89,1780087503,2026-05-30T04:45:03,0.215
2,65-89,1780087804,2026-05-30T04:50:04,0.225
2,65-89,1780088104,2026-05-30T04:55:04,0.225
2,65-89,1780088704,2026-05-30T05:05:04,0.225
2,65-89,1780089005,2026-05-30T05:10:05,0.225
2,65-89,1780089303,2026-05-30T05:15:03,0.225
2,65-89,1780089604,2026-05-30T05:20:04,0.225
2,65-89,1780089903,2026-05-30T05:25:03,0.225
2,65-89,1780090203,2026-05-30T05:30:03,0.225
2,65-89,1780090503,2026-05-30T05:35:03,0.225
2,65-89,1780090818,2026-05-30T05:40:18,0.225
2,65-89,1780091104,2026-05-30T05:45:04,0.225
2,65-89,1780091403,2026-05-30T05:50:03,0.225
2,65-89,1780091703,2026-05-30T05:55:03,0.225
2,65-89,1780092304,2026-05-30T06:05:04,0.225
2,65-89,1780092603,2026-05-30T06:10:03,0.225
2,65-89,1780092904,2026-05-30T06:15:04,0.225
2,65-89,1780093204,2026-05-30T06:20:04,0.225
2,65-89,1780093504,2026-05-30T06:25:04,0.225
2,65-89,1780093805,2026-05-30T06:30:05,0.225
2,65-89,1780094104,2026-05-30T06:35:04,0.225
2,65-89,1780094404,2026-05-30T06:40:04,0.225
2,65-89,1780094704,2026-05-30T06:45:04,0.225
2,65-89,1780095004,2026-05-30T06:50:04,0.225
2,65-89,1780095304,2026-05-30T06:55:04,0.225
2,65-89,1780095905,2026-05-30T07:05:05,0.235
2,65-89,1780096204,2026-05-30T07:10:04,0.235
2,65-89,1780096504,2026-05-30T07:15:04,0.235
2,65-89,1780096803,2026-05-30T07:20:03,0.225
2,65-89,1780097104,2026-05-30T07:25:04,0.225
2,65-89,1780097404,2026-05-30T07:30:04,0.215
2,65-89,1780097704,2026-05-30T07:35:04,0.215
2,65-89,1780098003,2026-05-30T07:40:03,0.215
2,65-89,1780098303,2026-05-30T07:45:03,0.23
2,65-89,1780098603,2026-05-30T07:50:03,0.215
2,65-89,1780098904,2026-05-30T07:55:04,0.225
2,65-89,1780099504,2026-05-30T08:05:04,0.215
2,65-89,1780099804,2026-05-30T08:10:04,0.22
2,65-89,1780100104,2026-05-30T08:15:04,0.225
2,65-89,1780100403,2026-05-30T08:20:03,0.22
2,65-89,1780100704,2026-05-30T08:25:04,0.215
2,65-89,1780101004,2026-05-30T08:30:04,0.22
2,65-89,1780101303,2026-05-30T08:35:03,0.22
2,65-89,1780101604,2026-05-30T08:40:04,0.21
2,65-89,1780101904,2026-05-30T08:45:04,0.21
2,65-89,1780102204,2026-05-30T08:50:04,0.21
2,65-89,1780102504,2026-05-30T08:55:04,0.2
2,65-89,1780103103,2026-05-30T09:05:03,0.205
2,65-89,1780103403,2026-05-30T09:10:03,0.2
2,65-89,1780103706,2026-05-30T09:15:06,0.2
2,65-89,1780104004,2026-05-30T09:20:04,0.2
2,65-89,1780104304,2026-05-30T09:25:04,0.2
2,65-89,1780104605,2026-05-30T09:30:05,0.2
2,65-89,1780104903,2026-05-30T09:35:03,0.205
2,65-89,1780105203,2026-05-30T09:40:03,0.21
2,65-89,1780105504,2026-05-30T09:45:04,0.205
2,65-89,1780105803,2026-05-30T09:50:03,0.21
2,65-89,1780106115,2026-05-30T09:55:15,0.21
2,65-89,1780106704,2026-05-30T10:05:04,0.205
2,65-89,1780107003,2026-05-30T10:10:03,0.2
2,65-89,1780107303,2026-05-30T10:15:03,0.19
2,65-89,1780107603,2026-05-30T10:20:03,0.205
2,65-89,1780107903,2026-05-30T10:25:03,0.205
2,65-89,1780108206,2026-05-30T10:30:06,0.205
2,65-89,1780108503,2026-05-30T10:35:03,0.205
2,65-89,1780108803,2026-05-30T10:40:03,0.205
2,65-89,1780109104,2026-05-30T10:45:04,0.19
2,65-89,1780109403,2026-05-30T10:50:03,0.195
2,65-89,1780109704,2026-05-30T10:55:04,0.195
2,65-89,1780110303,2026-05-30T11:05:03,0.21
2,65-89,1780110605,2026-05-30T11:10:05,0.21
2,65-89,1780110915,2026-05-30T11:15:15,0.21
2,65-89,1780111204,2026-05-30T11:20:04,0.21
2,65-89,1780111519,2026-05-30T11:25:19,0.205
2,65-89,1780111803,2026-05-30T11:30:03,0.21
2,65-89,1780112103,2026-05-30T11:35:03,0.205
2,65-89,1780112403,2026-05-30T11:40:03,0.21
2,65-89,1780112703,2026-05-30T11:45:03,0.205
2,65-89,1780113003,2026-05-30T11:50:03,0.205
2,65-89,1780113303,2026-05-30T11:55:03,0.2
2,65-89,1780113904,2026-05-30T12:05:04,0.2
2,65-89,1780114204,2026-05-30T12:10:04,0.2
2,65-89,1780114505,2026-05-30T12:15:05,0.2
2,65-89,1780114803,2026-05-30T12:20:03,0.195
2,65-89,1780115104,2026-05-30T12:25:04,0.195
2,65-89,1780115404,2026-05-30T12:30:04,0.195
2,65-89,1780115704,2026-05-30T12:35:04,0.195
2,65-89,1780116004,2026-05-30T12:40:04,0.195
2,65-89,1780116304,2026-05-30T12:45:04,0.195
2,65-89,1780116604,2026-05-30T12:50:04,0.195
2,65-89,1780116904,2026-05-30T12:55:04,0.195
2,65-89,1780117504,2026-05-30T13:05:04,0.215
2,65-89,1780117804,2026-05-30T13:10:04,0.215
2,65-89,1780118104,2026-05-30T13:15:04,0.215
2,65-89,1780118404,2026-05-30T13:20:04,0.215
2,65-89,1780118704,2026-05-30T13:25:04,0.21
2,65-89,1780119005,2026-05-30T13:30:05,0.21
2,65-89,1780119303,2026-05-30T13:35:03,0.21
2,65-89,1780119603,2026-05-30T13:40:03,0.205
2,65-89,1780119904,2026-05-30T13:45:04,0.205
2,65-89,1780120204,2026-05-30T13:50:04,0.205
2,65-89,1780120505,2026-05-30T13:55:05,0.205
2,65-89,1780121103,2026-05-30T14:05:03,0.215
2,65-89,1780121403,2026-05-30T14:10:03,0.21
2,65-89,1780121703,2026-05-30T14:15:03,0.21
2,65-89,1780122003,2026-05-30T14:20:03,0.21
2,65-89,1780122303,2026-05-30T14:25:03,0.215
2,65-89,1780122603,2026-05-30T14:30:03,0.21
2,65-89,1780122903,2026-05-30T14:35:03,0.215
2,65-89,1780123203,2026-05-30T14:40:03,0.21
2,65-89,1780123516,2026-05-30T14:45:16,0.21
2,65-89,1780123803,2026-05-30T14:50:03,0.2
2,65-89,1780124103,2026-05-30T14:55:03,0.2
2,65-89,1780124703,2026-05-30T15:05:03,0.2
2,65-89,1780125003,2026-05-30T15:10:03,0.2
2,65-89,1780125304,2026-05-30T15:15:04,0.2
2,65-89,1780125619,2026-05-30T15:20:19,0.2
2,65-89,1780125903,2026-05-30T15:25:03,0.2
2,65-89,1780126203,2026-05-30T15:30:03,0.2
2,65-89,1780126504,2026-05-30T15:35:04,0.2
2,65-89,1780126803,2026-05-30T15:40:03,0.2
2,65-89,1780127103,2026-05-30T15:45:03,0.2
2,65-89,1780127403,2026-05-30T15:50:03,0.21
2,65-89,1780127704,2026-05-30T15:55:04,0.21
2,65-89,1780128303,2026-05-30T16:05:03,0.21
2,65-89,1780128604,2026-05-30T16:10:04,0.21
2,65-89,1780128903,2026-05-30T16:15:03,0.21
2,65-89,1780129203,2026-05-30T16:20:03,0.21
2,65-89,1780129503,2026-05-30T16:25:03,0.21
2,65-89,1780129804,2026-05-30T16:30:04,0.215
2,65-89,1780130103,2026-05-30T16:35:03,0.21
2,65-89,1780130404,2026-05-30T16:40:04,0.205
2,65-89,1780130703,2026-05-30T16:45:03,0.21
2,65-89,1780131004,2026-05-30T16:50:04,0.21
2,65-89,1780131304,2026-05-30T16:55:04,0.21
2,65-89,1780131904,2026-05-30T17:05:04,0.21
2,65-89,1780132203,2026-05-30T17:10:03,0.21
2,65-89,1780132503,2026-05-30T17:15:03,0.21
2,65-89,1780132803,2026-05-30T17:20:03,0.205
2,65-89,1780133104,2026-05-30T17:25:04,0.205
2,65-89,1780133404,2026-05-30T17:30:04,0.205
2,65-89,1780133703,2026-05-30T17:35:03,0.205
2,65-89,1780134004,2026-05-30T17:40:04,0.215
2,65-89,1780134303,2026-05-30T17:45:03,0.205
2,65-89,1780134603,2026-05-30T17:50:03,0.205
2,65-89,1780134903,2026-05-30T17:55:03,0.205
2,65-89,1780135503,2026-05-30T18:05:03,0.205
2,65-89,1780135818,2026-05-30T18:10:18,0.205
2,65-89,1780136104,2026-05-30T18:15:04,0.2
2,65-89,1780136404,2026-05-30T18:20:04,0.195
2,65-89,1780136703,2026-05-30T18:25:03,0.195
2,65-89,1780137003,2026-05-30T18:30:03,0.195
2,65-89,1780137303,2026-05-30T18:35:03,0.195
2,65-89,1780137603,2026-05-30T18:40:03,0.195
2,65-89,1780137903,2026-05-30T18:45:03,0.195
2,65-89,1780138203,2026-05-30T18:50:03,0.185
2,65-89,1780138503,2026-05-30T18:55:03,0.185
2,65-89,1780139104,2026-05-30T19:05:04,0.195
2,65-89,1780139404,2026-05-30T19:10:04,0.195
2,65-89,1780139703,2026-05-30T19:15:03,0.195
2,65-89,1780140004,2026-05-30T19:20:04,0.195
2,65-89,1780140303,2026-05-30T19:25:03,0.195
2,65-89,1780140605,2026-05-30T19:30:05,0.195
2,65-89,1780140903,2026-05-30T19:35:03,0.195
2,65-89,1780141203,2026-05-30T19:40:03,0.195
2,65-89,1780141505,2026-05-30T19:45:05,0.195
2,65-89,1780141804,2026-05-30T19:50:04,0.195
2,65-89,1780142105,2026-05-30T19:55:05,0.195
2,65-89,1780142703,2026-05-30T20:05:03,0.195
2,65-89,1780143004,2026-05-30T20:10:04,0.195
2,65-89,1780143303,2026-05-30T20:15:03,0.2
2,65-89,1780143604,2026-05-30T20:20:04,0.2
2,65-89,1780143903,2026-05-30T20:25:03,0.2
2,65-89,1780144205,2026-05-30T20:30:05,0.2
2,65-89,1780144516,2026-05-30T20:35:16,0.2
2,65-89,1780144804,2026-05-30T20:40:04,0.2
2,65-89,1780145104,2026-05-30T20:45:04,0.2
2,65-89,1780145404,2026-05-30T20:50:04,0.2
2,65-89,1780145704,2026-05-30T20:55:04,0.2
2,65-89,1780146303,2026-05-30T21:05:03,0.2
2,65-89,1780146604,2026-05-30T21:10:04,0.195
2,65-89,1780146904,2026-05-30T21:15:04,0.195
2,65-89,1780147203,2026-05-30T21:20:03,0.185
2,65-89,1780147503,2026-05-30T21:25:03,0.185
2,65-89,1780147804,2026-05-30T21:30:04,0.185
2,65-89,1780148103,2026-05-30T21:35:03,0.185
2,65-89,1780148403,2026-05-30T21:40:03,0.185
2,65-89,1780148704,2026-05-30T21:45:04,0.185
2,65-89,1780149004,2026-05-30T21:50:04,0.185
2,65-89,1780149303,2026-05-30T21:55:03,0.185
2,65-89,1780149903,2026-05-30T22:05:03,0.185
2,65-89,1780150204,2026-05-30T22:10:04,0.185
2,65-89,1780150517,2026-05-30T22:15:17,0.185
2,65-89,1780150804,2026-05-30T22:20:04,0.185
2,65-89,1780151103,2026-05-30T22:25:03,0.195
2,65-89,1780151404,2026-05-30T22:30:04,0.185
2,65-89,1780151704,2026-05-30T22:35:04,0.185
2,65-89,1780152003,2026-05-30T22:40:03,0.185
2,65-89,1780152304,2026-05-30T22:45:04,0.185
2,65-89,1780152603,2026-05-30T22:50:03,0.185
2,65-89,1780152903,2026-05-30T22:55:03,0.185
2,65-89,1780153503,2026-05-30T23:05:03,0.185
2,65-89,1780153819,2026-05-30T23:10:19,0.185
2,65-89,1780154103,2026-05-30T23:15:03,0.18
2,65-89,1780154404,2026-05-30T23:20:04,0.175
2,65-89,1780154704,2026-05-30T23:25:04,0.175
2,65-89,1780155019,2026-05-30T23:30:19,0.175
2,65-89,1780155303,2026-05-30T23:35:03,0.175
2,65-89,1780155604,2026-05-30T23:40:04,0.175
2,65-89,1780155903,2026-05-30T23:45:03,0.185
2,65-89,1780156216,2026-05-30T23:50:16,0.185
2,65-89,1780156504,2026-05-30T23:55:04,0.175
2,65-89,1780157104,2026-05-31T00:05:04,0.205
2,65-89,1780157404,2026-05-31T00:10:04,0.205
2,65-89,1780157705,2026-05-31T00:15:05,0.205
2,65-89,1780158004,2026-05-31T00:20:04,0.205
2,65-89,1780158318,2026-05-31T00:25:18,0.205
2,65-89,1780158604,2026-05-31T00:30:04,0.205
2,65-89,1780158905,2026-05-31T00:35:05,0.205
2,65-89,1780159205,2026-05-31T00:40:05,0.205
2,65-89,1780159504,2026-05-31T00:45:04,0.205
2,65-89,1780159804,2026-05-31T00:50:04,0.205
2,65-89,1780160103,2026-05-31T00:55:03,0.205
2,65-89,1780160703,2026-05-31T01:05:03,0.205
2,65-89,1780161003,2026-05-31T01:10:03,0.205
2,65-89,1780161305,2026-05-31T01:15:05,0.205
2,65-89,1780161604,2026-05-31T01:20:04,0.205
2,65-89,1780161904,2026-05-31T01:25:04,0.205
2,65-89,1780162205,2026-05-31T01:30:05,0.205
2,65-89,1780162505,2026-05-31T01:35:05,0.205
2,65-89,1780162805,2026-05-31T01:40:05,0.205
2,65-89,1780163105,2026-05-31T01:45:05,0.205
2,65-89,1780163404,2026-05-31T01:50:04,0.205
2,65-89,1780163703,2026-05-31T01:55:03,0.205
2,65-89,1780164303,2026-05-31T02:05:03,0.205
2,65-89,1780164603,2026-05-31T02:10:03,0.205
2,65-89,1780164905,2026-05-31T02:15:05,0.205
2,65-89,1780165204,2026-05-31T02:20:04,0.205
2,65-89,1780165503,2026-05-31T02:25:03,0.205
2,65-89,1780165803,2026-05-31T02:30:03,0.205
2,65-89,1780166103,2026-05-31T02:35:03,0.205
2,65-89,1780166404,2026-05-31T02:40:04,0.205
2,65-89,1780166703,2026-05-31T02:45:03,0.175
2,65-89,1780167004,2026-05-31T02:50:04,0.175
2,65-89,1780167303,2026-05-31T02:55:03,0.175
2,65-89,1780167903,2026-05-31T03:05:03,0.145
2,65-89,1780168203,2026-05-31T03:10:03,0.145
2,65-89,1780168504,2026-05-31T03:15:04,0.125
2,65-89,1780168804,2026-05-31T03:20:04,0.115
2,65-89,1780169104,2026-05-31T03:25:04,0.115
2,65-89,1780169403,2026-05-31T03:30:03,0.115
2,65-89,1780169703,2026-05-31T03:35:03,0.115
2,65-89,1780170003,2026-05-31T03:40:03,0.115
2,65-89,1780170303,2026-05-31T03:45:03,0.115
2,65-89,1780170603,2026-05-31T03:50:03,0.115
2,65-89,1780170903,2026-05-31T03:55:03,0.105
2,65-89,1780171503,2026-05-31T04:05:03,0.105
2,65-89,1780171803,2026-05-31T04:10:03,0.105
2,65-89,1780172103,2026-05-31T04:15:03,0.105
2,65-89,1780172403,2026-05-31T04:20:03,0.105
2,65-89,1780172703,2026-05-31T04:25:03,0.105
2,65-89,1780173004,2026-05-31T04:30:04,0.105
2,65-89,1780173303,2026-05-31T04:35:03,0.105
2,65-89,1780173604,2026-05-31T04:40:04,0.105
2,65-89,1780173904,2026-05-31T04:45:04,0.095
2,65-89,1780174203,2026-05-31T04:50:03,0.095
2,65-89,1780174503,2026-05-31T04:55:03,0.095
2,65-89,1780175104,2026-05-31T05:05:04,0.095
2,65-89,1780175404,2026-05-31T05:10:04,0.095
2,65-89,1780175704,2026-05-31T05:15:04,0.095
2,65-89,1780176004,2026-05-31T05:20:04,0.085
2,65-89,1780176304,2026-05-31T05:25:04,0.085
2,65-89,1780176618,2026-05-31T05:30:18,0.085
2,65-89,1780176903,2026-05-31T05:35:03,0.085
2,65-89,1780177203,2026-05-31T05:40:03,0.085
2,65-89,1780177504,2026-05-31T05:45:04,0.085
2,65-89,1780177804,2026-05-31T05:50:04,0.085
2,65-89,1780178103,2026-05-31T05:55:03,0.085
2,65-89,1780178704,2026-05-31T06:05:04,0.085
2,65-89,1780179006,2026-05-31T06:10:06,0.085
2,65-89,1780179303,2026-05-31T06:15:03,0.085
2,65-89,1780179604,2026-05-31T06:20:04,0.085
2,65-89,1780179903,2026-05-31T06:25:03,0.085
2,65-89,1780180206,2026-05-31T06:30:06,0.085
2,65-89,1780180504,2026-05-31T06:35:04,0.075
2,65-89,1780180803,2026-05-31T06:40:03,0.075
2,65-89,1780181105,2026-05-31T06:45:05,0.075
2,65-89,1780181405,2026-05-31T06:50:05,0.075
2,65-89,1780181703,2026-05-31T06:55:03,0.075
2,65-89,1780182304,2026-05-31T07:05:04,0.075
2,65-89,1780182606,2026-05-31T07:10:06,0.075
2,65-89,1780182906,2026-05-31T07:15:06,0.075
2,65-89,1780183205,2026-05-31T07:20:05,0.075
2,65-89,1780183504,2026-05-31T07:25:04,0.075
2,65-89,1780183804,2026-05-31T07:30:04,0.075
2,65-89,1780184118,2026-05-31T07:35:18,0.075
2,65-89,1780184404,2026-05-31T07:40:04,0.075
2,65-89,1780184716,2026-05-31T07:45:16,0.08
2,65-89,1780185005,2026-05-31T07:50:05,0.08
2,65-89,1780185303,2026-05-31T07:55:03,0.085
2,65-89,1780185905,2026-05-31T08:05:05,0.075
2,65-89,1780186204,2026-05-31T08:10:04,0.075
2,65-89,1780186507,2026-05-31T08:15:07,0.075
2,65-89,1780186818,2026-05-31T08:20:18,0.075
2,65-89,1780187104,2026-05-31T08:25:04,0.075
2,65-89,1780187404,2026-05-31T08:30:04,0.075
2,65-89,1780187704,2026-05-31T08:35:04,0.065
2,65-89,1780188003,2026-05-31T08:40:03,0.055
2,65-89,1780188303,2026-05-31T08:45:03,0.06
2,65-89,1780188604,2026-05-31T08:50:04,0.065
2,65-89,1780188906,2026-05-31T08:55:06,0.065
2,65-89,1780189503,2026-05-31T09:05:03,0.065
2,65-89,1780189804,2026-05-31T09:10:04,0.065
2,65-89,1780190103,2026-05-31T09:15:03,0.065
2,65-89,1780190416,2026-05-31T09:20:16,0.065
2,65-89,1780190717,2026-05-31T09:25:17,0.065
2,65-89,1780191003,2026-05-31T09:30:03,0.065
2,65-89,1780191318,2026-05-31T09:35:18,0.065
2,65-89,1780191604,2026-05-31T09:40:04,0.065
2,65-89,1780191904,2026-05-31T09:45:04,0.065
2,65-89,1780192204,2026-05-31T09:50:04,0.065
2,65-89,1780192504,2026-05-31T09:55:04,0.065
2,65-89,1780193103,2026-05-31T10:05:03,0.065
2,65-89,1780193403,2026-05-31T10:10:03,0.065
2,65-89,1780193703,2026-05-31T10:15:03,0.065
2,65-89,1780194003,2026-05-31T10:20:03,0.065
2,65-89,1780194316,2026-05-31T10:25:16,0.065
2,65-89,1780194603,2026-05-31T10:30:03,0.055
2,65-89,1780194903,2026-05-31T10:35:03,0.055
2,65-89,1780195204,2026-05-31T10:40:04,0.055
2,65-89,1780195503,2026-05-31T10:45:03,0.055
2,65-89,1780195805,2026-05-31T10:50:05,0.065
2,65-89,1780196103,2026-05-31T10:55:03,0.075
2,65-89,1780196704,2026-05-31T11:05:04,0.075
2,65-89,1780197003,2026-05-31T11:10:03,0.075
2,65-89,1780197304,2026-05-31T11:15:04,0.075
2,65-89,1780197604,2026-05-31T11:20:04,0.075
2,65-89,1780197903,2026-05-31T11:25:03,0.075
2,65-89,1780198203,2026-05-31T11:30:03,0.075
2,65-89,1780198503,2026-05-31T11:35:03,0.075
2,65-89,1780198804,2026-05-31T11:40:04,0.075
2,65-89,1780199103,2026-05-31T11:45:03,0.075
2,65-89,1780199403,2026-05-31T11:50:03,0.075
2,65-89,1780199705,2026-05-31T11:55:05,0.065
2,65-89,1780200304,2026-05-31T12:05:04,0.065
2,65-89,1780200604,2026-05-31T12:10:04,0.065
2,65-89,1780200904,2026-05-31T12:15:04,0.065
2,65-89,1780201204,2026-05-31T12:20:04,0.065
2,65-89,1780201504,2026-05-31T12:25:04,0.065
2,65-89,1780201804,2026-05-31T12:30:04,0.065
2,65-89,1780202104,2026-05-31T12:35:04,0.065
2,65-89,1780202404,2026-05-31T12:40:04,0.065
2,65-89,1780202704,2026-05-31T12:45:04,0.065
2,65-89,1780203004,2026-05-31T12:50:04,0.065
2,65-89,1780203304,2026-05-31T12:55:04,0.065
2,65-89,1780203904,2026-05-31T13:05:04,0.065
2,65-89,1780204204,2026-05-31T13:10:04,0.065
2,65-89,1780204504,2026-05-31T13:15:04,0.065
2,65-89,1780204804,2026-05-31T13:20:04,0.065
2,65-89,1780205103,2026-05-31T13:25:03,0.065
2,65-89,1780205404,2026-05-31T13:30:04,0.065
2,65-89,1780205703,2026-05-31T13:35:03,0.065
2,65-89,1780206004,2026-05-31T13:40:04,0.065
2,65-89,1780206304,2026-05-31T13:45:04,0.065
2,65-89,1780206603,2026-05-31T13:50:03,0.075
2,65-89,1780206903,2026-05-31T13:55:03,0.075
2,65-89,1780207504,2026-05-31T14:05:04,0.055
2,65-89,1780207804,2026-05-31T14:10:04,0.055
2,65-89,1780208103,2026-05-31T14:15:03,0.055
2,65-89,1780208404,2026-05-31T14:20:04,0.065
2,65-89,1780208704,2026-05-31T14:25:04,0.065
2,65-89,1780209004,2026-05-31T14:30:04,0.065
2,65-89,1780209303,2026-05-31T14:35:03,0.065
2,65-89,1780209603,2026-05-31T14:40:03,0.055
2,65-89,1780209903,2026-05-31T14:45:03,0.055
2,65-89,1780210203,2026-05-31T14:50:03,0.055
2,65-89,1780210504,2026-05-31T14:55:04,0.065
2,65-89,1780211103,2026-05-31T15:05:03,0.055
2,65-89,1780211403,2026-05-31T15:10:03,0.055
2,65-89,1780211703,2026-05-31T15:15:03,0.055
2,65-89,1780212003,2026-05-31T15:20:03,0.055
2,65-89,1780212303,2026-05-31T15:25:03,0.055
2,65-89,1780212604,2026-05-31T15:30:04,0.055
2,65-89,1780212903,2026-05-31T15:35:03,0.055
2,65-89,1780213203,2026-05-31T15:40:03,0.055
2,65-89,1780213503,2026-05-31T15:45:03,0.055
2,65-89,1780213803,2026-05-31T15:50:03,0.055
2,65-89,1780214103,2026-05-31T15:55:03,0.055
2,65-89,1780214703,2026-05-31T16:05:03,0.055
2,65-89,1780215003,2026-05-31T16:10:03,0.055
2,65-89,1780215303,2026-05-31T16:15:03,0.055
2,65-89,1780215604,2026-05-31T16:20:04,0.055
2,65-89,1780215903,2026-05-31T16:25:03,0.055
2,65-89,1780216204,2026-05-31T16:30:04,0.055
2,65-89,1780216503,2026-05-31T16:35:03,0.055
2,65-89,1780216804,2026-05-31T16:40:04,0.055
2,65-89,1780217103,2026-05-31T16:45:03,0.055
2,65-89,1780217405,2026-05-31T16:50:05,0.055
2,65-89,1780217704,2026-05-31T16:55:04,0.055
2,65-89,1780218303,2026-05-31T17:05:03,0.055
2,65-89,1780218604,2026-05-31T17:10:04,0.055
2,65-89,1780218903,2026-05-31T17:15:03,0.055
2,65-89,1780219203,2026-05-31T17:20:03,0.055
2,65-89,1780219503,2026-05-31T17:25:03,0.055
2,65-89,1780219804,2026-05-31T17:30:04,0.055
2,65-89,1780220104,2026-05-31T17:35:04,0.055
2,65-89,1780220404,2026-05-31T17:40:04,0.055
2,65-89,1780220703,2026-05-31T17:45:03,0.055
2,65-89,1780221004,2026-05-31T17:50:04,0.055
2,65-89,1780221304,2026-05-31T17:55:04,0.055
2,65-89,1780221903,2026-05-31T18:05:03,0.055
2,65-89,1780222204,2026-05-31T18:10:04,0.055
2,65-89,1780222503,2026-05-31T18:15:03,0.055
2,65-89,1780222803,2026-05-31T18:20:03,0.055
2,65-89,1780223103,2026-05-31T18:25:03,0.055
2,65-89,1780223404,2026-05-31T18:30:04,0.055
2,65-89,1780223704,2026-05-31T18:35:04,0.055
2,65-89,1780224004,2026-05-31T18:40:04,0.055
2,65-89,1780224304,2026-05-31T18:45:04,0.055
2,65-89,1780224604,2026-05-31T18:50:04,0.055
2,65-89,1780224903,2026-05-31T18:55:03,0.055
2,65-89,1780225518,2026-05-31T19:05:18,0.055
2,65-89,1780225818,2026-05-31T19:10:18,0.055
2,65-89,1780226103,2026-05-31T19:15:03,0.045
2,65-89,1780226403,2026-05-31T19:20:03,0.045
2,65-89,1780226704,2026-05-31T19:25:04,0.045
2,65-89,1780227017,2026-05-31T19:30:17,0.045
2,65-89,1780227303,2026-05-31T19:35:03,0.045
2,65-89,1780227604,2026-05-31T19:40:04,0.045
2,65-89,1780227904,2026-05-31T19:45:04,0.045
2,65-89,1780228203,2026-05-31T19:50:03,0.045
2,65-89,1780228515,2026-05-31T19:55:15,0.045
2,65-89,1780229103,2026-05-31T20:05:03,0.045
2,65-89,1780229403,2026-05-31T20:10:03,0.05
2,65-89,1780229704,2026-05-31T20:15:04,0.055
2,65-89,1780230003,2026-05-31T20:20:03,0.055
2,65-89,1780230304,2026-05-31T20:25:04,0.055
2,65-89,1780230603,2026-05-31T20:30:03,0.055
2,65-89,1780230904,2026-05-31T20:35:04,0.055
2,65-89,1780231204,2026-05-31T20:40:04,0.035
2,65-89,1780231503,2026-05-31T20:45:03,0.0355
2,65-89,1780231804,2026-05-31T20:50:04,0.035
2,65-89,1780232103,2026-05-31T20:55:03,0.035
2,65-89,1780232704,2026-05-31T21:05:04,0.035
2,65-89,1780233004,2026-05-31T21:10:04,0.0345
2,65-89,1780233304,2026-05-31T21:15:04,0.0345
2,65-89,1780233604,2026-05-31T21:20:04,0.034
2,65-89,1780233905,2026-05-31T21:25:05,0.0355
2,65-89,1780234203,2026-05-31T21:30:03,0.035
2,65-89,1780234503,2026-05-31T21:35:03,0.035
2,65-89,1780234803,2026-05-31T21:40:03,0.035
2,65-89,1780235103,2026-05-31T21:45:03,0.035
2,65-89,1780235404,2026-05-31T21:50:04,0.034
2,65-89,1780235703,2026-05-31T21:55:03,0.034
2,65-89,1780236304,2026-05-31T22:05:04,0.034
2,65-89,1780236603,2026-05-31T22:10:03,0.0345
2,65-89,1780236903,2026-05-31T22:15:03,0.0345
2,65-89,1780237205,2026-05-31T22:20:05,0.034
2,65-89,1780237503,2026-05-31T22:25:03,0.036
2,65-89,1780237803,2026-05-31T22:30:03,0.034
2,65-89,1780238104,2026-05-31T22:35:04,0.034
2,65-89,1780238403,2026-05-31T22:40:03,0.0305
2,65-89,1780238703,2026-05-31T22:45:03,0.0305
2,65-89,1780239003,2026-05-31T22:50:03,0.0305
2,65-89,1780239303,2026-05-31T22:55:03,0.031
2,65-89,1780239903,2026-05-31T23:05:03,0.0305
2,65-89,1780240203,2026-05-31T23:10:03,0.0305
2,65-89,1780240504,2026-05-31T23:15:04,0.0305
2,65-89,1780240803,2026-05-31T23:20:03,0.031
2,65-89,1780241104,2026-05-31T23:25:04,0.031
2,65-89,1780241404,2026-05-31T23:30:04,0.031
2,65-89,1780241703,2026-05-31T23:35:03,0.031
2,65-89,1780242004,2026-05-31T23:40:04,0.036
2,65-89,1780242304,2026-05-31T23:45:04,0.036
2,65-89,1780242604,2026-05-31T23:50:04,0.0295
2,65-89,1780242903,2026-05-31T23:55:03,0.0265
2,65-89,1780243504,2026-06-01T00:05:04,0.031
2,65-89,1780243804,2026-06-01T00:10:04,0.0295
2,65-89,1780244105,2026-06-01T00:15:05,0.0255
2,65-89,1780244404,2026-06-01T00:20:04,0.0255
2,65-89,1780244704,2026-06-01T00:25:04,0.0255
2,65-89,1780245021,2026-06-01T00:30:21,0.0235
2,65-89,1780245303,2026-06-01T00:35:03,0.0205
2,65-89,1780245604,2026-06-01T00:40:04,0.0215
2,65-89,1780245903,2026-06-01T00:45:03,0.0205
2,65-89,1780246220,2026-06-01T00:50:20,0.0205
2,65-89,1780246503,2026-06-01T00:55:03,0.0205
2,65-89,1780247103,2026-06-01T01:05:03,0.0205
2,65-89,1780247404,2026-06-01T01:10:04,0.0205
2,65-89,1780247719,2026-06-01T01:15:19,0.0205
2,65-89,1780248007,2026-06-01T01:20:07,0.0165
2,65-89,1780248303,2026-06-01T01:25:03,0.0165
2,65-89,1780248604,2026-06-01T01:30:04,0.017
2,65-89,1780248903,2026-06-01T01:35:03,0.0155
2,65-89,1780249204,2026-06-01T01:40:04,0.0155
2,65-89,1780249503,2026-06-01T01:45:03,0.0175
2,65-89,1780249805,2026-06-01T01:50:05,0.0195
2,65-89,1780250104,2026-06-01T01:55:04,0.0195
2,65-89,1780250703,2026-06-01T02:05:03,0.022
2,65-89,1780251004,2026-06-01T02:10:04,0.0205
2,65-89,1780251303,2026-06-01T02:15:03,0.0205
2,65-89,1780251603,2026-06-01T02:20:03,0.025
2,65-89,1780251904,2026-06-01T02:25:04,0.022
2,65-89,1780252203,2026-06-01T02:30:03,0.022
2,65-89,1780252503,2026-06-01T02:35:03,0.021
2,65-89,1780252803,2026-06-01T02:40:03,0.0205
2,65-89,1780253103,2026-06-01T02:45:03,0.0205
2,65-89,1780253404,2026-06-01T02:50:04,0.0205
2,65-89,1780253704,2026-06-01T02:55:04,0.0205
2,65-89,1780254304,2026-06-01T03:05:04,0.023
2,65-89,1780254604,2026-06-01T03:10:04,0.0225
2,65-89,1780254903,2026-06-01T03:15:03,0.0215
2,65-89,1780255203,2026-06-01T03:20:03,0.0195
2,65-89,1780255504,2026-06-01T03:25:04,0.0215
2,65-89,1780255803,2026-06-01T03:30:03,0.022
2,65-89,1780256103,2026-06-01T03:35:03,0.0195
2,65-89,1780256403,2026-06-01T03:40:03,0.0195
2,65-89,1780256704,2026-06-01T03:45:04,0.0195
2,65-89,1780257004,2026-06-01T03:50:04,0.0205
2,65-89,1780257305,2026-06-01T03:55:05,0.02
2,65-89,1780257904,2026-06-01T04:05:04,0.0175
2,65-89,1780258204,2026-06-01T04:10:04,0.0155
2,65-89,1780258504,2026-06-01T04:15:04,0.016
2,65-89,1780258804,2026-06-01T04:20:04,0.0165
2,65-89,1780259103,2026-06-01T04:25:03,0.016
2,65-89,1780259404,2026-06-01T04:30:04,0.016
2,65-89,1780259705,2026-06-01T04:35:05,0.016
2,65-89,1780260005,2026-06-01T04:40:05,0.016
2,65-89,1780260318,2026-06-01T04:45:18,0.016
2,65-89,1780260604,2026-06-01T04:50:04,0.016
2,65-89,1780260904,2026-06-01T04:55:04,0.016
2,65-89,1780261505,2026-06-01T05:05:05,0.016
2,65-89,1780261804,2026-06-01T05:10:04,0.016
2,65-89,1780262103,2026-06-01T05:15:03,0.016
2,65-89,1780262404,2026-06-01T05:20:04,0.016
2,65-89,1780262704,2026-06-01T05:25:04,0.016
2,65-89,1780263004,2026-06-01T05:30:04,0.016
2,65-89,1780263303,2026-06-01T05:35:03,0.016
2,65-89,1780263604,2026-06-01T05:40:04,0.0155
2,65-89,1780263904,2026-06-01T05:45:04,0.0155
2,65-89,1780264203,2026-06-01T05:50:03,0.0155
2,65-89,1780264503,2026-06-01T05:55:03,0.0155
2,65-89,1780265105,2026-06-01T06:05:05,0.0155
2,65-89,1780265404,2026-06-01T06:10:04,0.018
2,65-89,1780265704,2026-06-01T06:15:04,0.0155
2,65-89,1780266034,2026-06-01T06:20:34,0.0235
2,65-89,1780266304,2026-06-01T06:25:04,0.0265
2,65-89,1780266603,2026-06-01T06:30:03,0.02
2,65-89,1780266903,2026-06-01T06:35:03,0.017
2,65-89,1780267203,2026-06-01T06:40:03,0.017
2,65-89,1780267503,2026-06-01T06:45:03,0.0225
2,65-89,1780267803,2026-06-01T06:50:03,0.0185
2,65-89,1780268103,2026-06-01T06:55:03,0.0165
2,65-89,1780268705,2026-06-01T07:05:05,0.017
2,65-89,1780269004,2026-06-01T07:10:04,0.0155
2,65-89,1780269303,2026-06-01T07:15:03,0.0155
2,65-89,1780269604,2026-06-01T07:20:04,0.0155
2,65-89,1780269904,2026-06-01T07:25:04,0.0125
2,65-89,1780270203,2026-06-01T07:30:03,0.0125
2,65-89,1780270503,2026-06-01T07:35:03,0.011
2,65-89,1780270803,2026-06-01T07:40:03,0.0105
2,65-89,1780271105,2026-06-01T07:45:05,0.01
2,65-89,1780271403,2026-06-01T07:50:03,0.0085
2,65-89,1780271703,2026-06-01T07:55:03,0.0125
2,65-89,1780272303,2026-06-01T08:05:03,0.012
2,65-89,1780272604,2026-06-01T08:10:04,0.0115
2,65-89,1780272904,2026-06-01T08:15:04,0.011
2,65-89,1780273204,2026-06-01T08:20:04,0.011
2,65-89,1780273503,2026-06-01T08:25:03,0.011
2,65-89,1780273803,2026-06-01T08:30:03,0.011
2,65-89,1780274103,2026-06-01T08:35:03,0.01
2,65-89,1780274404,2026-06-01T08:40:04,0.0105
2,65-89,1780274703,2026-06-01T08:45:03,0.0115
2,65-89,1780275003,2026-06-01T08:50:03,0.0105
2,65-89,1780275304,2026-06-01T08:55:04,0.0105
2,65-89,1780275903,2026-06-01T09:05:03,0.0105
2,65-89,1780276203,2026-06-01T09:10:03,0.0105
2,65-89,1780276503,2026-06-01T09:15:03,0.0105
2,65-89,1780276803,2026-06-01T09:20:03,0.009
2,65-89,1780277104,2026-06-01T09:25:04,0.0125
2,65-89,1780277403,2026-06-01T09:30:03,0.0125
2,65-89,1780277704,2026-06-01T09:35:04,0.009
2,65-89,1780278004,2026-06-01T09:40:04,0.009
2,65-89,1780278303,2026-06-01T09:45:03,0.0095
2,65-89,1780278605,2026-06-01T09:50:05,0.0105
2,65-89,1780278919,2026-06-01T09:55:19,0.0075
2,65-89,1780279503,2026-06-01T10:05:03,0.0065
2,65-89,1780279815,2026-06-01T10:10:15,0.013
2,65-89,1780280103,2026-06-01T10:15:03,0.0135
2,65-89,1780280404,2026-06-01T10:20:04,0.011
2,65-89,1780280703,2026-06-01T10:25:03,0.01
2,65-89,1780281003,2026-06-01T10:30:03,0.0075
2,65-89,1780281303,2026-06-01T10:35:03,0.0075
2,65-89,1780281605,2026-06-01T10:40:05,0.0065
2,65-89,1780281903,2026-06-01T10:45:03,0.0075
2,65-89,1780282203,2026-06-01T10:50:03,0.006
2,65-89,1780282503,2026-06-01T10:55:03,0.006
2,65-89,1780283115,2026-06-01T11:05:15,0.006
2,65-89,1780283404,2026-06-01T11:10:04,0.0065
2,65-89,1780283703,2026-06-01T11:15:03,0.0055
2,65-89,1780284003,2026-06-01T11:20:03,0.0055
2,65-89,1780284304,2026-06-01T11:25:04,0.005
2,65-89,1780284604,2026-06-01T11:30:04,0.0055
2,65-89,1780284903,2026-06-01T11:35:03,0.0075
2,65-89,1780285204,2026-06-01T11:40:04,0.0065
2,65-89,1780285504,2026-06-01T11:45:04,0.0065
2,65-89,1780285804,2026-06-01T11:50:04,0.0055
2,65-89,1780286103,2026-06-01T11:55:03,0.0035
2,65-89,1780286703,2026-06-01T12:05:03,0.0035
2,65-89,1780287003,2026-06-01T12:10:03,0.0035
2,65-89,1780287304,2026-06-01T12:15:04,0.0055
2,65-89,1780287604,2026-06-01T12:20:04,0.0085
2,65-89,1780287904,2026-06-01T12:25:04,0.0085
2,65-89,1780288204,2026-06-01T12:30:04,0.0105
2,65-89,1780288504,2026-06-01T12:35:04,0.0105
2,65-89,1780288804,2026-06-01T12:40:04,0.0135
2,65-89,1780289104,2026-06-01T12:45:04,0.011
2,65-89,1780289404,2026-06-01T12:50:04,0.0145
2,65-89,1780289704,2026-06-01T12:55:04,0.0115
2,65-89,1780290303,2026-06-01T13:05:03,0.0135
2,65-89,1780290604,2026-06-01T13:10:04,0.0125
2,65-89,1780290904,2026-06-01T13:15:04,0.0105
2,65-89,1780291203,2026-06-01T13:20:03,0.0095
2,65-89,1780291503,2026-06-01T13:25:03,0.0085
2,65-89,1780291803,2026-06-01T13:30:03,0.0065
2,65-89,1780292103,2026-06-01T13:35:03,0.0065
2,65-89,1780292404,2026-06-01T13:40:04,0.0065
2,65-89,1780292704,2026-06-01T13:45:04,0.0065
2,65-89,1780293003,2026-06-01T13:50:03,0.0065
2,65-89,1780293315,2026-06-01T13:55:15,0.0065
2,65-89,1780293903,2026-06-01T14:05:03,0.0075
2,65-89,1780294203,2026-06-01T14:10:03,0.0075
2,65-89,1780294504,2026-06-01T14:15:04,0.009
2,65-89,1780294804,2026-06-01T14:20:04,0.0085
2,65-89,1780295104,2026-06-01T14:25:04,0.0085
2,65-89,1780295415,2026-06-01T14:30:15,0.0085
2,65-89,1780295703,2026-06-01T14:35:03,0.0085
2,65-89,1780296003,2026-06-01T14:40:03,0.0075
2,65-89,1780296304,2026-06-01T14:45:04,0.0075
2,65-89,1780296603,2026-06-01T14:50:03,0.016
2,65-89,1780296903,2026-06-01T14:55:03,0.011
2,65-89,1780297503,2026-06-01T15:05:03,0.012
2,65-89,1780297803,2026-06-01T15:10:03,0.011
2,65-89,1780298103,2026-06-01T15:15:03,0.0085
2,65-89,1780298404,2026-06-01T15:20:04,0.0075
2,65-89,1780298703,2026-06-01T15:25:03,0.0065
2,65-89,1780299003,2026-06-01T15:30:03,0.0065
2,65-89,1780299305,2026-06-01T15:35:05,0.01
2,65-89,1780299603,2026-06-01T15:40:03,0.012
2,65-89,1780299904,2026-06-01T15:45:04,0.0115
2,65-89,1780300204,2026-06-01T15:50:04,0.01
2,65-89,1780300504,2026-06-01T15:55:04,0.008
2,65-89,1780301105,2026-06-01T16:05:05,0.008
2,65-89,1780301403,2026-06-01T16:10:03,0.008
2,65-89,1780301703,2026-06-01T16:15:03,0.0075
2,65-89,1780302018,2026-06-01T16:20:18,0.0075
2,65-89,1780302303,2026-06-01T16:25:03,0.0075
2,65-89,1780302603,2026-06-01T16:30:03,0.0075
2,65-89,1780302903,2026-06-01T16:35:03,0.0075
2,65-89,1780303203,2026-06-01T16:40:03,0.0075
2,65-89,1780303518,2026-06-01T16:45:18,0.0075
2,65-89,1780303803,2026-06-01T16:50:03,0.01
2,65-89,1780304104,2026-06-01T16:55:04,0.01
2,65-89,1780304704,2026-06-01T17:05:04,0.0065
2,65-89,1780305004,2026-06-01T17:10:04,0.0065
2,65-89,1780305303,2026-06-01T17:15:03,0.0065
2,65-89,1780305604,2026-06-01T17:20:04,0.0065
2,65-89,1780305903,2026-06-01T17:25:03,0.006
2,65-89,1780306203,2026-06-01T17:30:03,0.006
2,65-89,1780306503,2026-06-01T17:35:03,0.006
2,65-89,1780306804,2026-06-01T17:40:04,0.006
2,65-89,1780307103,2026-06-01T17:45:03,0.0065
2,65-89,1780307404,2026-06-01T17:50:04,0.0065
2,65-89,1780307703,2026-06-01T17:55:03,0.0065
2,65-89,1780308303,2026-06-01T18:05:03,0.0065
2,65-89,1780308604,2026-06-01T18:10:04,0.0065
2,65-89,1780308903,2026-06-01T18:15:03,0.0085
2,65-89,1780309203,2026-06-01T18:20:03,0.008
2,65-89,1780309503,2026-06-01T18:25:03,0.008
2,65-89,1780309804,2026-06-01T18:30:04,0.0095
2,65-89,1780310104,2026-06-01T18:35:04,0.009
2,65-89,1780310404,2026-06-01T18:40:04,0.006
2,65-89,1780310703,2026-06-01T18:45:03,0.0035
2,65-89,1780311003,2026-06-01T18:50:03,0.0035
2,65-89,1780311304,2026-06-01T18:55:04,0.0025
2,65-89,1780311903,2026-06-01T19:05:03,0.0045
2,65-89,1780312203,2026-06-01T19:10:03,0.0045
2,65-89,1780312503,2026-06-01T19:15:03,0.0045
2,65-89,1780312803,2026-06-01T19:20:03,0.004
2,65-89,1780313103,2026-06-01T19:25:03,0.0035
2,65-89,1780313405,2026-06-01T19:30:05,0.004
2,65-89,1780313703,2026-06-01T19:35:03,0.0035
2,65-89,1780314003,2026-06-01T19:40:03,0.004
2,65-89,1780314303,2026-06-01T19:45:03,0.004
2,65-89,1780314604,2026-06-01T19:50:04,0.004
2,65-89,1780314903,2026-06-01T19:55:03,0.004
2,65-89,1780315504,2026-06-01T20:05:04,0.0035
2,65-89,1780315804,2026-06-01T20:10:04,0.0035
2,65-89,1780316104,2026-06-01T20:15:04,0.0025
2,65-89,1780316404,2026-06-01T20:20:04,0.0025
2,65-89,1780316704,2026-06-01T20:25:04,0.0025
2,65-89,1780317004,2026-06-01T20:30:04,0.0025
2,65-89,1780317304,2026-06-01T20:35:04,0.0025
2,65-89,1780317604,2026-06-01T20:40:04,0.002
2,65-89,1780317903,2026-06-01T20:45:03,0.002
2,65-89,1780318204,2026-06-01T20:50:04,0.002
2,65-89,1780318503,2026-06-01T20:55:03,0.002
2,65-89,1780319104,2026-06-01T21:05:04,0.002
2,65-89,1780319404,2026-06-01T21:10:04,0.002
2,65-89,1780319703,2026-06-01T21:15:03,0.002
2,65-89,1780320004,2026-06-01T21:20:04,0.002
2,65-89,1780320318,2026-06-01T21:25:18,0.0015
2,65-89,1780320603,2026-06-01T21:30:03,0.0015
2,65-89,1780320904,2026-06-01T21:35:04,0.0005
2,65-89,1780321204,2026-06-01T21:40:04,0.0005
2,65-89,1780321504,2026-06-01T21:45:04,0.001
2,65-89,1780321804,2026-06-01T21:50:04,0.0005
2,65-89,1780322103,2026-06-01T21:55:03,0.0005
2,65-89,1780322703,2026-06-01T22:05:03,0.0005
2,65-89,1780323005,2026-06-01T22:10:05,0.0005
2,65-89,1780323303,2026-06-01T22:15:03,0.0005
2,65-89,1780323605,2026-06-01T22:20:05,0.0005
2,65-89,1780323905,2026-06-01T22:25:05,0.0005
2,65-89,1780324204,2026-06-01T22:30:04,0.0005
2,65-89,1780324505,2026-06-01T22:35:05,0.0005
2,65-89,1780324805,2026-06-01T22:40:05,0.0005
2,65-89,1780325105,2026-06-01T22:45:05,0.0005
2,65-89,1780325404,2026-06-01T22:50:04,0.0005
2,65-89,1780325703,2026-06-01T22:55:03,0.0005
2,65-89,1780326304,2026-06-01T23:05:04,0.0005
2,65-89,1780326605,2026-06-01T23:10:05,0.0005
2,65-89,1780326903,2026-06-01T23:15:03,0.0005
2,65-89,1780327204,2026-06-01T23:20:04,0.0005
2,65-89,1780327503,2026-06-01T23:25:03,0.0005
2,65-89,1780327805,2026-06-01T23:30:05,0.0005
2,65-89,1780328117,2026-06-01T23:35:17,0.0005
2,65-89,1780328404,2026-06-01T23:40:04,0.0005
2,65-89,1780328703,2026-06-01T23:45:03,0.0005
2,65-89,1780329005,2026-06-01T23:50:05,0.0005
2,65-89,1780329304,2026-06-01T23:55:04,0.0005
2,65-89,1780329904,2026-06-02T00:05:04,0.0005
2,65-89,1780330205,2026-06-02T00:10:05,0.0005
2,65-89,1780330504,2026-06-02T00:15:04,0.0005
2,65-89,1780330804,2026-06-02T00:20:04,0.0005
2,65-89,1780331104,2026-06-02T00:25:04,0.0005
2,65-89,1780331406,2026-06-02T00:30:06,0.0005
2,65-89,1780331704,2026-06-02T00:35:04,0.0005
2,65-89,1780332004,2026-06-02T00:40:04,0.0005
2,65-89,1780332305,2026-06-02T00:45:05,0.0005
2,65-89,1780332604,2026-06-02T00:50:04,0.0005
2,65-89,1780332905,2026-06-02T00:55:05,0.0005
2,65-89,1780333503,2026-06-02T01:05:03,0.0005
2,65-89,1780333803,2026-06-02T01:10:03,0.0005
2,65-89,1780334104,2026-06-02T01:15:04,0.0005
2,65-89,1780334404,2026-06-02T01:20:04,0.0005
2,65-89,1780334704,2026-06-02T01:25:04,0.0005
2,65-89,1780335005,2026-06-02T01:30:05,0.0005
2,65-89,1780335304,2026-06-02T01:35:04,0.0005
2,65-89,1780335603,2026-06-02T01:40:03,0.0005
2,65-89,1780335905,2026-06-02T01:45:05,0.0005
2,65-89,1780336203,2026-06-02T01:50:03,0.0005
2,65-89,1780336504,2026-06-02T01:55:04,0.0005
2,65-89,1780337103,2026-06-02T02:05:03,0.0005
2,65-89,1780337404,2026-06-02T02:10:04,0.0005
2,65-89,1780337704,2026-06-02T02:15:04,0.0005
2,65-89,1780338005,2026-06-02T02:20:05,0.0005
2,65-89,1780338318,2026-06-02T02:25:18,0.0005
2,65-89,1780338605,2026-06-02T02:30:05,0.0005
2,65-89,1780338903,2026-06-02T02:35:03,0.0005
2,65-89,1780339203,2026-06-02T02:40:03,0.0005
2,65-89,1780339503,2026-06-02T02:45:03,0.0005
2,65-89,1780339804,2026-06-02T02:50:04,0.0005
2,65-89,1780340103,2026-06-02T02:55:03,0.0005
2,65-89,1780340703,2026-06-02T03:05:03,0.0005
2,65-89,1780341004,2026-06-02T03:10:04,0.0005
2,65-89,1780341303,2026-06-02T03:15:03,0.0005
2,65-89,1780341620,2026-06-02T03:20:20,0.0005
2,65-89,1780341903,2026-06-02T03:25:03,0.0005
2,65-89,1780342203,2026-06-02T03:30:03,0.0005
2,65-89,1780342504,2026-06-02T03:35:04,0.0005
3,90-114,1779992705,2026-05-29T02:25:05,0.03
3,90-114,1779993007,2026-05-29T02:30:07,0.03
3,90-114,1779993305,2026-05-29T02:35:05,0.03
3,90-114,1779993605,2026-05-29T02:40:05,0.043
3,90-114,1779993904,2026-05-29T02:45:04,0.045
3,90-114,1779994206,2026-05-29T02:50:06,0.046
3,90-114,1779994504,2026-05-29T02:55:04,0.0475
3,90-114,1779995105,2026-05-29T03:05:05,0.0445
3,90-114,1779995406,2026-05-29T03:10:06,0.0445
3,90-114,1779995706,2026-05-29T03:15:06,0.0445
3,90-114,1779996006,2026-05-29T03:20:06,0.0445
3,90-114,1779996305,2026-05-29T03:25:05,0.0445
3,90-114,1779996616,2026-05-29T03:30:16,0.0445
3,90-114,1779996904,2026-05-29T03:35:04,0.0445
3,90-114,1779997205,2026-05-29T03:40:05,0.0445
3,90-114,1779997504,2026-05-29T03:45:04,0.0445
3,90-114,1779997806,2026-05-29T03:50:06,0.0445
3,90-114,1779998106,2026-05-29T03:55:06,0.0475
3,90-114,1779998704,2026-05-29T04:05:04,0.048
3,90-114,1779999006,2026-05-29T04:10:06,0.048
3,90-114,1779999305,2026-05-29T04:15:05,0.048
3,90-114,1779999608,2026-05-29T04:20:08,0.0485
3,90-114,1779999907,2026-05-29T04:25:07,0.0495
3,90-114,1780000211,2026-05-29T04:30:11,0.0495
3,90-114,1780000505,2026-05-29T04:35:05,0.0495
3,90-114,1780000807,2026-05-29T04:40:07,0.0495
3,90-114,1780001104,2026-05-29T04:45:04,0.0495
3,90-114,1780001404,2026-05-29T04:50:04,0.0495
3,90-114,1780001705,2026-05-29T04:55:05,0.0495
3,90-114,1780002304,2026-05-29T05:05:04,0.0495
3,90-114,1780002604,2026-05-29T05:10:04,0.0495
3,90-114,1780002904,2026-05-29T05:15:04,0.0495
3,90-114,1780003204,2026-05-29T05:20:04,0.0495
3,90-114,1780003504,2026-05-29T05:25:04,0.0495
3,90-114,1780003809,2026-05-29T05:30:09,0.0495
3,90-114,1780004104,2026-05-29T05:35:04,0.0495
3,90-114,1780004404,2026-05-29T05:40:04,0.0495
3,90-114,1780004704,2026-05-29T05:45:04,0.0495
3,90-114,1780005005,2026-05-29T05:50:05,0.0495
3,90-114,1780005306,2026-05-29T05:55:06,0.0495
3,90-114,1780005905,2026-05-29T06:05:05,0.0495
3,90-114,1780006206,2026-05-29T06:10:06,0.0495
3,90-114,1780006506,2026-05-29T06:15:06,0.0495
3,90-114,1780006805,2026-05-29T06:20:05,0.0495
3,90-114,1780007107,2026-05-29T06:25:07,0.0495
3,90-114,1780007409,2026-05-29T06:30:09,0.0495
3,90-114,1780007710,2026-05-29T06:35:10,0.0495
3,90-114,1780008005,2026-05-29T06:40:05,0.0495
3,90-114,1780008305,2026-05-29T06:45:05,0.0495
3,90-114,1780008604,2026-05-29T06:50:04,0.0495
3,90-114,1780008904,2026-05-29T06:55:04,0.0495
3,90-114,1780009517,2026-05-29T07:05:17,0.0495
3,90-114,1780009806,2026-05-29T07:10:06,0.0495
3,90-114,1780010104,2026-05-29T07:15:04,0.0495
3,90-114,1780010418,2026-05-29T07:20:18,0.0495
3,90-114,1780010706,2026-05-29T07:25:06,0.0495
3,90-114,1780011006,2026-05-29T07:30:06,0.0495
3,90-114,1780011304,2026-05-29T07:35:04,0.0495
3,90-114,1780011605,2026-05-29T07:40:05,0.0495
3,90-114,1780011905,2026-05-29T07:45:05,0.0495
3,90-114,1780012208,2026-05-29T07:50:08,0.0495
3,90-114,1780012504,2026-05-29T07:55:04,0.0495
3,90-114,1780013103,2026-05-29T08:05:03,0.0495
3,90-114,1780013406,2026-05-29T08:10:06,0.0495
3,90-114,1780013704,2026-05-29T08:15:04,0.0495
3,90-114,1780014004,2026-05-29T08:20:04,0.0495
3,90-114,1780014304,2026-05-29T08:25:04,0.0495
3,90-114,1780014611,2026-05-29T08:30:11,0.0495
3,90-114,1780014904,2026-05-29T08:35:04,0.0495
3,90-114,1780015204,2026-05-29T08:40:04,0.0495
3,90-114,1780015506,2026-05-29T08:45:06,0.0495
3,90-114,1780015805,2026-05-29T08:50:05,0.0495
3,90-114,1780016104,2026-05-29T08:55:04,0.0495
3,90-114,1780016703,2026-05-29T09:05:03,0.0495
3,90-114,1780017005,2026-05-29T09:10:05,0.0495
3,90-114,1780017305,2026-05-29T09:15:05,0.0495
3,90-114,1780017605,2026-05-29T09:20:05,0.0495
3,90-114,1780017903,2026-05-29T09:25:03,0.0495
3,90-114,1780018205,2026-05-29T09:30:05,0.0495
3,90-114,1780018503,2026-05-29T09:35:03,0.0495
3,90-114,1780018804,2026-05-29T09:40:04,0.0495
3,90-114,1780019104,2026-05-29T09:45:04,0.0495
3,90-114,1780019404,2026-05-29T09:50:04,0.0495
3,90-114,1780019704,2026-05-29T09:55:04,0.0495
3,90-114,1780020304,2026-05-29T10:05:04,0.0495
3,90-114,1780020604,2026-05-29T10:10:04,0.0495
3,90-114,1780020904,2026-05-29T10:15:04,0.0495
3,90-114,1780021204,2026-05-29T10:20:04,0.0495
3,90-114,1780021504,2026-05-29T10:25:04,0.0495
3,90-114,1780021805,2026-05-29T10:30:05,0.0495
3,90-114,1780022105,2026-05-29T10:35:05,0.0495
3,90-114,1780022403,2026-05-29T10:40:03,0.0495
3,90-114,1780022704,2026-05-29T10:45:04,0.045
3,90-114,1780023003,2026-05-29T10:50:03,0.045
3,90-114,1780023304,2026-05-29T10:55:04,0.045
3,90-114,1780023904,2026-05-29T11:05:04,0.045
3,90-114,1780024203,2026-05-29T11:10:03,0.045
3,90-114,1780024505,2026-05-29T11:15:05,0.045
3,90-114,1780024804,2026-05-29T11:20:04,0.045
3,90-114,1780025104,2026-05-29T11:25:04,0.045
3,90-114,1780025406,2026-05-29T11:30:06,0.045
3,90-114,1780025704,2026-05-29T11:35:04,0.045
3,90-114,1780026004,2026-05-29T11:40:04,0.045
3,90-114,1780026305,2026-05-29T11:45:05,0.045
3,90-114,1780026607,2026-05-29T11:50:07,0.045
3,90-114,1780026916,2026-05-29T11:55:16,0.045
3,90-114,1780027505,2026-05-29T12:05:05,0.045
3,90-114,1780027804,2026-05-29T12:10:04,0.045
3,90-114,1780028104,2026-05-29T12:15:04,0.045
3,90-114,1780028405,2026-05-29T12:20:05,0.045
3,90-114,1780028705,2026-05-29T12:25:05,0.045
3,90-114,1780029005,2026-05-29T12:30:05,0.045
3,90-114,1780029305,2026-05-29T12:35:05,0.042
3,90-114,1780029605,2026-05-29T12:40:05,0.041
3,90-114,1780029905,2026-05-29T12:45:05,0.041
3,90-114,1780030206,2026-05-29T12:50:06,0.041
3,90-114,1780030505,2026-05-29T12:55:05,0.041
3,90-114,1780031105,2026-05-29T13:05:05,0.041
3,90-114,1780031407,2026-05-29T13:10:07,0.041
3,90-114,1780031705,2026-05-29T13:15:05,0.035
3,90-114,1780032004,2026-05-29T13:20:04,0.035
3,90-114,1780032305,2026-05-29T13:25:05,0.035
3,90-114,1780032607,2026-05-29T13:30:07,0.035
3,90-114,1780032915,2026-05-29T13:35:15,0.035
3,90-114,1780033204,2026-05-29T13:40:04,0.035
3,90-114,1780033505,2026-05-29T13:45:05,0.035
3,90-114,1780033803,2026-05-29T13:50:03,0.035
3,90-114,1780034104,2026-05-29T13:55:04,0.035
3,90-114,1780034705,2026-05-29T14:05:05,0.0355
3,90-114,1780035017,2026-05-29T14:10:17,0.0355
3,90-114,1780035304,2026-05-29T14:15:04,0.0355
3,90-114,1780035604,2026-05-29T14:20:04,0.0355
3,90-114,1780035905,2026-05-29T14:25:05,0.0355
3,90-114,1780036206,2026-05-29T14:30:06,0.0355
3,90-114,1780036504,2026-05-29T14:35:04,0.036
3,90-114,1780036804,2026-05-29T14:40:04,0.0365
3,90-114,1780037104,2026-05-29T14:45:04,0.0375
3,90-114,1780037405,2026-05-29T14:50:05,0.038
3,90-114,1780037704,2026-05-29T14:55:04,0.0355
3,90-114,1780038305,2026-05-29T15:05:05,0.037
3,90-114,1780038604,2026-05-29T15:10:04,0.038
3,90-114,1780038914,2026-05-29T15:15:14,0.0355
3,90-114,1780039204,2026-05-29T15:20:04,0.0365
3,90-114,1780039504,2026-05-29T15:25:04,0.0355
3,90-114,1780039805,2026-05-29T15:30:05,0.0355
3,90-114,1780040105,2026-05-29T15:35:05,0.0355
3,90-114,1780040406,2026-05-29T15:40:06,0.0355
3,90-114,1780040705,2026-05-29T15:45:05,0.036
3,90-114,1780041005,2026-05-29T15:50:05,0.0355
3,90-114,1780041304,2026-05-29T15:55:04,0.036
3,90-114,1780041904,2026-05-29T16:05:04,0.037
3,90-114,1780042204,2026-05-29T16:10:04,0.037
3,90-114,1780042504,2026-05-29T16:15:04,0.0375
3,90-114,1780042804,2026-05-29T16:20:04,0.0365
3,90-114,1780043103,2026-05-29T16:25:03,0.037
3,90-114,1780043405,2026-05-29T16:30:05,0.0405
3,90-114,1780043704,2026-05-29T16:35:04,0.0415
3,90-114,1780044005,2026-05-29T16:40:05,0.0425
3,90-114,1780044304,2026-05-29T16:45:04,0.043
3,90-114,1780044604,2026-05-29T16:50:04,0.0435
3,90-114,1780044904,2026-05-29T16:55:04,0.044
3,90-114,1780045506,2026-05-29T17:05:06,0.045
3,90-114,1780045804,2026-05-29T17:10:04,0.045
3,90-114,1780046104,2026-05-29T17:15:04,0.045
3,90-114,1780046404,2026-05-29T17:20:04,0.0455
3,90-114,1780046706,2026-05-29T17:25:06,0.0455
3,90-114,1780047020,2026-05-29T17:30:20,0.0455
3,90-114,1780047305,2026-05-29T17:35:05,0.0455
3,90-114,1780047604,2026-05-29T17:40:04,0.0455
3,90-114,1780047904,2026-05-29T17:45:04,0.0455
3,90-114,1780048205,2026-05-29T17:50:05,0.0455
3,90-114,1780048506,2026-05-29T17:55:06,0.0455
3,90-114,1780049104,2026-05-29T18:05:04,0.0455
3,90-114,1780049404,2026-05-29T18:10:04,0.0455
3,90-114,1780049704,2026-05-29T18:15:04,0.0465
3,90-114,1780050005,2026-05-29T18:20:05,0.0465
3,90-114,1780050304,2026-05-29T18:25:04,0.0475
3,90-114,1780050604,2026-05-29T18:30:04,0.0475
3,90-114,1780050904,2026-05-29T18:35:04,0.048
3,90-114,1780051204,2026-05-29T18:40:04,0.0485
3,90-114,1780051504,2026-05-29T18:45:04,0.049
3,90-114,1780051804,2026-05-29T18:50:04,0.049
3,90-114,1780052105,2026-05-29T18:55:05,0.049
3,90-114,1780052704,2026-05-29T19:05:04,0.049
3,90-114,1780053004,2026-05-29T19:10:04,0.0455
3,90-114,1780053304,2026-05-29T19:15:04,0.0455
3,90-114,1780053604,2026-05-29T19:20:04,0.0465
3,90-114,1780053904,2026-05-29T19:25:04,0.047
3,90-114,1780054204,2026-05-29T19:30:04,0.047
3,90-114,1780054505,2026-05-29T19:35:05,0.0475
3,90-114,1780054805,2026-05-29T19:40:05,0.048
3,90-114,1780055105,2026-05-29T19:45:05,0.0455
3,90-114,1780055404,2026-05-29T19:50:04,0.0455
3,90-114,1780055704,2026-05-29T19:55:04,0.0465
3,90-114,1780056319,2026-05-29T20:05:19,0.0465
3,90-114,1780056326,2026-05-29T20:05:26,0.0465
3,90-114,1780056604,2026-05-29T20:10:04,0.0455
3,90-114,1780058105,2026-05-29T20:35:05,0.0455
3,90-114,1780058404,2026-05-29T20:40:04,0.0465
3,90-114,1780058703,2026-05-29T20:45:03,0.0465
3,90-114,1780059003,2026-05-29T20:50:03,0.0465
3,90-114,1780059305,2026-05-29T20:55:05,0.0465
3,90-114,1780059905,2026-05-29T21:05:05,0.0445
3,90-114,1780060203,2026-05-29T21:10:03,0.045
3,90-114,1780061406,2026-05-29T21:30:06,0.0445
3,90-114,1780061704,2026-05-29T21:35:04,0.045
3,90-114,1780062004,2026-05-29T21:40:04,0.045
3,90-114,1780062307,2026-05-29T21:45:07,0.046
3,90-114,1780062605,2026-05-29T21:50:05,0.046
3,90-114,1780062904,2026-05-29T21:55:04,0.045
3,90-114,1780063504,2026-05-29T22:05:04,0.046
3,90-114,1780063808,2026-05-29T22:10:08,0.047
3,90-114,1780064104,2026-05-29T22:15:04,0.0455
3,90-114,1780064404,2026-05-29T22:20:04,0.0465
3,90-114,1780064704,2026-05-29T22:25:04,0.048
3,90-114,1780065006,2026-05-29T22:30:06,0.049
3,90-114,1780065304,2026-05-29T22:35:04,0.048
3,90-114,1780065605,2026-05-29T22:40:05,0.048
3,90-114,1780065905,2026-05-29T22:45:05,0.0495
3,90-114,1780066205,2026-05-29T22:50:05,0.0495
3,90-114,1780066505,2026-05-29T22:55:05,0.0495
3,90-114,1780067105,2026-05-29T23:05:05,0.0495
3,90-114,1780067405,2026-05-29T23:10:05,0.0495
3,90-114,1780067704,2026-05-29T23:15:04,0.0495
3,90-114,1780068006,2026-05-29T23:20:06,0.0495
3,90-114,1780068304,2026-05-29T23:25:04,0.0495
3,90-114,1780068606,2026-05-29T23:30:06,0.0495
3,90-114,1780068906,2026-05-29T23:35:06,0.0495
3,90-114,1780069205,2026-05-29T23:40:05,0.0495
3,90-114,1780069508,2026-05-29T23:45:08,0.0495
3,90-114,1780069804,2026-05-29T23:50:04,0.0495
3,90-114,1780070104,2026-05-29T23:55:04,0.0495
3,90-114,1780070705,2026-05-30T00:05:05,0.0495
3,90-114,1780071005,2026-05-30T00:10:05,0.0495
3,90-114,1780071306,2026-05-30T00:15:06,0.0495
3,90-114,1780071606,2026-05-30T00:20:06,0.0495
3,90-114,1780071905,2026-05-30T00:25:05,0.047
3,90-114,1780072206,2026-05-30T00:30:06,0.047
3,90-114,1780072504,2026-05-30T00:35:04,0.0465
3,90-114,1780072806,2026-05-30T00:40:06,0.046
3,90-114,1780073104,2026-05-30T00:45:04,0.046
3,90-114,1780073404,2026-05-30T00:50:04,0.046
3,90-114,1780073705,2026-05-30T00:55:05,0.046
3,90-114,1780074306,2026-05-30T01:05:06,0.0455
3,90-114,1780074604,2026-05-30T01:10:04,0.0455
3,90-114,1780074905,2026-05-30T01:15:05,0.0455
3,90-114,1780075207,2026-05-30T01:20:07,0.0455
3,90-114,1780075504,2026-05-30T01:25:04,0.0455
3,90-114,1780075804,2026-05-30T01:30:04,0.0455
3,90-114,1780076104,2026-05-30T01:35:04,0.0455
3,90-114,1780076404,2026-05-30T01:40:04,0.0455
3,90-114,1780076704,2026-05-30T01:45:04,0.0455
3,90-114,1780077018,2026-05-30T01:50:18,0.0455
3,90-114,1780077303,2026-05-30T01:55:03,0.0455
3,90-114,1780077905,2026-05-30T02:05:05,0.0455
3,90-114,1780078205,2026-05-30T02:10:05,0.046
3,90-114,1780078505,2026-05-30T02:15:05,0.0455
3,90-114,1780078804,2026-05-30T02:20:04,0.0455
3,90-114,1780079104,2026-05-30T02:25:04,0.0455
3,90-114,1780079408,2026-05-30T02:30:08,0.0455
3,90-114,1780079719,2026-05-30T02:35:19,0.0455
3,90-114,1780080017,2026-05-30T02:40:17,0.0455
3,90-114,1780080305,2026-05-30T02:45:05,0.0455
3,90-114,1780080605,2026-05-30T02:50:05,0.0455
3,90-114,1780080904,2026-05-30T02:55:04,0.0455
3,90-114,1780081504,2026-05-30T03:05:04,0.046
3,90-114,1780081815,2026-05-30T03:10:15,0.0465
3,90-114,1780082105,2026-05-30T03:15:05,0.047
3,90-114,1780082405,2026-05-30T03:20:05,0.047
3,90-114,1780082705,2026-05-30T03:25:05,0.047
3,90-114,1780083005,2026-05-30T03:30:05,0.047
3,90-114,1780083303,2026-05-30T03:35:03,0.047
3,90-114,1780083604,2026-05-30T03:40:04,0.047
3,90-114,1780083904,2026-05-30T03:45:04,0.047
3,90-114,1780084205,2026-05-30T03:50:05,0.047
3,90-114,1780084505,2026-05-30T03:55:05,0.047
3,90-114,1780085104,2026-05-30T04:05:04,0.048
3,90-114,1780085404,2026-05-30T04:10:04,0.048
3,90-114,1780085705,2026-05-30T04:15:05,0.048
3,90-114,1780086005,2026-05-30T04:20:05,0.048
3,90-114,1780086304,2026-05-30T04:25:04,0.048
3,90-114,1780086605,2026-05-30T04:30:05,0.048
3,90-114,1780086904,2026-05-30T04:35:04,0.048
3,90-114,1780087206,2026-05-30T04:40:06,0.048
3,90-114,1780087504,2026-05-30T04:45:04,0.048
3,90-114,1780087805,2026-05-30T04:50:05,0.0475
3,90-114,1780088107,2026-05-30T04:55:07,0.047
3,90-114,1780088704,2026-05-30T05:05:04,0.0465
3,90-114,1780089006,2026-05-30T05:10:06,0.0465
3,90-114,1780089304,2026-05-30T05:15:04,0.0465
3,90-114,1780089605,2026-05-30T05:20:05,0.0465
3,90-114,1780089905,2026-05-30T05:25:05,0.0465
3,90-114,1780090205,2026-05-30T05:30:05,0.0465
3,90-114,1780090504,2026-05-30T05:35:04,0.0465
3,90-114,1780090819,2026-05-30T05:40:19,0.0465
3,90-114,1780091105,2026-05-30T05:45:05,0.0465
3,90-114,1780091405,2026-05-30T05:50:05,0.0455
3,90-114,1780091704,2026-05-30T05:55:04,0.0455
3,90-114,1780092304,2026-05-30T06:05:04,0.0455
3,90-114,1780092605,2026-05-30T06:10:05,0.0455
3,90-114,1780092905,2026-05-30T06:15:05,0.0455
3,90-114,1780093205,2026-05-30T06:20:05,0.0455
3,90-114,1780093505,2026-05-30T06:25:05,0.0455
3,90-114,1780093806,2026-05-30T06:30:06,0.0455
3,90-114,1780094105,2026-05-30T06:35:05,0.0455
3,90-114,1780094404,2026-05-30T06:40:04,0.0455
3,90-114,1780094705,2026-05-30T06:45:05,0.0455
3,90-114,1780095004,2026-05-30T06:50:04,0.0455
3,90-114,1780095307,2026-05-30T06:55:07,0.0455
3,90-114,1780095905,2026-05-30T07:05:05,0.0485
3,90-114,1780096204,2026-05-30T07:10:04,0.0465
3,90-114,1780096505,2026-05-30T07:15:05,0.047
3,90-114,1780096804,2026-05-30T07:20:04,0.048
3,90-114,1780097105,2026-05-30T07:25:05,0.046
3,90-114,1780097406,2026-05-30T07:30:06,0.0455
3,90-114,1780097705,2026-05-30T07:35:05,0.0455
3,90-114,1780098004,2026-05-30T07:40:04,0.0455
3,90-114,1780098304,2026-05-30T07:45:04,0.0455
3,90-114,1780098604,2026-05-30T07:50:04,0.0455
3,90-114,1780098905,2026-05-30T07:55:05,0.0455
3,90-114,1780099504,2026-05-30T08:05:04,0.0455
3,90-114,1780099804,2026-05-30T08:10:04,0.0455
3,90-114,1780100105,2026-05-30T08:15:05,0.0455
3,90-114,1780100404,2026-05-30T08:20:04,0.0455
3,90-114,1780100705,2026-05-30T08:25:05,0.0455
3,90-114,1780101008,2026-05-30T08:30:08,0.0455
3,90-114,1780101303,2026-05-30T08:35:03,0.0455
3,90-114,1780101605,2026-05-30T08:40:05,0.0455
3,90-114,1780101906,2026-05-30T08:45:06,0.0455
3,90-114,1780102205,2026-05-30T08:50:05,0.0455
3,90-114,1780102506,2026-05-30T08:55:06,0.0455
3,90-114,1780103104,2026-05-30T09:05:04,0.0455
3,90-114,1780103404,2026-05-30T09:10:04,0.0455
3,90-114,1780103712,2026-05-30T09:15:12,0.0455
3,90-114,1780104005,2026-05-30T09:20:05,0.0455
3,90-114,1780104305,2026-05-30T09:25:05,0.0455
3,90-114,1780104608,2026-05-30T09:30:08,0.0455
3,90-114,1780104904,2026-05-30T09:35:04,0.0455
3,90-114,1780105204,2026-05-30T09:40:04,0.0455
3,90-114,1780105505,2026-05-30T09:45:05,0.0455
3,90-114,1780105804,2026-05-30T09:50:04,0.0455
3,90-114,1780106116,2026-05-30T09:55:16,0.0455
3,90-114,1780106704,2026-05-30T10:05:04,0.0455
3,90-114,1780107004,2026-05-30T10:10:04,0.0455
3,90-114,1780107304,2026-05-30T10:15:04,0.0455
3,90-114,1780107604,2026-05-30T10:20:04,0.0455
3,90-114,1780107904,2026-05-30T10:25:04,0.0355
3,90-114,1780108208,2026-05-30T10:30:08,0.0335
3,90-114,1780108504,2026-05-30T10:35:04,0.0325
3,90-114,1780108806,2026-05-30T10:40:06,0.0315
3,90-114,1780109105,2026-05-30T10:45:05,0.0315
3,90-114,1780109404,2026-05-30T10:50:04,0.0315
3,90-114,1780109705,2026-05-30T10:55:05,0.0315
3,90-114,1780110304,2026-05-30T11:05:04,0.0315
3,90-114,1780110606,2026-05-30T11:10:06,0.0315
3,90-114,1780110916,2026-05-30T11:15:16,0.0315
3,90-114,1780111205,2026-05-30T11:20:05,0.033
3,90-114,1780111520,2026-05-30T11:25:20,0.0335
3,90-114,1780111805,2026-05-30T11:30:05,0.0345
3,90-114,1780112103,2026-05-30T11:35:03,0.0345
3,90-114,1780112404,2026-05-30T11:40:04,0.0345
3,90-114,1780112704,2026-05-30T11:45:04,0.0345
3,90-114,1780113007,2026-05-30T11:50:07,0.0345
3,90-114,1780113304,2026-05-30T11:55:04,0.0345
3,90-114,1780113905,2026-05-30T12:05:05,0.0315
3,90-114,1780114205,2026-05-30T12:10:05,0.0315
3,90-114,1780114506,2026-05-30T12:15:06,0.034
3,90-114,1780114805,2026-05-30T12:20:05,0.034
3,90-114,1780115104,2026-05-30T12:25:04,0.034
3,90-114,1780115405,2026-05-30T12:30:05,0.034
3,90-114,1780115704,2026-05-30T12:35:04,0.034
3,90-114,1780116005,2026-05-30T12:40:05,0.034
3,90-114,1780116305,2026-05-30T12:45:05,0.034
3,90-114,1780116605,2026-05-30T12:50:05,0.034
3,90-114,1780116905,2026-05-30T12:55:05,0.0335
3,90-114,1780117504,2026-05-30T13:05:04,0.034
3,90-114,1780117805,2026-05-30T13:10:05,0.034
3,90-114,1780118105,2026-05-30T13:15:05,0.034
3,90-114,1780118404,2026-05-30T13:20:04,0.034
3,90-114,1780118705,2026-05-30T13:25:05,0.034
3,90-114,1780119006,2026-05-30T13:30:06,0.034
3,90-114,1780119304,2026-05-30T13:35:04,0.034
3,90-114,1780119603,2026-05-30T13:40:03,0.034
3,90-114,1780119905,2026-05-30T13:45:05,0.034
3,90-114,1780120205,2026-05-30T13:50:05,0.034
3,90-114,1780120506,2026-05-30T13:55:06,0.034
3,90-114,1780121104,2026-05-30T14:05:04,0.033
3,90-114,1780121404,2026-05-30T14:10:04,0.0315
3,90-114,1780121704,2026-05-30T14:15:04,0.0315
3,90-114,1780122003,2026-05-30T14:20:03,0.026
3,90-114,1780122304,2026-05-30T14:25:04,0.0265
3,90-114,1780122604,2026-05-30T14:30:04,0.027
3,90-114,1780122908,2026-05-30T14:35:08,0.025
3,90-114,1780123204,2026-05-30T14:40:04,0.0275
3,90-114,1780123517,2026-05-30T14:45:17,0.028
3,90-114,1780123804,2026-05-30T14:50:04,0.0285
3,90-114,1780124104,2026-05-30T14:55:04,0.03
3,90-114,1780124704,2026-05-30T15:05:04,0.032
3,90-114,1780125004,2026-05-30T15:10:04,0.031
3,90-114,1780125305,2026-05-30T15:15:05,0.032
3,90-114,1780125620,2026-05-30T15:20:20,0.0315
3,90-114,1780125904,2026-05-30T15:25:04,0.026
3,90-114,1780126205,2026-05-30T15:30:05,0.031
3,90-114,1780126505,2026-05-30T15:35:05,0.031
3,90-114,1780126804,2026-05-30T15:40:04,0.0275
3,90-114,1780127104,2026-05-30T15:45:04,0.0275
3,90-114,1780127404,2026-05-30T15:50:04,0.0285
3,90-114,1780127704,2026-05-30T15:55:04,0.0295
3,90-114,1780128304,2026-05-30T16:05:04,0.03
3,90-114,1780128605,2026-05-30T16:10:05,0.03
3,90-114,1780128904,2026-05-30T16:15:04,0.0305
3,90-114,1780129204,2026-05-30T16:20:04,0.0305
3,90-114,1780129504,2026-05-30T16:25:04,0.0305
3,90-114,1780129805,2026-05-30T16:30:05,0.0275
3,90-114,1780130104,2026-05-30T16:35:04,0.028
3,90-114,1780130405,2026-05-30T16:40:05,0.0285
3,90-114,1780130704,2026-05-30T16:45:04,0.0315
3,90-114,1780131008,2026-05-30T16:50:08,0.0315
3,90-114,1780131305,2026-05-30T16:55:05,0.0315
3,90-114,1780131905,2026-05-30T17:05:05,0.0305
3,90-114,1780132204,2026-05-30T17:10:04,0.0305
3,90-114,1780132504,2026-05-30T17:15:04,0.0305
3,90-114,1780132805,2026-05-30T17:20:05,0.0305
3,90-114,1780133105,2026-05-30T17:25:05,0.0305
3,90-114,1780133406,2026-05-30T17:30:06,0.03
3,90-114,1780133704,2026-05-30T17:35:04,0.03
3,90-114,1780134005,2026-05-30T17:40:05,0.0285
3,90-114,1780134304,2026-05-30T17:45:04,0.0285
3,90-114,1780134604,2026-05-30T17:50:04,0.0285
3,90-114,1780134904,2026-05-30T17:55:04,0.0285
3,90-114,1780135504,2026-05-30T18:05:04,0.028
3,90-114,1780135819,2026-05-30T18:10:19,0.028
3,90-114,1780136105,2026-05-30T18:15:05,0.028
3,90-114,1780136406,2026-05-30T18:20:06,0.028
3,90-114,1780136705,2026-05-30T18:25:05,0.028
3,90-114,1780137005,2026-05-30T18:30:05,0.028
3,90-114,1780137304,2026-05-30T18:35:04,0.028
3,90-114,1780137604,2026-05-30T18:40:04,0.028
3,90-114,1780137904,2026-05-30T18:45:04,0.0275
3,90-114,1780138204,2026-05-30T18:50:04,0.0275
3,90-114,1780138504,2026-05-30T18:55:04,0.0275
3,90-114,1780139105,2026-05-30T19:05:05,0.0275
3,90-114,1780139404,2026-05-30T19:10:04,0.0275
3,90-114,1780139706,2026-05-30T19:15:06,0.0275
3,90-114,1780140004,2026-05-30T19:20:04,0.0275
3,90-114,1780140304,2026-05-30T19:25:04,0.0275
3,90-114,1780140606,2026-05-30T19:30:06,0.0275
3,90-114,1780140904,2026-05-30T19:35:04,0.0275
3,90-114,1780141204,2026-05-30T19:40:04,0.0275
3,90-114,1780141508,2026-05-30T19:45:08,0.0275
3,90-114,1780141805,2026-05-30T19:50:05,0.0275
3,90-114,1780142106,2026-05-30T19:55:06,0.0275
3,90-114,1780142704,2026-05-30T20:05:04,0.028
3,90-114,1780143004,2026-05-30T20:10:04,0.028
3,90-114,1780143304,2026-05-30T20:15:04,0.0275
3,90-114,1780143604,2026-05-30T20:20:04,0.0275
3,90-114,1780143904,2026-05-30T20:25:04,0.0275
3,90-114,1780144206,2026-05-30T20:30:06,0.0275
3,90-114,1780144517,2026-05-30T20:35:17,0.0275
3,90-114,1780144805,2026-05-30T20:40:05,0.0275
3,90-114,1780145105,2026-05-30T20:45:05,0.0275
3,90-114,1780145405,2026-05-30T20:50:05,0.0275
3,90-114,1780145707,2026-05-30T20:55:07,0.0275
3,90-114,1780146306,2026-05-30T21:05:06,0.0275
3,90-114,1780146604,2026-05-30T21:10:04,0.0275
3,90-114,1780146904,2026-05-30T21:15:04,0.0275
3,90-114,1780147205,2026-05-30T21:20:05,0.0275
3,90-114,1780147507,2026-05-30T21:25:07,0.0275
3,90-114,1780147806,2026-05-30T21:30:06,0.025
3,90-114,1780148103,2026-05-30T21:35:03,0.025
3,90-114,1780148405,2026-05-30T21:40:05,0.0245
3,90-114,1780148705,2026-05-30T21:45:05,0.022
3,90-114,1780149004,2026-05-30T21:50:04,0.022
3,90-114,1780149305,2026-05-30T21:55:05,0.0215
3,90-114,1780149904,2026-05-30T22:05:04,0.0225
3,90-114,1780150205,2026-05-30T22:10:05,0.023
3,90-114,1780150518,2026-05-30T22:15:18,0.0225
3,90-114,1780150805,2026-05-30T22:20:05,0.022
3,90-114,1780151104,2026-05-30T22:25:04,0.024
3,90-114,1780151409,2026-05-30T22:30:09,0.0225
3,90-114,1780151704,2026-05-30T22:35:04,0.022
3,90-114,1780152004,2026-05-30T22:40:04,0.0235
3,90-114,1780152305,2026-05-30T22:45:05,0.024
3,90-114,1780152604,2026-05-30T22:50:04,0.024
3,90-114,1780152904,2026-05-30T22:55:04,0.0235
3,90-114,1780153504,2026-05-30T23:05:04,0.024
3,90-114,1780153820,2026-05-30T23:10:20,0.0235
3,90-114,1780154104,2026-05-30T23:15:04,0.0245
3,90-114,1780154405,2026-05-30T23:20:05,0.024
3,90-114,1780154705,2026-05-30T23:25:05,0.0245
3,90-114,1780155021,2026-05-30T23:30:21,0.024
3,90-114,1780155304,2026-05-30T23:35:04,0.024
3,90-114,1780155605,2026-05-30T23:40:05,0.0235
3,90-114,1780155904,2026-05-30T23:45:04,0.024
3,90-114,1780156218,2026-05-30T23:50:18,0.0235
3,90-114,1780156504,2026-05-30T23:55:04,0.0245
3,90-114,1780157105,2026-05-31T00:05:05,0.1195
3,90-114,1780157408,2026-05-31T00:10:08,0.0235
3,90-114,1780157706,2026-05-31T00:15:06,0.0185
3,90-114,1780158005,2026-05-31T00:20:05,0.0175
3,90-114,1780158319,2026-05-31T00:25:19,0.0165
3,90-114,1780158605,2026-05-31T00:30:05,0.017
3,90-114,1780158905,2026-05-31T00:35:05,0.0165
3,90-114,1780159206,2026-05-31T00:40:06,0.0145
3,90-114,1780159505,2026-05-31T00:45:05,0.0135
3,90-114,1780159804,2026-05-31T00:50:04,0.0145
3,90-114,1780160103,2026-05-31T00:55:03,0.0155
3,90-114,1780160704,2026-05-31T01:05:04,0.018
3,90-114,1780161004,2026-05-31T01:10:04,0.0185
3,90-114,1780161306,2026-05-31T01:15:06,0.0185
3,90-114,1780161604,2026-05-31T01:20:04,0.019
3,90-114,1780161905,2026-05-31T01:25:05,0.0185
3,90-114,1780162207,2026-05-31T01:30:07,0.019
3,90-114,1780162506,2026-05-31T01:35:06,0.019
3,90-114,1780162805,2026-05-31T01:40:05,0.018
3,90-114,1780163106,2026-05-31T01:45:06,0.018
3,90-114,1780163405,2026-05-31T01:50:05,0.018
3,90-114,1780163704,2026-05-31T01:55:04,0.018
3,90-114,1780164304,2026-05-31T02:05:04,0.02
3,90-114,1780164605,2026-05-31T02:10:05,0.018
3,90-114,1780164906,2026-05-31T02:15:06,0.017
3,90-114,1780165205,2026-05-31T02:20:05,0.017
3,90-114,1780165504,2026-05-31T02:25:04,0.0155
3,90-114,1780165805,2026-05-31T02:30:05,0.0155
3,90-114,1780166105,2026-05-31T02:35:05,0.0155
3,90-114,1780166405,2026-05-31T02:40:05,0.0155
3,90-114,1780166704,2026-05-31T02:45:04,0.0135
3,90-114,1780167005,2026-05-31T02:50:05,0.0125
3,90-114,1780167304,2026-05-31T02:55:04,0.0125
3,90-114,1780167904,2026-05-31T03:05:04,0.0125
3,90-114,1780168204,2026-05-31T03:10:04,0.0125
3,90-114,1780168505,2026-05-31T03:15:05,0.018
3,90-114,1780168804,2026-05-31T03:20:04,0.019
3,90-114,1780169104,2026-05-31T03:25:04,0.0185
3,90-114,1780169406,2026-05-31T03:30:06,0.019
3,90-114,1780169704,2026-05-31T03:35:04,0.019
3,90-114,1780170004,2026-05-31T03:40:04,0.019
3,90-114,1780170304,2026-05-31T03:45:04,0.019
3,90-114,1780170607,2026-05-31T03:50:07,0.019
3,90-114,1780170904,2026-05-31T03:55:04,0.019
3,90-114,1780171504,2026-05-31T04:05:04,0.019
3,90-114,1780171804,2026-05-31T04:10:04,0.019
3,90-114,1780172104,2026-05-31T04:15:04,0.019
3,90-114,1780172405,2026-05-31T04:20:05,0.019
3,90-114,1780172704,2026-05-31T04:25:04,0.019
3,90-114,1780173006,2026-05-31T04:30:06,0.019
3,90-114,1780173304,2026-05-31T04:35:04,0.0175
3,90-114,1780173605,2026-05-31T04:40:05,0.019
3,90-114,1780173905,2026-05-31T04:45:05,0.018
3,90-114,1780174203,2026-05-31T04:50:03,0.0175
3,90-114,1780174504,2026-05-31T04:55:04,0.0175
3,90-114,1780175105,2026-05-31T05:05:05,0.0185
3,90-114,1780175405,2026-05-31T05:10:05,0.0185
3,90-114,1780175704,2026-05-31T05:15:04,0.0185
3,90-114,1780176006,2026-05-31T05:20:06,0.0185
3,90-114,1780176305,2026-05-31T05:25:05,0.0185
3,90-114,1780176620,2026-05-31T05:30:20,0.0185
3,90-114,1780176904,2026-05-31T05:35:04,0.0185
3,90-114,1780177204,2026-05-31T05:40:04,0.0175
3,90-114,1780177505,2026-05-31T05:45:05,0.0175
3,90-114,1780177806,2026-05-31T05:50:06,0.0175
3,90-114,1780178104,2026-05-31T05:55:04,0.0175
3,90-114,1780178705,2026-05-31T06:05:05,0.0175
3,90-114,1780179007,2026-05-31T06:10:07,0.0175
3,90-114,1780179305,2026-05-31T06:15:05,0.0175
3,90-114,1780179605,2026-05-31T06:20:05,0.0175
3,90-114,1780179904,2026-05-31T06:25:04,0.0185
3,90-114,1780180208,2026-05-31T06:30:08,0.0185
3,90-114,1780180506,2026-05-31T06:35:06,0.0185
3,90-114,1780180804,2026-05-31T06:40:04,0.0175
3,90-114,1780181105,2026-05-31T06:45:05,0.0175
3,90-114,1780181406,2026-05-31T06:50:06,0.0175
3,90-114,1780181704,2026-05-31T06:55:04,0.0175
3,90-114,1780182305,2026-05-31T07:05:05,0.0175
3,90-114,1780182607,2026-05-31T07:10:07,0.0145
3,90-114,1780182907,2026-05-31T07:15:07,0.0145
3,90-114,1780183206,2026-05-31T07:20:06,0.0105
3,90-114,1780183506,2026-05-31T07:25:06,0.0105
3,90-114,1780183806,2026-05-31T07:30:06,0.0105
3,90-114,1780184119,2026-05-31T07:35:19,0.0105
3,90-114,1780184405,2026-05-31T07:40:05,0.0105
3,90-114,1780184717,2026-05-31T07:45:17,0.0105
3,90-114,1780185010,2026-05-31T07:50:10,0.0105
3,90-114,1780185304,2026-05-31T07:55:04,0.0105
3,90-114,1780185905,2026-05-31T08:05:05,0.0105
3,90-114,1780186204,2026-05-31T08:10:04,0.0105
3,90-114,1780186507,2026-05-31T08:15:07,0.0105
3,90-114,1780186819,2026-05-31T08:20:19,0.0105
3,90-114,1780187104,2026-05-31T08:25:04,0.0105
3,90-114,1780187406,2026-05-31T08:30:06,0.0105
3,90-114,1780187705,2026-05-31T08:35:05,0.0075
3,90-114,1780188004,2026-05-31T08:40:04,0.0075
3,90-114,1780188304,2026-05-31T08:45:04,0.0075
3,90-114,1780188605,2026-05-31T08:50:05,0.0075
3,90-114,1780188906,2026-05-31T08:55:06,0.0075
3,90-114,1780189504,2026-05-31T09:05:04,0.0075
3,90-114,1780189805,2026-05-31T09:10:05,0.0055
3,90-114,1780190103,2026-05-31T09:15:03,0.0075
3,90-114,1780190416,2026-05-31T09:20:16,0.007
3,90-114,1780190717,2026-05-31T09:25:17,0.0065
3,90-114,1780191005,2026-05-31T09:30:05,0.0065
3,90-114,1780191321,2026-05-31T09:35:21,0.0065
3,90-114,1780191604,2026-05-31T09:40:04,0.0065
3,90-114,1780191904,2026-05-31T09:45:04,0.0065
3,90-114,1780192205,2026-05-31T09:50:05,0.0065
3,90-114,1780192505,2026-05-31T09:55:05,0.0065
3,90-114,1780193104,2026-05-31T10:05:04,0.0065
3,90-114,1780193404,2026-05-31T10:10:04,0.0065
3,90-114,1780193703,2026-05-31T10:15:03,0.0065
3,90-114,1780194004,2026-05-31T10:20:04,0.0065
3,90-114,1780194317,2026-05-31T10:25:17,0.0055
3,90-114,1780194604,2026-05-31T10:30:04,0.0055
3,90-114,1780194904,2026-05-31T10:35:04,0.007
3,90-114,1780195204,2026-05-31T10:40:04,0.0075
3,90-114,1780195504,2026-05-31T10:45:04,0.0075
3,90-114,1780195805,2026-05-31T10:50:05,0.0075
3,90-114,1780196103,2026-05-31T10:55:03,0.007
3,90-114,1780196707,2026-05-31T11:05:07,0.007
3,90-114,1780197004,2026-05-31T11:10:04,0.0115
3,90-114,1780197304,2026-05-31T11:15:04,0.0085
3,90-114,1780197604,2026-05-31T11:20:04,0.008
3,90-114,1780197904,2026-05-31T11:25:04,0.0085
3,90-114,1780198205,2026-05-31T11:30:05,0.009
3,90-114,1780198504,2026-05-31T11:35:04,0.0105
3,90-114,1780198805,2026-05-31T11:40:05,0.0085
3,90-114,1780199104,2026-05-31T11:45:04,0.0085
3,90-114,1780199406,2026-05-31T11:50:06,0.0075
3,90-114,1780199705,2026-05-31T11:55:05,0.0075
3,90-114,1780200304,2026-05-31T12:05:04,0.0085
3,90-114,1780200604,2026-05-31T12:10:04,0.0085
3,90-114,1780200904,2026-05-31T12:15:04,0.0085
3,90-114,1780201205,2026-05-31T12:20:05,0.0085
3,90-114,1780201505,2026-05-31T12:25:05,0.0085
3,90-114,1780201805,2026-05-31T12:30:05,0.0085
3,90-114,1780202105,2026-05-31T12:35:05,0.0085
3,90-114,1780202404,2026-05-31T12:40:04,0.0085
3,90-114,1780202705,2026-05-31T12:45:05,0.0085
3,90-114,1780203006,2026-05-31T12:50:06,0.0085
3,90-114,1780203304,2026-05-31T12:55:04,0.0085
3,90-114,1780203904,2026-05-31T13:05:04,0.0085
3,90-114,1780204205,2026-05-31T13:10:05,0.0085
3,90-114,1780204505,2026-05-31T13:15:05,0.0085
3,90-114,1780204805,2026-05-31T13:20:05,0.0085
3,90-114,1780205103,2026-05-31T13:25:03,0.008
3,90-114,1780205406,2026-05-31T13:30:06,0.008
3,90-114,1780205704,2026-05-31T13:35:04,0.008
3,90-114,1780206005,2026-05-31T13:40:05,0.0075
3,90-114,1780206305,2026-05-31T13:45:05,0.0075
3,90-114,1780206603,2026-05-31T13:50:03,0.0075
3,90-114,1780206903,2026-05-31T13:55:03,0.0065
3,90-114,1780207505,2026-05-31T14:05:05,0.0065
3,90-114,1780207805,2026-05-31T14:10:05,0.0065
3,90-114,1780208104,2026-05-31T14:15:04,0.0065
3,90-114,1780208408,2026-05-31T14:20:08,0.0065
3,90-114,1780208705,2026-05-31T14:25:05,0.009
3,90-114,1780209005,2026-05-31T14:30:05,0.0085
3,90-114,1780209304,2026-05-31T14:35:04,0.008
3,90-114,1780209604,2026-05-31T14:40:04,0.0065
3,90-114,1780209903,2026-05-31T14:45:03,0.0065
3,90-114,1780210204,2026-05-31T14:50:04,0.0065
3,90-114,1780210505,2026-05-31T14:55:05,0.009
3,90-114,1780211104,2026-05-31T15:05:04,0.0085
3,90-114,1780211404,2026-05-31T15:10:04,0.0075
3,90-114,1780211704,2026-05-31T15:15:04,0.0075
3,90-114,1780212004,2026-05-31T15:20:04,0.0075
3,90-114,1780212304,2026-05-31T15:25:04,0.0075
3,90-114,1780212606,2026-05-31T15:30:06,0.0075
3,90-114,1780212903,2026-05-31T15:35:03,0.0075
3,90-114,1780213204,2026-05-31T15:40:04,0.0075
3,90-114,1780213504,2026-05-31T15:45:04,0.0075
3,90-114,1780213804,2026-05-31T15:50:04,0.007
3,90-114,1780214104,2026-05-31T15:55:04,0.007
3,90-114,1780214704,2026-05-31T16:05:04,0.007
3,90-114,1780215004,2026-05-31T16:10:04,0.0075
3,90-114,1780215304,2026-05-31T16:15:04,0.0065
3,90-114,1780215605,2026-05-31T16:20:05,0.006
3,90-114,1780215904,2026-05-31T16:25:04,0.0055
3,90-114,1780216206,2026-05-31T16:30:06,0.0055
3,90-114,1780216504,2026-05-31T16:35:04,0.0055
3,90-114,1780216805,2026-05-31T16:40:05,0.0055
3,90-114,1780217104,2026-05-31T16:45:04,0.0055
3,90-114,1780217405,2026-05-31T16:50:05,0.0055
3,90-114,1780217705,2026-05-31T16:55:05,0.0055
3,90-114,1780218304,2026-05-31T17:05:04,0.0055
3,90-114,1780218605,2026-05-31T17:10:05,0.0055
3,90-114,1780218904,2026-05-31T17:15:04,0.0055
3,90-114,1780219204,2026-05-31T17:20:04,0.0055
3,90-114,1780219503,2026-05-31T17:25:03,0.0055
3,90-114,1780219805,2026-05-31T17:30:05,0.0075
3,90-114,1780220104,2026-05-31T17:35:04,0.0075
3,90-114,1780220405,2026-05-31T17:40:05,0.0075
3,90-114,1780220704,2026-05-31T17:45:04,0.0075
3,90-114,1780221005,2026-05-31T17:50:05,0.007
3,90-114,1780221305,2026-05-31T17:55:05,0.0065
3,90-114,1780221904,2026-05-31T18:05:04,0.007
3,90-114,1780222204,2026-05-31T18:10:04,0.007
3,90-114,1780222504,2026-05-31T18:15:04,0.007
3,90-114,1780222804,2026-05-31T18:20:04,0.007
3,90-114,1780223104,2026-05-31T18:25:04,0.006
3,90-114,1780223406,2026-05-31T18:30:06,0.0055
3,90-114,1780223704,2026-05-31T18:35:04,0.0055
3,90-114,1780224007,2026-05-31T18:40:07,0.0075
3,90-114,1780224305,2026-05-31T18:45:05,0.0075
3,90-114,1780224605,2026-05-31T18:50:05,0.0075
3,90-114,1780224904,2026-05-31T18:55:04,0.0075
3,90-114,1780225519,2026-05-31T19:05:19,0.014
3,90-114,1780225819,2026-05-31T19:10:19,0.013
3,90-114,1780226104,2026-05-31T19:15:04,0.0105
3,90-114,1780226404,2026-05-31T19:20:04,0.0065
3,90-114,1780226704,2026-05-31T19:25:04,0.0065
3,90-114,1780227018,2026-05-31T19:30:18,0.0065
3,90-114,1780227304,2026-05-31T19:35:04,0.0065
3,90-114,1780227604,2026-05-31T19:40:04,0.0075
3,90-114,1780227905,2026-05-31T19:45:05,0.0075
3,90-114,1780228205,2026-05-31T19:50:05,0.0085
3,90-114,1780228516,2026-05-31T19:55:16,0.0075
3,90-114,1780229104,2026-05-31T20:05:04,0.0075
3,90-114,1780229404,2026-05-31T20:10:04,0.0075
3,90-114,1780229705,2026-05-31T20:15:05,0.0065
3,90-114,1780230004,2026-05-31T20:20:04,0.0065
3,90-114,1780230305,2026-05-31T20:25:05,0.0065
3,90-114,1780230605,2026-05-31T20:30:05,0.0065
3,90-114,1780230905,2026-05-31T20:35:05,0.0055
3,90-114,1780231207,2026-05-31T20:40:07,0.0055
3,90-114,1780231504,2026-05-31T20:45:04,0.0055
3,90-114,1780231805,2026-05-31T20:50:05,0.005
3,90-114,1780232104,2026-05-31T20:55:04,0.005
3,90-114,1780232705,2026-05-31T21:05:05,0.006
3,90-114,1780233005,2026-05-31T21:10:05,0.006
3,90-114,1780233305,2026-05-31T21:15:05,0.006
3,90-114,1780233605,2026-05-31T21:20:05,0.0045
3,90-114,1780233906,2026-05-31T21:25:06,0.0045
3,90-114,1780234204,2026-05-31T21:30:04,0.0045
3,90-114,1780234503,2026-05-31T21:35:03,0.0045
3,90-114,1780234804,2026-05-31T21:40:04,0.0045
3,90-114,1780235106,2026-05-31T21:45:06,0.0045
3,90-114,1780235405,2026-05-31T21:50:05,0.0045
3,90-114,1780235704,2026-05-31T21:55:04,0.0065
3,90-114,1780236305,2026-05-31T22:05:05,0.006
3,90-114,1780236604,2026-05-31T22:10:04,0.006
3,90-114,1780236906,2026-05-31T22:15:06,0.006
3,90-114,1780237206,2026-05-31T22:20:06,0.006
3,90-114,1780237504,2026-05-31T22:25:04,0.0035
3,90-114,1780237804,2026-05-31T22:30:04,0.0035
3,90-114,1780238104,2026-05-31T22:35:04,0.0035
3,90-114,1780238404,2026-05-31T22:40:04,0.0035
3,90-114,1780238704,2026-05-31T22:45:04,0.0035
3,90-114,1780239004,2026-05-31T22:50:04,0.0035
3,90-114,1780239304,2026-05-31T22:55:04,0.0035
3,90-114,1780239904,2026-05-31T23:05:04,0.0035
3,90-114,1780240204,2026-05-31T23:10:04,0.0035
3,90-114,1780240505,2026-05-31T23:15:05,0.0035
3,90-114,1780240804,2026-05-31T23:20:04,0.0035
3,90-114,1780241105,2026-05-31T23:25:05,0.0035
3,90-114,1780241405,2026-05-31T23:30:05,0.0035
3,90-114,1780241705,2026-05-31T23:35:05,0.0035
3,90-114,1780242004,2026-05-31T23:40:04,0.0035
3,90-114,1780242305,2026-05-31T23:45:05,0.0035
3,90-114,1780242604,2026-05-31T23:50:04,0.0035
3,90-114,1780242904,2026-05-31T23:55:04,0.0035
3,90-114,1780243505,2026-06-01T00:05:05,0.0035
3,90-114,1780243805,2026-06-01T00:10:05,0.0025
3,90-114,1780244105,2026-06-01T00:15:05,0.0025
3,90-114,1780244405,2026-06-01T00:20:05,0.0025
3,90-114,1780244705,2026-06-01T00:25:05,0.0025
3,90-114,1780245023,2026-06-01T00:30:23,0.0025
3,90-114,1780245304,2026-06-01T00:35:04,0.0025
3,90-114,1780245605,2026-06-01T00:40:05,0.0025
3,90-114,1780245905,2026-06-01T00:45:05,0.0025
3,90-114,1780246221,2026-06-01T00:50:21,0.0025
3,90-114,1780246504,2026-06-01T00:55:04,0.0025
3,90-114,1780247103,2026-06-01T01:05:03,0.0025
3,90-114,1780247404,2026-06-01T01:10:04,0.0025
3,90-114,1780247722,2026-06-01T01:15:22,0.0025
3,90-114,1780248008,2026-06-01T01:20:08,0.0025
3,90-114,1780248304,2026-06-01T01:25:04,0.0025
3,90-114,1780248605,2026-06-01T01:30:05,0.0025
3,90-114,1780248904,2026-06-01T01:35:04,0.0025
3,90-114,1780249204,2026-06-01T01:40:04,0.0025
3,90-114,1780249504,2026-06-01T01:45:04,0.0025
3,90-114,1780249806,2026-06-01T01:50:06,0.0025
3,90-114,1780250105,2026-06-01T01:55:05,0.0025
3,90-114,1780250704,2026-06-01T02:05:04,0.0025
3,90-114,1780251005,2026-06-01T02:10:05,0.0025
3,90-114,1780251304,2026-06-01T02:15:04,0.0025
3,90-114,1780251604,2026-06-01T02:20:04,0.0025
3,90-114,1780251906,2026-06-01T02:25:06,0.0025
3,90-114,1780252205,2026-06-01T02:30:05,0.0025
3,90-114,1780252504,2026-06-01T02:35:04,0.0025
3,90-114,1780252804,2026-06-01T02:40:04,0.0025
3,90-114,1780253104,2026-06-01T02:45:04,0.0025
3,90-114,1780253407,2026-06-01T02:50:07,0.0025
3,90-114,1780253705,2026-06-01T02:55:05,0.0025
3,90-114,1780254307,2026-06-01T03:05:07,0.0025
3,90-114,1780254605,2026-06-01T03:10:05,0.0025
3,90-114,1780254904,2026-06-01T03:15:04,0.0025
3,90-114,1780255204,2026-06-01T03:20:04,0.0025
3,90-114,1780255505,2026-06-01T03:25:05,0.0025
3,90-114,1780255805,2026-06-01T03:30:05,0.0025
3,90-114,1780256104,2026-06-01T03:35:04,0.0025
3,90-114,1780256404,2026-06-01T03:40:04,0.0025
3,90-114,1780256704,2026-06-01T03:45:04,0.0025
3,90-114,1780257006,2026-06-01T03:50:06,0.0025
3,90-114,1780257305,2026-06-01T03:55:05,0.0025
3,90-114,1780257905,2026-06-01T04:05:05,0.0025
3,90-114,1780258205,2026-06-01T04:10:05,0.0025
3,90-114,1780258504,2026-06-01T04:15:04,0.0025
3,90-114,1780258805,2026-06-01T04:20:05,0.0025
3,90-114,1780259105,2026-06-01T04:25:05,0.0025
3,90-114,1780259405,2026-06-01T04:30:05,0.0025
3,90-114,1780259706,2026-06-01T04:35:06,0.0025
3,90-114,1780260006,2026-06-01T04:40:06,0.0025
3,90-114,1780260319,2026-06-01T04:45:19,0.0025
3,90-114,1780260605,2026-06-01T04:50:05,0.0025
3,90-114,1780260905,2026-06-01T04:55:05,0.0025
3,90-114,1780261506,2026-06-01T05:05:06,0.0025
3,90-114,1780261805,2026-06-01T05:10:05,0.0025
3,90-114,1780262104,2026-06-01T05:15:04,0.0025
3,90-114,1780262405,2026-06-01T05:20:05,0.0025
3,90-114,1780262704,2026-06-01T05:25:04,0.0015
3,90-114,1780263006,2026-06-01T05:30:06,0.0015
3,90-114,1780263304,2026-06-01T05:35:04,0.0015
3,90-114,1780263605,2026-06-01T05:40:05,0.0015
3,90-114,1780263907,2026-06-01T05:45:07,0.0015
3,90-114,1780264204,2026-06-01T05:50:04,0.0015
3,90-114,1780264506,2026-06-01T05:55:06,0.0015
3,90-114,1780265106,2026-06-01T06:05:06,0.0015
3,90-114,1780265405,2026-06-01T06:10:05,0.0015
3,90-114,1780265705,2026-06-01T06:15:05,0.0015
3,90-114,1780266034,2026-06-01T06:20:34,0.0015
3,90-114,1780266305,2026-06-01T06:25:05,0.0015
3,90-114,1780266606,2026-06-01T06:30:06,0.0015
3,90-114,1780266904,2026-06-01T06:35:04,0.0015
3,90-114,1780267204,2026-06-01T06:40:04,0.0015
3,90-114,1780267504,2026-06-01T06:45:04,0.0015
3,90-114,1780267804,2026-06-01T06:50:04,0.0015
3,90-114,1780268104,2026-06-01T06:55:04,0.0015
3,90-114,1780268706,2026-06-01T07:05:06,0.0015
3,90-114,1780269005,2026-06-01T07:10:05,0.0015
3,90-114,1780269305,2026-06-01T07:15:05,0.0015
3,90-114,1780269605,2026-06-01T07:20:05,0.0015
3,90-114,1780269905,2026-06-01T07:25:05,0.0015
3,90-114,1780270204,2026-06-01T07:30:04,0.0015
3,90-114,1780270504,2026-06-01T07:35:04,0.0015
3,90-114,1780270803,2026-06-01T07:40:03,0.0015
3,90-114,1780271106,2026-06-01T07:45:06,0.0015
3,90-114,1780271405,2026-06-01T07:50:05,0.0015
3,90-114,1780271704,2026-06-01T07:55:04,0.0015
3,90-114,1780272303,2026-06-01T08:05:03,0.0015
3,90-114,1780272605,2026-06-01T08:10:05,0.0015
3,90-114,1780272905,2026-06-01T08:15:05,0.0015
3,90-114,1780273204,2026-06-01T08:20:04,0.0015
3,90-114,1780273504,2026-06-01T08:25:04,0.0015
3,90-114,1780273804,2026-06-01T08:30:04,0.0015
3,90-114,1780274104,2026-06-01T08:35:04,0.0015
3,90-114,1780274406,2026-06-01T08:40:06,0.0015
3,90-114,1780274704,2026-06-01T08:45:04,0.0015
3,90-114,1780275003,2026-06-01T08:50:03,0.0015
3,90-114,1780275304,2026-06-01T08:55:04,0.0015
3,90-114,1780275903,2026-06-01T09:05:03,0.0015
3,90-114,1780276204,2026-06-01T09:10:04,0.0015
3,90-114,1780276504,2026-06-01T09:15:04,0.0005
3,90-114,1780276804,2026-06-01T09:20:04,0.0005
3,90-114,1780277104,2026-06-01T09:25:04,0.0005
3,90-114,1780277404,2026-06-01T09:30:04,0.0005
3,90-114,1780277705,2026-06-01T09:35:05,0.0005
3,90-114,1780278004,2026-06-01T09:40:04,0.0005
3,90-114,1780278304,2026-06-01T09:45:04,0.0005
3,90-114,1780278606,2026-06-01T09:50:06,0.0005
3,90-114,1780278921,2026-06-01T09:55:21,0.0005
3,90-114,1780279504,2026-06-01T10:05:04,0.0005
3,90-114,1780279815,2026-06-01T10:10:15,0.0005
3,90-114,1780280104,2026-06-01T10:15:04,0.0005
3,90-114,1780280405,2026-06-01T10:20:05,0.0005
3,90-114,1780280704,2026-06-01T10:25:04,0.0005
3,90-114,1780281005,2026-06-01T10:30:05,0.0005
3,90-114,1780281304,2026-06-01T10:35:04,0.0005
3,90-114,1780281606,2026-06-01T10:40:06,0.0005
3,90-114,1780281903,2026-06-01T10:45:03,0.0005
3,90-114,1780282204,2026-06-01T10:50:04,0.0005
3,90-114,1780282504,2026-06-01T10:55:04,0.0005
3,90-114,1780283118,2026-06-01T11:05:18,0.0005
3,90-114,1780283405,2026-06-01T11:10:05,0.0005
3,90-114,1780283704,2026-06-01T11:15:04,0.0005
3,90-114,1780284004,2026-06-01T11:20:04,0.0005
3,90-114,1780284307,2026-06-01T11:25:07,0.0005
3,90-114,1780284605,2026-06-01T11:30:05,0.0005
3,90-114,1780284904,2026-06-01T11:35:04,0.0005
3,90-114,1780285205,2026-06-01T11:40:05,0.0005
3,90-114,1780285505,2026-06-01T11:45:05,0.0005
3,90-114,1780285804,2026-06-01T11:50:04,0.0005
3,90-114,1780286104,2026-06-01T11:55:04,0.0005
3,90-114,1780286704,2026-06-01T12:05:04,0.0005
3,90-114,1780287003,2026-06-01T12:10:03,0.0005
3,90-114,1780287304,2026-06-01T12:15:04,0.0005
3,90-114,1780287605,2026-06-01T12:20:05,0.0005
3,90-114,1780287904,2026-06-01T12:25:04,0.0005
3,90-114,1780288205,2026-06-01T12:30:05,0.0005
3,90-114,1780288504,2026-06-01T12:35:04,0.0005
3,90-114,1780288804,2026-06-01T12:40:04,0.0005
3,90-114,1780289106,2026-06-01T12:45:06,0.0005
3,90-114,1780289405,2026-06-01T12:50:05,0.0005
3,90-114,1780289705,2026-06-01T12:55:05,0.0005
3,90-114,1780290304,2026-06-01T13:05:04,0.0005
3,90-114,1780290606,2026-06-01T13:10:06,0.0005
3,90-114,1780290904,2026-06-01T13:15:04,0.0005
3,90-114,1780291204,2026-06-01T13:20:04,0.0005
3,90-114,1780291504,2026-06-01T13:25:04,0.0005
3,90-114,1780291807,2026-06-01T13:30:07,0.0005
3,90-114,1780292103,2026-06-01T13:35:03,0.0005
3,90-114,1780292404,2026-06-01T13:40:04,0.0005
3,90-114,1780292705,2026-06-01T13:45:05,0.0005
3,90-114,1780293003,2026-06-01T13:50:03,0.0005
3,90-114,1780293316,2026-06-01T13:55:16,0.0005
3,90-114,1780293903,2026-06-01T14:05:03,0.0005
3,90-114,1780294205,2026-06-01T14:10:05,0.0005
3,90-114,1780294505,2026-06-01T14:15:05,0.0005
3,90-114,1780294805,2026-06-01T14:20:05,0.0005
3,90-114,1780295104,2026-06-01T14:25:04,0.0005
3,90-114,1780295417,2026-06-01T14:30:17,0.0005
3,90-114,1780295705,2026-06-01T14:35:05,0.0005
3,90-114,1780296004,2026-06-01T14:40:04,0.0005
3,90-114,1780296305,2026-06-01T14:45:05,0.0005
3,90-114,1780296604,2026-06-01T14:50:04,0.0005
3,90-114,1780296903,2026-06-01T14:55:03,0.0005
3,90-114,1780297504,2026-06-01T15:05:04,0.0005
3,90-114,1780297804,2026-06-01T15:10:04,0.0005
3,90-114,1780298104,2026-06-01T15:15:04,0.0005
3,90-114,1780298405,2026-06-01T15:20:05,0.0005
3,90-114,1780298703,2026-06-01T15:25:03,0.0005
3,90-114,1780299005,2026-06-01T15:30:05,0.0005
3,90-114,1780299306,2026-06-01T15:35:06,0.0005
3,90-114,1780299604,2026-06-01T15:40:04,0.0005
3,90-114,1780299905,2026-06-01T15:45:05,0.0005
3,90-114,1780300206,2026-06-01T15:50:06,0.0005
3,90-114,1780300505,2026-06-01T15:55:05,0.0005
3,90-114,1780301105,2026-06-01T16:05:05,0.0005
3,90-114,1780301404,2026-06-01T16:10:04,0.0005
3,90-114,1780301704,2026-06-01T16:15:04,0.0005
3,90-114,1780302019,2026-06-01T16:20:19,0.0005
3,90-114,1780302304,2026-06-01T16:25:04,0.0005
3,90-114,1780302604,2026-06-01T16:30:04,0.0005
3,90-114,1780302903,2026-06-01T16:35:03,0.0005
3,90-114,1780303204,2026-06-01T16:40:04,0.0005
3,90-114,1780303520,2026-06-01T16:45:20,0.0005
3,90-114,1780303804,2026-06-01T16:50:04,0.0005
3,90-114,1780304105,2026-06-01T16:55:05,0.0005
3,90-114,1780304705,2026-06-01T17:05:05,0.0005
3,90-114,1780305004,2026-06-01T17:10:04,0.0005
3,90-114,1780305307,2026-06-01T17:15:07,0.0005
3,90-114,1780305605,2026-06-01T17:20:05,0.0005
3,90-114,1780305904,2026-06-01T17:25:04,0.0005
3,90-114,1780306205,2026-06-01T17:30:05,0.0005
3,90-114,1780306504,2026-06-01T17:35:04,0.0005
3,90-114,1780306805,2026-06-01T17:40:05,0.0005
3,90-114,1780307104,2026-06-01T17:45:04,0.0005
3,90-114,1780307404,2026-06-01T17:50:04,0.0005
3,90-114,1780307704,2026-06-01T17:55:04,0.0005
3,90-114,1780308304,2026-06-01T18:05:04,0.0005
3,90-114,1780308606,2026-06-01T18:10:06,0.0005
3,90-114,1780308904,2026-06-01T18:15:04,0.0005
3,90-114,1780309204,2026-06-01T18:20:04,0.0005
3,90-114,1780309504,2026-06-01T18:25:04,0.0005
3,90-114,1780309805,2026-06-01T18:30:05,0.0005
3,90-114,1780310105,2026-06-01T18:35:05,0.0005
3,90-114,1780310405,2026-06-01T18:40:05,0.0005
3,90-114,1780310704,2026-06-01T18:45:04,0.0005
3,90-114,1780311005,2026-06-01T18:50:05,0.0005
3,90-114,1780311305,2026-06-01T18:55:05,0.0005
3,90-114,1780311904,2026-06-01T19:05:04,0.0005
3,90-114,1780312204,2026-06-01T19:10:04,0.0005
3,90-114,1780312505,2026-06-01T19:15:05,0.0005
3,90-114,1780312804,2026-06-01T19:20:04,0.0005
3,90-114,1780313105,2026-06-01T19:25:05,0.0005
3,90-114,1780313406,2026-06-01T19:30:06,0.0005
3,90-114,1780313703,2026-06-01T19:35:03,0.0005
3,90-114,1780314004,2026-06-01T19:40:04,0.0005
3,90-114,1780314304,2026-06-01T19:45:04,0.0005
3,90-114,1780314607,2026-06-01T19:50:07,0.0005
3,90-114,1780314903,2026-06-01T19:55:03,0.0005
3,90-114,1780315504,2026-06-01T20:05:04,0.0005
3,90-114,1780315805,2026-06-01T20:10:05,0.0005
3,90-114,1780316104,2026-06-01T20:15:04,0.0005
3,90-114,1780316407,2026-06-01T20:20:07,0.0005
3,90-114,1780316705,2026-06-01T20:25:05,0.0005
3,90-114,1780317005,2026-06-01T20:30:05,0.0005
3,90-114,1780317307,2026-06-01T20:35:07,0.0005
3,90-114,1780317605,2026-06-01T20:40:05,0.0005
3,90-114,1780317904,2026-06-01T20:45:04,0.0005
3,90-114,1780318205,2026-06-01T20:50:05,0.0005
3,90-114,1780318504,2026-06-01T20:55:04,0.0005
3,90-114,1780319105,2026-06-01T21:05:05,0.0005
3,90-114,1780319404,2026-06-01T21:10:04,0.0005
3,90-114,1780319704,2026-06-01T21:15:04,0.0005
3,90-114,1780320005,2026-06-01T21:20:05,0.0005
3,90-114,1780320319,2026-06-01T21:25:19,0.0005
3,90-114,1780320605,2026-06-01T21:30:05,0.0005
3,90-114,1780320905,2026-06-01T21:35:05,0.0005
3,90-114,1780321205,2026-06-01T21:40:05,0.0005
3,90-114,1780321505,2026-06-01T21:45:05,0.0005
3,90-114,1780321805,2026-06-01T21:50:05,0.0005
3,90-114,1780322105,2026-06-01T21:55:05,0.0005
3,90-114,1780322706,2026-06-01T22:05:06,0.0005
3,90-114,1780323006,2026-06-01T22:10:06,0.0005
3,90-114,1780323304,2026-06-01T22:15:04,0.0005
3,90-114,1780323607,2026-06-01T22:20:07,0.0005
3,90-114,1780323906,2026-06-01T22:25:06,0.0005
3,90-114,1780324206,2026-06-01T22:30:06,0.0005
3,90-114,1780324508,2026-06-01T22:35:08,0.0005
3,90-114,1780324806,2026-06-01T22:40:06,0.0005
3,90-114,1780325106,2026-06-01T22:45:06,0.0005
3,90-114,1780325405,2026-06-01T22:50:05,0.0005
3,90-114,1780325704,2026-06-01T22:55:04,0.0005
3,90-114,1780326305,2026-06-01T23:05:05,0.0005
3,90-114,1780326606,2026-06-01T23:10:06,0.0005
3,90-114,1780326904,2026-06-01T23:15:04,0.0005
3,90-114,1780327205,2026-06-01T23:20:05,0.0005
3,90-114,1780327506,2026-06-01T23:25:06,0.0005
3,90-114,1780327807,2026-06-01T23:30:07,0.0005
3,90-114,1780328118,2026-06-01T23:35:18,0.0005
3,90-114,1780328404,2026-06-01T23:40:04,0.0005
3,90-114,1780328703,2026-06-01T23:45:03,0.0005
3,90-114,1780329006,2026-06-01T23:50:06,0.0005
3,90-114,1780329306,2026-06-01T23:55:06,0.0005
3,90-114,1780329905,2026-06-02T00:05:05,0.0005
3,90-114,1780330206,2026-06-02T00:10:06,0.0005
3,90-114,1780330504,2026-06-02T00:15:04,0.0005
3,90-114,1780330805,2026-06-02T00:20:05,0.0005
3,90-114,1780331105,2026-06-02T00:25:05,0.0005
3,90-114,1780331407,2026-06-02T00:30:07,0.0005
3,90-114,1780331705,2026-06-02T00:35:05,0.0005
3,90-114,1780332005,2026-06-02T00:40:05,0.0005
3,90-114,1780332307,2026-06-02T00:45:07,0.0005
3,90-114,1780332605,2026-06-02T00:50:05,0.0005
3,90-114,1780332907,2026-06-02T00:55:07,0.0005
3,90-114,1780333504,2026-06-02T01:05:04,0.0005
3,90-114,1780333804,2026-06-02T01:10:04,0.0005
3,90-114,1780334105,2026-06-02T01:15:05,0.0005
3,90-114,1780334407,2026-06-02T01:20:07,0.0005
3,90-114,1780334705,2026-06-02T01:25:05,0.0005
3,90-114,1780335007,2026-06-02T01:30:07,0.0005
3,90-114,1780335305,2026-06-02T01:35:05,0.0005
3,90-114,1780335603,2026-06-02T01:40:03,0.0005
3,90-114,1780335907,2026-06-02T01:45:07,0.0005
3,90-114,1780336204,2026-06-02T01:50:04,0.0005
3,90-114,1780336505,2026-06-02T01:55:05,0.0005
3,90-114,1780337104,2026-06-02T02:05:04,0.0005
3,90-114,1780337405,2026-06-02T02:10:05,0.0005
3,90-114,1780337705,2026-06-02T02:15:05,0.0005
3,90-114,1780338005,2026-06-02T02:20:05,0.0005
3,90-114,1780338319,2026-06-02T02:25:19,0.0005
3,90-114,1780338607,2026-06-02T02:30:07,0.0005
3,90-114,1780338906,2026-06-02T02:35:06,0.0005
3,90-114,1780339204,2026-06-02T02:40:04,0.0005
3,90-114,1780339504,2026-06-02T02:45:04,0.0005
3,90-114,1780339804,2026-06-02T02:50:04,0.0005
3,90-114,1780340104,2026-06-02T02:55:04,0.0005
3,90-114,1780340705,2026-06-02T03:05:05,0.0005
3,90-114,1780341005,2026-06-02T03:10:05,0.0005
3,90-114,1780341304,2026-06-02T03:15:04,0.0005
3,90-114,1780341621,2026-06-02T03:20:21,0.0005
3,90-114,1780341904,2026-06-02T03:25:04,0.0005
3,90-114,1780342205,2026-06-02T03:30:05,0.0005
3,90-114,1780342505,2026-06-02T03:35:05,0.0005
3,90-114,1780342805,2026-06-02T03:40:05,0.0005
4,115-139,1779992705,2026-05-29T02:25:05,0.03
4,115-139,1779993007,2026-05-29T02:30:07,0.03
4,115-139,1779993305,2026-05-29T02:35:05,0.03
4,115-139,1779993605,2026-05-29T02:40:05,0.036
4,115-139,1779993904,2026-05-29T02:45:04,0.038
4,115-139,1779994206,2026-05-29T02:50:06,0.038
4,115-139,1779994504,2026-05-29T02:55:04,0.038
4,115-139,1779995105,2026-05-29T03:05:05,0.0375
4,115-139,1779995406,2026-05-29T03:10:06,0.0375
4,115-139,1779995706,2026-05-29T03:15:06,0.0375
4,115-139,1779996006,2026-05-29T03:20:06,0.0375
4,115-139,1779996305,2026-05-29T03:25:05,0.0375
4,115-139,1779996615,2026-05-29T03:30:15,0.0375
4,115-139,1779996904,2026-05-29T03:35:04,0.0375
4,115-139,1779997205,2026-05-29T03:40:05,0.0375
4,115-139,1779997504,2026-05-29T03:45:04,0.0375
4,115-139,1779997806,2026-05-29T03:50:06,0.0375
4,115-139,1779998106,2026-05-29T03:55:06,0.0375
4,115-139,1779998704,2026-05-29T04:05:04,0.0375
4,115-139,1779999006,2026-05-29T04:10:06,0.0375
4,115-139,1779999305,2026-05-29T04:15:05,0.0375
4,115-139,1779999608,2026-05-29T04:20:08,0.0375
4,115-139,1779999907,2026-05-29T04:25:07,0.0375
4,115-139,1780000211,2026-05-29T04:30:11,0.0375
4,115-139,1780000505,2026-05-29T04:35:05,0.0375
4,115-139,1780000807,2026-05-29T04:40:07,0.0375
4,115-139,1780001104,2026-05-29T04:45:04,0.0375
4,115-139,1780001404,2026-05-29T04:50:04,0.0375
4,115-139,1780001705,2026-05-29T04:55:05,0.0375
4,115-139,1780002304,2026-05-29T05:05:04,0.038
4,115-139,1780002604,2026-05-29T05:10:04,0.038
4,115-139,1780002904,2026-05-29T05:15:04,0.038
4,115-139,1780003204,2026-05-29T05:20:04,0.038
4,115-139,1780003504,2026-05-29T05:25:04,0.038
4,115-139,1780003809,2026-05-29T05:30:09,0.038
4,115-139,1780004104,2026-05-29T05:35:04,0.038
4,115-139,1780004404,2026-05-29T05:40:04,0.038
4,115-139,1780004704,2026-05-29T05:45:04,0.038
4,115-139,1780005005,2026-05-29T05:50:05,0.038
4,115-139,1780005306,2026-05-29T05:55:06,0.038
4,115-139,1780005905,2026-05-29T06:05:05,0.038
4,115-139,1780006206,2026-05-29T06:10:06,0.038
4,115-139,1780006506,2026-05-29T06:15:06,0.038
4,115-139,1780006805,2026-05-29T06:20:05,0.038
4,115-139,1780007107,2026-05-29T06:25:07,0.038
4,115-139,1780007409,2026-05-29T06:30:09,0.038
4,115-139,1780007710,2026-05-29T06:35:10,0.038
4,115-139,1780008005,2026-05-29T06:40:05,0.038
4,115-139,1780008304,2026-05-29T06:45:04,0.038
4,115-139,1780008604,2026-05-29T06:50:04,0.038
4,115-139,1780008904,2026-05-29T06:55:04,0.029
4,115-139,1780009517,2026-05-29T07:05:17,0.03
4,115-139,1780009806,2026-05-29T07:10:06,0.0305
4,115-139,1780010104,2026-05-29T07:15:04,0.032
4,115-139,1780010418,2026-05-29T07:20:18,0.032
4,115-139,1780010706,2026-05-29T07:25:06,0.0325
4,115-139,1780011006,2026-05-29T07:30:06,0.0335
4,115-139,1780011304,2026-05-29T07:35:04,0.0335
4,115-139,1780011605,2026-05-29T07:40:05,0.034
4,115-139,1780011905,2026-05-29T07:45:05,0.0345
4,115-139,1780012208,2026-05-29T07:50:08,0.035
4,115-139,1780012504,2026-05-29T07:55:04,0.0355
4,115-139,1780013103,2026-05-29T08:05:03,0.035
4,115-139,1780013406,2026-05-29T08:10:06,0.035
4,115-139,1780013704,2026-05-29T08:15:04,0.035
4,115-139,1780014004,2026-05-29T08:20:04,0.0355
4,115-139,1780014304,2026-05-29T08:25:04,0.0355
4,115-139,1780014611,2026-05-29T08:30:11,0.0355
4,115-139,1780014904,2026-05-29T08:35:04,0.0355
4,115-139,1780015204,2026-05-29T08:40:04,0.0355
4,115-139,1780015506,2026-05-29T08:45:06,0.035
4,115-139,1780015805,2026-05-29T08:50:05,0.0355
4,115-139,1780016104,2026-05-29T08:55:04,0.0355
4,115-139,1780016703,2026-05-29T09:05:03,0.036
4,115-139,1780017005,2026-05-29T09:10:05,0.036
4,115-139,1780017305,2026-05-29T09:15:05,0.036
4,115-139,1780017605,2026-05-29T09:20:05,0.036
4,115-139,1780017903,2026-05-29T09:25:03,0.036
4,115-139,1780018205,2026-05-29T09:30:05,0.036
4,115-139,1780018503,2026-05-29T09:35:03,0.036
4,115-139,1780018804,2026-05-29T09:40:04,0.036
4,115-139,1780019104,2026-05-29T09:45:04,0.036
4,115-139,1780019404,2026-05-29T09:50:04,0.036
4,115-139,1780019704,2026-05-29T09:55:04,0.036
4,115-139,1780020304,2026-05-29T10:05:04,0.036
4,115-139,1780020604,2026-05-29T10:10:04,0.036
4,115-139,1780020904,2026-05-29T10:15:04,0.036
4,115-139,1780021204,2026-05-29T10:20:04,0.036
4,115-139,1780021504,2026-05-29T10:25:04,0.036
4,115-139,1780021805,2026-05-29T10:30:05,0.036
4,115-139,1780022105,2026-05-29T10:35:05,0.036
4,115-139,1780022403,2026-05-29T10:40:03,0.036
4,115-139,1780022704,2026-05-29T10:45:04,0.036
4,115-139,1780023003,2026-05-29T10:50:03,0.036
4,115-139,1780023304,2026-05-29T10:55:04,0.036
4,115-139,1780023904,2026-05-29T11:05:04,0.036
4,115-139,1780024203,2026-05-29T11:10:03,0.036
4,115-139,1780024505,2026-05-29T11:15:05,0.036
4,115-139,1780024804,2026-05-29T11:20:04,0.036
4,115-139,1780025104,2026-05-29T11:25:04,0.036
4,115-139,1780025405,2026-05-29T11:30:05,0.036
4,115-139,1780025704,2026-05-29T11:35:04,0.036
4,115-139,1780026004,2026-05-29T11:40:04,0.036
4,115-139,1780026305,2026-05-29T11:45:05,0.036
4,115-139,1780026607,2026-05-29T11:50:07,0.036
4,115-139,1780026916,2026-05-29T11:55:16,0.036
4,115-139,1780027505,2026-05-29T12:05:05,0.035
4,115-139,1780027804,2026-05-29T12:10:04,0.0345
4,115-139,1780028104,2026-05-29T12:15:04,0.0335
4,115-139,1780028405,2026-05-29T12:20:05,0.0335
4,115-139,1780028705,2026-05-29T12:25:05,0.034
4,115-139,1780029005,2026-05-29T12:30:05,0.033
4,115-139,1780029305,2026-05-29T12:35:05,0.0315
4,115-139,1780029605,2026-05-29T12:40:05,0.029
4,115-139,1780029905,2026-05-29T12:45:05,0.0285
4,115-139,1780030206,2026-05-29T12:50:06,0.0285
4,115-139,1780030505,2026-05-29T12:55:05,0.0285
4,115-139,1780031105,2026-05-29T13:05:05,0.0285
4,115-139,1780031407,2026-05-29T13:10:07,0.0285
4,115-139,1780031705,2026-05-29T13:15:05,0.0285
4,115-139,1780032004,2026-05-29T13:20:04,0.0285
4,115-139,1780032305,2026-05-29T13:25:05,0.0275
4,115-139,1780032607,2026-05-29T13:30:07,0.0275
4,115-139,1780032915,2026-05-29T13:35:15,0.0275
4,115-139,1780033204,2026-05-29T13:40:04,0.0275
4,115-139,1780033505,2026-05-29T13:45:05,0.0275
4,115-139,1780033803,2026-05-29T13:50:03,0.0275
4,115-139,1780034104,2026-05-29T13:55:04,0.0275
4,115-139,1780034705,2026-05-29T14:05:05,0.0275
4,115-139,1780035017,2026-05-29T14:10:17,0.0275
4,115-139,1780035304,2026-05-29T14:15:04,0.0275
4,115-139,1780035604,2026-05-29T14:20:04,0.0275
4,115-139,1780035905,2026-05-29T14:25:05,0.0275
4,115-139,1780036206,2026-05-29T14:30:06,0.0275
4,115-139,1780036504,2026-05-29T14:35:04,0.0275
4,115-139,1780036804,2026-05-29T14:40:04,0.0275
4,115-139,1780037104,2026-05-29T14:45:04,0.0275
4,115-139,1780037405,2026-05-29T14:50:05,0.0275
4,115-139,1780037704,2026-05-29T14:55:04,0.0275
4,115-139,1780038305,2026-05-29T15:05:05,0.0275
4,115-139,1780038604,2026-05-29T15:10:04,0.0275
4,115-139,1780038914,2026-05-29T15:15:14,0.0275
4,115-139,1780039204,2026-05-29T15:20:04,0.0275
4,115-139,1780039504,2026-05-29T15:25:04,0.0275
4,115-139,1780039805,2026-05-29T15:30:05,0.0275
4,115-139,1780040105,2026-05-29T15:35:05,0.0275
4,115-139,1780040406,2026-05-29T15:40:06,0.0275
4,115-139,1780040705,2026-05-29T15:45:05,0.0275
4,115-139,1780041005,2026-05-29T15:50:05,0.0275
4,115-139,1780041304,2026-05-29T15:55:04,0.0275
4,115-139,1780041904,2026-05-29T16:05:04,0.0275
4,115-139,1780042204,2026-05-29T16:10:04,0.0275
4,115-139,1780042504,2026-05-29T16:15:04,0.0275
4,115-139,1780042804,2026-05-29T16:20:04,0.0275
4,115-139,1780043103,2026-05-29T16:25:03,0.0275
4,115-139,1780043405,2026-05-29T16:30:05,0.0275
4,115-139,1780043704,2026-05-29T16:35:04,0.0275
4,115-139,1780044005,2026-05-29T16:40:05,0.0275
4,115-139,1780044304,2026-05-29T16:45:04,0.0275
4,115-139,1780044604,2026-05-29T16:50:04,0.0275
4,115-139,1780044904,2026-05-29T16:55:04,0.0275
4,115-139,1780045506,2026-05-29T17:05:06,0.0275
4,115-139,1780045804,2026-05-29T17:10:04,0.0275
4,115-139,1780046104,2026-05-29T17:15:04,0.0275
4,115-139,1780046404,2026-05-29T17:20:04,0.0275
4,115-139,1780046706,2026-05-29T17:25:06,0.0275
4,115-139,1780047020,2026-05-29T17:30:20,0.0275
4,115-139,1780047305,2026-05-29T17:35:05,0.0275
4,115-139,1780047604,2026-05-29T17:40:04,0.0275
4,115-139,1780047904,2026-05-29T17:45:04,0.0275
4,115-139,1780048205,2026-05-29T17:50:05,0.0275
4,115-139,1780048506,2026-05-29T17:55:06,0.0275
4,115-139,1780049104,2026-05-29T18:05:04,0.0275
4,115-139,1780049404,2026-05-29T18:10:04,0.0275
4,115-139,1780049704,2026-05-29T18:15:04,0.0275
4,115-139,1780050005,2026-05-29T18:20:05,0.0275
4,115-139,1780050304,2026-05-29T18:25:04,0.0275
4,115-139,1780050604,2026-05-29T18:30:04,0.0275
4,115-139,1780050904,2026-05-29T18:35:04,0.0275
4,115-139,1780051204,2026-05-29T18:40:04,0.0275
4,115-139,1780051504,2026-05-29T18:45:04,0.0275
4,115-139,1780051804,2026-05-29T18:50:04,0.0275
4,115-139,1780052105,2026-05-29T18:55:05,0.0275
4,115-139,1780052704,2026-05-29T19:05:04,0.0275
4,115-139,1780053004,2026-05-29T19:10:04,0.0275
4,115-139,1780053304,2026-05-29T19:15:04,0.0275
4,115-139,1780053604,2026-05-29T19:20:04,0.0275
4,115-139,1780053904,2026-05-29T19:25:04,0.0275
4,115-139,1780054204,2026-05-29T19:30:04,0.0275
4,115-139,1780054505,2026-05-29T19:35:05,0.0275
4,115-139,1780054805,2026-05-29T19:40:05,0.0275
4,115-139,1780055105,2026-05-29T19:45:05,0.0275
4,115-139,1780055404,2026-05-29T19:50:04,0.0275
4,115-139,1780055704,2026-05-29T19:55:04,0.0275
4,115-139,1780056319,2026-05-29T20:05:19,0.0275
4,115-139,1780056326,2026-05-29T20:05:26,0.0275
4,115-139,1780056604,2026-05-29T20:10:04,0.0275
4,115-139,1780058105,2026-05-29T20:35:05,0.0275
4,115-139,1780058404,2026-05-29T20:40:04,0.0275
4,115-139,1780058703,2026-05-29T20:45:03,0.0275
4,115-139,1780059003,2026-05-29T20:50:03,0.0275
4,115-139,1780059304,2026-05-29T20:55:04,0.0275
4,115-139,1780059905,2026-05-29T21:05:05,0.0275
4,115-139,1780060203,2026-05-29T21:10:03,0.0275
4,115-139,1780061406,2026-05-29T21:30:06,0.0275
4,115-139,1780061704,2026-05-29T21:35:04,0.0275
4,115-139,1780062004,2026-05-29T21:40:04,0.0275
4,115-139,1780062307,2026-05-29T21:45:07,0.0275
4,115-139,1780062605,2026-05-29T21:50:05,0.0275
4,115-139,1780062904,2026-05-29T21:55:04,0.0275
4,115-139,1780063504,2026-05-29T22:05:04,0.0275
4,115-139,1780063806,2026-05-29T22:10:06,0.0275
4,115-139,1780064104,2026-05-29T22:15:04,0.0275
4,115-139,1780064404,2026-05-29T22:20:04,0.0275
4,115-139,1780064704,2026-05-29T22:25:04,0.0275
4,115-139,1780065006,2026-05-29T22:30:06,0.0275
4,115-139,1780065304,2026-05-29T22:35:04,0.0275
4,115-139,1780065605,2026-05-29T22:40:05,0.0275
4,115-139,1780065905,2026-05-29T22:45:05,0.0235
4,115-139,1780066205,2026-05-29T22:50:05,0.023
4,115-139,1780066505,2026-05-29T22:55:05,0.023
4,115-139,1780067105,2026-05-29T23:05:05,0.023
4,115-139,1780067405,2026-05-29T23:10:05,0.023
4,115-139,1780067704,2026-05-29T23:15:04,0.023
4,115-139,1780068006,2026-05-29T23:20:06,0.023
4,115-139,1780068304,2026-05-29T23:25:04,0.0225
4,115-139,1780068606,2026-05-29T23:30:06,0.0225
4,115-139,1780068906,2026-05-29T23:35:06,0.0225
4,115-139,1780069205,2026-05-29T23:40:05,0.0225
4,115-139,1780069508,2026-05-29T23:45:08,0.0225
4,115-139,1780069804,2026-05-29T23:50:04,0.0225
4,115-139,1780070104,2026-05-29T23:55:04,0.0225
4,115-139,1780070705,2026-05-30T00:05:05,0.0225
4,115-139,1780071005,2026-05-30T00:10:05,0.0225
4,115-139,1780071306,2026-05-30T00:15:06,0.0225
4,115-139,1780071606,2026-05-30T00:20:06,0.0225
4,115-139,1780071905,2026-05-30T00:25:05,0.0225
4,115-139,1780072206,2026-05-30T00:30:06,0.0205
4,115-139,1780072504,2026-05-30T00:35:04,0.02
4,115-139,1780072806,2026-05-30T00:40:06,0.02
4,115-139,1780073104,2026-05-30T00:45:04,0.02
4,115-139,1780073404,2026-05-30T00:50:04,0.02
4,115-139,1780073705,2026-05-30T00:55:05,0.0195
4,115-139,1780074306,2026-05-30T01:05:06,0.0195
4,115-139,1780074604,2026-05-30T01:10:04,0.021
4,115-139,1780074905,2026-05-30T01:15:05,0.021
4,115-139,1780075207,2026-05-30T01:20:07,0.021
4,115-139,1780075504,2026-05-30T01:25:04,0.021
4,115-139,1780075804,2026-05-30T01:30:04,0.021
4,115-139,1780076104,2026-05-30T01:35:04,0.021
4,115-139,1780076404,2026-05-30T01:40:04,0.021
4,115-139,1780076704,2026-05-30T01:45:04,0.021
4,115-139,1780077017,2026-05-30T01:50:17,0.021
4,115-139,1780077303,2026-05-30T01:55:03,0.021
4,115-139,1780077905,2026-05-30T02:05:05,0.021
4,115-139,1780078205,2026-05-30T02:10:05,0.0205
4,115-139,1780078505,2026-05-30T02:15:05,0.0205
4,115-139,1780078804,2026-05-30T02:20:04,0.0205
4,115-139,1780079104,2026-05-30T02:25:04,0.0205
4,115-139,1780079408,2026-05-30T02:30:08,0.0205
4,115-139,1780079719,2026-05-30T02:35:19,0.0205
4,115-139,1780080017,2026-05-30T02:40:17,0.0205
4,115-139,1780080305,2026-05-30T02:45:05,0.0205
4,115-139,1780080605,2026-05-30T02:50:05,0.0205
4,115-139,1780080904,2026-05-30T02:55:04,0.0205
4,115-139,1780081504,2026-05-30T03:05:04,0.0205
4,115-139,1780081815,2026-05-30T03:10:15,0.02
4,115-139,1780082105,2026-05-30T03:15:05,0.02
4,115-139,1780082405,2026-05-30T03:20:05,0.02
4,115-139,1780082705,2026-05-30T03:25:05,0.02
4,115-139,1780083005,2026-05-30T03:30:05,0.02
4,115-139,1780083303,2026-05-30T03:35:03,0.02
4,115-139,1780083604,2026-05-30T03:40:04,0.02
4,115-139,1780083904,2026-05-30T03:45:04,0.02
4,115-139,1780084205,2026-05-30T03:50:05,0.02
4,115-139,1780084505,2026-05-30T03:55:05,0.02
4,115-139,1780085104,2026-05-30T04:05:04,0.02
4,115-139,1780085404,2026-05-30T04:10:04,0.02
4,115-139,1780085705,2026-05-30T04:15:05,0.02
4,115-139,1780086005,2026-05-30T04:20:05,0.02
4,115-139,1780086304,2026-05-30T04:25:04,0.02
4,115-139,1780086605,2026-05-30T04:30:05,0.02
4,115-139,1780086904,2026-05-30T04:35:04,0.02
4,115-139,1780087206,2026-05-30T04:40:06,0.02
4,115-139,1780087504,2026-05-30T04:45:04,0.02
4,115-139,1780087805,2026-05-30T04:50:05,0.0195
4,115-139,1780088107,2026-05-30T04:55:07,0.019
4,115-139,1780088704,2026-05-30T05:05:04,0.0185
4,115-139,1780089006,2026-05-30T05:10:06,0.0185
4,115-139,1780089304,2026-05-30T05:15:04,0.0185
4,115-139,1780089605,2026-05-30T05:20:05,0.0185
4,115-139,1780089905,2026-05-30T05:25:05,0.0185
4,115-139,1780090205,2026-05-30T05:30:05,0.0185
4,115-139,1780090504,2026-05-30T05:35:04,0.0185
4,115-139,1780090819,2026-05-30T05:40:19,0.0185
4,115-139,1780091105,2026-05-30T05:45:05,0.0185
4,115-139,1780091405,2026-05-30T05:50:05,0.0185
4,115-139,1780091704,2026-05-30T05:55:04,0.0185
4,115-139,1780092304,2026-05-30T06:05:04,0.0185
4,115-139,1780092605,2026-05-30T06:10:05,0.0185
4,115-139,1780092905,2026-05-30T06:15:05,0.0185
4,115-139,1780093205,2026-05-30T06:20:05,0.0185
4,115-139,1780093505,2026-05-30T06:25:05,0.0185
4,115-139,1780093806,2026-05-30T06:30:06,0.0185
4,115-139,1780094105,2026-05-30T06:35:05,0.0185
4,115-139,1780094404,2026-05-30T06:40:04,0.0185
4,115-139,1780094705,2026-05-30T06:45:05,0.0185
4,115-139,1780095004,2026-05-30T06:50:04,0.0185
4,115-139,1780095307,2026-05-30T06:55:07,0.0185
4,115-139,1780095905,2026-05-30T07:05:05,0.0185
4,115-139,1780096204,2026-05-30T07:10:04,0.0185
4,115-139,1780096505,2026-05-30T07:15:05,0.0185
4,115-139,1780096804,2026-05-30T07:20:04,0.0185
4,115-139,1780097105,2026-05-30T07:25:05,0.0185
4,115-139,1780097406,2026-05-30T07:30:06,0.0195
4,115-139,1780097705,2026-05-30T07:35:05,0.019
4,115-139,1780098004,2026-05-30T07:40:04,0.019
4,115-139,1780098304,2026-05-30T07:45:04,0.0185
4,115-139,1780098604,2026-05-30T07:50:04,0.0185
4,115-139,1780098905,2026-05-30T07:55:05,0.0185
4,115-139,1780099504,2026-05-30T08:05:04,0.0185
4,115-139,1780099804,2026-05-30T08:10:04,0.0185
4,115-139,1780100105,2026-05-30T08:15:05,0.0185
4,115-139,1780100403,2026-05-30T08:20:03,0.0185
4,115-139,1780100705,2026-05-30T08:25:05,0.0185
4,115-139,1780101008,2026-05-30T08:30:08,0.0185
4,115-139,1780101303,2026-05-30T08:35:03,0.0185
4,115-139,1780101605,2026-05-30T08:40:05,0.0185
4,115-139,1780101906,2026-05-30T08:45:06,0.0185
4,115-139,1780102205,2026-05-30T08:50:05,0.0185
4,115-139,1780102506,2026-05-30T08:55:06,0.0185
4,115-139,1780103104,2026-05-30T09:05:04,0.0185
4,115-139,1780103404,2026-05-30T09:10:04,0.0185
4,115-139,1780103712,2026-05-30T09:15:12,0.0185
4,115-139,1780104005,2026-05-30T09:20:05,0.0185
4,115-139,1780104305,2026-05-30T09:25:05,0.0185
4,115-139,1780104608,2026-05-30T09:30:08,0.0185
4,115-139,1780104904,2026-05-30T09:35:04,0.0185
4,115-139,1780105204,2026-05-30T09:40:04,0.0185
4,115-139,1780105505,2026-05-30T09:45:05,0.0185
4,115-139,1780105804,2026-05-30T09:50:04,0.0185
4,115-139,1780106116,2026-05-30T09:55:16,0.0185
4,115-139,1780106704,2026-05-30T10:05:04,0.0185
4,115-139,1780107004,2026-05-30T10:10:04,0.0185
4,115-139,1780107304,2026-05-30T10:15:04,0.0185
4,115-139,1780107604,2026-05-30T10:20:04,0.0185
4,115-139,1780107904,2026-05-30T10:25:04,0.0185
4,115-139,1780108208,2026-05-30T10:30:08,0.0185
4,115-139,1780108504,2026-05-30T10:35:04,0.0185
4,115-139,1780108806,2026-05-30T10:40:06,0.0185
4,115-139,1780109105,2026-05-30T10:45:05,0.0185
4,115-139,1780109404,2026-05-30T10:50:04,0.0185
4,115-139,1780109705,2026-05-30T10:55:05,0.0185
4,115-139,1780110304,2026-05-30T11:05:04,0.0185
4,115-139,1780110606,2026-05-30T11:10:06,0.0185
4,115-139,1780110916,2026-05-30T11:15:16,0.0185
4,115-139,1780111205,2026-05-30T11:20:05,0.0185
4,115-139,1780111520,2026-05-30T11:25:20,0.0185
4,115-139,1780111805,2026-05-30T11:30:05,0.0185
4,115-139,1780112103,2026-05-30T11:35:03,0.0185
4,115-139,1780112404,2026-05-30T11:40:04,0.0185
4,115-139,1780112704,2026-05-30T11:45:04,0.0185
4,115-139,1780113007,2026-05-30T11:50:07,0.0185
4,115-139,1780113304,2026-05-30T11:55:04,0.0185
4,115-139,1780113905,2026-05-30T12:05:05,0.0185
4,115-139,1780114205,2026-05-30T12:10:05,0.0185
4,115-139,1780114506,2026-05-30T12:15:06,0.0185
4,115-139,1780114805,2026-05-30T12:20:05,0.0185
4,115-139,1780115104,2026-05-30T12:25:04,0.019
4,115-139,1780115405,2026-05-30T12:30:05,0.0205
4,115-139,1780115704,2026-05-30T12:35:04,0.0215
4,115-139,1780116004,2026-05-30T12:40:04,0.0215
4,115-139,1780116305,2026-05-30T12:45:05,0.0215
4,115-139,1780116605,2026-05-30T12:50:05,0.0215
4,115-139,1780116905,2026-05-30T12:55:05,0.0205
4,115-139,1780117504,2026-05-30T13:05:04,0.02
4,115-139,1780117805,2026-05-30T13:10:05,0.0195
4,115-139,1780118105,2026-05-30T13:15:05,0.0195
4,115-139,1780118404,2026-05-30T13:20:04,0.0195
4,115-139,1780118705,2026-05-30T13:25:05,0.0195
4,115-139,1780119006,2026-05-30T13:30:06,0.0195
4,115-139,1780119304,2026-05-30T13:35:04,0.0195
4,115-139,1780119603,2026-05-30T13:40:03,0.0195
4,115-139,1780119905,2026-05-30T13:45:05,0.0195
4,115-139,1780120205,2026-05-30T13:50:05,0.0195
4,115-139,1780120506,2026-05-30T13:55:06,0.0195
4,115-139,1780121104,2026-05-30T14:05:04,0.0195
4,115-139,1780121404,2026-05-30T14:10:04,0.0195
4,115-139,1780121704,2026-05-30T14:15:04,0.0195
4,115-139,1780122003,2026-05-30T14:20:03,0.0195
4,115-139,1780122304,2026-05-30T14:25:04,0.0195
4,115-139,1780122604,2026-05-30T14:30:04,0.019
4,115-139,1780122907,2026-05-30T14:35:07,0.019
4,115-139,1780123204,2026-05-30T14:40:04,0.019
4,115-139,1780123517,2026-05-30T14:45:17,0.019
4,115-139,1780123804,2026-05-30T14:50:04,0.019
4,115-139,1780124104,2026-05-30T14:55:04,0.019
4,115-139,1780124704,2026-05-30T15:05:04,0.019
4,115-139,1780125004,2026-05-30T15:10:04,0.019
4,115-139,1780125305,2026-05-30T15:15:05,0.019
4,115-139,1780125620,2026-05-30T15:20:20,0.019
4,115-139,1780125904,2026-05-30T15:25:04,0.019
4,115-139,1780126205,2026-05-30T15:30:05,0.019
4,115-139,1780126505,2026-05-30T15:35:05,0.019
4,115-139,1780126804,2026-05-30T15:40:04,0.019
4,115-139,1780127104,2026-05-30T15:45:04,0.019
4,115-139,1780127404,2026-05-30T15:50:04,0.019
4,115-139,1780127704,2026-05-30T15:55:04,0.0185
4,115-139,1780128304,2026-05-30T16:05:04,0.0185
4,115-139,1780128604,2026-05-30T16:10:04,0.0185
4,115-139,1780128904,2026-05-30T16:15:04,0.0185
4,115-139,1780129204,2026-05-30T16:20:04,0.0185
4,115-139,1780129504,2026-05-30T16:25:04,0.0185
4,115-139,1780129805,2026-05-30T16:30:05,0.0185
4,115-139,1780130104,2026-05-30T16:35:04,0.0185
4,115-139,1780130405,2026-05-30T16:40:05,0.0185
4,115-139,1780130704,2026-05-30T16:45:04,0.0185
4,115-139,1780131007,2026-05-30T16:50:07,0.0185
4,115-139,1780131305,2026-05-30T16:55:05,0.0185
4,115-139,1780131905,2026-05-30T17:05:05,0.0185
4,115-139,1780132204,2026-05-30T17:10:04,0.0185
4,115-139,1780132504,2026-05-30T17:15:04,0.0185
4,115-139,1780132805,2026-05-30T17:20:05,0.0185
4,115-139,1780133105,2026-05-30T17:25:05,0.0185
4,115-139,1780133406,2026-05-30T17:30:06,0.0185
4,115-139,1780133704,2026-05-30T17:35:04,0.0185
4,115-139,1780134005,2026-05-30T17:40:05,0.0185
4,115-139,1780134304,2026-05-30T17:45:04,0.0185
4,115-139,1780134604,2026-05-30T17:50:04,0.0185
4,115-139,1780134904,2026-05-30T17:55:04,0.0185
4,115-139,1780135504,2026-05-30T18:05:04,0.0185
4,115-139,1780135819,2026-05-30T18:10:19,0.0185
4,115-139,1780136105,2026-05-30T18:15:05,0.0185
4,115-139,1780136405,2026-05-30T18:20:05,0.0185
4,115-139,1780136705,2026-05-30T18:25:05,0.0185
4,115-139,1780137005,2026-05-30T18:30:05,0.0185
4,115-139,1780137304,2026-05-30T18:35:04,0.0185
4,115-139,1780137604,2026-05-30T18:40:04,0.0185
4,115-139,1780137904,2026-05-30T18:45:04,0.0185
4,115-139,1780138204,2026-05-30T18:50:04,0.0185
4,115-139,1780138504,2026-05-30T18:55:04,0.0185
4,115-139,1780139104,2026-05-30T19:05:04,0.0185
4,115-139,1780139404,2026-05-30T19:10:04,0.0185
4,115-139,1780139706,2026-05-30T19:15:06,0.0185
4,115-139,1780140004,2026-05-30T19:20:04,0.0185
4,115-139,1780140304,2026-05-30T19:25:04,0.0185
4,115-139,1780140606,2026-05-30T19:30:06,0.0185
4,115-139,1780140904,2026-05-30T19:35:04,0.0185
4,115-139,1780141204,2026-05-30T19:40:04,0.0185
4,115-139,1780141508,2026-05-30T19:45:08,0.0185
4,115-139,1780141805,2026-05-30T19:50:05,0.0185
4,115-139,1780142106,2026-05-30T19:55:06,0.0185
4,115-139,1780142704,2026-05-30T20:05:04,0.0185
4,115-139,1780143004,2026-05-30T20:10:04,0.0185
4,115-139,1780143304,2026-05-30T20:15:04,0.0185
4,115-139,1780143604,2026-05-30T20:20:04,0.0185
4,115-139,1780143904,2026-05-30T20:25:04,0.0185
4,115-139,1780144206,2026-05-30T20:30:06,0.0185
4,115-139,1780144517,2026-05-30T20:35:17,0.0185
4,115-139,1780144805,2026-05-30T20:40:05,0.0185
4,115-139,1780145105,2026-05-30T20:45:05,0.0185
4,115-139,1780145405,2026-05-30T20:50:05,0.0185
4,115-139,1780145707,2026-05-30T20:55:07,0.0185
4,115-139,1780146306,2026-05-30T21:05:06,0.0185
4,115-139,1780146604,2026-05-30T21:10:04,0.0185
4,115-139,1780146904,2026-05-30T21:15:04,0.0185
4,115-139,1780147205,2026-05-30T21:20:05,0.0185
4,115-139,1780147507,2026-05-30T21:25:07,0.0185
4,115-139,1780147806,2026-05-30T21:30:06,0.0185
4,115-139,1780148103,2026-05-30T21:35:03,0.0185
4,115-139,1780148405,2026-05-30T21:40:05,0.0185
4,115-139,1780148705,2026-05-30T21:45:05,0.0185
4,115-139,1780149004,2026-05-30T21:50:04,0.0185
4,115-139,1780149305,2026-05-30T21:55:05,0.0185
4,115-139,1780149904,2026-05-30T22:05:04,0.0185
4,115-139,1780150205,2026-05-30T22:10:05,0.0185
4,115-139,1780150518,2026-05-30T22:15:18,0.0185
4,115-139,1780150805,2026-05-30T22:20:05,0.0185
4,115-139,1780151104,2026-05-30T22:25:04,0.0185
4,115-139,1780151409,2026-05-30T22:30:09,0.0185
4,115-139,1780151704,2026-05-30T22:35:04,0.0185
4,115-139,1780152004,2026-05-30T22:40:04,0.0185
4,115-139,1780152305,2026-05-30T22:45:05,0.0185
4,115-139,1780152604,2026-05-30T22:50:04,0.0185
4,115-139,1780152904,2026-05-30T22:55:04,0.0185
4,115-139,1780153504,2026-05-30T23:05:04,0.0185
4,115-139,1780153820,2026-05-30T23:10:20,0.0185
4,115-139,1780154104,2026-05-30T23:15:04,0.0185
4,115-139,1780154405,2026-05-30T23:20:05,0.0185
4,115-139,1780154705,2026-05-30T23:25:05,0.0185
4,115-139,1780155021,2026-05-30T23:30:21,0.0185
4,115-139,1780155304,2026-05-30T23:35:04,0.014
4,115-139,1780155605,2026-05-30T23:40:05,0.0125
4,115-139,1780155904,2026-05-30T23:45:04,0.0125
4,115-139,1780156218,2026-05-30T23:50:18,0.0125
4,115-139,1780156504,2026-05-30T23:55:04,0.0125
4,115-139,1780157105,2026-05-31T00:05:05,0.0055
4,115-139,1780157408,2026-05-31T00:10:08,0.0035
4,115-139,1780157706,2026-05-31T00:15:06,0.0045
4,115-139,1780158005,2026-05-31T00:20:05,0.003
4,115-139,1780158319,2026-05-31T00:25:19,0.0025
4,115-139,1780158605,2026-05-31T00:30:05,0.0025
4,115-139,1780158905,2026-05-31T00:35:05,0.0025
4,115-139,1780159206,2026-05-31T00:40:06,0.0035
4,115-139,1780159505,2026-05-31T00:45:05,0.003
4,115-139,1780159804,2026-05-31T00:50:04,0.0035
4,115-139,1780160103,2026-05-31T00:55:03,0.0035
4,115-139,1780160704,2026-05-31T01:05:04,0.0045
4,115-139,1780161004,2026-05-31T01:10:04,0.0045
4,115-139,1780161306,2026-05-31T01:15:06,0.0045
4,115-139,1780161604,2026-05-31T01:20:04,0.0045
4,115-139,1780161905,2026-05-31T01:25:05,0.0045
4,115-139,1780162207,2026-05-31T01:30:07,0.0045
4,115-139,1780162506,2026-05-31T01:35:06,0.0045
4,115-139,1780162805,2026-05-31T01:40:05,0.0075
4,115-139,1780163106,2026-05-31T01:45:06,0.0075
4,115-139,1780163405,2026-05-31T01:50:05,0.0075
4,115-139,1780163704,2026-05-31T01:55:04,0.0075
4,115-139,1780164304,2026-05-31T02:05:04,0.0075
4,115-139,1780164605,2026-05-31T02:10:05,0.007
4,115-139,1780164906,2026-05-31T02:15:06,0.0055
4,115-139,1780165205,2026-05-31T02:20:05,0.0055
4,115-139,1780165504,2026-05-31T02:25:04,0.0055
4,115-139,1780165805,2026-05-31T02:30:05,0.0055
4,115-139,1780166105,2026-05-31T02:35:05,0.0055
4,115-139,1780166405,2026-05-31T02:40:05,0.0045
4,115-139,1780166704,2026-05-31T02:45:04,0.0045
4,115-139,1780167005,2026-05-31T02:50:05,0.0035
4,115-139,1780167304,2026-05-31T02:55:04,0.0035
4,115-139,1780167904,2026-05-31T03:05:04,0.0035
4,115-139,1780168204,2026-05-31T03:10:04,0.0035
4,115-139,1780168505,2026-05-31T03:15:05,0.0035
4,115-139,1780168804,2026-05-31T03:20:04,0.0035
4,115-139,1780169104,2026-05-31T03:25:04,0.0035
4,115-139,1780169405,2026-05-31T03:30:05,0.0035
4,115-139,1780169704,2026-05-31T03:35:04,0.0035
4,115-139,1780170004,2026-05-31T03:40:04,0.0035
4,115-139,1780170304,2026-05-31T03:45:04,0.0035
4,115-139,1780170607,2026-05-31T03:50:07,0.0035
4,115-139,1780170904,2026-05-31T03:55:04,0.0035
4,115-139,1780171504,2026-05-31T04:05:04,0.0035
4,115-139,1780171804,2026-05-31T04:10:04,0.0035
4,115-139,1780172104,2026-05-31T04:15:04,0.0035
4,115-139,1780172405,2026-05-31T04:20:05,0.0035
4,115-139,1780172704,2026-05-31T04:25:04,0.0035
4,115-139,1780173006,2026-05-31T04:30:06,0.0035
4,115-139,1780173304,2026-05-31T04:35:04,0.005
4,115-139,1780173605,2026-05-31T04:40:05,0.0045
4,115-139,1780173905,2026-05-31T04:45:05,0.004
4,115-139,1780174203,2026-05-31T04:50:03,0.0025
4,115-139,1780174504,2026-05-31T04:55:04,0.0025
4,115-139,1780175105,2026-05-31T05:05:05,0.0025
4,115-139,1780175405,2026-05-31T05:10:05,0.0025
4,115-139,1780175704,2026-05-31T05:15:04,0.0025
4,115-139,1780176006,2026-05-31T05:20:06,0.0025
4,115-139,1780176305,2026-05-31T05:25:05,0.0025
4,115-139,1780176620,2026-05-31T05:30:20,0.0025
4,115-139,1780176904,2026-05-31T05:35:04,0.0025
4,115-139,1780177204,2026-05-31T05:40:04,0.0025
4,115-139,1780177505,2026-05-31T05:45:05,0.0055
4,115-139,1780177806,2026-05-31T05:50:06,0.005
4,115-139,1780178104,2026-05-31T05:55:04,0.0065
4,115-139,1780178705,2026-05-31T06:05:05,0.0065
4,115-139,1780179007,2026-05-31T06:10:07,0.0085
4,115-139,1780179305,2026-05-31T06:15:05,0.0085
4,115-139,1780179605,2026-05-31T06:20:05,0.0085
4,115-139,1780179904,2026-05-31T06:25:04,0.0085
4,115-139,1780180208,2026-05-31T06:30:08,0.0085
4,115-139,1780180506,2026-05-31T06:35:06,0.0085
4,115-139,1780180804,2026-05-31T06:40:04,0.0085
4,115-139,1780181105,2026-05-31T06:45:05,0.0085
4,115-139,1780181406,2026-05-31T06:50:06,0.0085
4,115-139,1780181704,2026-05-31T06:55:04,0.0255
4,115-139,1780182305,2026-05-31T07:05:05,0.015
4,115-139,1780182607,2026-05-31T07:10:07,0.01
4,115-139,1780182907,2026-05-31T07:15:07,0.015
4,115-139,1780183206,2026-05-31T07:20:06,0.0165
4,115-139,1780183506,2026-05-31T07:25:06,0.0175
4,115-139,1780183806,2026-05-31T07:30:06,0.01
4,115-139,1780184119,2026-05-31T07:35:19,0.0105
4,115-139,1780184405,2026-05-31T07:40:05,0.0095
4,115-139,1780184717,2026-05-31T07:45:17,0.01
4,115-139,1780185010,2026-05-31T07:50:10,0.01
4,115-139,1780185304,2026-05-31T07:55:04,0.0095
4,115-139,1780185905,2026-05-31T08:05:05,0.009
4,115-139,1780186204,2026-05-31T08:10:04,0.0065
4,115-139,1780186507,2026-05-31T08:15:07,0.004
4,115-139,1780186819,2026-05-31T08:20:19,0.0025
4,115-139,1780187104,2026-05-31T08:25:04,0.0025
4,115-139,1780187406,2026-05-31T08:30:06,0.0025
4,115-139,1780187705,2026-05-31T08:35:05,0.0025
4,115-139,1780188004,2026-05-31T08:40:04,0.0025
4,115-139,1780188304,2026-05-31T08:45:04,0.0025
4,115-139,1780188605,2026-05-31T08:50:05,0.0025
4,115-139,1780188906,2026-05-31T08:55:06,0.0025
4,115-139,1780189504,2026-05-31T09:05:04,0.0025
4,115-139,1780189805,2026-05-31T09:10:05,0.0015
4,115-139,1780190103,2026-05-31T09:15:03,0.0015
4,115-139,1780190416,2026-05-31T09:20:16,0.0015
4,115-139,1780190717,2026-05-31T09:25:17,0.0025
4,115-139,1780191005,2026-05-31T09:30:05,0.0025
4,115-139,1780191321,2026-05-31T09:35:21,0.0025
4,115-139,1780191604,2026-05-31T09:40:04,0.0025
4,115-139,1780191904,2026-05-31T09:45:04,0.0025
4,115-139,1780192205,2026-05-31T09:50:05,0.0025
4,115-139,1780192505,2026-05-31T09:55:05,0.0025
4,115-139,1780193104,2026-05-31T10:05:04,0.0025
4,115-139,1780193404,2026-05-31T10:10:04,0.0025
4,115-139,1780193703,2026-05-31T10:15:03,0.0025
4,115-139,1780194004,2026-05-31T10:20:04,0.0025
4,115-139,1780194317,2026-05-31T10:25:17,0.0025
4,115-139,1780194604,2026-05-31T10:30:04,0.0025
4,115-139,1780194904,2026-05-31T10:35:04,0.0025
4,115-139,1780195204,2026-05-31T10:40:04,0.0025
4,115-139,1780195504,2026-05-31T10:45:04,0.0025
4,115-139,1780195805,2026-05-31T10:50:05,0.0025
4,115-139,1780196103,2026-05-31T10:55:03,0.0025
4,115-139,1780196707,2026-05-31T11:05:07,0.0025
4,115-139,1780197003,2026-05-31T11:10:03,0.0025
4,115-139,1780197304,2026-05-31T11:15:04,0.0025
4,115-139,1780197604,2026-05-31T11:20:04,0.0025
4,115-139,1780197904,2026-05-31T11:25:04,0.0025
4,115-139,1780198205,2026-05-31T11:30:05,0.0025
4,115-139,1780198503,2026-05-31T11:35:03,0.0025
4,115-139,1780198805,2026-05-31T11:40:05,0.0025
4,115-139,1780199104,2026-05-31T11:45:04,0.0025
4,115-139,1780199406,2026-05-31T11:50:06,0.0025
4,115-139,1780199705,2026-05-31T11:55:05,0.0025
4,115-139,1780200304,2026-05-31T12:05:04,0.0025
4,115-139,1780200604,2026-05-31T12:10:04,0.0025
4,115-139,1780200904,2026-05-31T12:15:04,0.0025
4,115-139,1780201205,2026-05-31T12:20:05,0.0025
4,115-139,1780201505,2026-05-31T12:25:05,0.0025
4,115-139,1780201805,2026-05-31T12:30:05,0.0025
4,115-139,1780202105,2026-05-31T12:35:05,0.0025
4,115-139,1780202404,2026-05-31T12:40:04,0.0025
4,115-139,1780202705,2026-05-31T12:45:05,0.0025
4,115-139,1780203006,2026-05-31T12:50:06,0.0025
4,115-139,1780203304,2026-05-31T12:55:04,0.0025
4,115-139,1780203904,2026-05-31T13:05:04,0.0025
4,115-139,1780204205,2026-05-31T13:10:05,0.0025
4,115-139,1780204505,2026-05-31T13:15:05,0.0025
4,115-139,1780204805,2026-05-31T13:20:05,0.0025
4,115-139,1780205103,2026-05-31T13:25:03,0.0025
4,115-139,1780205406,2026-05-31T13:30:06,0.0025
4,115-139,1780205704,2026-05-31T13:35:04,0.0025
4,115-139,1780206005,2026-05-31T13:40:05,0.0025
4,115-139,1780206305,2026-05-31T13:45:05,0.0025
4,115-139,1780206603,2026-05-31T13:50:03,0.0025
4,115-139,1780206903,2026-05-31T13:55:03,0.0025
4,115-139,1780207505,2026-05-31T14:05:05,0.0025
4,115-139,1780207805,2026-05-31T14:10:05,0.0025
4,115-139,1780208104,2026-05-31T14:15:04,0.0025
4,115-139,1780208408,2026-05-31T14:20:08,0.0025
4,115-139,1780208705,2026-05-31T14:25:05,0.0025
4,115-139,1780209005,2026-05-31T14:30:05,0.0015
4,115-139,1780209304,2026-05-31T14:35:04,0.0015
4,115-139,1780209604,2026-05-31T14:40:04,0.0015
4,115-139,1780209903,2026-05-31T14:45:03,0.0015
4,115-139,1780210204,2026-05-31T14:50:04,0.0015
4,115-139,1780210505,2026-05-31T14:55:05,0.0015
4,115-139,1780211104,2026-05-31T15:05:04,0.0015
4,115-139,1780211404,2026-05-31T15:10:04,0.0015
4,115-139,1780211704,2026-05-31T15:15:04,0.0015
4,115-139,1780212004,2026-05-31T15:20:04,0.0015
4,115-139,1780212304,2026-05-31T15:25:04,0.0015
4,115-139,1780212606,2026-05-31T15:30:06,0.0015
4,115-139,1780212903,2026-05-31T15:35:03,0.0015
4,115-139,1780213204,2026-05-31T15:40:04,0.0015
4,115-139,1780213504,2026-05-31T15:45:04,0.0015
4,115-139,1780213804,2026-05-31T15:50:04,0.0015
4,115-139,1780214104,2026-05-31T15:55:04,0.0015
4,115-139,1780214704,2026-05-31T16:05:04,0.0015
4,115-139,1780215004,2026-05-31T16:10:04,0.0015
4,115-139,1780215304,2026-05-31T16:15:04,0.002
4,115-139,1780215605,2026-05-31T16:20:05,0.0015
4,115-139,1780215904,2026-05-31T16:25:04,0.0015
4,115-139,1780216206,2026-05-31T16:30:06,0.0015
4,115-139,1780216504,2026-05-31T16:35:04,0.0015
4,115-139,1780216805,2026-05-31T16:40:05,0.0015
4,115-139,1780217104,2026-05-31T16:45:04,0.0015
4,115-139,1780217405,2026-05-31T16:50:05,0.0015
4,115-139,1780217705,2026-05-31T16:55:05,0.0015
4,115-139,1780218304,2026-05-31T17:05:04,0.0015
4,115-139,1780218605,2026-05-31T17:10:05,0.0015
4,115-139,1780218904,2026-05-31T17:15:04,0.0015
4,115-139,1780219204,2026-05-31T17:20:04,0.0015
4,115-139,1780219503,2026-05-31T17:25:03,0.0015
4,115-139,1780219805,2026-05-31T17:30:05,0.0015
4,115-139,1780220104,2026-05-31T17:35:04,0.0015
4,115-139,1780220405,2026-05-31T17:40:05,0.0015
4,115-139,1780220704,2026-05-31T17:45:04,0.0015
4,115-139,1780221005,2026-05-31T17:50:05,0.0015
4,115-139,1780221305,2026-05-31T17:55:05,0.0015
4,115-139,1780221904,2026-05-31T18:05:04,0.0015
4,115-139,1780222204,2026-05-31T18:10:04,0.0015
4,115-139,1780222504,2026-05-31T18:15:04,0.0015
4,115-139,1780222804,2026-05-31T18:20:04,0.0015
4,115-139,1780223104,2026-05-31T18:25:04,0.0015
4,115-139,1780223406,2026-05-31T18:30:06,0.0015
4,115-139,1780223704,2026-05-31T18:35:04,0.0015
4,115-139,1780224007,2026-05-31T18:40:07,0.0015
4,115-139,1780224305,2026-05-31T18:45:05,0.0015
4,115-139,1780224605,2026-05-31T18:50:05,0.0015
4,115-139,1780224904,2026-05-31T18:55:04,0.0015
4,115-139,1780225519,2026-05-31T19:05:19,0.0015
4,115-139,1780225819,2026-05-31T19:10:19,0.0015
4,115-139,1780226104,2026-05-31T19:15:04,0.0015
4,115-139,1780226404,2026-05-31T19:20:04,0.0015
4,115-139,1780226704,2026-05-31T19:25:04,0.0015
4,115-139,1780227018,2026-05-31T19:30:18,0.0015
4,115-139,1780227304,2026-05-31T19:35:04,0.0015
4,115-139,1780227604,2026-05-31T19:40:04,0.0015
4,115-139,1780227905,2026-05-31T19:45:05,0.0015
4,115-139,1780228205,2026-05-31T19:50:05,0.0015
4,115-139,1780228516,2026-05-31T19:55:16,0.0015
4,115-139,1780229104,2026-05-31T20:05:04,0.0015
4,115-139,1780229404,2026-05-31T20:10:04,0.0015
4,115-139,1780229705,2026-05-31T20:15:05,0.0015
4,115-139,1780230004,2026-05-31T20:20:04,0.0015
4,115-139,1780230305,2026-05-31T20:25:05,0.0015
4,115-139,1780230605,2026-05-31T20:30:05,0.0015
4,115-139,1780230905,2026-05-31T20:35:05,0.0015
4,115-139,1780231207,2026-05-31T20:40:07,0.0015
4,115-139,1780231504,2026-05-31T20:45:04,0.0015
4,115-139,1780231805,2026-05-31T20:50:05,0.0015
4,115-139,1780232104,2026-05-31T20:55:04,0.0015
4,115-139,1780232705,2026-05-31T21:05:05,0.0015
4,115-139,1780233005,2026-05-31T21:10:05,0.0015
4,115-139,1780233305,2026-05-31T21:15:05,0.0015
4,115-139,1780233605,2026-05-31T21:20:05,0.0015
4,115-139,1780233906,2026-05-31T21:25:06,0.0015
4,115-139,1780234204,2026-05-31T21:30:04,0.0015
4,115-139,1780234503,2026-05-31T21:35:03,0.0015
4,115-139,1780234804,2026-05-31T21:40:04,0.0015
4,115-139,1780235106,2026-05-31T21:45:06,0.0015
4,115-139,1780235405,2026-05-31T21:50:05,0.0015
4,115-139,1780235704,2026-05-31T21:55:04,0.0015
4,115-139,1780236305,2026-05-31T22:05:05,0.0015
4,115-139,1780236604,2026-05-31T22:10:04,0.0015
4,115-139,1780236906,2026-05-31T22:15:06,0.0015
4,115-139,1780237206,2026-05-31T22:20:06,0.0015
4,115-139,1780237504,2026-05-31T22:25:04,0.0005
4,115-139,1780237804,2026-05-31T22:30:04,0.0005
4,115-139,1780238104,2026-05-31T22:35:04,0.0005
4,115-139,1780238404,2026-05-31T22:40:04,0.0005
4,115-139,1780238704,2026-05-31T22:45:04,0.0005
4,115-139,1780239004,2026-05-31T22:50:04,0.0005
4,115-139,1780239304,2026-05-31T22:55:04,0.0005
4,115-139,1780239904,2026-05-31T23:05:04,0.0005
4,115-139,1780240204,2026-05-31T23:10:04,0.0005
4,115-139,1780240505,2026-05-31T23:15:05,0.0005
4,115-139,1780240804,2026-05-31T23:20:04,0.0005
4,115-139,1780241105,2026-05-31T23:25:05,0.0005
4,115-139,1780241405,2026-05-31T23:30:05,0.0005
4,115-139,1780241705,2026-05-31T23:35:05,0.0005
4,115-139,1780242004,2026-05-31T23:40:04,0.0005
4,115-139,1780242305,2026-05-31T23:45:05,0.0005
4,115-139,1780242604,2026-05-31T23:50:04,0.0005
4,115-139,1780242904,2026-05-31T23:55:04,0.0005
4,115-139,1780243505,2026-06-01T00:05:05,0.0005
4,115-139,1780243805,2026-06-01T00:10:05,0.0005
4,115-139,1780244105,2026-06-01T00:15:05,0.0005
4,115-139,1780244405,2026-06-01T00:20:05,0.0005
4,115-139,1780244705,2026-06-01T00:25:05,0.0005
4,115-139,1780245023,2026-06-01T00:30:23,0.0005
4,115-139,1780245304,2026-06-01T00:35:04,0.0005
4,115-139,1780245605,2026-06-01T00:40:05,0.0005
4,115-139,1780245905,2026-06-01T00:45:05,0.0005
4,115-139,1780246221,2026-06-01T00:50:21,0.0005
4,115-139,1780246504,2026-06-01T00:55:04,0.0005
4,115-139,1780247103,2026-06-01T01:05:03,0.0005
4,115-139,1780247404,2026-06-01T01:10:04,0.0005
4,115-139,1780247722,2026-06-01T01:15:22,0.0005
4,115-139,1780248008,2026-06-01T01:20:08,0.0005
4,115-139,1780248304,2026-06-01T01:25:04,0.0005
4,115-139,1780248605,2026-06-01T01:30:05,0.0005
4,115-139,1780248904,2026-06-01T01:35:04,0.0005
4,115-139,1780249204,2026-06-01T01:40:04,0.0005
4,115-139,1780249504,2026-06-01T01:45:04,0.0005
4,115-139,1780249806,2026-06-01T01:50:06,0.0005
4,115-139,1780250105,2026-06-01T01:55:05,0.0005
4,115-139,1780250704,2026-06-01T02:05:04,0.0005
4,115-139,1780251004,2026-06-01T02:10:04,0.0005
4,115-139,1780251304,2026-06-01T02:15:04,0.0005
4,115-139,1780251604,2026-06-01T02:20:04,0.0005
4,115-139,1780251906,2026-06-01T02:25:06,0.0005
4,115-139,1780252205,2026-06-01T02:30:05,0.0005
4,115-139,1780252504,2026-06-01T02:35:04,0.0005
4,115-139,1780252804,2026-06-01T02:40:04,0.0005
4,115-139,1780253104,2026-06-01T02:45:04,0.0005
4,115-139,1780253407,2026-06-01T02:50:07,0.0005
4,115-139,1780253705,2026-06-01T02:55:05,0.0005
4,115-139,1780254307,2026-06-01T03:05:07,0.0005
4,115-139,1780254605,2026-06-01T03:10:05,0.0005
4,115-139,1780254904,2026-06-01T03:15:04,0.0005
4,115-139,1780255204,2026-06-01T03:20:04,0.0005
4,115-139,1780255505,2026-06-01T03:25:05,0.0005
4,115-139,1780255805,2026-06-01T03:30:05,0.0005
4,115-139,1780256104,2026-06-01T03:35:04,0.0005
4,115-139,1780256404,2026-06-01T03:40:04,0.0005
4,115-139,1780256704,2026-06-01T03:45:04,0.0005
4,115-139,1780257006,2026-06-01T03:50:06,0.0005
4,115-139,1780257305,2026-06-01T03:55:05,0.0005
4,115-139,1780257905,2026-06-01T04:05:05,0.0005
4,115-139,1780258205,2026-06-01T04:10:05,0.0005
4,115-139,1780258504,2026-06-01T04:15:04,0.0005
4,115-139,1780258805,2026-06-01T04:20:05,0.0005
4,115-139,1780259105,2026-06-01T04:25:05,0.0005
4,115-139,1780259405,2026-06-01T04:30:05,0.0005
4,115-139,1780259706,2026-06-01T04:35:06,0.0005
4,115-139,1780260006,2026-06-01T04:40:06,0.0005
4,115-139,1780260319,2026-06-01T04:45:19,0.0005
4,115-139,1780260605,2026-06-01T04:50:05,0.0005
4,115-139,1780260905,2026-06-01T04:55:05,0.0005
4,115-139,1780261506,2026-06-01T05:05:06,0.0005
4,115-139,1780261805,2026-06-01T05:10:05,0.0005
4,115-139,1780262104,2026-06-01T05:15:04,0.0005
4,115-139,1780262405,2026-06-01T05:20:05,0.0005
4,115-139,1780262704,2026-06-01T05:25:04,0.0005
4,115-139,1780263006,2026-06-01T05:30:06,0.0005
4,115-139,1780263304,2026-06-01T05:35:04,0.0005
4,115-139,1780263605,2026-06-01T05:40:05,0.0005
4,115-139,1780263907,2026-06-01T05:45:07,0.0005
4,115-139,1780264204,2026-06-01T05:50:04,0.0005
4,115-139,1780264506,2026-06-01T05:55:06,0.0005
4,115-139,1780265106,2026-06-01T06:05:06,0.0005
4,115-139,1780265405,2026-06-01T06:10:05,0.0005
4,115-139,1780265705,2026-06-01T06:15:05,0.0005
4,115-139,1780266034,2026-06-01T06:20:34,0.0005
4,115-139,1780266305,2026-06-01T06:25:05,0.0005
4,115-139,1780266606,2026-06-01T06:30:06,0.0005
4,115-139,1780266904,2026-06-01T06:35:04,0.0005
4,115-139,1780267204,2026-06-01T06:40:04,0.0005
4,115-139,1780267504,2026-06-01T06:45:04,0.0005
4,115-139,1780267804,2026-06-01T06:50:04,0.0005
4,115-139,1780268104,2026-06-01T06:55:04,0.0005
4,115-139,1780268706,2026-06-01T07:05:06,0.0005
4,115-139,1780269005,2026-06-01T07:10:05,0.0005
4,115-139,1780269305,2026-06-01T07:15:05,0.0005
4,115-139,1780269605,2026-06-01T07:20:05,0.0005
4,115-139,1780269905,2026-06-01T07:25:05,0.0005
4,115-139,1780270204,2026-06-01T07:30:04,0.0005
4,115-139,1780270504,2026-06-01T07:35:04,0.0005
4,115-139,1780270803,2026-06-01T07:40:03,0.0005
4,115-139,1780271106,2026-06-01T07:45:06,0.0005
4,115-139,1780271405,2026-06-01T07:50:05,0.0005
4,115-139,1780271704,2026-06-01T07:55:04,0.0005
4,115-139,1780272303,2026-06-01T08:05:03,0.0005
4,115-139,1780272605,2026-06-01T08:10:05,0.0005
4,115-139,1780272905,2026-06-01T08:15:05,0.0005
4,115-139,1780273204,2026-06-01T08:20:04,0.0005
4,115-139,1780273504,2026-06-01T08:25:04,0.0005
4,115-139,1780273804,2026-06-01T08:30:04,0.0005
4,115-139,1780274104,2026-06-01T08:35:04,0.0005
4,115-139,1780274406,2026-06-01T08:40:06,0.0005
4,115-139,1780274704,2026-06-01T08:45:04,0.0005
4,115-139,1780275003,2026-06-01T08:50:03,0.0005
4,115-139,1780275304,2026-06-01T08:55:04,0.0005
4,115-139,1780275903,2026-06-01T09:05:03,0.0005
4,115-139,1780276204,2026-06-01T09:10:04,0.0005
4,115-139,1780276504,2026-06-01T09:15:04,0.0005
4,115-139,1780276804,2026-06-01T09:20:04,0.0005
4,115-139,1780277104,2026-06-01T09:25:04,0.0005
4,115-139,1780277404,2026-06-01T09:30:04,0.0005
4,115-139,1780277705,2026-06-01T09:35:05,0.0005
4,115-139,1780278004,2026-06-01T09:40:04,0.0005
4,115-139,1780278304,2026-06-01T09:45:04,0.0005
4,115-139,1780278606,2026-06-01T09:50:06,0.0005
4,115-139,1780278921,2026-06-01T09:55:21,0.0005
4,115-139,1780279504,2026-06-01T10:05:04,0.0005
4,115-139,1780279815,2026-06-01T10:10:15,0.0005
4,115-139,1780280104,2026-06-01T10:15:04,0.0005
4,115-139,1780280405,2026-06-01T10:20:05,0.0005
4,115-139,1780280704,2026-06-01T10:25:04,0.0005
4,115-139,1780281005,2026-06-01T10:30:05,0.0005
4,115-139,1780281304,2026-06-01T10:35:04,0.0005
4,115-139,1780281606,2026-06-01T10:40:06,0.0005
4,115-139,1780281903,2026-06-01T10:45:03,0.0005
4,115-139,1780282204,2026-06-01T10:50:04,0.0005
4,115-139,1780282504,2026-06-01T10:55:04,0.0005
4,115-139,1780283118,2026-06-01T11:05:18,0.0005
4,115-139,1780283405,2026-06-01T11:10:05,0.0005
4,115-139,1780283704,2026-06-01T11:15:04,0.0005
4,115-139,1780284004,2026-06-01T11:20:04,0.0005
4,115-139,1780284307,2026-06-01T11:25:07,0.0005
4,115-139,1780284605,2026-06-01T11:30:05,0.0005
4,115-139,1780284904,2026-06-01T11:35:04,0.0005
4,115-139,1780285205,2026-06-01T11:40:05,0.0005
4,115-139,1780285505,2026-06-01T11:45:05,0.0005
4,115-139,1780285804,2026-06-01T11:50:04,0.0005
4,115-139,1780286104,2026-06-01T11:55:04,0.0005
4,115-139,1780286704,2026-06-01T12:05:04,0.0005
4,115-139,1780287003,2026-06-01T12:10:03,0.0005
4,115-139,1780287304,2026-06-01T12:15:04,0.0005
4,115-139,1780287605,2026-06-01T12:20:05,0.0005
4,115-139,1780287904,2026-06-01T12:25:04,0.0005
4,115-139,1780288205,2026-06-01T12:30:05,0.0005
4,115-139,1780288504,2026-06-01T12:35:04,0.0005
4,115-139,1780288804,2026-06-01T12:40:04,0.0005
4,115-139,1780289106,2026-06-01T12:45:06,0.0005
4,115-139,1780289405,2026-06-01T12:50:05,0.0005
4,115-139,1780289705,2026-06-01T12:55:05,0.0005
4,115-139,1780290304,2026-06-01T13:05:04,0.0005
4,115-139,1780290606,2026-06-01T13:10:06,0.0005
4,115-139,1780290904,2026-06-01T13:15:04,0.0005
4,115-139,1780291204,2026-06-01T13:20:04,0.0005
4,115-139,1780291504,2026-06-01T13:25:04,0.0005
4,115-139,1780291807,2026-06-01T13:30:07,0.0005
4,115-139,1780292103,2026-06-01T13:35:03,0.0005
4,115-139,1780292404,2026-06-01T13:40:04,0.0005
4,115-139,1780292705,2026-06-01T13:45:05,0.0005
4,115-139,1780293003,2026-06-01T13:50:03,0.0005
4,115-139,1780293316,2026-06-01T13:55:16,0.0005
4,115-139,1780293903,2026-06-01T14:05:03,0.0005
4,115-139,1780294205,2026-06-01T14:10:05,0.0005
4,115-139,1780294505,2026-06-01T14:15:05,0.0005
4,115-139,1780294805,2026-06-01T14:20:05,0.0005
4,115-139,1780295104,2026-06-01T14:25:04,0.0005
4,115-139,1780295417,2026-06-01T14:30:17,0.0005
4,115-139,1780295705,2026-06-01T14:35:05,0.0005
4,115-139,1780296004,2026-06-01T14:40:04,0.0005
4,115-139,1780296305,2026-06-01T14:45:05,0.0005
4,115-139,1780296604,2026-06-01T14:50:04,0.0005
4,115-139,1780296903,2026-06-01T14:55:03,0.0005
4,115-139,1780297504,2026-06-01T15:05:04,0.0005
4,115-139,1780297804,2026-06-01T15:10:04,0.0005
4,115-139,1780298104,2026-06-01T15:15:04,0.0005
4,115-139,1780298405,2026-06-01T15:20:05,0.0005
4,115-139,1780298703,2026-06-01T15:25:03,0.0005
4,115-139,1780299005,2026-06-01T15:30:05,0.0005
4,115-139,1780299305,2026-06-01T15:35:05,0.0005
4,115-139,1780299604,2026-06-01T15:40:04,0.0005
4,115-139,1780299905,2026-06-01T15:45:05,0.0005
4,115-139,1780300205,2026-06-01T15:50:05,0.0005
4,115-139,1780300505,2026-06-01T15:55:05,0.0005
4,115-139,1780301105,2026-06-01T16:05:05,0.0005
4,115-139,1780301404,2026-06-01T16:10:04,0.0005
4,115-139,1780301704,2026-06-01T16:15:04,0.0005
4,115-139,1780302019,2026-06-01T16:20:19,0.0005
4,115-139,1780302303,2026-06-01T16:25:03,0.0005
4,115-139,1780302604,2026-06-01T16:30:04,0.0005
4,115-139,1780302903,2026-06-01T16:35:03,0.0005
4,115-139,1780303203,2026-06-01T16:40:03,0.0005
4,115-139,1780303520,2026-06-01T16:45:20,0.0005
4,115-139,1780303804,2026-06-01T16:50:04,0.0005
4,115-139,1780304105,2026-06-01T16:55:05,0.0005
4,115-139,1780304705,2026-06-01T17:05:05,0.0005
4,115-139,1780305004,2026-06-01T17:10:04,0.0005
4,115-139,1780305307,2026-06-01T17:15:07,0.0005
4,115-139,1780305605,2026-06-01T17:20:05,0.0005
4,115-139,1780305903,2026-06-01T17:25:03,0.0005
4,115-139,1780306205,2026-06-01T17:30:05,0.0005
4,115-139,1780306504,2026-06-01T17:35:04,0.0005
4,115-139,1780306805,2026-06-01T17:40:05,0.0005
4,115-139,1780307104,2026-06-01T17:45:04,0.0005
4,115-139,1780307404,2026-06-01T17:50:04,0.0005
4,115-139,1780307704,2026-06-01T17:55:04,0.0005
4,115-139,1780308304,2026-06-01T18:05:04,0.0005
4,115-139,1780308606,2026-06-01T18:10:06,0.0005
4,115-139,1780308904,2026-06-01T18:15:04,0.0005
4,115-139,1780309204,2026-06-01T18:20:04,0.0005
4,115-139,1780309504,2026-06-01T18:25:04,0.0005
4,115-139,1780309805,2026-06-01T18:30:05,0.0005
4,115-139,1780310105,2026-06-01T18:35:05,0.0005
4,115-139,1780310405,2026-06-01T18:40:05,0.0005
4,115-139,1780310704,2026-06-01T18:45:04,0.0005
4,115-139,1780311005,2026-06-01T18:50:05,0.0005
4,115-139,1780311304,2026-06-01T18:55:04,0.0005
4,115-139,1780311904,2026-06-01T19:05:04,0.0005
4,115-139,1780312204,2026-06-01T19:10:04,0.0005
4,115-139,1780312505,2026-06-01T19:15:05,0.0005
4,115-139,1780312803,2026-06-01T19:20:03,0.0005
4,115-139,1780313105,2026-06-01T19:25:05,0.0005
4,115-139,1780313406,2026-06-01T19:30:06,0.0005
4,115-139,1780313703,2026-06-01T19:35:03,0.0005
4,115-139,1780314004,2026-06-01T19:40:04,0.0005
4,115-139,1780314304,2026-06-01T19:45:04,0.0005
4,115-139,1780314607,2026-06-01T19:50:07,0.0005
4,115-139,1780314903,2026-06-01T19:55:03,0.0005
4,115-139,1780315504,2026-06-01T20:05:04,0.0005
4,115-139,1780315804,2026-06-01T20:10:04,0.0005
4,115-139,1780316104,2026-06-01T20:15:04,0.0005
4,115-139,1780316407,2026-06-01T20:20:07,0.0005
4,115-139,1780316704,2026-06-01T20:25:04,0.0005
4,115-139,1780317005,2026-06-01T20:30:05,0.0005
4,115-139,1780317307,2026-06-01T20:35:07,0.0005
4,115-139,1780317605,2026-06-01T20:40:05,0.0005
4,115-139,1780317904,2026-06-01T20:45:04,0.0005
4,115-139,1780318204,2026-06-01T20:50:04,0.0005
4,115-139,1780318503,2026-06-01T20:55:03,0.0005
4,115-139,1780319105,2026-06-01T21:05:05,0.0005
4,115-139,1780319404,2026-06-01T21:10:04,0.0005
4,115-139,1780319703,2026-06-01T21:15:03,0.0005
4,115-139,1780320005,2026-06-01T21:20:05,0.0005
4,115-139,1780320319,2026-06-01T21:25:19,0.0005
4,115-139,1780320605,2026-06-01T21:30:05,0.0005
4,115-139,1780320905,2026-06-01T21:35:05,0.0005
4,115-139,1780321205,2026-06-01T21:40:05,0.0005
4,115-139,1780321505,2026-06-01T21:45:05,0.0005
4,115-139,1780321805,2026-06-01T21:50:05,0.0005
4,115-139,1780322104,2026-06-01T21:55:04,0.0005
4,115-139,1780322704,2026-06-01T22:05:04,0.0005
4,115-139,1780323006,2026-06-01T22:10:06,0.0005
4,115-139,1780323304,2026-06-01T22:15:04,0.0005
4,115-139,1780323606,2026-06-01T22:20:06,0.0005
4,115-139,1780323905,2026-06-01T22:25:05,0.0005
4,115-139,1780324206,2026-06-01T22:30:06,0.0005
4,115-139,1780324508,2026-06-01T22:35:08,0.0005
4,115-139,1780324806,2026-06-01T22:40:06,0.0005
4,115-139,1780325106,2026-06-01T22:45:06,0.0005
4,115-139,1780325405,2026-06-01T22:50:05,0.0005
4,115-139,1780325704,2026-06-01T22:55:04,0.0005
4,115-139,1780326305,2026-06-01T23:05:05,0.0005
4,115-139,1780326605,2026-06-01T23:10:05,0.0005
4,115-139,1780326904,2026-06-01T23:15:04,0.0005
4,115-139,1780327204,2026-06-01T23:20:04,0.0005
4,115-139,1780327506,2026-06-01T23:25:06,0.0005
4,115-139,1780327806,2026-06-01T23:30:06,0.0005
4,115-139,1780328118,2026-06-01T23:35:18,0.0005
4,115-139,1780328404,2026-06-01T23:40:04,0.0005
4,115-139,1780328703,2026-06-01T23:45:03,0.0005
4,115-139,1780329006,2026-06-01T23:50:06,0.0005
4,115-139,1780329306,2026-06-01T23:55:06,0.0005
4,115-139,1780329905,2026-06-02T00:05:05,0.0005
4,115-139,1780330206,2026-06-02T00:10:06,0.0005
4,115-139,1780330504,2026-06-02T00:15:04,0.0005
4,115-139,1780330805,2026-06-02T00:20:05,0.0005
4,115-139,1780331105,2026-06-02T00:25:05,0.0005
4,115-139,1780331407,2026-06-02T00:30:07,0.0005
4,115-139,1780331704,2026-06-02T00:35:04,0.0005
4,115-139,1780332005,2026-06-02T00:40:05,0.0005
4,115-139,1780332307,2026-06-02T00:45:07,0.0005
4,115-139,1780332604,2026-06-02T00:50:04,0.0005
4,115-139,1780332907,2026-06-02T00:55:07,0.0005
4,115-139,1780333504,2026-06-02T01:05:04,0.0005
4,115-139,1780333804,2026-06-02T01:10:04,0.0005
4,115-139,1780334104,2026-06-02T01:15:04,0.0005
4,115-139,1780334407,2026-06-02T01:20:07,0.0005
4,115-139,1780334704,2026-06-02T01:25:04,0.0005
4,115-139,1780335007,2026-06-02T01:30:07,0.0005
4,115-139,1780335305,2026-06-02T01:35:05,0.0005
4,115-139,1780335603,2026-06-02T01:40:03,0.0005
4,115-139,1780335907,2026-06-02T01:45:07,0.0005
4,115-139,1780336204,2026-06-02T01:50:04,0.0005
4,115-139,1780336505,2026-06-02T01:55:05,0.0005
4,115-139,1780337104,2026-06-02T02:05:04,0.0005
4,115-139,1780337405,2026-06-02T02:10:05,0.0005
4,115-139,1780337704,2026-06-02T02:15:04,0.0005
4,115-139,1780338005,2026-06-02T02:20:05,0.0005
4,115-139,1780338319,2026-06-02T02:25:19,0.0005
4,115-139,1780338607,2026-06-02T02:30:07,0.0005
4,115-139,1780338906,2026-06-02T02:35:06,0.0005
4,115-139,1780339204,2026-06-02T02:40:04,0.0005
4,115-139,1780339504,2026-06-02T02:45:04,0.0005
4,115-139,1780339804,2026-06-02T02:50:04,0.0005
4,115-139,1780340104,2026-06-02T02:55:04,0.0005
4,115-139,1780340704,2026-06-02T03:05:04,0.0005
4,115-139,1780341005,2026-06-02T03:10:05,0.0005
4,115-139,1780341304,2026-06-02T03:15:04,0.0005
4,115-139,1780341621,2026-06-02T03:20:21,0.0005
4,115-139,1780341904,2026-06-02T03:25:04,0.0005
4,115-139,1780342205,2026-06-02T03:30:05,0.0005
4,115-139,1780342505,2026-06-02T03:35:05,0.0005
4,115-139,1780342805,2026-06-02T03:40:05,0.0005
5,140-164,1779992705,2026-05-29T02:25:05,0.02
5,140-164,1779993008,2026-05-29T02:30:08,0.02
5,140-164,1779993305,2026-05-29T02:35:05,0.025
5,140-164,1779993605,2026-05-29T02:40:05,0.0115
5,140-164,1779993904,2026-05-29T02:45:04,0.007
5,140-164,1779994206,2026-05-29T02:50:06,0.0185
5,140-164,1779994504,2026-05-29T02:55:04,0.007
5,140-164,1779995106,2026-05-29T03:05:06,0.0275
5,140-164,1779995406,2026-05-29T03:10:06,0.0295
5,140-164,1779995706,2026-05-29T03:15:06,0.0295
5,140-164,1779996007,2026-05-29T03:20:07,0.0295
5,140-164,1779996305,2026-05-29T03:25:05,0.0295
5,140-164,1779996618,2026-05-29T03:30:18,0.0295
5,140-164,1779996905,2026-05-29T03:35:05,0.0295
5,140-164,1779997205,2026-05-29T03:40:05,0.0295
5,140-164,1779997504,2026-05-29T03:45:04,0.0295
5,140-164,1779997806,2026-05-29T03:50:06,0.0295
5,140-164,1779998106,2026-05-29T03:55:06,0.0295
5,140-164,1779998704,2026-05-29T04:05:04,0.0295
5,140-164,1779999006,2026-05-29T04:10:06,0.0295
5,140-164,1779999305,2026-05-29T04:15:05,0.0295
5,140-164,1779999608,2026-05-29T04:20:08,0.0295
5,140-164,1779999908,2026-05-29T04:25:08,0.0295
5,140-164,1780000212,2026-05-29T04:30:12,0.0295
5,140-164,1780000505,2026-05-29T04:35:05,0.0295
5,140-164,1780000807,2026-05-29T04:40:07,0.0295
5,140-164,1780001104,2026-05-29T04:45:04,0.0295
5,140-164,1780001404,2026-05-29T04:50:04,0.0295
5,140-164,1780001705,2026-05-29T04:55:05,0.0295
5,140-164,1780002305,2026-05-29T05:05:05,0.0295
5,140-164,1780002604,2026-05-29T05:10:04,0.0285
5,140-164,1780002905,2026-05-29T05:15:05,0.0265
5,140-164,1780003204,2026-05-29T05:20:04,0.0265
5,140-164,1780003504,2026-05-29T05:25:04,0.0265
5,140-164,1780003809,2026-05-29T05:30:09,0.0265
5,140-164,1780004104,2026-05-29T05:35:04,0.0265
5,140-164,1780004404,2026-05-29T05:40:04,0.0265
5,140-164,1780004704,2026-05-29T05:45:04,0.0265
5,140-164,1780005005,2026-05-29T05:50:05,0.0265
5,140-164,1780005308,2026-05-29T05:55:08,0.0265
5,140-164,1780005905,2026-05-29T06:05:05,0.0265
5,140-164,1780006206,2026-05-29T06:10:06,0.0265
5,140-164,1780006506,2026-05-29T06:15:06,0.0265
5,140-164,1780006805,2026-05-29T06:20:05,0.0265
5,140-164,1780007107,2026-05-29T06:25:07,0.0265
5,140-164,1780007409,2026-05-29T06:30:09,0.0265
5,140-164,1780007710,2026-05-29T06:35:10,0.0265
5,140-164,1780008005,2026-05-29T06:40:05,0.0265
5,140-164,1780008305,2026-05-29T06:45:05,0.0265
5,140-164,1780008604,2026-05-29T06:50:04,0.0265
5,140-164,1780008905,2026-05-29T06:55:05,0.015
5,140-164,1780009517,2026-05-29T07:05:17,0.0155
5,140-164,1780009806,2026-05-29T07:10:06,0.0155
5,140-164,1780010105,2026-05-29T07:15:05,0.0155
5,140-164,1780010418,2026-05-29T07:20:18,0.0155
5,140-164,1780010706,2026-05-29T07:25:06,0.0155
5,140-164,1780011007,2026-05-29T07:30:07,0.0155
5,140-164,1780011304,2026-05-29T07:35:04,0.0155
5,140-164,1780011605,2026-05-29T07:40:05,0.0155
5,140-164,1780011905,2026-05-29T07:45:05,0.0155
5,140-164,1780012209,2026-05-29T07:50:09,0.0155
5,140-164,1780012504,2026-05-29T07:55:04,0.0155
5,140-164,1780013103,2026-05-29T08:05:03,0.0155
5,140-164,1780013406,2026-05-29T08:10:06,0.0155
5,140-164,1780013704,2026-05-29T08:15:04,0.0175
5,140-164,1780014004,2026-05-29T08:20:04,0.018
5,140-164,1780014304,2026-05-29T08:25:04,0.018
5,140-164,1780014612,2026-05-29T08:30:12,0.018
5,140-164,1780014904,2026-05-29T08:35:04,0.018
5,140-164,1780015204,2026-05-29T08:40:04,0.018
5,140-164,1780015506,2026-05-29T08:45:06,0.018
5,140-164,1780015805,2026-05-29T08:50:05,0.018
5,140-164,1780016104,2026-05-29T08:55:04,0.018
5,140-164,1780016704,2026-05-29T09:05:04,0.011
5,140-164,1780017005,2026-05-29T09:10:05,0.0095
5,140-164,1780017305,2026-05-29T09:15:05,0.0085
5,140-164,1780017605,2026-05-29T09:20:05,0.0075
5,140-164,1780017904,2026-05-29T09:25:04,0.0085
5,140-164,1780018205,2026-05-29T09:30:05,0.0085
5,140-164,1780018504,2026-05-29T09:35:04,0.0085
5,140-164,1780018804,2026-05-29T09:40:04,0.0085
5,140-164,1780019104,2026-05-29T09:45:04,0.0085
5,140-164,1780019404,2026-05-29T09:50:04,0.0085
5,140-164,1780019704,2026-05-29T09:55:04,0.0085
5,140-164,1780020304,2026-05-29T10:05:04,0.0095
5,140-164,1780020605,2026-05-29T10:10:05,0.0095
5,140-164,1780020904,2026-05-29T10:15:04,0.0095
5,140-164,1780021204,2026-05-29T10:20:04,0.0095
5,140-164,1780021504,2026-05-29T10:25:04,0.0095
5,140-164,1780021805,2026-05-29T10:30:05,0.0095
5,140-164,1780022105,2026-05-29T10:35:05,0.0095
5,140-164,1780022403,2026-05-29T10:40:03,0.0095
5,140-164,1780022704,2026-05-29T10:45:04,0.0095
5,140-164,1780023003,2026-05-29T10:50:03,0.0095
5,140-164,1780023304,2026-05-29T10:55:04,0.0095
5,140-164,1780023904,2026-05-29T11:05:04,0.0095
5,140-164,1780024204,2026-05-29T11:10:04,0.0095
5,140-164,1780024505,2026-05-29T11:15:05,0.0095
5,140-164,1780024804,2026-05-29T11:20:04,0.0095
5,140-164,1780025104,2026-05-29T11:25:04,0.0095
5,140-164,1780025406,2026-05-29T11:30:06,0.0095
5,140-164,1780025704,2026-05-29T11:35:04,0.0095
5,140-164,1780026004,2026-05-29T11:40:04,0.0095
5,140-164,1780026305,2026-05-29T11:45:05,0.0095
5,140-164,1780026608,2026-05-29T11:50:08,0.0095
5,140-164,1780026916,2026-05-29T11:55:16,0.0095
5,140-164,1780027505,2026-05-29T12:05:05,0.0095
5,140-164,1780027804,2026-05-29T12:10:04,0.0085
5,140-164,1780028104,2026-05-29T12:15:04,0.0085
5,140-164,1780028405,2026-05-29T12:20:05,0.0085
5,140-164,1780028705,2026-05-29T12:25:05,0.0085
5,140-164,1780029005,2026-05-29T12:30:05,0.0085
5,140-164,1780029305,2026-05-29T12:35:05,0.0065
5,140-164,1780029605,2026-05-29T12:40:05,0.0065
5,140-164,1780029905,2026-05-29T12:45:05,0.0065
5,140-164,1780030206,2026-05-29T12:50:06,0.0065
5,140-164,1780030505,2026-05-29T12:55:05,0.0065
5,140-164,1780031105,2026-05-29T13:05:05,0.0065
5,140-164,1780031408,2026-05-29T13:10:08,0.0065
5,140-164,1780031705,2026-05-29T13:15:05,0.0065
5,140-164,1780032004,2026-05-29T13:20:04,0.0065
5,140-164,1780032306,2026-05-29T13:25:06,0.0065
5,140-164,1780032608,2026-05-29T13:30:08,0.0065
5,140-164,1780032916,2026-05-29T13:35:16,0.0065
5,140-164,1780033204,2026-05-29T13:40:04,0.0065
5,140-164,1780033506,2026-05-29T13:45:06,0.0065
5,140-164,1780033804,2026-05-29T13:50:04,0.0065
5,140-164,1780034104,2026-05-29T13:55:04,0.0065
5,140-164,1780034705,2026-05-29T14:05:05,0.0065
5,140-164,1780035017,2026-05-29T14:10:17,0.0065
5,140-164,1780035305,2026-05-29T14:15:05,0.0065
5,140-164,1780035604,2026-05-29T14:20:04,0.0065
5,140-164,1780035905,2026-05-29T14:25:05,0.0065
5,140-164,1780036207,2026-05-29T14:30:07,0.0065
5,140-164,1780036504,2026-05-29T14:35:04,0.0065
5,140-164,1780036804,2026-05-29T14:40:04,0.0065
5,140-164,1780037104,2026-05-29T14:45:04,0.0065
5,140-164,1780037405,2026-05-29T14:50:05,0.0065
5,140-164,1780037704,2026-05-29T14:55:04,0.0065
5,140-164,1780038305,2026-05-29T15:05:05,0.0065
5,140-164,1780038604,2026-05-29T15:10:04,0.0065
5,140-164,1780038914,2026-05-29T15:15:14,0.0065
5,140-164,1780039204,2026-05-29T15:20:04,0.0065
5,140-164,1780039504,2026-05-29T15:25:04,0.0065
5,140-164,1780039805,2026-05-29T15:30:05,0.0065
5,140-164,1780040105,2026-05-29T15:35:05,0.0065
5,140-164,1780040406,2026-05-29T15:40:06,0.0065
5,140-164,1780040705,2026-05-29T15:45:05,0.0065
5,140-164,1780041005,2026-05-29T15:50:05,0.0065
5,140-164,1780041304,2026-05-29T15:55:04,0.0065
5,140-164,1780041904,2026-05-29T16:05:04,0.0065
5,140-164,1780042204,2026-05-29T16:10:04,0.0065
5,140-164,1780042504,2026-05-29T16:15:04,0.0065
5,140-164,1780042804,2026-05-29T16:20:04,0.0065
5,140-164,1780043104,2026-05-29T16:25:04,0.0065
5,140-164,1780043405,2026-05-29T16:30:05,0.0065
5,140-164,1780043704,2026-05-29T16:35:04,0.0065
5,140-164,1780044005,2026-05-29T16:40:05,0.0065
5,140-164,1780044304,2026-05-29T16:45:04,0.0065
5,140-164,1780044604,2026-05-29T16:50:04,0.0065
5,140-164,1780044904,2026-05-29T16:55:04,0.0065
5,140-164,1780045508,2026-05-29T17:05:08,0.0065
5,140-164,1780045805,2026-05-29T17:10:05,0.0065
5,140-164,1780046105,2026-05-29T17:15:05,0.0065
5,140-164,1780046404,2026-05-29T17:20:04,0.0065
5,140-164,1780046706,2026-05-29T17:25:06,0.0065
5,140-164,1780047020,2026-05-29T17:30:20,0.0065
5,140-164,1780047305,2026-05-29T17:35:05,0.0065
5,140-164,1780047604,2026-05-29T17:40:04,0.0065
5,140-164,1780047904,2026-05-29T17:45:04,0.0065
5,140-164,1780048205,2026-05-29T17:50:05,0.0065
5,140-164,1780048507,2026-05-29T17:55:07,0.0065
5,140-164,1780049104,2026-05-29T18:05:04,0.0065
5,140-164,1780049404,2026-05-29T18:10:04,0.0065
5,140-164,1780049704,2026-05-29T18:15:04,0.0065
5,140-164,1780050005,2026-05-29T18:20:05,0.0065
5,140-164,1780050305,2026-05-29T18:25:05,0.0065
5,140-164,1780050605,2026-05-29T18:30:05,0.0065
5,140-164,1780050904,2026-05-29T18:35:04,0.0065
5,140-164,1780051204,2026-05-29T18:40:04,0.0065
5,140-164,1780051504,2026-05-29T18:45:04,0.0065
5,140-164,1780051805,2026-05-29T18:50:05,0.0065
5,140-164,1780052105,2026-05-29T18:55:05,0.0065
5,140-164,1780052704,2026-05-29T19:05:04,0.0065
5,140-164,1780053004,2026-05-29T19:10:04,0.0065
5,140-164,1780053305,2026-05-29T19:15:05,0.0065
5,140-164,1780053604,2026-05-29T19:20:04,0.0065
5,140-164,1780053904,2026-05-29T19:25:04,0.0065
5,140-164,1780054205,2026-05-29T19:30:05,0.0065
5,140-164,1780054505,2026-05-29T19:35:05,0.0065
5,140-164,1780054805,2026-05-29T19:40:05,0.0065
5,140-164,1780055105,2026-05-29T19:45:05,0.0065
5,140-164,1780055404,2026-05-29T19:50:04,0.0065
5,140-164,1780055704,2026-05-29T19:55:04,0.0065
5,140-164,1780056320,2026-05-29T20:05:20,0.0065
5,140-164,1780056326,2026-05-29T20:05:26,0.0065
5,140-164,1780056604,2026-05-29T20:10:04,0.0065
5,140-164,1780058105,2026-05-29T20:35:05,0.0065
5,140-164,1780058404,2026-05-29T20:40:04,0.0065
5,140-164,1780058703,2026-05-29T20:45:03,0.0065
5,140-164,1780059003,2026-05-29T20:50:03,0.0065
5,140-164,1780059305,2026-05-29T20:55:05,0.0065
5,140-164,1780059905,2026-05-29T21:05:05,0.0065
5,140-164,1780060204,2026-05-29T21:10:04,0.0065
5,140-164,1780061406,2026-05-29T21:30:06,0.0065
5,140-164,1780061704,2026-05-29T21:35:04,0.0065
5,140-164,1780062004,2026-05-29T21:40:04,0.01
5,140-164,1780062308,2026-05-29T21:45:08,0.0095
5,140-164,1780062606,2026-05-29T21:50:06,0.009
5,140-164,1780062905,2026-05-29T21:55:05,0.009
5,140-164,1780063504,2026-05-29T22:05:04,0.009
5,140-164,1780063808,2026-05-29T22:10:08,0.009
5,140-164,1780064104,2026-05-29T22:15:04,0.009
5,140-164,1780064405,2026-05-29T22:20:05,0.009
5,140-164,1780064704,2026-05-29T22:25:04,0.009
5,140-164,1780065007,2026-05-29T22:30:07,0.01
5,140-164,1780065305,2026-05-29T22:35:05,0.0095
5,140-164,1780065605,2026-05-29T22:40:05,0.0095
5,140-164,1780065905,2026-05-29T22:45:05,0.01
5,140-164,1780066205,2026-05-29T22:50:05,0.0095
5,140-164,1780066505,2026-05-29T22:55:05,0.009
5,140-164,1780067106,2026-05-29T23:05:06,0.0095
5,140-164,1780067405,2026-05-29T23:10:05,0.01
5,140-164,1780067705,2026-05-29T23:15:05,0.01
5,140-164,1780068006,2026-05-29T23:20:06,0.01
5,140-164,1780068304,2026-05-29T23:25:04,0.009
5,140-164,1780068607,2026-05-29T23:30:07,0.0085
5,140-164,1780068906,2026-05-29T23:35:06,0.0085
5,140-164,1780069205,2026-05-29T23:40:05,0.0085
5,140-164,1780069508,2026-05-29T23:45:08,0.009
5,140-164,1780069805,2026-05-29T23:50:05,0.009
5,140-164,1780070104,2026-05-29T23:55:04,0.009
5,140-164,1780070706,2026-05-30T00:05:06,0.01
5,140-164,1780071005,2026-05-30T00:10:05,0.009
5,140-164,1780071306,2026-05-30T00:15:06,0.0095
5,140-164,1780071606,2026-05-30T00:20:06,0.009
5,140-164,1780071905,2026-05-30T00:25:05,0.0075
5,140-164,1780072207,2026-05-30T00:30:07,0.009
5,140-164,1780072504,2026-05-30T00:35:04,0.0085
5,140-164,1780072806,2026-05-30T00:40:06,0.0085
5,140-164,1780073104,2026-05-30T00:45:04,0.0085
5,140-164,1780073404,2026-05-30T00:50:04,0.0085
5,140-164,1780073705,2026-05-30T00:55:05,0.008
5,140-164,1780074306,2026-05-30T01:05:06,0.007
5,140-164,1780074604,2026-05-30T01:10:04,0.006
5,140-164,1780074906,2026-05-30T01:15:06,0.006
5,140-164,1780075209,2026-05-30T01:20:09,0.006
5,140-164,1780075504,2026-05-30T01:25:04,0.006
5,140-164,1780075805,2026-05-30T01:30:05,0.006
5,140-164,1780076104,2026-05-30T01:35:04,0.006
5,140-164,1780076404,2026-05-30T01:40:04,0.006
5,140-164,1780076704,2026-05-30T01:45:04,0.006
5,140-164,1780077018,2026-05-30T01:50:18,0.006
5,140-164,1780077304,2026-05-30T01:55:04,0.008
5,140-164,1780077905,2026-05-30T02:05:05,0.006
5,140-164,1780078206,2026-05-30T02:10:06,0.0055
5,140-164,1780078505,2026-05-30T02:15:05,0.0055
5,140-164,1780078804,2026-05-30T02:20:04,0.0055
5,140-164,1780079104,2026-05-30T02:25:04,0.0055
5,140-164,1780079410,2026-05-30T02:30:10,0.0055
5,140-164,1780079719,2026-05-30T02:35:19,0.0055
5,140-164,1780080017,2026-05-30T02:40:17,0.0055
5,140-164,1780080305,2026-05-30T02:45:05,0.0055
5,140-164,1780080605,2026-05-30T02:50:05,0.0055
5,140-164,1780080904,2026-05-30T02:55:04,0.0055
5,140-164,1780081504,2026-05-30T03:05:04,0.0055
5,140-164,1780081815,2026-05-30T03:10:15,0.0055
5,140-164,1780082105,2026-05-30T03:15:05,0.0055
5,140-164,1780082405,2026-05-30T03:20:05,0.0055
5,140-164,1780082705,2026-05-30T03:25:05,0.0055
5,140-164,1780083006,2026-05-30T03:30:06,0.0055
5,140-164,1780083304,2026-05-30T03:35:04,0.0055
5,140-164,1780083604,2026-05-30T03:40:04,0.0055
5,140-164,1780083904,2026-05-30T03:45:04,0.0055
5,140-164,1780084205,2026-05-30T03:50:05,0.0055
5,140-164,1780084505,2026-05-30T03:55:05,0.0055
5,140-164,1780085104,2026-05-30T04:05:04,0.0055
5,140-164,1780085404,2026-05-30T04:10:04,0.0055
5,140-164,1780085705,2026-05-30T04:15:05,0.0055
5,140-164,1780086006,2026-05-30T04:20:06,0.0055
5,140-164,1780086304,2026-05-30T04:25:04,0.0055
5,140-164,1780086605,2026-05-30T04:30:05,0.0055
5,140-164,1780086905,2026-05-30T04:35:05,0.0055
5,140-164,1780087207,2026-05-30T04:40:07,0.0055
5,140-164,1780087504,2026-05-30T04:45:04,0.0055
5,140-164,1780087805,2026-05-30T04:50:05,0.0055
5,140-164,1780088108,2026-05-30T04:55:08,0.0055
5,140-164,1780088704,2026-05-30T05:05:04,0.0055
5,140-164,1780089006,2026-05-30T05:10:06,0.0055
5,140-164,1780089304,2026-05-30T05:15:04,0.0055
5,140-164,1780089605,2026-05-30T05:20:05,0.0055
5,140-164,1780089905,2026-05-30T05:25:05,0.0055
5,140-164,1780090205,2026-05-30T05:30:05,0.0055
5,140-164,1780090504,2026-05-30T05:35:04,0.0055
5,140-164,1780090819,2026-05-30T05:40:19,0.0055
5,140-164,1780091106,2026-05-30T05:45:06,0.0055
5,140-164,1780091405,2026-05-30T05:50:05,0.0055
5,140-164,1780091704,2026-05-30T05:55:04,0.0055
5,140-164,1780092305,2026-05-30T06:05:05,0.0055
5,140-164,1780092606,2026-05-30T06:10:06,0.0055
5,140-164,1780092905,2026-05-30T06:15:05,0.0055
5,140-164,1780093205,2026-05-30T06:20:05,0.0055
5,140-164,1780093505,2026-05-30T06:25:05,0.0055
5,140-164,1780093807,2026-05-30T06:30:07,0.0055
5,140-164,1780094106,2026-05-30T06:35:06,0.0055
5,140-164,1780094404,2026-05-30T06:40:04,0.0055
5,140-164,1780094705,2026-05-30T06:45:05,0.0055
5,140-164,1780095005,2026-05-30T06:50:05,0.0055
5,140-164,1780095308,2026-05-30T06:55:08,0.0055
5,140-164,1780095905,2026-05-30T07:05:05,0.0055
5,140-164,1780096205,2026-05-30T07:10:05,0.0055
5,140-164,1780096505,2026-05-30T07:15:05,0.0055
5,140-164,1780096804,2026-05-30T07:20:04,0.0055
5,140-164,1780097105,2026-05-30T07:25:05,0.0055
5,140-164,1780097407,2026-05-30T07:30:07,0.0055
5,140-164,1780097705,2026-05-30T07:35:05,0.0055
5,140-164,1780098004,2026-05-30T07:40:04,0.0055
5,140-164,1780098304,2026-05-30T07:45:04,0.0055
5,140-164,1780098605,2026-05-30T07:50:05,0.0055
5,140-164,1780098905,2026-05-30T07:55:05,0.0055
5,140-164,1780099504,2026-05-30T08:05:04,0.0055
5,140-164,1780099804,2026-05-30T08:10:04,0.0055
5,140-164,1780100106,2026-05-30T08:15:06,0.0055
5,140-164,1780100404,2026-05-30T08:20:04,0.0055
5,140-164,1780100705,2026-05-30T08:25:05,0.0055
5,140-164,1780101009,2026-05-30T08:30:09,0.0055
5,140-164,1780101303,2026-05-30T08:35:03,0.0055
5,140-164,1780101605,2026-05-30T08:40:05,0.0055
5,140-164,1780101906,2026-05-30T08:45:06,0.0055
5,140-164,1780102205,2026-05-30T08:50:05,0.0055
5,140-164,1780102506,2026-05-30T08:55:06,0.0055
5,140-164,1780103104,2026-05-30T09:05:04,0.0055
5,140-164,1780103404,2026-05-30T09:10:04,0.0055
5,140-164,1780103714,2026-05-30T09:15:14,0.0055
5,140-164,1780104005,2026-05-30T09:20:05,0.0055
5,140-164,1780104305,2026-05-30T09:25:05,0.0055
5,140-164,1780104609,2026-05-30T09:30:09,0.0055
5,140-164,1780104904,2026-05-30T09:35:04,0.0055
5,140-164,1780105204,2026-05-30T09:40:04,0.0055
5,140-164,1780105505,2026-05-30T09:45:05,0.0055
5,140-164,1780105805,2026-05-30T09:50:05,0.0055
5,140-164,1780106116,2026-05-30T09:55:16,0.0055
5,140-164,1780106705,2026-05-30T10:05:05,0.0055
5,140-164,1780107004,2026-05-30T10:10:04,0.0055
5,140-164,1780107305,2026-05-30T10:15:05,0.0055
5,140-164,1780107604,2026-05-30T10:20:04,0.0055
5,140-164,1780107905,2026-05-30T10:25:05,0.0055
5,140-164,1780108209,2026-05-30T10:30:09,0.0055
5,140-164,1780108504,2026-05-30T10:35:04,0.0055
5,140-164,1780108807,2026-05-30T10:40:07,0.0055
5,140-164,1780109105,2026-05-30T10:45:05,0.0055
5,140-164,1780109404,2026-05-30T10:50:04,0.0055
5,140-164,1780109705,2026-05-30T10:55:05,0.0055
5,140-164,1780110304,2026-05-30T11:05:04,0.0055
5,140-164,1780110606,2026-05-30T11:10:06,0.0055
5,140-164,1780110916,2026-05-30T11:15:16,0.0055
5,140-164,1780111205,2026-05-30T11:20:05,0.0055
5,140-164,1780111520,2026-05-30T11:25:20,0.0055
5,140-164,1780111806,2026-05-30T11:30:06,0.0055
5,140-164,1780112104,2026-05-30T11:35:04,0.0055
5,140-164,1780112404,2026-05-30T11:40:04,0.0055
5,140-164,1780112704,2026-05-30T11:45:04,0.0055
5,140-164,1780113008,2026-05-30T11:50:08,0.0055
5,140-164,1780113304,2026-05-30T11:55:04,0.0055
5,140-164,1780113905,2026-05-30T12:05:05,0.0055
5,140-164,1780114205,2026-05-30T12:10:05,0.0055
5,140-164,1780114506,2026-05-30T12:15:06,0.0055
5,140-164,1780114805,2026-05-30T12:20:05,0.0055
5,140-164,1780115104,2026-05-30T12:25:04,0.0055
5,140-164,1780115405,2026-05-30T12:30:05,0.0055
5,140-164,1780115705,2026-05-30T12:35:05,0.0055
5,140-164,1780116005,2026-05-30T12:40:05,0.0055
5,140-164,1780116305,2026-05-30T12:45:05,0.0055
5,140-164,1780116605,2026-05-30T12:50:05,0.0055
5,140-164,1780116905,2026-05-30T12:55:05,0.0055
5,140-164,1780117505,2026-05-30T13:05:05,0.0055
5,140-164,1780117805,2026-05-30T13:10:05,0.0055
5,140-164,1780118105,2026-05-30T13:15:05,0.0055
5,140-164,1780118404,2026-05-30T13:20:04,0.0055
5,140-164,1780118705,2026-05-30T13:25:05,0.0055
5,140-164,1780119006,2026-05-30T13:30:06,0.0055
5,140-164,1780119305,2026-05-30T13:35:05,0.0055
5,140-164,1780119603,2026-05-30T13:40:03,0.0055
5,140-164,1780119905,2026-05-30T13:45:05,0.0055
5,140-164,1780120205,2026-05-30T13:50:05,0.0055
5,140-164,1780120506,2026-05-30T13:55:06,0.0055
5,140-164,1780121104,2026-05-30T14:05:04,0.0055
5,140-164,1780121404,2026-05-30T14:10:04,0.0055
5,140-164,1780121704,2026-05-30T14:15:04,0.0055
5,140-164,1780122004,2026-05-30T14:20:04,0.0055
5,140-164,1780122305,2026-05-30T14:25:05,0.0055
5,140-164,1780122605,2026-05-30T14:30:05,0.0055
5,140-164,1780122909,2026-05-30T14:35:09,0.0055
5,140-164,1780123204,2026-05-30T14:40:04,0.0055
5,140-164,1780123517,2026-05-30T14:45:17,0.0055
5,140-164,1780123804,2026-05-30T14:50:04,0.0055
5,140-164,1780124104,2026-05-30T14:55:04,0.0055
5,140-164,1780124705,2026-05-30T15:05:05,0.0055
5,140-164,1780125004,2026-05-30T15:10:04,0.0055
5,140-164,1780125305,2026-05-30T15:15:05,0.0055
5,140-164,1780125620,2026-05-30T15:20:20,0.0055
5,140-164,1780125904,2026-05-30T15:25:04,0.0055
5,140-164,1780126206,2026-05-30T15:30:06,0.0055
5,140-164,1780126506,2026-05-30T15:35:06,0.0055
5,140-164,1780126804,2026-05-30T15:40:04,0.0055
5,140-164,1780127104,2026-05-30T15:45:04,0.0055
5,140-164,1780127404,2026-05-30T15:50:04,0.0055
5,140-164,1780127704,2026-05-30T15:55:04,0.0055
5,140-164,1780128304,2026-05-30T16:05:04,0.0055
5,140-164,1780128605,2026-05-30T16:10:05,0.0055
5,140-164,1780128904,2026-05-30T16:15:04,0.0055
5,140-164,1780129204,2026-05-30T16:20:04,0.0055
5,140-164,1780129505,2026-05-30T16:25:05,0.0055
5,140-164,1780129805,2026-05-30T16:30:05,0.0055
5,140-164,1780130104,2026-05-30T16:35:04,0.0055
5,140-164,1780130405,2026-05-30T16:40:05,0.0055
5,140-164,1780130704,2026-05-30T16:45:04,0.0055
5,140-164,1780131009,2026-05-30T16:50:09,0.0055
5,140-164,1780131305,2026-05-30T16:55:05,0.0055
5,140-164,1780131905,2026-05-30T17:05:05,0.0055
5,140-164,1780132204,2026-05-30T17:10:04,0.0055
5,140-164,1780132504,2026-05-30T17:15:04,0.0055
5,140-164,1780132805,2026-05-30T17:20:05,0.0055
5,140-164,1780133105,2026-05-30T17:25:05,0.0055
5,140-164,1780133406,2026-05-30T17:30:06,0.0055
5,140-164,1780133704,2026-05-30T17:35:04,0.0055
5,140-164,1780134005,2026-05-30T17:40:05,0.0055
5,140-164,1780134305,2026-05-30T17:45:05,0.0055
5,140-164,1780134604,2026-05-30T17:50:04,0.0055
5,140-164,1780134905,2026-05-30T17:55:05,0.0055
5,140-164,1780135504,2026-05-30T18:05:04,0.0055
5,140-164,1780135819,2026-05-30T18:10:19,0.0055
5,140-164,1780136105,2026-05-30T18:15:05,0.0055
5,140-164,1780136406,2026-05-30T18:20:06,0.0055
5,140-164,1780136706,2026-05-30T18:25:06,0.0055
5,140-164,1780137005,2026-05-30T18:30:05,0.0055
5,140-164,1780137304,2026-05-30T18:35:04,0.006
5,140-164,1780137604,2026-05-30T18:40:04,0.006
5,140-164,1780137904,2026-05-30T18:45:04,0.006
5,140-164,1780138204,2026-05-30T18:50:04,0.006
5,140-164,1780138504,2026-05-30T18:55:04,0.006
5,140-164,1780139105,2026-05-30T19:05:05,0.006
5,140-164,1780139405,2026-05-30T19:10:05,0.006
5,140-164,1780139707,2026-05-30T19:15:07,0.006
5,140-164,1780140005,2026-05-30T19:20:05,0.006
5,140-164,1780140304,2026-05-30T19:25:04,0.006
5,140-164,1780140607,2026-05-30T19:30:07,0.006
5,140-164,1780140904,2026-05-30T19:35:04,0.006
5,140-164,1780141204,2026-05-30T19:40:04,0.006
5,140-164,1780141509,2026-05-30T19:45:09,0.006
5,140-164,1780141805,2026-05-30T19:50:05,0.006
5,140-164,1780142106,2026-05-30T19:55:06,0.006
5,140-164,1780142704,2026-05-30T20:05:04,0.006
5,140-164,1780143004,2026-05-30T20:10:04,0.006
5,140-164,1780143304,2026-05-30T20:15:04,0.006
5,140-164,1780143605,2026-05-30T20:20:05,0.006
5,140-164,1780143904,2026-05-30T20:25:04,0.006
5,140-164,1780144207,2026-05-30T20:30:07,0.006
5,140-164,1780144517,2026-05-30T20:35:17,0.006
5,140-164,1780144805,2026-05-30T20:40:05,0.006
5,140-164,1780145105,2026-05-30T20:45:05,0.006
5,140-164,1780145405,2026-05-30T20:50:05,0.006
5,140-164,1780145707,2026-05-30T20:55:07,0.006
5,140-164,1780146306,2026-05-30T21:05:06,0.006
5,140-164,1780146605,2026-05-30T21:10:05,0.0055
5,140-164,1780146905,2026-05-30T21:15:05,0.0055
5,140-164,1780147205,2026-05-30T21:20:05,0.0055
5,140-164,1780147508,2026-05-30T21:25:08,0.0055
5,140-164,1780147807,2026-05-30T21:30:07,0.0055
5,140-164,1780148104,2026-05-30T21:35:04,0.0055
5,140-164,1780148405,2026-05-30T21:40:05,0.0055
5,140-164,1780148706,2026-05-30T21:45:06,0.0055
5,140-164,1780149005,2026-05-30T21:50:05,0.0055
5,140-164,1780149305,2026-05-30T21:55:05,0.0055
5,140-164,1780149904,2026-05-30T22:05:04,0.0055
5,140-164,1780150205,2026-05-30T22:10:05,0.0055
5,140-164,1780150518,2026-05-30T22:15:18,0.0055
5,140-164,1780150806,2026-05-30T22:20:06,0.0055
5,140-164,1780151104,2026-05-30T22:25:04,0.0055
5,140-164,1780151410,2026-05-30T22:30:10,0.0055
5,140-164,1780151704,2026-05-30T22:35:04,0.0055
5,140-164,1780152004,2026-05-30T22:40:04,0.0055
5,140-164,1780152305,2026-05-30T22:45:05,0.0055
5,140-164,1780152604,2026-05-30T22:50:04,0.0055
5,140-164,1780152904,2026-05-30T22:55:04,0.0055
5,140-164,1780153504,2026-05-30T23:05:04,0.0055
5,140-164,1780153820,2026-05-30T23:10:20,0.0055
5,140-164,1780154104,2026-05-30T23:15:04,0.0055
5,140-164,1780154405,2026-05-30T23:20:05,0.0055
5,140-164,1780154705,2026-05-30T23:25:05,0.0055
5,140-164,1780155022,2026-05-30T23:30:22,0.0055
5,140-164,1780155305,2026-05-30T23:35:05,0.0055
5,140-164,1780155605,2026-05-30T23:40:05,0.0055
5,140-164,1780155905,2026-05-30T23:45:05,0.0055
5,140-164,1780156218,2026-05-30T23:50:18,0.0055
5,140-164,1780156505,2026-05-30T23:55:05,0.0055
5,140-164,1780157105,2026-05-31T00:05:05,0.006
5,140-164,1780157409,2026-05-31T00:10:09,0.0025
5,140-164,1780157706,2026-05-31T00:15:06,0.0025
5,140-164,1780158005,2026-05-31T00:20:05,0.0015
5,140-164,1780158319,2026-05-31T00:25:19,0.0015
5,140-164,1780158606,2026-05-31T00:30:06,0.0015
5,140-164,1780158906,2026-05-31T00:35:06,0.0015
5,140-164,1780159207,2026-05-31T00:40:07,0.0015
5,140-164,1780159506,2026-05-31T00:45:06,0.0015
5,140-164,1780159805,2026-05-31T00:50:05,0.0015
5,140-164,1780160104,2026-05-31T00:55:04,0.0015
5,140-164,1780160705,2026-05-31T01:05:05,0.0015
5,140-164,1780161004,2026-05-31T01:10:04,0.0015
5,140-164,1780161306,2026-05-31T01:15:06,0.0015
5,140-164,1780161605,2026-05-31T01:20:05,0.0015
5,140-164,1780161905,2026-05-31T01:25:05,0.0015
5,140-164,1780162208,2026-05-31T01:30:08,0.0015
5,140-164,1780162506,2026-05-31T01:35:06,0.0015
5,140-164,1780162805,2026-05-31T01:40:05,0.0015
5,140-164,1780163106,2026-05-31T01:45:06,0.0015
5,140-164,1780163405,2026-05-31T01:50:05,0.0015
5,140-164,1780163704,2026-05-31T01:55:04,0.0015
5,140-164,1780164304,2026-05-31T02:05:04,0.0015
5,140-164,1780164605,2026-05-31T02:10:05,0.0015
5,140-164,1780164906,2026-05-31T02:15:06,0.0015
5,140-164,1780165205,2026-05-31T02:20:05,0.0015
5,140-164,1780165504,2026-05-31T02:25:04,0.0015
5,140-164,1780165806,2026-05-31T02:30:06,0.0015
5,140-164,1780166105,2026-05-31T02:35:05,0.0015
5,140-164,1780166405,2026-05-31T02:40:05,0.0015
5,140-164,1780166704,2026-05-31T02:45:04,0.0015
5,140-164,1780167005,2026-05-31T02:50:05,0.0015
5,140-164,1780167304,2026-05-31T02:55:04,0.0015
5,140-164,1780167904,2026-05-31T03:05:04,0.0015
5,140-164,1780168204,2026-05-31T03:10:04,0.0015
5,140-164,1780168505,2026-05-31T03:15:05,0.0015
5,140-164,1780168804,2026-05-31T03:20:04,0.0015
5,140-164,1780169105,2026-05-31T03:25:05,0.0015
5,140-164,1780169406,2026-05-31T03:30:06,0.0015
5,140-164,1780169704,2026-05-31T03:35:04,0.0015
5,140-164,1780170004,2026-05-31T03:40:04,0.0015
5,140-164,1780170304,2026-05-31T03:45:04,0.0015
5,140-164,1780170608,2026-05-31T03:50:08,0.0015
5,140-164,1780170904,2026-05-31T03:55:04,0.0015
5,140-164,1780171504,2026-05-31T04:05:04,0.0015
5,140-164,1780171804,2026-05-31T04:10:04,0.0015
5,140-164,1780172104,2026-05-31T04:15:04,0.0015
5,140-164,1780172405,2026-05-31T04:20:05,0.0015
5,140-164,1780172704,2026-05-31T04:25:04,0.0015
5,140-164,1780173007,2026-05-31T04:30:07,0.0015
5,140-164,1780173304,2026-05-31T04:35:04,0.0015
5,140-164,1780173605,2026-05-31T04:40:05,0.0015
5,140-164,1780173905,2026-05-31T04:45:05,0.0015
5,140-164,1780174204,2026-05-31T04:50:04,0.0015
5,140-164,1780174504,2026-05-31T04:55:04,0.0015
5,140-164,1780175105,2026-05-31T05:05:05,0.0015
5,140-164,1780175406,2026-05-31T05:10:06,0.0015
5,140-164,1780175705,2026-05-31T05:15:05,0.0015
5,140-164,1780176006,2026-05-31T05:20:06,0.0015
5,140-164,1780176305,2026-05-31T05:25:05,0.0015
5,140-164,1780176621,2026-05-31T05:30:21,0.0015
5,140-164,1780176904,2026-05-31T05:35:04,0.0015
5,140-164,1780177204,2026-05-31T05:40:04,0.0015
5,140-164,1780177506,2026-05-31T05:45:06,0.0015
5,140-164,1780177807,2026-05-31T05:50:07,0.0015
5,140-164,1780178104,2026-05-31T05:55:04,0.0015
5,140-164,1780178705,2026-05-31T06:05:05,0.0015
5,140-164,1780179007,2026-05-31T06:10:07,0.0015
5,140-164,1780179305,2026-05-31T06:15:05,0.0015
5,140-164,1780179605,2026-05-31T06:20:05,0.0015
5,140-164,1780179904,2026-05-31T06:25:04,0.0015
5,140-164,1780180209,2026-05-31T06:30:09,0.0015
5,140-164,1780180506,2026-05-31T06:35:06,0.0015
5,140-164,1780180804,2026-05-31T06:40:04,0.0015
5,140-164,1780181105,2026-05-31T06:45:05,0.0015
5,140-164,1780181406,2026-05-31T06:50:06,0.0015
5,140-164,1780181704,2026-05-31T06:55:04,0.0015
5,140-164,1780182305,2026-05-31T07:05:05,0.0015
5,140-164,1780182608,2026-05-31T07:10:08,0.0015
5,140-164,1780182907,2026-05-31T07:15:07,0.0015
5,140-164,1780183206,2026-05-31T07:20:06,0.0015
5,140-164,1780183506,2026-05-31T07:25:06,0.0015
5,140-164,1780183807,2026-05-31T07:30:07,0.0015
5,140-164,1780184119,2026-05-31T07:35:19,0.0015
5,140-164,1780184405,2026-05-31T07:40:05,0.0015
5,140-164,1780184718,2026-05-31T07:45:18,0.0015
5,140-164,1780185010,2026-05-31T07:50:10,0.0015
5,140-164,1780185304,2026-05-31T07:55:04,0.0015
5,140-164,1780185906,2026-05-31T08:05:06,0.0015
5,140-164,1780186204,2026-05-31T08:10:04,0.0015
5,140-164,1780186507,2026-05-31T08:15:07,0.0015
5,140-164,1780186819,2026-05-31T08:20:19,0.0015
5,140-164,1780187104,2026-05-31T08:25:04,0.0015
5,140-164,1780187406,2026-05-31T08:30:06,0.0015
5,140-164,1780187705,2026-05-31T08:35:05,0.0015
5,140-164,1780188004,2026-05-31T08:40:04,0.0015
5,140-164,1780188304,2026-05-31T08:45:04,0.0015
5,140-164,1780188605,2026-05-31T08:50:05,0.0015
5,140-164,1780188906,2026-05-31T08:55:06,0.0015
5,140-164,1780189504,2026-05-31T09:05:04,0.0015
5,140-164,1780189805,2026-05-31T09:10:05,0.0005
5,140-164,1780190104,2026-05-31T09:15:04,0.0005
5,140-164,1780190416,2026-05-31T09:20:16,0.0005
5,140-164,1780190717,2026-05-31T09:25:17,0.0005
5,140-164,1780191005,2026-05-31T09:30:05,0.0005
5,140-164,1780191322,2026-05-31T09:35:22,0.0005
5,140-164,1780191604,2026-05-31T09:40:04,0.0005
5,140-164,1780191905,2026-05-31T09:45:05,0.0005
5,140-164,1780192205,2026-05-31T09:50:05,0.0005
5,140-164,1780192505,2026-05-31T09:55:05,0.0005
5,140-164,1780193104,2026-05-31T10:05:04,0.0005
5,140-164,1780193404,2026-05-31T10:10:04,0.0005
5,140-164,1780193704,2026-05-31T10:15:04,0.0005
5,140-164,1780194004,2026-05-31T10:20:04,0.0005
5,140-164,1780194317,2026-05-31T10:25:17,0.0005
5,140-164,1780194605,2026-05-31T10:30:05,0.0005
5,140-164,1780194904,2026-05-31T10:35:04,0.0005
5,140-164,1780195204,2026-05-31T10:40:04,0.0005
5,140-164,1780195504,2026-05-31T10:45:04,0.0005
5,140-164,1780195805,2026-05-31T10:50:05,0.0005
5,140-164,1780196104,2026-05-31T10:55:04,0.0005
5,140-164,1780196708,2026-05-31T11:05:08,0.0005
5,140-164,1780197004,2026-05-31T11:10:04,0.0005
5,140-164,1780197305,2026-05-31T11:15:05,0.0005
5,140-164,1780197604,2026-05-31T11:20:04,0.0005
5,140-164,1780197904,2026-05-31T11:25:04,0.0005
5,140-164,1780198205,2026-05-31T11:30:05,0.0005
5,140-164,1780198504,2026-05-31T11:35:04,0.0005
5,140-164,1780198805,2026-05-31T11:40:05,0.0005
5,140-164,1780199104,2026-05-31T11:45:04,0.0005
5,140-164,1780199407,2026-05-31T11:50:07,0.0005
5,140-164,1780199706,2026-05-31T11:55:06,0.0005
5,140-164,1780200304,2026-05-31T12:05:04,0.0005
5,140-164,1780200604,2026-05-31T12:10:04,0.0005
5,140-164,1780200904,2026-05-31T12:15:04,0.0005
5,140-164,1780201205,2026-05-31T12:20:05,0.0005
5,140-164,1780201505,2026-05-31T12:25:05,0.0005
5,140-164,1780201805,2026-05-31T12:30:05,0.0005
5,140-164,1780202105,2026-05-31T12:35:05,0.0005
5,140-164,1780202404,2026-05-31T12:40:04,0.0005
5,140-164,1780202705,2026-05-31T12:45:05,0.0005
5,140-164,1780203007,2026-05-31T12:50:07,0.0005
5,140-164,1780203304,2026-05-31T12:55:04,0.0005
5,140-164,1780203905,2026-05-31T13:05:05,0.0005
5,140-164,1780204205,2026-05-31T13:10:05,0.0005
5,140-164,1780204505,2026-05-31T13:15:05,0.0005
5,140-164,1780204805,2026-05-31T13:20:05,0.0005
5,140-164,1780205104,2026-05-31T13:25:04,0.0005
5,140-164,1780205407,2026-05-31T13:30:07,0.0005
5,140-164,1780205704,2026-05-31T13:35:04,0.0005
5,140-164,1780206005,2026-05-31T13:40:05,0.0005
5,140-164,1780206305,2026-05-31T13:45:05,0.0005
5,140-164,1780206604,2026-05-31T13:50:04,0.0005
5,140-164,1780206903,2026-05-31T13:55:03,0.0005
5,140-164,1780207505,2026-05-31T14:05:05,0.0005
5,140-164,1780207805,2026-05-31T14:10:05,0.0005
5,140-164,1780208104,2026-05-31T14:15:04,0.0005
5,140-164,1780208409,2026-05-31T14:20:09,0.0005
5,140-164,1780208705,2026-05-31T14:25:05,0.0005
5,140-164,1780209006,2026-05-31T14:30:06,0.0005
5,140-164,1780209304,2026-05-31T14:35:04,0.0005
5,140-164,1780209604,2026-05-31T14:40:04,0.0005
5,140-164,1780209903,2026-05-31T14:45:03,0.0005
5,140-164,1780210204,2026-05-31T14:50:04,0.0005
5,140-164,1780210505,2026-05-31T14:55:05,0.0005
5,140-164,1780211104,2026-05-31T15:05:04,0.0005
5,140-164,1780211404,2026-05-31T15:10:04,0.0005
5,140-164,1780211704,2026-05-31T15:15:04,0.0005
5,140-164,1780212004,2026-05-31T15:20:04,0.0005
5,140-164,1780212304,2026-05-31T15:25:04,0.0005
5,140-164,1780212606,2026-05-31T15:30:06,0.0005
5,140-164,1780212903,2026-05-31T15:35:03,0.0005
5,140-164,1780213204,2026-05-31T15:40:04,0.0005
5,140-164,1780213504,2026-05-31T15:45:04,0.0005
5,140-164,1780213804,2026-05-31T15:50:04,0.0005
5,140-164,1780214105,2026-05-31T15:55:05,0.0005
5,140-164,1780214704,2026-05-31T16:05:04,0.0005
5,140-164,1780215004,2026-05-31T16:10:04,0.0005
5,140-164,1780215304,2026-05-31T16:15:04,0.0005
5,140-164,1780215605,2026-05-31T16:20:05,0.0005
5,140-164,1780215904,2026-05-31T16:25:04,0.0005
5,140-164,1780216206,2026-05-31T16:30:06,0.0005
5,140-164,1780216504,2026-05-31T16:35:04,0.0005
5,140-164,1780216805,2026-05-31T16:40:05,0.0005
5,140-164,1780217104,2026-05-31T16:45:04,0.0005
5,140-164,1780217406,2026-05-31T16:50:06,0.0005
5,140-164,1780217705,2026-05-31T16:55:05,0.0005
5,140-164,1780218304,2026-05-31T17:05:04,0.0005
5,140-164,1780218605,2026-05-31T17:10:05,0.0005
5,140-164,1780218904,2026-05-31T17:15:04,0.0005
5,140-164,1780219204,2026-05-31T17:20:04,0.0005
5,140-164,1780219504,2026-05-31T17:25:04,0.0005
5,140-164,1780219806,2026-05-31T17:30:06,0.0005
5,140-164,1780220105,2026-05-31T17:35:05,0.0005
5,140-164,1780220405,2026-05-31T17:40:05,0.0005
5,140-164,1780220704,2026-05-31T17:45:04,0.0005
5,140-164,1780221005,2026-05-31T17:50:05,0.0005
5,140-164,1780221305,2026-05-31T17:55:05,0.0005
5,140-164,1780221904,2026-05-31T18:05:04,0.0005
5,140-164,1780222205,2026-05-31T18:10:05,0.0005
5,140-164,1780222504,2026-05-31T18:15:04,0.0005
5,140-164,1780222804,2026-05-31T18:20:04,0.0005
5,140-164,1780223104,2026-05-31T18:25:04,0.0005
5,140-164,1780223406,2026-05-31T18:30:06,0.0005
5,140-164,1780223704,2026-05-31T18:35:04,0.0005
5,140-164,1780224008,2026-05-31T18:40:08,0.0005
5,140-164,1780224305,2026-05-31T18:45:05,0.0005
5,140-164,1780224605,2026-05-31T18:50:05,0.0005
5,140-164,1780224904,2026-05-31T18:55:04,0.0005
5,140-164,1780225519,2026-05-31T19:05:19,0.0005
5,140-164,1780225820,2026-05-31T19:10:20,0.0005
5,140-164,1780226104,2026-05-31T19:15:04,0.0005
5,140-164,1780226404,2026-05-31T19:20:04,0.0005
5,140-164,1780226704,2026-05-31T19:25:04,0.0005
5,140-164,1780227019,2026-05-31T19:30:19,0.0005
5,140-164,1780227304,2026-05-31T19:35:04,0.0005
5,140-164,1780227605,2026-05-31T19:40:05,0.0005
5,140-164,1780227905,2026-05-31T19:45:05,0.0005
5,140-164,1780228205,2026-05-31T19:50:05,0.0005
5,140-164,1780228516,2026-05-31T19:55:16,0.0005
5,140-164,1780229104,2026-05-31T20:05:04,0.0005
5,140-164,1780229404,2026-05-31T20:10:04,0.0005
5,140-164,1780229705,2026-05-31T20:15:05,0.0005
5,140-164,1780230004,2026-05-31T20:20:04,0.0005
5,140-164,1780230305,2026-05-31T20:25:05,0.0005
5,140-164,1780230605,2026-05-31T20:30:05,0.0005
5,140-164,1780230905,2026-05-31T20:35:05,0.0005
5,140-164,1780231208,2026-05-31T20:40:08,0.0005
5,140-164,1780231504,2026-05-31T20:45:04,0.0005
5,140-164,1780231805,2026-05-31T20:50:05,0.0005
5,140-164,1780232104,2026-05-31T20:55:04,0.0005
5,140-164,1780232705,2026-05-31T21:05:05,0.0005
5,140-164,1780233005,2026-05-31T21:10:05,0.0005
5,140-164,1780233305,2026-05-31T21:15:05,0.0005
5,140-164,1780233605,2026-05-31T21:20:05,0.0005
5,140-164,1780233906,2026-05-31T21:25:06,0.0005
5,140-164,1780234205,2026-05-31T21:30:05,0.0005
5,140-164,1780234504,2026-05-31T21:35:04,0.0005
5,140-164,1780234804,2026-05-31T21:40:04,0.0005
5,140-164,1780235107,2026-05-31T21:45:07,0.0005
5,140-164,1780235405,2026-05-31T21:50:05,0.0005
5,140-164,1780235705,2026-05-31T21:55:05,0.0005
5,140-164,1780236305,2026-05-31T22:05:05,0.0005
5,140-164,1780236605,2026-05-31T22:10:05,0.0005
5,140-164,1780236908,2026-05-31T22:15:08,0.0005
5,140-164,1780237207,2026-05-31T22:20:07,0.0005
5,140-164,1780237504,2026-05-31T22:25:04,0.0005
5,140-164,1780237805,2026-05-31T22:30:05,0.0005
5,140-164,1780238105,2026-05-31T22:35:05,0.0005
5,140-164,1780238404,2026-05-31T22:40:04,0.0005
5,140-164,1780238704,2026-05-31T22:45:04,0.0005
5,140-164,1780239004,2026-05-31T22:50:04,0.0005
5,140-164,1780239304,2026-05-31T22:55:04,0.0005
5,140-164,1780239904,2026-05-31T23:05:04,0.0005
5,140-164,1780240204,2026-05-31T23:10:04,0.0005
5,140-164,1780240505,2026-05-31T23:15:05,0.0005
5,140-164,1780240804,2026-05-31T23:20:04,0.0005
5,140-164,1780241105,2026-05-31T23:25:05,0.0005
5,140-164,1780241406,2026-05-31T23:30:06,0.0005
5,140-164,1780241705,2026-05-31T23:35:05,0.0005
5,140-164,1780242005,2026-05-31T23:40:05,0.0005
5,140-164,1780242305,2026-05-31T23:45:05,0.0005
5,140-164,1780242604,2026-05-31T23:50:04,0.0005
5,140-164,1780242904,2026-05-31T23:55:04,0.0005
5,140-164,1780243505,2026-06-01T00:05:05,0.0005
5,140-164,1780243805,2026-06-01T00:10:05,0.0005
5,140-164,1780244106,2026-06-01T00:15:06,0.0005
5,140-164,1780244405,2026-06-01T00:20:05,0.0005
5,140-164,1780244705,2026-06-01T00:25:05,0.0005
5,140-164,1780245023,2026-06-01T00:30:23,0.0005
5,140-164,1780245305,2026-06-01T00:35:05,0.0005
5,140-164,1780245605,2026-06-01T00:40:05,0.0005
5,140-164,1780245905,2026-06-01T00:45:05,0.0005
5,140-164,1780246221,2026-06-01T00:50:21,0.0005
5,140-164,1780246504,2026-06-01T00:55:04,0.0005
5,140-164,1780247104,2026-06-01T01:05:04,0.0005
5,140-164,1780247405,2026-06-01T01:10:05,0.0005
5,140-164,1780247724,2026-06-01T01:15:24,0.0005
5,140-164,1780248008,2026-06-01T01:20:08,0.0005
5,140-164,1780248304,2026-06-01T01:25:04,0.0005
5,140-164,1780248606,2026-06-01T01:30:06,0.0005
5,140-164,1780248904,2026-06-01T01:35:04,0.0005
5,140-164,1780249205,2026-06-01T01:40:05,0.0005
5,140-164,1780249505,2026-06-01T01:45:05,0.0005
5,140-164,1780249806,2026-06-01T01:50:06,0.0005
5,140-164,1780250105,2026-06-01T01:55:05,0.0005
5,140-164,1780250704,2026-06-01T02:05:04,0.0005
5,140-164,1780251005,2026-06-01T02:10:05,0.0005
5,140-164,1780251304,2026-06-01T02:15:04,0.0005
5,140-164,1780251604,2026-06-01T02:20:04,0.0005
5,140-164,1780251906,2026-06-01T02:25:06,0.0005
5,140-164,1780252206,2026-06-01T02:30:06,0.0005
5,140-164,1780252504,2026-06-01T02:35:04,0.0005
5,140-164,1780252804,2026-06-01T02:40:04,0.0005
5,140-164,1780253104,2026-06-01T02:45:04,0.0005
5,140-164,1780253408,2026-06-01T02:50:08,0.0005
5,140-164,1780253705,2026-06-01T02:55:05,0.0005
5,140-164,1780254309,2026-06-01T03:05:09,0.0005
5,140-164,1780254605,2026-06-01T03:10:05,0.0005
5,140-164,1780254904,2026-06-01T03:15:04,0.0005
5,140-164,1780255204,2026-06-01T03:20:04,0.0005
5,140-164,1780255505,2026-06-01T03:25:05,0.0005
5,140-164,1780255806,2026-06-01T03:30:06,0.0005
5,140-164,1780256105,2026-06-01T03:35:05,0.0005
5,140-164,1780256404,2026-06-01T03:40:04,0.0005
5,140-164,1780256704,2026-06-01T03:45:04,0.0005
5,140-164,1780257006,2026-06-01T03:50:06,0.0005
5,140-164,1780257306,2026-06-01T03:55:06,0.0005
5,140-164,1780257905,2026-06-01T04:05:05,0.0005
5,140-164,1780258205,2026-06-01T04:10:05,0.0005
5,140-164,1780258505,2026-06-01T04:15:05,0.0005
5,140-164,1780258805,2026-06-01T04:20:05,0.0005
5,140-164,1780259105,2026-06-01T04:25:05,0.0005
5,140-164,1780259406,2026-06-01T04:30:06,0.0005
5,140-164,1780259706,2026-06-01T04:35:06,0.0005
5,140-164,1780260006,2026-06-01T04:40:06,0.0005
5,140-164,1780260319,2026-06-01T04:45:19,0.0005
5,140-164,1780260605,2026-06-01T04:50:05,0.0005
5,140-164,1780260906,2026-06-01T04:55:06,0.0005
5,140-164,1780261506,2026-06-01T05:05:06,0.0005
5,140-164,1780261805,2026-06-01T05:10:05,0.0005
5,140-164,1780262104,2026-06-01T05:15:04,0.0005
5,140-164,1780262405,2026-06-01T05:20:05,0.0005
5,140-164,1780262704,2026-06-01T05:25:04,0.0005
5,140-164,1780263006,2026-06-01T05:30:06,0.0005
5,140-164,1780263304,2026-06-01T05:35:04,0.0005
5,140-164,1780263605,2026-06-01T05:40:05,0.0005
5,140-164,1780263909,2026-06-01T05:45:09,0.0005
5,140-164,1780264204,2026-06-01T05:50:04,0.0005
5,140-164,1780264507,2026-06-01T05:55:07,0.0005
5,140-164,1780265106,2026-06-01T06:05:06,0.0005
5,140-164,1780265405,2026-06-01T06:10:05,0.0005
5,140-164,1780265705,2026-06-01T06:15:05,0.0005
5,140-164,1780266035,2026-06-01T06:20:35,0.0005
5,140-164,1780266305,2026-06-01T06:25:05,0.0005
5,140-164,1780266607,2026-06-01T06:30:07,0.0005
5,140-164,1780266904,2026-06-01T06:35:04,0.0005
5,140-164,1780267204,2026-06-01T06:40:04,0.0005
5,140-164,1780267505,2026-06-01T06:45:05,0.0005
5,140-164,1780267804,2026-06-01T06:50:04,0.0005
5,140-164,1780268105,2026-06-01T06:55:05,0.0005
5,140-164,1780268706,2026-06-01T07:05:06,0.0005
5,140-164,1780269005,2026-06-01T07:10:05,0.0005
5,140-164,1780269305,2026-06-01T07:15:05,0.0005
5,140-164,1780269606,2026-06-01T07:20:06,0.0005
5,140-164,1780269905,2026-06-01T07:25:05,0.0005
5,140-164,1780270205,2026-06-01T07:30:05,0.0005
5,140-164,1780270504,2026-06-01T07:35:04,0.0005
5,140-164,1780270804,2026-06-01T07:40:04,0.0005
5,140-164,1780271107,2026-06-01T07:45:07,0.0005
5,140-164,1780271405,2026-06-01T07:50:05,0.0005
5,140-164,1780271704,2026-06-01T07:55:04,0.0005
5,140-164,1780272303,2026-06-01T08:05:03,0.0005
5,140-164,1780272605,2026-06-01T08:10:05,0.0005
5,140-164,1780272905,2026-06-01T08:15:05,0.0005
5,140-164,1780273205,2026-06-01T08:20:05,0.0005
5,140-164,1780273504,2026-06-01T08:25:04,0.0005
5,140-164,1780273805,2026-06-01T08:30:05,0.0005
5,140-164,1780274104,2026-06-01T08:35:04,0.0005
5,140-164,1780274407,2026-06-01T08:40:07,0.0005
5,140-164,1780274705,2026-06-01T08:45:05,0.0005
5,140-164,1780275004,2026-06-01T08:50:04,0.0005
5,140-164,1780275304,2026-06-01T08:55:04,0.0005
5,140-164,1780275903,2026-06-01T09:05:03,0.0005
5,140-164,1780276205,2026-06-01T09:10:05,0.0005
5,140-164,1780276504,2026-06-01T09:15:04,0.0005
5,140-164,1780276804,2026-06-01T09:20:04,0.0005
5,140-164,1780277104,2026-06-01T09:25:04,0.0005
5,140-164,1780277405,2026-06-01T09:30:05,0.0005
5,140-164,1780277706,2026-06-01T09:35:06,0.0005
5,140-164,1780278004,2026-06-01T09:40:04,0.0005
5,140-164,1780278304,2026-06-01T09:45:04,0.0005
5,140-164,1780278606,2026-06-01T09:50:06,0.0005
5,140-164,1780278921,2026-06-01T09:55:21,0.0005
5,140-164,1780279504,2026-06-01T10:05:04,0.0005
5,140-164,1780279816,2026-06-01T10:10:16,0.0005
5,140-164,1780280105,2026-06-01T10:15:05,0.0005
5,140-164,1780280406,2026-06-01T10:20:06,0.0005
5,140-164,1780280705,2026-06-01T10:25:05,0.0005
5,140-164,1780281006,2026-06-01T10:30:06,0.0005
5,140-164,1780281304,2026-06-01T10:35:04,0.0005
5,140-164,1780281607,2026-06-01T10:40:07,0.0005
5,140-164,1780281904,2026-06-01T10:45:04,0.0005
5,140-164,1780282204,2026-06-01T10:50:04,0.0005
5,140-164,1780282504,2026-06-01T10:55:04,0.0005
5,140-164,1780283119,2026-06-01T11:05:19,0.0005
5,140-164,1780283405,2026-06-01T11:10:05,0.0005
5,140-164,1780283704,2026-06-01T11:15:04,0.0005
5,140-164,1780284004,2026-06-01T11:20:04,0.0005
5,140-164,1780284308,2026-06-01T11:25:08,0.0005
5,140-164,1780284605,2026-06-01T11:30:05,0.0005
5,140-164,1780284904,2026-06-01T11:35:04,0.0005
5,140-164,1780285205,2026-06-01T11:40:05,0.0005
5,140-164,1780285505,2026-06-01T11:45:05,0.0005
5,140-164,1780285804,2026-06-01T11:50:04,0.0005
5,140-164,1780286104,2026-06-01T11:55:04,0.0005
5,140-164,1780286704,2026-06-01T12:05:04,0.0005
5,140-164,1780287004,2026-06-01T12:10:04,0.0005
5,140-164,1780287304,2026-06-01T12:15:04,0.0005
5,140-164,1780287605,2026-06-01T12:20:05,0.0005
5,140-164,1780287904,2026-06-01T12:25:04,0.0005
5,140-164,1780288205,2026-06-01T12:30:05,0.0005
5,140-164,1780288505,2026-06-01T12:35:05,0.0005
5,140-164,1780288805,2026-06-01T12:40:05,0.0005
5,140-164,1780289106,2026-06-01T12:45:06,0.0005
5,140-164,1780289405,2026-06-01T12:50:05,0.0005
5,140-164,1780289706,2026-06-01T12:55:06,0.0005
5,140-164,1780290304,2026-06-01T13:05:04,0.0005
5,140-164,1780290607,2026-06-01T13:10:07,0.0005
5,140-164,1780290905,2026-06-01T13:15:05,0.0005
5,140-164,1780291205,2026-06-01T13:20:05,0.0005
5,140-164,1780291505,2026-06-01T13:25:05,0.0005
5,140-164,1780291808,2026-06-01T13:30:08,0.0005
5,140-164,1780292104,2026-06-01T13:35:04,0.0005
5,140-164,1780292404,2026-06-01T13:40:04,0.0005
5,140-164,1780292705,2026-06-01T13:45:05,0.0005
5,140-164,1780293003,2026-06-01T13:50:03,0.0005
5,140-164,1780293316,2026-06-01T13:55:16,0.0005
5,140-164,1780293903,2026-06-01T14:05:03,0.0005
5,140-164,1780294205,2026-06-01T14:10:05,0.0005
5,140-164,1780294505,2026-06-01T14:15:05,0.0005
5,140-164,1780294805,2026-06-01T14:20:05,0.0005
5,140-164,1780295104,2026-06-01T14:25:04,0.0005
5,140-164,1780295417,2026-06-01T14:30:17,0.0005
5,140-164,1780295706,2026-06-01T14:35:06,0.0005
5,140-164,1780296004,2026-06-01T14:40:04,0.0005
5,140-164,1780296305,2026-06-01T14:45:05,0.0005
5,140-164,1780296604,2026-06-01T14:50:04,0.0005
5,140-164,1780296904,2026-06-01T14:55:04,0.0005
5,140-164,1780297504,2026-06-01T15:05:04,0.0005
5,140-164,1780297804,2026-06-01T15:10:04,0.0005
5,140-164,1780298104,2026-06-01T15:15:04,0.0005
5,140-164,1780298405,2026-06-01T15:20:05,0.0005
5,140-164,1780298703,2026-06-01T15:25:03,0.0005
5,140-164,1780299005,2026-06-01T15:30:05,0.0005
5,140-164,1780299306,2026-06-01T15:35:06,0.0005
5,140-164,1780299604,2026-06-01T15:40:04,0.0005
5,140-164,1780299905,2026-06-01T15:45:05,0.0005
5,140-164,1780300206,2026-06-01T15:50:06,0.0005
5,140-164,1780300506,2026-06-01T15:55:06,0.0005
5,140-164,1780301105,2026-06-01T16:05:05,0.0005
5,140-164,1780301404,2026-06-01T16:10:04,0.0005
5,140-164,1780301704,2026-06-01T16:15:04,0.0005
5,140-164,1780302019,2026-06-01T16:20:19,0.0005
5,140-164,1780302304,2026-06-01T16:25:04,0.0005
5,140-164,1780302604,2026-06-01T16:30:04,0.0005
5,140-164,1780302904,2026-06-01T16:35:04,0.0005
5,140-164,1780303204,2026-06-01T16:40:04,0.0005
5,140-164,1780303520,2026-06-01T16:45:20,0.0005
5,140-164,1780303804,2026-06-01T16:50:04,0.0005
5,140-164,1780304105,2026-06-01T16:55:05,0.0005
5,140-164,1780304705,2026-06-01T17:05:05,0.0005
5,140-164,1780305004,2026-06-01T17:10:04,0.0005
5,140-164,1780305308,2026-06-01T17:15:08,0.0005
5,140-164,1780305605,2026-06-01T17:20:05,0.0005
5,140-164,1780305904,2026-06-01T17:25:04,0.0005
5,140-164,1780306205,2026-06-01T17:30:05,0.0005
5,140-164,1780306504,2026-06-01T17:35:04,0.0005
5,140-164,1780306805,2026-06-01T17:40:05,0.0005
5,140-164,1780307105,2026-06-01T17:45:05,0.0005
5,140-164,1780307404,2026-06-01T17:50:04,0.0005
5,140-164,1780307704,2026-06-01T17:55:04,0.0005
5,140-164,1780308304,2026-06-01T18:05:04,0.0005
5,140-164,1780308606,2026-06-01T18:10:06,0.0005
5,140-164,1780308904,2026-06-01T18:15:04,0.0005
5,140-164,1780309204,2026-06-01T18:20:04,0.0005
5,140-164,1780309504,2026-06-01T18:25:04,0.0005
5,140-164,1780309805,2026-06-01T18:30:05,0.0005
5,140-164,1780310105,2026-06-01T18:35:05,0.0005
5,140-164,1780310405,2026-06-01T18:40:05,0.0005
5,140-164,1780310704,2026-06-01T18:45:04,0.0005
5,140-164,1780311005,2026-06-01T18:50:05,0.0005
5,140-164,1780311305,2026-06-01T18:55:05,0.0005
5,140-164,1780311904,2026-06-01T19:05:04,0.0005
5,140-164,1780312204,2026-06-01T19:10:04,0.0005
5,140-164,1780312505,2026-06-01T19:15:05,0.0005
5,140-164,1780312804,2026-06-01T19:20:04,0.0005
5,140-164,1780313105,2026-06-01T19:25:05,0.0005
5,140-164,1780313406,2026-06-01T19:30:06,0.0005
5,140-164,1780313704,2026-06-01T19:35:04,0.0005
5,140-164,1780314004,2026-06-01T19:40:04,0.0005
5,140-164,1780314304,2026-06-01T19:45:04,0.0005
5,140-164,1780314608,2026-06-01T19:50:08,0.0005
5,140-164,1780314903,2026-06-01T19:55:03,0.0005
5,140-164,1780315504,2026-06-01T20:05:04,0.0005
5,140-164,1780315805,2026-06-01T20:10:05,0.0005
5,140-164,1780316104,2026-06-01T20:15:04,0.0005
5,140-164,1780316407,2026-06-01T20:20:07,0.0005
5,140-164,1780316705,2026-06-01T20:25:05,0.0005
5,140-164,1780317005,2026-06-01T20:30:05,0.0005
5,140-164,1780317308,2026-06-01T20:35:08,0.0005
5,140-164,1780317605,2026-06-01T20:40:05,0.0005
5,140-164,1780317904,2026-06-01T20:45:04,0.0005
5,140-164,1780318205,2026-06-01T20:50:05,0.0005
5,140-164,1780318504,2026-06-01T20:55:04,0.0005
5,140-164,1780319105,2026-06-01T21:05:05,0.0005
5,140-164,1780319404,2026-06-01T21:10:04,0.0005
5,140-164,1780319704,2026-06-01T21:15:04,0.0005
5,140-164,1780320005,2026-06-01T21:20:05,0.0005
5,140-164,1780320319,2026-06-01T21:25:19,0.0005
5,140-164,1780320606,2026-06-01T21:30:06,0.0005
5,140-164,1780320905,2026-06-01T21:35:05,0.0005
5,140-164,1780321205,2026-06-01T21:40:05,0.0005
5,140-164,1780321505,2026-06-01T21:45:05,0.0005
5,140-164,1780321805,2026-06-01T21:50:05,0.0005
5,140-164,1780322105,2026-06-01T21:55:05,0.0005
5,140-164,1780322706,2026-06-01T22:05:06,0.0005
5,140-164,1780323006,2026-06-01T22:10:06,0.0005
5,140-164,1780323304,2026-06-01T22:15:04,0.0005
5,140-164,1780323607,2026-06-01T22:20:07,0.0005
5,140-164,1780323906,2026-06-01T22:25:06,0.0005
5,140-164,1780324206,2026-06-01T22:30:06,0.0005
5,140-164,1780324509,2026-06-01T22:35:09,0.0005
5,140-164,1780324806,2026-06-01T22:40:06,0.0005
5,140-164,1780325106,2026-06-01T22:45:06,0.0005
5,140-164,1780325405,2026-06-01T22:50:05,0.0005
5,140-164,1780325704,2026-06-01T22:55:04,0.0005
5,140-164,1780326305,2026-06-01T23:05:05,0.0005
5,140-164,1780326606,2026-06-01T23:10:06,0.0005
5,140-164,1780326904,2026-06-01T23:15:04,0.0005
5,140-164,1780327205,2026-06-01T23:20:05,0.0005
5,140-164,1780327507,2026-06-01T23:25:07,0.0005
5,140-164,1780327807,2026-06-01T23:30:07,0.0005
5,140-164,1780328118,2026-06-01T23:35:18,0.0005
5,140-164,1780328404,2026-06-01T23:40:04,0.0005
5,140-164,1780328703,2026-06-01T23:45:03,0.0005
5,140-164,1780329006,2026-06-01T23:50:06,0.0005
5,140-164,1780329306,2026-06-01T23:55:06,0.0005
5,140-164,1780329905,2026-06-02T00:05:05,0.0005
5,140-164,1780330206,2026-06-02T00:10:06,0.0005
5,140-164,1780330504,2026-06-02T00:15:04,0.0005
5,140-164,1780330805,2026-06-02T00:20:05,0.0005
5,140-164,1780331105,2026-06-02T00:25:05,0.0005
5,140-164,1780331407,2026-06-02T00:30:07,0.0005
5,140-164,1780331705,2026-06-02T00:35:05,0.0005
5,140-164,1780332005,2026-06-02T00:40:05,0.0005
5,140-164,1780332307,2026-06-02T00:45:07,0.0005
5,140-164,1780332605,2026-06-02T00:50:05,0.0005
5,140-164,1780332907,2026-06-02T00:55:07,0.0005
5,140-164,1780333505,2026-06-02T01:05:05,0.0005
5,140-164,1780333804,2026-06-02T01:10:04,0.0005
5,140-164,1780334105,2026-06-02T01:15:05,0.0005
5,140-164,1780334407,2026-06-02T01:20:07,0.0005
5,140-164,1780334705,2026-06-02T01:25:05,0.0005
5,140-164,1780335007,2026-06-02T01:30:07,0.0005
5,140-164,1780335306,2026-06-02T01:35:06,0.0005
5,140-164,1780335603,2026-06-02T01:40:03,0.0005
5,140-164,1780335907,2026-06-02T01:45:07,0.0005
5,140-164,1780336204,2026-06-02T01:50:04,0.0005
5,140-164,1780336505,2026-06-02T01:55:05,0.0005
5,140-164,1780337104,2026-06-02T02:05:04,0.0005
5,140-164,1780337405,2026-06-02T02:10:05,0.0005
5,140-164,1780337705,2026-06-02T02:15:05,0.0005
5,140-164,1780338005,2026-06-02T02:20:05,0.0005
5,140-164,1780338319,2026-06-02T02:25:19,0.0005
5,140-164,1780338607,2026-06-02T02:30:07,0.0005
5,140-164,1780338907,2026-06-02T02:35:07,0.0005
5,140-164,1780339204,2026-06-02T02:40:04,0.0005
5,140-164,1780339504,2026-06-02T02:45:04,0.0005
5,140-164,1780339805,2026-06-02T02:50:05,0.0005
5,140-164,1780340104,2026-06-02T02:55:04,0.0005
5,140-164,1780340705,2026-06-02T03:05:05,0.0005
5,140-164,1780341005,2026-06-02T03:10:05,0.0005
5,140-164,1780341304,2026-06-02T03:15:04,0.0005
5,140-164,1780341621,2026-06-02T03:20:21,0.0005
5,140-164,1780341904,2026-06-02T03:25:04,0.0005
5,140-164,1780342205,2026-06-02T03:30:05,0.0005
5,140-164,1780342505,2026-06-02T03:35:05,0.0005
5,140-164,1780342805,2026-06-02T03:40:05,0.0005
6,165-189,1779992705,2026-05-29T02:25:05,0.045
6,165-189,1779993007,2026-05-29T02:30:07,0.045
6,165-189,1779993305,2026-05-29T02:35:05,0.045
6,165-189,1779993605,2026-05-29T02:40:05,0.02
6,165-189,1779993904,2026-05-29T02:45:04,0.05
6,165-189,1779994206,2026-05-29T02:50:06,0.045
6,165-189,1779994504,2026-05-29T02:55:04,0.045
6,165-189,1779995105,2026-05-29T03:05:05,0.0455
6,165-189,1779995406,2026-05-29T03:10:06,0.0455
6,165-189,1779995706,2026-05-29T03:15:06,0.0355
6,165-189,1779996006,2026-05-29T03:20:06,0.0355
6,165-189,1779996305,2026-05-29T03:25:05,0.0355
6,165-189,1779996616,2026-05-29T03:30:16,0.0355
6,165-189,1779996904,2026-05-29T03:35:04,0.0355
6,165-189,1779997205,2026-05-29T03:40:05,0.0355
6,165-189,1779997504,2026-05-29T03:45:04,0.0455
6,165-189,1779997806,2026-05-29T03:50:06,0.0455
6,165-189,1779998106,2026-05-29T03:55:06,0.0355
6,165-189,1779998704,2026-05-29T04:05:04,0.0345
6,165-189,1779999006,2026-05-29T04:10:06,0.0325
6,165-189,1779999305,2026-05-29T04:15:05,0.0345
6,165-189,1779999608,2026-05-29T04:20:08,0.0395
6,165-189,1779999907,2026-05-29T04:25:07,0.0395
6,165-189,1780000212,2026-05-29T04:30:12,0.0395
6,165-189,1780000505,2026-05-29T04:35:05,0.0275
6,165-189,1780000807,2026-05-29T04:40:07,0.0255
6,165-189,1780001104,2026-05-29T04:45:04,0.0255
6,165-189,1780001404,2026-05-29T04:50:04,0.029
6,165-189,1780001705,2026-05-29T04:55:05,0.0285
6,165-189,1780002304,2026-05-29T05:05:04,0.02
6,165-189,1780002604,2026-05-29T05:10:04,0.0245
6,165-189,1780002904,2026-05-29T05:15:04,0.017
6,165-189,1780003204,2026-05-29T05:20:04,0.0165
6,165-189,1780003504,2026-05-29T05:25:04,0.0165
6,165-189,1780003809,2026-05-29T05:30:09,0.0205
6,165-189,1780004104,2026-05-29T05:35:04,0.0235
6,165-189,1780004404,2026-05-29T05:40:04,0.025
6,165-189,1780004704,2026-05-29T05:45:04,0.019
6,165-189,1780005005,2026-05-29T05:50:05,0.0245
6,165-189,1780005306,2026-05-29T05:55:06,0.024
6,165-189,1780005905,2026-05-29T06:05:05,0.024
6,165-189,1780006206,2026-05-29T06:10:06,0.024
6,165-189,1780006506,2026-05-29T06:15:06,0.025
6,165-189,1780006805,2026-05-29T06:20:05,0.023
6,165-189,1780007107,2026-05-29T06:25:07,0.019
6,165-189,1780007409,2026-05-29T06:30:09,0.015
6,165-189,1780007710,2026-05-29T06:35:10,0.018
6,165-189,1780008005,2026-05-29T06:40:05,0.0185
6,165-189,1780008305,2026-05-29T06:45:05,0.02
6,165-189,1780008604,2026-05-29T06:50:04,0.02
6,165-189,1780008904,2026-05-29T06:55:04,0.01
6,165-189,1780009517,2026-05-29T07:05:17,0.01
6,165-189,1780009806,2026-05-29T07:10:06,0.01
6,165-189,1780010104,2026-05-29T07:15:04,0.01
6,165-189,1780010418,2026-05-29T07:20:18,0.01
6,165-189,1780010706,2026-05-29T07:25:06,0.01
6,165-189,1780011006,2026-05-29T07:30:06,0.01
6,165-189,1780011304,2026-05-29T07:35:04,0.01
6,165-189,1780011605,2026-05-29T07:40:05,0.01
6,165-189,1780011905,2026-05-29T07:45:05,0.01
6,165-189,1780012209,2026-05-29T07:50:09,0.01
6,165-189,1780012504,2026-05-29T07:55:04,0.01
6,165-189,1780013103,2026-05-29T08:05:03,0.006
6,165-189,1780013406,2026-05-29T08:10:06,0.006
6,165-189,1780013704,2026-05-29T08:15:04,0.0065
6,165-189,1780014004,2026-05-29T08:20:04,0.0065
6,165-189,1780014304,2026-05-29T08:25:04,0.0065
6,165-189,1780014611,2026-05-29T08:30:11,0.0065
6,165-189,1780014904,2026-05-29T08:35:04,0.0065
6,165-189,1780015204,2026-05-29T08:40:04,0.006
6,165-189,1780015506,2026-05-29T08:45:06,0.006
6,165-189,1780015805,2026-05-29T08:50:05,0.0065
6,165-189,1780016104,2026-05-29T08:55:04,0.0055
6,165-189,1780016703,2026-05-29T09:05:03,0.004
6,165-189,1780017005,2026-05-29T09:10:05,0.004
6,165-189,1780017305,2026-05-29T09:15:05,0.004
6,165-189,1780017605,2026-05-29T09:20:05,0.004
6,165-189,1780017903,2026-05-29T09:25:03,0.004
6,165-189,1780018205,2026-05-29T09:30:05,0.004
6,165-189,1780018503,2026-05-29T09:35:03,0.004
6,165-189,1780018804,2026-05-29T09:40:04,0.004
6,165-189,1780019104,2026-05-29T09:45:04,0.004
6,165-189,1780019404,2026-05-29T09:50:04,0.004
6,165-189,1780019704,2026-05-29T09:55:04,0.004
6,165-189,1780020304,2026-05-29T10:05:04,0.0045
6,165-189,1780020604,2026-05-29T10:10:04,0.0045
6,165-189,1780020904,2026-05-29T10:15:04,0.0045
6,165-189,1780021204,2026-05-29T10:20:04,0.0045
6,165-189,1780021504,2026-05-29T10:25:04,0.0045
6,165-189,1780021805,2026-05-29T10:30:05,0.0045
6,165-189,1780022105,2026-05-29T10:35:05,0.0045
6,165-189,1780022403,2026-05-29T10:40:03,0.0045
6,165-189,1780022704,2026-05-29T10:45:04,0.0045
6,165-189,1780023003,2026-05-29T10:50:03,0.0045
6,165-189,1780023304,2026-05-29T10:55:04,0.0045
6,165-189,1780023904,2026-05-29T11:05:04,0.0045
6,165-189,1780024203,2026-05-29T11:10:03,0.0045
6,165-189,1780024505,2026-05-29T11:15:05,0.0045
6,165-189,1780024804,2026-05-29T11:20:04,0.0045
6,165-189,1780025104,2026-05-29T11:25:04,0.0045
6,165-189,1780025406,2026-05-29T11:30:06,0.0045
6,165-189,1780025704,2026-05-29T11:35:04,0.0045
6,165-189,1780026004,2026-05-29T11:40:04,0.0045
6,165-189,1780026305,2026-05-29T11:45:05,0.0045
6,165-189,1780026607,2026-05-29T11:50:07,0.0045
6,165-189,1780026916,2026-05-29T11:55:16,0.0045
6,165-189,1780027505,2026-05-29T12:05:05,0.0045
6,165-189,1780027804,2026-05-29T12:10:04,0.0045
6,165-189,1780028104,2026-05-29T12:15:04,0.0045
6,165-189,1780028405,2026-05-29T12:20:05,0.0045
6,165-189,1780028705,2026-05-29T12:25:05,0.0045
6,165-189,1780029005,2026-05-29T12:30:05,0.0045
6,165-189,1780029305,2026-05-29T12:35:05,0.0035
6,165-189,1780029605,2026-05-29T12:40:05,0.0025
6,165-189,1780029905,2026-05-29T12:45:05,0.0025
6,165-189,1780030206,2026-05-29T12:50:06,0.0025
6,165-189,1780030505,2026-05-29T12:55:05,0.0025
6,165-189,1780031105,2026-05-29T13:05:05,0.0025
6,165-189,1780031407,2026-05-29T13:10:07,0.0025
6,165-189,1780031705,2026-05-29T13:15:05,0.0025
6,165-189,1780032004,2026-05-29T13:20:04,0.0025
6,165-189,1780032305,2026-05-29T13:25:05,0.0025
6,165-189,1780032607,2026-05-29T13:30:07,0.0025
6,165-189,1780032915,2026-05-29T13:35:15,0.0025
6,165-189,1780033204,2026-05-29T13:40:04,0.0025
6,165-189,1780033505,2026-05-29T13:45:05,0.0025
6,165-189,1780033803,2026-05-29T13:50:03,0.0025
6,165-189,1780034104,2026-05-29T13:55:04,0.0025
6,165-189,1780034705,2026-05-29T14:05:05,0.0025
6,165-189,1780035017,2026-05-29T14:10:17,0.0025
6,165-189,1780035304,2026-05-29T14:15:04,0.0025
6,165-189,1780035604,2026-05-29T14:20:04,0.0025
6,165-189,1780035905,2026-05-29T14:25:05,0.0025
6,165-189,1780036206,2026-05-29T14:30:06,0.0025
6,165-189,1780036504,2026-05-29T14:35:04,0.0025
6,165-189,1780036804,2026-05-29T14:40:04,0.0025
6,165-189,1780037104,2026-05-29T14:45:04,0.0025
6,165-189,1780037405,2026-05-29T14:50:05,0.0025
6,165-189,1780037704,2026-05-29T14:55:04,0.0025
6,165-189,1780038305,2026-05-29T15:05:05,0.0025
6,165-189,1780038604,2026-05-29T15:10:04,0.0025
6,165-189,1780038914,2026-05-29T15:15:14,0.0025
6,165-189,1780039204,2026-05-29T15:20:04,0.0025
6,165-189,1780039504,2026-05-29T15:25:04,0.0025
6,165-189,1780039805,2026-05-29T15:30:05,0.0025
6,165-189,1780040105,2026-05-29T15:35:05,0.0025
6,165-189,1780040406,2026-05-29T15:40:06,0.0025
6,165-189,1780040705,2026-05-29T15:45:05,0.0025
6,165-189,1780041005,2026-05-29T15:50:05,0.0025
6,165-189,1780041304,2026-05-29T15:55:04,0.0025
6,165-189,1780041904,2026-05-29T16:05:04,0.0025
6,165-189,1780042204,2026-05-29T16:10:04,0.0025
6,165-189,1780042504,2026-05-29T16:15:04,0.0025
6,165-189,1780042804,2026-05-29T16:20:04,0.0025
6,165-189,1780043103,2026-05-29T16:25:03,0.0025
6,165-189,1780043405,2026-05-29T16:30:05,0.0025
6,165-189,1780043704,2026-05-29T16:35:04,0.0025
6,165-189,1780044005,2026-05-29T16:40:05,0.0025
6,165-189,1780044304,2026-05-29T16:45:04,0.0025
6,165-189,1780044604,2026-05-29T16:50:04,0.0025
6,165-189,1780044904,2026-05-29T16:55:04,0.0025
6,165-189,1780045508,2026-05-29T17:05:08,0.0025
6,165-189,1780045804,2026-05-29T17:10:04,0.0025
6,165-189,1780046105,2026-05-29T17:15:05,0.0025
6,165-189,1780046404,2026-05-29T17:20:04,0.003
6,165-189,1780046706,2026-05-29T17:25:06,0.003
6,165-189,1780047020,2026-05-29T17:30:20,0.003
6,165-189,1780047305,2026-05-29T17:35:05,0.003
6,165-189,1780047604,2026-05-29T17:40:04,0.003
6,165-189,1780047904,2026-05-29T17:45:04,0.003
6,165-189,1780048205,2026-05-29T17:50:05,0.003
6,165-189,1780048507,2026-05-29T17:55:07,0.003
6,165-189,1780049104,2026-05-29T18:05:04,0.003
6,165-189,1780049404,2026-05-29T18:10:04,0.003
6,165-189,1780049704,2026-05-29T18:15:04,0.003
6,165-189,1780050005,2026-05-29T18:20:05,0.003
6,165-189,1780050304,2026-05-29T18:25:04,0.0035
6,165-189,1780050604,2026-05-29T18:30:04,0.0035
6,165-189,1780050904,2026-05-29T18:35:04,0.0035
6,165-189,1780051204,2026-05-29T18:40:04,0.0035
6,165-189,1780051504,2026-05-29T18:45:04,0.0035
6,165-189,1780051804,2026-05-29T18:50:04,0.0035
6,165-189,1780052105,2026-05-29T18:55:05,0.0035
6,165-189,1780052704,2026-05-29T19:05:04,0.0035
6,165-189,1780053004,2026-05-29T19:10:04,0.0035
6,165-189,1780053304,2026-05-29T19:15:04,0.0035
6,165-189,1780053604,2026-05-29T19:20:04,0.0035
6,165-189,1780053904,2026-05-29T19:25:04,0.0035
6,165-189,1780054204,2026-05-29T19:30:04,0.0035
6,165-189,1780054505,2026-05-29T19:35:05,0.0035
6,165-189,1780054805,2026-05-29T19:40:05,0.0035
6,165-189,1780055105,2026-05-29T19:45:05,0.0035
6,165-189,1780055404,2026-05-29T19:50:04,0.0035
6,165-189,1780055704,2026-05-29T19:55:04,0.0035
6,165-189,1780056319,2026-05-29T20:05:19,0.0035
6,165-189,1780056326,2026-05-29T20:05:26,0.0035
6,165-189,1780056604,2026-05-29T20:10:04,0.0035
6,165-189,1780058105,2026-05-29T20:35:05,0.0035
6,165-189,1780058404,2026-05-29T20:40:04,0.0035
6,165-189,1780058703,2026-05-29T20:45:03,0.0035
6,165-189,1780059003,2026-05-29T20:50:03,0.0035
6,165-189,1780059305,2026-05-29T20:55:05,0.0035
6,165-189,1780059905,2026-05-29T21:05:05,0.0035
6,165-189,1780060203,2026-05-29T21:10:03,0.0035
6,165-189,1780061406,2026-05-29T21:30:06,0.0035
6,165-189,1780061704,2026-05-29T21:35:04,0.0035
6,165-189,1780062004,2026-05-29T21:40:04,0.0035
6,165-189,1780062307,2026-05-29T21:45:07,0.0035
6,165-189,1780062605,2026-05-29T21:50:05,0.0035
6,165-189,1780062904,2026-05-29T21:55:04,0.0035
6,165-189,1780063504,2026-05-29T22:05:04,0.0035
6,165-189,1780063808,2026-05-29T22:10:08,0.0035
6,165-189,1780064104,2026-05-29T22:15:04,0.0035
6,165-189,1780064404,2026-05-29T22:20:04,0.0035
6,165-189,1780064704,2026-05-29T22:25:04,0.0035
6,165-189,1780065006,2026-05-29T22:30:06,0.0035
6,165-189,1780065304,2026-05-29T22:35:04,0.0035
6,165-189,1780065605,2026-05-29T22:40:05,0.0035
6,165-189,1780065905,2026-05-29T22:45:05,0.0035
6,165-189,1780066205,2026-05-29T22:50:05,0.0035
6,165-189,1780066505,2026-05-29T22:55:05,0.0035
6,165-189,1780067105,2026-05-29T23:05:05,0.0035
6,165-189,1780067405,2026-05-29T23:10:05,0.0035
6,165-189,1780067704,2026-05-29T23:15:04,0.0035
6,165-189,1780068006,2026-05-29T23:20:06,0.0035
6,165-189,1780068304,2026-05-29T23:25:04,0.0035
6,165-189,1780068606,2026-05-29T23:30:06,0.0035
6,165-189,1780068906,2026-05-29T23:35:06,0.0035
6,165-189,1780069205,2026-05-29T23:40:05,0.0035
6,165-189,1780069508,2026-05-29T23:45:08,0.0035
6,165-189,1780069804,2026-05-29T23:50:04,0.0035
6,165-189,1780070104,2026-05-29T23:55:04,0.0035
6,165-189,1780070705,2026-05-30T00:05:05,0.0035
6,165-189,1780071005,2026-05-30T00:10:05,0.0035
6,165-189,1780071306,2026-05-30T00:15:06,0.0035
6,165-189,1780071606,2026-05-30T00:20:06,0.0035
6,165-189,1780071905,2026-05-30T00:25:05,0.0025
6,165-189,1780072206,2026-05-30T00:30:06,0.0025
6,165-189,1780072504,2026-05-30T00:35:04,0.0025
6,165-189,1780072806,2026-05-30T00:40:06,0.0025
6,165-189,1780073104,2026-05-30T00:45:04,0.0025
6,165-189,1780073404,2026-05-30T00:50:04,0.0025
6,165-189,1780073705,2026-05-30T00:55:05,0.0025
6,165-189,1780074306,2026-05-30T01:05:06,0.0025
6,165-189,1780074604,2026-05-30T01:10:04,0.0025
6,165-189,1780074905,2026-05-30T01:15:05,0.0025
6,165-189,1780075207,2026-05-30T01:20:07,0.0025
6,165-189,1780075504,2026-05-30T01:25:04,0.0025
6,165-189,1780075804,2026-05-30T01:30:04,0.0025
6,165-189,1780076104,2026-05-30T01:35:04,0.0025
6,165-189,1780076404,2026-05-30T01:40:04,0.0025
6,165-189,1780076704,2026-05-30T01:45:04,0.0025
6,165-189,1780077018,2026-05-30T01:50:18,0.0025
6,165-189,1780077304,2026-05-30T01:55:04,0.0025
6,165-189,1780077905,2026-05-30T02:05:05,0.0025
6,165-189,1780078205,2026-05-30T02:10:05,0.0025
6,165-189,1780078505,2026-05-30T02:15:05,0.0025
6,165-189,1780078804,2026-05-30T02:20:04,0.0025
6,165-189,1780079104,2026-05-30T02:25:04,0.0025
6,165-189,1780079408,2026-05-30T02:30:08,0.0025
6,165-189,1780079719,2026-05-30T02:35:19,0.0025
6,165-189,1780080017,2026-05-30T02:40:17,0.0025
6,165-189,1780080305,2026-05-30T02:45:05,0.0025
6,165-189,1780080605,2026-05-30T02:50:05,0.0025
6,165-189,1780080904,2026-05-30T02:55:04,0.0025
6,165-189,1780081504,2026-05-30T03:05:04,0.0025
6,165-189,1780081815,2026-05-30T03:10:15,0.0025
6,165-189,1780082105,2026-05-30T03:15:05,0.0025
6,165-189,1780082405,2026-05-30T03:20:05,0.0025
6,165-189,1780082705,2026-05-30T03:25:05,0.0025
6,165-189,1780083006,2026-05-30T03:30:06,0.0025
6,165-189,1780083303,2026-05-30T03:35:03,0.0025
6,165-189,1780083604,2026-05-30T03:40:04,0.0025
6,165-189,1780083904,2026-05-30T03:45:04,0.0025
6,165-189,1780084205,2026-05-30T03:50:05,0.0025
6,165-189,1780084505,2026-05-30T03:55:05,0.0025
6,165-189,1780085104,2026-05-30T04:05:04,0.0025
6,165-189,1780085404,2026-05-30T04:10:04,0.0025
6,165-189,1780085705,2026-05-30T04:15:05,0.0025
6,165-189,1780086005,2026-05-30T04:20:05,0.0025
6,165-189,1780086304,2026-05-30T04:25:04,0.0025
6,165-189,1780086605,2026-05-30T04:30:05,0.0025
6,165-189,1780086904,2026-05-30T04:35:04,0.0025
6,165-189,1780087206,2026-05-30T04:40:06,0.0025
6,165-189,1780087504,2026-05-30T04:45:04,0.0025
6,165-189,1780087805,2026-05-30T04:50:05,0.0025
6,165-189,1780088107,2026-05-30T04:55:07,0.0025
6,165-189,1780088704,2026-05-30T05:05:04,0.0025
6,165-189,1780089006,2026-05-30T05:10:06,0.0025
6,165-189,1780089304,2026-05-30T05:15:04,0.0025
6,165-189,1780089605,2026-05-30T05:20:05,0.0025
6,165-189,1780089905,2026-05-30T05:25:05,0.0025
6,165-189,1780090205,2026-05-30T05:30:05,0.0025
6,165-189,1780090504,2026-05-30T05:35:04,0.0025
6,165-189,1780090819,2026-05-30T05:40:19,0.0025
6,165-189,1780091105,2026-05-30T05:45:05,0.0025
6,165-189,1780091405,2026-05-30T05:50:05,0.0025
6,165-189,1780091704,2026-05-30T05:55:04,0.0025
6,165-189,1780092304,2026-05-30T06:05:04,0.0025
6,165-189,1780092605,2026-05-30T06:10:05,0.0025
6,165-189,1780092905,2026-05-30T06:15:05,0.0025
6,165-189,1780093205,2026-05-30T06:20:05,0.0025
6,165-189,1780093505,2026-05-30T06:25:05,0.0025
6,165-189,1780093806,2026-05-30T06:30:06,0.0025
6,165-189,1780094105,2026-05-30T06:35:05,0.0025
6,165-189,1780094404,2026-05-30T06:40:04,0.0025
6,165-189,1780094705,2026-05-30T06:45:05,0.0025
6,165-189,1780095004,2026-05-30T06:50:04,0.0025
6,165-189,1780095307,2026-05-30T06:55:07,0.0025
6,165-189,1780095905,2026-05-30T07:05:05,0.0025
6,165-189,1780096204,2026-05-30T07:10:04,0.0025
6,165-189,1780096505,2026-05-30T07:15:05,0.0025
6,165-189,1780096804,2026-05-30T07:20:04,0.0025
6,165-189,1780097105,2026-05-30T07:25:05,0.0025
6,165-189,1780097406,2026-05-30T07:30:06,0.0025
6,165-189,1780097705,2026-05-30T07:35:05,0.0025
6,165-189,1780098004,2026-05-30T07:40:04,0.0025
6,165-189,1780098304,2026-05-30T07:45:04,0.0025
6,165-189,1780098604,2026-05-30T07:50:04,0.0025
6,165-189,1780098905,2026-05-30T07:55:05,0.0025
6,165-189,1780099504,2026-05-30T08:05:04,0.0025
6,165-189,1780099804,2026-05-30T08:10:04,0.0025
6,165-189,1780100105,2026-05-30T08:15:05,0.0025
6,165-189,1780100404,2026-05-30T08:20:04,0.0025
6,165-189,1780100705,2026-05-30T08:25:05,0.0025
6,165-189,1780101008,2026-05-30T08:30:08,0.0025
6,165-189,1780101303,2026-05-30T08:35:03,0.0025
6,165-189,1780101605,2026-05-30T08:40:05,0.0025
6,165-189,1780101906,2026-05-30T08:45:06,0.0025
6,165-189,1780102205,2026-05-30T08:50:05,0.0025
6,165-189,1780102506,2026-05-30T08:55:06,0.0025
6,165-189,1780103104,2026-05-30T09:05:04,0.0025
6,165-189,1780103404,2026-05-30T09:10:04,0.0025
6,165-189,1780103712,2026-05-30T09:15:12,0.0025
6,165-189,1780104005,2026-05-30T09:20:05,0.0025
6,165-189,1780104305,2026-05-30T09:25:05,0.0025
6,165-189,1780104608,2026-05-30T09:30:08,0.0025
6,165-189,1780104904,2026-05-30T09:35:04,0.0025
6,165-189,1780105204,2026-05-30T09:40:04,0.0025
6,165-189,1780105505,2026-05-30T09:45:05,0.0025
6,165-189,1780105804,2026-05-30T09:50:04,0.0025
6,165-189,1780106116,2026-05-30T09:55:16,0.0025
6,165-189,1780106704,2026-05-30T10:05:04,0.0025
6,165-189,1780107004,2026-05-30T10:10:04,0.0025
6,165-189,1780107304,2026-05-30T10:15:04,0.0025
6,165-189,1780107604,2026-05-30T10:20:04,0.0025
6,165-189,1780107904,2026-05-30T10:25:04,0.0025
6,165-189,1780108208,2026-05-30T10:30:08,0.0025
6,165-189,1780108504,2026-05-30T10:35:04,0.0025
6,165-189,1780108807,2026-05-30T10:40:07,0.0025
6,165-189,1780109105,2026-05-30T10:45:05,0.0025
6,165-189,1780109404,2026-05-30T10:50:04,0.0025
6,165-189,1780109705,2026-05-30T10:55:05,0.0025
6,165-189,1780110304,2026-05-30T11:05:04,0.0025
6,165-189,1780110606,2026-05-30T11:10:06,0.0025
6,165-189,1780110916,2026-05-30T11:15:16,0.0025
6,165-189,1780111205,2026-05-30T11:20:05,0.0025
6,165-189,1780111520,2026-05-30T11:25:20,0.0025
6,165-189,1780111805,2026-05-30T11:30:05,0.0025
6,165-189,1780112103,2026-05-30T11:35:03,0.0025
6,165-189,1780112404,2026-05-30T11:40:04,0.0025
6,165-189,1780112704,2026-05-30T11:45:04,0.0025
6,165-189,1780113008,2026-05-30T11:50:08,0.0025
6,165-189,1780113304,2026-05-30T11:55:04,0.0025
6,165-189,1780113905,2026-05-30T12:05:05,0.0025
6,165-189,1780114205,2026-05-30T12:10:05,0.0025
6,165-189,1780114506,2026-05-30T12:15:06,0.0025
6,165-189,1780114805,2026-05-30T12:20:05,0.0025
6,165-189,1780115104,2026-05-30T12:25:04,0.0025
6,165-189,1780115405,2026-05-30T12:30:05,0.0025
6,165-189,1780115704,2026-05-30T12:35:04,0.0025
6,165-189,1780116005,2026-05-30T12:40:05,0.0025
6,165-189,1780116305,2026-05-30T12:45:05,0.0025
6,165-189,1780116605,2026-05-30T12:50:05,0.0025
6,165-189,1780116905,2026-05-30T12:55:05,0.0025
6,165-189,1780117504,2026-05-30T13:05:04,0.0025
6,165-189,1780117805,2026-05-30T13:10:05,0.0025
6,165-189,1780118105,2026-05-30T13:15:05,0.0025
6,165-189,1780118404,2026-05-30T13:20:04,0.0025
6,165-189,1780118705,2026-05-30T13:25:05,0.0025
6,165-189,1780119006,2026-05-30T13:30:06,0.0025
6,165-189,1780119304,2026-05-30T13:35:04,0.0025
6,165-189,1780119603,2026-05-30T13:40:03,0.0025
6,165-189,1780119905,2026-05-30T13:45:05,0.0025
6,165-189,1780120205,2026-05-30T13:50:05,0.0025
6,165-189,1780120506,2026-05-30T13:55:06,0.0025
6,165-189,1780121104,2026-05-30T14:05:04,0.0025
6,165-189,1780121404,2026-05-30T14:10:04,0.0025
6,165-189,1780121704,2026-05-30T14:15:04,0.0025
6,165-189,1780122003,2026-05-30T14:20:03,0.0025
6,165-189,1780122304,2026-05-30T14:25:04,0.0025
6,165-189,1780122604,2026-05-30T14:30:04,0.0025
6,165-189,1780122908,2026-05-30T14:35:08,0.0025
6,165-189,1780123204,2026-05-30T14:40:04,0.0025
6,165-189,1780123517,2026-05-30T14:45:17,0.0025
6,165-189,1780123804,2026-05-30T14:50:04,0.0025
6,165-189,1780124104,2026-05-30T14:55:04,0.0025
6,165-189,1780124704,2026-05-30T15:05:04,0.0025
6,165-189,1780125004,2026-05-30T15:10:04,0.0025
6,165-189,1780125305,2026-05-30T15:15:05,0.0025
6,165-189,1780125620,2026-05-30T15:20:20,0.0025
6,165-189,1780125904,2026-05-30T15:25:04,0.0025
6,165-189,1780126205,2026-05-30T15:30:05,0.0025
6,165-189,1780126505,2026-05-30T15:35:05,0.0025
6,165-189,1780126804,2026-05-30T15:40:04,0.0025
6,165-189,1780127104,2026-05-30T15:45:04,0.0025
6,165-189,1780127404,2026-05-30T15:50:04,0.0025
6,165-189,1780127704,2026-05-30T15:55:04,0.0025
6,165-189,1780128304,2026-05-30T16:05:04,0.0025
6,165-189,1780128605,2026-05-30T16:10:05,0.0025
6,165-189,1780128904,2026-05-30T16:15:04,0.0015
6,165-189,1780129204,2026-05-30T16:20:04,0.0015
6,165-189,1780129504,2026-05-30T16:25:04,0.0015
6,165-189,1780129805,2026-05-30T16:30:05,0.0015
6,165-189,1780130104,2026-05-30T16:35:04,0.0015
6,165-189,1780130405,2026-05-30T16:40:05,0.0015
6,165-189,1780130704,2026-05-30T16:45:04,0.0015
6,165-189,1780131008,2026-05-30T16:50:08,0.0015
6,165-189,1780131305,2026-05-30T16:55:05,0.0015
6,165-189,1780131905,2026-05-30T17:05:05,0.0015
6,165-189,1780132204,2026-05-30T17:10:04,0.0015
6,165-189,1780132504,2026-05-30T17:15:04,0.0015
6,165-189,1780132805,2026-05-30T17:20:05,0.0015
6,165-189,1780133105,2026-05-30T17:25:05,0.0015
6,165-189,1780133406,2026-05-30T17:30:06,0.0015
6,165-189,1780133704,2026-05-30T17:35:04,0.0015
6,165-189,1780134005,2026-05-30T17:40:05,0.0015
6,165-189,1780134304,2026-05-30T17:45:04,0.0015
6,165-189,1780134604,2026-05-30T17:50:04,0.0015
6,165-189,1780134904,2026-05-30T17:55:04,0.0015
6,165-189,1780135504,2026-05-30T18:05:04,0.0015
6,165-189,1780135819,2026-05-30T18:10:19,0.0015
6,165-189,1780136105,2026-05-30T18:15:05,0.0015
6,165-189,1780136406,2026-05-30T18:20:06,0.0015
6,165-189,1780136705,2026-05-30T18:25:05,0.0015
6,165-189,1780137005,2026-05-30T18:30:05,0.0015
6,165-189,1780137304,2026-05-30T18:35:04,0.0015
6,165-189,1780137604,2026-05-30T18:40:04,0.0015
6,165-189,1780137904,2026-05-30T18:45:04,0.0015
6,165-189,1780138204,2026-05-30T18:50:04,0.0015
6,165-189,1780138504,2026-05-30T18:55:04,0.0015
6,165-189,1780139105,2026-05-30T19:05:05,0.0015
6,165-189,1780139404,2026-05-30T19:10:04,0.0015
6,165-189,1780139707,2026-05-30T19:15:07,0.0015
6,165-189,1780140004,2026-05-30T19:20:04,0.0015
6,165-189,1780140304,2026-05-30T19:25:04,0.0015
6,165-189,1780140606,2026-05-30T19:30:06,0.0015
6,165-189,1780140904,2026-05-30T19:35:04,0.0015
6,165-189,1780141204,2026-05-30T19:40:04,0.0015
6,165-189,1780141508,2026-05-30T19:45:08,0.0015
6,165-189,1780141805,2026-05-30T19:50:05,0.0015
6,165-189,1780142106,2026-05-30T19:55:06,0.0015
6,165-189,1780142704,2026-05-30T20:05:04,0.0015
6,165-189,1780143004,2026-05-30T20:10:04,0.0015
6,165-189,1780143304,2026-05-30T20:15:04,0.0015
6,165-189,1780143604,2026-05-30T20:20:04,0.0015
6,165-189,1780143904,2026-05-30T20:25:04,0.0015
6,165-189,1780144206,2026-05-30T20:30:06,0.0015
6,165-189,1780144517,2026-05-30T20:35:17,0.0015
6,165-189,1780144805,2026-05-30T20:40:05,0.0015
6,165-189,1780145105,2026-05-30T20:45:05,0.0015
6,165-189,1780145405,2026-05-30T20:50:05,0.0015
6,165-189,1780145707,2026-05-30T20:55:07,0.0015
6,165-189,1780146306,2026-05-30T21:05:06,0.0015
6,165-189,1780146604,2026-05-30T21:10:04,0.0015
6,165-189,1780146904,2026-05-30T21:15:04,0.0015
6,165-189,1780147205,2026-05-30T21:20:05,0.0015
6,165-189,1780147507,2026-05-30T21:25:07,0.0015
6,165-189,1780147806,2026-05-30T21:30:06,0.0015
6,165-189,1780148103,2026-05-30T21:35:03,0.0015
6,165-189,1780148405,2026-05-30T21:40:05,0.0015
6,165-189,1780148705,2026-05-30T21:45:05,0.0015
6,165-189,1780149004,2026-05-30T21:50:04,0.0015
6,165-189,1780149305,2026-05-30T21:55:05,0.0015
6,165-189,1780149904,2026-05-30T22:05:04,0.0015
6,165-189,1780150205,2026-05-30T22:10:05,0.0015
6,165-189,1780150518,2026-05-30T22:15:18,0.0015
6,165-189,1780150805,2026-05-30T22:20:05,0.0015
6,165-189,1780151104,2026-05-30T22:25:04,0.0015
6,165-189,1780151409,2026-05-30T22:30:09,0.0015
6,165-189,1780151704,2026-05-30T22:35:04,0.0015
6,165-189,1780152004,2026-05-30T22:40:04,0.0015
6,165-189,1780152305,2026-05-30T22:45:05,0.0015
6,165-189,1780152604,2026-05-30T22:50:04,0.0015
6,165-189,1780152904,2026-05-30T22:55:04,0.0015
6,165-189,1780153504,2026-05-30T23:05:04,0.0015
6,165-189,1780153820,2026-05-30T23:10:20,0.0015
6,165-189,1780154104,2026-05-30T23:15:04,0.0015
6,165-189,1780154405,2026-05-30T23:20:05,0.0015
6,165-189,1780154705,2026-05-30T23:25:05,0.0015
6,165-189,1780155021,2026-05-30T23:30:21,0.0015
6,165-189,1780155304,2026-05-30T23:35:04,0.0015
6,165-189,1780155605,2026-05-30T23:40:05,0.0015
6,165-189,1780155905,2026-05-30T23:45:05,0.0015
6,165-189,1780156218,2026-05-30T23:50:18,0.0015
6,165-189,1780156504,2026-05-30T23:55:04,0.0015
6,165-189,1780157105,2026-05-31T00:05:05,0.0015
6,165-189,1780157408,2026-05-31T00:10:08,0.0015
6,165-189,1780157706,2026-05-31T00:15:06,0.0015
6,165-189,1780158005,2026-05-31T00:20:05,0.0015
6,165-189,1780158319,2026-05-31T00:25:19,0.0015
6,165-189,1780158606,2026-05-31T00:30:06,0.0015
6,165-189,1780158905,2026-05-31T00:35:05,0.0015
6,165-189,1780159206,2026-05-31T00:40:06,0.0015
6,165-189,1780159505,2026-05-31T00:45:05,0.0005
6,165-189,1780159804,2026-05-31T00:50:04,0.0005
6,165-189,1780160103,2026-05-31T00:55:03,0.0005
6,165-189,1780160704,2026-05-31T01:05:04,0.0005
6,165-189,1780161004,2026-05-31T01:10:04,0.0005
6,165-189,1780161306,2026-05-31T01:15:06,0.0005
6,165-189,1780161604,2026-05-31T01:20:04,0.0005
6,165-189,1780161905,2026-05-31T01:25:05,0.0005
6,165-189,1780162207,2026-05-31T01:30:07,0.0005
6,165-189,1780162506,2026-05-31T01:35:06,0.0005
6,165-189,1780162805,2026-05-31T01:40:05,0.0005
6,165-189,1780163106,2026-05-31T01:45:06,0.0005
6,165-189,1780163405,2026-05-31T01:50:05,0.0005
6,165-189,1780163704,2026-05-31T01:55:04,0.0005
6,165-189,1780164304,2026-05-31T02:05:04,0.0005
6,165-189,1780164605,2026-05-31T02:10:05,0.0005
6,165-189,1780164906,2026-05-31T02:15:06,0.0005
6,165-189,1780165205,2026-05-31T02:20:05,0.0005
6,165-189,1780165504,2026-05-31T02:25:04,0.0005
6,165-189,1780165805,2026-05-31T02:30:05,0.0005
6,165-189,1780166105,2026-05-31T02:35:05,0.0005
6,165-189,1780166405,2026-05-31T02:40:05,0.0005
6,165-189,1780166704,2026-05-31T02:45:04,0.0005
6,165-189,1780167005,2026-05-31T02:50:05,0.0005
6,165-189,1780167304,2026-05-31T02:55:04,0.0005
6,165-189,1780167904,2026-05-31T03:05:04,0.0005
6,165-189,1780168204,2026-05-31T03:10:04,0.0005
6,165-189,1780168505,2026-05-31T03:15:05,0.0005
6,165-189,1780168804,2026-05-31T03:20:04,0.0005
6,165-189,1780169104,2026-05-31T03:25:04,0.0005
6,165-189,1780169406,2026-05-31T03:30:06,0.0005
6,165-189,1780169704,2026-05-31T03:35:04,0.0005
6,165-189,1780170004,2026-05-31T03:40:04,0.0005
6,165-189,1780170304,2026-05-31T03:45:04,0.0005
6,165-189,1780170607,2026-05-31T03:50:07,0.0005
6,165-189,1780170904,2026-05-31T03:55:04,0.0005
6,165-189,1780171504,2026-05-31T04:05:04,0.0005
6,165-189,1780171804,2026-05-31T04:10:04,0.0005
6,165-189,1780172104,2026-05-31T04:15:04,0.0005
6,165-189,1780172405,2026-05-31T04:20:05,0.0005
6,165-189,1780172704,2026-05-31T04:25:04,0.0005
6,165-189,1780173006,2026-05-31T04:30:06,0.0005
6,165-189,1780173304,2026-05-31T04:35:04,0.0005
6,165-189,1780173605,2026-05-31T04:40:05,0.0005
6,165-189,1780173905,2026-05-31T04:45:05,0.0005
6,165-189,1780174203,2026-05-31T04:50:03,0.0005
6,165-189,1780174504,2026-05-31T04:55:04,0.0005
6,165-189,1780175105,2026-05-31T05:05:05,0.0005
6,165-189,1780175405,2026-05-31T05:10:05,0.0005
6,165-189,1780175704,2026-05-31T05:15:04,0.0005
6,165-189,1780176006,2026-05-31T05:20:06,0.0005
6,165-189,1780176305,2026-05-31T05:25:05,0.0005
6,165-189,1780176620,2026-05-31T05:30:20,0.0005
6,165-189,1780176904,2026-05-31T05:35:04,0.0005
6,165-189,1780177204,2026-05-31T05:40:04,0.0005
6,165-189,1780177505,2026-05-31T05:45:05,0.0005
6,165-189,1780177806,2026-05-31T05:50:06,0.0005
6,165-189,1780178104,2026-05-31T05:55:04,0.0005
6,165-189,1780178705,2026-05-31T06:05:05,0.0005
6,165-189,1780179007,2026-05-31T06:10:07,0.0005
6,165-189,1780179305,2026-05-31T06:15:05,0.0005
6,165-189,1780179605,2026-05-31T06:20:05,0.0005
6,165-189,1780179904,2026-05-31T06:25:04,0.0005
6,165-189,1780180208,2026-05-31T06:30:08,0.0005
6,165-189,1780180506,2026-05-31T06:35:06,0.0005
6,165-189,1780180804,2026-05-31T06:40:04,0.0005
6,165-189,1780181105,2026-05-31T06:45:05,0.0005
6,165-189,1780181406,2026-05-31T06:50:06,0.0005
6,165-189,1780181704,2026-05-31T06:55:04,0.0005
6,165-189,1780182305,2026-05-31T07:05:05,0.0005
6,165-189,1780182607,2026-05-31T07:10:07,0.0005
6,165-189,1780182907,2026-05-31T07:15:07,0.0005
6,165-189,1780183206,2026-05-31T07:20:06,0.0005
6,165-189,1780183506,2026-05-31T07:25:06,0.0005
6,165-189,1780183806,2026-05-31T07:30:06,0.0005
6,165-189,1780184119,2026-05-31T07:35:19,0.0005
6,165-189,1780184405,2026-05-31T07:40:05,0.0005
6,165-189,1780184717,2026-05-31T07:45:17,0.0005
6,165-189,1780185010,2026-05-31T07:50:10,0.0005
6,165-189,1780185304,2026-05-31T07:55:04,0.0005
6,165-189,1780185905,2026-05-31T08:05:05,0.0005
6,165-189,1780186204,2026-05-31T08:10:04,0.0005
6,165-189,1780186507,2026-05-31T08:15:07,0.0005
6,165-189,1780186819,2026-05-31T08:20:19,0.0005
6,165-189,1780187104,2026-05-31T08:25:04,0.0005
6,165-189,1780187406,2026-05-31T08:30:06,0.0005
6,165-189,1780187705,2026-05-31T08:35:05,0.0005
6,165-189,1780188004,2026-05-31T08:40:04,0.0005
6,165-189,1780188304,2026-05-31T08:45:04,0.0005
6,165-189,1780188605,2026-05-31T08:50:05,0.0005
6,165-189,1780188906,2026-05-31T08:55:06,0.0005
6,165-189,1780189504,2026-05-31T09:05:04,0.0005
6,165-189,1780189805,2026-05-31T09:10:05,0.0005
6,165-189,1780190103,2026-05-31T09:15:03,0.0005
6,165-189,1780190416,2026-05-31T09:20:16,0.0005
6,165-189,1780190717,2026-05-31T09:25:17,0.0005
6,165-189,1780191005,2026-05-31T09:30:05,0.0005
6,165-189,1780191321,2026-05-31T09:35:21,0.0005
6,165-189,1780191604,2026-05-31T09:40:04,0.0005
6,165-189,1780191904,2026-05-31T09:45:04,0.0005
6,165-189,1780192205,2026-05-31T09:50:05,0.0005
6,165-189,1780192505,2026-05-31T09:55:05,0.0005
6,165-189,1780193104,2026-05-31T10:05:04,0.0005
6,165-189,1780193404,2026-05-31T10:10:04,0.0005
6,165-189,1780193703,2026-05-31T10:15:03,0.0005
6,165-189,1780194004,2026-05-31T10:20:04,0.0005
6,165-189,1780194317,2026-05-31T10:25:17,0.0005
6,165-189,1780194604,2026-05-31T10:30:04,0.0005
6,165-189,1780194904,2026-05-31T10:35:04,0.0005
6,165-189,1780195204,2026-05-31T10:40:04,0.0005
6,165-189,1780195504,2026-05-31T10:45:04,0.0005
6,165-189,1780195805,2026-05-31T10:50:05,0.0005
6,165-189,1780196103,2026-05-31T10:55:03,0.0005
6,165-189,1780196707,2026-05-31T11:05:07,0.0005
6,165-189,1780197004,2026-05-31T11:10:04,0.0005
6,165-189,1780197304,2026-05-31T11:15:04,0.0005
6,165-189,1780197604,2026-05-31T11:20:04,0.0005
6,165-189,1780197904,2026-05-31T11:25:04,0.0005
6,165-189,1780198205,2026-05-31T11:30:05,0.0005
6,165-189,1780198504,2026-05-31T11:35:04,0.0005
6,165-189,1780198805,2026-05-31T11:40:05,0.0005
6,165-189,1780199104,2026-05-31T11:45:04,0.0005
6,165-189,1780199407,2026-05-31T11:50:07,0.0005
6,165-189,1780199705,2026-05-31T11:55:05,0.0005
6,165-189,1780200304,2026-05-31T12:05:04,0.0005
6,165-189,1780200604,2026-05-31T12:10:04,0.0005
6,165-189,1780200904,2026-05-31T12:15:04,0.0005
6,165-189,1780201205,2026-05-31T12:20:05,0.0005
6,165-189,1780201505,2026-05-31T12:25:05,0.0005
6,165-189,1780201805,2026-05-31T12:30:05,0.0005
6,165-189,1780202105,2026-05-31T12:35:05,0.0005
6,165-189,1780202404,2026-05-31T12:40:04,0.0005
6,165-189,1780202705,2026-05-31T12:45:05,0.0005
6,165-189,1780203006,2026-05-31T12:50:06,0.0005
6,165-189,1780203304,2026-05-31T12:55:04,0.0005
6,165-189,1780203904,2026-05-31T13:05:04,0.0005
6,165-189,1780204205,2026-05-31T13:10:05,0.0005
6,165-189,1780204505,2026-05-31T13:15:05,0.0005
6,165-189,1780204805,2026-05-31T13:20:05,0.0005
6,165-189,1780205103,2026-05-31T13:25:03,0.0005
6,165-189,1780205406,2026-05-31T13:30:06,0.0005
6,165-189,1780205704,2026-05-31T13:35:04,0.0005
6,165-189,1780206005,2026-05-31T13:40:05,0.0005
6,165-189,1780206305,2026-05-31T13:45:05,0.0005
6,165-189,1780206603,2026-05-31T13:50:03,0.0005
6,165-189,1780206903,2026-05-31T13:55:03,0.0005
6,165-189,1780207505,2026-05-31T14:05:05,0.0005
6,165-189,1780207805,2026-05-31T14:10:05,0.0005
6,165-189,1780208104,2026-05-31T14:15:04,0.0005
6,165-189,1780208408,2026-05-31T14:20:08,0.0005
6,165-189,1780208705,2026-05-31T14:25:05,0.0005
6,165-189,1780209005,2026-05-31T14:30:05,0.0005
6,165-189,1780209304,2026-05-31T14:35:04,0.0005
6,165-189,1780209604,2026-05-31T14:40:04,0.0005
6,165-189,1780209903,2026-05-31T14:45:03,0.0005
6,165-189,1780210204,2026-05-31T14:50:04,0.0005
6,165-189,1780210505,2026-05-31T14:55:05,0.0005
6,165-189,1780211104,2026-05-31T15:05:04,0.0005
6,165-189,1780211404,2026-05-31T15:10:04,0.0005
6,165-189,1780211704,2026-05-31T15:15:04,0.0005
6,165-189,1780212004,2026-05-31T15:20:04,0.0005
6,165-189,1780212304,2026-05-31T15:25:04,0.0005
6,165-189,1780212606,2026-05-31T15:30:06,0.0005
6,165-189,1780212903,2026-05-31T15:35:03,0.0005
6,165-189,1780213204,2026-05-31T15:40:04,0.0005
6,165-189,1780213504,2026-05-31T15:45:04,0.0005
6,165-189,1780213804,2026-05-31T15:50:04,0.0005
6,165-189,1780214104,2026-05-31T15:55:04,0.0005
6,165-189,1780214704,2026-05-31T16:05:04,0.0005
6,165-189,1780215004,2026-05-31T16:10:04,0.0005
6,165-189,1780215304,2026-05-31T16:15:04,0.0005
6,165-189,1780215605,2026-05-31T16:20:05,0.0005
6,165-189,1780215904,2026-05-31T16:25:04,0.0005
6,165-189,1780216206,2026-05-31T16:30:06,0.0005
6,165-189,1780216504,2026-05-31T16:35:04,0.0005
6,165-189,1780216805,2026-05-31T16:40:05,0.0005
6,165-189,1780217104,2026-05-31T16:45:04,0.0005
6,165-189,1780217405,2026-05-31T16:50:05,0.0005
6,165-189,1780217705,2026-05-31T16:55:05,0.0005
6,165-189,1780218304,2026-05-31T17:05:04,0.0005
6,165-189,1780218605,2026-05-31T17:10:05,0.0005
6,165-189,1780218904,2026-05-31T17:15:04,0.0005
6,165-189,1780219204,2026-05-31T17:20:04,0.0005
6,165-189,1780219503,2026-05-31T17:25:03,0.0005
6,165-189,1780219805,2026-05-31T17:30:05,0.0005
6,165-189,1780220104,2026-05-31T17:35:04,0.0005
6,165-189,1780220405,2026-05-31T17:40:05,0.0005
6,165-189,1780220704,2026-05-31T17:45:04,0.0005
6,165-189,1780221005,2026-05-31T17:50:05,0.0005
6,165-189,1780221305,2026-05-31T17:55:05,0.0005
6,165-189,1780221904,2026-05-31T18:05:04,0.0005
6,165-189,1780222204,2026-05-31T18:10:04,0.0005
6,165-189,1780222504,2026-05-31T18:15:04,0.0005
6,165-189,1780222804,2026-05-31T18:20:04,0.0005
6,165-189,1780223104,2026-05-31T18:25:04,0.0005
6,165-189,1780223406,2026-05-31T18:30:06,0.0005
6,165-189,1780223704,2026-05-31T18:35:04,0.0005
6,165-189,1780224007,2026-05-31T18:40:07,0.0005
6,165-189,1780224305,2026-05-31T18:45:05,0.0005
6,165-189,1780224605,2026-05-31T18:50:05,0.0005
6,165-189,1780224904,2026-05-31T18:55:04,0.0005
6,165-189,1780225519,2026-05-31T19:05:19,0.0005
6,165-189,1780225819,2026-05-31T19:10:19,0.0005
6,165-189,1780226104,2026-05-31T19:15:04,0.0005
6,165-189,1780226404,2026-05-31T19:20:04,0.0005
6,165-189,1780226704,2026-05-31T19:25:04,0.0005
6,165-189,1780227018,2026-05-31T19:30:18,0.0005
6,165-189,1780227304,2026-05-31T19:35:04,0.0005
6,165-189,1780227604,2026-05-31T19:40:04,0.0005
6,165-189,1780227905,2026-05-31T19:45:05,0.0005
6,165-189,1780228205,2026-05-31T19:50:05,0.0005
6,165-189,1780228516,2026-05-31T19:55:16,0.0005
6,165-189,1780229104,2026-05-31T20:05:04,0.0005
6,165-189,1780229404,2026-05-31T20:10:04,0.0005
6,165-189,1780229705,2026-05-31T20:15:05,0.0005
6,165-189,1780230004,2026-05-31T20:20:04,0.0005
6,165-189,1780230305,2026-05-31T20:25:05,0.0005
6,165-189,1780230605,2026-05-31T20:30:05,0.0005
6,165-189,1780230905,2026-05-31T20:35:05,0.0005
6,165-189,1780231207,2026-05-31T20:40:07,0.0005
6,165-189,1780231504,2026-05-31T20:45:04,0.0005
6,165-189,1780231805,2026-05-31T20:50:05,0.0005
6,165-189,1780232104,2026-05-31T20:55:04,0.0005
6,165-189,1780232705,2026-05-31T21:05:05,0.0005
6,165-189,1780233005,2026-05-31T21:10:05,0.0005
6,165-189,1780233305,2026-05-31T21:15:05,0.0005
6,165-189,1780233605,2026-05-31T21:20:05,0.0005
6,165-189,1780233906,2026-05-31T21:25:06,0.0005
6,165-189,1780234205,2026-05-31T21:30:05,0.0005
6,165-189,1780234503,2026-05-31T21:35:03,0.0005
6,165-189,1780234804,2026-05-31T21:40:04,0.0005
6,165-189,1780235106,2026-05-31T21:45:06,0.0005
6,165-189,1780235405,2026-05-31T21:50:05,0.0005
6,165-189,1780235704,2026-05-31T21:55:04,0.0005
6,165-189,1780236305,2026-05-31T22:05:05,0.0005
6,165-189,1780236604,2026-05-31T22:10:04,0.0005
6,165-189,1780236907,2026-05-31T22:15:07,0.0005
6,165-189,1780237206,2026-05-31T22:20:06,0.0005
6,165-189,1780237504,2026-05-31T22:25:04,0.0005
6,165-189,1780237804,2026-05-31T22:30:04,0.0005
6,165-189,1780238104,2026-05-31T22:35:04,0.0005
6,165-189,1780238404,2026-05-31T22:40:04,0.0005
6,165-189,1780238704,2026-05-31T22:45:04,0.0005
6,165-189,1780239004,2026-05-31T22:50:04,0.0005
6,165-189,1780239304,2026-05-31T22:55:04,0.0005
6,165-189,1780239904,2026-05-31T23:05:04,0.0005
6,165-189,1780240204,2026-05-31T23:10:04,0.0005
6,165-189,1780240505,2026-05-31T23:15:05,0.0005
6,165-189,1780240804,2026-05-31T23:20:04,0.0005
6,165-189,1780241105,2026-05-31T23:25:05,0.0005
6,165-189,1780241405,2026-05-31T23:30:05,0.0005
6,165-189,1780241705,2026-05-31T23:35:05,0.0005
6,165-189,1780242004,2026-05-31T23:40:04,0.0005
6,165-189,1780242305,2026-05-31T23:45:05,0.0005
6,165-189,1780242604,2026-05-31T23:50:04,0.0005
6,165-189,1780242904,2026-05-31T23:55:04,0.0005
6,165-189,1780243505,2026-06-01T00:05:05,0.0005
6,165-189,1780243805,2026-06-01T00:10:05,0.0005
6,165-189,1780244105,2026-06-01T00:15:05,0.0005
6,165-189,1780244405,2026-06-01T00:20:05,0.0005
6,165-189,1780244705,2026-06-01T00:25:05,0.0005
6,165-189,1780245023,2026-06-01T00:30:23,0.0005
6,165-189,1780245304,2026-06-01T00:35:04,0.0005
6,165-189,1780245605,2026-06-01T00:40:05,0.0005
6,165-189,1780245905,2026-06-01T00:45:05,0.0005
6,165-189,1780246221,2026-06-01T00:50:21,0.0005
6,165-189,1780246504,2026-06-01T00:55:04,0.0005
6,165-189,1780247103,2026-06-01T01:05:03,0.0005
6,165-189,1780247404,2026-06-01T01:10:04,0.0005
6,165-189,1780247722,2026-06-01T01:15:22,0.0005
6,165-189,1780248008,2026-06-01T01:20:08,0.0005
6,165-189,1780248304,2026-06-01T01:25:04,0.0005
6,165-189,1780248606,2026-06-01T01:30:06,0.0005
6,165-189,1780248904,2026-06-01T01:35:04,0.0005
6,165-189,1780249204,2026-06-01T01:40:04,0.0005
6,165-189,1780249504,2026-06-01T01:45:04,0.0005
6,165-189,1780249806,2026-06-01T01:50:06,0.0005
6,165-189,1780250105,2026-06-01T01:55:05,0.0005
6,165-189,1780250704,2026-06-01T02:05:04,0.0005
6,165-189,1780251005,2026-06-01T02:10:05,0.0005
6,165-189,1780251304,2026-06-01T02:15:04,0.0005
6,165-189,1780251604,2026-06-01T02:20:04,0.0005
6,165-189,1780251906,2026-06-01T02:25:06,0.0005
6,165-189,1780252205,2026-06-01T02:30:05,0.0005
6,165-189,1780252504,2026-06-01T02:35:04,0.0005
6,165-189,1780252804,2026-06-01T02:40:04,0.0005
6,165-189,1780253104,2026-06-01T02:45:04,0.0005
6,165-189,1780253407,2026-06-01T02:50:07,0.0005
6,165-189,1780253705,2026-06-01T02:55:05,0.0005
6,165-189,1780254308,2026-06-01T03:05:08,0.0005
6,165-189,1780254605,2026-06-01T03:10:05,0.0005
6,165-189,1780254904,2026-06-01T03:15:04,0.0005
6,165-189,1780255204,2026-06-01T03:20:04,0.0005
6,165-189,1780255505,2026-06-01T03:25:05,0.0005
6,165-189,1780255805,2026-06-01T03:30:05,0.0005
6,165-189,1780256104,2026-06-01T03:35:04,0.0005
6,165-189,1780256404,2026-06-01T03:40:04,0.0005
6,165-189,1780256704,2026-06-01T03:45:04,0.0005
6,165-189,1780257006,2026-06-01T03:50:06,0.0005
6,165-189,1780257305,2026-06-01T03:55:05,0.0005
6,165-189,1780257905,2026-06-01T04:05:05,0.0005
6,165-189,1780258205,2026-06-01T04:10:05,0.0005
6,165-189,1780258504,2026-06-01T04:15:04,0.0005
6,165-189,1780258805,2026-06-01T04:20:05,0.0005
6,165-189,1780259105,2026-06-01T04:25:05,0.0005
6,165-189,1780259405,2026-06-01T04:30:05,0.0005
6,165-189,1780259706,2026-06-01T04:35:06,0.0005
6,165-189,1780260006,2026-06-01T04:40:06,0.0005
6,165-189,1780260319,2026-06-01T04:45:19,0.0005
6,165-189,1780260605,2026-06-01T04:50:05,0.0005
6,165-189,1780260905,2026-06-01T04:55:05,0.0005
6,165-189,1780261506,2026-06-01T05:05:06,0.0005
6,165-189,1780261805,2026-06-01T05:10:05,0.0005
6,165-189,1780262104,2026-06-01T05:15:04,0.0005
6,165-189,1780262405,2026-06-01T05:20:05,0.0005
6,165-189,1780262704,2026-06-01T05:25:04,0.0005
6,165-189,1780263006,2026-06-01T05:30:06,0.0005
6,165-189,1780263304,2026-06-01T05:35:04,0.0005
6,165-189,1780263605,2026-06-01T05:40:05,0.0005
6,165-189,1780263907,2026-06-01T05:45:07,0.0005
6,165-189,1780264204,2026-06-01T05:50:04,0.0005
6,165-189,1780264506,2026-06-01T05:55:06,0.0005
6,165-189,1780265106,2026-06-01T06:05:06,0.0005
6,165-189,1780265405,2026-06-01T06:10:05,0.0005
6,165-189,1780265705,2026-06-01T06:15:05,0.0005
6,165-189,1780266034,2026-06-01T06:20:34,0.0005
6,165-189,1780266305,2026-06-01T06:25:05,0.0005
6,165-189,1780266606,2026-06-01T06:30:06,0.0005
6,165-189,1780266904,2026-06-01T06:35:04,0.0005
6,165-189,1780267204,2026-06-01T06:40:04,0.0005
6,165-189,1780267504,2026-06-01T06:45:04,0.0005
6,165-189,1780267804,2026-06-01T06:50:04,0.0005
6,165-189,1780268104,2026-06-01T06:55:04,0.0005
6,165-189,1780268706,2026-06-01T07:05:06,0.0005
6,165-189,1780269005,2026-06-01T07:10:05,0.0005
6,165-189,1780269305,2026-06-01T07:15:05,0.0005
6,165-189,1780269605,2026-06-01T07:20:05,0.0005
6,165-189,1780269905,2026-06-01T07:25:05,0.0005
6,165-189,1780270204,2026-06-01T07:30:04,0.0005
6,165-189,1780270504,2026-06-01T07:35:04,0.0005
6,165-189,1780270803,2026-06-01T07:40:03,0.0005
6,165-189,1780271106,2026-06-01T07:45:06,0.0005
6,165-189,1780271405,2026-06-01T07:50:05,0.0005
6,165-189,1780271704,2026-06-01T07:55:04,0.0005
6,165-189,1780272303,2026-06-01T08:05:03,0.0005
6,165-189,1780272605,2026-06-01T08:10:05,0.0005
6,165-189,1780272905,2026-06-01T08:15:05,0.0005
6,165-189,1780273204,2026-06-01T08:20:04,0.0005
6,165-189,1780273504,2026-06-01T08:25:04,0.0005
6,165-189,1780273804,2026-06-01T08:30:04,0.0005
6,165-189,1780274104,2026-06-01T08:35:04,0.0005
6,165-189,1780274406,2026-06-01T08:40:06,0.0005
6,165-189,1780274704,2026-06-01T08:45:04,0.0005
6,165-189,1780275003,2026-06-01T08:50:03,0.0005
6,165-189,1780275304,2026-06-01T08:55:04,0.0005
6,165-189,1780275903,2026-06-01T09:05:03,0.0005
6,165-189,1780276204,2026-06-01T09:10:04,0.0005
6,165-189,1780276504,2026-06-01T09:15:04,0.0005
6,165-189,1780276804,2026-06-01T09:20:04,0.0005
6,165-189,1780277104,2026-06-01T09:25:04,0.0005
6,165-189,1780277404,2026-06-01T09:30:04,0.0005
6,165-189,1780277705,2026-06-01T09:35:05,0.0005
6,165-189,1780278004,2026-06-01T09:40:04,0.0005
6,165-189,1780278304,2026-06-01T09:45:04,0.0005
6,165-189,1780278606,2026-06-01T09:50:06,0.0005
6,165-189,1780278921,2026-06-01T09:55:21,0.0005
6,165-189,1780279504,2026-06-01T10:05:04,0.0005
6,165-189,1780279816,2026-06-01T10:10:16,0.0005
6,165-189,1780280104,2026-06-01T10:15:04,0.0005
6,165-189,1780280405,2026-06-01T10:20:05,0.0005
6,165-189,1780280704,2026-06-01T10:25:04,0.0005
6,165-189,1780281005,2026-06-01T10:30:05,0.0005
6,165-189,1780281304,2026-06-01T10:35:04,0.0005
6,165-189,1780281606,2026-06-01T10:40:06,0.0005
6,165-189,1780281903,2026-06-01T10:45:03,0.0005
6,165-189,1780282204,2026-06-01T10:50:04,0.0005
6,165-189,1780282504,2026-06-01T10:55:04,0.0005
6,165-189,1780283118,2026-06-01T11:05:18,0.0005
6,165-189,1780283405,2026-06-01T11:10:05,0.0005
6,165-189,1780283704,2026-06-01T11:15:04,0.0005
6,165-189,1780284004,2026-06-01T11:20:04,0.0005
6,165-189,1780284308,2026-06-01T11:25:08,0.0005
6,165-189,1780284605,2026-06-01T11:30:05,0.0005
6,165-189,1780284904,2026-06-01T11:35:04,0.0005
6,165-189,1780285205,2026-06-01T11:40:05,0.0005
6,165-189,1780285505,2026-06-01T11:45:05,0.0005
6,165-189,1780285804,2026-06-01T11:50:04,0.0005
6,165-189,1780286104,2026-06-01T11:55:04,0.0005
6,165-189,1780286704,2026-06-01T12:05:04,0.0005
6,165-189,1780287004,2026-06-01T12:10:04,0.0005
6,165-189,1780287304,2026-06-01T12:15:04,0.0005
6,165-189,1780287605,2026-06-01T12:20:05,0.0005
6,165-189,1780287904,2026-06-01T12:25:04,0.0005
6,165-189,1780288205,2026-06-01T12:30:05,0.0005
6,165-189,1780288504,2026-06-01T12:35:04,0.0005
6,165-189,1780288804,2026-06-01T12:40:04,0.0005
6,165-189,1780289106,2026-06-01T12:45:06,0.0005
6,165-189,1780289405,2026-06-01T12:50:05,0.0005
6,165-189,1780289705,2026-06-01T12:55:05,0.0005
6,165-189,1780290304,2026-06-01T13:05:04,0.0005
6,165-189,1780290606,2026-06-01T13:10:06,0.0005
6,165-189,1780290904,2026-06-01T13:15:04,0.0005
6,165-189,1780291204,2026-06-01T13:20:04,0.0005
6,165-189,1780291504,2026-06-01T13:25:04,0.0005
6,165-189,1780291807,2026-06-01T13:30:07,0.0005
6,165-189,1780292103,2026-06-01T13:35:03,0.0005
6,165-189,1780292404,2026-06-01T13:40:04,0.0005
6,165-189,1780292705,2026-06-01T13:45:05,0.0005
6,165-189,1780293003,2026-06-01T13:50:03,0.0005
6,165-189,1780293316,2026-06-01T13:55:16,0.0005
6,165-189,1780293903,2026-06-01T14:05:03,0.0005
6,165-189,1780294205,2026-06-01T14:10:05,0.0005
6,165-189,1780294505,2026-06-01T14:15:05,0.0005
6,165-189,1780294805,2026-06-01T14:20:05,0.0005
6,165-189,1780295104,2026-06-01T14:25:04,0.0005
6,165-189,1780295417,2026-06-01T14:30:17,0.0005
6,165-189,1780295705,2026-06-01T14:35:05,0.0005
6,165-189,1780296004,2026-06-01T14:40:04,0.0005
6,165-189,1780296305,2026-06-01T14:45:05,0.0005
6,165-189,1780296604,2026-06-01T14:50:04,0.0005
6,165-189,1780296903,2026-06-01T14:55:03,0.0005
6,165-189,1780297504,2026-06-01T15:05:04,0.0005
6,165-189,1780297804,2026-06-01T15:10:04,0.0005
6,165-189,1780298104,2026-06-01T15:15:04,0.0005
6,165-189,1780298405,2026-06-01T15:20:05,0.0005
6,165-189,1780298703,2026-06-01T15:25:03,0.0005
6,165-189,1780299005,2026-06-01T15:30:05,0.0005
6,165-189,1780299306,2026-06-01T15:35:06,0.0005
6,165-189,1780299604,2026-06-01T15:40:04,0.0005
6,165-189,1780299905,2026-06-01T15:45:05,0.0005
6,165-189,1780300206,2026-06-01T15:50:06,0.0005
6,165-189,1780300505,2026-06-01T15:55:05,0.0005
6,165-189,1780301105,2026-06-01T16:05:05,0.0005
6,165-189,1780301404,2026-06-01T16:10:04,0.0005
6,165-189,1780301704,2026-06-01T16:15:04,0.0005
6,165-189,1780302019,2026-06-01T16:20:19,0.0005
6,165-189,1780302304,2026-06-01T16:25:04,0.0005
6,165-189,1780302604,2026-06-01T16:30:04,0.0005
6,165-189,1780302904,2026-06-01T16:35:04,0.0005
6,165-189,1780303204,2026-06-01T16:40:04,0.0005
6,165-189,1780303520,2026-06-01T16:45:20,0.0005
6,165-189,1780303804,2026-06-01T16:50:04,0.0005
6,165-189,1780304105,2026-06-01T16:55:05,0.0005
6,165-189,1780304705,2026-06-01T17:05:05,0.0005
6,165-189,1780305004,2026-06-01T17:10:04,0.0005
6,165-189,1780305307,2026-06-01T17:15:07,0.0005
6,165-189,1780305605,2026-06-01T17:20:05,0.0005
6,165-189,1780305904,2026-06-01T17:25:04,0.0005
6,165-189,1780306205,2026-06-01T17:30:05,0.0005
6,165-189,1780306504,2026-06-01T17:35:04,0.0005
6,165-189,1780306805,2026-06-01T17:40:05,0.0005
6,165-189,1780307104,2026-06-01T17:45:04,0.0005
6,165-189,1780307404,2026-06-01T17:50:04,0.0005
6,165-189,1780307704,2026-06-01T17:55:04,0.0005
6,165-189,1780308304,2026-06-01T18:05:04,0.0005
6,165-189,1780308606,2026-06-01T18:10:06,0.0005
6,165-189,1780308904,2026-06-01T18:15:04,0.0005
6,165-189,1780309204,2026-06-01T18:20:04,0.0005
6,165-189,1780309504,2026-06-01T18:25:04,0.0005
6,165-189,1780309805,2026-06-01T18:30:05,0.0005
6,165-189,1780310105,2026-06-01T18:35:05,0.0005
6,165-189,1780310405,2026-06-01T18:40:05,0.0005
6,165-189,1780310704,2026-06-01T18:45:04,0.0005
6,165-189,1780311005,2026-06-01T18:50:05,0.0005
6,165-189,1780311305,2026-06-01T18:55:05,0.0005
6,165-189,1780311904,2026-06-01T19:05:04,0.0005
6,165-189,1780312204,2026-06-01T19:10:04,0.0005
6,165-189,1780312505,2026-06-01T19:15:05,0.0005
6,165-189,1780312804,2026-06-01T19:20:04,0.0005
6,165-189,1780313105,2026-06-01T19:25:05,0.0005
6,165-189,1780313406,2026-06-01T19:30:06,0.0005
6,165-189,1780313704,2026-06-01T19:35:04,0.0005
6,165-189,1780314004,2026-06-01T19:40:04,0.0005
6,165-189,1780314304,2026-06-01T19:45:04,0.0005
6,165-189,1780314607,2026-06-01T19:50:07,0.0005
6,165-189,1780314903,2026-06-01T19:55:03,0.0005
6,165-189,1780315504,2026-06-01T20:05:04,0.0005
6,165-189,1780315805,2026-06-01T20:10:05,0.0005
6,165-189,1780316104,2026-06-01T20:15:04,0.0005
6,165-189,1780316407,2026-06-01T20:20:07,0.0005
6,165-189,1780316705,2026-06-01T20:25:05,0.0005
6,165-189,1780317005,2026-06-01T20:30:05,0.0005
6,165-189,1780317307,2026-06-01T20:35:07,0.0005
6,165-189,1780317605,2026-06-01T20:40:05,0.0005
6,165-189,1780317904,2026-06-01T20:45:04,0.0005
6,165-189,1780318205,2026-06-01T20:50:05,0.0005
6,165-189,1780318504,2026-06-01T20:55:04,0.0005
6,165-189,1780319105,2026-06-01T21:05:05,0.0005
6,165-189,1780319404,2026-06-01T21:10:04,0.0005
6,165-189,1780319704,2026-06-01T21:15:04,0.0005
6,165-189,1780320005,2026-06-01T21:20:05,0.0005
6,165-189,1780320319,2026-06-01T21:25:19,0.0005
6,165-189,1780320605,2026-06-01T21:30:05,0.0005
6,165-189,1780320905,2026-06-01T21:35:05,0.0005
6,165-189,1780321205,2026-06-01T21:40:05,0.0005
6,165-189,1780321505,2026-06-01T21:45:05,0.0005
6,165-189,1780321805,2026-06-01T21:50:05,0.0005
6,165-189,1780322105,2026-06-01T21:55:05,0.0005
6,165-189,1780322706,2026-06-01T22:05:06,0.0005
6,165-189,1780323006,2026-06-01T22:10:06,0.0005
6,165-189,1780323304,2026-06-01T22:15:04,0.0005
6,165-189,1780323607,2026-06-01T22:20:07,0.0005
6,165-189,1780323906,2026-06-01T22:25:06,0.0005
6,165-189,1780324206,2026-06-01T22:30:06,0.0005
6,165-189,1780324509,2026-06-01T22:35:09,0.0005
6,165-189,1780324806,2026-06-01T22:40:06,0.0005
6,165-189,1780325106,2026-06-01T22:45:06,0.0005
6,165-189,1780325405,2026-06-01T22:50:05,0.0005
6,165-189,1780325704,2026-06-01T22:55:04,0.0005
6,165-189,1780326305,2026-06-01T23:05:05,0.0005
6,165-189,1780326606,2026-06-01T23:10:06,0.0005
6,165-189,1780326904,2026-06-01T23:15:04,0.0005
6,165-189,1780327205,2026-06-01T23:20:05,0.0005
6,165-189,1780327506,2026-06-01T23:25:06,0.0005
6,165-189,1780327807,2026-06-01T23:30:07,0.0005
6,165-189,1780328118,2026-06-01T23:35:18,0.0005
6,165-189,1780328404,2026-06-01T23:40:04,0.0005
6,165-189,1780328703,2026-06-01T23:45:03,0.0005
6,165-189,1780329006,2026-06-01T23:50:06,0.0005
6,165-189,1780329306,2026-06-01T23:55:06,0.0005
6,165-189,1780329905,2026-06-02T00:05:05,0.0005
6,165-189,1780330206,2026-06-02T00:10:06,0.0005
6,165-189,1780330504,2026-06-02T00:15:04,0.0005
6,165-189,1780330805,2026-06-02T00:20:05,0.0005
6,165-189,1780331105,2026-06-02T00:25:05,0.0005
6,165-189,1780331407,2026-06-02T00:30:07,0.0005
6,165-189,1780331705,2026-06-02T00:35:05,0.0005
6,165-189,1780332005,2026-06-02T00:40:05,0.0005
6,165-189,1780332307,2026-06-02T00:45:07,0.0005
6,165-189,1780332605,2026-06-02T00:50:05,0.0005
6,165-189,1780332907,2026-06-02T00:55:07,0.0005
6,165-189,1780333504,2026-06-02T01:05:04,0.0005
6,165-189,1780333804,2026-06-02T01:10:04,0.0005
6,165-189,1780334105,2026-06-02T01:15:05,0.0005
6,165-189,1780334407,2026-06-02T01:20:07,0.0005
6,165-189,1780334705,2026-06-02T01:25:05,0.0005
6,165-189,1780335007,2026-06-02T01:30:07,0.0005
6,165-189,1780335306,2026-06-02T01:35:06,0.0005
6,165-189,1780335603,2026-06-02T01:40:03,0.0005
6,165-189,1780335907,2026-06-02T01:45:07,0.0005
6,165-189,1780336204,2026-06-02T01:50:04,0.0005
6,165-189,1780336505,2026-06-02T01:55:05,0.0005
6,165-189,1780337104,2026-06-02T02:05:04,0.0005
6,165-189,1780337405,2026-06-02T02:10:05,0.0005
6,165-189,1780337705,2026-06-02T02:15:05,0.0005
6,165-189,1780338005,2026-06-02T02:20:05,0.0005
6,165-189,1780338319,2026-06-02T02:25:19,0.0005
6,165-189,1780338607,2026-06-02T02:30:07,0.0005
6,165-189,1780338906,2026-06-02T02:35:06,0.0005
6,165-189,1780339204,2026-06-02T02:40:04,0.0005
6,165-189,1780339504,2026-06-02T02:45:04,0.0005
6,165-189,1780339805,2026-06-02T02:50:05,0.0005
6,165-189,1780340104,2026-06-02T02:55:04,0.0005
6,165-189,1780340705,2026-06-02T03:05:05,0.0005
6,165-189,1780341005,2026-06-02T03:10:05,0.0005
6,165-189,1780341304,2026-06-02T03:15:04,0.0005
6,165-189,1780341621,2026-06-02T03:20:21,0.0005
6,165-189,1780341904,2026-06-02T03:25:04,0.0005
6,165-189,1780342205,2026-06-02T03:30:05,0.0005
6,165-189,1780342505,2026-06-02T03:35:05,0.0005
6,165-189,1780342805,2026-06-02T03:40:05,0.0005
7,190-214,1779992705,2026-05-29T02:25:05,0.07
7,190-214,1779993007,2026-05-29T02:30:07,0.07
7,190-214,1779993305,2026-05-29T02:35:05,0.07
7,190-214,1779993605,2026-05-29T02:40:05,0.035
7,190-214,1779993904,2026-05-29T02:45:04,0.04
7,190-214,1779994206,2026-05-29T02:50:06,0.005
7,190-214,1779994504,2026-05-29T02:55:04,0.0055
7,190-214,1779995106,2026-05-29T03:05:06,0.01
7,190-214,1779995406,2026-05-29T03:10:06,0.0015
7,190-214,1779995706,2026-05-29T03:15:06,0.0015
7,190-214,1779996006,2026-05-29T03:20:06,0.0015
7,190-214,1779996305,2026-05-29T03:25:05,0.0015
7,190-214,1779996618,2026-05-29T03:30:18,0.0015
7,190-214,1779996904,2026-05-29T03:35:04,0.0015
7,190-214,1779997205,2026-05-29T03:40:05,0.0105
7,190-214,1779997504,2026-05-29T03:45:04,0.0105
7,190-214,1779997806,2026-05-29T03:50:06,0.0015
7,190-214,1779998106,2026-05-29T03:55:06,0.0015
7,190-214,1779998704,2026-05-29T04:05:04,0.0105
7,190-214,1779999006,2026-05-29T04:10:06,0.0105
7,190-214,1779999305,2026-05-29T04:15:05,0.0015
7,190-214,1779999608,2026-05-29T04:20:08,0.0015
7,190-214,1779999908,2026-05-29T04:25:08,0.0365
7,190-214,1780000212,2026-05-29T04:30:12,0.037
7,190-214,1780000505,2026-05-29T04:35:05,0.032
7,190-214,1780000807,2026-05-29T04:40:07,0.0035
7,190-214,1780001104,2026-05-29T04:45:04,0.0155
7,190-214,1780001404,2026-05-29T04:50:04,0.018
7,190-214,1780001705,2026-05-29T04:55:05,0.003
7,190-214,1780002304,2026-05-29T05:05:04,0.0265
7,190-214,1780002604,2026-05-29T05:10:04,0.0065
7,190-214,1780002904,2026-05-29T05:15:04,0.0265
7,190-214,1780003204,2026-05-29T05:20:04,0.004
7,190-214,1780003504,2026-05-29T05:25:04,0.0155
7,190-214,1780003809,2026-05-29T05:30:09,0.018
7,190-214,1780004104,2026-05-29T05:35:04,0.004
7,190-214,1780004404,2026-05-29T05:40:04,0.018
7,190-214,1780004704,2026-05-29T05:45:04,0.019
7,190-214,1780005005,2026-05-29T05:50:05,0.0035
7,190-214,1780005307,2026-05-29T05:55:07,0.0145
7,190-214,1780005905,2026-05-29T06:05:05,0.0175
7,190-214,1780006206,2026-05-29T06:10:06,0.026
7,190-214,1780006506,2026-05-29T06:15:06,0.0035
7,190-214,1780006805,2026-05-29T06:20:05,0.009
7,190-214,1780007107,2026-05-29T06:25:07,0.014
7,190-214,1780007409,2026-05-29T06:30:09,0.014
7,190-214,1780007710,2026-05-29T06:35:10,0.0145
7,190-214,1780008005,2026-05-29T06:40:05,0.0145
7,190-214,1780008305,2026-05-29T06:45:05,0.0145
7,190-214,1780008604,2026-05-29T06:50:04,0.0145
7,190-214,1780008905,2026-05-29T06:55:05,0.007
7,190-214,1780009517,2026-05-29T07:05:17,0.007
7,190-214,1780009806,2026-05-29T07:10:06,0.007
7,190-214,1780010105,2026-05-29T07:15:05,0.007
7,190-214,1780010418,2026-05-29T07:20:18,0.007
7,190-214,1780010706,2026-05-29T07:25:06,0.007
7,190-214,1780011007,2026-05-29T07:30:07,0.007
7,190-214,1780011304,2026-05-29T07:35:04,0.007
7,190-214,1780011605,2026-05-29T07:40:05,0.007
7,190-214,1780011905,2026-05-29T07:45:05,0.007
7,190-214,1780012209,2026-05-29T07:50:09,0.007
7,190-214,1780012504,2026-05-29T07:55:04,0.007
7,190-214,1780013103,2026-05-29T08:05:03,0.005
7,190-214,1780013406,2026-05-29T08:10:06,0.005
7,190-214,1780013704,2026-05-29T08:15:04,0.005
7,190-214,1780014004,2026-05-29T08:20:04,0.005
7,190-214,1780014304,2026-05-29T08:25:04,0.005
7,190-214,1780014612,2026-05-29T08:30:12,0.005
7,190-214,1780014904,2026-05-29T08:35:04,0.005
7,190-214,1780015204,2026-05-29T08:40:04,0.005
7,190-214,1780015506,2026-05-29T08:45:06,0.005
7,190-214,1780015805,2026-05-29T08:50:05,0.004
7,190-214,1780016104,2026-05-29T08:55:04,0.004
7,190-214,1780016704,2026-05-29T09:05:04,0.004
7,190-214,1780017005,2026-05-29T09:10:05,0.004
7,190-214,1780017305,2026-05-29T09:15:05,0.004
7,190-214,1780017605,2026-05-29T09:20:05,0.004
7,190-214,1780017904,2026-05-29T09:25:04,0.004
7,190-214,1780018205,2026-05-29T09:30:05,0.004
7,190-214,1780018504,2026-05-29T09:35:04,0.004
7,190-214,1780018804,2026-05-29T09:40:04,0.004
7,190-214,1780019104,2026-05-29T09:45:04,0.004
7,190-214,1780019404,2026-05-29T09:50:04,0.004
7,190-214,1780019704,2026-05-29T09:55:04,0.004
7,190-214,1780020304,2026-05-29T10:05:04,0.004
7,190-214,1780020605,2026-05-29T10:10:05,0.004
7,190-214,1780020904,2026-05-29T10:15:04,0.004
7,190-214,1780021204,2026-05-29T10:20:04,0.004
7,190-214,1780021504,2026-05-29T10:25:04,0.004
7,190-214,1780021805,2026-05-29T10:30:05,0.004
7,190-214,1780022105,2026-05-29T10:35:05,0.004
7,190-214,1780022403,2026-05-29T10:40:03,0.004
7,190-214,1780022704,2026-05-29T10:45:04,0.004
7,190-214,1780023003,2026-05-29T10:50:03,0.004
7,190-214,1780023304,2026-05-29T10:55:04,0.004
7,190-214,1780023904,2026-05-29T11:05:04,0.004
7,190-214,1780024204,2026-05-29T11:10:04,0.004
7,190-214,1780024505,2026-05-29T11:15:05,0.004
7,190-214,1780024804,2026-05-29T11:20:04,0.004
7,190-214,1780025104,2026-05-29T11:25:04,0.004
7,190-214,1780025406,2026-05-29T11:30:06,0.004
7,190-214,1780025704,2026-05-29T11:35:04,0.004
7,190-214,1780026004,2026-05-29T11:40:04,0.004
7,190-214,1780026305,2026-05-29T11:45:05,0.004
7,190-214,1780026608,2026-05-29T11:50:08,0.004
7,190-214,1780026916,2026-05-29T11:55:16,0.004
7,190-214,1780027505,2026-05-29T12:05:05,0.004
7,190-214,1780027804,2026-05-29T12:10:04,0.004
7,190-214,1780028104,2026-05-29T12:15:04,0.004
7,190-214,1780028405,2026-05-29T12:20:05,0.004
7,190-214,1780028705,2026-05-29T12:25:05,0.004
7,190-214,1780029005,2026-05-29T12:30:05,0.004
7,190-214,1780029305,2026-05-29T12:35:05,0.0035
7,190-214,1780029605,2026-05-29T12:40:05,0.0035
7,190-214,1780029905,2026-05-29T12:45:05,0.0035
7,190-214,1780030206,2026-05-29T12:50:06,0.0035
7,190-214,1780030505,2026-05-29T12:55:05,0.0035
7,190-214,1780031105,2026-05-29T13:05:05,0.0035
7,190-214,1780031408,2026-05-29T13:10:08,0.0035
7,190-214,1780031705,2026-05-29T13:15:05,0.0035
7,190-214,1780032004,2026-05-29T13:20:04,0.0035
7,190-214,1780032305,2026-05-29T13:25:05,0.0035
7,190-214,1780032608,2026-05-29T13:30:08,0.0035
7,190-214,1780032916,2026-05-29T13:35:16,0.0035
7,190-214,1780033204,2026-05-29T13:40:04,0.0035
7,190-214,1780033505,2026-05-29T13:45:05,0.0035
7,190-214,1780033804,2026-05-29T13:50:04,0.003
7,190-214,1780034104,2026-05-29T13:55:04,0.003
7,190-214,1780034705,2026-05-29T14:05:05,0.003
7,190-214,1780035017,2026-05-29T14:10:17,0.003
7,190-214,1780035304,2026-05-29T14:15:04,0.003
7,190-214,1780035604,2026-05-29T14:20:04,0.003
7,190-214,1780035905,2026-05-29T14:25:05,0.003
7,190-214,1780036207,2026-05-29T14:30:07,0.003
7,190-214,1780036504,2026-05-29T14:35:04,0.003
7,190-214,1780036804,2026-05-29T14:40:04,0.003
7,190-214,1780037104,2026-05-29T14:45:04,0.003
7,190-214,1780037405,2026-05-29T14:50:05,0.003
7,190-214,1780037704,2026-05-29T14:55:04,0.003
7,190-214,1780038305,2026-05-29T15:05:05,0.003
7,190-214,1780038604,2026-05-29T15:10:04,0.003
7,190-214,1780038914,2026-05-29T15:15:14,0.003
7,190-214,1780039204,2026-05-29T15:20:04,0.003
7,190-214,1780039504,2026-05-29T15:25:04,0.003
7,190-214,1780039805,2026-05-29T15:30:05,0.003
7,190-214,1780040105,2026-05-29T15:35:05,0.003
7,190-214,1780040406,2026-05-29T15:40:06,0.003
7,190-214,1780040705,2026-05-29T15:45:05,0.003
7,190-214,1780041005,2026-05-29T15:50:05,0.003
7,190-214,1780041304,2026-05-29T15:55:04,0.003
7,190-214,1780041904,2026-05-29T16:05:04,0.003
7,190-214,1780042204,2026-05-29T16:10:04,0.003
7,190-214,1780042504,2026-05-29T16:15:04,0.003
7,190-214,1780042804,2026-05-29T16:20:04,0.003
7,190-214,1780043104,2026-05-29T16:25:04,0.003
7,190-214,1780043405,2026-05-29T16:30:05,0.003
7,190-214,1780043704,2026-05-29T16:35:04,0.003
7,190-214,1780044005,2026-05-29T16:40:05,0.003
7,190-214,1780044304,2026-05-29T16:45:04,0.003
7,190-214,1780044604,2026-05-29T16:50:04,0.003
7,190-214,1780044904,2026-05-29T16:55:04,0.003
7,190-214,1780045508,2026-05-29T17:05:08,0.003
7,190-214,1780045805,2026-05-29T17:10:05,0.003
7,190-214,1780046105,2026-05-29T17:15:05,0.0035
7,190-214,1780046404,2026-05-29T17:20:04,0.0035
7,190-214,1780046706,2026-05-29T17:25:06,0.0035
7,190-214,1780047020,2026-05-29T17:30:20,0.0035
7,190-214,1780047305,2026-05-29T17:35:05,0.0035
7,190-214,1780047604,2026-05-29T17:40:04,0.0035
7,190-214,1780047904,2026-05-29T17:45:04,0.0035
7,190-214,1780048205,2026-05-29T17:50:05,0.0035
7,190-214,1780048507,2026-05-29T17:55:07,0.0035
7,190-214,1780049104,2026-05-29T18:05:04,0.0035
7,190-214,1780049404,2026-05-29T18:10:04,0.0035
7,190-214,1780049704,2026-05-29T18:15:04,0.0035
7,190-214,1780050005,2026-05-29T18:20:05,0.0035
7,190-214,1780050305,2026-05-29T18:25:05,0.0035
7,190-214,1780050605,2026-05-29T18:30:05,0.0035
7,190-214,1780050904,2026-05-29T18:35:04,0.0035
7,190-214,1780051204,2026-05-29T18:40:04,0.0035
7,190-214,1780051504,2026-05-29T18:45:04,0.0035
7,190-214,1780051805,2026-05-29T18:50:05,0.0035
7,190-214,1780052105,2026-05-29T18:55:05,0.0035
7,190-214,1780052704,2026-05-29T19:05:04,0.0035
7,190-214,1780053004,2026-05-29T19:10:04,0.0035
7,190-214,1780053305,2026-05-29T19:15:05,0.0035
7,190-214,1780053604,2026-05-29T19:20:04,0.0035
7,190-214,1780053904,2026-05-29T19:25:04,0.0035
7,190-214,1780054205,2026-05-29T19:30:05,0.0035
7,190-214,1780054505,2026-05-29T19:35:05,0.0035
7,190-214,1780054805,2026-05-29T19:40:05,0.0035
7,190-214,1780055105,2026-05-29T19:45:05,0.0035
7,190-214,1780055404,2026-05-29T19:50:04,0.0035
7,190-214,1780055704,2026-05-29T19:55:04,0.0035
7,190-214,1780056320,2026-05-29T20:05:20,0.0035
7,190-214,1780056326,2026-05-29T20:05:26,0.0035
7,190-214,1780056604,2026-05-29T20:10:04,0.0035
7,190-214,1780058105,2026-05-29T20:35:05,0.0035
7,190-214,1780058404,2026-05-29T20:40:04,0.0035
7,190-214,1780058703,2026-05-29T20:45:03,0.0035
7,190-214,1780059003,2026-05-29T20:50:03,0.0035
7,190-214,1780059305,2026-05-29T20:55:05,0.0035
7,190-214,1780059905,2026-05-29T21:05:05,0.003
7,190-214,1780060204,2026-05-29T21:10:04,0.003
7,190-214,1780061406,2026-05-29T21:30:06,0.003
7,190-214,1780061704,2026-05-29T21:35:04,0.003
7,190-214,1780062004,2026-05-29T21:40:04,0.003
7,190-214,1780062307,2026-05-29T21:45:07,0.003
7,190-214,1780062605,2026-05-29T21:50:05,0.003
7,190-214,1780062904,2026-05-29T21:55:04,0.003
7,190-214,1780063504,2026-05-29T22:05:04,0.003
7,190-214,1780063808,2026-05-29T22:10:08,0.003
7,190-214,1780064104,2026-05-29T22:15:04,0.003
7,190-214,1780064404,2026-05-29T22:20:04,0.003
7,190-214,1780064704,2026-05-29T22:25:04,0.003
7,190-214,1780065006,2026-05-29T22:30:06,0.003
7,190-214,1780065304,2026-05-29T22:35:04,0.003
7,190-214,1780065605,2026-05-29T22:40:05,0.0025
7,190-214,1780065905,2026-05-29T22:45:05,0.0015
7,190-214,1780066205,2026-05-29T22:50:05,0.0015
7,190-214,1780066505,2026-05-29T22:55:05,0.0015
7,190-214,1780067105,2026-05-29T23:05:05,0.0015
7,190-214,1780067405,2026-05-29T23:10:05,0.0015
7,190-214,1780067704,2026-05-29T23:15:04,0.0015
7,190-214,1780068006,2026-05-29T23:20:06,0.0015
7,190-214,1780068304,2026-05-29T23:25:04,0.0015
7,190-214,1780068606,2026-05-29T23:30:06,0.0015
7,190-214,1780068906,2026-05-29T23:35:06,0.0015
7,190-214,1780069205,2026-05-29T23:40:05,0.0015
7,190-214,1780069508,2026-05-29T23:45:08,0.0015
7,190-214,1780069804,2026-05-29T23:50:04,0.0015
7,190-214,1780070104,2026-05-29T23:55:04,0.0015
7,190-214,1780070705,2026-05-30T00:05:05,0.0015
7,190-214,1780071005,2026-05-30T00:10:05,0.0015
7,190-214,1780071306,2026-05-30T00:15:06,0.0015
7,190-214,1780071606,2026-05-30T00:20:06,0.0015
7,190-214,1780071905,2026-05-30T00:25:05,0.0015
7,190-214,1780072206,2026-05-30T00:30:06,0.0015
7,190-214,1780072504,2026-05-30T00:35:04,0.0015
7,190-214,1780072806,2026-05-30T00:40:06,0.0015
7,190-214,1780073104,2026-05-30T00:45:04,0.0015
7,190-214,1780073404,2026-05-30T00:50:04,0.0015
7,190-214,1780073705,2026-05-30T00:55:05,0.0015
7,190-214,1780074306,2026-05-30T01:05:06,0.0015
7,190-214,1780074604,2026-05-30T01:10:04,0.0015
7,190-214,1780074905,2026-05-30T01:15:05,0.0015
7,190-214,1780075209,2026-05-30T01:20:09,0.0015
7,190-214,1780075504,2026-05-30T01:25:04,0.0015
7,190-214,1780075805,2026-05-30T01:30:05,0.0015
7,190-214,1780076104,2026-05-30T01:35:04,0.0015
7,190-214,1780076404,2026-05-30T01:40:04,0.0015
7,190-214,1780076704,2026-05-30T01:45:04,0.0015
7,190-214,1780077018,2026-05-30T01:50:18,0.0015
7,190-214,1780077304,2026-05-30T01:55:04,0.0015
7,190-214,1780077905,2026-05-30T02:05:05,0.0015
7,190-214,1780078205,2026-05-30T02:10:05,0.0015
7,190-214,1780078505,2026-05-30T02:15:05,0.0015
7,190-214,1780078804,2026-05-30T02:20:04,0.0015
7,190-214,1780079104,2026-05-30T02:25:04,0.0015
7,190-214,1780079408,2026-05-30T02:30:08,0.0015
7,190-214,1780079719,2026-05-30T02:35:19,0.0015
7,190-214,1780080017,2026-05-30T02:40:17,0.0015
7,190-214,1780080305,2026-05-30T02:45:05,0.0015
7,190-214,1780080605,2026-05-30T02:50:05,0.0015
7,190-214,1780080904,2026-05-30T02:55:04,0.0015
7,190-214,1780081504,2026-05-30T03:05:04,0.0015
7,190-214,1780081815,2026-05-30T03:10:15,0.0015
7,190-214,1780082105,2026-05-30T03:15:05,0.0015
7,190-214,1780082405,2026-05-30T03:20:05,0.0015
7,190-214,1780082705,2026-05-30T03:25:05,0.0015
7,190-214,1780083006,2026-05-30T03:30:06,0.0015
7,190-214,1780083303,2026-05-30T03:35:03,0.0015
7,190-214,1780083604,2026-05-30T03:40:04,0.0015
7,190-214,1780083904,2026-05-30T03:45:04,0.0015
7,190-214,1780084205,2026-05-30T03:50:05,0.0015
7,190-214,1780084505,2026-05-30T03:55:05,0.0015
7,190-214,1780085104,2026-05-30T04:05:04,0.0015
7,190-214,1780085404,2026-05-30T04:10:04,0.0015
7,190-214,1780085705,2026-05-30T04:15:05,0.0015
7,190-214,1780086005,2026-05-30T04:20:05,0.0015
7,190-214,1780086304,2026-05-30T04:25:04,0.0015
7,190-214,1780086605,2026-05-30T04:30:05,0.0015
7,190-214,1780086904,2026-05-30T04:35:04,0.0015
7,190-214,1780087206,2026-05-30T04:40:06,0.0015
7,190-214,1780087504,2026-05-30T04:45:04,0.0015
7,190-214,1780087805,2026-05-30T04:50:05,0.0015
7,190-214,1780088108,2026-05-30T04:55:08,0.0015
7,190-214,1780088704,2026-05-30T05:05:04,0.0015
7,190-214,1780089006,2026-05-30T05:10:06,0.0015
7,190-214,1780089304,2026-05-30T05:15:04,0.0015
7,190-214,1780089605,2026-05-30T05:20:05,0.0015
7,190-214,1780089905,2026-05-30T05:25:05,0.0015
7,190-214,1780090205,2026-05-30T05:30:05,0.0015
7,190-214,1780090504,2026-05-30T05:35:04,0.0015
7,190-214,1780090819,2026-05-30T05:40:19,0.0015
7,190-214,1780091105,2026-05-30T05:45:05,0.0015
7,190-214,1780091405,2026-05-30T05:50:05,0.0015
7,190-214,1780091704,2026-05-30T05:55:04,0.0015
7,190-214,1780092304,2026-05-30T06:05:04,0.0015
7,190-214,1780092605,2026-05-30T06:10:05,0.0015
7,190-214,1780092905,2026-05-30T06:15:05,0.0015
7,190-214,1780093205,2026-05-30T06:20:05,0.0015
7,190-214,1780093505,2026-05-30T06:25:05,0.0015
7,190-214,1780093806,2026-05-30T06:30:06,0.0015
7,190-214,1780094106,2026-05-30T06:35:06,0.0015
7,190-214,1780094404,2026-05-30T06:40:04,0.0015
7,190-214,1780094705,2026-05-30T06:45:05,0.0015
7,190-214,1780095005,2026-05-30T06:50:05,0.0015
7,190-214,1780095308,2026-05-30T06:55:08,0.0015
7,190-214,1780095905,2026-05-30T07:05:05,0.0015
7,190-214,1780096205,2026-05-30T07:10:05,0.0015
7,190-214,1780096505,2026-05-30T07:15:05,0.0015
7,190-214,1780096804,2026-05-30T07:20:04,0.0015
7,190-214,1780097105,2026-05-30T07:25:05,0.0015
7,190-214,1780097407,2026-05-30T07:30:07,0.0015
7,190-214,1780097705,2026-05-30T07:35:05,0.0015
7,190-214,1780098004,2026-05-30T07:40:04,0.0015
7,190-214,1780098304,2026-05-30T07:45:04,0.0015
7,190-214,1780098605,2026-05-30T07:50:05,0.0015
7,190-214,1780098905,2026-05-30T07:55:05,0.0015
7,190-214,1780099504,2026-05-30T08:05:04,0.0015
7,190-214,1780099804,2026-05-30T08:10:04,0.0015
7,190-214,1780100106,2026-05-30T08:15:06,0.0015
7,190-214,1780100404,2026-05-30T08:20:04,0.0015
7,190-214,1780100705,2026-05-30T08:25:05,0.0015
7,190-214,1780101009,2026-05-30T08:30:09,0.0015
7,190-214,1780101303,2026-05-30T08:35:03,0.0015
7,190-214,1780101605,2026-05-30T08:40:05,0.0015
7,190-214,1780101906,2026-05-30T08:45:06,0.0015
7,190-214,1780102205,2026-05-30T08:50:05,0.0015
7,190-214,1780102506,2026-05-30T08:55:06,0.0015
7,190-214,1780103104,2026-05-30T09:05:04,0.0015
7,190-214,1780103404,2026-05-30T09:10:04,0.0015
7,190-214,1780103714,2026-05-30T09:15:14,0.0015
7,190-214,1780104005,2026-05-30T09:20:05,0.0015
7,190-214,1780104305,2026-05-30T09:25:05,0.0015
7,190-214,1780104608,2026-05-30T09:30:08,0.0015
7,190-214,1780104904,2026-05-30T09:35:04,0.0015
7,190-214,1780105204,2026-05-30T09:40:04,0.0015
7,190-214,1780105505,2026-05-30T09:45:05,0.0015
7,190-214,1780105805,2026-05-30T09:50:05,0.0015
7,190-214,1780106116,2026-05-30T09:55:16,0.0015
7,190-214,1780106704,2026-05-30T10:05:04,0.0015
7,190-214,1780107004,2026-05-30T10:10:04,0.0015
7,190-214,1780107304,2026-05-30T10:15:04,0.0015
7,190-214,1780107604,2026-05-30T10:20:04,0.0015
7,190-214,1780107904,2026-05-30T10:25:04,0.0015
7,190-214,1780108208,2026-05-30T10:30:08,0.0015
7,190-214,1780108504,2026-05-30T10:35:04,0.0015
7,190-214,1780108807,2026-05-30T10:40:07,0.0015
7,190-214,1780109105,2026-05-30T10:45:05,0.0015
7,190-214,1780109404,2026-05-30T10:50:04,0.0015
7,190-214,1780109705,2026-05-30T10:55:05,0.0015
7,190-214,1780110304,2026-05-30T11:05:04,0.0015
7,190-214,1780110606,2026-05-30T11:10:06,0.0015
7,190-214,1780110916,2026-05-30T11:15:16,0.0015
7,190-214,1780111205,2026-05-30T11:20:05,0.0015
7,190-214,1780111520,2026-05-30T11:25:20,0.0015
7,190-214,1780111806,2026-05-30T11:30:06,0.0015
7,190-214,1780112103,2026-05-30T11:35:03,0.0015
7,190-214,1780112404,2026-05-30T11:40:04,0.0015
7,190-214,1780112704,2026-05-30T11:45:04,0.0015
7,190-214,1780113008,2026-05-30T11:50:08,0.0015
7,190-214,1780113304,2026-05-30T11:55:04,0.0015
7,190-214,1780113905,2026-05-30T12:05:05,0.0015
7,190-214,1780114205,2026-05-30T12:10:05,0.0015
7,190-214,1780114506,2026-05-30T12:15:06,0.0015
7,190-214,1780114805,2026-05-30T12:20:05,0.0015
7,190-214,1780115104,2026-05-30T12:25:04,0.0015
7,190-214,1780115405,2026-05-30T12:30:05,0.0015
7,190-214,1780115704,2026-05-30T12:35:04,0.0015
7,190-214,1780116005,2026-05-30T12:40:05,0.0015
7,190-214,1780116305,2026-05-30T12:45:05,0.0015
7,190-214,1780116605,2026-05-30T12:50:05,0.0015
7,190-214,1780116905,2026-05-30T12:55:05,0.0015
7,190-214,1780117504,2026-05-30T13:05:04,0.0015
7,190-214,1780117805,2026-05-30T13:10:05,0.0015
7,190-214,1780118105,2026-05-30T13:15:05,0.0015
7,190-214,1780118404,2026-05-30T13:20:04,0.0015
7,190-214,1780118705,2026-05-30T13:25:05,0.0015
7,190-214,1780119006,2026-05-30T13:30:06,0.0015
7,190-214,1780119304,2026-05-30T13:35:04,0.0015
7,190-214,1780119603,2026-05-30T13:40:03,0.0015
7,190-214,1780119905,2026-05-30T13:45:05,0.0015
7,190-214,1780120205,2026-05-30T13:50:05,0.0015
7,190-214,1780120506,2026-05-30T13:55:06,0.0015
7,190-214,1780121104,2026-05-30T14:05:04,0.0015
7,190-214,1780121404,2026-05-30T14:10:04,0.0015
7,190-214,1780121704,2026-05-30T14:15:04,0.0015
7,190-214,1780122003,2026-05-30T14:20:03,0.0015
7,190-214,1780122304,2026-05-30T14:25:04,0.0015
7,190-214,1780122604,2026-05-30T14:30:04,0.0015
7,190-214,1780122908,2026-05-30T14:35:08,0.0015
7,190-214,1780123204,2026-05-30T14:40:04,0.0015
7,190-214,1780123517,2026-05-30T14:45:17,0.0015
7,190-214,1780123804,2026-05-30T14:50:04,0.0015
7,190-214,1780124104,2026-05-30T14:55:04,0.0015
7,190-214,1780124704,2026-05-30T15:05:04,0.0015
7,190-214,1780125004,2026-05-30T15:10:04,0.0015
7,190-214,1780125305,2026-05-30T15:15:05,0.0015
7,190-214,1780125620,2026-05-30T15:20:20,0.0015
7,190-214,1780125904,2026-05-30T15:25:04,0.0015
7,190-214,1780126205,2026-05-30T15:30:05,0.0015
7,190-214,1780126505,2026-05-30T15:35:05,0.0015
7,190-214,1780126804,2026-05-30T15:40:04,0.0015
7,190-214,1780127104,2026-05-30T15:45:04,0.0015
7,190-214,1780127404,2026-05-30T15:50:04,0.0015
7,190-214,1780127704,2026-05-30T15:55:04,0.0015
7,190-214,1780128304,2026-05-30T16:05:04,0.0015
7,190-214,1780128605,2026-05-30T16:10:05,0.0015
7,190-214,1780128904,2026-05-30T16:15:04,0.0015
7,190-214,1780129204,2026-05-30T16:20:04,0.0015
7,190-214,1780129504,2026-05-30T16:25:04,0.0015
7,190-214,1780129805,2026-05-30T16:30:05,0.0015
7,190-214,1780130104,2026-05-30T16:35:04,0.0015
7,190-214,1780130405,2026-05-30T16:40:05,0.0015
7,190-214,1780130704,2026-05-30T16:45:04,0.0015
7,190-214,1780131009,2026-05-30T16:50:09,0.0015
7,190-214,1780131305,2026-05-30T16:55:05,0.0015
7,190-214,1780131905,2026-05-30T17:05:05,0.0015
7,190-214,1780132204,2026-05-30T17:10:04,0.0015
7,190-214,1780132504,2026-05-30T17:15:04,0.0015
7,190-214,1780132805,2026-05-30T17:20:05,0.0015
7,190-214,1780133105,2026-05-30T17:25:05,0.0015
7,190-214,1780133406,2026-05-30T17:30:06,0.0015
7,190-214,1780133704,2026-05-30T17:35:04,0.001
7,190-214,1780134005,2026-05-30T17:40:05,0.0005
7,190-214,1780134304,2026-05-30T17:45:04,0.0005
7,190-214,1780134604,2026-05-30T17:50:04,0.0005
7,190-214,1780134904,2026-05-30T17:55:04,0.0005
7,190-214,1780135504,2026-05-30T18:05:04,0.0005
7,190-214,1780135819,2026-05-30T18:10:19,0.0005
7,190-214,1780136105,2026-05-30T18:15:05,0.0005
7,190-214,1780136406,2026-05-30T18:20:06,0.0005
7,190-214,1780136705,2026-05-30T18:25:05,0.0005
7,190-214,1780137005,2026-05-30T18:30:05,0.0005
7,190-214,1780137304,2026-05-30T18:35:04,0.0005
7,190-214,1780137604,2026-05-30T18:40:04,0.0005
7,190-214,1780137904,2026-05-30T18:45:04,0.0005
7,190-214,1780138204,2026-05-30T18:50:04,0.0005
7,190-214,1780138504,2026-05-30T18:55:04,0.0005
7,190-214,1780139105,2026-05-30T19:05:05,0.0005
7,190-214,1780139404,2026-05-30T19:10:04,0.0005
7,190-214,1780139707,2026-05-30T19:15:07,0.0005
7,190-214,1780140004,2026-05-30T19:20:04,0.0005
7,190-214,1780140304,2026-05-30T19:25:04,0.0005
7,190-214,1780140606,2026-05-30T19:30:06,0.0005
7,190-214,1780140904,2026-05-30T19:35:04,0.0005
7,190-214,1780141204,2026-05-30T19:40:04,0.0005
7,190-214,1780141509,2026-05-30T19:45:09,0.0005
7,190-214,1780141805,2026-05-30T19:50:05,0.0005
7,190-214,1780142106,2026-05-30T19:55:06,0.0005
7,190-214,1780142704,2026-05-30T20:05:04,0.0005
7,190-214,1780143004,2026-05-30T20:10:04,0.0005
7,190-214,1780143304,2026-05-30T20:15:04,0.0005
7,190-214,1780143604,2026-05-30T20:20:04,0.0005
7,190-214,1780143904,2026-05-30T20:25:04,0.0005
7,190-214,1780144206,2026-05-30T20:30:06,0.0005
7,190-214,1780144517,2026-05-30T20:35:17,0.0005
7,190-214,1780144805,2026-05-30T20:40:05,0.0005
7,190-214,1780145105,2026-05-30T20:45:05,0.0005
7,190-214,1780145405,2026-05-30T20:50:05,0.0005
7,190-214,1780145707,2026-05-30T20:55:07,0.0005
7,190-214,1780146306,2026-05-30T21:05:06,0.0005
7,190-214,1780146604,2026-05-30T21:10:04,0.0005
7,190-214,1780146904,2026-05-30T21:15:04,0.0005
7,190-214,1780147205,2026-05-30T21:20:05,0.0005
7,190-214,1780147507,2026-05-30T21:25:07,0.0005
7,190-214,1780147806,2026-05-30T21:30:06,0.0005
7,190-214,1780148103,2026-05-30T21:35:03,0.0005
7,190-214,1780148405,2026-05-30T21:40:05,0.0005
7,190-214,1780148706,2026-05-30T21:45:06,0.0005
7,190-214,1780149004,2026-05-30T21:50:04,0.0005
7,190-214,1780149305,2026-05-30T21:55:05,0.0005
7,190-214,1780149904,2026-05-30T22:05:04,0.0005
7,190-214,1780150205,2026-05-30T22:10:05,0.0005
7,190-214,1780150518,2026-05-30T22:15:18,0.0005
7,190-214,1780150805,2026-05-30T22:20:05,0.0005
7,190-214,1780151104,2026-05-30T22:25:04,0.0005
7,190-214,1780151409,2026-05-30T22:30:09,0.0005
7,190-214,1780151704,2026-05-30T22:35:04,0.0005
7,190-214,1780152004,2026-05-30T22:40:04,0.0005
7,190-214,1780152305,2026-05-30T22:45:05,0.0005
7,190-214,1780152604,2026-05-30T22:50:04,0.0005
7,190-214,1780152904,2026-05-30T22:55:04,0.0005
7,190-214,1780153504,2026-05-30T23:05:04,0.0005
7,190-214,1780153820,2026-05-30T23:10:20,0.0005
7,190-214,1780154104,2026-05-30T23:15:04,0.0005
7,190-214,1780154405,2026-05-30T23:20:05,0.0005
7,190-214,1780154705,2026-05-30T23:25:05,0.0005
7,190-214,1780155021,2026-05-30T23:30:21,0.0005
7,190-214,1780155304,2026-05-30T23:35:04,0.0005
7,190-214,1780155605,2026-05-30T23:40:05,0.0005
7,190-214,1780155904,2026-05-30T23:45:04,0.0005
7,190-214,1780156218,2026-05-30T23:50:18,0.0005
7,190-214,1780156504,2026-05-30T23:55:04,0.0005
7,190-214,1780157105,2026-05-31T00:05:05,0.0005
7,190-214,1780157409,2026-05-31T00:10:09,0.0005
7,190-214,1780157706,2026-05-31T00:15:06,0.0005
7,190-214,1780158005,2026-05-31T00:20:05,0.0005
7,190-214,1780158319,2026-05-31T00:25:19,0.0005
7,190-214,1780158606,2026-05-31T00:30:06,0.0005
7,190-214,1780158905,2026-05-31T00:35:05,0.0005
7,190-214,1780159206,2026-05-31T00:40:06,0.0005
7,190-214,1780159505,2026-05-31T00:45:05,0.0005
7,190-214,1780159804,2026-05-31T00:50:04,0.0005
7,190-214,1780160103,2026-05-31T00:55:03,0.0005
7,190-214,1780160704,2026-05-31T01:05:04,0.0005
7,190-214,1780161004,2026-05-31T01:10:04,0.0005
7,190-214,1780161306,2026-05-31T01:15:06,0.0005
7,190-214,1780161604,2026-05-31T01:20:04,0.0005
7,190-214,1780161905,2026-05-31T01:25:05,0.0005
7,190-214,1780162207,2026-05-31T01:30:07,0.0005
7,190-214,1780162506,2026-05-31T01:35:06,0.0005
7,190-214,1780162805,2026-05-31T01:40:05,0.0005
7,190-214,1780163106,2026-05-31T01:45:06,0.0005
7,190-214,1780163405,2026-05-31T01:50:05,0.0005
7,190-214,1780163704,2026-05-31T01:55:04,0.0005
7,190-214,1780164304,2026-05-31T02:05:04,0.0005
7,190-214,1780164605,2026-05-31T02:10:05,0.0005
7,190-214,1780164906,2026-05-31T02:15:06,0.0005
7,190-214,1780165205,2026-05-31T02:20:05,0.0005
7,190-214,1780165504,2026-05-31T02:25:04,0.0005
7,190-214,1780165805,2026-05-31T02:30:05,0.0005
7,190-214,1780166105,2026-05-31T02:35:05,0.0005
7,190-214,1780166405,2026-05-31T02:40:05,0.0005
7,190-214,1780166704,2026-05-31T02:45:04,0.0005
7,190-214,1780167005,2026-05-31T02:50:05,0.0005
7,190-214,1780167304,2026-05-31T02:55:04,0.0005
7,190-214,1780167904,2026-05-31T03:05:04,0.0005
7,190-214,1780168204,2026-05-31T03:10:04,0.0005
7,190-214,1780168505,2026-05-31T03:15:05,0.0005
7,190-214,1780168804,2026-05-31T03:20:04,0.0005
7,190-214,1780169104,2026-05-31T03:25:04,0.0005
7,190-214,1780169406,2026-05-31T03:30:06,0.0005
7,190-214,1780169704,2026-05-31T03:35:04,0.0005
7,190-214,1780170004,2026-05-31T03:40:04,0.0005
7,190-214,1780170304,2026-05-31T03:45:04,0.0005
7,190-214,1780170608,2026-05-31T03:50:08,0.0005
7,190-214,1780170904,2026-05-31T03:55:04,0.0005
7,190-214,1780171504,2026-05-31T04:05:04,0.0005
7,190-214,1780171804,2026-05-31T04:10:04,0.0005
7,190-214,1780172104,2026-05-31T04:15:04,0.0005
7,190-214,1780172405,2026-05-31T04:20:05,0.0005
7,190-214,1780172704,2026-05-31T04:25:04,0.0005
7,190-214,1780173006,2026-05-31T04:30:06,0.0005
7,190-214,1780173304,2026-05-31T04:35:04,0.0005
7,190-214,1780173605,2026-05-31T04:40:05,0.0005
7,190-214,1780173905,2026-05-31T04:45:05,0.0005
7,190-214,1780174203,2026-05-31T04:50:03,0.0005
7,190-214,1780174504,2026-05-31T04:55:04,0.0005
7,190-214,1780175105,2026-05-31T05:05:05,0.0005
7,190-214,1780175406,2026-05-31T05:10:06,0.0005
7,190-214,1780175704,2026-05-31T05:15:04,0.0005
7,190-214,1780176006,2026-05-31T05:20:06,0.0005
7,190-214,1780176305,2026-05-31T05:25:05,0.0005
7,190-214,1780176620,2026-05-31T05:30:20,0.0005
7,190-214,1780176904,2026-05-31T05:35:04,0.0005
7,190-214,1780177204,2026-05-31T05:40:04,0.0005
7,190-214,1780177505,2026-05-31T05:45:05,0.0005
7,190-214,1780177806,2026-05-31T05:50:06,0.0005
7,190-214,1780178104,2026-05-31T05:55:04,0.0005
7,190-214,1780178705,2026-05-31T06:05:05,0.0005
7,190-214,1780179007,2026-05-31T06:10:07,0.0005
7,190-214,1780179305,2026-05-31T06:15:05,0.0005
7,190-214,1780179605,2026-05-31T06:20:05,0.0005
7,190-214,1780179904,2026-05-31T06:25:04,0.0005
7,190-214,1780180208,2026-05-31T06:30:08,0.0005
7,190-214,1780180506,2026-05-31T06:35:06,0.0005
7,190-214,1780180804,2026-05-31T06:40:04,0.0005
7,190-214,1780181105,2026-05-31T06:45:05,0.0005
7,190-214,1780181406,2026-05-31T06:50:06,0.0005
7,190-214,1780181704,2026-05-31T06:55:04,0.0005
7,190-214,1780182305,2026-05-31T07:05:05,0.0005
7,190-214,1780182608,2026-05-31T07:10:08,0.0005
7,190-214,1780182907,2026-05-31T07:15:07,0.0005
7,190-214,1780183206,2026-05-31T07:20:06,0.0005
7,190-214,1780183506,2026-05-31T07:25:06,0.0005
7,190-214,1780183806,2026-05-31T07:30:06,0.0005
7,190-214,1780184119,2026-05-31T07:35:19,0.0005
7,190-214,1780184405,2026-05-31T07:40:05,0.0005
7,190-214,1780184717,2026-05-31T07:45:17,0.0005
7,190-214,1780185010,2026-05-31T07:50:10,0.0005
7,190-214,1780185304,2026-05-31T07:55:04,0.0005
7,190-214,1780185905,2026-05-31T08:05:05,0.0005
7,190-214,1780186204,2026-05-31T08:10:04,0.0005
7,190-214,1780186507,2026-05-31T08:15:07,0.0005
7,190-214,1780186819,2026-05-31T08:20:19,0.0005
7,190-214,1780187104,2026-05-31T08:25:04,0.0005
7,190-214,1780187406,2026-05-31T08:30:06,0.0005
7,190-214,1780187705,2026-05-31T08:35:05,0.0005
7,190-214,1780188004,2026-05-31T08:40:04,0.0005
7,190-214,1780188304,2026-05-31T08:45:04,0.0005
7,190-214,1780188605,2026-05-31T08:50:05,0.0005
7,190-214,1780188906,2026-05-31T08:55:06,0.0005
7,190-214,1780189504,2026-05-31T09:05:04,0.0005
7,190-214,1780189805,2026-05-31T09:10:05,0.0005
7,190-214,1780190103,2026-05-31T09:15:03,0.0005
7,190-214,1780190416,2026-05-31T09:20:16,0.0005
7,190-214,1780190717,2026-05-31T09:25:17,0.0005
7,190-214,1780191005,2026-05-31T09:30:05,0.0005
7,190-214,1780191321,2026-05-31T09:35:21,0.0005
7,190-214,1780191604,2026-05-31T09:40:04,0.0005
7,190-214,1780191904,2026-05-31T09:45:04,0.0005
7,190-214,1780192205,2026-05-31T09:50:05,0.0005
7,190-214,1780192505,2026-05-31T09:55:05,0.0005
7,190-214,1780193104,2026-05-31T10:05:04,0.0005
7,190-214,1780193404,2026-05-31T10:10:04,0.0005
7,190-214,1780193703,2026-05-31T10:15:03,0.0005
7,190-214,1780194004,2026-05-31T10:20:04,0.0005
7,190-214,1780194317,2026-05-31T10:25:17,0.0005
7,190-214,1780194605,2026-05-31T10:30:05,0.0005
7,190-214,1780194904,2026-05-31T10:35:04,0.0005
7,190-214,1780195204,2026-05-31T10:40:04,0.0005
7,190-214,1780195504,2026-05-31T10:45:04,0.0005
7,190-214,1780195805,2026-05-31T10:50:05,0.0005
7,190-214,1780196103,2026-05-31T10:55:03,0.0005
7,190-214,1780196707,2026-05-31T11:05:07,0.0005
7,190-214,1780197004,2026-05-31T11:10:04,0.0005
7,190-214,1780197305,2026-05-31T11:15:05,0.0005
7,190-214,1780197604,2026-05-31T11:20:04,0.0005
7,190-214,1780197904,2026-05-31T11:25:04,0.0005
7,190-214,1780198205,2026-05-31T11:30:05,0.0005
7,190-214,1780198504,2026-05-31T11:35:04,0.0005
7,190-214,1780198805,2026-05-31T11:40:05,0.0005
7,190-214,1780199104,2026-05-31T11:45:04,0.0005
7,190-214,1780199407,2026-05-31T11:50:07,0.0005
7,190-214,1780199705,2026-05-31T11:55:05,0.0005
7,190-214,1780200304,2026-05-31T12:05:04,0.0005
7,190-214,1780200604,2026-05-31T12:10:04,0.0005
7,190-214,1780200904,2026-05-31T12:15:04,0.0005
7,190-214,1780201205,2026-05-31T12:20:05,0.0005
7,190-214,1780201505,2026-05-31T12:25:05,0.0005
7,190-214,1780201805,2026-05-31T12:30:05,0.0005
7,190-214,1780202105,2026-05-31T12:35:05,0.0005
7,190-214,1780202404,2026-05-31T12:40:04,0.0005
7,190-214,1780202705,2026-05-31T12:45:05,0.0005
7,190-214,1780203006,2026-05-31T12:50:06,0.0005
7,190-214,1780203304,2026-05-31T12:55:04,0.0005
7,190-214,1780203904,2026-05-31T13:05:04,0.0005
7,190-214,1780204205,2026-05-31T13:10:05,0.0005
7,190-214,1780204505,2026-05-31T13:15:05,0.0005
7,190-214,1780204805,2026-05-31T13:20:05,0.0005
7,190-214,1780205103,2026-05-31T13:25:03,0.0005
7,190-214,1780205406,2026-05-31T13:30:06,0.0005
7,190-214,1780205704,2026-05-31T13:35:04,0.0005
7,190-214,1780206005,2026-05-31T13:40:05,0.0005
7,190-214,1780206305,2026-05-31T13:45:05,0.0005
7,190-214,1780206603,2026-05-31T13:50:03,0.0005
7,190-214,1780206903,2026-05-31T13:55:03,0.0005
7,190-214,1780207505,2026-05-31T14:05:05,0.0005
7,190-214,1780207805,2026-05-31T14:10:05,0.0005
7,190-214,1780208104,2026-05-31T14:15:04,0.0005
7,190-214,1780208408,2026-05-31T14:20:08,0.0005
7,190-214,1780208705,2026-05-31T14:25:05,0.0005
7,190-214,1780209005,2026-05-31T14:30:05,0.0005
7,190-214,1780209304,2026-05-31T14:35:04,0.0005
7,190-214,1780209604,2026-05-31T14:40:04,0.0005
7,190-214,1780209903,2026-05-31T14:45:03,0.0005
7,190-214,1780210204,2026-05-31T14:50:04,0.0005
7,190-214,1780210505,2026-05-31T14:55:05,0.0005
7,190-214,1780211104,2026-05-31T15:05:04,0.0005
7,190-214,1780211404,2026-05-31T15:10:04,0.0005
7,190-214,1780211704,2026-05-31T15:15:04,0.0005
7,190-214,1780212004,2026-05-31T15:20:04,0.0005
7,190-214,1780212304,2026-05-31T15:25:04,0.0005
7,190-214,1780212606,2026-05-31T15:30:06,0.0005
7,190-214,1780212903,2026-05-31T15:35:03,0.0005
7,190-214,1780213204,2026-05-31T15:40:04,0.0005
7,190-214,1780213504,2026-05-31T15:45:04,0.0005
7,190-214,1780213804,2026-05-31T15:50:04,0.0005
7,190-214,1780214104,2026-05-31T15:55:04,0.0005
7,190-214,1780214704,2026-05-31T16:05:04,0.0005
7,190-214,1780215004,2026-05-31T16:10:04,0.0005
7,190-214,1780215304,2026-05-31T16:15:04,0.0005
7,190-214,1780215605,2026-05-31T16:20:05,0.0005
7,190-214,1780215904,2026-05-31T16:25:04,0.0005
7,190-214,1780216206,2026-05-31T16:30:06,0.0005
7,190-214,1780216504,2026-05-31T16:35:04,0.0005
7,190-214,1780216805,2026-05-31T16:40:05,0.0005
7,190-214,1780217104,2026-05-31T16:45:04,0.0005
7,190-214,1780217405,2026-05-31T16:50:05,0.0005
7,190-214,1780217705,2026-05-31T16:55:05,0.0005
7,190-214,1780218304,2026-05-31T17:05:04,0.0005
7,190-214,1780218605,2026-05-31T17:10:05,0.0005
7,190-214,1780218904,2026-05-31T17:15:04,0.0005
7,190-214,1780219204,2026-05-31T17:20:04,0.0005
7,190-214,1780219503,2026-05-31T17:25:03,0.0005
7,190-214,1780219805,2026-05-31T17:30:05,0.0005
7,190-214,1780220104,2026-05-31T17:35:04,0.0005
7,190-214,1780220405,2026-05-31T17:40:05,0.0005
7,190-214,1780220704,2026-05-31T17:45:04,0.0005
7,190-214,1780221005,2026-05-31T17:50:05,0.0005
7,190-214,1780221305,2026-05-31T17:55:05,0.0005
7,190-214,1780221904,2026-05-31T18:05:04,0.0005
7,190-214,1780222204,2026-05-31T18:10:04,0.0005
7,190-214,1780222504,2026-05-31T18:15:04,0.0005
7,190-214,1780222804,2026-05-31T18:20:04,0.0005
7,190-214,1780223104,2026-05-31T18:25:04,0.0005
7,190-214,1780223406,2026-05-31T18:30:06,0.0005
7,190-214,1780223704,2026-05-31T18:35:04,0.0005
7,190-214,1780224008,2026-05-31T18:40:08,0.0005
7,190-214,1780224305,2026-05-31T18:45:05,0.0005
7,190-214,1780224605,2026-05-31T18:50:05,0.0005
7,190-214,1780224904,2026-05-31T18:55:04,0.0005
7,190-214,1780225519,2026-05-31T19:05:19,0.0005
7,190-214,1780225820,2026-05-31T19:10:20,0.0005
7,190-214,1780226104,2026-05-31T19:15:04,0.0005
7,190-214,1780226404,2026-05-31T19:20:04,0.0005
7,190-214,1780226704,2026-05-31T19:25:04,0.0005
7,190-214,1780227018,2026-05-31T19:30:18,0.0005
7,190-214,1780227304,2026-05-31T19:35:04,0.0005
7,190-214,1780227604,2026-05-31T19:40:04,0.0005
7,190-214,1780227905,2026-05-31T19:45:05,0.0005
7,190-214,1780228205,2026-05-31T19:50:05,0.0005
7,190-214,1780228516,2026-05-31T19:55:16,0.0005
7,190-214,1780229104,2026-05-31T20:05:04,0.0005
7,190-214,1780229404,2026-05-31T20:10:04,0.0005
7,190-214,1780229705,2026-05-31T20:15:05,0.0005
7,190-214,1780230004,2026-05-31T20:20:04,0.0005
7,190-214,1780230305,2026-05-31T20:25:05,0.0005
7,190-214,1780230605,2026-05-31T20:30:05,0.0005
7,190-214,1780230905,2026-05-31T20:35:05,0.0005
7,190-214,1780231207,2026-05-31T20:40:07,0.0005
7,190-214,1780231504,2026-05-31T20:45:04,0.0005
7,190-214,1780231805,2026-05-31T20:50:05,0.0005
7,190-214,1780232104,2026-05-31T20:55:04,0.0005
7,190-214,1780232705,2026-05-31T21:05:05,0.0005
7,190-214,1780233005,2026-05-31T21:10:05,0.0005
7,190-214,1780233305,2026-05-31T21:15:05,0.0005
7,190-214,1780233605,2026-05-31T21:20:05,0.0005
7,190-214,1780233906,2026-05-31T21:25:06,0.0005
7,190-214,1780234205,2026-05-31T21:30:05,0.0005
7,190-214,1780234504,2026-05-31T21:35:04,0.0005
7,190-214,1780234804,2026-05-31T21:40:04,0.0005
7,190-214,1780235106,2026-05-31T21:45:06,0.0005
7,190-214,1780235405,2026-05-31T21:50:05,0.0005
7,190-214,1780235704,2026-05-31T21:55:04,0.0005
7,190-214,1780236305,2026-05-31T22:05:05,0.0005
7,190-214,1780236604,2026-05-31T22:10:04,0.0005
7,190-214,1780236907,2026-05-31T22:15:07,0.0005
7,190-214,1780237207,2026-05-31T22:20:07,0.0005
7,190-214,1780237504,2026-05-31T22:25:04,0.0005
7,190-214,1780237805,2026-05-31T22:30:05,0.0005
7,190-214,1780238104,2026-05-31T22:35:04,0.0005
7,190-214,1780238404,2026-05-31T22:40:04,0.0005
7,190-214,1780238704,2026-05-31T22:45:04,0.0005
7,190-214,1780239004,2026-05-31T22:50:04,0.0005
7,190-214,1780239304,2026-05-31T22:55:04,0.0005
7,190-214,1780239904,2026-05-31T23:05:04,0.0005
7,190-214,1780240204,2026-05-31T23:10:04,0.0005
7,190-214,1780240505,2026-05-31T23:15:05,0.0005
7,190-214,1780240804,2026-05-31T23:20:04,0.0005
7,190-214,1780241105,2026-05-31T23:25:05,0.0005
7,190-214,1780241405,2026-05-31T23:30:05,0.0005
7,190-214,1780241705,2026-05-31T23:35:05,0.0005
7,190-214,1780242004,2026-05-31T23:40:04,0.0005
7,190-214,1780242305,2026-05-31T23:45:05,0.0005
7,190-214,1780242604,2026-05-31T23:50:04,0.0005
7,190-214,1780242904,2026-05-31T23:55:04,0.0005
7,190-214,1780243505,2026-06-01T00:05:05,0.0005
7,190-214,1780243805,2026-06-01T00:10:05,0.0005
7,190-214,1780244105,2026-06-01T00:15:05,0.0005
7,190-214,1780244405,2026-06-01T00:20:05,0.0005
7,190-214,1780244705,2026-06-01T00:25:05,0.0005
7,190-214,1780245023,2026-06-01T00:30:23,0.0005
7,190-214,1780245304,2026-06-01T00:35:04,0.0005
7,190-214,1780245605,2026-06-01T00:40:05,0.0005
7,190-214,1780245905,2026-06-01T00:45:05,0.0005
7,190-214,1780246221,2026-06-01T00:50:21,0.0005
7,190-214,1780246504,2026-06-01T00:55:04,0.0005
7,190-214,1780247104,2026-06-01T01:05:04,0.0005
7,190-214,1780247404,2026-06-01T01:10:04,0.0005
7,190-214,1780247723,2026-06-01T01:15:23,0.0005
7,190-214,1780248008,2026-06-01T01:20:08,0.0005
7,190-214,1780248304,2026-06-01T01:25:04,0.0005
7,190-214,1780248606,2026-06-01T01:30:06,0.0005
7,190-214,1780248904,2026-06-01T01:35:04,0.0005
7,190-214,1780249204,2026-06-01T01:40:04,0.0005
7,190-214,1780249505,2026-06-01T01:45:05,0.0005
7,190-214,1780249806,2026-06-01T01:50:06,0.0005
7,190-214,1780250105,2026-06-01T01:55:05,0.0005
7,190-214,1780250704,2026-06-01T02:05:04,0.0005
7,190-214,1780251005,2026-06-01T02:10:05,0.0005
7,190-214,1780251304,2026-06-01T02:15:04,0.0005
7,190-214,1780251604,2026-06-01T02:20:04,0.0005
7,190-214,1780251906,2026-06-01T02:25:06,0.0005
7,190-214,1780252205,2026-06-01T02:30:05,0.0005
7,190-214,1780252504,2026-06-01T02:35:04,0.0005
7,190-214,1780252804,2026-06-01T02:40:04,0.0005
7,190-214,1780253104,2026-06-01T02:45:04,0.0005
7,190-214,1780253408,2026-06-01T02:50:08,0.0005
7,190-214,1780253705,2026-06-01T02:55:05,0.0005
7,190-214,1780254309,2026-06-01T03:05:09,0.0005
7,190-214,1780254605,2026-06-01T03:10:05,0.0005
7,190-214,1780254904,2026-06-01T03:15:04,0.0005
7,190-214,1780255204,2026-06-01T03:20:04,0.0005
7,190-214,1780255505,2026-06-01T03:25:05,0.0005
7,190-214,1780255805,2026-06-01T03:30:05,0.0005
7,190-214,1780256104,2026-06-01T03:35:04,0.0005
7,190-214,1780256404,2026-06-01T03:40:04,0.0005
7,190-214,1780256704,2026-06-01T03:45:04,0.0005
7,190-214,1780257006,2026-06-01T03:50:06,0.0005
7,190-214,1780257305,2026-06-01T03:55:05,0.0005
7,190-214,1780257905,2026-06-01T04:05:05,0.0005
7,190-214,1780258205,2026-06-01T04:10:05,0.0005
7,190-214,1780258504,2026-06-01T04:15:04,0.0005
7,190-214,1780258805,2026-06-01T04:20:05,0.0005
7,190-214,1780259105,2026-06-01T04:25:05,0.0005
7,190-214,1780259405,2026-06-01T04:30:05,0.0005
7,190-214,1780259706,2026-06-01T04:35:06,0.0005
7,190-214,1780260006,2026-06-01T04:40:06,0.0005
7,190-214,1780260319,2026-06-01T04:45:19,0.0005
7,190-214,1780260605,2026-06-01T04:50:05,0.0005
7,190-214,1780260905,2026-06-01T04:55:05,0.0005
7,190-214,1780261506,2026-06-01T05:05:06,0.0005
7,190-214,1780261805,2026-06-01T05:10:05,0.0005
7,190-214,1780262104,2026-06-01T05:15:04,0.0005
7,190-214,1780262405,2026-06-01T05:20:05,0.0005
7,190-214,1780262704,2026-06-01T05:25:04,0.0005
7,190-214,1780263006,2026-06-01T05:30:06,0.0005
7,190-214,1780263304,2026-06-01T05:35:04,0.0005
7,190-214,1780263605,2026-06-01T05:40:05,0.0005
7,190-214,1780263908,2026-06-01T05:45:08,0.0005
7,190-214,1780264204,2026-06-01T05:50:04,0.0005
7,190-214,1780264507,2026-06-01T05:55:07,0.0005
7,190-214,1780265106,2026-06-01T06:05:06,0.0005
7,190-214,1780265405,2026-06-01T06:10:05,0.0005
7,190-214,1780265705,2026-06-01T06:15:05,0.0005
7,190-214,1780266034,2026-06-01T06:20:34,0.0005
7,190-214,1780266305,2026-06-01T06:25:05,0.0005
7,190-214,1780266606,2026-06-01T06:30:06,0.0005
7,190-214,1780266904,2026-06-01T06:35:04,0.0005
7,190-214,1780267204,2026-06-01T06:40:04,0.0005
7,190-214,1780267504,2026-06-01T06:45:04,0.0005
7,190-214,1780267804,2026-06-01T06:50:04,0.0005
7,190-214,1780268104,2026-06-01T06:55:04,0.0005
7,190-214,1780268706,2026-06-01T07:05:06,0.0005
7,190-214,1780269005,2026-06-01T07:10:05,0.0005
7,190-214,1780269305,2026-06-01T07:15:05,0.0005
7,190-214,1780269605,2026-06-01T07:20:05,0.0005
7,190-214,1780269905,2026-06-01T07:25:05,0.0005
7,190-214,1780270204,2026-06-01T07:30:04,0.0005
7,190-214,1780270504,2026-06-01T07:35:04,0.0005
7,190-214,1780270803,2026-06-01T07:40:03,0.0005
7,190-214,1780271107,2026-06-01T07:45:07,0.0005
7,190-214,1780271405,2026-06-01T07:50:05,0.0005
7,190-214,1780271704,2026-06-01T07:55:04,0.0005
7,190-214,1780272303,2026-06-01T08:05:03,0.0005
7,190-214,1780272605,2026-06-01T08:10:05,0.0005
7,190-214,1780272905,2026-06-01T08:15:05,0.0005
7,190-214,1780273204,2026-06-01T08:20:04,0.0005
7,190-214,1780273504,2026-06-01T08:25:04,0.0005
7,190-214,1780273804,2026-06-01T08:30:04,0.0005
7,190-214,1780274104,2026-06-01T08:35:04,0.0005
7,190-214,1780274407,2026-06-01T08:40:07,0.0005
7,190-214,1780274704,2026-06-01T08:45:04,0.0005
7,190-214,1780275003,2026-06-01T08:50:03,0.0005
7,190-214,1780275304,2026-06-01T08:55:04,0.0005
7,190-214,1780275903,2026-06-01T09:05:03,0.0005
7,190-214,1780276204,2026-06-01T09:10:04,0.0005
7,190-214,1780276504,2026-06-01T09:15:04,0.0005
7,190-214,1780276804,2026-06-01T09:20:04,0.0005
7,190-214,1780277104,2026-06-01T09:25:04,0.0005
7,190-214,1780277404,2026-06-01T09:30:04,0.0005
7,190-214,1780277705,2026-06-01T09:35:05,0.0005
7,190-214,1780278004,2026-06-01T09:40:04,0.0005
7,190-214,1780278304,2026-06-01T09:45:04,0.0005
7,190-214,1780278606,2026-06-01T09:50:06,0.0005
7,190-214,1780278921,2026-06-01T09:55:21,0.0005
7,190-214,1780279504,2026-06-01T10:05:04,0.0005
7,190-214,1780279816,2026-06-01T10:10:16,0.0005
7,190-214,1780280104,2026-06-01T10:15:04,0.0005
7,190-214,1780280405,2026-06-01T10:20:05,0.0005
7,190-214,1780280704,2026-06-01T10:25:04,0.0005
7,190-214,1780281005,2026-06-01T10:30:05,0.0005
7,190-214,1780281304,2026-06-01T10:35:04,0.0005
7,190-214,1780281606,2026-06-01T10:40:06,0.0005
7,190-214,1780281903,2026-06-01T10:45:03,0.0005
7,190-214,1780282204,2026-06-01T10:50:04,0.0005
7,190-214,1780282504,2026-06-01T10:55:04,0.0005
7,190-214,1780283119,2026-06-01T11:05:19,0.0005
7,190-214,1780283405,2026-06-01T11:10:05,0.0005
7,190-214,1780283704,2026-06-01T11:15:04,0.0005
7,190-214,1780284004,2026-06-01T11:20:04,0.0005
7,190-214,1780284308,2026-06-01T11:25:08,0.0005
7,190-214,1780284605,2026-06-01T11:30:05,0.0005
7,190-214,1780284904,2026-06-01T11:35:04,0.0005
7,190-214,1780285205,2026-06-01T11:40:05,0.0005
7,190-214,1780285505,2026-06-01T11:45:05,0.0005
7,190-214,1780285804,2026-06-01T11:50:04,0.0005
7,190-214,1780286104,2026-06-01T11:55:04,0.0005
7,190-214,1780286704,2026-06-01T12:05:04,0.0005
7,190-214,1780287004,2026-06-01T12:10:04,0.0005
7,190-214,1780287304,2026-06-01T12:15:04,0.0005
7,190-214,1780287605,2026-06-01T12:20:05,0.0005
7,190-214,1780287904,2026-06-01T12:25:04,0.0005
7,190-214,1780288205,2026-06-01T12:30:05,0.0005
7,190-214,1780288504,2026-06-01T12:35:04,0.0005
7,190-214,1780288804,2026-06-01T12:40:04,0.0005
7,190-214,1780289106,2026-06-01T12:45:06,0.0005
7,190-214,1780289405,2026-06-01T12:50:05,0.0005
7,190-214,1780289705,2026-06-01T12:55:05,0.0005
7,190-214,1780290304,2026-06-01T13:05:04,0.0005
7,190-214,1780290606,2026-06-01T13:10:06,0.0005
7,190-214,1780290904,2026-06-01T13:15:04,0.0005
7,190-214,1780291204,2026-06-01T13:20:04,0.0005
7,190-214,1780291504,2026-06-01T13:25:04,0.0005
7,190-214,1780291807,2026-06-01T13:30:07,0.0005
7,190-214,1780292103,2026-06-01T13:35:03,0.0005
7,190-214,1780292404,2026-06-01T13:40:04,0.0005
7,190-214,1780292705,2026-06-01T13:45:05,0.0005
7,190-214,1780293003,2026-06-01T13:50:03,0.0005
7,190-214,1780293316,2026-06-01T13:55:16,0.0005
7,190-214,1780293903,2026-06-01T14:05:03,0.0005
7,190-214,1780294205,2026-06-01T14:10:05,0.0005
7,190-214,1780294505,2026-06-01T14:15:05,0.0005
7,190-214,1780294805,2026-06-01T14:20:05,0.0005
7,190-214,1780295104,2026-06-01T14:25:04,0.0005
7,190-214,1780295417,2026-06-01T14:30:17,0.0005
7,190-214,1780295706,2026-06-01T14:35:06,0.0005
7,190-214,1780296004,2026-06-01T14:40:04,0.0005
7,190-214,1780296305,2026-06-01T14:45:05,0.0005
7,190-214,1780296604,2026-06-01T14:50:04,0.0005
7,190-214,1780296904,2026-06-01T14:55:04,0.0005
7,190-214,1780297504,2026-06-01T15:05:04,0.0005
7,190-214,1780297804,2026-06-01T15:10:04,0.0005
7,190-214,1780298104,2026-06-01T15:15:04,0.0005
7,190-214,1780298405,2026-06-01T15:20:05,0.0005
7,190-214,1780298703,2026-06-01T15:25:03,0.0005
7,190-214,1780299005,2026-06-01T15:30:05,0.0005
7,190-214,1780299306,2026-06-01T15:35:06,0.0005
7,190-214,1780299604,2026-06-01T15:40:04,0.0005
7,190-214,1780299905,2026-06-01T15:45:05,0.0005
7,190-214,1780300206,2026-06-01T15:50:06,0.0005
7,190-214,1780300506,2026-06-01T15:55:06,0.0005
7,190-214,1780301105,2026-06-01T16:05:05,0.0005
7,190-214,1780301404,2026-06-01T16:10:04,0.0005
7,190-214,1780301704,2026-06-01T16:15:04,0.0005
7,190-214,1780302019,2026-06-01T16:20:19,0.0005
7,190-214,1780302304,2026-06-01T16:25:04,0.0005
7,190-214,1780302604,2026-06-01T16:30:04,0.0005
7,190-214,1780302904,2026-06-01T16:35:04,0.0005
7,190-214,1780303204,2026-06-01T16:40:04,0.0005
7,190-214,1780303520,2026-06-01T16:45:20,0.0005
7,190-214,1780303804,2026-06-01T16:50:04,0.0005
7,190-214,1780304105,2026-06-01T16:55:05,0.0005
7,190-214,1780304705,2026-06-01T17:05:05,0.0005
7,190-214,1780305004,2026-06-01T17:10:04,0.0005
7,190-214,1780305308,2026-06-01T17:15:08,0.0005
7,190-214,1780305605,2026-06-01T17:20:05,0.0005
7,190-214,1780305904,2026-06-01T17:25:04,0.0005
7,190-214,1780306205,2026-06-01T17:30:05,0.0005
7,190-214,1780306504,2026-06-01T17:35:04,0.0005
7,190-214,1780306805,2026-06-01T17:40:05,0.0005
7,190-214,1780307104,2026-06-01T17:45:04,0.0005
7,190-214,1780307404,2026-06-01T17:50:04,0.0005
7,190-214,1780307704,2026-06-01T17:55:04,0.0005
7,190-214,1780308304,2026-06-01T18:05:04,0.0005
7,190-214,1780308606,2026-06-01T18:10:06,0.0005
7,190-214,1780308904,2026-06-01T18:15:04,0.0005
7,190-214,1780309204,2026-06-01T18:20:04,0.0005
7,190-214,1780309504,2026-06-01T18:25:04,0.0005
7,190-214,1780309805,2026-06-01T18:30:05,0.0005
7,190-214,1780310105,2026-06-01T18:35:05,0.0005
7,190-214,1780310405,2026-06-01T18:40:05,0.0005
7,190-214,1780310704,2026-06-01T18:45:04,0.0005
7,190-214,1780311005,2026-06-01T18:50:05,0.0005
7,190-214,1780311305,2026-06-01T18:55:05,0.0005
7,190-214,1780311904,2026-06-01T19:05:04,0.0005
7,190-214,1780312204,2026-06-01T19:10:04,0.0005
7,190-214,1780312505,2026-06-01T19:15:05,0.0005
7,190-214,1780312804,2026-06-01T19:20:04,0.0005
7,190-214,1780313105,2026-06-01T19:25:05,0.0005
7,190-214,1780313406,2026-06-01T19:30:06,0.0005
7,190-214,1780313704,2026-06-01T19:35:04,0.0005
7,190-214,1780314004,2026-06-01T19:40:04,0.0005
7,190-214,1780314304,2026-06-01T19:45:04,0.0005
7,190-214,1780314607,2026-06-01T19:50:07,0.0005
7,190-214,1780314903,2026-06-01T19:55:03,0.0005
7,190-214,1780315504,2026-06-01T20:05:04,0.0005
7,190-214,1780315805,2026-06-01T20:10:05,0.0005
7,190-214,1780316104,2026-06-01T20:15:04,0.0005
7,190-214,1780316407,2026-06-01T20:20:07,0.0005
7,190-214,1780316705,2026-06-01T20:25:05,0.0005
7,190-214,1780317005,2026-06-01T20:30:05,0.0005
7,190-214,1780317307,2026-06-01T20:35:07,0.0005
7,190-214,1780317605,2026-06-01T20:40:05,0.0005
7,190-214,1780317904,2026-06-01T20:45:04,0.0005
7,190-214,1780318205,2026-06-01T20:50:05,0.0005
7,190-214,1780318504,2026-06-01T20:55:04,0.0005
7,190-214,1780319105,2026-06-01T21:05:05,0.0005
7,190-214,1780319404,2026-06-01T21:10:04,0.0005
7,190-214,1780319704,2026-06-01T21:15:04,0.0005
7,190-214,1780320005,2026-06-01T21:20:05,0.0005
7,190-214,1780320319,2026-06-01T21:25:19,0.0005
7,190-214,1780320605,2026-06-01T21:30:05,0.0005
7,190-214,1780320905,2026-06-01T21:35:05,0.0005
7,190-214,1780321205,2026-06-01T21:40:05,0.0005
7,190-214,1780321505,2026-06-01T21:45:05,0.0005
7,190-214,1780321805,2026-06-01T21:50:05,0.0005
7,190-214,1780322105,2026-06-01T21:55:05,0.0005
7,190-214,1780322706,2026-06-01T22:05:06,0.0005
7,190-214,1780323006,2026-06-01T22:10:06,0.0005
7,190-214,1780323304,2026-06-01T22:15:04,0.0005
7,190-214,1780323607,2026-06-01T22:20:07,0.0005
7,190-214,1780323906,2026-06-01T22:25:06,0.0005
7,190-214,1780324206,2026-06-01T22:30:06,0.0005
7,190-214,1780324509,2026-06-01T22:35:09,0.0005
7,190-214,1780324806,2026-06-01T22:40:06,0.0005
7,190-214,1780325106,2026-06-01T22:45:06,0.0005
7,190-214,1780325405,2026-06-01T22:50:05,0.0005
7,190-214,1780325704,2026-06-01T22:55:04,0.0005
7,190-214,1780326305,2026-06-01T23:05:05,0.0005
7,190-214,1780326606,2026-06-01T23:10:06,0.0005
7,190-214,1780326904,2026-06-01T23:15:04,0.0005
7,190-214,1780327205,2026-06-01T23:20:05,0.0005
7,190-214,1780327506,2026-06-01T23:25:06,0.0005
7,190-214,1780327807,2026-06-01T23:30:07,0.0005
7,190-214,1780328118,2026-06-01T23:35:18,0.0005
7,190-214,1780328404,2026-06-01T23:40:04,0.0005
7,190-214,1780328703,2026-06-01T23:45:03,0.0005
7,190-214,1780329006,2026-06-01T23:50:06,0.0005
7,190-214,1780329306,2026-06-01T23:55:06,0.0005
7,190-214,1780329905,2026-06-02T00:05:05,0.0005
7,190-214,1780330206,2026-06-02T00:10:06,0.0005
7,190-214,1780330504,2026-06-02T00:15:04,0.0005
7,190-214,1780330805,2026-06-02T00:20:05,0.0005
7,190-214,1780331105,2026-06-02T00:25:05,0.0005
7,190-214,1780331407,2026-06-02T00:30:07,0.0005
7,190-214,1780331705,2026-06-02T00:35:05,0.0005
7,190-214,1780332005,2026-06-02T00:40:05,0.0005
7,190-214,1780332307,2026-06-02T00:45:07,0.0005
7,190-214,1780332605,2026-06-02T00:50:05,0.0005
7,190-214,1780332907,2026-06-02T00:55:07,0.0005
7,190-214,1780333505,2026-06-02T01:05:05,0.0005
7,190-214,1780333804,2026-06-02T01:10:04,0.0005
7,190-214,1780334105,2026-06-02T01:15:05,0.0005
7,190-214,1780334407,2026-06-02T01:20:07,0.0005
7,190-214,1780334705,2026-06-02T01:25:05,0.0005
7,190-214,1780335007,2026-06-02T01:30:07,0.0005
7,190-214,1780335306,2026-06-02T01:35:06,0.0005
7,190-214,1780335603,2026-06-02T01:40:03,0.0005
7,190-214,1780335907,2026-06-02T01:45:07,0.0005
7,190-214,1780336204,2026-06-02T01:50:04,0.0005
7,190-214,1780336505,2026-06-02T01:55:05,0.0005
7,190-214,1780337104,2026-06-02T02:05:04,0.0005
7,190-214,1780337405,2026-06-02T02:10:05,0.0005
7,190-214,1780337705,2026-06-02T02:15:05,0.0005
7,190-214,1780338005,2026-06-02T02:20:05,0.0005
7,190-214,1780338319,2026-06-02T02:25:19,0.0005
7,190-214,1780338607,2026-06-02T02:30:07,0.0005
7,190-214,1780338906,2026-06-02T02:35:06,0.0005
7,190-214,1780339204,2026-06-02T02:40:04,0.0005
7,190-214,1780339504,2026-06-02T02:45:04,0.0005
7,190-214,1780339804,2026-06-02T02:50:04,0.0005
7,190-214,1780340104,2026-06-02T02:55:04,0.0005
7,190-214,1780340705,2026-06-02T03:05:05,0.0005
7,190-214,1780341005,2026-06-02T03:10:05,0.0005
7,190-214,1780341304,2026-06-02T03:15:04,0.0005
7,190-214,1780341621,2026-06-02T03:20:21,0.0005
7,190-214,1780341904,2026-06-02T03:25:04,0.0005
7,190-214,1780342205,2026-06-02T03:30:05,0.0005
7,190-214,1780342505,2026-06-02T03:35:05,0.0005
7,190-214,1780342805,2026-06-02T03:40:05,0.0005
8,215-239,1779993007,2026-05-29T02:30:07,0.005
8,215-239,1779993305,2026-05-29T02:35:05,0.01
8,215-239,1779993605,2026-05-29T02:40:05,0.01
8,215-239,1779993904,2026-05-29T02:45:04,0.01
8,215-239,1779994206,2026-05-29T02:50:06,0.0015
8,215-239,1779994504,2026-05-29T02:55:04,0.0015
8,215-239,1779995105,2026-05-29T03:05:05,0.0015
8,215-239,1779995406,2026-05-29T03:10:06,0.0015
8,215-239,1779995706,2026-05-29T03:15:06,0.0015
8,215-239,1779996006,2026-05-29T03:20:06,0.0015
8,215-239,1779996305,2026-05-29T03:25:05,0.0015
8,215-239,1779996616,2026-05-29T03:30:16,0.0015
8,215-239,1779996904,2026-05-29T03:35:04,0.0015
8,215-239,1779997205,2026-05-29T03:40:05,0.0015
8,215-239,1779997504,2026-05-29T03:45:04,0.0015
8,215-239,1779997806,2026-05-29T03:50:06,0.0015
8,215-239,1779998106,2026-05-29T03:55:06,0.0015
8,215-239,1779998704,2026-05-29T04:05:04,0.0015
8,215-239,1779999006,2026-05-29T04:10:06,0.0015
8,215-239,1779999305,2026-05-29T04:15:05,0.0015
8,215-239,1779999608,2026-05-29T04:20:08,0.0015
8,215-239,1779999907,2026-05-29T04:25:07,0.0015
8,215-239,1780000211,2026-05-29T04:30:11,0.0015
8,215-239,1780000505,2026-05-29T04:35:05,0.0015
8,215-239,1780000807,2026-05-29T04:40:07,0.0015
8,215-239,1780001104,2026-05-29T04:45:04,0.0015
8,215-239,1780001404,2026-05-29T04:50:04,0.0015
8,215-239,1780001705,2026-05-29T04:55:05,0.0015
8,215-239,1780002304,2026-05-29T05:05:04,0.0015
8,215-239,1780002604,2026-05-29T05:10:04,0.0015
8,215-239,1780002904,2026-05-29T05:15:04,0.0015
8,215-239,1780003204,2026-05-29T05:20:04,0.0015
8,215-239,1780003504,2026-05-29T05:25:04,0.0015
8,215-239,1780003809,2026-05-29T05:30:09,0.0015
8,215-239,1780004104,2026-05-29T05:35:04,0.0015
8,215-239,1780004404,2026-05-29T05:40:04,0.0015
8,215-239,1780004704,2026-05-29T05:45:04,0.0015
8,215-239,1780005005,2026-05-29T05:50:05,0.0015
8,215-239,1780005306,2026-05-29T05:55:06,0.0015
8,215-239,1780005905,2026-05-29T06:05:05,0.0015
8,215-239,1780006206,2026-05-29T06:10:06,0.0015
8,215-239,1780006506,2026-05-29T06:15:06,0.0015
8,215-239,1780006805,2026-05-29T06:20:05,0.0015
8,215-239,1780007107,2026-05-29T06:25:07,0.0015
8,215-239,1780007409,2026-05-29T06:30:09,0.0015
8,215-239,1780007710,2026-05-29T06:35:10,0.0015
8,215-239,1780008005,2026-05-29T06:40:05,0.0015
8,215-239,1780008305,2026-05-29T06:45:05,0.0015
8,215-239,1780008604,2026-05-29T06:50:04,0.0015
8,215-239,1780008904,2026-05-29T06:55:04,0.0015
8,215-239,1780009517,2026-05-29T07:05:17,0.0015
8,215-239,1780009806,2026-05-29T07:10:06,0.0015
8,215-239,1780010104,2026-05-29T07:15:04,0.0015
8,215-239,1780010418,2026-05-29T07:20:18,0.0015
8,215-239,1780010706,2026-05-29T07:25:06,0.0015
8,215-239,1780011006,2026-05-29T07:30:06,0.0015
8,215-239,1780011304,2026-05-29T07:35:04,0.0015
8,215-239,1780011605,2026-05-29T07:40:05,0.0015
8,215-239,1780011905,2026-05-29T07:45:05,0.0015
8,215-239,1780012208,2026-05-29T07:50:08,0.0015
8,215-239,1780012504,2026-05-29T07:55:04,0.0015
8,215-239,1780013103,2026-05-29T08:05:03,0.0015
8,215-239,1780013406,2026-05-29T08:10:06,0.0015
8,215-239,1780013704,2026-05-29T08:15:04,0.0015
8,215-239,1780014004,2026-05-29T08:20:04,0.0015
8,215-239,1780014304,2026-05-29T08:25:04,0.0015
8,215-239,1780014611,2026-05-29T08:30:11,0.0015
8,215-239,1780014904,2026-05-29T08:35:04,0.0015
8,215-239,1780015204,2026-05-29T08:40:04,0.0015
8,215-239,1780015506,2026-05-29T08:45:06,0.0015
8,215-239,1780015805,2026-05-29T08:50:05,0.0015
8,215-239,1780016104,2026-05-29T08:55:04,0.0015
8,215-239,1780016703,2026-05-29T09:05:03,0.0015
8,215-239,1780017005,2026-05-29T09:10:05,0.0015
8,215-239,1780017305,2026-05-29T09:15:05,0.0015
8,215-239,1780017605,2026-05-29T09:20:05,0.0015
8,215-239,1780017903,2026-05-29T09:25:03,0.0015
8,215-239,1780018205,2026-05-29T09:30:05,0.0015
8,215-239,1780018503,2026-05-29T09:35:03,0.0015
8,215-239,1780018804,2026-05-29T09:40:04,0.0015
8,215-239,1780019104,2026-05-29T09:45:04,0.0015
8,215-239,1780019404,2026-05-29T09:50:04,0.0015
8,215-239,1780019704,2026-05-29T09:55:04,0.0015
8,215-239,1780020304,2026-05-29T10:05:04,0.0015
8,215-239,1780020604,2026-05-29T10:10:04,0.0015
8,215-239,1780020904,2026-05-29T10:15:04,0.0015
8,215-239,1780021204,2026-05-29T10:20:04,0.0015
8,215-239,1780021504,2026-05-29T10:25:04,0.0015
8,215-239,1780021805,2026-05-29T10:30:05,0.0015
8,215-239,1780022105,2026-05-29T10:35:05,0.0015
8,215-239,1780022403,2026-05-29T10:40:03,0.0015
8,215-239,1780022704,2026-05-29T10:45:04,0.0015
8,215-239,1780023003,2026-05-29T10:50:03,0.0015
8,215-239,1780023304,2026-05-29T10:55:04,0.0015
8,215-239,1780023904,2026-05-29T11:05:04,0.0015
8,215-239,1780024203,2026-05-29T11:10:03,0.0015
8,215-239,1780024505,2026-05-29T11:15:05,0.0015
8,215-239,1780024804,2026-05-29T11:20:04,0.0015
8,215-239,1780025104,2026-05-29T11:25:04,0.0015
8,215-239,1780025406,2026-05-29T11:30:06,0.0015
8,215-239,1780025704,2026-05-29T11:35:04,0.0015
8,215-239,1780026004,2026-05-29T11:40:04,0.0015
8,215-239,1780026305,2026-05-29T11:45:05,0.0015
8,215-239,1780026607,2026-05-29T11:50:07,0.0015
8,215-239,1780026916,2026-05-29T11:55:16,0.0015
8,215-239,1780027505,2026-05-29T12:05:05,0.0015
8,215-239,1780027804,2026-05-29T12:10:04,0.0015
8,215-239,1780028104,2026-05-29T12:15:04,0.0015
8,215-239,1780028405,2026-05-29T12:20:05,0.0015
8,215-239,1780028705,2026-05-29T12:25:05,0.0015
8,215-239,1780029005,2026-05-29T12:30:05,0.0015
8,215-239,1780029305,2026-05-29T12:35:05,0.0015
8,215-239,1780029605,2026-05-29T12:40:05,0.0015
8,215-239,1780029905,2026-05-29T12:45:05,0.0015
8,215-239,1780030206,2026-05-29T12:50:06,0.0015
8,215-239,1780030505,2026-05-29T12:55:05,0.0015
8,215-239,1780031105,2026-05-29T13:05:05,0.0015
8,215-239,1780031407,2026-05-29T13:10:07,0.0015
8,215-239,1780031705,2026-05-29T13:15:05,0.0015
8,215-239,1780032004,2026-05-29T13:20:04,0.0015
8,215-239,1780032305,2026-05-29T13:25:05,0.0015
8,215-239,1780032607,2026-05-29T13:30:07,0.0015
8,215-239,1780032915,2026-05-29T13:35:15,0.0015
8,215-239,1780033204,2026-05-29T13:40:04,0.0015
8,215-239,1780033505,2026-05-29T13:45:05,0.0015
8,215-239,1780033803,2026-05-29T13:50:03,0.0015
8,215-239,1780034104,2026-05-29T13:55:04,0.0015
8,215-239,1780034705,2026-05-29T14:05:05,0.0015
8,215-239,1780035017,2026-05-29T14:10:17,0.0015
8,215-239,1780035304,2026-05-29T14:15:04,0.0015
8,215-239,1780035604,2026-05-29T14:20:04,0.0015
8,215-239,1780035905,2026-05-29T14:25:05,0.0015
8,215-239,1780036206,2026-05-29T14:30:06,0.0015
8,215-239,1780036504,2026-05-29T14:35:04,0.0015
8,215-239,1780036804,2026-05-29T14:40:04,0.0015
8,215-239,1780037104,2026-05-29T14:45:04,0.0015
8,215-239,1780037405,2026-05-29T14:50:05,0.0015
8,215-239,1780037704,2026-05-29T14:55:04,0.0015
8,215-239,1780038305,2026-05-29T15:05:05,0.0015
8,215-239,1780038604,2026-05-29T15:10:04,0.0015
8,215-239,1780038914,2026-05-29T15:15:14,0.0015
8,215-239,1780039204,2026-05-29T15:20:04,0.0015
8,215-239,1780039504,2026-05-29T15:25:04,0.0015
8,215-239,1780039805,2026-05-29T15:30:05,0.0015
8,215-239,1780040105,2026-05-29T15:35:05,0.0015
8,215-239,1780040406,2026-05-29T15:40:06,0.0015
8,215-239,1780040705,2026-05-29T15:45:05,0.0015
8,215-239,1780041005,2026-05-29T15:50:05,0.0015
8,215-239,1780041304,2026-05-29T15:55:04,0.0015
8,215-239,1780041904,2026-05-29T16:05:04,0.0015
8,215-239,1780042204,2026-05-29T16:10:04,0.0015
8,215-239,1780042504,2026-05-29T16:15:04,0.0015
8,215-239,1780042804,2026-05-29T16:20:04,0.0015
8,215-239,1780043103,2026-05-29T16:25:03,0.0015
8,215-239,1780043405,2026-05-29T16:30:05,0.0015
8,215-239,1780043704,2026-05-29T16:35:04,0.0015
8,215-239,1780044005,2026-05-29T16:40:05,0.0015
8,215-239,1780044304,2026-05-29T16:45:04,0.0015
8,215-239,1780044604,2026-05-29T16:50:04,0.0015
8,215-239,1780044904,2026-05-29T16:55:04,0.0015
8,215-239,1780045506,2026-05-29T17:05:06,0.0015
8,215-239,1780045804,2026-05-29T17:10:04,0.0015
8,215-239,1780046104,2026-05-29T17:15:04,0.0015
8,215-239,1780046404,2026-05-29T17:20:04,0.0015
8,215-239,1780046706,2026-05-29T17:25:06,0.0015
8,215-239,1780047020,2026-05-29T17:30:20,0.0015
8,215-239,1780047305,2026-05-29T17:35:05,0.0015
8,215-239,1780047604,2026-05-29T17:40:04,0.0015
8,215-239,1780047904,2026-05-29T17:45:04,0.0015
8,215-239,1780048205,2026-05-29T17:50:05,0.0015
8,215-239,1780048506,2026-05-29T17:55:06,0.0015
8,215-239,1780049104,2026-05-29T18:05:04,0.0015
8,215-239,1780049404,2026-05-29T18:10:04,0.0015
8,215-239,1780049704,2026-05-29T18:15:04,0.0015
8,215-239,1780050005,2026-05-29T18:20:05,0.0015
8,215-239,1780050304,2026-05-29T18:25:04,0.0015
8,215-239,1780050604,2026-05-29T18:30:04,0.0015
8,215-239,1780050904,2026-05-29T18:35:04,0.0015
8,215-239,1780051204,2026-05-29T18:40:04,0.0015
8,215-239,1780051504,2026-05-29T18:45:04,0.0015
8,215-239,1780051804,2026-05-29T18:50:04,0.0015
8,215-239,1780052105,2026-05-29T18:55:05,0.0015
8,215-239,1780052704,2026-05-29T19:05:04,0.0015
8,215-239,1780053004,2026-05-29T19:10:04,0.0015
8,215-239,1780053304,2026-05-29T19:15:04,0.0015
8,215-239,1780053604,2026-05-29T19:20:04,0.0015
8,215-239,1780053904,2026-05-29T19:25:04,0.0015
8,215-239,1780054204,2026-05-29T19:30:04,0.0015
8,215-239,1780054505,2026-05-29T19:35:05,0.0015
8,215-239,1780054805,2026-05-29T19:40:05,0.0015
8,215-239,1780055105,2026-05-29T19:45:05,0.0015
8,215-239,1780055404,2026-05-29T19:50:04,0.0015
8,215-239,1780055704,2026-05-29T19:55:04,0.0015
8,215-239,1780056319,2026-05-29T20:05:19,0.0015
8,215-239,1780056326,2026-05-29T20:05:26,0.0015
8,215-239,1780056604,2026-05-29T20:10:04,0.0015
8,215-239,1780058105,2026-05-29T20:35:05,0.0015
8,215-239,1780058404,2026-05-29T20:40:04,0.0015
8,215-239,1780058703,2026-05-29T20:45:03,0.0015
8,215-239,1780059003,2026-05-29T20:50:03,0.0015
8,215-239,1780059305,2026-05-29T20:55:05,0.0015
8,215-239,1780059905,2026-05-29T21:05:05,0.0015
8,215-239,1780060203,2026-05-29T21:10:03,0.0015
8,215-239,1780061406,2026-05-29T21:30:06,0.0015
8,215-239,1780061704,2026-05-29T21:35:04,0.0015
8,215-239,1780062004,2026-05-29T21:40:04,0.002
8,215-239,1780062307,2026-05-29T21:45:07,0.002
8,215-239,1780062605,2026-05-29T21:50:05,0.002
8,215-239,1780062904,2026-05-29T21:55:04,0.002
8,215-239,1780063504,2026-05-29T22:05:04,0.002
8,215-239,1780063808,2026-05-29T22:10:08,0.002
8,215-239,1780064104,2026-05-29T22:15:04,0.002
8,215-239,1780064404,2026-05-29T22:20:04,0.002
8,215-239,1780064704,2026-05-29T22:25:04,0.002
8,215-239,1780065006,2026-05-29T22:30:06,0.002
8,215-239,1780065304,2026-05-29T22:35:04,0.002
8,215-239,1780065605,2026-05-29T22:40:05,0.002
8,215-239,1780065905,2026-05-29T22:45:05,0.0015
8,215-239,1780066205,2026-05-29T22:50:05,0.0015
8,215-239,1780066505,2026-05-29T22:55:05,0.0015
8,215-239,1780067105,2026-05-29T23:05:05,0.0015
8,215-239,1780067405,2026-05-29T23:10:05,0.0015
8,215-239,1780067704,2026-05-29T23:15:04,0.0015
8,215-239,1780068006,2026-05-29T23:20:06,0.0015
8,215-239,1780068304,2026-05-29T23:25:04,0.0015
8,215-239,1780068606,2026-05-29T23:30:06,0.0015
8,215-239,1780068906,2026-05-29T23:35:06,0.0015
8,215-239,1780069205,2026-05-29T23:40:05,0.0015
8,215-239,1780069508,2026-05-29T23:45:08,0.0015
8,215-239,1780069804,2026-05-29T23:50:04,0.0015
8,215-239,1780070104,2026-05-29T23:55:04,0.0015
8,215-239,1780070705,2026-05-30T00:05:05,0.0015
8,215-239,1780071005,2026-05-30T00:10:05,0.0015
8,215-239,1780071306,2026-05-30T00:15:06,0.0015
8,215-239,1780071606,2026-05-30T00:20:06,0.0015
8,215-239,1780071905,2026-05-30T00:25:05,0.0015
8,215-239,1780072206,2026-05-30T00:30:06,0.0015
8,215-239,1780072504,2026-05-30T00:35:04,0.0015
8,215-239,1780072806,2026-05-30T00:40:06,0.0015
8,215-239,1780073104,2026-05-30T00:45:04,0.0015
8,215-239,1780073404,2026-05-30T00:50:04,0.0015
8,215-239,1780073705,2026-05-30T00:55:05,0.0015
8,215-239,1780074306,2026-05-30T01:05:06,0.0015
8,215-239,1780074604,2026-05-30T01:10:04,0.0015
8,215-239,1780074905,2026-05-30T01:15:05,0.0015
8,215-239,1780075207,2026-05-30T01:20:07,0.0015
8,215-239,1780075504,2026-05-30T01:25:04,0.0015
8,215-239,1780075804,2026-05-30T01:30:04,0.0015
8,215-239,1780076104,2026-05-30T01:35:04,0.0015
8,215-239,1780076404,2026-05-30T01:40:04,0.0015
8,215-239,1780076704,2026-05-30T01:45:04,0.0015
8,215-239,1780077018,2026-05-30T01:50:18,0.0015
8,215-239,1780077303,2026-05-30T01:55:03,0.0015
8,215-239,1780077905,2026-05-30T02:05:05,0.0015
8,215-239,1780078205,2026-05-30T02:10:05,0.0015
8,215-239,1780078505,2026-05-30T02:15:05,0.0015
8,215-239,1780078804,2026-05-30T02:20:04,0.0015
8,215-239,1780079104,2026-05-30T02:25:04,0.0015
8,215-239,1780079408,2026-05-30T02:30:08,0.0015
8,215-239,1780079719,2026-05-30T02:35:19,0.0015
8,215-239,1780080017,2026-05-30T02:40:17,0.0015
8,215-239,1780080305,2026-05-30T02:45:05,0.0015
8,215-239,1780080605,2026-05-30T02:50:05,0.0015
8,215-239,1780080904,2026-05-30T02:55:04,0.0015
8,215-239,1780081504,2026-05-30T03:05:04,0.0015
8,215-239,1780081815,2026-05-30T03:10:15,0.0015
8,215-239,1780082105,2026-05-30T03:15:05,0.0015
8,215-239,1780082405,2026-05-30T03:20:05,0.0015
8,215-239,1780082705,2026-05-30T03:25:05,0.0015
8,215-239,1780083005,2026-05-30T03:30:05,0.0015
8,215-239,1780083303,2026-05-30T03:35:03,0.0015
8,215-239,1780083604,2026-05-30T03:40:04,0.0015
8,215-239,1780083904,2026-05-30T03:45:04,0.0015
8,215-239,1780084205,2026-05-30T03:50:05,0.0015
8,215-239,1780084505,2026-05-30T03:55:05,0.0015
8,215-239,1780085104,2026-05-30T04:05:04,0.0015
8,215-239,1780085404,2026-05-30T04:10:04,0.0015
8,215-239,1780085705,2026-05-30T04:15:05,0.0015
8,215-239,1780086005,2026-05-30T04:20:05,0.0015
8,215-239,1780086304,2026-05-30T04:25:04,0.0015
8,215-239,1780086605,2026-05-30T04:30:05,0.0015
8,215-239,1780086904,2026-05-30T04:35:04,0.0015
8,215-239,1780087206,2026-05-30T04:40:06,0.0015
8,215-239,1780087504,2026-05-30T04:45:04,0.0015
8,215-239,1780087805,2026-05-30T04:50:05,0.0015
8,215-239,1780088107,2026-05-30T04:55:07,0.0015
8,215-239,1780088704,2026-05-30T05:05:04,0.0015
8,215-239,1780089006,2026-05-30T05:10:06,0.0015
8,215-239,1780089304,2026-05-30T05:15:04,0.0015
8,215-239,1780089605,2026-05-30T05:20:05,0.0015
8,215-239,1780089905,2026-05-30T05:25:05,0.0015
8,215-239,1780090205,2026-05-30T05:30:05,0.0015
8,215-239,1780090504,2026-05-30T05:35:04,0.0015
8,215-239,1780090819,2026-05-30T05:40:19,0.0015
8,215-239,1780091105,2026-05-30T05:45:05,0.0015
8,215-239,1780091405,2026-05-30T05:50:05,0.0015
8,215-239,1780091704,2026-05-30T05:55:04,0.0015
8,215-239,1780092304,2026-05-30T06:05:04,0.0015
8,215-239,1780092605,2026-05-30T06:10:05,0.0015
8,215-239,1780092905,2026-05-30T06:15:05,0.0015
8,215-239,1780093205,2026-05-30T06:20:05,0.0015
8,215-239,1780093505,2026-05-30T06:25:05,0.0015
8,215-239,1780093806,2026-05-30T06:30:06,0.0015
8,215-239,1780094105,2026-05-30T06:35:05,0.0015
8,215-239,1780094404,2026-05-30T06:40:04,0.0015
8,215-239,1780094705,2026-05-30T06:45:05,0.0015
8,215-239,1780095004,2026-05-30T06:50:04,0.0015
8,215-239,1780095307,2026-05-30T06:55:07,0.0015
8,215-239,1780095905,2026-05-30T07:05:05,0.0015
8,215-239,1780096204,2026-05-30T07:10:04,0.0015
8,215-239,1780096505,2026-05-30T07:15:05,0.0015
8,215-239,1780096804,2026-05-30T07:20:04,0.0015
8,215-239,1780097105,2026-05-30T07:25:05,0.0015
8,215-239,1780097406,2026-05-30T07:30:06,0.0015
8,215-239,1780097705,2026-05-30T07:35:05,0.0015
8,215-239,1780098004,2026-05-30T07:40:04,0.0015
8,215-239,1780098304,2026-05-30T07:45:04,0.0015
8,215-239,1780098604,2026-05-30T07:50:04,0.0015
8,215-239,1780098905,2026-05-30T07:55:05,0.0015
8,215-239,1780099504,2026-05-30T08:05:04,0.0015
8,215-239,1780099804,2026-05-30T08:10:04,0.0015
8,215-239,1780100105,2026-05-30T08:15:05,0.0015
8,215-239,1780100404,2026-05-30T08:20:04,0.0015
8,215-239,1780100705,2026-05-30T08:25:05,0.0015
8,215-239,1780101008,2026-05-30T08:30:08,0.0015
8,215-239,1780101303,2026-05-30T08:35:03,0.0015
8,215-239,1780101605,2026-05-30T08:40:05,0.0015
8,215-239,1780101906,2026-05-30T08:45:06,0.0015
8,215-239,1780102205,2026-05-30T08:50:05,0.0015
8,215-239,1780102506,2026-05-30T08:55:06,0.0015
8,215-239,1780103104,2026-05-30T09:05:04,0.0015
8,215-239,1780103404,2026-05-30T09:10:04,0.0015
8,215-239,1780103712,2026-05-30T09:15:12,0.0015
8,215-239,1780104005,2026-05-30T09:20:05,0.0015
8,215-239,1780104305,2026-05-30T09:25:05,0.0015
8,215-239,1780104608,2026-05-30T09:30:08,0.0015
8,215-239,1780104904,2026-05-30T09:35:04,0.0015
8,215-239,1780105204,2026-05-30T09:40:04,0.0015
8,215-239,1780105505,2026-05-30T09:45:05,0.0015
8,215-239,1780105804,2026-05-30T09:50:04,0.0015
8,215-239,1780106116,2026-05-30T09:55:16,0.0015
8,215-239,1780106704,2026-05-30T10:05:04,0.0015
8,215-239,1780107004,2026-05-30T10:10:04,0.0015
8,215-239,1780107304,2026-05-30T10:15:04,0.0015
8,215-239,1780107604,2026-05-30T10:20:04,0.0015
8,215-239,1780107904,2026-05-30T10:25:04,0.0015
8,215-239,1780108208,2026-05-30T10:30:08,0.0015
8,215-239,1780108504,2026-05-30T10:35:04,0.0015
8,215-239,1780108806,2026-05-30T10:40:06,0.0015
8,215-239,1780109105,2026-05-30T10:45:05,0.0015
8,215-239,1780109404,2026-05-30T10:50:04,0.0015
8,215-239,1780109705,2026-05-30T10:55:05,0.0015
8,215-239,1780110304,2026-05-30T11:05:04,0.0015
8,215-239,1780110606,2026-05-30T11:10:06,0.0015
8,215-239,1780110916,2026-05-30T11:15:16,0.0015
8,215-239,1780111205,2026-05-30T11:20:05,0.0015
8,215-239,1780111520,2026-05-30T11:25:20,0.0015
8,215-239,1780111805,2026-05-30T11:30:05,0.0015
8,215-239,1780112103,2026-05-30T11:35:03,0.0015
8,215-239,1780112404,2026-05-30T11:40:04,0.0015
8,215-239,1780112704,2026-05-30T11:45:04,0.0015
8,215-239,1780113007,2026-05-30T11:50:07,0.0015
8,215-239,1780113304,2026-05-30T11:55:04,0.0015
8,215-239,1780113905,2026-05-30T12:05:05,0.0015
8,215-239,1780114205,2026-05-30T12:10:05,0.0015
8,215-239,1780114506,2026-05-30T12:15:06,0.0015
8,215-239,1780114805,2026-05-30T12:20:05,0.0015
8,215-239,1780115104,2026-05-30T12:25:04,0.0015
8,215-239,1780115405,2026-05-30T12:30:05,0.0015
8,215-239,1780115704,2026-05-30T12:35:04,0.0015
8,215-239,1780116005,2026-05-30T12:40:05,0.0015
8,215-239,1780116305,2026-05-30T12:45:05,0.0015
8,215-239,1780116605,2026-05-30T12:50:05,0.0015
8,215-239,1780116905,2026-05-30T12:55:05,0.0015
8,215-239,1780117504,2026-05-30T13:05:04,0.0015
8,215-239,1780117805,2026-05-30T13:10:05,0.0015
8,215-239,1780118105,2026-05-30T13:15:05,0.0015
8,215-239,1780118404,2026-05-30T13:20:04,0.0015
8,215-239,1780118705,2026-05-30T13:25:05,0.0015
8,215-239,1780119006,2026-05-30T13:30:06,0.0015
8,215-239,1780119304,2026-05-30T13:35:04,0.0015
8,215-239,1780119603,2026-05-30T13:40:03,0.0015
8,215-239,1780119905,2026-05-30T13:45:05,0.0015
8,215-239,1780120205,2026-05-30T13:50:05,0.0015
8,215-239,1780120506,2026-05-30T13:55:06,0.0015
8,215-239,1780121104,2026-05-30T14:05:04,0.0015
8,215-239,1780121404,2026-05-30T14:10:04,0.0015
8,215-239,1780121704,2026-05-30T14:15:04,0.0015
8,215-239,1780122003,2026-05-30T14:20:03,0.0015
8,215-239,1780122304,2026-05-30T14:25:04,0.0015
8,215-239,1780122604,2026-05-30T14:30:04,0.0015
8,215-239,1780122908,2026-05-30T14:35:08,0.0015
8,215-239,1780123204,2026-05-30T14:40:04,0.0015
8,215-239,1780123517,2026-05-30T14:45:17,0.0015
8,215-239,1780123804,2026-05-30T14:50:04,0.0015
8,215-239,1780124104,2026-05-30T14:55:04,0.0015
8,215-239,1780124704,2026-05-30T15:05:04,0.0015
8,215-239,1780125004,2026-05-30T15:10:04,0.0015
8,215-239,1780125305,2026-05-30T15:15:05,0.0015
8,215-239,1780125620,2026-05-30T15:20:20,0.0015
8,215-239,1780125904,2026-05-30T15:25:04,0.0015
8,215-239,1780126205,2026-05-30T15:30:05,0.0015
8,215-239,1780126505,2026-05-30T15:35:05,0.0015
8,215-239,1780126804,2026-05-30T15:40:04,0.0015
8,215-239,1780127104,2026-05-30T15:45:04,0.0015
8,215-239,1780127404,2026-05-30T15:50:04,0.0015
8,215-239,1780127704,2026-05-30T15:55:04,0.0015
8,215-239,1780128304,2026-05-30T16:05:04,0.0015
8,215-239,1780128605,2026-05-30T16:10:05,0.0015
8,215-239,1780128904,2026-05-30T16:15:04,0.0015
8,215-239,1780129204,2026-05-30T16:20:04,0.0015
8,215-239,1780129504,2026-05-30T16:25:04,0.0015
8,215-239,1780129805,2026-05-30T16:30:05,0.0015
8,215-239,1780130104,2026-05-30T16:35:04,0.0015
8,215-239,1780130405,2026-05-30T16:40:05,0.0015
8,215-239,1780130704,2026-05-30T16:45:04,0.0015
8,215-239,1780131008,2026-05-30T16:50:08,0.0015
8,215-239,1780131305,2026-05-30T16:55:05,0.0015
8,215-239,1780131905,2026-05-30T17:05:05,0.0015
8,215-239,1780132204,2026-05-30T17:10:04,0.0015
8,215-239,1780132504,2026-05-30T17:15:04,0.0015
8,215-239,1780132805,2026-05-30T17:20:05,0.0015
8,215-239,1780133105,2026-05-30T17:25:05,0.0015
8,215-239,1780133406,2026-05-30T17:30:06,0.0015
8,215-239,1780133704,2026-05-30T17:35:04,0.0015
8,215-239,1780134005,2026-05-30T17:40:05,0.0015
8,215-239,1780134304,2026-05-30T17:45:04,0.0015
8,215-239,1780134604,2026-05-30T17:50:04,0.0015
8,215-239,1780134904,2026-05-30T17:55:04,0.0015
8,215-239,1780135504,2026-05-30T18:05:04,0.0015
8,215-239,1780135819,2026-05-30T18:10:19,0.0015
8,215-239,1780136105,2026-05-30T18:15:05,0.0015
8,215-239,1780136406,2026-05-30T18:20:06,0.0015
8,215-239,1780136705,2026-05-30T18:25:05,0.0015
8,215-239,1780137005,2026-05-30T18:30:05,0.0015
8,215-239,1780137304,2026-05-30T18:35:04,0.0015
8,215-239,1780137604,2026-05-30T18:40:04,0.0015
8,215-239,1780137904,2026-05-30T18:45:04,0.0015
8,215-239,1780138204,2026-05-30T18:50:04,0.0015
8,215-239,1780138504,2026-05-30T18:55:04,0.0015
8,215-239,1780139105,2026-05-30T19:05:05,0.0015
8,215-239,1780139404,2026-05-30T19:10:04,0.0015
8,215-239,1780139706,2026-05-30T19:15:06,0.0015
8,215-239,1780140004,2026-05-30T19:20:04,0.0015
8,215-239,1780140304,2026-05-30T19:25:04,0.0015
8,215-239,1780140606,2026-05-30T19:30:06,0.0015
8,215-239,1780140904,2026-05-30T19:35:04,0.0015
8,215-239,1780141204,2026-05-30T19:40:04,0.0015
8,215-239,1780141508,2026-05-30T19:45:08,0.0015
8,215-239,1780141805,2026-05-30T19:50:05,0.0015
8,215-239,1780142106,2026-05-30T19:55:06,0.0015
8,215-239,1780142704,2026-05-30T20:05:04,0.0015
8,215-239,1780143004,2026-05-30T20:10:04,0.0015
8,215-239,1780143304,2026-05-30T20:15:04,0.0015
8,215-239,1780143604,2026-05-30T20:20:04,0.0015
8,215-239,1780143904,2026-05-30T20:25:04,0.0015
8,215-239,1780144206,2026-05-30T20:30:06,0.0015
8,215-239,1780144517,2026-05-30T20:35:17,0.0015
8,215-239,1780144805,2026-05-30T20:40:05,0.0015
8,215-239,1780145105,2026-05-30T20:45:05,0.0015
8,215-239,1780145405,2026-05-30T20:50:05,0.0015
8,215-239,1780145707,2026-05-30T20:55:07,0.0015
8,215-239,1780146306,2026-05-30T21:05:06,0.0015
8,215-239,1780146604,2026-05-30T21:10:04,0.0015
8,215-239,1780146904,2026-05-30T21:15:04,0.0015
8,215-239,1780147205,2026-05-30T21:20:05,0.0015
8,215-239,1780147507,2026-05-30T21:25:07,0.0015
8,215-239,1780147806,2026-05-30T21:30:06,0.0015
8,215-239,1780148103,2026-05-30T21:35:03,0.0015
8,215-239,1780148405,2026-05-30T21:40:05,0.0015
8,215-239,1780148705,2026-05-30T21:45:05,0.0015
8,215-239,1780149004,2026-05-30T21:50:04,0.0015
8,215-239,1780149305,2026-05-30T21:55:05,0.0015
8,215-239,1780149904,2026-05-30T22:05:04,0.001
8,215-239,1780150205,2026-05-30T22:10:05,0.001
8,215-239,1780150518,2026-05-30T22:15:18,0.001
8,215-239,1780150805,2026-05-30T22:20:05,0.001
8,215-239,1780151104,2026-05-30T22:25:04,0.001
8,215-239,1780151409,2026-05-30T22:30:09,0.001
8,215-239,1780151704,2026-05-30T22:35:04,0.001
8,215-239,1780152004,2026-05-30T22:40:04,0.001
8,215-239,1780152305,2026-05-30T22:45:05,0.001
8,215-239,1780152604,2026-05-30T22:50:04,0.001
8,215-239,1780152904,2026-05-30T22:55:04,0.001
8,215-239,1780153504,2026-05-30T23:05:04,0.001
8,215-239,1780153820,2026-05-30T23:10:20,0.001
8,215-239,1780154104,2026-05-30T23:15:04,0.001
8,215-239,1780154405,2026-05-30T23:20:05,0.001
8,215-239,1780154705,2026-05-30T23:25:05,0.001
8,215-239,1780155021,2026-05-30T23:30:21,0.001
8,215-239,1780155304,2026-05-30T23:35:04,0.001
8,215-239,1780155605,2026-05-30T23:40:05,0.001
8,215-239,1780155904,2026-05-30T23:45:04,0.001
8,215-239,1780156218,2026-05-30T23:50:18,0.001
8,215-239,1780156504,2026-05-30T23:55:04,0.001
8,215-239,1780157105,2026-05-31T00:05:05,0.0015
8,215-239,1780157408,2026-05-31T00:10:08,0.0015
8,215-239,1780157706,2026-05-31T00:15:06,0.0015
8,215-239,1780158005,2026-05-31T00:20:05,0.0015
8,215-239,1780158319,2026-05-31T00:25:19,0.0015
8,215-239,1780158605,2026-05-31T00:30:05,0.0015
8,215-239,1780158905,2026-05-31T00:35:05,0.0005
8,215-239,1780159206,2026-05-31T00:40:06,0.0005
8,215-239,1780159505,2026-05-31T00:45:05,0.0005
8,215-239,1780159804,2026-05-31T00:50:04,0.0005
8,215-239,1780160103,2026-05-31T00:55:03,0.0005
8,215-239,1780160704,2026-05-31T01:05:04,0.0005
8,215-239,1780161004,2026-05-31T01:10:04,0.0005
8,215-239,1780161306,2026-05-31T01:15:06,0.0005
8,215-239,1780161604,2026-05-31T01:20:04,0.0005
8,215-239,1780161905,2026-05-31T01:25:05,0.0005
8,215-239,1780162207,2026-05-31T01:30:07,0.0005
8,215-239,1780162506,2026-05-31T01:35:06,0.0005
8,215-239,1780162805,2026-05-31T01:40:05,0.0005
8,215-239,1780163106,2026-05-31T01:45:06,0.0005
8,215-239,1780163405,2026-05-31T01:50:05,0.0005
8,215-239,1780163704,2026-05-31T01:55:04,0.0005
8,215-239,1780164304,2026-05-31T02:05:04,0.0005
8,215-239,1780164605,2026-05-31T02:10:05,0.0005
8,215-239,1780164906,2026-05-31T02:15:06,0.0005
8,215-239,1780165205,2026-05-31T02:20:05,0.0005
8,215-239,1780165504,2026-05-31T02:25:04,0.0005
8,215-239,1780165805,2026-05-31T02:30:05,0.0005
8,215-239,1780166105,2026-05-31T02:35:05,0.0005
8,215-239,1780166405,2026-05-31T02:40:05,0.0005
8,215-239,1780166704,2026-05-31T02:45:04,0.0005
8,215-239,1780167005,2026-05-31T02:50:05,0.0005
8,215-239,1780167304,2026-05-31T02:55:04,0.0005
8,215-239,1780167904,2026-05-31T03:05:04,0.0005
8,215-239,1780168204,2026-05-31T03:10:04,0.0005
8,215-239,1780168505,2026-05-31T03:15:05,0.0005
8,215-239,1780168804,2026-05-31T03:20:04,0.0005
8,215-239,1780169104,2026-05-31T03:25:04,0.0005
8,215-239,1780169405,2026-05-31T03:30:05,0.0005
8,215-239,1780169704,2026-05-31T03:35:04,0.0005
8,215-239,1780170004,2026-05-31T03:40:04,0.0005
8,215-239,1780170304,2026-05-31T03:45:04,0.0005
8,215-239,1780170607,2026-05-31T03:50:07,0.0005
8,215-239,1780170904,2026-05-31T03:55:04,0.0005
8,215-239,1780171504,2026-05-31T04:05:04,0.0005
8,215-239,1780171804,2026-05-31T04:10:04,0.0005
8,215-239,1780172104,2026-05-31T04:15:04,0.0005
8,215-239,1780172405,2026-05-31T04:20:05,0.0005
8,215-239,1780172704,2026-05-31T04:25:04,0.0005
8,215-239,1780173006,2026-05-31T04:30:06,0.0005
8,215-239,1780173304,2026-05-31T04:35:04,0.0005
8,215-239,1780173605,2026-05-31T04:40:05,0.0005
8,215-239,1780173905,2026-05-31T04:45:05,0.0005
8,215-239,1780174203,2026-05-31T04:50:03,0.0005
8,215-239,1780174504,2026-05-31T04:55:04,0.0005
8,215-239,1780175105,2026-05-31T05:05:05,0.0005
8,215-239,1780175405,2026-05-31T05:10:05,0.0005
8,215-239,1780175704,2026-05-31T05:15:04,0.0005
8,215-239,1780176006,2026-05-31T05:20:06,0.0005
8,215-239,1780176305,2026-05-31T05:25:05,0.0005
8,215-239,1780176620,2026-05-31T05:30:20,0.0005
8,215-239,1780176904,2026-05-31T05:35:04,0.0005
8,215-239,1780177204,2026-05-31T05:40:04,0.0005
8,215-239,1780177505,2026-05-31T05:45:05,0.0005
8,215-239,1780177806,2026-05-31T05:50:06,0.0005
8,215-239,1780178104,2026-05-31T05:55:04,0.0005
8,215-239,1780178705,2026-05-31T06:05:05,0.0005
8,215-239,1780179007,2026-05-31T06:10:07,0.0005
8,215-239,1780179305,2026-05-31T06:15:05,0.0005
8,215-239,1780179605,2026-05-31T06:20:05,0.0005
8,215-239,1780179904,2026-05-31T06:25:04,0.0005
8,215-239,1780180208,2026-05-31T06:30:08,0.0005
8,215-239,1780180506,2026-05-31T06:35:06,0.0005
8,215-239,1780180804,2026-05-31T06:40:04,0.0005
8,215-239,1780181105,2026-05-31T06:45:05,0.0005
8,215-239,1780181406,2026-05-31T06:50:06,0.0005
8,215-239,1780181704,2026-05-31T06:55:04,0.0005
8,215-239,1780182305,2026-05-31T07:05:05,0.0005
8,215-239,1780182607,2026-05-31T07:10:07,0.0005
8,215-239,1780182907,2026-05-31T07:15:07,0.0005
8,215-239,1780183206,2026-05-31T07:20:06,0.0005
8,215-239,1780183506,2026-05-31T07:25:06,0.0005
8,215-239,1780183806,2026-05-31T07:30:06,0.0005
8,215-239,1780184119,2026-05-31T07:35:19,0.0005
8,215-239,1780184405,2026-05-31T07:40:05,0.0005
8,215-239,1780184717,2026-05-31T07:45:17,0.0005
8,215-239,1780185010,2026-05-31T07:50:10,0.0005
8,215-239,1780185304,2026-05-31T07:55:04,0.0005
8,215-239,1780185905,2026-05-31T08:05:05,0.0005
8,215-239,1780186204,2026-05-31T08:10:04,0.0005
8,215-239,1780186507,2026-05-31T08:15:07,0.0005
8,215-239,1780186819,2026-05-31T08:20:19,0.0005
8,215-239,1780187104,2026-05-31T08:25:04,0.0005
8,215-239,1780187406,2026-05-31T08:30:06,0.0005
8,215-239,1780187705,2026-05-31T08:35:05,0.0005
8,215-239,1780188004,2026-05-31T08:40:04,0.0005
8,215-239,1780188304,2026-05-31T08:45:04,0.0005
8,215-239,1780188605,2026-05-31T08:50:05,0.0005
8,215-239,1780188906,2026-05-31T08:55:06,0.0005
8,215-239,1780189504,2026-05-31T09:05:04,0.0005
8,215-239,1780189805,2026-05-31T09:10:05,0.0005
8,215-239,1780190103,2026-05-31T09:15:03,0.0005
8,215-239,1780190416,2026-05-31T09:20:16,0.0005
8,215-239,1780190717,2026-05-31T09:25:17,0.0005
8,215-239,1780191005,2026-05-31T09:30:05,0.0005
8,215-239,1780191321,2026-05-31T09:35:21,0.0005
8,215-239,1780191604,2026-05-31T09:40:04,0.0005
8,215-239,1780191904,2026-05-31T09:45:04,0.0005
8,215-239,1780192205,2026-05-31T09:50:05,0.0005
8,215-239,1780192505,2026-05-31T09:55:05,0.0005
8,215-239,1780193104,2026-05-31T10:05:04,0.0005
8,215-239,1780193404,2026-05-31T10:10:04,0.0005
8,215-239,1780193703,2026-05-31T10:15:03,0.0005
8,215-239,1780194004,2026-05-31T10:20:04,0.0005
8,215-239,1780194317,2026-05-31T10:25:17,0.0005
8,215-239,1780194604,2026-05-31T10:30:04,0.0005
8,215-239,1780194904,2026-05-31T10:35:04,0.0005
8,215-239,1780195204,2026-05-31T10:40:04,0.0005
8,215-239,1780195504,2026-05-31T10:45:04,0.0005
8,215-239,1780195805,2026-05-31T10:50:05,0.0005
8,215-239,1780196103,2026-05-31T10:55:03,0.0005
8,215-239,1780196707,2026-05-31T11:05:07,0.0005
8,215-239,1780197003,2026-05-31T11:10:03,0.0005
8,215-239,1780197304,2026-05-31T11:15:04,0.0005
8,215-239,1780197604,2026-05-31T11:20:04,0.0005
8,215-239,1780197904,2026-05-31T11:25:04,0.0005
8,215-239,1780198205,2026-05-31T11:30:05,0.0005
8,215-239,1780198503,2026-05-31T11:35:03,0.0005
8,215-239,1780198805,2026-05-31T11:40:05,0.0005
8,215-239,1780199104,2026-05-31T11:45:04,0.0005
8,215-239,1780199406,2026-05-31T11:50:06,0.0005
8,215-239,1780199705,2026-05-31T11:55:05,0.0005
8,215-239,1780200304,2026-05-31T12:05:04,0.0005
8,215-239,1780200604,2026-05-31T12:10:04,0.0005
8,215-239,1780200904,2026-05-31T12:15:04,0.0005
8,215-239,1780201205,2026-05-31T12:20:05,0.0005
8,215-239,1780201505,2026-05-31T12:25:05,0.0005
8,215-239,1780201805,2026-05-31T12:30:05,0.0005
8,215-239,1780202105,2026-05-31T12:35:05,0.0005
8,215-239,1780202404,2026-05-31T12:40:04,0.0005
8,215-239,1780202705,2026-05-31T12:45:05,0.0005
8,215-239,1780203006,2026-05-31T12:50:06,0.0005
8,215-239,1780203304,2026-05-31T12:55:04,0.0005
8,215-239,1780203904,2026-05-31T13:05:04,0.0005
8,215-239,1780204205,2026-05-31T13:10:05,0.0005
8,215-239,1780204505,2026-05-31T13:15:05,0.0005
8,215-239,1780204805,2026-05-31T13:20:05,0.0005
8,215-239,1780205103,2026-05-31T13:25:03,0.0005
8,215-239,1780205406,2026-05-31T13:30:06,0.0005
8,215-239,1780205704,2026-05-31T13:35:04,0.0005
8,215-239,1780206005,2026-05-31T13:40:05,0.0005
8,215-239,1780206305,2026-05-31T13:45:05,0.0005
8,215-239,1780206603,2026-05-31T13:50:03,0.0005
8,215-239,1780206903,2026-05-31T13:55:03,0.0005
8,215-239,1780207505,2026-05-31T14:05:05,0.0005
8,215-239,1780207805,2026-05-31T14:10:05,0.0005
8,215-239,1780208104,2026-05-31T14:15:04,0.0005
8,215-239,1780208408,2026-05-31T14:20:08,0.0005
8,215-239,1780208705,2026-05-31T14:25:05,0.0005
8,215-239,1780209005,2026-05-31T14:30:05,0.0005
8,215-239,1780209304,2026-05-31T14:35:04,0.0005
8,215-239,1780209604,2026-05-31T14:40:04,0.0005
8,215-239,1780209903,2026-05-31T14:45:03,0.0005
8,215-239,1780210204,2026-05-31T14:50:04,0.0005
8,215-239,1780210505,2026-05-31T14:55:05,0.0005
8,215-239,1780211104,2026-05-31T15:05:04,0.0005
8,215-239,1780211404,2026-05-31T15:10:04,0.0005
8,215-239,1780211704,2026-05-31T15:15:04,0.0005
8,215-239,1780212004,2026-05-31T15:20:04,0.0005
8,215-239,1780212304,2026-05-31T15:25:04,0.0005
8,215-239,1780212606,2026-05-31T15:30:06,0.0005
8,215-239,1780212903,2026-05-31T15:35:03,0.0005
8,215-239,1780213204,2026-05-31T15:40:04,0.0005
8,215-239,1780213504,2026-05-31T15:45:04,0.0005
8,215-239,1780213804,2026-05-31T15:50:04,0.0005
8,215-239,1780214104,2026-05-31T15:55:04,0.0005
8,215-239,1780214704,2026-05-31T16:05:04,0.0005
8,215-239,1780215004,2026-05-31T16:10:04,0.0005
8,215-239,1780215304,2026-05-31T16:15:04,0.0005
8,215-239,1780215605,2026-05-31T16:20:05,0.0005
8,215-239,1780215904,2026-05-31T16:25:04,0.0005
8,215-239,1780216206,2026-05-31T16:30:06,0.0005
8,215-239,1780216504,2026-05-31T16:35:04,0.0005
8,215-239,1780216805,2026-05-31T16:40:05,0.0005
8,215-239,1780217104,2026-05-31T16:45:04,0.0005
8,215-239,1780217405,2026-05-31T16:50:05,0.0005
8,215-239,1780217705,2026-05-31T16:55:05,0.0005
8,215-239,1780218304,2026-05-31T17:05:04,0.0005
8,215-239,1780218605,2026-05-31T17:10:05,0.0005
8,215-239,1780218904,2026-05-31T17:15:04,0.0005
8,215-239,1780219204,2026-05-31T17:20:04,0.0005
8,215-239,1780219503,2026-05-31T17:25:03,0.0005
8,215-239,1780219805,2026-05-31T17:30:05,0.0005
8,215-239,1780220104,2026-05-31T17:35:04,0.0005
8,215-239,1780220405,2026-05-31T17:40:05,0.0005
8,215-239,1780220704,2026-05-31T17:45:04,0.0005
8,215-239,1780221005,2026-05-31T17:50:05,0.0005
8,215-239,1780221305,2026-05-31T17:55:05,0.0005
8,215-239,1780221904,2026-05-31T18:05:04,0.0005
8,215-239,1780222204,2026-05-31T18:10:04,0.0005
8,215-239,1780222504,2026-05-31T18:15:04,0.0005
8,215-239,1780222804,2026-05-31T18:20:04,0.0005
8,215-239,1780223104,2026-05-31T18:25:04,0.0005
8,215-239,1780223406,2026-05-31T18:30:06,0.0005
8,215-239,1780223704,2026-05-31T18:35:04,0.0005
8,215-239,1780224007,2026-05-31T18:40:07,0.0005
8,215-239,1780224305,2026-05-31T18:45:05,0.0005
8,215-239,1780224605,2026-05-31T18:50:05,0.0005
8,215-239,1780224904,2026-05-31T18:55:04,0.0005
8,215-239,1780225519,2026-05-31T19:05:19,0.0005
8,215-239,1780225819,2026-05-31T19:10:19,0.0005
8,215-239,1780226104,2026-05-31T19:15:04,0.0005
8,215-239,1780226404,2026-05-31T19:20:04,0.0005
8,215-239,1780226704,2026-05-31T19:25:04,0.0005
8,215-239,1780227018,2026-05-31T19:30:18,0.0005
8,215-239,1780227304,2026-05-31T19:35:04,0.0005
8,215-239,1780227604,2026-05-31T19:40:04,0.0005
8,215-239,1780227905,2026-05-31T19:45:05,0.0005
8,215-239,1780228205,2026-05-31T19:50:05,0.0005
8,215-239,1780228516,2026-05-31T19:55:16,0.0005
8,215-239,1780229104,2026-05-31T20:05:04,0.0005
8,215-239,1780229404,2026-05-31T20:10:04,0.0005
8,215-239,1780229705,2026-05-31T20:15:05,0.0005
8,215-239,1780230004,2026-05-31T20:20:04,0.0005
8,215-239,1780230305,2026-05-31T20:25:05,0.0005
8,215-239,1780230605,2026-05-31T20:30:05,0.0005
8,215-239,1780230905,2026-05-31T20:35:05,0.0005
8,215-239,1780231207,2026-05-31T20:40:07,0.0005
8,215-239,1780231504,2026-05-31T20:45:04,0.0005
8,215-239,1780231805,2026-05-31T20:50:05,0.0005
8,215-239,1780232104,2026-05-31T20:55:04,0.0005
8,215-239,1780232705,2026-05-31T21:05:05,0.0005
8,215-239,1780233005,2026-05-31T21:10:05,0.0005
8,215-239,1780233305,2026-05-31T21:15:05,0.0005
8,215-239,1780233605,2026-05-31T21:20:05,0.0005
8,215-239,1780233906,2026-05-31T21:25:06,0.0005
8,215-239,1780234204,2026-05-31T21:30:04,0.0005
8,215-239,1780234503,2026-05-31T21:35:03,0.0005
8,215-239,1780234804,2026-05-31T21:40:04,0.0005
8,215-239,1780235106,2026-05-31T21:45:06,0.0005
8,215-239,1780235405,2026-05-31T21:50:05,0.0005
8,215-239,1780235704,2026-05-31T21:55:04,0.0005
8,215-239,1780236305,2026-05-31T22:05:05,0.0005
8,215-239,1780236604,2026-05-31T22:10:04,0.0005
8,215-239,1780236906,2026-05-31T22:15:06,0.0005
8,215-239,1780237206,2026-05-31T22:20:06,0.0005
8,215-239,1780237504,2026-05-31T22:25:04,0.0005
8,215-239,1780237804,2026-05-31T22:30:04,0.0005
8,215-239,1780238104,2026-05-31T22:35:04,0.0005
8,215-239,1780238404,2026-05-31T22:40:04,0.0005
8,215-239,1780238704,2026-05-31T22:45:04,0.0005
8,215-239,1780239004,2026-05-31T22:50:04,0.0005
8,215-239,1780239304,2026-05-31T22:55:04,0.0005
8,215-239,1780239904,2026-05-31T23:05:04,0.0005
8,215-239,1780240204,2026-05-31T23:10:04,0.0005
8,215-239,1780240505,2026-05-31T23:15:05,0.0005
8,215-239,1780240804,2026-05-31T23:20:04,0.0005
8,215-239,1780241105,2026-05-31T23:25:05,0.0005
8,215-239,1780241405,2026-05-31T23:30:05,0.0005
8,215-239,1780241705,2026-05-31T23:35:05,0.0005
8,215-239,1780242004,2026-05-31T23:40:04,0.0005
8,215-239,1780242305,2026-05-31T23:45:05,0.0005
8,215-239,1780242604,2026-05-31T23:50:04,0.0005
8,215-239,1780242904,2026-05-31T23:55:04,0.0005
8,215-239,1780243505,2026-06-01T00:05:05,0.0005
8,215-239,1780243805,2026-06-01T00:10:05,0.0005
8,215-239,1780244105,2026-06-01T00:15:05,0.0005
8,215-239,1780244405,2026-06-01T00:20:05,0.0005
8,215-239,1780244705,2026-06-01T00:25:05,0.0005
8,215-239,1780245023,2026-06-01T00:30:23,0.0005
8,215-239,1780245304,2026-06-01T00:35:04,0.0005
8,215-239,1780245605,2026-06-01T00:40:05,0.0005
8,215-239,1780245905,2026-06-01T00:45:05,0.0005
8,215-239,1780246221,2026-06-01T00:50:21,0.0005
8,215-239,1780246504,2026-06-01T00:55:04,0.0005
8,215-239,1780247103,2026-06-01T01:05:03,0.0005
8,215-239,1780247404,2026-06-01T01:10:04,0.0005
8,215-239,1780247722,2026-06-01T01:15:22,0.0005
8,215-239,1780248008,2026-06-01T01:20:08,0.0005
8,215-239,1780248304,2026-06-01T01:25:04,0.0005
8,215-239,1780248605,2026-06-01T01:30:05,0.0005
8,215-239,1780248904,2026-06-01T01:35:04,0.0005
8,215-239,1780249204,2026-06-01T01:40:04,0.0005
8,215-239,1780249504,2026-06-01T01:45:04,0.0005
8,215-239,1780249806,2026-06-01T01:50:06,0.0005
8,215-239,1780250105,2026-06-01T01:55:05,0.0005
8,215-239,1780250704,2026-06-01T02:05:04,0.0005
8,215-239,1780251005,2026-06-01T02:10:05,0.0005
8,215-239,1780251304,2026-06-01T02:15:04,0.0005
8,215-239,1780251604,2026-06-01T02:20:04,0.0005
8,215-239,1780251906,2026-06-01T02:25:06,0.0005
8,215-239,1780252205,2026-06-01T02:30:05,0.0005
8,215-239,1780252504,2026-06-01T02:35:04,0.0005
8,215-239,1780252804,2026-06-01T02:40:04,0.0005
8,215-239,1780253104,2026-06-01T02:45:04,0.0005
8,215-239,1780253407,2026-06-01T02:50:07,0.0005
8,215-239,1780253705,2026-06-01T02:55:05,0.0005
8,215-239,1780254307,2026-06-01T03:05:07,0.0005
8,215-239,1780254605,2026-06-01T03:10:05,0.0005
8,215-239,1780254904,2026-06-01T03:15:04,0.0005
8,215-239,1780255204,2026-06-01T03:20:04,0.0005
8,215-239,1780255505,2026-06-01T03:25:05,0.0005
8,215-239,1780255805,2026-06-01T03:30:05,0.0005
8,215-239,1780256104,2026-06-01T03:35:04,0.0005
8,215-239,1780256404,2026-06-01T03:40:04,0.0005
8,215-239,1780256704,2026-06-01T03:45:04,0.0005
8,215-239,1780257006,2026-06-01T03:50:06,0.0005
8,215-239,1780257305,2026-06-01T03:55:05,0.0005
8,215-239,1780257905,2026-06-01T04:05:05,0.0005
8,215-239,1780258205,2026-06-01T04:10:05,0.0005
8,215-239,1780258504,2026-06-01T04:15:04,0.0005
8,215-239,1780258805,2026-06-01T04:20:05,0.0005
8,215-239,1780259105,2026-06-01T04:25:05,0.0005
8,215-239,1780259405,2026-06-01T04:30:05,0.0005
8,215-239,1780259706,2026-06-01T04:35:06,0.0005
8,215-239,1780260006,2026-06-01T04:40:06,0.0005
8,215-239,1780260319,2026-06-01T04:45:19,0.0005
8,215-239,1780260605,2026-06-01T04:50:05,0.0005
8,215-239,1780260905,2026-06-01T04:55:05,0.0005
8,215-239,1780261506,2026-06-01T05:05:06,0.0005
8,215-239,1780261805,2026-06-01T05:10:05,0.0005
8,215-239,1780262104,2026-06-01T05:15:04,0.0005
8,215-239,1780262405,2026-06-01T05:20:05,0.0005
8,215-239,1780262704,2026-06-01T05:25:04,0.0005
8,215-239,1780263006,2026-06-01T05:30:06,0.0005
8,215-239,1780263304,2026-06-01T05:35:04,0.0005
8,215-239,1780263605,2026-06-01T05:40:05,0.0005
8,215-239,1780263907,2026-06-01T05:45:07,0.0005
8,215-239,1780264204,2026-06-01T05:50:04,0.0005
8,215-239,1780264506,2026-06-01T05:55:06,0.0005
8,215-239,1780265106,2026-06-01T06:05:06,0.0005
8,215-239,1780265405,2026-06-01T06:10:05,0.0005
8,215-239,1780265705,2026-06-01T06:15:05,0.0005
8,215-239,1780266034,2026-06-01T06:20:34,0.0005
8,215-239,1780266305,2026-06-01T06:25:05,0.0005
8,215-239,1780266606,2026-06-01T06:30:06,0.0005
8,215-239,1780266904,2026-06-01T06:35:04,0.0005
8,215-239,1780267204,2026-06-01T06:40:04,0.0005
8,215-239,1780267504,2026-06-01T06:45:04,0.0005
8,215-239,1780267804,2026-06-01T06:50:04,0.0005
8,215-239,1780268104,2026-06-01T06:55:04,0.0005
8,215-239,1780268706,2026-06-01T07:05:06,0.0005
8,215-239,1780269005,2026-06-01T07:10:05,0.0005
8,215-239,1780269305,2026-06-01T07:15:05,0.0005
8,215-239,1780269605,2026-06-01T07:20:05,0.0005
8,215-239,1780269905,2026-06-01T07:25:05,0.0005
8,215-239,1780270204,2026-06-01T07:30:04,0.0005
8,215-239,1780270504,2026-06-01T07:35:04,0.0005
8,215-239,1780270803,2026-06-01T07:40:03,0.0005
8,215-239,1780271106,2026-06-01T07:45:06,0.0005
8,215-239,1780271405,2026-06-01T07:50:05,0.0005
8,215-239,1780271704,2026-06-01T07:55:04,0.0005
8,215-239,1780272303,2026-06-01T08:05:03,0.0005
8,215-239,1780272605,2026-06-01T08:10:05,0.0005
8,215-239,1780272905,2026-06-01T08:15:05,0.0005
8,215-239,1780273204,2026-06-01T08:20:04,0.0005
8,215-239,1780273504,2026-06-01T08:25:04,0.0005
8,215-239,1780273804,2026-06-01T08:30:04,0.0005
8,215-239,1780274104,2026-06-01T08:35:04,0.0005
8,215-239,1780274406,2026-06-01T08:40:06,0.0005
8,215-239,1780274704,2026-06-01T08:45:04,0.0005
8,215-239,1780275003,2026-06-01T08:50:03,0.0005
8,215-239,1780275304,2026-06-01T08:55:04,0.0005
8,215-239,1780275903,2026-06-01T09:05:03,0.0005
8,215-239,1780276204,2026-06-01T09:10:04,0.0005
8,215-239,1780276504,2026-06-01T09:15:04,0.0005
8,215-239,1780276804,2026-06-01T09:20:04,0.0005
8,215-239,1780277104,2026-06-01T09:25:04,0.0005
8,215-239,1780277404,2026-06-01T09:30:04,0.0005
8,215-239,1780277705,2026-06-01T09:35:05,0.0005
8,215-239,1780278004,2026-06-01T09:40:04,0.0005
8,215-239,1780278304,2026-06-01T09:45:04,0.0005
8,215-239,1780278606,2026-06-01T09:50:06,0.0005
8,215-239,1780278921,2026-06-01T09:55:21,0.0005
8,215-239,1780279504,2026-06-01T10:05:04,0.0005
8,215-239,1780279815,2026-06-01T10:10:15,0.0005
8,215-239,1780280104,2026-06-01T10:15:04,0.0005
8,215-239,1780280405,2026-06-01T10:20:05,0.0005
8,215-239,1780280704,2026-06-01T10:25:04,0.0005
8,215-239,1780281005,2026-06-01T10:30:05,0.0005
8,215-239,1780281304,2026-06-01T10:35:04,0.0005
8,215-239,1780281606,2026-06-01T10:40:06,0.0005
8,215-239,1780281903,2026-06-01T10:45:03,0.0005
8,215-239,1780282204,2026-06-01T10:50:04,0.0005
8,215-239,1780282504,2026-06-01T10:55:04,0.0005
8,215-239,1780283118,2026-06-01T11:05:18,0.0005
8,215-239,1780283405,2026-06-01T11:10:05,0.0005
8,215-239,1780283704,2026-06-01T11:15:04,0.0005
8,215-239,1780284004,2026-06-01T11:20:04,0.0005
8,215-239,1780284307,2026-06-01T11:25:07,0.0005
8,215-239,1780284605,2026-06-01T11:30:05,0.0005
8,215-239,1780284904,2026-06-01T11:35:04,0.0005
8,215-239,1780285205,2026-06-01T11:40:05,0.0005
8,215-239,1780285505,2026-06-01T11:45:05,0.0005
8,215-239,1780285804,2026-06-01T11:50:04,0.0005
8,215-239,1780286104,2026-06-01T11:55:04,0.0005
8,215-239,1780286704,2026-06-01T12:05:04,0.0005
8,215-239,1780287003,2026-06-01T12:10:03,0.0005
8,215-239,1780287304,2026-06-01T12:15:04,0.0005
8,215-239,1780287605,2026-06-01T12:20:05,0.0005
8,215-239,1780287904,2026-06-01T12:25:04,0.0005
8,215-239,1780288205,2026-06-01T12:30:05,0.0005
8,215-239,1780288504,2026-06-01T12:35:04,0.0005
8,215-239,1780288804,2026-06-01T12:40:04,0.0005
8,215-239,1780289106,2026-06-01T12:45:06,0.0005
8,215-239,1780289405,2026-06-01T12:50:05,0.0005
8,215-239,1780289705,2026-06-01T12:55:05,0.0005
8,215-239,1780290304,2026-06-01T13:05:04,0.0005
8,215-239,1780290606,2026-06-01T13:10:06,0.0005
8,215-239,1780290904,2026-06-01T13:15:04,0.0005
8,215-239,1780291204,2026-06-01T13:20:04,0.0005
8,215-239,1780291504,2026-06-01T13:25:04,0.0005
8,215-239,1780291807,2026-06-01T13:30:07,0.0005
8,215-239,1780292103,2026-06-01T13:35:03,0.0005
8,215-239,1780292404,2026-06-01T13:40:04,0.0005
8,215-239,1780292705,2026-06-01T13:45:05,0.0005
8,215-239,1780293003,2026-06-01T13:50:03,0.0005
8,215-239,1780293316,2026-06-01T13:55:16,0.0005
8,215-239,1780293903,2026-06-01T14:05:03,0.0005
8,215-239,1780294205,2026-06-01T14:10:05,0.0005
8,215-239,1780294505,2026-06-01T14:15:05,0.0005
8,215-239,1780294805,2026-06-01T14:20:05,0.0005
8,215-239,1780295104,2026-06-01T14:25:04,0.0005
8,215-239,1780295417,2026-06-01T14:30:17,0.0005
8,215-239,1780295705,2026-06-01T14:35:05,0.0005
8,215-239,1780296004,2026-06-01T14:40:04,0.0005
8,215-239,1780296305,2026-06-01T14:45:05,0.0005
8,215-239,1780296604,2026-06-01T14:50:04,0.0005
8,215-239,1780296903,2026-06-01T14:55:03,0.0005
8,215-239,1780297504,2026-06-01T15:05:04,0.0005
8,215-239,1780297804,2026-06-01T15:10:04,0.0005
8,215-239,1780298104,2026-06-01T15:15:04,0.0005
8,215-239,1780298405,2026-06-01T15:20:05,0.0005
8,215-239,1780298703,2026-06-01T15:25:03,0.0005
8,215-239,1780299005,2026-06-01T15:30:05,0.0005
8,215-239,1780299306,2026-06-01T15:35:06,0.0005
8,215-239,1780299604,2026-06-01T15:40:04,0.0005
8,215-239,1780299905,2026-06-01T15:45:05,0.0005
8,215-239,1780300206,2026-06-01T15:50:06,0.0005
8,215-239,1780300505,2026-06-01T15:55:05,0.0005
8,215-239,1780301105,2026-06-01T16:05:05,0.0005
8,215-239,1780301404,2026-06-01T16:10:04,0.0005
8,215-239,1780301704,2026-06-01T16:15:04,0.0005
8,215-239,1780302019,2026-06-01T16:20:19,0.0005
8,215-239,1780302304,2026-06-01T16:25:04,0.0005
8,215-239,1780302604,2026-06-01T16:30:04,0.0005
8,215-239,1780302903,2026-06-01T16:35:03,0.0005
8,215-239,1780303204,2026-06-01T16:40:04,0.0005
8,215-239,1780303520,2026-06-01T16:45:20,0.0005
8,215-239,1780303804,2026-06-01T16:50:04,0.0005
8,215-239,1780304105,2026-06-01T16:55:05,0.0005
8,215-239,1780304705,2026-06-01T17:05:05,0.0005
8,215-239,1780305004,2026-06-01T17:10:04,0.0005
8,215-239,1780305307,2026-06-01T17:15:07,0.0005
8,215-239,1780305605,2026-06-01T17:20:05,0.0005
8,215-239,1780305904,2026-06-01T17:25:04,0.0005
8,215-239,1780306205,2026-06-01T17:30:05,0.0005
8,215-239,1780306504,2026-06-01T17:35:04,0.0005
8,215-239,1780306805,2026-06-01T17:40:05,0.0005
8,215-239,1780307104,2026-06-01T17:45:04,0.0005
8,215-239,1780307404,2026-06-01T17:50:04,0.0005
8,215-239,1780307704,2026-06-01T17:55:04,0.0005
8,215-239,1780308304,2026-06-01T18:05:04,0.0005
8,215-239,1780308606,2026-06-01T18:10:06,0.0005
8,215-239,1780308904,2026-06-01T18:15:04,0.0005
8,215-239,1780309204,2026-06-01T18:20:04,0.0005
8,215-239,1780309504,2026-06-01T18:25:04,0.0005
8,215-239,1780309805,2026-06-01T18:30:05,0.0005
8,215-239,1780310105,2026-06-01T18:35:05,0.0005
8,215-239,1780310405,2026-06-01T18:40:05,0.0005
8,215-239,1780310704,2026-06-01T18:45:04,0.0005
8,215-239,1780311005,2026-06-01T18:50:05,0.0005
8,215-239,1780311305,2026-06-01T18:55:05,0.0005
8,215-239,1780311904,2026-06-01T19:05:04,0.0005
8,215-239,1780312204,2026-06-01T19:10:04,0.0005
8,215-239,1780312505,2026-06-01T19:15:05,0.0005
8,215-239,1780312804,2026-06-01T19:20:04,0.0005
8,215-239,1780313105,2026-06-01T19:25:05,0.0005
8,215-239,1780313406,2026-06-01T19:30:06,0.0005
8,215-239,1780313703,2026-06-01T19:35:03,0.0005
8,215-239,1780314004,2026-06-01T19:40:04,0.0005
8,215-239,1780314304,2026-06-01T19:45:04,0.0005
8,215-239,1780314607,2026-06-01T19:50:07,0.0005
8,215-239,1780314903,2026-06-01T19:55:03,0.0005
8,215-239,1780315504,2026-06-01T20:05:04,0.0005
8,215-239,1780315805,2026-06-01T20:10:05,0.0005
8,215-239,1780316104,2026-06-01T20:15:04,0.0005
8,215-239,1780316407,2026-06-01T20:20:07,0.0005
8,215-239,1780316705,2026-06-01T20:25:05,0.0005
8,215-239,1780317005,2026-06-01T20:30:05,0.0005
8,215-239,1780317307,2026-06-01T20:35:07,0.0005
8,215-239,1780317605,2026-06-01T20:40:05,0.0005
8,215-239,1780317904,2026-06-01T20:45:04,0.0005
8,215-239,1780318205,2026-06-01T20:50:05,0.0005
8,215-239,1780318504,2026-06-01T20:55:04,0.0005
8,215-239,1780319105,2026-06-01T21:05:05,0.0005
8,215-239,1780319404,2026-06-01T21:10:04,0.0005
8,215-239,1780319704,2026-06-01T21:15:04,0.0005
8,215-239,1780320005,2026-06-01T21:20:05,0.0005
8,215-239,1780320319,2026-06-01T21:25:19,0.0005
8,215-239,1780320605,2026-06-01T21:30:05,0.0005
8,215-239,1780320905,2026-06-01T21:35:05,0.0005
8,215-239,1780321205,2026-06-01T21:40:05,0.0005
8,215-239,1780321505,2026-06-01T21:45:05,0.0005
8,215-239,1780321805,2026-06-01T21:50:05,0.0005
8,215-239,1780322105,2026-06-01T21:55:05,0.0005
8,215-239,1780322706,2026-06-01T22:05:06,0.0005
8,215-239,1780323006,2026-06-01T22:10:06,0.0005
8,215-239,1780323304,2026-06-01T22:15:04,0.0005
8,215-239,1780323607,2026-06-01T22:20:07,0.0005
8,215-239,1780323906,2026-06-01T22:25:06,0.0005
8,215-239,1780324206,2026-06-01T22:30:06,0.0005
8,215-239,1780324508,2026-06-01T22:35:08,0.0005
8,215-239,1780324806,2026-06-01T22:40:06,0.0005
8,215-239,1780325106,2026-06-01T22:45:06,0.0005
8,215-239,1780325405,2026-06-01T22:50:05,0.0005
8,215-239,1780325704,2026-06-01T22:55:04,0.0005
8,215-239,1780326305,2026-06-01T23:05:05,0.0005
8,215-239,1780326606,2026-06-01T23:10:06,0.0005
8,215-239,1780326904,2026-06-01T23:15:04,0.0005
8,215-239,1780327205,2026-06-01T23:20:05,0.0005
8,215-239,1780327506,2026-06-01T23:25:06,0.0005
8,215-239,1780327807,2026-06-01T23:30:07,0.0005
8,215-239,1780328118,2026-06-01T23:35:18,0.0005
8,215-239,1780328404,2026-06-01T23:40:04,0.0005
8,215-239,1780328703,2026-06-01T23:45:03,0.0005
8,215-239,1780329006,2026-06-01T23:50:06,0.0005
8,215-239,1780329306,2026-06-01T23:55:06,0.0005
8,215-239,1780329905,2026-06-02T00:05:05,0.0005
8,215-239,1780330206,2026-06-02T00:10:06,0.0005
8,215-239,1780330504,2026-06-02T00:15:04,0.0005
8,215-239,1780330805,2026-06-02T00:20:05,0.0005
8,215-239,1780331105,2026-06-02T00:25:05,0.0005
8,215-239,1780331407,2026-06-02T00:30:07,0.0005
8,215-239,1780331705,2026-06-02T00:35:05,0.0005
8,215-239,1780332005,2026-06-02T00:40:05,0.0005
8,215-239,1780332307,2026-06-02T00:45:07,0.0005
8,215-239,1780332605,2026-06-02T00:50:05,0.0005
8,215-239,1780332907,2026-06-02T00:55:07,0.0005
8,215-239,1780333504,2026-06-02T01:05:04,0.0005
8,215-239,1780333804,2026-06-02T01:10:04,0.0005
8,215-239,1780334105,2026-06-02T01:15:05,0.0005
8,215-239,1780334407,2026-06-02T01:20:07,0.0005
8,215-239,1780334705,2026-06-02T01:25:05,0.0005
8,215-239,1780335007,2026-06-02T01:30:07,0.0005
8,215-239,1780335305,2026-06-02T01:35:05,0.0005
8,215-239,1780335603,2026-06-02T01:40:03,0.0005
8,215-239,1780335907,2026-06-02T01:45:07,0.0005
8,215-239,1780336204,2026-06-02T01:50:04,0.0005
8,215-239,1780336505,2026-06-02T01:55:05,0.0005
8,215-239,1780337104,2026-06-02T02:05:04,0.0005
8,215-239,1780337405,2026-06-02T02:10:05,0.0005
8,215-239,1780337705,2026-06-02T02:15:05,0.0005
8,215-239,1780338005,2026-06-02T02:20:05,0.0005
8,215-239,1780338319,2026-06-02T02:25:19,0.0005
8,215-239,1780338607,2026-06-02T02:30:07,0.0005
8,215-239,1780338906,2026-06-02T02:35:06,0.0005
8,215-239,1780339204,2026-06-02T02:40:04,0.0005
8,215-239,1780339504,2026-06-02T02:45:04,0.0005
8,215-239,1780339804,2026-06-02T02:50:04,0.0005
8,215-239,1780340104,2026-06-02T02:55:04,0.0005
8,215-239,1780340705,2026-06-02T03:05:05,0.0005
8,215-239,1780341005,2026-06-02T03:10:05,0.0005
8,215-239,1780341304,2026-06-02T03:15:04,0.0005
8,215-239,1780341621,2026-06-02T03:20:21,0.0005
8,215-239,1780341904,2026-06-02T03:25:04,0.0005
8,215-239,1780342205,2026-06-02T03:30:05,0.0005
8,215-239,1780342505,2026-06-02T03:35:05,0.0005
9,240+,1779993004,2026-05-29T02:30:04,0.005
9,240+,1779993304,2026-05-29T02:35:04,0.01
9,240+,1779993604,2026-05-29T02:40:04,0.01
9,240+,1779993903,2026-05-29T02:45:03,0.002
9,240+,1779994204,2026-05-29T02:50:04,0.0015
9,240+,1779994503,2026-05-29T02:55:03,0.0015
9,240+,1779995104,2026-05-29T03:05:04,0.0015
9,240+,1779995405,2026-05-29T03:10:05,0.0015
9,240+,1779995705,2026-05-29T03:15:05,0.0015
9,240+,1779996006,2026-05-29T03:20:06,0.0015
9,240+,1779996304,2026-05-29T03:25:04,0.0015
9,240+,1779996607,2026-05-29T03:30:07,0.0015
9,240+,1779996903,2026-05-29T03:35:03,0.0015
9,240+,1779997204,2026-05-29T03:40:04,0.0015
9,240+,1779997503,2026-05-29T03:45:03,0.0015
9,240+,1779997804,2026-05-29T03:50:04,0.0015
9,240+,1779998105,2026-05-29T03:55:05,0.0015
9,240+,1779998703,2026-05-29T04:05:03,0.0015
9,240+,1779999005,2026-05-29T04:10:05,0.0015
9,240+,1779999304,2026-05-29T04:15:04,0.0015
9,240+,1779999605,2026-05-29T04:20:05,0.0015
9,240+,1779999904,2026-05-29T04:25:04,0.0015
9,240+,1780000203,2026-05-29T04:30:03,0.0015
9,240+,1780000504,2026-05-29T04:35:04,0.0015
9,240+,1780000805,2026-05-29T04:40:05,0.0015
9,240+,1780001104,2026-05-29T04:45:04,0.0015
9,240+,1780001403,2026-05-29T04:50:03,0.0015
9,240+,1780001704,2026-05-29T04:55:04,0.0015
9,240+,1780002303,2026-05-29T05:05:03,0.0015
9,240+,1780002603,2026-05-29T05:10:03,0.0015
9,240+,1780002903,2026-05-29T05:15:03,0.0015
9,240+,1780003203,2026-05-29T05:20:03,0.0015
9,240+,1780003503,2026-05-29T05:25:03,0.0015
9,240+,1780003805,2026-05-29T05:30:05,0.0015
9,240+,1780004103,2026-05-29T05:35:03,0.0015
9,240+,1780004403,2026-05-29T05:40:03,0.0015
9,240+,1780004703,2026-05-29T05:45:03,0.0015
9,240+,1780005004,2026-05-29T05:50:04,0.0015
9,240+,1780005303,2026-05-29T05:55:03,0.0015
9,240+,1780005905,2026-05-29T06:05:05,0.0015
9,240+,1780006204,2026-05-29T06:10:04,0.0015
9,240+,1780006505,2026-05-29T06:15:05,0.0015
9,240+,1780006804,2026-05-29T06:20:04,0.0015
9,240+,1780007106,2026-05-29T06:25:06,0.0015
9,240+,1780007405,2026-05-29T06:30:05,0.0015
9,240+,1780007706,2026-05-29T06:35:06,0.0015
9,240+,1780008004,2026-05-29T06:40:04,0.0015
9,240+,1780008304,2026-05-29T06:45:04,0.0015
9,240+,1780008603,2026-05-29T06:50:03,0.0015
9,240+,1780008903,2026-05-29T06:55:03,0.0015
9,240+,1780009516,2026-05-29T07:05:16,0.0015
9,240+,1780009805,2026-05-29T07:10:05,0.0015
9,240+,1780010104,2026-05-29T07:15:04,0.0015
9,240+,1780010417,2026-05-29T07:20:17,0.0015
9,240+,1780010705,2026-05-29T07:25:05,0.0015
9,240+,1780011003,2026-05-29T07:30:03,0.0015
9,240+,1780011303,2026-05-29T07:35:03,0.0015
9,240+,1780011604,2026-05-29T07:40:04,0.0015
9,240+,1780011904,2026-05-29T07:45:04,0.0015
9,240+,1780012204,2026-05-29T07:50:04,0.0015
9,240+,1780012504,2026-05-29T07:55:04,0.0015
9,240+,1780013103,2026-05-29T08:05:03,0.0015
9,240+,1780013405,2026-05-29T08:10:05,0.0015
9,240+,1780013704,2026-05-29T08:15:04,0.0015
9,240+,1780014004,2026-05-29T08:20:04,0.0015
9,240+,1780014304,2026-05-29T08:25:04,0.0015
9,240+,1780014605,2026-05-29T08:30:05,0.0015
9,240+,1780014904,2026-05-29T08:35:04,0.0015
9,240+,1780015204,2026-05-29T08:40:04,0.0015
9,240+,1780015505,2026-05-29T08:45:05,0.0015
9,240+,1780015805,2026-05-29T08:50:05,0.0015
9,240+,1780016104,2026-05-29T08:55:04,0.0015
9,240+,1780016703,2026-05-29T09:05:03,0.0015
9,240+,1780017004,2026-05-29T09:10:04,0.0015
9,240+,1780017304,2026-05-29T09:15:04,0.0015
9,240+,1780017604,2026-05-29T09:20:04,0.0015
9,240+,1780017903,2026-05-29T09:25:03,0.0015
9,240+,1780018204,2026-05-29T09:30:04,0.0015
9,240+,1780018503,2026-05-29T09:35:03,0.0015
9,240+,1780018804,2026-05-29T09:40:04,0.0015
9,240+,1780019104,2026-05-29T09:45:04,0.0015
9,240+,1780019404,2026-05-29T09:50:04,0.0015
9,240+,1780019703,2026-05-29T09:55:03,0.0015
9,240+,1780020303,2026-05-29T10:05:03,0.0015
9,240+,1780020603,2026-05-29T10:10:03,0.0015
9,240+,1780020904,2026-05-29T10:15:04,0.0015
9,240+,1780021203,2026-05-29T10:20:03,0.0015
9,240+,1780021503,2026-05-29T10:25:03,0.0015
9,240+,1780021803,2026-05-29T10:30:03,0.0015
9,240+,1780022104,2026-05-29T10:35:04,0.0015
9,240+,1780022403,2026-05-29T10:40:03,0.0015
9,240+,1780022703,2026-05-29T10:45:03,0.0015
9,240+,1780023003,2026-05-29T10:50:03,0.0015
9,240+,1780023303,2026-05-29T10:55:03,0.0015
9,240+,1780023903,2026-05-29T11:05:03,0.0015
9,240+,1780024203,2026-05-29T11:10:03,0.0015
9,240+,1780024504,2026-05-29T11:15:04,0.0015
9,240+,1780024804,2026-05-29T11:20:04,0.0015
9,240+,1780025103,2026-05-29T11:25:03,0.0015
9,240+,1780025403,2026-05-29T11:30:03,0.0015
9,240+,1780025703,2026-05-29T11:35:03,0.0015
9,240+,1780026003,2026-05-29T11:40:03,0.0015
9,240+,1780026304,2026-05-29T11:45:04,0.0015
9,240+,1780026604,2026-05-29T11:50:04,0.0015
9,240+,1780026915,2026-05-29T11:55:15,0.0015
9,240+,1780027504,2026-05-29T12:05:04,0.0015
9,240+,1780027804,2026-05-29T12:10:04,0.0015
9,240+,1780028104,2026-05-29T12:15:04,0.0015
9,240+,1780028404,2026-05-29T12:20:04,0.0015
9,240+,1780028704,2026-05-29T12:25:04,0.0015
9,240+,1780029004,2026-05-29T12:30:04,0.0015
9,240+,1780029304,2026-05-29T12:35:04,0.0015
9,240+,1780029605,2026-05-29T12:40:05,0.0015
9,240+,1780029904,2026-05-29T12:45:04,0.0015
9,240+,1780030204,2026-05-29T12:50:04,0.0015
9,240+,1780030504,2026-05-29T12:55:04,0.0015
9,240+,1780031104,2026-05-29T13:05:04,0.0015
9,240+,1780031405,2026-05-29T13:10:05,0.0015
9,240+,1780031704,2026-05-29T13:15:04,0.0015
9,240+,1780032003,2026-05-29T13:20:03,0.0015
9,240+,1780032304,2026-05-29T13:25:04,0.0015
9,240+,1780032603,2026-05-29T13:30:03,0.0015
9,240+,1780032914,2026-05-29T13:35:14,0.0015
9,240+,1780033203,2026-05-29T13:40:03,0.0015
9,240+,1780033504,2026-05-29T13:45:04,0.0015
9,240+,1780033803,2026-05-29T13:50:03,0.0015
9,240+,1780034103,2026-05-29T13:55:03,0.0015
9,240+,1780034704,2026-05-29T14:05:04,0.0015
9,240+,1780035016,2026-05-29T14:10:16,0.0015
9,240+,1780035304,2026-05-29T14:15:04,0.0015
9,240+,1780035603,2026-05-29T14:20:03,0.0015
9,240+,1780035904,2026-05-29T14:25:04,0.0015
9,240+,1780036205,2026-05-29T14:30:05,0.0015
9,240+,1780036503,2026-05-29T14:35:03,0.0015
9,240+,1780036803,2026-05-29T14:40:03,0.0015
9,240+,1780037103,2026-05-29T14:45:03,0.0015
9,240+,1780037404,2026-05-29T14:50:04,0.0015
9,240+,1780037704,2026-05-29T14:55:04,0.0015
9,240+,1780038304,2026-05-29T15:05:04,0.0015
9,240+,1780038603,2026-05-29T15:10:03,0.0015
9,240+,1780038914,2026-05-29T15:15:14,0.0015
9,240+,1780039204,2026-05-29T15:20:04,0.0015
9,240+,1780039503,2026-05-29T15:25:03,0.0015
9,240+,1780039803,2026-05-29T15:30:03,0.0015
9,240+,1780040104,2026-05-29T15:35:04,0.0015
9,240+,1780040405,2026-05-29T15:40:05,0.0015
9,240+,1780040704,2026-05-29T15:45:04,0.0015
9,240+,1780041003,2026-05-29T15:50:03,0.0015
9,240+,1780041303,2026-05-29T15:55:03,0.0015
9,240+,1780041903,2026-05-29T16:05:03,0.0015
9,240+,1780042203,2026-05-29T16:10:03,0.0015
9,240+,1780042503,2026-05-29T16:15:03,0.0015
9,240+,1780042803,2026-05-29T16:20:03,0.0015
9,240+,1780043103,2026-05-29T16:25:03,0.0015
9,240+,1780043403,2026-05-29T16:30:03,0.0015
9,240+,1780043703,2026-05-29T16:35:03,0.0015
9,240+,1780044004,2026-05-29T16:40:04,0.0015
9,240+,1780044303,2026-05-29T16:45:03,0.0015
9,240+,1780044603,2026-05-29T16:50:03,0.0015
9,240+,1780044903,2026-05-29T16:55:03,0.0015
9,240+,1780045503,2026-05-29T17:05:03,0.0015
9,240+,1780045804,2026-05-29T17:10:04,0.0015
9,240+,1780046104,2026-05-29T17:15:04,0.0015
9,240+,1780046404,2026-05-29T17:20:04,0.0015
9,240+,1780046705,2026-05-29T17:25:05,0.0015
9,240+,1780047018,2026-05-29T17:30:18,0.0015
9,240+,1780047304,2026-05-29T17:35:04,0.0015
9,240+,1780047603,2026-05-29T17:40:03,0.0015
9,240+,1780047903,2026-05-29T17:45:03,0.0015
9,240+,1780048204,2026-05-29T17:50:04,0.0015
9,240+,1780048503,2026-05-29T17:55:03,0.0015
9,240+,1780049103,2026-05-29T18:05:03,0.0015
9,240+,1780049403,2026-05-29T18:10:03,0.0015
9,240+,1780049703,2026-05-29T18:15:03,0.0015
9,240+,1780050004,2026-05-29T18:20:04,0.0015
9,240+,1780050303,2026-05-29T18:25:03,0.0015
9,240+,1780050603,2026-05-29T18:30:03,0.0015
9,240+,1780050903,2026-05-29T18:35:03,0.0015
9,240+,1780051203,2026-05-29T18:40:03,0.0015
9,240+,1780051503,2026-05-29T18:45:03,0.0015
9,240+,1780051803,2026-05-29T18:50:03,0.0015
9,240+,1780052104,2026-05-29T18:55:04,0.0015
9,240+,1780052703,2026-05-29T19:05:03,0.0015
9,240+,1780053003,2026-05-29T19:10:03,0.0015
9,240+,1780053303,2026-05-29T19:15:03,0.0015
9,240+,1780053603,2026-05-29T19:20:03,0.0015
9,240+,1780053903,2026-05-29T19:25:03,0.0015
9,240+,1780054203,2026-05-29T19:30:03,0.0015
9,240+,1780054504,2026-05-29T19:35:04,0.0015
9,240+,1780054803,2026-05-29T19:40:03,0.0015
9,240+,1780055104,2026-05-29T19:45:04,0.0015
9,240+,1780055403,2026-05-29T19:50:03,0.0015
9,240+,1780055703,2026-05-29T19:55:03,0.0015
9,240+,1780056319,2026-05-29T20:05:19,0.0015
9,240+,1780056325,2026-05-29T20:05:25,0.0015
9,240+,1780056603,2026-05-29T20:10:03,0.0015
9,240+,1780058103,2026-05-29T20:35:03,0.0015
9,240+,1780058403,2026-05-29T20:40:03,0.0015
9,240+,1780058702,2026-05-29T20:45:02,0.0015
9,240+,1780059003,2026-05-29T20:50:03,0.0015
9,240+,1780059303,2026-05-29T20:55:03,0.0015
9,240+,1780059903,2026-05-29T21:05:03,0.0015
9,240+,1780060203,2026-05-29T21:10:03,0.0015
9,240+,1780061404,2026-05-29T21:30:04,0.0015
9,240+,1780061703,2026-05-29T21:35:03,0.0015
9,240+,1780062003,2026-05-29T21:40:03,0.0015
9,240+,1780062306,2026-05-29T21:45:06,0.0015
9,240+,1780062605,2026-05-29T21:50:05,0.0015
9,240+,1780062904,2026-05-29T21:55:04,0.0015
9,240+,1780063503,2026-05-29T22:05:03,0.0015
9,240+,1780063803,2026-05-29T22:10:03,0.0015
9,240+,1780064103,2026-05-29T22:15:03,0.0015
9,240+,1780064404,2026-05-29T22:20:04,0.0015
9,240+,1780064703,2026-05-29T22:25:03,0.0015
9,240+,1780065005,2026-05-29T22:30:05,0.0015
9,240+,1780065304,2026-05-29T22:35:04,0.0015
9,240+,1780065604,2026-05-29T22:40:04,0.0015
9,240+,1780065904,2026-05-29T22:45:04,0.0015
9,240+,1780066204,2026-05-29T22:50:04,0.0015
9,240+,1780066504,2026-05-29T22:55:04,0.0015
9,240+,1780067104,2026-05-29T23:05:04,0.0015
9,240+,1780067405,2026-05-29T23:10:05,0.0015
9,240+,1780067704,2026-05-29T23:15:04,0.0015
9,240+,1780068005,2026-05-29T23:20:05,0.0015
9,240+,1780068303,2026-05-29T23:25:03,0.0015
9,240+,1780068604,2026-05-29T23:30:04,0.0015
9,240+,1780068904,2026-05-29T23:35:04,0.0015
9,240+,1780069204,2026-05-29T23:40:04,0.0015
9,240+,1780069505,2026-05-29T23:45:05,0.0015
9,240+,1780069804,2026-05-29T23:50:04,0.0015
9,240+,1780070103,2026-05-29T23:55:03,0.0015
9,240+,1780070704,2026-05-30T00:05:04,0.0015
9,240+,1780071004,2026-05-30T00:10:04,0.0015
9,240+,1780071306,2026-05-30T00:15:06,0.0015
9,240+,1780071605,2026-05-30T00:20:05,0.0015
9,240+,1780071904,2026-05-30T00:25:04,0.0015
9,240+,1780072204,2026-05-30T00:30:04,0.0015
9,240+,1780072503,2026-05-30T00:35:03,0.0015
9,240+,1780072805,2026-05-30T00:40:05,0.0015
9,240+,1780073103,2026-05-30T00:45:03,0.0015
9,240+,1780073403,2026-05-30T00:50:03,0.0015
9,240+,1780073704,2026-05-30T00:55:04,0.0015
9,240+,1780074305,2026-05-30T01:05:05,0.0015
9,240+,1780074603,2026-05-30T01:10:03,0.0015
9,240+,1780074905,2026-05-30T01:15:05,0.0015
9,240+,1780075204,2026-05-30T01:20:04,0.0015
9,240+,1780075503,2026-05-30T01:25:03,0.0015
9,240+,1780075803,2026-05-30T01:30:03,0.0015
9,240+,1780076103,2026-05-30T01:35:03,0.0015
9,240+,1780076403,2026-05-30T01:40:03,0.0015
9,240+,1780076703,2026-05-30T01:45:03,0.0015
9,240+,1780077016,2026-05-30T01:50:16,0.0015
9,240+,1780077303,2026-05-30T01:55:03,0.0015
9,240+,1780077904,2026-05-30T02:05:04,0.0015
9,240+,1780078205,2026-05-30T02:10:05,0.0015
9,240+,1780078504,2026-05-30T02:15:04,0.0015
9,240+,1780078803,2026-05-30T02:20:03,0.0015
9,240+,1780079104,2026-05-30T02:25:04,0.0005
9,240+,1780079404,2026-05-30T02:30:04,0.0005
9,240+,1780079718,2026-05-30T02:35:18,0.0005
9,240+,1780080016,2026-05-30T02:40:16,0.0015
9,240+,1780080304,2026-05-30T02:45:04,0.0015
9,240+,1780080604,2026-05-30T02:50:04,0.0015
9,240+,1780080903,2026-05-30T02:55:03,0.0015
9,240+,1780081503,2026-05-30T03:05:03,0.0015
9,240+,1780081814,2026-05-30T03:10:14,0.0015
9,240+,1780082104,2026-05-30T03:15:04,0.0015
9,240+,1780082404,2026-05-30T03:20:04,0.0015
9,240+,1780082704,2026-05-30T03:25:04,0.0015
9,240+,1780083003,2026-05-30T03:30:03,0.0015
9,240+,1780083303,2026-05-30T03:35:03,0.0015
9,240+,1780083603,2026-05-30T03:40:03,0.0015
9,240+,1780083903,2026-05-30T03:45:03,0.0015
9,240+,1780084204,2026-05-30T03:50:04,0.0015
9,240+,1780084504,2026-05-30T03:55:04,0.0015
9,240+,1780085103,2026-05-30T04:05:03,0.0015
9,240+,1780085403,2026-05-30T04:10:03,0.0015
9,240+,1780085704,2026-05-30T04:15:04,0.0015
9,240+,1780086004,2026-05-30T04:20:04,0.0015
9,240+,1780086303,2026-05-30T04:25:03,0.0015
9,240+,1780086603,2026-05-30T04:30:03,0.0015
9,240+,1780086904,2026-05-30T04:35:04,0.0015
9,240+,1780087205,2026-05-30T04:40:05,0.0015
9,240+,1780087503,2026-05-30T04:45:03,0.0015
9,240+,1780087804,2026-05-30T04:50:04,0.001
9,240+,1780088104,2026-05-30T04:55:04,0.001
9,240+,1780088704,2026-05-30T05:05:04,0.001
9,240+,1780089005,2026-05-30T05:10:05,0.001
9,240+,1780089303,2026-05-30T05:15:03,0.001
9,240+,1780089604,2026-05-30T05:20:04,0.001
9,240+,1780089903,2026-05-30T05:25:03,0.001
9,240+,1780090203,2026-05-30T05:30:03,0.001
9,240+,1780090503,2026-05-30T05:35:03,0.001
9,240+,1780090818,2026-05-30T05:40:18,0.001
9,240+,1780091104,2026-05-30T05:45:04,0.001
9,240+,1780091403,2026-05-30T05:50:03,0.001
9,240+,1780091703,2026-05-30T05:55:03,0.0005
9,240+,1780092304,2026-05-30T06:05:04,0.0005
9,240+,1780092603,2026-05-30T06:10:03,0.0005
9,240+,1780092904,2026-05-30T06:15:04,0.0005
9,240+,1780093204,2026-05-30T06:20:04,0.0005
9,240+,1780093504,2026-05-30T06:25:04,0.0005
9,240+,1780093805,2026-05-30T06:30:05,0.0005
9,240+,1780094104,2026-05-30T06:35:04,0.0005
9,240+,1780094404,2026-05-30T06:40:04,0.0005
9,240+,1780094704,2026-05-30T06:45:04,0.0005
9,240+,1780095004,2026-05-30T06:50:04,0.0005
9,240+,1780095304,2026-05-30T06:55:04,0.0005
9,240+,1780095905,2026-05-30T07:05:05,0.0005
9,240+,1780096204,2026-05-30T07:10:04,0.0005
9,240+,1780096504,2026-05-30T07:15:04,0.0005
9,240+,1780096803,2026-05-30T07:20:03,0.0005
9,240+,1780097104,2026-05-30T07:25:04,0.0005
9,240+,1780097404,2026-05-30T07:30:04,0.0005
9,240+,1780097704,2026-05-30T07:35:04,0.0005
9,240+,1780098003,2026-05-30T07:40:03,0.001
9,240+,1780098303,2026-05-30T07:45:03,0.001
9,240+,1780098603,2026-05-30T07:50:03,0.001
9,240+,1780098904,2026-05-30T07:55:04,0.001
9,240+,1780099504,2026-05-30T08:05:04,0.001
9,240+,1780099804,2026-05-30T08:10:04,0.001
9,240+,1780100104,2026-05-30T08:15:04,0.0005
9,240+,1780100403,2026-05-30T08:20:03,0.0005
9,240+,1780100704,2026-05-30T08:25:04,0.0005
9,240+,1780101004,2026-05-30T08:30:04,0.0005
9,240+,1780101303,2026-05-30T08:35:03,0.0005
9,240+,1780101604,2026-05-30T08:40:04,0.0005
9,240+,1780101904,2026-05-30T08:45:04,0.0005
9,240+,1780102204,2026-05-30T08:50:04,0.0005
9,240+,1780102504,2026-05-30T08:55:04,0.0005
9,240+,1780103103,2026-05-30T09:05:03,0.0005
9,240+,1780103403,2026-05-30T09:10:03,0.0005
9,240+,1780103706,2026-05-30T09:15:06,0.0005
9,240+,1780104004,2026-05-30T09:20:04,0.0005
9,240+,1780104304,2026-05-30T09:25:04,0.0005
9,240+,1780104605,2026-05-30T09:30:05,0.0005
9,240+,1780104903,2026-05-30T09:35:03,0.0005
9,240+,1780105203,2026-05-30T09:40:03,0.0005
9,240+,1780105504,2026-05-30T09:45:04,0.0005
9,240+,1780105803,2026-05-30T09:50:03,0.0005
9,240+,1780106115,2026-05-30T09:55:15,0.0005
9,240+,1780106704,2026-05-30T10:05:04,0.0005
9,240+,1780107003,2026-05-30T10:10:03,0.0005
9,240+,1780107303,2026-05-30T10:15:03,0.0005
9,240+,1780107603,2026-05-30T10:20:03,0.0005
9,240+,1780107903,2026-05-30T10:25:03,0.0005
9,240+,1780108206,2026-05-30T10:30:06,0.0005
9,240+,1780108503,2026-05-30T10:35:03,0.0005
9,240+,1780108803,2026-05-30T10:40:03,0.0005
9,240+,1780109104,2026-05-30T10:45:04,0.0005
9,240+,1780109403,2026-05-30T10:50:03,0.0005
9,240+,1780109704,2026-05-30T10:55:04,0.001
9,240+,1780110303,2026-05-30T11:05:03,0.001
9,240+,1780110605,2026-05-30T11:10:05,0.001
9,240+,1780110915,2026-05-30T11:15:15,0.001
9,240+,1780111204,2026-05-30T11:20:04,0.001
9,240+,1780111519,2026-05-30T11:25:19,0.001
9,240+,1780111803,2026-05-30T11:30:03,0.001
9,240+,1780112103,2026-05-30T11:35:03,0.001
9,240+,1780112403,2026-05-30T11:40:03,0.001
9,240+,1780112703,2026-05-30T11:45:03,0.0005
9,240+,1780113003,2026-05-30T11:50:03,0.0005
9,240+,1780113303,2026-05-30T11:55:03,0.0005
9,240+,1780113904,2026-05-30T12:05:04,0.0005
9,240+,1780114204,2026-05-30T12:10:04,0.0005
9,240+,1780114505,2026-05-30T12:15:05,0.0005
9,240+,1780114803,2026-05-30T12:20:03,0.0005
9,240+,1780115104,2026-05-30T12:25:04,0.0005
9,240+,1780115404,2026-05-30T12:30:04,0.0005
9,240+,1780115704,2026-05-30T12:35:04,0.0005
9,240+,1780116004,2026-05-30T12:40:04,0.0005
9,240+,1780116304,2026-05-30T12:45:04,0.0005
9,240+,1780116604,2026-05-30T12:50:04,0.0005
9,240+,1780116904,2026-05-30T12:55:04,0.0005
9,240+,1780117504,2026-05-30T13:05:04,0.0005
9,240+,1780117804,2026-05-30T13:10:04,0.0005
9,240+,1780118104,2026-05-30T13:15:04,0.0005
9,240+,1780118404,2026-05-30T13:20:04,0.0005
9,240+,1780118704,2026-05-30T13:25:04,0.0005
9,240+,1780119005,2026-05-30T13:30:05,0.0005
9,240+,1780119303,2026-05-30T13:35:03,0.0005
9,240+,1780119603,2026-05-30T13:40:03,0.0005
9,240+,1780119904,2026-05-30T13:45:04,0.0005
9,240+,1780120204,2026-05-30T13:50:04,0.0005
9,240+,1780120505,2026-05-30T13:55:05,0.0005
9,240+,1780121103,2026-05-30T14:05:03,0.0005
9,240+,1780121403,2026-05-30T14:10:03,0.0005
9,240+,1780121703,2026-05-30T14:15:03,0.0005
9,240+,1780122003,2026-05-30T14:20:03,0.0005
9,240+,1780122303,2026-05-30T14:25:03,0.0005
9,240+,1780122603,2026-05-30T14:30:03,0.0005
9,240+,1780122903,2026-05-30T14:35:03,0.0005
9,240+,1780123203,2026-05-30T14:40:03,0.0005
9,240+,1780123516,2026-05-30T14:45:16,0.0005
9,240+,1780123803,2026-05-30T14:50:03,0.0005
9,240+,1780124103,2026-05-30T14:55:03,0.0005
9,240+,1780124703,2026-05-30T15:05:03,0.0005
9,240+,1780125003,2026-05-30T15:10:03,0.0005
9,240+,1780125304,2026-05-30T15:15:04,0.0005
9,240+,1780125619,2026-05-30T15:20:19,0.0005
9,240+,1780125903,2026-05-30T15:25:03,0.0005
9,240+,1780126203,2026-05-30T15:30:03,0.0005
9,240+,1780126504,2026-05-30T15:35:04,0.0005
9,240+,1780126803,2026-05-30T15:40:03,0.0005
9,240+,1780127103,2026-05-30T15:45:03,0.0005
9,240+,1780127403,2026-05-30T15:50:03,0.0005
9,240+,1780127704,2026-05-30T15:55:04,0.0005
9,240+,1780128303,2026-05-30T16:05:03,0.0005
9,240+,1780128604,2026-05-30T16:10:04,0.0005
9,240+,1780128903,2026-05-30T16:15:03,0.0005
9,240+,1780129203,2026-05-30T16:20:03,0.0005
9,240+,1780129503,2026-05-30T16:25:03,0.0005
9,240+,1780129804,2026-05-30T16:30:04,0.0005
9,240+,1780130103,2026-05-30T16:35:03,0.0005
9,240+,1780130404,2026-05-30T16:40:04,0.0005
9,240+,1780130703,2026-05-30T16:45:03,0.0005
9,240+,1780131004,2026-05-30T16:50:04,0.0005
9,240+,1780131304,2026-05-30T16:55:04,0.0005
9,240+,1780131904,2026-05-30T17:05:04,0.0005
9,240+,1780132203,2026-05-30T17:10:03,0.0005
9,240+,1780132503,2026-05-30T17:15:03,0.0005
9,240+,1780132803,2026-05-30T17:20:03,0.0005
9,240+,1780133104,2026-05-30T17:25:04,0.0005
9,240+,1780133404,2026-05-30T17:30:04,0.0005
9,240+,1780133703,2026-05-30T17:35:03,0.0005
9,240+,1780134004,2026-05-30T17:40:04,0.0005
9,240+,1780134303,2026-05-30T17:45:03,0.0005
9,240+,1780134603,2026-05-30T17:50:03,0.0005
9,240+,1780134903,2026-05-30T17:55:03,0.0005
9,240+,1780135503,2026-05-30T18:05:03,0.0005
9,240+,1780135818,2026-05-30T18:10:18,0.0005
9,240+,1780136104,2026-05-30T18:15:04,0.0005
9,240+,1780136404,2026-05-30T18:20:04,0.0005
9,240+,1780136703,2026-05-30T18:25:03,0.0005
9,240+,1780137003,2026-05-30T18:30:03,0.0005
9,240+,1780137303,2026-05-30T18:35:03,0.0005
9,240+,1780137603,2026-05-30T18:40:03,0.0005
9,240+,1780137903,2026-05-30T18:45:03,0.0005
9,240+,1780138203,2026-05-30T18:50:03,0.0005
9,240+,1780138503,2026-05-30T18:55:03,0.0005
9,240+,1780139104,2026-05-30T19:05:04,0.0005
9,240+,1780139404,2026-05-30T19:10:04,0.0005
9,240+,1780139703,2026-05-30T19:15:03,0.0005
9,240+,1780140004,2026-05-30T19:20:04,0.0005
9,240+,1780140303,2026-05-30T19:25:03,0.0005
9,240+,1780140605,2026-05-30T19:30:05,0.0005
9,240+,1780140903,2026-05-30T19:35:03,0.0005
9,240+,1780141203,2026-05-30T19:40:03,0.0005
9,240+,1780141505,2026-05-30T19:45:05,0.0005
9,240+,1780141804,2026-05-30T19:50:04,0.0005
9,240+,1780142105,2026-05-30T19:55:05,0.0005
9,240+,1780142703,2026-05-30T20:05:03,0.0005
9,240+,1780143004,2026-05-30T20:10:04,0.0005
9,240+,1780143303,2026-05-30T20:15:03,0.0005
9,240+,1780143604,2026-05-30T20:20:04,0.0005
9,240+,1780143903,2026-05-30T20:25:03,0.0005
9,240+,1780144205,2026-05-30T20:30:05,0.0005
9,240+,1780144516,2026-05-30T20:35:16,0.0005
9,240+,1780144804,2026-05-30T20:40:04,0.0005
9,240+,1780145104,2026-05-30T20:45:04,0.0005
9,240+,1780145404,2026-05-30T20:50:04,0.0005
9,240+,1780145704,2026-05-30T20:55:04,0.0005
9,240+,1780146303,2026-05-30T21:05:03,0.0005
9,240+,1780146604,2026-05-30T21:10:04,0.0005
9,240+,1780146904,2026-05-30T21:15:04,0.0005
9,240+,1780147203,2026-05-30T21:20:03,0.0005
9,240+,1780147503,2026-05-30T21:25:03,0.0005
9,240+,1780147804,2026-05-30T21:30:04,0.0005
9,240+,1780148103,2026-05-30T21:35:03,0.0005
9,240+,1780148403,2026-05-30T21:40:03,0.0005
9,240+,1780148704,2026-05-30T21:45:04,0.0005
9,240+,1780149004,2026-05-30T21:50:04,0.0005
9,240+,1780149303,2026-05-30T21:55:03,0.0005
9,240+,1780149903,2026-05-30T22:05:03,0.0005
9,240+,1780150204,2026-05-30T22:10:04,0.0005
9,240+,1780150517,2026-05-30T22:15:17,0.0005
9,240+,1780150804,2026-05-30T22:20:04,0.0005
9,240+,1780151103,2026-05-30T22:25:03,0.0005
9,240+,1780151404,2026-05-30T22:30:04,0.0005
9,240+,1780151704,2026-05-30T22:35:04,0.0005
9,240+,1780152003,2026-05-30T22:40:03,0.0005
9,240+,1780152304,2026-05-30T22:45:04,0.0005
9,240+,1780152603,2026-05-30T22:50:03,0.0005
9,240+,1780152903,2026-05-30T22:55:03,0.0005
9,240+,1780153503,2026-05-30T23:05:03,0.0005
9,240+,1780153819,2026-05-30T23:10:19,0.0005
9,240+,1780154103,2026-05-30T23:15:03,0.0005
9,240+,1780154404,2026-05-30T23:20:04,0.0005
9,240+,1780154704,2026-05-30T23:25:04,0.0005
9,240+,1780155019,2026-05-30T23:30:19,0.0005
9,240+,1780155303,2026-05-30T23:35:03,0.0005
9,240+,1780155604,2026-05-30T23:40:04,0.0005
9,240+,1780155903,2026-05-30T23:45:03,0.0005
9,240+,1780156216,2026-05-30T23:50:16,0.0005
9,240+,1780156504,2026-05-30T23:55:04,0.0005
9,240+,1780157104,2026-05-31T00:05:04,0.0005
9,240+,1780157404,2026-05-31T00:10:04,0.0005
9,240+,1780157705,2026-05-31T00:15:05,0.0005
9,240+,1780158004,2026-05-31T00:20:04,0.0005
9,240+,1780158318,2026-05-31T00:25:18,0.0005
9,240+,1780158604,2026-05-31T00:30:04,0.0005
9,240+,1780158905,2026-05-31T00:35:05,0.0005
9,240+,1780159205,2026-05-31T00:40:05,0.0005
9,240+,1780159504,2026-05-31T00:45:04,0.0005
9,240+,1780159804,2026-05-31T00:50:04,0.0005
9,240+,1780160103,2026-05-31T00:55:03,0.0005
9,240+,1780160703,2026-05-31T01:05:03,0.0005
9,240+,1780161003,2026-05-31T01:10:03,0.0005
9,240+,1780161305,2026-05-31T01:15:05,0.0005
9,240+,1780161604,2026-05-31T01:20:04,0.0005
9,240+,1780161904,2026-05-31T01:25:04,0.0005
9,240+,1780162205,2026-05-31T01:30:05,0.0005
9,240+,1780162505,2026-05-31T01:35:05,0.0005
9,240+,1780162805,2026-05-31T01:40:05,0.0005
9,240+,1780163105,2026-05-31T01:45:05,0.0005
9,240+,1780163404,2026-05-31T01:50:04,0.0005
9,240+,1780163703,2026-05-31T01:55:03,0.0005
9,240+,1780164303,2026-05-31T02:05:03,0.0005
9,240+,1780164603,2026-05-31T02:10:03,0.0005
9,240+,1780164905,2026-05-31T02:15:05,0.0005
9,240+,1780165204,2026-05-31T02:20:04,0.0005
9,240+,1780165503,2026-05-31T02:25:03,0.0005
9,240+,1780165803,2026-05-31T02:30:03,0.0005
9,240+,1780166103,2026-05-31T02:35:03,0.0005
9,240+,1780166404,2026-05-31T02:40:04,0.0005
9,240+,1780166703,2026-05-31T02:45:03,0.0005
9,240+,1780167004,2026-05-31T02:50:04,0.0005
9,240+,1780167303,2026-05-31T02:55:03,0.0005
9,240+,1780167903,2026-05-31T03:05:03,0.0005
9,240+,1780168203,2026-05-31T03:10:03,0.0005
9,240+,1780168504,2026-05-31T03:15:04,0.0005
9,240+,1780168804,2026-05-31T03:20:04,0.0005
9,240+,1780169104,2026-05-31T03:25:04,0.0005
9,240+,1780169403,2026-05-31T03:30:03,0.0005
9,240+,1780169703,2026-05-31T03:35:03,0.0005
9,240+,1780170003,2026-05-31T03:40:03,0.0005
9,240+,1780170303,2026-05-31T03:45:03,0.0005
9,240+,1780170603,2026-05-31T03:50:03,0.0005
9,240+,1780170903,2026-05-31T03:55:03,0.0005
9,240+,1780171503,2026-05-31T04:05:03,0.0005
9,240+,1780171803,2026-05-31T04:10:03,0.0005
9,240+,1780172103,2026-05-31T04:15:03,0.0005
9,240+,1780172403,2026-05-31T04:20:03,0.0005
9,240+,1780172703,2026-05-31T04:25:03,0.0005
9,240+,1780173004,2026-05-31T04:30:04,0.0005
9,240+,1780173303,2026-05-31T04:35:03,0.0005
9,240+,1780173604,2026-05-31T04:40:04,0.0005
9,240+,1780173904,2026-05-31T04:45:04,0.0005
9,240+,1780174203,2026-05-31T04:50:03,0.0005
9,240+,1780174503,2026-05-31T04:55:03,0.0005
9,240+,1780175104,2026-05-31T05:05:04,0.0005
9,240+,1780175404,2026-05-31T05:10:04,0.0005
9,240+,1780175704,2026-05-31T05:15:04,0.0005
9,240+,1780176004,2026-05-31T05:20:04,0.0005
9,240+,1780176304,2026-05-31T05:25:04,0.0005
9,240+,1780176618,2026-05-31T05:30:18,0.0005
9,240+,1780176903,2026-05-31T05:35:03,0.0005
9,240+,1780177203,2026-05-31T05:40:03,0.0005
9,240+,1780177504,2026-05-31T05:45:04,0.0005
9,240+,1780177804,2026-05-31T05:50:04,0.0005
9,240+,1780178103,2026-05-31T05:55:03,0.0005
9,240+,1780178704,2026-05-31T06:05:04,0.0005
9,240+,1780179006,2026-05-31T06:10:06,0.0005
9,240+,1780179303,2026-05-31T06:15:03,0.0005
9,240+,1780179604,2026-05-31T06:20:04,0.0005
9,240+,1780179903,2026-05-31T06:25:03,0.0005
9,240+,1780180206,2026-05-31T06:30:06,0.0005
9,240+,1780180504,2026-05-31T06:35:04,0.0005
9,240+,1780180803,2026-05-31T06:40:03,0.0005
9,240+,1780181105,2026-05-31T06:45:05,0.0005
9,240+,1780181405,2026-05-31T06:50:05,0.0005
9,240+,1780181703,2026-05-31T06:55:03,0.0005
9,240+,1780182304,2026-05-31T07:05:04,0.0005
9,240+,1780182606,2026-05-31T07:10:06,0.0005
9,240+,1780182906,2026-05-31T07:15:06,0.0005
9,240+,1780183205,2026-05-31T07:20:05,0.0005
9,240+,1780183504,2026-05-31T07:25:04,0.0005
9,240+,1780183804,2026-05-31T07:30:04,0.0005
9,240+,1780184118,2026-05-31T07:35:18,0.0005
9,240+,1780184404,2026-05-31T07:40:04,0.0005
9,240+,1780184716,2026-05-31T07:45:16,0.0005
9,240+,1780185005,2026-05-31T07:50:05,0.0005
9,240+,1780185303,2026-05-31T07:55:03,0.0005
9,240+,1780185905,2026-05-31T08:05:05,0.0005
9,240+,1780186204,2026-05-31T08:10:04,0.0005
9,240+,1780186507,2026-05-31T08:15:07,0.0005
9,240+,1780186818,2026-05-31T08:20:18,0.0005
9,240+,1780187104,2026-05-31T08:25:04,0.0005
9,240+,1780187404,2026-05-31T08:30:04,0.0005
9,240+,1780187704,2026-05-31T08:35:04,0.0005
9,240+,1780188003,2026-05-31T08:40:03,0.0005
9,240+,1780188303,2026-05-31T08:45:03,0.0005
9,240+,1780188604,2026-05-31T08:50:04,0.0005
9,240+,1780188906,2026-05-31T08:55:06,0.0005
9,240+,1780189503,2026-05-31T09:05:03,0.0005
9,240+,1780189804,2026-05-31T09:10:04,0.0005
9,240+,1780190103,2026-05-31T09:15:03,0.0005
9,240+,1780190416,2026-05-31T09:20:16,0.0005
9,240+,1780190717,2026-05-31T09:25:17,0.0005
9,240+,1780191003,2026-05-31T09:30:03,0.0005
9,240+,1780191318,2026-05-31T09:35:18,0.0005
9,240+,1780191604,2026-05-31T09:40:04,0.0005
9,240+,1780191904,2026-05-31T09:45:04,0.0005
9,240+,1780192204,2026-05-31T09:50:04,0.0005
9,240+,1780192504,2026-05-31T09:55:04,0.0005
9,240+,1780193103,2026-05-31T10:05:03,0.0005
9,240+,1780193403,2026-05-31T10:10:03,0.0005
9,240+,1780193703,2026-05-31T10:15:03,0.0005
9,240+,1780194003,2026-05-31T10:20:03,0.0005
9,240+,1780194316,2026-05-31T10:25:16,0.0005
9,240+,1780194603,2026-05-31T10:30:03,0.0005
9,240+,1780194903,2026-05-31T10:35:03,0.0005
9,240+,1780195204,2026-05-31T10:40:04,0.0005
9,240+,1780195503,2026-05-31T10:45:03,0.0005
9,240+,1780195805,2026-05-31T10:50:05,0.0005
9,240+,1780196103,2026-05-31T10:55:03,0.0005
9,240+,1780196704,2026-05-31T11:05:04,0.0005
9,240+,1780197003,2026-05-31T11:10:03,0.0005
9,240+,1780197304,2026-05-31T11:15:04,0.0005
9,240+,1780197604,2026-05-31T11:20:04,0.0005
9,240+,1780197903,2026-05-31T11:25:03,0.0005
9,240+,1780198203,2026-05-31T11:30:03,0.0005
9,240+,1780198503,2026-05-31T11:35:03,0.0005
9,240+,1780198804,2026-05-31T11:40:04,0.0005
9,240+,1780199103,2026-05-31T11:45:03,0.0005
9,240+,1780199403,2026-05-31T11:50:03,0.0005
9,240+,1780199705,2026-05-31T11:55:05,0.0005
9,240+,1780200304,2026-05-31T12:05:04,0.0005
9,240+,1780200604,2026-05-31T12:10:04,0.0005
9,240+,1780200904,2026-05-31T12:15:04,0.0005
9,240+,1780201204,2026-05-31T12:20:04,0.0005
9,240+,1780201504,2026-05-31T12:25:04,0.0005
9,240+,1780201804,2026-05-31T12:30:04,0.0005
9,240+,1780202104,2026-05-31T12:35:04,0.0005
9,240+,1780202404,2026-05-31T12:40:04,0.0005
9,240+,1780202704,2026-05-31T12:45:04,0.0005
9,240+,1780203004,2026-05-31T12:50:04,0.0005
9,240+,1780203304,2026-05-31T12:55:04,0.0005
9,240+,1780203904,2026-05-31T13:05:04,0.0005
9,240+,1780204204,2026-05-31T13:10:04,0.0005
9,240+,1780204504,2026-05-31T13:15:04,0.0005
9,240+,1780204804,2026-05-31T13:20:04,0.0005
9,240+,1780205103,2026-05-31T13:25:03,0.0005
9,240+,1780205404,2026-05-31T13:30:04,0.0005
9,240+,1780205703,2026-05-31T13:35:03,0.0005
9,240+,1780206004,2026-05-31T13:40:04,0.0005
9,240+,1780206304,2026-05-31T13:45:04,0.0005
9,240+,1780206603,2026-05-31T13:50:03,0.0005
9,240+,1780206903,2026-05-31T13:55:03,0.0005
9,240+,1780207504,2026-05-31T14:05:04,0.0005
9,240+,1780207804,2026-05-31T14:10:04,0.0005
9,240+,1780208103,2026-05-31T14:15:03,0.0005
9,240+,1780208404,2026-05-31T14:20:04,0.0005
9,240+,1780208704,2026-05-31T14:25:04,0.0005
9,240+,1780209004,2026-05-31T14:30:04,0.0005
9,240+,1780209303,2026-05-31T14:35:03,0.0005
9,240+,1780209603,2026-05-31T14:40:03,0.0005
9,240+,1780209903,2026-05-31T14:45:03,0.0005
9,240+,1780210203,2026-05-31T14:50:03,0.0005
9,240+,1780210504,2026-05-31T14:55:04,0.0005
9,240+,1780211103,2026-05-31T15:05:03,0.0005
9,240+,1780211403,2026-05-31T15:10:03,0.0005
9,240+,1780211703,2026-05-31T15:15:03,0.0005
9,240+,1780212003,2026-05-31T15:20:03,0.0005
9,240+,1780212303,2026-05-31T15:25:03,0.0005
9,240+,1780212604,2026-05-31T15:30:04,0.0005
9,240+,1780212903,2026-05-31T15:35:03,0.0005
9,240+,1780213203,2026-05-31T15:40:03,0.0005
9,240+,1780213503,2026-05-31T15:45:03,0.0005
9,240+,1780213803,2026-05-31T15:50:03,0.0005
9,240+,1780214103,2026-05-31T15:55:03,0.0005
9,240+,1780214703,2026-05-31T16:05:03,0.0005
9,240+,1780215003,2026-05-31T16:10:03,0.0005
9,240+,1780215303,2026-05-31T16:15:03,0.0005
9,240+,1780215604,2026-05-31T16:20:04,0.0005
9,240+,1780215903,2026-05-31T16:25:03,0.0005
9,240+,1780216204,2026-05-31T16:30:04,0.0005
9,240+,1780216503,2026-05-31T16:35:03,0.0005
9,240+,1780216804,2026-05-31T16:40:04,0.0005
9,240+,1780217103,2026-05-31T16:45:03,0.0005
9,240+,1780217405,2026-05-31T16:50:05,0.0005
9,240+,1780217704,2026-05-31T16:55:04,0.0005
9,240+,1780218303,2026-05-31T17:05:03,0.0005
9,240+,1780218604,2026-05-31T17:10:04,0.0005
9,240+,1780218903,2026-05-31T17:15:03,0.0005
9,240+,1780219203,2026-05-31T17:20:03,0.0005
9,240+,1780219503,2026-05-31T17:25:03,0.0005
9,240+,1780219804,2026-05-31T17:30:04,0.0005
9,240+,1780220104,2026-05-31T17:35:04,0.0005
9,240+,1780220404,2026-05-31T17:40:04,0.0005
9,240+,1780220703,2026-05-31T17:45:03,0.0005
9,240+,1780221004,2026-05-31T17:50:04,0.0005
9,240+,1780221304,2026-05-31T17:55:04,0.0005
9,240+,1780221903,2026-05-31T18:05:03,0.0005
9,240+,1780222204,2026-05-31T18:10:04,0.0005
9,240+,1780222503,2026-05-31T18:15:03,0.0005
9,240+,1780222803,2026-05-31T18:20:03,0.0005
9,240+,1780223103,2026-05-31T18:25:03,0.0005
9,240+,1780223404,2026-05-31T18:30:04,0.0005
9,240+,1780223704,2026-05-31T18:35:04,0.0005
9,240+,1780224004,2026-05-31T18:40:04,0.0005
9,240+,1780224304,2026-05-31T18:45:04,0.0005
9,240+,1780224604,2026-05-31T18:50:04,0.0005
9,240+,1780224903,2026-05-31T18:55:03,0.0005
9,240+,1780225518,2026-05-31T19:05:18,0.0005
9,240+,1780225818,2026-05-31T19:10:18,0.0005
9,240+,1780226103,2026-05-31T19:15:03,0.0005
9,240+,1780226403,2026-05-31T19:20:03,0.0005
9,240+,1780226704,2026-05-31T19:25:04,0.0005
9,240+,1780227017,2026-05-31T19:30:17,0.0005
9,240+,1780227303,2026-05-31T19:35:03,0.0005
9,240+,1780227604,2026-05-31T19:40:04,0.0005
9,240+,1780227904,2026-05-31T19:45:04,0.0005
9,240+,1780228203,2026-05-31T19:50:03,0.0005
9,240+,1780228515,2026-05-31T19:55:15,0.0005
9,240+,1780229103,2026-05-31T20:05:03,0.0005
9,240+,1780229403,2026-05-31T20:10:03,0.0005
9,240+,1780229704,2026-05-31T20:15:04,0.0005
9,240+,1780230003,2026-05-31T20:20:03,0.0005
9,240+,1780230304,2026-05-31T20:25:04,0.0005
9,240+,1780230603,2026-05-31T20:30:03,0.0005
9,240+,1780230904,2026-05-31T20:35:04,0.0005
9,240+,1780231204,2026-05-31T20:40:04,0.0005
9,240+,1780231503,2026-05-31T20:45:03,0.0005
9,240+,1780231804,2026-05-31T20:50:04,0.0005
9,240+,1780232103,2026-05-31T20:55:03,0.0005
9,240+,1780232704,2026-05-31T21:05:04,0.0005
9,240+,1780233004,2026-05-31T21:10:04,0.0005
9,240+,1780233304,2026-05-31T21:15:04,0.0005
9,240+,1780233604,2026-05-31T21:20:04,0.0005
9,240+,1780233905,2026-05-31T21:25:05,0.0005
9,240+,1780234203,2026-05-31T21:30:03,0.0005
9,240+,1780234503,2026-05-31T21:35:03,0.0005
9,240+,1780234803,2026-05-31T21:40:03,0.0005
9,240+,1780235103,2026-05-31T21:45:03,0.0005
9,240+,1780235404,2026-05-31T21:50:04,0.0005
9,240+,1780235703,2026-05-31T21:55:03,0.0005
9,240+,1780236304,2026-05-31T22:05:04,0.0005
9,240+,1780236603,2026-05-31T22:10:03,0.0005
9,240+,1780236903,2026-05-31T22:15:03,0.0005
9,240+,1780237205,2026-05-31T22:20:05,0.0005
9,240+,1780237503,2026-05-31T22:25:03,0.0005
9,240+,1780237803,2026-05-31T22:30:03,0.0005
9,240+,1780238104,2026-05-31T22:35:04,0.0005
9,240+,1780238403,2026-05-31T22:40:03,0.0005
9,240+,1780238703,2026-05-31T22:45:03,0.0005
9,240+,1780239003,2026-05-31T22:50:03,0.0005
9,240+,1780239303,2026-05-31T22:55:03,0.0005
9,240+,1780239903,2026-05-31T23:05:03,0.0005
9,240+,1780240203,2026-05-31T23:10:03,0.0005
9,240+,1780240504,2026-05-31T23:15:04,0.0005
9,240+,1780240803,2026-05-31T23:20:03,0.0005
9,240+,1780241104,2026-05-31T23:25:04,0.0005
9,240+,1780241404,2026-05-31T23:30:04,0.0005
9,240+,1780241703,2026-05-31T23:35:03,0.0005
9,240+,1780242004,2026-05-31T23:40:04,0.0005
9,240+,1780242304,2026-05-31T23:45:04,0.0005
9,240+,1780242604,2026-05-31T23:50:04,0.0005
9,240+,1780242903,2026-05-31T23:55:03,0.0005
9,240+,1780243504,2026-06-01T00:05:04,0.0005
9,240+,1780243804,2026-06-01T00:10:04,0.0005
9,240+,1780244105,2026-06-01T00:15:05,0.0005
9,240+,1780244404,2026-06-01T00:20:04,0.0005
9,240+,1780244704,2026-06-01T00:25:04,0.0005
9,240+,1780245021,2026-06-01T00:30:21,0.0005
9,240+,1780245303,2026-06-01T00:35:03,0.0005
9,240+,1780245604,2026-06-01T00:40:04,0.0005
9,240+,1780245903,2026-06-01T00:45:03,0.0005
9,240+,1780246220,2026-06-01T00:50:20,0.0005
9,240+,1780246503,2026-06-01T00:55:03,0.0005
9,240+,1780247103,2026-06-01T01:05:03,0.0005
9,240+,1780247404,2026-06-01T01:10:04,0.0005
9,240+,1780247719,2026-06-01T01:15:19,0.0005
9,240+,1780248007,2026-06-01T01:20:07,0.0005
9,240+,1780248303,2026-06-01T01:25:03,0.0005
9,240+,1780248604,2026-06-01T01:30:04,0.0005
9,240+,1780248903,2026-06-01T01:35:03,0.0005
9,240+,1780249204,2026-06-01T01:40:04,0.0005
9,240+,1780249503,2026-06-01T01:45:03,0.0005
9,240+,1780249805,2026-06-01T01:50:05,0.0005
9,240+,1780250104,2026-06-01T01:55:04,0.0005
9,240+,1780250703,2026-06-01T02:05:03,0.0005
9,240+,1780251004,2026-06-01T02:10:04,0.0005
9,240+,1780251303,2026-06-01T02:15:03,0.0005
9,240+,1780251603,2026-06-01T02:20:03,0.0005
9,240+,1780251904,2026-06-01T02:25:04,0.0005
9,240+,1780252203,2026-06-01T02:30:03,0.0005
9,240+,1780252503,2026-06-01T02:35:03,0.0005
9,240+,1780252803,2026-06-01T02:40:03,0.0005
9,240+,1780253103,2026-06-01T02:45:03,0.0005
9,240+,1780253404,2026-06-01T02:50:04,0.0005
9,240+,1780253704,2026-06-01T02:55:04,0.0005
9,240+,1780254304,2026-06-01T03:05:04,0.0005
9,240+,1780254604,2026-06-01T03:10:04,0.0005
9,240+,1780254903,2026-06-01T03:15:03,0.0005
9,240+,1780255203,2026-06-01T03:20:03,0.0005
9,240+,1780255504,2026-06-01T03:25:04,0.0005
9,240+,1780255803,2026-06-01T03:30:03,0.0005
9,240+,1780256103,2026-06-01T03:35:03,0.0005
9,240+,1780256403,2026-06-01T03:40:03,0.0005
9,240+,1780256704,2026-06-01T03:45:04,0.0005
9,240+,1780257004,2026-06-01T03:50:04,0.0005
9,240+,1780257305,2026-06-01T03:55:05,0.0005
9,240+,1780257904,2026-06-01T04:05:04,0.0005
9,240+,1780258204,2026-06-01T04:10:04,0.0005
9,240+,1780258504,2026-06-01T04:15:04,0.0005
9,240+,1780258804,2026-06-01T04:20:04,0.0005
9,240+,1780259103,2026-06-01T04:25:03,0.0005
9,240+,1780259404,2026-06-01T04:30:04,0.0005
9,240+,1780259705,2026-06-01T04:35:05,0.0005
9,240+,1780260005,2026-06-01T04:40:05,0.0005
9,240+,1780260318,2026-06-01T04:45:18,0.0005
9,240+,1780260604,2026-06-01T04:50:04,0.0005
9,240+,1780260904,2026-06-01T04:55:04,0.0005
9,240+,1780261505,2026-06-01T05:05:05,0.0005
9,240+,1780261804,2026-06-01T05:10:04,0.0005
9,240+,1780262103,2026-06-01T05:15:03,0.0005
9,240+,1780262404,2026-06-01T05:20:04,0.0005
9,240+,1780262704,2026-06-01T05:25:04,0.0005
9,240+,1780263004,2026-06-01T05:30:04,0.0005
9,240+,1780263303,2026-06-01T05:35:03,0.0005
9,240+,1780263604,2026-06-01T05:40:04,0.0005
9,240+,1780263904,2026-06-01T05:45:04,0.0005
9,240+,1780264203,2026-06-01T05:50:03,0.0005
9,240+,1780264503,2026-06-01T05:55:03,0.0005
9,240+,1780265105,2026-06-01T06:05:05,0.0005
9,240+,1780265404,2026-06-01T06:10:04,0.0005
9,240+,1780265704,2026-06-01T06:15:04,0.0005
9,240+,1780266034,2026-06-01T06:20:34,0.0005
9,240+,1780266304,2026-06-01T06:25:04,0.0005
9,240+,1780266603,2026-06-01T06:30:03,0.0005
9,240+,1780266903,2026-06-01T06:35:03,0.0005
9,240+,1780267203,2026-06-01T06:40:03,0.0005
9,240+,1780267503,2026-06-01T06:45:03,0.0005
9,240+,1780267803,2026-06-01T06:50:03,0.0005
9,240+,1780268103,2026-06-01T06:55:03,0.0005
9,240+,1780268705,2026-06-01T07:05:05,0.0005
9,240+,1780269004,2026-06-01T07:10:04,0.0005
9,240+,1780269303,2026-06-01T07:15:03,0.0005
9,240+,1780269604,2026-06-01T07:20:04,0.0005
9,240+,1780269904,2026-06-01T07:25:04,0.0005
9,240+,1780270203,2026-06-01T07:30:03,0.0005
9,240+,1780270503,2026-06-01T07:35:03,0.0005
9,240+,1780270803,2026-06-01T07:40:03,0.0005
9,240+,1780271105,2026-06-01T07:45:05,0.0005
9,240+,1780271403,2026-06-01T07:50:03,0.0005
9,240+,1780271703,2026-06-01T07:55:03,0.0005
9,240+,1780272303,2026-06-01T08:05:03,0.0005
9,240+,1780272604,2026-06-01T08:10:04,0.0005
9,240+,1780272904,2026-06-01T08:15:04,0.0005
9,240+,1780273204,2026-06-01T08:20:04,0.0005
9,240+,1780273503,2026-06-01T08:25:03,0.0005
9,240+,1780273803,2026-06-01T08:30:03,0.0005
9,240+,1780274103,2026-06-01T08:35:03,0.0005
9,240+,1780274404,2026-06-01T08:40:04,0.0005
9,240+,1780274703,2026-06-01T08:45:03,0.0005
9,240+,1780275003,2026-06-01T08:50:03,0.0005
9,240+,1780275304,2026-06-01T08:55:04,0.0005
9,240+,1780275903,2026-06-01T09:05:03,0.0005
9,240+,1780276203,2026-06-01T09:10:03,0.0005
9,240+,1780276503,2026-06-01T09:15:03,0.0005
9,240+,1780276803,2026-06-01T09:20:03,0.0005
9,240+,1780277104,2026-06-01T09:25:04,0.0005
9,240+,1780277403,2026-06-01T09:30:03,0.0005
9,240+,1780277704,2026-06-01T09:35:04,0.0005
9,240+,1780278004,2026-06-01T09:40:04,0.0005
9,240+,1780278303,2026-06-01T09:45:03,0.0005
9,240+,1780278605,2026-06-01T09:50:05,0.0005
9,240+,1780278919,2026-06-01T09:55:19,0.0005
9,240+,1780279503,2026-06-01T10:05:03,0.0005
9,240+,1780279815,2026-06-01T10:10:15,0.0005
9,240+,1780280103,2026-06-01T10:15:03,0.0005
9,240+,1780280404,2026-06-01T10:20:04,0.0005
9,240+,1780280703,2026-06-01T10:25:03,0.0005
9,240+,1780281003,2026-06-01T10:30:03,0.0005
9,240+,1780281303,2026-06-01T10:35:03,0.0005
9,240+,1780281605,2026-06-01T10:40:05,0.0005
9,240+,1780281903,2026-06-01T10:45:03,0.0005
9,240+,1780282203,2026-06-01T10:50:03,0.0005
9,240+,1780282503,2026-06-01T10:55:03,0.0005
9,240+,1780283115,2026-06-01T11:05:15,0.0005
9,240+,1780283404,2026-06-01T11:10:04,0.0005
9,240+,1780283703,2026-06-01T11:15:03,0.0005
9,240+,1780284003,2026-06-01T11:20:03,0.0005
9,240+,1780284304,2026-06-01T11:25:04,0.0005
9,240+,1780284604,2026-06-01T11:30:04,0.0005
9,240+,1780284903,2026-06-01T11:35:03,0.0005
9,240+,1780285204,2026-06-01T11:40:04,0.0005
9,240+,1780285504,2026-06-01T11:45:04,0.0005
9,240+,1780285804,2026-06-01T11:50:04,0.0005
9,240+,1780286103,2026-06-01T11:55:03,0.0005
9,240+,1780286703,2026-06-01T12:05:03,0.0005
9,240+,1780287003,2026-06-01T12:10:03,0.0005
9,240+,1780287304,2026-06-01T12:15:04,0.0005
9,240+,1780287604,2026-06-01T12:20:04,0.0005
9,240+,1780287904,2026-06-01T12:25:04,0.0005
9,240+,1780288204,2026-06-01T12:30:04,0.0005
9,240+,1780288504,2026-06-01T12:35:04,0.0005
9,240+,1780288804,2026-06-01T12:40:04,0.0005
9,240+,1780289104,2026-06-01T12:45:04,0.0005
9,240+,1780289404,2026-06-01T12:50:04,0.0005
9,240+,1780289704,2026-06-01T12:55:04,0.0005
9,240+,1780290303,2026-06-01T13:05:03,0.0005
9,240+,1780290604,2026-06-01T13:10:04,0.0005
9,240+,1780290904,2026-06-01T13:15:04,0.0005
9,240+,1780291203,2026-06-01T13:20:03,0.0005
9,240+,1780291503,2026-06-01T13:25:03,0.0005
9,240+,1780291803,2026-06-01T13:30:03,0.0005
9,240+,1780292103,2026-06-01T13:35:03,0.0005
9,240+,1780292404,2026-06-01T13:40:04,0.0005
9,240+,1780292704,2026-06-01T13:45:04,0.0005
9,240+,1780293003,2026-06-01T13:50:03,0.0005
9,240+,1780293315,2026-06-01T13:55:15,0.0005
9,240+,1780293903,2026-06-01T14:05:03,0.0005
9,240+,1780294203,2026-06-01T14:10:03,0.0005
9,240+,1780294504,2026-06-01T14:15:04,0.0005
9,240+,1780294804,2026-06-01T14:20:04,0.0005
9,240+,1780295104,2026-06-01T14:25:04,0.0005
9,240+,1780295415,2026-06-01T14:30:15,0.0005
9,240+,1780295703,2026-06-01T14:35:03,0.0005
9,240+,1780296003,2026-06-01T14:40:03,0.0005
9,240+,1780296304,2026-06-01T14:45:04,0.0005
9,240+,1780296603,2026-06-01T14:50:03,0.0005
9,240+,1780296903,2026-06-01T14:55:03,0.0005
9,240+,1780297503,2026-06-01T15:05:03,0.0005
9,240+,1780297803,2026-06-01T15:10:03,0.0005
9,240+,1780298103,2026-06-01T15:15:03,0.0005
9,240+,1780298404,2026-06-01T15:20:04,0.0005
9,240+,1780298703,2026-06-01T15:25:03,0.0005
9,240+,1780299003,2026-06-01T15:30:03,0.0005
9,240+,1780299305,2026-06-01T15:35:05,0.0005
9,240+,1780299603,2026-06-01T15:40:03,0.0005
9,240+,1780299904,2026-06-01T15:45:04,0.0005
9,240+,1780300204,2026-06-01T15:50:04,0.0005
9,240+,1780300504,2026-06-01T15:55:04,0.0005
9,240+,1780301105,2026-06-01T16:05:05,0.0005
9,240+,1780301403,2026-06-01T16:10:03,0.0005
9,240+,1780301703,2026-06-01T16:15:03,0.0005
9,240+,1780302018,2026-06-01T16:20:18,0.0005
9,240+,1780302303,2026-06-01T16:25:03,0.0005
9,240+,1780302603,2026-06-01T16:30:03,0.0005
9,240+,1780302903,2026-06-01T16:35:03,0.0005
9,240+,1780303203,2026-06-01T16:40:03,0.0005
9,240+,1780303518,2026-06-01T16:45:18,0.0005
9,240+,1780303803,2026-06-01T16:50:03,0.0005
9,240+,1780304104,2026-06-01T16:55:04,0.0005
9,240+,1780304704,2026-06-01T17:05:04,0.0005
9,240+,1780305004,2026-06-01T17:10:04,0.0005
9,240+,1780305303,2026-06-01T17:15:03,0.0005
9,240+,1780305604,2026-06-01T17:20:04,0.0005
9,240+,1780305903,2026-06-01T17:25:03,0.0005
9,240+,1780306203,2026-06-01T17:30:03,0.0005
9,240+,1780306503,2026-06-01T17:35:03,0.0005
9,240+,1780306804,2026-06-01T17:40:04,0.0005
9,240+,1780307103,2026-06-01T17:45:03,0.0005
9,240+,1780307404,2026-06-01T17:50:04,0.0005
9,240+,1780307703,2026-06-01T17:55:03,0.0005
9,240+,1780308303,2026-06-01T18:05:03,0.0005
9,240+,1780308604,2026-06-01T18:10:04,0.0005
9,240+,1780308903,2026-06-01T18:15:03,0.0005
9,240+,1780309203,2026-06-01T18:20:03,0.0005
9,240+,1780309503,2026-06-01T18:25:03,0.0005
9,240+,1780309804,2026-06-01T18:30:04,0.0005
9,240+,1780310104,2026-06-01T18:35:04,0.0005
9,240+,1780310404,2026-06-01T18:40:04,0.0005
9,240+,1780310703,2026-06-01T18:45:03,0.0005
9,240+,1780311003,2026-06-01T18:50:03,0.0005
9,240+,1780311304,2026-06-01T18:55:04,0.0005
9,240+,1780311903,2026-06-01T19:05:03,0.0005
9,240+,1780312203,2026-06-01T19:10:03,0.0005
9,240+,1780312503,2026-06-01T19:15:03,0.0005
9,240+,1780312803,2026-06-01T19:20:03,0.0005
9,240+,1780313103,2026-06-01T19:25:03,0.0005
9,240+,1780313405,2026-06-01T19:30:05,0.0005
9,240+,1780313703,2026-06-01T19:35:03,0.0005
9,240+,1780314003,2026-06-01T19:40:03,0.0005
9,240+,1780314303,2026-06-01T19:45:03,0.0005
9,240+,1780314604,2026-06-01T19:50:04,0.0005
9,240+,1780314903,2026-06-01T19:55:03,0.0005
9,240+,1780315504,2026-06-01T20:05:04,0.0005
9,240+,1780315804,2026-06-01T20:10:04,0.0005
9,240+,1780316104,2026-06-01T20:15:04,0.0005
9,240+,1780316404,2026-06-01T20:20:04,0.0005
9,240+,1780316704,2026-06-01T20:25:04,0.0005
9,240+,1780317004,2026-06-01T20:30:04,0.0005
9,240+,1780317304,2026-06-01T20:35:04,0.0005
9,240+,1780317604,2026-06-01T20:40:04,0.0005
9,240+,1780317903,2026-06-01T20:45:03,0.0005
9,240+,1780318204,2026-06-01T20:50:04,0.0005
9,240+,1780318503,2026-06-01T20:55:03,0.0005
9,240+,1780319104,2026-06-01T21:05:04,0.0005
9,240+,1780319404,2026-06-01T21:10:04,0.0005
9,240+,1780319703,2026-06-01T21:15:03,0.0005
9,240+,1780320004,2026-06-01T21:20:04,0.0005
9,240+,1780320318,2026-06-01T21:25:18,0.0005
9,240+,1780320603,2026-06-01T21:30:03,0.0005
9,240+,1780320904,2026-06-01T21:35:04,0.0005
9,240+,1780321204,2026-06-01T21:40:04,0.0005
9,240+,1780321504,2026-06-01T21:45:04,0.0005
9,240+,1780321804,2026-06-01T21:50:04,0.0005
9,240+,1780322103,2026-06-01T21:55:03,0.0005
9,240+,1780322703,2026-06-01T22:05:03,0.0005
9,240+,1780323005,2026-06-01T22:10:05,0.0005
9,240+,1780323303,2026-06-01T22:15:03,0.0005
9,240+,1780323605,2026-06-01T22:20:05,0.0005
9,240+,1780323905,2026-06-01T22:25:05,0.0005
9,240+,1780324204,2026-06-01T22:30:04,0.0005
9,240+,1780324505,2026-06-01T22:35:05,0.0005
9,240+,1780324805,2026-06-01T22:40:05,0.0005
9,240+,1780325105,2026-06-01T22:45:05,0.0005
9,240+,1780325404,2026-06-01T22:50:04,0.0005
9,240+,1780325703,2026-06-01T22:55:03,0.0005
9,240+,1780326304,2026-06-01T23:05:04,0.0005
9,240+,1780326605,2026-06-01T23:10:05,0.0005
9,240+,1780326903,2026-06-01T23:15:03,0.0005
9,240+,1780327204,2026-06-01T23:20:04,0.0005
9,240+,1780327503,2026-06-01T23:25:03,0.0005
9,240+,1780327805,2026-06-01T23:30:05,0.0005
9,240+,1780328117,2026-06-01T23:35:17,0.0005
9,240+,1780328404,2026-06-01T23:40:04,0.0005
9,240+,1780328703,2026-06-01T23:45:03,0.0005
9,240+,1780329005,2026-06-01T23:50:05,0.0005
9,240+,1780329304,2026-06-01T23:55:04,0.0005
9,240+,1780329904,2026-06-02T00:05:04,0.0005
9,240+,1780330205,2026-06-02T00:10:05,0.0005
9,240+,1780330504,2026-06-02T00:15:04,0.0005
9,240+,1780330804,2026-06-02T00:20:04,0.0005
9,240+,1780331104,2026-06-02T00:25:04,0.0005
9,240+,1780331406,2026-06-02T00:30:06,0.0005
9,240+,1780331704,2026-06-02T00:35:04,0.0005
9,240+,1780332004,2026-06-02T00:40:04,0.0005
9,240+,1780332305,2026-06-02T00:45:05,0.0005
9,240+,1780332604,2026-06-02T00:50:04,0.0005
9,240+,1780332905,2026-06-02T00:55:05,0.0005
9,240+,1780333503,2026-06-02T01:05:03,0.0005
9,240+,1780333803,2026-06-02T01:10:03,0.0005
9,240+,1780334104,2026-06-02T01:15:04,0.0005
9,240+,1780334404,2026-06-02T01:20:04,0.0005
9,240+,1780334704,2026-06-02T01:25:04,0.0005
9,240+,1780335005,2026-06-02T01:30:05,0.0005
9,240+,1780335304,2026-06-02T01:35:04,0.0005
9,240+,1780335603,2026-06-02T01:40:03,0.0005
9,240+,1780335905,2026-06-02T01:45:05,0.0005
9,240+,1780336203,2026-06-02T01:50:03,0.0005
9,240+,1780336504,2026-06-02T01:55:04,0.0005
9,240+,1780337103,2026-06-02T02:05:03,0.0005
9,240+,1780337404,2026-06-02T02:10:04,0.0005
9,240+,1780337704,2026-06-02T02:15:04,0.0005
9,240+,1780338005,2026-06-02T02:20:05,0.0005
9,240+,1780338318,2026-06-02T02:25:18,0.0005
9,240+,1780338605,2026-06-02T02:30:05,0.0005
9,240+,1780338903,2026-06-02T02:35:03,0.0005
9,240+,1780339203,2026-06-02T02:40:03,0.0005
9,240+,1780339503,2026-06-02T02:45:03,0.0005
9,240+,1780339804,2026-06-02T02:50:04,0.0005
9,240+,1780340103,2026-06-02T02:55:03,0.0005
9,240+,1780340703,2026-06-02T03:05:03,0.0005
9,240+,1780341004,2026-06-02T03:10:04,0.0005
9,240+,1780341303,2026-06-02T03:15:03,0.0005
9,240+,1780341620,2026-06-02T03:20:20,0.0005
9,240+,1780341903,2026-06-02T03:25:03,0.0005
9,240+,1780342203,2026-06-02T03:30:03,0.0005
9,240+,1780342504,2026-06-02T03:35:04,0.0005
9,240+,1780342804,2026-06-02T03:40:04,0.0005
