bin_index,outcome,timestamp,datetime,price
0,<40,1774116045,2026-03-22T02:00:45,0.0285
0,<40,1774119640,2026-03-22T03:00:40,0.026
0,<40,1774123239,2026-03-22T04:00:39,0.0115
0,<40,1774126842,2026-03-22T05:00:42,0.016
0,<40,1774130441,2026-03-22T06:00:41,0.0155
0,<40,1774134039,2026-03-22T07:00:39,0.015
0,<40,1774137646,2026-03-22T08:00:46,0.032
0,<40,1774141237,2026-03-22T09:00:37,0.0265
0,<40,1774144833,2026-03-22T10:00:33,0.0155
0,<40,1774148435,2026-03-22T11:00:35,0.0155
0,<40,1774152032,2026-03-22T12:00:32,0.0155
0,<40,1774155638,2026-03-22T13:00:38,0.0155
0,<40,1774159237,2026-03-22T14:00:37,0.0145
0,<40,1774162830,2026-03-22T15:00:30,0.0145
0,<40,1774166433,2026-03-22T16:00:33,0.0145
0,<40,1774170034,2026-03-22T17:00:34,0.017
0,<40,1774173632,2026-03-22T18:00:32,0.0165
0,<40,1774177230,2026-03-22T19:00:30,0.0165
0,<40,1774180852,2026-03-22T20:00:52,0.0165
0,<40,1774184448,2026-03-22T21:00:48,0.019
0,<40,1774188033,2026-03-22T22:00:33,0.0265
0,<40,1774191634,2026-03-22T23:00:34,0.0225
0,<40,1774195235,2026-03-23T00:00:35,0.0215
0,<40,1774202438,2026-03-23T02:00:38,0.0215
0,<40,1774206034,2026-03-23T03:00:34,0.022
0,<40,1774209633,2026-03-23T04:00:33,0.0325
0,<40,1774213237,2026-03-23T05:00:37,0.026
0,<40,1774216834,2026-03-23T06:00:34,0.0215
0,<40,1774220436,2026-03-23T07:00:36,0.0245
0,<40,1774224039,2026-03-23T08:00:39,0.0265
0,<40,1774227632,2026-03-23T09:00:32,0.0225
0,<40,1774231234,2026-03-23T10:00:34,0.0245
0,<40,1774234840,2026-03-23T11:00:40,0.0335
0,<40,1774238429,2026-03-23T12:00:29,0.0275
0,<40,1774242038,2026-03-23T13:00:38,0.0275
0,<40,1774245640,2026-03-23T14:00:40,0.023
0,<40,1774249235,2026-03-23T15:00:35,0.0265
0,<40,1774252839,2026-03-23T16:00:39,0.0265
0,<40,1774256448,2026-03-23T17:00:48,0.0265
0,<40,1774260033,2026-03-23T18:00:33,0.0265
0,<40,1774263630,2026-03-23T19:00:30,0.026
0,<40,1774267237,2026-03-23T20:00:37,0.0235
0,<40,1774270840,2026-03-23T21:00:40,0.0255
0,<40,1774274433,2026-03-23T22:00:33,0.023
0,<40,1774278032,2026-03-23T23:00:32,0.027
0,<40,1774281632,2026-03-24T00:00:32,0.0245
0,<40,1774285251,2026-03-24T01:00:51,0.0265
0,<40,1774288833,2026-03-24T02:00:33,0.0335
0,<40,1774292449,2026-03-24T03:00:49,0.06
0,<40,1774296035,2026-03-24T04:00:35,0.013
0,<40,1774299638,2026-03-24T05:00:38,0.0165
0,<40,1774303233,2026-03-24T06:00:33,0.016
0,<40,1774306833,2026-03-24T07:00:33,0.0285
0,<40,1774310435,2026-03-24T08:00:35,0.037
0,<40,1774314028,2026-03-24T09:00:28,0.041
0,<40,1774317631,2026-03-24T10:00:31,0.0415
0,<40,1774321233,2026-03-24T11:00:33,0.0455
0,<40,1774324833,2026-03-24T12:00:33,0.0375
0,<40,1774328433,2026-03-24T13:00:33,0.0235
0,<40,1774332041,2026-03-24T14:00:41,0.0155
0,<40,1774335629,2026-03-24T15:00:29,0.036
0,<40,1774339229,2026-03-24T16:00:29,0.0415
0,<40,1774342835,2026-03-24T17:00:35,0.0445
0,<40,1774346429,2026-03-24T18:00:29,0.0445
0,<40,1774350055,2026-03-24T19:00:55,0.052
0,<40,1774353641,2026-03-24T20:00:41,0.014
0,<40,1774357246,2026-03-24T21:00:46,0.0055
0,<40,1774360835,2026-03-24T22:00:35,0.008
0,<40,1774364441,2026-03-24T23:00:41,0.0105
0,<40,1774368034,2026-03-25T00:00:34,0.017
0,<40,1774371635,2026-03-25T01:00:35,0.0185
0,<40,1774375245,2026-03-25T02:00:45,0.0255
0,<40,1774378835,2026-03-25T03:00:35,0.017
0,<40,1774382438,2026-03-25T04:00:38,0.0205
0,<40,1774386054,2026-03-25T05:00:54,0.0135
0,<40,1774389633,2026-03-25T06:00:33,0.02
0,<40,1774393237,2026-03-25T07:00:37,0.0235
0,<40,1774396846,2026-03-25T08:00:46,0.014
0,<40,1774400435,2026-03-25T09:00:35,0.0125
0,<40,1774404036,2026-03-25T10:00:36,0.017
0,<40,1774407639,2026-03-25T11:00:39,0.017
0,<40,1774411238,2026-03-25T12:00:38,0.024
0,<40,1774414838,2026-03-25T13:00:38,0.0045
0,<40,1774418444,2026-03-25T14:00:44,0.0005
0,<40,1774422035,2026-03-25T15:00:35,0.0005
1,40-64,1774112448,2026-03-22T01:00:48,0.16
1,40-64,1774116038,2026-03-22T02:00:38,0.17
1,40-64,1774119635,2026-03-22T03:00:35,0.175
1,40-64,1774123233,2026-03-22T04:00:33,0.155
1,40-64,1774126836,2026-03-22T05:00:36,0.155
1,40-64,1774130436,2026-03-22T06:00:36,0.155
1,40-64,1774134032,2026-03-22T07:00:32,0.145
1,40-64,1774137639,2026-03-22T08:00:39,0.135
1,40-64,1774141233,2026-03-22T09:00:33,0.135
1,40-64,1774144827,2026-03-22T10:00:27,0.13
1,40-64,1774148429,2026-03-22T11:00:29,0.125
1,40-64,1774152028,2026-03-22T12:00:28,0.115
1,40-64,1774155632,2026-03-22T13:00:32,0.12
1,40-64,1774159231,2026-03-22T14:00:31,0.12
1,40-64,1774162826,2026-03-22T15:00:26,0.12
1,40-64,1774166429,2026-03-22T16:00:29,0.115
1,40-64,1774170028,2026-03-22T17:00:28,0.115
1,40-64,1774173628,2026-03-22T18:00:28,0.115
1,40-64,1774177226,2026-03-22T19:00:26,0.115
1,40-64,1774180845,2026-03-22T20:00:45,0.115
1,40-64,1774184438,2026-03-22T21:00:38,0.115
1,40-64,1774188028,2026-03-22T22:00:28,0.115
1,40-64,1774191628,2026-03-22T23:00:28,0.115
1,40-64,1774195230,2026-03-23T00:00:30,0.12
1,40-64,1774198854,2026-03-23T01:00:54,0.115
1,40-64,1774202431,2026-03-23T02:00:31,0.115
1,40-64,1774206030,2026-03-23T03:00:30,0.105
1,40-64,1774209628,2026-03-23T04:00:28,0.11
1,40-64,1774213231,2026-03-23T05:00:31,0.105
1,40-64,1774216829,2026-03-23T06:00:29,0.105
1,40-64,1774220432,2026-03-23T07:00:32,0.105
1,40-64,1774224033,2026-03-23T08:00:33,0.105
1,40-64,1774227628,2026-03-23T09:00:28,0.105
1,40-64,1774231230,2026-03-23T10:00:30,0.105
1,40-64,1774234834,2026-03-23T11:00:34,0.105
1,40-64,1774238426,2026-03-23T12:00:26,0.105
1,40-64,1774242033,2026-03-23T13:00:33,0.105
1,40-64,1774245634,2026-03-23T14:00:34,0.105
1,40-64,1774249231,2026-03-23T15:00:31,0.105
1,40-64,1774252834,2026-03-23T16:00:34,0.11
1,40-64,1774256443,2026-03-23T17:00:43,0.115
1,40-64,1774260028,2026-03-23T18:00:28,0.115
1,40-64,1774263626,2026-03-23T19:00:26,0.125
1,40-64,1774267231,2026-03-23T20:00:31,0.135
1,40-64,1774270833,2026-03-23T21:00:33,0.13
1,40-64,1774274428,2026-03-23T22:00:28,0.125
1,40-64,1774278027,2026-03-23T23:00:27,0.13
1,40-64,1774281627,2026-03-24T00:00:27,0.13
1,40-64,1774285239,2026-03-24T01:00:39,0.155
1,40-64,1774288828,2026-03-24T02:00:28,0.17
1,40-64,1774292444,2026-03-24T03:00:44,0.245
1,40-64,1774296028,2026-03-24T04:00:28,0.155
1,40-64,1774299631,2026-03-24T05:00:31,0.165
1,40-64,1774303229,2026-03-24T06:00:29,0.165
1,40-64,1774306828,2026-03-24T07:00:28,0.185
1,40-64,1774310429,2026-03-24T08:00:29,0.195
1,40-64,1774314025,2026-03-24T09:00:25,0.245
1,40-64,1774317628,2026-03-24T10:00:28,0.285
1,40-64,1774321228,2026-03-24T11:00:28,0.3
1,40-64,1774324830,2026-03-24T12:00:30,0.295
1,40-64,1774328430,2026-03-24T13:00:30,0.275
1,40-64,1774332032,2026-03-24T14:00:32,0.23
1,40-64,1774335626,2026-03-24T15:00:26,0.27
1,40-64,1774339226,2026-03-24T16:00:26,0.295
1,40-64,1774342830,2026-03-24T17:00:30,0.315
1,40-64,1774346425,2026-03-24T18:00:25,0.325
1,40-64,1774350049,2026-03-24T19:00:49,0.32
1,40-64,1774353635,2026-03-24T20:00:35,0.31
1,40-64,1774357244,2026-03-24T21:00:44,0.245
1,40-64,1774360833,2026-03-24T22:00:33,0.3
1,40-64,1774364438,2026-03-24T23:00:38,0.36
1,40-64,1774368032,2026-03-25T00:00:32,0.365
1,40-64,1774371634,2026-03-25T01:00:34,0.42
1,40-64,1774375242,2026-03-25T02:00:42,0.41
1,40-64,1774378834,2026-03-25T03:00:34,0.395
1,40-64,1774382436,2026-03-25T04:00:36,0.455
1,40-64,1774386050,2026-03-25T05:00:50,0.52
1,40-64,1774389631,2026-03-25T06:00:31,0.525
1,40-64,1774393235,2026-03-25T07:00:35,0.545
1,40-64,1774396843,2026-03-25T08:00:43,0.595
1,40-64,1774400433,2026-03-25T09:00:33,0.685
1,40-64,1774404034,2026-03-25T10:00:34,0.725
1,40-64,1774407636,2026-03-25T11:00:36,0.725
1,40-64,1774411236,2026-03-25T12:00:36,0.735
1,40-64,1774414836,2026-03-25T13:00:36,0.725
1,40-64,1774418441,2026-03-25T14:00:41,0.76
1,40-64,1774422033,2026-03-25T15:00:33,0.615
1,40-64,1774425632,2026-03-25T16:00:32,0.725
1,40-64,1774429240,2026-03-25T17:00:40,0.74
1,40-64,1774432837,2026-03-25T18:00:37,0.665
1,40-64,1774436439,2026-03-25T19:00:39,0.645
1,40-64,1774440046,2026-03-25T20:00:46,0.66
1,40-64,1774443638,2026-03-25T21:00:38,0.68
1,40-64,1774447247,2026-03-25T22:00:47,0.675
1,40-64,1774450843,2026-03-25T23:00:43,0.96
1,40-64,1774454438,2026-03-26T00:00:38,0.9995
1,40-64,1774458035,2026-03-26T01:00:35,0.9995
1,40-64,1774461644,2026-03-26T02:00:44,0.9995
2,65-89,1774112429,2026-03-22T01:00:29,0.29
2,65-89,1774116029,2026-03-22T02:00:29,0.29
2,65-89,1774119628,2026-03-22T03:00:28,0.29
2,65-89,1774123224,2026-03-22T04:00:24,0.3
2,65-89,1774126827,2026-03-22T05:00:27,0.29
2,65-89,1774130425,2026-03-22T06:00:25,0.29
2,65-89,1774134025,2026-03-22T07:00:25,0.285
2,65-89,1774137629,2026-03-22T08:00:29,0.28
2,65-89,1774141226,2026-03-22T09:00:26,0.28
2,65-89,1774144821,2026-03-22T10:00:21,0.29
2,65-89,1774148421,2026-03-22T11:00:21,0.285
2,65-89,1774152022,2026-03-22T12:00:22,0.285
2,65-89,1774155622,2026-03-22T13:00:22,0.29
2,65-89,1774159222,2026-03-22T14:00:22,0.28
2,65-89,1774162820,2026-03-22T15:00:20,0.275
2,65-89,1774166423,2026-03-22T16:00:23,0.275
2,65-89,1774170020,2026-03-22T17:00:20,0.275
2,65-89,1774173621,2026-03-22T18:00:21,0.275
2,65-89,1774177220,2026-03-22T19:00:20,0.27
2,65-89,1774180836,2026-03-22T20:00:36,0.275
2,65-89,1774184423,2026-03-22T21:00:23,0.275
2,65-89,1774188021,2026-03-22T22:00:21,0.275
2,65-89,1774191620,2026-03-22T23:00:20,0.275
2,65-89,1774195224,2026-03-23T00:00:24,0.275
2,65-89,1774198827,2026-03-23T01:00:27,0.265
2,65-89,1774202423,2026-03-23T02:00:23,0.265
2,65-89,1774206024,2026-03-23T03:00:24,0.255
2,65-89,1774209623,2026-03-23T04:00:23,0.255
2,65-89,1774213222,2026-03-23T05:00:22,0.26
2,65-89,1774216822,2026-03-23T06:00:22,0.255
2,65-89,1774220426,2026-03-23T07:00:26,0.255
2,65-89,1774224023,2026-03-23T08:00:23,0.26
2,65-89,1774227623,2026-03-23T09:00:23,0.265
2,65-89,1774231224,2026-03-23T10:00:24,0.27
2,65-89,1774234826,2026-03-23T11:00:26,0.265
2,65-89,1774238420,2026-03-23T12:00:20,0.27
2,65-89,1774242027,2026-03-23T13:00:27,0.27
2,65-89,1774245626,2026-03-23T14:00:26,0.265
2,65-89,1774249225,2026-03-23T15:00:25,0.275
2,65-89,1774252825,2026-03-23T16:00:25,0.285
2,65-89,1774256435,2026-03-23T17:00:35,0.29
2,65-89,1774260021,2026-03-23T18:00:21,0.285
2,65-89,1774263621,2026-03-23T19:00:21,0.285
2,65-89,1774267223,2026-03-23T20:00:23,0.285
2,65-89,1774270823,2026-03-23T21:00:23,0.285
2,65-89,1774274422,2026-03-23T22:00:22,0.28
2,65-89,1774278019,2026-03-23T23:00:19,0.29
2,65-89,1774281620,2026-03-24T00:00:20,0.305
2,65-89,1774285223,2026-03-24T01:00:23,0.31
2,65-89,1774288820,2026-03-24T02:00:20,0.315
2,65-89,1774292436,2026-03-24T03:00:36,0.32
2,65-89,1774296021,2026-03-24T04:00:21,0.35
2,65-89,1774299620,2026-03-24T05:00:20,0.365
2,65-89,1774303223,2026-03-24T06:00:23,0.375
2,65-89,1774306821,2026-03-24T07:00:21,0.365
2,65-89,1774310422,2026-03-24T08:00:22,0.37
2,65-89,1774314021,2026-03-24T09:00:21,0.355
2,65-89,1774317623,2026-03-24T10:00:23,0.355
2,65-89,1774321221,2026-03-24T11:00:21,0.36
2,65-89,1774324824,2026-03-24T12:00:24,0.38
2,65-89,1774328425,2026-03-24T13:00:25,0.395
2,65-89,1774332022,2026-03-24T14:00:22,0.39
2,65-89,1774335621,2026-03-24T15:00:21,0.39
2,65-89,1774339221,2026-03-24T16:00:21,0.375
2,65-89,1774342822,2026-03-24T17:00:22,0.365
2,65-89,1774346420,2026-03-24T18:00:20,0.365
2,65-89,1774350039,2026-03-24T19:00:39,0.355
2,65-89,1774353627,2026-03-24T20:00:27,0.38
2,65-89,1774357242,2026-03-24T21:00:42,0.405
2,65-89,1774360831,2026-03-24T22:00:31,0.47
2,65-89,1774364435,2026-03-24T23:00:35,0.43
2,65-89,1774368030,2026-03-25T00:00:30,0.49
2,65-89,1774371631,2026-03-25T01:00:31,0.46
2,65-89,1774375239,2026-03-25T02:00:39,0.475
2,65-89,1774378831,2026-03-25T03:00:31,0.49
2,65-89,1774382434,2026-03-25T04:00:34,0.455
2,65-89,1774386043,2026-03-25T05:00:43,0.405
2,65-89,1774389629,2026-03-25T06:00:29,0.405
2,65-89,1774393232,2026-03-25T07:00:32,0.37
2,65-89,1774396839,2026-03-25T08:00:39,0.335
2,65-89,1774400431,2026-03-25T09:00:31,0.275
2,65-89,1774404032,2026-03-25T10:00:32,0.235
2,65-89,1774407633,2026-03-25T11:00:33,0.225
2,65-89,1774411234,2026-03-25T12:00:34,0.225
2,65-89,1774414834,2026-03-25T13:00:34,0.25
2,65-89,1774418437,2026-03-25T14:00:37,0.215
2,65-89,1774422031,2026-03-25T15:00:31,0.355
2,65-89,1774425630,2026-03-25T16:00:30,0.255
2,65-89,1774429236,2026-03-25T17:00:36,0.25
2,65-89,1774432835,2026-03-25T18:00:35,0.28
2,65-89,1774436436,2026-03-25T19:00:36,0.335
2,65-89,1774440041,2026-03-25T20:00:41,0.33
2,65-89,1774443635,2026-03-25T21:00:35,0.315
2,65-89,1774447244,2026-03-25T22:00:44,0.305
2,65-89,1774450839,2026-03-25T23:00:39,0.026
2,65-89,1774454435,2026-03-26T00:00:35,0.0005
2,65-89,1774458032,2026-03-26T01:00:32,0.0005
2,65-89,1774461639,2026-03-26T02:00:39,0.0005
3,90-114,1774116049,2026-03-22T02:00:49,0.265
3,90-114,1774119643,2026-03-22T03:00:43,0.265
3,90-114,1774123242,2026-03-22T04:00:42,0.29
3,90-114,1774126846,2026-03-22T05:00:46,0.28
3,90-114,1774130445,2026-03-22T06:00:45,0.285
3,90-114,1774134042,2026-03-22T07:00:42,0.3
3,90-114,1774137650,2026-03-22T08:00:50,0.28
3,90-114,1774141239,2026-03-22T09:00:39,0.285
3,90-114,1774144836,2026-03-22T10:00:36,0.29
3,90-114,1774148438,2026-03-22T11:00:38,0.285
3,90-114,1774152035,2026-03-22T12:00:35,0.29
3,90-114,1774155642,2026-03-22T13:00:42,0.29
3,90-114,1774159240,2026-03-22T14:00:40,0.29
3,90-114,1774162833,2026-03-22T15:00:33,0.29
3,90-114,1774166435,2026-03-22T16:00:35,0.295
3,90-114,1774170038,2026-03-22T17:00:38,0.295
3,90-114,1774173635,2026-03-22T18:00:35,0.295
3,90-114,1774177232,2026-03-22T19:00:32,0.295
3,90-114,1774180856,2026-03-22T20:00:56,0.295
3,90-114,1774184453,2026-03-22T21:00:53,0.3
3,90-114,1774188036,2026-03-22T22:00:36,0.3
3,90-114,1774191637,2026-03-22T23:00:37,0.295
3,90-114,1774195238,2026-03-23T00:00:38,0.295
3,90-114,1774202441,2026-03-23T02:00:41,0.305
3,90-114,1774206037,2026-03-23T03:00:37,0.305
3,90-114,1774209635,2026-03-23T04:00:35,0.305
3,90-114,1774213240,2026-03-23T05:00:40,0.31
3,90-114,1774216837,2026-03-23T06:00:37,0.305
3,90-114,1774220438,2026-03-23T07:00:38,0.315
3,90-114,1774224043,2026-03-23T08:00:43,0.31
3,90-114,1774227635,2026-03-23T09:00:35,0.305
3,90-114,1774231236,2026-03-23T10:00:36,0.305
3,90-114,1774234843,2026-03-23T11:00:43,0.305
3,90-114,1774238432,2026-03-23T12:00:32,0.305
3,90-114,1774242041,2026-03-23T13:00:41,0.305
3,90-114,1774245643,2026-03-23T14:00:43,0.305
3,90-114,1774249237,2026-03-23T15:00:37,0.295
3,90-114,1774252841,2026-03-23T16:00:41,0.295
3,90-114,1774256451,2026-03-23T17:00:51,0.295
3,90-114,1774260036,2026-03-23T18:00:36,0.305
3,90-114,1774263632,2026-03-23T19:00:32,0.31
3,90-114,1774267241,2026-03-23T20:00:41,0.305
3,90-114,1774270843,2026-03-23T21:00:43,0.31
3,90-114,1774274436,2026-03-23T22:00:36,0.32
3,90-114,1774278035,2026-03-23T23:00:35,0.325
3,90-114,1774281635,2026-03-24T00:00:35,0.32
3,90-114,1774285259,2026-03-24T01:00:59,0.305
3,90-114,1774288836,2026-03-24T02:00:36,0.285
3,90-114,1774292453,2026-03-24T03:00:53,0.255
3,90-114,1774296039,2026-03-24T04:00:39,0.325
3,90-114,1774299643,2026-03-24T05:00:43,0.315
3,90-114,1774303235,2026-03-24T06:00:35,0.31
3,90-114,1774306836,2026-03-24T07:00:36,0.285
3,90-114,1774310438,2026-03-24T08:00:38,0.26
3,90-114,1774314030,2026-03-24T09:00:30,0.255
3,90-114,1774317633,2026-03-24T10:00:33,0.235
3,90-114,1774321235,2026-03-24T11:00:35,0.215
3,90-114,1774324835,2026-03-24T12:00:35,0.215
3,90-114,1774328435,2026-03-24T13:00:35,0.225
3,90-114,1774332046,2026-03-24T14:00:46,0.25
3,90-114,1774335633,2026-03-24T15:00:33,0.23
3,90-114,1774339231,2026-03-24T16:00:31,0.215
3,90-114,1774342838,2026-03-24T17:00:38,0.215
3,90-114,1774346431,2026-03-24T18:00:31,0.205
3,90-114,1774350059,2026-03-24T19:00:59,0.175
3,90-114,1774353644,2026-03-24T20:00:44,0.195
3,90-114,1774357247,2026-03-24T21:00:47,0.2
3,90-114,1774360836,2026-03-24T22:00:36,0.165
3,90-114,1774364442,2026-03-24T23:00:42,0.125
3,90-114,1774368035,2026-03-25T00:00:35,0.1
3,90-114,1774371639,2026-03-25T01:00:39,0.075
3,90-114,1774375247,2026-03-25T02:00:47,0.085
3,90-114,1774378837,2026-03-25T03:00:37,0.085
3,90-114,1774382439,2026-03-25T04:00:39,0.075
3,90-114,1774386057,2026-03-25T05:00:57,0.065
3,90-114,1774389634,2026-03-25T06:00:34,0.055
3,90-114,1774393238,2026-03-25T07:00:38,0.0425
3,90-114,1774396847,2026-03-25T08:00:47,0.036
3,90-114,1774400436,2026-03-25T09:00:36,0.0285
3,90-114,1774404037,2026-03-25T10:00:37,0.025
3,90-114,1774407640,2026-03-25T11:00:40,0.024
3,90-114,1774411239,2026-03-25T12:00:39,0.022
3,90-114,1774414839,2026-03-25T13:00:39,0.0245
3,90-114,1774418446,2026-03-25T14:00:46,0.023
3,90-114,1774422036,2026-03-25T15:00:36,0.0325
3,90-114,1774425635,2026-03-25T16:00:35,0.0205
3,90-114,1774429244,2026-03-25T17:00:44,0.0155
3,90-114,1774432841,2026-03-25T18:00:41,0.0145
3,90-114,1774436442,2026-03-25T19:00:42,0.011
3,90-114,1774440051,2026-03-25T20:00:51,0.012
3,90-114,1774443641,2026-03-25T21:00:41,0.0065
3,90-114,1774447250,2026-03-25T22:00:50,0.0035
3,90-114,1774450847,2026-03-25T23:00:47,0.0005
3,90-114,1774454440,2026-03-26T00:00:40,0.0005
3,90-114,1774458038,2026-03-26T01:00:38,0.0005
3,90-114,1774461648,2026-03-26T02:00:48,0.0005
4,115-139,1774116046,2026-03-22T02:00:46,0.18
4,115-139,1774119641,2026-03-22T03:00:41,0.18
4,115-139,1774123240,2026-03-22T04:00:40,0.19
4,115-139,1774126843,2026-03-22T05:00:43,0.18
4,115-139,1774130442,2026-03-22T06:00:42,0.18
4,115-139,1774134040,2026-03-22T07:00:40,0.175
4,115-139,1774137647,2026-03-22T08:00:47,0.175
4,115-139,1774141238,2026-03-22T09:00:38,0.175
4,115-139,1774144834,2026-03-22T10:00:34,0.19
4,115-139,1774148436,2026-03-22T11:00:36,0.185
4,115-139,1774152033,2026-03-22T12:00:33,0.185
4,115-139,1774155640,2026-03-22T13:00:40,0.19
4,115-139,1774159238,2026-03-22T14:00:38,0.2
4,115-139,1774162831,2026-03-22T15:00:31,0.19
4,115-139,1774166434,2026-03-22T16:00:34,0.185
4,115-139,1774170036,2026-03-22T17:00:36,0.185
4,115-139,1774173633,2026-03-22T18:00:33,0.185
4,115-139,1774177231,2026-03-22T19:00:31,0.19
4,115-139,1774180853,2026-03-22T20:00:53,0.2
4,115-139,1774184449,2026-03-22T21:00:49,0.19
4,115-139,1774188034,2026-03-22T22:00:34,0.19
4,115-139,1774191635,2026-03-22T23:00:35,0.185
4,115-139,1774195236,2026-03-23T00:00:36,0.185
4,115-139,1774202439,2026-03-23T02:00:39,0.185
4,115-139,1774206035,2026-03-23T03:00:35,0.19
4,115-139,1774209634,2026-03-23T04:00:34,0.2
4,115-139,1774213238,2026-03-23T05:00:38,0.195
4,115-139,1774216835,2026-03-23T06:00:35,0.205
4,115-139,1774220437,2026-03-23T07:00:37,0.195
4,115-139,1774224040,2026-03-23T08:00:40,0.195
4,115-139,1774227633,2026-03-23T09:00:33,0.195
4,115-139,1774231235,2026-03-23T10:00:35,0.195
4,115-139,1774234841,2026-03-23T11:00:41,0.195
4,115-139,1774238430,2026-03-23T12:00:30,0.2
4,115-139,1774242039,2026-03-23T13:00:39,0.2
4,115-139,1774245641,2026-03-23T14:00:41,0.205
4,115-139,1774249236,2026-03-23T15:00:36,0.195
4,115-139,1774252839,2026-03-23T16:00:39,0.19
4,115-139,1774256449,2026-03-23T17:00:49,0.175
4,115-139,1774260034,2026-03-23T18:00:34,0.165
4,115-139,1774263631,2026-03-23T19:00:31,0.165
4,115-139,1774267238,2026-03-23T20:00:38,0.175
4,115-139,1774270841,2026-03-23T21:00:41,0.17
4,115-139,1774274434,2026-03-23T22:00:34,0.175
4,115-139,1774278033,2026-03-23T23:00:33,0.17
4,115-139,1774281633,2026-03-24T00:00:33,0.155
4,115-139,1774285254,2026-03-24T01:00:54,0.155
4,115-139,1774288834,2026-03-24T02:00:34,0.145
4,115-139,1774292450,2026-03-24T03:00:50,0.105
4,115-139,1774296036,2026-03-24T04:00:36,0.13
4,115-139,1774299640,2026-03-24T05:00:40,0.115
4,115-139,1774303234,2026-03-24T06:00:34,0.11
4,115-139,1774306834,2026-03-24T07:00:34,0.105
4,115-139,1774310436,2026-03-24T08:00:36,0.095
4,115-139,1774314029,2026-03-24T09:00:29,0.085
4,115-139,1774317632,2026-03-24T10:00:32,0.075
4,115-139,1774321234,2026-03-24T11:00:34,0.075
4,115-139,1774324834,2026-03-24T12:00:34,0.065
4,115-139,1774328434,2026-03-24T13:00:34,0.075
4,115-139,1774332043,2026-03-24T14:00:43,0.07
4,115-139,1774335630,2026-03-24T15:00:30,0.07
4,115-139,1774339230,2026-03-24T16:00:30,0.065
4,115-139,1774342836,2026-03-24T17:00:36,0.065
4,115-139,1774346430,2026-03-24T18:00:30,0.065
4,115-139,1774350056,2026-03-24T19:00:56,0.065
4,115-139,1774353642,2026-03-24T20:00:42,0.095
4,115-139,1774357246,2026-03-24T21:00:46,0.12
4,115-139,1774360835,2026-03-24T22:00:35,0.04
4,115-139,1774364441,2026-03-24T23:00:41,0.0375
4,115-139,1774368034,2026-03-25T00:00:34,0.021
4,115-139,1774371637,2026-03-25T01:00:37,0.0115
4,115-139,1774375246,2026-03-25T02:00:46,0.0155
4,115-139,1774378836,2026-03-25T03:00:36,0.0105
4,115-139,1774382438,2026-03-25T04:00:38,0.008
4,115-139,1774386055,2026-03-25T05:00:55,0.0035
4,115-139,1774389633,2026-03-25T06:00:33,0.0035
4,115-139,1774393237,2026-03-25T07:00:37,0.0035
4,115-139,1774396847,2026-03-25T08:00:47,0.004
4,115-139,1774400435,2026-03-25T09:00:35,0.002
4,115-139,1774404036,2026-03-25T10:00:36,0.0025
4,115-139,1774407639,2026-03-25T11:00:39,0.0035
4,115-139,1774411238,2026-03-25T12:00:38,0.002
4,115-139,1774414838,2026-03-25T13:00:38,0.0025
4,115-139,1774418445,2026-03-25T14:00:45,0.0015
4,115-139,1774422035,2026-03-25T15:00:35,0.0015
4,115-139,1774425634,2026-03-25T16:00:34,0.0015
4,115-139,1774429243,2026-03-25T17:00:43,0.0015
4,115-139,1774432840,2026-03-25T18:00:40,0.0005
4,115-139,1774436441,2026-03-25T19:00:41,0.0005
4,115-139,1774440050,2026-03-25T20:00:50,0.0005
4,115-139,1774443640,2026-03-25T21:00:40,0.0005
4,115-139,1774447249,2026-03-25T22:00:49,0.0005
4,115-139,1774450846,2026-03-25T23:00:46,0.0005
4,115-139,1774454440,2026-03-26T00:00:40,0.0005
4,115-139,1774458037,2026-03-26T01:00:37,0.0005
4,115-139,1774461647,2026-03-26T02:00:47,0.0005
5,140-164,1774112429,2026-03-22T01:00:29,0.045
5,140-164,1774116029,2026-03-22T02:00:29,0.045
5,140-164,1774119627,2026-03-22T03:00:27,0.045
5,140-164,1774123224,2026-03-22T04:00:24,0.0365
5,140-164,1774126827,2026-03-22T05:00:27,0.0475
5,140-164,1774130425,2026-03-22T06:00:25,0.0475
5,140-164,1774134025,2026-03-22T07:00:25,0.048
5,140-164,1774137629,2026-03-22T08:00:29,0.0655
5,140-164,1774141226,2026-03-22T09:00:26,0.071
5,140-164,1774144821,2026-03-22T10:00:21,0.0675
5,140-164,1774148421,2026-03-22T11:00:21,0.0735
5,140-164,1774152021,2026-03-22T12:00:21,0.0755
5,140-164,1774155622,2026-03-22T13:00:22,0.0675
5,140-164,1774159222,2026-03-22T14:00:22,0.075
5,140-164,1774162820,2026-03-22T15:00:20,0.079
5,140-164,1774166422,2026-03-22T16:00:22,0.0765
5,140-164,1774170020,2026-03-22T17:00:20,0.076
5,140-164,1774173621,2026-03-22T18:00:21,0.076
5,140-164,1774177220,2026-03-22T19:00:20,0.0665
5,140-164,1774180836,2026-03-22T20:00:36,0.068
5,140-164,1774184423,2026-03-22T21:00:23,0.0615
5,140-164,1774188021,2026-03-22T22:00:21,0.067
5,140-164,1774191620,2026-03-22T23:00:20,0.0745
5,140-164,1774195224,2026-03-23T00:00:24,0.075
5,140-164,1774198827,2026-03-23T01:00:27,0.0715
5,140-164,1774202423,2026-03-23T02:00:23,0.074
5,140-164,1774206024,2026-03-23T03:00:24,0.0745
5,140-164,1774209622,2026-03-23T04:00:22,0.0725
5,140-164,1774213222,2026-03-23T05:00:22,0.073
5,140-164,1774216822,2026-03-23T06:00:22,0.0705
5,140-164,1774220426,2026-03-23T07:00:26,0.0735
5,140-164,1774224023,2026-03-23T08:00:23,0.0685
5,140-164,1774227623,2026-03-23T09:00:23,0.059
5,140-164,1774231224,2026-03-23T10:00:24,0.065
5,140-164,1774234826,2026-03-23T11:00:26,0.0665
5,140-164,1774238420,2026-03-23T12:00:20,0.0675
5,140-164,1774242027,2026-03-23T13:00:27,0.065
5,140-164,1774245626,2026-03-23T14:00:26,0.0645
5,140-164,1774249224,2026-03-23T15:00:24,0.061
5,140-164,1774252824,2026-03-23T16:00:24,0.064
5,140-164,1774256435,2026-03-23T17:00:35,0.065
5,140-164,1774260021,2026-03-23T18:00:21,0.0615
5,140-164,1774263621,2026-03-23T19:00:21,0.066
5,140-164,1774267223,2026-03-23T20:00:23,0.0695
5,140-164,1774270823,2026-03-23T21:00:23,0.061
5,140-164,1774274422,2026-03-23T22:00:22,0.0615
5,140-164,1774278019,2026-03-23T23:00:19,0.0605
5,140-164,1774281620,2026-03-24T00:00:20,0.0505
5,140-164,1774285223,2026-03-24T01:00:23,0.0505
5,140-164,1774288820,2026-03-24T02:00:20,0.044
5,140-164,1774292436,2026-03-24T03:00:36,0.0285
5,140-164,1774296021,2026-03-24T04:00:21,0.029
5,140-164,1774299620,2026-03-24T05:00:20,0.0275
5,140-164,1774303223,2026-03-24T06:00:23,0.029
5,140-164,1774306821,2026-03-24T07:00:21,0.029
5,140-164,1774310422,2026-03-24T08:00:22,0.028
5,140-164,1774314021,2026-03-24T09:00:21,0.0275
5,140-164,1774317623,2026-03-24T10:00:23,0.0175
5,140-164,1774321221,2026-03-24T11:00:21,0.0145
5,140-164,1774324824,2026-03-24T12:00:24,0.0125
5,140-164,1774328425,2026-03-24T13:00:25,0.013
5,140-164,1774332022,2026-03-24T14:00:22,0.0125
5,140-164,1774335621,2026-03-24T15:00:21,0.0115
5,140-164,1774339221,2026-03-24T16:00:21,0.0105
5,140-164,1774342822,2026-03-24T17:00:22,0.0095
5,140-164,1774346420,2026-03-24T18:00:20,0.0095
5,140-164,1774350039,2026-03-24T19:00:39,0.01
5,140-164,1774353626,2026-03-24T20:00:26,0.0075
5,140-164,1774357242,2026-03-24T21:00:42,0.0085
5,140-164,1774360831,2026-03-24T22:00:31,0.008
5,140-164,1774364435,2026-03-24T23:00:35,0.0095
5,140-164,1774368030,2026-03-25T00:00:30,0.0025
5,140-164,1774371631,2026-03-25T01:00:31,0.0015
5,140-164,1774375239,2026-03-25T02:00:39,0.0025
5,140-164,1774378831,2026-03-25T03:00:31,0.0015
5,140-164,1774382434,2026-03-25T04:00:34,0.0015
5,140-164,1774386043,2026-03-25T05:00:43,0.0015
5,140-164,1774389629,2026-03-25T06:00:29,0.0015
5,140-164,1774393232,2026-03-25T07:00:32,0.0015
5,140-164,1774396839,2026-03-25T08:00:39,0.0015
5,140-164,1774400430,2026-03-25T09:00:30,0.0005
5,140-164,1774404032,2026-03-25T10:00:32,0.0005
5,140-164,1774407633,2026-03-25T11:00:33,0.0005
5,140-164,1774411234,2026-03-25T12:00:34,0.0005
5,140-164,1774414834,2026-03-25T13:00:34,0.0005
5,140-164,1774418437,2026-03-25T14:00:37,0.0005
5,140-164,1774422031,2026-03-25T15:00:31,0.0005
5,140-164,1774425630,2026-03-25T16:00:30,0.0005
5,140-164,1774429236,2026-03-25T17:00:36,0.0005
5,140-164,1774432835,2026-03-25T18:00:35,0.0005
5,140-164,1774436436,2026-03-25T19:00:36,0.0005
5,140-164,1774440041,2026-03-25T20:00:41,0.0005
5,140-164,1774443635,2026-03-25T21:00:35,0.0005
5,140-164,1774447244,2026-03-25T22:00:44,0.0005
5,140-164,1774450839,2026-03-25T23:00:39,0.0005
5,140-164,1774454435,2026-03-26T00:00:35,0.0005
5,140-164,1774458032,2026-03-26T01:00:32,0.0005
5,140-164,1774461639,2026-03-26T02:00:39,0.0005
6,165-189,1774116050,2026-03-22T02:00:50,0.0255
6,165-189,1774119644,2026-03-22T03:00:44,0.025
6,165-189,1774123243,2026-03-22T04:00:43,0.026
6,165-189,1774126847,2026-03-22T05:00:47,0.0295
6,165-189,1774130446,2026-03-22T06:00:46,0.0315
6,165-189,1774134042,2026-03-22T07:00:42,0.0315
6,165-189,1774137651,2026-03-22T08:00:51,0.033
6,165-189,1774141240,2026-03-22T09:00:40,0.033
6,165-189,1774144837,2026-03-22T10:00:37,0.0335
6,165-189,1774148439,2026-03-22T11:00:39,0.035
6,165-189,1774152036,2026-03-22T12:00:36,0.0375
6,165-189,1774155644,2026-03-22T13:00:44,0.0375
6,165-189,1774159241,2026-03-22T14:00:41,0.0395
6,165-189,1774162834,2026-03-22T15:00:34,0.0385
6,165-189,1774166436,2026-03-22T16:00:36,0.038
6,165-189,1774170039,2026-03-22T17:00:39,0.038
6,165-189,1774173636,2026-03-22T18:00:36,0.037
6,165-189,1774177233,2026-03-22T19:00:33,0.0285
6,165-189,1774180857,2026-03-22T20:00:57,0.0245
6,165-189,1774184455,2026-03-22T21:00:55,0.025
6,165-189,1774188037,2026-03-22T22:00:37,0.0235
6,165-189,1774191639,2026-03-22T23:00:39,0.0315
6,165-189,1774195239,2026-03-23T00:00:39,0.03
6,165-189,1774202443,2026-03-23T02:00:43,0.0305
6,165-189,1774206037,2026-03-23T03:00:37,0.0275
6,165-189,1774209636,2026-03-23T04:00:36,0.0265
6,165-189,1774213241,2026-03-23T05:00:41,0.029
6,165-189,1774216838,2026-03-23T06:00:38,0.0305
6,165-189,1774220439,2026-03-23T07:00:39,0.032
6,165-189,1774224044,2026-03-23T08:00:44,0.032
6,165-189,1774227635,2026-03-23T09:00:35,0.0315
6,165-189,1774231237,2026-03-23T10:00:37,0.0315
6,165-189,1774234844,2026-03-23T11:00:44,0.0315
6,165-189,1774238433,2026-03-23T12:00:33,0.0325
6,165-189,1774242042,2026-03-23T13:00:42,0.032
6,165-189,1774245644,2026-03-23T14:00:44,0.0315
6,165-189,1774249238,2026-03-23T15:00:38,0.0315
6,165-189,1774252842,2026-03-23T16:00:42,0.0315
6,165-189,1774256452,2026-03-23T17:00:52,0.0165
6,165-189,1774260037,2026-03-23T18:00:37,0.017
6,165-189,1774263633,2026-03-23T19:00:33,0.0175
6,165-189,1774267242,2026-03-23T20:00:42,0.0165
6,165-189,1774270844,2026-03-23T21:00:44,0.019
6,165-189,1774274437,2026-03-23T22:00:37,0.0165
6,165-189,1774278036,2026-03-23T23:00:36,0.0155
6,165-189,1774281636,2026-03-24T00:00:36,0.026
6,165-189,1774288838,2026-03-24T02:00:38,0.0145
6,165-189,1774292454,2026-03-24T03:00:54,0.0115
6,165-189,1774296040,2026-03-24T04:00:40,0.008
6,165-189,1774299645,2026-03-24T05:00:45,0.0075
6,165-189,1774303236,2026-03-24T06:00:36,0.0075
6,165-189,1774306837,2026-03-24T07:00:37,0.0055
6,165-189,1774310439,2026-03-24T08:00:39,0.006
6,165-189,1774314031,2026-03-24T09:00:31,0.0055
6,165-189,1774317634,2026-03-24T10:00:34,0.0025
6,165-189,1774321236,2026-03-24T11:00:36,0.0025
6,165-189,1774324836,2026-03-24T12:00:36,0.0025
6,165-189,1774328436,2026-03-24T13:00:36,0.0025
6,165-189,1774332047,2026-03-24T14:00:47,0.0025
6,165-189,1774335634,2026-03-24T15:00:34,0.0015
6,165-189,1774339232,2026-03-24T16:00:32,0.0015
6,165-189,1774342839,2026-03-24T17:00:39,0.0015
6,165-189,1774346432,2026-03-24T18:00:32,0.002
6,165-189,1774353646,2026-03-24T20:00:46,0.0015
6,165-189,1774357247,2026-03-24T21:00:47,0.0015
6,165-189,1774360836,2026-03-24T22:00:36,0.0015
6,165-189,1774364443,2026-03-24T23:00:43,0.0015
6,165-189,1774368035,2026-03-25T00:00:35,0.0015
6,165-189,1774371641,2026-03-25T01:00:41,0.0005
6,165-189,1774375247,2026-03-25T02:00:47,0.0005
6,165-189,1774378837,2026-03-25T03:00:37,0.0005
6,165-189,1774382439,2026-03-25T04:00:39,0.0005
6,165-189,1774386058,2026-03-25T05:00:58,0.0005
6,165-189,1774389634,2026-03-25T06:00:34,0.0005
6,165-189,1774393238,2026-03-25T07:00:38,0.0005
6,165-189,1774396848,2026-03-25T08:00:48,0.0005
6,165-189,1774400436,2026-03-25T09:00:36,0.0005
6,165-189,1774404037,2026-03-25T10:00:37,0.0005
6,165-189,1774407641,2026-03-25T11:00:41,0.0005
6,165-189,1774411240,2026-03-25T12:00:40,0.0005
6,165-189,1774414839,2026-03-25T13:00:39,0.0005
6,165-189,1774418446,2026-03-25T14:00:46,0.0005
6,165-189,1774422037,2026-03-25T15:00:37,0.0005
6,165-189,1774425635,2026-03-25T16:00:35,0.0005
6,165-189,1774429245,2026-03-25T17:00:45,0.0005
6,165-189,1774432841,2026-03-25T18:00:41,0.0005
6,165-189,1774436443,2026-03-25T19:00:43,0.0005
6,165-189,1774440051,2026-03-25T20:00:51,0.0005
6,165-189,1774443641,2026-03-25T21:00:41,0.0005
6,165-189,1774447250,2026-03-25T22:00:50,0.0005
6,165-189,1774450848,2026-03-25T23:00:48,0.0005
6,165-189,1774454441,2026-03-26T00:00:41,0.0005
6,165-189,1774458038,2026-03-26T01:00:38,0.0005
6,165-189,1774461649,2026-03-26T02:00:49,0.0005
7,190-214,1774116046,2026-03-22T02:00:46,0.0105
7,190-214,1774119640,2026-03-22T03:00:40,0.012
7,190-214,1774123239,2026-03-22T04:00:39,0.0055
7,190-214,1774126843,2026-03-22T05:00:43,0.0055
7,190-214,1774130442,2026-03-22T06:00:42,0.0125
7,190-214,1774134039,2026-03-22T07:00:39,0.0135
7,190-214,1774137646,2026-03-22T08:00:46,0.0135
7,190-214,1774141237,2026-03-22T09:00:37,0.0105
7,190-214,1774144833,2026-03-22T10:00:33,0.0105
7,190-214,1774148435,2026-03-22T11:00:35,0.0115
7,190-214,1774152033,2026-03-22T12:00:33,0.0115
7,190-214,1774155639,2026-03-22T13:00:39,0.015
7,190-214,1774159237,2026-03-22T14:00:37,0.015
7,190-214,1774162831,2026-03-22T15:00:31,0.015
7,190-214,1774166433,2026-03-22T16:00:33,0.017
7,190-214,1774170035,2026-03-22T17:00:35,0.017
7,190-214,1774173633,2026-03-22T18:00:33,0.017
7,190-214,1774177230,2026-03-22T19:00:30,0.017
7,190-214,1774180853,2026-03-22T20:00:53,0.0155
7,190-214,1774184448,2026-03-22T21:00:48,0.015
7,190-214,1774188033,2026-03-22T22:00:33,0.017
7,190-214,1774191635,2026-03-22T23:00:35,0.0155
7,190-214,1774195236,2026-03-23T00:00:36,0.0145
7,190-214,1774202438,2026-03-23T02:00:38,0.014
7,190-214,1774206035,2026-03-23T03:00:35,0.014
7,190-214,1774209633,2026-03-23T04:00:33,0.0135
7,190-214,1774213237,2026-03-23T05:00:37,0.015
7,190-214,1774216835,2026-03-23T06:00:35,0.0135
7,190-214,1774220436,2026-03-23T07:00:36,0.0135
7,190-214,1774224040,2026-03-23T08:00:40,0.015
7,190-214,1774227633,2026-03-23T09:00:33,0.0135
7,190-214,1774231234,2026-03-23T10:00:34,0.0115
7,190-214,1774234840,2026-03-23T11:00:40,0.0115
7,190-214,1774238430,2026-03-23T12:00:30,0.0115
7,190-214,1774242038,2026-03-23T13:00:38,0.0115
7,190-214,1774245640,2026-03-23T14:00:40,0.012
7,190-214,1774249235,2026-03-23T15:00:35,0.0115
7,190-214,1774252839,2026-03-23T16:00:39,0.013
7,190-214,1774256448,2026-03-23T17:00:48,0.012
7,190-214,1774260034,2026-03-23T18:00:34,0.007
7,190-214,1774263630,2026-03-23T19:00:30,0.0075
7,190-214,1774267237,2026-03-23T20:00:37,0.0065
7,190-214,1774270840,2026-03-23T21:00:40,0.0085
7,190-214,1774274433,2026-03-23T22:00:33,0.0065
7,190-214,1774278032,2026-03-23T23:00:32,0.0065
7,190-214,1774281632,2026-03-24T00:00:32,0.0035
7,190-214,1774285253,2026-03-24T01:00:53,0.0055
7,190-214,1774288834,2026-03-24T02:00:34,0.0025
7,190-214,1774292450,2026-03-24T03:00:50,0.0015
7,190-214,1774296035,2026-03-24T04:00:35,0.0015
7,190-214,1774299639,2026-03-24T05:00:39,0.0015
7,190-214,1774303233,2026-03-24T06:00:33,0.0015
7,190-214,1774306834,2026-03-24T07:00:34,0.0015
7,190-214,1774310435,2026-03-24T08:00:35,0.0015
7,190-214,1774314029,2026-03-24T09:00:29,0.0015
7,190-214,1774317631,2026-03-24T10:00:31,0.0015
7,190-214,1774321233,2026-03-24T11:00:33,0.0015
7,190-214,1774324834,2026-03-24T12:00:34,0.0015
7,190-214,1774328433,2026-03-24T13:00:33,0.0015
7,190-214,1774332041,2026-03-24T14:00:41,0.0015
7,190-214,1774335629,2026-03-24T15:00:29,0.0015
7,190-214,1774339229,2026-03-24T16:00:29,0.0015
7,190-214,1774342835,2026-03-24T17:00:35,0.0015
7,190-214,1774346429,2026-03-24T18:00:29,0.0015
7,190-214,1774350056,2026-03-24T19:00:56,0.0015
7,190-214,1774353641,2026-03-24T20:00:41,0.0015
7,190-214,1774357239,2026-03-24T21:00:39,0.0015
7,190-214,1774360828,2026-03-24T22:00:28,0.0005
7,190-214,1774364430,2026-03-24T23:00:30,0.0005
7,190-214,1774368027,2026-03-25T00:00:27,0.0005
7,190-214,1774371628,2026-03-25T01:00:28,0.0005
7,190-214,1774375233,2026-03-25T02:00:33,0.0005
7,190-214,1774378828,2026-03-25T03:00:28,0.0005
7,190-214,1774382430,2026-03-25T04:00:30,0.0005
7,190-214,1774386035,2026-03-25T05:00:35,0.0005
7,190-214,1774389626,2026-03-25T06:00:26,0.0005
7,190-214,1774393229,2026-03-25T07:00:29,0.0005
7,190-214,1774396834,2026-03-25T08:00:34,0.0005
7,190-214,1774400428,2026-03-25T09:00:28,0.0005
7,190-214,1774404029,2026-03-25T10:00:29,0.0005
7,190-214,1774407628,2026-03-25T11:00:28,0.0005
7,190-214,1774411231,2026-03-25T12:00:31,0.0005
7,190-214,1774414830,2026-03-25T13:00:30,0.0005
7,190-214,1774418432,2026-03-25T14:00:32,0.0005
7,190-214,1774422028,2026-03-25T15:00:28,0.0005
7,190-214,1774425627,2026-03-25T16:00:27,0.0005
7,190-214,1774429232,2026-03-25T17:00:32,0.0005
7,190-214,1774432831,2026-03-25T18:00:31,0.0005
7,190-214,1774436432,2026-03-25T19:00:32,0.0005
7,190-214,1774440036,2026-03-25T20:00:36,0.0005
7,190-214,1774443632,2026-03-25T21:00:32,0.0005
7,190-214,1774447241,2026-03-25T22:00:41,0.0005
7,190-214,1774450834,2026-03-25T23:00:34,0.0005
7,190-214,1774454432,2026-03-26T00:00:32,0.0005
7,190-214,1774458029,2026-03-26T01:00:29,0.0005
7,190-214,1774461634,2026-03-26T02:00:34,0.0005
8,215-239,1774112443,2026-03-22T01:00:43,0.006
8,215-239,1774116036,2026-03-22T02:00:36,0.003
8,215-239,1774119633,2026-03-22T03:00:33,0.0075
8,215-239,1774123230,2026-03-22T04:00:30,0.0045
8,215-239,1774126833,2026-03-22T05:00:33,0.0035
8,215-239,1774130433,2026-03-22T06:00:33,0.0035
8,215-239,1774134030,2026-03-22T07:00:30,0.007
8,215-239,1774137636,2026-03-22T08:00:36,0.0035
8,215-239,1774141231,2026-03-22T09:00:31,0.0035
8,215-239,1774144826,2026-03-22T10:00:26,0.0025
8,215-239,1774148427,2026-03-22T11:00:27,0.0025
8,215-239,1774152026,2026-03-22T12:00:26,0.0025
8,215-239,1774155629,2026-03-22T13:00:29,0.0025
8,215-239,1774159229,2026-03-22T14:00:29,0.0025
8,215-239,1774162824,2026-03-22T15:00:24,0.0025
8,215-239,1774166427,2026-03-22T16:00:27,0.004
8,215-239,1774170026,2026-03-22T17:00:26,0.004
8,215-239,1774173626,2026-03-22T18:00:26,0.004
8,215-239,1774177224,2026-03-22T19:00:24,0.004
8,215-239,1774180843,2026-03-22T20:00:43,0.0035
8,215-239,1774184434,2026-03-22T21:00:34,0.0035
8,215-239,1774188026,2026-03-22T22:00:26,0.004
8,215-239,1774191626,2026-03-22T23:00:26,0.0035
8,215-239,1774195229,2026-03-23T00:00:29,0.0035
8,215-239,1774198847,2026-03-23T01:00:47,0.006
8,215-239,1774202429,2026-03-23T02:00:29,0.0045
8,215-239,1774206028,2026-03-23T03:00:28,0.007
8,215-239,1774209627,2026-03-23T04:00:27,0.007
8,215-239,1774213229,2026-03-23T05:00:29,0.0075
8,215-239,1774216827,2026-03-23T06:00:27,0.005
8,215-239,1774220430,2026-03-23T07:00:30,0.004
8,215-239,1774224030,2026-03-23T08:00:30,0.006
8,215-239,1774227627,2026-03-23T09:00:27,0.0045
8,215-239,1774231229,2026-03-23T10:00:29,0.0045
8,215-239,1774234832,2026-03-23T11:00:32,0.0045
8,215-239,1774238424,2026-03-23T12:00:24,0.005
8,215-239,1774242032,2026-03-23T13:00:32,0.004
8,215-239,1774245632,2026-03-23T14:00:32,0.0035
8,215-239,1774249229,2026-03-23T15:00:29,0.0025
8,215-239,1774252832,2026-03-23T16:00:32,0.006
8,215-239,1774256440,2026-03-23T17:00:40,0.003
8,215-239,1774260026,2026-03-23T18:00:26,0.003
8,215-239,1774263625,2026-03-23T19:00:25,0.003
8,215-239,1774267229,2026-03-23T20:00:29,0.0025
8,215-239,1774270831,2026-03-23T21:00:31,0.0045
8,215-239,1774274427,2026-03-23T22:00:27,0.0025
8,215-239,1774278024,2026-03-23T23:00:24,0.0025
8,215-239,1774281625,2026-03-24T00:00:25,0.003
8,215-239,1774285235,2026-03-24T01:00:35,0.0025
8,215-239,1774288826,2026-03-24T02:00:26,0.0025
8,215-239,1774292442,2026-03-24T03:00:42,0.0015
8,215-239,1774296026,2026-03-24T04:00:26,0.0015
8,215-239,1774299628,2026-03-24T05:00:28,0.0015
8,215-239,1774303227,2026-03-24T06:00:27,0.0015
8,215-239,1774306826,2026-03-24T07:00:26,0.0015
8,215-239,1774310427,2026-03-24T08:00:27,0.0015
8,215-239,1774314024,2026-03-24T09:00:24,0.0015
8,215-239,1774317627,2026-03-24T10:00:27,0.0015
8,215-239,1774321226,2026-03-24T11:00:26,0.0015
8,215-239,1774324828,2026-03-24T12:00:28,0.0015
8,215-239,1774328428,2026-03-24T13:00:28,0.0015
8,215-239,1774332029,2026-03-24T14:00:29,0.0015
8,215-239,1774335624,2026-03-24T15:00:24,0.0015
8,215-239,1774339224,2026-03-24T16:00:24,0.0015
8,215-239,1774342828,2026-03-24T17:00:28,0.0015
8,215-239,1774346424,2026-03-24T18:00:24,0.0015
8,215-239,1774350046,2026-03-24T19:00:46,0.0015
8,215-239,1774353633,2026-03-24T20:00:33,0.0015
8,215-239,1774357244,2026-03-24T21:00:44,0.0005
8,215-239,1774360832,2026-03-24T22:00:32,0.0005
8,215-239,1774364437,2026-03-24T23:00:37,0.0005
8,215-239,1774368031,2026-03-25T00:00:31,0.0005
8,215-239,1774371633,2026-03-25T01:00:33,0.0005
8,215-239,1774375241,2026-03-25T02:00:41,0.0005
8,215-239,1774378833,2026-03-25T03:00:33,0.0005
8,215-239,1774382436,2026-03-25T04:00:36,0.0005
8,215-239,1774386047,2026-03-25T05:00:47,0.0005
8,215-239,1774389630,2026-03-25T06:00:30,0.0005
8,215-239,1774393234,2026-03-25T07:00:34,0.0005
8,215-239,1774396842,2026-03-25T08:00:42,0.0005
8,215-239,1774400432,2026-03-25T09:00:32,0.0005
8,215-239,1774404034,2026-03-25T10:00:34,0.0005
8,215-239,1774407636,2026-03-25T11:00:36,0.0005
8,215-239,1774411236,2026-03-25T12:00:36,0.0005
8,215-239,1774414835,2026-03-25T13:00:35,0.0005
8,215-239,1774418440,2026-03-25T14:00:40,0.0005
8,215-239,1774422033,2026-03-25T15:00:33,0.0005
8,215-239,1774425632,2026-03-25T16:00:32,0.0005
8,215-239,1774429239,2026-03-25T17:00:39,0.0005
8,215-239,1774432837,2026-03-25T18:00:37,0.0005
8,215-239,1774436438,2026-03-25T19:00:38,0.0005
8,215-239,1774440044,2026-03-25T20:00:44,0.0005
8,215-239,1774443637,2026-03-25T21:00:37,0.0005
8,215-239,1774447246,2026-03-25T22:00:46,0.0005
8,215-239,1774450842,2026-03-25T23:00:42,0.0005
8,215-239,1774454437,2026-03-26T00:00:37,0.0005
8,215-239,1774458034,2026-03-26T01:00:34,0.0005
8,215-239,1774461642,2026-03-26T02:00:42,0.0005
9,240+,1774112438,2026-03-22T01:00:38,0.0025
9,240+,1774116033,2026-03-22T02:00:33,0.003
9,240+,1774119631,2026-03-22T03:00:31,0.006
9,240+,1774123228,2026-03-22T04:00:28,0.0035
9,240+,1774126831,2026-03-22T05:00:31,0.0035
9,240+,1774130430,2026-03-22T06:00:30,0.0035
9,240+,1774134028,2026-03-22T07:00:28,0.0035
9,240+,1774137633,2026-03-22T08:00:33,0.0035
9,240+,1774141229,2026-03-22T09:00:29,0.0025
9,240+,1774144824,2026-03-22T10:00:24,0.0025
9,240+,1774148424,2026-03-22T11:00:24,0.0025
9,240+,1774152025,2026-03-22T12:00:25,0.0025
9,240+,1774155626,2026-03-22T13:00:26,0.0025
9,240+,1774159226,2026-03-22T14:00:26,0.0025
9,240+,1774162823,2026-03-22T15:00:23,0.0025
9,240+,1774166425,2026-03-22T16:00:25,0.0025
9,240+,1774170024,2026-03-22T17:00:24,0.0025
9,240+,1774173624,2026-03-22T18:00:24,0.0025
9,240+,1774177223,2026-03-22T19:00:23,0.0025
9,240+,1774180840,2026-03-22T20:00:40,0.0025
9,240+,1774184430,2026-03-22T21:00:30,0.0025
9,240+,1774188024,2026-03-22T22:00:24,0.0025
9,240+,1774191624,2026-03-22T23:00:24,0.0025
9,240+,1774195227,2026-03-23T00:00:27,0.0025
9,240+,1774198840,2026-03-23T01:00:40,0.0025
9,240+,1774202427,2026-03-23T02:00:27,0.0025
9,240+,1774206027,2026-03-23T03:00:27,0.0025
9,240+,1774209625,2026-03-23T04:00:25,0.0025
9,240+,1774213226,2026-03-23T05:00:26,0.0025
9,240+,1774216825,2026-03-23T06:00:25,0.0025
9,240+,1774220429,2026-03-23T07:00:29,0.0025
9,240+,1774224027,2026-03-23T08:00:27,0.0025
9,240+,1774227625,2026-03-23T09:00:25,0.0025
9,240+,1774231227,2026-03-23T10:00:27,0.0025
9,240+,1774234829,2026-03-23T11:00:29,0.002
9,240+,1774238422,2026-03-23T12:00:22,0.002
9,240+,1774242030,2026-03-23T13:00:30,0.002
9,240+,1774245630,2026-03-23T14:00:30,0.0015
9,240+,1774249227,2026-03-23T15:00:27,0.0015
9,240+,1774252829,2026-03-23T16:00:29,0.002
9,240+,1774256438,2026-03-23T17:00:38,0.002
9,240+,1774260024,2026-03-23T18:00:24,0.0025
9,240+,1774263623,2026-03-23T19:00:23,0.0025
9,240+,1774267226,2026-03-23T20:00:26,0.0025
9,240+,1774270828,2026-03-23T21:00:28,0.0025
9,240+,1774274425,2026-03-23T22:00:25,0.0015
9,240+,1774278022,2026-03-23T23:00:22,0.0015
9,240+,1774281623,2026-03-24T00:00:23,0.0015
9,240+,1774285230,2026-03-24T01:00:30,0.0015
9,240+,1774288823,2026-03-24T02:00:23,0.0015
9,240+,1774292440,2026-03-24T03:00:40,0.0015
9,240+,1774296024,2026-03-24T04:00:24,0.0015
9,240+,1774299625,2026-03-24T05:00:25,0.0015
9,240+,1774303226,2026-03-24T06:00:26,0.0015
9,240+,1774306824,2026-03-24T07:00:24,0.0015
9,240+,1774310425,2026-03-24T08:00:25,0.0015
9,240+,1774314023,2026-03-24T09:00:23,0.0015
9,240+,1774317625,2026-03-24T10:00:25,0.0015
9,240+,1774321224,2026-03-24T11:00:24,0.0015
9,240+,1774324826,2026-03-24T12:00:26,0.0005
9,240+,1774328427,2026-03-24T13:00:27,0.0005
9,240+,1774332026,2026-03-24T14:00:26,0.0005
9,240+,1774335623,2026-03-24T15:00:23,0.0005
9,240+,1774339223,2026-03-24T16:00:23,0.0005
9,240+,1774342826,2026-03-24T17:00:26,0.0005
9,240+,1774346422,2026-03-24T18:00:22,0.0005
9,240+,1774350044,2026-03-24T19:00:44,0.0005
9,240+,1774353630,2026-03-24T20:00:30,0.0005
9,240+,1774357243,2026-03-24T21:00:43,0.0005
9,240+,1774360832,2026-03-24T22:00:32,0.0005
9,240+,1774364436,2026-03-24T23:00:36,0.0005
9,240+,1774368031,2026-03-25T00:00:31,0.0005
9,240+,1774371632,2026-03-25T01:00:32,0.0005
9,240+,1774375240,2026-03-25T02:00:40,0.0005
9,240+,1774378832,2026-03-25T03:00:32,0.0005
9,240+,1774382435,2026-03-25T04:00:35,0.0005
9,240+,1774386046,2026-03-25T05:00:46,0.0005
9,240+,1774389630,2026-03-25T06:00:30,0.0005
9,240+,1774393234,2026-03-25T07:00:34,0.0005
9,240+,1774396841,2026-03-25T08:00:41,0.0005
9,240+,1774400432,2026-03-25T09:00:32,0.0005
9,240+,1774404033,2026-03-25T10:00:33,0.0005
9,240+,1774407634,2026-03-25T11:00:34,0.0005
9,240+,1774411235,2026-03-25T12:00:35,0.0005
9,240+,1774414835,2026-03-25T13:00:35,0.0005
9,240+,1774418439,2026-03-25T14:00:39,0.0005
9,240+,1774422032,2026-03-25T15:00:32,0.0005
9,240+,1774425631,2026-03-25T16:00:31,0.0005
9,240+,1774429238,2026-03-25T17:00:38,0.0005
9,240+,1774432836,2026-03-25T18:00:36,0.0005
9,240+,1774436437,2026-03-25T19:00:37,0.0005
9,240+,1774440043,2026-03-25T20:00:43,0.0005
9,240+,1774443636,2026-03-25T21:00:36,0.0005
9,240+,1774447246,2026-03-25T22:00:46,0.0005
9,240+,1774450841,2026-03-25T23:00:41,0.0005
9,240+,1774454436,2026-03-26T00:00:36,0.0005
9,240+,1774458033,2026-03-26T01:00:33,0.0005
9,240+,1774461641,2026-03-26T02:00:41,0.0005
0,<40,1774110034,2026-03-22T00:20:34,0.045
0,<40,1774110333,2026-03-22T00:25:33,0.045
0,<40,1774110653,2026-03-22T00:30:53,0.045
0,<40,1774110933,2026-03-22T00:35:33,0.05
0,<40,1774111234,2026-03-22T00:40:34,0.05
0,<40,1774111533,2026-03-22T00:45:33,0.05
0,<40,1774111831,2026-03-22T00:50:31,0.04
0,<40,1774112136,2026-03-22T00:55:36,0.04
0,<40,1774112734,2026-03-22T01:05:34,0.04
0,<40,1774113035,2026-03-22T01:10:35,0.04
0,<40,1774113334,2026-03-22T01:15:34,0.04
0,<40,1774113635,2026-03-22T01:20:35,0.045
0,<40,1774113933,2026-03-22T01:25:33,0.045
0,<40,1774114249,2026-03-22T01:30:49,0.04
0,<40,1774114534,2026-03-22T01:35:34,0.04
0,<40,1774114842,2026-03-22T01:40:42,0.04
0,<40,1774115134,2026-03-22T01:45:34,0.0275
0,<40,1774115441,2026-03-22T01:50:41,0.02
0,<40,1774115731,2026-03-22T01:55:31,0.028
0,<40,1774116333,2026-03-22T02:05:33,0.0285
0,<40,1774116635,2026-03-22T02:10:35,0.0285
0,<40,1774116931,2026-03-22T02:15:31,0.0265
0,<40,1774117233,2026-03-22T02:20:33,0.025
0,<40,1774117532,2026-03-22T02:25:32,0.025
0,<40,1774117839,2026-03-22T02:30:39,0.0255
0,<40,1774118135,2026-03-22T02:35:35,0.0255
0,<40,1774118430,2026-03-22T02:40:30,0.026
0,<40,1774118733,2026-03-22T02:45:33,0.026
0,<40,1774119032,2026-03-22T02:50:32,0.026
0,<40,1774119344,2026-03-22T02:55:44,0.026
0,<40,1774119930,2026-03-22T03:05:30,0.026
0,<40,1774120230,2026-03-22T03:10:30,0.026
0,<40,1774120536,2026-03-22T03:15:36,0.026
0,<40,1774120832,2026-03-22T03:20:32,0.026
0,<40,1774121132,2026-03-22T03:25:32,0.0255
0,<40,1774121436,2026-03-22T03:30:36,0.0255
0,<40,1774121743,2026-03-22T03:35:43,0.026
0,<40,1774122043,2026-03-22T03:40:43,0.026
0,<40,1774122330,2026-03-22T03:45:30,0.026
0,<40,1774122632,2026-03-22T03:50:32,0.026
0,<40,1774122932,2026-03-22T03:55:32,0.0115
0,<40,1774123547,2026-03-22T04:05:47,0.0115
0,<40,1774123833,2026-03-22T04:10:33,0.0115
0,<40,1774124133,2026-03-22T04:15:33,0.0115
0,<40,1774124431,2026-03-22T04:20:31,0.0115
0,<40,1774124742,2026-03-22T04:25:42,0.0115
0,<40,1774125049,2026-03-22T04:30:49,0.0115
0,<40,1774125333,2026-03-22T04:35:33,0.0155
0,<40,1774125630,2026-03-22T04:40:30,0.016
0,<40,1774125932,2026-03-22T04:45:32,0.016
0,<40,1774126231,2026-03-22T04:50:31,0.016
0,<40,1774126529,2026-03-22T04:55:29,0.016
0,<40,1774127132,2026-03-22T05:05:32,0.016
0,<40,1774127430,2026-03-22T05:10:30,0.016
0,<40,1774127731,2026-03-22T05:15:31,0.016
0,<40,1774128030,2026-03-22T05:20:30,0.016
0,<40,1774128332,2026-03-22T05:25:32,0.016
0,<40,1774128636,2026-03-22T05:30:36,0.016
0,<40,1774128935,2026-03-22T05:35:35,0.0155
0,<40,1774129231,2026-03-22T05:40:31,0.0155
0,<40,1774129532,2026-03-22T05:45:32,0.0155
0,<40,1774129831,2026-03-22T05:50:31,0.0155
0,<40,1774130135,2026-03-22T05:55:35,0.0155
0,<40,1774130731,2026-03-22T06:05:31,0.0155
0,<40,1774131031,2026-03-22T06:10:31,0.0155
0,<40,1774131341,2026-03-22T06:15:41,0.0155
0,<40,1774131632,2026-03-22T06:20:32,0.0155
0,<40,1774131930,2026-03-22T06:25:30,0.0125
0,<40,1774132238,2026-03-22T06:30:38,0.0125
0,<40,1774132531,2026-03-22T06:35:31,0.015
0,<40,1774132832,2026-03-22T06:40:32,0.015
0,<40,1774133132,2026-03-22T06:45:32,0.015
0,<40,1774133432,2026-03-22T06:50:32,0.015
0,<40,1774133731,2026-03-22T06:55:31,0.015
0,<40,1774134331,2026-03-22T07:05:31,0.015
0,<40,1774134634,2026-03-22T07:10:34,0.015
0,<40,1774134942,2026-03-22T07:15:42,0.015
0,<40,1774135233,2026-03-22T07:20:33,0.039
0,<40,1774135532,2026-03-22T07:25:32,0.056
0,<40,1774135836,2026-03-22T07:30:36,0.0435
0,<40,1774136133,2026-03-22T07:35:33,0.0405
0,<40,1774136432,2026-03-22T07:40:32,0.037
0,<40,1774136734,2026-03-22T07:45:34,0.0345
0,<40,1774137045,2026-03-22T07:50:45,0.036
0,<40,1774137330,2026-03-22T07:55:30,0.032
0,<40,1774137930,2026-03-22T08:05:30,0.03
0,<40,1774138245,2026-03-22T08:10:45,0.0255
0,<40,1774138531,2026-03-22T08:15:31,0.0265
0,<40,1774138845,2026-03-22T08:20:45,0.028
0,<40,1774139132,2026-03-22T08:25:32,0.0255
0,<40,1774139435,2026-03-22T08:30:35,0.024
0,<40,1774139732,2026-03-22T08:35:32,0.0245
0,<40,1774140031,2026-03-22T08:40:31,0.0245
0,<40,1774140334,2026-03-22T08:45:34,0.025
0,<40,1774140633,2026-03-22T08:50:33,0.026
0,<40,1774140934,2026-03-22T08:55:34,0.025
0,<40,1774141531,2026-03-22T09:05:31,0.023
0,<40,1774141834,2026-03-22T09:10:34,0.024
0,<40,1774142132,2026-03-22T09:15:32,0.024
0,<40,1774142433,2026-03-22T09:20:33,0.023
0,<40,1774142732,2026-03-22T09:25:32,0.022
0,<40,1774143042,2026-03-22T09:30:42,0.022
0,<40,1774143326,2026-03-22T09:35:26,0.0205
0,<40,1774143640,2026-03-22T09:40:40,0.0195
0,<40,1774143926,2026-03-22T09:45:26,0.0155
0,<40,1774144226,2026-03-22T09:50:26,0.0155
0,<40,1774144526,2026-03-22T09:55:26,0.0155
0,<40,1774145126,2026-03-22T10:05:26,0.0155
0,<40,1774145427,2026-03-22T10:10:27,0.0155
0,<40,1774145727,2026-03-22T10:15:27,0.0155
0,<40,1774146025,2026-03-22T10:20:25,0.0155
0,<40,1774146329,2026-03-22T10:25:29,0.0155
0,<40,1774146632,2026-03-22T10:30:32,0.0155
0,<40,1774146927,2026-03-22T10:35:27,0.0155
0,<40,1774147226,2026-03-22T10:40:26,0.0155
0,<40,1774147527,2026-03-22T10:45:27,0.0155
0,<40,1774147825,2026-03-22T10:50:25,0.0155
0,<40,1774148133,2026-03-22T10:55:33,0.0155
0,<40,1774148727,2026-03-22T11:05:27,0.0155
0,<40,1774149026,2026-03-22T11:10:26,0.0155
0,<40,1774149325,2026-03-22T11:15:25,0.0155
0,<40,1774149626,2026-03-22T11:20:26,0.0155
0,<40,1774149928,2026-03-22T11:25:28,0.0155
0,<40,1774150247,2026-03-22T11:30:47,0.0155
0,<40,1774150526,2026-03-22T11:35:26,0.0155
0,<40,1774150833,2026-03-22T11:40:33,0.0155
0,<40,1774151127,2026-03-22T11:45:27,0.0155
0,<40,1774151425,2026-03-22T11:50:25,0.0155
0,<40,1774151726,2026-03-22T11:55:26,0.0155
0,<40,1774152327,2026-03-22T12:05:27,0.0155
0,<40,1774152628,2026-03-22T12:10:28,0.0155
0,<40,1774152927,2026-03-22T12:15:27,0.0155
0,<40,1774153229,2026-03-22T12:20:29,0.0155
0,<40,1774153529,2026-03-22T12:25:29,0.0155
0,<40,1774153832,2026-03-22T12:30:32,0.0155
0,<40,1774154128,2026-03-22T12:35:28,0.0155
0,<40,1774154426,2026-03-22T12:40:26,0.0155
0,<40,1774154725,2026-03-22T12:45:25,0.0155
0,<40,1774155043,2026-03-22T12:50:43,0.0155
0,<40,1774155326,2026-03-22T12:55:26,0.0155
0,<40,1774155926,2026-03-22T13:05:26,0.0155
0,<40,1774156228,2026-03-22T13:10:28,0.0155
0,<40,1774156527,2026-03-22T13:15:27,0.0175
0,<40,1774156827,2026-03-22T13:20:27,0.0155
0,<40,1774157128,2026-03-22T13:25:28,0.015
0,<40,1774157433,2026-03-22T13:30:33,0.015
0,<40,1774157725,2026-03-22T13:35:25,0.014
0,<40,1774158027,2026-03-22T13:40:27,0.014
0,<40,1774158341,2026-03-22T13:45:41,0.0145
0,<40,1774158626,2026-03-22T13:50:26,0.0145
0,<40,1774158935,2026-03-22T13:55:35,0.0145
0,<40,1774159526,2026-03-22T14:05:26,0.0145
0,<40,1774159825,2026-03-22T14:10:25,0.0145
0,<40,1774160125,2026-03-22T14:15:25,0.0145
0,<40,1774160428,2026-03-22T14:20:28,0.015
0,<40,1774160726,2026-03-22T14:25:26,0.016
0,<40,1774161030,2026-03-22T14:30:30,0.0165
0,<40,1774161335,2026-03-22T14:35:35,0.0165
0,<40,1774161629,2026-03-22T14:40:29,0.0165
0,<40,1774161926,2026-03-22T14:45:26,0.0165
0,<40,1774162226,2026-03-22T14:50:26,0.0145
0,<40,1774162526,2026-03-22T14:55:26,0.0145
0,<40,1774163127,2026-03-22T15:05:27,0.0145
0,<40,1774163427,2026-03-22T15:10:27,0.0145
0,<40,1774163725,2026-03-22T15:15:25,0.0145
0,<40,1774164025,2026-03-22T15:20:25,0.0145
0,<40,1774164324,2026-03-22T15:25:24,0.0145
0,<40,1774164633,2026-03-22T15:30:33,0.0145
0,<40,1774164926,2026-03-22T15:35:26,0.0145
0,<40,1774165226,2026-03-22T15:40:26,0.0145
0,<40,1774165537,2026-03-22T15:45:37,0.0145
0,<40,1774165827,2026-03-22T15:50:27,0.0145
0,<40,1774166125,2026-03-22T15:55:25,0.0145
0,<40,1774166726,2026-03-22T16:05:26,0.0145
0,<40,1774167027,2026-03-22T16:10:27,0.015
0,<40,1774167334,2026-03-22T16:15:34,0.015
0,<40,1774167626,2026-03-22T16:20:26,0.017
0,<40,1774167925,2026-03-22T16:25:25,0.017
0,<40,1774168231,2026-03-22T16:30:31,0.0165
0,<40,1774168535,2026-03-22T16:35:35,0.0165
0,<40,1774168827,2026-03-22T16:40:27,0.0165
0,<40,1774169126,2026-03-22T16:45:26,0.017
0,<40,1774169427,2026-03-22T16:50:27,0.017
0,<40,1774169727,2026-03-22T16:55:27,0.0165
0,<40,1774170326,2026-03-22T17:05:26,0.016
0,<40,1774170627,2026-03-22T17:10:27,0.016
0,<40,1774170928,2026-03-22T17:15:28,0.016
0,<40,1774171226,2026-03-22T17:20:26,0.0165
0,<40,1774171526,2026-03-22T17:25:26,0.0165
0,<40,1774171847,2026-03-22T17:30:47,0.017
0,<40,1774172126,2026-03-22T17:35:26,0.017
0,<40,1774172426,2026-03-22T17:40:26,0.0175
0,<40,1774172724,2026-03-22T17:45:24,0.0165
0,<40,1774173026,2026-03-22T17:50:26,0.0165
0,<40,1774173326,2026-03-22T17:55:26,0.0165
0,<40,1774173925,2026-03-22T18:05:25,0.0165
0,<40,1774174227,2026-03-22T18:10:27,0.0165
0,<40,1774174526,2026-03-22T18:15:26,0.0165
0,<40,1774174834,2026-03-22T18:20:34,0.0165
0,<40,1774175126,2026-03-22T18:25:26,0.0165
0,<40,1774175431,2026-03-22T18:30:31,0.0165
0,<40,1774175726,2026-03-22T18:35:26,0.0165
0,<40,1774176026,2026-03-22T18:40:26,0.0165
0,<40,1774176326,2026-03-22T18:45:26,0.0165
0,<40,1774176634,2026-03-22T18:50:34,0.0165
0,<40,1774176927,2026-03-22T18:55:27,0.0165
0,<40,1774177526,2026-03-22T19:05:26,0.0165
0,<40,1774177831,2026-03-22T19:10:31,0.0165
0,<40,1774178127,2026-03-22T19:15:27,0.0165
0,<40,1774178429,2026-03-22T19:20:29,0.0165
0,<40,1774178726,2026-03-22T19:25:26,0.0165
0,<40,1774179032,2026-03-22T19:30:32,0.0165
0,<40,1774179326,2026-03-22T19:35:26,0.0165
0,<40,1774179630,2026-03-22T19:40:30,0.0165
0,<40,1774179943,2026-03-22T19:45:43,0.0165
0,<40,1774180227,2026-03-22T19:50:27,0.0165
0,<40,1774180526,2026-03-22T19:55:26,0.0165
0,<40,1774181127,2026-03-22T20:05:27,0.0175
0,<40,1774181443,2026-03-22T20:10:43,0.018
0,<40,1774181728,2026-03-22T20:15:28,0.018
0,<40,1774182025,2026-03-22T20:20:25,0.018
0,<40,1774182327,2026-03-22T20:25:27,0.018
0,<40,1774182631,2026-03-22T20:30:31,0.019
0,<40,1774182926,2026-03-22T20:35:26,0.019
0,<40,1774183225,2026-03-22T20:40:25,0.021
0,<40,1774183526,2026-03-22T20:45:26,0.021
0,<40,1774183825,2026-03-22T20:50:25,0.019
0,<40,1774184125,2026-03-22T20:55:25,0.019
0,<40,1774184726,2026-03-22T21:05:26,0.019
0,<40,1774185026,2026-03-22T21:10:26,0.019
0,<40,1774185327,2026-03-22T21:15:27,0.019
0,<40,1774185626,2026-03-22T21:20:26,0.0285
0,<40,1774185926,2026-03-22T21:25:26,0.025
0,<40,1774186245,2026-03-22T21:30:45,0.0265
0,<40,1774186526,2026-03-22T21:35:26,0.0265
0,<40,1774186827,2026-03-22T21:40:27,0.0265
0,<40,1774187127,2026-03-22T21:45:27,0.0265
0,<40,1774187425,2026-03-22T21:50:25,0.0265
0,<40,1774187741,2026-03-22T21:55:41,0.0265
0,<40,1774188326,2026-03-22T22:05:26,0.0265
0,<40,1774188627,2026-03-22T22:10:27,0.0265
0,<40,1774188927,2026-03-22T22:15:27,0.0265
0,<40,1774189230,2026-03-22T22:20:30,0.0265
0,<40,1774189526,2026-03-22T22:25:26,0.0265
0,<40,1774189833,2026-03-22T22:30:33,0.026
0,<40,1774190146,2026-03-22T22:35:46,0.0265
0,<40,1774190444,2026-03-22T22:40:44,0.0265
0,<40,1774190727,2026-03-22T22:45:27,0.026
0,<40,1774191028,2026-03-22T22:50:28,0.026
0,<40,1774191326,2026-03-22T22:55:26,0.0245
0,<40,1774191928,2026-03-22T23:05:28,0.0225
0,<40,1774192225,2026-03-22T23:10:25,0.0225
0,<40,1774192527,2026-03-22T23:15:27,0.0245
0,<40,1774192826,2026-03-22T23:20:26,0.024
0,<40,1774193126,2026-03-22T23:25:26,0.024
0,<40,1774193433,2026-03-22T23:30:33,0.0245
0,<40,1774193725,2026-03-22T23:35:25,0.0245
0,<40,1774194026,2026-03-22T23:40:26,0.0215
0,<40,1774194339,2026-03-22T23:45:39,0.0215
0,<40,1774194638,2026-03-22T23:50:38,0.0215
0,<40,1774194927,2026-03-22T23:55:27,0.0215
0,<40,1774195528,2026-03-23T00:05:28,0.0215
0,<40,1774195828,2026-03-23T00:10:28,0.021
0,<40,1774196129,2026-03-23T00:15:29,0.0245
0,<40,1774196426,2026-03-23T00:20:26,0.0235
0,<40,1774196727,2026-03-23T00:25:27,0.0225
0,<40,1774197030,2026-03-23T00:30:30,0.0215
0,<40,1774197327,2026-03-23T00:35:27,0.0215
0,<40,1774197637,2026-03-23T00:40:37,0.0215
0,<40,1774197927,2026-03-23T00:45:27,0.0215
0,<40,1774198227,2026-03-23T00:50:27,0.0215
0,<40,1774198526,2026-03-23T00:55:26,0.0215
0,<40,1774199127,2026-03-23T01:05:27,0.0215
0,<40,1774199426,2026-03-23T01:10:26,0.0215
0,<40,1774199727,2026-03-23T01:15:27,0.0215
0,<40,1774200027,2026-03-23T01:20:27,0.0255
0,<40,1774200328,2026-03-23T01:25:28,0.025
0,<40,1774200657,2026-03-23T01:30:57,0.0215
0,<40,1774200927,2026-03-23T01:35:27,0.0215
0,<40,1774201226,2026-03-23T01:40:26,0.0215
0,<40,1774201526,2026-03-23T01:45:26,0.0215
0,<40,1774201826,2026-03-23T01:50:26,0.0215
0,<40,1774202129,2026-03-23T01:55:29,0.0215
0,<40,1774202726,2026-03-23T02:05:26,0.0245
0,<40,1774203028,2026-03-23T02:10:28,0.0245
0,<40,1774203326,2026-03-23T02:15:26,0.0245
0,<40,1774203629,2026-03-23T02:20:29,0.024
0,<40,1774203938,2026-03-23T02:25:38,0.027
0,<40,1774204235,2026-03-23T02:30:35,0.026
0,<40,1774204526,2026-03-23T02:35:26,0.03
0,<40,1774204826,2026-03-23T02:40:26,0.0275
0,<40,1774205128,2026-03-23T02:45:28,0.0275
0,<40,1774205429,2026-03-23T02:50:29,0.026
0,<40,1774205729,2026-03-23T02:55:29,0.024
0,<40,1774206327,2026-03-23T03:05:27,0.0255
0,<40,1774206639,2026-03-23T03:10:39,0.0255
0,<40,1774206929,2026-03-23T03:15:29,0.0255
0,<40,1774207229,2026-03-23T03:20:29,0.032
0,<40,1774207529,2026-03-23T03:25:29,0.0305
0,<40,1774207837,2026-03-23T03:30:37,0.0315
0,<40,1774208130,2026-03-23T03:35:30,0.032
0,<40,1774208431,2026-03-23T03:40:31,0.0335
0,<40,1774208730,2026-03-23T03:45:30,0.0315
0,<40,1774209030,2026-03-23T03:50:30,0.0325
0,<40,1774209326,2026-03-23T03:55:26,0.0315
0,<40,1774209930,2026-03-23T04:05:30,0.0285
0,<40,1774210237,2026-03-23T04:10:37,0.0285
0,<40,1774210528,2026-03-23T04:15:28,0.0275
0,<40,1774210831,2026-03-23T04:20:31,0.025
0,<40,1774211129,2026-03-23T04:25:29,0.023
0,<40,1774211435,2026-03-23T04:30:35,0.027
0,<40,1774211726,2026-03-23T04:35:26,0.026
0,<40,1774212029,2026-03-23T04:40:29,0.0265
0,<40,1774212336,2026-03-23T04:45:36,0.026
0,<40,1774212631,2026-03-23T04:50:31,0.027
0,<40,1774212928,2026-03-23T04:55:28,0.027
0,<40,1774213528,2026-03-23T05:05:28,0.0265
0,<40,1774213827,2026-03-23T05:10:27,0.0285
0,<40,1774214131,2026-03-23T05:15:31,0.0275
0,<40,1774214431,2026-03-23T05:20:31,0.0275
0,<40,1774214730,2026-03-23T05:25:30,0.0275
0,<40,1774215034,2026-03-23T05:30:34,0.0275
0,<40,1774215328,2026-03-23T05:35:28,0.0285
0,<40,1774215626,2026-03-23T05:40:26,0.03
0,<40,1774215931,2026-03-23T05:45:31,0.0285
0,<40,1774216229,2026-03-23T05:50:29,0.025
0,<40,1774216528,2026-03-23T05:55:28,0.0225
0,<40,1774217129,2026-03-23T06:05:29,0.0215
0,<40,1774217432,2026-03-23T06:10:32,0.0215
0,<40,1774217728,2026-03-23T06:15:28,0.0215
0,<40,1774218030,2026-03-23T06:20:30,0.026
0,<40,1774218329,2026-03-23T06:25:29,0.028
0,<40,1774218634,2026-03-23T06:30:34,0.027
0,<40,1774218931,2026-03-23T06:35:31,0.0265
0,<40,1774219242,2026-03-23T06:40:42,0.0265
0,<40,1774219529,2026-03-23T06:45:29,0.0265
0,<40,1774219827,2026-03-23T06:50:27,0.0265
0,<40,1774220130,2026-03-23T06:55:30,0.0265
0,<40,1774220728,2026-03-23T07:05:28,0.0245
0,<40,1774221029,2026-03-23T07:10:29,0.0265
0,<40,1774221331,2026-03-23T07:15:31,0.0255
0,<40,1774221630,2026-03-23T07:20:30,0.029
0,<40,1774221928,2026-03-23T07:25:28,0.0285
0,<40,1774222234,2026-03-23T07:30:34,0.0285
0,<40,1774222542,2026-03-23T07:35:42,0.028
0,<40,1774222828,2026-03-23T07:40:28,0.028
0,<40,1774223140,2026-03-23T07:45:40,0.0285
0,<40,1774223429,2026-03-23T07:50:29,0.0275
0,<40,1774223727,2026-03-23T07:55:27,0.0265
0,<40,1774224331,2026-03-23T08:05:31,0.0265
0,<40,1774224630,2026-03-23T08:10:30,0.0265
0,<40,1774224930,2026-03-23T08:15:30,0.0265
0,<40,1774225231,2026-03-23T08:20:31,0.026
0,<40,1774225529,2026-03-23T08:25:29,0.026
0,<40,1774225832,2026-03-23T08:30:32,0.026
0,<40,1774226129,2026-03-23T08:35:29,0.026
0,<40,1774226431,2026-03-23T08:40:31,0.025
0,<40,1774226728,2026-03-23T08:45:28,0.026
0,<40,1774227029,2026-03-23T08:50:29,0.023
0,<40,1774227328,2026-03-23T08:55:28,0.0225
0,<40,1774227927,2026-03-23T09:05:27,0.0225
0,<40,1774228228,2026-03-23T09:10:28,0.0225
0,<40,1774228532,2026-03-23T09:15:32,0.0225
0,<40,1774228826,2026-03-23T09:20:26,0.0225
0,<40,1774229131,2026-03-23T09:25:31,0.0225
0,<40,1774229433,2026-03-23T09:30:33,0.024
0,<40,1774229743,2026-03-23T09:35:43,0.0245
0,<40,1774230027,2026-03-23T09:40:27,0.0245
0,<40,1774230329,2026-03-23T09:45:29,0.0245
0,<40,1774230630,2026-03-23T09:50:30,0.0245
0,<40,1774230926,2026-03-23T09:55:26,0.0245
0,<40,1774231531,2026-03-23T10:05:31,0.0245
0,<40,1774231830,2026-03-23T10:10:30,0.035
0,<40,1774232129,2026-03-23T10:15:29,0.035
0,<40,1774232429,2026-03-23T10:20:29,0.0345
0,<40,1774232731,2026-03-23T10:25:31,0.035
0,<40,1774233036,2026-03-23T10:30:36,0.036
0,<40,1774233328,2026-03-23T10:35:28,0.037
0,<40,1774233627,2026-03-23T10:40:27,0.0335
0,<40,1774233938,2026-03-23T10:45:38,0.033
0,<40,1774234229,2026-03-23T10:50:29,0.033
0,<40,1774234533,2026-03-23T10:55:33,0.0335
0,<40,1774235128,2026-03-23T11:05:28,0.0335
0,<40,1774235429,2026-03-23T11:10:29,0.034
0,<40,1774235729,2026-03-23T11:15:29,0.034
0,<40,1774236037,2026-03-23T11:20:37,0.034
0,<40,1774236327,2026-03-23T11:25:27,0.0335
0,<40,1774236634,2026-03-23T11:30:34,0.036
0,<40,1774236929,2026-03-23T11:35:29,0.035
0,<40,1774237242,2026-03-23T11:40:42,0.0325
0,<40,1774237540,2026-03-23T11:45:40,0.033
0,<40,1774237827,2026-03-23T11:50:27,0.0325
0,<40,1774238126,2026-03-23T11:55:26,0.028
0,<40,1774238743,2026-03-23T12:05:43,0.0275
0,<40,1774239028,2026-03-23T12:10:28,0.0275
0,<40,1774239339,2026-03-23T12:15:39,0.0275
0,<40,1774239626,2026-03-23T12:20:26,0.0335
0,<40,1774239931,2026-03-23T12:25:31,0.0335
0,<40,1774240233,2026-03-23T12:30:33,0.0315
0,<40,1774240528,2026-03-23T12:35:28,0.0365
0,<40,1774240829,2026-03-23T12:40:29,0.034
0,<40,1774241129,2026-03-23T12:45:29,0.033
0,<40,1774241433,2026-03-23T12:50:33,0.0295
0,<40,1774241729,2026-03-23T12:55:29,0.0275
0,<40,1774242326,2026-03-23T13:05:26,0.0275
0,<40,1774242628,2026-03-23T13:10:28,0.0275
0,<40,1774242928,2026-03-23T13:15:28,0.0275
0,<40,1774243227,2026-03-23T13:20:27,0.0275
0,<40,1774243535,2026-03-23T13:25:35,0.0275
0,<40,1774243832,2026-03-23T13:30:32,0.025
0,<40,1774244129,2026-03-23T13:35:29,0.0225
0,<40,1774244440,2026-03-23T13:40:40,0.0225
0,<40,1774244727,2026-03-23T13:45:27,0.023
0,<40,1774245035,2026-03-23T13:50:35,0.0235
0,<40,1774245328,2026-03-23T13:55:28,0.0235
0,<40,1774245925,2026-03-23T14:05:25,0.023
0,<40,1774246228,2026-03-23T14:10:28,0.023
0,<40,1774246530,2026-03-23T14:15:30,0.0245
0,<40,1774246828,2026-03-23T14:20:28,0.025
0,<40,1774247126,2026-03-23T14:25:26,0.025
0,<40,1774247439,2026-03-23T14:30:39,0.0245
0,<40,1774247736,2026-03-23T14:35:36,0.026
0,<40,1774248030,2026-03-23T14:40:30,0.0255
0,<40,1774248343,2026-03-23T14:45:43,0.0295
0,<40,1774248631,2026-03-23T14:50:31,0.0285
0,<40,1774248932,2026-03-23T14:55:32,0.0265
0,<40,1774249530,2026-03-23T15:05:30,0.027
0,<40,1774249830,2026-03-23T15:10:30,0.026
0,<40,1774250128,2026-03-23T15:15:28,0.0265
0,<40,1774250432,2026-03-23T15:20:32,0.0285
0,<40,1774250729,2026-03-23T15:25:29,0.0265
0,<40,1774251034,2026-03-23T15:30:34,0.027
0,<40,1774251329,2026-03-23T15:35:29,0.0265
0,<40,1774251630,2026-03-23T15:40:30,0.0265
0,<40,1774251928,2026-03-23T15:45:28,0.0265
0,<40,1774252229,2026-03-23T15:50:29,0.0265
0,<40,1774252529,2026-03-23T15:55:29,0.0265
0,<40,1774253128,2026-03-23T16:05:28,0.0265
0,<40,1774253428,2026-03-23T16:10:28,0.0265
0,<40,1774253731,2026-03-23T16:15:31,0.0265
0,<40,1774254036,2026-03-23T16:20:36,0.0265
0,<40,1774254327,2026-03-23T16:25:27,0.0265
0,<40,1774254632,2026-03-23T16:30:32,0.0265
0,<40,1774254926,2026-03-23T16:35:26,0.0265
0,<40,1774255230,2026-03-23T16:40:30,0.0265
0,<40,1774255528,2026-03-23T16:45:28,0.0265
0,<40,1774255828,2026-03-23T16:50:28,0.0265
0,<40,1774256129,2026-03-23T16:55:29,0.0265
0,<40,1774256751,2026-03-23T17:05:51,0.0265
0,<40,1774257040,2026-03-23T17:10:40,0.0265
0,<40,1774257326,2026-03-23T17:15:26,0.0265
0,<40,1774257630,2026-03-23T17:20:30,0.0265
0,<40,1774257939,2026-03-23T17:25:39,0.0265
0,<40,1774258231,2026-03-23T17:30:31,0.0265
0,<40,1774258527,2026-03-23T17:35:27,0.0265
0,<40,1774258825,2026-03-23T17:40:25,0.0265
0,<40,1774259127,2026-03-23T17:45:27,0.0265
0,<40,1774259439,2026-03-23T17:50:39,0.0265
0,<40,1774259725,2026-03-23T17:55:25,0.0265
0,<40,1774260327,2026-03-23T18:05:27,0.0265
0,<40,1774260626,2026-03-23T18:10:26,0.0265
0,<40,1774260925,2026-03-23T18:15:25,0.0265
0,<40,1774261226,2026-03-23T18:20:26,0.0265
0,<40,1774261529,2026-03-23T18:25:29,0.0265
0,<40,1774261830,2026-03-23T18:30:30,0.0265
0,<40,1774262126,2026-03-23T18:35:26,0.0265
0,<40,1774262428,2026-03-23T18:40:28,0.0265
0,<40,1774262731,2026-03-23T18:45:31,0.0265
0,<40,1774263030,2026-03-23T18:50:30,0.0265
0,<40,1774263328,2026-03-23T18:55:28,0.0265
0,<40,1774263938,2026-03-23T19:05:38,0.0255
0,<40,1774264229,2026-03-23T19:10:29,0.0255
0,<40,1774264544,2026-03-23T19:15:44,0.0255
0,<40,1774264826,2026-03-23T19:20:26,0.0255
0,<40,1774265127,2026-03-23T19:25:27,0.0255
0,<40,1774265445,2026-03-23T19:30:45,0.0255
0,<40,1774265728,2026-03-23T19:35:28,0.025
0,<40,1774266034,2026-03-23T19:40:34,0.024
0,<40,1774266326,2026-03-23T19:45:26,0.024
0,<40,1774266625,2026-03-23T19:50:25,0.024
0,<40,1774266924,2026-03-23T19:55:24,0.024
0,<40,1774267538,2026-03-23T20:05:38,0.0225
0,<40,1774267828,2026-03-23T20:10:28,0.0225
0,<40,1774268127,2026-03-23T20:15:27,0.022
0,<40,1774268432,2026-03-23T20:20:32,0.022
0,<40,1774268730,2026-03-23T20:25:30,0.022
0,<40,1774269036,2026-03-23T20:30:36,0.023
0,<40,1774269332,2026-03-23T20:35:32,0.0235
0,<40,1774269630,2026-03-23T20:40:30,0.0235
0,<40,1774269928,2026-03-23T20:45:28,0.0235
0,<40,1774270247,2026-03-23T20:50:47,0.0235
0,<40,1774270529,2026-03-23T20:55:29,0.024
0,<40,1774271138,2026-03-23T21:05:38,0.026
0,<40,1774271443,2026-03-23T21:10:43,0.026
0,<40,1774271730,2026-03-23T21:15:30,0.026
0,<40,1774272040,2026-03-23T21:20:40,0.026
0,<40,1774272329,2026-03-23T21:25:29,0.0245
0,<40,1774272634,2026-03-23T21:30:34,0.0225
0,<40,1774272928,2026-03-23T21:35:28,0.0215
0,<40,1774273230,2026-03-23T21:40:30,0.023
0,<40,1774273530,2026-03-23T21:45:30,0.023
0,<40,1774273847,2026-03-23T21:50:47,0.023
0,<40,1774274132,2026-03-23T21:55:32,0.023
0,<40,1774274735,2026-03-23T22:05:35,0.023
0,<40,1774275035,2026-03-23T22:10:35,0.023
0,<40,1774275334,2026-03-23T22:15:34,0.025
0,<40,1774275625,2026-03-23T22:20:25,0.025
0,<40,1774275938,2026-03-23T22:25:38,0.025
0,<40,1774276228,2026-03-23T22:30:28,0.026
0,<40,1774276526,2026-03-23T22:35:26,0.0265
0,<40,1774276826,2026-03-23T22:40:26,0.027
0,<40,1774277125,2026-03-23T22:45:25,0.0245
0,<40,1774277425,2026-03-23T22:50:25,0.0245
0,<40,1774277734,2026-03-23T22:55:34,0.025
0,<40,1774278326,2026-03-23T23:05:26,0.0255
0,<40,1774278624,2026-03-23T23:10:24,0.0245
0,<40,1774278925,2026-03-23T23:15:25,0.0245
0,<40,1774279225,2026-03-23T23:20:25,0.0245
0,<40,1774279524,2026-03-23T23:25:24,0.025
0,<40,1774279837,2026-03-23T23:30:37,0.0235
0,<40,1774280125,2026-03-23T23:35:25,0.023
0,<40,1774280424,2026-03-23T23:40:24,0.023
0,<40,1774280725,2026-03-23T23:45:25,0.0235
0,<40,1774281025,2026-03-23T23:50:25,0.0255
0,<40,1774281326,2026-03-23T23:55:26,0.0255
0,<40,1774281926,2026-03-24T00:05:26,0.0235
0,<40,1774282227,2026-03-24T00:10:27,0.0225
0,<40,1774282525,2026-03-24T00:15:25,0.0225
0,<40,1774282826,2026-03-24T00:20:26,0.0225
0,<40,1774283128,2026-03-24T00:25:28,0.0235
0,<40,1774283440,2026-03-24T00:30:40,0.0235
0,<40,1774283725,2026-03-24T00:35:25,0.023
0,<40,1774284026,2026-03-24T00:40:26,0.023
0,<40,1774284326,2026-03-24T00:45:26,0.0235
0,<40,1774284635,2026-03-24T00:50:35,0.025
0,<40,1774284926,2026-03-24T00:55:26,0.0245
0,<40,1774285527,2026-03-24T01:05:27,0.026
0,<40,1774285826,2026-03-24T01:10:26,0.0275
0,<40,1774286128,2026-03-24T01:15:28,0.0285
0,<40,1774286426,2026-03-24T01:20:26,0.0315
0,<40,1774286741,2026-03-24T01:25:41,0.0315
0,<40,1774287031,2026-03-24T01:30:31,0.0315
0,<40,1774287325,2026-03-24T01:35:25,0.0295
0,<40,1774287650,2026-03-24T01:40:50,0.028
0,<40,1774287926,2026-03-24T01:45:26,0.0285
0,<40,1774288226,2026-03-24T01:50:26,0.0315
0,<40,1774288526,2026-03-24T01:55:26,0.0325
0,<40,1774289125,2026-03-24T02:05:25,0.036
0,<40,1774289428,2026-03-24T02:10:28,0.0425
0,<40,1774289728,2026-03-24T02:15:28,0.0425
0,<40,1774290039,2026-03-24T02:20:39,0.043
0,<40,1774290326,2026-03-24T02:25:26,0.042
0,<40,1774290633,2026-03-24T02:30:33,0.0465
0,<40,1774290929,2026-03-24T02:35:29,0.044
0,<40,1774291240,2026-03-24T02:40:40,0.0465
0,<40,1774291528,2026-03-24T02:45:28,0.0465
0,<40,1774291827,2026-03-24T02:50:27,0.045
0,<40,1774292128,2026-03-24T02:55:28,0.051
0,<40,1774292730,2026-03-24T03:05:30,0.043
0,<40,1774293027,2026-03-24T03:10:27,0.0365
0,<40,1774293330,2026-03-24T03:15:30,0.0325
0,<40,1774293632,2026-03-24T03:20:32,0.0315
0,<40,1774293928,2026-03-24T03:25:28,0.02
0,<40,1774294233,2026-03-24T03:30:33,0.0195
0,<40,1774294531,2026-03-24T03:35:31,0.0185
0,<40,1774294827,2026-03-24T03:40:27,0.0195
0,<40,1774295130,2026-03-24T03:45:30,0.022
0,<40,1774295432,2026-03-24T03:50:32,0.016
0,<40,1774295730,2026-03-24T03:55:30,0.0125
0,<40,1774296331,2026-03-24T04:05:31,0.0135
0,<40,1774296631,2026-03-24T04:10:31,0.0135
0,<40,1774296926,2026-03-24T04:15:26,0.016
0,<40,1774297232,2026-03-24T04:20:32,0.017
0,<40,1774297532,2026-03-24T04:25:32,0.0165
0,<40,1774297834,2026-03-24T04:30:34,0.017
0,<40,1774298128,2026-03-24T04:35:28,0.017
0,<40,1774298428,2026-03-24T04:40:28,0.016
0,<40,1774298727,2026-03-24T04:45:27,0.016
0,<40,1774299031,2026-03-24T04:50:31,0.015
0,<40,1774299328,2026-03-24T04:55:28,0.0165
0,<40,1774299926,2026-03-24T05:05:26,0.0165
0,<40,1774300229,2026-03-24T05:10:29,0.0165
0,<40,1774300542,2026-03-24T05:15:42,0.0165
0,<40,1774300827,2026-03-24T05:20:27,0.0165
0,<40,1774301126,2026-03-24T05:25:26,0.0165
0,<40,1774301436,2026-03-24T05:30:36,0.0165
0,<40,1774301729,2026-03-24T05:35:29,0.0165
0,<40,1774302029,2026-03-24T05:40:29,0.0165
0,<40,1774302328,2026-03-24T05:45:28,0.0165
0,<40,1774302626,2026-03-24T05:50:26,0.017
0,<40,1774302926,2026-03-24T05:55:26,0.016
0,<40,1774303539,2026-03-24T06:05:39,0.02
0,<40,1774303828,2026-03-24T06:10:28,0.0215
0,<40,1774304131,2026-03-24T06:15:31,0.0215
0,<40,1774304427,2026-03-24T06:20:27,0.0215
0,<40,1774304727,2026-03-24T06:25:27,0.0225
0,<40,1774305034,2026-03-24T06:30:34,0.023
0,<40,1774305328,2026-03-24T06:35:28,0.026
0,<40,1774305628,2026-03-24T06:40:28,0.0275
0,<40,1774305929,2026-03-24T06:45:29,0.0275
0,<40,1774306241,2026-03-24T06:50:41,0.028
0,<40,1774306530,2026-03-24T06:55:30,0.0285
0,<40,1774307130,2026-03-24T07:05:30,0.029
0,<40,1774307433,2026-03-24T07:10:33,0.0315
0,<40,1774307727,2026-03-24T07:15:27,0.034
0,<40,1774308031,2026-03-24T07:20:31,0.0345
0,<40,1774308332,2026-03-24T07:25:32,0.0345
0,<40,1774308636,2026-03-24T07:30:36,0.0355
0,<40,1774308930,2026-03-24T07:35:30,0.037
0,<40,1774309228,2026-03-24T07:40:28,0.0365
0,<40,1774309530,2026-03-24T07:45:30,0.0365
0,<40,1774309832,2026-03-24T07:50:32,0.0365
0,<40,1774310145,2026-03-24T07:55:45,0.0365
0,<40,1774310729,2026-03-24T08:05:29,0.037
0,<40,1774311026,2026-03-24T08:10:26,0.0375
0,<40,1774311327,2026-03-24T08:15:27,0.0375
0,<40,1774311629,2026-03-24T08:20:29,0.0365
0,<40,1774311929,2026-03-24T08:25:29,0.038
0,<40,1774312227,2026-03-24T08:30:27,0.0365
0,<40,1774312526,2026-03-24T08:35:26,0.0375
0,<40,1774312829,2026-03-24T08:40:29,0.0335
0,<40,1774313126,2026-03-24T08:45:26,0.0335
0,<40,1774313426,2026-03-24T08:50:26,0.0435
0,<40,1774313726,2026-03-24T08:55:26,0.0405
0,<40,1774314326,2026-03-24T09:05:26,0.039
0,<40,1774314629,2026-03-24T09:10:29,0.0385
0,<40,1774314927,2026-03-24T09:15:27,0.039
0,<40,1774315226,2026-03-24T09:20:26,0.0385
0,<40,1774315543,2026-03-24T09:25:43,0.0345
0,<40,1774315829,2026-03-24T09:30:29,0.033
0,<40,1774316126,2026-03-24T09:35:26,0.0335
0,<40,1774316426,2026-03-24T09:40:26,0.0385
0,<40,1774316731,2026-03-24T09:45:31,0.04
0,<40,1774317028,2026-03-24T09:50:28,0.0405
0,<40,1774317326,2026-03-24T09:55:26,0.0405
0,<40,1774317926,2026-03-24T10:05:26,0.04
0,<40,1774318228,2026-03-24T10:10:28,0.0415
0,<40,1774318527,2026-03-24T10:15:27,0.04
0,<40,1774318827,2026-03-24T10:20:27,0.0405
0,<40,1774319131,2026-03-24T10:25:31,0.0405
0,<40,1774319427,2026-03-24T10:30:27,0.0405
0,<40,1774319727,2026-03-24T10:35:27,0.042
0,<40,1774320028,2026-03-24T10:40:28,0.042
0,<40,1774320327,2026-03-24T10:45:27,0.043
0,<40,1774320627,2026-03-24T10:50:27,0.043
0,<40,1774320925,2026-03-24T10:55:25,0.046
0,<40,1774321533,2026-03-24T11:05:33,0.0455
0,<40,1774321829,2026-03-24T11:10:29,0.0375
0,<40,1774322131,2026-03-24T11:15:31,0.0385
0,<40,1774322430,2026-03-24T11:20:30,0.038
0,<40,1774322727,2026-03-24T11:25:27,0.038
0,<40,1774323028,2026-03-24T11:30:28,0.038
0,<40,1774323330,2026-03-24T11:35:30,0.044
0,<40,1774323629,2026-03-24T11:40:29,0.0395
0,<40,1774323927,2026-03-24T11:45:27,0.04
0,<40,1774324240,2026-03-24T11:50:40,0.0385
0,<40,1774324527,2026-03-24T11:55:27,0.038
0,<40,1774325126,2026-03-24T12:05:26,0.0365
0,<40,1774325426,2026-03-24T12:10:26,0.0355
0,<40,1774325727,2026-03-24T12:15:27,0.0355
0,<40,1774326029,2026-03-24T12:20:29,0.0355
0,<40,1774326337,2026-03-24T12:25:37,0.0465
0,<40,1774326629,2026-03-24T12:30:29,0.036
0,<40,1774326929,2026-03-24T12:35:29,0.0235
0,<40,1774327226,2026-03-24T12:40:26,0.0195
0,<40,1774327526,2026-03-24T12:45:26,0.0195
0,<40,1774327831,2026-03-24T12:50:31,0.0185
0,<40,1774328127,2026-03-24T12:55:27,0.023
0,<40,1774328726,2026-03-24T13:05:26,0.0255
0,<40,1774329027,2026-03-24T13:10:27,0.0245
0,<40,1774329328,2026-03-24T13:15:28,0.0265
0,<40,1774329641,2026-03-24T13:20:41,0.022
0,<40,1774329927,2026-03-24T13:25:27,0.0195
0,<40,1774330231,2026-03-24T13:30:31,0.0195
0,<40,1774330539,2026-03-24T13:35:39,0.0195
0,<40,1774330829,2026-03-24T13:40:29,0.0195
0,<40,1774331130,2026-03-24T13:45:30,0.0195
0,<40,1774331429,2026-03-24T13:50:29,0.0215
0,<40,1774331731,2026-03-24T13:55:31,0.0185
0,<40,1774332327,2026-03-24T14:05:27,0.019
0,<40,1774332627,2026-03-24T14:10:27,0.027
0,<40,1774332927,2026-03-24T14:15:27,0.028
0,<40,1774333232,2026-03-24T14:20:32,0.0275
0,<40,1774333527,2026-03-24T14:25:27,0.0275
0,<40,1774333831,2026-03-24T14:30:31,0.0275
0,<40,1774334147,2026-03-24T14:35:47,0.0325
0,<40,1774334427,2026-03-24T14:40:27,0.0325
0,<40,1774334730,2026-03-24T14:45:30,0.0325
0,<40,1774335029,2026-03-24T14:50:29,0.0325
0,<40,1774335332,2026-03-24T14:55:32,0.0325
0,<40,1774335928,2026-03-24T15:05:28,0.0415
0,<40,1774336226,2026-03-24T15:10:26,0.043
0,<40,1774336543,2026-03-24T15:15:43,0.0405
0,<40,1774336830,2026-03-24T15:20:30,0.044
0,<40,1774337127,2026-03-24T15:25:27,0.043
0,<40,1774337429,2026-03-24T15:30:29,0.044
0,<40,1774337727,2026-03-24T15:35:27,0.0415
0,<40,1774338047,2026-03-24T15:40:47,0.0435
0,<40,1774338330,2026-03-24T15:45:30,0.042
0,<40,1774338627,2026-03-24T15:50:27,0.043
0,<40,1774338929,2026-03-24T15:55:29,0.0415
0,<40,1774339530,2026-03-24T16:05:30,0.0415
0,<40,1774339828,2026-03-24T16:10:28,0.0415
0,<40,1774340130,2026-03-24T16:15:30,0.044
0,<40,1774340428,2026-03-24T16:20:28,0.044
0,<40,1774340738,2026-03-24T16:25:38,0.043
0,<40,1774341032,2026-03-24T16:30:32,0.044
0,<40,1774341327,2026-03-24T16:35:27,0.045
0,<40,1774341638,2026-03-24T16:40:38,0.0455
0,<40,1774341930,2026-03-24T16:45:30,0.0465
0,<40,1774342229,2026-03-24T16:50:29,0.046
0,<40,1774342528,2026-03-24T16:55:28,0.0445
0,<40,1774343127,2026-03-24T17:05:27,0.043
0,<40,1774343429,2026-03-24T17:10:29,0.044
0,<40,1774343726,2026-03-24T17:15:26,0.044
0,<40,1774344031,2026-03-24T17:20:31,0.0355
0,<40,1774344328,2026-03-24T17:25:28,0.0295
0,<40,1774344629,2026-03-24T17:30:29,0.0325
0,<40,1774344925,2026-03-24T17:35:25,0.034
0,<40,1774345241,2026-03-24T17:40:41,0.043
0,<40,1774345530,2026-03-24T17:45:30,0.045
0,<40,1774345831,2026-03-24T17:50:31,0.044
0,<40,1774346139,2026-03-24T17:55:39,0.0445
0,<40,1774346727,2026-03-24T18:05:27,0.0455
0,<40,1774347038,2026-03-24T18:10:38,0.0455
0,<40,1774347330,2026-03-24T18:15:30,0.0455
0,<40,1774347645,2026-03-24T18:20:45,0.045
0,<40,1774347931,2026-03-24T18:25:31,0.045
0,<40,1774348229,2026-03-24T18:30:29,0.0455
0,<40,1774348532,2026-03-24T18:35:32,0.047
0,<40,1774348845,2026-03-24T18:40:45,0.0475
0,<40,1774349130,2026-03-24T18:45:30,0.0495
0,<40,1774349430,2026-03-24T18:50:30,0.0495
0,<40,1774349727,2026-03-24T18:55:27,0.051
0,<40,1774350326,2026-03-24T19:05:26,0.052
0,<40,1774350628,2026-03-24T19:10:28,0.056
0,<40,1774350931,2026-03-24T19:15:31,0.056
0,<40,1774351227,2026-03-24T19:20:27,0.056
0,<40,1774351536,2026-03-24T19:25:36,0.0565
0,<40,1774351831,2026-03-24T19:30:31,0.057
0,<40,1774352132,2026-03-24T19:35:32,0.0605
0,<40,1774352427,2026-03-24T19:40:27,0.0605
0,<40,1774352731,2026-03-24T19:45:31,0.0435
0,<40,1774353027,2026-03-24T19:50:27,0.0295
0,<40,1774353328,2026-03-24T19:55:28,0.0145
0,<40,1774353931,2026-03-24T20:05:31,0.0205
0,<40,1774354217,2026-03-24T20:10:17,0.0235
0,<40,1774354256,2026-03-24T20:10:56,0.02
0,<40,1774354529,2026-03-24T20:15:29,0.024
0,<40,1774354832,2026-03-24T20:20:32,0.0235
0,<40,1774355130,2026-03-24T20:25:30,0.02
0,<40,1774355433,2026-03-24T20:30:33,0.024
0,<40,1774355729,2026-03-24T20:35:29,0.0145
0,<40,1774356030,2026-03-24T20:40:30,0.0145
0,<40,1774356333,2026-03-24T20:45:33,0.0215
0,<40,1774356629,2026-03-24T20:50:29,0.011
0,<40,1774356940,2026-03-24T20:55:40,0.008
0,<40,1774357529,2026-03-24T21:05:29,0.0055
0,<40,1774357830,2026-03-24T21:10:30,0.0055
0,<40,1774358133,2026-03-24T21:15:33,0.0045
0,<40,1774358429,2026-03-24T21:20:29,0.0045
0,<40,1774358732,2026-03-24T21:25:32,0.0045
0,<40,1774359033,2026-03-24T21:30:33,0.0045
0,<40,1774359330,2026-03-24T21:35:30,0.0045
0,<40,1774359633,2026-03-24T21:40:33,0.0035
0,<40,1774359934,2026-03-24T21:45:34,0.0035
0,<40,1774360246,2026-03-24T21:50:46,0.0055
0,<40,1774360530,2026-03-24T21:55:30,0.008
0,<40,1774361130,2026-03-24T22:05:30,0.0065
0,<40,1774361446,2026-03-24T22:10:46,0.008
0,<40,1774361733,2026-03-24T22:15:33,0.0125
0,<40,1774362030,2026-03-24T22:20:30,0.017
0,<40,1774362344,2026-03-24T22:25:44,0.0165
0,<40,1774362640,2026-03-24T22:30:40,0.0165
0,<40,1774363234,2026-03-24T22:40:34,0.0145
0,<40,1774363530,2026-03-24T22:45:30,0.0145
0,<40,1774363836,2026-03-24T22:50:36,0.0145
0,<40,1774364133,2026-03-24T22:55:33,0.0145
0,<40,1774364743,2026-03-24T23:05:43,0.0105
0,<40,1774365032,2026-03-24T23:10:32,0.0105
0,<40,1774365335,2026-03-24T23:15:35,0.0115
0,<40,1774365634,2026-03-24T23:20:34,0.013
0,<40,1774365931,2026-03-24T23:25:31,0.0145
0,<40,1774366239,2026-03-24T23:30:39,0.0115
0,<40,1774366533,2026-03-24T23:35:33,0.0115
0,<40,1774366830,2026-03-24T23:40:30,0.0135
0,<40,1774367136,2026-03-24T23:45:36,0.0125
0,<40,1774367429,2026-03-24T23:50:29,0.017
0,<40,1774367729,2026-03-24T23:55:29,0.0185
0,<40,1774368331,2026-03-25T00:05:31,0.0185
0,<40,1774368637,2026-03-25T00:10:37,0.0235
0,<40,1774368934,2026-03-25T00:15:34,0.025
0,<40,1774369234,2026-03-25T00:20:34,0.0265
0,<40,1774369531,2026-03-25T00:25:31,0.027
0,<40,1774369834,2026-03-25T00:30:34,0.0255
0,<40,1774370153,2026-03-25T00:35:53,0.026
0,<40,1774370430,2026-03-25T00:40:30,0.0255
0,<40,1774370737,2026-03-25T00:45:37,0.022
0,<40,1774371031,2026-03-25T00:50:31,0.0215
0,<40,1774371330,2026-03-25T00:55:30,0.0195
0,<40,1774371933,2026-03-25T01:05:33,0.0205
0,<40,1774372235,2026-03-25T01:10:35,0.0165
0,<40,1774372533,2026-03-25T01:15:33,0.0175
0,<40,1774372834,2026-03-25T01:20:34,0.02
0,<40,1774373131,2026-03-25T01:25:31,0.0135
0,<40,1774373445,2026-03-25T01:30:45,0.021
0,<40,1774373730,2026-03-25T01:35:30,0.021
0,<40,1774374032,2026-03-25T01:40:32,0.023
0,<40,1774374330,2026-03-25T01:45:30,0.0185
0,<40,1774374632,2026-03-25T01:50:32,0.0215
0,<40,1774374931,2026-03-25T01:55:31,0.0255
0,<40,1774375533,2026-03-25T02:05:33,0.027
0,<40,1774375830,2026-03-25T02:10:30,0.0285
0,<40,1774376131,2026-03-25T02:15:31,0.028
0,<40,1774376432,2026-03-25T02:20:32,0.016
0,<40,1774376735,2026-03-25T02:25:35,0.012
0,<40,1774377034,2026-03-25T02:30:34,0.0125
0,<40,1774377332,2026-03-25T02:35:32,0.0135
0,<40,1774377633,2026-03-25T02:40:33,0.0195
0,<40,1774377934,2026-03-25T02:45:34,0.0195
0,<40,1774378236,2026-03-25T02:50:36,0.0195
0,<40,1774378532,2026-03-25T02:55:32,0.0185
0,<40,1774379136,2026-03-25T03:05:36,0.0135
0,<40,1774379431,2026-03-25T03:10:31,0.019
0,<40,1774379732,2026-03-25T03:15:32,0.0155
0,<40,1774380034,2026-03-25T03:20:34,0.0155
0,<40,1774380330,2026-03-25T03:25:30,0.0185
0,<40,1774380638,2026-03-25T03:30:38,0.0185
0,<40,1774380931,2026-03-25T03:35:31,0.018
0,<40,1774381232,2026-03-25T03:40:32,0.02
0,<40,1774381537,2026-03-25T03:45:37,0.0205
0,<40,1774381830,2026-03-25T03:50:30,0.0185
0,<40,1774382132,2026-03-25T03:55:32,0.021
0,<40,1774382734,2026-03-25T04:05:34,0.0315
0,<40,1774383033,2026-03-25T04:10:33,0.015
0,<40,1774383335,2026-03-25T04:15:35,0.0175
0,<40,1774383633,2026-03-25T04:20:33,0.0205
0,<40,1774383934,2026-03-25T04:25:34,0.0215
0,<40,1774384237,2026-03-25T04:30:37,0.023
0,<40,1774384533,2026-03-25T04:35:33,0.0215
0,<40,1774384845,2026-03-25T04:40:45,0.028
0,<40,1774385132,2026-03-25T04:45:32,0.028
0,<40,1774385435,2026-03-25T04:50:35,0.0225
0,<40,1774385729,2026-03-25T04:55:29,0.011
0,<40,1774386329,2026-03-25T05:05:29,0.0145
0,<40,1774386632,2026-03-25T05:10:32,0.0265
0,<40,1774386930,2026-03-25T05:15:30,0.0165
0,<40,1774387232,2026-03-25T05:20:32,0.015
0,<40,1774387530,2026-03-25T05:25:30,0.0185
0,<40,1774387836,2026-03-25T05:30:36,0.0185
0,<40,1774388132,2026-03-25T05:35:32,0.018
0,<40,1774388437,2026-03-25T05:40:37,0.017
0,<40,1774388729,2026-03-25T05:45:29,0.0175
0,<40,1774389059,2026-03-25T05:50:59,0.0175
0,<40,1774389333,2026-03-25T05:55:33,0.0195
0,<40,1774389929,2026-03-25T06:05:29,0.018
0,<40,1774390233,2026-03-25T06:10:33,0.02
0,<40,1774390531,2026-03-25T06:15:31,0.0195
0,<40,1774390843,2026-03-25T06:20:43,0.0205
0,<40,1774391129,2026-03-25T06:25:29,0.0195
0,<40,1774391438,2026-03-25T06:30:38,0.0195
0,<40,1774391731,2026-03-25T06:35:31,0.0195
0,<40,1774392031,2026-03-25T06:40:31,0.0205
0,<40,1774392331,2026-03-25T06:45:31,0.0205
0,<40,1774392634,2026-03-25T06:50:34,0.022
0,<40,1774392932,2026-03-25T06:55:32,0.0205
0,<40,1774393532,2026-03-25T07:05:32,0.025
0,<40,1774393832,2026-03-25T07:10:32,0.0245
0,<40,1774394134,2026-03-25T07:15:34,0.025
0,<40,1774394432,2026-03-25T07:20:32,0.0265
0,<40,1774394732,2026-03-25T07:25:32,0.0285
0,<40,1774395039,2026-03-25T07:30:39,0.028
0,<40,1774395332,2026-03-25T07:35:32,0.03
0,<40,1774395637,2026-03-25T07:40:37,0.0315
0,<40,1774395934,2026-03-25T07:45:34,0.028
0,<40,1774396232,2026-03-25T07:50:32,0.0295
0,<40,1774396543,2026-03-25T07:55:43,0.023
0,<40,1774397133,2026-03-25T08:05:33,0.0145
0,<40,1774397437,2026-03-25T08:10:37,0.0235
0,<40,1774397732,2026-03-25T08:15:32,0.0185
0,<40,1774398034,2026-03-25T08:20:34,0.019
0,<40,1774398330,2026-03-25T08:25:30,0.021
0,<40,1774398635,2026-03-25T08:30:35,0.0185
0,<40,1774398942,2026-03-25T08:35:42,0.02
0,<40,1774399233,2026-03-25T08:40:33,0.0185
0,<40,1774399533,2026-03-25T08:45:33,0.0205
0,<40,1774399835,2026-03-25T08:50:35,0.0145
0,<40,1774400135,2026-03-25T08:55:35,0.0125
0,<40,1774400733,2026-03-25T09:05:33,0.0125
0,<40,1774401031,2026-03-25T09:10:31,0.0135
0,<40,1774401333,2026-03-25T09:15:33,0.013
0,<40,1774401636,2026-03-25T09:20:36,0.013
0,<40,1774401943,2026-03-25T09:25:43,0.014
0,<40,1774402233,2026-03-25T09:30:33,0.0145
0,<40,1774402535,2026-03-25T09:35:35,0.014
0,<40,1774402833,2026-03-25T09:40:33,0.0165
0,<40,1774403133,2026-03-25T09:45:33,0.018
0,<40,1774403429,2026-03-25T09:50:29,0.0155
0,<40,1774403734,2026-03-25T09:55:34,0.0135
0,<40,1774404344,2026-03-25T10:05:44,0.0155
0,<40,1774404635,2026-03-25T10:10:35,0.015
0,<40,1774404932,2026-03-25T10:15:32,0.0165
0,<40,1774405235,2026-03-25T10:20:35,0.0165
0,<40,1774405535,2026-03-25T10:25:35,0.0345
0,<40,1774405837,2026-03-25T10:30:37,0.021
0,<40,1774406134,2026-03-25T10:35:34,0.02
0,<40,1774406442,2026-03-25T10:40:42,0.018
0,<40,1774406732,2026-03-25T10:45:32,0.017
0,<40,1774407031,2026-03-25T10:50:31,0.0195
0,<40,1774407331,2026-03-25T10:55:31,0.0195
0,<40,1774407934,2026-03-25T11:05:34,0.0205
0,<40,1774408237,2026-03-25T11:10:37,0.021
0,<40,1774408534,2026-03-25T11:15:34,0.019
0,<40,1774408831,2026-03-25T11:20:31,0.0205
0,<40,1774409133,2026-03-25T11:25:33,0.0205
0,<40,1774409436,2026-03-25T11:30:36,0.0205
0,<40,1774409736,2026-03-25T11:35:36,0.022
0,<40,1774410035,2026-03-25T11:40:35,0.021
0,<40,1774410331,2026-03-25T11:45:31,0.023
0,<40,1774410630,2026-03-25T11:50:30,0.0235
0,<40,1774410932,2026-03-25T11:55:32,0.0235
0,<40,1774411534,2026-03-25T12:05:34,0.0075
0,<40,1774411833,2026-03-25T12:10:33,0.0135
0,<40,1774412133,2026-03-25T12:15:33,0.0165
0,<40,1774412433,2026-03-25T12:20:33,0.015
0,<40,1774412731,2026-03-25T12:25:31,0.0115
0,<40,1774413050,2026-03-25T12:30:50,0.0125
0,<40,1774413332,2026-03-25T12:35:32,0.013
0,<40,1774413633,2026-03-25T12:40:33,0.0135
0,<40,1774413934,2026-03-25T12:45:34,0.0045
0,<40,1774414236,2026-03-25T12:50:36,0.005
0,<40,1774414533,2026-03-25T12:55:33,0.0035
0,<40,1774415132,2026-03-25T13:05:32,0.006
0,<40,1774415436,2026-03-25T13:10:36,0.007
0,<40,1774415700,2026-03-25T13:15:00,0.0005
0,<40,1774415742,2026-03-25T13:15:42,0.0005
0,<40,1774416032,2026-03-25T13:20:32,0.0005
0,<40,1774416333,2026-03-25T13:25:33,0.0005
0,<40,1774416638,2026-03-25T13:30:38,0.0005
0,<40,1774416935,2026-03-25T13:35:35,0.0005
0,<40,1774417232,2026-03-25T13:40:32,0.0005
0,<40,1774417532,2026-03-25T13:45:32,0.0005
0,<40,1774417834,2026-03-25T13:50:34,0.0005
0,<40,1774418132,2026-03-25T13:55:32,0.0005
0,<40,1774418733,2026-03-25T14:05:33,0.0005
0,<40,1774419031,2026-03-25T14:10:31,0.0005
0,<40,1774419331,2026-03-25T14:15:31,0.0005
0,<40,1774419634,2026-03-25T14:20:34,0.0005
0,<40,1774419945,2026-03-25T14:25:45,0.0005
0,<40,1774420240,2026-03-25T14:30:40,0.0005
0,<40,1774420548,2026-03-25T14:35:48,0.0005
0,<40,1774420830,2026-03-25T14:40:30,0.0005
0,<40,1774421135,2026-03-25T14:45:35,0.0005
0,<40,1774421434,2026-03-25T14:50:34,0.0005
0,<40,1774421732,2026-03-25T14:55:32,0.0005
0,<40,1774422335,2026-03-25T15:05:35,0.0005
0,<40,1774422635,2026-03-25T15:10:35,0.0005
0,<40,1774422936,2026-03-25T15:15:36,0.0005
0,<40,1774423231,2026-03-25T15:20:31,0.0005
0,<40,1774423533,2026-03-25T15:25:33,0.0005
0,<40,1774423835,2026-03-25T15:30:35,0.0005
0,<40,1774424134,2026-03-25T15:35:34,0.0005
0,<40,1774424437,2026-03-25T15:40:37,0.0005
0,<40,1774424734,2026-03-25T15:45:34,0.0005
0,<40,1774425033,2026-03-25T15:50:33,0.0005
0,<40,1774425331,2026-03-25T15:55:31,0.0005
1,40-64,1774110031,2026-03-22T00:20:31,0.32
1,40-64,1774110330,2026-03-22T00:25:30,0.22
1,40-64,1774110648,2026-03-22T00:30:48,0.21
1,40-64,1774110930,2026-03-22T00:35:30,0.2
1,40-64,1774111232,2026-03-22T00:40:32,0.165
1,40-64,1774111529,2026-03-22T00:45:29,0.165
1,40-64,1774111828,2026-03-22T00:50:28,0.16
1,40-64,1774112132,2026-03-22T00:55:32,0.145
1,40-64,1774112731,2026-03-22T01:05:31,0.16
1,40-64,1774113032,2026-03-22T01:10:32,0.16
1,40-64,1774113331,2026-03-22T01:15:31,0.16
1,40-64,1774113631,2026-03-22T01:20:31,0.165
1,40-64,1774113930,2026-03-22T01:25:30,0.165
1,40-64,1774114245,2026-03-22T01:30:45,0.165
1,40-64,1774114530,2026-03-22T01:35:30,0.165
1,40-64,1774114838,2026-03-22T01:40:38,0.16
1,40-64,1774115131,2026-03-22T01:45:31,0.16
1,40-64,1774115439,2026-03-22T01:50:39,0.15
1,40-64,1774115728,2026-03-22T01:55:28,0.155
1,40-64,1774116330,2026-03-22T02:05:30,0.17
1,40-64,1774116632,2026-03-22T02:10:32,0.175
1,40-64,1774116928,2026-03-22T02:15:28,0.175
1,40-64,1774117230,2026-03-22T02:20:30,0.175
1,40-64,1774117529,2026-03-22T02:25:29,0.175
1,40-64,1774117835,2026-03-22T02:30:35,0.175
1,40-64,1774118131,2026-03-22T02:35:31,0.175
1,40-64,1774118428,2026-03-22T02:40:28,0.175
1,40-64,1774118730,2026-03-22T02:45:30,0.175
1,40-64,1774119029,2026-03-22T02:50:29,0.175
1,40-64,1774119342,2026-03-22T02:55:42,0.175
1,40-64,1774119927,2026-03-22T03:05:27,0.175
1,40-64,1774120227,2026-03-22T03:10:27,0.175
1,40-64,1774120533,2026-03-22T03:15:33,0.175
1,40-64,1774120829,2026-03-22T03:20:29,0.17
1,40-64,1774121130,2026-03-22T03:25:30,0.17
1,40-64,1774121432,2026-03-22T03:30:32,0.17
1,40-64,1774121740,2026-03-22T03:35:40,0.17
1,40-64,1774122037,2026-03-22T03:40:37,0.17
1,40-64,1774122327,2026-03-22T03:45:27,0.17
1,40-64,1774122629,2026-03-22T03:50:29,0.17
1,40-64,1774122929,2026-03-22T03:55:29,0.155
1,40-64,1774123537,2026-03-22T04:05:37,0.155
1,40-64,1774123830,2026-03-22T04:10:30,0.155
1,40-64,1774124130,2026-03-22T04:15:30,0.155
1,40-64,1774124428,2026-03-22T04:20:28,0.155
1,40-64,1774124735,2026-03-22T04:25:35,0.155
1,40-64,1774125044,2026-03-22T04:30:44,0.155
1,40-64,1774125330,2026-03-22T04:35:30,0.155
1,40-64,1774125627,2026-03-22T04:40:27,0.155
1,40-64,1774125929,2026-03-22T04:45:29,0.155
1,40-64,1774126228,2026-03-22T04:50:28,0.155
1,40-64,1774126527,2026-03-22T04:55:27,0.155
1,40-64,1774127129,2026-03-22T05:05:29,0.16
1,40-64,1774127427,2026-03-22T05:10:27,0.16
1,40-64,1774127729,2026-03-22T05:15:29,0.16
1,40-64,1774128027,2026-03-22T05:20:27,0.155
1,40-64,1774128328,2026-03-22T05:25:28,0.155
1,40-64,1774128631,2026-03-22T05:30:31,0.155
1,40-64,1774128931,2026-03-22T05:35:31,0.155
1,40-64,1774129229,2026-03-22T05:40:29,0.155
1,40-64,1774129529,2026-03-22T05:45:29,0.155
1,40-64,1774129828,2026-03-22T05:50:28,0.155
1,40-64,1774130131,2026-03-22T05:55:31,0.155
1,40-64,1774130728,2026-03-22T06:05:28,0.155
1,40-64,1774131028,2026-03-22T06:10:28,0.155
1,40-64,1774131335,2026-03-22T06:15:35,0.155
1,40-64,1774131630,2026-03-22T06:20:30,0.155
1,40-64,1774131927,2026-03-22T06:25:27,0.15
1,40-64,1774132232,2026-03-22T06:30:32,0.145
1,40-64,1774132528,2026-03-22T06:35:28,0.145
1,40-64,1774132829,2026-03-22T06:40:29,0.145
1,40-64,1774133128,2026-03-22T06:45:28,0.145
1,40-64,1774133429,2026-03-22T06:50:29,0.145
1,40-64,1774133728,2026-03-22T06:55:28,0.145
1,40-64,1774134328,2026-03-22T07:05:28,0.145
1,40-64,1774134631,2026-03-22T07:10:31,0.15
1,40-64,1774134939,2026-03-22T07:15:39,0.15
1,40-64,1774135230,2026-03-22T07:20:30,0.14
1,40-64,1774135529,2026-03-22T07:25:29,0.145
1,40-64,1774135832,2026-03-22T07:30:32,0.135
1,40-64,1774136129,2026-03-22T07:35:29,0.135
1,40-64,1774136429,2026-03-22T07:40:29,0.135
1,40-64,1774136731,2026-03-22T07:45:31,0.135
1,40-64,1774137042,2026-03-22T07:50:42,0.135
1,40-64,1774137328,2026-03-22T07:55:28,0.135
1,40-64,1774137927,2026-03-22T08:05:27,0.135
1,40-64,1774138242,2026-03-22T08:10:42,0.14
1,40-64,1774138528,2026-03-22T08:15:28,0.14
1,40-64,1774138842,2026-03-22T08:20:42,0.14
1,40-64,1774139129,2026-03-22T08:25:29,0.14
1,40-64,1774139431,2026-03-22T08:30:31,0.14
1,40-64,1774139730,2026-03-22T08:35:30,0.14
1,40-64,1774140029,2026-03-22T08:40:29,0.14
1,40-64,1774140330,2026-03-22T08:45:30,0.135
1,40-64,1774140630,2026-03-22T08:50:30,0.135
1,40-64,1774140932,2026-03-22T08:55:32,0.135
1,40-64,1774141529,2026-03-22T09:05:29,0.135
1,40-64,1774141831,2026-03-22T09:10:31,0.135
1,40-64,1774142129,2026-03-22T09:15:29,0.135
1,40-64,1774142430,2026-03-22T09:20:30,0.135
1,40-64,1774142729,2026-03-22T09:25:29,0.135
1,40-64,1774143035,2026-03-22T09:30:35,0.135
1,40-64,1774143323,2026-03-22T09:35:23,0.13
1,40-64,1774143637,2026-03-22T09:40:37,0.13
1,40-64,1774143923,2026-03-22T09:45:23,0.13
1,40-64,1774144224,2026-03-22T09:50:24,0.13
1,40-64,1774144523,2026-03-22T09:55:23,0.13
1,40-64,1774145124,2026-03-22T10:05:24,0.13
1,40-64,1774145425,2026-03-22T10:10:25,0.13
1,40-64,1774145724,2026-03-22T10:15:24,0.13
1,40-64,1774146022,2026-03-22T10:20:22,0.125
1,40-64,1774146326,2026-03-22T10:25:26,0.125
1,40-64,1774146628,2026-03-22T10:30:28,0.125
1,40-64,1774146924,2026-03-22T10:35:24,0.125
1,40-64,1774147223,2026-03-22T10:40:23,0.125
1,40-64,1774147524,2026-03-22T10:45:24,0.125
1,40-64,1774147822,2026-03-22T10:50:22,0.125
1,40-64,1774148128,2026-03-22T10:55:28,0.125
1,40-64,1774148724,2026-03-22T11:05:24,0.125
1,40-64,1774149023,2026-03-22T11:10:23,0.125
1,40-64,1774149322,2026-03-22T11:15:22,0.125
1,40-64,1774149624,2026-03-22T11:20:24,0.12
1,40-64,1774149925,2026-03-22T11:25:25,0.12
1,40-64,1774150242,2026-03-22T11:30:42,0.12
1,40-64,1774150523,2026-03-22T11:35:23,0.115
1,40-64,1774150830,2026-03-22T11:40:30,0.12
1,40-64,1774151125,2026-03-22T11:45:25,0.115
1,40-64,1774151422,2026-03-22T11:50:22,0.115
1,40-64,1774151723,2026-03-22T11:55:23,0.115
1,40-64,1774152325,2026-03-22T12:05:25,0.115
1,40-64,1774152625,2026-03-22T12:10:25,0.115
1,40-64,1774152924,2026-03-22T12:15:24,0.115
1,40-64,1774153226,2026-03-22T12:20:26,0.115
1,40-64,1774153526,2026-03-22T12:25:26,0.115
1,40-64,1774153828,2026-03-22T12:30:28,0.115
1,40-64,1774154125,2026-03-22T12:35:25,0.115
1,40-64,1774154423,2026-03-22T12:40:23,0.115
1,40-64,1774154723,2026-03-22T12:45:23,0.115
1,40-64,1774155035,2026-03-22T12:50:35,0.115
1,40-64,1774155324,2026-03-22T12:55:24,0.115
1,40-64,1774155923,2026-03-22T13:05:23,0.115
1,40-64,1774156225,2026-03-22T13:10:25,0.115
1,40-64,1774156524,2026-03-22T13:15:24,0.115
1,40-64,1774156825,2026-03-22T13:20:25,0.115
1,40-64,1774157125,2026-03-22T13:25:25,0.115
1,40-64,1774157428,2026-03-22T13:30:28,0.115
1,40-64,1774157723,2026-03-22T13:35:23,0.12
1,40-64,1774158024,2026-03-22T13:40:24,0.12
1,40-64,1774158338,2026-03-22T13:45:38,0.12
1,40-64,1774158624,2026-03-22T13:50:24,0.12
1,40-64,1774158929,2026-03-22T13:55:29,0.12
1,40-64,1774159523,2026-03-22T14:05:23,0.115
1,40-64,1774159823,2026-03-22T14:10:23,0.12
1,40-64,1774160122,2026-03-22T14:15:22,0.12
1,40-64,1774160425,2026-03-22T14:20:25,0.12
1,40-64,1774160724,2026-03-22T14:25:24,0.12
1,40-64,1774161026,2026-03-22T14:30:26,0.12
1,40-64,1774161329,2026-03-22T14:35:29,0.12
1,40-64,1774161626,2026-03-22T14:40:26,0.12
1,40-64,1774161923,2026-03-22T14:45:23,0.12
1,40-64,1774162223,2026-03-22T14:50:23,0.12
1,40-64,1774162523,2026-03-22T14:55:23,0.12
1,40-64,1774163124,2026-03-22T15:05:24,0.12
1,40-64,1774163425,2026-03-22T15:10:25,0.12
1,40-64,1774163723,2026-03-22T15:15:23,0.12
1,40-64,1774164022,2026-03-22T15:20:22,0.12
1,40-64,1774164322,2026-03-22T15:25:22,0.12
1,40-64,1774164628,2026-03-22T15:30:28,0.12
1,40-64,1774164923,2026-03-22T15:35:23,0.12
1,40-64,1774165224,2026-03-22T15:40:24,0.12
1,40-64,1774165534,2026-03-22T15:45:34,0.12
1,40-64,1774165824,2026-03-22T15:50:24,0.115
1,40-64,1774166123,2026-03-22T15:55:23,0.115
1,40-64,1774166723,2026-03-22T16:05:23,0.115
1,40-64,1774167025,2026-03-22T16:10:25,0.115
1,40-64,1774167329,2026-03-22T16:15:29,0.115
1,40-64,1774167624,2026-03-22T16:20:24,0.115
1,40-64,1774167923,2026-03-22T16:25:23,0.115
1,40-64,1774168226,2026-03-22T16:30:26,0.115
1,40-64,1774168529,2026-03-22T16:35:29,0.115
1,40-64,1774168825,2026-03-22T16:40:25,0.115
1,40-64,1774169123,2026-03-22T16:45:23,0.115
1,40-64,1774169424,2026-03-22T16:50:24,0.115
1,40-64,1774169724,2026-03-22T16:55:24,0.115
1,40-64,1774170323,2026-03-22T17:05:23,0.115
1,40-64,1774170625,2026-03-22T17:10:25,0.115
1,40-64,1774170925,2026-03-22T17:15:25,0.115
1,40-64,1774171224,2026-03-22T17:20:24,0.115
1,40-64,1774171523,2026-03-22T17:25:23,0.115
1,40-64,1774171842,2026-03-22T17:30:42,0.115
1,40-64,1774172123,2026-03-22T17:35:23,0.115
1,40-64,1774172424,2026-03-22T17:40:24,0.115
1,40-64,1774172722,2026-03-22T17:45:22,0.115
1,40-64,1774173023,2026-03-22T17:50:23,0.115
1,40-64,1774173323,2026-03-22T17:55:23,0.115
1,40-64,1774173922,2026-03-22T18:05:22,0.115
1,40-64,1774174224,2026-03-22T18:10:24,0.115
1,40-64,1774174524,2026-03-22T18:15:24,0.115
1,40-64,1774174829,2026-03-22T18:20:29,0.115
1,40-64,1774175124,2026-03-22T18:25:24,0.115
1,40-64,1774175427,2026-03-22T18:30:27,0.115
1,40-64,1774175724,2026-03-22T18:35:24,0.115
1,40-64,1774176023,2026-03-22T18:40:23,0.115
1,40-64,1774176323,2026-03-22T18:45:23,0.115
1,40-64,1774176629,2026-03-22T18:50:29,0.115
1,40-64,1774176924,2026-03-22T18:55:24,0.115
1,40-64,1774177523,2026-03-22T19:05:23,0.115
1,40-64,1774177828,2026-03-22T19:10:28,0.115
1,40-64,1774178125,2026-03-22T19:15:25,0.115
1,40-64,1774178426,2026-03-22T19:20:26,0.115
1,40-64,1774178723,2026-03-22T19:25:23,0.115
1,40-64,1774179028,2026-03-22T19:30:28,0.115
1,40-64,1774179324,2026-03-22T19:35:24,0.115
1,40-64,1774179627,2026-03-22T19:40:27,0.115
1,40-64,1774179940,2026-03-22T19:45:40,0.115
1,40-64,1774180224,2026-03-22T19:50:24,0.115
1,40-64,1774180523,2026-03-22T19:55:23,0.115
1,40-64,1774181124,2026-03-22T20:05:24,0.115
1,40-64,1774181439,2026-03-22T20:10:39,0.115
1,40-64,1774181725,2026-03-22T20:15:25,0.115
1,40-64,1774182023,2026-03-22T20:20:23,0.115
1,40-64,1774182324,2026-03-22T20:25:24,0.115
1,40-64,1774182625,2026-03-22T20:30:25,0.115
1,40-64,1774182923,2026-03-22T20:35:23,0.115
1,40-64,1774183222,2026-03-22T20:40:22,0.115
1,40-64,1774183523,2026-03-22T20:45:23,0.115
1,40-64,1774183822,2026-03-22T20:50:22,0.115
1,40-64,1774184122,2026-03-22T20:55:22,0.115
1,40-64,1774184723,2026-03-22T21:05:23,0.115
1,40-64,1774185023,2026-03-22T21:10:23,0.115
1,40-64,1774185324,2026-03-22T21:15:24,0.115
1,40-64,1774185623,2026-03-22T21:20:23,0.115
1,40-64,1774185924,2026-03-22T21:25:24,0.115
1,40-64,1774186240,2026-03-22T21:30:40,0.115
1,40-64,1774186524,2026-03-22T21:35:24,0.115
1,40-64,1774186824,2026-03-22T21:40:24,0.115
1,40-64,1774187123,2026-03-22T21:45:23,0.115
1,40-64,1774187422,2026-03-22T21:50:22,0.115
1,40-64,1774187737,2026-03-22T21:55:37,0.115
1,40-64,1774188324,2026-03-22T22:05:24,0.115
1,40-64,1774188625,2026-03-22T22:10:25,0.115
1,40-64,1774188924,2026-03-22T22:15:24,0.115
1,40-64,1774189226,2026-03-22T22:20:26,0.115
1,40-64,1774189524,2026-03-22T22:25:24,0.115
1,40-64,1774189828,2026-03-22T22:30:28,0.115
1,40-64,1774190143,2026-03-22T22:35:43,0.12
1,40-64,1774190441,2026-03-22T22:40:41,0.12
1,40-64,1774190724,2026-03-22T22:45:24,0.12
1,40-64,1774191025,2026-03-22T22:50:25,0.12
1,40-64,1774191323,2026-03-22T22:55:23,0.115
1,40-64,1774191925,2026-03-22T23:05:25,0.115
1,40-64,1774192222,2026-03-22T23:10:22,0.115
1,40-64,1774192524,2026-03-22T23:15:24,0.115
1,40-64,1774192824,2026-03-22T23:20:24,0.115
1,40-64,1774193123,2026-03-22T23:25:23,0.115
1,40-64,1774193428,2026-03-22T23:30:28,0.115
1,40-64,1774193722,2026-03-22T23:35:22,0.115
1,40-64,1774194023,2026-03-22T23:40:23,0.115
1,40-64,1774194337,2026-03-22T23:45:37,0.12
1,40-64,1774194635,2026-03-22T23:50:35,0.12
1,40-64,1774194924,2026-03-22T23:55:24,0.12
1,40-64,1774195525,2026-03-23T00:05:25,0.115
1,40-64,1774195826,2026-03-23T00:10:26,0.115
1,40-64,1774196125,2026-03-23T00:15:25,0.115
1,40-64,1774196423,2026-03-23T00:20:23,0.115
1,40-64,1774196724,2026-03-23T00:25:24,0.115
1,40-64,1774197026,2026-03-23T00:30:26,0.115
1,40-64,1774197324,2026-03-23T00:35:24,0.115
1,40-64,1774197631,2026-03-23T00:40:31,0.115
1,40-64,1774197924,2026-03-23T00:45:24,0.115
1,40-64,1774198225,2026-03-23T00:50:25,0.115
1,40-64,1774198523,2026-03-23T00:55:23,0.115
1,40-64,1774199124,2026-03-23T01:05:24,0.115
1,40-64,1774199424,2026-03-23T01:10:24,0.115
1,40-64,1774199725,2026-03-23T01:15:25,0.115
1,40-64,1774200024,2026-03-23T01:20:24,0.115
1,40-64,1774200325,2026-03-23T01:25:25,0.115
1,40-64,1774200647,2026-03-23T01:30:47,0.115
1,40-64,1774200924,2026-03-23T01:35:24,0.115
1,40-64,1774201223,2026-03-23T01:40:23,0.115
1,40-64,1774201524,2026-03-23T01:45:24,0.115
1,40-64,1774201824,2026-03-23T01:50:24,0.115
1,40-64,1774202125,2026-03-23T01:55:25,0.115
1,40-64,1774202724,2026-03-23T02:05:24,0.115
1,40-64,1774203025,2026-03-23T02:10:25,0.115
1,40-64,1774203323,2026-03-23T02:15:23,0.115
1,40-64,1774203625,2026-03-23T02:20:25,0.115
1,40-64,1774203935,2026-03-23T02:25:35,0.115
1,40-64,1774204229,2026-03-23T02:30:29,0.115
1,40-64,1774204524,2026-03-23T02:35:24,0.115
1,40-64,1774204823,2026-03-23T02:40:23,0.115
1,40-64,1774205124,2026-03-23T02:45:24,0.105
1,40-64,1774205426,2026-03-23T02:50:26,0.105
1,40-64,1774205727,2026-03-23T02:55:27,0.105
1,40-64,1774206324,2026-03-23T03:05:24,0.105
1,40-64,1774206632,2026-03-23T03:10:32,0.105
1,40-64,1774206927,2026-03-23T03:15:27,0.105
1,40-64,1774207226,2026-03-23T03:20:26,0.105
1,40-64,1774207526,2026-03-23T03:25:26,0.105
1,40-64,1774207831,2026-03-23T03:30:31,0.105
1,40-64,1774208127,2026-03-23T03:35:27,0.105
1,40-64,1774208428,2026-03-23T03:40:28,0.11
1,40-64,1774208727,2026-03-23T03:45:27,0.11
1,40-64,1774209027,2026-03-23T03:50:27,0.11
1,40-64,1774209323,2026-03-23T03:55:23,0.11
1,40-64,1774209927,2026-03-23T04:05:27,0.105
1,40-64,1774210231,2026-03-23T04:10:31,0.105
1,40-64,1774210526,2026-03-23T04:15:26,0.105
1,40-64,1774210828,2026-03-23T04:20:28,0.105
1,40-64,1774211126,2026-03-23T04:25:26,0.105
1,40-64,1774211429,2026-03-23T04:30:29,0.105
1,40-64,1774211724,2026-03-23T04:35:24,0.105
1,40-64,1774212026,2026-03-23T04:40:26,0.105
1,40-64,1774212330,2026-03-23T04:45:30,0.105
1,40-64,1774212627,2026-03-23T04:50:27,0.105
1,40-64,1774212925,2026-03-23T04:55:25,0.105
1,40-64,1774213525,2026-03-23T05:05:25,0.105
1,40-64,1774213825,2026-03-23T05:10:25,0.105
1,40-64,1774214128,2026-03-23T05:15:28,0.105
1,40-64,1774214427,2026-03-23T05:20:27,0.105
1,40-64,1774214727,2026-03-23T05:25:27,0.105
1,40-64,1774215030,2026-03-23T05:30:30,0.105
1,40-64,1774215325,2026-03-23T05:35:25,0.105
1,40-64,1774215623,2026-03-23T05:40:23,0.105
1,40-64,1774215927,2026-03-23T05:45:27,0.105
1,40-64,1774216226,2026-03-23T05:50:26,0.105
1,40-64,1774216525,2026-03-23T05:55:25,0.105
1,40-64,1774217126,2026-03-23T06:05:26,0.105
1,40-64,1774217428,2026-03-23T06:10:28,0.105
1,40-64,1774217725,2026-03-23T06:15:25,0.105
1,40-64,1774218028,2026-03-23T06:20:28,0.105
1,40-64,1774218326,2026-03-23T06:25:26,0.105
1,40-64,1774218629,2026-03-23T06:30:29,0.105
1,40-64,1774218927,2026-03-23T06:35:27,0.105
1,40-64,1774219239,2026-03-23T06:40:39,0.105
1,40-64,1774219526,2026-03-23T06:45:26,0.105
1,40-64,1774219825,2026-03-23T06:50:25,0.105
1,40-64,1774220127,2026-03-23T06:55:27,0.105
1,40-64,1774220725,2026-03-23T07:05:25,0.105
1,40-64,1774221026,2026-03-23T07:10:26,0.105
1,40-64,1774221328,2026-03-23T07:15:28,0.105
1,40-64,1774221627,2026-03-23T07:20:27,0.105
1,40-64,1774221925,2026-03-23T07:25:25,0.105
1,40-64,1774222229,2026-03-23T07:30:29,0.105
1,40-64,1774222539,2026-03-23T07:35:39,0.105
1,40-64,1774222825,2026-03-23T07:40:25,0.105
1,40-64,1774223133,2026-03-23T07:45:33,0.105
1,40-64,1774223426,2026-03-23T07:50:26,0.105
1,40-64,1774223724,2026-03-23T07:55:24,0.105
1,40-64,1774224328,2026-03-23T08:05:28,0.105
1,40-64,1774224627,2026-03-23T08:10:27,0.105
1,40-64,1774224926,2026-03-23T08:15:26,0.105
1,40-64,1774225228,2026-03-23T08:20:28,0.105
1,40-64,1774225526,2026-03-23T08:25:26,0.105
1,40-64,1774225828,2026-03-23T08:30:28,0.105
1,40-64,1774226126,2026-03-23T08:35:26,0.105
1,40-64,1774226428,2026-03-23T08:40:28,0.105
1,40-64,1774226725,2026-03-23T08:45:25,0.105
1,40-64,1774227025,2026-03-23T08:50:25,0.105
1,40-64,1774227325,2026-03-23T08:55:25,0.105
1,40-64,1774227925,2026-03-23T09:05:25,0.105
1,40-64,1774228226,2026-03-23T09:10:26,0.105
1,40-64,1774228529,2026-03-23T09:15:29,0.105
1,40-64,1774228823,2026-03-23T09:20:23,0.105
1,40-64,1774229128,2026-03-23T09:25:28,0.105
1,40-64,1774229429,2026-03-23T09:30:29,0.105
1,40-64,1774229740,2026-03-23T09:35:40,0.105
1,40-64,1774230024,2026-03-23T09:40:24,0.105
1,40-64,1774230326,2026-03-23T09:45:26,0.105
1,40-64,1774230627,2026-03-23T09:50:27,0.105
1,40-64,1774230923,2026-03-23T09:55:23,0.105
1,40-64,1774231527,2026-03-23T10:05:27,0.105
1,40-64,1774231828,2026-03-23T10:10:28,0.105
1,40-64,1774232126,2026-03-23T10:15:26,0.105
1,40-64,1774232427,2026-03-23T10:20:27,0.105
1,40-64,1774232728,2026-03-23T10:25:28,0.105
1,40-64,1774233032,2026-03-23T10:30:32,0.105
1,40-64,1774233326,2026-03-23T10:35:26,0.105
1,40-64,1774233625,2026-03-23T10:40:25,0.105
1,40-64,1774233932,2026-03-23T10:45:32,0.105
1,40-64,1774234226,2026-03-23T10:50:26,0.105
1,40-64,1774234530,2026-03-23T10:55:30,0.105
1,40-64,1774235125,2026-03-23T11:05:25,0.105
1,40-64,1774235427,2026-03-23T11:10:27,0.105
1,40-64,1774235726,2026-03-23T11:15:26,0.105
1,40-64,1774236031,2026-03-23T11:20:31,0.105
1,40-64,1774236324,2026-03-23T11:25:24,0.105
1,40-64,1774236630,2026-03-23T11:30:30,0.105
1,40-64,1774236927,2026-03-23T11:35:27,0.105
1,40-64,1774237239,2026-03-23T11:40:39,0.105
1,40-64,1774237538,2026-03-23T11:45:38,0.105
1,40-64,1774237824,2026-03-23T11:50:24,0.105
1,40-64,1774238124,2026-03-23T11:55:24,0.105
1,40-64,1774238740,2026-03-23T12:05:40,0.105
1,40-64,1774239025,2026-03-23T12:10:25,0.105
1,40-64,1774239335,2026-03-23T12:15:35,0.105
1,40-64,1774239624,2026-03-23T12:20:24,0.105
1,40-64,1774239928,2026-03-23T12:25:28,0.105
1,40-64,1774240229,2026-03-23T12:30:29,0.105
1,40-64,1774240525,2026-03-23T12:35:25,0.105
1,40-64,1774240826,2026-03-23T12:40:26,0.105
1,40-64,1774241126,2026-03-23T12:45:26,0.105
1,40-64,1774241428,2026-03-23T12:50:28,0.105
1,40-64,1774241727,2026-03-23T12:55:27,0.105
1,40-64,1774242323,2026-03-23T13:05:23,0.105
1,40-64,1774242625,2026-03-23T13:10:25,0.105
1,40-64,1774242925,2026-03-23T13:15:25,0.105
1,40-64,1774243224,2026-03-23T13:20:24,0.105
1,40-64,1774243529,2026-03-23T13:25:29,0.105
1,40-64,1774243828,2026-03-23T13:30:28,0.105
1,40-64,1774244126,2026-03-23T13:35:26,0.105
1,40-64,1774244437,2026-03-23T13:40:37,0.105
1,40-64,1774244724,2026-03-23T13:45:24,0.105
1,40-64,1774245032,2026-03-23T13:50:32,0.105
1,40-64,1774245324,2026-03-23T13:55:24,0.105
1,40-64,1774245922,2026-03-23T14:05:22,0.105
1,40-64,1774246225,2026-03-23T14:10:25,0.105
1,40-64,1774246527,2026-03-23T14:15:27,0.105
1,40-64,1774246825,2026-03-23T14:20:25,0.105
1,40-64,1774247124,2026-03-23T14:25:24,0.105
1,40-64,1774247432,2026-03-23T14:30:32,0.105
1,40-64,1774247730,2026-03-23T14:35:30,0.105
1,40-64,1774248028,2026-03-23T14:40:28,0.105
1,40-64,1774248340,2026-03-23T14:45:40,0.105
1,40-64,1774248628,2026-03-23T14:50:28,0.105
1,40-64,1774248928,2026-03-23T14:55:28,0.105
1,40-64,1774249527,2026-03-23T15:05:27,0.105
1,40-64,1774249827,2026-03-23T15:10:27,0.105
1,40-64,1774250125,2026-03-23T15:15:25,0.105
1,40-64,1774250429,2026-03-23T15:20:29,0.105
1,40-64,1774250726,2026-03-23T15:25:26,0.105
1,40-64,1774251030,2026-03-23T15:30:30,0.105
1,40-64,1774251327,2026-03-23T15:35:27,0.105
1,40-64,1774251628,2026-03-23T15:40:28,0.105
1,40-64,1774251925,2026-03-23T15:45:25,0.105
1,40-64,1774252226,2026-03-23T15:50:26,0.105
1,40-64,1774252526,2026-03-23T15:55:26,0.11
1,40-64,1774253126,2026-03-23T16:05:26,0.115
1,40-64,1774253425,2026-03-23T16:10:25,0.125
1,40-64,1774253728,2026-03-23T16:15:28,0.125
1,40-64,1774254030,2026-03-23T16:20:30,0.125
1,40-64,1774254324,2026-03-23T16:25:24,0.125
1,40-64,1774254628,2026-03-23T16:30:28,0.125
1,40-64,1774254924,2026-03-23T16:35:24,0.125
1,40-64,1774255227,2026-03-23T16:40:27,0.125
1,40-64,1774255525,2026-03-23T16:45:25,0.125
1,40-64,1774255825,2026-03-23T16:50:25,0.125
1,40-64,1774256127,2026-03-23T16:55:27,0.115
1,40-64,1774256744,2026-03-23T17:05:44,0.115
1,40-64,1774257037,2026-03-23T17:10:37,0.115
1,40-64,1774257323,2026-03-23T17:15:23,0.115
1,40-64,1774257627,2026-03-23T17:20:27,0.115
1,40-64,1774257936,2026-03-23T17:25:36,0.115
1,40-64,1774258227,2026-03-23T17:30:27,0.115
1,40-64,1774258524,2026-03-23T17:35:24,0.115
1,40-64,1774258822,2026-03-23T17:40:22,0.115
1,40-64,1774259125,2026-03-23T17:45:25,0.115
1,40-64,1774259437,2026-03-23T17:50:37,0.115
1,40-64,1774259722,2026-03-23T17:55:22,0.115
1,40-64,1774260325,2026-03-23T18:05:25,0.115
1,40-64,1774260623,2026-03-23T18:10:23,0.115
1,40-64,1774260922,2026-03-23T18:15:22,0.115
1,40-64,1774261223,2026-03-23T18:20:23,0.115
1,40-64,1774261526,2026-03-23T18:25:26,0.12
1,40-64,1774261826,2026-03-23T18:30:26,0.12
1,40-64,1774262123,2026-03-23T18:35:23,0.12
1,40-64,1774262425,2026-03-23T18:40:25,0.13
1,40-64,1774262728,2026-03-23T18:45:28,0.13
1,40-64,1774263027,2026-03-23T18:50:27,0.13
1,40-64,1774263326,2026-03-23T18:55:26,0.13
1,40-64,1774263936,2026-03-23T19:05:36,0.125
1,40-64,1774264226,2026-03-23T19:10:26,0.12
1,40-64,1774264541,2026-03-23T19:15:41,0.12
1,40-64,1774264824,2026-03-23T19:20:24,0.115
1,40-64,1774265125,2026-03-23T19:25:25,0.115
1,40-64,1774265441,2026-03-23T19:30:41,0.115
1,40-64,1774265724,2026-03-23T19:35:24,0.12
1,40-64,1774266028,2026-03-23T19:40:28,0.13
1,40-64,1774266323,2026-03-23T19:45:23,0.13
1,40-64,1774266622,2026-03-23T19:50:22,0.13
1,40-64,1774266922,2026-03-23T19:55:22,0.135
1,40-64,1774267535,2026-03-23T20:05:35,0.135
1,40-64,1774267824,2026-03-23T20:10:24,0.135
1,40-64,1774268125,2026-03-23T20:15:25,0.135
1,40-64,1774268429,2026-03-23T20:20:29,0.13
1,40-64,1774268726,2026-03-23T20:25:26,0.13
1,40-64,1774269029,2026-03-23T20:30:29,0.13
1,40-64,1774269328,2026-03-23T20:35:28,0.13
1,40-64,1774269627,2026-03-23T20:40:27,0.13
1,40-64,1774269926,2026-03-23T20:45:26,0.13
1,40-64,1774270244,2026-03-23T20:50:44,0.13
1,40-64,1774270526,2026-03-23T20:55:26,0.13
1,40-64,1774271132,2026-03-23T21:05:32,0.13
1,40-64,1774271440,2026-03-23T21:10:40,0.13
1,40-64,1774271727,2026-03-23T21:15:27,0.13
1,40-64,1774272034,2026-03-23T21:20:34,0.13
1,40-64,1774272326,2026-03-23T21:25:26,0.13
1,40-64,1774272630,2026-03-23T21:30:30,0.125
1,40-64,1774272925,2026-03-23T21:35:25,0.125
1,40-64,1774273227,2026-03-23T21:40:27,0.125
1,40-64,1774273526,2026-03-23T21:45:26,0.125
1,40-64,1774273844,2026-03-23T21:50:44,0.125
1,40-64,1774274129,2026-03-23T21:55:29,0.125
1,40-64,1774274732,2026-03-23T22:05:32,0.125
1,40-64,1774275032,2026-03-23T22:10:32,0.125
1,40-64,1774275330,2026-03-23T22:15:30,0.12
1,40-64,1774275622,2026-03-23T22:20:22,0.135
1,40-64,1774275936,2026-03-23T22:25:36,0.13
1,40-64,1774276224,2026-03-23T22:30:24,0.13
1,40-64,1774276523,2026-03-23T22:35:23,0.13
1,40-64,1774276822,2026-03-23T22:40:22,0.13
1,40-64,1774277122,2026-03-23T22:45:22,0.125
1,40-64,1774277422,2026-03-23T22:50:22,0.125
1,40-64,1774277728,2026-03-23T22:55:28,0.125
1,40-64,1774278323,2026-03-23T23:05:23,0.125
1,40-64,1774278622,2026-03-23T23:10:22,0.115
1,40-64,1774278922,2026-03-23T23:15:22,0.125
1,40-64,1774279223,2026-03-23T23:20:23,0.125
1,40-64,1774279521,2026-03-23T23:25:21,0.125
1,40-64,1774279830,2026-03-23T23:30:30,0.125
1,40-64,1774280122,2026-03-23T23:35:22,0.125
1,40-64,1774280422,2026-03-23T23:40:22,0.12
1,40-64,1774280722,2026-03-23T23:45:22,0.12
1,40-64,1774281022,2026-03-23T23:50:22,0.12
1,40-64,1774281323,2026-03-23T23:55:23,0.12
1,40-64,1774281923,2026-03-24T00:05:23,0.14
1,40-64,1774282224,2026-03-24T00:10:24,0.135
1,40-64,1774282522,2026-03-24T00:15:22,0.135
1,40-64,1774282823,2026-03-24T00:20:23,0.135
1,40-64,1774283125,2026-03-24T00:25:25,0.135
1,40-64,1774283436,2026-03-24T00:30:36,0.14
1,40-64,1774283723,2026-03-24T00:35:23,0.145
1,40-64,1774284023,2026-03-24T00:40:23,0.145
1,40-64,1774284323,2026-03-24T00:45:23,0.15
1,40-64,1774284629,2026-03-24T00:50:29,0.15
1,40-64,1774284923,2026-03-24T00:55:23,0.155
1,40-64,1774285524,2026-03-24T01:05:24,0.155
1,40-64,1774285824,2026-03-24T01:10:24,0.155
1,40-64,1774286125,2026-03-24T01:15:25,0.155
1,40-64,1774286424,2026-03-24T01:20:24,0.16
1,40-64,1774286738,2026-03-24T01:25:38,0.16
1,40-64,1774287026,2026-03-24T01:30:26,0.16
1,40-64,1774287323,2026-03-24T01:35:23,0.16
1,40-64,1774287644,2026-03-24T01:40:44,0.16
1,40-64,1774287923,2026-03-24T01:45:23,0.16
1,40-64,1774288223,2026-03-24T01:50:23,0.16
1,40-64,1774288523,2026-03-24T01:55:23,0.17
1,40-64,1774289123,2026-03-24T02:05:23,0.17
1,40-64,1774289424,2026-03-24T02:10:24,0.175
1,40-64,1774289725,2026-03-24T02:15:25,0.185
1,40-64,1774290036,2026-03-24T02:20:36,0.185
1,40-64,1774290324,2026-03-24T02:25:24,0.185
1,40-64,1774290627,2026-03-24T02:30:27,0.185
1,40-64,1774290925,2026-03-24T02:35:25,0.195
1,40-64,1774291234,2026-03-24T02:40:34,0.205
1,40-64,1774291525,2026-03-24T02:45:25,0.21
1,40-64,1774291824,2026-03-24T02:50:24,0.215
1,40-64,1774292125,2026-03-24T02:55:25,0.245
1,40-64,1774292727,2026-03-24T03:05:27,0.18
1,40-64,1774293025,2026-03-24T03:10:25,0.145
1,40-64,1774293327,2026-03-24T03:15:27,0.165
1,40-64,1774293628,2026-03-24T03:20:28,0.165
1,40-64,1774293926,2026-03-24T03:25:26,0.165
1,40-64,1774294227,2026-03-24T03:30:27,0.17
1,40-64,1774294528,2026-03-24T03:35:28,0.175
1,40-64,1774294824,2026-03-24T03:40:24,0.175
1,40-64,1774295126,2026-03-24T03:45:26,0.175
1,40-64,1774295429,2026-03-24T03:50:29,0.165
1,40-64,1774295726,2026-03-24T03:55:26,0.155
1,40-64,1774296328,2026-03-24T04:05:28,0.16
1,40-64,1774296628,2026-03-24T04:10:28,0.165
1,40-64,1774296923,2026-03-24T04:15:23,0.165
1,40-64,1774297227,2026-03-24T04:20:27,0.155
1,40-64,1774297528,2026-03-24T04:25:28,0.155
1,40-64,1774297828,2026-03-24T04:30:28,0.155
1,40-64,1774298126,2026-03-24T04:35:26,0.155
1,40-64,1774298425,2026-03-24T04:40:25,0.155
1,40-64,1774298724,2026-03-24T04:45:24,0.165
1,40-64,1774299027,2026-03-24T04:50:27,0.165
1,40-64,1774299325,2026-03-24T04:55:25,0.165
1,40-64,1774299924,2026-03-24T05:05:24,0.165
1,40-64,1774300227,2026-03-24T05:10:27,0.165
1,40-64,1774300539,2026-03-24T05:15:39,0.165
1,40-64,1774300824,2026-03-24T05:20:24,0.165
1,40-64,1774301123,2026-03-24T05:25:23,0.165
1,40-64,1774301430,2026-03-24T05:30:30,0.165
1,40-64,1774301726,2026-03-24T05:35:26,0.165
1,40-64,1774302026,2026-03-24T05:40:26,0.165
1,40-64,1774302326,2026-03-24T05:45:26,0.165
1,40-64,1774302623,2026-03-24T05:50:23,0.165
1,40-64,1774302924,2026-03-24T05:55:24,0.165
1,40-64,1774303533,2026-03-24T06:05:33,0.165
1,40-64,1774303825,2026-03-24T06:10:25,0.165
1,40-64,1774304128,2026-03-24T06:15:28,0.175
1,40-64,1774304424,2026-03-24T06:20:24,0.175
1,40-64,1774304725,2026-03-24T06:25:25,0.175
1,40-64,1774305028,2026-03-24T06:30:28,0.175
1,40-64,1774305325,2026-03-24T06:35:25,0.175
1,40-64,1774305625,2026-03-24T06:40:25,0.175
1,40-64,1774305926,2026-03-24T06:45:26,0.185
1,40-64,1774306238,2026-03-24T06:50:38,0.185
1,40-64,1774306527,2026-03-24T06:55:27,0.185
1,40-64,1774307127,2026-03-24T07:05:27,0.19
1,40-64,1774307428,2026-03-24T07:10:28,0.195
1,40-64,1774307724,2026-03-24T07:15:24,0.195
1,40-64,1774308028,2026-03-24T07:20:28,0.195
1,40-64,1774308328,2026-03-24T07:25:28,0.195
1,40-64,1774308631,2026-03-24T07:30:31,0.195
1,40-64,1774308927,2026-03-24T07:35:27,0.195
1,40-64,1774309226,2026-03-24T07:40:26,0.195
1,40-64,1774309528,2026-03-24T07:45:28,0.195
1,40-64,1774309828,2026-03-24T07:50:28,0.195
1,40-64,1774310142,2026-03-24T07:55:42,0.195
1,40-64,1774310726,2026-03-24T08:05:26,0.21
1,40-64,1774311024,2026-03-24T08:10:24,0.215
1,40-64,1774311325,2026-03-24T08:15:25,0.215
1,40-64,1774311626,2026-03-24T08:20:26,0.215
1,40-64,1774311927,2026-03-24T08:25:27,0.215
1,40-64,1774312224,2026-03-24T08:30:24,0.215
1,40-64,1774312523,2026-03-24T08:35:23,0.22
1,40-64,1774312826,2026-03-24T08:40:26,0.215
1,40-64,1774313123,2026-03-24T08:45:23,0.215
1,40-64,1774313423,2026-03-24T08:50:23,0.235
1,40-64,1774313723,2026-03-24T08:55:23,0.235
1,40-64,1774314323,2026-03-24T09:05:23,0.245
1,40-64,1774314626,2026-03-24T09:10:26,0.245
1,40-64,1774314924,2026-03-24T09:15:24,0.245
1,40-64,1774315223,2026-03-24T09:20:23,0.255
1,40-64,1774315540,2026-03-24T09:25:40,0.255
1,40-64,1774315825,2026-03-24T09:30:25,0.255
1,40-64,1774316124,2026-03-24T09:35:24,0.27
1,40-64,1774316423,2026-03-24T09:40:23,0.285
1,40-64,1774316726,2026-03-24T09:45:26,0.285
1,40-64,1774317025,2026-03-24T09:50:25,0.285
1,40-64,1774317324,2026-03-24T09:55:24,0.285
1,40-64,1774317923,2026-03-24T10:05:23,0.29
1,40-64,1774318226,2026-03-24T10:10:26,0.29
1,40-64,1774318524,2026-03-24T10:15:24,0.3
1,40-64,1774318824,2026-03-24T10:20:24,0.3
1,40-64,1774319127,2026-03-24T10:25:27,0.3
1,40-64,1774319424,2026-03-24T10:30:24,0.3
1,40-64,1774319724,2026-03-24T10:35:24,0.295
1,40-64,1774320025,2026-03-24T10:40:25,0.295
1,40-64,1774320325,2026-03-24T10:45:25,0.305
1,40-64,1774320624,2026-03-24T10:50:24,0.3
1,40-64,1774320923,2026-03-24T10:55:23,0.3
1,40-64,1774321528,2026-03-24T11:05:28,0.3
1,40-64,1774321827,2026-03-24T11:10:27,0.295
1,40-64,1774322128,2026-03-24T11:15:28,0.295
1,40-64,1774322427,2026-03-24T11:20:27,0.295
1,40-64,1774322724,2026-03-24T11:25:24,0.3
1,40-64,1774323025,2026-03-24T11:30:25,0.295
1,40-64,1774323328,2026-03-24T11:35:28,0.3
1,40-64,1774323626,2026-03-24T11:40:26,0.295
1,40-64,1774323924,2026-03-24T11:45:24,0.295
1,40-64,1774324237,2026-03-24T11:50:37,0.295
1,40-64,1774324524,2026-03-24T11:55:24,0.295
1,40-64,1774325124,2026-03-24T12:05:24,0.295
1,40-64,1774325424,2026-03-24T12:10:24,0.29
1,40-64,1774325724,2026-03-24T12:15:24,0.3
1,40-64,1774326027,2026-03-24T12:20:27,0.295
1,40-64,1774326333,2026-03-24T12:25:33,0.3
1,40-64,1774326626,2026-03-24T12:30:26,0.29
1,40-64,1774326926,2026-03-24T12:35:26,0.24
1,40-64,1774327224,2026-03-24T12:40:24,0.25
1,40-64,1774327524,2026-03-24T12:45:24,0.25
1,40-64,1774327826,2026-03-24T12:50:26,0.25
1,40-64,1774328125,2026-03-24T12:55:25,0.265
1,40-64,1774328724,2026-03-24T13:05:24,0.27
1,40-64,1774329024,2026-03-24T13:10:24,0.28
1,40-64,1774329325,2026-03-24T13:15:25,0.285
1,40-64,1774329638,2026-03-24T13:20:38,0.285
1,40-64,1774329925,2026-03-24T13:25:25,0.285
1,40-64,1774330228,2026-03-24T13:30:28,0.285
1,40-64,1774330535,2026-03-24T13:35:35,0.285
1,40-64,1774330826,2026-03-24T13:40:26,0.285
1,40-64,1774331127,2026-03-24T13:45:27,0.285
1,40-64,1774331426,2026-03-24T13:50:26,0.285
1,40-64,1774331728,2026-03-24T13:55:28,0.21
1,40-64,1774332324,2026-03-24T14:05:24,0.235
1,40-64,1774332624,2026-03-24T14:10:24,0.245
1,40-64,1774332924,2026-03-24T14:15:24,0.245
1,40-64,1774333229,2026-03-24T14:20:29,0.26
1,40-64,1774333525,2026-03-24T14:25:25,0.26
1,40-64,1774333827,2026-03-24T14:30:27,0.26
1,40-64,1774334137,2026-03-24T14:35:37,0.26
1,40-64,1774334424,2026-03-24T14:40:24,0.26
1,40-64,1774334728,2026-03-24T14:45:28,0.265
1,40-64,1774335026,2026-03-24T14:50:26,0.265
1,40-64,1774335329,2026-03-24T14:55:29,0.265
1,40-64,1774335925,2026-03-24T15:05:25,0.275
1,40-64,1774336223,2026-03-24T15:10:23,0.295
1,40-64,1774336540,2026-03-24T15:15:40,0.295
1,40-64,1774336827,2026-03-24T15:20:27,0.295
1,40-64,1774337124,2026-03-24T15:25:24,0.295
1,40-64,1774337426,2026-03-24T15:30:26,0.295
1,40-64,1774337724,2026-03-24T15:35:24,0.295
1,40-64,1774338039,2026-03-24T15:40:39,0.295
1,40-64,1774338327,2026-03-24T15:45:27,0.295
1,40-64,1774338624,2026-03-24T15:50:24,0.295
1,40-64,1774338926,2026-03-24T15:55:26,0.295
1,40-64,1774339527,2026-03-24T16:05:27,0.305
1,40-64,1774339825,2026-03-24T16:10:25,0.305
1,40-64,1774340127,2026-03-24T16:15:27,0.305
1,40-64,1774340426,2026-03-24T16:20:26,0.31
1,40-64,1774340732,2026-03-24T16:25:32,0.31
1,40-64,1774341029,2026-03-24T16:30:29,0.305
1,40-64,1774341324,2026-03-24T16:35:24,0.31
1,40-64,1774341635,2026-03-24T16:40:35,0.31
1,40-64,1774341927,2026-03-24T16:45:27,0.31
1,40-64,1774342226,2026-03-24T16:50:26,0.315
1,40-64,1774342525,2026-03-24T16:55:25,0.315
1,40-64,1774343124,2026-03-24T17:05:24,0.315
1,40-64,1774343426,2026-03-24T17:10:26,0.315
1,40-64,1774343724,2026-03-24T17:15:24,0.315
1,40-64,1774344028,2026-03-24T17:20:28,0.32
1,40-64,1774344325,2026-03-24T17:25:25,0.325
1,40-64,1774344626,2026-03-24T17:30:26,0.33
1,40-64,1774344923,2026-03-24T17:35:23,0.325
1,40-64,1774345238,2026-03-24T17:40:38,0.33
1,40-64,1774345527,2026-03-24T17:45:27,0.325
1,40-64,1774345828,2026-03-24T17:50:28,0.33
1,40-64,1774346137,2026-03-24T17:55:37,0.325
1,40-64,1774346724,2026-03-24T18:05:24,0.325
1,40-64,1774347035,2026-03-24T18:10:35,0.33
1,40-64,1774347327,2026-03-24T18:15:27,0.335
1,40-64,1774347642,2026-03-24T18:20:42,0.335
1,40-64,1774347928,2026-03-24T18:25:28,0.335
1,40-64,1774348226,2026-03-24T18:30:26,0.335
1,40-64,1774348529,2026-03-24T18:35:29,0.335
1,40-64,1774348843,2026-03-24T18:40:43,0.335
1,40-64,1774349127,2026-03-24T18:45:27,0.335
1,40-64,1774349427,2026-03-24T18:50:27,0.335
1,40-64,1774349725,2026-03-24T18:55:25,0.32
1,40-64,1774350324,2026-03-24T19:05:24,0.32
1,40-64,1774350626,2026-03-24T19:10:26,0.335
1,40-64,1774350928,2026-03-24T19:15:28,0.335
1,40-64,1774351224,2026-03-24T19:20:24,0.335
1,40-64,1774351530,2026-03-24T19:25:30,0.335
1,40-64,1774351828,2026-03-24T19:30:28,0.335
1,40-64,1774352129,2026-03-24T19:35:29,0.335
1,40-64,1774352424,2026-03-24T19:40:24,0.335
1,40-64,1774352729,2026-03-24T19:45:29,0.33
1,40-64,1774353024,2026-03-24T19:50:24,0.29
1,40-64,1774353325,2026-03-24T19:55:25,0.28
1,40-64,1774353930,2026-03-24T20:05:30,0.325
1,40-64,1774354210,2026-03-24T20:10:10,0.33
1,40-64,1774354254,2026-03-24T20:10:54,0.335
1,40-64,1774354527,2026-03-24T20:15:27,0.35
1,40-64,1774354830,2026-03-24T20:20:30,0.31
1,40-64,1774355128,2026-03-24T20:25:28,0.315
1,40-64,1774355431,2026-03-24T20:30:31,0.335
1,40-64,1774355728,2026-03-24T20:35:28,0.31
1,40-64,1774356028,2026-03-24T20:40:28,0.32
1,40-64,1774356331,2026-03-24T20:45:31,0.335
1,40-64,1774356628,2026-03-24T20:50:28,0.285
1,40-64,1774356937,2026-03-24T20:55:37,0.225
1,40-64,1774357528,2026-03-24T21:05:28,0.25
1,40-64,1774357829,2026-03-24T21:10:29,0.295
1,40-64,1774358132,2026-03-24T21:15:32,0.285
1,40-64,1774358428,2026-03-24T21:20:28,0.295
1,40-64,1774358730,2026-03-24T21:25:30,0.305
1,40-64,1774359032,2026-03-24T21:30:32,0.3
1,40-64,1774359328,2026-03-24T21:35:28,0.295
1,40-64,1774359632,2026-03-24T21:40:32,0.295
1,40-64,1774359932,2026-03-24T21:45:32,0.31
1,40-64,1774360245,2026-03-24T21:50:45,0.31
1,40-64,1774360529,2026-03-24T21:55:29,0.305
1,40-64,1774361129,2026-03-24T22:05:29,0.32
1,40-64,1774361445,2026-03-24T22:10:45,0.325
1,40-64,1774361731,2026-03-24T22:15:31,0.325
1,40-64,1774362029,2026-03-24T22:20:29,0.34
1,40-64,1774362343,2026-03-24T22:25:43,0.335
1,40-64,1774362637,2026-03-24T22:30:37,0.335
1,40-64,1774363233,2026-03-24T22:40:33,0.34
1,40-64,1774363529,2026-03-24T22:45:29,0.35
1,40-64,1774363834,2026-03-24T22:50:34,0.355
1,40-64,1774364131,2026-03-24T22:55:31,0.36
1,40-64,1774364742,2026-03-24T23:05:42,0.36
1,40-64,1774365031,2026-03-24T23:10:31,0.365
1,40-64,1774365334,2026-03-24T23:15:34,0.365
1,40-64,1774365633,2026-03-24T23:20:33,0.365
1,40-64,1774365929,2026-03-24T23:25:29,0.37
1,40-64,1774366237,2026-03-24T23:30:37,0.37
1,40-64,1774366532,2026-03-24T23:35:32,0.365
1,40-64,1774366829,2026-03-24T23:40:29,0.365
1,40-64,1774367135,2026-03-24T23:45:35,0.365
1,40-64,1774367427,2026-03-24T23:50:27,0.365
1,40-64,1774367728,2026-03-24T23:55:28,0.365
1,40-64,1774368329,2026-03-25T00:05:29,0.37
1,40-64,1774368635,2026-03-25T00:10:35,0.385
1,40-64,1774368932,2026-03-25T00:15:32,0.385
1,40-64,1774369232,2026-03-25T00:20:32,0.375
1,40-64,1774369529,2026-03-25T00:25:29,0.385
1,40-64,1774369832,2026-03-25T00:30:32,0.39
1,40-64,1774370149,2026-03-25T00:35:49,0.395
1,40-64,1774370429,2026-03-25T00:40:29,0.395
1,40-64,1774370735,2026-03-25T00:45:35,0.41
1,40-64,1774371029,2026-03-25T00:50:29,0.43
1,40-64,1774371329,2026-03-25T00:55:29,0.445
1,40-64,1774371931,2026-03-25T01:05:31,0.435
1,40-64,1774372234,2026-03-25T01:10:34,0.375
1,40-64,1774372532,2026-03-25T01:15:32,0.38
1,40-64,1774372832,2026-03-25T01:20:32,0.365
1,40-64,1774373130,2026-03-25T01:25:30,0.36
1,40-64,1774373442,2026-03-25T01:30:42,0.39
1,40-64,1774373728,2026-03-25T01:35:28,0.4
1,40-64,1774374031,2026-03-25T01:40:31,0.41
1,40-64,1774374329,2026-03-25T01:45:29,0.41
1,40-64,1774374631,2026-03-25T01:50:31,0.41
1,40-64,1774374929,2026-03-25T01:55:29,0.41
1,40-64,1774375531,2026-03-25T02:05:31,0.39
1,40-64,1774375829,2026-03-25T02:10:29,0.4
1,40-64,1774376130,2026-03-25T02:15:30,0.39
1,40-64,1774376430,2026-03-25T02:20:30,0.33
1,40-64,1774376733,2026-03-25T02:25:33,0.375
1,40-64,1774377033,2026-03-25T02:30:33,0.33
1,40-64,1774377331,2026-03-25T02:35:31,0.385
1,40-64,1774377632,2026-03-25T02:40:32,0.38
1,40-64,1774377932,2026-03-25T02:45:32,0.385
1,40-64,1774378234,2026-03-25T02:50:34,0.405
1,40-64,1774378531,2026-03-25T02:55:31,0.415
1,40-64,1774379134,2026-03-25T03:05:34,0.41
1,40-64,1774379429,2026-03-25T03:10:29,0.41
1,40-64,1774379730,2026-03-25T03:15:30,0.425
1,40-64,1774380033,2026-03-25T03:20:33,0.425
1,40-64,1774380329,2026-03-25T03:25:29,0.425
1,40-64,1774380636,2026-03-25T03:30:36,0.405
1,40-64,1774380930,2026-03-25T03:35:30,0.415
1,40-64,1774381230,2026-03-25T03:40:30,0.42
1,40-64,1774381535,2026-03-25T03:45:35,0.43
1,40-64,1774381829,2026-03-25T03:50:29,0.445
1,40-64,1774382131,2026-03-25T03:55:31,0.455
1,40-64,1774382732,2026-03-25T04:05:32,0.455
1,40-64,1774383032,2026-03-25T04:10:32,0.48
1,40-64,1774383333,2026-03-25T04:15:33,0.48
1,40-64,1774383632,2026-03-25T04:20:32,0.475
1,40-64,1774383933,2026-03-25T04:25:33,0.49
1,40-64,1774384235,2026-03-25T04:30:35,0.505
1,40-64,1774384532,2026-03-25T04:35:32,0.515
1,40-64,1774384843,2026-03-25T04:40:43,0.515
1,40-64,1774385131,2026-03-25T04:45:31,0.515
1,40-64,1774385434,2026-03-25T04:50:34,0.515
1,40-64,1774385728,2026-03-25T04:55:28,0.485
1,40-64,1774386327,2026-03-25T05:05:27,0.52
1,40-64,1774386630,2026-03-25T05:10:30,0.52
1,40-64,1774386928,2026-03-25T05:15:28,0.515
1,40-64,1774387230,2026-03-25T05:20:30,0.5
1,40-64,1774387528,2026-03-25T05:25:28,0.52
1,40-64,1774387834,2026-03-25T05:30:34,0.52
1,40-64,1774388131,2026-03-25T05:35:31,0.525
1,40-64,1774388435,2026-03-25T05:40:35,0.52
1,40-64,1774388728,2026-03-25T05:45:28,0.515
1,40-64,1774389055,2026-03-25T05:50:55,0.515
1,40-64,1774389332,2026-03-25T05:55:32,0.525
1,40-64,1774389928,2026-03-25T06:05:28,0.525
1,40-64,1774390231,2026-03-25T06:10:31,0.525
1,40-64,1774390529,2026-03-25T06:15:29,0.54
1,40-64,1774390840,2026-03-25T06:20:40,0.54
1,40-64,1774391127,2026-03-25T06:25:27,0.545
1,40-64,1774391436,2026-03-25T06:30:36,0.545
1,40-64,1774391729,2026-03-25T06:35:29,0.545
1,40-64,1774392030,2026-03-25T06:40:30,0.545
1,40-64,1774392330,2026-03-25T06:45:30,0.545
1,40-64,1774392632,2026-03-25T06:50:32,0.545
1,40-64,1774392930,2026-03-25T06:55:30,0.545
1,40-64,1774393531,2026-03-25T07:05:31,0.56
1,40-64,1774393830,2026-03-25T07:10:30,0.575
1,40-64,1774394132,2026-03-25T07:15:32,0.575
1,40-64,1774394431,2026-03-25T07:20:31,0.575
1,40-64,1774394730,2026-03-25T07:25:30,0.595
1,40-64,1774395037,2026-03-25T07:30:37,0.605
1,40-64,1774395330,2026-03-25T07:35:30,0.62
1,40-64,1774395635,2026-03-25T07:40:35,0.625
1,40-64,1774395932,2026-03-25T07:45:32,0.635
1,40-64,1774396231,2026-03-25T07:50:31,0.67
1,40-64,1774396542,2026-03-25T07:55:42,0.655
1,40-64,1774397132,2026-03-25T08:05:32,0.625
1,40-64,1774397435,2026-03-25T08:10:35,0.65
1,40-64,1774397730,2026-03-25T08:15:30,0.655
1,40-64,1774398032,2026-03-25T08:20:32,0.655
1,40-64,1774398328,2026-03-25T08:25:28,0.665
1,40-64,1774398633,2026-03-25T08:30:33,0.69
1,40-64,1774398939,2026-03-25T08:35:39,0.69
1,40-64,1774399232,2026-03-25T08:40:32,0.685
1,40-64,1774399531,2026-03-25T08:45:31,0.7
1,40-64,1774399834,2026-03-25T08:50:34,0.655
1,40-64,1774400133,2026-03-25T08:55:33,0.67
1,40-64,1774400732,2026-03-25T09:05:32,0.69
1,40-64,1774401030,2026-03-25T09:10:30,0.69
1,40-64,1774401331,2026-03-25T09:15:31,0.705
1,40-64,1774401634,2026-03-25T09:20:34,0.705
1,40-64,1774401941,2026-03-25T09:25:41,0.71
1,40-64,1774402232,2026-03-25T09:30:32,0.71
1,40-64,1774402534,2026-03-25T09:35:34,0.7
1,40-64,1774402831,2026-03-25T09:40:31,0.7
1,40-64,1774403132,2026-03-25T09:45:32,0.7
1,40-64,1774403428,2026-03-25T09:50:28,0.71
1,40-64,1774403733,2026-03-25T09:55:33,0.71
1,40-64,1774404341,2026-03-25T10:05:41,0.715
1,40-64,1774404633,2026-03-25T10:10:33,0.705
1,40-64,1774404931,2026-03-25T10:15:31,0.705
1,40-64,1774405234,2026-03-25T10:20:34,0.715
1,40-64,1774405533,2026-03-25T10:25:33,0.715
1,40-64,1774405835,2026-03-25T10:30:35,0.72
1,40-64,1774406133,2026-03-25T10:35:33,0.72
1,40-64,1774406439,2026-03-25T10:40:39,0.72
1,40-64,1774406730,2026-03-25T10:45:30,0.725
1,40-64,1774407030,2026-03-25T10:50:30,0.725
1,40-64,1774407330,2026-03-25T10:55:30,0.725
1,40-64,1774407933,2026-03-25T11:05:33,0.725
1,40-64,1774408235,2026-03-25T11:10:35,0.745
1,40-64,1774408533,2026-03-25T11:15:33,0.745
1,40-64,1774408829,2026-03-25T11:20:29,0.745
1,40-64,1774409132,2026-03-25T11:25:32,0.73
1,40-64,1774409434,2026-03-25T11:30:34,0.735
1,40-64,1774409734,2026-03-25T11:35:34,0.735
1,40-64,1774410033,2026-03-25T11:40:33,0.735
1,40-64,1774410329,2026-03-25T11:45:29,0.73
1,40-64,1774410629,2026-03-25T11:50:29,0.725
1,40-64,1774410930,2026-03-25T11:55:30,0.725
1,40-64,1774411532,2026-03-25T12:05:32,0.69
1,40-64,1774411832,2026-03-25T12:10:32,0.74
1,40-64,1774412132,2026-03-25T12:15:32,0.745
1,40-64,1774412431,2026-03-25T12:20:31,0.745
1,40-64,1774412730,2026-03-25T12:25:30,0.755
1,40-64,1774413046,2026-03-25T12:30:46,0.76
1,40-64,1774413331,2026-03-25T12:35:31,0.765
1,40-64,1774413631,2026-03-25T12:40:31,0.76
1,40-64,1774413932,2026-03-25T12:45:32,0.67
1,40-64,1774414233,2026-03-25T12:50:33,0.68
1,40-64,1774414532,2026-03-25T12:55:32,0.695
1,40-64,1774415131,2026-03-25T13:05:31,0.745
1,40-64,1774415434,2026-03-25T13:10:34,0.72
1,40-64,1774415741,2026-03-25T13:15:41,0.66
1,40-64,1774416031,2026-03-25T13:20:31,0.655
1,40-64,1774416332,2026-03-25T13:25:32,0.685
1,40-64,1774416636,2026-03-25T13:30:36,0.72
1,40-64,1774416933,2026-03-25T13:35:33,0.725
1,40-64,1774417231,2026-03-25T13:40:31,0.725
1,40-64,1774417530,2026-03-25T13:45:30,0.745
1,40-64,1774417832,2026-03-25T13:50:32,0.765
1,40-64,1774418131,2026-03-25T13:55:31,0.765
1,40-64,1774418731,2026-03-25T14:05:31,0.615
1,40-64,1774419029,2026-03-25T14:10:29,0.655
1,40-64,1774419330,2026-03-25T14:15:30,0.645
1,40-64,1774419632,2026-03-25T14:20:32,0.655
1,40-64,1774419942,2026-03-25T14:25:42,0.675
1,40-64,1774420237,2026-03-25T14:30:37,0.685
1,40-64,1774420544,2026-03-25T14:35:44,0.69
1,40-64,1774420828,2026-03-25T14:40:28,0.6
1,40-64,1774421133,2026-03-25T14:45:33,0.635
1,40-64,1774421433,2026-03-25T14:50:33,0.58
1,40-64,1774421730,2026-03-25T14:55:30,0.595
1,40-64,1774422333,2026-03-25T15:05:33,0.635
1,40-64,1774422633,2026-03-25T15:10:33,0.675
1,40-64,1774422934,2026-03-25T15:15:34,0.695
1,40-64,1774423230,2026-03-25T15:20:30,0.7
1,40-64,1774423532,2026-03-25T15:25:32,0.705
1,40-64,1774423834,2026-03-25T15:30:34,0.725
1,40-64,1774424132,2026-03-25T15:35:32,0.73
1,40-64,1774424435,2026-03-25T15:40:35,0.725
1,40-64,1774424732,2026-03-25T15:45:32,0.725
1,40-64,1774425031,2026-03-25T15:50:31,0.71
1,40-64,1774425330,2026-03-25T15:55:30,0.725
1,40-64,1774425944,2026-03-25T16:05:44,0.725
1,40-64,1774426232,2026-03-25T16:10:32,0.725
1,40-64,1774426532,2026-03-25T16:15:32,0.72
1,40-64,1774426839,2026-03-25T16:20:39,0.73
1,40-64,1774427129,2026-03-25T16:25:29,0.73
1,40-64,1774427432,2026-03-25T16:30:32,0.725
1,40-64,1774427733,2026-03-25T16:35:33,0.74
1,40-64,1774428030,2026-03-25T16:40:30,0.735
1,40-64,1774428332,2026-03-25T16:45:32,0.73
1,40-64,1774428633,2026-03-25T16:50:33,0.73
1,40-64,1774428928,2026-03-25T16:55:28,0.735
1,40-64,1774429532,2026-03-25T17:05:32,0.735
1,40-64,1774429832,2026-03-25T17:10:32,0.725
1,40-64,1774430133,2026-03-25T17:15:33,0.745
1,40-64,1774430430,2026-03-25T17:20:30,0.74
1,40-64,1774430731,2026-03-25T17:25:31,0.735
1,40-64,1774431037,2026-03-25T17:30:37,0.74
1,40-64,1774431331,2026-03-25T17:35:31,0.74
1,40-64,1774431645,2026-03-25T17:40:45,0.74
1,40-64,1774431933,2026-03-25T17:45:33,0.715
1,40-64,1774432228,2026-03-25T17:50:28,0.715
1,40-64,1774432528,2026-03-25T17:55:28,0.705
1,40-64,1774433132,2026-03-25T18:05:32,0.69
1,40-64,1774433434,2026-03-25T18:10:34,0.68
1,40-64,1774433730,2026-03-25T18:15:30,0.69
1,40-64,1774434031,2026-03-25T18:20:31,0.675
1,40-64,1774434334,2026-03-25T18:25:34,0.685
1,40-64,1774434635,2026-03-25T18:30:35,0.675
1,40-64,1774434935,2026-03-25T18:35:35,0.645
1,40-64,1774435231,2026-03-25T18:40:31,0.665
1,40-64,1774435531,2026-03-25T18:45:31,0.66
1,40-64,1774435830,2026-03-25T18:50:30,0.67
1,40-64,1774436131,2026-03-25T18:55:31,0.655
1,40-64,1774436741,2026-03-25T19:05:41,0.645
1,40-64,1774437034,2026-03-25T19:10:34,0.635
1,40-64,1774437330,2026-03-25T19:15:30,0.66
1,40-64,1774437643,2026-03-25T19:20:43,0.66
1,40-64,1774437931,2026-03-25T19:25:31,0.68
1,40-64,1774438234,2026-03-25T19:30:34,0.68
1,40-64,1774438531,2026-03-25T19:35:31,0.67
1,40-64,1774438830,2026-03-25T19:40:30,0.67
1,40-64,1774439132,2026-03-25T19:45:32,0.665
1,40-64,1774439434,2026-03-25T19:50:34,0.675
1,40-64,1774439730,2026-03-25T19:55:30,0.66
1,40-64,1774440329,2026-03-25T20:05:29,0.665
1,40-64,1774440631,2026-03-25T20:10:31,0.67
1,40-64,1774440934,2026-03-25T20:15:34,0.68
1,40-64,1774441240,2026-03-25T20:20:40,0.68
1,40-64,1774441534,2026-03-25T20:25:34,0.68
1,40-64,1774441839,2026-03-25T20:30:39,0.69
1,40-64,1774442130,2026-03-25T20:35:30,0.725
1,40-64,1774442433,2026-03-25T20:40:33,0.75
1,40-64,1774442731,2026-03-25T20:45:31,0.765
1,40-64,1774443034,2026-03-25T20:50:34,0.77
1,40-64,1774443333,2026-03-25T20:55:33,0.765
1,40-64,1774443932,2026-03-25T21:05:32,0.625
1,40-64,1774444233,2026-03-25T21:10:33,0.62
1,40-64,1774444532,2026-03-25T21:15:32,0.585
1,40-64,1774444831,2026-03-25T21:20:31,0.58
1,40-64,1774445132,2026-03-25T21:25:32,0.56
1,40-64,1774445442,2026-03-25T21:30:42,0.635
1,40-64,1774445749,2026-03-25T21:35:49,0.735
1,40-64,1774446030,2026-03-25T21:40:30,0.765
1,40-64,1774446333,2026-03-25T21:45:33,0.835
1,40-64,1774446636,2026-03-25T21:50:36,0.835
1,40-64,1774446933,2026-03-25T21:55:33,0.535
1,40-64,1774447534,2026-03-25T22:05:34,0.745
1,40-64,1774447833,2026-03-25T22:10:33,0.695
1,40-64,1774448137,2026-03-25T22:15:37,0.765
1,40-64,1774448435,2026-03-25T22:20:35,0.815
1,40-64,1774448730,2026-03-25T22:25:30,0.84
1,40-64,1774449040,2026-03-25T22:30:40,0.88
1,40-64,1774449356,2026-03-25T22:35:56,0.875
1,40-64,1774449630,2026-03-25T22:40:30,0.925
1,40-64,1774449932,2026-03-25T22:45:32,0.945
1,40-64,1774450232,2026-03-25T22:50:32,0.955
1,40-64,1774450532,2026-03-25T22:55:32,0.955
1,40-64,1774451138,2026-03-25T23:05:38,0.965
1,40-64,1774451434,2026-03-25T23:10:34,0.976
1,40-64,1774451733,2026-03-25T23:15:33,0.981
1,40-64,1774452034,2026-03-25T23:20:34,0.9885
1,40-64,1774452331,2026-03-25T23:25:31,0.9915
1,40-64,1774452637,2026-03-25T23:30:37,0.994
1,40-64,1774452936,2026-03-25T23:35:36,0.9965
1,40-64,1774453230,2026-03-25T23:40:30,0.9965
1,40-64,1774453532,2026-03-25T23:45:32,0.999
1,40-64,1774453833,2026-03-25T23:50:33,0.9995
1,40-64,1774454133,2026-03-25T23:55:33,0.9995
1,40-64,1774454734,2026-03-26T00:05:34,0.9995
1,40-64,1774455033,2026-03-26T00:10:33,0.9995
1,40-64,1774455349,2026-03-26T00:15:49,0.9995
1,40-64,1774455633,2026-03-26T00:20:33,0.9995
1,40-64,1774455934,2026-03-26T00:25:34,0.9995
1,40-64,1774456234,2026-03-26T00:30:34,0.9995
1,40-64,1774456534,2026-03-26T00:35:34,0.9995
1,40-64,1774456831,2026-03-26T00:40:31,0.9995
1,40-64,1774457132,2026-03-26T00:45:32,0.9995
1,40-64,1774457430,2026-03-26T00:50:30,0.9995
1,40-64,1774457733,2026-03-26T00:55:33,0.9995
1,40-64,1774458341,2026-03-26T01:05:41,0.9995
1,40-64,1774458631,2026-03-26T01:10:31,0.9995
1,40-64,1774458932,2026-03-26T01:15:32,0.9995
1,40-64,1774459243,2026-03-26T01:20:43,0.9995
1,40-64,1774459556,2026-03-26T01:25:56,0.9995
1,40-64,1774459835,2026-03-26T01:30:35,0.9995
1,40-64,1774460133,2026-03-26T01:35:33,0.9995
1,40-64,1774460429,2026-03-26T01:40:29,0.9995
1,40-64,1774460733,2026-03-26T01:45:33,0.9995
1,40-64,1774461030,2026-03-26T01:50:30,0.9995
1,40-64,1774461332,2026-03-26T01:55:32,0.9995
1,40-64,1774461932,2026-03-26T02:05:32,0.9995
1,40-64,1774462245,2026-03-26T02:10:45,0.9995
1,40-64,1774462533,2026-03-26T02:15:33,0.9995
1,40-64,1774462832,2026-03-26T02:20:32,0.9995
1,40-64,1774463130,2026-03-26T02:25:30,0.9995
1,40-64,1774463447,2026-03-26T02:30:47,0.9995
1,40-64,1774463729,2026-03-26T02:35:29,0.9995
1,40-64,1774464030,2026-03-26T02:40:30,0.9995
1,40-64,1774464342,2026-03-26T02:45:42,0.9995
1,40-64,1774464632,2026-03-26T02:50:32,0.9995
1,40-64,1774464932,2026-03-26T02:55:32,0.9995
2,65-89,1774110027,2026-03-22T00:20:27,0.44
2,65-89,1774110326,2026-03-22T00:25:26,0.33
2,65-89,1774110641,2026-03-22T00:30:41,0.28
2,65-89,1774110926,2026-03-22T00:35:26,0.285
2,65-89,1774111227,2026-03-22T00:40:27,0.28
2,65-89,1774111525,2026-03-22T00:45:25,0.285
2,65-89,1774111824,2026-03-22T00:50:24,0.29
2,65-89,1774112127,2026-03-22T00:55:27,0.29
2,65-89,1774112727,2026-03-22T01:05:27,0.29
2,65-89,1774113028,2026-03-22T01:10:28,0.29
2,65-89,1774113328,2026-03-22T01:15:28,0.29
2,65-89,1774113626,2026-03-22T01:20:26,0.29
2,65-89,1774113925,2026-03-22T01:25:25,0.29
2,65-89,1774114239,2026-03-22T01:30:39,0.29
2,65-89,1774114526,2026-03-22T01:35:26,0.29
2,65-89,1774114830,2026-03-22T01:40:30,0.29
2,65-89,1774115127,2026-03-22T01:45:27,0.29
2,65-89,1774115435,2026-03-22T01:50:35,0.29
2,65-89,1774115723,2026-03-22T01:55:23,0.29
2,65-89,1774116326,2026-03-22T02:05:26,0.29
2,65-89,1774116627,2026-03-22T02:10:27,0.29
2,65-89,1774116924,2026-03-22T02:15:24,0.29
2,65-89,1774117226,2026-03-22T02:20:26,0.29
2,65-89,1774117525,2026-03-22T02:25:25,0.29
2,65-89,1774117828,2026-03-22T02:30:28,0.295
2,65-89,1774118126,2026-03-22T02:35:26,0.29
2,65-89,1774118423,2026-03-22T02:40:23,0.29
2,65-89,1774118726,2026-03-22T02:45:26,0.29
2,65-89,1774119025,2026-03-22T02:50:25,0.29
2,65-89,1774119337,2026-03-22T02:55:37,0.29
2,65-89,1774119923,2026-03-22T03:05:23,0.29
2,65-89,1774120223,2026-03-22T03:10:23,0.29
2,65-89,1774120527,2026-03-22T03:15:27,0.29
2,65-89,1774120825,2026-03-22T03:20:25,0.29
2,65-89,1774121125,2026-03-22T03:25:25,0.29
2,65-89,1774121426,2026-03-22T03:30:26,0.29
2,65-89,1774121736,2026-03-22T03:35:36,0.29
2,65-89,1774122027,2026-03-22T03:40:27,0.29
2,65-89,1774122323,2026-03-22T03:45:23,0.29
2,65-89,1774122625,2026-03-22T03:50:25,0.3
2,65-89,1774122925,2026-03-22T03:55:25,0.3
2,65-89,1774123526,2026-03-22T04:05:26,0.29
2,65-89,1774123826,2026-03-22T04:10:26,0.29
2,65-89,1774124126,2026-03-22T04:15:26,0.29
2,65-89,1774124424,2026-03-22T04:20:24,0.29
2,65-89,1774124726,2026-03-22T04:25:26,0.29
2,65-89,1774125038,2026-03-22T04:30:38,0.29
2,65-89,1774125325,2026-03-22T04:35:25,0.29
2,65-89,1774125623,2026-03-22T04:40:23,0.29
2,65-89,1774125925,2026-03-22T04:45:25,0.29
2,65-89,1774126224,2026-03-22T04:50:24,0.29
2,65-89,1774126522,2026-03-22T04:55:22,0.29
2,65-89,1774127125,2026-03-22T05:05:25,0.29
2,65-89,1774127423,2026-03-22T05:10:23,0.29
2,65-89,1774127725,2026-03-22T05:15:25,0.29
2,65-89,1774128023,2026-03-22T05:20:23,0.29
2,65-89,1774128323,2026-03-22T05:25:23,0.29
2,65-89,1774128625,2026-03-22T05:30:25,0.29
2,65-89,1774128926,2026-03-22T05:35:26,0.29
2,65-89,1774129224,2026-03-22T05:40:24,0.29
2,65-89,1774129525,2026-03-22T05:45:25,0.29
2,65-89,1774129824,2026-03-22T05:50:24,0.29
2,65-89,1774130126,2026-03-22T05:55:26,0.29
2,65-89,1774130725,2026-03-22T06:05:25,0.29
2,65-89,1774131024,2026-03-22T06:10:24,0.29
2,65-89,1774131325,2026-03-22T06:15:25,0.29
2,65-89,1774131626,2026-03-22T06:20:26,0.29
2,65-89,1774131923,2026-03-22T06:25:23,0.29
2,65-89,1774132225,2026-03-22T06:30:25,0.285
2,65-89,1774132525,2026-03-22T06:35:25,0.285
2,65-89,1774132825,2026-03-22T06:40:25,0.285
2,65-89,1774133123,2026-03-22T06:45:23,0.285
2,65-89,1774133425,2026-03-22T06:50:25,0.285
2,65-89,1774133724,2026-03-22T06:55:24,0.285
2,65-89,1774134324,2026-03-22T07:05:24,0.285
2,65-89,1774134626,2026-03-22T07:10:26,0.285
2,65-89,1774134935,2026-03-22T07:15:35,0.285
2,65-89,1774135226,2026-03-22T07:20:26,0.28
2,65-89,1774135525,2026-03-22T07:25:25,0.275
2,65-89,1774135826,2026-03-22T07:30:26,0.28
2,65-89,1774136124,2026-03-22T07:35:24,0.28
2,65-89,1774136425,2026-03-22T07:40:25,0.28
2,65-89,1774136726,2026-03-22T07:45:26,0.28
2,65-89,1774137038,2026-03-22T07:50:38,0.28
2,65-89,1774137323,2026-03-22T07:55:23,0.28
2,65-89,1774137924,2026-03-22T08:05:24,0.285
2,65-89,1774138239,2026-03-22T08:10:39,0.29
2,65-89,1774138525,2026-03-22T08:15:25,0.28
2,65-89,1774138839,2026-03-22T08:20:39,0.28
2,65-89,1774139126,2026-03-22T08:25:26,0.28
2,65-89,1774139425,2026-03-22T08:30:25,0.28
2,65-89,1774139726,2026-03-22T08:35:26,0.28
2,65-89,1774140025,2026-03-22T08:40:25,0.28
2,65-89,1774140325,2026-03-22T08:45:25,0.28
2,65-89,1774140627,2026-03-22T08:50:27,0.28
2,65-89,1774140928,2026-03-22T08:55:28,0.28
2,65-89,1774141525,2026-03-22T09:05:25,0.28
2,65-89,1774141827,2026-03-22T09:10:27,0.28
2,65-89,1774142126,2026-03-22T09:15:26,0.28
2,65-89,1774142426,2026-03-22T09:20:26,0.28
2,65-89,1774142726,2026-03-22T09:25:26,0.275
2,65-89,1774143026,2026-03-22T09:30:26,0.275
2,65-89,1774143319,2026-03-22T09:35:19,0.28
2,65-89,1774143633,2026-03-22T09:40:33,0.28
2,65-89,1774143919,2026-03-22T09:45:19,0.29
2,65-89,1774144220,2026-03-22T09:50:20,0.29
2,65-89,1774144520,2026-03-22T09:55:20,0.29
2,65-89,1774145120,2026-03-22T10:05:20,0.29
2,65-89,1774145421,2026-03-22T10:10:21,0.29
2,65-89,1774145720,2026-03-22T10:15:20,0.29
2,65-89,1774146018,2026-03-22T10:20:18,0.285
2,65-89,1774146320,2026-03-22T10:25:20,0.285
2,65-89,1774146622,2026-03-22T10:30:22,0.285
2,65-89,1774146920,2026-03-22T10:35:20,0.285
2,65-89,1774147219,2026-03-22T10:40:19,0.285
2,65-89,1774147521,2026-03-22T10:45:21,0.285
2,65-89,1774147819,2026-03-22T10:50:19,0.285
2,65-89,1774148120,2026-03-22T10:55:20,0.285
2,65-89,1774148720,2026-03-22T11:05:20,0.285
2,65-89,1774149019,2026-03-22T11:10:19,0.285
2,65-89,1774149319,2026-03-22T11:15:19,0.285
2,65-89,1774149620,2026-03-22T11:20:20,0.285
2,65-89,1774149921,2026-03-22T11:25:21,0.285
2,65-89,1774150235,2026-03-22T11:30:35,0.285
2,65-89,1774150520,2026-03-22T11:35:20,0.285
2,65-89,1774150822,2026-03-22T11:40:22,0.285
2,65-89,1774151121,2026-03-22T11:45:21,0.285
2,65-89,1774151419,2026-03-22T11:50:19,0.285
2,65-89,1774151719,2026-03-22T11:55:19,0.29
2,65-89,1774152321,2026-03-22T12:05:21,0.29
2,65-89,1774152621,2026-03-22T12:10:21,0.285
2,65-89,1774152921,2026-03-22T12:15:21,0.285
2,65-89,1774153222,2026-03-22T12:20:22,0.29
2,65-89,1774153522,2026-03-22T12:25:22,0.285
2,65-89,1774153823,2026-03-22T12:30:23,0.285
2,65-89,1774154121,2026-03-22T12:35:21,0.285
2,65-89,1774154419,2026-03-22T12:40:19,0.285
2,65-89,1774154719,2026-03-22T12:45:19,0.285
2,65-89,1774155023,2026-03-22T12:50:23,0.285
2,65-89,1774155320,2026-03-22T12:55:20,0.285
2,65-89,1774155919,2026-03-22T13:05:19,0.285
2,65-89,1774156222,2026-03-22T13:10:22,0.285
2,65-89,1774156520,2026-03-22T13:15:20,0.285
2,65-89,1774156821,2026-03-22T13:20:21,0.285
2,65-89,1774157121,2026-03-22T13:25:21,0.285
2,65-89,1774157422,2026-03-22T13:30:22,0.285
2,65-89,1774157719,2026-03-22T13:35:19,0.28
2,65-89,1774158021,2026-03-22T13:40:21,0.28
2,65-89,1774158334,2026-03-22T13:45:34,0.28
2,65-89,1774158620,2026-03-22T13:50:20,0.28
2,65-89,1774158921,2026-03-22T13:55:21,0.28
2,65-89,1774159519,2026-03-22T14:05:19,0.275
2,65-89,1774159819,2026-03-22T14:10:19,0.28
2,65-89,1774160119,2026-03-22T14:15:19,0.28
2,65-89,1774160421,2026-03-22T14:20:21,0.28
2,65-89,1774160719,2026-03-22T14:25:19,0.28
2,65-89,1774161020,2026-03-22T14:30:20,0.28
2,65-89,1774161321,2026-03-22T14:35:21,0.28
2,65-89,1774161622,2026-03-22T14:40:22,0.28
2,65-89,1774161920,2026-03-22T14:45:20,0.28
2,65-89,1774162219,2026-03-22T14:50:19,0.275
2,65-89,1774162520,2026-03-22T14:55:20,0.275
2,65-89,1774163120,2026-03-22T15:05:20,0.275
2,65-89,1774163421,2026-03-22T15:10:21,0.275
2,65-89,1774163719,2026-03-22T15:15:19,0.275
2,65-89,1774164019,2026-03-22T15:20:19,0.275
2,65-89,1774164318,2026-03-22T15:25:18,0.275
2,65-89,1774164621,2026-03-22T15:30:21,0.275
2,65-89,1774164920,2026-03-22T15:35:20,0.275
2,65-89,1774165219,2026-03-22T15:40:19,0.275
2,65-89,1774165531,2026-03-22T15:45:31,0.275
2,65-89,1774165819,2026-03-22T15:50:19,0.275
2,65-89,1774166119,2026-03-22T15:55:19,0.275
2,65-89,1774166720,2026-03-22T16:05:20,0.275
2,65-89,1774167021,2026-03-22T16:10:21,0.275
2,65-89,1774167320,2026-03-22T16:15:20,0.275
2,65-89,1774167620,2026-03-22T16:20:20,0.275
2,65-89,1774167919,2026-03-22T16:25:19,0.275
2,65-89,1774168219,2026-03-22T16:30:19,0.275
2,65-89,1774168520,2026-03-22T16:35:20,0.275
2,65-89,1774168820,2026-03-22T16:40:20,0.275
2,65-89,1774169119,2026-03-22T16:45:19,0.275
2,65-89,1774169420,2026-03-22T16:50:20,0.275
2,65-89,1774169720,2026-03-22T16:55:20,0.275
2,65-89,1774170319,2026-03-22T17:05:19,0.275
2,65-89,1774170621,2026-03-22T17:10:21,0.275
2,65-89,1774170922,2026-03-22T17:15:22,0.275
2,65-89,1774171220,2026-03-22T17:20:20,0.275
2,65-89,1774171519,2026-03-22T17:25:19,0.275
2,65-89,1774171836,2026-03-22T17:30:36,0.275
2,65-89,1774172119,2026-03-22T17:35:19,0.275
2,65-89,1774172420,2026-03-22T17:40:20,0.275
2,65-89,1774172718,2026-03-22T17:45:18,0.275
2,65-89,1774173019,2026-03-22T17:50:19,0.275
2,65-89,1774173318,2026-03-22T17:55:18,0.275
2,65-89,1774173918,2026-03-22T18:05:18,0.275
2,65-89,1774174220,2026-03-22T18:10:20,0.275
2,65-89,1774174520,2026-03-22T18:15:20,0.27
2,65-89,1774174821,2026-03-22T18:20:21,0.27
2,65-89,1774175120,2026-03-22T18:25:20,0.27
2,65-89,1774175421,2026-03-22T18:30:21,0.27
2,65-89,1774175720,2026-03-22T18:35:20,0.27
2,65-89,1774176019,2026-03-22T18:40:19,0.27
2,65-89,1774176320,2026-03-22T18:45:20,0.27
2,65-89,1774176620,2026-03-22T18:50:20,0.27
2,65-89,1774176920,2026-03-22T18:55:20,0.27
2,65-89,1774177520,2026-03-22T19:05:20,0.27
2,65-89,1774177824,2026-03-22T19:10:24,0.27
2,65-89,1774178121,2026-03-22T19:15:21,0.275
2,65-89,1774178421,2026-03-22T19:20:21,0.275
2,65-89,1774178719,2026-03-22T19:25:19,0.275
2,65-89,1774179022,2026-03-22T19:30:22,0.275
2,65-89,1774179320,2026-03-22T19:35:20,0.275
2,65-89,1774179623,2026-03-22T19:40:23,0.275
2,65-89,1774179936,2026-03-22T19:45:36,0.275
2,65-89,1774180221,2026-03-22T19:50:21,0.275
2,65-89,1774180519,2026-03-22T19:55:19,0.275
2,65-89,1774181119,2026-03-22T20:05:19,0.275
2,65-89,1774181434,2026-03-22T20:10:34,0.275
2,65-89,1774181721,2026-03-22T20:15:21,0.275
2,65-89,1774182019,2026-03-22T20:20:19,0.275
2,65-89,1774182320,2026-03-22T20:25:20,0.275
2,65-89,1774182619,2026-03-22T20:30:19,0.275
2,65-89,1774182918,2026-03-22T20:35:18,0.275
2,65-89,1774183218,2026-03-22T20:40:18,0.275
2,65-89,1774183519,2026-03-22T20:45:19,0.275
2,65-89,1774183819,2026-03-22T20:50:19,0.275
2,65-89,1774184118,2026-03-22T20:55:18,0.275
2,65-89,1774184719,2026-03-22T21:05:19,0.275
2,65-89,1774185019,2026-03-22T21:10:19,0.275
2,65-89,1774185320,2026-03-22T21:15:20,0.275
2,65-89,1774185619,2026-03-22T21:20:19,0.275
2,65-89,1774185920,2026-03-22T21:25:20,0.275
2,65-89,1774186234,2026-03-22T21:30:34,0.275
2,65-89,1774186520,2026-03-22T21:35:20,0.275
2,65-89,1774186820,2026-03-22T21:40:20,0.275
2,65-89,1774187119,2026-03-22T21:45:19,0.275
2,65-89,1774187418,2026-03-22T21:50:18,0.275
2,65-89,1774187732,2026-03-22T21:55:32,0.275
2,65-89,1774188320,2026-03-22T22:05:20,0.275
2,65-89,1774188621,2026-03-22T22:10:21,0.275
2,65-89,1774188920,2026-03-22T22:15:20,0.275
2,65-89,1774189221,2026-03-22T22:20:21,0.275
2,65-89,1774189520,2026-03-22T22:25:20,0.275
2,65-89,1774189821,2026-03-22T22:30:21,0.275
2,65-89,1774190140,2026-03-22T22:35:40,0.275
2,65-89,1774190436,2026-03-22T22:40:36,0.28
2,65-89,1774190720,2026-03-22T22:45:20,0.28
2,65-89,1774191021,2026-03-22T22:50:21,0.28
2,65-89,1774191319,2026-03-22T22:55:19,0.285
2,65-89,1774191920,2026-03-22T23:05:20,0.275
2,65-89,1774192218,2026-03-22T23:10:18,0.275
2,65-89,1774192520,2026-03-22T23:15:20,0.275
2,65-89,1774192820,2026-03-22T23:20:20,0.275
2,65-89,1774193119,2026-03-22T23:25:19,0.275
2,65-89,1774193421,2026-03-22T23:30:21,0.275
2,65-89,1774193718,2026-03-22T23:35:18,0.275
2,65-89,1774194020,2026-03-22T23:40:20,0.275
2,65-89,1774194333,2026-03-22T23:45:33,0.275
2,65-89,1774194630,2026-03-22T23:50:30,0.275
2,65-89,1774194921,2026-03-22T23:55:21,0.275
2,65-89,1774195521,2026-03-23T00:05:21,0.275
2,65-89,1774195822,2026-03-23T00:10:22,0.275
2,65-89,1774196121,2026-03-23T00:15:21,0.275
2,65-89,1774196420,2026-03-23T00:20:20,0.275
2,65-89,1774196720,2026-03-23T00:25:20,0.275
2,65-89,1774197020,2026-03-23T00:30:20,0.275
2,65-89,1774197321,2026-03-23T00:35:21,0.265
2,65-89,1774197622,2026-03-23T00:40:22,0.265
2,65-89,1774197920,2026-03-23T00:45:20,0.265
2,65-89,1774198221,2026-03-23T00:50:21,0.265
2,65-89,1774198519,2026-03-23T00:55:19,0.265
2,65-89,1774199120,2026-03-23T01:05:20,0.265
2,65-89,1774199420,2026-03-23T01:10:20,0.265
2,65-89,1774199721,2026-03-23T01:15:21,0.265
2,65-89,1774200021,2026-03-23T01:20:21,0.265
2,65-89,1774200321,2026-03-23T01:25:21,0.265
2,65-89,1774200637,2026-03-23T01:30:37,0.265
2,65-89,1774200919,2026-03-23T01:35:19,0.265
2,65-89,1774201219,2026-03-23T01:40:19,0.265
2,65-89,1774201520,2026-03-23T01:45:20,0.265
2,65-89,1774201820,2026-03-23T01:50:20,0.265
2,65-89,1774202121,2026-03-23T01:55:21,0.265
2,65-89,1774202720,2026-03-23T02:05:20,0.265
2,65-89,1774203021,2026-03-23T02:10:21,0.265
2,65-89,1774203319,2026-03-23T02:15:19,0.265
2,65-89,1774203621,2026-03-23T02:20:21,0.265
2,65-89,1774203931,2026-03-23T02:25:31,0.265
2,65-89,1774204221,2026-03-23T02:30:21,0.265
2,65-89,1774204520,2026-03-23T02:35:20,0.265
2,65-89,1774204820,2026-03-23T02:40:20,0.265
2,65-89,1774205120,2026-03-23T02:45:20,0.255
2,65-89,1774205422,2026-03-23T02:50:22,0.255
2,65-89,1774205723,2026-03-23T02:55:23,0.255
2,65-89,1774206320,2026-03-23T03:05:20,0.255
2,65-89,1774206623,2026-03-23T03:10:23,0.255
2,65-89,1774206922,2026-03-23T03:15:22,0.255
2,65-89,1774207222,2026-03-23T03:20:22,0.255
2,65-89,1774207522,2026-03-23T03:25:22,0.255
2,65-89,1774207823,2026-03-23T03:30:23,0.255
2,65-89,1774208123,2026-03-23T03:35:23,0.255
2,65-89,1774208423,2026-03-23T03:40:23,0.255
2,65-89,1774208722,2026-03-23T03:45:22,0.255
2,65-89,1774209023,2026-03-23T03:50:23,0.255
2,65-89,1774209320,2026-03-23T03:55:20,0.255
2,65-89,1774209923,2026-03-23T04:05:23,0.255
2,65-89,1774210222,2026-03-23T04:10:22,0.26
2,65-89,1774210522,2026-03-23T04:15:22,0.26
2,65-89,1774210824,2026-03-23T04:20:24,0.26
2,65-89,1774211121,2026-03-23T04:25:21,0.26
2,65-89,1774211422,2026-03-23T04:30:22,0.26
2,65-89,1774211720,2026-03-23T04:35:20,0.26
2,65-89,1774212022,2026-03-23T04:40:22,0.26
2,65-89,1774212322,2026-03-23T04:45:22,0.26
2,65-89,1774212622,2026-03-23T04:50:22,0.26
2,65-89,1774212921,2026-03-23T04:55:21,0.26
2,65-89,1774213521,2026-03-23T05:05:21,0.26
2,65-89,1774213821,2026-03-23T05:10:21,0.26
2,65-89,1774214123,2026-03-23T05:15:23,0.26
2,65-89,1774214422,2026-03-23T05:20:22,0.26
2,65-89,1774214723,2026-03-23T05:25:23,0.26
2,65-89,1774215023,2026-03-23T05:30:23,0.26
2,65-89,1774215321,2026-03-23T05:35:21,0.26
2,65-89,1774215619,2026-03-23T05:40:19,0.26
2,65-89,1774215922,2026-03-23T05:45:22,0.255
2,65-89,1774216223,2026-03-23T05:50:23,0.255
2,65-89,1774216522,2026-03-23T05:55:22,0.255
2,65-89,1774217122,2026-03-23T06:05:22,0.255
2,65-89,1774217423,2026-03-23T06:10:23,0.255
2,65-89,1774217721,2026-03-23T06:15:21,0.255
2,65-89,1774218024,2026-03-23T06:20:24,0.255
2,65-89,1774218322,2026-03-23T06:25:22,0.255
2,65-89,1774218624,2026-03-23T06:30:24,0.255
2,65-89,1774218922,2026-03-23T06:35:22,0.255
2,65-89,1774219235,2026-03-23T06:40:35,0.255
2,65-89,1774219522,2026-03-23T06:45:22,0.255
2,65-89,1774219821,2026-03-23T06:50:21,0.255
2,65-89,1774220122,2026-03-23T06:55:22,0.255
2,65-89,1774220722,2026-03-23T07:05:22,0.26
2,65-89,1774221023,2026-03-23T07:10:23,0.26
2,65-89,1774221324,2026-03-23T07:15:24,0.26
2,65-89,1774221622,2026-03-23T07:20:22,0.255
2,65-89,1774221922,2026-03-23T07:25:22,0.255
2,65-89,1774222223,2026-03-23T07:30:23,0.255
2,65-89,1774222535,2026-03-23T07:35:35,0.26
2,65-89,1774222821,2026-03-23T07:40:21,0.26
2,65-89,1774223125,2026-03-23T07:45:25,0.26
2,65-89,1774223422,2026-03-23T07:50:22,0.26
2,65-89,1774223721,2026-03-23T07:55:21,0.26
2,65-89,1774224324,2026-03-23T08:05:24,0.26
2,65-89,1774224623,2026-03-23T08:10:23,0.26
2,65-89,1774224921,2026-03-23T08:15:21,0.26
2,65-89,1774225224,2026-03-23T08:20:24,0.26
2,65-89,1774225522,2026-03-23T08:25:22,0.26
2,65-89,1774225822,2026-03-23T08:30:22,0.26
2,65-89,1774226123,2026-03-23T08:35:23,0.26
2,65-89,1774226423,2026-03-23T08:40:23,0.26
2,65-89,1774226721,2026-03-23T08:45:21,0.26
2,65-89,1774227021,2026-03-23T08:50:21,0.265
2,65-89,1774227322,2026-03-23T08:55:22,0.265
2,65-89,1774227921,2026-03-23T09:05:21,0.265
2,65-89,1774228222,2026-03-23T09:10:22,0.265
2,65-89,1774228524,2026-03-23T09:15:24,0.275
2,65-89,1774228820,2026-03-23T09:20:20,0.275
2,65-89,1774229123,2026-03-23T09:25:23,0.275
2,65-89,1774229423,2026-03-23T09:30:23,0.275
2,65-89,1774229737,2026-03-23T09:35:37,0.275
2,65-89,1774230021,2026-03-23T09:40:21,0.275
2,65-89,1774230322,2026-03-23T09:45:22,0.275
2,65-89,1774230622,2026-03-23T09:50:22,0.275
2,65-89,1774230919,2026-03-23T09:55:19,0.275
2,65-89,1774231523,2026-03-23T10:05:23,0.27
2,65-89,1774231824,2026-03-23T10:10:24,0.27
2,65-89,1774232123,2026-03-23T10:15:23,0.27
2,65-89,1774232423,2026-03-23T10:20:23,0.265
2,65-89,1774232723,2026-03-23T10:25:23,0.265
2,65-89,1774233025,2026-03-23T10:30:25,0.265
2,65-89,1774233322,2026-03-23T10:35:22,0.265
2,65-89,1774233621,2026-03-23T10:40:21,0.27
2,65-89,1774233922,2026-03-23T10:45:22,0.265
2,65-89,1774234222,2026-03-23T10:50:22,0.265
2,65-89,1774234525,2026-03-23T10:55:25,0.265
2,65-89,1774235122,2026-03-23T11:05:22,0.265
2,65-89,1774235423,2026-03-23T11:10:23,0.265
2,65-89,1774235723,2026-03-23T11:15:23,0.265
2,65-89,1774236022,2026-03-23T11:20:22,0.265
2,65-89,1774236321,2026-03-23T11:25:21,0.265
2,65-89,1774236624,2026-03-23T11:30:24,0.265
2,65-89,1774236923,2026-03-23T11:35:23,0.265
2,65-89,1774237236,2026-03-23T11:40:36,0.265
2,65-89,1774237534,2026-03-23T11:45:34,0.265
2,65-89,1774237819,2026-03-23T11:50:19,0.265
2,65-89,1774238120,2026-03-23T11:55:20,0.265
2,65-89,1774238736,2026-03-23T12:05:36,0.27
2,65-89,1774239021,2026-03-23T12:10:21,0.27
2,65-89,1774239330,2026-03-23T12:15:30,0.27
2,65-89,1774239620,2026-03-23T12:20:20,0.27
2,65-89,1774239923,2026-03-23T12:25:23,0.27
2,65-89,1774240224,2026-03-23T12:30:24,0.265
2,65-89,1774240522,2026-03-23T12:35:22,0.27
2,65-89,1774240822,2026-03-23T12:40:22,0.27
2,65-89,1774241122,2026-03-23T12:45:22,0.27
2,65-89,1774241422,2026-03-23T12:50:22,0.27
2,65-89,1774241723,2026-03-23T12:55:23,0.27
2,65-89,1774242320,2026-03-23T13:05:20,0.265
2,65-89,1774242621,2026-03-23T13:10:21,0.265
2,65-89,1774242921,2026-03-23T13:15:21,0.265
2,65-89,1774243221,2026-03-23T13:20:21,0.265
2,65-89,1774243521,2026-03-23T13:25:21,0.265
2,65-89,1774243822,2026-03-23T13:30:22,0.265
2,65-89,1774244122,2026-03-23T13:35:22,0.265
2,65-89,1774244434,2026-03-23T13:40:34,0.265
2,65-89,1774244720,2026-03-23T13:45:20,0.265
2,65-89,1774245029,2026-03-23T13:50:29,0.265
2,65-89,1774245320,2026-03-23T13:55:20,0.265
2,65-89,1774245919,2026-03-23T14:05:19,0.265
2,65-89,1774246222,2026-03-23T14:10:22,0.265
2,65-89,1774246523,2026-03-23T14:15:23,0.265
2,65-89,1774246820,2026-03-23T14:20:20,0.265
2,65-89,1774247120,2026-03-23T14:25:20,0.265
2,65-89,1774247422,2026-03-23T14:30:22,0.265
2,65-89,1774247722,2026-03-23T14:35:22,0.265
2,65-89,1774248024,2026-03-23T14:40:24,0.265
2,65-89,1774248337,2026-03-23T14:45:37,0.265
2,65-89,1774248625,2026-03-23T14:50:25,0.275
2,65-89,1774248923,2026-03-23T14:55:23,0.275
2,65-89,1774249523,2026-03-23T15:05:23,0.275
2,65-89,1774249823,2026-03-23T15:10:23,0.275
2,65-89,1774250121,2026-03-23T15:15:21,0.275
2,65-89,1774250424,2026-03-23T15:20:24,0.275
2,65-89,1774250723,2026-03-23T15:25:23,0.275
2,65-89,1774251025,2026-03-23T15:30:25,0.275
2,65-89,1774251323,2026-03-23T15:35:23,0.275
2,65-89,1774251623,2026-03-23T15:40:23,0.275
2,65-89,1774251920,2026-03-23T15:45:20,0.275
2,65-89,1774252222,2026-03-23T15:50:22,0.275
2,65-89,1774252521,2026-03-23T15:55:21,0.285
2,65-89,1774253122,2026-03-23T16:05:22,0.285
2,65-89,1774253422,2026-03-23T16:10:22,0.285
2,65-89,1774253724,2026-03-23T16:15:24,0.285
2,65-89,1774254021,2026-03-23T16:20:21,0.285
2,65-89,1774254320,2026-03-23T16:25:20,0.285
2,65-89,1774254623,2026-03-23T16:30:23,0.285
2,65-89,1774254920,2026-03-23T16:35:20,0.285
2,65-89,1774255222,2026-03-23T16:40:22,0.285
2,65-89,1774255521,2026-03-23T16:45:21,0.285
2,65-89,1774255822,2026-03-23T16:50:22,0.285
2,65-89,1774256123,2026-03-23T16:55:23,0.29
2,65-89,1774256735,2026-03-23T17:05:35,0.29
2,65-89,1774257034,2026-03-23T17:10:34,0.285
2,65-89,1774257320,2026-03-23T17:15:20,0.285
2,65-89,1774257623,2026-03-23T17:20:23,0.285
2,65-89,1774257933,2026-03-23T17:25:33,0.285
2,65-89,1774258222,2026-03-23T17:30:22,0.285
2,65-89,1774258519,2026-03-23T17:35:19,0.285
2,65-89,1774258818,2026-03-23T17:40:18,0.29
2,65-89,1774259121,2026-03-23T17:45:21,0.29
2,65-89,1774259433,2026-03-23T17:50:33,0.29
2,65-89,1774259718,2026-03-23T17:55:18,0.29
2,65-89,1774260321,2026-03-23T18:05:21,0.285
2,65-89,1774260619,2026-03-23T18:10:19,0.285
2,65-89,1774260918,2026-03-23T18:15:18,0.285
2,65-89,1774261219,2026-03-23T18:20:19,0.29
2,65-89,1774261521,2026-03-23T18:25:21,0.29
2,65-89,1774261820,2026-03-23T18:30:20,0.29
2,65-89,1774262120,2026-03-23T18:35:20,0.29
2,65-89,1774262421,2026-03-23T18:40:21,0.29
2,65-89,1774262723,2026-03-23T18:45:23,0.29
2,65-89,1774263023,2026-03-23T18:50:23,0.29
2,65-89,1774263322,2026-03-23T18:55:22,0.29
2,65-89,1774263932,2026-03-23T19:05:32,0.285
2,65-89,1774264221,2026-03-23T19:10:21,0.285
2,65-89,1774264537,2026-03-23T19:15:37,0.285
2,65-89,1774264820,2026-03-23T19:20:20,0.285
2,65-89,1774265121,2026-03-23T19:25:21,0.285
2,65-89,1774265435,2026-03-23T19:30:35,0.285
2,65-89,1774265720,2026-03-23T19:35:20,0.285
2,65-89,1774266019,2026-03-23T19:40:19,0.285
2,65-89,1774266319,2026-03-23T19:45:19,0.285
2,65-89,1774266618,2026-03-23T19:50:18,0.285
2,65-89,1774266918,2026-03-23T19:55:18,0.285
2,65-89,1774267531,2026-03-23T20:05:31,0.285
2,65-89,1774267819,2026-03-23T20:10:19,0.285
2,65-89,1774268121,2026-03-23T20:15:21,0.285
2,65-89,1774268424,2026-03-23T20:20:24,0.285
2,65-89,1774268723,2026-03-23T20:25:23,0.285
2,65-89,1774269023,2026-03-23T20:30:23,0.285
2,65-89,1774269324,2026-03-23T20:35:24,0.285
2,65-89,1774269623,2026-03-23T20:40:23,0.285
2,65-89,1774269922,2026-03-23T20:45:22,0.285
2,65-89,1774270240,2026-03-23T20:50:40,0.285
2,65-89,1774270522,2026-03-23T20:55:22,0.285
2,65-89,1774271123,2026-03-23T21:05:23,0.285
2,65-89,1774271436,2026-03-23T21:10:36,0.285
2,65-89,1774271724,2026-03-23T21:15:24,0.285
2,65-89,1774272025,2026-03-23T21:20:25,0.285
2,65-89,1774272322,2026-03-23T21:25:22,0.285
2,65-89,1774272624,2026-03-23T21:30:24,0.285
2,65-89,1774272921,2026-03-23T21:35:21,0.285
2,65-89,1774273224,2026-03-23T21:40:24,0.275
2,65-89,1774273522,2026-03-23T21:45:22,0.275
2,65-89,1774273839,2026-03-23T21:50:39,0.28
2,65-89,1774274125,2026-03-23T21:55:25,0.28
2,65-89,1774274728,2026-03-23T22:05:28,0.28
2,65-89,1774275028,2026-03-23T22:10:28,0.275
2,65-89,1774275326,2026-03-23T22:15:26,0.27
2,65-89,1774275618,2026-03-23T22:20:18,0.27
2,65-89,1774275932,2026-03-23T22:25:32,0.28
2,65-89,1774276218,2026-03-23T22:30:18,0.28
2,65-89,1774276519,2026-03-23T22:35:19,0.28
2,65-89,1774276818,2026-03-23T22:40:18,0.29
2,65-89,1774277118,2026-03-23T22:45:18,0.275
2,65-89,1774277419,2026-03-23T22:50:19,0.29
2,65-89,1774277719,2026-03-23T22:55:19,0.295
2,65-89,1774278318,2026-03-23T23:05:18,0.285
2,65-89,1774278618,2026-03-23T23:10:18,0.285
2,65-89,1774278918,2026-03-23T23:15:18,0.295
2,65-89,1774279219,2026-03-23T23:20:19,0.295
2,65-89,1774279518,2026-03-23T23:25:18,0.295
2,65-89,1774279819,2026-03-23T23:30:19,0.295
2,65-89,1774280119,2026-03-23T23:35:19,0.3
2,65-89,1774280418,2026-03-23T23:40:18,0.305
2,65-89,1774280719,2026-03-23T23:45:19,0.305
2,65-89,1774281019,2026-03-23T23:50:19,0.305
2,65-89,1774281319,2026-03-23T23:55:19,0.305
2,65-89,1774281919,2026-03-24T00:05:19,0.31
2,65-89,1774282220,2026-03-24T00:10:20,0.305
2,65-89,1774282519,2026-03-24T00:15:19,0.305
2,65-89,1774282819,2026-03-24T00:20:19,0.305
2,65-89,1774283120,2026-03-24T00:25:20,0.305
2,65-89,1774283431,2026-03-24T00:30:31,0.31
2,65-89,1774283719,2026-03-24T00:35:19,0.315
2,65-89,1774284019,2026-03-24T00:40:19,0.315
2,65-89,1774284319,2026-03-24T00:45:19,0.31
2,65-89,1774284620,2026-03-24T00:50:20,0.31
2,65-89,1774284919,2026-03-24T00:55:19,0.305
2,65-89,1774285520,2026-03-24T01:05:20,0.31
2,65-89,1774285820,2026-03-24T01:10:20,0.31
2,65-89,1774286120,2026-03-24T01:15:20,0.31
2,65-89,1774286420,2026-03-24T01:20:20,0.31
2,65-89,1774286733,2026-03-24T01:25:33,0.31
2,65-89,1774287020,2026-03-24T01:30:20,0.31
2,65-89,1774287319,2026-03-24T01:35:19,0.31
2,65-89,1774287636,2026-03-24T01:40:36,0.31
2,65-89,1774287919,2026-03-24T01:45:19,0.315
2,65-89,1774288219,2026-03-24T01:50:19,0.315
2,65-89,1774288519,2026-03-24T01:55:19,0.315
2,65-89,1774289119,2026-03-24T02:05:19,0.315
2,65-89,1774289420,2026-03-24T02:10:20,0.315
2,65-89,1774289721,2026-03-24T02:15:21,0.315
2,65-89,1774290032,2026-03-24T02:20:32,0.32
2,65-89,1774290320,2026-03-24T02:25:20,0.32
2,65-89,1774290620,2026-03-24T02:30:20,0.32
2,65-89,1774290920,2026-03-24T02:35:20,0.345
2,65-89,1774291226,2026-03-24T02:40:26,0.345
2,65-89,1774291521,2026-03-24T02:45:21,0.34
2,65-89,1774291820,2026-03-24T02:50:20,0.33
2,65-89,1774292120,2026-03-24T02:55:20,0.32
2,65-89,1774292723,2026-03-24T03:05:23,0.335
2,65-89,1774293021,2026-03-24T03:10:21,0.34
2,65-89,1774293323,2026-03-24T03:15:23,0.34
2,65-89,1774293624,2026-03-24T03:20:24,0.335
2,65-89,1774293922,2026-03-24T03:25:22,0.335
2,65-89,1774294220,2026-03-24T03:30:20,0.34
2,65-89,1774294524,2026-03-24T03:35:24,0.345
2,65-89,1774294821,2026-03-24T03:40:21,0.36
2,65-89,1774295121,2026-03-24T03:45:21,0.355
2,65-89,1774295424,2026-03-24T03:50:24,0.355
2,65-89,1774295721,2026-03-24T03:55:21,0.35
2,65-89,1774296323,2026-03-24T04:05:23,0.35
2,65-89,1774296624,2026-03-24T04:10:24,0.35
2,65-89,1774296919,2026-03-24T04:15:19,0.36
2,65-89,1774297223,2026-03-24T04:20:23,0.355
2,65-89,1774297523,2026-03-24T04:25:23,0.355
2,65-89,1774297821,2026-03-24T04:30:21,0.355
2,65-89,1774298122,2026-03-24T04:35:22,0.355
2,65-89,1774298421,2026-03-24T04:40:21,0.355
2,65-89,1774298721,2026-03-24T04:45:21,0.365
2,65-89,1774299022,2026-03-24T04:50:22,0.365
2,65-89,1774299321,2026-03-24T04:55:21,0.365
2,65-89,1774299920,2026-03-24T05:05:20,0.365
2,65-89,1774300223,2026-03-24T05:10:23,0.365
2,65-89,1774300534,2026-03-24T05:15:34,0.365
2,65-89,1774300820,2026-03-24T05:20:20,0.365
2,65-89,1774301119,2026-03-24T05:25:19,0.365
2,65-89,1774301423,2026-03-24T05:30:23,0.365
2,65-89,1774301722,2026-03-24T05:35:22,0.365
2,65-89,1774302021,2026-03-24T05:40:21,0.365
2,65-89,1774302322,2026-03-24T05:45:22,0.365
2,65-89,1774302619,2026-03-24T05:50:19,0.375
2,65-89,1774302920,2026-03-24T05:55:20,0.375
2,65-89,1774303524,2026-03-24T06:05:24,0.375
2,65-89,1774303821,2026-03-24T06:10:21,0.38
2,65-89,1774304124,2026-03-24T06:15:24,0.375
2,65-89,1774304420,2026-03-24T06:20:20,0.375
2,65-89,1774304721,2026-03-24T06:25:21,0.375
2,65-89,1774305021,2026-03-24T06:30:21,0.365
2,65-89,1774305320,2026-03-24T06:35:20,0.365
2,65-89,1774305622,2026-03-24T06:40:22,0.365
2,65-89,1774305923,2026-03-24T06:45:23,0.365
2,65-89,1774306234,2026-03-24T06:50:34,0.365
2,65-89,1774306523,2026-03-24T06:55:23,0.365
2,65-89,1774307124,2026-03-24T07:05:24,0.365
2,65-89,1774307421,2026-03-24T07:10:21,0.365
2,65-89,1774307720,2026-03-24T07:15:20,0.36
2,65-89,1774308024,2026-03-24T07:20:24,0.36
2,65-89,1774308324,2026-03-24T07:25:24,0.365
2,65-89,1774308624,2026-03-24T07:30:24,0.36
2,65-89,1774308923,2026-03-24T07:35:23,0.365
2,65-89,1774309222,2026-03-24T07:40:22,0.36
2,65-89,1774309524,2026-03-24T07:45:24,0.365
2,65-89,1774309823,2026-03-24T07:50:23,0.365
2,65-89,1774310138,2026-03-24T07:55:38,0.37
2,65-89,1774310723,2026-03-24T08:05:23,0.37
2,65-89,1774311020,2026-03-24T08:10:20,0.37
2,65-89,1774311322,2026-03-24T08:15:22,0.375
2,65-89,1774311623,2026-03-24T08:20:23,0.38
2,65-89,1774311923,2026-03-24T08:25:23,0.38
2,65-89,1774312220,2026-03-24T08:30:20,0.38
2,65-89,1774312520,2026-03-24T08:35:20,0.38
2,65-89,1774312823,2026-03-24T08:40:23,0.375
2,65-89,1774313120,2026-03-24T08:45:20,0.375
2,65-89,1774313420,2026-03-24T08:50:20,0.37
2,65-89,1774313720,2026-03-24T08:55:20,0.355
2,65-89,1774314320,2026-03-24T09:05:20,0.355
2,65-89,1774314623,2026-03-24T09:10:23,0.355
2,65-89,1774314921,2026-03-24T09:15:21,0.355
2,65-89,1774315220,2026-03-24T09:20:20,0.36
2,65-89,1774315537,2026-03-24T09:25:37,0.36
2,65-89,1774315820,2026-03-24T09:30:20,0.36
2,65-89,1774316120,2026-03-24T09:35:20,0.36
2,65-89,1774316420,2026-03-24T09:40:20,0.355
2,65-89,1774316720,2026-03-24T09:45:20,0.355
2,65-89,1774317022,2026-03-24T09:50:22,0.355
2,65-89,1774317320,2026-03-24T09:55:20,0.355
2,65-89,1774317920,2026-03-24T10:05:20,0.355
2,65-89,1774318222,2026-03-24T10:10:22,0.355
2,65-89,1774318520,2026-03-24T10:15:20,0.355
2,65-89,1774318821,2026-03-24T10:20:21,0.355
2,65-89,1774319122,2026-03-24T10:25:22,0.36
2,65-89,1774319420,2026-03-24T10:30:20,0.36
2,65-89,1774319720,2026-03-24T10:35:20,0.355
2,65-89,1774320021,2026-03-24T10:40:21,0.36
2,65-89,1774320321,2026-03-24T10:45:21,0.355
2,65-89,1774320621,2026-03-24T10:50:21,0.36
2,65-89,1774320919,2026-03-24T10:55:19,0.36
2,65-89,1774321521,2026-03-24T11:05:21,0.36
2,65-89,1774321823,2026-03-24T11:10:23,0.365
2,65-89,1774322124,2026-03-24T11:15:24,0.37
2,65-89,1774322424,2026-03-24T11:20:24,0.365
2,65-89,1774322720,2026-03-24T11:25:20,0.375
2,65-89,1774323020,2026-03-24T11:30:20,0.375
2,65-89,1774323323,2026-03-24T11:35:23,0.375
2,65-89,1774323623,2026-03-24T11:40:23,0.38
2,65-89,1774323920,2026-03-24T11:45:20,0.375
2,65-89,1774324233,2026-03-24T11:50:33,0.38
2,65-89,1774324520,2026-03-24T11:55:20,0.38
2,65-89,1774325120,2026-03-24T12:05:20,0.375
2,65-89,1774325420,2026-03-24T12:10:20,0.385
2,65-89,1774325721,2026-03-24T12:15:21,0.39
2,65-89,1774326023,2026-03-24T12:20:23,0.39
2,65-89,1774326325,2026-03-24T12:25:25,0.38
2,65-89,1774326621,2026-03-24T12:30:21,0.39
2,65-89,1774326922,2026-03-24T12:35:22,0.395
2,65-89,1774327220,2026-03-24T12:40:20,0.4
2,65-89,1774327520,2026-03-24T12:45:20,0.4
2,65-89,1774327819,2026-03-24T12:50:19,0.4
2,65-89,1774328121,2026-03-24T12:55:21,0.395
2,65-89,1774328720,2026-03-24T13:05:20,0.395
2,65-89,1774329020,2026-03-24T13:10:20,0.4
2,65-89,1774329321,2026-03-24T13:15:21,0.4
2,65-89,1774329635,2026-03-24T13:20:35,0.4
2,65-89,1774329921,2026-03-24T13:25:21,0.39
2,65-89,1774330223,2026-03-24T13:30:23,0.39
2,65-89,1774330522,2026-03-24T13:35:22,0.39
2,65-89,1774330822,2026-03-24T13:40:22,0.39
2,65-89,1774331123,2026-03-24T13:45:23,0.39
2,65-89,1774331423,2026-03-24T13:50:23,0.39
2,65-89,1774331724,2026-03-24T13:55:24,0.39
2,65-89,1774332320,2026-03-24T14:05:20,0.39
2,65-89,1774332621,2026-03-24T14:10:21,0.39
2,65-89,1774332921,2026-03-24T14:15:21,0.39
2,65-89,1774333224,2026-03-24T14:20:24,0.39
2,65-89,1774333521,2026-03-24T14:25:21,0.385
2,65-89,1774333821,2026-03-24T14:30:21,0.39
2,65-89,1774334122,2026-03-24T14:35:22,0.39
2,65-89,1774334420,2026-03-24T14:40:20,0.39
2,65-89,1774334724,2026-03-24T14:45:24,0.385
2,65-89,1774335021,2026-03-24T14:50:21,0.385
2,65-89,1774335325,2026-03-24T14:55:25,0.39
2,65-89,1774335921,2026-03-24T15:05:21,0.39
2,65-89,1774336220,2026-03-24T15:10:20,0.385
2,65-89,1774336535,2026-03-24T15:15:35,0.385
2,65-89,1774336823,2026-03-24T15:20:23,0.385
2,65-89,1774337121,2026-03-24T15:25:21,0.385
2,65-89,1774337421,2026-03-24T15:30:21,0.385
2,65-89,1774337721,2026-03-24T15:35:21,0.385
2,65-89,1774338026,2026-03-24T15:40:26,0.385
2,65-89,1774338323,2026-03-24T15:45:23,0.385
2,65-89,1774338620,2026-03-24T15:50:20,0.385
2,65-89,1774338923,2026-03-24T15:55:23,0.375
2,65-89,1774339523,2026-03-24T16:05:23,0.375
2,65-89,1774339821,2026-03-24T16:10:21,0.375
2,65-89,1774340123,2026-03-24T16:15:23,0.375
2,65-89,1774340422,2026-03-24T16:20:22,0.365
2,65-89,1774340724,2026-03-24T16:25:24,0.37
2,65-89,1774341024,2026-03-24T16:30:24,0.375
2,65-89,1774341320,2026-03-24T16:35:20,0.37
2,65-89,1774341632,2026-03-24T16:40:32,0.37
2,65-89,1774341923,2026-03-24T16:45:23,0.37
2,65-89,1774342223,2026-03-24T16:50:23,0.365
2,65-89,1774342521,2026-03-24T16:55:21,0.365
2,65-89,1774343120,2026-03-24T17:05:20,0.365
2,65-89,1774343422,2026-03-24T17:10:22,0.365
2,65-89,1774343720,2026-03-24T17:15:20,0.365
2,65-89,1774344023,2026-03-24T17:20:23,0.37
2,65-89,1774344321,2026-03-24T17:25:21,0.36
2,65-89,1774344621,2026-03-24T17:30:21,0.36
2,65-89,1774344919,2026-03-24T17:35:19,0.36
2,65-89,1774345234,2026-03-24T17:40:34,0.355
2,65-89,1774345523,2026-03-24T17:45:23,0.355
2,65-89,1774345823,2026-03-24T17:50:23,0.355
2,65-89,1774346133,2026-03-24T17:55:33,0.355
2,65-89,1774346720,2026-03-24T18:05:20,0.355
2,65-89,1774347030,2026-03-24T18:10:30,0.355
2,65-89,1774347324,2026-03-24T18:15:24,0.355
2,65-89,1774347638,2026-03-24T18:20:38,0.355
2,65-89,1774347924,2026-03-24T18:25:24,0.355
2,65-89,1774348221,2026-03-24T18:30:21,0.355
2,65-89,1774348524,2026-03-24T18:35:24,0.355
2,65-89,1774348839,2026-03-24T18:40:39,0.355
2,65-89,1774349124,2026-03-24T18:45:24,0.35
2,65-89,1774349423,2026-03-24T18:50:23,0.35
2,65-89,1774349721,2026-03-24T18:55:21,0.35
2,65-89,1774350320,2026-03-24T19:05:20,0.36
2,65-89,1774350622,2026-03-24T19:10:22,0.36
2,65-89,1774350924,2026-03-24T19:15:24,0.36
2,65-89,1774351220,2026-03-24T19:20:20,0.34
2,65-89,1774351522,2026-03-24T19:25:22,0.34
2,65-89,1774351823,2026-03-24T19:30:23,0.34
2,65-89,1774352125,2026-03-24T19:35:25,0.34
2,65-89,1774352421,2026-03-24T19:40:21,0.335
2,65-89,1774352725,2026-03-24T19:45:25,0.33
2,65-89,1774353020,2026-03-24T19:50:20,0.385
2,65-89,1774353320,2026-03-24T19:55:20,0.38
2,65-89,1774353928,2026-03-24T20:05:28,0.38
2,65-89,1774354202,2026-03-24T20:10:02,0.375
2,65-89,1774354253,2026-03-24T20:10:53,0.375
2,65-89,1774354526,2026-03-24T20:15:26,0.38
2,65-89,1774354828,2026-03-24T20:20:28,0.395
2,65-89,1774355127,2026-03-24T20:25:27,0.395
2,65-89,1774355429,2026-03-24T20:30:29,0.39
2,65-89,1774355726,2026-03-24T20:35:26,0.39
2,65-89,1774356027,2026-03-24T20:40:27,0.39
2,65-89,1774356329,2026-03-24T20:45:29,0.39
2,65-89,1774356626,2026-03-24T20:50:26,0.4
2,65-89,1774356934,2026-03-24T20:55:34,0.41
2,65-89,1774357526,2026-03-24T21:05:26,0.405
2,65-89,1774357827,2026-03-24T21:10:27,0.405
2,65-89,1774358130,2026-03-24T21:15:30,0.41
2,65-89,1774358426,2026-03-24T21:20:26,0.41
2,65-89,1774358728,2026-03-24T21:25:28,0.42
2,65-89,1774359029,2026-03-24T21:30:29,0.43
2,65-89,1774359326,2026-03-24T21:35:26,0.435
2,65-89,1774359630,2026-03-24T21:40:30,0.445
2,65-89,1774359930,2026-03-24T21:45:30,0.45
2,65-89,1774360242,2026-03-24T21:50:42,0.47
2,65-89,1774360527,2026-03-24T21:55:27,0.47
2,65-89,1774361127,2026-03-24T22:05:27,0.47
2,65-89,1774361443,2026-03-24T22:10:43,0.47
2,65-89,1774361729,2026-03-24T22:15:29,0.46
2,65-89,1774362027,2026-03-24T22:20:27,0.45
2,65-89,1774362341,2026-03-24T22:25:41,0.45
2,65-89,1774362635,2026-03-24T22:30:35,0.45
2,65-89,1774362957,2026-03-24T22:35:57,0.455
2,65-89,1774363231,2026-03-24T22:40:31,0.45
2,65-89,1774363527,2026-03-24T22:45:27,0.44
2,65-89,1774363832,2026-03-24T22:50:32,0.445
2,65-89,1774364129,2026-03-24T22:55:29,0.44
2,65-89,1774364740,2026-03-24T23:05:40,0.445
2,65-89,1774365028,2026-03-24T23:10:28,0.46
2,65-89,1774365332,2026-03-24T23:15:32,0.445
2,65-89,1774365631,2026-03-24T23:20:31,0.465
2,65-89,1774365928,2026-03-24T23:25:28,0.475
2,65-89,1774366235,2026-03-24T23:30:35,0.485
2,65-89,1774366529,2026-03-24T23:35:29,0.475
2,65-89,1774366827,2026-03-24T23:40:27,0.47
2,65-89,1774367132,2026-03-24T23:45:32,0.475
2,65-89,1774367425,2026-03-24T23:50:25,0.485
2,65-89,1774367726,2026-03-24T23:55:26,0.485
2,65-89,1774368327,2026-03-25T00:05:27,0.49
2,65-89,1774368633,2026-03-25T00:10:33,0.485
2,65-89,1774368930,2026-03-25T00:15:30,0.485
2,65-89,1774369231,2026-03-25T00:20:31,0.505
2,65-89,1774369527,2026-03-25T00:25:27,0.495
2,65-89,1774369830,2026-03-25T00:30:30,0.5
2,65-89,1774370143,2026-03-25T00:35:43,0.495
2,65-89,1774370427,2026-03-25T00:40:27,0.485
2,65-89,1774370733,2026-03-25T00:45:33,0.465
2,65-89,1774371027,2026-03-25T00:50:27,0.46
2,65-89,1774371327,2026-03-25T00:55:27,0.455
2,65-89,1774371929,2026-03-25T01:05:29,0.455
2,65-89,1774372232,2026-03-25T01:10:32,0.51
2,65-89,1774372530,2026-03-25T01:15:30,0.485
2,65-89,1774372831,2026-03-25T01:20:31,0.505
2,65-89,1774373128,2026-03-25T01:25:28,0.49
2,65-89,1774373437,2026-03-25T01:30:37,0.475
2,65-89,1774373726,2026-03-25T01:35:26,0.49
2,65-89,1774374029,2026-03-25T01:40:29,0.49
2,65-89,1774374327,2026-03-25T01:45:27,0.475
2,65-89,1774374629,2026-03-25T01:50:29,0.475
2,65-89,1774374927,2026-03-25T01:55:27,0.475
2,65-89,1774375530,2026-03-25T02:05:30,0.48
2,65-89,1774375827,2026-03-25T02:10:27,0.48
2,65-89,1774376128,2026-03-25T02:15:28,0.48
2,65-89,1774376429,2026-03-25T02:20:29,0.545
2,65-89,1774376731,2026-03-25T02:25:31,0.515
2,65-89,1774377030,2026-03-25T02:30:30,0.53
2,65-89,1774377329,2026-03-25T02:35:29,0.5
2,65-89,1774377630,2026-03-25T02:40:30,0.49
2,65-89,1774377931,2026-03-25T02:45:31,0.49
2,65-89,1774378232,2026-03-25T02:50:32,0.485
2,65-89,1774378529,2026-03-25T02:55:29,0.49
2,65-89,1774379132,2026-03-25T03:05:32,0.49
2,65-89,1774379427,2026-03-25T03:10:27,0.49
2,65-89,1774379729,2026-03-25T03:15:29,0.49
2,65-89,1774380031,2026-03-25T03:20:31,0.485
2,65-89,1774380327,2026-03-25T03:25:27,0.475
2,65-89,1774380633,2026-03-25T03:30:33,0.505
2,65-89,1774380928,2026-03-25T03:35:28,0.48
2,65-89,1774381229,2026-03-25T03:40:29,0.47
2,65-89,1774381533,2026-03-25T03:45:33,0.465
2,65-89,1774381827,2026-03-25T03:50:27,0.455
2,65-89,1774382129,2026-03-25T03:55:29,0.455
2,65-89,1774382730,2026-03-25T04:05:30,0.445
2,65-89,1774383029,2026-03-25T04:10:29,0.445
2,65-89,1774383331,2026-03-25T04:15:31,0.445
2,65-89,1774383630,2026-03-25T04:20:30,0.445
2,65-89,1774383931,2026-03-25T04:25:31,0.43
2,65-89,1774384233,2026-03-25T04:30:33,0.415
2,65-89,1774384529,2026-03-25T04:35:29,0.415
2,65-89,1774384841,2026-03-25T04:40:41,0.405
2,65-89,1774385129,2026-03-25T04:45:29,0.405
2,65-89,1774385432,2026-03-25T04:50:32,0.405
2,65-89,1774385726,2026-03-25T04:55:26,0.435
2,65-89,1774386326,2026-03-25T05:05:26,0.405
2,65-89,1774386629,2026-03-25T05:10:29,0.405
2,65-89,1774386926,2026-03-25T05:15:26,0.405
2,65-89,1774387228,2026-03-25T05:20:28,0.405
2,65-89,1774387527,2026-03-25T05:25:27,0.405
2,65-89,1774387831,2026-03-25T05:30:31,0.405
2,65-89,1774388129,2026-03-25T05:35:29,0.41
2,65-89,1774388433,2026-03-25T05:40:33,0.405
2,65-89,1774388726,2026-03-25T05:45:26,0.405
2,65-89,1774389051,2026-03-25T05:50:51,0.405
2,65-89,1774389330,2026-03-25T05:55:30,0.405
2,65-89,1774389926,2026-03-25T06:05:26,0.405
2,65-89,1774390229,2026-03-25T06:10:29,0.395
2,65-89,1774390527,2026-03-25T06:15:27,0.385
2,65-89,1774390836,2026-03-25T06:20:36,0.385
2,65-89,1774391125,2026-03-25T06:25:25,0.375
2,65-89,1774391433,2026-03-25T06:30:33,0.365
2,65-89,1774391728,2026-03-25T06:35:28,0.375
2,65-89,1774392028,2026-03-25T06:40:28,0.37
2,65-89,1774392328,2026-03-25T06:45:28,0.37
2,65-89,1774392630,2026-03-25T06:50:30,0.375
2,65-89,1774392929,2026-03-25T06:55:29,0.37
2,65-89,1774393529,2026-03-25T07:05:29,0.37
2,65-89,1774393829,2026-03-25T07:10:29,0.365
2,65-89,1774394130,2026-03-25T07:15:30,0.365
2,65-89,1774394429,2026-03-25T07:20:29,0.36
2,65-89,1774394728,2026-03-25T07:25:28,0.355
2,65-89,1774395034,2026-03-25T07:30:34,0.335
2,65-89,1774395329,2026-03-25T07:35:29,0.32
2,65-89,1774395633,2026-03-25T07:40:33,0.3
2,65-89,1774395930,2026-03-25T07:45:30,0.29
2,65-89,1774396229,2026-03-25T07:50:29,0.275
2,65-89,1774396540,2026-03-25T07:55:40,0.285
2,65-89,1774397130,2026-03-25T08:05:30,0.325
2,65-89,1774397433,2026-03-25T08:10:33,0.295
2,65-89,1774397729,2026-03-25T08:15:29,0.285
2,65-89,1774398030,2026-03-25T08:20:30,0.28
2,65-89,1774398327,2026-03-25T08:25:27,0.275
2,65-89,1774398631,2026-03-25T08:30:31,0.265
2,65-89,1774398936,2026-03-25T08:35:36,0.255
2,65-89,1774399230,2026-03-25T08:40:30,0.255
2,65-89,1774399529,2026-03-25T08:45:29,0.255
2,65-89,1774399831,2026-03-25T08:50:31,0.295
2,65-89,1774400131,2026-03-25T08:55:31,0.295
2,65-89,1774400730,2026-03-25T09:05:30,0.265
2,65-89,1774401028,2026-03-25T09:10:28,0.25
2,65-89,1774401329,2026-03-25T09:15:29,0.25
2,65-89,1774401632,2026-03-25T09:20:32,0.255
2,65-89,1774401940,2026-03-25T09:25:40,0.255
2,65-89,1774402230,2026-03-25T09:30:30,0.245
2,65-89,1774402532,2026-03-25T09:35:32,0.255
2,65-89,1774402829,2026-03-25T09:40:29,0.26
2,65-89,1774403130,2026-03-25T09:45:30,0.26
2,65-89,1774403426,2026-03-25T09:50:26,0.24
2,65-89,1774403731,2026-03-25T09:55:31,0.25
2,65-89,1774404337,2026-03-25T10:05:37,0.235
2,65-89,1774404631,2026-03-25T10:10:31,0.245
2,65-89,1774404928,2026-03-25T10:15:28,0.23
2,65-89,1774405232,2026-03-25T10:20:32,0.24
2,65-89,1774405531,2026-03-25T10:25:31,0.23
2,65-89,1774405833,2026-03-25T10:30:33,0.235
2,65-89,1774406131,2026-03-25T10:35:31,0.235
2,65-89,1774406435,2026-03-25T10:40:35,0.225
2,65-89,1774406728,2026-03-25T10:45:28,0.225
2,65-89,1774407028,2026-03-25T10:50:28,0.22
2,65-89,1774407328,2026-03-25T10:55:28,0.225
2,65-89,1774407931,2026-03-25T11:05:31,0.215
2,65-89,1774408232,2026-03-25T11:10:32,0.215
2,65-89,1774408531,2026-03-25T11:15:31,0.215
2,65-89,1774408827,2026-03-25T11:20:27,0.22
2,65-89,1774409130,2026-03-25T11:25:30,0.225
2,65-89,1774409432,2026-03-25T11:30:32,0.225
2,65-89,1774409732,2026-03-25T11:35:32,0.225
2,65-89,1774410031,2026-03-25T11:40:31,0.225
2,65-89,1774410327,2026-03-25T11:45:27,0.23
2,65-89,1774410627,2026-03-25T11:50:27,0.235
2,65-89,1774410928,2026-03-25T11:55:28,0.225
2,65-89,1774411530,2026-03-25T12:05:30,0.26
2,65-89,1774411830,2026-03-25T12:10:30,0.225
2,65-89,1774412130,2026-03-25T12:15:30,0.205
2,65-89,1774412430,2026-03-25T12:20:30,0.205
2,65-89,1774412728,2026-03-25T12:25:28,0.205
2,65-89,1774413041,2026-03-25T12:30:41,0.205
2,65-89,1774413329,2026-03-25T12:35:29,0.205
2,65-89,1774413629,2026-03-25T12:40:29,0.21
2,65-89,1774413930,2026-03-25T12:45:30,0.285
2,65-89,1774414231,2026-03-25T12:50:31,0.265
2,65-89,1774414530,2026-03-25T12:55:30,0.265
2,65-89,1774415129,2026-03-25T13:05:29,0.225
2,65-89,1774415432,2026-03-25T13:10:32,0.245
2,65-89,1774415739,2026-03-25T13:15:39,0.3
2,65-89,1774416029,2026-03-25T13:20:29,0.305
2,65-89,1774416330,2026-03-25T13:25:30,0.28
2,65-89,1774416633,2026-03-25T13:30:33,0.26
2,65-89,1774416931,2026-03-25T13:35:31,0.255
2,65-89,1774417229,2026-03-25T13:40:29,0.25
2,65-89,1774417528,2026-03-25T13:45:28,0.225
2,65-89,1774417831,2026-03-25T13:50:31,0.205
2,65-89,1774418129,2026-03-25T13:55:29,0.205
2,65-89,1774418729,2026-03-25T14:05:29,0.355
2,65-89,1774419028,2026-03-25T14:10:28,0.315
2,65-89,1774419328,2026-03-25T14:15:28,0.325
2,65-89,1774419630,2026-03-25T14:20:30,0.295
2,65-89,1774419938,2026-03-25T14:25:38,0.3
2,65-89,1774420234,2026-03-25T14:30:34,0.295
2,65-89,1774420540,2026-03-25T14:35:40,0.295
2,65-89,1774420826,2026-03-25T14:40:26,0.355
2,65-89,1774421131,2026-03-25T14:45:31,0.325
2,65-89,1774421431,2026-03-25T14:50:31,0.345
2,65-89,1774421728,2026-03-25T14:55:28,0.355
2,65-89,1774422330,2026-03-25T15:05:30,0.325
2,65-89,1774422632,2026-03-25T15:10:32,0.305
2,65-89,1774422931,2026-03-25T15:15:31,0.285
2,65-89,1774423228,2026-03-25T15:20:28,0.26
2,65-89,1774423530,2026-03-25T15:25:30,0.265
2,65-89,1774423831,2026-03-25T15:30:31,0.255
2,65-89,1774424130,2026-03-25T15:35:30,0.25
2,65-89,1774424431,2026-03-25T15:40:31,0.255
2,65-89,1774424730,2026-03-25T15:45:30,0.25
2,65-89,1774425029,2026-03-25T15:50:29,0.255
2,65-89,1774425328,2026-03-25T15:55:28,0.25
2,65-89,1774425940,2026-03-25T16:05:40,0.255
2,65-89,1774426231,2026-03-25T16:10:31,0.255
2,65-89,1774426530,2026-03-25T16:15:30,0.255
2,65-89,1774426835,2026-03-25T16:20:35,0.255
2,65-89,1774427127,2026-03-25T16:25:27,0.255
2,65-89,1774427430,2026-03-25T16:30:30,0.26
2,65-89,1774427731,2026-03-25T16:35:31,0.25
2,65-89,1774428028,2026-03-25T16:40:28,0.255
2,65-89,1774428330,2026-03-25T16:45:30,0.25
2,65-89,1774428630,2026-03-25T16:50:30,0.25
2,65-89,1774428926,2026-03-25T16:55:26,0.25
2,65-89,1774429530,2026-03-25T17:05:30,0.245
2,65-89,1774429830,2026-03-25T17:10:30,0.235
2,65-89,1774430131,2026-03-25T17:15:31,0.235
2,65-89,1774430428,2026-03-25T17:20:28,0.235
2,65-89,1774430729,2026-03-25T17:25:29,0.235
2,65-89,1774431034,2026-03-25T17:30:34,0.235
2,65-89,1774431329,2026-03-25T17:35:29,0.245
2,65-89,1774431638,2026-03-25T17:40:38,0.245
2,65-89,1774431931,2026-03-25T17:45:31,0.25
2,65-89,1774432226,2026-03-25T17:50:26,0.265
2,65-89,1774432526,2026-03-25T17:55:26,0.265
2,65-89,1774433130,2026-03-25T18:05:30,0.295
2,65-89,1774433431,2026-03-25T18:10:31,0.295
2,65-89,1774433728,2026-03-25T18:15:28,0.295
2,65-89,1774434029,2026-03-25T18:20:29,0.305
2,65-89,1774434332,2026-03-25T18:25:32,0.305
2,65-89,1774434633,2026-03-25T18:30:33,0.305
2,65-89,1774434932,2026-03-25T18:35:32,0.34
2,65-89,1774435229,2026-03-25T18:40:29,0.32
2,65-89,1774435529,2026-03-25T18:45:29,0.335
2,65-89,1774435828,2026-03-25T18:50:28,0.32
2,65-89,1774436129,2026-03-25T18:55:29,0.34
2,65-89,1774436737,2026-03-25T19:05:37,0.335
2,65-89,1774437032,2026-03-25T19:10:32,0.34
2,65-89,1774437328,2026-03-25T19:15:28,0.325
2,65-89,1774437638,2026-03-25T19:20:38,0.325
2,65-89,1774437929,2026-03-25T19:25:29,0.315
2,65-89,1774438232,2026-03-25T19:30:32,0.31
2,65-89,1774438529,2026-03-25T19:35:29,0.33
2,65-89,1774438828,2026-03-25T19:40:28,0.32
2,65-89,1774439130,2026-03-25T19:45:30,0.33
2,65-89,1774439432,2026-03-25T19:50:32,0.32
2,65-89,1774439728,2026-03-25T19:55:28,0.315
2,65-89,1774440327,2026-03-25T20:05:27,0.325
2,65-89,1774440629,2026-03-25T20:10:29,0.315
2,65-89,1774440931,2026-03-25T20:15:31,0.315
2,65-89,1774441236,2026-03-25T20:20:36,0.32
2,65-89,1774441531,2026-03-25T20:25:31,0.315
2,65-89,1774441837,2026-03-25T20:30:37,0.305
2,65-89,1774442128,2026-03-25T20:35:28,0.27
2,65-89,1774442431,2026-03-25T20:40:31,0.245
2,65-89,1774442729,2026-03-25T20:45:29,0.23
2,65-89,1774443031,2026-03-25T20:50:31,0.225
2,65-89,1774443330,2026-03-25T20:55:30,0.225
2,65-89,1774443929,2026-03-25T21:05:29,0.355
2,65-89,1774444231,2026-03-25T21:10:31,0.385
2,65-89,1774444530,2026-03-25T21:15:30,0.405
2,65-89,1774444829,2026-03-25T21:20:29,0.395
2,65-89,1774445130,2026-03-25T21:25:30,0.43
2,65-89,1774445438,2026-03-25T21:30:38,0.33
2,65-89,1774445747,2026-03-25T21:35:47,0.255
2,65-89,1774446028,2026-03-25T21:40:28,0.225
2,65-89,1774446330,2026-03-25T21:45:30,0.165
2,65-89,1774446633,2026-03-25T21:50:33,0.145
2,65-89,1774446931,2026-03-25T21:55:31,0.45
2,65-89,1774447532,2026-03-25T22:05:32,0.25
2,65-89,1774447831,2026-03-25T22:10:31,0.3
2,65-89,1774448135,2026-03-25T22:15:35,0.225
2,65-89,1774448433,2026-03-25T22:20:33,0.18
2,65-89,1774448728,2026-03-25T22:25:28,0.155
2,65-89,1774449037,2026-03-25T22:30:37,0.135
2,65-89,1774449349,2026-03-25T22:35:49,0.105
2,65-89,1774449628,2026-03-25T22:40:28,0.075
2,65-89,1774449930,2026-03-25T22:45:30,0.045
2,65-89,1774450230,2026-03-25T22:50:30,0.05
2,65-89,1774450530,2026-03-25T22:55:30,0.04
2,65-89,1774451134,2026-03-25T23:05:34,0.0245
2,65-89,1774451432,2026-03-25T23:10:32,0.0165
2,65-89,1774451731,2026-03-25T23:15:31,0.016
2,65-89,1774452032,2026-03-25T23:20:32,0.0115
2,65-89,1774452329,2026-03-25T23:25:29,0.009
2,65-89,1774452634,2026-03-25T23:30:34,0.006
2,65-89,1774452933,2026-03-25T23:35:33,0.0025
2,65-89,1774453228,2026-03-25T23:40:28,0.0025
2,65-89,1774453530,2026-03-25T23:45:30,0.0005
2,65-89,1774453831,2026-03-25T23:50:31,0.0005
2,65-89,1774454131,2026-03-25T23:55:31,0.0005
2,65-89,1774454732,2026-03-26T00:05:32,0.0005
2,65-89,1774455031,2026-03-26T00:10:31,0.0005
2,65-89,1774455346,2026-03-26T00:15:46,0.0005
2,65-89,1774455631,2026-03-26T00:20:31,0.0005
2,65-89,1774455931,2026-03-26T00:25:31,0.0005
2,65-89,1774456232,2026-03-26T00:30:32,0.0005
2,65-89,1774456532,2026-03-26T00:35:32,0.0005
2,65-89,1774456828,2026-03-26T00:40:28,0.0005
2,65-89,1774457130,2026-03-26T00:45:30,0.0005
2,65-89,1774457428,2026-03-26T00:50:28,0.0005
2,65-89,1774457731,2026-03-26T00:55:31,0.0005
2,65-89,1774458336,2026-03-26T01:05:36,0.0005
2,65-89,1774458629,2026-03-26T01:10:29,0.0005
2,65-89,1774458930,2026-03-26T01:15:30,0.0005
2,65-89,1774459241,2026-03-26T01:20:41,0.0005
2,65-89,1774459551,2026-03-26T01:25:51,0.0005
2,65-89,1774459832,2026-03-26T01:30:32,0.0005
2,65-89,1774460130,2026-03-26T01:35:30,0.0005
2,65-89,1774460427,2026-03-26T01:40:27,0.0005
2,65-89,1774460731,2026-03-26T01:45:31,0.0005
2,65-89,1774461028,2026-03-26T01:50:28,0.0005
2,65-89,1774461330,2026-03-26T01:55:30,0.0005
2,65-89,1774461930,2026-03-26T02:05:30,0.0005
2,65-89,1774462242,2026-03-26T02:10:42,0.0005
2,65-89,1774462531,2026-03-26T02:15:31,0.0005
2,65-89,1774462830,2026-03-26T02:20:30,0.0005
2,65-89,1774463128,2026-03-26T02:25:28,0.0005
2,65-89,1774463444,2026-03-26T02:30:44,0.0005
2,65-89,1774463727,2026-03-26T02:35:27,0.0005
2,65-89,1774464028,2026-03-26T02:40:28,0.0005
2,65-89,1774464338,2026-03-26T02:45:38,0.0005
2,65-89,1774464630,2026-03-26T02:50:30,0.0005
2,65-89,1774464930,2026-03-26T02:55:30,0.0005
3,90-114,1774110036,2026-03-22T00:20:36,0.32
3,90-114,1774110335,2026-03-22T00:25:35,0.32
3,90-114,1774110657,2026-03-22T00:30:57,0.3
3,90-114,1774110935,2026-03-22T00:35:35,0.285
3,90-114,1774111236,2026-03-22T00:40:36,0.285
3,90-114,1774111534,2026-03-22T00:45:34,0.285
3,90-114,1774111833,2026-03-22T00:50:33,0.285
3,90-114,1774112138,2026-03-22T00:55:38,0.285
3,90-114,1774112736,2026-03-22T01:05:36,0.29
3,90-114,1774113037,2026-03-22T01:10:37,0.28
3,90-114,1774113336,2026-03-22T01:15:36,0.28
3,90-114,1774113637,2026-03-22T01:20:37,0.265
3,90-114,1774113935,2026-03-22T01:25:35,0.27
3,90-114,1774114253,2026-03-22T01:30:53,0.28
3,90-114,1774114535,2026-03-22T01:35:35,0.28
3,90-114,1774114844,2026-03-22T01:40:44,0.28
3,90-114,1774115136,2026-03-22T01:45:36,0.28
3,90-114,1774115443,2026-03-22T01:50:43,0.27
3,90-114,1774115732,2026-03-22T01:55:32,0.265
3,90-114,1774116335,2026-03-22T02:05:35,0.265
3,90-114,1774116637,2026-03-22T02:10:37,0.265
3,90-114,1774116933,2026-03-22T02:15:33,0.265
3,90-114,1774117234,2026-03-22T02:20:34,0.265
3,90-114,1774117533,2026-03-22T02:25:33,0.265
3,90-114,1774117842,2026-03-22T02:30:42,0.265
3,90-114,1774118137,2026-03-22T02:35:37,0.265
3,90-114,1774118432,2026-03-22T02:40:32,0.265
3,90-114,1774118735,2026-03-22T02:45:35,0.265
3,90-114,1774119034,2026-03-22T02:50:34,0.265
3,90-114,1774119346,2026-03-22T02:55:46,0.265
3,90-114,1774119932,2026-03-22T03:05:32,0.265
3,90-114,1774120232,2026-03-22T03:10:32,0.265
3,90-114,1774120538,2026-03-22T03:15:38,0.265
3,90-114,1774120834,2026-03-22T03:20:34,0.265
3,90-114,1774121134,2026-03-22T03:25:34,0.265
3,90-114,1774121439,2026-03-22T03:30:39,0.265
3,90-114,1774121744,2026-03-22T03:35:44,0.265
3,90-114,1774122047,2026-03-22T03:40:47,0.265
3,90-114,1774122332,2026-03-22T03:45:32,0.265
3,90-114,1774122634,2026-03-22T03:50:34,0.265
3,90-114,1774122934,2026-03-22T03:55:34,0.29
3,90-114,1774123553,2026-03-22T04:05:53,0.285
3,90-114,1774123835,2026-03-22T04:10:35,0.28
3,90-114,1774124135,2026-03-22T04:15:35,0.28
3,90-114,1774124432,2026-03-22T04:20:32,0.28
3,90-114,1774124746,2026-03-22T04:25:46,0.28
3,90-114,1774125052,2026-03-22T04:30:52,0.28
3,90-114,1774125336,2026-03-22T04:35:36,0.28
3,90-114,1774125632,2026-03-22T04:40:32,0.28
3,90-114,1774125934,2026-03-22T04:45:34,0.28
3,90-114,1774126232,2026-03-22T04:50:32,0.28
3,90-114,1774126531,2026-03-22T04:55:31,0.28
3,90-114,1774127133,2026-03-22T05:05:33,0.28
3,90-114,1774127431,2026-03-22T05:10:31,0.28
3,90-114,1774127733,2026-03-22T05:15:33,0.28
3,90-114,1774128032,2026-03-22T05:20:32,0.28
3,90-114,1774128334,2026-03-22T05:25:34,0.28
3,90-114,1774128638,2026-03-22T05:30:38,0.28
3,90-114,1774128937,2026-03-22T05:35:37,0.28
3,90-114,1774129233,2026-03-22T05:40:33,0.28
3,90-114,1774129534,2026-03-22T05:45:34,0.28
3,90-114,1774129832,2026-03-22T05:50:32,0.285
3,90-114,1774130137,2026-03-22T05:55:37,0.285
3,90-114,1774130733,2026-03-22T06:05:33,0.285
3,90-114,1774131033,2026-03-22T06:10:33,0.285
3,90-114,1774131345,2026-03-22T06:15:45,0.285
3,90-114,1774131634,2026-03-22T06:20:34,0.29
3,90-114,1774131932,2026-03-22T06:25:32,0.315
3,90-114,1774132242,2026-03-22T06:30:42,0.315
3,90-114,1774132533,2026-03-22T06:35:33,0.305
3,90-114,1774132834,2026-03-22T06:40:34,0.29
3,90-114,1774133134,2026-03-22T06:45:34,0.29
3,90-114,1774133433,2026-03-22T06:50:33,0.29
3,90-114,1774133733,2026-03-22T06:55:33,0.29
3,90-114,1774134333,2026-03-22T07:05:33,0.3
3,90-114,1774134636,2026-03-22T07:10:36,0.29
3,90-114,1774134944,2026-03-22T07:15:44,0.29
3,90-114,1774135234,2026-03-22T07:20:34,0.29
3,90-114,1774135534,2026-03-22T07:25:34,0.275
3,90-114,1774135838,2026-03-22T07:30:38,0.28
3,90-114,1774136135,2026-03-22T07:35:35,0.28
3,90-114,1774136434,2026-03-22T07:40:34,0.28
3,90-114,1774136735,2026-03-22T07:45:35,0.28
3,90-114,1774137047,2026-03-22T07:50:47,0.28
3,90-114,1774137332,2026-03-22T07:55:32,0.28
3,90-114,1774137931,2026-03-22T08:05:31,0.28
3,90-114,1774138247,2026-03-22T08:10:47,0.285
3,90-114,1774138532,2026-03-22T08:15:32,0.29
3,90-114,1774138847,2026-03-22T08:20:47,0.29
3,90-114,1774139133,2026-03-22T08:25:33,0.29
3,90-114,1774139437,2026-03-22T08:30:37,0.29
3,90-114,1774139734,2026-03-22T08:35:34,0.29
3,90-114,1774140033,2026-03-22T08:40:33,0.29
3,90-114,1774140336,2026-03-22T08:45:36,0.285
3,90-114,1774140634,2026-03-22T08:50:34,0.285
3,90-114,1774140936,2026-03-22T08:55:36,0.285
3,90-114,1774141533,2026-03-22T09:05:33,0.285
3,90-114,1774141837,2026-03-22T09:10:37,0.285
3,90-114,1774142134,2026-03-22T09:15:34,0.29
3,90-114,1774142434,2026-03-22T09:20:34,0.29
3,90-114,1774142733,2026-03-22T09:25:33,0.285
3,90-114,1774143045,2026-03-22T09:30:45,0.285
3,90-114,1774143327,2026-03-22T09:35:27,0.29
3,90-114,1774143642,2026-03-22T09:40:42,0.29
3,90-114,1774143927,2026-03-22T09:45:27,0.29
3,90-114,1774144228,2026-03-22T09:50:28,0.29
3,90-114,1774144527,2026-03-22T09:55:27,0.29
3,90-114,1774145128,2026-03-22T10:05:28,0.29
3,90-114,1774145429,2026-03-22T10:10:29,0.29
3,90-114,1774145728,2026-03-22T10:15:28,0.29
3,90-114,1774146026,2026-03-22T10:20:26,0.285
3,90-114,1774146331,2026-03-22T10:25:31,0.29
3,90-114,1774146634,2026-03-22T10:30:34,0.285
3,90-114,1774146928,2026-03-22T10:35:28,0.285
3,90-114,1774147227,2026-03-22T10:40:27,0.285
3,90-114,1774147528,2026-03-22T10:45:28,0.285
3,90-114,1774147826,2026-03-22T10:50:26,0.285
3,90-114,1774148137,2026-03-22T10:55:37,0.285
3,90-114,1774148728,2026-03-22T11:05:28,0.285
3,90-114,1774149027,2026-03-22T11:10:27,0.285
3,90-114,1774149326,2026-03-22T11:15:26,0.285
3,90-114,1774149628,2026-03-22T11:20:28,0.29
3,90-114,1774149930,2026-03-22T11:25:30,0.29
3,90-114,1774150250,2026-03-22T11:30:50,0.29
3,90-114,1774150527,2026-03-22T11:35:27,0.285
3,90-114,1774150834,2026-03-22T11:40:34,0.29
3,90-114,1774151129,2026-03-22T11:45:29,0.285
3,90-114,1774151426,2026-03-22T11:50:26,0.29
3,90-114,1774151727,2026-03-22T11:55:27,0.29
3,90-114,1774152329,2026-03-22T12:05:29,0.29
3,90-114,1774152629,2026-03-22T12:10:29,0.285
3,90-114,1774152929,2026-03-22T12:15:29,0.285
3,90-114,1774153230,2026-03-22T12:20:30,0.29
3,90-114,1774153530,2026-03-22T12:25:30,0.285
3,90-114,1774153834,2026-03-22T12:30:34,0.285
3,90-114,1774154129,2026-03-22T12:35:29,0.285
3,90-114,1774154427,2026-03-22T12:40:27,0.285
3,90-114,1774154727,2026-03-22T12:45:27,0.285
3,90-114,1774155047,2026-03-22T12:50:47,0.285
3,90-114,1774155328,2026-03-22T12:55:28,0.285
3,90-114,1774155927,2026-03-22T13:05:27,0.285
3,90-114,1774156230,2026-03-22T13:10:30,0.285
3,90-114,1774156528,2026-03-22T13:15:28,0.285
3,90-114,1774156829,2026-03-22T13:20:29,0.285
3,90-114,1774157129,2026-03-22T13:25:29,0.285
3,90-114,1774157435,2026-03-22T13:30:35,0.285
3,90-114,1774157727,2026-03-22T13:35:27,0.29
3,90-114,1774158029,2026-03-22T13:40:29,0.29
3,90-114,1774158342,2026-03-22T13:45:42,0.29
3,90-114,1774158628,2026-03-22T13:50:28,0.29
3,90-114,1774158938,2026-03-22T13:55:38,0.29
3,90-114,1774159527,2026-03-22T14:05:27,0.285
3,90-114,1774159827,2026-03-22T14:10:27,0.29
3,90-114,1774160127,2026-03-22T14:15:27,0.29
3,90-114,1774160429,2026-03-22T14:20:29,0.29
3,90-114,1774160728,2026-03-22T14:25:28,0.29
3,90-114,1774161033,2026-03-22T14:30:33,0.29
3,90-114,1774161338,2026-03-22T14:35:38,0.29
3,90-114,1774161630,2026-03-22T14:40:30,0.29
3,90-114,1774161928,2026-03-22T14:45:28,0.29
3,90-114,1774162227,2026-03-22T14:50:27,0.29
3,90-114,1774162528,2026-03-22T14:55:28,0.29
3,90-114,1774163129,2026-03-22T15:05:29,0.29
3,90-114,1774163429,2026-03-22T15:10:29,0.29
3,90-114,1774163727,2026-03-22T15:15:27,0.29
3,90-114,1774164027,2026-03-22T15:20:27,0.29
3,90-114,1774164326,2026-03-22T15:25:26,0.285
3,90-114,1774164636,2026-03-22T15:30:36,0.3
3,90-114,1774164927,2026-03-22T15:35:27,0.3
3,90-114,1774165228,2026-03-22T15:40:28,0.3
3,90-114,1774165539,2026-03-22T15:45:39,0.3
3,90-114,1774165829,2026-03-22T15:50:29,0.295
3,90-114,1774166127,2026-03-22T15:55:27,0.295
3,90-114,1774166727,2026-03-22T16:05:27,0.295
3,90-114,1774167029,2026-03-22T16:10:29,0.295
3,90-114,1774167338,2026-03-22T16:15:38,0.295
3,90-114,1774167628,2026-03-22T16:20:28,0.295
3,90-114,1774167927,2026-03-22T16:25:27,0.295
3,90-114,1774168234,2026-03-22T16:30:34,0.295
3,90-114,1774168540,2026-03-22T16:35:40,0.295
3,90-114,1774168829,2026-03-22T16:40:29,0.295
3,90-114,1774169127,2026-03-22T16:45:27,0.295
3,90-114,1774169428,2026-03-22T16:50:28,0.295
3,90-114,1774169728,2026-03-22T16:55:28,0.295
3,90-114,1774170328,2026-03-22T17:05:28,0.295
3,90-114,1774170629,2026-03-22T17:10:29,0.295
3,90-114,1774170929,2026-03-22T17:15:29,0.295
3,90-114,1774171228,2026-03-22T17:20:28,0.295
3,90-114,1774171527,2026-03-22T17:25:27,0.295
3,90-114,1774171849,2026-03-22T17:30:49,0.295
3,90-114,1774172127,2026-03-22T17:35:27,0.295
3,90-114,1774172428,2026-03-22T17:40:28,0.295
3,90-114,1774172726,2026-03-22T17:45:26,0.295
3,90-114,1774173027,2026-03-22T17:50:27,0.295
3,90-114,1774173328,2026-03-22T17:55:28,0.295
3,90-114,1774173926,2026-03-22T18:05:26,0.295
3,90-114,1774174228,2026-03-22T18:10:28,0.295
3,90-114,1774174528,2026-03-22T18:15:28,0.295
3,90-114,1774174838,2026-03-22T18:20:38,0.295
3,90-114,1774175128,2026-03-22T18:25:28,0.295
3,90-114,1774175433,2026-03-22T18:30:33,0.295
3,90-114,1774175728,2026-03-22T18:35:28,0.295
3,90-114,1774176027,2026-03-22T18:40:27,0.295
3,90-114,1774176327,2026-03-22T18:45:27,0.295
3,90-114,1774176638,2026-03-22T18:50:38,0.295
3,90-114,1774176928,2026-03-22T18:55:28,0.295
3,90-114,1774177528,2026-03-22T19:05:28,0.295
3,90-114,1774177832,2026-03-22T19:10:32,0.295
3,90-114,1774178129,2026-03-22T19:15:29,0.295
3,90-114,1774178431,2026-03-22T19:20:31,0.295
3,90-114,1774178727,2026-03-22T19:25:27,0.295
3,90-114,1774179034,2026-03-22T19:30:34,0.295
3,90-114,1774179328,2026-03-22T19:35:28,0.295
3,90-114,1774179631,2026-03-22T19:40:31,0.295
3,90-114,1774179945,2026-03-22T19:45:45,0.295
3,90-114,1774180229,2026-03-22T19:50:29,0.295
3,90-114,1774180527,2026-03-22T19:55:27,0.295
3,90-114,1774181128,2026-03-22T20:05:28,0.295
3,90-114,1774181445,2026-03-22T20:10:45,0.295
3,90-114,1774181729,2026-03-22T20:15:29,0.295
3,90-114,1774182027,2026-03-22T20:20:27,0.295
3,90-114,1774182328,2026-03-22T20:25:28,0.305
3,90-114,1774182635,2026-03-22T20:30:35,0.305
3,90-114,1774182928,2026-03-22T20:35:28,0.305
3,90-114,1774183226,2026-03-22T20:40:26,0.305
3,90-114,1774183528,2026-03-22T20:45:28,0.305
3,90-114,1774183827,2026-03-22T20:50:27,0.305
3,90-114,1774184126,2026-03-22T20:55:26,0.305
3,90-114,1774184727,2026-03-22T21:05:27,0.3
3,90-114,1774185028,2026-03-22T21:10:28,0.3
3,90-114,1774185328,2026-03-22T21:15:28,0.3
3,90-114,1774185627,2026-03-22T21:20:27,0.3
3,90-114,1774185928,2026-03-22T21:25:28,0.3
3,90-114,1774186248,2026-03-22T21:30:48,0.3
3,90-114,1774186528,2026-03-22T21:35:28,0.3
3,90-114,1774186828,2026-03-22T21:40:28,0.3
3,90-114,1774187128,2026-03-22T21:45:28,0.3
3,90-114,1774187426,2026-03-22T21:50:26,0.3
3,90-114,1774187743,2026-03-22T21:55:43,0.3
3,90-114,1774188328,2026-03-22T22:05:28,0.3
3,90-114,1774188629,2026-03-22T22:10:29,0.3
3,90-114,1774188928,2026-03-22T22:15:28,0.3
3,90-114,1774189232,2026-03-22T22:20:32,0.3
3,90-114,1774189528,2026-03-22T22:25:28,0.3
3,90-114,1774189836,2026-03-22T22:30:36,0.3
3,90-114,1774190106,2026-03-22T22:35:06,0.3
3,90-114,1774190148,2026-03-22T22:35:48,0.3
3,90-114,1774190446,2026-03-22T22:40:46,0.3
3,90-114,1774190728,2026-03-22T22:45:28,0.3
3,90-114,1774191029,2026-03-22T22:50:29,0.3
3,90-114,1774191327,2026-03-22T22:55:27,0.295
3,90-114,1774191930,2026-03-22T23:05:30,0.295
3,90-114,1774192227,2026-03-22T23:10:27,0.295
3,90-114,1774192528,2026-03-22T23:15:28,0.295
3,90-114,1774192828,2026-03-22T23:20:28,0.295
3,90-114,1774193127,2026-03-22T23:25:27,0.295
3,90-114,1774193436,2026-03-22T23:30:36,0.295
3,90-114,1774193727,2026-03-22T23:35:27,0.295
3,90-114,1774194028,2026-03-22T23:40:28,0.295
3,90-114,1774194341,2026-03-22T23:45:41,0.295
3,90-114,1774194640,2026-03-22T23:50:40,0.295
3,90-114,1774194929,2026-03-22T23:55:29,0.295
3,90-114,1774195529,2026-03-23T00:05:29,0.305
3,90-114,1774195830,2026-03-23T00:10:30,0.305
3,90-114,1774196131,2026-03-23T00:15:31,0.305
3,90-114,1774196428,2026-03-23T00:20:28,0.305
3,90-114,1774196728,2026-03-23T00:25:28,0.305
3,90-114,1774197033,2026-03-23T00:30:33,0.305
3,90-114,1774197329,2026-03-23T00:35:29,0.305
3,90-114,1774197641,2026-03-23T00:40:41,0.305
3,90-114,1774197928,2026-03-23T00:45:28,0.305
3,90-114,1774198229,2026-03-23T00:50:29,0.305
3,90-114,1774198527,2026-03-23T00:55:27,0.305
3,90-114,1774199129,2026-03-23T01:05:29,0.305
3,90-114,1774199428,2026-03-23T01:10:28,0.305
3,90-114,1774199729,2026-03-23T01:15:29,0.305
3,90-114,1774200029,2026-03-23T01:20:29,0.305
3,90-114,1774200330,2026-03-23T01:25:30,0.305
3,90-114,1774200929,2026-03-23T01:35:29,0.305
3,90-114,1774201228,2026-03-23T01:40:28,0.305
3,90-114,1774201528,2026-03-23T01:45:28,0.305
3,90-114,1774201828,2026-03-23T01:50:28,0.305
3,90-114,1774202131,2026-03-23T01:55:31,0.305
3,90-114,1774202728,2026-03-23T02:05:28,0.305
3,90-114,1774203029,2026-03-23T02:10:29,0.305
3,90-114,1774203327,2026-03-23T02:15:27,0.305
3,90-114,1774203631,2026-03-23T02:20:31,0.305
3,90-114,1774203939,2026-03-23T02:25:39,0.305
3,90-114,1774204238,2026-03-23T02:30:38,0.305
3,90-114,1774204528,2026-03-23T02:35:28,0.305
3,90-114,1774204828,2026-03-23T02:40:28,0.305
3,90-114,1774205130,2026-03-23T02:45:30,0.305
3,90-114,1774205431,2026-03-23T02:50:31,0.305
3,90-114,1774205731,2026-03-23T02:55:31,0.305
3,90-114,1774206329,2026-03-23T03:05:29,0.305
3,90-114,1774206643,2026-03-23T03:10:43,0.305
3,90-114,1774206931,2026-03-23T03:15:31,0.305
3,90-114,1774207231,2026-03-23T03:20:31,0.305
3,90-114,1774207530,2026-03-23T03:25:30,0.305
3,90-114,1774207840,2026-03-23T03:30:40,0.305
3,90-114,1774208132,2026-03-23T03:35:32,0.305
3,90-114,1774208433,2026-03-23T03:40:33,0.305
3,90-114,1774208732,2026-03-23T03:45:32,0.305
3,90-114,1774209031,2026-03-23T03:50:31,0.305
3,90-114,1774209328,2026-03-23T03:55:28,0.305
3,90-114,1774209931,2026-03-23T04:05:31,0.305
3,90-114,1774210241,2026-03-23T04:10:41,0.305
3,90-114,1774210530,2026-03-23T04:15:30,0.305
3,90-114,1774210833,2026-03-23T04:20:33,0.305
3,90-114,1774211131,2026-03-23T04:25:31,0.305
3,90-114,1774211438,2026-03-23T04:30:38,0.305
3,90-114,1774211728,2026-03-23T04:35:28,0.305
3,90-114,1774212031,2026-03-23T04:40:31,0.305
3,90-114,1774212340,2026-03-23T04:45:40,0.305
3,90-114,1774212633,2026-03-23T04:50:33,0.305
3,90-114,1774212930,2026-03-23T04:55:30,0.305
3,90-114,1774213530,2026-03-23T05:05:30,0.31
3,90-114,1774213829,2026-03-23T05:10:29,0.31
3,90-114,1774214133,2026-03-23T05:15:33,0.31
3,90-114,1774214433,2026-03-23T05:20:33,0.31
3,90-114,1774214731,2026-03-23T05:25:31,0.31
3,90-114,1774215037,2026-03-23T05:30:37,0.31
3,90-114,1774215329,2026-03-23T05:35:29,0.31
3,90-114,1774215627,2026-03-23T05:40:27,0.31
3,90-114,1774215933,2026-03-23T05:45:33,0.305
3,90-114,1774216231,2026-03-23T05:50:31,0.31
3,90-114,1774216530,2026-03-23T05:55:30,0.305
3,90-114,1774217130,2026-03-23T06:05:30,0.305
3,90-114,1774217434,2026-03-23T06:10:34,0.305
3,90-114,1774217729,2026-03-23T06:15:29,0.31
3,90-114,1774218032,2026-03-23T06:20:32,0.305
3,90-114,1774218330,2026-03-23T06:25:30,0.305
3,90-114,1774218636,2026-03-23T06:30:36,0.305
3,90-114,1774218933,2026-03-23T06:35:33,0.305
3,90-114,1774219243,2026-03-23T06:40:43,0.305
3,90-114,1774219530,2026-03-23T06:45:30,0.305
3,90-114,1774219829,2026-03-23T06:50:29,0.305
3,90-114,1774220132,2026-03-23T06:55:32,0.305
3,90-114,1774220730,2026-03-23T07:05:30,0.31
3,90-114,1774221031,2026-03-23T07:10:31,0.31
3,90-114,1774221332,2026-03-23T07:15:32,0.31
3,90-114,1774221632,2026-03-23T07:20:32,0.31
3,90-114,1774221930,2026-03-23T07:25:30,0.31
3,90-114,1774222236,2026-03-23T07:30:36,0.31
3,90-114,1774222543,2026-03-23T07:35:43,0.31
3,90-114,1774222830,2026-03-23T07:40:30,0.31
3,90-114,1774223143,2026-03-23T07:45:43,0.31
3,90-114,1774223430,2026-03-23T07:50:30,0.31
3,90-114,1774223729,2026-03-23T07:55:29,0.31
3,90-114,1774224332,2026-03-23T08:05:32,0.31
3,90-114,1774224632,2026-03-23T08:10:32,0.31
3,90-114,1774224932,2026-03-23T08:15:32,0.31
3,90-114,1774225232,2026-03-23T08:20:32,0.31
3,90-114,1774225530,2026-03-23T08:25:30,0.31
3,90-114,1774225834,2026-03-23T08:30:34,0.31
3,90-114,1774226131,2026-03-23T08:35:31,0.31
3,90-114,1774226433,2026-03-23T08:40:33,0.31
3,90-114,1774226729,2026-03-23T08:45:29,0.31
3,90-114,1774227031,2026-03-23T08:50:31,0.305
3,90-114,1774227330,2026-03-23T08:55:30,0.305
3,90-114,1774227929,2026-03-23T09:05:29,0.305
3,90-114,1774228230,2026-03-23T09:10:30,0.305
3,90-114,1774228534,2026-03-23T09:15:34,0.305
3,90-114,1774228827,2026-03-23T09:20:27,0.305
3,90-114,1774229133,2026-03-23T09:25:33,0.305
3,90-114,1774229435,2026-03-23T09:30:35,0.305
3,90-114,1774229744,2026-03-23T09:35:44,0.305
3,90-114,1774230029,2026-03-23T09:40:29,0.305
3,90-114,1774230330,2026-03-23T09:45:30,0.305
3,90-114,1774230632,2026-03-23T09:50:32,0.305
3,90-114,1774230927,2026-03-23T09:55:27,0.305
3,90-114,1774231533,2026-03-23T10:05:33,0.305
3,90-114,1774231832,2026-03-23T10:10:32,0.305
3,90-114,1774232131,2026-03-23T10:15:31,0.305
3,90-114,1774232431,2026-03-23T10:20:31,0.305
3,90-114,1774232733,2026-03-23T10:25:33,0.305
3,90-114,1774233039,2026-03-23T10:30:39,0.305
3,90-114,1774233330,2026-03-23T10:35:30,0.305
3,90-114,1774233629,2026-03-23T10:40:29,0.305
3,90-114,1774233942,2026-03-23T10:45:42,0.305
3,90-114,1774234230,2026-03-23T10:50:30,0.305
3,90-114,1774234535,2026-03-23T10:55:35,0.305
3,90-114,1774235130,2026-03-23T11:05:30,0.305
3,90-114,1774235431,2026-03-23T11:10:31,0.305
3,90-114,1774235731,2026-03-23T11:15:31,0.305
3,90-114,1774236040,2026-03-23T11:20:40,0.305
3,90-114,1774236329,2026-03-23T11:25:29,0.305
3,90-114,1774236636,2026-03-23T11:30:36,0.305
3,90-114,1774236931,2026-03-23T11:35:31,0.305
3,90-114,1774237243,2026-03-23T11:40:43,0.305
3,90-114,1774237542,2026-03-23T11:45:42,0.305
3,90-114,1774237829,2026-03-23T11:50:29,0.305
3,90-114,1774238128,2026-03-23T11:55:28,0.305
3,90-114,1774238744,2026-03-23T12:05:44,0.305
3,90-114,1774239029,2026-03-23T12:10:29,0.305
3,90-114,1774239340,2026-03-23T12:15:40,0.305
3,90-114,1774239628,2026-03-23T12:20:28,0.305
3,90-114,1774239933,2026-03-23T12:25:33,0.305
3,90-114,1774240235,2026-03-23T12:30:35,0.305
3,90-114,1774240530,2026-03-23T12:35:30,0.305
3,90-114,1774240830,2026-03-23T12:40:30,0.305
3,90-114,1774241130,2026-03-23T12:45:30,0.305
3,90-114,1774241435,2026-03-23T12:50:35,0.305
3,90-114,1774241731,2026-03-23T12:55:31,0.305
3,90-114,1774242328,2026-03-23T13:05:28,0.305
3,90-114,1774242629,2026-03-23T13:10:29,0.305
3,90-114,1774242929,2026-03-23T13:15:29,0.305
3,90-114,1774243229,2026-03-23T13:20:29,0.305
3,90-114,1774243538,2026-03-23T13:25:38,0.305
3,90-114,1774243834,2026-03-23T13:30:34,0.305
3,90-114,1774244130,2026-03-23T13:35:30,0.305
3,90-114,1774244441,2026-03-23T13:40:41,0.305
3,90-114,1774244728,2026-03-23T13:45:28,0.305
3,90-114,1774245037,2026-03-23T13:50:37,0.305
3,90-114,1774245329,2026-03-23T13:55:29,0.305
3,90-114,1774245927,2026-03-23T14:05:27,0.305
3,90-114,1774246230,2026-03-23T14:10:30,0.305
3,90-114,1774246531,2026-03-23T14:15:31,0.305
3,90-114,1774246830,2026-03-23T14:20:30,0.305
3,90-114,1774247128,2026-03-23T14:25:28,0.305
3,90-114,1774247443,2026-03-23T14:30:43,0.305
3,90-114,1774247740,2026-03-23T14:35:40,0.305
3,90-114,1774248032,2026-03-23T14:40:32,0.305
3,90-114,1774248344,2026-03-23T14:45:44,0.3
3,90-114,1774248632,2026-03-23T14:50:32,0.295
3,90-114,1774248934,2026-03-23T14:55:34,0.295
3,90-114,1774249531,2026-03-23T15:05:31,0.295
3,90-114,1774249831,2026-03-23T15:10:31,0.295
3,90-114,1774250129,2026-03-23T15:15:29,0.295
3,90-114,1774250434,2026-03-23T15:20:34,0.295
3,90-114,1774250731,2026-03-23T15:25:31,0.295
3,90-114,1774251037,2026-03-23T15:30:37,0.295
3,90-114,1774251331,2026-03-23T15:35:31,0.295
3,90-114,1774251632,2026-03-23T15:40:32,0.295
3,90-114,1774251930,2026-03-23T15:45:30,0.295
3,90-114,1774252230,2026-03-23T15:50:30,0.295
3,90-114,1774252531,2026-03-23T15:55:31,0.295
3,90-114,1774253130,2026-03-23T16:05:30,0.295
3,90-114,1774253430,2026-03-23T16:10:30,0.295
3,90-114,1774253732,2026-03-23T16:15:32,0.295
3,90-114,1774254039,2026-03-23T16:20:39,0.295
3,90-114,1774254328,2026-03-23T16:25:28,0.295
3,90-114,1774254635,2026-03-23T16:30:35,0.295
3,90-114,1774254928,2026-03-23T16:35:28,0.295
3,90-114,1774255232,2026-03-23T16:40:32,0.295
3,90-114,1774255529,2026-03-23T16:45:29,0.295
3,90-114,1774255829,2026-03-23T16:50:29,0.295
3,90-114,1774256131,2026-03-23T16:55:31,0.295
3,90-114,1774256754,2026-03-23T17:05:54,0.295
3,90-114,1774257042,2026-03-23T17:10:42,0.295
3,90-114,1774257327,2026-03-23T17:15:27,0.295
3,90-114,1774257631,2026-03-23T17:20:31,0.295
3,90-114,1774257941,2026-03-23T17:25:41,0.3
3,90-114,1774258234,2026-03-23T17:30:34,0.305
3,90-114,1774258529,2026-03-23T17:35:29,0.305
3,90-114,1774258826,2026-03-23T17:40:26,0.305
3,90-114,1774259129,2026-03-23T17:45:29,0.305
3,90-114,1774259441,2026-03-23T17:50:41,0.305
3,90-114,1774259726,2026-03-23T17:55:26,0.305
3,90-114,1774260329,2026-03-23T18:05:29,0.305
3,90-114,1774260627,2026-03-23T18:10:27,0.305
3,90-114,1774260926,2026-03-23T18:15:26,0.305
3,90-114,1774261227,2026-03-23T18:20:27,0.305
3,90-114,1774261531,2026-03-23T18:25:31,0.305
3,90-114,1774261832,2026-03-23T18:30:32,0.305
3,90-114,1774262127,2026-03-23T18:35:27,0.305
3,90-114,1774262429,2026-03-23T18:40:29,0.305
3,90-114,1774262733,2026-03-23T18:45:33,0.305
3,90-114,1774263031,2026-03-23T18:50:31,0.31
3,90-114,1774263330,2026-03-23T18:55:30,0.31
3,90-114,1774263940,2026-03-23T19:05:40,0.31
3,90-114,1774264231,2026-03-23T19:10:31,0.31
3,90-114,1774264545,2026-03-23T19:15:45,0.31
3,90-114,1774264828,2026-03-23T19:20:28,0.31
3,90-114,1774265129,2026-03-23T19:25:29,0.31
3,90-114,1774265447,2026-03-23T19:30:47,0.31
3,90-114,1774265729,2026-03-23T19:35:29,0.31
3,90-114,1774266038,2026-03-23T19:40:38,0.31
3,90-114,1774266327,2026-03-23T19:45:27,0.31
3,90-114,1774266626,2026-03-23T19:50:26,0.31
3,90-114,1774266926,2026-03-23T19:55:26,0.305
3,90-114,1774267539,2026-03-23T20:05:39,0.305
3,90-114,1774267830,2026-03-23T20:10:30,0.305
3,90-114,1774268129,2026-03-23T20:15:29,0.31
3,90-114,1774268434,2026-03-23T20:20:34,0.31
3,90-114,1774268732,2026-03-23T20:25:32,0.31
3,90-114,1774269039,2026-03-23T20:30:39,0.31
3,90-114,1774269334,2026-03-23T20:35:34,0.31
3,90-114,1774269633,2026-03-23T20:40:33,0.31
3,90-114,1774269930,2026-03-23T20:45:30,0.31
3,90-114,1774270248,2026-03-23T20:50:48,0.31
3,90-114,1774270530,2026-03-23T20:55:30,0.31
3,90-114,1774271141,2026-03-23T21:05:41,0.31
3,90-114,1774271444,2026-03-23T21:10:44,0.32
3,90-114,1774271732,2026-03-23T21:15:32,0.32
3,90-114,1774272044,2026-03-23T21:20:44,0.32
3,90-114,1774272330,2026-03-23T21:25:30,0.32
3,90-114,1774272636,2026-03-23T21:30:36,0.325
3,90-114,1774272929,2026-03-23T21:35:29,0.315
3,90-114,1774273231,2026-03-23T21:40:31,0.315
3,90-114,1774273531,2026-03-23T21:45:31,0.315
3,90-114,1774273849,2026-03-23T21:50:49,0.315
3,90-114,1774274133,2026-03-23T21:55:33,0.315
3,90-114,1774274737,2026-03-23T22:05:37,0.325
3,90-114,1774275036,2026-03-23T22:10:36,0.325
3,90-114,1774275336,2026-03-23T22:15:36,0.325
3,90-114,1774275627,2026-03-23T22:20:27,0.32
3,90-114,1774275940,2026-03-23T22:25:40,0.325
3,90-114,1774276231,2026-03-23T22:30:31,0.325
3,90-114,1774276527,2026-03-23T22:35:27,0.325
3,90-114,1774276828,2026-03-23T22:40:28,0.34
3,90-114,1774277126,2026-03-23T22:45:26,0.325
3,90-114,1774277427,2026-03-23T22:50:27,0.33
3,90-114,1774277738,2026-03-23T22:55:38,0.325
3,90-114,1774278328,2026-03-23T23:05:28,0.33
3,90-114,1774278626,2026-03-23T23:10:26,0.325
3,90-114,1774278926,2026-03-23T23:15:26,0.325
3,90-114,1774279227,2026-03-23T23:20:27,0.325
3,90-114,1774279526,2026-03-23T23:25:26,0.325
3,90-114,1774279841,2026-03-23T23:30:41,0.335
3,90-114,1774280127,2026-03-23T23:35:27,0.325
3,90-114,1774280426,2026-03-23T23:40:26,0.325
3,90-114,1774280727,2026-03-23T23:45:27,0.33
3,90-114,1774281026,2026-03-23T23:50:26,0.33
3,90-114,1774281328,2026-03-23T23:55:28,0.32
3,90-114,1774281927,2026-03-24T00:05:27,0.32
3,90-114,1774282228,2026-03-24T00:10:28,0.32
3,90-114,1774282527,2026-03-24T00:15:27,0.32
3,90-114,1774282827,2026-03-24T00:20:27,0.32
3,90-114,1774283130,2026-03-24T00:25:30,0.32
3,90-114,1774283443,2026-03-24T00:30:43,0.32
3,90-114,1774283727,2026-03-24T00:35:27,0.305
3,90-114,1774284027,2026-03-24T00:40:27,0.305
3,90-114,1774284328,2026-03-24T00:45:28,0.305
3,90-114,1774284639,2026-03-24T00:50:39,0.305
3,90-114,1774284928,2026-03-24T00:55:28,0.305
3,90-114,1774285529,2026-03-24T01:05:29,0.305
3,90-114,1774285828,2026-03-24T01:10:28,0.295
3,90-114,1774286130,2026-03-24T01:15:30,0.295
3,90-114,1774286428,2026-03-24T01:20:28,0.295
3,90-114,1774286742,2026-03-24T01:25:42,0.295
3,90-114,1774287033,2026-03-24T01:30:33,0.295
3,90-114,1774287327,2026-03-24T01:35:27,0.3
3,90-114,1774287654,2026-03-24T01:40:54,0.3
3,90-114,1774287928,2026-03-24T01:45:28,0.3
3,90-114,1774288227,2026-03-24T01:50:27,0.295
3,90-114,1774288528,2026-03-24T01:55:28,0.285
3,90-114,1774289127,2026-03-24T02:05:27,0.285
3,90-114,1774289430,2026-03-24T02:10:30,0.285
3,90-114,1774289729,2026-03-24T02:15:29,0.275
3,90-114,1774290040,2026-03-24T02:20:40,0.265
3,90-114,1774290328,2026-03-24T02:25:28,0.265
3,90-114,1774290636,2026-03-24T02:30:36,0.265
3,90-114,1774290931,2026-03-24T02:35:31,0.265
3,90-114,1774291243,2026-03-24T02:40:43,0.265
3,90-114,1774291529,2026-03-24T02:45:29,0.265
3,90-114,1774291829,2026-03-24T02:50:29,0.265
3,90-114,1774292130,2026-03-24T02:55:30,0.255
3,90-114,1774292732,2026-03-24T03:05:32,0.31
3,90-114,1774293029,2026-03-24T03:10:29,0.315
3,90-114,1774293331,2026-03-24T03:15:31,0.32
3,90-114,1774293634,2026-03-24T03:20:34,0.315
3,90-114,1774293930,2026-03-24T03:25:30,0.315
3,90-114,1774294236,2026-03-24T03:30:36,0.32
3,90-114,1774294533,2026-03-24T03:35:33,0.315
3,90-114,1774294829,2026-03-24T03:40:29,0.305
3,90-114,1774295132,2026-03-24T03:45:32,0.305
3,90-114,1774295434,2026-03-24T03:50:34,0.32
3,90-114,1774295732,2026-03-24T03:55:32,0.33
3,90-114,1774296332,2026-03-24T04:05:32,0.32
3,90-114,1774296632,2026-03-24T04:10:32,0.32
3,90-114,1774296928,2026-03-24T04:15:28,0.32
3,90-114,1774297235,2026-03-24T04:20:35,0.315
3,90-114,1774297533,2026-03-24T04:25:33,0.315
3,90-114,1774297837,2026-03-24T04:30:37,0.315
3,90-114,1774298130,2026-03-24T04:35:30,0.315
3,90-114,1774298430,2026-03-24T04:40:30,0.315
3,90-114,1774298729,2026-03-24T04:45:29,0.315
3,90-114,1774299033,2026-03-24T04:50:33,0.315
3,90-114,1774299330,2026-03-24T04:55:30,0.315
3,90-114,1774299928,2026-03-24T05:05:28,0.315
3,90-114,1774300231,2026-03-24T05:10:31,0.315
3,90-114,1774300544,2026-03-24T05:15:44,0.315
3,90-114,1774300828,2026-03-24T05:20:28,0.305
3,90-114,1774301127,2026-03-24T05:25:27,0.305
3,90-114,1774301439,2026-03-24T05:30:39,0.305
3,90-114,1774301730,2026-03-24T05:35:30,0.305
3,90-114,1774302031,2026-03-24T05:40:31,0.305
3,90-114,1774302330,2026-03-24T05:45:30,0.305
3,90-114,1774302628,2026-03-24T05:50:28,0.31
3,90-114,1774302928,2026-03-24T05:55:28,0.305
3,90-114,1774303543,2026-03-24T06:05:43,0.31
3,90-114,1774303830,2026-03-24T06:10:30,0.305
3,90-114,1774304133,2026-03-24T06:15:33,0.305
3,90-114,1774304428,2026-03-24T06:20:28,0.305
3,90-114,1774304729,2026-03-24T06:25:29,0.305
3,90-114,1774305039,2026-03-24T06:30:39,0.305
3,90-114,1774305330,2026-03-24T06:35:30,0.285
3,90-114,1774305630,2026-03-24T06:40:30,0.285
3,90-114,1774305931,2026-03-24T06:45:31,0.285
3,90-114,1774306242,2026-03-24T06:50:42,0.285
3,90-114,1774306531,2026-03-24T06:55:31,0.285
3,90-114,1774307132,2026-03-24T07:05:32,0.275
3,90-114,1774307436,2026-03-24T07:10:36,0.275
3,90-114,1774307729,2026-03-24T07:15:29,0.275
3,90-114,1774308033,2026-03-24T07:20:33,0.275
3,90-114,1774308334,2026-03-24T07:25:34,0.275
3,90-114,1774308640,2026-03-24T07:30:40,0.275
3,90-114,1774308931,2026-03-24T07:35:31,0.27
3,90-114,1774309230,2026-03-24T07:40:30,0.27
3,90-114,1774309532,2026-03-24T07:45:32,0.27
3,90-114,1774309834,2026-03-24T07:50:34,0.27
3,90-114,1774310146,2026-03-24T07:55:46,0.27
3,90-114,1774310730,2026-03-24T08:05:30,0.265
3,90-114,1774311028,2026-03-24T08:10:28,0.26
3,90-114,1774311329,2026-03-24T08:15:29,0.265
3,90-114,1774311631,2026-03-24T08:20:31,0.26
3,90-114,1774311930,2026-03-24T08:25:30,0.26
3,90-114,1774312229,2026-03-24T08:30:29,0.26
3,90-114,1774312527,2026-03-24T08:35:27,0.26
3,90-114,1774312830,2026-03-24T08:40:30,0.265
3,90-114,1774313127,2026-03-24T08:45:27,0.26
3,90-114,1774313427,2026-03-24T08:50:27,0.255
3,90-114,1774313727,2026-03-24T08:55:27,0.255
3,90-114,1774314327,2026-03-24T09:05:27,0.255
3,90-114,1774314630,2026-03-24T09:10:30,0.255
3,90-114,1774314928,2026-03-24T09:15:28,0.255
3,90-114,1774315227,2026-03-24T09:20:27,0.25
3,90-114,1774315544,2026-03-24T09:25:44,0.25
3,90-114,1774315830,2026-03-24T09:30:30,0.25
3,90-114,1774316128,2026-03-24T09:35:28,0.25
3,90-114,1774316427,2026-03-24T09:40:27,0.235
3,90-114,1774316733,2026-03-24T09:45:33,0.235
3,90-114,1774317030,2026-03-24T09:50:30,0.235
3,90-114,1774317328,2026-03-24T09:55:28,0.235
3,90-114,1774317927,2026-03-24T10:05:27,0.235
3,90-114,1774318230,2026-03-24T10:10:30,0.23
3,90-114,1774318528,2026-03-24T10:15:28,0.23
3,90-114,1774318828,2026-03-24T10:20:28,0.23
3,90-114,1774319133,2026-03-24T10:25:33,0.23
3,90-114,1774319429,2026-03-24T10:30:29,0.23
3,90-114,1774319728,2026-03-24T10:35:28,0.225
3,90-114,1774320029,2026-03-24T10:40:29,0.22
3,90-114,1774320329,2026-03-24T10:45:29,0.215
3,90-114,1774320628,2026-03-24T10:50:28,0.22
3,90-114,1774320927,2026-03-24T10:55:27,0.22
3,90-114,1774321537,2026-03-24T11:05:37,0.22
3,90-114,1774321831,2026-03-24T11:10:31,0.215
3,90-114,1774322132,2026-03-24T11:15:32,0.215
3,90-114,1774322432,2026-03-24T11:20:32,0.215
3,90-114,1774322728,2026-03-24T11:25:28,0.225
3,90-114,1774323030,2026-03-24T11:30:30,0.225
3,90-114,1774323332,2026-03-24T11:35:32,0.225
3,90-114,1774323630,2026-03-24T11:40:30,0.215
3,90-114,1774323928,2026-03-24T11:45:28,0.215
3,90-114,1774324241,2026-03-24T11:50:41,0.215
3,90-114,1774324528,2026-03-24T11:55:28,0.215
3,90-114,1774325128,2026-03-24T12:05:28,0.215
3,90-114,1774325428,2026-03-24T12:10:28,0.215
3,90-114,1774325728,2026-03-24T12:15:28,0.215
3,90-114,1774326031,2026-03-24T12:20:31,0.215
3,90-114,1774326339,2026-03-24T12:25:39,0.215
3,90-114,1774326631,2026-03-24T12:30:31,0.22
3,90-114,1774326930,2026-03-24T12:35:30,0.23
3,90-114,1774327228,2026-03-24T12:40:28,0.23
3,90-114,1774327528,2026-03-24T12:45:28,0.235
3,90-114,1774327835,2026-03-24T12:50:35,0.235
3,90-114,1774328129,2026-03-24T12:55:29,0.23
3,90-114,1774328728,2026-03-24T13:05:28,0.225
3,90-114,1774329028,2026-03-24T13:10:28,0.225
3,90-114,1774329329,2026-03-24T13:15:29,0.225
3,90-114,1774329642,2026-03-24T13:20:42,0.225
3,90-114,1774329929,2026-03-24T13:25:29,0.23
3,90-114,1774330233,2026-03-24T13:30:33,0.23
3,90-114,1774330541,2026-03-24T13:35:41,0.23
3,90-114,1774330831,2026-03-24T13:40:31,0.23
3,90-114,1774331132,2026-03-24T13:45:32,0.23
3,90-114,1774331431,2026-03-24T13:50:31,0.23
3,90-114,1774331732,2026-03-24T13:55:32,0.25
3,90-114,1774332329,2026-03-24T14:05:29,0.245
3,90-114,1774332629,2026-03-24T14:10:29,0.245
3,90-114,1774332929,2026-03-24T14:15:29,0.245
3,90-114,1774333233,2026-03-24T14:20:33,0.245
3,90-114,1774333529,2026-03-24T14:25:29,0.245
3,90-114,1774333833,2026-03-24T14:30:33,0.245
3,90-114,1774334153,2026-03-24T14:35:53,0.245
3,90-114,1774334428,2026-03-24T14:40:28,0.245
3,90-114,1774334732,2026-03-24T14:45:32,0.245
3,90-114,1774335031,2026-03-24T14:50:31,0.245
3,90-114,1774335333,2026-03-24T14:55:33,0.235
3,90-114,1774335930,2026-03-24T15:05:30,0.23
3,90-114,1774336228,2026-03-24T15:10:28,0.215
3,90-114,1774336545,2026-03-24T15:15:45,0.215
3,90-114,1774336831,2026-03-24T15:20:31,0.215
3,90-114,1774337129,2026-03-24T15:25:29,0.215
3,90-114,1774337431,2026-03-24T15:30:31,0.215
3,90-114,1774337728,2026-03-24T15:35:28,0.215
3,90-114,1774338052,2026-03-24T15:40:52,0.215
3,90-114,1774338331,2026-03-24T15:45:31,0.215
3,90-114,1774338628,2026-03-24T15:50:28,0.215
3,90-114,1774338931,2026-03-24T15:55:31,0.215
3,90-114,1774339532,2026-03-24T16:05:32,0.215
3,90-114,1774339830,2026-03-24T16:10:30,0.215
3,90-114,1774340131,2026-03-24T16:15:31,0.215
3,90-114,1774340430,2026-03-24T16:20:30,0.22
3,90-114,1774340741,2026-03-24T16:25:41,0.22
3,90-114,1774341034,2026-03-24T16:30:34,0.215
3,90-114,1774341328,2026-03-24T16:35:28,0.22
3,90-114,1774341640,2026-03-24T16:40:40,0.22
3,90-114,1774341932,2026-03-24T16:45:32,0.22
3,90-114,1774342231,2026-03-24T16:50:31,0.215
3,90-114,1774342530,2026-03-24T16:55:30,0.215
3,90-114,1774343128,2026-03-24T17:05:28,0.215
3,90-114,1774343430,2026-03-24T17:10:30,0.215
3,90-114,1774343728,2026-03-24T17:15:28,0.215
3,90-114,1774344032,2026-03-24T17:20:32,0.215
3,90-114,1774344330,2026-03-24T17:25:30,0.215
3,90-114,1774344631,2026-03-24T17:30:31,0.215
3,90-114,1774344927,2026-03-24T17:35:27,0.215
3,90-114,1774345242,2026-03-24T17:40:42,0.215
3,90-114,1774345531,2026-03-24T17:45:31,0.215
3,90-114,1774345833,2026-03-24T17:50:33,0.21
3,90-114,1774346141,2026-03-24T17:55:41,0.21
3,90-114,1774346729,2026-03-24T18:05:29,0.21
3,90-114,1774347040,2026-03-24T18:10:40,0.21
3,90-114,1774347332,2026-03-24T18:15:32,0.195
3,90-114,1774347646,2026-03-24T18:20:46,0.195
3,90-114,1774347932,2026-03-24T18:25:32,0.185
3,90-114,1774348231,2026-03-24T18:30:31,0.18
3,90-114,1774348534,2026-03-24T18:35:34,0.175
3,90-114,1774348847,2026-03-24T18:40:47,0.175
3,90-114,1774349132,2026-03-24T18:45:32,0.175
3,90-114,1774349431,2026-03-24T18:50:31,0.175
3,90-114,1774349729,2026-03-24T18:55:29,0.175
3,90-114,1774350328,2026-03-24T19:05:28,0.175
3,90-114,1774350630,2026-03-24T19:10:30,0.17
3,90-114,1774350932,2026-03-24T19:15:32,0.17
3,90-114,1774351228,2026-03-24T19:20:28,0.17
3,90-114,1774351540,2026-03-24T19:25:40,0.17
3,90-114,1774351833,2026-03-24T19:30:33,0.17
3,90-114,1774352133,2026-03-24T19:35:33,0.165
3,90-114,1774352429,2026-03-24T19:40:29,0.175
3,90-114,1774352733,2026-03-24T19:45:33,0.195
3,90-114,1774353029,2026-03-24T19:50:29,0.2
3,90-114,1774353330,2026-03-24T19:55:30,0.2
3,90-114,1774353932,2026-03-24T20:05:32,0.205
3,90-114,1774354221,2026-03-24T20:10:21,0.185
3,90-114,1774354257,2026-03-24T20:10:57,0.185
3,90-114,1774354530,2026-03-24T20:15:30,0.17
3,90-114,1774354832,2026-03-24T20:20:32,0.185
3,90-114,1774355131,2026-03-24T20:25:31,0.18
3,90-114,1774355434,2026-03-24T20:30:34,0.18
3,90-114,1774355730,2026-03-24T20:35:30,0.18
3,90-114,1774356031,2026-03-24T20:40:31,0.18
3,90-114,1774356334,2026-03-24T20:45:34,0.18
3,90-114,1774356630,2026-03-24T20:50:30,0.18
3,90-114,1774356942,2026-03-24T20:55:42,0.18
3,90-114,1774357530,2026-03-24T21:05:30,0.205
3,90-114,1774357831,2026-03-24T21:10:31,0.2
3,90-114,1774358134,2026-03-24T21:15:34,0.205
3,90-114,1774358430,2026-03-24T21:20:30,0.195
3,90-114,1774358733,2026-03-24T21:25:33,0.2
3,90-114,1774359034,2026-03-24T21:30:34,0.2
3,90-114,1774359330,2026-03-24T21:35:30,0.195
3,90-114,1774359634,2026-03-24T21:40:34,0.19
3,90-114,1774359934,2026-03-24T21:45:34,0.185
3,90-114,1774360247,2026-03-24T21:50:47,0.17
3,90-114,1774360531,2026-03-24T21:55:31,0.165
3,90-114,1774361131,2026-03-24T22:05:31,0.165
3,90-114,1774361447,2026-03-24T22:10:47,0.165
3,90-114,1774361734,2026-03-24T22:15:34,0.15
3,90-114,1774362031,2026-03-24T22:20:31,0.15
3,90-114,1774362345,2026-03-24T22:25:45,0.15
3,90-114,1774362641,2026-03-24T22:30:41,0.155
3,90-114,1774363235,2026-03-24T22:40:35,0.15
3,90-114,1774363531,2026-03-24T22:45:31,0.145
3,90-114,1774363836,2026-03-24T22:50:36,0.15
3,90-114,1774364134,2026-03-24T22:55:34,0.14
3,90-114,1774364744,2026-03-24T23:05:44,0.11
3,90-114,1774365033,2026-03-24T23:10:33,0.12
3,90-114,1774365336,2026-03-24T23:15:36,0.115
3,90-114,1774365635,2026-03-24T23:20:35,0.11
3,90-114,1774365932,2026-03-24T23:25:32,0.115
3,90-114,1774366240,2026-03-24T23:30:40,0.11
3,90-114,1774366534,2026-03-24T23:35:34,0.11
3,90-114,1774366831,2026-03-24T23:40:31,0.11
3,90-114,1774367137,2026-03-24T23:45:37,0.1
3,90-114,1774367429,2026-03-24T23:50:29,0.1
3,90-114,1774367730,2026-03-24T23:55:30,0.1
3,90-114,1774368331,2026-03-25T00:05:31,0.095
3,90-114,1774368637,2026-03-25T00:10:37,0.1
3,90-114,1774368934,2026-03-25T00:15:34,0.095
3,90-114,1774369234,2026-03-25T00:20:34,0.08
3,90-114,1774369531,2026-03-25T00:25:31,0.08
3,90-114,1774369835,2026-03-25T00:30:35,0.08
3,90-114,1774370156,2026-03-25T00:35:56,0.075
3,90-114,1774370431,2026-03-25T00:40:31,0.075
3,90-114,1774370737,2026-03-25T00:45:37,0.075
3,90-114,1774371031,2026-03-25T00:50:31,0.075
3,90-114,1774371331,2026-03-25T00:55:31,0.075
3,90-114,1774371934,2026-03-25T01:05:34,0.075
3,90-114,1774372236,2026-03-25T01:10:36,0.085
3,90-114,1774372534,2026-03-25T01:15:34,0.09
3,90-114,1774372834,2026-03-25T01:20:34,0.115
3,90-114,1774373132,2026-03-25T01:25:32,0.09
3,90-114,1774373448,2026-03-25T01:30:48,0.09
3,90-114,1774373731,2026-03-25T01:35:31,0.085
3,90-114,1774374033,2026-03-25T01:40:33,0.08
3,90-114,1774374331,2026-03-25T01:45:31,0.075
3,90-114,1774374633,2026-03-25T01:50:33,0.075
3,90-114,1774374932,2026-03-25T01:55:32,0.075
3,90-114,1774375534,2026-03-25T02:05:34,0.09
3,90-114,1774375831,2026-03-25T02:10:31,0.09
3,90-114,1774376132,2026-03-25T02:15:32,0.085
3,90-114,1774376433,2026-03-25T02:20:33,0.09
3,90-114,1774376736,2026-03-25T02:25:36,0.095
3,90-114,1774377036,2026-03-25T02:30:36,0.095
3,90-114,1774377333,2026-03-25T02:35:33,0.095
3,90-114,1774377634,2026-03-25T02:40:34,0.095
3,90-114,1774377935,2026-03-25T02:45:35,0.095
3,90-114,1774378237,2026-03-25T02:50:37,0.085
3,90-114,1774378533,2026-03-25T02:55:33,0.085
3,90-114,1774379137,2026-03-25T03:05:37,0.075
3,90-114,1774379431,2026-03-25T03:10:31,0.075
3,90-114,1774379733,2026-03-25T03:15:33,0.075
3,90-114,1774380035,2026-03-25T03:20:35,0.075
3,90-114,1774380331,2026-03-25T03:25:31,0.075
3,90-114,1774380639,2026-03-25T03:30:39,0.075
3,90-114,1774380932,2026-03-25T03:35:32,0.08
3,90-114,1774381233,2026-03-25T03:40:33,0.08
3,90-114,1774381539,2026-03-25T03:45:39,0.08
3,90-114,1774381831,2026-03-25T03:50:31,0.075
3,90-114,1774382133,2026-03-25T03:55:33,0.075
3,90-114,1774382734,2026-03-25T04:05:34,0.075
3,90-114,1774383034,2026-03-25T04:10:34,0.065
3,90-114,1774383335,2026-03-25T04:15:35,0.065
3,90-114,1774383634,2026-03-25T04:20:34,0.065
3,90-114,1774383935,2026-03-25T04:25:35,0.065
3,90-114,1774384238,2026-03-25T04:30:38,0.065
3,90-114,1774384534,2026-03-25T04:35:34,0.06
3,90-114,1774384846,2026-03-25T04:40:46,0.05
3,90-114,1774385133,2026-03-25T04:45:33,0.05
3,90-114,1774385436,2026-03-25T04:50:36,0.05
3,90-114,1774385730,2026-03-25T04:55:30,0.07
3,90-114,1774386330,2026-03-25T05:05:30,0.065
3,90-114,1774386633,2026-03-25T05:10:33,0.06
3,90-114,1774386930,2026-03-25T05:15:30,0.055
3,90-114,1774387232,2026-03-25T05:20:32,0.055
3,90-114,1774387530,2026-03-25T05:25:30,0.055
3,90-114,1774387837,2026-03-25T05:30:37,0.055
3,90-114,1774388133,2026-03-25T05:35:33,0.05
3,90-114,1774388437,2026-03-25T05:40:37,0.055
3,90-114,1774388730,2026-03-25T05:45:30,0.05
3,90-114,1774389334,2026-03-25T05:55:34,0.055
3,90-114,1774389930,2026-03-25T06:05:30,0.05
3,90-114,1774390233,2026-03-25T06:10:33,0.045
3,90-114,1774390533,2026-03-25T06:15:33,0.045
3,90-114,1774390845,2026-03-25T06:20:45,0.04
3,90-114,1774391129,2026-03-25T06:25:29,0.04
3,90-114,1774391439,2026-03-25T06:30:39,0.04
3,90-114,1774391732,2026-03-25T06:35:32,0.04
3,90-114,1774392032,2026-03-25T06:40:32,0.04
3,90-114,1774392332,2026-03-25T06:45:32,0.0435
3,90-114,1774392635,2026-03-25T06:50:35,0.0435
3,90-114,1774392933,2026-03-25T06:55:33,0.042
3,90-114,1774393533,2026-03-25T07:05:33,0.0455
3,90-114,1774393833,2026-03-25T07:10:33,0.0435
3,90-114,1774394135,2026-03-25T07:15:35,0.0355
3,90-114,1774394433,2026-03-25T07:20:33,0.035
3,90-114,1774394732,2026-03-25T07:25:32,0.0305
3,90-114,1774395040,2026-03-25T07:30:40,0.033
3,90-114,1774395333,2026-03-25T07:35:33,0.027
3,90-114,1774395638,2026-03-25T07:40:38,0.029
3,90-114,1774395935,2026-03-25T07:45:35,0.0285
3,90-114,1774396233,2026-03-25T07:50:33,0.0315
3,90-114,1774396544,2026-03-25T07:55:44,0.034
3,90-114,1774397134,2026-03-25T08:05:34,0.044
3,90-114,1774397439,2026-03-25T08:10:39,0.0335
3,90-114,1774397733,2026-03-25T08:15:33,0.0325
3,90-114,1774398034,2026-03-25T08:20:34,0.0295
3,90-114,1774398330,2026-03-25T08:25:30,0.028
3,90-114,1774398636,2026-03-25T08:30:36,0.0305
3,90-114,1774398943,2026-03-25T08:35:43,0.0245
3,90-114,1774399234,2026-03-25T08:40:34,0.024
3,90-114,1774399533,2026-03-25T08:45:33,0.025
3,90-114,1774399836,2026-03-25T08:50:36,0.031
3,90-114,1774400136,2026-03-25T08:55:36,0.0265
3,90-114,1774400734,2026-03-25T09:05:34,0.0255
3,90-114,1774401032,2026-03-25T09:10:32,0.029
3,90-114,1774401333,2026-03-25T09:15:33,0.0255
3,90-114,1774401636,2026-03-25T09:20:36,0.0245
3,90-114,1774401944,2026-03-25T09:25:44,0.0245
3,90-114,1774402234,2026-03-25T09:30:34,0.0235
3,90-114,1774402536,2026-03-25T09:35:36,0.0285
3,90-114,1774402834,2026-03-25T09:40:34,0.0285
3,90-114,1774403134,2026-03-25T09:45:34,0.0315
3,90-114,1774403430,2026-03-25T09:50:30,0.0265
3,90-114,1774403735,2026-03-25T09:55:35,0.0255
3,90-114,1774404345,2026-03-25T10:05:45,0.0245
3,90-114,1774404635,2026-03-25T10:10:35,0.026
3,90-114,1774404933,2026-03-25T10:15:33,0.026
3,90-114,1774405236,2026-03-25T10:20:36,0.0265
3,90-114,1774405536,2026-03-25T10:25:36,0.0245
3,90-114,1774405838,2026-03-25T10:30:38,0.023
3,90-114,1774406135,2026-03-25T10:35:35,0.023
3,90-114,1774406443,2026-03-25T10:40:43,0.023
3,90-114,1774406732,2026-03-25T10:45:32,0.025
3,90-114,1774407032,2026-03-25T10:50:32,0.0245
3,90-114,1774407332,2026-03-25T10:55:32,0.024
3,90-114,1774407935,2026-03-25T11:05:35,0.024
3,90-114,1774408238,2026-03-25T11:10:38,0.0235
3,90-114,1774408535,2026-03-25T11:15:35,0.024
3,90-114,1774408831,2026-03-25T11:20:31,0.0235
3,90-114,1774409134,2026-03-25T11:25:34,0.023
3,90-114,1774409437,2026-03-25T11:30:37,0.023
3,90-114,1774409737,2026-03-25T11:35:37,0.0235
3,90-114,1774410036,2026-03-25T11:40:36,0.0225
3,90-114,1774410332,2026-03-25T11:45:32,0.0215
3,90-114,1774410631,2026-03-25T11:50:31,0.0215
3,90-114,1774410932,2026-03-25T11:55:32,0.022
3,90-114,1774411535,2026-03-25T12:05:35,0.0235
3,90-114,1774411834,2026-03-25T12:10:34,0.0255
3,90-114,1774412134,2026-03-25T12:15:34,0.021
3,90-114,1774412434,2026-03-25T12:20:34,0.0205
3,90-114,1774412732,2026-03-25T12:25:32,0.0205
3,90-114,1774413052,2026-03-25T12:30:52,0.0205
3,90-114,1774413333,2026-03-25T12:35:33,0.0205
3,90-114,1774413634,2026-03-25T12:40:34,0.0205
3,90-114,1774413935,2026-03-25T12:45:35,0.0245
3,90-114,1774414237,2026-03-25T12:50:37,0.027
3,90-114,1774414534,2026-03-25T12:55:34,0.0235
3,90-114,1774415133,2026-03-25T13:05:33,0.033
3,90-114,1774415437,2026-03-25T13:10:37,0.0265
3,90-114,1774415702,2026-03-25T13:15:02,0.0345
3,90-114,1774415743,2026-03-25T13:15:43,0.0405
3,90-114,1774416033,2026-03-25T13:20:33,0.038
3,90-114,1774416334,2026-03-25T13:25:34,0.0375
3,90-114,1774416638,2026-03-25T13:30:38,0.0285
3,90-114,1774416936,2026-03-25T13:35:36,0.0265
3,90-114,1774417233,2026-03-25T13:40:33,0.0265
3,90-114,1774417532,2026-03-25T13:45:32,0.0205
3,90-114,1774417835,2026-03-25T13:50:35,0.0205
3,90-114,1774418133,2026-03-25T13:55:33,0.0225
3,90-114,1774418733,2026-03-25T14:05:33,0.0375
3,90-114,1774419032,2026-03-25T14:10:32,0.0385
3,90-114,1774419332,2026-03-25T14:15:32,0.0355
3,90-114,1774419635,2026-03-25T14:20:35,0.031
3,90-114,1774419947,2026-03-25T14:25:47,0.029
3,90-114,1774420241,2026-03-25T14:30:41,0.0275
3,90-114,1774420550,2026-03-25T14:35:50,0.024
3,90-114,1774420830,2026-03-25T14:40:30,0.039
3,90-114,1774421135,2026-03-25T14:45:35,0.035
3,90-114,1774421435,2026-03-25T14:50:35,0.043
3,90-114,1774421732,2026-03-25T14:55:32,0.0345
3,90-114,1774422336,2026-03-25T15:05:36,0.028
3,90-114,1774422636,2026-03-25T15:10:36,0.026
3,90-114,1774422937,2026-03-25T15:15:37,0.0225
3,90-114,1774423232,2026-03-25T15:20:32,0.0225
3,90-114,1774423534,2026-03-25T15:25:34,0.0225
3,90-114,1774423836,2026-03-25T15:30:36,0.0225
3,90-114,1774424135,2026-03-25T15:35:35,0.0225
3,90-114,1774424439,2026-03-25T15:40:39,0.0225
3,90-114,1774424734,2026-03-25T15:45:34,0.0215
3,90-114,1774425034,2026-03-25T15:50:34,0.0215
3,90-114,1774425332,2026-03-25T15:55:32,0.0215
3,90-114,1774425949,2026-03-25T16:05:49,0.0205
3,90-114,1774426235,2026-03-25T16:10:35,0.0205
3,90-114,1774426534,2026-03-25T16:15:34,0.0205
3,90-114,1774426844,2026-03-25T16:20:44,0.0175
3,90-114,1774427131,2026-03-25T16:25:31,0.017
3,90-114,1774427435,2026-03-25T16:30:35,0.0175
3,90-114,1774427735,2026-03-25T16:35:35,0.017
3,90-114,1774428032,2026-03-25T16:40:32,0.0165
3,90-114,1774428334,2026-03-25T16:45:34,0.016
3,90-114,1774428635,2026-03-25T16:50:35,0.0155
3,90-114,1774428930,2026-03-25T16:55:30,0.0155
3,90-114,1774429534,2026-03-25T17:05:34,0.014
3,90-114,1774429834,2026-03-25T17:10:34,0.018
3,90-114,1774430136,2026-03-25T17:15:36,0.0185
3,90-114,1774430433,2026-03-25T17:20:33,0.0175
3,90-114,1774430733,2026-03-25T17:25:33,0.0175
3,90-114,1774431040,2026-03-25T17:30:40,0.0175
3,90-114,1774431333,2026-03-25T17:35:33,0.0155
3,90-114,1774431652,2026-03-25T17:40:52,0.015
3,90-114,1774431935,2026-03-25T17:45:35,0.015
3,90-114,1774432230,2026-03-25T17:50:30,0.0155
3,90-114,1774432530,2026-03-25T17:55:30,0.0155
3,90-114,1774433134,2026-03-25T18:05:34,0.0155
3,90-114,1774433437,2026-03-25T18:10:37,0.0145
3,90-114,1774433732,2026-03-25T18:15:32,0.014
3,90-114,1774434033,2026-03-25T18:20:33,0.0135
3,90-114,1774434336,2026-03-25T18:25:36,0.0135
3,90-114,1774434638,2026-03-25T18:30:38,0.0135
3,90-114,1774434938,2026-03-25T18:35:38,0.0125
3,90-114,1774435234,2026-03-25T18:40:34,0.012
3,90-114,1774435534,2026-03-25T18:45:34,0.0115
3,90-114,1774435832,2026-03-25T18:50:32,0.0115
3,90-114,1774436133,2026-03-25T18:55:33,0.0105
3,90-114,1774436746,2026-03-25T19:05:46,0.0165
3,90-114,1774437036,2026-03-25T19:10:36,0.0155
3,90-114,1774437332,2026-03-25T19:15:32,0.0135
3,90-114,1774437647,2026-03-25T19:20:47,0.009
3,90-114,1774437933,2026-03-25T19:25:33,0.0105
3,90-114,1774438237,2026-03-25T19:30:37,0.0095
3,90-114,1774438533,2026-03-25T19:35:33,0.01
3,90-114,1774438832,2026-03-25T19:40:32,0.0105
3,90-114,1774439134,2026-03-25T19:45:34,0.0105
3,90-114,1774439437,2026-03-25T19:50:37,0.0105
3,90-114,1774439733,2026-03-25T19:55:33,0.012
3,90-114,1774440331,2026-03-25T20:05:31,0.012
3,90-114,1774440634,2026-03-25T20:10:34,0.0115
3,90-114,1774440938,2026-03-25T20:15:38,0.0105
3,90-114,1774441244,2026-03-25T20:20:44,0.0105
3,90-114,1774441536,2026-03-25T20:25:36,0.0105
3,90-114,1774441842,2026-03-25T20:30:42,0.0105
3,90-114,1774442132,2026-03-25T20:35:32,0.006
3,90-114,1774442435,2026-03-25T20:40:35,0.006
3,90-114,1774442733,2026-03-25T20:45:33,0.008
3,90-114,1774443036,2026-03-25T20:50:36,0.007
3,90-114,1774443335,2026-03-25T20:55:35,0.007
3,90-114,1774443934,2026-03-25T21:05:34,0.0065
3,90-114,1774444235,2026-03-25T21:10:35,0.008
3,90-114,1774444534,2026-03-25T21:15:34,0.0125
3,90-114,1774444833,2026-03-25T21:20:33,0.0105
3,90-114,1774445134,2026-03-25T21:25:34,0.0105
3,90-114,1774445446,2026-03-25T21:30:46,0.0105
3,90-114,1774445751,2026-03-25T21:35:51,0.006
3,90-114,1774446032,2026-03-25T21:40:32,0.0035
3,90-114,1774446335,2026-03-25T21:45:35,0.0055
3,90-114,1774446638,2026-03-25T21:50:38,0.003
3,90-114,1774446935,2026-03-25T21:55:35,0.0085
3,90-114,1774447536,2026-03-25T22:05:36,0.003
3,90-114,1774447835,2026-03-25T22:10:35,0.0025
3,90-114,1774448140,2026-03-25T22:15:40,0.0025
3,90-114,1774448437,2026-03-25T22:20:37,0.0015
3,90-114,1774448732,2026-03-25T22:25:32,0.0015
3,90-114,1774449043,2026-03-25T22:30:43,0.0005
3,90-114,1774449633,2026-03-25T22:40:33,0.0005
3,90-114,1774449935,2026-03-25T22:45:35,0.0005
3,90-114,1774450234,2026-03-25T22:50:34,0.0005
3,90-114,1774450534,2026-03-25T22:55:34,0.0005
3,90-114,1774451143,2026-03-25T23:05:43,0.0005
3,90-114,1774451436,2026-03-25T23:10:36,0.0005
3,90-114,1774451735,2026-03-25T23:15:35,0.0005
3,90-114,1774452036,2026-03-25T23:20:36,0.0005
3,90-114,1774452333,2026-03-25T23:25:33,0.0005
3,90-114,1774452640,2026-03-25T23:30:40,0.0005
3,90-114,1774452939,2026-03-25T23:35:39,0.0005
3,90-114,1774453232,2026-03-25T23:40:32,0.0005
3,90-114,1774453535,2026-03-25T23:45:35,0.0005
3,90-114,1774453836,2026-03-25T23:50:36,0.0005
3,90-114,1774454135,2026-03-25T23:55:35,0.0005
3,90-114,1774454736,2026-03-26T00:05:36,0.0005
3,90-114,1774455035,2026-03-26T00:10:35,0.0005
3,90-114,1774455351,2026-03-26T00:15:51,0.0005
3,90-114,1774455635,2026-03-26T00:20:35,0.0005
3,90-114,1774455936,2026-03-26T00:25:36,0.0005
3,90-114,1774456237,2026-03-26T00:30:37,0.0005
3,90-114,1774456536,2026-03-26T00:35:36,0.0005
3,90-114,1774456834,2026-03-26T00:40:34,0.0005
3,90-114,1774457134,2026-03-26T00:45:34,0.0005
3,90-114,1774457432,2026-03-26T00:50:32,0.0005
3,90-114,1774457735,2026-03-26T00:55:35,0.0005
3,90-114,1774458346,2026-03-26T01:05:46,0.0005
3,90-114,1774458633,2026-03-26T01:10:33,0.0005
3,90-114,1774458934,2026-03-26T01:15:34,0.0005
3,90-114,1774459246,2026-03-26T01:20:46,0.0005
3,90-114,1774459838,2026-03-26T01:30:38,0.0005
3,90-114,1774460136,2026-03-26T01:35:36,0.0005
3,90-114,1774460432,2026-03-26T01:40:32,0.0005
3,90-114,1774460735,2026-03-26T01:45:35,0.0005
3,90-114,1774461032,2026-03-26T01:50:32,0.0005
3,90-114,1774461334,2026-03-26T01:55:34,0.0005
3,90-114,1774461934,2026-03-26T02:05:34,0.0005
3,90-114,1774462248,2026-03-26T02:10:48,0.0005
3,90-114,1774462535,2026-03-26T02:15:35,0.0005
3,90-114,1774462835,2026-03-26T02:20:35,0.0005
3,90-114,1774463132,2026-03-26T02:25:32,0.0005
3,90-114,1774463449,2026-03-26T02:30:49,0.0005
3,90-114,1774463731,2026-03-26T02:35:31,0.0005
4,115-139,1774110035,2026-03-22T00:20:35,0.255
4,115-139,1774110334,2026-03-22T00:25:34,0.23
4,115-139,1774110654,2026-03-22T00:30:54,0.2
4,115-139,1774110934,2026-03-22T00:35:34,0.19
4,115-139,1774111235,2026-03-22T00:40:35,0.19
4,115-139,1774111533,2026-03-22T00:45:33,0.19
4,115-139,1774111832,2026-03-22T00:50:32,0.19
4,115-139,1774112137,2026-03-22T00:55:37,0.175
4,115-139,1774112735,2026-03-22T01:05:35,0.175
4,115-139,1774113036,2026-03-22T01:10:36,0.175
4,115-139,1774113335,2026-03-22T01:15:35,0.18
4,115-139,1774113635,2026-03-22T01:20:35,0.18
4,115-139,1774113933,2026-03-22T01:25:33,0.18
4,115-139,1774114250,2026-03-22T01:30:50,0.18
4,115-139,1774114534,2026-03-22T01:35:34,0.175
4,115-139,1774114842,2026-03-22T01:40:42,0.175
4,115-139,1774115135,2026-03-22T01:45:35,0.175
4,115-139,1774115442,2026-03-22T01:50:42,0.19
4,115-139,1774115731,2026-03-22T01:55:31,0.18
4,115-139,1774116333,2026-03-22T02:05:33,0.18
4,115-139,1774116636,2026-03-22T02:10:36,0.18
4,115-139,1774116932,2026-03-22T02:15:32,0.18
4,115-139,1774117233,2026-03-22T02:20:33,0.18
4,115-139,1774117532,2026-03-22T02:25:32,0.18
4,115-139,1774117840,2026-03-22T02:30:40,0.18
4,115-139,1774118136,2026-03-22T02:35:36,0.18
4,115-139,1774118431,2026-03-22T02:40:31,0.18
4,115-139,1774118733,2026-03-22T02:45:33,0.18
4,115-139,1774119033,2026-03-22T02:50:33,0.18
4,115-139,1774119345,2026-03-22T02:55:45,0.18
4,115-139,1774119930,2026-03-22T03:05:30,0.18
4,115-139,1774120231,2026-03-22T03:10:31,0.18
4,115-139,1774120537,2026-03-22T03:15:37,0.18
4,115-139,1774120833,2026-03-22T03:20:33,0.18
4,115-139,1774121133,2026-03-22T03:25:33,0.18
4,115-139,1774121437,2026-03-22T03:30:37,0.18
4,115-139,1774121743,2026-03-22T03:35:43,0.18
4,115-139,1774122044,2026-03-22T03:40:44,0.19
4,115-139,1774122331,2026-03-22T03:45:31,0.18
4,115-139,1774122633,2026-03-22T03:50:33,0.18
4,115-139,1774122933,2026-03-22T03:55:33,0.19
4,115-139,1774123550,2026-03-22T04:05:50,0.18
4,115-139,1774123834,2026-03-22T04:10:34,0.18
4,115-139,1774124133,2026-03-22T04:15:33,0.18
4,115-139,1774124431,2026-03-22T04:20:31,0.18
4,115-139,1774124743,2026-03-22T04:25:43,0.18
4,115-139,1774125050,2026-03-22T04:30:50,0.18
4,115-139,1774125334,2026-03-22T04:35:34,0.18
4,115-139,1774125631,2026-03-22T04:40:31,0.18
4,115-139,1774125933,2026-03-22T04:45:33,0.18
4,115-139,1774126231,2026-03-22T04:50:31,0.18
4,115-139,1774126530,2026-03-22T04:55:30,0.18
4,115-139,1774127132,2026-03-22T05:05:32,0.18
4,115-139,1774127430,2026-03-22T05:10:30,0.18
4,115-139,1774127732,2026-03-22T05:15:32,0.18
4,115-139,1774128031,2026-03-22T05:20:31,0.18
4,115-139,1774128332,2026-03-22T05:25:32,0.18
4,115-139,1774128637,2026-03-22T05:30:37,0.18
4,115-139,1774128935,2026-03-22T05:35:35,0.18
4,115-139,1774129232,2026-03-22T05:40:32,0.18
4,115-139,1774129533,2026-03-22T05:45:33,0.18
4,115-139,1774129831,2026-03-22T05:50:31,0.18
4,115-139,1774130136,2026-03-22T05:55:36,0.18
4,115-139,1774130732,2026-03-22T06:05:32,0.18
4,115-139,1774131032,2026-03-22T06:10:32,0.18
4,115-139,1774131342,2026-03-22T06:15:42,0.18
4,115-139,1774131633,2026-03-22T06:20:33,0.18
4,115-139,1774131930,2026-03-22T06:25:30,0.175
4,115-139,1774132239,2026-03-22T06:30:39,0.175
4,115-139,1774132532,2026-03-22T06:35:32,0.175
4,115-139,1774132832,2026-03-22T06:40:32,0.175
4,115-139,1774133133,2026-03-22T06:45:33,0.175
4,115-139,1774133432,2026-03-22T06:50:32,0.175
4,115-139,1774133732,2026-03-22T06:55:32,0.175
4,115-139,1774134332,2026-03-22T07:05:32,0.175
4,115-139,1774134635,2026-03-22T07:10:35,0.175
4,115-139,1774134943,2026-03-22T07:15:43,0.175
4,115-139,1774135233,2026-03-22T07:20:33,0.175
4,115-139,1774135533,2026-03-22T07:25:33,0.175
4,115-139,1774135837,2026-03-22T07:30:37,0.175
4,115-139,1774136133,2026-03-22T07:35:33,0.175
4,115-139,1774136433,2026-03-22T07:40:33,0.175
4,115-139,1774136734,2026-03-22T07:45:34,0.175
4,115-139,1774137045,2026-03-22T07:50:45,0.175
4,115-139,1774137331,2026-03-22T07:55:31,0.175
4,115-139,1774137930,2026-03-22T08:05:30,0.175
4,115-139,1774138246,2026-03-22T08:10:46,0.175
4,115-139,1774138531,2026-03-22T08:15:31,0.175
4,115-139,1774138845,2026-03-22T08:20:45,0.175
4,115-139,1774139132,2026-03-22T08:25:32,0.175
4,115-139,1774139435,2026-03-22T08:30:35,0.175
4,115-139,1774139733,2026-03-22T08:35:33,0.175
4,115-139,1774140032,2026-03-22T08:40:32,0.175
4,115-139,1774140334,2026-03-22T08:45:34,0.175
4,115-139,1774140633,2026-03-22T08:50:33,0.175
4,115-139,1774140935,2026-03-22T08:55:35,0.175
4,115-139,1774141532,2026-03-22T09:05:32,0.175
4,115-139,1774141835,2026-03-22T09:10:35,0.175
4,115-139,1774142133,2026-03-22T09:15:33,0.175
4,115-139,1774142433,2026-03-22T09:20:33,0.175
4,115-139,1774142732,2026-03-22T09:25:32,0.185
4,115-139,1774143043,2026-03-22T09:30:43,0.185
4,115-139,1774143326,2026-03-22T09:35:26,0.19
4,115-139,1774143641,2026-03-22T09:40:41,0.19
4,115-139,1774143926,2026-03-22T09:45:26,0.19
4,115-139,1774144227,2026-03-22T09:50:27,0.19
4,115-139,1774144526,2026-03-22T09:55:26,0.19
4,115-139,1774145127,2026-03-22T10:05:27,0.19
4,115-139,1774145428,2026-03-22T10:10:28,0.19
4,115-139,1774145727,2026-03-22T10:15:27,0.19
4,115-139,1774146025,2026-03-22T10:20:25,0.185
4,115-139,1774146330,2026-03-22T10:25:30,0.185
4,115-139,1774146633,2026-03-22T10:30:33,0.185
4,115-139,1774146927,2026-03-22T10:35:27,0.185
4,115-139,1774147226,2026-03-22T10:40:26,0.185
4,115-139,1774147527,2026-03-22T10:45:27,0.185
4,115-139,1774147825,2026-03-22T10:50:25,0.185
4,115-139,1774148134,2026-03-22T10:55:34,0.185
4,115-139,1774148727,2026-03-22T11:05:27,0.185
4,115-139,1774149026,2026-03-22T11:10:26,0.185
4,115-139,1774149325,2026-03-22T11:15:25,0.185
4,115-139,1774149627,2026-03-22T11:20:27,0.19
4,115-139,1774149929,2026-03-22T11:25:29,0.19
4,115-139,1774150248,2026-03-22T11:30:48,0.19
4,115-139,1774150526,2026-03-22T11:35:26,0.185
4,115-139,1774150833,2026-03-22T11:40:33,0.19
4,115-139,1774151127,2026-03-22T11:45:27,0.185
4,115-139,1774151425,2026-03-22T11:50:25,0.185
4,115-139,1774151726,2026-03-22T11:55:26,0.185
4,115-139,1774152328,2026-03-22T12:05:28,0.185
4,115-139,1774152628,2026-03-22T12:10:28,0.185
4,115-139,1774152927,2026-03-22T12:15:27,0.185
4,115-139,1774153229,2026-03-22T12:20:29,0.19
4,115-139,1774153529,2026-03-22T12:25:29,0.185
4,115-139,1774153833,2026-03-22T12:30:33,0.185
4,115-139,1774154128,2026-03-22T12:35:28,0.185
4,115-139,1774154426,2026-03-22T12:40:26,0.185
4,115-139,1774154726,2026-03-22T12:45:26,0.185
4,115-139,1774155044,2026-03-22T12:50:44,0.185
4,115-139,1774155327,2026-03-22T12:55:27,0.185
4,115-139,1774155926,2026-03-22T13:05:26,0.185
4,115-139,1774156229,2026-03-22T13:10:29,0.185
4,115-139,1774156527,2026-03-22T13:15:27,0.185
4,115-139,1774156828,2026-03-22T13:20:28,0.185
4,115-139,1774157128,2026-03-22T13:25:28,0.185
4,115-139,1774157434,2026-03-22T13:30:34,0.19
4,115-139,1774157726,2026-03-22T13:35:26,0.19
4,115-139,1774158028,2026-03-22T13:40:28,0.19
4,115-139,1774158341,2026-03-22T13:45:41,0.19
4,115-139,1774158627,2026-03-22T13:50:27,0.2
4,115-139,1774158936,2026-03-22T13:55:36,0.2
4,115-139,1774159526,2026-03-22T14:05:26,0.195
4,115-139,1774159826,2026-03-22T14:10:26,0.19
4,115-139,1774160126,2026-03-22T14:15:26,0.19
4,115-139,1774160428,2026-03-22T14:20:28,0.19
4,115-139,1774160727,2026-03-22T14:25:27,0.19
4,115-139,1774161031,2026-03-22T14:30:31,0.19
4,115-139,1774161336,2026-03-22T14:35:36,0.19
4,115-139,1774161629,2026-03-22T14:40:29,0.19
4,115-139,1774161927,2026-03-22T14:45:27,0.19
4,115-139,1774162226,2026-03-22T14:50:26,0.19
4,115-139,1774162527,2026-03-22T14:55:27,0.19
4,115-139,1774163128,2026-03-22T15:05:28,0.19
4,115-139,1774163428,2026-03-22T15:10:28,0.19
4,115-139,1774163726,2026-03-22T15:15:26,0.185
4,115-139,1774164026,2026-03-22T15:20:26,0.185
4,115-139,1774164325,2026-03-22T15:25:25,0.185
4,115-139,1774164634,2026-03-22T15:30:34,0.185
4,115-139,1774164926,2026-03-22T15:35:26,0.185
4,115-139,1774165227,2026-03-22T15:40:27,0.185
4,115-139,1774165537,2026-03-22T15:45:37,0.185
4,115-139,1774165828,2026-03-22T15:50:28,0.185
4,115-139,1774166126,2026-03-22T15:55:26,0.185
4,115-139,1774166726,2026-03-22T16:05:26,0.185
4,115-139,1774167028,2026-03-22T16:10:28,0.185
4,115-139,1774167336,2026-03-22T16:15:36,0.185
4,115-139,1774167627,2026-03-22T16:20:27,0.185
4,115-139,1774167926,2026-03-22T16:25:26,0.185
4,115-139,1774168232,2026-03-22T16:30:32,0.185
4,115-139,1774168537,2026-03-22T16:35:37,0.185
4,115-139,1774168828,2026-03-22T16:40:28,0.185
4,115-139,1774169126,2026-03-22T16:45:26,0.185
4,115-139,1774169427,2026-03-22T16:50:27,0.185
4,115-139,1774169727,2026-03-22T16:55:27,0.185
4,115-139,1774170327,2026-03-22T17:05:27,0.185
4,115-139,1774170628,2026-03-22T17:10:28,0.185
4,115-139,1774170928,2026-03-22T17:15:28,0.185
4,115-139,1774171227,2026-03-22T17:20:27,0.185
4,115-139,1774171526,2026-03-22T17:25:26,0.185
4,115-139,1774171848,2026-03-22T17:30:48,0.185
4,115-139,1774172126,2026-03-22T17:35:26,0.185
4,115-139,1774172427,2026-03-22T17:40:27,0.185
4,115-139,1774172725,2026-03-22T17:45:25,0.185
4,115-139,1774173026,2026-03-22T17:50:26,0.185
4,115-139,1774173326,2026-03-22T17:55:26,0.185
4,115-139,1774173925,2026-03-22T18:05:25,0.185
4,115-139,1774174227,2026-03-22T18:10:27,0.185
4,115-139,1774174527,2026-03-22T18:15:27,0.185
4,115-139,1774174835,2026-03-22T18:20:35,0.185
4,115-139,1774175127,2026-03-22T18:25:27,0.185
4,115-139,1774175431,2026-03-22T18:30:31,0.185
4,115-139,1774175727,2026-03-22T18:35:27,0.185
4,115-139,1774176026,2026-03-22T18:40:26,0.185
4,115-139,1774176326,2026-03-22T18:45:26,0.185
4,115-139,1774176636,2026-03-22T18:50:36,0.185
4,115-139,1774176927,2026-03-22T18:55:27,0.19
4,115-139,1774177526,2026-03-22T19:05:26,0.19
4,115-139,1774177831,2026-03-22T19:10:31,0.19
4,115-139,1774178128,2026-03-22T19:15:28,0.2
4,115-139,1774178430,2026-03-22T19:20:30,0.2
4,115-139,1774178726,2026-03-22T19:25:26,0.2
4,115-139,1774179033,2026-03-22T19:30:33,0.2
4,115-139,1774179327,2026-03-22T19:35:27,0.2
4,115-139,1774179630,2026-03-22T19:40:30,0.2
4,115-139,1774179944,2026-03-22T19:45:44,0.2
4,115-139,1774180228,2026-03-22T19:50:28,0.2
4,115-139,1774180526,2026-03-22T19:55:26,0.2
4,115-139,1774181127,2026-03-22T20:05:27,0.2
4,115-139,1774181443,2026-03-22T20:10:43,0.2
4,115-139,1774181728,2026-03-22T20:15:28,0.2
4,115-139,1774182026,2026-03-22T20:20:26,0.2
4,115-139,1774182327,2026-03-22T20:25:27,0.195
4,115-139,1774182632,2026-03-22T20:30:32,0.195
4,115-139,1774182927,2026-03-22T20:35:27,0.195
4,115-139,1774183225,2026-03-22T20:40:25,0.195
4,115-139,1774183527,2026-03-22T20:45:27,0.195
4,115-139,1774183826,2026-03-22T20:50:26,0.195
4,115-139,1774184125,2026-03-22T20:55:25,0.195
4,115-139,1774184726,2026-03-22T21:05:26,0.19
4,115-139,1774185027,2026-03-22T21:10:27,0.19
4,115-139,1774185327,2026-03-22T21:15:27,0.19
4,115-139,1774185626,2026-03-22T21:20:26,0.195
4,115-139,1774185927,2026-03-22T21:25:27,0.195
4,115-139,1774186246,2026-03-22T21:30:46,0.19
4,115-139,1774186527,2026-03-22T21:35:27,0.19
4,115-139,1774186827,2026-03-22T21:40:27,0.19
4,115-139,1774187127,2026-03-22T21:45:27,0.19
4,115-139,1774187425,2026-03-22T21:50:25,0.19
4,115-139,1774187742,2026-03-22T21:55:42,0.19
4,115-139,1774188327,2026-03-22T22:05:27,0.19
4,115-139,1774188628,2026-03-22T22:10:28,0.19
4,115-139,1774188927,2026-03-22T22:15:27,0.19
4,115-139,1774189230,2026-03-22T22:20:30,0.19
4,115-139,1774189527,2026-03-22T22:25:27,0.19
4,115-139,1774189834,2026-03-22T22:30:34,0.19
4,115-139,1774190101,2026-03-22T22:35:01,0.19
4,115-139,1774190146,2026-03-22T22:35:46,0.19
4,115-139,1774190445,2026-03-22T22:40:45,0.19
4,115-139,1774190727,2026-03-22T22:45:27,0.19
4,115-139,1774191028,2026-03-22T22:50:28,0.19
4,115-139,1774191326,2026-03-22T22:55:26,0.185
4,115-139,1774191929,2026-03-22T23:05:29,0.185
4,115-139,1774192225,2026-03-22T23:10:25,0.185
4,115-139,1774192527,2026-03-22T23:15:27,0.185
4,115-139,1774192827,2026-03-22T23:20:27,0.185
4,115-139,1774193126,2026-03-22T23:25:26,0.185
4,115-139,1774193434,2026-03-22T23:30:34,0.185
4,115-139,1774193725,2026-03-22T23:35:25,0.185
4,115-139,1774194026,2026-03-22T23:40:26,0.185
4,115-139,1774194340,2026-03-22T23:45:40,0.185
4,115-139,1774194639,2026-03-22T23:50:39,0.185
4,115-139,1774194928,2026-03-22T23:55:28,0.185
4,115-139,1774195528,2026-03-23T00:05:28,0.185
4,115-139,1774195829,2026-03-23T00:10:29,0.185
4,115-139,1774196129,2026-03-23T00:15:29,0.185
4,115-139,1774196427,2026-03-23T00:20:27,0.185
4,115-139,1774196727,2026-03-23T00:25:27,0.185
4,115-139,1774197031,2026-03-23T00:30:31,0.185
4,115-139,1774197328,2026-03-23T00:35:28,0.185
4,115-139,1774197639,2026-03-23T00:40:39,0.185
4,115-139,1774197927,2026-03-23T00:45:27,0.185
4,115-139,1774198228,2026-03-23T00:50:28,0.185
4,115-139,1774198526,2026-03-23T00:55:26,0.185
4,115-139,1774199128,2026-03-23T01:05:28,0.185
4,115-139,1774199427,2026-03-23T01:10:27,0.185
4,115-139,1774199728,2026-03-23T01:15:28,0.185
4,115-139,1774200028,2026-03-23T01:20:28,0.185
4,115-139,1774200329,2026-03-23T01:25:29,0.185
4,115-139,1774200658,2026-03-23T01:30:58,0.185
4,115-139,1774200927,2026-03-23T01:35:27,0.185
4,115-139,1774201227,2026-03-23T01:40:27,0.185
4,115-139,1774201527,2026-03-23T01:45:27,0.185
4,115-139,1774201827,2026-03-23T01:50:27,0.185
4,115-139,1774202129,2026-03-23T01:55:29,0.185
4,115-139,1774202727,2026-03-23T02:05:27,0.185
4,115-139,1774203028,2026-03-23T02:10:28,0.185
4,115-139,1774203326,2026-03-23T02:15:26,0.185
4,115-139,1774203629,2026-03-23T02:20:29,0.185
4,115-139,1774203938,2026-03-23T02:25:38,0.185
4,115-139,1774204236,2026-03-23T02:30:36,0.185
4,115-139,1774204527,2026-03-23T02:35:27,0.185
4,115-139,1774204827,2026-03-23T02:40:27,0.185
4,115-139,1774205129,2026-03-23T02:45:29,0.19
4,115-139,1774205429,2026-03-23T02:50:29,0.19
4,115-139,1774205730,2026-03-23T02:55:30,0.19
4,115-139,1774206328,2026-03-23T03:05:28,0.19
4,115-139,1774206641,2026-03-23T03:10:41,0.185
4,115-139,1774206930,2026-03-23T03:15:30,0.19
4,115-139,1774207229,2026-03-23T03:20:29,0.19
4,115-139,1774207529,2026-03-23T03:25:29,0.19
4,115-139,1774207838,2026-03-23T03:30:38,0.19
4,115-139,1774208131,2026-03-23T03:35:31,0.2
4,115-139,1774208432,2026-03-23T03:40:32,0.2
4,115-139,1774208731,2026-03-23T03:45:31,0.2
4,115-139,1774209030,2026-03-23T03:50:30,0.2
4,115-139,1774209327,2026-03-23T03:55:27,0.2
4,115-139,1774209930,2026-03-23T04:05:30,0.2
4,115-139,1774210238,2026-03-23T04:10:38,0.2
4,115-139,1774210529,2026-03-23T04:15:29,0.2
4,115-139,1774210832,2026-03-23T04:20:32,0.2
4,115-139,1774211130,2026-03-23T04:25:30,0.195
4,115-139,1774211435,2026-03-23T04:30:35,0.195
4,115-139,1774211727,2026-03-23T04:35:27,0.195
4,115-139,1774212030,2026-03-23T04:40:30,0.195
4,115-139,1774212337,2026-03-23T04:45:37,0.195
4,115-139,1774212631,2026-03-23T04:50:31,0.195
4,115-139,1774212928,2026-03-23T04:55:28,0.195
4,115-139,1774213528,2026-03-23T05:05:28,0.195
4,115-139,1774213828,2026-03-23T05:10:28,0.195
4,115-139,1774214132,2026-03-23T05:15:32,0.195
4,115-139,1774214432,2026-03-23T05:20:32,0.195
4,115-139,1774214730,2026-03-23T05:25:30,0.195
4,115-139,1774215036,2026-03-23T05:30:36,0.195
4,115-139,1774215328,2026-03-23T05:35:28,0.2
4,115-139,1774215627,2026-03-23T05:40:27,0.2
4,115-139,1774215931,2026-03-23T05:45:31,0.195
4,115-139,1774216230,2026-03-23T05:50:30,0.2
4,115-139,1774216529,2026-03-23T05:55:29,0.2
4,115-139,1774217129,2026-03-23T06:05:29,0.205
4,115-139,1774217432,2026-03-23T06:10:32,0.205
4,115-139,1774217728,2026-03-23T06:15:28,0.205
4,115-139,1774218031,2026-03-23T06:20:31,0.205
4,115-139,1774218329,2026-03-23T06:25:29,0.205
4,115-139,1774218634,2026-03-23T06:30:34,0.2
4,115-139,1774218931,2026-03-23T06:35:31,0.2
4,115-139,1774219242,2026-03-23T06:40:42,0.195
4,115-139,1774219529,2026-03-23T06:45:29,0.195
4,115-139,1774219828,2026-03-23T06:50:28,0.195
4,115-139,1774220131,2026-03-23T06:55:31,0.195
4,115-139,1774220728,2026-03-23T07:05:28,0.195
4,115-139,1774221029,2026-03-23T07:10:29,0.19
4,115-139,1774221331,2026-03-23T07:15:31,0.19
4,115-139,1774221631,2026-03-23T07:20:31,0.19
4,115-139,1774221928,2026-03-23T07:25:28,0.19
4,115-139,1774222234,2026-03-23T07:30:34,0.19
4,115-139,1774222542,2026-03-23T07:35:42,0.19
4,115-139,1774222828,2026-03-23T07:40:28,0.19
4,115-139,1774223141,2026-03-23T07:45:41,0.19
4,115-139,1774223429,2026-03-23T07:50:29,0.19
4,115-139,1774223728,2026-03-23T07:55:28,0.195
4,115-139,1774224331,2026-03-23T08:05:31,0.195
4,115-139,1774224631,2026-03-23T08:10:31,0.195
4,115-139,1774224930,2026-03-23T08:15:30,0.195
4,115-139,1774225231,2026-03-23T08:20:31,0.195
4,115-139,1774225529,2026-03-23T08:25:29,0.195
4,115-139,1774225832,2026-03-23T08:30:32,0.195
4,115-139,1774226129,2026-03-23T08:35:29,0.195
4,115-139,1774226432,2026-03-23T08:40:32,0.195
4,115-139,1774226728,2026-03-23T08:45:28,0.195
4,115-139,1774227029,2026-03-23T08:50:29,0.21
4,115-139,1774227329,2026-03-23T08:55:29,0.195
4,115-139,1774227928,2026-03-23T09:05:28,0.195
4,115-139,1774228229,2026-03-23T09:10:29,0.195
4,115-139,1774228533,2026-03-23T09:15:33,0.195
4,115-139,1774228826,2026-03-23T09:20:26,0.195
4,115-139,1774229132,2026-03-23T09:25:32,0.195
4,115-139,1774229433,2026-03-23T09:30:33,0.195
4,115-139,1774229743,2026-03-23T09:35:43,0.195
4,115-139,1774230028,2026-03-23T09:40:28,0.195
4,115-139,1774230329,2026-03-23T09:45:29,0.195
4,115-139,1774230631,2026-03-23T09:50:31,0.195
4,115-139,1774230926,2026-03-23T09:55:26,0.195
4,115-139,1774231531,2026-03-23T10:05:31,0.195
4,115-139,1774231831,2026-03-23T10:10:31,0.195
4,115-139,1774232129,2026-03-23T10:15:29,0.195
4,115-139,1774232430,2026-03-23T10:20:30,0.195
4,115-139,1774232731,2026-03-23T10:25:31,0.195
4,115-139,1774233037,2026-03-23T10:30:37,0.195
4,115-139,1774233329,2026-03-23T10:35:29,0.195
4,115-139,1774233628,2026-03-23T10:40:28,0.195
4,115-139,1774233939,2026-03-23T10:45:39,0.195
4,115-139,1774234229,2026-03-23T10:50:29,0.195
4,115-139,1774234533,2026-03-23T10:55:33,0.195
4,115-139,1774235129,2026-03-23T11:05:29,0.195
4,115-139,1774235430,2026-03-23T11:10:30,0.195
4,115-139,1774235730,2026-03-23T11:15:30,0.195
4,115-139,1774236038,2026-03-23T11:20:38,0.195
4,115-139,1774236328,2026-03-23T11:25:28,0.195
4,115-139,1774236635,2026-03-23T11:30:35,0.195
4,115-139,1774236930,2026-03-23T11:35:30,0.195
4,115-139,1774237242,2026-03-23T11:40:42,0.2
4,115-139,1774237541,2026-03-23T11:45:41,0.2
4,115-139,1774237828,2026-03-23T11:50:28,0.195
4,115-139,1774238127,2026-03-23T11:55:27,0.2
4,115-139,1774238743,2026-03-23T12:05:43,0.2
4,115-139,1774239028,2026-03-23T12:10:28,0.2
4,115-139,1774239339,2026-03-23T12:15:39,0.2
4,115-139,1774239627,2026-03-23T12:20:27,0.2
4,115-139,1774239932,2026-03-23T12:25:32,0.2
4,115-139,1774240234,2026-03-23T12:30:34,0.2
4,115-139,1774240529,2026-03-23T12:35:29,0.2
4,115-139,1774240829,2026-03-23T12:40:29,0.2
4,115-139,1774241129,2026-03-23T12:45:29,0.2
4,115-139,1774241434,2026-03-23T12:50:34,0.2
4,115-139,1774241730,2026-03-23T12:55:30,0.2
4,115-139,1774242327,2026-03-23T13:05:27,0.205
4,115-139,1774242628,2026-03-23T13:10:28,0.205
4,115-139,1774242928,2026-03-23T13:15:28,0.205
4,115-139,1774243228,2026-03-23T13:20:28,0.205
4,115-139,1774243536,2026-03-23T13:25:36,0.205
4,115-139,1774243832,2026-03-23T13:30:32,0.205
4,115-139,1774244129,2026-03-23T13:35:29,0.205
4,115-139,1774244440,2026-03-23T13:40:40,0.205
4,115-139,1774244727,2026-03-23T13:45:27,0.205
4,115-139,1774245036,2026-03-23T13:50:36,0.205
4,115-139,1774245328,2026-03-23T13:55:28,0.205
4,115-139,1774245926,2026-03-23T14:05:26,0.205
4,115-139,1774246228,2026-03-23T14:10:28,0.205
4,115-139,1774246530,2026-03-23T14:15:30,0.205
4,115-139,1774246829,2026-03-23T14:20:29,0.205
4,115-139,1774247127,2026-03-23T14:25:27,0.205
4,115-139,1774247440,2026-03-23T14:30:40,0.205
4,115-139,1774247737,2026-03-23T14:35:37,0.205
4,115-139,1774248031,2026-03-23T14:40:31,0.205
4,115-139,1774248343,2026-03-23T14:45:43,0.2
4,115-139,1774248631,2026-03-23T14:50:31,0.195
4,115-139,1774248932,2026-03-23T14:55:32,0.195
4,115-139,1774249530,2026-03-23T15:05:30,0.185
4,115-139,1774249830,2026-03-23T15:10:30,0.185
4,115-139,1774250128,2026-03-23T15:15:28,0.175
4,115-139,1774250433,2026-03-23T15:20:33,0.175
4,115-139,1774250730,2026-03-23T15:25:30,0.175
4,115-139,1774251035,2026-03-23T15:30:35,0.185
4,115-139,1774251330,2026-03-23T15:35:30,0.185
4,115-139,1774251631,2026-03-23T15:40:31,0.18
4,115-139,1774251929,2026-03-23T15:45:29,0.185
4,115-139,1774252229,2026-03-23T15:50:29,0.19
4,115-139,1774252530,2026-03-23T15:55:30,0.19
4,115-139,1774253129,2026-03-23T16:05:29,0.18
4,115-139,1774253428,2026-03-23T16:10:28,0.175
4,115-139,1774253731,2026-03-23T16:15:31,0.175
4,115-139,1774254037,2026-03-23T16:20:37,0.175
4,115-139,1774254327,2026-03-23T16:25:27,0.175
4,115-139,1774254633,2026-03-23T16:30:33,0.175
4,115-139,1774254927,2026-03-23T16:35:27,0.175
4,115-139,1774255231,2026-03-23T16:40:31,0.175
4,115-139,1774255528,2026-03-23T16:45:28,0.175
4,115-139,1774255828,2026-03-23T16:50:28,0.175
4,115-139,1774256130,2026-03-23T16:55:30,0.175
4,115-139,1774256752,2026-03-23T17:05:52,0.175
4,115-139,1774257041,2026-03-23T17:10:41,0.165
4,115-139,1774257326,2026-03-23T17:15:26,0.165
4,115-139,1774257630,2026-03-23T17:20:30,0.165
4,115-139,1774257939,2026-03-23T17:25:39,0.165
4,115-139,1774258232,2026-03-23T17:30:32,0.165
4,115-139,1774258528,2026-03-23T17:35:28,0.165
4,115-139,1774258825,2026-03-23T17:40:25,0.165
4,115-139,1774259128,2026-03-23T17:45:28,0.165
4,115-139,1774259440,2026-03-23T17:50:40,0.165
4,115-139,1774259725,2026-03-23T17:55:25,0.165
4,115-139,1774260328,2026-03-23T18:05:28,0.165
4,115-139,1774260626,2026-03-23T18:10:26,0.165
4,115-139,1774260925,2026-03-23T18:15:25,0.165
4,115-139,1774261226,2026-03-23T18:20:26,0.165
4,115-139,1774261530,2026-03-23T18:25:30,0.165
4,115-139,1774261830,2026-03-23T18:30:30,0.165
4,115-139,1774262126,2026-03-23T18:35:26,0.165
4,115-139,1774262428,2026-03-23T18:40:28,0.165
4,115-139,1774262732,2026-03-23T18:45:32,0.165
4,115-139,1774263030,2026-03-23T18:50:30,0.165
4,115-139,1774263329,2026-03-23T18:55:29,0.165
4,115-139,1774263939,2026-03-23T19:05:39,0.165
4,115-139,1774264230,2026-03-23T19:10:30,0.165
4,115-139,1774264544,2026-03-23T19:15:44,0.165
4,115-139,1774264827,2026-03-23T19:20:27,0.165
4,115-139,1774265128,2026-03-23T19:25:28,0.165
4,115-139,1774265446,2026-03-23T19:30:46,0.165
4,115-139,1774265728,2026-03-23T19:35:28,0.165
4,115-139,1774266035,2026-03-23T19:40:35,0.165
4,115-139,1774266326,2026-03-23T19:45:26,0.18
4,115-139,1774266625,2026-03-23T19:50:25,0.18
4,115-139,1774266925,2026-03-23T19:55:25,0.175
4,115-139,1774267538,2026-03-23T20:05:38,0.175
4,115-139,1774267828,2026-03-23T20:10:28,0.175
4,115-139,1774268128,2026-03-23T20:15:28,0.175
4,115-139,1774268433,2026-03-23T20:20:33,0.165
4,115-139,1774268731,2026-03-23T20:25:31,0.155
4,115-139,1774269037,2026-03-23T20:30:37,0.155
4,115-139,1774269332,2026-03-23T20:35:32,0.155
4,115-139,1774269631,2026-03-23T20:40:31,0.155
4,115-139,1774269929,2026-03-23T20:45:29,0.17
4,115-139,1774270247,2026-03-23T20:50:47,0.17
4,115-139,1774270529,2026-03-23T20:55:29,0.17
4,115-139,1774271139,2026-03-23T21:05:39,0.17
4,115-139,1774271443,2026-03-23T21:10:43,0.16
4,115-139,1774271730,2026-03-23T21:15:30,0.165
4,115-139,1774272041,2026-03-23T21:20:41,0.165
4,115-139,1774272329,2026-03-23T21:25:29,0.165
4,115-139,1774272635,2026-03-23T21:30:35,0.175
4,115-139,1774272928,2026-03-23T21:35:28,0.17
4,115-139,1774273230,2026-03-23T21:40:30,0.17
4,115-139,1774273530,2026-03-23T21:45:30,0.17
4,115-139,1774273848,2026-03-23T21:50:48,0.17
4,115-139,1774274132,2026-03-23T21:55:32,0.175
4,115-139,1774274735,2026-03-23T22:05:35,0.175
4,115-139,1774275035,2026-03-23T22:10:35,0.175
4,115-139,1774275334,2026-03-23T22:15:34,0.175
4,115-139,1774275625,2026-03-23T22:20:25,0.175
4,115-139,1774275939,2026-03-23T22:25:39,0.165
4,115-139,1774276229,2026-03-23T22:30:29,0.165
4,115-139,1774276526,2026-03-23T22:35:26,0.165
4,115-139,1774276827,2026-03-23T22:40:27,0.16
4,115-139,1774277125,2026-03-23T22:45:25,0.165
4,115-139,1774277426,2026-03-23T22:50:26,0.165
4,115-139,1774277736,2026-03-23T22:55:36,0.165
4,115-139,1774278327,2026-03-23T23:05:27,0.175
4,115-139,1774278625,2026-03-23T23:10:25,0.175
4,115-139,1774278925,2026-03-23T23:15:25,0.165
4,115-139,1774279226,2026-03-23T23:20:26,0.165
4,115-139,1774279525,2026-03-23T23:25:25,0.165
4,115-139,1774279838,2026-03-23T23:30:38,0.165
4,115-139,1774280126,2026-03-23T23:35:26,0.165
4,115-139,1774280425,2026-03-23T23:40:25,0.155
4,115-139,1774280726,2026-03-23T23:45:26,0.16
4,115-139,1774281025,2026-03-23T23:50:25,0.155
4,115-139,1774281327,2026-03-23T23:55:27,0.155
4,115-139,1774281926,2026-03-24T00:05:26,0.155
4,115-139,1774282227,2026-03-24T00:10:27,0.155
4,115-139,1774282526,2026-03-24T00:15:26,0.155
4,115-139,1774282826,2026-03-24T00:20:26,0.155
4,115-139,1774283129,2026-03-24T00:25:29,0.155
4,115-139,1774283441,2026-03-24T00:30:41,0.155
4,115-139,1774283726,2026-03-24T00:35:26,0.155
4,115-139,1774284026,2026-03-24T00:40:26,0.155
4,115-139,1774284327,2026-03-24T00:45:27,0.155
4,115-139,1774284636,2026-03-24T00:50:36,0.155
4,115-139,1774284926,2026-03-24T00:55:26,0.155
4,115-139,1774285528,2026-03-24T01:05:28,0.155
4,115-139,1774285827,2026-03-24T01:10:27,0.155
4,115-139,1774286129,2026-03-24T01:15:29,0.155
4,115-139,1774286427,2026-03-24T01:20:27,0.155
4,115-139,1774286741,2026-03-24T01:25:41,0.155
4,115-139,1774287031,2026-03-24T01:30:31,0.155
4,115-139,1774287326,2026-03-24T01:35:26,0.155
4,115-139,1774287651,2026-03-24T01:40:51,0.155
4,115-139,1774287927,2026-03-24T01:45:27,0.155
4,115-139,1774288226,2026-03-24T01:50:26,0.145
4,115-139,1774288526,2026-03-24T01:55:26,0.145
4,115-139,1774289126,2026-03-24T02:05:26,0.135
4,115-139,1774289428,2026-03-24T02:10:28,0.135
4,115-139,1774289728,2026-03-24T02:15:28,0.135
4,115-139,1774290039,2026-03-24T02:20:39,0.135
4,115-139,1774290327,2026-03-24T02:25:27,0.135
4,115-139,1774290634,2026-03-24T02:30:34,0.125
4,115-139,1774290929,2026-03-24T02:35:29,0.125
4,115-139,1774291241,2026-03-24T02:40:41,0.115
4,115-139,1774291528,2026-03-24T02:45:28,0.115
4,115-139,1774291828,2026-03-24T02:50:28,0.105
4,115-139,1774292129,2026-03-24T02:55:29,0.105
4,115-139,1774292731,2026-03-24T03:05:31,0.11
4,115-139,1774293028,2026-03-24T03:10:28,0.125
4,115-139,1774293330,2026-03-24T03:15:30,0.125
4,115-139,1774293633,2026-03-24T03:20:33,0.125
4,115-139,1774293929,2026-03-24T03:25:29,0.125
4,115-139,1774294234,2026-03-24T03:30:34,0.13
4,115-139,1774294532,2026-03-24T03:35:32,0.125
4,115-139,1774294828,2026-03-24T03:40:28,0.115
4,115-139,1774295131,2026-03-24T03:45:31,0.12
4,115-139,1774295433,2026-03-24T03:50:33,0.12
4,115-139,1774295731,2026-03-24T03:55:31,0.13
4,115-139,1774296331,2026-03-24T04:05:31,0.13
4,115-139,1774296631,2026-03-24T04:10:31,0.13
4,115-139,1774296927,2026-03-24T04:15:27,0.13
4,115-139,1774297233,2026-03-24T04:20:33,0.135
4,115-139,1774297532,2026-03-24T04:25:32,0.135
4,115-139,1774297835,2026-03-24T04:30:35,0.135
4,115-139,1774298129,2026-03-24T04:35:29,0.135
4,115-139,1774298429,2026-03-24T04:40:29,0.135
4,115-139,1774298728,2026-03-24T04:45:28,0.13
4,115-139,1774299031,2026-03-24T04:50:31,0.125
4,115-139,1774299329,2026-03-24T04:55:29,0.115
4,115-139,1774299927,2026-03-24T05:05:27,0.115
4,115-139,1774300230,2026-03-24T05:10:30,0.11
4,115-139,1774300543,2026-03-24T05:15:43,0.11
4,115-139,1774300827,2026-03-24T05:20:27,0.11
4,115-139,1774301126,2026-03-24T05:25:26,0.11
4,115-139,1774301437,2026-03-24T05:30:37,0.11
4,115-139,1774301729,2026-03-24T05:35:29,0.11
4,115-139,1774302030,2026-03-24T05:40:30,0.11
4,115-139,1774302329,2026-03-24T05:45:29,0.11
4,115-139,1774302627,2026-03-24T05:50:27,0.11
4,115-139,1774302927,2026-03-24T05:55:27,0.115
4,115-139,1774303540,2026-03-24T06:05:40,0.11
4,115-139,1774303829,2026-03-24T06:10:29,0.11
4,115-139,1774304132,2026-03-24T06:15:32,0.105
4,115-139,1774304427,2026-03-24T06:20:27,0.105
4,115-139,1774304728,2026-03-24T06:25:28,0.105
4,115-139,1774305036,2026-03-24T06:30:36,0.105
4,115-139,1774305329,2026-03-24T06:35:29,0.105
4,115-139,1774305629,2026-03-24T06:40:29,0.105
4,115-139,1774305930,2026-03-24T06:45:30,0.11
4,115-139,1774306241,2026-03-24T06:50:41,0.105
4,115-139,1774306530,2026-03-24T06:55:30,0.105
4,115-139,1774307131,2026-03-24T07:05:31,0.105
4,115-139,1774307434,2026-03-24T07:10:34,0.105
4,115-139,1774307728,2026-03-24T07:15:28,0.105
4,115-139,1774308032,2026-03-24T07:20:32,0.1
4,115-139,1774308333,2026-03-24T07:25:33,0.1
4,115-139,1774308638,2026-03-24T07:30:38,0.095
4,115-139,1774308930,2026-03-24T07:35:30,0.095
4,115-139,1774309229,2026-03-24T07:40:29,0.095
4,115-139,1774309531,2026-03-24T07:45:31,0.095
4,115-139,1774309832,2026-03-24T07:50:32,0.095
4,115-139,1774310145,2026-03-24T07:55:45,0.095
4,115-139,1774310729,2026-03-24T08:05:29,0.085
4,115-139,1774311027,2026-03-24T08:10:27,0.085
4,115-139,1774311328,2026-03-24T08:15:28,0.085
4,115-139,1774311629,2026-03-24T08:20:29,0.09
4,115-139,1774311929,2026-03-24T08:25:29,0.09
4,115-139,1774312227,2026-03-24T08:30:27,0.09
4,115-139,1774312526,2026-03-24T08:35:26,0.09
4,115-139,1774312829,2026-03-24T08:40:29,0.095
4,115-139,1774313126,2026-03-24T08:45:26,0.09
4,115-139,1774313426,2026-03-24T08:50:26,0.085
4,115-139,1774313726,2026-03-24T08:55:26,0.085
4,115-139,1774314326,2026-03-24T09:05:26,0.085
4,115-139,1774314629,2026-03-24T09:10:29,0.085
4,115-139,1774314927,2026-03-24T09:15:27,0.085
4,115-139,1774315226,2026-03-24T09:20:26,0.085
4,115-139,1774315543,2026-03-24T09:25:43,0.085
4,115-139,1774315829,2026-03-24T09:30:29,0.085
4,115-139,1774316127,2026-03-24T09:35:27,0.085
4,115-139,1774316426,2026-03-24T09:40:26,0.075
4,115-139,1774316732,2026-03-24T09:45:32,0.075
4,115-139,1774317029,2026-03-24T09:50:29,0.075
4,115-139,1774317327,2026-03-24T09:55:27,0.075
4,115-139,1774317926,2026-03-24T10:05:26,0.075
4,115-139,1774318229,2026-03-24T10:10:29,0.075
4,115-139,1774318527,2026-03-24T10:15:27,0.075
4,115-139,1774318827,2026-03-24T10:20:27,0.075
4,115-139,1774319132,2026-03-24T10:25:32,0.075
4,115-139,1774319428,2026-03-24T10:30:28,0.075
4,115-139,1774319727,2026-03-24T10:35:27,0.075
4,115-139,1774320028,2026-03-24T10:40:28,0.075
4,115-139,1774320328,2026-03-24T10:45:28,0.075
4,115-139,1774320627,2026-03-24T10:50:27,0.075
4,115-139,1774320926,2026-03-24T10:55:26,0.075
4,115-139,1774321535,2026-03-24T11:05:35,0.075
4,115-139,1774321830,2026-03-24T11:10:30,0.075
4,115-139,1774322131,2026-03-24T11:15:31,0.075
4,115-139,1774322431,2026-03-24T11:20:31,0.075
4,115-139,1774322727,2026-03-24T11:25:27,0.065
4,115-139,1774323029,2026-03-24T11:30:29,0.065
4,115-139,1774323331,2026-03-24T11:35:31,0.065
4,115-139,1774323629,2026-03-24T11:40:29,0.065
4,115-139,1774323927,2026-03-24T11:45:27,0.065
4,115-139,1774324240,2026-03-24T11:50:40,0.065
4,115-139,1774324527,2026-03-24T11:55:27,0.065
4,115-139,1774325127,2026-03-24T12:05:27,0.065
4,115-139,1774325427,2026-03-24T12:10:27,0.065
4,115-139,1774325727,2026-03-24T12:15:27,0.065
4,115-139,1774326030,2026-03-24T12:20:30,0.065
4,115-139,1774326338,2026-03-24T12:25:38,0.065
4,115-139,1774326630,2026-03-24T12:30:30,0.065
4,115-139,1774326929,2026-03-24T12:35:29,0.065
4,115-139,1774327227,2026-03-24T12:40:27,0.07
4,115-139,1774327527,2026-03-24T12:45:27,0.07
4,115-139,1774327832,2026-03-24T12:50:32,0.075
4,115-139,1774328128,2026-03-24T12:55:28,0.075
4,115-139,1774328727,2026-03-24T13:05:27,0.075
4,115-139,1774329027,2026-03-24T13:10:27,0.07
4,115-139,1774329328,2026-03-24T13:15:28,0.07
4,115-139,1774329641,2026-03-24T13:20:41,0.07
4,115-139,1774329928,2026-03-24T13:25:28,0.07
4,115-139,1774330232,2026-03-24T13:30:32,0.07
4,115-139,1774330540,2026-03-24T13:35:40,0.07
4,115-139,1774330829,2026-03-24T13:40:29,0.07
4,115-139,1774331130,2026-03-24T13:45:30,0.07
4,115-139,1774331430,2026-03-24T13:50:30,0.07
4,115-139,1774331731,2026-03-24T13:55:31,0.07
4,115-139,1774332327,2026-03-24T14:05:27,0.07
4,115-139,1774332627,2026-03-24T14:10:27,0.075
4,115-139,1774332927,2026-03-24T14:15:27,0.075
4,115-139,1774333232,2026-03-24T14:20:32,0.075
4,115-139,1774333528,2026-03-24T14:25:28,0.075
4,115-139,1774333831,2026-03-24T14:30:31,0.07
4,115-139,1774334149,2026-03-24T14:35:49,0.07
4,115-139,1774334427,2026-03-24T14:40:27,0.07
4,115-139,1774334731,2026-03-24T14:45:31,0.07
4,115-139,1774335030,2026-03-24T14:50:30,0.07
4,115-139,1774335332,2026-03-24T14:55:32,0.07
4,115-139,1774335929,2026-03-24T15:05:29,0.07
4,115-139,1774336227,2026-03-24T15:10:27,0.065
4,115-139,1774336544,2026-03-24T15:15:44,0.065
4,115-139,1774336830,2026-03-24T15:20:30,0.065
4,115-139,1774337128,2026-03-24T15:25:28,0.065
4,115-139,1774337430,2026-03-24T15:30:30,0.065
4,115-139,1774337727,2026-03-24T15:35:27,0.065
4,115-139,1774338048,2026-03-24T15:40:48,0.065
4,115-139,1774338330,2026-03-24T15:45:30,0.065
4,115-139,1774338627,2026-03-24T15:50:27,0.065
4,115-139,1774338930,2026-03-24T15:55:30,0.065
4,115-139,1774339531,2026-03-24T16:05:31,0.065
4,115-139,1774339829,2026-03-24T16:10:29,0.065
4,115-139,1774340130,2026-03-24T16:15:30,0.065
4,115-139,1774340429,2026-03-24T16:20:29,0.065
4,115-139,1774340739,2026-03-24T16:25:39,0.065
4,115-139,1774341033,2026-03-24T16:30:33,0.065
4,115-139,1774341327,2026-03-24T16:35:27,0.065
4,115-139,1774341639,2026-03-24T16:40:39,0.065
4,115-139,1774341931,2026-03-24T16:45:31,0.065
4,115-139,1774342230,2026-03-24T16:50:30,0.065
4,115-139,1774342529,2026-03-24T16:55:29,0.065
4,115-139,1774343127,2026-03-24T17:05:27,0.065
4,115-139,1774343429,2026-03-24T17:10:29,0.065
4,115-139,1774343727,2026-03-24T17:15:27,0.065
4,115-139,1774344031,2026-03-24T17:20:31,0.065
4,115-139,1774344329,2026-03-24T17:25:29,0.065
4,115-139,1774344630,2026-03-24T17:30:30,0.065
4,115-139,1774344926,2026-03-24T17:35:26,0.065
4,115-139,1774345241,2026-03-24T17:40:41,0.065
4,115-139,1774345530,2026-03-24T17:45:30,0.065
4,115-139,1774345831,2026-03-24T17:50:31,0.065
4,115-139,1774346140,2026-03-24T17:55:40,0.065
4,115-139,1774346728,2026-03-24T18:05:28,0.065
4,115-139,1774347038,2026-03-24T18:10:38,0.065
4,115-139,1774347331,2026-03-24T18:15:31,0.065
4,115-139,1774347645,2026-03-24T18:20:45,0.065
4,115-139,1774347931,2026-03-24T18:25:31,0.065
4,115-139,1774348229,2026-03-24T18:30:29,0.065
4,115-139,1774348533,2026-03-24T18:35:33,0.065
4,115-139,1774348846,2026-03-24T18:40:46,0.065
4,115-139,1774349131,2026-03-24T18:45:31,0.065
4,115-139,1774349430,2026-03-24T18:50:30,0.065
4,115-139,1774349728,2026-03-24T18:55:28,0.065
4,115-139,1774350327,2026-03-24T19:05:27,0.065
4,115-139,1774350629,2026-03-24T19:10:29,0.065
4,115-139,1774350931,2026-03-24T19:15:31,0.065
4,115-139,1774351227,2026-03-24T19:20:27,0.065
4,115-139,1774351538,2026-03-24T19:25:38,0.065
4,115-139,1774351831,2026-03-24T19:30:31,0.065
4,115-139,1774352132,2026-03-24T19:35:32,0.065
4,115-139,1774352428,2026-03-24T19:40:28,0.065
4,115-139,1774352732,2026-03-24T19:45:32,0.065
4,115-139,1774353028,2026-03-24T19:50:28,0.075
4,115-139,1774353329,2026-03-24T19:55:29,0.095
4,115-139,1774353931,2026-03-24T20:05:31,0.085
4,115-139,1774354218,2026-03-24T20:10:18,0.075
4,115-139,1774354256,2026-03-24T20:10:56,0.075
4,115-139,1774354529,2026-03-24T20:15:29,0.07
4,115-139,1774354832,2026-03-24T20:20:32,0.085
4,115-139,1774355130,2026-03-24T20:25:30,0.08
4,115-139,1774355433,2026-03-24T20:30:33,0.08
4,115-139,1774355729,2026-03-24T20:35:29,0.085
4,115-139,1774356030,2026-03-24T20:40:30,0.08
4,115-139,1774356333,2026-03-24T20:45:33,0.075
4,115-139,1774356630,2026-03-24T20:50:30,0.08
4,115-139,1774356941,2026-03-24T20:55:41,0.12
4,115-139,1774357530,2026-03-24T21:05:30,0.095
4,115-139,1774357830,2026-03-24T21:10:30,0.095
4,115-139,1774358134,2026-03-24T21:15:34,0.095
4,115-139,1774358429,2026-03-24T21:20:29,0.095
4,115-139,1774358732,2026-03-24T21:25:32,0.07
4,115-139,1774359034,2026-03-24T21:30:34,0.075
4,115-139,1774359330,2026-03-24T21:35:30,0.07
4,115-139,1774359633,2026-03-24T21:40:33,0.06
4,115-139,1774359934,2026-03-24T21:45:34,0.06
4,115-139,1774360246,2026-03-24T21:50:46,0.055
4,115-139,1774360530,2026-03-24T21:55:30,0.055
4,115-139,1774361130,2026-03-24T22:05:30,0.035
4,115-139,1774361447,2026-03-24T22:10:47,0.0345
4,115-139,1774361733,2026-03-24T22:15:33,0.0345
4,115-139,1774362031,2026-03-24T22:20:31,0.0355
4,115-139,1774362344,2026-03-24T22:25:44,0.035
4,115-139,1774362640,2026-03-24T22:30:40,0.0345
4,115-139,1774363234,2026-03-24T22:40:34,0.0335
4,115-139,1774363530,2026-03-24T22:45:30,0.033
4,115-139,1774363836,2026-03-24T22:50:36,0.0345
4,115-139,1774364133,2026-03-24T22:55:33,0.0345
4,115-139,1774364744,2026-03-24T23:05:44,0.0385
4,115-139,1774365033,2026-03-24T23:10:33,0.0365
4,115-139,1774365335,2026-03-24T23:15:35,0.031
4,115-139,1774365634,2026-03-24T23:20:34,0.0355
4,115-139,1774365931,2026-03-24T23:25:31,0.0275
4,115-139,1774366239,2026-03-24T23:30:39,0.0335
4,115-139,1774366533,2026-03-24T23:35:33,0.028
4,115-139,1774366831,2026-03-24T23:40:31,0.0255
4,115-139,1774367137,2026-03-24T23:45:37,0.025
4,115-139,1774367429,2026-03-24T23:50:29,0.0225
4,115-139,1774367729,2026-03-24T23:55:29,0.023
4,115-139,1774368331,2026-03-25T00:05:31,0.0205
4,115-139,1774368637,2026-03-25T00:10:37,0.022
4,115-139,1774368934,2026-03-25T00:15:34,0.0215
4,115-139,1774369234,2026-03-25T00:20:34,0.0215
4,115-139,1774369531,2026-03-25T00:25:31,0.0215
4,115-139,1774369834,2026-03-25T00:30:34,0.0215
4,115-139,1774370154,2026-03-25T00:35:54,0.0225
4,115-139,1774370430,2026-03-25T00:40:30,0.0215
4,115-139,1774370737,2026-03-25T00:45:37,0.0215
4,115-139,1774371031,2026-03-25T00:50:31,0.0215
4,115-139,1774371330,2026-03-25T00:55:30,0.021
4,115-139,1774371933,2026-03-25T01:05:33,0.0115
4,115-139,1774372236,2026-03-25T01:10:36,0.017
4,115-139,1774372533,2026-03-25T01:15:33,0.015
4,115-139,1774372834,2026-03-25T01:20:34,0.013
4,115-139,1774373131,2026-03-25T01:25:31,0.0205
4,115-139,1774373446,2026-03-25T01:30:46,0.016
4,115-139,1774373730,2026-03-25T01:35:30,0.0155
4,115-139,1774374032,2026-03-25T01:40:32,0.0155
4,115-139,1774374331,2026-03-25T01:45:31,0.0155
4,115-139,1774374633,2026-03-25T01:50:33,0.0155
4,115-139,1774374931,2026-03-25T01:55:31,0.0155
4,115-139,1774375533,2026-03-25T02:05:33,0.017
4,115-139,1774375830,2026-03-25T02:10:30,0.0155
4,115-139,1774376132,2026-03-25T02:15:32,0.0155
4,115-139,1774376432,2026-03-25T02:20:32,0.0185
4,115-139,1774376736,2026-03-25T02:25:36,0.0165
4,115-139,1774377035,2026-03-25T02:30:35,0.0135
4,115-139,1774377333,2026-03-25T02:35:33,0.0135
4,115-139,1774377633,2026-03-25T02:40:33,0.012
4,115-139,1774377934,2026-03-25T02:45:34,0.0115
4,115-139,1774378236,2026-03-25T02:50:36,0.0115
4,115-139,1774378533,2026-03-25T02:55:33,0.0105
4,115-139,1774379136,2026-03-25T03:05:36,0.0105
4,115-139,1774379431,2026-03-25T03:10:31,0.0105
4,115-139,1774379732,2026-03-25T03:15:32,0.0105
4,115-139,1774380035,2026-03-25T03:20:35,0.0115
4,115-139,1774380331,2026-03-25T03:25:31,0.0105
4,115-139,1774380638,2026-03-25T03:30:38,0.0095
4,115-139,1774380932,2026-03-25T03:35:32,0.0085
4,115-139,1774381232,2026-03-25T03:40:32,0.0085
4,115-139,1774381538,2026-03-25T03:45:38,0.0095
4,115-139,1774381831,2026-03-25T03:50:31,0.009
4,115-139,1774382132,2026-03-25T03:55:32,0.008
4,115-139,1774382734,2026-03-25T04:05:34,0.007
4,115-139,1774383034,2026-03-25T04:10:34,0.0065
4,115-139,1774383335,2026-03-25T04:15:35,0.0065
4,115-139,1774383634,2026-03-25T04:20:34,0.0065
4,115-139,1774383934,2026-03-25T04:25:34,0.0045
4,115-139,1774384237,2026-03-25T04:30:37,0.0035
4,115-139,1774384534,2026-03-25T04:35:34,0.0035
4,115-139,1774384845,2026-03-25T04:40:45,0.0035
4,115-139,1774385132,2026-03-25T04:45:32,0.0035
4,115-139,1774385436,2026-03-25T04:50:36,0.0035
4,115-139,1774385730,2026-03-25T04:55:30,0.0035
4,115-139,1774386329,2026-03-25T05:05:29,0.0035
4,115-139,1774386632,2026-03-25T05:10:32,0.0035
4,115-139,1774386930,2026-03-25T05:15:30,0.003
4,115-139,1774387232,2026-03-25T05:20:32,0.003
4,115-139,1774387530,2026-03-25T05:25:30,0.003
4,115-139,1774387836,2026-03-25T05:30:36,0.003
4,115-139,1774388132,2026-03-25T05:35:32,0.0035
4,115-139,1774388437,2026-03-25T05:40:37,0.0035
4,115-139,1774388729,2026-03-25T05:45:29,0.0035
4,115-139,1774389059,2026-03-25T05:50:59,0.0035
4,115-139,1774389333,2026-03-25T05:55:33,0.0035
4,115-139,1774389930,2026-03-25T06:05:30,0.0035
4,115-139,1774390233,2026-03-25T06:10:33,0.0035
4,115-139,1774390531,2026-03-25T06:15:31,0.0035
4,115-139,1774390843,2026-03-25T06:20:43,0.0035
4,115-139,1774391129,2026-03-25T06:25:29,0.0035
4,115-139,1774391438,2026-03-25T06:30:38,0.0035
4,115-139,1774391731,2026-03-25T06:35:31,0.0035
4,115-139,1774392032,2026-03-25T06:40:32,0.0035
4,115-139,1774392331,2026-03-25T06:45:31,0.0035
4,115-139,1774392634,2026-03-25T06:50:34,0.0035
4,115-139,1774392932,2026-03-25T06:55:32,0.0035
4,115-139,1774393532,2026-03-25T07:05:32,0.0035
4,115-139,1774393832,2026-03-25T07:10:32,0.003
4,115-139,1774394134,2026-03-25T07:15:34,0.0025
4,115-139,1774394432,2026-03-25T07:20:32,0.0025
4,115-139,1774394732,2026-03-25T07:25:32,0.0025
4,115-139,1774395039,2026-03-25T07:30:39,0.0025
4,115-139,1774395332,2026-03-25T07:35:32,0.0025
4,115-139,1774395637,2026-03-25T07:40:37,0.0025
4,115-139,1774395934,2026-03-25T07:45:34,0.0025
4,115-139,1774396233,2026-03-25T07:50:33,0.0025
4,115-139,1774396543,2026-03-25T07:55:43,0.004
4,115-139,1774397133,2026-03-25T08:05:33,0.004
4,115-139,1774397438,2026-03-25T08:10:38,0.0035
4,115-139,1774397732,2026-03-25T08:15:32,0.002
4,115-139,1774398034,2026-03-25T08:20:34,0.0025
4,115-139,1774398330,2026-03-25T08:25:30,0.0025
4,115-139,1774398635,2026-03-25T08:30:35,0.0025
4,115-139,1774398942,2026-03-25T08:35:42,0.0025
4,115-139,1774399233,2026-03-25T08:40:33,0.0025
4,115-139,1774399533,2026-03-25T08:45:33,0.0015
4,115-139,1774399836,2026-03-25T08:50:36,0.0025
4,115-139,1774400135,2026-03-25T08:55:35,0.002
4,115-139,1774400733,2026-03-25T09:05:33,0.0025
4,115-139,1774401031,2026-03-25T09:10:31,0.0025
4,115-139,1774401333,2026-03-25T09:15:33,0.0025
4,115-139,1774401636,2026-03-25T09:20:36,0.0025
4,115-139,1774401943,2026-03-25T09:25:43,0.0025
4,115-139,1774402234,2026-03-25T09:30:34,0.0025
4,115-139,1774402536,2026-03-25T09:35:36,0.0025
4,115-139,1774402833,2026-03-25T09:40:33,0.0025
4,115-139,1774403133,2026-03-25T09:45:33,0.0025
4,115-139,1774403429,2026-03-25T09:50:29,0.0025
4,115-139,1774403735,2026-03-25T09:55:35,0.0025
4,115-139,1774404344,2026-03-25T10:05:44,0.0025
4,115-139,1774404635,2026-03-25T10:10:35,0.0025
4,115-139,1774404933,2026-03-25T10:15:33,0.0025
4,115-139,1774405235,2026-03-25T10:20:35,0.0025
4,115-139,1774405535,2026-03-25T10:25:35,0.0025
4,115-139,1774405837,2026-03-25T10:30:37,0.0025
4,115-139,1774406134,2026-03-25T10:35:34,0.0035
4,115-139,1774406442,2026-03-25T10:40:42,0.0035
4,115-139,1774406732,2026-03-25T10:45:32,0.0035
4,115-139,1774407031,2026-03-25T10:50:31,0.0035
4,115-139,1774407331,2026-03-25T10:55:31,0.0035
4,115-139,1774407935,2026-03-25T11:05:35,0.0035
4,115-139,1774408237,2026-03-25T11:10:37,0.0035
4,115-139,1774408535,2026-03-25T11:15:35,0.0035
4,115-139,1774408831,2026-03-25T11:20:31,0.003
4,115-139,1774409134,2026-03-25T11:25:34,0.002
4,115-139,1774409436,2026-03-25T11:30:36,0.002
4,115-139,1774409736,2026-03-25T11:35:36,0.002
4,115-139,1774410035,2026-03-25T11:40:35,0.002
4,115-139,1774410331,2026-03-25T11:45:31,0.002
4,115-139,1774410631,2026-03-25T11:50:31,0.002
4,115-139,1774410932,2026-03-25T11:55:32,0.002
4,115-139,1774411534,2026-03-25T12:05:34,0.002
4,115-139,1774411834,2026-03-25T12:10:34,0.002
4,115-139,1774412133,2026-03-25T12:15:33,0.0015
4,115-139,1774412433,2026-03-25T12:20:33,0.0015
4,115-139,1774412731,2026-03-25T12:25:31,0.0015
4,115-139,1774413051,2026-03-25T12:30:51,0.0015
4,115-139,1774413333,2026-03-25T12:35:33,0.0015
4,115-139,1774413633,2026-03-25T12:40:33,0.0015
4,115-139,1774413934,2026-03-25T12:45:34,0.0015
4,115-139,1774414236,2026-03-25T12:50:36,0.0025
4,115-139,1774414533,2026-03-25T12:55:33,0.0025
4,115-139,1774415132,2026-03-25T13:05:32,0.0015
4,115-139,1774415436,2026-03-25T13:10:36,0.0025
4,115-139,1774415700,2026-03-25T13:15:00,0.0025
4,115-139,1774415743,2026-03-25T13:15:43,0.0035
4,115-139,1774416033,2026-03-25T13:20:33,0.0025
4,115-139,1774416334,2026-03-25T13:25:34,0.0035
4,115-139,1774416638,2026-03-25T13:30:38,0.0035
4,115-139,1774416935,2026-03-25T13:35:35,0.0035
4,115-139,1774417233,2026-03-25T13:40:33,0.0015
4,115-139,1774417532,2026-03-25T13:45:32,0.0015
4,115-139,1774417834,2026-03-25T13:50:34,0.0015
4,115-139,1774418132,2026-03-25T13:55:32,0.0015
4,115-139,1774418733,2026-03-25T14:05:33,0.0015
4,115-139,1774419031,2026-03-25T14:10:31,0.002
4,115-139,1774419331,2026-03-25T14:15:31,0.0015
4,115-139,1774419634,2026-03-25T14:20:34,0.0015
4,115-139,1774419946,2026-03-25T14:25:46,0.0015
4,115-139,1774420240,2026-03-25T14:30:40,0.0015
4,115-139,1774420548,2026-03-25T14:35:48,0.0015
4,115-139,1774420830,2026-03-25T14:40:30,0.0015
4,115-139,1774421135,2026-03-25T14:45:35,0.0015
4,115-139,1774421435,2026-03-25T14:50:35,0.0015
4,115-139,1774421732,2026-03-25T14:55:32,0.0015
4,115-139,1774422335,2026-03-25T15:05:35,0.0015
4,115-139,1774422635,2026-03-25T15:10:35,0.002
4,115-139,1774422936,2026-03-25T15:15:36,0.0015
4,115-139,1774423232,2026-03-25T15:20:32,0.0015
4,115-139,1774423534,2026-03-25T15:25:34,0.0015
4,115-139,1774423836,2026-03-25T15:30:36,0.0015
4,115-139,1774424134,2026-03-25T15:35:34,0.0015
4,115-139,1774424438,2026-03-25T15:40:38,0.0015
4,115-139,1774424734,2026-03-25T15:45:34,0.0015
4,115-139,1774425033,2026-03-25T15:50:33,0.0015
4,115-139,1774425332,2026-03-25T15:55:32,0.0015
4,115-139,1774425948,2026-03-25T16:05:48,0.0015
4,115-139,1774426234,2026-03-25T16:10:34,0.0015
4,115-139,1774426534,2026-03-25T16:15:34,0.0015
4,115-139,1774426843,2026-03-25T16:20:43,0.0015
4,115-139,1774427130,2026-03-25T16:25:30,0.0015
4,115-139,1774427434,2026-03-25T16:30:34,0.0015
4,115-139,1774427735,2026-03-25T16:35:35,0.0015
4,115-139,1774428031,2026-03-25T16:40:31,0.0015
4,115-139,1774428334,2026-03-25T16:45:34,0.0015
4,115-139,1774428635,2026-03-25T16:50:35,0.0015
4,115-139,1774428930,2026-03-25T16:55:30,0.0015
4,115-139,1774429533,2026-03-25T17:05:33,0.0015
4,115-139,1774429834,2026-03-25T17:10:34,0.0015
4,115-139,1774430135,2026-03-25T17:15:35,0.0015
4,115-139,1774430432,2026-03-25T17:20:32,0.0015
4,115-139,1774430733,2026-03-25T17:25:33,0.0015
4,115-139,1774431039,2026-03-25T17:30:39,0.0015
4,115-139,1774431333,2026-03-25T17:35:33,0.0015
4,115-139,1774431650,2026-03-25T17:40:50,0.0015
4,115-139,1774431935,2026-03-25T17:45:35,0.0015
4,115-139,1774432230,2026-03-25T17:50:30,0.0005
4,115-139,1774432530,2026-03-25T17:55:30,0.0005
4,115-139,1774433133,2026-03-25T18:05:33,0.0005
4,115-139,1774433436,2026-03-25T18:10:36,0.0005
4,115-139,1774433732,2026-03-25T18:15:32,0.0005
4,115-139,1774434033,2026-03-25T18:20:33,0.0005
4,115-139,1774434336,2026-03-25T18:25:36,0.0005
4,115-139,1774434637,2026-03-25T18:30:37,0.0005
4,115-139,1774434937,2026-03-25T18:35:37,0.0005
4,115-139,1774435233,2026-03-25T18:40:33,0.0005
4,115-139,1774435533,2026-03-25T18:45:33,0.0005
4,115-139,1774435832,2026-03-25T18:50:32,0.0005
4,115-139,1774436132,2026-03-25T18:55:32,0.0005
4,115-139,1774436745,2026-03-25T19:05:45,0.0005
4,115-139,1774437035,2026-03-25T19:10:35,0.0005
4,115-139,1774437332,2026-03-25T19:15:32,0.0005
4,115-139,1774437646,2026-03-25T19:20:46,0.0005
4,115-139,1774437933,2026-03-25T19:25:33,0.0005
4,115-139,1774438236,2026-03-25T19:30:36,0.0005
4,115-139,1774438533,2026-03-25T19:35:33,0.0005
4,115-139,1774438831,2026-03-25T19:40:31,0.0005
4,115-139,1774439134,2026-03-25T19:45:34,0.0005
4,115-139,1774439436,2026-03-25T19:50:36,0.0005
4,115-139,1774439732,2026-03-25T19:55:32,0.0015
4,115-139,1774440330,2026-03-25T20:05:30,0.0005
4,115-139,1774440633,2026-03-25T20:10:33,0.0005
4,115-139,1774440937,2026-03-25T20:15:37,0.001
4,115-139,1774441243,2026-03-25T20:20:43,0.0005
4,115-139,1774441536,2026-03-25T20:25:36,0.0005
4,115-139,1774441842,2026-03-25T20:30:42,0.0005
4,115-139,1774442131,2026-03-25T20:35:31,0.0005
4,115-139,1774442435,2026-03-25T20:40:35,0.0005
4,115-139,1774442732,2026-03-25T20:45:32,0.0005
4,115-139,1774443036,2026-03-25T20:50:36,0.0005
4,115-139,1774443334,2026-03-25T20:55:34,0.0005
4,115-139,1774443934,2026-03-25T21:05:34,0.0005
4,115-139,1774444234,2026-03-25T21:10:34,0.0005
4,115-139,1774444533,2026-03-25T21:15:33,0.0005
4,115-139,1774444832,2026-03-25T21:20:32,0.0005
4,115-139,1774445133,2026-03-25T21:25:33,0.0005
4,115-139,1774445445,2026-03-25T21:30:45,0.0005
4,115-139,1774445751,2026-03-25T21:35:51,0.0005
4,115-139,1774446032,2026-03-25T21:40:32,0.0005
4,115-139,1774446334,2026-03-25T21:45:34,0.0005
4,115-139,1774446638,2026-03-25T21:50:38,0.0005
4,115-139,1774446935,2026-03-25T21:55:35,0.0005
4,115-139,1774447535,2026-03-25T22:05:35,0.0005
4,115-139,1774447835,2026-03-25T22:10:35,0.0005
4,115-139,1774448139,2026-03-25T22:15:39,0.0005
4,115-139,1774448437,2026-03-25T22:20:37,0.0005
4,115-139,1774448731,2026-03-25T22:25:31,0.0005
4,115-139,1774449042,2026-03-25T22:30:42,0.0005
4,115-139,1774449633,2026-03-25T22:40:33,0.0005
4,115-139,1774449934,2026-03-25T22:45:34,0.0005
4,115-139,1774450234,2026-03-25T22:50:34,0.0005
4,115-139,1774450534,2026-03-25T22:55:34,0.0005
4,115-139,1774451142,2026-03-25T23:05:42,0.0005
4,115-139,1774451436,2026-03-25T23:10:36,0.0005
4,115-139,1774451735,2026-03-25T23:15:35,0.0005
4,115-139,1774452036,2026-03-25T23:20:36,0.0005
4,115-139,1774452333,2026-03-25T23:25:33,0.0005
4,115-139,1774452639,2026-03-25T23:30:39,0.0005
4,115-139,1774452938,2026-03-25T23:35:38,0.0005
4,115-139,1774453232,2026-03-25T23:40:32,0.0005
4,115-139,1774453534,2026-03-25T23:45:34,0.0005
4,115-139,1774453835,2026-03-25T23:50:35,0.0005
4,115-139,1774454135,2026-03-25T23:55:35,0.0005
4,115-139,1774454735,2026-03-26T00:05:35,0.0005
4,115-139,1774455035,2026-03-26T00:10:35,0.0005
4,115-139,1774455351,2026-03-26T00:15:51,0.0005
4,115-139,1774455635,2026-03-26T00:20:35,0.0005
4,115-139,1774455935,2026-03-26T00:25:35,0.0005
4,115-139,1774456236,2026-03-26T00:30:36,0.0005
4,115-139,1774456535,2026-03-26T00:35:35,0.0005
4,115-139,1774456833,2026-03-26T00:40:33,0.0005
4,115-139,1774457133,2026-03-26T00:45:33,0.0005
4,115-139,1774457431,2026-03-26T00:50:31,0.0005
4,115-139,1774457735,2026-03-26T00:55:35,0.0005
4,115-139,1774458345,2026-03-26T01:05:45,0.0005
4,115-139,1774458633,2026-03-26T01:10:33,0.0005
4,115-139,1774458933,2026-03-26T01:15:33,0.0005
4,115-139,1774459245,2026-03-26T01:20:45,0.0005
4,115-139,1774459837,2026-03-26T01:30:37,0.0005
4,115-139,1774460135,2026-03-26T01:35:35,0.0005
4,115-139,1774460431,2026-03-26T01:40:31,0.0005
4,115-139,1774460734,2026-03-26T01:45:34,0.0005
4,115-139,1774461031,2026-03-26T01:50:31,0.0005
4,115-139,1774461333,2026-03-26T01:55:33,0.0005
4,115-139,1774461934,2026-03-26T02:05:34,0.0005
4,115-139,1774462247,2026-03-26T02:10:47,0.0005
4,115-139,1774462534,2026-03-26T02:15:34,0.0005
4,115-139,1774462834,2026-03-26T02:20:34,0.0005
4,115-139,1774463132,2026-03-26T02:25:32,0.0005
4,115-139,1774463449,2026-03-26T02:30:49,0.0005
4,115-139,1774463731,2026-03-26T02:35:31,0.0005
5,140-164,1774110027,2026-03-22T00:20:27,0.2
5,140-164,1774110326,2026-03-22T00:25:26,0.04
5,140-164,1774110641,2026-03-22T00:30:41,0.045
5,140-164,1774110926,2026-03-22T00:35:26,0.045
5,140-164,1774111227,2026-03-22T00:40:27,0.045
5,140-164,1774111525,2026-03-22T00:45:25,0.045
5,140-164,1774111824,2026-03-22T00:50:24,0.045
5,140-164,1774112127,2026-03-22T00:55:27,0.045
5,140-164,1774112727,2026-03-22T01:05:27,0.045
5,140-164,1774113028,2026-03-22T01:10:28,0.045
5,140-164,1774113327,2026-03-22T01:15:27,0.045
5,140-164,1774113626,2026-03-22T01:20:26,0.045
5,140-164,1774113925,2026-03-22T01:25:25,0.045
5,140-164,1774114238,2026-03-22T01:30:38,0.045
5,140-164,1774114526,2026-03-22T01:35:26,0.045
5,140-164,1774114830,2026-03-22T01:40:30,0.045
5,140-164,1774115127,2026-03-22T01:45:27,0.045
5,140-164,1774115435,2026-03-22T01:50:35,0.045
5,140-164,1774115723,2026-03-22T01:55:23,0.045
5,140-164,1774116326,2026-03-22T02:05:26,0.045
5,140-164,1774116626,2026-03-22T02:10:26,0.045
5,140-164,1774116924,2026-03-22T02:15:24,0.045
5,140-164,1774117226,2026-03-22T02:20:26,0.045
5,140-164,1774117525,2026-03-22T02:25:25,0.045
5,140-164,1774117828,2026-03-22T02:30:28,0.045
5,140-164,1774118126,2026-03-22T02:35:26,0.045
5,140-164,1774118423,2026-03-22T02:40:23,0.045
5,140-164,1774118726,2026-03-22T02:45:26,0.045
5,140-164,1774119025,2026-03-22T02:50:25,0.045
5,140-164,1774119337,2026-03-22T02:55:37,0.045
5,140-164,1774119923,2026-03-22T03:05:23,0.045
5,140-164,1774120223,2026-03-22T03:10:23,0.045
5,140-164,1774120527,2026-03-22T03:15:27,0.045
5,140-164,1774120825,2026-03-22T03:20:25,0.045
5,140-164,1774121125,2026-03-22T03:25:25,0.045
5,140-164,1774121426,2026-03-22T03:30:26,0.045
5,140-164,1774121736,2026-03-22T03:35:36,0.045
5,140-164,1774122027,2026-03-22T03:40:27,0.045
5,140-164,1774122323,2026-03-22T03:45:23,0.045
5,140-164,1774122625,2026-03-22T03:50:25,0.045
5,140-164,1774122925,2026-03-22T03:55:25,0.036
5,140-164,1774123526,2026-03-22T04:05:26,0.0375
5,140-164,1774123826,2026-03-22T04:10:26,0.0375
5,140-164,1774124126,2026-03-22T04:15:26,0.0375
5,140-164,1774124424,2026-03-22T04:20:24,0.0375
5,140-164,1774124726,2026-03-22T04:25:26,0.036
5,140-164,1774125038,2026-03-22T04:30:38,0.0365
5,140-164,1774125325,2026-03-22T04:35:25,0.0375
5,140-164,1774125623,2026-03-22T04:40:23,0.0375
5,140-164,1774125925,2026-03-22T04:45:25,0.046
5,140-164,1774126224,2026-03-22T04:50:24,0.047
5,140-164,1774126522,2026-03-22T04:55:22,0.0475
5,140-164,1774127125,2026-03-22T05:05:25,0.047
5,140-164,1774127423,2026-03-22T05:10:23,0.0465
5,140-164,1774127725,2026-03-22T05:15:25,0.047
5,140-164,1774128023,2026-03-22T05:20:23,0.0475
5,140-164,1774128323,2026-03-22T05:25:23,0.0475
5,140-164,1774128625,2026-03-22T05:30:25,0.0475
5,140-164,1774128926,2026-03-22T05:35:26,0.0475
5,140-164,1774129224,2026-03-22T05:40:24,0.047
5,140-164,1774129525,2026-03-22T05:45:25,0.047
5,140-164,1774129824,2026-03-22T05:50:24,0.0455
5,140-164,1774130126,2026-03-22T05:55:26,0.0465
5,140-164,1774130725,2026-03-22T06:05:25,0.048
5,140-164,1774131024,2026-03-22T06:10:24,0.048
5,140-164,1774131325,2026-03-22T06:15:25,0.048
5,140-164,1774131626,2026-03-22T06:20:26,0.043
5,140-164,1774131923,2026-03-22T06:25:23,0.0395
5,140-164,1774132225,2026-03-22T06:30:25,0.0395
5,140-164,1774132524,2026-03-22T06:35:24,0.042
5,140-164,1774132825,2026-03-22T06:40:25,0.0425
5,140-164,1774133123,2026-03-22T06:45:23,0.0425
5,140-164,1774133425,2026-03-22T06:50:25,0.0425
5,140-164,1774133724,2026-03-22T06:55:24,0.0425
5,140-164,1774134324,2026-03-22T07:05:24,0.0475
5,140-164,1774134626,2026-03-22T07:10:26,0.0475
5,140-164,1774134935,2026-03-22T07:15:35,0.0475
5,140-164,1774135226,2026-03-22T07:20:26,0.049
5,140-164,1774135525,2026-03-22T07:25:25,0.0535
5,140-164,1774135826,2026-03-22T07:30:26,0.0565
5,140-164,1774136124,2026-03-22T07:35:24,0.0595
5,140-164,1774136425,2026-03-22T07:40:25,0.065
5,140-164,1774136726,2026-03-22T07:45:26,0.0655
5,140-164,1774137038,2026-03-22T07:50:38,0.065
5,140-164,1774137323,2026-03-22T07:55:23,0.066
5,140-164,1774137924,2026-03-22T08:05:24,0.0655
5,140-164,1774138239,2026-03-22T08:10:39,0.0655
5,140-164,1774138525,2026-03-22T08:15:25,0.065
5,140-164,1774138839,2026-03-22T08:20:39,0.0655
5,140-164,1774139126,2026-03-22T08:25:26,0.0655
5,140-164,1774139425,2026-03-22T08:30:25,0.0655
5,140-164,1774139726,2026-03-22T08:35:26,0.066
5,140-164,1774140025,2026-03-22T08:40:25,0.067
5,140-164,1774140325,2026-03-22T08:45:25,0.0715
5,140-164,1774140627,2026-03-22T08:50:27,0.0695
5,140-164,1774140928,2026-03-22T08:55:28,0.0705
5,140-164,1774141525,2026-03-22T09:05:25,0.0725
5,140-164,1774141827,2026-03-22T09:10:27,0.074
5,140-164,1774142126,2026-03-22T09:15:26,0.0715
5,140-164,1774142426,2026-03-22T09:20:26,0.0715
5,140-164,1774142726,2026-03-22T09:25:26,0.0725
5,140-164,1774143026,2026-03-22T09:30:26,0.0725
5,140-164,1774143319,2026-03-22T09:35:19,0.073
5,140-164,1774143633,2026-03-22T09:40:33,0.074
5,140-164,1774143919,2026-03-22T09:45:19,0.071
5,140-164,1774144220,2026-03-22T09:50:20,0.071
5,140-164,1774144519,2026-03-22T09:55:19,0.0685
5,140-164,1774145120,2026-03-22T10:05:20,0.0685
5,140-164,1774145421,2026-03-22T10:10:21,0.068
5,140-164,1774145720,2026-03-22T10:15:20,0.0685
5,140-164,1774146018,2026-03-22T10:20:18,0.072
5,140-164,1774146320,2026-03-22T10:25:20,0.0725
5,140-164,1774146622,2026-03-22T10:30:22,0.074
5,140-164,1774146920,2026-03-22T10:35:20,0.0735
5,140-164,1774147219,2026-03-22T10:40:19,0.0735
5,140-164,1774147520,2026-03-22T10:45:20,0.0735
5,140-164,1774147819,2026-03-22T10:50:19,0.0735
5,140-164,1774148120,2026-03-22T10:55:20,0.0735
5,140-164,1774148720,2026-03-22T11:05:20,0.0735
5,140-164,1774149019,2026-03-22T11:10:19,0.0735
5,140-164,1774149319,2026-03-22T11:15:19,0.0735
5,140-164,1774149620,2026-03-22T11:20:20,0.073
5,140-164,1774149920,2026-03-22T11:25:20,0.073
5,140-164,1774150235,2026-03-22T11:30:35,0.0725
5,140-164,1774150520,2026-03-22T11:35:20,0.0755
5,140-164,1774150822,2026-03-22T11:40:22,0.0755
5,140-164,1774151121,2026-03-22T11:45:21,0.0755
5,140-164,1774151419,2026-03-22T11:50:19,0.0755
5,140-164,1774151719,2026-03-22T11:55:19,0.0755
5,140-164,1774152321,2026-03-22T12:05:21,0.0765
5,140-164,1774152621,2026-03-22T12:10:21,0.077
5,140-164,1774152921,2026-03-22T12:15:21,0.0765
5,140-164,1774153222,2026-03-22T12:20:22,0.0705
5,140-164,1774153521,2026-03-22T12:25:21,0.077
5,140-164,1774153822,2026-03-22T12:30:22,0.077
5,140-164,1774154121,2026-03-22T12:35:21,0.077
5,140-164,1774154419,2026-03-22T12:40:19,0.076
5,140-164,1774154719,2026-03-22T12:45:19,0.0785
5,140-164,1774155023,2026-03-22T12:50:23,0.0755
5,140-164,1774155320,2026-03-22T12:55:20,0.076
5,140-164,1774155919,2026-03-22T13:05:19,0.079
5,140-164,1774156222,2026-03-22T13:10:22,0.079
5,140-164,1774156520,2026-03-22T13:15:20,0.079
5,140-164,1774156821,2026-03-22T13:20:21,0.079
5,140-164,1774157121,2026-03-22T13:25:21,0.079
5,140-164,1774157422,2026-03-22T13:30:22,0.076
5,140-164,1774157719,2026-03-22T13:35:19,0.0725
5,140-164,1774158021,2026-03-22T13:40:21,0.0745
5,140-164,1774158334,2026-03-22T13:45:34,0.075
5,140-164,1774158620,2026-03-22T13:50:20,0.075
5,140-164,1774158921,2026-03-22T13:55:21,0.074
5,140-164,1774159519,2026-03-22T14:05:19,0.076
5,140-164,1774159819,2026-03-22T14:10:19,0.0765
5,140-164,1774160119,2026-03-22T14:15:19,0.0765
5,140-164,1774160421,2026-03-22T14:20:21,0.083
5,140-164,1774160719,2026-03-22T14:25:19,0.083
5,140-164,1774161020,2026-03-22T14:30:20,0.0815
5,140-164,1774161321,2026-03-22T14:35:21,0.0795
5,140-164,1774161622,2026-03-22T14:40:22,0.0795
5,140-164,1774161920,2026-03-22T14:45:20,0.083
5,140-164,1774162219,2026-03-22T14:50:19,0.082
5,140-164,1774162520,2026-03-22T14:55:20,0.08
5,140-164,1774163120,2026-03-22T15:05:20,0.0775
5,140-164,1774163421,2026-03-22T15:10:21,0.077
5,140-164,1774163719,2026-03-22T15:15:19,0.0725
5,140-164,1774164019,2026-03-22T15:20:19,0.0735
5,140-164,1774164318,2026-03-22T15:25:18,0.074
5,140-164,1774164621,2026-03-22T15:30:21,0.0755
5,140-164,1774164920,2026-03-22T15:35:20,0.075
5,140-164,1774165219,2026-03-22T15:40:19,0.076
5,140-164,1774165531,2026-03-22T15:45:31,0.0765
5,140-164,1774165819,2026-03-22T15:50:19,0.0765
5,140-164,1774166119,2026-03-22T15:55:19,0.0765
5,140-164,1774166719,2026-03-22T16:05:19,0.0765
5,140-164,1774167021,2026-03-22T16:10:21,0.0765
5,140-164,1774167320,2026-03-22T16:15:20,0.0765
5,140-164,1774167620,2026-03-22T16:20:20,0.076
5,140-164,1774167919,2026-03-22T16:25:19,0.076
5,140-164,1774168219,2026-03-22T16:30:19,0.076
5,140-164,1774168520,2026-03-22T16:35:20,0.076
5,140-164,1774168820,2026-03-22T16:40:20,0.0755
5,140-164,1774169119,2026-03-22T16:45:19,0.0755
5,140-164,1774169420,2026-03-22T16:50:20,0.076
5,140-164,1774169720,2026-03-22T16:55:20,0.076
5,140-164,1774170319,2026-03-22T17:05:19,0.076
5,140-164,1774170621,2026-03-22T17:10:21,0.0765
5,140-164,1774170922,2026-03-22T17:15:22,0.076
5,140-164,1774171220,2026-03-22T17:20:20,0.0765
5,140-164,1774171519,2026-03-22T17:25:19,0.0765
5,140-164,1774171835,2026-03-22T17:30:35,0.0755
5,140-164,1774172119,2026-03-22T17:35:19,0.0755
5,140-164,1774172420,2026-03-22T17:40:20,0.076
5,140-164,1774172718,2026-03-22T17:45:18,0.076
5,140-164,1774173019,2026-03-22T17:50:19,0.0755
5,140-164,1774173318,2026-03-22T17:55:18,0.0755
5,140-164,1774173918,2026-03-22T18:05:18,0.076
5,140-164,1774174220,2026-03-22T18:10:20,0.0755
5,140-164,1774174520,2026-03-22T18:15:20,0.077
5,140-164,1774174821,2026-03-22T18:20:21,0.077
5,140-164,1774175120,2026-03-22T18:25:20,0.0765
5,140-164,1774175421,2026-03-22T18:30:21,0.0765
5,140-164,1774175720,2026-03-22T18:35:20,0.0765
5,140-164,1774176019,2026-03-22T18:40:19,0.0735
5,140-164,1774176319,2026-03-22T18:45:19,0.0745
5,140-164,1774176620,2026-03-22T18:50:20,0.074
5,140-164,1774176920,2026-03-22T18:55:20,0.0745
5,140-164,1774177520,2026-03-22T19:05:20,0.066
5,140-164,1774177824,2026-03-22T19:10:24,0.0695
5,140-164,1774178121,2026-03-22T19:15:21,0.067
5,140-164,1774178421,2026-03-22T19:20:21,0.0645
5,140-164,1774178719,2026-03-22T19:25:19,0.065
5,140-164,1774179022,2026-03-22T19:30:22,0.0695
5,140-164,1774179320,2026-03-22T19:35:20,0.066
5,140-164,1774179623,2026-03-22T19:40:23,0.066
5,140-164,1774179936,2026-03-22T19:45:36,0.0665
5,140-164,1774180221,2026-03-22T19:50:21,0.0665
5,140-164,1774180519,2026-03-22T19:55:19,0.0645
5,140-164,1774181119,2026-03-22T20:05:19,0.0655
5,140-164,1774181434,2026-03-22T20:10:34,0.066
5,140-164,1774181721,2026-03-22T20:15:21,0.0695
5,140-164,1774182019,2026-03-22T20:20:19,0.0695
5,140-164,1774182320,2026-03-22T20:25:20,0.0665
5,140-164,1774182619,2026-03-22T20:30:19,0.064
5,140-164,1774182918,2026-03-22T20:35:18,0.064
5,140-164,1774183218,2026-03-22T20:40:18,0.064
5,140-164,1774183519,2026-03-22T20:45:19,0.064
5,140-164,1774183819,2026-03-22T20:50:19,0.0625
5,140-164,1774184118,2026-03-22T20:55:18,0.0625
5,140-164,1774184719,2026-03-22T21:05:19,0.0615
5,140-164,1774185019,2026-03-22T21:10:19,0.0615
5,140-164,1774185320,2026-03-22T21:15:20,0.0615
5,140-164,1774185619,2026-03-22T21:20:19,0.0615
5,140-164,1774185920,2026-03-22T21:25:20,0.0615
5,140-164,1774186233,2026-03-22T21:30:33,0.0725
5,140-164,1774186520,2026-03-22T21:35:20,0.0735
5,140-164,1774186820,2026-03-22T21:40:20,0.0735
5,140-164,1774187119,2026-03-22T21:45:19,0.0735
5,140-164,1774187418,2026-03-22T21:50:18,0.073
5,140-164,1774187732,2026-03-22T21:55:32,0.072
5,140-164,1774188320,2026-03-22T22:05:20,0.0675
5,140-164,1774188621,2026-03-22T22:10:21,0.068
5,140-164,1774188920,2026-03-22T22:15:20,0.0685
5,140-164,1774189221,2026-03-22T22:20:21,0.0655
5,140-164,1774189520,2026-03-22T22:25:20,0.0635
5,140-164,1774189821,2026-03-22T22:30:21,0.064
5,140-164,1774190140,2026-03-22T22:35:40,0.0645
5,140-164,1774190436,2026-03-22T22:40:36,0.065
5,140-164,1774190720,2026-03-22T22:45:20,0.064
5,140-164,1774191021,2026-03-22T22:50:21,0.064
5,140-164,1774191319,2026-03-22T22:55:19,0.062
5,140-164,1774191920,2026-03-22T23:05:20,0.071
5,140-164,1774192218,2026-03-22T23:10:18,0.071
5,140-164,1774192520,2026-03-22T23:15:20,0.071
5,140-164,1774192820,2026-03-22T23:20:20,0.071
5,140-164,1774193119,2026-03-22T23:25:19,0.071
5,140-164,1774193421,2026-03-22T23:30:21,0.071
5,140-164,1774193718,2026-03-22T23:35:18,0.071
5,140-164,1774194020,2026-03-22T23:40:20,0.071
5,140-164,1774194333,2026-03-22T23:45:33,0.0735
5,140-164,1774194630,2026-03-22T23:50:30,0.0715
5,140-164,1774194921,2026-03-22T23:55:21,0.0765
5,140-164,1774195521,2026-03-23T00:05:21,0.072
5,140-164,1774195822,2026-03-23T00:10:22,0.074
5,140-164,1774196121,2026-03-23T00:15:21,0.0735
5,140-164,1774196420,2026-03-23T00:20:20,0.073
5,140-164,1774196720,2026-03-23T00:25:20,0.073
5,140-164,1774197020,2026-03-23T00:30:20,0.0715
5,140-164,1774197321,2026-03-23T00:35:21,0.0715
5,140-164,1774197622,2026-03-23T00:40:22,0.0715
5,140-164,1774197920,2026-03-23T00:45:20,0.0715
5,140-164,1774198220,2026-03-23T00:50:20,0.0715
5,140-164,1774198519,2026-03-23T00:55:19,0.0715
5,140-164,1774199120,2026-03-23T01:05:20,0.0715
5,140-164,1774199420,2026-03-23T01:10:20,0.0715
5,140-164,1774199721,2026-03-23T01:15:21,0.0715
5,140-164,1774200021,2026-03-23T01:20:21,0.0715
5,140-164,1774200321,2026-03-23T01:25:21,0.0735
5,140-164,1774200637,2026-03-23T01:30:37,0.075
5,140-164,1774200919,2026-03-23T01:35:19,0.0755
5,140-164,1774201219,2026-03-23T01:40:19,0.0715
5,140-164,1774201520,2026-03-23T01:45:20,0.0705
5,140-164,1774201820,2026-03-23T01:50:20,0.0735
5,140-164,1774202120,2026-03-23T01:55:20,0.074
5,140-164,1774202719,2026-03-23T02:05:19,0.074
5,140-164,1774203021,2026-03-23T02:10:21,0.075
5,140-164,1774203319,2026-03-23T02:15:19,0.076
5,140-164,1774203620,2026-03-23T02:20:20,0.076
5,140-164,1774203931,2026-03-23T02:25:31,0.076
5,140-164,1774204221,2026-03-23T02:30:21,0.0765
5,140-164,1774204520,2026-03-23T02:35:20,0.0755
5,140-164,1774204820,2026-03-23T02:40:20,0.0755
5,140-164,1774205120,2026-03-23T02:45:20,0.0745
5,140-164,1774205422,2026-03-23T02:50:22,0.0745
5,140-164,1774205723,2026-03-23T02:55:23,0.0745
5,140-164,1774206320,2026-03-23T03:05:20,0.0745
5,140-164,1774206623,2026-03-23T03:10:23,0.0745
5,140-164,1774206922,2026-03-23T03:15:22,0.0735
5,140-164,1774207222,2026-03-23T03:20:22,0.0745
5,140-164,1774207522,2026-03-23T03:25:22,0.0735
5,140-164,1774207823,2026-03-23T03:30:23,0.0745
5,140-164,1774208123,2026-03-23T03:35:23,0.0745
5,140-164,1774208423,2026-03-23T03:40:23,0.075
5,140-164,1774208722,2026-03-23T03:45:22,0.0755
5,140-164,1774209023,2026-03-23T03:50:23,0.0745
5,140-164,1774209319,2026-03-23T03:55:19,0.0715
5,140-164,1774209923,2026-03-23T04:05:23,0.0745
5,140-164,1774210222,2026-03-23T04:10:22,0.0735
5,140-164,1774210522,2026-03-23T04:15:22,0.0735
5,140-164,1774210824,2026-03-23T04:20:24,0.075
5,140-164,1774211121,2026-03-23T04:25:21,0.0735
5,140-164,1774211422,2026-03-23T04:30:22,0.073
5,140-164,1774211720,2026-03-23T04:35:20,0.073
5,140-164,1774212022,2026-03-23T04:40:22,0.0715
5,140-164,1774212322,2026-03-23T04:45:22,0.073
5,140-164,1774212622,2026-03-23T04:50:22,0.0735
5,140-164,1774212921,2026-03-23T04:55:21,0.0735
5,140-164,1774213521,2026-03-23T05:05:21,0.0735
5,140-164,1774213821,2026-03-23T05:10:21,0.075
5,140-164,1774214122,2026-03-23T05:15:22,0.075
5,140-164,1774214422,2026-03-23T05:20:22,0.074
5,140-164,1774214723,2026-03-23T05:25:23,0.074
5,140-164,1774215023,2026-03-23T05:30:23,0.0745
5,140-164,1774215321,2026-03-23T05:35:21,0.0755
5,140-164,1774215619,2026-03-23T05:40:19,0.0755
5,140-164,1774215922,2026-03-23T05:45:22,0.072
5,140-164,1774216223,2026-03-23T05:50:23,0.071
5,140-164,1774216522,2026-03-23T05:55:22,0.0705
5,140-164,1774217122,2026-03-23T06:05:22,0.0705
5,140-164,1774217423,2026-03-23T06:10:23,0.0725
5,140-164,1774217721,2026-03-23T06:15:21,0.0725
5,140-164,1774218024,2026-03-23T06:20:24,0.0725
5,140-164,1774218322,2026-03-23T06:25:22,0.0735
5,140-164,1774218624,2026-03-23T06:30:24,0.0735
5,140-164,1774218922,2026-03-23T06:35:22,0.0735
5,140-164,1774219235,2026-03-23T06:40:35,0.074
5,140-164,1774219522,2026-03-23T06:45:22,0.074
5,140-164,1774219821,2026-03-23T06:50:21,0.074
5,140-164,1774220122,2026-03-23T06:55:22,0.0735
5,140-164,1774220722,2026-03-23T07:05:22,0.0695
5,140-164,1774221022,2026-03-23T07:10:22,0.068
5,140-164,1774221324,2026-03-23T07:15:24,0.068
5,140-164,1774221622,2026-03-23T07:20:22,0.068
5,140-164,1774221922,2026-03-23T07:25:22,0.068
5,140-164,1774222223,2026-03-23T07:30:23,0.068
5,140-164,1774222535,2026-03-23T07:35:35,0.0685
5,140-164,1774222821,2026-03-23T07:40:21,0.0685
5,140-164,1774223125,2026-03-23T07:45:25,0.0685
5,140-164,1774223422,2026-03-23T07:50:22,0.0685
5,140-164,1774223721,2026-03-23T07:55:21,0.0685
5,140-164,1774224324,2026-03-23T08:05:24,0.068
5,140-164,1774224623,2026-03-23T08:10:23,0.0685
5,140-164,1774224921,2026-03-23T08:15:21,0.0685
5,140-164,1774225224,2026-03-23T08:20:24,0.068
5,140-164,1774225522,2026-03-23T08:25:22,0.0685
5,140-164,1774225822,2026-03-23T08:30:22,0.0685
5,140-164,1774226123,2026-03-23T08:35:23,0.0685
5,140-164,1774226423,2026-03-23T08:40:23,0.0685
5,140-164,1774226721,2026-03-23T08:45:21,0.069
5,140-164,1774227021,2026-03-23T08:50:21,0.0675
5,140-164,1774227322,2026-03-23T08:55:22,0.063
5,140-164,1774227921,2026-03-23T09:05:21,0.066
5,140-164,1774228222,2026-03-23T09:10:22,0.067
5,140-164,1774228524,2026-03-23T09:15:24,0.066
5,140-164,1774228820,2026-03-23T09:20:20,0.066
5,140-164,1774229123,2026-03-23T09:25:23,0.066
5,140-164,1774229423,2026-03-23T09:30:23,0.065
5,140-164,1774229737,2026-03-23T09:35:37,0.0655
5,140-164,1774230020,2026-03-23T09:40:20,0.0655
5,140-164,1774230322,2026-03-23T09:45:22,0.0655
5,140-164,1774230622,2026-03-23T09:50:22,0.065
5,140-164,1774230919,2026-03-23T09:55:19,0.0655
5,140-164,1774231522,2026-03-23T10:05:22,0.0655
5,140-164,1774231824,2026-03-23T10:10:24,0.066
5,140-164,1774232123,2026-03-23T10:15:23,0.066
5,140-164,1774232423,2026-03-23T10:20:23,0.066
5,140-164,1774232723,2026-03-23T10:25:23,0.066
5,140-164,1774233025,2026-03-23T10:30:25,0.066
5,140-164,1774233322,2026-03-23T10:35:22,0.066
5,140-164,1774233621,2026-03-23T10:40:21,0.066
5,140-164,1774233922,2026-03-23T10:45:22,0.066
5,140-164,1774234222,2026-03-23T10:50:22,0.0665
5,140-164,1774234525,2026-03-23T10:55:25,0.0665
5,140-164,1774235122,2026-03-23T11:05:22,0.0665
5,140-164,1774235423,2026-03-23T11:10:23,0.0665
5,140-164,1774235723,2026-03-23T11:15:23,0.067
5,140-164,1774236022,2026-03-23T11:20:22,0.0665
5,140-164,1774236321,2026-03-23T11:25:21,0.0665
5,140-164,1774236624,2026-03-23T11:30:24,0.067
5,140-164,1774236923,2026-03-23T11:35:23,0.067
5,140-164,1774237236,2026-03-23T11:40:36,0.067
5,140-164,1774237534,2026-03-23T11:45:34,0.067
5,140-164,1774237819,2026-03-23T11:50:19,0.067
5,140-164,1774238120,2026-03-23T11:55:20,0.068
5,140-164,1774238736,2026-03-23T12:05:36,0.065
5,140-164,1774239021,2026-03-23T12:10:21,0.065
5,140-164,1774239330,2026-03-23T12:15:30,0.065
5,140-164,1774239620,2026-03-23T12:20:20,0.065
5,140-164,1774239923,2026-03-23T12:25:23,0.065
5,140-164,1774240224,2026-03-23T12:30:24,0.064
5,140-164,1774240521,2026-03-23T12:35:21,0.06
5,140-164,1774240822,2026-03-23T12:40:22,0.062
5,140-164,1774241122,2026-03-23T12:45:22,0.065
5,140-164,1774241421,2026-03-23T12:50:21,0.065
5,140-164,1774241723,2026-03-23T12:55:23,0.065
5,140-164,1774242320,2026-03-23T13:05:20,0.067
5,140-164,1774242621,2026-03-23T13:10:21,0.0665
5,140-164,1774242921,2026-03-23T13:15:21,0.0665
5,140-164,1774243221,2026-03-23T13:20:21,0.067
5,140-164,1774243521,2026-03-23T13:25:21,0.0665
5,140-164,1774243822,2026-03-23T13:30:22,0.066
5,140-164,1774244122,2026-03-23T13:35:22,0.067
5,140-164,1774244434,2026-03-23T13:40:34,0.0665
5,140-164,1774244720,2026-03-23T13:45:20,0.0665
5,140-164,1774245029,2026-03-23T13:50:29,0.0665
5,140-164,1774245320,2026-03-23T13:55:20,0.0665
5,140-164,1774245919,2026-03-23T14:05:19,0.0655
5,140-164,1774246222,2026-03-23T14:10:22,0.0665
5,140-164,1774246523,2026-03-23T14:15:23,0.067
5,140-164,1774246820,2026-03-23T14:20:20,0.066
5,140-164,1774247120,2026-03-23T14:25:20,0.0665
5,140-164,1774247422,2026-03-23T14:30:22,0.066
5,140-164,1774247721,2026-03-23T14:35:21,0.066
5,140-164,1774248024,2026-03-23T14:40:24,0.066
5,140-164,1774248336,2026-03-23T14:45:36,0.066
5,140-164,1774248624,2026-03-23T14:50:24,0.062
5,140-164,1774248923,2026-03-23T14:55:23,0.0635
5,140-164,1774249523,2026-03-23T15:05:23,0.0595
5,140-164,1774249823,2026-03-23T15:10:23,0.0585
5,140-164,1774250121,2026-03-23T15:15:21,0.062
5,140-164,1774250424,2026-03-23T15:20:24,0.0665
5,140-164,1774250723,2026-03-23T15:25:23,0.0655
5,140-164,1774251025,2026-03-23T15:30:25,0.0645
5,140-164,1774251323,2026-03-23T15:35:23,0.064
5,140-164,1774251623,2026-03-23T15:40:23,0.064
5,140-164,1774251920,2026-03-23T15:45:20,0.064
5,140-164,1774252222,2026-03-23T15:50:22,0.0645
5,140-164,1774252520,2026-03-23T15:55:20,0.064
5,140-164,1774253122,2026-03-23T16:05:22,0.0635
5,140-164,1774253422,2026-03-23T16:10:22,0.063
5,140-164,1774253724,2026-03-23T16:15:24,0.0625
5,140-164,1774254021,2026-03-23T16:20:21,0.0615
5,140-164,1774254320,2026-03-23T16:25:20,0.064
5,140-164,1774254623,2026-03-23T16:30:23,0.062
5,140-164,1774254920,2026-03-23T16:35:20,0.062
5,140-164,1774255222,2026-03-23T16:40:22,0.064
5,140-164,1774255521,2026-03-23T16:45:21,0.0645
5,140-164,1774255822,2026-03-23T16:50:22,0.065
5,140-164,1774256123,2026-03-23T16:55:23,0.065
5,140-164,1774256735,2026-03-23T17:05:35,0.0695
5,140-164,1774257034,2026-03-23T17:10:34,0.066
5,140-164,1774257319,2026-03-23T17:15:19,0.066
5,140-164,1774257623,2026-03-23T17:20:23,0.066
5,140-164,1774257932,2026-03-23T17:25:32,0.063
5,140-164,1774258222,2026-03-23T17:30:22,0.062
5,140-164,1774258519,2026-03-23T17:35:19,0.0615
5,140-164,1774258818,2026-03-23T17:40:18,0.062
5,140-164,1774259121,2026-03-23T17:45:21,0.062
5,140-164,1774259433,2026-03-23T17:50:33,0.0615
5,140-164,1774259718,2026-03-23T17:55:18,0.0615
5,140-164,1774260321,2026-03-23T18:05:21,0.0615
5,140-164,1774260619,2026-03-23T18:10:19,0.0615
5,140-164,1774260918,2026-03-23T18:15:18,0.0615
5,140-164,1774261219,2026-03-23T18:20:19,0.062
5,140-164,1774261521,2026-03-23T18:25:21,0.062
5,140-164,1774261820,2026-03-23T18:30:20,0.062
5,140-164,1774262120,2026-03-23T18:35:20,0.062
5,140-164,1774262421,2026-03-23T18:40:21,0.062
5,140-164,1774262723,2026-03-23T18:45:23,0.062
5,140-164,1774263023,2026-03-23T18:50:23,0.071
5,140-164,1774263322,2026-03-23T18:55:22,0.0695
5,140-164,1774263932,2026-03-23T19:05:32,0.0655
5,140-164,1774264220,2026-03-23T19:10:20,0.0655
5,140-164,1774264537,2026-03-23T19:15:37,0.0645
5,140-164,1774264820,2026-03-23T19:20:20,0.0645
5,140-164,1774265121,2026-03-23T19:25:21,0.064
5,140-164,1774265435,2026-03-23T19:30:35,0.064
5,140-164,1774265720,2026-03-23T19:35:20,0.064
5,140-164,1774266019,2026-03-23T19:40:19,0.063
5,140-164,1774266319,2026-03-23T19:45:19,0.0735
5,140-164,1774266618,2026-03-23T19:50:18,0.0705
5,140-164,1774266918,2026-03-23T19:55:18,0.07
5,140-164,1774267531,2026-03-23T20:05:31,0.0695
5,140-164,1774267819,2026-03-23T20:10:19,0.068
5,140-164,1774268121,2026-03-23T20:15:21,0.066
5,140-164,1774268424,2026-03-23T20:20:24,0.0655
5,140-164,1774268723,2026-03-23T20:25:23,0.065
5,140-164,1774269023,2026-03-23T20:30:23,0.0635
5,140-164,1774269324,2026-03-23T20:35:24,0.062
5,140-164,1774269623,2026-03-23T20:40:23,0.062
5,140-164,1774269922,2026-03-23T20:45:22,0.0615
5,140-164,1774270240,2026-03-23T20:50:40,0.062
5,140-164,1774270522,2026-03-23T20:55:22,0.061
5,140-164,1774271123,2026-03-23T21:05:23,0.061
5,140-164,1774271436,2026-03-23T21:10:36,0.061
5,140-164,1774271724,2026-03-23T21:15:24,0.061
5,140-164,1774272025,2026-03-23T21:20:25,0.061
5,140-164,1774272322,2026-03-23T21:25:22,0.061
5,140-164,1774272624,2026-03-23T21:30:24,0.063
5,140-164,1774272921,2026-03-23T21:35:21,0.0605
5,140-164,1774273224,2026-03-23T21:40:24,0.0605
5,140-164,1774273522,2026-03-23T21:45:22,0.0605
5,140-164,1774273839,2026-03-23T21:50:39,0.0615
5,140-164,1774274125,2026-03-23T21:55:25,0.0615
5,140-164,1774274728,2026-03-23T22:05:28,0.0615
5,140-164,1774275028,2026-03-23T22:10:28,0.062
5,140-164,1774275325,2026-03-23T22:15:25,0.062
5,140-164,1774275618,2026-03-23T22:20:18,0.062
5,140-164,1774275932,2026-03-23T22:25:32,0.062
5,140-164,1774276218,2026-03-23T22:30:18,0.062
5,140-164,1774276519,2026-03-23T22:35:19,0.062
5,140-164,1774276818,2026-03-23T22:40:18,0.062
5,140-164,1774277118,2026-03-23T22:45:18,0.0615
5,140-164,1774277419,2026-03-23T22:50:19,0.0605
5,140-164,1774277719,2026-03-23T22:55:19,0.0605
5,140-164,1774278318,2026-03-23T23:05:18,0.0605
5,140-164,1774278617,2026-03-23T23:10:17,0.0605
5,140-164,1774278918,2026-03-23T23:15:18,0.0585
5,140-164,1774279219,2026-03-23T23:20:19,0.056
5,140-164,1774279518,2026-03-23T23:25:18,0.057
5,140-164,1774279819,2026-03-23T23:30:19,0.0515
5,140-164,1774280119,2026-03-23T23:35:19,0.051
5,140-164,1774280418,2026-03-23T23:40:18,0.05
5,140-164,1774280719,2026-03-23T23:45:19,0.05
5,140-164,1774281019,2026-03-23T23:50:19,0.0495
5,140-164,1774281319,2026-03-23T23:55:19,0.0495
5,140-164,1774281919,2026-03-24T00:05:19,0.059
5,140-164,1774282220,2026-03-24T00:10:20,0.0525
5,140-164,1774282519,2026-03-24T00:15:19,0.0535
5,140-164,1774282819,2026-03-24T00:20:19,0.051
5,140-164,1774283120,2026-03-24T00:25:20,0.05
5,140-164,1774283431,2026-03-24T00:30:31,0.05
5,140-164,1774283719,2026-03-24T00:35:19,0.053
5,140-164,1774284019,2026-03-24T00:40:19,0.0525
5,140-164,1774284319,2026-03-24T00:45:19,0.0525
5,140-164,1774284620,2026-03-24T00:50:20,0.052
5,140-164,1774284919,2026-03-24T00:55:19,0.0515
5,140-164,1774285520,2026-03-24T01:05:20,0.0505
5,140-164,1774285820,2026-03-24T01:10:20,0.049
5,140-164,1774286120,2026-03-24T01:15:20,0.049
5,140-164,1774286420,2026-03-24T01:20:20,0.048
5,140-164,1774286733,2026-03-24T01:25:33,0.0475
5,140-164,1774287020,2026-03-24T01:30:20,0.0475
5,140-164,1774287319,2026-03-24T01:35:19,0.048
5,140-164,1774287636,2026-03-24T01:40:36,0.048
5,140-164,1774287919,2026-03-24T01:45:19,0.048
5,140-164,1774288219,2026-03-24T01:50:19,0.0475
5,140-164,1774288519,2026-03-24T01:55:19,0.0455
5,140-164,1774289119,2026-03-24T02:05:19,0.0435
5,140-164,1774289420,2026-03-24T02:10:20,0.0445
5,140-164,1774289721,2026-03-24T02:15:21,0.0435
5,140-164,1774290032,2026-03-24T02:20:32,0.0415
5,140-164,1774290320,2026-03-24T02:25:20,0.0415
5,140-164,1774290620,2026-03-24T02:30:20,0.0405
5,140-164,1774290920,2026-03-24T02:35:20,0.031
5,140-164,1774291226,2026-03-24T02:40:26,0.0275
5,140-164,1774291521,2026-03-24T02:45:21,0.0275
5,140-164,1774291820,2026-03-24T02:50:20,0.0275
5,140-164,1774292120,2026-03-24T02:55:20,0.0275
5,140-164,1774292723,2026-03-24T03:05:23,0.0245
5,140-164,1774293020,2026-03-24T03:10:20,0.0265
5,140-164,1774293323,2026-03-24T03:15:23,0.0275
5,140-164,1774293624,2026-03-24T03:20:24,0.0275
5,140-164,1774293922,2026-03-24T03:25:22,0.028
5,140-164,1774294220,2026-03-24T03:30:20,0.028
5,140-164,1774294524,2026-03-24T03:35:24,0.0275
5,140-164,1774294821,2026-03-24T03:40:21,0.0265
5,140-164,1774295121,2026-03-24T03:45:21,0.0265
5,140-164,1774295424,2026-03-24T03:50:24,0.0275
5,140-164,1774295721,2026-03-24T03:55:21,0.0295
5,140-164,1774296323,2026-03-24T04:05:23,0.0285
5,140-164,1774296624,2026-03-24T04:10:24,0.028
5,140-164,1774296919,2026-03-24T04:15:19,0.027
5,140-164,1774297222,2026-03-24T04:20:22,0.027
5,140-164,1774297523,2026-03-24T04:25:23,0.0255
5,140-164,1774297821,2026-03-24T04:30:21,0.0255
5,140-164,1774298122,2026-03-24T04:35:22,0.023
5,140-164,1774298421,2026-03-24T04:40:21,0.0255
5,140-164,1774298721,2026-03-24T04:45:21,0.0265
5,140-164,1774299022,2026-03-24T04:50:22,0.0265
5,140-164,1774299321,2026-03-24T04:55:21,0.0275
5,140-164,1774299920,2026-03-24T05:05:20,0.0275
5,140-164,1774300223,2026-03-24T05:10:23,0.0275
5,140-164,1774300534,2026-03-24T05:15:34,0.0275
5,140-164,1774300820,2026-03-24T05:20:20,0.0275
5,140-164,1774301119,2026-03-24T05:25:19,0.03
5,140-164,1774301422,2026-03-24T05:30:22,0.029
5,140-164,1774301722,2026-03-24T05:35:22,0.029
5,140-164,1774302021,2026-03-24T05:40:21,0.029
5,140-164,1774302322,2026-03-24T05:45:22,0.029
5,140-164,1774302619,2026-03-24T05:50:19,0.03
5,140-164,1774302920,2026-03-24T05:55:20,0.029
5,140-164,1774303524,2026-03-24T06:05:24,0.029
5,140-164,1774303821,2026-03-24T06:10:21,0.029
5,140-164,1774304124,2026-03-24T06:15:24,0.0275
5,140-164,1774304420,2026-03-24T06:20:20,0.0275
5,140-164,1774304721,2026-03-24T06:25:21,0.0275
5,140-164,1774305021,2026-03-24T06:30:21,0.0275
5,140-164,1774305320,2026-03-24T06:35:20,0.0275
5,140-164,1774305622,2026-03-24T06:40:22,0.0275
5,140-164,1774305922,2026-03-24T06:45:22,0.028
5,140-164,1774306234,2026-03-24T06:50:34,0.029
5,140-164,1774306523,2026-03-24T06:55:23,0.029
5,140-164,1774307124,2026-03-24T07:05:24,0.029
5,140-164,1774307421,2026-03-24T07:10:21,0.028
5,140-164,1774307720,2026-03-24T07:15:20,0.028
5,140-164,1774308024,2026-03-24T07:20:24,0.028
5,140-164,1774308324,2026-03-24T07:25:24,0.028
5,140-164,1774308624,2026-03-24T07:30:24,0.028
5,140-164,1774308923,2026-03-24T07:35:23,0.028
5,140-164,1774309222,2026-03-24T07:40:22,0.028
5,140-164,1774309524,2026-03-24T07:45:24,0.028
5,140-164,1774309823,2026-03-24T07:50:23,0.028
5,140-164,1774310138,2026-03-24T07:55:38,0.028
5,140-164,1774310723,2026-03-24T08:05:23,0.028
5,140-164,1774311020,2026-03-24T08:10:20,0.0275
5,140-164,1774311322,2026-03-24T08:15:22,0.0275
5,140-164,1774311623,2026-03-24T08:20:23,0.0275
5,140-164,1774311923,2026-03-24T08:25:23,0.0275
5,140-164,1774312220,2026-03-24T08:30:20,0.0275
5,140-164,1774312520,2026-03-24T08:35:20,0.0285
5,140-164,1774312823,2026-03-24T08:40:23,0.0285
5,140-164,1774313120,2026-03-24T08:45:20,0.0285
5,140-164,1774313420,2026-03-24T08:50:20,0.0285
5,140-164,1774313720,2026-03-24T08:55:20,0.0275
5,140-164,1774314320,2026-03-24T09:05:20,0.0275
5,140-164,1774314623,2026-03-24T09:10:23,0.0275
5,140-164,1774314920,2026-03-24T09:15:20,0.0275
5,140-164,1774315220,2026-03-24T09:20:20,0.0265
5,140-164,1774315537,2026-03-24T09:25:37,0.0265
5,140-164,1774315820,2026-03-24T09:30:20,0.0265
5,140-164,1774316120,2026-03-24T09:35:20,0.0245
5,140-164,1774316420,2026-03-24T09:40:20,0.0205
5,140-164,1774316720,2026-03-24T09:45:20,0.0195
5,140-164,1774317022,2026-03-24T09:50:22,0.0175
5,140-164,1774317320,2026-03-24T09:55:20,0.0175
5,140-164,1774317920,2026-03-24T10:05:20,0.0175
5,140-164,1774318222,2026-03-24T10:10:22,0.0175
5,140-164,1774318520,2026-03-24T10:15:20,0.0175
5,140-164,1774318821,2026-03-24T10:20:21,0.0175
5,140-164,1774319122,2026-03-24T10:25:22,0.0175
5,140-164,1774319420,2026-03-24T10:30:20,0.0175
5,140-164,1774319720,2026-03-24T10:35:20,0.0175
5,140-164,1774320021,2026-03-24T10:40:21,0.0175
5,140-164,1774320321,2026-03-24T10:45:21,0.0175
5,140-164,1774320621,2026-03-24T10:50:21,0.0165
5,140-164,1774320919,2026-03-24T10:55:19,0.0165
5,140-164,1774321521,2026-03-24T11:05:21,0.014
5,140-164,1774321823,2026-03-24T11:10:23,0.013
5,140-164,1774322124,2026-03-24T11:15:24,0.0125
5,140-164,1774322424,2026-03-24T11:20:24,0.013
5,140-164,1774322720,2026-03-24T11:25:20,0.0125
5,140-164,1774323020,2026-03-24T11:30:20,0.0125
5,140-164,1774323323,2026-03-24T11:35:23,0.0125
5,140-164,1774323623,2026-03-24T11:40:23,0.0115
5,140-164,1774323920,2026-03-24T11:45:20,0.013
5,140-164,1774324233,2026-03-24T11:50:33,0.0125
5,140-164,1774324520,2026-03-24T11:55:20,0.0125
5,140-164,1774325120,2026-03-24T12:05:20,0.0125
5,140-164,1774325420,2026-03-24T12:10:20,0.0125
5,140-164,1774325720,2026-03-24T12:15:20,0.0125
5,140-164,1774326023,2026-03-24T12:20:23,0.012
5,140-164,1774326325,2026-03-24T12:25:25,0.012
5,140-164,1774326621,2026-03-24T12:30:21,0.012
5,140-164,1774326922,2026-03-24T12:35:22,0.0155
5,140-164,1774327220,2026-03-24T12:40:20,0.0135
5,140-164,1774327520,2026-03-24T12:45:20,0.0155
5,140-164,1774327819,2026-03-24T12:50:19,0.0135
5,140-164,1774328121,2026-03-24T12:55:21,0.0135
5,140-164,1774328720,2026-03-24T13:05:20,0.0125
5,140-164,1774329020,2026-03-24T13:10:20,0.012
5,140-164,1774329321,2026-03-24T13:15:21,0.0125
5,140-164,1774329635,2026-03-24T13:20:35,0.0125
5,140-164,1774329921,2026-03-24T13:25:21,0.0125
5,140-164,1774330223,2026-03-24T13:30:23,0.0115
5,140-164,1774330522,2026-03-24T13:35:22,0.0115
5,140-164,1774330822,2026-03-24T13:40:22,0.0115
5,140-164,1774331123,2026-03-24T13:45:23,0.0125
5,140-164,1774331423,2026-03-24T13:50:23,0.0115
5,140-164,1774331724,2026-03-24T13:55:24,0.0115
5,140-164,1774332320,2026-03-24T14:05:20,0.0125
5,140-164,1774332621,2026-03-24T14:10:21,0.0125
5,140-164,1774332921,2026-03-24T14:15:21,0.0125
5,140-164,1774333224,2026-03-24T14:20:24,0.0125
5,140-164,1774333521,2026-03-24T14:25:21,0.0125
5,140-164,1774333821,2026-03-24T14:30:21,0.0115
5,140-164,1774334122,2026-03-24T14:35:22,0.012
5,140-164,1774334420,2026-03-24T14:40:20,0.0125
5,140-164,1774334724,2026-03-24T14:45:24,0.0115
5,140-164,1774335021,2026-03-24T14:50:21,0.0115
5,140-164,1774335325,2026-03-24T14:55:25,0.0115
5,140-164,1774335920,2026-03-24T15:05:20,0.0115
5,140-164,1774336220,2026-03-24T15:10:20,0.0115
5,140-164,1774336535,2026-03-24T15:15:35,0.0115
5,140-164,1774336823,2026-03-24T15:20:23,0.0115
5,140-164,1774337121,2026-03-24T15:25:21,0.0115
5,140-164,1774337421,2026-03-24T15:30:21,0.0115
5,140-164,1774337720,2026-03-24T15:35:20,0.0115
5,140-164,1774338026,2026-03-24T15:40:26,0.0105
5,140-164,1774338323,2026-03-24T15:45:23,0.0105
5,140-164,1774338620,2026-03-24T15:50:20,0.0105
5,140-164,1774338923,2026-03-24T15:55:23,0.0105
5,140-164,1774339523,2026-03-24T16:05:23,0.0105
5,140-164,1774339821,2026-03-24T16:10:21,0.0105
5,140-164,1774340123,2026-03-24T16:15:23,0.0105
5,140-164,1774340422,2026-03-24T16:20:22,0.0105
5,140-164,1774340724,2026-03-24T16:25:24,0.0105
5,140-164,1774341024,2026-03-24T16:30:24,0.0105
5,140-164,1774341320,2026-03-24T16:35:20,0.0095
5,140-164,1774341631,2026-03-24T16:40:31,0.0095
5,140-164,1774341923,2026-03-24T16:45:23,0.0095
5,140-164,1774342223,2026-03-24T16:50:23,0.0095
5,140-164,1774342521,2026-03-24T16:55:21,0.0095
5,140-164,1774343120,2026-03-24T17:05:20,0.0095
5,140-164,1774343422,2026-03-24T17:10:22,0.0095
5,140-164,1774343720,2026-03-24T17:15:20,0.0095
5,140-164,1774344023,2026-03-24T17:20:23,0.0095
5,140-164,1774344321,2026-03-24T17:25:21,0.0095
5,140-164,1774344620,2026-03-24T17:30:20,0.0095
5,140-164,1774344919,2026-03-24T17:35:19,0.0095
5,140-164,1774345234,2026-03-24T17:40:34,0.0095
5,140-164,1774345523,2026-03-24T17:45:23,0.0095
5,140-164,1774345823,2026-03-24T17:50:23,0.0095
5,140-164,1774346133,2026-03-24T17:55:33,0.0095
5,140-164,1774346720,2026-03-24T18:05:20,0.0095
5,140-164,1774347030,2026-03-24T18:10:30,0.0095
5,140-164,1774347324,2026-03-24T18:15:24,0.0095
5,140-164,1774347638,2026-03-24T18:20:38,0.0105
5,140-164,1774347924,2026-03-24T18:25:24,0.0105
5,140-164,1774348221,2026-03-24T18:30:21,0.0105
5,140-164,1774348524,2026-03-24T18:35:24,0.0105
5,140-164,1774348839,2026-03-24T18:40:39,0.0095
5,140-164,1774349124,2026-03-24T18:45:24,0.0095
5,140-164,1774349423,2026-03-24T18:50:23,0.009
5,140-164,1774349721,2026-03-24T18:55:21,0.0085
5,140-164,1774350320,2026-03-24T19:05:20,0.0085
5,140-164,1774350622,2026-03-24T19:10:22,0.0085
5,140-164,1774350924,2026-03-24T19:15:24,0.0075
5,140-164,1774351220,2026-03-24T19:20:20,0.0075
5,140-164,1774351522,2026-03-24T19:25:22,0.0075
5,140-164,1774351822,2026-03-24T19:30:22,0.0075
5,140-164,1774352125,2026-03-24T19:35:25,0.0075
5,140-164,1774352421,2026-03-24T19:40:21,0.0075
5,140-164,1774352725,2026-03-24T19:45:25,0.0075
5,140-164,1774353020,2026-03-24T19:50:20,0.0075
5,140-164,1774353320,2026-03-24T19:55:20,0.0075
5,140-164,1774353928,2026-03-24T20:05:28,0.0075
5,140-164,1774354202,2026-03-24T20:10:02,0.0075
5,140-164,1774354253,2026-03-24T20:10:53,0.0065
5,140-164,1774354526,2026-03-24T20:15:26,0.0065
5,140-164,1774354828,2026-03-24T20:20:28,0.0065
5,140-164,1774355127,2026-03-24T20:25:27,0.0065
5,140-164,1774355429,2026-03-24T20:30:29,0.0065
5,140-164,1774355726,2026-03-24T20:35:26,0.0055
5,140-164,1774356027,2026-03-24T20:40:27,0.0055
5,140-164,1774356329,2026-03-24T20:45:29,0.0055
5,140-164,1774356626,2026-03-24T20:50:26,0.0055
5,140-164,1774356933,2026-03-24T20:55:33,0.006
5,140-164,1774357526,2026-03-24T21:05:26,0.0095
5,140-164,1774357827,2026-03-24T21:10:27,0.0085
5,140-164,1774358130,2026-03-24T21:15:30,0.0085
5,140-164,1774358426,2026-03-24T21:20:26,0.0075
5,140-164,1774358728,2026-03-24T21:25:28,0.0075
5,140-164,1774359029,2026-03-24T21:30:29,0.0075
5,140-164,1774359326,2026-03-24T21:35:26,0.0075
5,140-164,1774359630,2026-03-24T21:40:30,0.0075
5,140-164,1774359930,2026-03-24T21:45:30,0.0075
5,140-164,1774360242,2026-03-24T21:50:42,0.0075
5,140-164,1774360527,2026-03-24T21:55:27,0.0075
5,140-164,1774361127,2026-03-24T22:05:27,0.0075
5,140-164,1774361443,2026-03-24T22:10:43,0.0075
5,140-164,1774361729,2026-03-24T22:15:29,0.007
5,140-164,1774362027,2026-03-24T22:20:27,0.007
5,140-164,1774362341,2026-03-24T22:25:41,0.0075
5,140-164,1774362635,2026-03-24T22:30:35,0.0075
5,140-164,1774362957,2026-03-24T22:35:57,0.0075
5,140-164,1774363231,2026-03-24T22:40:31,0.0075
5,140-164,1774363527,2026-03-24T22:45:27,0.008
5,140-164,1774363832,2026-03-24T22:50:32,0.009
5,140-164,1774364129,2026-03-24T22:55:29,0.0085
5,140-164,1774364740,2026-03-24T23:05:40,0.011
5,140-164,1774365028,2026-03-24T23:10:28,0.005
5,140-164,1774365332,2026-03-24T23:15:32,0.0065
5,140-164,1774365631,2026-03-24T23:20:31,0.0065
5,140-164,1774365927,2026-03-24T23:25:27,0.0055
5,140-164,1774366235,2026-03-24T23:30:35,0.0055
5,140-164,1774366529,2026-03-24T23:35:29,0.0055
5,140-164,1774366827,2026-03-24T23:40:27,0.0045
5,140-164,1774367132,2026-03-24T23:45:32,0.003
5,140-164,1774367425,2026-03-24T23:50:25,0.0025
5,140-164,1774367726,2026-03-24T23:55:26,0.0025
5,140-164,1774368327,2026-03-25T00:05:27,0.0025
5,140-164,1774368632,2026-03-25T00:10:32,0.0015
5,140-164,1774368930,2026-03-25T00:15:30,0.0015
5,140-164,1774369230,2026-03-25T00:20:30,0.0015
5,140-164,1774369527,2026-03-25T00:25:27,0.0015
5,140-164,1774369830,2026-03-25T00:30:30,0.0015
5,140-164,1774370143,2026-03-25T00:35:43,0.0015
5,140-164,1774370427,2026-03-25T00:40:27,0.0015
5,140-164,1774370733,2026-03-25T00:45:33,0.0015
5,140-164,1774371027,2026-03-25T00:50:27,0.0015
5,140-164,1774371327,2026-03-25T00:55:27,0.0015
5,140-164,1774371929,2026-03-25T01:05:29,0.0015
5,140-164,1774372232,2026-03-25T01:10:32,0.0015
5,140-164,1774372530,2026-03-25T01:15:30,0.0015
5,140-164,1774372831,2026-03-25T01:20:31,0.0015
5,140-164,1774373128,2026-03-25T01:25:28,0.0015
5,140-164,1774373437,2026-03-25T01:30:37,0.0015
5,140-164,1774373726,2026-03-25T01:35:26,0.0015
5,140-164,1774374029,2026-03-25T01:40:29,0.0015
5,140-164,1774374327,2026-03-25T01:45:27,0.0025
5,140-164,1774374629,2026-03-25T01:50:29,0.0025
5,140-164,1774374927,2026-03-25T01:55:27,0.0025
5,140-164,1774375530,2026-03-25T02:05:30,0.0025
5,140-164,1774375827,2026-03-25T02:10:27,0.0025
5,140-164,1774376128,2026-03-25T02:15:28,0.0025
5,140-164,1774376429,2026-03-25T02:20:29,0.0025
5,140-164,1774376731,2026-03-25T02:25:31,0.0025
5,140-164,1774377030,2026-03-25T02:30:30,0.0025
5,140-164,1774377329,2026-03-25T02:35:29,0.0025
5,140-164,1774377630,2026-03-25T02:40:30,0.0025
5,140-164,1774377931,2026-03-25T02:45:31,0.0025
5,140-164,1774378232,2026-03-25T02:50:32,0.0025
5,140-164,1774378529,2026-03-25T02:55:29,0.0025
5,140-164,1774379132,2026-03-25T03:05:32,0.0015
5,140-164,1774379427,2026-03-25T03:10:27,0.0015
5,140-164,1774379729,2026-03-25T03:15:29,0.0015
5,140-164,1774380031,2026-03-25T03:20:31,0.0015
5,140-164,1774380327,2026-03-25T03:25:27,0.0015
5,140-164,1774380633,2026-03-25T03:30:33,0.0015
5,140-164,1774380928,2026-03-25T03:35:28,0.0015
5,140-164,1774381229,2026-03-25T03:40:29,0.0015
5,140-164,1774381533,2026-03-25T03:45:33,0.0015
5,140-164,1774381827,2026-03-25T03:50:27,0.0015
5,140-164,1774382129,2026-03-25T03:55:29,0.0015
5,140-164,1774382730,2026-03-25T04:05:30,0.0015
5,140-164,1774383029,2026-03-25T04:10:29,0.0015
5,140-164,1774383331,2026-03-25T04:15:31,0.0015
5,140-164,1774383630,2026-03-25T04:20:30,0.0015
5,140-164,1774383931,2026-03-25T04:25:31,0.0015
5,140-164,1774384233,2026-03-25T04:30:33,0.0015
5,140-164,1774384529,2026-03-25T04:35:29,0.0015
5,140-164,1774384841,2026-03-25T04:40:41,0.0015
5,140-164,1774385129,2026-03-25T04:45:29,0.0015
5,140-164,1774385432,2026-03-25T04:50:32,0.0015
5,140-164,1774385726,2026-03-25T04:55:26,0.0015
5,140-164,1774386325,2026-03-25T05:05:25,0.0015
5,140-164,1774386628,2026-03-25T05:10:28,0.0015
5,140-164,1774386926,2026-03-25T05:15:26,0.0015
5,140-164,1774387228,2026-03-25T05:20:28,0.0015
5,140-164,1774387526,2026-03-25T05:25:26,0.0015
5,140-164,1774387831,2026-03-25T05:30:31,0.0015
5,140-164,1774388129,2026-03-25T05:35:29,0.0015
5,140-164,1774388433,2026-03-25T05:40:33,0.0015
5,140-164,1774388726,2026-03-25T05:45:26,0.0015
5,140-164,1774389050,2026-03-25T05:50:50,0.0015
5,140-164,1774389330,2026-03-25T05:55:30,0.0015
5,140-164,1774389926,2026-03-25T06:05:26,0.0015
5,140-164,1774390229,2026-03-25T06:10:29,0.0015
5,140-164,1774390527,2026-03-25T06:15:27,0.0015
5,140-164,1774390835,2026-03-25T06:20:35,0.0015
5,140-164,1774391125,2026-03-25T06:25:25,0.0015
5,140-164,1774391433,2026-03-25T06:30:33,0.0015
5,140-164,1774391728,2026-03-25T06:35:28,0.0015
5,140-164,1774392028,2026-03-25T06:40:28,0.0015
5,140-164,1774392328,2026-03-25T06:45:28,0.0015
5,140-164,1774392629,2026-03-25T06:50:29,0.0015
5,140-164,1774392929,2026-03-25T06:55:29,0.0015
5,140-164,1774393529,2026-03-25T07:05:29,0.0015
5,140-164,1774393828,2026-03-25T07:10:28,0.0015
5,140-164,1774394130,2026-03-25T07:15:30,0.0015
5,140-164,1774394429,2026-03-25T07:20:29,0.0015
5,140-164,1774394728,2026-03-25T07:25:28,0.0015
5,140-164,1774395034,2026-03-25T07:30:34,0.0015
5,140-164,1774395329,2026-03-25T07:35:29,0.0015
5,140-164,1774395633,2026-03-25T07:40:33,0.0015
5,140-164,1774395930,2026-03-25T07:45:30,0.0015
5,140-164,1774396229,2026-03-25T07:50:29,0.0015
5,140-164,1774396540,2026-03-25T07:55:40,0.0015
5,140-164,1774397130,2026-03-25T08:05:30,0.0015
5,140-164,1774397433,2026-03-25T08:10:33,0.0015
5,140-164,1774397729,2026-03-25T08:15:29,0.001
5,140-164,1774398030,2026-03-25T08:20:30,0.0005
5,140-164,1774398327,2026-03-25T08:25:27,0.0005
5,140-164,1774398631,2026-03-25T08:30:31,0.0005
5,140-164,1774398936,2026-03-25T08:35:36,0.0005
5,140-164,1774399230,2026-03-25T08:40:30,0.0005
5,140-164,1774399529,2026-03-25T08:45:29,0.0005
5,140-164,1774399831,2026-03-25T08:50:31,0.0005
5,140-164,1774400131,2026-03-25T08:55:31,0.0005
5,140-164,1774400730,2026-03-25T09:05:30,0.0005
5,140-164,1774401028,2026-03-25T09:10:28,0.0005
5,140-164,1774401329,2026-03-25T09:15:29,0.0005
5,140-164,1774401632,2026-03-25T09:20:32,0.0005
5,140-164,1774401940,2026-03-25T09:25:40,0.0005
5,140-164,1774402229,2026-03-25T09:30:29,0.0005
5,140-164,1774402532,2026-03-25T09:35:32,0.0005
5,140-164,1774402829,2026-03-25T09:40:29,0.0005
5,140-164,1774403130,2026-03-25T09:45:30,0.0005
5,140-164,1774403426,2026-03-25T09:50:26,0.0005
5,140-164,1774403731,2026-03-25T09:55:31,0.0005
5,140-164,1774404337,2026-03-25T10:05:37,0.0005
5,140-164,1774404631,2026-03-25T10:10:31,0.0005
5,140-164,1774404928,2026-03-25T10:15:28,0.0005
5,140-164,1774405232,2026-03-25T10:20:32,0.0005
5,140-164,1774405531,2026-03-25T10:25:31,0.0005
5,140-164,1774405833,2026-03-25T10:30:33,0.0005
5,140-164,1774406131,2026-03-25T10:35:31,0.0005
5,140-164,1774406435,2026-03-25T10:40:35,0.0005
5,140-164,1774406728,2026-03-25T10:45:28,0.0005
5,140-164,1774407028,2026-03-25T10:50:28,0.0005
5,140-164,1774407328,2026-03-25T10:55:28,0.0005
5,140-164,1774407931,2026-03-25T11:05:31,0.0005
5,140-164,1774408232,2026-03-25T11:10:32,0.0005
5,140-164,1774408531,2026-03-25T11:15:31,0.0005
5,140-164,1774408827,2026-03-25T11:20:27,0.0005
5,140-164,1774409130,2026-03-25T11:25:30,0.0005
5,140-164,1774409432,2026-03-25T11:30:32,0.0005
5,140-164,1774409732,2026-03-25T11:35:32,0.0005
5,140-164,1774410031,2026-03-25T11:40:31,0.0005
5,140-164,1774410327,2026-03-25T11:45:27,0.0005
5,140-164,1774410627,2026-03-25T11:50:27,0.0005
5,140-164,1774410928,2026-03-25T11:55:28,0.0005
5,140-164,1774411530,2026-03-25T12:05:30,0.0005
5,140-164,1774411830,2026-03-25T12:10:30,0.0005
5,140-164,1774412130,2026-03-25T12:15:30,0.0005
5,140-164,1774412430,2026-03-25T12:20:30,0.0005
5,140-164,1774412728,2026-03-25T12:25:28,0.0005
5,140-164,1774413041,2026-03-25T12:30:41,0.0005
5,140-164,1774413329,2026-03-25T12:35:29,0.0005
5,140-164,1774413629,2026-03-25T12:40:29,0.0005
5,140-164,1774413930,2026-03-25T12:45:30,0.0005
5,140-164,1774414231,2026-03-25T12:50:31,0.0005
5,140-164,1774414530,2026-03-25T12:55:30,0.0005
5,140-164,1774415129,2026-03-25T13:05:29,0.0005
5,140-164,1774415432,2026-03-25T13:10:32,0.0005
5,140-164,1774415739,2026-03-25T13:15:39,0.0005
5,140-164,1774416029,2026-03-25T13:20:29,0.0005
5,140-164,1774416330,2026-03-25T13:25:30,0.0005
5,140-164,1774416633,2026-03-25T13:30:33,0.0005
5,140-164,1774416931,2026-03-25T13:35:31,0.0005
5,140-164,1774417229,2026-03-25T13:40:29,0.0005
5,140-164,1774417528,2026-03-25T13:45:28,0.0005
5,140-164,1774417831,2026-03-25T13:50:31,0.0005
5,140-164,1774418129,2026-03-25T13:55:29,0.0005
5,140-164,1774418729,2026-03-25T14:05:29,0.0005
5,140-164,1774419028,2026-03-25T14:10:28,0.0005
5,140-164,1774419328,2026-03-25T14:15:28,0.0005
5,140-164,1774419630,2026-03-25T14:20:30,0.0005
5,140-164,1774419938,2026-03-25T14:25:38,0.0005
5,140-164,1774420234,2026-03-25T14:30:34,0.0005
5,140-164,1774420540,2026-03-25T14:35:40,0.0005
5,140-164,1774420826,2026-03-25T14:40:26,0.0005
5,140-164,1774421131,2026-03-25T14:45:31,0.0005
5,140-164,1774421431,2026-03-25T14:50:31,0.0005
5,140-164,1774421728,2026-03-25T14:55:28,0.0005
5,140-164,1774422330,2026-03-25T15:05:30,0.0005
5,140-164,1774422632,2026-03-25T15:10:32,0.0005
5,140-164,1774422931,2026-03-25T15:15:31,0.0005
5,140-164,1774423228,2026-03-25T15:20:28,0.0005
5,140-164,1774423530,2026-03-25T15:25:30,0.0005
5,140-164,1774423831,2026-03-25T15:30:31,0.0005
5,140-164,1774424130,2026-03-25T15:35:30,0.0005
5,140-164,1774424431,2026-03-25T15:40:31,0.0005
5,140-164,1774424730,2026-03-25T15:45:30,0.0005
5,140-164,1774425029,2026-03-25T15:50:29,0.0005
5,140-164,1774425328,2026-03-25T15:55:28,0.0005
5,140-164,1774425940,2026-03-25T16:05:40,0.0005
5,140-164,1774426231,2026-03-25T16:10:31,0.0005
5,140-164,1774426530,2026-03-25T16:15:30,0.0005
5,140-164,1774426835,2026-03-25T16:20:35,0.0005
5,140-164,1774427127,2026-03-25T16:25:27,0.0005
5,140-164,1774427430,2026-03-25T16:30:30,0.0005
5,140-164,1774427731,2026-03-25T16:35:31,0.0005
5,140-164,1774428028,2026-03-25T16:40:28,0.0005
5,140-164,1774428330,2026-03-25T16:45:30,0.0005
5,140-164,1774428630,2026-03-25T16:50:30,0.0005
5,140-164,1774428926,2026-03-25T16:55:26,0.0005
5,140-164,1774429530,2026-03-25T17:05:30,0.0005
5,140-164,1774429830,2026-03-25T17:10:30,0.0005
5,140-164,1774430131,2026-03-25T17:15:31,0.0005
5,140-164,1774430428,2026-03-25T17:20:28,0.0005
5,140-164,1774430729,2026-03-25T17:25:29,0.0005
5,140-164,1774431034,2026-03-25T17:30:34,0.0005
5,140-164,1774431329,2026-03-25T17:35:29,0.0005
5,140-164,1774431638,2026-03-25T17:40:38,0.0005
5,140-164,1774431931,2026-03-25T17:45:31,0.0005
5,140-164,1774432226,2026-03-25T17:50:26,0.0005
5,140-164,1774432526,2026-03-25T17:55:26,0.0005
5,140-164,1774433130,2026-03-25T18:05:30,0.0005
5,140-164,1774433431,2026-03-25T18:10:31,0.0005
5,140-164,1774433728,2026-03-25T18:15:28,0.0005
5,140-164,1774434029,2026-03-25T18:20:29,0.0005
5,140-164,1774434332,2026-03-25T18:25:32,0.0005
5,140-164,1774434633,2026-03-25T18:30:33,0.0005
5,140-164,1774434932,2026-03-25T18:35:32,0.0005
5,140-164,1774435229,2026-03-25T18:40:29,0.0005
5,140-164,1774435529,2026-03-25T18:45:29,0.0005
5,140-164,1774435828,2026-03-25T18:50:28,0.0005
5,140-164,1774436129,2026-03-25T18:55:29,0.0005
5,140-164,1774436737,2026-03-25T19:05:37,0.0005
5,140-164,1774437032,2026-03-25T19:10:32,0.0005
5,140-164,1774437328,2026-03-25T19:15:28,0.0005
5,140-164,1774437638,2026-03-25T19:20:38,0.0005
5,140-164,1774437929,2026-03-25T19:25:29,0.0005
5,140-164,1774438232,2026-03-25T19:30:32,0.0005
5,140-164,1774438529,2026-03-25T19:35:29,0.0005
5,140-164,1774438828,2026-03-25T19:40:28,0.0005
5,140-164,1774439130,2026-03-25T19:45:30,0.0005
5,140-164,1774439432,2026-03-25T19:50:32,0.0005
5,140-164,1774439728,2026-03-25T19:55:28,0.0005
5,140-164,1774440327,2026-03-25T20:05:27,0.0005
5,140-164,1774440629,2026-03-25T20:10:29,0.0005
5,140-164,1774440931,2026-03-25T20:15:31,0.0005
5,140-164,1774441236,2026-03-25T20:20:36,0.0005
5,140-164,1774441531,2026-03-25T20:25:31,0.0005
5,140-164,1774441837,2026-03-25T20:30:37,0.0005
5,140-164,1774442128,2026-03-25T20:35:28,0.0005
5,140-164,1774442431,2026-03-25T20:40:31,0.0005
5,140-164,1774442729,2026-03-25T20:45:29,0.0005
5,140-164,1774443031,2026-03-25T20:50:31,0.0005
5,140-164,1774443330,2026-03-25T20:55:30,0.0005
5,140-164,1774443929,2026-03-25T21:05:29,0.0005
5,140-164,1774444231,2026-03-25T21:10:31,0.0005
5,140-164,1774444530,2026-03-25T21:15:30,0.0005
5,140-164,1774444829,2026-03-25T21:20:29,0.0005
5,140-164,1774445130,2026-03-25T21:25:30,0.0005
5,140-164,1774445438,2026-03-25T21:30:38,0.0005
5,140-164,1774445747,2026-03-25T21:35:47,0.0005
5,140-164,1774446028,2026-03-25T21:40:28,0.0005
5,140-164,1774446330,2026-03-25T21:45:30,0.0005
5,140-164,1774446633,2026-03-25T21:50:33,0.0005
5,140-164,1774446931,2026-03-25T21:55:31,0.0005
5,140-164,1774447532,2026-03-25T22:05:32,0.0005
5,140-164,1774447831,2026-03-25T22:10:31,0.0005
5,140-164,1774448135,2026-03-25T22:15:35,0.0005
5,140-164,1774448433,2026-03-25T22:20:33,0.0005
5,140-164,1774448728,2026-03-25T22:25:28,0.0005
5,140-164,1774449037,2026-03-25T22:30:37,0.0005
5,140-164,1774449348,2026-03-25T22:35:48,0.0005
5,140-164,1774449628,2026-03-25T22:40:28,0.0005
5,140-164,1774449930,2026-03-25T22:45:30,0.0005
5,140-164,1774450230,2026-03-25T22:50:30,0.0005
5,140-164,1774450530,2026-03-25T22:55:30,0.0005
5,140-164,1774451134,2026-03-25T23:05:34,0.0005
5,140-164,1774451432,2026-03-25T23:10:32,0.0005
5,140-164,1774451731,2026-03-25T23:15:31,0.0005
5,140-164,1774452032,2026-03-25T23:20:32,0.0005
5,140-164,1774452329,2026-03-25T23:25:29,0.0005
5,140-164,1774452634,2026-03-25T23:30:34,0.0005
5,140-164,1774452933,2026-03-25T23:35:33,0.0005
5,140-164,1774453228,2026-03-25T23:40:28,0.0005
5,140-164,1774453530,2026-03-25T23:45:30,0.0005
5,140-164,1774453831,2026-03-25T23:50:31,0.0005
5,140-164,1774454131,2026-03-25T23:55:31,0.0005
5,140-164,1774454732,2026-03-26T00:05:32,0.0005
5,140-164,1774455031,2026-03-26T00:10:31,0.0005
5,140-164,1774455346,2026-03-26T00:15:46,0.0005
5,140-164,1774455631,2026-03-26T00:20:31,0.0005
5,140-164,1774455931,2026-03-26T00:25:31,0.0005
5,140-164,1774456231,2026-03-26T00:30:31,0.0005
5,140-164,1774456532,2026-03-26T00:35:32,0.0005
5,140-164,1774456828,2026-03-26T00:40:28,0.0005
5,140-164,1774457130,2026-03-26T00:45:30,0.0005
5,140-164,1774457428,2026-03-26T00:50:28,0.0005
5,140-164,1774457731,2026-03-26T00:55:31,0.0005
5,140-164,1774458336,2026-03-26T01:05:36,0.0005
5,140-164,1774458629,2026-03-26T01:10:29,0.0005
5,140-164,1774458930,2026-03-26T01:15:30,0.0005
5,140-164,1774459241,2026-03-26T01:20:41,0.0005
5,140-164,1774459551,2026-03-26T01:25:51,0.0005
5,140-164,1774459832,2026-03-26T01:30:32,0.0005
5,140-164,1774460130,2026-03-26T01:35:30,0.0005
5,140-164,1774460427,2026-03-26T01:40:27,0.0005
5,140-164,1774460731,2026-03-26T01:45:31,0.0005
5,140-164,1774461028,2026-03-26T01:50:28,0.0005
5,140-164,1774461330,2026-03-26T01:55:30,0.0005
5,140-164,1774461930,2026-03-26T02:05:30,0.0005
5,140-164,1774462242,2026-03-26T02:10:42,0.0005
5,140-164,1774462531,2026-03-26T02:15:31,0.0005
5,140-164,1774462830,2026-03-26T02:20:30,0.0005
5,140-164,1774463128,2026-03-26T02:25:28,0.0005
5,140-164,1774463444,2026-03-26T02:30:44,0.0005
5,140-164,1774463727,2026-03-26T02:35:27,0.0005
5,140-164,1774464028,2026-03-26T02:40:28,0.0005
6,165-189,1774110036,2026-03-22T00:20:36,0.03
6,165-189,1774110336,2026-03-22T00:25:36,0.02
6,165-189,1774110658,2026-03-22T00:30:58,0.025
6,165-189,1774110936,2026-03-22T00:35:36,0.0205
6,165-189,1774111237,2026-03-22T00:40:37,0.028
6,165-189,1774111535,2026-03-22T00:45:35,0.028
6,165-189,1774111833,2026-03-22T00:50:33,0.028
6,165-189,1774112139,2026-03-22T00:55:39,0.026
6,165-189,1774112737,2026-03-22T01:05:37,0.026
6,165-189,1774113037,2026-03-22T01:10:37,0.026
6,165-189,1774113337,2026-03-22T01:15:37,0.026
6,165-189,1774113638,2026-03-22T01:20:38,0.026
6,165-189,1774113935,2026-03-22T01:25:35,0.026
6,165-189,1774114254,2026-03-22T01:30:54,0.026
6,165-189,1774114536,2026-03-22T01:35:36,0.026
6,165-189,1774114845,2026-03-22T01:40:45,0.026
6,165-189,1774115137,2026-03-22T01:45:37,0.026
6,165-189,1774115444,2026-03-22T01:50:44,0.0215
6,165-189,1774115733,2026-03-22T01:55:33,0.023
6,165-189,1774116336,2026-03-22T02:05:36,0.0265
6,165-189,1774116638,2026-03-22T02:10:38,0.0245
6,165-189,1774116934,2026-03-22T02:15:34,0.0255
6,165-189,1774117235,2026-03-22T02:20:35,0.026
6,165-189,1774117534,2026-03-22T02:25:34,0.0245
6,165-189,1774117843,2026-03-22T02:30:43,0.0255
6,165-189,1774118138,2026-03-22T02:35:38,0.0245
6,165-189,1774118433,2026-03-22T02:40:33,0.025
6,165-189,1774118735,2026-03-22T02:45:35,0.025
6,165-189,1774119035,2026-03-22T02:50:35,0.026
6,165-189,1774119347,2026-03-22T02:55:47,0.0225
6,165-189,1774119932,2026-03-22T03:05:32,0.026
6,165-189,1774120233,2026-03-22T03:10:33,0.0265
6,165-189,1774120539,2026-03-22T03:15:39,0.027
6,165-189,1774120834,2026-03-22T03:20:34,0.0275
6,165-189,1774121135,2026-03-22T03:25:35,0.0255
6,165-189,1774121440,2026-03-22T03:30:40,0.0265
6,165-189,1774121745,2026-03-22T03:35:45,0.026
6,165-189,1774122048,2026-03-22T03:40:48,0.0265
6,165-189,1774122333,2026-03-22T03:45:33,0.027
6,165-189,1774122634,2026-03-22T03:50:34,0.0275
6,165-189,1774122935,2026-03-22T03:55:35,0.024
6,165-189,1774123556,2026-03-22T04:05:56,0.0245
6,165-189,1774123836,2026-03-22T04:10:36,0.0245
6,165-189,1774124135,2026-03-22T04:15:35,0.0245
6,165-189,1774124433,2026-03-22T04:20:33,0.025
6,165-189,1774124747,2026-03-22T04:25:47,0.023
6,165-189,1774125053,2026-03-22T04:30:53,0.0245
6,165-189,1774125336,2026-03-22T04:35:36,0.026
6,165-189,1774125632,2026-03-22T04:40:32,0.0265
6,165-189,1774125934,2026-03-22T04:45:34,0.0265
6,165-189,1774126233,2026-03-22T04:50:33,0.0265
6,165-189,1774126532,2026-03-22T04:55:32,0.0315
6,165-189,1774127134,2026-03-22T05:05:34,0.031
6,165-189,1774127432,2026-03-22T05:10:32,0.0315
6,165-189,1774127734,2026-03-22T05:15:34,0.0315
6,165-189,1774128032,2026-03-22T05:20:32,0.0315
6,165-189,1774128334,2026-03-22T05:25:34,0.0315
6,165-189,1774128639,2026-03-22T05:30:39,0.03
6,165-189,1774128938,2026-03-22T05:35:38,0.031
6,165-189,1774129234,2026-03-22T05:40:34,0.03
6,165-189,1774129534,2026-03-22T05:45:34,0.0305
6,165-189,1774129833,2026-03-22T05:50:33,0.0315
6,165-189,1774130138,2026-03-22T05:55:38,0.0315
6,165-189,1774130734,2026-03-22T06:05:34,0.0315
6,165-189,1774131033,2026-03-22T06:10:33,0.0315
6,165-189,1774131347,2026-03-22T06:15:47,0.0315
6,165-189,1774131635,2026-03-22T06:20:35,0.0245
6,165-189,1774131932,2026-03-22T06:25:32,0.0225
6,165-189,1774132243,2026-03-22T06:30:43,0.0275
6,165-189,1774132533,2026-03-22T06:35:33,0.0345
6,165-189,1774132834,2026-03-22T06:40:34,0.031
6,165-189,1774133135,2026-03-22T06:45:35,0.033
6,165-189,1774133434,2026-03-22T06:50:34,0.034
6,165-189,1774133734,2026-03-22T06:55:34,0.0355
6,165-189,1774134333,2026-03-22T07:05:33,0.0335
6,165-189,1774134637,2026-03-22T07:10:37,0.034
6,165-189,1774134945,2026-03-22T07:15:45,0.034
6,165-189,1774135235,2026-03-22T07:20:35,0.035
6,165-189,1774135534,2026-03-22T07:25:34,0.0335
6,165-189,1774135839,2026-03-22T07:30:39,0.035
6,165-189,1774136135,2026-03-22T07:35:35,0.035
6,165-189,1774136434,2026-03-22T07:40:34,0.035
6,165-189,1774136736,2026-03-22T07:45:36,0.034
6,165-189,1774137047,2026-03-22T07:50:47,0.0335
6,165-189,1774137333,2026-03-22T07:55:33,0.034
6,165-189,1774137932,2026-03-22T08:05:32,0.033
6,165-189,1774138247,2026-03-22T08:10:47,0.033
6,165-189,1774138533,2026-03-22T08:15:33,0.031
6,165-189,1774138847,2026-03-22T08:20:47,0.033
6,165-189,1774139134,2026-03-22T08:25:34,0.033
6,165-189,1774139438,2026-03-22T08:30:38,0.0335
6,165-189,1774139734,2026-03-22T08:35:34,0.033
6,165-189,1774140033,2026-03-22T08:40:33,0.033
6,165-189,1774140336,2026-03-22T08:45:36,0.033
6,165-189,1774140635,2026-03-22T08:50:35,0.033
6,165-189,1774140936,2026-03-22T08:55:36,0.0335
6,165-189,1774141533,2026-03-22T09:05:33,0.0335
6,165-189,1774141838,2026-03-22T09:10:38,0.0335
6,165-189,1774142134,2026-03-22T09:15:34,0.0335
6,165-189,1774142435,2026-03-22T09:20:35,0.0335
6,165-189,1774142734,2026-03-22T09:25:34,0.0335
6,165-189,1774143046,2026-03-22T09:30:46,0.0335
6,165-189,1774143328,2026-03-22T09:35:28,0.0335
6,165-189,1774143642,2026-03-22T09:40:42,0.0355
6,165-189,1774143928,2026-03-22T09:45:28,0.026
6,165-189,1774144228,2026-03-22T09:50:28,0.032
6,165-189,1774144528,2026-03-22T09:55:28,0.033
6,165-189,1774145128,2026-03-22T10:05:28,0.0335
6,165-189,1774145430,2026-03-22T10:10:30,0.0335
6,165-189,1774145729,2026-03-22T10:15:29,0.0335
6,165-189,1774146027,2026-03-22T10:20:27,0.0335
6,165-189,1774146332,2026-03-22T10:25:32,0.0335
6,165-189,1774146635,2026-03-22T10:30:35,0.034
6,165-189,1774146929,2026-03-22T10:35:29,0.0335
6,165-189,1774147228,2026-03-22T10:40:28,0.0335
6,165-189,1774147529,2026-03-22T10:45:29,0.0335
6,165-189,1774147827,2026-03-22T10:50:27,0.0355
6,165-189,1774148137,2026-03-22T10:55:37,0.034
6,165-189,1774148729,2026-03-22T11:05:29,0.035
6,165-189,1774149028,2026-03-22T11:10:28,0.035
6,165-189,1774149327,2026-03-22T11:15:27,0.035
6,165-189,1774149628,2026-03-22T11:20:28,0.0375
6,165-189,1774149930,2026-03-22T11:25:30,0.0375
6,165-189,1774150251,2026-03-22T11:30:51,0.0375
6,165-189,1774150528,2026-03-22T11:35:28,0.0375
6,165-189,1774150835,2026-03-22T11:40:35,0.0375
6,165-189,1774151129,2026-03-22T11:45:29,0.0375
6,165-189,1774151427,2026-03-22T11:50:27,0.0375
6,165-189,1774151728,2026-03-22T11:55:28,0.0375
6,165-189,1774152330,2026-03-22T12:05:30,0.0375
6,165-189,1774152630,2026-03-22T12:10:30,0.0375
6,165-189,1774152929,2026-03-22T12:15:29,0.0375
6,165-189,1774153231,2026-03-22T12:20:31,0.035
6,165-189,1774153531,2026-03-22T12:25:31,0.0375
6,165-189,1774153835,2026-03-22T12:30:35,0.0375
6,165-189,1774154130,2026-03-22T12:35:30,0.0375
6,165-189,1774154428,2026-03-22T12:40:28,0.0375
6,165-189,1774154728,2026-03-22T12:45:28,0.0375
6,165-189,1774155049,2026-03-22T12:50:49,0.0375
6,165-189,1774155328,2026-03-22T12:55:28,0.0375
6,165-189,1774155928,2026-03-22T13:05:28,0.038
6,165-189,1774156230,2026-03-22T13:10:30,0.037
6,165-189,1774156529,2026-03-22T13:15:29,0.037
6,165-189,1774156829,2026-03-22T13:20:29,0.037
6,165-189,1774157130,2026-03-22T13:25:30,0.037
6,165-189,1774157436,2026-03-22T13:30:36,0.037
6,165-189,1774157728,2026-03-22T13:35:28,0.039
6,165-189,1774158029,2026-03-22T13:40:29,0.038
6,165-189,1774158343,2026-03-22T13:45:43,0.038
6,165-189,1774158629,2026-03-22T13:50:29,0.0385
6,165-189,1774158939,2026-03-22T13:55:39,0.0385
6,165-189,1774159528,2026-03-22T14:05:28,0.0395
6,165-189,1774159827,2026-03-22T14:10:27,0.0395
6,165-189,1774160127,2026-03-22T14:15:27,0.0385
6,165-189,1774160430,2026-03-22T14:20:30,0.039
6,165-189,1774160729,2026-03-22T14:25:29,0.0385
6,165-189,1774161033,2026-03-22T14:30:33,0.0385
6,165-189,1774161339,2026-03-22T14:35:39,0.0385
6,165-189,1774161631,2026-03-22T14:40:31,0.0395
6,165-189,1774161928,2026-03-22T14:45:28,0.039
6,165-189,1774162228,2026-03-22T14:50:28,0.035
6,165-189,1774162528,2026-03-22T14:55:28,0.0375
6,165-189,1774163130,2026-03-22T15:05:30,0.0395
6,165-189,1774163429,2026-03-22T15:10:29,0.0385
6,165-189,1774163727,2026-03-22T15:15:27,0.0395
6,165-189,1774164027,2026-03-22T15:20:27,0.0385
6,165-189,1774164326,2026-03-22T15:25:26,0.039
6,165-189,1774164637,2026-03-22T15:30:37,0.036
6,165-189,1774164928,2026-03-22T15:35:28,0.035
6,165-189,1774165229,2026-03-22T15:40:29,0.0375
6,165-189,1774165539,2026-03-22T15:45:39,0.039
6,165-189,1774165830,2026-03-22T15:50:30,0.0385
6,165-189,1774166128,2026-03-22T15:55:28,0.038
6,165-189,1774166728,2026-03-22T16:05:28,0.0385
6,165-189,1774167029,2026-03-22T16:10:29,0.038
6,165-189,1774167339,2026-03-22T16:15:39,0.038
6,165-189,1774167629,2026-03-22T16:20:29,0.0375
6,165-189,1774167927,2026-03-22T16:25:27,0.038
6,165-189,1774168235,2026-03-22T16:30:35,0.0375
6,165-189,1774168543,2026-03-22T16:35:43,0.038
6,165-189,1774168829,2026-03-22T16:40:29,0.038
6,165-189,1774169128,2026-03-22T16:45:28,0.038
6,165-189,1774169429,2026-03-22T16:50:29,0.0385
6,165-189,1774169729,2026-03-22T16:55:29,0.0385
6,165-189,1774170329,2026-03-22T17:05:29,0.038
6,165-189,1774170629,2026-03-22T17:10:29,0.0375
6,165-189,1774170930,2026-03-22T17:15:30,0.038
6,165-189,1774171228,2026-03-22T17:20:28,0.0375
6,165-189,1774171528,2026-03-22T17:25:28,0.0365
6,165-189,1774171850,2026-03-22T17:30:50,0.0365
6,165-189,1774172128,2026-03-22T17:35:28,0.037
6,165-189,1774172428,2026-03-22T17:40:28,0.0365
6,165-189,1774172726,2026-03-22T17:45:26,0.0365
6,165-189,1774173028,2026-03-22T17:50:28,0.037
6,165-189,1774173328,2026-03-22T17:55:28,0.0365
6,165-189,1774173927,2026-03-22T18:05:27,0.0365
6,165-189,1774174229,2026-03-22T18:10:29,0.037
6,165-189,1774174528,2026-03-22T18:15:28,0.0315
6,165-189,1774174839,2026-03-22T18:20:39,0.0325
6,165-189,1774175128,2026-03-22T18:25:28,0.0335
6,165-189,1774175434,2026-03-22T18:30:34,0.032
6,165-189,1774175728,2026-03-22T18:35:28,0.0285
6,165-189,1774176028,2026-03-22T18:40:28,0.0265
6,165-189,1774176328,2026-03-22T18:45:28,0.0285
6,165-189,1774176639,2026-03-22T18:50:39,0.0285
6,165-189,1774176929,2026-03-22T18:55:29,0.0285
6,165-189,1774177528,2026-03-22T19:05:28,0.026
6,165-189,1774177833,2026-03-22T19:10:33,0.0265
6,165-189,1774178129,2026-03-22T19:15:29,0.0265
6,165-189,1774178432,2026-03-22T19:20:32,0.0255
6,165-189,1774178728,2026-03-22T19:25:28,0.025
6,165-189,1774179035,2026-03-22T19:30:35,0.025
6,165-189,1774179329,2026-03-22T19:35:29,0.0245
6,165-189,1774179632,2026-03-22T19:40:32,0.025
6,165-189,1774179946,2026-03-22T19:45:46,0.0255
6,165-189,1774180229,2026-03-22T19:50:29,0.0255
6,165-189,1774180528,2026-03-22T19:55:28,0.025
6,165-189,1774181129,2026-03-22T20:05:29,0.0245
6,165-189,1774181445,2026-03-22T20:10:45,0.0245
6,165-189,1774181730,2026-03-22T20:15:30,0.0245
6,165-189,1774182028,2026-03-22T20:20:28,0.025
6,165-189,1774182329,2026-03-22T20:25:29,0.025
6,165-189,1774182636,2026-03-22T20:30:36,0.0265
6,165-189,1774182929,2026-03-22T20:35:29,0.0245
6,165-189,1774183227,2026-03-22T20:40:27,0.025
6,165-189,1774183528,2026-03-22T20:45:28,0.025
6,165-189,1774183827,2026-03-22T20:50:27,0.025
6,165-189,1774184127,2026-03-22T20:55:27,0.025
6,165-189,1774184728,2026-03-22T21:05:28,0.025
6,165-189,1774185028,2026-03-22T21:10:28,0.025
6,165-189,1774185329,2026-03-22T21:15:29,0.025
6,165-189,1774185628,2026-03-22T21:20:28,0.025
6,165-189,1774185928,2026-03-22T21:25:28,0.025
6,165-189,1774186249,2026-03-22T21:30:49,0.025
6,165-189,1774186528,2026-03-22T21:35:28,0.025
6,165-189,1774186829,2026-03-22T21:40:29,0.0235
6,165-189,1774187129,2026-03-22T21:45:29,0.023
6,165-189,1774187427,2026-03-22T21:50:27,0.0235
6,165-189,1774187744,2026-03-22T21:55:44,0.0235
6,165-189,1774188328,2026-03-22T22:05:28,0.026
6,165-189,1774188630,2026-03-22T22:10:30,0.027
6,165-189,1774188929,2026-03-22T22:15:29,0.0265
6,165-189,1774189232,2026-03-22T22:20:32,0.0265
6,165-189,1774189528,2026-03-22T22:25:28,0.027
6,165-189,1774189837,2026-03-22T22:30:37,0.026
6,165-189,1774190109,2026-03-22T22:35:09,0.026
6,165-189,1774190148,2026-03-22T22:35:48,0.026
6,165-189,1774190447,2026-03-22T22:40:47,0.026
6,165-189,1774190729,2026-03-22T22:45:29,0.0265
6,165-189,1774191030,2026-03-22T22:50:30,0.0265
6,165-189,1774191328,2026-03-22T22:55:28,0.0245
6,165-189,1774191931,2026-03-22T23:05:31,0.0315
6,165-189,1774192227,2026-03-22T23:10:27,0.029
6,165-189,1774192529,2026-03-22T23:15:29,0.029
6,165-189,1774192829,2026-03-22T23:20:29,0.0295
6,165-189,1774193128,2026-03-22T23:25:28,0.0285
6,165-189,1774193437,2026-03-22T23:30:37,0.029
6,165-189,1774193727,2026-03-22T23:35:27,0.0295
6,165-189,1774194028,2026-03-22T23:40:28,0.03
6,165-189,1774194342,2026-03-22T23:45:42,0.0285
6,165-189,1774194641,2026-03-22T23:50:41,0.0285
6,165-189,1774194929,2026-03-22T23:55:29,0.0295
6,165-189,1774195530,2026-03-23T00:05:30,0.0275
6,165-189,1774195831,2026-03-23T00:10:31,0.0275
6,165-189,1774196132,2026-03-23T00:15:32,0.0265
6,165-189,1774196428,2026-03-23T00:20:28,0.027
6,165-189,1774196729,2026-03-23T00:25:29,0.027
6,165-189,1774197033,2026-03-23T00:30:33,0.0245
6,165-189,1774197329,2026-03-23T00:35:29,0.0245
6,165-189,1774197643,2026-03-23T00:40:43,0.0245
6,165-189,1774197929,2026-03-23T00:45:29,0.0245
6,165-189,1774198229,2026-03-23T00:50:29,0.0245
6,165-189,1774198528,2026-03-23T00:55:28,0.0295
6,165-189,1774199130,2026-03-23T01:05:30,0.03
6,165-189,1774199429,2026-03-23T01:10:29,0.0295
6,165-189,1774199730,2026-03-23T01:15:30,0.029
6,165-189,1774200029,2026-03-23T01:20:29,0.0295
6,165-189,1774200330,2026-03-23T01:25:30,0.03
6,165-189,1774200930,2026-03-23T01:35:30,0.03
6,165-189,1774201228,2026-03-23T01:40:28,0.03
6,165-189,1774201528,2026-03-23T01:45:28,0.03
6,165-189,1774201829,2026-03-23T01:50:29,0.0305
6,165-189,1774202132,2026-03-23T01:55:32,0.0305
6,165-189,1774202728,2026-03-23T02:05:28,0.03
6,165-189,1774203030,2026-03-23T02:10:30,0.03
6,165-189,1774203328,2026-03-23T02:15:28,0.03
6,165-189,1774203631,2026-03-23T02:20:31,0.03
6,165-189,1774203940,2026-03-23T02:25:40,0.0285
6,165-189,1774204239,2026-03-23T02:30:39,0.0275
6,165-189,1774204529,2026-03-23T02:35:29,0.0275
6,165-189,1774204828,2026-03-23T02:40:28,0.0275
6,165-189,1774205131,2026-03-23T02:45:31,0.0275
6,165-189,1774205431,2026-03-23T02:50:31,0.0275
6,165-189,1774205732,2026-03-23T02:55:32,0.0275
6,165-189,1774206329,2026-03-23T03:05:29,0.0275
6,165-189,1774206645,2026-03-23T03:10:45,0.0275
6,165-189,1774206932,2026-03-23T03:15:32,0.0275
6,165-189,1774207231,2026-03-23T03:20:31,0.0275
6,165-189,1774207531,2026-03-23T03:25:31,0.0275
6,165-189,1774207841,2026-03-23T03:30:41,0.0275
6,165-189,1774208132,2026-03-23T03:35:32,0.0265
6,165-189,1774208434,2026-03-23T03:40:34,0.0265
6,165-189,1774208733,2026-03-23T03:45:33,0.0265
6,165-189,1774209032,2026-03-23T03:50:32,0.0265
6,165-189,1774209328,2026-03-23T03:55:28,0.0265
6,165-189,1774209932,2026-03-23T04:05:32,0.0265
6,165-189,1774210242,2026-03-23T04:10:42,0.0265
6,165-189,1774210530,2026-03-23T04:15:30,0.025
6,165-189,1774210833,2026-03-23T04:20:33,0.0295
6,165-189,1774211132,2026-03-23T04:25:32,0.027
6,165-189,1774211439,2026-03-23T04:30:39,0.027
6,165-189,1774211728,2026-03-23T04:35:28,0.027
6,165-189,1774212031,2026-03-23T04:40:31,0.027
6,165-189,1774212341,2026-03-23T04:45:41,0.025
6,165-189,1774212633,2026-03-23T04:50:33,0.025
6,165-189,1774212930,2026-03-23T04:55:30,0.029
6,165-189,1774213530,2026-03-23T05:05:30,0.0295
6,165-189,1774213830,2026-03-23T05:10:30,0.029
6,165-189,1774214134,2026-03-23T05:15:34,0.029
6,165-189,1774214434,2026-03-23T05:20:34,0.032
6,165-189,1774214732,2026-03-23T05:25:32,0.032
6,165-189,1774215039,2026-03-23T05:30:39,0.032
6,165-189,1774215330,2026-03-23T05:35:30,0.032
6,165-189,1774215628,2026-03-23T05:40:28,0.0315
6,165-189,1774215933,2026-03-23T05:45:33,0.0305
6,165-189,1774216231,2026-03-23T05:50:31,0.0305
6,165-189,1774216530,2026-03-23T05:55:30,0.0305
6,165-189,1774217131,2026-03-23T06:05:31,0.0305
6,165-189,1774217434,2026-03-23T06:10:34,0.032
6,165-189,1774217730,2026-03-23T06:15:30,0.032
6,165-189,1774218032,2026-03-23T06:20:32,0.0325
6,165-189,1774218331,2026-03-23T06:25:31,0.0325
6,165-189,1774218638,2026-03-23T06:30:38,0.0325
6,165-189,1774218933,2026-03-23T06:35:33,0.033
6,165-189,1774219244,2026-03-23T06:40:44,0.033
6,165-189,1774219531,2026-03-23T06:45:31,0.033
6,165-189,1774219830,2026-03-23T06:50:30,0.033
6,165-189,1774220133,2026-03-23T06:55:33,0.033
6,165-189,1774220730,2026-03-23T07:05:30,0.032
6,165-189,1774221031,2026-03-23T07:10:31,0.032
6,165-189,1774221333,2026-03-23T07:15:33,0.032
6,165-189,1774221633,2026-03-23T07:20:33,0.032
6,165-189,1774221930,2026-03-23T07:25:30,0.032
6,165-189,1774222237,2026-03-23T07:30:37,0.032
6,165-189,1774222544,2026-03-23T07:35:44,0.032
6,165-189,1774222830,2026-03-23T07:40:30,0.032
6,165-189,1774223144,2026-03-23T07:45:44,0.032
6,165-189,1774223431,2026-03-23T07:50:31,0.032
6,165-189,1774223729,2026-03-23T07:55:29,0.032
6,165-189,1774224333,2026-03-23T08:05:33,0.032
6,165-189,1774224632,2026-03-23T08:10:32,0.032
6,165-189,1774224933,2026-03-23T08:15:33,0.032
6,165-189,1774225233,2026-03-23T08:20:33,0.032
6,165-189,1774225531,2026-03-23T08:25:31,0.032
6,165-189,1774225835,2026-03-23T08:30:35,0.032
6,165-189,1774226131,2026-03-23T08:35:31,0.032
6,165-189,1774226433,2026-03-23T08:40:33,0.032
6,165-189,1774226730,2026-03-23T08:45:30,0.032
6,165-189,1774227031,2026-03-23T08:50:31,0.0315
6,165-189,1774227330,2026-03-23T08:55:30,0.0315
6,165-189,1774227930,2026-03-23T09:05:30,0.0315
6,165-189,1774228230,2026-03-23T09:10:30,0.0315
6,165-189,1774228535,2026-03-23T09:15:35,0.0315
6,165-189,1774228828,2026-03-23T09:20:28,0.0315
6,165-189,1774229134,2026-03-23T09:25:34,0.0315
6,165-189,1774229436,2026-03-23T09:30:36,0.0315
6,165-189,1774229745,2026-03-23T09:35:45,0.0315
6,165-189,1774230029,2026-03-23T09:40:29,0.0315
6,165-189,1774230331,2026-03-23T09:45:31,0.0315
6,165-189,1774230633,2026-03-23T09:50:33,0.0315
6,165-189,1774230928,2026-03-23T09:55:28,0.0315
6,165-189,1774231533,2026-03-23T10:05:33,0.0315
6,165-189,1774231833,2026-03-23T10:10:33,0.0315
6,165-189,1774232131,2026-03-23T10:15:31,0.0315
6,165-189,1774232431,2026-03-23T10:20:31,0.0315
6,165-189,1774232733,2026-03-23T10:25:33,0.0315
6,165-189,1774233040,2026-03-23T10:30:40,0.0315
6,165-189,1774233331,2026-03-23T10:35:31,0.0315
6,165-189,1774233629,2026-03-23T10:40:29,0.0315
6,165-189,1774233943,2026-03-23T10:45:43,0.0315
6,165-189,1774234231,2026-03-23T10:50:31,0.0315
6,165-189,1774234535,2026-03-23T10:55:35,0.0315
6,165-189,1774235130,2026-03-23T11:05:30,0.0315
6,165-189,1774235432,2026-03-23T11:10:32,0.0315
6,165-189,1774235731,2026-03-23T11:15:31,0.0315
6,165-189,1774236041,2026-03-23T11:20:41,0.0315
6,165-189,1774236329,2026-03-23T11:25:29,0.0315
6,165-189,1774236637,2026-03-23T11:30:37,0.0315
6,165-189,1774236931,2026-03-23T11:35:31,0.0315
6,165-189,1774237244,2026-03-23T11:40:44,0.0315
6,165-189,1774237542,2026-03-23T11:45:42,0.0315
6,165-189,1774237830,2026-03-23T11:50:30,0.0315
6,165-189,1774238128,2026-03-23T11:55:28,0.0325
6,165-189,1774238745,2026-03-23T12:05:45,0.0325
6,165-189,1774239030,2026-03-23T12:10:30,0.033
6,165-189,1774239341,2026-03-23T12:15:41,0.033
6,165-189,1774239629,2026-03-23T12:20:29,0.033
6,165-189,1774239934,2026-03-23T12:25:34,0.033
6,165-189,1774240236,2026-03-23T12:30:36,0.033
6,165-189,1774240530,2026-03-23T12:35:30,0.0325
6,165-189,1774240831,2026-03-23T12:40:31,0.0325
6,165-189,1774241131,2026-03-23T12:45:31,0.032
6,165-189,1774241436,2026-03-23T12:50:36,0.032
6,165-189,1774241732,2026-03-23T12:55:32,0.032
6,165-189,1774242328,2026-03-23T13:05:28,0.032
6,165-189,1774242630,2026-03-23T13:10:30,0.032
6,165-189,1774242930,2026-03-23T13:15:30,0.032
6,165-189,1774243229,2026-03-23T13:20:29,0.032
6,165-189,1774243539,2026-03-23T13:25:39,0.032
6,165-189,1774243835,2026-03-23T13:30:35,0.0315
6,165-189,1774244131,2026-03-23T13:35:31,0.0315
6,165-189,1774244442,2026-03-23T13:40:42,0.0315
6,165-189,1774244729,2026-03-23T13:45:29,0.0315
6,165-189,1774245037,2026-03-23T13:50:37,0.0315
6,165-189,1774245330,2026-03-23T13:55:30,0.0315
6,165-189,1774245927,2026-03-23T14:05:27,0.0315
6,165-189,1774246230,2026-03-23T14:10:30,0.0315
6,165-189,1774246532,2026-03-23T14:15:32,0.0325
6,165-189,1774246831,2026-03-23T14:20:31,0.033
6,165-189,1774247128,2026-03-23T14:25:28,0.033
6,165-189,1774247444,2026-03-23T14:30:44,0.032
6,165-189,1774247741,2026-03-23T14:35:41,0.032
6,165-189,1774248033,2026-03-23T14:40:33,0.032
6,165-189,1774248345,2026-03-23T14:45:45,0.032
6,165-189,1774248633,2026-03-23T14:50:33,0.0315
6,165-189,1774248934,2026-03-23T14:55:34,0.0315
6,165-189,1774249532,2026-03-23T15:05:32,0.0315
6,165-189,1774249832,2026-03-23T15:10:32,0.0315
6,165-189,1774250130,2026-03-23T15:15:30,0.0315
6,165-189,1774250435,2026-03-23T15:20:35,0.0315
6,165-189,1774250731,2026-03-23T15:25:31,0.0315
6,165-189,1774251037,2026-03-23T15:30:37,0.0315
6,165-189,1774251331,2026-03-23T15:35:31,0.0315
6,165-189,1774251633,2026-03-23T15:40:33,0.0315
6,165-189,1774251931,2026-03-23T15:45:31,0.0315
6,165-189,1774252231,2026-03-23T15:50:31,0.0315
6,165-189,1774252532,2026-03-23T15:55:32,0.0315
6,165-189,1774253130,2026-03-23T16:05:30,0.0315
6,165-189,1774253430,2026-03-23T16:10:30,0.0315
6,165-189,1774253733,2026-03-23T16:15:33,0.0315
6,165-189,1774254041,2026-03-23T16:20:41,0.0315
6,165-189,1774254329,2026-03-23T16:25:29,0.0315
6,165-189,1774254636,2026-03-23T16:30:36,0.0315
6,165-189,1774254929,2026-03-23T16:35:29,0.0315
6,165-189,1774255233,2026-03-23T16:40:33,0.0315
6,165-189,1774255530,2026-03-23T16:45:30,0.0315
6,165-189,1774255830,2026-03-23T16:50:30,0.0245
6,165-189,1774256131,2026-03-23T16:55:31,0.018
6,165-189,1774256756,2026-03-23T17:05:56,0.0165
6,165-189,1774257042,2026-03-23T17:10:42,0.0165
6,165-189,1774257328,2026-03-23T17:15:28,0.0165
6,165-189,1774257632,2026-03-23T17:20:32,0.017
6,165-189,1774257941,2026-03-23T17:25:41,0.017
6,165-189,1774258235,2026-03-23T17:30:35,0.017
6,165-189,1774258530,2026-03-23T17:35:30,0.017
6,165-189,1774258827,2026-03-23T17:40:27,0.017
6,165-189,1774259129,2026-03-23T17:45:29,0.017
6,165-189,1774259441,2026-03-23T17:50:41,0.017
6,165-189,1774259727,2026-03-23T17:55:27,0.017
6,165-189,1774260329,2026-03-23T18:05:29,0.017
6,165-189,1774260628,2026-03-23T18:10:28,0.017
6,165-189,1774260927,2026-03-23T18:15:27,0.017
6,165-189,1774261228,2026-03-23T18:20:28,0.017
6,165-189,1774261532,2026-03-23T18:25:32,0.0175
6,165-189,1774261833,2026-03-23T18:30:33,0.0175
6,165-189,1774262128,2026-03-23T18:35:28,0.0175
6,165-189,1774262430,2026-03-23T18:40:30,0.0175
6,165-189,1774262734,2026-03-23T18:45:34,0.0175
6,165-189,1774263032,2026-03-23T18:50:32,0.0175
6,165-189,1774263330,2026-03-23T18:55:30,0.0175
6,165-189,1774263940,2026-03-23T19:05:40,0.0175
6,165-189,1774264232,2026-03-23T19:10:32,0.0175
6,165-189,1774264546,2026-03-23T19:15:46,0.0175
6,165-189,1774264828,2026-03-23T19:20:28,0.0175
6,165-189,1774265129,2026-03-23T19:25:29,0.0175
6,165-189,1774265448,2026-03-23T19:30:48,0.0175
6,165-189,1774265730,2026-03-23T19:35:30,0.0175
6,165-189,1774266039,2026-03-23T19:40:39,0.0175
6,165-189,1774266328,2026-03-23T19:45:28,0.017
6,165-189,1774266627,2026-03-23T19:50:27,0.017
6,165-189,1774266927,2026-03-23T19:55:27,0.017
6,165-189,1774267540,2026-03-23T20:05:40,0.0165
6,165-189,1774267830,2026-03-23T20:10:30,0.0165
6,165-189,1774268130,2026-03-23T20:15:30,0.0165
6,165-189,1774268434,2026-03-23T20:20:34,0.0165
6,165-189,1774268733,2026-03-23T20:25:33,0.0165
6,165-189,1774269040,2026-03-23T20:30:40,0.016
6,165-189,1774269334,2026-03-23T20:35:34,0.016
6,165-189,1774269633,2026-03-23T20:40:33,0.0165
6,165-189,1774269931,2026-03-23T20:45:31,0.0175
6,165-189,1774270249,2026-03-23T20:50:49,0.018
6,165-189,1774270531,2026-03-23T20:55:31,0.0185
6,165-189,1774271143,2026-03-23T21:05:43,0.019
6,165-189,1774271445,2026-03-23T21:10:45,0.0195
6,165-189,1774271732,2026-03-23T21:15:32,0.0195
6,165-189,1774272045,2026-03-23T21:20:45,0.0195
6,165-189,1774272331,2026-03-23T21:25:31,0.0185
6,165-189,1774272637,2026-03-23T21:30:37,0.018
6,165-189,1774272930,2026-03-23T21:35:30,0.0175
6,165-189,1774273232,2026-03-23T21:40:32,0.0165
6,165-189,1774273532,2026-03-23T21:45:32,0.0165
6,165-189,1774273850,2026-03-23T21:50:50,0.0165
6,165-189,1774274134,2026-03-23T21:55:34,0.0165
6,165-189,1774274737,2026-03-23T22:05:37,0.0165
6,165-189,1774275037,2026-03-23T22:10:37,0.0165
6,165-189,1774275337,2026-03-23T22:15:37,0.0165
6,165-189,1774275627,2026-03-23T22:20:27,0.0165
6,165-189,1774275941,2026-03-23T22:25:41,0.0165
6,165-189,1774276232,2026-03-23T22:30:32,0.0155
6,165-189,1774276528,2026-03-23T22:35:28,0.0155
6,165-189,1774276829,2026-03-23T22:40:29,0.0155
6,165-189,1774277127,2026-03-23T22:45:27,0.0155
6,165-189,1774277427,2026-03-23T22:50:27,0.0155
6,165-189,1774277739,2026-03-23T22:55:39,0.0155
6,165-189,1774278329,2026-03-23T23:05:29,0.0155
6,165-189,1774278626,2026-03-23T23:10:26,0.0155
6,165-189,1774278927,2026-03-23T23:15:27,0.0155
6,165-189,1774279228,2026-03-23T23:20:28,0.0155
6,165-189,1774279526,2026-03-23T23:25:26,0.0155
6,165-189,1774279843,2026-03-23T23:30:43,0.0165
6,165-189,1774280127,2026-03-23T23:35:27,0.0155
6,165-189,1774280427,2026-03-23T23:40:27,0.0155
6,165-189,1774280727,2026-03-23T23:45:27,0.017
6,165-189,1774281027,2026-03-23T23:50:27,0.0165
6,165-189,1774281328,2026-03-23T23:55:28,0.0165
6,165-189,1774281928,2026-03-24T00:05:28,0.0175
6,165-189,1774282229,2026-03-24T00:10:29,0.016
6,165-189,1774282527,2026-03-24T00:15:27,0.0155
6,165-189,1774282828,2026-03-24T00:20:28,0.0155
6,165-189,1774283131,2026-03-24T00:25:31,0.0155
6,165-189,1774283443,2026-03-24T00:30:43,0.0155
6,165-189,1774283728,2026-03-24T00:35:28,0.0155
6,165-189,1774284028,2026-03-24T00:40:28,0.0155
6,165-189,1774284328,2026-03-24T00:45:28,0.0155
6,165-189,1774284640,2026-03-24T00:50:40,0.0155
6,165-189,1774284928,2026-03-24T00:55:28,0.0155
6,165-189,1774285529,2026-03-24T01:05:29,0.0155
6,165-189,1774285828,2026-03-24T01:10:28,0.0155
6,165-189,1774286131,2026-03-24T01:15:31,0.0155
6,165-189,1774286429,2026-03-24T01:20:29,0.0155
6,165-189,1774286743,2026-03-24T01:25:43,0.0155
6,165-189,1774287034,2026-03-24T01:30:34,0.0155
6,165-189,1774287328,2026-03-24T01:35:28,0.0155
6,165-189,1774287655,2026-03-24T01:40:55,0.0155
6,165-189,1774287928,2026-03-24T01:45:28,0.0145
6,165-189,1774288228,2026-03-24T01:50:28,0.0145
6,165-189,1774288528,2026-03-24T01:55:28,0.0145
6,165-189,1774289128,2026-03-24T02:05:28,0.0145
6,165-189,1774289430,2026-03-24T02:10:30,0.013
6,165-189,1774289730,2026-03-24T02:15:30,0.013
6,165-189,1774290041,2026-03-24T02:20:41,0.0135
6,165-189,1774290329,2026-03-24T02:25:29,0.0135
6,165-189,1774290637,2026-03-24T02:30:37,0.0135
6,165-189,1774290931,2026-03-24T02:35:31,0.0105
6,165-189,1774291244,2026-03-24T02:40:44,0.0105
6,165-189,1774291530,2026-03-24T02:45:30,0.0105
6,165-189,1774291829,2026-03-24T02:50:29,0.0125
6,165-189,1774292131,2026-03-24T02:55:31,0.012
6,165-189,1774292732,2026-03-24T03:05:32,0.021
6,165-189,1774293030,2026-03-24T03:10:30,0.021
6,165-189,1774293332,2026-03-24T03:15:32,0.0175
6,165-189,1774293635,2026-03-24T03:20:35,0.016
6,165-189,1774293931,2026-03-24T03:25:31,0.0145
6,165-189,1774294237,2026-03-24T03:30:37,0.0105
6,165-189,1774294533,2026-03-24T03:35:33,0.0105
6,165-189,1774294829,2026-03-24T03:40:29,0.009
6,165-189,1774295133,2026-03-24T03:45:33,0.0095
6,165-189,1774295434,2026-03-24T03:50:34,0.009
6,165-189,1774295733,2026-03-24T03:55:33,0.008
6,165-189,1774296333,2026-03-24T04:05:33,0.008
6,165-189,1774296633,2026-03-24T04:10:33,0.008
6,165-189,1774296928,2026-03-24T04:15:28,0.008
6,165-189,1774297237,2026-03-24T04:20:37,0.008
6,165-189,1774297534,2026-03-24T04:25:34,0.008
6,165-189,1774297838,2026-03-24T04:30:38,0.008
6,165-189,1774298130,2026-03-24T04:35:30,0.008
6,165-189,1774298430,2026-03-24T04:40:30,0.008
6,165-189,1774298729,2026-03-24T04:45:29,0.008
6,165-189,1774299033,2026-03-24T04:50:33,0.0075
6,165-189,1774299330,2026-03-24T04:55:30,0.0075
6,165-189,1774299929,2026-03-24T05:05:29,0.0075
6,165-189,1774300232,2026-03-24T05:10:32,0.0075
6,165-189,1774300545,2026-03-24T05:15:45,0.0075
6,165-189,1774300829,2026-03-24T05:20:29,0.0075
6,165-189,1774301128,2026-03-24T05:25:28,0.0075
6,165-189,1774301440,2026-03-24T05:30:40,0.0075
6,165-189,1774301731,2026-03-24T05:35:31,0.0075
6,165-189,1774302032,2026-03-24T05:40:32,0.0075
6,165-189,1774302331,2026-03-24T05:45:31,0.0075
6,165-189,1774302628,2026-03-24T05:50:28,0.0075
6,165-189,1774302929,2026-03-24T05:55:29,0.0075
6,165-189,1774303544,2026-03-24T06:05:44,0.0075
6,165-189,1774303831,2026-03-24T06:10:31,0.0065
6,165-189,1774304133,2026-03-24T06:15:33,0.0065
6,165-189,1774304429,2026-03-24T06:20:29,0.0065
6,165-189,1774304730,2026-03-24T06:25:30,0.0065
6,165-189,1774305040,2026-03-24T06:30:40,0.0055
6,165-189,1774305331,2026-03-24T06:35:31,0.0055
6,165-189,1774305630,2026-03-24T06:40:30,0.0055
6,165-189,1774305931,2026-03-24T06:45:31,0.0055
6,165-189,1774306243,2026-03-24T06:50:43,0.0055
6,165-189,1774306532,2026-03-24T06:55:32,0.0055
6,165-189,1774307132,2026-03-24T07:05:32,0.006
6,165-189,1774307437,2026-03-24T07:10:37,0.006
6,165-189,1774307729,2026-03-24T07:15:29,0.006
6,165-189,1774308033,2026-03-24T07:20:33,0.006
6,165-189,1774308335,2026-03-24T07:25:35,0.006
6,165-189,1774308641,2026-03-24T07:30:41,0.006
6,165-189,1774308932,2026-03-24T07:35:32,0.006
6,165-189,1774309230,2026-03-24T07:40:30,0.006
6,165-189,1774309533,2026-03-24T07:45:33,0.006
6,165-189,1774309835,2026-03-24T07:50:35,0.006
6,165-189,1774310147,2026-03-24T07:55:47,0.006
6,165-189,1774310731,2026-03-24T08:05:31,0.0065
6,165-189,1774311028,2026-03-24T08:10:28,0.0065
6,165-189,1774311329,2026-03-24T08:15:29,0.0065
6,165-189,1774311631,2026-03-24T08:20:31,0.0065
6,165-189,1774311931,2026-03-24T08:25:31,0.0065
6,165-189,1774312229,2026-03-24T08:30:29,0.0065
6,165-189,1774312528,2026-03-24T08:35:28,0.0065
6,165-189,1774312831,2026-03-24T08:40:31,0.0055
6,165-189,1774313128,2026-03-24T08:45:28,0.0055
6,165-189,1774313428,2026-03-24T08:50:28,0.0055
6,165-189,1774313728,2026-03-24T08:55:28,0.0055
6,165-189,1774314328,2026-03-24T09:05:28,0.0055
6,165-189,1774314631,2026-03-24T09:10:31,0.0055
6,165-189,1774314929,2026-03-24T09:15:29,0.0055
6,165-189,1774315228,2026-03-24T09:20:28,0.0045
6,165-189,1774315545,2026-03-24T09:25:45,0.0045
6,165-189,1774315831,2026-03-24T09:30:31,0.0045
6,165-189,1774316128,2026-03-24T09:35:28,0.0045
6,165-189,1774316428,2026-03-24T09:40:28,0.0035
6,165-189,1774316734,2026-03-24T09:45:34,0.0035
6,165-189,1774317030,2026-03-24T09:50:30,0.0025
6,165-189,1774317328,2026-03-24T09:55:28,0.0025
6,165-189,1774317928,2026-03-24T10:05:28,0.0025
6,165-189,1774318230,2026-03-24T10:10:30,0.0025
6,165-189,1774318529,2026-03-24T10:15:29,0.0025
6,165-189,1774318829,2026-03-24T10:20:29,0.0025
6,165-189,1774319133,2026-03-24T10:25:33,0.0025
6,165-189,1774319430,2026-03-24T10:30:30,0.0025
6,165-189,1774319729,2026-03-24T10:35:29,0.0025
6,165-189,1774320030,2026-03-24T10:40:30,0.0025
6,165-189,1774320329,2026-03-24T10:45:29,0.0025
6,165-189,1774320629,2026-03-24T10:50:29,0.0025
6,165-189,1774320928,2026-03-24T10:55:28,0.0025
6,165-189,1774321538,2026-03-24T11:05:38,0.0025
6,165-189,1774321831,2026-03-24T11:10:31,0.0025
6,165-189,1774322133,2026-03-24T11:15:33,0.0025
6,165-189,1774322432,2026-03-24T11:20:32,0.0025
6,165-189,1774322729,2026-03-24T11:25:29,0.0025
6,165-189,1774323031,2026-03-24T11:30:31,0.0025
6,165-189,1774323333,2026-03-24T11:35:33,0.0025
6,165-189,1774323631,2026-03-24T11:40:31,0.0025
6,165-189,1774323929,2026-03-24T11:45:29,0.0025
6,165-189,1774324242,2026-03-24T11:50:42,0.0025
6,165-189,1774324529,2026-03-24T11:55:29,0.0025
6,165-189,1774325128,2026-03-24T12:05:28,0.0025
6,165-189,1774325428,2026-03-24T12:10:28,0.0025
6,165-189,1774325729,2026-03-24T12:15:29,0.0025
6,165-189,1774326031,2026-03-24T12:20:31,0.0025
6,165-189,1774326340,2026-03-24T12:25:40,0.0025
6,165-189,1774326632,2026-03-24T12:30:32,0.0025
6,165-189,1774326931,2026-03-24T12:35:31,0.0025
6,165-189,1774327228,2026-03-24T12:40:28,0.0025
6,165-189,1774327528,2026-03-24T12:45:28,0.0025
6,165-189,1774327836,2026-03-24T12:50:36,0.0025
6,165-189,1774328129,2026-03-24T12:55:29,0.0025
6,165-189,1774328729,2026-03-24T13:05:29,0.0025
6,165-189,1774329029,2026-03-24T13:10:29,0.0025
6,165-189,1774329330,2026-03-24T13:15:30,0.0025
6,165-189,1774329643,2026-03-24T13:20:43,0.0025
6,165-189,1774329930,2026-03-24T13:25:30,0.0025
6,165-189,1774330234,2026-03-24T13:30:34,0.0025
6,165-189,1774330541,2026-03-24T13:35:41,0.0025
6,165-189,1774330831,2026-03-24T13:40:31,0.0025
6,165-189,1774331132,2026-03-24T13:45:32,0.0025
6,165-189,1774331431,2026-03-24T13:50:31,0.0025
6,165-189,1774331733,2026-03-24T13:55:33,0.0025
6,165-189,1774332329,2026-03-24T14:05:29,0.0025
6,165-189,1774332629,2026-03-24T14:10:29,0.0025
6,165-189,1774332929,2026-03-24T14:15:29,0.0025
6,165-189,1774333234,2026-03-24T14:20:34,0.0025
6,165-189,1774333530,2026-03-24T14:25:30,0.0025
6,165-189,1774333833,2026-03-24T14:30:33,0.0025
6,165-189,1774334156,2026-03-24T14:35:56,0.0025
6,165-189,1774334429,2026-03-24T14:40:29,0.0025
6,165-189,1774334733,2026-03-24T14:45:33,0.002
6,165-189,1774335032,2026-03-24T14:50:32,0.0015
6,165-189,1774335334,2026-03-24T14:55:34,0.0015
6,165-189,1774335930,2026-03-24T15:05:30,0.0015
6,165-189,1774336228,2026-03-24T15:10:28,0.0015
6,165-189,1774336545,2026-03-24T15:15:45,0.0015
6,165-189,1774336832,2026-03-24T15:20:32,0.0015
6,165-189,1774337129,2026-03-24T15:25:29,0.0015
6,165-189,1774337432,2026-03-24T15:30:32,0.0015
6,165-189,1774337729,2026-03-24T15:35:29,0.0015
6,165-189,1774338053,2026-03-24T15:40:53,0.002
6,165-189,1774338332,2026-03-24T15:45:32,0.0015
6,165-189,1774338629,2026-03-24T15:50:29,0.0015
6,165-189,1774338931,2026-03-24T15:55:31,0.0015
6,165-189,1774339532,2026-03-24T16:05:32,0.0015
6,165-189,1774339831,2026-03-24T16:10:31,0.0015
6,165-189,1774340132,2026-03-24T16:15:32,0.0015
6,165-189,1774340430,2026-03-24T16:20:30,0.0015
6,165-189,1774340743,2026-03-24T16:25:43,0.0015
6,165-189,1774341035,2026-03-24T16:30:35,0.0015
6,165-189,1774341329,2026-03-24T16:35:29,0.0015
6,165-189,1774341640,2026-03-24T16:40:40,0.0015
6,165-189,1774341933,2026-03-24T16:45:33,0.0015
6,165-189,1774342231,2026-03-24T16:50:31,0.0015
6,165-189,1774342530,2026-03-24T16:55:30,0.0015
6,165-189,1774343129,2026-03-24T17:05:29,0.0015
6,165-189,1774343431,2026-03-24T17:10:31,0.0015
6,165-189,1774343728,2026-03-24T17:15:28,0.0015
6,165-189,1774344033,2026-03-24T17:20:33,0.0015
6,165-189,1774344331,2026-03-24T17:25:31,0.0015
6,165-189,1774344632,2026-03-24T17:30:32,0.0015
6,165-189,1774344927,2026-03-24T17:35:27,0.002
6,165-189,1774345243,2026-03-24T17:40:43,0.002
6,165-189,1774345532,2026-03-24T17:45:32,0.002
6,165-189,1774345833,2026-03-24T17:50:33,0.002
6,165-189,1774346141,2026-03-24T17:55:41,0.002
6,165-189,1774346729,2026-03-24T18:05:29,0.002
6,165-189,1774347040,2026-03-24T18:10:40,0.002
6,165-189,1774347332,2026-03-24T18:15:32,0.0015
6,165-189,1774347647,2026-03-24T18:20:47,0.0015
6,165-189,1774347933,2026-03-24T18:25:33,0.0015
6,165-189,1774348231,2026-03-24T18:30:31,0.0015
6,165-189,1774348535,2026-03-24T18:35:35,0.0015
6,165-189,1774348848,2026-03-24T18:40:48,0.0015
6,165-189,1774349132,2026-03-24T18:45:32,0.0015
6,165-189,1774349432,2026-03-24T18:50:32,0.0015
6,165-189,1774349730,2026-03-24T18:55:30,0.0015
6,165-189,1774350328,2026-03-24T19:05:28,0.0015
6,165-189,1774350631,2026-03-24T19:10:31,0.0015
6,165-189,1774350933,2026-03-24T19:15:33,0.0015
6,165-189,1774351229,2026-03-24T19:20:29,0.0015
6,165-189,1774351541,2026-03-24T19:25:41,0.0015
6,165-189,1774351833,2026-03-24T19:30:33,0.0015
6,165-189,1774352134,2026-03-24T19:35:34,0.0015
6,165-189,1774352429,2026-03-24T19:40:29,0.0015
6,165-189,1774352734,2026-03-24T19:45:34,0.0015
6,165-189,1774353029,2026-03-24T19:50:29,0.0015
6,165-189,1774353331,2026-03-24T19:55:31,0.0015
6,165-189,1774353932,2026-03-24T20:05:32,0.0015
6,165-189,1774354222,2026-03-24T20:10:22,0.0015
6,165-189,1774354257,2026-03-24T20:10:57,0.0015
6,165-189,1774354530,2026-03-24T20:15:30,0.0015
6,165-189,1774354833,2026-03-24T20:20:33,0.0015
6,165-189,1774355131,2026-03-24T20:25:31,0.0015
6,165-189,1774355434,2026-03-24T20:30:34,0.0015
6,165-189,1774355730,2026-03-24T20:35:30,0.0015
6,165-189,1774356031,2026-03-24T20:40:31,0.0015
6,165-189,1774356334,2026-03-24T20:45:34,0.0015
6,165-189,1774356630,2026-03-24T20:50:30,0.0015
6,165-189,1774356943,2026-03-24T20:55:43,0.0015
6,165-189,1774357530,2026-03-24T21:05:30,0.0015
6,165-189,1774357831,2026-03-24T21:10:31,0.0015
6,165-189,1774358135,2026-03-24T21:15:35,0.0015
6,165-189,1774358430,2026-03-24T21:20:30,0.0015
6,165-189,1774358733,2026-03-24T21:25:33,0.0015
6,165-189,1774359035,2026-03-24T21:30:35,0.0015
6,165-189,1774359331,2026-03-24T21:35:31,0.0015
6,165-189,1774359634,2026-03-24T21:40:34,0.0015
6,165-189,1774359935,2026-03-24T21:45:35,0.0015
6,165-189,1774360247,2026-03-24T21:50:47,0.0015
6,165-189,1774360531,2026-03-24T21:55:31,0.0015
6,165-189,1774361131,2026-03-24T22:05:31,0.0015
6,165-189,1774361447,2026-03-24T22:10:47,0.0015
6,165-189,1774361734,2026-03-24T22:15:34,0.0015
6,165-189,1774362031,2026-03-24T22:20:31,0.0015
6,165-189,1774362345,2026-03-24T22:25:45,0.0015
6,165-189,1774362641,2026-03-24T22:30:41,0.0015
6,165-189,1774363235,2026-03-24T22:40:35,0.0015
6,165-189,1774363531,2026-03-24T22:45:31,0.0015
6,165-189,1774363837,2026-03-24T22:50:37,0.0015
6,165-189,1774364134,2026-03-24T22:55:34,0.0015
6,165-189,1774364744,2026-03-24T23:05:44,0.0015
6,165-189,1774365034,2026-03-24T23:10:34,0.0015
6,165-189,1774365336,2026-03-24T23:15:36,0.0015
6,165-189,1774365635,2026-03-24T23:20:35,0.0015
6,165-189,1774365932,2026-03-24T23:25:32,0.0015
6,165-189,1774366240,2026-03-24T23:30:40,0.0015
6,165-189,1774366535,2026-03-24T23:35:35,0.0015
6,165-189,1774366831,2026-03-24T23:40:31,0.0015
6,165-189,1774367138,2026-03-24T23:45:38,0.0015
6,165-189,1774367430,2026-03-24T23:50:30,0.0015
6,165-189,1774367730,2026-03-24T23:55:30,0.0015
6,165-189,1774368332,2026-03-25T00:05:32,0.0015
6,165-189,1774368638,2026-03-25T00:10:38,0.0015
6,165-189,1774368935,2026-03-25T00:15:35,0.0005
6,165-189,1774369235,2026-03-25T00:20:35,0.0005
6,165-189,1774369532,2026-03-25T00:25:32,0.0005
6,165-189,1774369835,2026-03-25T00:30:35,0.0005
6,165-189,1774370157,2026-03-25T00:35:57,0.0005
6,165-189,1774370431,2026-03-25T00:40:31,0.0005
6,165-189,1774370738,2026-03-25T00:45:38,0.0005
6,165-189,1774371032,2026-03-25T00:50:32,0.0005
6,165-189,1774371331,2026-03-25T00:55:31,0.0005
6,165-189,1774371934,2026-03-25T01:05:34,0.0005
6,165-189,1774372236,2026-03-25T01:10:36,0.0005
6,165-189,1774372534,2026-03-25T01:15:34,0.0005
6,165-189,1774372835,2026-03-25T01:20:35,0.0005
6,165-189,1774373132,2026-03-25T01:25:32,0.0005
6,165-189,1774373448,2026-03-25T01:30:48,0.0005
6,165-189,1774373731,2026-03-25T01:35:31,0.0005
6,165-189,1774374033,2026-03-25T01:40:33,0.0005
6,165-189,1774374331,2026-03-25T01:45:31,0.0005
6,165-189,1774374633,2026-03-25T01:50:33,0.0005
6,165-189,1774374932,2026-03-25T01:55:32,0.0005
6,165-189,1774375534,2026-03-25T02:05:34,0.0005
6,165-189,1774375831,2026-03-25T02:10:31,0.0005
6,165-189,1774376132,2026-03-25T02:15:32,0.0005
6,165-189,1774376433,2026-03-25T02:20:33,0.0005
6,165-189,1774376737,2026-03-25T02:25:37,0.0005
6,165-189,1774377036,2026-03-25T02:30:36,0.0005
6,165-189,1774377334,2026-03-25T02:35:34,0.0005
6,165-189,1774377634,2026-03-25T02:40:34,0.0005
6,165-189,1774377935,2026-03-25T02:45:35,0.0005
6,165-189,1774378238,2026-03-25T02:50:38,0.0005
6,165-189,1774378534,2026-03-25T02:55:34,0.0005
6,165-189,1774379137,2026-03-25T03:05:37,0.0005
6,165-189,1774379432,2026-03-25T03:10:32,0.0005
6,165-189,1774379733,2026-03-25T03:15:33,0.0005
6,165-189,1774380035,2026-03-25T03:20:35,0.0005
6,165-189,1774380332,2026-03-25T03:25:32,0.0005
6,165-189,1774380640,2026-03-25T03:30:40,0.0005
6,165-189,1774380933,2026-03-25T03:35:33,0.0005
6,165-189,1774381233,2026-03-25T03:40:33,0.0005
6,165-189,1774381539,2026-03-25T03:45:39,0.0005
6,165-189,1774381831,2026-03-25T03:50:31,0.0005
6,165-189,1774382133,2026-03-25T03:55:33,0.0005
6,165-189,1774382735,2026-03-25T04:05:35,0.0005
6,165-189,1774383035,2026-03-25T04:10:35,0.0005
6,165-189,1774383336,2026-03-25T04:15:36,0.0005
6,165-189,1774383635,2026-03-25T04:20:35,0.0005
6,165-189,1774383935,2026-03-25T04:25:35,0.0005
6,165-189,1774384239,2026-03-25T04:30:39,0.0005
6,165-189,1774384535,2026-03-25T04:35:35,0.0005
6,165-189,1774384846,2026-03-25T04:40:46,0.0005
6,165-189,1774385133,2026-03-25T04:45:33,0.0005
6,165-189,1774385436,2026-03-25T04:50:36,0.0005
6,165-189,1774385731,2026-03-25T04:55:31,0.0005
6,165-189,1774386330,2026-03-25T05:05:30,0.0005
6,165-189,1774386633,2026-03-25T05:10:33,0.0005
6,165-189,1774386931,2026-03-25T05:15:31,0.0005
6,165-189,1774387233,2026-03-25T05:20:33,0.0005
6,165-189,1774387531,2026-03-25T05:25:31,0.0005
6,165-189,1774387837,2026-03-25T05:30:37,0.0005
6,165-189,1774388133,2026-03-25T05:35:33,0.0005
6,165-189,1774388438,2026-03-25T05:40:38,0.0005
6,165-189,1774388730,2026-03-25T05:45:30,0.0005
6,165-189,1774389334,2026-03-25T05:55:34,0.0005
6,165-189,1774389931,2026-03-25T06:05:31,0.0005
6,165-189,1774390234,2026-03-25T06:10:34,0.0005
6,165-189,1774390533,2026-03-25T06:15:33,0.0005
6,165-189,1774390845,2026-03-25T06:20:45,0.0005
6,165-189,1774391130,2026-03-25T06:25:30,0.0005
6,165-189,1774391439,2026-03-25T06:30:39,0.0005
6,165-189,1774391732,2026-03-25T06:35:32,0.0005
6,165-189,1774392033,2026-03-25T06:40:33,0.0005
6,165-189,1774392332,2026-03-25T06:45:32,0.0005
6,165-189,1774392635,2026-03-25T06:50:35,0.0005
6,165-189,1774392933,2026-03-25T06:55:33,0.0005
6,165-189,1774393533,2026-03-25T07:05:33,0.0005
6,165-189,1774393833,2026-03-25T07:10:33,0.0005
6,165-189,1774394136,2026-03-25T07:15:36,0.0005
6,165-189,1774394433,2026-03-25T07:20:33,0.0005
6,165-189,1774394733,2026-03-25T07:25:33,0.0005
6,165-189,1774395040,2026-03-25T07:30:40,0.0005
6,165-189,1774395333,2026-03-25T07:35:33,0.0005
6,165-189,1774395638,2026-03-25T07:40:38,0.0005
6,165-189,1774395935,2026-03-25T07:45:35,0.0005
6,165-189,1774396234,2026-03-25T07:50:34,0.0005
6,165-189,1774396544,2026-03-25T07:55:44,0.0005
6,165-189,1774397134,2026-03-25T08:05:34,0.0005
6,165-189,1774397439,2026-03-25T08:10:39,0.0005
6,165-189,1774397733,2026-03-25T08:15:33,0.0005
6,165-189,1774398035,2026-03-25T08:20:35,0.0005
6,165-189,1774398331,2026-03-25T08:25:31,0.0005
6,165-189,1774398636,2026-03-25T08:30:36,0.0005
6,165-189,1774398944,2026-03-25T08:35:44,0.0005
6,165-189,1774399234,2026-03-25T08:40:34,0.0005
6,165-189,1774399534,2026-03-25T08:45:34,0.0005
6,165-189,1774399837,2026-03-25T08:50:37,0.0005
6,165-189,1774400136,2026-03-25T08:55:36,0.0005
6,165-189,1774400734,2026-03-25T09:05:34,0.0005
6,165-189,1774401032,2026-03-25T09:10:32,0.0005
6,165-189,1774401334,2026-03-25T09:15:34,0.0005
6,165-189,1774401637,2026-03-25T09:20:37,0.0005
6,165-189,1774401944,2026-03-25T09:25:44,0.0005
6,165-189,1774402235,2026-03-25T09:30:35,0.0005
6,165-189,1774402536,2026-03-25T09:35:36,0.0005
6,165-189,1774402834,2026-03-25T09:40:34,0.0005
6,165-189,1774403134,2026-03-25T09:45:34,0.0005
6,165-189,1774403430,2026-03-25T09:50:30,0.0005
6,165-189,1774403735,2026-03-25T09:55:35,0.0005
6,165-189,1774404346,2026-03-25T10:05:46,0.0005
6,165-189,1774404636,2026-03-25T10:10:36,0.0005
6,165-189,1774404934,2026-03-25T10:15:34,0.0005
6,165-189,1774405236,2026-03-25T10:20:36,0.0005
6,165-189,1774405536,2026-03-25T10:25:36,0.0005
6,165-189,1774405838,2026-03-25T10:30:38,0.0005
6,165-189,1774406135,2026-03-25T10:35:35,0.0005
6,165-189,1774406444,2026-03-25T10:40:44,0.0005
6,165-189,1774406733,2026-03-25T10:45:33,0.0005
6,165-189,1774407032,2026-03-25T10:50:32,0.0005
6,165-189,1774407332,2026-03-25T10:55:32,0.0005
6,165-189,1774407936,2026-03-25T11:05:36,0.0005
6,165-189,1774408238,2026-03-25T11:10:38,0.0005
6,165-189,1774408535,2026-03-25T11:15:35,0.0005
6,165-189,1774408832,2026-03-25T11:20:32,0.0005
6,165-189,1774409134,2026-03-25T11:25:34,0.0005
6,165-189,1774409437,2026-03-25T11:30:37,0.0005
6,165-189,1774409738,2026-03-25T11:35:38,0.0005
6,165-189,1774410036,2026-03-25T11:40:36,0.0005
6,165-189,1774410332,2026-03-25T11:45:32,0.0005
6,165-189,1774410632,2026-03-25T11:50:32,0.0005
6,165-189,1774410933,2026-03-25T11:55:33,0.0005
6,165-189,1774411535,2026-03-25T12:05:35,0.0005
6,165-189,1774411835,2026-03-25T12:10:35,0.0005
6,165-189,1774412134,2026-03-25T12:15:34,0.0005
6,165-189,1774412434,2026-03-25T12:20:34,0.0005
6,165-189,1774412732,2026-03-25T12:25:32,0.0005
6,165-189,1774413053,2026-03-25T12:30:53,0.0005
6,165-189,1774413334,2026-03-25T12:35:34,0.0005
6,165-189,1774413634,2026-03-25T12:40:34,0.0005
6,165-189,1774413936,2026-03-25T12:45:36,0.0005
6,165-189,1774414237,2026-03-25T12:50:37,0.0005
6,165-189,1774414534,2026-03-25T12:55:34,0.0005
6,165-189,1774415133,2026-03-25T13:05:33,0.0005
6,165-189,1774415437,2026-03-25T13:10:37,0.0005
6,165-189,1774415703,2026-03-25T13:15:03,0.0005
6,165-189,1774415744,2026-03-25T13:15:44,0.0005
6,165-189,1774416034,2026-03-25T13:20:34,0.0005
6,165-189,1774416335,2026-03-25T13:25:35,0.0005
6,165-189,1774416639,2026-03-25T13:30:39,0.0005
6,165-189,1774416936,2026-03-25T13:35:36,0.0005
6,165-189,1774417234,2026-03-25T13:40:34,0.0005
6,165-189,1774417533,2026-03-25T13:45:33,0.0005
6,165-189,1774417835,2026-03-25T13:50:35,0.0005
6,165-189,1774418133,2026-03-25T13:55:33,0.0005
6,165-189,1774418734,2026-03-25T14:05:34,0.0005
6,165-189,1774419032,2026-03-25T14:10:32,0.0005
6,165-189,1774419332,2026-03-25T14:15:32,0.0005
6,165-189,1774419635,2026-03-25T14:20:35,0.0005
6,165-189,1774419948,2026-03-25T14:25:48,0.0005
6,165-189,1774420241,2026-03-25T14:30:41,0.0005
6,165-189,1774420551,2026-03-25T14:35:51,0.0005
6,165-189,1774420831,2026-03-25T14:40:31,0.0005
6,165-189,1774421136,2026-03-25T14:45:36,0.0005
6,165-189,1774421435,2026-03-25T14:50:35,0.0005
6,165-189,1774421733,2026-03-25T14:55:33,0.0005
6,165-189,1774422336,2026-03-25T15:05:36,0.0005
6,165-189,1774422636,2026-03-25T15:10:36,0.0005
6,165-189,1774422937,2026-03-25T15:15:37,0.0005
6,165-189,1774423232,2026-03-25T15:20:32,0.0005
6,165-189,1774423535,2026-03-25T15:25:35,0.0005
6,165-189,1774423837,2026-03-25T15:30:37,0.0005
6,165-189,1774424135,2026-03-25T15:35:35,0.0005
6,165-189,1774424439,2026-03-25T15:40:39,0.0005
6,165-189,1774424735,2026-03-25T15:45:35,0.0005
6,165-189,1774425034,2026-03-25T15:50:34,0.0005
6,165-189,1774425332,2026-03-25T15:55:32,0.0005
6,165-189,1774425950,2026-03-25T16:05:50,0.0005
6,165-189,1774426235,2026-03-25T16:10:35,0.0005
6,165-189,1774426534,2026-03-25T16:15:34,0.0005
6,165-189,1774426845,2026-03-25T16:20:45,0.0005
6,165-189,1774427131,2026-03-25T16:25:31,0.0005
6,165-189,1774427435,2026-03-25T16:30:35,0.0005
6,165-189,1774427736,2026-03-25T16:35:36,0.0005
6,165-189,1774428032,2026-03-25T16:40:32,0.0005
6,165-189,1774428335,2026-03-25T16:45:35,0.0005
6,165-189,1774428636,2026-03-25T16:50:36,0.0005
6,165-189,1774428931,2026-03-25T16:55:31,0.0005
6,165-189,1774429534,2026-03-25T17:05:34,0.0005
6,165-189,1774429835,2026-03-25T17:10:35,0.0005
6,165-189,1774430136,2026-03-25T17:15:36,0.0005
6,165-189,1774430433,2026-03-25T17:20:33,0.0005
6,165-189,1774430734,2026-03-25T17:25:34,0.0005
6,165-189,1774431040,2026-03-25T17:30:40,0.0005
6,165-189,1774431333,2026-03-25T17:35:33,0.0005
6,165-189,1774431653,2026-03-25T17:40:53,0.0005
6,165-189,1774431935,2026-03-25T17:45:35,0.0005
6,165-189,1774432231,2026-03-25T17:50:31,0.0005
6,165-189,1774432530,2026-03-25T17:55:30,0.0005
6,165-189,1774433134,2026-03-25T18:05:34,0.0005
6,165-189,1774433437,2026-03-25T18:10:37,0.0005
6,165-189,1774433733,2026-03-25T18:15:33,0.0005
6,165-189,1774434034,2026-03-25T18:20:34,0.0005
6,165-189,1774434337,2026-03-25T18:25:37,0.0005
6,165-189,1774434638,2026-03-25T18:30:38,0.0005
6,165-189,1774434938,2026-03-25T18:35:38,0.0005
6,165-189,1774435234,2026-03-25T18:40:34,0.0005
6,165-189,1774435534,2026-03-25T18:45:34,0.0005
6,165-189,1774435833,2026-03-25T18:50:33,0.0005
6,165-189,1774436133,2026-03-25T18:55:33,0.0005
6,165-189,1774436747,2026-03-25T19:05:47,0.0005
6,165-189,1774437036,2026-03-25T19:10:36,0.0005
6,165-189,1774437333,2026-03-25T19:15:33,0.0005
6,165-189,1774437648,2026-03-25T19:20:48,0.0005
6,165-189,1774437934,2026-03-25T19:25:34,0.0005
6,165-189,1774438237,2026-03-25T19:30:37,0.0005
6,165-189,1774438534,2026-03-25T19:35:34,0.0005
6,165-189,1774438832,2026-03-25T19:40:32,0.0005
6,165-189,1774439134,2026-03-25T19:45:34,0.0005
6,165-189,1774439437,2026-03-25T19:50:37,0.0005
6,165-189,1774439733,2026-03-25T19:55:33,0.0005
6,165-189,1774440331,2026-03-25T20:05:31,0.0005
6,165-189,1774440634,2026-03-25T20:10:34,0.0005
6,165-189,1774440938,2026-03-25T20:15:38,0.0005
6,165-189,1774441245,2026-03-25T20:20:45,0.0005
6,165-189,1774441537,2026-03-25T20:25:37,0.0005
6,165-189,1774441843,2026-03-25T20:30:43,0.0005
6,165-189,1774442132,2026-03-25T20:35:32,0.0005
6,165-189,1774442435,2026-03-25T20:40:35,0.0005
6,165-189,1774442733,2026-03-25T20:45:33,0.0005
6,165-189,1774443037,2026-03-25T20:50:37,0.0005
6,165-189,1774443335,2026-03-25T20:55:35,0.0005
6,165-189,1774443935,2026-03-25T21:05:35,0.0005
6,165-189,1774444235,2026-03-25T21:10:35,0.0005
6,165-189,1774444534,2026-03-25T21:15:34,0.0005
6,165-189,1774444833,2026-03-25T21:20:33,0.0005
6,165-189,1774445134,2026-03-25T21:25:34,0.0005
6,165-189,1774445447,2026-03-25T21:30:47,0.0005
6,165-189,1774445752,2026-03-25T21:35:52,0.0005
6,165-189,1774446032,2026-03-25T21:40:32,0.0005
6,165-189,1774446335,2026-03-25T21:45:35,0.0005
6,165-189,1774446639,2026-03-25T21:50:39,0.0005
6,165-189,1774446935,2026-03-25T21:55:35,0.0005
6,165-189,1774447536,2026-03-25T22:05:36,0.0005
6,165-189,1774447836,2026-03-25T22:10:36,0.0005
6,165-189,1774448140,2026-03-25T22:15:40,0.0005
6,165-189,1774448438,2026-03-25T22:20:38,0.0005
6,165-189,1774448732,2026-03-25T22:25:32,0.0005
6,165-189,1774449043,2026-03-25T22:30:43,0.0005
6,165-189,1774449633,2026-03-25T22:40:33,0.0005
6,165-189,1774449935,2026-03-25T22:45:35,0.0005
6,165-189,1774450234,2026-03-25T22:50:34,0.0005
6,165-189,1774450535,2026-03-25T22:55:35,0.0005
6,165-189,1774451144,2026-03-25T23:05:44,0.0005
6,165-189,1774451437,2026-03-25T23:10:37,0.0005
6,165-189,1774451736,2026-03-25T23:15:36,0.0005
6,165-189,1774452037,2026-03-25T23:20:37,0.0005
6,165-189,1774452333,2026-03-25T23:25:33,0.0005
6,165-189,1774452640,2026-03-25T23:30:40,0.0005
6,165-189,1774452939,2026-03-25T23:35:39,0.0005
6,165-189,1774453233,2026-03-25T23:40:33,0.0005
6,165-189,1774453535,2026-03-25T23:45:35,0.0005
6,165-189,1774453837,2026-03-25T23:50:37,0.0005
6,165-189,1774454135,2026-03-25T23:55:35,0.0005
6,165-189,1774454736,2026-03-26T00:05:36,0.0005
6,165-189,1774455035,2026-03-26T00:10:35,0.0005
6,165-189,1774455352,2026-03-26T00:15:52,0.0005
6,165-189,1774455636,2026-03-26T00:20:36,0.0005
6,165-189,1774455936,2026-03-26T00:25:36,0.0005
6,165-189,1774456237,2026-03-26T00:30:37,0.0005
6,165-189,1774456536,2026-03-26T00:35:36,0.0005
6,165-189,1774456834,2026-03-26T00:40:34,0.0005
6,165-189,1774457134,2026-03-26T00:45:34,0.0005
6,165-189,1774457432,2026-03-26T00:50:32,0.0005
6,165-189,1774457735,2026-03-26T00:55:35,0.0005
6,165-189,1774458346,2026-03-26T01:05:46,0.0005
6,165-189,1774458633,2026-03-26T01:10:33,0.0005
6,165-189,1774458934,2026-03-26T01:15:34,0.0005
6,165-189,1774459246,2026-03-26T01:20:46,0.0005
6,165-189,1774459838,2026-03-26T01:30:38,0.0005
6,165-189,1774460136,2026-03-26T01:35:36,0.0005
6,165-189,1774460432,2026-03-26T01:40:32,0.0005
6,165-189,1774460735,2026-03-26T01:45:35,0.0005
6,165-189,1774461032,2026-03-26T01:50:32,0.0005
6,165-189,1774461334,2026-03-26T01:55:34,0.0005
6,165-189,1774461934,2026-03-26T02:05:34,0.0005
6,165-189,1774462248,2026-03-26T02:10:48,0.0005
6,165-189,1774462535,2026-03-26T02:15:35,0.0005
6,165-189,1774462836,2026-03-26T02:20:36,0.0005
6,165-189,1774463132,2026-03-26T02:25:32,0.0005
6,165-189,1774463450,2026-03-26T02:30:50,0.0005
6,165-189,1774463731,2026-03-26T02:35:31,0.0005
7,190-214,1774110034,2026-03-22T00:20:34,0.035
7,190-214,1774110333,2026-03-22T00:25:33,0.0115
7,190-214,1774110653,2026-03-22T00:30:53,0.011
7,190-214,1774110934,2026-03-22T00:35:34,0.013
7,190-214,1774111235,2026-03-22T00:40:35,0.013
7,190-214,1774111533,2026-03-22T00:45:33,0.013
7,190-214,1774111831,2026-03-22T00:50:31,0.013
7,190-214,1774112136,2026-03-22T00:55:36,0.012
7,190-214,1774112735,2026-03-22T01:05:35,0.0125
7,190-214,1774113035,2026-03-22T01:10:35,0.0125
7,190-214,1774113335,2026-03-22T01:15:35,0.0125
7,190-214,1774113635,2026-03-22T01:20:35,0.0125
7,190-214,1774113933,2026-03-22T01:25:33,0.0125
7,190-214,1774114250,2026-03-22T01:30:50,0.0125
7,190-214,1774114534,2026-03-22T01:35:34,0.0125
7,190-214,1774114842,2026-03-22T01:40:42,0.0125
7,190-214,1774115134,2026-03-22T01:45:34,0.0125
7,190-214,1774115442,2026-03-22T01:50:42,0.005
7,190-214,1774115731,2026-03-22T01:55:31,0.004
7,190-214,1774116333,2026-03-22T02:05:33,0.0105
7,190-214,1774116635,2026-03-22T02:10:35,0.0115
7,190-214,1774116931,2026-03-22T02:15:31,0.011
7,190-214,1774117233,2026-03-22T02:20:33,0.012
7,190-214,1774117532,2026-03-22T02:25:32,0.012
7,190-214,1774117839,2026-03-22T02:30:39,0.0125
7,190-214,1774118135,2026-03-22T02:35:35,0.0125
7,190-214,1774118430,2026-03-22T02:40:30,0.012
7,190-214,1774118733,2026-03-22T02:45:33,0.0125
7,190-214,1774119032,2026-03-22T02:50:32,0.0125
7,190-214,1774119345,2026-03-22T02:55:45,0.0125
7,190-214,1774119930,2026-03-22T03:05:30,0.0125
7,190-214,1774120230,2026-03-22T03:10:30,0.0115
7,190-214,1774120537,2026-03-22T03:15:37,0.0115
7,190-214,1774120832,2026-03-22T03:20:32,0.0115
7,190-214,1774121133,2026-03-22T03:25:33,0.012
7,190-214,1774121437,2026-03-22T03:30:37,0.0115
7,190-214,1774121743,2026-03-22T03:35:43,0.0115
7,190-214,1774122044,2026-03-22T03:40:44,0.0115
7,190-214,1774122331,2026-03-22T03:45:31,0.0115
7,190-214,1774122632,2026-03-22T03:50:32,0.0115
7,190-214,1774122932,2026-03-22T03:55:32,0.0065
7,190-214,1774123548,2026-03-22T04:05:48,0.0055
7,190-214,1774123834,2026-03-22T04:10:34,0.0055
7,190-214,1774124133,2026-03-22T04:15:33,0.0055
7,190-214,1774124431,2026-03-22T04:20:31,0.0055
7,190-214,1774124742,2026-03-22T04:25:42,0.0055
7,190-214,1774125049,2026-03-22T04:30:49,0.0055
7,190-214,1774125334,2026-03-22T04:35:34,0.0055
7,190-214,1774125630,2026-03-22T04:40:30,0.0055
7,190-214,1774125932,2026-03-22T04:45:32,0.0055
7,190-214,1774126231,2026-03-22T04:50:31,0.0055
7,190-214,1774126530,2026-03-22T04:55:30,0.0055
7,190-214,1774127132,2026-03-22T05:05:32,0.0055
7,190-214,1774127430,2026-03-22T05:10:30,0.0055
7,190-214,1774127732,2026-03-22T05:15:32,0.0055
7,190-214,1774128030,2026-03-22T05:20:30,0.0055
7,190-214,1774128332,2026-03-22T05:25:32,0.0055
7,190-214,1774128636,2026-03-22T05:30:36,0.0055
7,190-214,1774128935,2026-03-22T05:35:35,0.0055
7,190-214,1774129232,2026-03-22T05:40:32,0.0055
7,190-214,1774129532,2026-03-22T05:45:32,0.0115
7,190-214,1774129831,2026-03-22T05:50:31,0.012
7,190-214,1774130135,2026-03-22T05:55:35,0.0125
7,190-214,1774130731,2026-03-22T06:05:31,0.013
7,190-214,1774131031,2026-03-22T06:10:31,0.013
7,190-214,1774131342,2026-03-22T06:15:42,0.013
7,190-214,1774131632,2026-03-22T06:20:32,0.013
7,190-214,1774131930,2026-03-22T06:25:30,0.013
7,190-214,1774132238,2026-03-22T06:30:38,0.0125
7,190-214,1774132531,2026-03-22T06:35:31,0.0125
7,190-214,1774132832,2026-03-22T06:40:32,0.0135
7,190-214,1774133132,2026-03-22T06:45:32,0.0135
7,190-214,1774133432,2026-03-22T06:50:32,0.0135
7,190-214,1774133731,2026-03-22T06:55:31,0.0135
7,190-214,1774134331,2026-03-22T07:05:31,0.0135
7,190-214,1774134634,2026-03-22T07:10:34,0.015
7,190-214,1774134942,2026-03-22T07:15:42,0.015
7,190-214,1774135233,2026-03-22T07:20:33,0.012
7,190-214,1774135532,2026-03-22T07:25:32,0.0115
7,190-214,1774135836,2026-03-22T07:30:36,0.014
7,190-214,1774136133,2026-03-22T07:35:33,0.014
7,190-214,1774136432,2026-03-22T07:40:32,0.0135
7,190-214,1774136734,2026-03-22T07:45:34,0.0135
7,190-214,1774137045,2026-03-22T07:50:45,0.0135
7,190-214,1774137331,2026-03-22T07:55:31,0.0135
7,190-214,1774137930,2026-03-22T08:05:30,0.013
7,190-214,1774138245,2026-03-22T08:10:45,0.0055
7,190-214,1774138531,2026-03-22T08:15:31,0.0075
7,190-214,1774138845,2026-03-22T08:20:45,0.007
7,190-214,1774139132,2026-03-22T08:25:32,0.008
7,190-214,1774139435,2026-03-22T08:30:35,0.008
7,190-214,1774139733,2026-03-22T08:35:33,0.0075
7,190-214,1774140031,2026-03-22T08:40:31,0.009
7,190-214,1774140334,2026-03-22T08:45:34,0.0105
7,190-214,1774140633,2026-03-22T08:50:33,0.0105
7,190-214,1774140934,2026-03-22T08:55:34,0.0105
7,190-214,1774141532,2026-03-22T09:05:32,0.0105
7,190-214,1774141835,2026-03-22T09:10:35,0.0105
7,190-214,1774142132,2026-03-22T09:15:32,0.0105
7,190-214,1774142433,2026-03-22T09:20:33,0.0105
7,190-214,1774142732,2026-03-22T09:25:32,0.0105
7,190-214,1774143042,2026-03-22T09:30:42,0.0105
7,190-214,1774143326,2026-03-22T09:35:26,0.0105
7,190-214,1774143640,2026-03-22T09:40:40,0.0105
7,190-214,1774143926,2026-03-22T09:45:26,0.0105
7,190-214,1774144226,2026-03-22T09:50:26,0.0105
7,190-214,1774144526,2026-03-22T09:55:26,0.0105
7,190-214,1774145126,2026-03-22T10:05:26,0.0115
7,190-214,1774145428,2026-03-22T10:10:28,0.012
7,190-214,1774145727,2026-03-22T10:15:27,0.012
7,190-214,1774146025,2026-03-22T10:20:25,0.012
7,190-214,1774146329,2026-03-22T10:25:29,0.0125
7,190-214,1774146632,2026-03-22T10:30:32,0.014
7,190-214,1774146927,2026-03-22T10:35:27,0.011
7,190-214,1774147226,2026-03-22T10:40:26,0.0115
7,190-214,1774147527,2026-03-22T10:45:27,0.0115
7,190-214,1774147825,2026-03-22T10:50:25,0.0115
7,190-214,1774148134,2026-03-22T10:55:34,0.0115
7,190-214,1774148727,2026-03-22T11:05:27,0.0115
7,190-214,1774149026,2026-03-22T11:10:26,0.0115
7,190-214,1774149325,2026-03-22T11:15:25,0.0115
7,190-214,1774149626,2026-03-22T11:20:26,0.0115
7,190-214,1774149928,2026-03-22T11:25:28,0.0115
7,190-214,1774150247,2026-03-22T11:30:47,0.0115
7,190-214,1774150526,2026-03-22T11:35:26,0.0115
7,190-214,1774150833,2026-03-22T11:40:33,0.0115
7,190-214,1774151127,2026-03-22T11:45:27,0.0115
7,190-214,1774151425,2026-03-22T11:50:25,0.0115
7,190-214,1774151726,2026-03-22T11:55:26,0.0115
7,190-214,1774152328,2026-03-22T12:05:28,0.0115
7,190-214,1774152628,2026-03-22T12:10:28,0.014
7,190-214,1774152927,2026-03-22T12:15:27,0.014
7,190-214,1774153229,2026-03-22T12:20:29,0.014
7,190-214,1774153529,2026-03-22T12:25:29,0.0145
7,190-214,1774153832,2026-03-22T12:30:32,0.0145
7,190-214,1774154128,2026-03-22T12:35:28,0.015
7,190-214,1774154426,2026-03-22T12:40:26,0.015
7,190-214,1774154726,2026-03-22T12:45:26,0.015
7,190-214,1774155043,2026-03-22T12:50:43,0.015
7,190-214,1774155326,2026-03-22T12:55:26,0.015
7,190-214,1774155926,2026-03-22T13:05:26,0.015
7,190-214,1774156228,2026-03-22T13:10:28,0.015
7,190-214,1774156527,2026-03-22T13:15:27,0.015
7,190-214,1774156827,2026-03-22T13:20:27,0.015
7,190-214,1774157128,2026-03-22T13:25:28,0.015
7,190-214,1774157433,2026-03-22T13:30:33,0.015
7,190-214,1774157725,2026-03-22T13:35:25,0.015
7,190-214,1774158027,2026-03-22T13:40:27,0.015
7,190-214,1774158341,2026-03-22T13:45:41,0.015
7,190-214,1774158626,2026-03-22T13:50:26,0.015
7,190-214,1774158935,2026-03-22T13:55:35,0.015
7,190-214,1774159526,2026-03-22T14:05:26,0.015
7,190-214,1774159825,2026-03-22T14:10:25,0.015
7,190-214,1774160125,2026-03-22T14:15:25,0.015
7,190-214,1774160428,2026-03-22T14:20:28,0.015
7,190-214,1774160727,2026-03-22T14:25:27,0.015
7,190-214,1774161031,2026-03-22T14:30:31,0.015
7,190-214,1774161335,2026-03-22T14:35:35,0.015
7,190-214,1774161629,2026-03-22T14:40:29,0.015
7,190-214,1774161926,2026-03-22T14:45:26,0.015
7,190-214,1774162226,2026-03-22T14:50:26,0.015
7,190-214,1774162526,2026-03-22T14:55:26,0.015
7,190-214,1774163127,2026-03-22T15:05:27,0.015
7,190-214,1774163427,2026-03-22T15:10:27,0.015
7,190-214,1774163726,2026-03-22T15:15:26,0.015
7,190-214,1774164025,2026-03-22T15:20:25,0.015
7,190-214,1774164325,2026-03-22T15:25:25,0.015
7,190-214,1774164633,2026-03-22T15:30:33,0.015
7,190-214,1774164926,2026-03-22T15:35:26,0.015
7,190-214,1774165227,2026-03-22T15:40:27,0.015
7,190-214,1774165537,2026-03-22T15:45:37,0.015
7,190-214,1774165827,2026-03-22T15:50:27,0.015
7,190-214,1774166126,2026-03-22T15:55:26,0.015
7,190-214,1774166726,2026-03-22T16:05:26,0.017
7,190-214,1774167028,2026-03-22T16:10:28,0.0165
7,190-214,1774167335,2026-03-22T16:15:35,0.017
7,190-214,1774167627,2026-03-22T16:20:27,0.017
7,190-214,1774167925,2026-03-22T16:25:25,0.017
7,190-214,1774168231,2026-03-22T16:30:31,0.017
7,190-214,1774168535,2026-03-22T16:35:35,0.017
7,190-214,1774168828,2026-03-22T16:40:28,0.017
7,190-214,1774169126,2026-03-22T16:45:26,0.017
7,190-214,1774169427,2026-03-22T16:50:27,0.017
7,190-214,1774169727,2026-03-22T16:55:27,0.017
7,190-214,1774170327,2026-03-22T17:05:27,0.017
7,190-214,1774170627,2026-03-22T17:10:27,0.017
7,190-214,1774170928,2026-03-22T17:15:28,0.017
7,190-214,1774171226,2026-03-22T17:20:26,0.017
7,190-214,1774171526,2026-03-22T17:25:26,0.017
7,190-214,1774171847,2026-03-22T17:30:47,0.017
7,190-214,1774172126,2026-03-22T17:35:26,0.017
7,190-214,1774172427,2026-03-22T17:40:27,0.017
7,190-214,1774172724,2026-03-22T17:45:24,0.017
7,190-214,1774173026,2026-03-22T17:50:26,0.017
7,190-214,1774173326,2026-03-22T17:55:26,0.017
7,190-214,1774173925,2026-03-22T18:05:25,0.017
7,190-214,1774174227,2026-03-22T18:10:27,0.017
7,190-214,1774174526,2026-03-22T18:15:26,0.017
7,190-214,1774174835,2026-03-22T18:20:35,0.017
7,190-214,1774175126,2026-03-22T18:25:26,0.017
7,190-214,1774175431,2026-03-22T18:30:31,0.017
7,190-214,1774175726,2026-03-22T18:35:26,0.017
7,190-214,1774176026,2026-03-22T18:40:26,0.017
7,190-214,1774176326,2026-03-22T18:45:26,0.017
7,190-214,1774176635,2026-03-22T18:50:35,0.017
7,190-214,1774176927,2026-03-22T18:55:27,0.017
7,190-214,1774177526,2026-03-22T19:05:26,0.017
7,190-214,1774177831,2026-03-22T19:10:31,0.0155
7,190-214,1774178127,2026-03-22T19:15:27,0.0155
7,190-214,1774178429,2026-03-22T19:20:29,0.0155
7,190-214,1774178726,2026-03-22T19:25:26,0.0155
7,190-214,1774179032,2026-03-22T19:30:32,0.0155
7,190-214,1774179327,2026-03-22T19:35:27,0.0155
7,190-214,1774179630,2026-03-22T19:40:30,0.015
7,190-214,1774179943,2026-03-22T19:45:43,0.015
7,190-214,1774180227,2026-03-22T19:50:27,0.0155
7,190-214,1774180526,2026-03-22T19:55:26,0.0155
7,190-214,1774181127,2026-03-22T20:05:27,0.0155
7,190-214,1774181443,2026-03-22T20:10:43,0.0155
7,190-214,1774181728,2026-03-22T20:15:28,0.0155
7,190-214,1774182026,2026-03-22T20:20:26,0.016
7,190-214,1774182327,2026-03-22T20:25:27,0.016
7,190-214,1774182632,2026-03-22T20:30:32,0.0165
7,190-214,1774182927,2026-03-22T20:35:27,0.017
7,190-214,1774183225,2026-03-22T20:40:25,0.017
7,190-214,1774183526,2026-03-22T20:45:26,0.016
7,190-214,1774183825,2026-03-22T20:50:25,0.015
7,190-214,1774184125,2026-03-22T20:55:25,0.015
7,190-214,1774184726,2026-03-22T21:05:26,0.015
7,190-214,1774185026,2026-03-22T21:10:26,0.015
7,190-214,1774185327,2026-03-22T21:15:27,0.0145
7,190-214,1774185626,2026-03-22T21:20:26,0.0145
7,190-214,1774185926,2026-03-22T21:25:26,0.016
7,190-214,1774186246,2026-03-22T21:30:46,0.016
7,190-214,1774186527,2026-03-22T21:35:27,0.017
7,190-214,1774186827,2026-03-22T21:40:27,0.017
7,190-214,1774187127,2026-03-22T21:45:27,0.017
7,190-214,1774187425,2026-03-22T21:50:25,0.017
7,190-214,1774187741,2026-03-22T21:55:41,0.017
7,190-214,1774188326,2026-03-22T22:05:26,0.017
7,190-214,1774188628,2026-03-22T22:10:28,0.017
7,190-214,1774188927,2026-03-22T22:15:27,0.017
7,190-214,1774189230,2026-03-22T22:20:30,0.017
7,190-214,1774189527,2026-03-22T22:25:27,0.017
7,190-214,1774189833,2026-03-22T22:30:33,0.017
7,190-214,1774190146,2026-03-22T22:35:46,0.017
7,190-214,1774190444,2026-03-22T22:40:44,0.017
7,190-214,1774190727,2026-03-22T22:45:27,0.017
7,190-214,1774191028,2026-03-22T22:50:28,0.017
7,190-214,1774191326,2026-03-22T22:55:26,0.0165
7,190-214,1774191928,2026-03-22T23:05:28,0.0155
7,190-214,1774192225,2026-03-22T23:10:25,0.0155
7,190-214,1774192527,2026-03-22T23:15:27,0.0145
7,190-214,1774192827,2026-03-22T23:20:27,0.0145
7,190-214,1774193126,2026-03-22T23:25:26,0.0145
7,190-214,1774193433,2026-03-22T23:30:33,0.0145
7,190-214,1774193725,2026-03-22T23:35:25,0.0145
7,190-214,1774194026,2026-03-22T23:40:26,0.0145
7,190-214,1774194340,2026-03-22T23:45:40,0.0145
7,190-214,1774194638,2026-03-22T23:50:38,0.0145
7,190-214,1774194927,2026-03-22T23:55:27,0.0145
7,190-214,1774195528,2026-03-23T00:05:28,0.016
7,190-214,1774195829,2026-03-23T00:10:29,0.0155
7,190-214,1774196129,2026-03-23T00:15:29,0.015
7,190-214,1774196426,2026-03-23T00:20:26,0.015
7,190-214,1774196727,2026-03-23T00:25:27,0.015
7,190-214,1774197030,2026-03-23T00:30:30,0.0145
7,190-214,1774197327,2026-03-23T00:35:27,0.0145
7,190-214,1774197638,2026-03-23T00:40:38,0.0145
7,190-214,1774197927,2026-03-23T00:45:27,0.0145
7,190-214,1774198227,2026-03-23T00:50:27,0.0155
7,190-214,1774198526,2026-03-23T00:55:26,0.016
7,190-214,1774199128,2026-03-23T01:05:28,0.016
7,190-214,1774199427,2026-03-23T01:10:27,0.016
7,190-214,1774199728,2026-03-23T01:15:28,0.016
7,190-214,1774200027,2026-03-23T01:20:27,0.016
7,190-214,1774200328,2026-03-23T01:25:28,0.0145
7,190-214,1774200657,2026-03-23T01:30:57,0.0145
7,190-214,1774200927,2026-03-23T01:35:27,0.0145
7,190-214,1774201226,2026-03-23T01:40:26,0.014
7,190-214,1774201526,2026-03-23T01:45:26,0.014
7,190-214,1774201826,2026-03-23T01:50:26,0.014
7,190-214,1774202129,2026-03-23T01:55:29,0.014
7,190-214,1774202726,2026-03-23T02:05:26,0.014
7,190-214,1774203028,2026-03-23T02:10:28,0.014
7,190-214,1774203326,2026-03-23T02:15:26,0.014
7,190-214,1774203629,2026-03-23T02:20:29,0.014
7,190-214,1774203938,2026-03-23T02:25:38,0.014
7,190-214,1774204235,2026-03-23T02:30:35,0.014
7,190-214,1774204527,2026-03-23T02:35:27,0.014
7,190-214,1774204826,2026-03-23T02:40:26,0.014
7,190-214,1774205128,2026-03-23T02:45:28,0.014
7,190-214,1774205429,2026-03-23T02:50:29,0.014
7,190-214,1774205730,2026-03-23T02:55:30,0.014
7,190-214,1774206327,2026-03-23T03:05:27,0.014
7,190-214,1774206640,2026-03-23T03:10:40,0.014
7,190-214,1774206929,2026-03-23T03:15:29,0.014
7,190-214,1774207229,2026-03-23T03:20:29,0.014
7,190-214,1774207529,2026-03-23T03:25:29,0.014
7,190-214,1774207837,2026-03-23T03:30:37,0.014
7,190-214,1774208130,2026-03-23T03:35:30,0.014
7,190-214,1774208432,2026-03-23T03:40:32,0.014
7,190-214,1774208730,2026-03-23T03:45:30,0.014
7,190-214,1774209030,2026-03-23T03:50:30,0.0135
7,190-214,1774209326,2026-03-23T03:55:26,0.0135
7,190-214,1774209930,2026-03-23T04:05:30,0.0135
7,190-214,1774210238,2026-03-23T04:10:38,0.0135
7,190-214,1774210529,2026-03-23T04:15:29,0.0155
7,190-214,1774210831,2026-03-23T04:20:31,0.015
7,190-214,1774211130,2026-03-23T04:25:30,0.015
7,190-214,1774211435,2026-03-23T04:30:35,0.015
7,190-214,1774211726,2026-03-23T04:35:26,0.0145
7,190-214,1774212029,2026-03-23T04:40:29,0.0145
7,190-214,1774212337,2026-03-23T04:45:37,0.0145
7,190-214,1774212631,2026-03-23T04:50:31,0.015
7,190-214,1774212928,2026-03-23T04:55:28,0.015
7,190-214,1774213528,2026-03-23T05:05:28,0.015
7,190-214,1774213828,2026-03-23T05:10:28,0.015
7,190-214,1774214131,2026-03-23T05:15:31,0.015
7,190-214,1774214431,2026-03-23T05:20:31,0.015
7,190-214,1774214730,2026-03-23T05:25:30,0.015
7,190-214,1774215035,2026-03-23T05:30:35,0.015
7,190-214,1774215328,2026-03-23T05:35:28,0.015
7,190-214,1774215626,2026-03-23T05:40:26,0.015
7,190-214,1774215931,2026-03-23T05:45:31,0.0135
7,190-214,1774216229,2026-03-23T05:50:29,0.0135
7,190-214,1774216528,2026-03-23T05:55:28,0.0135
7,190-214,1774217129,2026-03-23T06:05:29,0.0135
7,190-214,1774217432,2026-03-23T06:10:32,0.0135
7,190-214,1774217728,2026-03-23T06:15:28,0.0135
7,190-214,1774218031,2026-03-23T06:20:31,0.0135
7,190-214,1774218329,2026-03-23T06:25:29,0.0135
7,190-214,1774218634,2026-03-23T06:30:34,0.0135
7,190-214,1774218931,2026-03-23T06:35:31,0.0135
7,190-214,1774219242,2026-03-23T06:40:42,0.0135
7,190-214,1774219529,2026-03-23T06:45:29,0.0135
7,190-214,1774219828,2026-03-23T06:50:28,0.0135
7,190-214,1774220131,2026-03-23T06:55:31,0.0135
7,190-214,1774220728,2026-03-23T07:05:28,0.0135
7,190-214,1774221029,2026-03-23T07:10:29,0.0135
7,190-214,1774221331,2026-03-23T07:15:31,0.0135
7,190-214,1774221631,2026-03-23T07:20:31,0.0135
7,190-214,1774221928,2026-03-23T07:25:28,0.0135
7,190-214,1774222234,2026-03-23T07:30:34,0.0135
7,190-214,1774222542,2026-03-23T07:35:42,0.0155
7,190-214,1774222828,2026-03-23T07:40:28,0.0145
7,190-214,1774223140,2026-03-23T07:45:40,0.015
7,190-214,1774223429,2026-03-23T07:50:29,0.015
7,190-214,1774223727,2026-03-23T07:55:27,0.015
7,190-214,1774224331,2026-03-23T08:05:31,0.0145
7,190-214,1774224630,2026-03-23T08:10:30,0.0145
7,190-214,1774224930,2026-03-23T08:15:30,0.0155
7,190-214,1774225231,2026-03-23T08:20:31,0.0155
7,190-214,1774225529,2026-03-23T08:25:29,0.015
7,190-214,1774225832,2026-03-23T08:30:32,0.0145
7,190-214,1774226129,2026-03-23T08:35:29,0.015
7,190-214,1774226431,2026-03-23T08:40:31,0.015
7,190-214,1774226728,2026-03-23T08:45:28,0.014
7,190-214,1774227029,2026-03-23T08:50:29,0.014
7,190-214,1774227328,2026-03-23T08:55:28,0.0135
7,190-214,1774227928,2026-03-23T09:05:28,0.0135
7,190-214,1774228228,2026-03-23T09:10:28,0.0135
7,190-214,1774228533,2026-03-23T09:15:33,0.0135
7,190-214,1774228826,2026-03-23T09:20:26,0.0135
7,190-214,1774229131,2026-03-23T09:25:31,0.0135
7,190-214,1774229433,2026-03-23T09:30:33,0.0135
7,190-214,1774229743,2026-03-23T09:35:43,0.0125
7,190-214,1774230027,2026-03-23T09:40:27,0.0125
7,190-214,1774230329,2026-03-23T09:45:29,0.0115
7,190-214,1774230631,2026-03-23T09:50:31,0.0115
7,190-214,1774230926,2026-03-23T09:55:26,0.0115
7,190-214,1774231531,2026-03-23T10:05:31,0.0115
7,190-214,1774231831,2026-03-23T10:10:31,0.0115
7,190-214,1774232129,2026-03-23T10:15:29,0.0115
7,190-214,1774232429,2026-03-23T10:20:29,0.0115
7,190-214,1774232731,2026-03-23T10:25:31,0.0115
7,190-214,1774233037,2026-03-23T10:30:37,0.0115
7,190-214,1774233329,2026-03-23T10:35:29,0.0115
7,190-214,1774233627,2026-03-23T10:40:27,0.0115
7,190-214,1774233938,2026-03-23T10:45:38,0.0115
7,190-214,1774234229,2026-03-23T10:50:29,0.0115
7,190-214,1774234533,2026-03-23T10:55:33,0.0115
7,190-214,1774235128,2026-03-23T11:05:28,0.0115
7,190-214,1774235430,2026-03-23T11:10:30,0.0115
7,190-214,1774235729,2026-03-23T11:15:29,0.0115
7,190-214,1774236037,2026-03-23T11:20:37,0.0115
7,190-214,1774236327,2026-03-23T11:25:27,0.0115
7,190-214,1774236634,2026-03-23T11:30:34,0.0115
7,190-214,1774236929,2026-03-23T11:35:29,0.0115
7,190-214,1774237242,2026-03-23T11:40:42,0.0115
7,190-214,1774237540,2026-03-23T11:45:40,0.0115
7,190-214,1774237828,2026-03-23T11:50:28,0.0115
7,190-214,1774238127,2026-03-23T11:55:27,0.0115
7,190-214,1774238743,2026-03-23T12:05:43,0.0115
7,190-214,1774239028,2026-03-23T12:10:28,0.0115
7,190-214,1774239339,2026-03-23T12:15:39,0.0115
7,190-214,1774239627,2026-03-23T12:20:27,0.0115
7,190-214,1774239931,2026-03-23T12:25:31,0.0115
7,190-214,1774240233,2026-03-23T12:30:33,0.0115
7,190-214,1774240528,2026-03-23T12:35:28,0.0115
7,190-214,1774240829,2026-03-23T12:40:29,0.0115
7,190-214,1774241129,2026-03-23T12:45:29,0.0115
7,190-214,1774241433,2026-03-23T12:50:33,0.0115
7,190-214,1774241730,2026-03-23T12:55:30,0.0115
7,190-214,1774242326,2026-03-23T13:05:26,0.0115
7,190-214,1774242628,2026-03-23T13:10:28,0.0115
7,190-214,1774242928,2026-03-23T13:15:28,0.0115
7,190-214,1774243227,2026-03-23T13:20:27,0.0115
7,190-214,1774243535,2026-03-23T13:25:35,0.0115
7,190-214,1774243832,2026-03-23T13:30:32,0.0115
7,190-214,1774244129,2026-03-23T13:35:29,0.0115
7,190-214,1774244440,2026-03-23T13:40:40,0.0115
7,190-214,1774244727,2026-03-23T13:45:27,0.0115
7,190-214,1774245035,2026-03-23T13:50:35,0.0115
7,190-214,1774245328,2026-03-23T13:55:28,0.0115
7,190-214,1774245925,2026-03-23T14:05:25,0.012
7,190-214,1774246228,2026-03-23T14:10:28,0.0125
7,190-214,1774246530,2026-03-23T14:15:30,0.013
7,190-214,1774246829,2026-03-23T14:20:29,0.0125
7,190-214,1774247127,2026-03-23T14:25:27,0.0125
7,190-214,1774247439,2026-03-23T14:30:39,0.0125
7,190-214,1774247737,2026-03-23T14:35:37,0.0125
7,190-214,1774248031,2026-03-23T14:40:31,0.0125
7,190-214,1774248343,2026-03-23T14:45:43,0.012
7,190-214,1774248631,2026-03-23T14:50:31,0.0115
7,190-214,1774248932,2026-03-23T14:55:32,0.0115
7,190-214,1774249530,2026-03-23T15:05:30,0.0115
7,190-214,1774249830,2026-03-23T15:10:30,0.0115
7,190-214,1774250128,2026-03-23T15:15:28,0.012
7,190-214,1774250433,2026-03-23T15:20:33,0.012
7,190-214,1774250729,2026-03-23T15:25:29,0.012
7,190-214,1774251035,2026-03-23T15:30:35,0.012
7,190-214,1774251329,2026-03-23T15:35:29,0.013
7,190-214,1774251631,2026-03-23T15:40:31,0.013
7,190-214,1774251928,2026-03-23T15:45:28,0.013
7,190-214,1774252229,2026-03-23T15:50:29,0.013
7,190-214,1774252529,2026-03-23T15:55:29,0.013
7,190-214,1774253128,2026-03-23T16:05:28,0.013
7,190-214,1774253428,2026-03-23T16:10:28,0.013
7,190-214,1774253731,2026-03-23T16:15:31,0.013
7,190-214,1774254036,2026-03-23T16:20:36,0.013
7,190-214,1774254327,2026-03-23T16:25:27,0.013
7,190-214,1774254633,2026-03-23T16:30:33,0.0125
7,190-214,1774254927,2026-03-23T16:35:27,0.0125
7,190-214,1774255231,2026-03-23T16:40:31,0.0125
7,190-214,1774255528,2026-03-23T16:45:28,0.013
7,190-214,1774255828,2026-03-23T16:50:28,0.0135
7,190-214,1774256130,2026-03-23T16:55:30,0.012
7,190-214,1774256751,2026-03-23T17:05:51,0.012
7,190-214,1774257040,2026-03-23T17:10:40,0.012
7,190-214,1774257326,2026-03-23T17:15:26,0.0105
7,190-214,1774257630,2026-03-23T17:20:30,0.01
7,190-214,1774257939,2026-03-23T17:25:39,0.0095
7,190-214,1774258232,2026-03-23T17:30:32,0.009
7,190-214,1774258527,2026-03-23T17:35:27,0.0095
7,190-214,1774258825,2026-03-23T17:40:25,0.0095
7,190-214,1774259128,2026-03-23T17:45:28,0.009
7,190-214,1774259439,2026-03-23T17:50:39,0.008
7,190-214,1774259725,2026-03-23T17:55:25,0.008
7,190-214,1774260327,2026-03-23T18:05:27,0.0075
7,190-214,1774260626,2026-03-23T18:10:26,0.008
7,190-214,1774260925,2026-03-23T18:15:25,0.008
7,190-214,1774261226,2026-03-23T18:20:26,0.008
7,190-214,1774261530,2026-03-23T18:25:30,0.0075
7,190-214,1774261830,2026-03-23T18:30:30,0.0075
7,190-214,1774262126,2026-03-23T18:35:26,0.0075
7,190-214,1774262428,2026-03-23T18:40:28,0.0075
7,190-214,1774262731,2026-03-23T18:45:31,0.0075
7,190-214,1774263030,2026-03-23T18:50:30,0.0075
7,190-214,1774263328,2026-03-23T18:55:28,0.0075
7,190-214,1774263939,2026-03-23T19:05:39,0.0075
7,190-214,1774264229,2026-03-23T19:10:29,0.0075
7,190-214,1774264544,2026-03-23T19:15:44,0.0075
7,190-214,1774264826,2026-03-23T19:20:26,0.0075
7,190-214,1774265128,2026-03-23T19:25:28,0.0075
7,190-214,1774265445,2026-03-23T19:30:45,0.008
7,190-214,1774265728,2026-03-23T19:35:28,0.008
7,190-214,1774266034,2026-03-23T19:40:34,0.008
7,190-214,1774266326,2026-03-23T19:45:26,0.007
7,190-214,1774266625,2026-03-23T19:50:25,0.007
7,190-214,1774266925,2026-03-23T19:55:25,0.0065
7,190-214,1774267538,2026-03-23T20:05:38,0.0065
7,190-214,1774267828,2026-03-23T20:10:28,0.0065
7,190-214,1774268128,2026-03-23T20:15:28,0.0065
7,190-214,1774268432,2026-03-23T20:20:32,0.0065
7,190-214,1774268730,2026-03-23T20:25:30,0.0065
7,190-214,1774269036,2026-03-23T20:30:36,0.0065
7,190-214,1774269332,2026-03-23T20:35:32,0.007
7,190-214,1774269631,2026-03-23T20:40:31,0.007
7,190-214,1774269929,2026-03-23T20:45:29,0.0075
7,190-214,1774270247,2026-03-23T20:50:47,0.0075
7,190-214,1774270529,2026-03-23T20:55:29,0.008
7,190-214,1774271138,2026-03-23T21:05:38,0.009
7,190-214,1774271443,2026-03-23T21:10:43,0.009
7,190-214,1774271730,2026-03-23T21:15:30,0.009
7,190-214,1774272040,2026-03-23T21:20:40,0.009
7,190-214,1774272329,2026-03-23T21:25:29,0.009
7,190-214,1774272634,2026-03-23T21:30:34,0.0065
7,190-214,1774272928,2026-03-23T21:35:28,0.0065
7,190-214,1774273230,2026-03-23T21:40:30,0.0065
7,190-214,1774273530,2026-03-23T21:45:30,0.0065
7,190-214,1774273848,2026-03-23T21:50:48,0.0065
7,190-214,1774274132,2026-03-23T21:55:32,0.0065
7,190-214,1774274735,2026-03-23T22:05:35,0.0065
7,190-214,1774275035,2026-03-23T22:10:35,0.0065
7,190-214,1774275334,2026-03-23T22:15:34,0.0065
7,190-214,1774275625,2026-03-23T22:20:25,0.0065
7,190-214,1774275939,2026-03-23T22:25:39,0.0065
7,190-214,1774276229,2026-03-23T22:30:29,0.0065
7,190-214,1774276526,2026-03-23T22:35:26,0.0065
7,190-214,1774276826,2026-03-23T22:40:26,0.0075
7,190-214,1774277125,2026-03-23T22:45:25,0.0065
7,190-214,1774277425,2026-03-23T22:50:25,0.0065
7,190-214,1774277735,2026-03-23T22:55:35,0.0065
7,190-214,1774278326,2026-03-23T23:05:26,0.0065
7,190-214,1774278624,2026-03-23T23:10:24,0.0065
7,190-214,1774278925,2026-03-23T23:15:25,0.0065
7,190-214,1774279226,2026-03-23T23:20:26,0.0065
7,190-214,1774279524,2026-03-23T23:25:24,0.0065
7,190-214,1774279837,2026-03-23T23:30:37,0.0065
7,190-214,1774280125,2026-03-23T23:35:25,0.0045
7,190-214,1774280425,2026-03-23T23:40:25,0.0045
7,190-214,1774280725,2026-03-23T23:45:25,0.0045
7,190-214,1774281025,2026-03-23T23:50:25,0.0045
7,190-214,1774281326,2026-03-23T23:55:26,0.0045
7,190-214,1774281926,2026-03-24T00:05:26,0.0025
7,190-214,1774282227,2026-03-24T00:10:27,0.0025
7,190-214,1774282525,2026-03-24T00:15:25,0.0085
7,190-214,1774282826,2026-03-24T00:20:26,0.008
7,190-214,1774283128,2026-03-24T00:25:28,0.008
7,190-214,1774283440,2026-03-24T00:30:40,0.007
7,190-214,1774283726,2026-03-24T00:35:26,0.0055
7,190-214,1774284026,2026-03-24T00:40:26,0.0045
7,190-214,1774284326,2026-03-24T00:45:26,0.004
7,190-214,1774284636,2026-03-24T00:50:36,0.004
7,190-214,1774284926,2026-03-24T00:55:26,0.0055
7,190-214,1774285527,2026-03-24T01:05:27,0.008
7,190-214,1774285826,2026-03-24T01:10:26,0.0075
7,190-214,1774286128,2026-03-24T01:15:28,0.0035
7,190-214,1774286427,2026-03-24T01:20:27,0.0035
7,190-214,1774286741,2026-03-24T01:25:41,0.0035
7,190-214,1774287031,2026-03-24T01:30:31,0.003
7,190-214,1774287326,2026-03-24T01:35:26,0.0035
7,190-214,1774287651,2026-03-24T01:40:51,0.0035
7,190-214,1774287926,2026-03-24T01:45:26,0.0035
7,190-214,1774288226,2026-03-24T01:50:26,0.0025
7,190-214,1774288526,2026-03-24T01:55:26,0.0025
7,190-214,1774289126,2026-03-24T02:05:26,0.0025
7,190-214,1774289428,2026-03-24T02:10:28,0.0025
7,190-214,1774289728,2026-03-24T02:15:28,0.0025
7,190-214,1774290039,2026-03-24T02:20:39,0.0025
7,190-214,1774290327,2026-03-24T02:25:27,0.0025
7,190-214,1774290633,2026-03-24T02:30:33,0.0025
7,190-214,1774290929,2026-03-24T02:35:29,0.0025
7,190-214,1774291240,2026-03-24T02:40:40,0.0025
7,190-214,1774291528,2026-03-24T02:45:28,0.0025
7,190-214,1774291827,2026-03-24T02:50:27,0.0025
7,190-214,1774292128,2026-03-24T02:55:28,0.0025
7,190-214,1774292730,2026-03-24T03:05:30,0.0015
7,190-214,1774293028,2026-03-24T03:10:28,0.0015
7,190-214,1774293330,2026-03-24T03:15:30,0.0015
7,190-214,1774293632,2026-03-24T03:20:32,0.0015
7,190-214,1774293929,2026-03-24T03:25:29,0.0015
7,190-214,1774294233,2026-03-24T03:30:33,0.0015
7,190-214,1774294531,2026-03-24T03:35:31,0.0015
7,190-214,1774294827,2026-03-24T03:40:27,0.0015
7,190-214,1774295130,2026-03-24T03:45:30,0.0015
7,190-214,1774295432,2026-03-24T03:50:32,0.0015
7,190-214,1774295730,2026-03-24T03:55:30,0.0015
7,190-214,1774296331,2026-03-24T04:05:31,0.0015
7,190-214,1774296631,2026-03-24T04:10:31,0.0015
7,190-214,1774296926,2026-03-24T04:15:26,0.0015
7,190-214,1774297232,2026-03-24T04:20:32,0.0015
7,190-214,1774297532,2026-03-24T04:25:32,0.0015
7,190-214,1774297834,2026-03-24T04:30:34,0.0015
7,190-214,1774298128,2026-03-24T04:35:28,0.0015
7,190-214,1774298428,2026-03-24T04:40:28,0.0015
7,190-214,1774298727,2026-03-24T04:45:27,0.0015
7,190-214,1774299031,2026-03-24T04:50:31,0.0015
7,190-214,1774299328,2026-03-24T04:55:28,0.0015
7,190-214,1774299927,2026-03-24T05:05:27,0.0015
7,190-214,1774300230,2026-03-24T05:10:30,0.0015
7,190-214,1774300543,2026-03-24T05:15:43,0.0015
7,190-214,1774300827,2026-03-24T05:20:27,0.0015
7,190-214,1774301126,2026-03-24T05:25:26,0.0015
7,190-214,1774301436,2026-03-24T05:30:36,0.0015
7,190-214,1774301729,2026-03-24T05:35:29,0.0015
7,190-214,1774302029,2026-03-24T05:40:29,0.0015
7,190-214,1774302328,2026-03-24T05:45:28,0.0015
7,190-214,1774302626,2026-03-24T05:50:26,0.0015
7,190-214,1774302926,2026-03-24T05:55:26,0.0015
7,190-214,1774303539,2026-03-24T06:05:39,0.0015
7,190-214,1774303828,2026-03-24T06:10:28,0.0015
7,190-214,1774304131,2026-03-24T06:15:31,0.0015
7,190-214,1774304427,2026-03-24T06:20:27,0.0015
7,190-214,1774304728,2026-03-24T06:25:28,0.0015
7,190-214,1774305035,2026-03-24T06:30:35,0.0015
7,190-214,1774305329,2026-03-24T06:35:29,0.0015
7,190-214,1774305628,2026-03-24T06:40:28,0.0015
7,190-214,1774305929,2026-03-24T06:45:29,0.0015
7,190-214,1774306241,2026-03-24T06:50:41,0.0015
7,190-214,1774306530,2026-03-24T06:55:30,0.0015
7,190-214,1774307130,2026-03-24T07:05:30,0.0015
7,190-214,1774307433,2026-03-24T07:10:33,0.0015
7,190-214,1774307727,2026-03-24T07:15:27,0.0015
7,190-214,1774308031,2026-03-24T07:20:31,0.0015
7,190-214,1774308332,2026-03-24T07:25:32,0.0015
7,190-214,1774308637,2026-03-24T07:30:37,0.0015
7,190-214,1774308930,2026-03-24T07:35:30,0.0015
7,190-214,1774309229,2026-03-24T07:40:29,0.0015
7,190-214,1774309531,2026-03-24T07:45:31,0.0015
7,190-214,1774309832,2026-03-24T07:50:32,0.0015
7,190-214,1774310145,2026-03-24T07:55:45,0.0015
7,190-214,1774310729,2026-03-24T08:05:29,0.0015
7,190-214,1774311026,2026-03-24T08:10:26,0.0015
7,190-214,1774311327,2026-03-24T08:15:27,0.0015
7,190-214,1774311629,2026-03-24T08:20:29,0.0015
7,190-214,1774311929,2026-03-24T08:25:29,0.0015
7,190-214,1774312227,2026-03-24T08:30:27,0.0015
7,190-214,1774312526,2026-03-24T08:35:26,0.0015
7,190-214,1774312829,2026-03-24T08:40:29,0.0015
7,190-214,1774313126,2026-03-24T08:45:26,0.0015
7,190-214,1774313426,2026-03-24T08:50:26,0.0015
7,190-214,1774313726,2026-03-24T08:55:26,0.0015
7,190-214,1774314326,2026-03-24T09:05:26,0.0015
7,190-214,1774314629,2026-03-24T09:10:29,0.0015
7,190-214,1774314927,2026-03-24T09:15:27,0.0015
7,190-214,1774315226,2026-03-24T09:20:26,0.0015
7,190-214,1774315543,2026-03-24T09:25:43,0.0015
7,190-214,1774315829,2026-03-24T09:30:29,0.0015
7,190-214,1774316127,2026-03-24T09:35:27,0.0015
7,190-214,1774316426,2026-03-24T09:40:26,0.0015
7,190-214,1774316731,2026-03-24T09:45:31,0.0015
7,190-214,1774317028,2026-03-24T09:50:28,0.0015
7,190-214,1774317326,2026-03-24T09:55:26,0.0015
7,190-214,1774317926,2026-03-24T10:05:26,0.0015
7,190-214,1774318228,2026-03-24T10:10:28,0.0015
7,190-214,1774318527,2026-03-24T10:15:27,0.0015
7,190-214,1774318827,2026-03-24T10:20:27,0.0015
7,190-214,1774319131,2026-03-24T10:25:31,0.0015
7,190-214,1774319428,2026-03-24T10:30:28,0.0015
7,190-214,1774319727,2026-03-24T10:35:27,0.0015
7,190-214,1774320028,2026-03-24T10:40:28,0.0015
7,190-214,1774320327,2026-03-24T10:45:27,0.0015
7,190-214,1774320627,2026-03-24T10:50:27,0.0015
7,190-214,1774320926,2026-03-24T10:55:26,0.0015
7,190-214,1774321534,2026-03-24T11:05:34,0.0015
7,190-214,1774321829,2026-03-24T11:10:29,0.0015
7,190-214,1774322131,2026-03-24T11:15:31,0.0015
7,190-214,1774322430,2026-03-24T11:20:30,0.0015
7,190-214,1774322727,2026-03-24T11:25:27,0.0015
7,190-214,1774323028,2026-03-24T11:30:28,0.0015
7,190-214,1774323331,2026-03-24T11:35:31,0.0015
7,190-214,1774323629,2026-03-24T11:40:29,0.0015
7,190-214,1774323927,2026-03-24T11:45:27,0.0015
7,190-214,1774324240,2026-03-24T11:50:40,0.0015
7,190-214,1774324527,2026-03-24T11:55:27,0.0015
7,190-214,1774325126,2026-03-24T12:05:26,0.0015
7,190-214,1774325426,2026-03-24T12:10:26,0.0015
7,190-214,1774325727,2026-03-24T12:15:27,0.0015
7,190-214,1774326029,2026-03-24T12:20:29,0.0015
7,190-214,1774326338,2026-03-24T12:25:38,0.0015
7,190-214,1774326629,2026-03-24T12:30:29,0.0015
7,190-214,1774326929,2026-03-24T12:35:29,0.0015
7,190-214,1774327226,2026-03-24T12:40:26,0.0015
7,190-214,1774327526,2026-03-24T12:45:26,0.0015
7,190-214,1774327832,2026-03-24T12:50:32,0.0015
7,190-214,1774328127,2026-03-24T12:55:27,0.0015
7,190-214,1774328727,2026-03-24T13:05:27,0.0015
7,190-214,1774329027,2026-03-24T13:10:27,0.0015
7,190-214,1774329328,2026-03-24T13:15:28,0.0015
7,190-214,1774329641,2026-03-24T13:20:41,0.0015
7,190-214,1774329928,2026-03-24T13:25:28,0.0015
7,190-214,1774330231,2026-03-24T13:30:31,0.0015
7,190-214,1774330539,2026-03-24T13:35:39,0.0015
7,190-214,1774330829,2026-03-24T13:40:29,0.0015
7,190-214,1774331130,2026-03-24T13:45:30,0.0015
7,190-214,1774331429,2026-03-24T13:50:29,0.0015
7,190-214,1774331731,2026-03-24T13:55:31,0.0015
7,190-214,1774332327,2026-03-24T14:05:27,0.0015
7,190-214,1774332627,2026-03-24T14:10:27,0.0015
7,190-214,1774332927,2026-03-24T14:15:27,0.0015
7,190-214,1774333232,2026-03-24T14:20:32,0.0015
7,190-214,1774333528,2026-03-24T14:25:28,0.0015
7,190-214,1774333831,2026-03-24T14:30:31,0.0015
7,190-214,1774334148,2026-03-24T14:35:48,0.0015
7,190-214,1774334427,2026-03-24T14:40:27,0.0015
7,190-214,1774334731,2026-03-24T14:45:31,0.0015
7,190-214,1774335029,2026-03-24T14:50:29,0.0015
7,190-214,1774335332,2026-03-24T14:55:32,0.0015
7,190-214,1774335928,2026-03-24T15:05:28,0.0015
7,190-214,1774336226,2026-03-24T15:10:26,0.0015
7,190-214,1774336543,2026-03-24T15:15:43,0.0015
7,190-214,1774336830,2026-03-24T15:20:30,0.0015
7,190-214,1774337127,2026-03-24T15:25:27,0.0015
7,190-214,1774337429,2026-03-24T15:30:29,0.0015
7,190-214,1774337727,2026-03-24T15:35:27,0.0015
7,190-214,1774338048,2026-03-24T15:40:48,0.0015
7,190-214,1774338330,2026-03-24T15:45:30,0.0015
7,190-214,1774338627,2026-03-24T15:50:27,0.0015
7,190-214,1774338929,2026-03-24T15:55:29,0.0015
7,190-214,1774339530,2026-03-24T16:05:30,0.0015
7,190-214,1774339828,2026-03-24T16:10:28,0.0015
7,190-214,1774340130,2026-03-24T16:15:30,0.0015
7,190-214,1774340428,2026-03-24T16:20:28,0.0015
7,190-214,1774340739,2026-03-24T16:25:39,0.0015
7,190-214,1774341032,2026-03-24T16:30:32,0.0015
7,190-214,1774341327,2026-03-24T16:35:27,0.0015
7,190-214,1774341638,2026-03-24T16:40:38,0.0015
7,190-214,1774341930,2026-03-24T16:45:30,0.0015
7,190-214,1774342229,2026-03-24T16:50:29,0.0015
7,190-214,1774342528,2026-03-24T16:55:28,0.0015
7,190-214,1774343127,2026-03-24T17:05:27,0.0015
7,190-214,1774343429,2026-03-24T17:10:29,0.0015
7,190-214,1774343727,2026-03-24T17:15:27,0.0015
7,190-214,1774344031,2026-03-24T17:20:31,0.0015
7,190-214,1774344329,2026-03-24T17:25:29,0.0015
7,190-214,1774344630,2026-03-24T17:30:30,0.0015
7,190-214,1774344925,2026-03-24T17:35:25,0.0015
7,190-214,1774345241,2026-03-24T17:40:41,0.0015
7,190-214,1774345530,2026-03-24T17:45:30,0.0015
7,190-214,1774345831,2026-03-24T17:50:31,0.0015
7,190-214,1774346139,2026-03-24T17:55:39,0.0015
7,190-214,1774346727,2026-03-24T18:05:27,0.0015
7,190-214,1774347038,2026-03-24T18:10:38,0.0015
7,190-214,1774347330,2026-03-24T18:15:30,0.0015
7,190-214,1774347645,2026-03-24T18:20:45,0.0015
7,190-214,1774347931,2026-03-24T18:25:31,0.0015
7,190-214,1774348229,2026-03-24T18:30:29,0.0015
7,190-214,1774348532,2026-03-24T18:35:32,0.0015
7,190-214,1774348846,2026-03-24T18:40:46,0.0015
7,190-214,1774349130,2026-03-24T18:45:30,0.0015
7,190-214,1774349430,2026-03-24T18:50:30,0.0015
7,190-214,1774349728,2026-03-24T18:55:28,0.0015
7,190-214,1774350326,2026-03-24T19:05:26,0.0015
7,190-214,1774350629,2026-03-24T19:10:29,0.0015
7,190-214,1774350931,2026-03-24T19:15:31,0.0015
7,190-214,1774351227,2026-03-24T19:20:27,0.0015
7,190-214,1774351537,2026-03-24T19:25:37,0.0015
7,190-214,1774351831,2026-03-24T19:30:31,0.0015
7,190-214,1774352132,2026-03-24T19:35:32,0.0015
7,190-214,1774352427,2026-03-24T19:40:27,0.0015
7,190-214,1774352731,2026-03-24T19:45:31,0.0015
7,190-214,1774353027,2026-03-24T19:50:27,0.0015
7,190-214,1774353328,2026-03-24T19:55:28,0.0015
7,190-214,1774353925,2026-03-24T20:05:25,0.0015
7,190-214,1774354250,2026-03-24T20:10:50,0.0015
7,190-214,1774354524,2026-03-24T20:15:24,0.0015
7,190-214,1774354825,2026-03-24T20:20:25,0.0015
7,190-214,1774355124,2026-03-24T20:25:24,0.0015
7,190-214,1774355426,2026-03-24T20:30:26,0.0015
7,190-214,1774355724,2026-03-24T20:35:24,0.0015
7,190-214,1774356025,2026-03-24T20:40:25,0.0015
7,190-214,1774356327,2026-03-24T20:45:27,0.0015
7,190-214,1774356624,2026-03-24T20:50:24,0.0015
7,190-214,1774356929,2026-03-24T20:55:29,0.0015
7,190-214,1774357524,2026-03-24T21:05:24,0.0015
7,190-214,1774357825,2026-03-24T21:10:25,0.0015
7,190-214,1774358128,2026-03-24T21:15:28,0.0015
7,190-214,1774358423,2026-03-24T21:20:23,0.0015
7,190-214,1774358725,2026-03-24T21:25:25,0.0015
7,190-214,1774359026,2026-03-24T21:30:26,0.0015
7,190-214,1774359324,2026-03-24T21:35:24,0.0015
7,190-214,1774359628,2026-03-24T21:40:28,0.0015
7,190-214,1774359928,2026-03-24T21:45:28,0.0015
7,190-214,1774360240,2026-03-24T21:50:40,0.0015
7,190-214,1774360525,2026-03-24T21:55:25,0.0005
7,190-214,1774361125,2026-03-24T22:05:25,0.0005
7,190-214,1774361441,2026-03-24T22:10:41,0.0005
7,190-214,1774361726,2026-03-24T22:15:26,0.0005
7,190-214,1774362025,2026-03-24T22:20:25,0.0005
7,190-214,1774362339,2026-03-24T22:25:39,0.0005
7,190-214,1774362631,2026-03-24T22:30:31,0.0005
7,190-214,1774362944,2026-03-24T22:35:44,0.0005
7,190-214,1774363229,2026-03-24T22:40:29,0.0005
7,190-214,1774363524,2026-03-24T22:45:24,0.0005
7,190-214,1774363830,2026-03-24T22:50:30,0.0005
7,190-214,1774364126,2026-03-24T22:55:26,0.0005
7,190-214,1774364738,2026-03-24T23:05:38,0.0005
7,190-214,1774365026,2026-03-24T23:10:26,0.0005
7,190-214,1774365329,2026-03-24T23:15:29,0.0005
7,190-214,1774365628,2026-03-24T23:20:28,0.0005
7,190-214,1774365925,2026-03-24T23:25:25,0.0005
7,190-214,1774366232,2026-03-24T23:30:32,0.0005
7,190-214,1774366526,2026-03-24T23:35:26,0.0005
7,190-214,1774366825,2026-03-24T23:40:25,0.0005
7,190-214,1774367130,2026-03-24T23:45:30,0.0005
7,190-214,1774367423,2026-03-24T23:50:23,0.0005
7,190-214,1774367724,2026-03-24T23:55:24,0.0005
7,190-214,1774368325,2026-03-25T00:05:25,0.0005
7,190-214,1774368630,2026-03-25T00:10:30,0.0005
7,190-214,1774368928,2026-03-25T00:15:28,0.0005
7,190-214,1774369228,2026-03-25T00:20:28,0.0005
7,190-214,1774369525,2026-03-25T00:25:25,0.0005
7,190-214,1774369827,2026-03-25T00:30:27,0.0005
7,190-214,1774370136,2026-03-25T00:35:36,0.0005
7,190-214,1774370425,2026-03-25T00:40:25,0.0005
7,190-214,1774370731,2026-03-25T00:45:31,0.0005
7,190-214,1774371025,2026-03-25T00:50:25,0.0005
7,190-214,1774371325,2026-03-25T00:55:25,0.0005
7,190-214,1774371926,2026-03-25T01:05:26,0.0005
7,190-214,1774372230,2026-03-25T01:10:30,0.0005
7,190-214,1774372528,2026-03-25T01:15:28,0.0005
7,190-214,1774372828,2026-03-25T01:20:28,0.0005
7,190-214,1774373125,2026-03-25T01:25:25,0.0005
7,190-214,1774373432,2026-03-25T01:30:32,0.0005
7,190-214,1774373724,2026-03-25T01:35:24,0.0005
7,190-214,1774374026,2026-03-25T01:40:26,0.0005
7,190-214,1774374325,2026-03-25T01:45:25,0.0005
7,190-214,1774374627,2026-03-25T01:50:27,0.0005
7,190-214,1774374925,2026-03-25T01:55:25,0.0005
7,190-214,1774375527,2026-03-25T02:05:27,0.0005
7,190-214,1774375824,2026-03-25T02:10:24,0.0005
7,190-214,1774376126,2026-03-25T02:15:26,0.0005
7,190-214,1774376426,2026-03-25T02:20:26,0.0005
7,190-214,1774376728,2026-03-25T02:25:28,0.0005
7,190-214,1774377027,2026-03-25T02:30:27,0.0005
7,190-214,1774377327,2026-03-25T02:35:27,0.0005
7,190-214,1774377627,2026-03-25T02:40:27,0.0005
7,190-214,1774377928,2026-03-25T02:45:28,0.0005
7,190-214,1774378229,2026-03-25T02:50:29,0.0005
7,190-214,1774378527,2026-03-25T02:55:27,0.0005
7,190-214,1774379129,2026-03-25T03:05:29,0.0005
7,190-214,1774379425,2026-03-25T03:10:25,0.0005
7,190-214,1774379726,2026-03-25T03:15:26,0.0005
7,190-214,1774380029,2026-03-25T03:20:29,0.0005
7,190-214,1774380325,2026-03-25T03:25:25,0.0005
7,190-214,1774380629,2026-03-25T03:30:29,0.0005
7,190-214,1774380926,2026-03-25T03:35:26,0.0005
7,190-214,1774381226,2026-03-25T03:40:26,0.0005
7,190-214,1774381530,2026-03-25T03:45:30,0.0005
7,190-214,1774381825,2026-03-25T03:50:25,0.0005
7,190-214,1774382127,2026-03-25T03:55:27,0.0005
7,190-214,1774382728,2026-03-25T04:05:28,0.0005
7,190-214,1774383026,2026-03-25T04:10:26,0.0005
7,190-214,1774383329,2026-03-25T04:15:29,0.0005
7,190-214,1774383628,2026-03-25T04:20:28,0.0005
7,190-214,1774383928,2026-03-25T04:25:28,0.0005
7,190-214,1774384230,2026-03-25T04:30:30,0.0005
7,190-214,1774384526,2026-03-25T04:35:26,0.0005
7,190-214,1774384839,2026-03-25T04:40:39,0.0005
7,190-214,1774385127,2026-03-25T04:45:27,0.0005
7,190-214,1774385430,2026-03-25T04:50:30,0.0005
7,190-214,1774385724,2026-03-25T04:55:24,0.0005
7,190-214,1774386323,2026-03-25T05:05:23,0.0005
7,190-214,1774386626,2026-03-25T05:10:26,0.0005
7,190-214,1774386924,2026-03-25T05:15:24,0.0005
7,190-214,1774387226,2026-03-25T05:20:26,0.0005
7,190-214,1774387524,2026-03-25T05:25:24,0.0005
7,190-214,1774387827,2026-03-25T05:30:27,0.0005
7,190-214,1774388126,2026-03-25T05:35:26,0.0005
7,190-214,1774388431,2026-03-25T05:40:31,0.0005
7,190-214,1774388724,2026-03-25T05:45:24,0.0005
7,190-214,1774389045,2026-03-25T05:50:45,0.0005
7,190-214,1774389328,2026-03-25T05:55:28,0.0005
7,190-214,1774389924,2026-03-25T06:05:24,0.0005
7,190-214,1774390227,2026-03-25T06:10:27,0.0005
7,190-214,1774390525,2026-03-25T06:15:25,0.0005
7,190-214,1774390830,2026-03-25T06:20:30,0.0005
7,190-214,1774391123,2026-03-25T06:25:23,0.0005
7,190-214,1774391430,2026-03-25T06:30:30,0.0005
7,190-214,1774391725,2026-03-25T06:35:25,0.0005
7,190-214,1774392026,2026-03-25T06:40:26,0.0005
7,190-214,1774392325,2026-03-25T06:45:25,0.0005
7,190-214,1774392626,2026-03-25T06:50:26,0.0005
7,190-214,1774392926,2026-03-25T06:55:26,0.0005
7,190-214,1774393526,2026-03-25T07:05:26,0.0005
7,190-214,1774393826,2026-03-25T07:10:26,0.0005
7,190-214,1774394127,2026-03-25T07:15:27,0.0005
7,190-214,1774394426,2026-03-25T07:20:26,0.0005
7,190-214,1774394726,2026-03-25T07:25:26,0.0005
7,190-214,1774395031,2026-03-25T07:30:31,0.0005
7,190-214,1774395326,2026-03-25T07:35:26,0.0005
7,190-214,1774395630,2026-03-25T07:40:30,0.0005
7,190-214,1774395927,2026-03-25T07:45:27,0.0005
7,190-214,1774396227,2026-03-25T07:50:27,0.0005
7,190-214,1774396538,2026-03-25T07:55:38,0.0005
7,190-214,1774397127,2026-03-25T08:05:27,0.0005
7,190-214,1774397429,2026-03-25T08:10:29,0.0005
7,190-214,1774397726,2026-03-25T08:15:26,0.0005
7,190-214,1774398028,2026-03-25T08:20:28,0.0005
7,190-214,1774398324,2026-03-25T08:25:24,0.0005
7,190-214,1774398628,2026-03-25T08:30:28,0.0005
7,190-214,1774398932,2026-03-25T08:35:32,0.0005
7,190-214,1774399227,2026-03-25T08:40:27,0.0005
7,190-214,1774399527,2026-03-25T08:45:27,0.0005
7,190-214,1774399828,2026-03-25T08:50:28,0.0005
7,190-214,1774400128,2026-03-25T08:55:28,0.0005
7,190-214,1774400728,2026-03-25T09:05:28,0.0005
7,190-214,1774401026,2026-03-25T09:10:26,0.0005
7,190-214,1774401327,2026-03-25T09:15:27,0.0005
7,190-214,1774401629,2026-03-25T09:20:29,0.0005
7,190-214,1774401937,2026-03-25T09:25:37,0.0005
7,190-214,1774402226,2026-03-25T09:30:26,0.0005
7,190-214,1774402530,2026-03-25T09:35:30,0.0005
7,190-214,1774402826,2026-03-25T09:40:26,0.0005
7,190-214,1774403127,2026-03-25T09:45:27,0.0005
7,190-214,1774403424,2026-03-25T09:50:24,0.0005
7,190-214,1774403729,2026-03-25T09:55:29,0.0005
7,190-214,1774404332,2026-03-25T10:05:32,0.0005
7,190-214,1774404629,2026-03-25T10:10:29,0.0005
7,190-214,1774404925,2026-03-25T10:15:25,0.0005
7,190-214,1774405229,2026-03-25T10:20:29,0.0005
7,190-214,1774405528,2026-03-25T10:25:28,0.0005
7,190-214,1774405830,2026-03-25T10:30:30,0.0005
7,190-214,1774406129,2026-03-25T10:35:29,0.0005
7,190-214,1774406430,2026-03-25T10:40:30,0.0005
7,190-214,1774406726,2026-03-25T10:45:26,0.0005
7,190-214,1774407026,2026-03-25T10:50:26,0.0005
7,190-214,1774407325,2026-03-25T10:55:25,0.0005
7,190-214,1774407929,2026-03-25T11:05:29,0.0005
7,190-214,1774408229,2026-03-25T11:10:29,0.0005
7,190-214,1774408529,2026-03-25T11:15:29,0.0005
7,190-214,1774408825,2026-03-25T11:20:25,0.0005
7,190-214,1774409128,2026-03-25T11:25:28,0.0005
7,190-214,1774409429,2026-03-25T11:30:29,0.0005
7,190-214,1774409729,2026-03-25T11:35:29,0.0005
7,190-214,1774410028,2026-03-25T11:40:28,0.0005
7,190-214,1774410325,2026-03-25T11:45:25,0.0005
7,190-214,1774410625,2026-03-25T11:50:25,0.0005
7,190-214,1774410926,2026-03-25T11:55:26,0.0005
7,190-214,1774411527,2026-03-25T12:05:27,0.0005
7,190-214,1774411828,2026-03-25T12:10:28,0.0005
7,190-214,1774412128,2026-03-25T12:15:28,0.0005
7,190-214,1774412427,2026-03-25T12:20:27,0.0005
7,190-214,1774412726,2026-03-25T12:25:26,0.0005
7,190-214,1774413035,2026-03-25T12:30:35,0.0005
7,190-214,1774413327,2026-03-25T12:35:27,0.0005
7,190-214,1774413627,2026-03-25T12:40:27,0.0005
7,190-214,1774413927,2026-03-25T12:45:27,0.0005
7,190-214,1774414227,2026-03-25T12:50:27,0.0005
7,190-214,1774414527,2026-03-25T12:55:27,0.0005
7,190-214,1774415126,2026-03-25T13:05:26,0.0005
7,190-214,1774415429,2026-03-25T13:10:29,0.0005
7,190-214,1774415737,2026-03-25T13:15:37,0.0005
7,190-214,1774416027,2026-03-25T13:20:27,0.0005
7,190-214,1774416328,2026-03-25T13:25:28,0.0005
7,190-214,1774416630,2026-03-25T13:30:30,0.0005
7,190-214,1774416928,2026-03-25T13:35:28,0.0005
7,190-214,1774417227,2026-03-25T13:40:27,0.0005
7,190-214,1774417526,2026-03-25T13:45:26,0.0005
7,190-214,1774417828,2026-03-25T13:50:28,0.0005
7,190-214,1774418127,2026-03-25T13:55:27,0.0005
7,190-214,1774418727,2026-03-25T14:05:27,0.0005
7,190-214,1774419025,2026-03-25T14:10:25,0.0005
7,190-214,1774419325,2026-03-25T14:15:25,0.0005
7,190-214,1774419628,2026-03-25T14:20:28,0.0005
7,190-214,1774419933,2026-03-25T14:25:33,0.0005
7,190-214,1774420231,2026-03-25T14:30:31,0.0005
7,190-214,1774420534,2026-03-25T14:35:34,0.0005
7,190-214,1774420824,2026-03-25T14:40:24,0.0005
7,190-214,1774421129,2026-03-25T14:45:29,0.0005
7,190-214,1774421428,2026-03-25T14:50:28,0.0005
7,190-214,1774421726,2026-03-25T14:55:26,0.0005
7,190-214,1774422328,2026-03-25T15:05:28,0.0005
7,190-214,1774422629,2026-03-25T15:10:29,0.0005
7,190-214,1774422929,2026-03-25T15:15:29,0.0005
7,190-214,1774423226,2026-03-25T15:20:26,0.0005
7,190-214,1774423528,2026-03-25T15:25:28,0.0005
7,190-214,1774423828,2026-03-25T15:30:28,0.0005
7,190-214,1774424128,2026-03-25T15:35:28,0.0005
7,190-214,1774424427,2026-03-25T15:40:27,0.0005
7,190-214,1774424728,2026-03-25T15:45:28,0.0005
7,190-214,1774425027,2026-03-25T15:50:27,0.0005
7,190-214,1774425326,2026-03-25T15:55:26,0.0005
7,190-214,1774425935,2026-03-25T16:05:35,0.0005
7,190-214,1774426228,2026-03-25T16:10:28,0.0005
7,190-214,1774426528,2026-03-25T16:15:28,0.0005
7,190-214,1774426830,2026-03-25T16:20:30,0.0005
7,190-214,1774427124,2026-03-25T16:25:24,0.0005
7,190-214,1774427427,2026-03-25T16:30:27,0.0005
7,190-214,1774427729,2026-03-25T16:35:29,0.0005
7,190-214,1774428026,2026-03-25T16:40:26,0.0005
7,190-214,1774428328,2026-03-25T16:45:28,0.0005
7,190-214,1774428627,2026-03-25T16:50:27,0.0005
7,190-214,1774428924,2026-03-25T16:55:24,0.0005
7,190-214,1774429528,2026-03-25T17:05:28,0.0005
7,190-214,1774429828,2026-03-25T17:10:28,0.0005
7,190-214,1774430128,2026-03-25T17:15:28,0.0005
7,190-214,1774430426,2026-03-25T17:20:26,0.0005
7,190-214,1774430727,2026-03-25T17:25:27,0.0005
7,190-214,1774431030,2026-03-25T17:30:30,0.0005
7,190-214,1774431327,2026-03-25T17:35:27,0.0005
7,190-214,1774431632,2026-03-25T17:40:32,0.0005
7,190-214,1774431928,2026-03-25T17:45:28,0.0005
7,190-214,1774432224,2026-03-25T17:50:24,0.0005
7,190-214,1774432524,2026-03-25T17:55:24,0.0005
7,190-214,1774433127,2026-03-25T18:05:27,0.0005
7,190-214,1774433428,2026-03-25T18:10:28,0.0005
7,190-214,1774433726,2026-03-25T18:15:26,0.0005
7,190-214,1774434027,2026-03-25T18:20:27,0.0005
7,190-214,1774434330,2026-03-25T18:25:30,0.0005
7,190-214,1774434629,2026-03-25T18:30:29,0.0005
7,190-214,1774434930,2026-03-25T18:35:30,0.0005
7,190-214,1774435227,2026-03-25T18:40:27,0.0005
7,190-214,1774435527,2026-03-25T18:45:27,0.0005
7,190-214,1774435826,2026-03-25T18:50:26,0.0005
7,190-214,1774436126,2026-03-25T18:55:26,0.0005
7,190-214,1774436732,2026-03-25T19:05:32,0.0005
7,190-214,1774437029,2026-03-25T19:10:29,0.0005
7,190-214,1774437326,2026-03-25T19:15:26,0.0005
7,190-214,1774437633,2026-03-25T19:20:33,0.0005
7,190-214,1774437927,2026-03-25T19:25:27,0.0005
7,190-214,1774438228,2026-03-25T19:30:28,0.0005
7,190-214,1774438527,2026-03-25T19:35:27,0.0005
7,190-214,1774438826,2026-03-25T19:40:26,0.0005
7,190-214,1774439128,2026-03-25T19:45:28,0.0005
7,190-214,1774439429,2026-03-25T19:50:29,0.0005
7,190-214,1774439726,2026-03-25T19:55:26,0.0005
7,190-214,1774440324,2026-03-25T20:05:24,0.0005
7,190-214,1774440627,2026-03-25T20:10:27,0.0005
7,190-214,1774440928,2026-03-25T20:15:28,0.0005
7,190-214,1774441232,2026-03-25T20:20:32,0.0005
7,190-214,1774441527,2026-03-25T20:25:27,0.0005
7,190-214,1774441832,2026-03-25T20:30:32,0.0005
7,190-214,1774442125,2026-03-25T20:35:25,0.0005
7,190-214,1774442429,2026-03-25T20:40:29,0.0005
7,190-214,1774442726,2026-03-25T20:45:26,0.0005
7,190-214,1774443028,2026-03-25T20:50:28,0.0005
7,190-214,1774443328,2026-03-25T20:55:28,0.0005
7,190-214,1774443926,2026-03-25T21:05:26,0.0005
7,190-214,1774444228,2026-03-25T21:10:28,0.0005
7,190-214,1774444528,2026-03-25T21:15:28,0.0005
7,190-214,1774444826,2026-03-25T21:20:26,0.0005
7,190-214,1774445127,2026-03-25T21:25:27,0.0005
7,190-214,1774445433,2026-03-25T21:30:33,0.0005
7,190-214,1774445745,2026-03-25T21:35:45,0.0005
7,190-214,1774446026,2026-03-25T21:40:26,0.0005
7,190-214,1774446328,2026-03-25T21:45:28,0.0005
7,190-214,1774446630,2026-03-25T21:50:30,0.0005
7,190-214,1774446928,2026-03-25T21:55:28,0.0005
7,190-214,1774447530,2026-03-25T22:05:30,0.0005
7,190-214,1774447829,2026-03-25T22:10:29,0.0005
7,190-214,1774448132,2026-03-25T22:15:32,0.0005
7,190-214,1774448431,2026-03-25T22:20:31,0.0005
7,190-214,1774448725,2026-03-25T22:25:25,0.0005
7,190-214,1774449034,2026-03-25T22:30:34,0.0005
7,190-214,1774449340,2026-03-25T22:35:40,0.0005
7,190-214,1774449625,2026-03-25T22:40:25,0.0005
7,190-214,1774449928,2026-03-25T22:45:28,0.0005
7,190-214,1774450228,2026-03-25T22:50:28,0.0005
7,190-214,1774450528,2026-03-25T22:55:28,0.0005
7,190-214,1774451129,2026-03-25T23:05:29,0.0005
7,190-214,1774451429,2026-03-25T23:10:29,0.0005
7,190-214,1774451729,2026-03-25T23:15:29,0.0005
7,190-214,1774452030,2026-03-25T23:20:30,0.0005
7,190-214,1774452327,2026-03-25T23:25:27,0.0005
7,190-214,1774452631,2026-03-25T23:30:31,0.0005
7,190-214,1774452930,2026-03-25T23:35:30,0.0005
7,190-214,1774453226,2026-03-25T23:40:26,0.0005
7,190-214,1774453528,2026-03-25T23:45:28,0.0005
7,190-214,1774453828,2026-03-25T23:50:28,0.0005
7,190-214,1774454129,2026-03-25T23:55:29,0.0005
7,190-214,1774454729,2026-03-26T00:05:29,0.0005
7,190-214,1774455029,2026-03-26T00:10:29,0.0005
7,190-214,1774455343,2026-03-26T00:15:43,0.0005
7,190-214,1774455629,2026-03-26T00:20:29,0.0005
7,190-214,1774455929,2026-03-26T00:25:29,0.0005
7,190-214,1774456228,2026-03-26T00:30:28,0.0005
7,190-214,1774456529,2026-03-26T00:35:29,0.0005
7,190-214,1774456826,2026-03-26T00:40:26,0.0005
7,190-214,1774457127,2026-03-26T00:45:27,0.0005
7,190-214,1774457425,2026-03-26T00:50:25,0.0005
7,190-214,1774457729,2026-03-26T00:55:29,0.0005
7,190-214,1774458331,2026-03-26T01:05:31,0.0005
7,190-214,1774458626,2026-03-26T01:10:26,0.0005
7,190-214,1774458927,2026-03-26T01:15:27,0.0005
7,190-214,1774459239,2026-03-26T01:20:39,0.0005
7,190-214,1774459545,2026-03-26T01:25:45,0.0005
7,190-214,1774459829,2026-03-26T01:30:29,0.0005
7,190-214,1774460127,2026-03-26T01:35:27,0.0005
7,190-214,1774460425,2026-03-26T01:40:25,0.0005
7,190-214,1774460729,2026-03-26T01:45:29,0.0005
7,190-214,1774461025,2026-03-26T01:50:25,0.0005
7,190-214,1774461327,2026-03-26T01:55:27,0.0005
7,190-214,1774461928,2026-03-26T02:05:28,0.0005
7,190-214,1774462239,2026-03-26T02:10:39,0.0005
7,190-214,1774462529,2026-03-26T02:15:29,0.0005
7,190-214,1774462827,2026-03-26T02:20:27,0.0005
7,190-214,1774463126,2026-03-26T02:25:26,0.0005
7,190-214,1774463441,2026-03-26T02:30:41,0.0005
7,190-214,1774463725,2026-03-26T02:35:25,0.0005
8,215-239,1774110030,2026-03-22T00:20:30,0.03
8,215-239,1774110329,2026-03-22T00:25:29,0.006
8,215-239,1774110646,2026-03-22T00:30:46,0.0085
8,215-239,1774110929,2026-03-22T00:35:29,0.007
8,215-239,1774111231,2026-03-22T00:40:31,0.007
8,215-239,1774111528,2026-03-22T00:45:28,0.007
8,215-239,1774111827,2026-03-22T00:50:27,0.007
8,215-239,1774112131,2026-03-22T00:55:31,0.006
8,215-239,1774112730,2026-03-22T01:05:30,0.003
8,215-239,1774113031,2026-03-22T01:10:31,0.003
8,215-239,1774113330,2026-03-22T01:15:30,0.003
8,215-239,1774113630,2026-03-22T01:20:30,0.0035
8,215-239,1774113928,2026-03-22T01:25:28,0.0035
8,215-239,1774114243,2026-03-22T01:30:43,0.0035
8,215-239,1774114529,2026-03-22T01:35:29,0.0035
8,215-239,1774114836,2026-03-22T01:40:36,0.0035
8,215-239,1774115130,2026-03-22T01:45:30,0.0035
8,215-239,1774115438,2026-03-22T01:50:38,0.003
8,215-239,1774115727,2026-03-22T01:55:27,0.003
8,215-239,1774116329,2026-03-22T02:05:29,0.003
8,215-239,1774116630,2026-03-22T02:10:30,0.003
8,215-239,1774116927,2026-03-22T02:15:27,0.0065
8,215-239,1774117229,2026-03-22T02:20:29,0.007
8,215-239,1774117528,2026-03-22T02:25:28,0.0075
8,215-239,1774117833,2026-03-22T02:30:33,0.0075
8,215-239,1774118130,2026-03-22T02:35:30,0.0075
8,215-239,1774118426,2026-03-22T02:40:26,0.0075
8,215-239,1774118729,2026-03-22T02:45:29,0.008
8,215-239,1774119028,2026-03-22T02:50:28,0.0075
8,215-239,1774119340,2026-03-22T02:55:40,0.0075
8,215-239,1774119926,2026-03-22T03:05:26,0.0075
8,215-239,1774120226,2026-03-22T03:10:26,0.0075
8,215-239,1774120531,2026-03-22T03:15:31,0.0075
8,215-239,1774120828,2026-03-22T03:20:28,0.008
8,215-239,1774121128,2026-03-22T03:25:28,0.0075
8,215-239,1774121430,2026-03-22T03:30:30,0.0075
8,215-239,1774121739,2026-03-22T03:35:39,0.0075
8,215-239,1774122034,2026-03-22T03:40:34,0.0075
8,215-239,1774122326,2026-03-22T03:45:26,0.008
8,215-239,1774122628,2026-03-22T03:50:28,0.008
8,215-239,1774122928,2026-03-22T03:55:28,0.0045
8,215-239,1774123533,2026-03-22T04:05:33,0.0045
8,215-239,1774123829,2026-03-22T04:10:29,0.0045
8,215-239,1774124129,2026-03-22T04:15:29,0.0035
8,215-239,1774124427,2026-03-22T04:20:27,0.0035
8,215-239,1774124733,2026-03-22T04:25:33,0.0035
8,215-239,1774125042,2026-03-22T04:30:42,0.0035
8,215-239,1774125328,2026-03-22T04:35:28,0.0035
8,215-239,1774125626,2026-03-22T04:40:26,0.0035
8,215-239,1774125928,2026-03-22T04:45:28,0.0035
8,215-239,1774126227,2026-03-22T04:50:27,0.0035
8,215-239,1774126525,2026-03-22T04:55:25,0.0035
8,215-239,1774127128,2026-03-22T05:05:28,0.0035
8,215-239,1774127426,2026-03-22T05:10:26,0.0035
8,215-239,1774127728,2026-03-22T05:15:28,0.0035
8,215-239,1774128026,2026-03-22T05:20:26,0.0035
8,215-239,1774128327,2026-03-22T05:25:27,0.0035
8,215-239,1774128630,2026-03-22T05:30:30,0.0035
8,215-239,1774128930,2026-03-22T05:35:30,0.0035
8,215-239,1774129227,2026-03-22T05:40:27,0.0035
8,215-239,1774129528,2026-03-22T05:45:28,0.0035
8,215-239,1774129827,2026-03-22T05:50:27,0.0035
8,215-239,1774130130,2026-03-22T05:55:30,0.0035
8,215-239,1774130727,2026-03-22T06:05:27,0.0035
8,215-239,1774131027,2026-03-22T06:10:27,0.0035
8,215-239,1774131332,2026-03-22T06:15:32,0.0035
8,215-239,1774131629,2026-03-22T06:20:29,0.0035
8,215-239,1774131926,2026-03-22T06:25:26,0.0035
8,215-239,1774132230,2026-03-22T06:30:30,0.0065
8,215-239,1774132527,2026-03-22T06:35:27,0.007
8,215-239,1774132828,2026-03-22T06:40:28,0.0065
8,215-239,1774133127,2026-03-22T06:45:27,0.007
8,215-239,1774133428,2026-03-22T06:50:28,0.007
8,215-239,1774133727,2026-03-22T06:55:27,0.007
8,215-239,1774134327,2026-03-22T07:05:27,0.007
8,215-239,1774134629,2026-03-22T07:10:29,0.008
8,215-239,1774134938,2026-03-22T07:15:38,0.008
8,215-239,1774135229,2026-03-22T07:20:29,0.004
8,215-239,1774135528,2026-03-22T07:25:28,0.0035
8,215-239,1774135830,2026-03-22T07:30:30,0.0035
8,215-239,1774136128,2026-03-22T07:35:28,0.0035
8,215-239,1774136428,2026-03-22T07:40:28,0.0035
8,215-239,1774136729,2026-03-22T07:45:29,0.0035
8,215-239,1774137041,2026-03-22T07:50:41,0.0035
8,215-239,1774137326,2026-03-22T07:55:26,0.0035
8,215-239,1774137926,2026-03-22T08:05:26,0.005
8,215-239,1774138242,2026-03-22T08:10:42,0.0045
8,215-239,1774138527,2026-03-22T08:15:27,0.005
8,215-239,1774138841,2026-03-22T08:20:41,0.005
8,215-239,1774139128,2026-03-22T08:25:28,0.005
8,215-239,1774139429,2026-03-22T08:30:29,0.005
8,215-239,1774139729,2026-03-22T08:35:29,0.004
8,215-239,1774140028,2026-03-22T08:40:28,0.0045
8,215-239,1774140329,2026-03-22T08:45:29,0.0045
8,215-239,1774140629,2026-03-22T08:50:29,0.0045
8,215-239,1774140931,2026-03-22T08:55:31,0.0045
8,215-239,1774141528,2026-03-22T09:05:28,0.0035
8,215-239,1774141830,2026-03-22T09:10:30,0.0035
8,215-239,1774142128,2026-03-22T09:15:28,0.0035
8,215-239,1774142429,2026-03-22T09:20:29,0.0035
8,215-239,1774142728,2026-03-22T09:25:28,0.0035
8,215-239,1774143033,2026-03-22T09:30:33,0.0035
8,215-239,1774143322,2026-03-22T09:35:22,0.0035
8,215-239,1774143636,2026-03-22T09:40:36,0.0035
8,215-239,1774143922,2026-03-22T09:45:22,0.0025
8,215-239,1774144223,2026-03-22T09:50:23,0.0025
8,215-239,1774144522,2026-03-22T09:55:22,0.0025
8,215-239,1774145122,2026-03-22T10:05:22,0.0025
8,215-239,1774145423,2026-03-22T10:10:23,0.0025
8,215-239,1774145723,2026-03-22T10:15:23,0.0025
8,215-239,1774146021,2026-03-22T10:20:21,0.0025
8,215-239,1774146324,2026-03-22T10:25:24,0.0025
8,215-239,1774146626,2026-03-22T10:30:26,0.0025
8,215-239,1774146923,2026-03-22T10:35:23,0.0025
8,215-239,1774147222,2026-03-22T10:40:22,0.0025
8,215-239,1774147523,2026-03-22T10:45:23,0.0025
8,215-239,1774147821,2026-03-22T10:50:21,0.0025
8,215-239,1774148126,2026-03-22T10:55:26,0.0025
8,215-239,1774148723,2026-03-22T11:05:23,0.0025
8,215-239,1774149022,2026-03-22T11:10:22,0.0025
8,215-239,1774149321,2026-03-22T11:15:21,0.0025
8,215-239,1774149623,2026-03-22T11:20:23,0.0025
8,215-239,1774149924,2026-03-22T11:25:24,0.0025
8,215-239,1774150240,2026-03-22T11:30:40,0.0025
8,215-239,1774150522,2026-03-22T11:35:22,0.0025
8,215-239,1774150828,2026-03-22T11:40:28,0.0025
8,215-239,1774151123,2026-03-22T11:45:23,0.0025
8,215-239,1774151421,2026-03-22T11:50:21,0.0025
8,215-239,1774151722,2026-03-22T11:55:22,0.0025
8,215-239,1774152324,2026-03-22T12:05:24,0.0025
8,215-239,1774152624,2026-03-22T12:10:24,0.0025
8,215-239,1774152923,2026-03-22T12:15:23,0.0025
8,215-239,1774153225,2026-03-22T12:20:25,0.0025
8,215-239,1774153525,2026-03-22T12:25:25,0.0025
8,215-239,1774153827,2026-03-22T12:30:27,0.0025
8,215-239,1774154124,2026-03-22T12:35:24,0.0025
8,215-239,1774154422,2026-03-22T12:40:22,0.0025
8,215-239,1774154722,2026-03-22T12:45:22,0.0025
8,215-239,1774155032,2026-03-22T12:50:32,0.0025
8,215-239,1774155323,2026-03-22T12:55:23,0.0025
8,215-239,1774155922,2026-03-22T13:05:22,0.0025
8,215-239,1774156224,2026-03-22T13:10:24,0.0025
8,215-239,1774156523,2026-03-22T13:15:23,0.0025
8,215-239,1774156823,2026-03-22T13:20:23,0.0025
8,215-239,1774157124,2026-03-22T13:25:24,0.0025
8,215-239,1774157427,2026-03-22T13:30:27,0.0025
8,215-239,1774157722,2026-03-22T13:35:22,0.0025
8,215-239,1774158024,2026-03-22T13:40:24,0.0025
8,215-239,1774158337,2026-03-22T13:45:37,0.0025
8,215-239,1774158623,2026-03-22T13:50:23,0.0025
8,215-239,1774158927,2026-03-22T13:55:27,0.0025
8,215-239,1774159522,2026-03-22T14:05:22,0.0025
8,215-239,1774159822,2026-03-22T14:10:22,0.0025
8,215-239,1774160121,2026-03-22T14:15:21,0.0025
8,215-239,1774160424,2026-03-22T14:20:24,0.0025
8,215-239,1774160722,2026-03-22T14:25:22,0.0025
8,215-239,1774161025,2026-03-22T14:30:25,0.0025
8,215-239,1774161326,2026-03-22T14:35:26,0.0025
8,215-239,1774161625,2026-03-22T14:40:25,0.0025
8,215-239,1774161922,2026-03-22T14:45:22,0.0025
8,215-239,1774162222,2026-03-22T14:50:22,0.0025
8,215-239,1774162522,2026-03-22T14:55:22,0.0025
8,215-239,1774163123,2026-03-22T15:05:23,0.0025
8,215-239,1774163424,2026-03-22T15:10:24,0.0025
8,215-239,1774163722,2026-03-22T15:15:22,0.0025
8,215-239,1774164021,2026-03-22T15:20:21,0.0025
8,215-239,1774164321,2026-03-22T15:25:21,0.0025
8,215-239,1774164626,2026-03-22T15:30:26,0.0025
8,215-239,1774164922,2026-03-22T15:35:22,0.0025
8,215-239,1774165222,2026-03-22T15:40:22,0.0025
8,215-239,1774165533,2026-03-22T15:45:33,0.0025
8,215-239,1774165822,2026-03-22T15:50:22,0.0025
8,215-239,1774166122,2026-03-22T15:55:22,0.0025
8,215-239,1774166722,2026-03-22T16:05:22,0.004
8,215-239,1774167024,2026-03-22T16:10:24,0.004
8,215-239,1774167326,2026-03-22T16:15:26,0.004
8,215-239,1774167623,2026-03-22T16:20:23,0.004
8,215-239,1774167922,2026-03-22T16:25:22,0.004
8,215-239,1774168224,2026-03-22T16:30:24,0.004
8,215-239,1774168526,2026-03-22T16:35:26,0.004
8,215-239,1774168823,2026-03-22T16:40:23,0.004
8,215-239,1774169122,2026-03-22T16:45:22,0.004
8,215-239,1774169423,2026-03-22T16:50:23,0.004
8,215-239,1774169723,2026-03-22T16:55:23,0.004
8,215-239,1774170322,2026-03-22T17:05:22,0.004
8,215-239,1774170624,2026-03-22T17:10:24,0.004
8,215-239,1774170924,2026-03-22T17:15:24,0.004
8,215-239,1774171223,2026-03-22T17:20:23,0.004
8,215-239,1774171522,2026-03-22T17:25:22,0.004
8,215-239,1774171840,2026-03-22T17:30:40,0.004
8,215-239,1774172122,2026-03-22T17:35:22,0.004
8,215-239,1774172423,2026-03-22T17:40:23,0.004
8,215-239,1774172721,2026-03-22T17:45:21,0.004
8,215-239,1774173022,2026-03-22T17:50:22,0.004
8,215-239,1774173322,2026-03-22T17:55:22,0.004
8,215-239,1774173921,2026-03-22T18:05:21,0.004
8,215-239,1774174223,2026-03-22T18:10:23,0.004
8,215-239,1774174523,2026-03-22T18:15:23,0.004
8,215-239,1774174827,2026-03-22T18:20:27,0.004
8,215-239,1774175122,2026-03-22T18:25:22,0.004
8,215-239,1774175425,2026-03-22T18:30:25,0.004
8,215-239,1774175722,2026-03-22T18:35:22,0.004
8,215-239,1774176022,2026-03-22T18:40:22,0.004
8,215-239,1774176322,2026-03-22T18:45:22,0.004
8,215-239,1774176626,2026-03-22T18:50:26,0.004
8,215-239,1774176923,2026-03-22T18:55:23,0.004
8,215-239,1774177522,2026-03-22T19:05:22,0.004
8,215-239,1774177827,2026-03-22T19:10:27,0.0035
8,215-239,1774178123,2026-03-22T19:15:23,0.004
8,215-239,1774178425,2026-03-22T19:20:25,0.004
8,215-239,1774178722,2026-03-22T19:25:22,0.004
8,215-239,1774179027,2026-03-22T19:30:27,0.004
8,215-239,1774179323,2026-03-22T19:35:23,0.004
8,215-239,1774179626,2026-03-22T19:40:26,0.004
8,215-239,1774179939,2026-03-22T19:45:39,0.0035
8,215-239,1774180223,2026-03-22T19:50:23,0.0035
8,215-239,1774180522,2026-03-22T19:55:22,0.0035
8,215-239,1774181123,2026-03-22T20:05:23,0.0035
8,215-239,1774181438,2026-03-22T20:10:38,0.0035
8,215-239,1774181724,2026-03-22T20:15:24,0.0035
8,215-239,1774182022,2026-03-22T20:20:22,0.004
8,215-239,1774182323,2026-03-22T20:25:23,0.0035
8,215-239,1774182624,2026-03-22T20:30:24,0.0035
8,215-239,1774182922,2026-03-22T20:35:22,0.003
8,215-239,1774183221,2026-03-22T20:40:21,0.0035
8,215-239,1774183522,2026-03-22T20:45:22,0.0035
8,215-239,1774183821,2026-03-22T20:50:21,0.0035
8,215-239,1774184121,2026-03-22T20:55:21,0.0035
8,215-239,1774184722,2026-03-22T21:05:22,0.0035
8,215-239,1774185022,2026-03-22T21:10:22,0.0035
8,215-239,1774185323,2026-03-22T21:15:23,0.0035
8,215-239,1774185622,2026-03-22T21:20:22,0.0035
8,215-239,1774185922,2026-03-22T21:25:22,0.0035
8,215-239,1774186239,2026-03-22T21:30:39,0.0035
8,215-239,1774186523,2026-03-22T21:35:23,0.0035
8,215-239,1774186823,2026-03-22T21:40:23,0.004
8,215-239,1774187122,2026-03-22T21:45:22,0.004
8,215-239,1774187421,2026-03-22T21:50:21,0.004
8,215-239,1774187736,2026-03-22T21:55:36,0.004
8,215-239,1774188322,2026-03-22T22:05:22,0.004
8,215-239,1774188624,2026-03-22T22:10:24,0.004
8,215-239,1774188923,2026-03-22T22:15:23,0.004
8,215-239,1774189225,2026-03-22T22:20:25,0.004
8,215-239,1774189523,2026-03-22T22:25:23,0.004
8,215-239,1774189826,2026-03-22T22:30:26,0.004
8,215-239,1774190142,2026-03-22T22:35:42,0.004
8,215-239,1774190439,2026-03-22T22:40:39,0.004
8,215-239,1774190723,2026-03-22T22:45:23,0.004
8,215-239,1774191024,2026-03-22T22:50:24,0.004
8,215-239,1774191322,2026-03-22T22:55:22,0.0035
8,215-239,1774191923,2026-03-22T23:05:23,0.0035
8,215-239,1774192221,2026-03-22T23:10:21,0.0035
8,215-239,1774192523,2026-03-22T23:15:23,0.0035
8,215-239,1774192823,2026-03-22T23:20:23,0.0035
8,215-239,1774193122,2026-03-22T23:25:22,0.0035
8,215-239,1774193426,2026-03-22T23:30:26,0.0035
8,215-239,1774193721,2026-03-22T23:35:21,0.0035
8,215-239,1774194022,2026-03-22T23:40:22,0.0035
8,215-239,1774194336,2026-03-22T23:45:36,0.0035
8,215-239,1774194634,2026-03-22T23:50:34,0.0035
8,215-239,1774194923,2026-03-22T23:55:23,0.0035
8,215-239,1774195524,2026-03-23T00:05:24,0.0055
8,215-239,1774195825,2026-03-23T00:10:25,0.005
8,215-239,1774196124,2026-03-23T00:15:24,0.005
8,215-239,1774196422,2026-03-23T00:20:22,0.005
8,215-239,1774196723,2026-03-23T00:25:23,0.0055
8,215-239,1774197025,2026-03-23T00:30:25,0.0045
8,215-239,1774197323,2026-03-23T00:35:23,0.0045
8,215-239,1774197629,2026-03-23T00:40:29,0.0045
8,215-239,1774197923,2026-03-23T00:45:23,0.0045
8,215-239,1774198223,2026-03-23T00:50:23,0.0045
8,215-239,1774198522,2026-03-23T00:55:22,0.006
8,215-239,1774199123,2026-03-23T01:05:23,0.006
8,215-239,1774199423,2026-03-23T01:10:23,0.006
8,215-239,1774199724,2026-03-23T01:15:24,0.006
8,215-239,1774200023,2026-03-23T01:20:23,0.006
8,215-239,1774200324,2026-03-23T01:25:24,0.0045
8,215-239,1774200645,2026-03-23T01:30:45,0.0045
8,215-239,1774200923,2026-03-23T01:35:23,0.0045
8,215-239,1774201222,2026-03-23T01:40:22,0.0045
8,215-239,1774201522,2026-03-23T01:45:22,0.0045
8,215-239,1774201823,2026-03-23T01:50:23,0.0045
8,215-239,1774202124,2026-03-23T01:55:24,0.0045
8,215-239,1774202722,2026-03-23T02:05:22,0.0045
8,215-239,1774203024,2026-03-23T02:10:24,0.0045
8,215-239,1774203322,2026-03-23T02:15:22,0.0045
8,215-239,1774203624,2026-03-23T02:20:24,0.0075
8,215-239,1774203934,2026-03-23T02:25:34,0.0075
8,215-239,1774204227,2026-03-23T02:30:27,0.0075
8,215-239,1774204523,2026-03-23T02:35:23,0.008
8,215-239,1774204822,2026-03-23T02:40:22,0.008
8,215-239,1774205123,2026-03-23T02:45:23,0.0065
8,215-239,1774205425,2026-03-23T02:50:25,0.0065
8,215-239,1774205725,2026-03-23T02:55:25,0.007
8,215-239,1774206323,2026-03-23T03:05:23,0.007
8,215-239,1774206630,2026-03-23T03:10:30,0.0065
8,215-239,1774206925,2026-03-23T03:15:25,0.007
8,215-239,1774207225,2026-03-23T03:20:25,0.007
8,215-239,1774207525,2026-03-23T03:25:25,0.007
8,215-239,1774207829,2026-03-23T03:30:29,0.0065
8,215-239,1774208126,2026-03-23T03:35:26,0.0065
8,215-239,1774208427,2026-03-23T03:40:27,0.0065
8,215-239,1774208725,2026-03-23T03:45:25,0.0065
8,215-239,1774209026,2026-03-23T03:50:26,0.0065
8,215-239,1774209322,2026-03-23T03:55:22,0.007
8,215-239,1774209926,2026-03-23T04:05:26,0.007
8,215-239,1774210229,2026-03-23T04:10:29,0.0065
8,215-239,1774210524,2026-03-23T04:15:24,0.0065
8,215-239,1774210827,2026-03-23T04:20:27,0.0065
8,215-239,1774211124,2026-03-23T04:25:24,0.0075
8,215-239,1774211427,2026-03-23T04:30:27,0.0075
8,215-239,1774211723,2026-03-23T04:35:23,0.0075
8,215-239,1774212025,2026-03-23T04:40:25,0.0075
8,215-239,1774212328,2026-03-23T04:45:28,0.007
8,215-239,1774212626,2026-03-23T04:50:26,0.007
8,215-239,1774212924,2026-03-23T04:55:24,0.007
8,215-239,1774213524,2026-03-23T05:05:24,0.0075
8,215-239,1774213824,2026-03-23T05:10:24,0.0075
8,215-239,1774214126,2026-03-23T05:15:26,0.0075
8,215-239,1774214426,2026-03-23T05:20:26,0.007
8,215-239,1774214726,2026-03-23T05:25:26,0.007
8,215-239,1774215028,2026-03-23T05:30:28,0.007
8,215-239,1774215324,2026-03-23T05:35:24,0.0075
8,215-239,1774215622,2026-03-23T05:40:22,0.0075
8,215-239,1774215926,2026-03-23T05:45:26,0.0065
8,215-239,1774216225,2026-03-23T05:50:25,0.0045
8,215-239,1774216524,2026-03-23T05:55:24,0.005
8,215-239,1774217125,2026-03-23T06:05:25,0.0045
8,215-239,1774217426,2026-03-23T06:10:26,0.0045
8,215-239,1774217724,2026-03-23T06:15:24,0.0045
8,215-239,1774218027,2026-03-23T06:20:27,0.0045
8,215-239,1774218325,2026-03-23T06:25:25,0.0045
8,215-239,1774218628,2026-03-23T06:30:28,0.0045
8,215-239,1774218926,2026-03-23T06:35:26,0.0045
8,215-239,1774219238,2026-03-23T06:40:38,0.005
8,215-239,1774219525,2026-03-23T06:45:25,0.005
8,215-239,1774219824,2026-03-23T06:50:24,0.0045
8,215-239,1774220126,2026-03-23T06:55:26,0.0045
8,215-239,1774220724,2026-03-23T07:05:24,0.004
8,215-239,1774221025,2026-03-23T07:10:25,0.004
8,215-239,1774221327,2026-03-23T07:15:27,0.004
8,215-239,1774221626,2026-03-23T07:20:26,0.004
8,215-239,1774221924,2026-03-23T07:25:24,0.004
8,215-239,1774222228,2026-03-23T07:30:28,0.004
8,215-239,1774222538,2026-03-23T07:35:38,0.0055
8,215-239,1774222824,2026-03-23T07:40:24,0.006
8,215-239,1774223131,2026-03-23T07:45:31,0.006
8,215-239,1774223425,2026-03-23T07:50:25,0.006
8,215-239,1774223724,2026-03-23T07:55:24,0.006
8,215-239,1774224327,2026-03-23T08:05:27,0.006
8,215-239,1774224626,2026-03-23T08:10:26,0.006
8,215-239,1774224924,2026-03-23T08:15:24,0.006
8,215-239,1774225227,2026-03-23T08:20:27,0.006
8,215-239,1774225525,2026-03-23T08:25:25,0.006
8,215-239,1774225826,2026-03-23T08:30:26,0.006
8,215-239,1774226125,2026-03-23T08:35:25,0.006
8,215-239,1774226426,2026-03-23T08:40:26,0.006
8,215-239,1774226724,2026-03-23T08:45:24,0.006
8,215-239,1774227024,2026-03-23T08:50:24,0.0055
8,215-239,1774227324,2026-03-23T08:55:24,0.0045
8,215-239,1774227924,2026-03-23T09:05:24,0.0045
8,215-239,1774228225,2026-03-23T09:10:25,0.0045
8,215-239,1774228528,2026-03-23T09:15:28,0.0045
8,215-239,1774228822,2026-03-23T09:20:22,0.0045
8,215-239,1774229127,2026-03-23T09:25:27,0.0045
8,215-239,1774229427,2026-03-23T09:30:27,0.0045
8,215-239,1774229739,2026-03-23T09:35:39,0.0045
8,215-239,1774230023,2026-03-23T09:40:23,0.0045
8,215-239,1774230325,2026-03-23T09:45:25,0.0045
8,215-239,1774230626,2026-03-23T09:50:26,0.0045
8,215-239,1774230922,2026-03-23T09:55:22,0.0045
8,215-239,1774231526,2026-03-23T10:05:26,0.0045
8,215-239,1774231827,2026-03-23T10:10:27,0.0045
8,215-239,1774232125,2026-03-23T10:15:25,0.0045
8,215-239,1774232426,2026-03-23T10:20:26,0.0045
8,215-239,1774232726,2026-03-23T10:25:26,0.0045
8,215-239,1774233030,2026-03-23T10:30:30,0.0045
8,215-239,1774233325,2026-03-23T10:35:25,0.0045
8,215-239,1774233624,2026-03-23T10:40:24,0.0045
8,215-239,1774233929,2026-03-23T10:45:29,0.0045
8,215-239,1774234225,2026-03-23T10:50:25,0.0045
8,215-239,1774234528,2026-03-23T10:55:28,0.0045
8,215-239,1774235124,2026-03-23T11:05:24,0.0045
8,215-239,1774235426,2026-03-23T11:10:26,0.0045
8,215-239,1774235725,2026-03-23T11:15:25,0.0045
8,215-239,1774236029,2026-03-23T11:20:29,0.0045
8,215-239,1774236324,2026-03-23T11:25:24,0.005
8,215-239,1774236628,2026-03-23T11:30:28,0.005
8,215-239,1774236926,2026-03-23T11:35:26,0.005
8,215-239,1774237238,2026-03-23T11:40:38,0.005
8,215-239,1774237537,2026-03-23T11:45:37,0.005
8,215-239,1774237823,2026-03-23T11:50:23,0.005
8,215-239,1774238123,2026-03-23T11:55:23,0.005
8,215-239,1774238739,2026-03-23T12:05:39,0.005
8,215-239,1774239024,2026-03-23T12:10:24,0.005
8,215-239,1774239334,2026-03-23T12:15:34,0.005
8,215-239,1774239623,2026-03-23T12:20:23,0.005
8,215-239,1774239926,2026-03-23T12:25:26,0.005
8,215-239,1774240228,2026-03-23T12:30:28,0.005
8,215-239,1774240524,2026-03-23T12:35:24,0.004
8,215-239,1774240825,2026-03-23T12:40:25,0.004
8,215-239,1774241125,2026-03-23T12:45:25,0.004
8,215-239,1774241426,2026-03-23T12:50:26,0.004
8,215-239,1774241726,2026-03-23T12:55:26,0.004
8,215-239,1774242323,2026-03-23T13:05:23,0.004
8,215-239,1774242624,2026-03-23T13:10:24,0.004
8,215-239,1774242924,2026-03-23T13:15:24,0.004
8,215-239,1774243223,2026-03-23T13:20:23,0.004
8,215-239,1774243527,2026-03-23T13:25:27,0.004
8,215-239,1774243826,2026-03-23T13:30:26,0.0035
8,215-239,1774244125,2026-03-23T13:35:25,0.004
8,215-239,1774244436,2026-03-23T13:40:36,0.004
8,215-239,1774244723,2026-03-23T13:45:23,0.004
8,215-239,1774245032,2026-03-23T13:50:32,0.0035
8,215-239,1774245323,2026-03-23T13:55:23,0.0035
8,215-239,1774245922,2026-03-23T14:05:22,0.0035
8,215-239,1774246224,2026-03-23T14:10:24,0.0035
8,215-239,1774246526,2026-03-23T14:15:26,0.0045
8,215-239,1774246824,2026-03-23T14:20:24,0.0045
8,215-239,1774247123,2026-03-23T14:25:23,0.0045
8,215-239,1774247429,2026-03-23T14:30:29,0.004
8,215-239,1774247728,2026-03-23T14:35:28,0.004
8,215-239,1774248027,2026-03-23T14:40:27,0.004
8,215-239,1774248339,2026-03-23T14:45:39,0.0045
8,215-239,1774248627,2026-03-23T14:50:27,0.0035
8,215-239,1774248927,2026-03-23T14:55:27,0.0025
8,215-239,1774249526,2026-03-23T15:05:26,0.0025
8,215-239,1774249826,2026-03-23T15:10:26,0.0025
8,215-239,1774250124,2026-03-23T15:15:24,0.0035
8,215-239,1774250428,2026-03-23T15:20:28,0.004
8,215-239,1774250725,2026-03-23T15:25:25,0.004
8,215-239,1774251029,2026-03-23T15:30:29,0.004
8,215-239,1774251325,2026-03-23T15:35:25,0.004
8,215-239,1774251626,2026-03-23T15:40:26,0.004
8,215-239,1774251924,2026-03-23T15:45:24,0.004
8,215-239,1774252225,2026-03-23T15:50:25,0.004
8,215-239,1774252524,2026-03-23T15:55:24,0.0055
8,215-239,1774253125,2026-03-23T16:05:25,0.006
8,215-239,1774253425,2026-03-23T16:10:25,0.0055
8,215-239,1774253727,2026-03-23T16:15:27,0.0055
8,215-239,1774254027,2026-03-23T16:20:27,0.005
8,215-239,1774254323,2026-03-23T16:25:23,0.005
8,215-239,1774254627,2026-03-23T16:30:27,0.0045
8,215-239,1774254923,2026-03-23T16:35:23,0.004
8,215-239,1774255226,2026-03-23T16:40:26,0.004
8,215-239,1774255524,2026-03-23T16:45:24,0.004
8,215-239,1774255824,2026-03-23T16:50:24,0.0035
8,215-239,1774256126,2026-03-23T16:55:26,0.0035
8,215-239,1774256742,2026-03-23T17:05:42,0.003
8,215-239,1774257037,2026-03-23T17:10:37,0.003
8,215-239,1774257322,2026-03-23T17:15:22,0.0035
8,215-239,1774257626,2026-03-23T17:20:26,0.0035
8,215-239,1774257935,2026-03-23T17:25:35,0.0035
8,215-239,1774258226,2026-03-23T17:30:26,0.0035
8,215-239,1774258522,2026-03-23T17:35:22,0.0035
8,215-239,1774258821,2026-03-23T17:40:21,0.0035
8,215-239,1774259124,2026-03-23T17:45:24,0.0035
8,215-239,1774259436,2026-03-23T17:50:36,0.003
8,215-239,1774259721,2026-03-23T17:55:21,0.003
8,215-239,1774260324,2026-03-23T18:05:24,0.003
8,215-239,1774260622,2026-03-23T18:10:22,0.003
8,215-239,1774260921,2026-03-23T18:15:21,0.003
8,215-239,1774261222,2026-03-23T18:20:22,0.003
8,215-239,1774261524,2026-03-23T18:25:24,0.003
8,215-239,1774261824,2026-03-23T18:30:24,0.003
8,215-239,1774262122,2026-03-23T18:35:22,0.003
8,215-239,1774262424,2026-03-23T18:40:24,0.003
8,215-239,1774262726,2026-03-23T18:45:26,0.003
8,215-239,1774263026,2026-03-23T18:50:26,0.003
8,215-239,1774263325,2026-03-23T18:55:25,0.003
8,215-239,1774263935,2026-03-23T19:05:35,0.003
8,215-239,1774264224,2026-03-23T19:10:24,0.003
8,215-239,1774264540,2026-03-23T19:15:40,0.003
8,215-239,1774264823,2026-03-23T19:20:23,0.003
8,215-239,1774265124,2026-03-23T19:25:24,0.003
8,215-239,1774265440,2026-03-23T19:30:40,0.003
8,215-239,1774265723,2026-03-23T19:35:23,0.003
8,215-239,1774266026,2026-03-23T19:40:26,0.003
8,215-239,1774266322,2026-03-23T19:45:22,0.003
8,215-239,1774266621,2026-03-23T19:50:21,0.003
8,215-239,1774266921,2026-03-23T19:55:21,0.003
8,215-239,1774267534,2026-03-23T20:05:34,0.003
8,215-239,1774267823,2026-03-23T20:10:23,0.003
8,215-239,1774268124,2026-03-23T20:15:24,0.0035
8,215-239,1774268428,2026-03-23T20:20:28,0.003
8,215-239,1774268725,2026-03-23T20:25:25,0.003
8,215-239,1774269028,2026-03-23T20:30:28,0.0035
8,215-239,1774269327,2026-03-23T20:35:27,0.0035
8,215-239,1774269626,2026-03-23T20:40:26,0.0035
8,215-239,1774269925,2026-03-23T20:45:25,0.0045
8,215-239,1774270243,2026-03-23T20:50:43,0.0045
8,215-239,1774270525,2026-03-23T20:55:25,0.0045
8,215-239,1774271129,2026-03-23T21:05:29,0.0045
8,215-239,1774271439,2026-03-23T21:10:39,0.0045
8,215-239,1774271726,2026-03-23T21:15:26,0.0045
8,215-239,1774272031,2026-03-23T21:20:31,0.0045
8,215-239,1774272325,2026-03-23T21:25:25,0.004
8,215-239,1774272628,2026-03-23T21:30:28,0.003
8,215-239,1774272924,2026-03-23T21:35:24,0.0025
8,215-239,1774273226,2026-03-23T21:40:26,0.0025
8,215-239,1774273525,2026-03-23T21:45:25,0.0025
8,215-239,1774273843,2026-03-23T21:50:43,0.0025
8,215-239,1774274128,2026-03-23T21:55:28,0.0025
8,215-239,1774274731,2026-03-23T22:05:31,0.0025
8,215-239,1774275031,2026-03-23T22:10:31,0.0025
8,215-239,1774275329,2026-03-23T22:15:29,0.0025
8,215-239,1774275621,2026-03-23T22:20:21,0.0025
8,215-239,1774275935,2026-03-23T22:25:35,0.0025
8,215-239,1774276223,2026-03-23T22:30:23,0.0025
8,215-239,1774276522,2026-03-23T22:35:22,0.0025
8,215-239,1774276821,2026-03-23T22:40:21,0.003
8,215-239,1774277121,2026-03-23T22:45:21,0.0025
8,215-239,1774277421,2026-03-23T22:50:21,0.0025
8,215-239,1774277725,2026-03-23T22:55:25,0.0025
8,215-239,1774278322,2026-03-23T23:05:22,0.0025
8,215-239,1774278620,2026-03-23T23:10:20,0.0035
8,215-239,1774278921,2026-03-23T23:15:21,0.0045
8,215-239,1774279222,2026-03-23T23:20:22,0.004
8,215-239,1774279520,2026-03-23T23:25:20,0.004
8,215-239,1774279827,2026-03-23T23:30:27,0.0035
8,215-239,1774280121,2026-03-23T23:35:21,0.003
8,215-239,1774280421,2026-03-23T23:40:21,0.003
8,215-239,1774280721,2026-03-23T23:45:21,0.0035
8,215-239,1774281021,2026-03-23T23:50:21,0.0035
8,215-239,1774281322,2026-03-23T23:55:22,0.003
8,215-239,1774281922,2026-03-24T00:05:22,0.003
8,215-239,1774282223,2026-03-24T00:10:23,0.0025
8,215-239,1774282522,2026-03-24T00:15:22,0.0025
8,215-239,1774282822,2026-03-24T00:20:22,0.0025
8,215-239,1774283123,2026-03-24T00:25:23,0.0025
8,215-239,1774283435,2026-03-24T00:30:35,0.0025
8,215-239,1774283722,2026-03-24T00:35:22,0.0025
8,215-239,1774284022,2026-03-24T00:40:22,0.0025
8,215-239,1774284322,2026-03-24T00:45:22,0.0025
8,215-239,1774284626,2026-03-24T00:50:26,0.0025
8,215-239,1774284922,2026-03-24T00:55:22,0.0025
8,215-239,1774285523,2026-03-24T01:05:23,0.0055
8,215-239,1774285822,2026-03-24T01:10:22,0.004
8,215-239,1774286123,2026-03-24T01:15:23,0.004
8,215-239,1774286423,2026-03-24T01:20:23,0.004
8,215-239,1774286737,2026-03-24T01:25:37,0.004
8,215-239,1774287024,2026-03-24T01:30:24,0.004
8,215-239,1774287321,2026-03-24T01:35:21,0.004
8,215-239,1774287642,2026-03-24T01:40:42,0.004
8,215-239,1774287922,2026-03-24T01:45:22,0.004
8,215-239,1774288222,2026-03-24T01:50:22,0.0025
8,215-239,1774288522,2026-03-24T01:55:22,0.0025
8,215-239,1774289122,2026-03-24T02:05:22,0.0025
8,215-239,1774289423,2026-03-24T02:10:23,0.0025
8,215-239,1774289724,2026-03-24T02:15:24,0.0025
8,215-239,1774290035,2026-03-24T02:20:35,0.0025
8,215-239,1774290323,2026-03-24T02:25:23,0.0025
8,215-239,1774290625,2026-03-24T02:30:25,0.0025
8,215-239,1774290924,2026-03-24T02:35:24,0.0025
8,215-239,1774291232,2026-03-24T02:40:32,0.0025
8,215-239,1774291524,2026-03-24T02:45:24,0.0015
8,215-239,1774291823,2026-03-24T02:50:23,0.0015
8,215-239,1774292123,2026-03-24T02:55:23,0.0015
8,215-239,1774292726,2026-03-24T03:05:26,0.0015
8,215-239,1774293023,2026-03-24T03:10:23,0.0015
8,215-239,1774293326,2026-03-24T03:15:26,0.0015
8,215-239,1774293627,2026-03-24T03:20:27,0.0015
8,215-239,1774293925,2026-03-24T03:25:25,0.0015
8,215-239,1774294225,2026-03-24T03:30:25,0.0015
8,215-239,1774294527,2026-03-24T03:35:27,0.0015
8,215-239,1774294823,2026-03-24T03:40:23,0.0015
8,215-239,1774295125,2026-03-24T03:45:25,0.0015
8,215-239,1774295428,2026-03-24T03:50:28,0.0015
8,215-239,1774295725,2026-03-24T03:55:25,0.0015
8,215-239,1774296326,2026-03-24T04:05:26,0.0015
8,215-239,1774296627,2026-03-24T04:10:27,0.0015
8,215-239,1774296922,2026-03-24T04:15:22,0.0015
8,215-239,1774297226,2026-03-24T04:20:26,0.0015
8,215-239,1774297527,2026-03-24T04:25:27,0.0015
8,215-239,1774297826,2026-03-24T04:30:26,0.0015
8,215-239,1774298124,2026-03-24T04:35:24,0.0015
8,215-239,1774298424,2026-03-24T04:40:24,0.0015
8,215-239,1774298723,2026-03-24T04:45:23,0.0015
8,215-239,1774299026,2026-03-24T04:50:26,0.0015
8,215-239,1774299324,2026-03-24T04:55:24,0.0015
8,215-239,1774299923,2026-03-24T05:05:23,0.0015
8,215-239,1774300226,2026-03-24T05:10:26,0.0015
8,215-239,1774300537,2026-03-24T05:15:37,0.0015
8,215-239,1774300823,2026-03-24T05:20:23,0.0015
8,215-239,1774301122,2026-03-24T05:25:22,0.0015
8,215-239,1774301428,2026-03-24T05:30:28,0.0015
8,215-239,1774301725,2026-03-24T05:35:25,0.0015
8,215-239,1774302024,2026-03-24T05:40:24,0.0015
8,215-239,1774302325,2026-03-24T05:45:25,0.0015
8,215-239,1774302622,2026-03-24T05:50:22,0.0015
8,215-239,1774302922,2026-03-24T05:55:22,0.0015
8,215-239,1774303530,2026-03-24T06:05:30,0.0015
8,215-239,1774303824,2026-03-24T06:10:24,0.0015
8,215-239,1774304127,2026-03-24T06:15:27,0.0015
8,215-239,1774304423,2026-03-24T06:20:23,0.0015
8,215-239,1774304724,2026-03-24T06:25:24,0.0015
8,215-239,1774305026,2026-03-24T06:30:26,0.0015
8,215-239,1774305324,2026-03-24T06:35:24,0.0015
8,215-239,1774305624,2026-03-24T06:40:24,0.0015
8,215-239,1774305925,2026-03-24T06:45:25,0.0015
8,215-239,1774306237,2026-03-24T06:50:37,0.0015
8,215-239,1774306526,2026-03-24T06:55:26,0.0015
8,215-239,1774307126,2026-03-24T07:05:26,0.0015
8,215-239,1774307426,2026-03-24T07:10:26,0.0015
8,215-239,1774307723,2026-03-24T07:15:23,0.0015
8,215-239,1774308027,2026-03-24T07:20:27,0.0015
8,215-239,1774308327,2026-03-24T07:25:27,0.0015
8,215-239,1774308629,2026-03-24T07:30:29,0.0015
8,215-239,1774308926,2026-03-24T07:35:26,0.0015
8,215-239,1774309224,2026-03-24T07:40:24,0.0015
8,215-239,1774309527,2026-03-24T07:45:27,0.0015
8,215-239,1774309827,2026-03-24T07:50:27,0.0015
8,215-239,1774310141,2026-03-24T07:55:41,0.0015
8,215-239,1774310725,2026-03-24T08:05:25,0.0015
8,215-239,1774311023,2026-03-24T08:10:23,0.0015
8,215-239,1774311324,2026-03-24T08:15:24,0.0015
8,215-239,1774311625,2026-03-24T08:20:25,0.0015
8,215-239,1774311926,2026-03-24T08:25:26,0.0015
8,215-239,1774312223,2026-03-24T08:30:23,0.0015
8,215-239,1774312523,2026-03-24T08:35:23,0.0015
8,215-239,1774312825,2026-03-24T08:40:25,0.0015
8,215-239,1774313122,2026-03-24T08:45:22,0.0015
8,215-239,1774313422,2026-03-24T08:50:22,0.0015
8,215-239,1774313722,2026-03-24T08:55:22,0.0015
8,215-239,1774314322,2026-03-24T09:05:22,0.0015
8,215-239,1774314625,2026-03-24T09:10:25,0.0015
8,215-239,1774314923,2026-03-24T09:15:23,0.0025
8,215-239,1774315222,2026-03-24T09:20:22,0.0025
8,215-239,1774315539,2026-03-24T09:25:39,0.002
8,215-239,1774315824,2026-03-24T09:30:24,0.002
8,215-239,1774316123,2026-03-24T09:35:23,0.0025
8,215-239,1774316422,2026-03-24T09:40:22,0.0015
8,215-239,1774316724,2026-03-24T09:45:24,0.0015
8,215-239,1774317024,2026-03-24T09:50:24,0.0015
8,215-239,1774317323,2026-03-24T09:55:23,0.0015
8,215-239,1774317922,2026-03-24T10:05:22,0.0015
8,215-239,1774318224,2026-03-24T10:10:24,0.0015
8,215-239,1774318523,2026-03-24T10:15:23,0.0015
8,215-239,1774318823,2026-03-24T10:20:23,0.0015
8,215-239,1774319126,2026-03-24T10:25:26,0.0015
8,215-239,1774319423,2026-03-24T10:30:23,0.0015
8,215-239,1774319723,2026-03-24T10:35:23,0.0015
8,215-239,1774320024,2026-03-24T10:40:24,0.0015
8,215-239,1774320324,2026-03-24T10:45:24,0.0015
8,215-239,1774320623,2026-03-24T10:50:23,0.0015
8,215-239,1774320922,2026-03-24T10:55:22,0.0015
8,215-239,1774321526,2026-03-24T11:05:26,0.0015
8,215-239,1774321826,2026-03-24T11:10:26,0.0015
8,215-239,1774322127,2026-03-24T11:15:27,0.0015
8,215-239,1774322426,2026-03-24T11:20:26,0.0015
8,215-239,1774322723,2026-03-24T11:25:23,0.0015
8,215-239,1774323024,2026-03-24T11:30:24,0.0015
8,215-239,1774323326,2026-03-24T11:35:26,0.0015
8,215-239,1774323625,2026-03-24T11:40:25,0.0015
8,215-239,1774323923,2026-03-24T11:45:23,0.0015
8,215-239,1774324236,2026-03-24T11:50:36,0.0015
8,215-239,1774324523,2026-03-24T11:55:23,0.0015
8,215-239,1774325123,2026-03-24T12:05:23,0.0015
8,215-239,1774325422,2026-03-24T12:10:22,0.0015
8,215-239,1774325723,2026-03-24T12:15:23,0.0015
8,215-239,1774326026,2026-03-24T12:20:26,0.0015
8,215-239,1774326331,2026-03-24T12:25:31,0.0015
8,215-239,1774326624,2026-03-24T12:30:24,0.0015
8,215-239,1774326925,2026-03-24T12:35:25,0.0015
8,215-239,1774327223,2026-03-24T12:40:23,0.0015
8,215-239,1774327523,2026-03-24T12:45:23,0.0015
8,215-239,1774327825,2026-03-24T12:50:25,0.0015
8,215-239,1774328123,2026-03-24T12:55:23,0.0015
8,215-239,1774328723,2026-03-24T13:05:23,0.0015
8,215-239,1774329023,2026-03-24T13:10:23,0.0015
8,215-239,1774329324,2026-03-24T13:15:24,0.0015
8,215-239,1774329637,2026-03-24T13:20:37,0.0015
8,215-239,1774329924,2026-03-24T13:25:24,0.0015
8,215-239,1774330227,2026-03-24T13:30:27,0.0015
8,215-239,1774330532,2026-03-24T13:35:32,0.0015
8,215-239,1774330825,2026-03-24T13:40:25,0.0015
8,215-239,1774331126,2026-03-24T13:45:26,0.0015
8,215-239,1774331425,2026-03-24T13:50:25,0.0015
8,215-239,1774331727,2026-03-24T13:55:27,0.0015
8,215-239,1774332323,2026-03-24T14:05:23,0.0015
8,215-239,1774332623,2026-03-24T14:10:23,0.0015
8,215-239,1774332923,2026-03-24T14:15:23,0.0015
8,215-239,1774333228,2026-03-24T14:20:28,0.0015
8,215-239,1774333524,2026-03-24T14:25:24,0.0015
8,215-239,1774333825,2026-03-24T14:30:25,0.0015
8,215-239,1774334132,2026-03-24T14:35:32,0.0015
8,215-239,1774334423,2026-03-24T14:40:23,0.0015
8,215-239,1774334727,2026-03-24T14:45:27,0.0015
8,215-239,1774335025,2026-03-24T14:50:25,0.0015
8,215-239,1774335328,2026-03-24T14:55:28,0.0015
8,215-239,1774335924,2026-03-24T15:05:24,0.0015
8,215-239,1774336222,2026-03-24T15:10:22,0.0015
8,215-239,1774336538,2026-03-24T15:15:38,0.0015
8,215-239,1774336826,2026-03-24T15:20:26,0.0015
8,215-239,1774337123,2026-03-24T15:25:23,0.0015
8,215-239,1774337425,2026-03-24T15:30:25,0.0015
8,215-239,1774337723,2026-03-24T15:35:23,0.0015
8,215-239,1774338036,2026-03-24T15:40:36,0.0015
8,215-239,1774338326,2026-03-24T15:45:26,0.0015
8,215-239,1774338623,2026-03-24T15:50:23,0.0015
8,215-239,1774338925,2026-03-24T15:55:25,0.0015
8,215-239,1774339526,2026-03-24T16:05:26,0.0015
8,215-239,1774339824,2026-03-24T16:10:24,0.0015
8,215-239,1774340126,2026-03-24T16:15:26,0.0015
8,215-239,1774340425,2026-03-24T16:20:25,0.0015
8,215-239,1774340731,2026-03-24T16:25:31,0.0015
8,215-239,1774341027,2026-03-24T16:30:27,0.0015
8,215-239,1774341323,2026-03-24T16:35:23,0.0015
8,215-239,1774341634,2026-03-24T16:40:34,0.0015
8,215-239,1774341926,2026-03-24T16:45:26,0.0015
8,215-239,1774342225,2026-03-24T16:50:25,0.0015
8,215-239,1774342524,2026-03-24T16:55:24,0.0015
8,215-239,1774343123,2026-03-24T17:05:23,0.0015
8,215-239,1774343425,2026-03-24T17:10:25,0.0015
8,215-239,1774343723,2026-03-24T17:15:23,0.0015
8,215-239,1774344026,2026-03-24T17:20:26,0.0015
8,215-239,1774344324,2026-03-24T17:25:24,0.0015
8,215-239,1774344624,2026-03-24T17:30:24,0.0015
8,215-239,1774344922,2026-03-24T17:35:22,0.0015
8,215-239,1774345237,2026-03-24T17:40:37,0.0015
8,215-239,1774345526,2026-03-24T17:45:26,0.0015
8,215-239,1774345826,2026-03-24T17:50:26,0.0015
8,215-239,1774346136,2026-03-24T17:55:36,0.0015
8,215-239,1774346723,2026-03-24T18:05:23,0.0015
8,215-239,1774347034,2026-03-24T18:10:34,0.0015
8,215-239,1774347326,2026-03-24T18:15:26,0.0015
8,215-239,1774347641,2026-03-24T18:20:41,0.0015
8,215-239,1774347927,2026-03-24T18:25:27,0.0015
8,215-239,1774348224,2026-03-24T18:30:24,0.0015
8,215-239,1774348528,2026-03-24T18:35:28,0.0015
8,215-239,1774348842,2026-03-24T18:40:42,0.0015
8,215-239,1774349126,2026-03-24T18:45:26,0.0015
8,215-239,1774349426,2026-03-24T18:50:26,0.0015
8,215-239,1774349724,2026-03-24T18:55:24,0.0015
8,215-239,1774350323,2026-03-24T19:05:23,0.0015
8,215-239,1774350625,2026-03-24T19:10:25,0.0015
8,215-239,1774350927,2026-03-24T19:15:27,0.0015
8,215-239,1774351223,2026-03-24T19:20:23,0.0015
8,215-239,1774351528,2026-03-24T19:25:28,0.0015
8,215-239,1774351826,2026-03-24T19:30:26,0.0015
8,215-239,1774352128,2026-03-24T19:35:28,0.0015
8,215-239,1774352423,2026-03-24T19:40:23,0.0015
8,215-239,1774352728,2026-03-24T19:45:28,0.0015
8,215-239,1774353023,2026-03-24T19:50:23,0.0015
8,215-239,1774353324,2026-03-24T19:55:24,0.0015
8,215-239,1774353929,2026-03-24T20:05:29,0.0015
8,215-239,1774354208,2026-03-24T20:10:08,0.0015
8,215-239,1774354254,2026-03-24T20:10:54,0.0015
8,215-239,1774354527,2026-03-24T20:15:27,0.0015
8,215-239,1774354829,2026-03-24T20:20:29,0.0015
8,215-239,1774355128,2026-03-24T20:25:28,0.0005
8,215-239,1774355430,2026-03-24T20:30:30,0.0005
8,215-239,1774355727,2026-03-24T20:35:27,0.0005
8,215-239,1774356028,2026-03-24T20:40:28,0.0005
8,215-239,1774356331,2026-03-24T20:45:31,0.0005
8,215-239,1774356628,2026-03-24T20:50:28,0.0005
8,215-239,1774356936,2026-03-24T20:55:36,0.0005
8,215-239,1774357527,2026-03-24T21:05:27,0.0005
8,215-239,1774357828,2026-03-24T21:10:28,0.0005
8,215-239,1774358132,2026-03-24T21:15:32,0.0005
8,215-239,1774358427,2026-03-24T21:20:27,0.0005
8,215-239,1774358729,2026-03-24T21:25:29,0.0005
8,215-239,1774359031,2026-03-24T21:30:31,0.0005
8,215-239,1774359328,2026-03-24T21:35:28,0.0005
8,215-239,1774359631,2026-03-24T21:40:31,0.0005
8,215-239,1774359932,2026-03-24T21:45:32,0.0005
8,215-239,1774360244,2026-03-24T21:50:44,0.0005
8,215-239,1774360528,2026-03-24T21:55:28,0.0005
8,215-239,1774361128,2026-03-24T22:05:28,0.0005
8,215-239,1774361444,2026-03-24T22:10:44,0.0005
8,215-239,1774361731,2026-03-24T22:15:31,0.0005
8,215-239,1774362028,2026-03-24T22:20:28,0.0005
8,215-239,1774362342,2026-03-24T22:25:42,0.0005
8,215-239,1774362637,2026-03-24T22:30:37,0.0005
8,215-239,1774363232,2026-03-24T22:40:32,0.0005
8,215-239,1774363528,2026-03-24T22:45:28,0.0005
8,215-239,1774363834,2026-03-24T22:50:34,0.0005
8,215-239,1774364130,2026-03-24T22:55:30,0.0005
8,215-239,1774364741,2026-03-24T23:05:41,0.0005
8,215-239,1774365030,2026-03-24T23:10:30,0.0005
8,215-239,1774365333,2026-03-24T23:15:33,0.0005
8,215-239,1774365632,2026-03-24T23:20:32,0.0005
8,215-239,1774365929,2026-03-24T23:25:29,0.0005
8,215-239,1774366237,2026-03-24T23:30:37,0.0005
8,215-239,1774366531,2026-03-24T23:35:31,0.0005
8,215-239,1774366828,2026-03-24T23:40:28,0.0005
8,215-239,1774367134,2026-03-24T23:45:34,0.0005
8,215-239,1774367427,2026-03-24T23:50:27,0.0005
8,215-239,1774367727,2026-03-24T23:55:27,0.0005
8,215-239,1774368329,2026-03-25T00:05:29,0.0005
8,215-239,1774368634,2026-03-25T00:10:34,0.0005
8,215-239,1774368932,2026-03-25T00:15:32,0.0005
8,215-239,1774369232,2026-03-25T00:20:32,0.0005
8,215-239,1774369529,2026-03-25T00:25:29,0.0005
8,215-239,1774369832,2026-03-25T00:30:32,0.0005
8,215-239,1774370147,2026-03-25T00:35:47,0.0005
8,215-239,1774370428,2026-03-25T00:40:28,0.0005
8,215-239,1774370735,2026-03-25T00:45:35,0.0005
8,215-239,1774371029,2026-03-25T00:50:29,0.0005
8,215-239,1774371328,2026-03-25T00:55:28,0.0005
8,215-239,1774371930,2026-03-25T01:05:30,0.0005
8,215-239,1774372233,2026-03-25T01:10:33,0.0005
8,215-239,1774372531,2026-03-25T01:15:31,0.0005
8,215-239,1774372832,2026-03-25T01:20:32,0.0005
8,215-239,1774373129,2026-03-25T01:25:29,0.0005
8,215-239,1774373440,2026-03-25T01:30:40,0.0005
8,215-239,1774373728,2026-03-25T01:35:28,0.0005
8,215-239,1774374030,2026-03-25T01:40:30,0.0005
8,215-239,1774374329,2026-03-25T01:45:29,0.0005
8,215-239,1774374630,2026-03-25T01:50:30,0.0005
8,215-239,1774374929,2026-03-25T01:55:29,0.0005
8,215-239,1774375531,2026-03-25T02:05:31,0.0005
8,215-239,1774375828,2026-03-25T02:10:28,0.0005
8,215-239,1774376130,2026-03-25T02:15:30,0.0005
8,215-239,1774376430,2026-03-25T02:20:30,0.0005
8,215-239,1774376733,2026-03-25T02:25:33,0.0005
8,215-239,1774377032,2026-03-25T02:30:32,0.0005
8,215-239,1774377331,2026-03-25T02:35:31,0.0005
8,215-239,1774377631,2026-03-25T02:40:31,0.0005
8,215-239,1774377932,2026-03-25T02:45:32,0.0005
8,215-239,1774378234,2026-03-25T02:50:34,0.0005
8,215-239,1774378531,2026-03-25T02:55:31,0.0005
8,215-239,1774379133,2026-03-25T03:05:33,0.0005
8,215-239,1774379429,2026-03-25T03:10:29,0.0005
8,215-239,1774379730,2026-03-25T03:15:30,0.0005
8,215-239,1774380032,2026-03-25T03:20:32,0.0005
8,215-239,1774380328,2026-03-25T03:25:28,0.0005
8,215-239,1774380635,2026-03-25T03:30:35,0.0005
8,215-239,1774380929,2026-03-25T03:35:29,0.0005
8,215-239,1774381230,2026-03-25T03:40:30,0.0005
8,215-239,1774381535,2026-03-25T03:45:35,0.0005
8,215-239,1774381828,2026-03-25T03:50:28,0.0005
8,215-239,1774382130,2026-03-25T03:55:30,0.0005
8,215-239,1774382732,2026-03-25T04:05:32,0.0005
8,215-239,1774383031,2026-03-25T04:10:31,0.0005
8,215-239,1774383333,2026-03-25T04:15:33,0.0005
8,215-239,1774383632,2026-03-25T04:20:32,0.0005
8,215-239,1774383932,2026-03-25T04:25:32,0.0005
8,215-239,1774384235,2026-03-25T04:30:35,0.0005
8,215-239,1774384531,2026-03-25T04:35:31,0.0005
8,215-239,1774384843,2026-03-25T04:40:43,0.0005
8,215-239,1774385130,2026-03-25T04:45:30,0.0005
8,215-239,1774385433,2026-03-25T04:50:33,0.0005
8,215-239,1774385727,2026-03-25T04:55:27,0.0005
8,215-239,1774386327,2026-03-25T05:05:27,0.0005
8,215-239,1774386630,2026-03-25T05:10:30,0.0005
8,215-239,1774386928,2026-03-25T05:15:28,0.0005
8,215-239,1774387230,2026-03-25T05:20:30,0.0005
8,215-239,1774387528,2026-03-25T05:25:28,0.0005
8,215-239,1774387833,2026-03-25T05:30:33,0.0005
8,215-239,1774388130,2026-03-25T05:35:30,0.0005
8,215-239,1774388435,2026-03-25T05:40:35,0.0005
8,215-239,1774388727,2026-03-25T05:45:27,0.0005
8,215-239,1774389054,2026-03-25T05:50:54,0.0005
8,215-239,1774389331,2026-03-25T05:55:31,0.0005
8,215-239,1774389927,2026-03-25T06:05:27,0.0005
8,215-239,1774390231,2026-03-25T06:10:31,0.0005
8,215-239,1774390529,2026-03-25T06:15:29,0.0005
8,215-239,1774390838,2026-03-25T06:20:38,0.0005
8,215-239,1774391127,2026-03-25T06:25:27,0.0005
8,215-239,1774391435,2026-03-25T06:30:35,0.0005
8,215-239,1774391729,2026-03-25T06:35:29,0.0005
8,215-239,1774392030,2026-03-25T06:40:30,0.0005
8,215-239,1774392329,2026-03-25T06:45:29,0.0005
8,215-239,1774392631,2026-03-25T06:50:31,0.0005
8,215-239,1774392930,2026-03-25T06:55:30,0.0005
8,215-239,1774393530,2026-03-25T07:05:30,0.0005
8,215-239,1774393830,2026-03-25T07:10:30,0.0005
8,215-239,1774394132,2026-03-25T07:15:32,0.0005
8,215-239,1774394430,2026-03-25T07:20:30,0.0005
8,215-239,1774394730,2026-03-25T07:25:30,0.0005
8,215-239,1774395036,2026-03-25T07:30:36,0.0005
8,215-239,1774395330,2026-03-25T07:35:30,0.0005
8,215-239,1774395635,2026-03-25T07:40:35,0.0005
8,215-239,1774395932,2026-03-25T07:45:32,0.0005
8,215-239,1774396231,2026-03-25T07:50:31,0.0005
8,215-239,1774396541,2026-03-25T07:55:41,0.0005
8,215-239,1774397131,2026-03-25T08:05:31,0.0005
8,215-239,1774397434,2026-03-25T08:10:34,0.0005
8,215-239,1774397730,2026-03-25T08:15:30,0.0005
8,215-239,1774398032,2026-03-25T08:20:32,0.0005
8,215-239,1774398328,2026-03-25T08:25:28,0.0005
8,215-239,1774398633,2026-03-25T08:30:33,0.0005
8,215-239,1774398939,2026-03-25T08:35:39,0.0005
8,215-239,1774399231,2026-03-25T08:40:31,0.0005
8,215-239,1774399531,2026-03-25T08:45:31,0.0005
8,215-239,1774399833,2026-03-25T08:50:33,0.0005
8,215-239,1774400132,2026-03-25T08:55:32,0.0005
8,215-239,1774400731,2026-03-25T09:05:31,0.0005
8,215-239,1774401029,2026-03-25T09:10:29,0.0005
8,215-239,1774401331,2026-03-25T09:15:31,0.0005
8,215-239,1774401633,2026-03-25T09:20:33,0.0005
8,215-239,1774401941,2026-03-25T09:25:41,0.0005
8,215-239,1774402231,2026-03-25T09:30:31,0.0005
8,215-239,1774402533,2026-03-25T09:35:33,0.0005
8,215-239,1774402830,2026-03-25T09:40:30,0.0005
8,215-239,1774403131,2026-03-25T09:45:31,0.0005
8,215-239,1774403427,2026-03-25T09:50:27,0.0005
8,215-239,1774403732,2026-03-25T09:55:32,0.0005
8,215-239,1774404340,2026-03-25T10:05:40,0.0005
8,215-239,1774404633,2026-03-25T10:10:33,0.0005
8,215-239,1774404930,2026-03-25T10:15:30,0.0005
8,215-239,1774405233,2026-03-25T10:20:33,0.0005
8,215-239,1774405533,2026-03-25T10:25:33,0.0005
8,215-239,1774405835,2026-03-25T10:30:35,0.0005
8,215-239,1774406132,2026-03-25T10:35:32,0.0005
8,215-239,1774406438,2026-03-25T10:40:38,0.0005
8,215-239,1774406730,2026-03-25T10:45:30,0.0005
8,215-239,1774407029,2026-03-25T10:50:29,0.0005
8,215-239,1774407329,2026-03-25T10:55:29,0.0005
8,215-239,1774407933,2026-03-25T11:05:33,0.0005
8,215-239,1774408234,2026-03-25T11:10:34,0.0005
8,215-239,1774408532,2026-03-25T11:15:32,0.0005
8,215-239,1774408829,2026-03-25T11:20:29,0.0005
8,215-239,1774409131,2026-03-25T11:25:31,0.0005
8,215-239,1774409434,2026-03-25T11:30:34,0.0005
8,215-239,1774409734,2026-03-25T11:35:34,0.0005
8,215-239,1774410033,2026-03-25T11:40:33,0.0005
8,215-239,1774410329,2026-03-25T11:45:29,0.0005
8,215-239,1774410629,2026-03-25T11:50:29,0.0005
8,215-239,1774410930,2026-03-25T11:55:30,0.0005
8,215-239,1774411531,2026-03-25T12:05:31,0.0005
8,215-239,1774411832,2026-03-25T12:10:32,0.0005
8,215-239,1774412131,2026-03-25T12:15:31,0.0005
8,215-239,1774412431,2026-03-25T12:20:31,0.0005
8,215-239,1774412729,2026-03-25T12:25:29,0.0005
8,215-239,1774413045,2026-03-25T12:30:45,0.0005
8,215-239,1774413330,2026-03-25T12:35:30,0.0005
8,215-239,1774413631,2026-03-25T12:40:31,0.0005
8,215-239,1774413932,2026-03-25T12:45:32,0.0005
8,215-239,1774414233,2026-03-25T12:50:33,0.0005
8,215-239,1774414531,2026-03-25T12:55:31,0.0005
8,215-239,1774415130,2026-03-25T13:05:30,0.0005
8,215-239,1774415434,2026-03-25T13:10:34,0.0005
8,215-239,1774415740,2026-03-25T13:15:40,0.0005
8,215-239,1774416031,2026-03-25T13:20:31,0.0005
8,215-239,1774416331,2026-03-25T13:25:31,0.0005
8,215-239,1774416635,2026-03-25T13:30:35,0.0005
8,215-239,1774416932,2026-03-25T13:35:32,0.0005
8,215-239,1774417231,2026-03-25T13:40:31,0.0005
8,215-239,1774417530,2026-03-25T13:45:30,0.0005
8,215-239,1774417832,2026-03-25T13:50:32,0.0005
8,215-239,1774418130,2026-03-25T13:55:30,0.0005
8,215-239,1774418731,2026-03-25T14:05:31,0.0005
8,215-239,1774419029,2026-03-25T14:10:29,0.0005
8,215-239,1774419329,2026-03-25T14:15:29,0.0005
8,215-239,1774419632,2026-03-25T14:20:32,0.0005
8,215-239,1774419941,2026-03-25T14:25:41,0.0005
8,215-239,1774420237,2026-03-25T14:30:37,0.0005
8,215-239,1774420543,2026-03-25T14:35:43,0.0005
8,215-239,1774420828,2026-03-25T14:40:28,0.0005
8,215-239,1774421133,2026-03-25T14:45:33,0.0005
8,215-239,1774421432,2026-03-25T14:50:32,0.0005
8,215-239,1774421730,2026-03-25T14:55:30,0.0005
8,215-239,1774422332,2026-03-25T15:05:32,0.0005
8,215-239,1774422633,2026-03-25T15:10:33,0.0005
8,215-239,1774422933,2026-03-25T15:15:33,0.0005
8,215-239,1774423229,2026-03-25T15:20:29,0.0005
8,215-239,1774423531,2026-03-25T15:25:31,0.0005
8,215-239,1774423833,2026-03-25T15:30:33,0.0005
8,215-239,1774424132,2026-03-25T15:35:32,0.0005
8,215-239,1774424434,2026-03-25T15:40:34,0.0005
8,215-239,1774424732,2026-03-25T15:45:32,0.0005
8,215-239,1774425031,2026-03-25T15:50:31,0.0005
8,215-239,1774425329,2026-03-25T15:55:29,0.0005
8,215-239,1774425943,2026-03-25T16:05:43,0.0005
8,215-239,1774426232,2026-03-25T16:10:32,0.0005
8,215-239,1774426531,2026-03-25T16:15:31,0.0005
8,215-239,1774426838,2026-03-25T16:20:38,0.0005
8,215-239,1774427128,2026-03-25T16:25:28,0.0005
8,215-239,1774427432,2026-03-25T16:30:32,0.0005
8,215-239,1774427733,2026-03-25T16:35:33,0.0005
8,215-239,1774428029,2026-03-25T16:40:29,0.0005
8,215-239,1774428332,2026-03-25T16:45:32,0.0005
8,215-239,1774428632,2026-03-25T16:50:32,0.0005
8,215-239,1774428928,2026-03-25T16:55:28,0.0005
8,215-239,1774429531,2026-03-25T17:05:31,0.0005
8,215-239,1774429832,2026-03-25T17:10:32,0.0005
8,215-239,1774430132,2026-03-25T17:15:32,0.0005
8,215-239,1774430430,2026-03-25T17:20:30,0.0005
8,215-239,1774430730,2026-03-25T17:25:30,0.0005
8,215-239,1774431036,2026-03-25T17:30:36,0.0005
8,215-239,1774431331,2026-03-25T17:35:31,0.0005
8,215-239,1774431643,2026-03-25T17:40:43,0.0005
8,215-239,1774431932,2026-03-25T17:45:32,0.0005
8,215-239,1774432227,2026-03-25T17:50:27,0.0005
8,215-239,1774432528,2026-03-25T17:55:28,0.0005
8,215-239,1774433131,2026-03-25T18:05:31,0.0005
8,215-239,1774433433,2026-03-25T18:10:33,0.0005
8,215-239,1774433730,2026-03-25T18:15:30,0.0005
8,215-239,1774434031,2026-03-25T18:20:31,0.0005
8,215-239,1774434334,2026-03-25T18:25:34,0.0005
8,215-239,1774434634,2026-03-25T18:30:34,0.0005
8,215-239,1774434934,2026-03-25T18:35:34,0.0005
8,215-239,1774435231,2026-03-25T18:40:31,0.0005
8,215-239,1774435531,2026-03-25T18:45:31,0.0005
8,215-239,1774435830,2026-03-25T18:50:30,0.0005
8,215-239,1774436130,2026-03-25T18:55:30,0.0005
8,215-239,1774436740,2026-03-25T19:05:40,0.0005
8,215-239,1774437033,2026-03-25T19:10:33,0.0005
8,215-239,1774437330,2026-03-25T19:15:30,0.0005
8,215-239,1774437641,2026-03-25T19:20:41,0.0005
8,215-239,1774437931,2026-03-25T19:25:31,0.0005
8,215-239,1774438233,2026-03-25T19:30:33,0.0005
8,215-239,1774438531,2026-03-25T19:35:31,0.0005
8,215-239,1774438829,2026-03-25T19:40:29,0.0005
8,215-239,1774439131,2026-03-25T19:45:31,0.0005
8,215-239,1774439433,2026-03-25T19:50:33,0.0005
8,215-239,1774439730,2026-03-25T19:55:30,0.0005
8,215-239,1774440328,2026-03-25T20:05:28,0.0005
8,215-239,1774440631,2026-03-25T20:10:31,0.0005
8,215-239,1774440934,2026-03-25T20:15:34,0.0005
8,215-239,1774441238,2026-03-25T20:20:38,0.0005
8,215-239,1774441533,2026-03-25T20:25:33,0.0005
8,215-239,1774441839,2026-03-25T20:30:39,0.0005
8,215-239,1774442129,2026-03-25T20:35:29,0.0005
8,215-239,1774442432,2026-03-25T20:40:32,0.0005
8,215-239,1774442730,2026-03-25T20:45:30,0.0005
8,215-239,1774443033,2026-03-25T20:50:33,0.0005
8,215-239,1774443332,2026-03-25T20:55:32,0.0005
8,215-239,1774443931,2026-03-25T21:05:31,0.0005
8,215-239,1774444232,2026-03-25T21:10:32,0.0005
8,215-239,1774444531,2026-03-25T21:15:31,0.0005
8,215-239,1774444830,2026-03-25T21:20:30,0.0005
8,215-239,1774445131,2026-03-25T21:25:31,0.0005
8,215-239,1774445441,2026-03-25T21:30:41,0.0005
8,215-239,1774445749,2026-03-25T21:35:49,0.0005
8,215-239,1774446029,2026-03-25T21:40:29,0.0005
8,215-239,1774446332,2026-03-25T21:45:32,0.0005
8,215-239,1774446635,2026-03-25T21:50:35,0.0005
8,215-239,1774446932,2026-03-25T21:55:32,0.0005
8,215-239,1774447533,2026-03-25T22:05:33,0.0005
8,215-239,1774447833,2026-03-25T22:10:33,0.0005
8,215-239,1774448136,2026-03-25T22:15:36,0.0005
8,215-239,1774448435,2026-03-25T22:20:35,0.0005
8,215-239,1774448729,2026-03-25T22:25:29,0.0005
8,215-239,1774449039,2026-03-25T22:30:39,0.0005
8,215-239,1774449354,2026-03-25T22:35:54,0.0005
8,215-239,1774449630,2026-03-25T22:40:30,0.0005
8,215-239,1774449932,2026-03-25T22:45:32,0.0005
8,215-239,1774450231,2026-03-25T22:50:31,0.0005
8,215-239,1774450532,2026-03-25T22:55:32,0.0005
8,215-239,1774451137,2026-03-25T23:05:37,0.0005
8,215-239,1774451433,2026-03-25T23:10:33,0.0005
8,215-239,1774451732,2026-03-25T23:15:32,0.0005
8,215-239,1774452034,2026-03-25T23:20:34,0.0005
8,215-239,1774452330,2026-03-25T23:25:30,0.0005
8,215-239,1774452636,2026-03-25T23:30:36,0.0005
8,215-239,1774452935,2026-03-25T23:35:35,0.0005
8,215-239,1774453229,2026-03-25T23:40:29,0.0005
8,215-239,1774453532,2026-03-25T23:45:32,0.0005
8,215-239,1774453833,2026-03-25T23:50:33,0.0005
8,215-239,1774454132,2026-03-25T23:55:32,0.0005
8,215-239,1774454733,2026-03-26T00:05:33,0.0005
8,215-239,1774455032,2026-03-26T00:10:32,0.0005
8,215-239,1774455348,2026-03-26T00:15:48,0.0005
8,215-239,1774455633,2026-03-26T00:20:33,0.0005
8,215-239,1774455933,2026-03-26T00:25:33,0.0005
8,215-239,1774456233,2026-03-26T00:30:33,0.0005
8,215-239,1774456533,2026-03-26T00:35:33,0.0005
8,215-239,1774456830,2026-03-26T00:40:30,0.0005
8,215-239,1774457131,2026-03-26T00:45:31,0.0005
8,215-239,1774457429,2026-03-26T00:50:29,0.0005
8,215-239,1774457732,2026-03-26T00:55:32,0.0005
8,215-239,1774458340,2026-03-26T01:05:40,0.0005
8,215-239,1774458630,2026-03-26T01:10:30,0.0005
8,215-239,1774458931,2026-03-26T01:15:31,0.0005
8,215-239,1774459243,2026-03-26T01:20:43,0.0005
8,215-239,1774459554,2026-03-26T01:25:54,0.0005
8,215-239,1774459834,2026-03-26T01:30:34,0.0005
8,215-239,1774460132,2026-03-26T01:35:32,0.0005
8,215-239,1774460429,2026-03-26T01:40:29,0.0005
8,215-239,1774460732,2026-03-26T01:45:32,0.0005
8,215-239,1774461029,2026-03-26T01:50:29,0.0005
8,215-239,1774461331,2026-03-26T01:55:31,0.0005
8,215-239,1774461931,2026-03-26T02:05:31,0.0005
8,215-239,1774462244,2026-03-26T02:10:44,0.0005
8,215-239,1774462532,2026-03-26T02:15:32,0.0005
8,215-239,1774462832,2026-03-26T02:20:32,0.0005
8,215-239,1774463129,2026-03-26T02:25:29,0.0005
8,215-239,1774463446,2026-03-26T02:30:46,0.0005
8,215-239,1774463728,2026-03-26T02:35:28,0.0005
9,240+,1774110029,2026-03-22T00:20:29,0.005
9,240+,1774110328,2026-03-22T00:25:28,0.0035
9,240+,1774110644,2026-03-22T00:30:44,0.004
9,240+,1774110928,2026-03-22T00:35:28,0.004
9,240+,1774111229,2026-03-22T00:40:29,0.0025
9,240+,1774111527,2026-03-22T00:45:27,0.0025
9,240+,1774111826,2026-03-22T00:50:26,0.0025
9,240+,1774112129,2026-03-22T00:55:29,0.0025
9,240+,1774112729,2026-03-22T01:05:29,0.0025
9,240+,1774113030,2026-03-22T01:10:30,0.0025
9,240+,1774113329,2026-03-22T01:15:29,0.0025
9,240+,1774113628,2026-03-22T01:20:28,0.0025
9,240+,1774113927,2026-03-22T01:25:27,0.0025
9,240+,1774114241,2026-03-22T01:30:41,0.0025
9,240+,1774114528,2026-03-22T01:35:28,0.0025
9,240+,1774114834,2026-03-22T01:40:34,0.004
9,240+,1774115129,2026-03-22T01:45:29,0.004
9,240+,1774115437,2026-03-22T01:50:37,0.0035
9,240+,1774115725,2026-03-22T01:55:25,0.003
9,240+,1774116328,2026-03-22T02:05:28,0.003
9,240+,1774116629,2026-03-22T02:10:29,0.003
9,240+,1774116926,2026-03-22T02:15:26,0.0035
9,240+,1774117228,2026-03-22T02:20:28,0.0035
9,240+,1774117527,2026-03-22T02:25:27,0.0035
9,240+,1774117831,2026-03-22T02:30:31,0.0035
9,240+,1774118129,2026-03-22T02:35:29,0.0035
9,240+,1774118425,2026-03-22T02:40:25,0.006
9,240+,1774118728,2026-03-22T02:45:28,0.005
9,240+,1774119027,2026-03-22T02:50:27,0.006
9,240+,1774119339,2026-03-22T02:55:39,0.006
9,240+,1774119925,2026-03-22T03:05:25,0.006
9,240+,1774120225,2026-03-22T03:10:25,0.006
9,240+,1774120530,2026-03-22T03:15:30,0.006
9,240+,1774120827,2026-03-22T03:20:27,0.006
9,240+,1774121127,2026-03-22T03:25:27,0.006
9,240+,1774121429,2026-03-22T03:30:29,0.0065
9,240+,1774121738,2026-03-22T03:35:38,0.006
9,240+,1774122031,2026-03-22T03:40:31,0.006
9,240+,1774122325,2026-03-22T03:45:25,0.0065
9,240+,1774122627,2026-03-22T03:50:27,0.0065
9,240+,1774122927,2026-03-22T03:55:27,0.0035
9,240+,1774123530,2026-03-22T04:05:30,0.0035
9,240+,1774123828,2026-03-22T04:10:28,0.0035
9,240+,1774124128,2026-03-22T04:15:28,0.0035
9,240+,1774124425,2026-03-22T04:20:25,0.0035
9,240+,1774124730,2026-03-22T04:25:30,0.0035
9,240+,1774125041,2026-03-22T04:30:41,0.0035
9,240+,1774125327,2026-03-22T04:35:27,0.0035
9,240+,1774125625,2026-03-22T04:40:25,0.0035
9,240+,1774125927,2026-03-22T04:45:27,0.0035
9,240+,1774126225,2026-03-22T04:50:25,0.0035
9,240+,1774126524,2026-03-22T04:55:24,0.0035
9,240+,1774127127,2026-03-22T05:05:27,0.0035
9,240+,1774127425,2026-03-22T05:10:25,0.0035
9,240+,1774127726,2026-03-22T05:15:26,0.0035
9,240+,1774128025,2026-03-22T05:20:25,0.0035
9,240+,1774128325,2026-03-22T05:25:25,0.0035
9,240+,1774128628,2026-03-22T05:30:28,0.0035
9,240+,1774128928,2026-03-22T05:35:28,0.0035
9,240+,1774129226,2026-03-22T05:40:26,0.0035
9,240+,1774129527,2026-03-22T05:45:27,0.0035
9,240+,1774129826,2026-03-22T05:50:26,0.0035
9,240+,1774130128,2026-03-22T05:55:28,0.0035
9,240+,1774130726,2026-03-22T06:05:26,0.0035
9,240+,1774131026,2026-03-22T06:10:26,0.0035
9,240+,1774131330,2026-03-22T06:15:30,0.0035
9,240+,1774131627,2026-03-22T06:20:27,0.0035
9,240+,1774131925,2026-03-22T06:25:25,0.0035
9,240+,1774132228,2026-03-22T06:30:28,0.0035
9,240+,1774132526,2026-03-22T06:35:26,0.0035
9,240+,1774132827,2026-03-22T06:40:27,0.0035
9,240+,1774133126,2026-03-22T06:45:26,0.0035
9,240+,1774133427,2026-03-22T06:50:27,0.0035
9,240+,1774133726,2026-03-22T06:55:26,0.0035
9,240+,1774134326,2026-03-22T07:05:26,0.0035
9,240+,1774134628,2026-03-22T07:10:28,0.0035
9,240+,1774134937,2026-03-22T07:15:37,0.0035
9,240+,1774135228,2026-03-22T07:20:28,0.0035
9,240+,1774135527,2026-03-22T07:25:27,0.0035
9,240+,1774135828,2026-03-22T07:30:28,0.0035
9,240+,1774136126,2026-03-22T07:35:26,0.0035
9,240+,1774136427,2026-03-22T07:40:27,0.0035
9,240+,1774136728,2026-03-22T07:45:28,0.0035
9,240+,1774137040,2026-03-22T07:50:40,0.0035
9,240+,1774137325,2026-03-22T07:55:25,0.0035
9,240+,1774137925,2026-03-22T08:05:25,0.003
9,240+,1774138241,2026-03-22T08:10:41,0.003
9,240+,1774138526,2026-03-22T08:15:26,0.003
9,240+,1774138840,2026-03-22T08:20:40,0.003
9,240+,1774139127,2026-03-22T08:25:27,0.003
9,240+,1774139428,2026-03-22T08:30:28,0.003
9,240+,1774139728,2026-03-22T08:35:28,0.0025
9,240+,1774140027,2026-03-22T08:40:27,0.0025
9,240+,1774140327,2026-03-22T08:45:27,0.0025
9,240+,1774140628,2026-03-22T08:50:28,0.0025
9,240+,1774140929,2026-03-22T08:55:29,0.0025
9,240+,1774141527,2026-03-22T09:05:27,0.0025
9,240+,1774141829,2026-03-22T09:10:29,0.0025
9,240+,1774142127,2026-03-22T09:15:27,0.0025
9,240+,1774142428,2026-03-22T09:20:28,0.0025
9,240+,1774142727,2026-03-22T09:25:27,0.0025
9,240+,1774143031,2026-03-22T09:30:31,0.0025
9,240+,1774143321,2026-03-22T09:35:21,0.0025
9,240+,1774143635,2026-03-22T09:40:35,0.0025
9,240+,1774143921,2026-03-22T09:45:21,0.0025
9,240+,1774144221,2026-03-22T09:50:21,0.0025
9,240+,1774144521,2026-03-22T09:55:21,0.0025
9,240+,1774145121,2026-03-22T10:05:21,0.0025
9,240+,1774145422,2026-03-22T10:10:22,0.0025
9,240+,1774145722,2026-03-22T10:15:22,0.0025
9,240+,1774146020,2026-03-22T10:20:20,0.0025
9,240+,1774146323,2026-03-22T10:25:23,0.0025
9,240+,1774146624,2026-03-22T10:30:24,0.0025
9,240+,1774146922,2026-03-22T10:35:22,0.0025
9,240+,1774147221,2026-03-22T10:40:21,0.0025
9,240+,1774147522,2026-03-22T10:45:22,0.0025
9,240+,1774147820,2026-03-22T10:50:20,0.0025
9,240+,1774148124,2026-03-22T10:55:24,0.0025
9,240+,1774148722,2026-03-22T11:05:22,0.0025
9,240+,1774149021,2026-03-22T11:10:21,0.0025
9,240+,1774149320,2026-03-22T11:15:20,0.0025
9,240+,1774149622,2026-03-22T11:20:22,0.0025
9,240+,1774149923,2026-03-22T11:25:23,0.0025
9,240+,1774150238,2026-03-22T11:30:38,0.0025
9,240+,1774150521,2026-03-22T11:35:21,0.0025
9,240+,1774150826,2026-03-22T11:40:26,0.0025
9,240+,1774151122,2026-03-22T11:45:22,0.0025
9,240+,1774151420,2026-03-22T11:50:20,0.0025
9,240+,1774151721,2026-03-22T11:55:21,0.0025
9,240+,1774152323,2026-03-22T12:05:23,0.0025
9,240+,1774152623,2026-03-22T12:10:23,0.0025
9,240+,1774152922,2026-03-22T12:15:22,0.0025
9,240+,1774153224,2026-03-22T12:20:24,0.0025
9,240+,1774153523,2026-03-22T12:25:23,0.0025
9,240+,1774153825,2026-03-22T12:30:25,0.0025
9,240+,1774154123,2026-03-22T12:35:23,0.0025
9,240+,1774154421,2026-03-22T12:40:21,0.0025
9,240+,1774154721,2026-03-22T12:45:21,0.0025
9,240+,1774155029,2026-03-22T12:50:29,0.0025
9,240+,1774155322,2026-03-22T12:55:22,0.0025
9,240+,1774155921,2026-03-22T13:05:21,0.0025
9,240+,1774156223,2026-03-22T13:10:23,0.0025
9,240+,1774156522,2026-03-22T13:15:22,0.0025
9,240+,1774156822,2026-03-22T13:20:22,0.0025
9,240+,1774157123,2026-03-22T13:25:23,0.0025
9,240+,1774157425,2026-03-22T13:30:25,0.0025
9,240+,1774157721,2026-03-22T13:35:21,0.0025
9,240+,1774158022,2026-03-22T13:40:22,0.0025
9,240+,1774158336,2026-03-22T13:45:36,0.0025
9,240+,1774158622,2026-03-22T13:50:22,0.0025
9,240+,1774158924,2026-03-22T13:55:24,0.0025
9,240+,1774159521,2026-03-22T14:05:21,0.0025
9,240+,1774159821,2026-03-22T14:10:21,0.0025
9,240+,1774160120,2026-03-22T14:15:20,0.0025
9,240+,1774160423,2026-03-22T14:20:23,0.0025
9,240+,1774160721,2026-03-22T14:25:21,0.0025
9,240+,1774161023,2026-03-22T14:30:23,0.0025
9,240+,1774161324,2026-03-22T14:35:24,0.0025
9,240+,1774161624,2026-03-22T14:40:24,0.0025
9,240+,1774161921,2026-03-22T14:45:21,0.0025
9,240+,1774162221,2026-03-22T14:50:21,0.0025
9,240+,1774162521,2026-03-22T14:55:21,0.0025
9,240+,1774163122,2026-03-22T15:05:22,0.0025
9,240+,1774163423,2026-03-22T15:10:23,0.0025
9,240+,1774163721,2026-03-22T15:15:21,0.0025
9,240+,1774164020,2026-03-22T15:20:20,0.0025
9,240+,1774164320,2026-03-22T15:25:20,0.0025
9,240+,1774164624,2026-03-22T15:30:24,0.0025
9,240+,1774164921,2026-03-22T15:35:21,0.0025
9,240+,1774165221,2026-03-22T15:40:21,0.0025
9,240+,1774165532,2026-03-22T15:45:32,0.0025
9,240+,1774165821,2026-03-22T15:50:21,0.0025
9,240+,1774166121,2026-03-22T15:55:21,0.0025
9,240+,1774166721,2026-03-22T16:05:21,0.0025
9,240+,1774167023,2026-03-22T16:10:23,0.0025
9,240+,1774167324,2026-03-22T16:15:24,0.0025
9,240+,1774167622,2026-03-22T16:20:22,0.0025
9,240+,1774167921,2026-03-22T16:25:21,0.0025
9,240+,1774168223,2026-03-22T16:30:23,0.0025
9,240+,1774168524,2026-03-22T16:35:24,0.0025
9,240+,1774168822,2026-03-22T16:40:22,0.0025
9,240+,1774169121,2026-03-22T16:45:21,0.0025
9,240+,1774169422,2026-03-22T16:50:22,0.0025
9,240+,1774169722,2026-03-22T16:55:22,0.0025
9,240+,1774170321,2026-03-22T17:05:21,0.0025
9,240+,1774170623,2026-03-22T17:10:23,0.0025
9,240+,1774170923,2026-03-22T17:15:23,0.0025
9,240+,1774171222,2026-03-22T17:20:22,0.0025
9,240+,1774171521,2026-03-22T17:25:21,0.0025
9,240+,1774171839,2026-03-22T17:30:39,0.0025
9,240+,1774172121,2026-03-22T17:35:21,0.0025
9,240+,1774172422,2026-03-22T17:40:22,0.0025
9,240+,1774172719,2026-03-22T17:45:19,0.0025
9,240+,1774173021,2026-03-22T17:50:21,0.0025
9,240+,1774173321,2026-03-22T17:55:21,0.0025
9,240+,1774173920,2026-03-22T18:05:20,0.0025
9,240+,1774174222,2026-03-22T18:10:22,0.0025
9,240+,1774174522,2026-03-22T18:15:22,0.0025
9,240+,1774174824,2026-03-22T18:20:24,0.0025
9,240+,1774175121,2026-03-22T18:25:21,0.0025
9,240+,1774175424,2026-03-22T18:30:24,0.0025
9,240+,1774175722,2026-03-22T18:35:22,0.0025
9,240+,1774176021,2026-03-22T18:40:21,0.0025
9,240+,1774176321,2026-03-22T18:45:21,0.0025
9,240+,1774176624,2026-03-22T18:50:24,0.0025
9,240+,1774176922,2026-03-22T18:55:22,0.0025
9,240+,1774177521,2026-03-22T19:05:21,0.0025
9,240+,1774177826,2026-03-22T19:10:26,0.0025
9,240+,1774178122,2026-03-22T19:15:22,0.0025
9,240+,1774178423,2026-03-22T19:20:23,0.0025
9,240+,1774178721,2026-03-22T19:25:21,0.0025
9,240+,1774179025,2026-03-22T19:30:25,0.0025
9,240+,1774179322,2026-03-22T19:35:22,0.0025
9,240+,1774179625,2026-03-22T19:40:25,0.0025
9,240+,1774179938,2026-03-22T19:45:38,0.0025
9,240+,1774180222,2026-03-22T19:50:22,0.0025
9,240+,1774180521,2026-03-22T19:55:21,0.0025
9,240+,1774181121,2026-03-22T20:05:21,0.0025
9,240+,1774181437,2026-03-22T20:10:37,0.0025
9,240+,1774181723,2026-03-22T20:15:23,0.0025
9,240+,1774182021,2026-03-22T20:20:21,0.0025
9,240+,1774182322,2026-03-22T20:25:22,0.0025
9,240+,1774182622,2026-03-22T20:30:22,0.0025
9,240+,1774182921,2026-03-22T20:35:21,0.0025
9,240+,1774183220,2026-03-22T20:40:20,0.0025
9,240+,1774183521,2026-03-22T20:45:21,0.0025
9,240+,1774183820,2026-03-22T20:50:20,0.0025
9,240+,1774184120,2026-03-22T20:55:20,0.0025
9,240+,1774184721,2026-03-22T21:05:21,0.0025
9,240+,1774185021,2026-03-22T21:10:21,0.0025
9,240+,1774185322,2026-03-22T21:15:22,0.0025
9,240+,1774185621,2026-03-22T21:20:21,0.0025
9,240+,1774185921,2026-03-22T21:25:21,0.0025
9,240+,1774186237,2026-03-22T21:30:37,0.0025
9,240+,1774186522,2026-03-22T21:35:22,0.0025
9,240+,1774186822,2026-03-22T21:40:22,0.0025
9,240+,1774187121,2026-03-22T21:45:21,0.0025
9,240+,1774187420,2026-03-22T21:50:20,0.0025
9,240+,1774187735,2026-03-22T21:55:35,0.0025
9,240+,1774188321,2026-03-22T22:05:21,0.0025
9,240+,1774188623,2026-03-22T22:10:23,0.0025
9,240+,1774188922,2026-03-22T22:15:22,0.0025
9,240+,1774189223,2026-03-22T22:20:23,0.0025
9,240+,1774189522,2026-03-22T22:25:22,0.0025
9,240+,1774189824,2026-03-22T22:30:24,0.0025
9,240+,1774190141,2026-03-22T22:35:41,0.0025
9,240+,1774190438,2026-03-22T22:40:38,0.0025
9,240+,1774190722,2026-03-22T22:45:22,0.0025
9,240+,1774191023,2026-03-22T22:50:23,0.0025
9,240+,1774191321,2026-03-22T22:55:21,0.0025
9,240+,1774191922,2026-03-22T23:05:22,0.0025
9,240+,1774192220,2026-03-22T23:10:20,0.0025
9,240+,1774192522,2026-03-22T23:15:22,0.0025
9,240+,1774192822,2026-03-22T23:20:22,0.0025
9,240+,1774193121,2026-03-22T23:25:21,0.0025
9,240+,1774193424,2026-03-22T23:30:24,0.0025
9,240+,1774193720,2026-03-22T23:35:20,0.0025
9,240+,1774194021,2026-03-22T23:40:21,0.0025
9,240+,1774194335,2026-03-22T23:45:35,0.0025
9,240+,1774194632,2026-03-22T23:50:32,0.0025
9,240+,1774194922,2026-03-22T23:55:22,0.0025
9,240+,1774195523,2026-03-23T00:05:23,0.0025
9,240+,1774195824,2026-03-23T00:10:24,0.0025
9,240+,1774196123,2026-03-23T00:15:23,0.0025
9,240+,1774196421,2026-03-23T00:20:21,0.0025
9,240+,1774196722,2026-03-23T00:25:22,0.0025
9,240+,1774197023,2026-03-23T00:30:23,0.0025
9,240+,1774197322,2026-03-23T00:35:22,0.0025
9,240+,1774197626,2026-03-23T00:40:26,0.0025
9,240+,1774197922,2026-03-23T00:45:22,0.0025
9,240+,1774198222,2026-03-23T00:50:22,0.0025
9,240+,1774198521,2026-03-23T00:55:21,0.0025
9,240+,1774199122,2026-03-23T01:05:22,0.0025
9,240+,1774199422,2026-03-23T01:10:22,0.0025
9,240+,1774199723,2026-03-23T01:15:23,0.0025
9,240+,1774200022,2026-03-23T01:20:22,0.0025
9,240+,1774200323,2026-03-23T01:25:23,0.0025
9,240+,1774200642,2026-03-23T01:30:42,0.0025
9,240+,1774200921,2026-03-23T01:35:21,0.0025
9,240+,1774201221,2026-03-23T01:40:21,0.0025
9,240+,1774201521,2026-03-23T01:45:21,0.0025
9,240+,1774201822,2026-03-23T01:50:22,0.0025
9,240+,1774202123,2026-03-23T01:55:23,0.0025
9,240+,1774202721,2026-03-23T02:05:21,0.0025
9,240+,1774203023,2026-03-23T02:10:23,0.0025
9,240+,1774203321,2026-03-23T02:15:21,0.0025
9,240+,1774203623,2026-03-23T02:20:23,0.0025
9,240+,1774203933,2026-03-23T02:25:33,0.0025
9,240+,1774204225,2026-03-23T02:30:25,0.0025
9,240+,1774204522,2026-03-23T02:35:22,0.0025
9,240+,1774204821,2026-03-23T02:40:21,0.0025
9,240+,1774205122,2026-03-23T02:45:22,0.0025
9,240+,1774205424,2026-03-23T02:50:24,0.0025
9,240+,1774205725,2026-03-23T02:55:25,0.0025
9,240+,1774206322,2026-03-23T03:05:22,0.0025
9,240+,1774206627,2026-03-23T03:10:27,0.0025
9,240+,1774206924,2026-03-23T03:15:24,0.0025
9,240+,1774207224,2026-03-23T03:20:24,0.0025
9,240+,1774207524,2026-03-23T03:25:24,0.0025
9,240+,1774207827,2026-03-23T03:30:27,0.0025
9,240+,1774208125,2026-03-23T03:35:25,0.0025
9,240+,1774208425,2026-03-23T03:40:25,0.0025
9,240+,1774208724,2026-03-23T03:45:24,0.0025
9,240+,1774209025,2026-03-23T03:50:25,0.0025
9,240+,1774209321,2026-03-23T03:55:21,0.0025
9,240+,1774209925,2026-03-23T04:05:25,0.0025
9,240+,1774210226,2026-03-23T04:10:26,0.0025
9,240+,1774210524,2026-03-23T04:15:24,0.0025
9,240+,1774210826,2026-03-23T04:20:26,0.0025
9,240+,1774211123,2026-03-23T04:25:23,0.0025
9,240+,1774211425,2026-03-23T04:30:25,0.0025
9,240+,1774211722,2026-03-23T04:35:22,0.0025
9,240+,1774212024,2026-03-23T04:40:24,0.0025
9,240+,1774212326,2026-03-23T04:45:26,0.0025
9,240+,1774212625,2026-03-23T04:50:25,0.0025
9,240+,1774212923,2026-03-23T04:55:23,0.0025
9,240+,1774213523,2026-03-23T05:05:23,0.0025
9,240+,1774213823,2026-03-23T05:10:23,0.0025
9,240+,1774214125,2026-03-23T05:15:25,0.0025
9,240+,1774214424,2026-03-23T05:20:24,0.0025
9,240+,1774214725,2026-03-23T05:25:25,0.0025
9,240+,1774215026,2026-03-23T05:30:26,0.0025
9,240+,1774215323,2026-03-23T05:35:23,0.0025
9,240+,1774215621,2026-03-23T05:40:21,0.0025
9,240+,1774215925,2026-03-23T05:45:25,0.0025
9,240+,1774216224,2026-03-23T05:50:24,0.0025
9,240+,1774216524,2026-03-23T05:55:24,0.0025
9,240+,1774217124,2026-03-23T06:05:24,0.0025
9,240+,1774217425,2026-03-23T06:10:25,0.0025
9,240+,1774217723,2026-03-23T06:15:23,0.0025
9,240+,1774218026,2026-03-23T06:20:26,0.0025
9,240+,1774218324,2026-03-23T06:25:24,0.0025
9,240+,1774218626,2026-03-23T06:30:26,0.0025
9,240+,1774218924,2026-03-23T06:35:24,0.0025
9,240+,1774219237,2026-03-23T06:40:37,0.0025
9,240+,1774219524,2026-03-23T06:45:24,0.0025
9,240+,1774219823,2026-03-23T06:50:23,0.0025
9,240+,1774220124,2026-03-23T06:55:24,0.0025
9,240+,1774220723,2026-03-23T07:05:23,0.0025
9,240+,1774221024,2026-03-23T07:10:24,0.0025
9,240+,1774221326,2026-03-23T07:15:26,0.0025
9,240+,1774221624,2026-03-23T07:20:24,0.0025
9,240+,1774221923,2026-03-23T07:25:23,0.0025
9,240+,1774222226,2026-03-23T07:30:26,0.0025
9,240+,1774222537,2026-03-23T07:35:37,0.0025
9,240+,1774222823,2026-03-23T07:40:23,0.0025
9,240+,1774223129,2026-03-23T07:45:29,0.0025
9,240+,1774223424,2026-03-23T07:50:24,0.0025
9,240+,1774223723,2026-03-23T07:55:23,0.0025
9,240+,1774224326,2026-03-23T08:05:26,0.0025
9,240+,1774224625,2026-03-23T08:10:25,0.0025
9,240+,1774224923,2026-03-23T08:15:23,0.0025
9,240+,1774225226,2026-03-23T08:20:26,0.0025
9,240+,1774225524,2026-03-23T08:25:24,0.0025
9,240+,1774225825,2026-03-23T08:30:25,0.0025
9,240+,1774226124,2026-03-23T08:35:24,0.0025
9,240+,1774226425,2026-03-23T08:40:25,0.0025
9,240+,1774226723,2026-03-23T08:45:23,0.0025
9,240+,1774227023,2026-03-23T08:50:23,0.0025
9,240+,1774227323,2026-03-23T08:55:23,0.0025
9,240+,1774227923,2026-03-23T09:05:23,0.0025
9,240+,1774228224,2026-03-23T09:10:24,0.0025
9,240+,1774228526,2026-03-23T09:15:26,0.0025
9,240+,1774228821,2026-03-23T09:20:21,0.0025
9,240+,1774229125,2026-03-23T09:25:25,0.0025
9,240+,1774229425,2026-03-23T09:30:25,0.0025
9,240+,1774229738,2026-03-23T09:35:38,0.0025
9,240+,1774230022,2026-03-23T09:40:22,0.0025
9,240+,1774230324,2026-03-23T09:45:24,0.0025
9,240+,1774230624,2026-03-23T09:50:24,0.0025
9,240+,1774230921,2026-03-23T09:55:21,0.0025
9,240+,1774231525,2026-03-23T10:05:25,0.002
9,240+,1774231825,2026-03-23T10:10:25,0.0015
9,240+,1774232124,2026-03-23T10:15:24,0.0015
9,240+,1774232424,2026-03-23T10:20:24,0.0015
9,240+,1774232725,2026-03-23T10:25:25,0.0015
9,240+,1774233028,2026-03-23T10:30:28,0.0015
9,240+,1774233324,2026-03-23T10:35:24,0.0015
9,240+,1774233623,2026-03-23T10:40:23,0.0015
9,240+,1774233927,2026-03-23T10:45:27,0.002
9,240+,1774234224,2026-03-23T10:50:24,0.002
9,240+,1774234527,2026-03-23T10:55:27,0.002
9,240+,1774235123,2026-03-23T11:05:23,0.002
9,240+,1774235425,2026-03-23T11:10:25,0.0025
9,240+,1774235724,2026-03-23T11:15:24,0.0025
9,240+,1774236026,2026-03-23T11:20:26,0.0025
9,240+,1774236322,2026-03-23T11:25:22,0.0025
9,240+,1774236627,2026-03-23T11:30:27,0.0025
9,240+,1774236924,2026-03-23T11:35:24,0.0025
9,240+,1774237237,2026-03-23T11:40:37,0.002
9,240+,1774237536,2026-03-23T11:45:36,0.002
9,240+,1774237821,2026-03-23T11:50:21,0.002
9,240+,1774238122,2026-03-23T11:55:22,0.002
9,240+,1774238738,2026-03-23T12:05:38,0.002
9,240+,1774239023,2026-03-23T12:10:23,0.002
9,240+,1774239333,2026-03-23T12:15:33,0.002
9,240+,1774239622,2026-03-23T12:20:22,0.002
9,240+,1774239925,2026-03-23T12:25:25,0.002
9,240+,1774240226,2026-03-23T12:30:26,0.002
9,240+,1774240523,2026-03-23T12:35:23,0.002
9,240+,1774240824,2026-03-23T12:40:24,0.002
9,240+,1774241124,2026-03-23T12:45:24,0.002
9,240+,1774241424,2026-03-23T12:50:24,0.002
9,240+,1774241725,2026-03-23T12:55:25,0.002
9,240+,1774242321,2026-03-23T13:05:21,0.002
9,240+,1774242623,2026-03-23T13:10:23,0.002
9,240+,1774242923,2026-03-23T13:15:23,0.002
9,240+,1774243222,2026-03-23T13:20:22,0.002
9,240+,1774243525,2026-03-23T13:25:25,0.002
9,240+,1774243825,2026-03-23T13:30:25,0.0015
9,240+,1774244124,2026-03-23T13:35:24,0.0015
9,240+,1774244435,2026-03-23T13:40:35,0.0015
9,240+,1774244722,2026-03-23T13:45:22,0.002
9,240+,1774245030,2026-03-23T13:50:30,0.0015
9,240+,1774245322,2026-03-23T13:55:22,0.0015
9,240+,1774245920,2026-03-23T14:05:20,0.0015
9,240+,1774246223,2026-03-23T14:10:23,0.0015
9,240+,1774246525,2026-03-23T14:15:25,0.002
9,240+,1774246822,2026-03-23T14:20:22,0.0025
9,240+,1774247122,2026-03-23T14:25:22,0.0025
9,240+,1774247426,2026-03-23T14:30:26,0.0025
9,240+,1774247725,2026-03-23T14:35:25,0.0025
9,240+,1774248026,2026-03-23T14:40:26,0.0025
9,240+,1774248338,2026-03-23T14:45:38,0.002
9,240+,1774248626,2026-03-23T14:50:26,0.0015
9,240+,1774248926,2026-03-23T14:55:26,0.0015
9,240+,1774249525,2026-03-23T15:05:25,0.0015
9,240+,1774249825,2026-03-23T15:10:25,0.0015
9,240+,1774250123,2026-03-23T15:15:23,0.002
9,240+,1774250426,2026-03-23T15:20:26,0.002
9,240+,1774250724,2026-03-23T15:25:24,0.002
9,240+,1774251027,2026-03-23T15:30:27,0.002
9,240+,1774251324,2026-03-23T15:35:24,0.002
9,240+,1774251625,2026-03-23T15:40:25,0.002
9,240+,1774251922,2026-03-23T15:45:22,0.002
9,240+,1774252224,2026-03-23T15:50:24,0.002
9,240+,1774252523,2026-03-23T15:55:23,0.002
9,240+,1774253124,2026-03-23T16:05:24,0.002
9,240+,1774253423,2026-03-23T16:10:23,0.002
9,240+,1774253726,2026-03-23T16:15:26,0.002
9,240+,1774254025,2026-03-23T16:20:25,0.002
9,240+,1774254322,2026-03-23T16:25:22,0.002
9,240+,1774254625,2026-03-23T16:30:25,0.002
9,240+,1774254922,2026-03-23T16:35:22,0.002
9,240+,1774255224,2026-03-23T16:40:24,0.002
9,240+,1774255523,2026-03-23T16:45:23,0.002
9,240+,1774255823,2026-03-23T16:50:23,0.002
9,240+,1774256125,2026-03-23T16:55:25,0.002
9,240+,1774256739,2026-03-23T17:05:39,0.002
9,240+,1774257035,2026-03-23T17:10:35,0.002
9,240+,1774257321,2026-03-23T17:15:21,0.0025
9,240+,1774257625,2026-03-23T17:20:25,0.0025
9,240+,1774257934,2026-03-23T17:25:34,0.0025
9,240+,1774258224,2026-03-23T17:30:24,0.0025
9,240+,1774258521,2026-03-23T17:35:21,0.0025
9,240+,1774258820,2026-03-23T17:40:20,0.0025
9,240+,1774259123,2026-03-23T17:45:23,0.0025
9,240+,1774259435,2026-03-23T17:50:35,0.0025
9,240+,1774259720,2026-03-23T17:55:20,0.0025
9,240+,1774260323,2026-03-23T18:05:23,0.0025
9,240+,1774260621,2026-03-23T18:10:21,0.0025
9,240+,1774260920,2026-03-23T18:15:20,0.0025
9,240+,1774261221,2026-03-23T18:20:21,0.0025
9,240+,1774261523,2026-03-23T18:25:23,0.0025
9,240+,1774261823,2026-03-23T18:30:23,0.0025
9,240+,1774262121,2026-03-23T18:35:21,0.0025
9,240+,1774262423,2026-03-23T18:40:23,0.0025
9,240+,1774262725,2026-03-23T18:45:25,0.0025
9,240+,1774263025,2026-03-23T18:50:25,0.0025
9,240+,1774263323,2026-03-23T18:55:23,0.0025
9,240+,1774263934,2026-03-23T19:05:34,0.0025
9,240+,1774264223,2026-03-23T19:10:23,0.0025
9,240+,1774264539,2026-03-23T19:15:39,0.0025
9,240+,1774264821,2026-03-23T19:20:21,0.0025
9,240+,1774265123,2026-03-23T19:25:23,0.0025
9,240+,1774265438,2026-03-23T19:30:38,0.0025
9,240+,1774265722,2026-03-23T19:35:22,0.0025
9,240+,1774266023,2026-03-23T19:40:23,0.0025
9,240+,1774266321,2026-03-23T19:45:21,0.0025
9,240+,1774266620,2026-03-23T19:50:20,0.0025
9,240+,1774266920,2026-03-23T19:55:20,0.0025
9,240+,1774267533,2026-03-23T20:05:33,0.0025
9,240+,1774267822,2026-03-23T20:10:22,0.0025
9,240+,1774268123,2026-03-23T20:15:23,0.0025
9,240+,1774268426,2026-03-23T20:20:26,0.0025
9,240+,1774268724,2026-03-23T20:25:24,0.0025
9,240+,1774269026,2026-03-23T20:30:26,0.0025
9,240+,1774269326,2026-03-23T20:35:26,0.0025
9,240+,1774269625,2026-03-23T20:40:25,0.0025
9,240+,1774269923,2026-03-23T20:45:23,0.0025
9,240+,1774270242,2026-03-23T20:50:42,0.0025
9,240+,1774270524,2026-03-23T20:55:24,0.0025
9,240+,1774271127,2026-03-23T21:05:27,0.0025
9,240+,1774271438,2026-03-23T21:10:38,0.0025
9,240+,1774271725,2026-03-23T21:15:25,0.0025
9,240+,1774272029,2026-03-23T21:20:29,0.0025
9,240+,1774272324,2026-03-23T21:25:24,0.0025
9,240+,1774272627,2026-03-23T21:30:27,0.002
9,240+,1774272923,2026-03-23T21:35:23,0.0015
9,240+,1774273225,2026-03-23T21:40:25,0.0015
9,240+,1774273524,2026-03-23T21:45:24,0.0015
9,240+,1774273841,2026-03-23T21:50:41,0.0015
9,240+,1774274127,2026-03-23T21:55:27,0.0015
9,240+,1774274730,2026-03-23T22:05:30,0.0015
9,240+,1774275030,2026-03-23T22:10:30,0.0015
9,240+,1774275328,2026-03-23T22:15:28,0.0015
9,240+,1774275620,2026-03-23T22:20:20,0.0015
9,240+,1774275933,2026-03-23T22:25:33,0.0015
9,240+,1774276221,2026-03-23T22:30:21,0.0015
9,240+,1774276521,2026-03-23T22:35:21,0.0015
9,240+,1774276820,2026-03-23T22:40:20,0.0015
9,240+,1774277120,2026-03-23T22:45:20,0.0015
9,240+,1774277420,2026-03-23T22:50:20,0.0015
9,240+,1774277723,2026-03-23T22:55:23,0.0015
9,240+,1774278320,2026-03-23T23:05:20,0.0015
9,240+,1774278619,2026-03-23T23:10:19,0.0015
9,240+,1774278920,2026-03-23T23:15:20,0.0015
9,240+,1774279220,2026-03-23T23:20:20,0.0015
9,240+,1774279519,2026-03-23T23:25:19,0.0015
9,240+,1774279824,2026-03-23T23:30:24,0.0015
9,240+,1774280121,2026-03-23T23:35:21,0.0015
9,240+,1774280420,2026-03-23T23:40:20,0.0015
9,240+,1774280720,2026-03-23T23:45:20,0.0015
9,240+,1774281020,2026-03-23T23:50:20,0.0015
9,240+,1774281321,2026-03-23T23:55:21,0.0015
9,240+,1774281921,2026-03-24T00:05:21,0.0015
9,240+,1774282222,2026-03-24T00:10:22,0.0015
9,240+,1774282521,2026-03-24T00:15:21,0.0015
9,240+,1774282821,2026-03-24T00:20:21,0.0015
9,240+,1774283122,2026-03-24T00:25:22,0.0015
9,240+,1774283433,2026-03-24T00:30:33,0.0015
9,240+,1774283721,2026-03-24T00:35:21,0.0015
9,240+,1774284021,2026-03-24T00:40:21,0.0015
9,240+,1774284321,2026-03-24T00:45:21,0.0015
9,240+,1774284624,2026-03-24T00:50:24,0.0015
9,240+,1774284921,2026-03-24T00:55:21,0.0015
9,240+,1774285522,2026-03-24T01:05:22,0.0015
9,240+,1774285821,2026-03-24T01:10:21,0.0015
9,240+,1774286122,2026-03-24T01:15:22,0.0015
9,240+,1774286422,2026-03-24T01:20:22,0.0015
9,240+,1774286735,2026-03-24T01:25:35,0.0015
9,240+,1774287022,2026-03-24T01:30:22,0.0015
9,240+,1774287320,2026-03-24T01:35:20,0.0015
9,240+,1774287639,2026-03-24T01:40:39,0.0015
9,240+,1774287921,2026-03-24T01:45:21,0.0015
9,240+,1774288221,2026-03-24T01:50:21,0.0015
9,240+,1774288521,2026-03-24T01:55:21,0.0015
9,240+,1774289121,2026-03-24T02:05:21,0.0015
9,240+,1774289422,2026-03-24T02:10:22,0.0015
9,240+,1774289723,2026-03-24T02:15:23,0.0015
9,240+,1774290034,2026-03-24T02:20:34,0.0015
9,240+,1774290322,2026-03-24T02:25:22,0.0015
9,240+,1774290623,2026-03-24T02:30:23,0.0015
9,240+,1774290923,2026-03-24T02:35:23,0.0015
9,240+,1774291230,2026-03-24T02:40:30,0.0015
9,240+,1774291523,2026-03-24T02:45:23,0.0015
9,240+,1774291822,2026-03-24T02:50:22,0.0015
9,240+,1774292122,2026-03-24T02:55:22,0.0015
9,240+,1774292725,2026-03-24T03:05:25,0.0015
9,240+,1774293022,2026-03-24T03:10:22,0.0015
9,240+,1774293325,2026-03-24T03:15:25,0.0015
9,240+,1774293626,2026-03-24T03:20:26,0.0015
9,240+,1774293924,2026-03-24T03:25:24,0.0015
9,240+,1774294223,2026-03-24T03:30:23,0.0015
9,240+,1774294526,2026-03-24T03:35:26,0.0015
9,240+,1774294822,2026-03-24T03:40:22,0.0015
9,240+,1774295124,2026-03-24T03:45:24,0.0015
9,240+,1774295427,2026-03-24T03:50:27,0.0015
9,240+,1774295724,2026-03-24T03:55:24,0.0015
9,240+,1774296325,2026-03-24T04:05:25,0.0015
9,240+,1774296626,2026-03-24T04:10:26,0.0015
9,240+,1774296921,2026-03-24T04:15:21,0.0015
9,240+,1774297225,2026-03-24T04:20:25,0.0015
9,240+,1774297525,2026-03-24T04:25:25,0.0015
9,240+,1774297824,2026-03-24T04:30:24,0.0015
9,240+,1774298123,2026-03-24T04:35:23,0.0015
9,240+,1774298423,2026-03-24T04:40:23,0.0015
9,240+,1774298722,2026-03-24T04:45:22,0.0015
9,240+,1774299025,2026-03-24T04:50:25,0.0015
9,240+,1774299323,2026-03-24T04:55:23,0.0015
9,240+,1774299921,2026-03-24T05:05:21,0.0015
9,240+,1774300225,2026-03-24T05:10:25,0.0015
9,240+,1774300536,2026-03-24T05:15:36,0.0015
9,240+,1774300822,2026-03-24T05:20:22,0.0015
9,240+,1774301121,2026-03-24T05:25:21,0.0015
9,240+,1774301426,2026-03-24T05:30:26,0.0015
9,240+,1774301724,2026-03-24T05:35:24,0.0015
9,240+,1774302023,2026-03-24T05:40:23,0.0015
9,240+,1774302324,2026-03-24T05:45:24,0.0015
9,240+,1774302621,2026-03-24T05:50:21,0.0015
9,240+,1774302921,2026-03-24T05:55:21,0.0015
9,240+,1774303528,2026-03-24T06:05:28,0.0015
9,240+,1774303823,2026-03-24T06:10:23,0.0015
9,240+,1774304126,2026-03-24T06:15:26,0.0015
9,240+,1774304422,2026-03-24T06:20:22,0.0015
9,240+,1774304723,2026-03-24T06:25:23,0.0015
9,240+,1774305024,2026-03-24T06:30:24,0.0015
9,240+,1774305323,2026-03-24T06:35:23,0.0015
9,240+,1774305623,2026-03-24T06:40:23,0.0015
9,240+,1774305924,2026-03-24T06:45:24,0.0015
9,240+,1774306236,2026-03-24T06:50:36,0.0015
9,240+,1774306525,2026-03-24T06:55:25,0.0015
9,240+,1774307125,2026-03-24T07:05:25,0.0015
9,240+,1774307424,2026-03-24T07:10:24,0.0015
9,240+,1774307722,2026-03-24T07:15:22,0.0015
9,240+,1774308026,2026-03-24T07:20:26,0.0015
9,240+,1774308326,2026-03-24T07:25:26,0.0015
9,240+,1774308627,2026-03-24T07:30:27,0.0015
9,240+,1774308925,2026-03-24T07:35:25,0.0015
9,240+,1774309224,2026-03-24T07:40:24,0.0015
9,240+,1774309526,2026-03-24T07:45:26,0.0015
9,240+,1774309825,2026-03-24T07:50:25,0.0015
9,240+,1774310140,2026-03-24T07:55:40,0.0015
9,240+,1774310725,2026-03-24T08:05:25,0.0015
9,240+,1774311022,2026-03-24T08:10:22,0.0015
9,240+,1774311323,2026-03-24T08:15:23,0.0015
9,240+,1774311624,2026-03-24T08:20:24,0.0015
9,240+,1774311925,2026-03-24T08:25:25,0.0015
9,240+,1774312221,2026-03-24T08:30:21,0.0015
9,240+,1774312522,2026-03-24T08:35:22,0.0015
9,240+,1774312824,2026-03-24T08:40:24,0.0015
9,240+,1774313122,2026-03-24T08:45:22,0.0015
9,240+,1774313421,2026-03-24T08:50:21,0.0015
9,240+,1774313721,2026-03-24T08:55:21,0.0015
9,240+,1774314321,2026-03-24T09:05:21,0.0015
9,240+,1774314624,2026-03-24T09:10:24,0.0015
9,240+,1774314922,2026-03-24T09:15:22,0.0015
9,240+,1774315221,2026-03-24T09:20:21,0.0015
9,240+,1774315538,2026-03-24T09:25:38,0.0015
9,240+,1774315823,2026-03-24T09:30:23,0.0015
9,240+,1774316122,2026-03-24T09:35:22,0.0015
9,240+,1774316421,2026-03-24T09:40:21,0.0015
9,240+,1774316723,2026-03-24T09:45:23,0.0015
9,240+,1774317023,2026-03-24T09:50:23,0.0015
9,240+,1774317322,2026-03-24T09:55:22,0.0015
9,240+,1774317921,2026-03-24T10:05:21,0.0015
9,240+,1774318224,2026-03-24T10:10:24,0.0015
9,240+,1774318522,2026-03-24T10:15:22,0.0015
9,240+,1774318822,2026-03-24T10:20:22,0.0015
9,240+,1774319125,2026-03-24T10:25:25,0.0015
9,240+,1774319422,2026-03-24T10:30:22,0.0015
9,240+,1774319722,2026-03-24T10:35:22,0.0015
9,240+,1774320023,2026-03-24T10:40:23,0.0015
9,240+,1774320323,2026-03-24T10:45:23,0.0015
9,240+,1774320622,2026-03-24T10:50:22,0.0015
9,240+,1774320921,2026-03-24T10:55:21,0.0015
9,240+,1774321525,2026-03-24T11:05:25,0.0015
9,240+,1774321825,2026-03-24T11:10:25,0.0015
9,240+,1774322126,2026-03-24T11:15:26,0.0015
9,240+,1774322426,2026-03-24T11:20:26,0.0015
9,240+,1774322722,2026-03-24T11:25:22,0.0015
9,240+,1774323022,2026-03-24T11:30:22,0.0015
9,240+,1774323325,2026-03-24T11:35:25,0.0015
9,240+,1774323624,2026-03-24T11:40:24,0.0005
9,240+,1774323922,2026-03-24T11:45:22,0.0005
9,240+,1774324235,2026-03-24T11:50:35,0.0005
9,240+,1774324522,2026-03-24T11:55:22,0.0005
9,240+,1774325122,2026-03-24T12:05:22,0.0005
9,240+,1774325422,2026-03-24T12:10:22,0.0005
9,240+,1774325722,2026-03-24T12:15:22,0.0005
9,240+,1774326025,2026-03-24T12:20:25,0.0005
9,240+,1774326329,2026-03-24T12:25:29,0.0005
9,240+,1774326623,2026-03-24T12:30:23,0.0005
9,240+,1774326924,2026-03-24T12:35:24,0.0005
9,240+,1774327222,2026-03-24T12:40:22,0.0005
9,240+,1774327522,2026-03-24T12:45:22,0.0005
9,240+,1774327823,2026-03-24T12:50:23,0.0005
9,240+,1774328122,2026-03-24T12:55:22,0.0005
9,240+,1774328722,2026-03-24T13:05:22,0.0005
9,240+,1774329022,2026-03-24T13:10:22,0.0005
9,240+,1774329323,2026-03-24T13:15:23,0.0005
9,240+,1774329636,2026-03-24T13:20:36,0.0005
9,240+,1774329923,2026-03-24T13:25:23,0.0005
9,240+,1774330225,2026-03-24T13:30:25,0.0005
9,240+,1774330528,2026-03-24T13:35:28,0.0005
9,240+,1774330824,2026-03-24T13:40:24,0.0005
9,240+,1774331125,2026-03-24T13:45:25,0.0005
9,240+,1774331424,2026-03-24T13:50:24,0.0005
9,240+,1774331726,2026-03-24T13:55:26,0.0005
9,240+,1774332322,2026-03-24T14:05:22,0.0005
9,240+,1774332622,2026-03-24T14:10:22,0.0005
9,240+,1774332922,2026-03-24T14:15:22,0.0005
9,240+,1774333226,2026-03-24T14:20:26,0.0005
9,240+,1774333523,2026-03-24T14:25:23,0.0005
9,240+,1774333824,2026-03-24T14:30:24,0.0005
9,240+,1774334129,2026-03-24T14:35:29,0.0005
9,240+,1774334422,2026-03-24T14:40:22,0.0005
9,240+,1774334726,2026-03-24T14:45:26,0.0005
9,240+,1774335023,2026-03-24T14:50:23,0.0005
9,240+,1774335327,2026-03-24T14:55:27,0.0005
9,240+,1774335923,2026-03-24T15:05:23,0.0005
9,240+,1774336221,2026-03-24T15:10:21,0.0005
9,240+,1774336537,2026-03-24T15:15:37,0.0005
9,240+,1774336825,2026-03-24T15:20:25,0.0005
9,240+,1774337122,2026-03-24T15:25:22,0.0005
9,240+,1774337423,2026-03-24T15:30:23,0.0005
9,240+,1774337722,2026-03-24T15:35:22,0.0005
9,240+,1774338032,2026-03-24T15:40:32,0.0005
9,240+,1774338325,2026-03-24T15:45:25,0.0005
9,240+,1774338622,2026-03-24T15:50:22,0.0005
9,240+,1774338924,2026-03-24T15:55:24,0.0005
9,240+,1774339525,2026-03-24T16:05:25,0.0005
9,240+,1774339823,2026-03-24T16:10:23,0.0005
9,240+,1774340125,2026-03-24T16:15:25,0.0005
9,240+,1774340424,2026-03-24T16:20:24,0.0005
9,240+,1774340728,2026-03-24T16:25:28,0.0005
9,240+,1774341026,2026-03-24T16:30:26,0.0005
9,240+,1774341322,2026-03-24T16:35:22,0.0005
9,240+,1774341633,2026-03-24T16:40:33,0.0005
9,240+,1774341925,2026-03-24T16:45:25,0.0005
9,240+,1774342224,2026-03-24T16:50:24,0.0005
9,240+,1774342523,2026-03-24T16:55:23,0.0005
9,240+,1774343122,2026-03-24T17:05:22,0.0005
9,240+,1774343424,2026-03-24T17:10:24,0.0005
9,240+,1774343722,2026-03-24T17:15:22,0.0005
9,240+,1774344025,2026-03-24T17:20:25,0.0005
9,240+,1774344323,2026-03-24T17:25:23,0.0005
9,240+,1774344623,2026-03-24T17:30:23,0.0005
9,240+,1774344921,2026-03-24T17:35:21,0.0005
9,240+,1774345236,2026-03-24T17:40:36,0.0005
9,240+,1774345525,2026-03-24T17:45:25,0.0005
9,240+,1774345825,2026-03-24T17:50:25,0.0005
9,240+,1774346135,2026-03-24T17:55:35,0.0005
9,240+,1774346722,2026-03-24T18:05:22,0.0005
9,240+,1774347032,2026-03-24T18:10:32,0.0005
9,240+,1774347325,2026-03-24T18:15:25,0.0005
9,240+,1774347640,2026-03-24T18:20:40,0.0005
9,240+,1774347926,2026-03-24T18:25:26,0.0005
9,240+,1774348223,2026-03-24T18:30:23,0.0005
9,240+,1774348527,2026-03-24T18:35:27,0.0005
9,240+,1774348841,2026-03-24T18:40:41,0.0005
9,240+,1774349125,2026-03-24T18:45:25,0.0005
9,240+,1774349425,2026-03-24T18:50:25,0.0005
9,240+,1774349723,2026-03-24T18:55:23,0.0005
9,240+,1774350322,2026-03-24T19:05:22,0.0005
9,240+,1774350624,2026-03-24T19:10:24,0.0005
9,240+,1774350926,2026-03-24T19:15:26,0.0005
9,240+,1774351222,2026-03-24T19:20:22,0.0005
9,240+,1774351526,2026-03-24T19:25:26,0.0005
9,240+,1774351825,2026-03-24T19:30:25,0.0005
9,240+,1774352127,2026-03-24T19:35:27,0.0005
9,240+,1774352422,2026-03-24T19:40:22,0.0005
9,240+,1774352727,2026-03-24T19:45:27,0.0005
9,240+,1774353022,2026-03-24T19:50:22,0.0005
9,240+,1774353322,2026-03-24T19:55:22,0.0005
9,240+,1774353929,2026-03-24T20:05:29,0.0005
9,240+,1774354206,2026-03-24T20:10:06,0.0005
9,240+,1774354254,2026-03-24T20:10:54,0.0005
9,240+,1774354526,2026-03-24T20:15:26,0.0005
9,240+,1774354829,2026-03-24T20:20:29,0.0005
9,240+,1774355128,2026-03-24T20:25:28,0.0005
9,240+,1774355430,2026-03-24T20:30:30,0.0005
9,240+,1774355727,2026-03-24T20:35:27,0.0005
9,240+,1774356028,2026-03-24T20:40:28,0.0005
9,240+,1774356330,2026-03-24T20:45:30,0.0005
9,240+,1774356627,2026-03-24T20:50:27,0.0005
9,240+,1774356935,2026-03-24T20:55:35,0.0005
9,240+,1774357527,2026-03-24T21:05:27,0.0005
9,240+,1774357828,2026-03-24T21:10:28,0.0005
9,240+,1774358131,2026-03-24T21:15:31,0.0005
9,240+,1774358427,2026-03-24T21:20:27,0.0005
9,240+,1774358729,2026-03-24T21:25:29,0.0005
9,240+,1774359030,2026-03-24T21:30:30,0.0005
9,240+,1774359327,2026-03-24T21:35:27,0.0005
9,240+,1774359631,2026-03-24T21:40:31,0.0005
9,240+,1774359931,2026-03-24T21:45:31,0.0005
9,240+,1774360243,2026-03-24T21:50:43,0.0005
9,240+,1774360528,2026-03-24T21:55:28,0.0005
9,240+,1774361128,2026-03-24T22:05:28,0.0005
9,240+,1774361444,2026-03-24T22:10:44,0.0005
9,240+,1774361730,2026-03-24T22:15:30,0.0005
9,240+,1774362028,2026-03-24T22:20:28,0.0005
9,240+,1774362342,2026-03-24T22:25:42,0.0005
9,240+,1774362636,2026-03-24T22:30:36,0.0005
9,240+,1774363232,2026-03-24T22:40:32,0.0005
9,240+,1774363528,2026-03-24T22:45:28,0.0005
9,240+,1774363833,2026-03-24T22:50:33,0.0005
9,240+,1774364130,2026-03-24T22:55:30,0.0005
9,240+,1774364741,2026-03-24T23:05:41,0.0005
9,240+,1774365029,2026-03-24T23:10:29,0.0005
9,240+,1774365332,2026-03-24T23:15:32,0.0005
9,240+,1774365632,2026-03-24T23:20:32,0.0005
9,240+,1774365928,2026-03-24T23:25:28,0.0005
9,240+,1774366236,2026-03-24T23:30:36,0.0005
9,240+,1774366530,2026-03-24T23:35:30,0.0005
9,240+,1774366828,2026-03-24T23:40:28,0.0005
9,240+,1774367133,2026-03-24T23:45:33,0.0005
9,240+,1774367426,2026-03-24T23:50:26,0.0005
9,240+,1774367727,2026-03-24T23:55:27,0.0005
9,240+,1774368328,2026-03-25T00:05:28,0.0005
9,240+,1774368634,2026-03-25T00:10:34,0.0005
9,240+,1774368931,2026-03-25T00:15:31,0.0005
9,240+,1774369231,2026-03-25T00:20:31,0.0005
9,240+,1774369528,2026-03-25T00:25:28,0.0005
9,240+,1774369831,2026-03-25T00:30:31,0.0005
9,240+,1774370145,2026-03-25T00:35:45,0.0005
9,240+,1774370428,2026-03-25T00:40:28,0.0005
9,240+,1774370734,2026-03-25T00:45:34,0.0005
9,240+,1774371028,2026-03-25T00:50:28,0.0005
9,240+,1774371328,2026-03-25T00:55:28,0.0005
9,240+,1774371930,2026-03-25T01:05:30,0.0005
9,240+,1774372233,2026-03-25T01:10:33,0.0005
9,240+,1774372531,2026-03-25T01:15:31,0.0005
9,240+,1774372831,2026-03-25T01:20:31,0.0005
9,240+,1774373129,2026-03-25T01:25:29,0.0005
9,240+,1774373439,2026-03-25T01:30:39,0.0005
9,240+,1774373727,2026-03-25T01:35:27,0.0005
9,240+,1774374029,2026-03-25T01:40:29,0.0005
9,240+,1774374328,2026-03-25T01:45:28,0.0005
9,240+,1774374630,2026-03-25T01:50:30,0.0005
9,240+,1774374928,2026-03-25T01:55:28,0.0005
9,240+,1774375530,2026-03-25T02:05:30,0.0005
9,240+,1774375827,2026-03-25T02:10:27,0.0005
9,240+,1774376129,2026-03-25T02:15:29,0.0005
9,240+,1774376429,2026-03-25T02:20:29,0.0005
9,240+,1774376732,2026-03-25T02:25:32,0.0005
9,240+,1774377031,2026-03-25T02:30:31,0.0005
9,240+,1774377330,2026-03-25T02:35:30,0.0005
9,240+,1774377630,2026-03-25T02:40:30,0.0005
9,240+,1774377931,2026-03-25T02:45:31,0.0005
9,240+,1774378233,2026-03-25T02:50:33,0.0005
9,240+,1774378530,2026-03-25T02:55:30,0.0005
9,240+,1774379133,2026-03-25T03:05:33,0.0005
9,240+,1774379428,2026-03-25T03:10:28,0.0005
9,240+,1774379729,2026-03-25T03:15:29,0.0005
9,240+,1774380032,2026-03-25T03:20:32,0.0005
9,240+,1774380328,2026-03-25T03:25:28,0.0005
9,240+,1774380634,2026-03-25T03:30:34,0.0005
9,240+,1774380929,2026-03-25T03:35:29,0.0005
9,240+,1774381229,2026-03-25T03:40:29,0.0005
9,240+,1774381534,2026-03-25T03:45:34,0.0005
9,240+,1774381828,2026-03-25T03:50:28,0.0005
9,240+,1774382130,2026-03-25T03:55:30,0.0005
9,240+,1774382731,2026-03-25T04:05:31,0.0005
9,240+,1774383030,2026-03-25T04:10:30,0.0005
9,240+,1774383332,2026-03-25T04:15:32,0.0005
9,240+,1774383631,2026-03-25T04:20:31,0.0005
9,240+,1774383931,2026-03-25T04:25:31,0.0005
9,240+,1774384234,2026-03-25T04:30:34,0.0005
9,240+,1774384530,2026-03-25T04:35:30,0.0005
9,240+,1774384842,2026-03-25T04:40:42,0.0005
9,240+,1774385130,2026-03-25T04:45:30,0.0005
9,240+,1774385433,2026-03-25T04:50:33,0.0005
9,240+,1774385727,2026-03-25T04:55:27,0.0005
9,240+,1774386326,2026-03-25T05:05:26,0.0005
9,240+,1774386629,2026-03-25T05:10:29,0.0005
9,240+,1774386927,2026-03-25T05:15:27,0.0005
9,240+,1774387229,2026-03-25T05:20:29,0.0005
9,240+,1774387527,2026-03-25T05:25:27,0.0005
9,240+,1774387832,2026-03-25T05:30:32,0.0005
9,240+,1774388130,2026-03-25T05:35:30,0.0005
9,240+,1774388434,2026-03-25T05:40:34,0.0005
9,240+,1774388727,2026-03-25T05:45:27,0.0005
9,240+,1774389053,2026-03-25T05:50:53,0.0005
9,240+,1774389331,2026-03-25T05:55:31,0.0005
9,240+,1774389927,2026-03-25T06:05:27,0.0005
9,240+,1774390230,2026-03-25T06:10:30,0.0005
9,240+,1774390528,2026-03-25T06:15:28,0.0005
9,240+,1774390837,2026-03-25T06:20:37,0.0005
9,240+,1774391126,2026-03-25T06:25:26,0.0005
9,240+,1774391434,2026-03-25T06:30:34,0.0005
9,240+,1774391728,2026-03-25T06:35:28,0.0005
9,240+,1774392029,2026-03-25T06:40:29,0.0005
9,240+,1774392329,2026-03-25T06:45:29,0.0005
9,240+,1774392631,2026-03-25T06:50:31,0.0005
9,240+,1774392930,2026-03-25T06:55:30,0.0005
9,240+,1774393529,2026-03-25T07:05:29,0.0005
9,240+,1774393829,2026-03-25T07:10:29,0.0005
9,240+,1774394131,2026-03-25T07:15:31,0.0005
9,240+,1774394430,2026-03-25T07:20:30,0.0005
9,240+,1774394729,2026-03-25T07:25:29,0.0005
9,240+,1774395035,2026-03-25T07:30:35,0.0005
9,240+,1774395329,2026-03-25T07:35:29,0.0005
9,240+,1774395634,2026-03-25T07:40:34,0.0005
9,240+,1774395931,2026-03-25T07:45:31,0.0005
9,240+,1774396230,2026-03-25T07:50:30,0.0005
9,240+,1774396541,2026-03-25T07:55:41,0.0005
9,240+,1774397131,2026-03-25T08:05:31,0.0005
9,240+,1774397434,2026-03-25T08:10:34,0.0005
9,240+,1774397729,2026-03-25T08:15:29,0.0005
9,240+,1774398031,2026-03-25T08:20:31,0.0005
9,240+,1774398327,2026-03-25T08:25:27,0.0005
9,240+,1774398632,2026-03-25T08:30:32,0.0005
9,240+,1774398938,2026-03-25T08:35:38,0.0005
9,240+,1774399231,2026-03-25T08:40:31,0.0005
9,240+,1774399530,2026-03-25T08:45:30,0.0005
9,240+,1774399832,2026-03-25T08:50:32,0.0005
9,240+,1774400132,2026-03-25T08:55:32,0.0005
9,240+,1774400731,2026-03-25T09:05:31,0.0005
9,240+,1774401029,2026-03-25T09:10:29,0.0005
9,240+,1774401330,2026-03-25T09:15:30,0.0005
9,240+,1774401633,2026-03-25T09:20:33,0.0005
9,240+,1774401940,2026-03-25T09:25:40,0.0005
9,240+,1774402230,2026-03-25T09:30:30,0.0005
9,240+,1774402533,2026-03-25T09:35:33,0.0005
9,240+,1774402830,2026-03-25T09:40:30,0.0005
9,240+,1774403130,2026-03-25T09:45:30,0.0005
9,240+,1774403427,2026-03-25T09:50:27,0.0005
9,240+,1774403732,2026-03-25T09:55:32,0.0005
9,240+,1774404339,2026-03-25T10:05:39,0.0005
9,240+,1774404632,2026-03-25T10:10:32,0.0005
9,240+,1774404929,2026-03-25T10:15:29,0.0005
9,240+,1774405232,2026-03-25T10:20:32,0.0005
9,240+,1774405532,2026-03-25T10:25:32,0.0005
9,240+,1774405834,2026-03-25T10:30:34,0.0005
9,240+,1774406132,2026-03-25T10:35:32,0.0005
9,240+,1774406436,2026-03-25T10:40:36,0.0005
9,240+,1774406729,2026-03-25T10:45:29,0.0005
9,240+,1774407029,2026-03-25T10:50:29,0.0005
9,240+,1774407329,2026-03-25T10:55:29,0.0005
9,240+,1774407932,2026-03-25T11:05:32,0.0005
9,240+,1774408233,2026-03-25T11:10:33,0.0005
9,240+,1774408532,2026-03-25T11:15:32,0.0005
9,240+,1774408828,2026-03-25T11:20:28,0.0005
9,240+,1774409131,2026-03-25T11:25:31,0.0005
9,240+,1774409433,2026-03-25T11:30:33,0.0005
9,240+,1774409733,2026-03-25T11:35:33,0.0005
9,240+,1774410032,2026-03-25T11:40:32,0.0005
9,240+,1774410328,2026-03-25T11:45:28,0.0005
9,240+,1774410628,2026-03-25T11:50:28,0.0005
9,240+,1774410929,2026-03-25T11:55:29,0.0005
9,240+,1774411531,2026-03-25T12:05:31,0.0005
9,240+,1774411831,2026-03-25T12:10:31,0.0005
9,240+,1774412131,2026-03-25T12:15:31,0.0005
9,240+,1774412431,2026-03-25T12:20:31,0.0005
9,240+,1774412729,2026-03-25T12:25:29,0.0005
9,240+,1774413043,2026-03-25T12:30:43,0.0005
9,240+,1774413330,2026-03-25T12:35:30,0.0005
9,240+,1774413630,2026-03-25T12:40:30,0.0005
9,240+,1774413931,2026-03-25T12:45:31,0.0005
9,240+,1774414232,2026-03-25T12:50:32,0.0005
9,240+,1774414531,2026-03-25T12:55:31,0.0005
9,240+,1774415130,2026-03-25T13:05:30,0.0005
9,240+,1774415433,2026-03-25T13:10:33,0.0005
9,240+,1774415740,2026-03-25T13:15:40,0.0005
9,240+,1774416030,2026-03-25T13:20:30,0.0005
9,240+,1774416331,2026-03-25T13:25:31,0.0005
9,240+,1774416634,2026-03-25T13:30:34,0.0005
9,240+,1774416932,2026-03-25T13:35:32,0.0005
9,240+,1774417230,2026-03-25T13:40:30,0.0005
9,240+,1774417529,2026-03-25T13:45:29,0.0005
9,240+,1774417831,2026-03-25T13:50:31,0.0005
9,240+,1774418130,2026-03-25T13:55:30,0.0005
9,240+,1774418730,2026-03-25T14:05:30,0.0005
9,240+,1774419029,2026-03-25T14:10:29,0.0005
9,240+,1774419329,2026-03-25T14:15:29,0.0005
9,240+,1774419631,2026-03-25T14:20:31,0.0005
9,240+,1774419940,2026-03-25T14:25:40,0.0005
9,240+,1774420236,2026-03-25T14:30:36,0.0005
9,240+,1774420542,2026-03-25T14:35:42,0.0005
9,240+,1774420827,2026-03-25T14:40:27,0.0005
9,240+,1774421132,2026-03-25T14:45:32,0.0005
9,240+,1774421432,2026-03-25T14:50:32,0.0005
9,240+,1774421729,2026-03-25T14:55:29,0.0005
9,240+,1774422332,2026-03-25T15:05:32,0.0005
9,240+,1774422633,2026-03-25T15:10:33,0.0005
9,240+,1774422933,2026-03-25T15:15:33,0.0005
9,240+,1774423229,2026-03-25T15:20:29,0.0005
9,240+,1774423531,2026-03-25T15:25:31,0.0005
9,240+,1774423832,2026-03-25T15:30:32,0.0005
9,240+,1774424131,2026-03-25T15:35:31,0.0005
9,240+,1774424433,2026-03-25T15:40:33,0.0005
9,240+,1774424731,2026-03-25T15:45:31,0.0005
9,240+,1774425030,2026-03-25T15:50:30,0.0005
9,240+,1774425329,2026-03-25T15:55:29,0.0005
9,240+,1774425942,2026-03-25T16:05:42,0.0005
9,240+,1774426232,2026-03-25T16:10:32,0.0005
9,240+,1774426531,2026-03-25T16:15:31,0.0005
9,240+,1774426837,2026-03-25T16:20:37,0.0005
9,240+,1774427128,2026-03-25T16:25:28,0.0005
9,240+,1774427431,2026-03-25T16:30:31,0.0005
9,240+,1774427732,2026-03-25T16:35:32,0.0005
9,240+,1774428029,2026-03-25T16:40:29,0.0005
9,240+,1774428331,2026-03-25T16:45:31,0.0005
9,240+,1774428631,2026-03-25T16:50:31,0.0005
9,240+,1774428927,2026-03-25T16:55:27,0.0005
9,240+,1774429531,2026-03-25T17:05:31,0.0005
9,240+,1774429831,2026-03-25T17:10:31,0.0005
9,240+,1774430132,2026-03-25T17:15:32,0.0005
9,240+,1774430429,2026-03-25T17:20:29,0.0005
9,240+,1774430730,2026-03-25T17:25:30,0.0005
9,240+,1774431035,2026-03-25T17:30:35,0.0005
9,240+,1774431330,2026-03-25T17:35:30,0.0005
9,240+,1774431641,2026-03-25T17:40:41,0.0005
9,240+,1774431932,2026-03-25T17:45:32,0.0005
9,240+,1774432227,2026-03-25T17:50:27,0.0005
9,240+,1774432527,2026-03-25T17:55:27,0.0005
9,240+,1774433130,2026-03-25T18:05:30,0.0005
9,240+,1774433432,2026-03-25T18:10:32,0.0005
9,240+,1774433729,2026-03-25T18:15:29,0.0005
9,240+,1774434030,2026-03-25T18:20:30,0.0005
9,240+,1774434333,2026-03-25T18:25:33,0.0005
9,240+,1774434634,2026-03-25T18:30:34,0.0005
9,240+,1774434934,2026-03-25T18:35:34,0.0005
9,240+,1774435230,2026-03-25T18:40:30,0.0005
9,240+,1774435530,2026-03-25T18:45:30,0.0005
9,240+,1774435829,2026-03-25T18:50:29,0.0005
9,240+,1774436129,2026-03-25T18:55:29,0.0005
9,240+,1774436739,2026-03-25T19:05:39,0.0005
9,240+,1774437033,2026-03-25T19:10:33,0.0005
9,240+,1774437329,2026-03-25T19:15:29,0.0005
9,240+,1774437640,2026-03-25T19:20:40,0.0005
9,240+,1774437930,2026-03-25T19:25:30,0.0005
9,240+,1774438233,2026-03-25T19:30:33,0.0005
9,240+,1774438530,2026-03-25T19:35:30,0.0005
9,240+,1774438829,2026-03-25T19:40:29,0.0005
9,240+,1774439131,2026-03-25T19:45:31,0.0005
9,240+,1774439433,2026-03-25T19:50:33,0.0005
9,240+,1774439729,2026-03-25T19:55:29,0.0005
9,240+,1774440327,2026-03-25T20:05:27,0.0005
9,240+,1774440630,2026-03-25T20:10:30,0.0005
9,240+,1774440933,2026-03-25T20:15:33,0.0005
9,240+,1774441237,2026-03-25T20:20:37,0.0005
9,240+,1774441532,2026-03-25T20:25:32,0.0005
9,240+,1774441838,2026-03-25T20:30:38,0.0005
9,240+,1774442128,2026-03-25T20:35:28,0.0005
9,240+,1774442432,2026-03-25T20:40:32,0.0005
9,240+,1774442729,2026-03-25T20:45:29,0.0005
9,240+,1774443032,2026-03-25T20:50:32,0.0005
9,240+,1774443331,2026-03-25T20:55:31,0.0005
9,240+,1774443930,2026-03-25T21:05:30,0.0005
9,240+,1774444232,2026-03-25T21:10:32,0.0005
9,240+,1774444531,2026-03-25T21:15:31,0.0005
9,240+,1774444830,2026-03-25T21:20:30,0.0005
9,240+,1774445131,2026-03-25T21:25:31,0.0005
9,240+,1774445440,2026-03-25T21:30:40,0.0005
9,240+,1774445748,2026-03-25T21:35:48,0.0005
9,240+,1774446029,2026-03-25T21:40:29,0.0005
9,240+,1774446331,2026-03-25T21:45:31,0.0005
9,240+,1774446634,2026-03-25T21:50:34,0.0005
9,240+,1774446932,2026-03-25T21:55:32,0.0005
9,240+,1774447533,2026-03-25T22:05:33,0.0005
9,240+,1774447832,2026-03-25T22:10:32,0.0005
9,240+,1774448136,2026-03-25T22:15:36,0.0005
9,240+,1774448434,2026-03-25T22:20:34,0.0005
9,240+,1774448729,2026-03-25T22:25:29,0.0005
9,240+,1774449038,2026-03-25T22:30:38,0.0005
9,240+,1774449352,2026-03-25T22:35:52,0.0005
9,240+,1774449629,2026-03-25T22:40:29,0.0005
9,240+,1774449931,2026-03-25T22:45:31,0.0005
9,240+,1774450231,2026-03-25T22:50:31,0.0005
9,240+,1774450531,2026-03-25T22:55:31,0.0005
9,240+,1774451136,2026-03-25T23:05:36,0.0005
9,240+,1774451433,2026-03-25T23:10:33,0.0005
9,240+,1774451732,2026-03-25T23:15:32,0.0005
9,240+,1774452033,2026-03-25T23:20:33,0.0005
9,240+,1774452330,2026-03-25T23:25:30,0.0005
9,240+,1774452636,2026-03-25T23:30:36,0.0005
9,240+,1774452935,2026-03-25T23:35:35,0.0005
9,240+,1774453229,2026-03-25T23:40:29,0.0005
9,240+,1774453531,2026-03-25T23:45:31,0.0005
9,240+,1774453832,2026-03-25T23:50:32,0.0005
9,240+,1774454132,2026-03-25T23:55:32,0.0005
9,240+,1774454733,2026-03-26T00:05:33,0.0005
9,240+,1774455032,2026-03-26T00:10:32,0.0005
9,240+,1774455347,2026-03-26T00:15:47,0.0005
9,240+,1774455632,2026-03-26T00:20:32,0.0005
9,240+,1774455932,2026-03-26T00:25:32,0.0005
9,240+,1774456233,2026-03-26T00:30:33,0.0005
9,240+,1774456533,2026-03-26T00:35:33,0.0005
9,240+,1774456830,2026-03-26T00:40:30,0.0005
9,240+,1774457131,2026-03-26T00:45:31,0.0005
9,240+,1774457428,2026-03-26T00:50:28,0.0005
9,240+,1774457732,2026-03-26T00:55:32,0.0005
9,240+,1774458338,2026-03-26T01:05:38,0.0005
9,240+,1774458630,2026-03-26T01:10:30,0.0005
9,240+,1774458931,2026-03-26T01:15:31,0.0005
9,240+,1774459242,2026-03-26T01:20:42,0.0005
9,240+,1774459553,2026-03-26T01:25:53,0.0005
9,240+,1774459833,2026-03-26T01:30:33,0.0005
9,240+,1774460131,2026-03-26T01:35:31,0.0005
9,240+,1774460428,2026-03-26T01:40:28,0.0005
9,240+,1774460732,2026-03-26T01:45:32,0.0005
9,240+,1774461029,2026-03-26T01:50:29,0.0005
9,240+,1774461331,2026-03-26T01:55:31,0.0005
9,240+,1774461931,2026-03-26T02:05:31,0.0005
9,240+,1774462243,2026-03-26T02:10:43,0.0005
9,240+,1774462532,2026-03-26T02:15:32,0.0005
9,240+,1774462831,2026-03-26T02:20:31,0.0005
9,240+,1774463129,2026-03-26T02:25:29,0.0005
9,240+,1774463445,2026-03-26T02:30:45,0.0005
9,240+,1774463728,2026-03-26T02:35:28,0.0005
9,240+,1774464029,2026-03-26T02:40:29,0.0005
