bin_index,outcome,timestamp,datetime,price
0,<40,1773074723,2026-03-10T00:45:23,0.1
0,<40,1773075022,2026-03-10T00:50:22,0.11
0,<40,1773075322,2026-03-10T00:55:22,0.105
0,<40,1773075637,2026-03-10T01:00:37,0.06
0,<40,1773075924,2026-03-10T01:05:24,0.06
0,<40,1773076238,2026-03-10T01:10:38,0.055
0,<40,1773076522,2026-03-10T01:15:22,0.055
0,<40,1773076830,2026-03-10T01:20:30,0.055
0,<40,1773077125,2026-03-10T01:25:25,0.06
0,<40,1773077426,2026-03-10T01:30:26,0.065
0,<40,1773077725,2026-03-10T01:35:25,0.065
0,<40,1773078023,2026-03-10T01:40:23,0.065
0,<40,1773078327,2026-03-10T01:45:27,0.065
0,<40,1773078623,2026-03-10T01:50:23,0.065
0,<40,1773078923,2026-03-10T01:55:23,0.07
0,<40,1773079235,2026-03-10T02:00:35,0.065
0,<40,1773079523,2026-03-10T02:05:23,0.065
0,<40,1773079824,2026-03-10T02:10:24,0.05
0,<40,1773080123,2026-03-10T02:15:23,0.055
0,<40,1773080422,2026-03-10T02:20:22,0.055
0,<40,1773080727,2026-03-10T02:25:27,0.055
0,<40,1773081027,2026-03-10T02:30:27,0.055
0,<40,1773081323,2026-03-10T02:35:23,0.055
0,<40,1773081622,2026-03-10T02:40:22,0.055
0,<40,1773081924,2026-03-10T02:45:24,0.055
0,<40,1773082224,2026-03-10T02:50:24,0.055
0,<40,1773082524,2026-03-10T02:55:24,0.055
0,<40,1773082828,2026-03-10T03:00:28,0.055
0,<40,1773083124,2026-03-10T03:05:24,0.055
0,<40,1773083426,2026-03-10T03:10:26,0.055
0,<40,1773083724,2026-03-10T03:15:24,0.055
0,<40,1773084023,2026-03-10T03:20:23,0.055
0,<40,1773084325,2026-03-10T03:25:25,0.035
0,<40,1773084626,2026-03-10T03:30:26,0.05
0,<40,1773084924,2026-03-10T03:35:24,0.0485
0,<40,1773085223,2026-03-10T03:40:23,0.0495
0,<40,1773085523,2026-03-10T03:45:23,0.0445
0,<40,1773085826,2026-03-10T03:50:26,0.0445
0,<40,1773086124,2026-03-10T03:55:24,0.0455
0,<40,1773086427,2026-03-10T04:00:27,0.0455
0,<40,1773086723,2026-03-10T04:05:23,0.046
0,<40,1773087023,2026-03-10T04:10:23,0.0495
0,<40,1773087325,2026-03-10T04:15:25,0.0495
0,<40,1773087624,2026-03-10T04:20:24,0.0495
0,<40,1773087926,2026-03-10T04:25:26,0.0495
0,<40,1773088226,2026-03-10T04:30:26,0.06
0,<40,1773088523,2026-03-10T04:35:23,0.06
0,<40,1773088824,2026-03-10T04:40:24,0.06
0,<40,1773089122,2026-03-10T04:45:22,0.06
0,<40,1773089430,2026-03-10T04:50:30,0.06
0,<40,1773089723,2026-03-10T04:55:23,0.06
0,<40,1773090036,2026-03-10T05:00:36,0.06
0,<40,1773090325,2026-03-10T05:05:25,0.0605
0,<40,1773090623,2026-03-10T05:10:23,0.0645
0,<40,1773090933,2026-03-10T05:15:33,0.065
0,<40,1773091225,2026-03-10T05:20:25,0.0615
0,<40,1773091523,2026-03-10T05:25:23,0.0625
0,<40,1773091829,2026-03-10T05:30:29,0.0635
0,<40,1773092124,2026-03-10T05:35:24,0.064
0,<40,1773092424,2026-03-10T05:40:24,0.0505
0,<40,1773092726,2026-03-10T05:45:26,0.056
0,<40,1773093025,2026-03-10T05:50:25,0.056
0,<40,1773093325,2026-03-10T05:55:25,0.0565
0,<40,1773093627,2026-03-10T06:00:27,0.0595
0,<40,1773093926,2026-03-10T06:05:26,0.061
0,<40,1773094227,2026-03-10T06:10:27,0.0615
0,<40,1773094527,2026-03-10T06:15:27,0.051
0,<40,1773094826,2026-03-10T06:20:26,0.05
0,<40,1773095126,2026-03-10T06:25:26,0.0485
0,<40,1773095429,2026-03-10T06:30:29,0.0455
0,<40,1773095727,2026-03-10T06:35:27,0.0455
0,<40,1773096026,2026-03-10T06:40:26,0.0455
0,<40,1773096326,2026-03-10T06:45:26,0.0455
0,<40,1773096628,2026-03-10T06:50:28,0.0455
0,<40,1773096925,2026-03-10T06:55:25,0.0455
0,<40,1773097228,2026-03-10T07:00:28,0.0455
0,<40,1773097524,2026-03-10T07:05:24,0.0455
0,<40,1773097834,2026-03-10T07:10:34,0.0455
0,<40,1773098139,2026-03-10T07:15:39,0.046
0,<40,1773098425,2026-03-10T07:20:25,0.045
0,<40,1773098725,2026-03-10T07:25:25,0.045
0,<40,1773099028,2026-03-10T07:30:28,0.045
0,<40,1773099325,2026-03-10T07:35:25,0.045
0,<40,1773099627,2026-03-10T07:40:27,0.045
0,<40,1773099932,2026-03-10T07:45:32,0.045
0,<40,1773100226,2026-03-10T07:50:26,0.045
0,<40,1773100526,2026-03-10T07:55:26,0.045
0,<40,1773100841,2026-03-10T08:00:41,0.045
0,<40,1773101125,2026-03-10T08:05:25,0.05
0,<40,1773101426,2026-03-10T08:10:26,0.049
0,<40,1773101724,2026-03-10T08:15:24,0.0485
0,<40,1773102026,2026-03-10T08:20:26,0.0485
0,<40,1773102324,2026-03-10T08:25:24,0.0495
0,<40,1773102627,2026-03-10T08:30:27,0.0485
0,<40,1773102925,2026-03-10T08:35:25,0.0485
0,<40,1773103224,2026-03-10T08:40:24,0.0485
0,<40,1773103526,2026-03-10T08:45:26,0.0525
0,<40,1773103823,2026-03-10T08:50:23,0.0525
0,<40,1773104124,2026-03-10T08:55:24,0.0525
0,<40,1773104426,2026-03-10T09:00:26,0.0525
0,<40,1773104727,2026-03-10T09:05:27,0.0525
0,<40,1773105023,2026-03-10T09:10:23,0.0525
0,<40,1773105325,2026-03-10T09:15:25,0.0525
0,<40,1773105627,2026-03-10T09:20:27,0.0525
0,<40,1773105927,2026-03-10T09:25:27,0.0525
0,<40,1773106244,2026-03-10T09:30:44,0.0525
0,<40,1773106524,2026-03-10T09:35:24,0.0525
0,<40,1773106824,2026-03-10T09:40:24,0.0525
0,<40,1773107126,2026-03-10T09:45:26,0.0525
0,<40,1773107426,2026-03-10T09:50:26,0.0525
0,<40,1773107724,2026-03-10T09:55:24,0.053
0,<40,1773108027,2026-03-10T10:00:27,0.0515
0,<40,1773108324,2026-03-10T10:05:24,0.051
0,<40,1773108626,2026-03-10T10:10:26,0.05
0,<40,1773108924,2026-03-10T10:15:24,0.05
0,<40,1773109224,2026-03-10T10:20:24,0.0495
0,<40,1773109525,2026-03-10T10:25:25,0.0495
0,<40,1773109832,2026-03-10T10:30:32,0.0495
0,<40,1773110124,2026-03-10T10:35:24,0.0495
0,<40,1773110424,2026-03-10T10:40:24,0.0495
0,<40,1773110724,2026-03-10T10:45:24,0.0495
0,<40,1773111028,2026-03-10T10:50:28,0.0495
0,<40,1773111327,2026-03-10T10:55:27,0.0495
0,<40,1773111632,2026-03-10T11:00:32,0.05
0,<40,1773111924,2026-03-10T11:05:24,0.05
0,<40,1773112224,2026-03-10T11:10:24,0.05
0,<40,1773112524,2026-03-10T11:15:24,0.05
0,<40,1773112825,2026-03-10T11:20:25,0.0495
0,<40,1773113126,2026-03-10T11:25:26,0.0495
0,<40,1773113429,2026-03-10T11:30:29,0.0495
0,<40,1773113723,2026-03-10T11:35:23,0.0495
0,<40,1773114027,2026-03-10T11:40:27,0.0495
0,<40,1773114326,2026-03-10T11:45:26,0.0495
0,<40,1773114624,2026-03-10T11:50:24,0.0495
0,<40,1773114926,2026-03-10T11:55:26,0.0495
0,<40,1773115232,2026-03-10T12:00:32,0.049
0,<40,1773115526,2026-03-10T12:05:26,0.0485
0,<40,1773115824,2026-03-10T12:10:24,0.054
0,<40,1773116127,2026-03-10T12:15:27,0.055
0,<40,1773116426,2026-03-10T12:20:26,0.0555
0,<40,1773116726,2026-03-10T12:25:26,0.0565
0,<40,1773117028,2026-03-10T12:30:28,0.056
0,<40,1773117324,2026-03-10T12:35:24,0.056
0,<40,1773117626,2026-03-10T12:40:26,0.0555
0,<40,1773117927,2026-03-10T12:45:27,0.0485
0,<40,1773118231,2026-03-10T12:50:31,0.0465
0,<40,1773118533,2026-03-10T12:55:33,0.0485
0,<40,1773118829,2026-03-10T13:00:29,0.0485
0,<40,1773119126,2026-03-10T13:05:26,0.0485
0,<40,1773119427,2026-03-10T13:10:27,0.0475
0,<40,1773119726,2026-03-10T13:15:26,0.046
0,<40,1773120025,2026-03-10T13:20:25,0.0485
0,<40,1773120329,2026-03-10T13:25:29,0.051
0,<40,1773120629,2026-03-10T13:30:29,0.051
0,<40,1773120925,2026-03-10T13:35:25,0.052
0,<40,1773121226,2026-03-10T13:40:26,0.052
0,<40,1773121527,2026-03-10T13:45:27,0.0505
0,<40,1773121826,2026-03-10T13:50:26,0.0505
0,<40,1773122127,2026-03-10T13:55:27,0.049
0,<40,1773122434,2026-03-10T14:00:34,0.05
0,<40,1773122726,2026-03-10T14:05:26,0.0495
0,<40,1773123025,2026-03-10T14:10:25,0.0515
0,<40,1773123327,2026-03-10T14:15:27,0.051
0,<40,1773123626,2026-03-10T14:20:26,0.051
0,<40,1773123926,2026-03-10T14:25:26,0.051
0,<40,1773124229,2026-03-10T14:30:29,0.05
0,<40,1773124534,2026-03-10T14:35:34,0.05
0,<40,1773124827,2026-03-10T14:40:27,0.0505
0,<40,1773125126,2026-03-10T14:45:26,0.0505
0,<40,1773125426,2026-03-10T14:50:26,0.051
0,<40,1773125726,2026-03-10T14:55:26,0.051
0,<40,1773126031,2026-03-10T15:00:31,0.0495
0,<40,1773126327,2026-03-10T15:05:27,0.0465
0,<40,1773126625,2026-03-10T15:10:25,0.0465
0,<40,1773126924,2026-03-10T15:15:24,0.045
0,<40,1773127224,2026-03-10T15:20:24,0.045
0,<40,1773127528,2026-03-10T15:25:28,0.045
0,<40,1773127830,2026-03-10T15:30:30,0.045
0,<40,1773128126,2026-03-10T15:35:26,0.0445
0,<40,1773128431,2026-03-10T15:40:31,0.0445
0,<40,1773128726,2026-03-10T15:45:26,0.0445
0,<40,1773129027,2026-03-10T15:50:27,0.0435
0,<40,1773129325,2026-03-10T15:55:25,0.0445
0,<40,1773129628,2026-03-10T16:00:28,0.0445
0,<40,1773129926,2026-03-10T16:05:26,0.04
0,<40,1773130225,2026-03-10T16:10:25,0.0465
0,<40,1773130526,2026-03-10T16:15:26,0.04
0,<40,1773130827,2026-03-10T16:20:27,0.043
0,<40,1773131125,2026-03-10T16:25:25,0.043
0,<40,1773131429,2026-03-10T16:30:29,0.0465
0,<40,1773131729,2026-03-10T16:35:29,0.0425
0,<40,1773132025,2026-03-10T16:40:25,0.0415
0,<40,1773132328,2026-03-10T16:45:28,0.0425
0,<40,1773132627,2026-03-10T16:50:27,0.04
0,<40,1773132926,2026-03-10T16:55:26,0.0425
0,<40,1773133246,2026-03-10T17:00:46,0.0345
0,<40,1773133527,2026-03-10T17:05:27,0.0395
0,<40,1773133827,2026-03-10T17:10:27,0.0415
0,<40,1773134136,2026-03-10T17:15:36,0.041
0,<40,1773134427,2026-03-10T17:20:27,0.0415
0,<40,1773134728,2026-03-10T17:25:28,0.0445
0,<40,1773135027,2026-03-10T17:30:27,0.0405
0,<40,1773135328,2026-03-10T17:35:28,0.0405
0,<40,1773135627,2026-03-10T17:40:27,0.0425
0,<40,1773135924,2026-03-10T17:45:24,0.0425
0,<40,1773136225,2026-03-10T17:50:25,0.042
0,<40,1773136524,2026-03-10T17:55:24,0.043
0,<40,1773136843,2026-03-10T18:00:43,0.044
0,<40,1773137128,2026-03-10T18:05:28,0.042
0,<40,1773137425,2026-03-10T18:10:25,0.0425
0,<40,1773137727,2026-03-10T18:15:27,0.0415
0,<40,1773138028,2026-03-10T18:20:28,0.0435
0,<40,1773138326,2026-03-10T18:25:26,0.044
0,<40,1773138630,2026-03-10T18:30:30,0.044
0,<40,1773138928,2026-03-10T18:35:28,0.044
0,<40,1773139229,2026-03-10T18:40:29,0.044
0,<40,1773139527,2026-03-10T18:45:27,0.0455
0,<40,1773139826,2026-03-10T18:50:26,0.0455
0,<40,1773140130,2026-03-10T18:55:30,0.044
0,<40,1773140428,2026-03-10T19:00:28,0.043
0,<40,1773140729,2026-03-10T19:05:29,0.0425
0,<40,1773141025,2026-03-10T19:10:25,0.042
0,<40,1773141332,2026-03-10T19:15:32,0.042
0,<40,1773141626,2026-03-10T19:20:26,0.042
0,<40,1773141927,2026-03-10T19:25:27,0.043
0,<40,1773142230,2026-03-10T19:30:30,0.0435
0,<40,1773142525,2026-03-10T19:35:25,0.0435
0,<40,1773142825,2026-03-10T19:40:25,0.0435
0,<40,1773143127,2026-03-10T19:45:27,0.0425
0,<40,1773143429,2026-03-10T19:50:29,0.042
0,<40,1773143725,2026-03-10T19:55:25,0.043
0,<40,1773144045,2026-03-10T20:00:45,0.043
0,<40,1773144328,2026-03-10T20:05:28,0.0425
0,<40,1773144654,2026-03-10T20:10:54,0.042
0,<40,1773144929,2026-03-10T20:15:29,0.0445
0,<40,1773145229,2026-03-10T20:20:29,0.0435
0,<40,1773145528,2026-03-10T20:25:28,0.045
0,<40,1773145834,2026-03-10T20:30:34,0.045
0,<40,1773146126,2026-03-10T20:35:26,0.045
0,<40,1773146428,2026-03-10T20:40:28,0.045
0,<40,1773146743,2026-03-10T20:45:43,0.044
0,<40,1773147026,2026-03-10T20:50:26,0.043
0,<40,1773147326,2026-03-10T20:55:26,0.0455
0,<40,1773147634,2026-03-10T21:00:34,0.044
0,<40,1773147930,2026-03-10T21:05:30,0.043
0,<40,1773148227,2026-03-10T21:10:27,0.0455
0,<40,1773148526,2026-03-10T21:15:26,0.0425
0,<40,1773148827,2026-03-10T21:20:27,0.0405
0,<40,1773149126,2026-03-10T21:25:26,0.0405
0,<40,1773149435,2026-03-10T21:30:35,0.038
0,<40,1773149728,2026-03-10T21:35:28,0.042
0,<40,1773150028,2026-03-10T21:40:28,0.041
0,<40,1773150327,2026-03-10T21:45:27,0.0405
0,<40,1773150628,2026-03-10T21:50:28,0.042
0,<40,1773150929,2026-03-10T21:55:29,0.0385
0,<40,1773151232,2026-03-10T22:00:32,0.035
0,<40,1773151527,2026-03-10T22:05:27,0.0365
0,<40,1773151829,2026-03-10T22:10:29,0.036
0,<40,1773152127,2026-03-10T22:15:27,0.0335
0,<40,1773152427,2026-03-10T22:20:27,0.0355
0,<40,1773152728,2026-03-10T22:25:28,0.036
0,<40,1773153034,2026-03-10T22:30:34,0.0365
0,<40,1773153351,2026-03-10T22:35:51,0.0365
0,<40,1773153627,2026-03-10T22:40:27,0.0365
0,<40,1773153928,2026-03-10T22:45:28,0.0375
0,<40,1773154240,2026-03-10T22:50:40,0.0375
0,<40,1773154534,2026-03-10T22:55:34,0.038
0,<40,1773154846,2026-03-10T23:00:46,0.0365
0,<40,1773155125,2026-03-10T23:05:25,0.0365
0,<40,1773155426,2026-03-10T23:10:26,0.0355
0,<40,1773155726,2026-03-10T23:15:26,0.0355
0,<40,1773156026,2026-03-10T23:20:26,0.036
0,<40,1773156328,2026-03-10T23:25:28,0.035
0,<40,1773156632,2026-03-10T23:30:32,0.035
0,<40,1773156926,2026-03-10T23:35:26,0.035
0,<40,1773157226,2026-03-10T23:40:26,0.035
0,<40,1773157529,2026-03-10T23:45:29,0.0355
0,<40,1773157835,2026-03-10T23:50:35,0.0355
0,<40,1773158125,2026-03-10T23:55:25,0.0355
0,<40,1773158436,2026-03-11T00:00:36,0.0325
0,<40,1773158726,2026-03-11T00:05:26,0.0305
0,<40,1773159028,2026-03-11T00:10:28,0.0305
0,<40,1773159326,2026-03-11T00:15:26,0.0305
0,<40,1773159630,2026-03-11T00:20:30,0.0305
0,<40,1773159925,2026-03-11T00:25:25,0.0305
0,<40,1773160231,2026-03-11T00:30:31,0.032
0,<40,1773160526,2026-03-11T00:35:26,0.035
0,<40,1773160828,2026-03-11T00:40:28,0.034
0,<40,1773161133,2026-03-11T00:45:33,0.0335
0,<40,1773161428,2026-03-11T00:50:28,0.0315
0,<40,1773161725,2026-03-11T00:55:25,0.0315
0,<40,1773162029,2026-03-11T01:00:29,0.0315
0,<40,1773162326,2026-03-11T01:05:26,0.0315
0,<40,1773162626,2026-03-11T01:10:26,0.0305
0,<40,1773162929,2026-03-11T01:15:29,0.039
0,<40,1773163227,2026-03-11T01:20:27,0.0365
0,<40,1773163532,2026-03-11T01:25:32,0.035
0,<40,1773163831,2026-03-11T01:30:31,0.0365
0,<40,1773164126,2026-03-11T01:35:26,0.036
0,<40,1773164429,2026-03-11T01:40:29,0.033
0,<40,1773164729,2026-03-11T01:45:29,0.0425
0,<40,1773165028,2026-03-11T01:50:28,0.0415
0,<40,1773165327,2026-03-11T01:55:27,0.036
0,<40,1773165642,2026-03-11T02:00:42,0.035
0,<40,1773165930,2026-03-11T02:05:30,0.036
0,<40,1773166228,2026-03-11T02:10:28,0.0345
0,<40,1773166526,2026-03-11T02:15:26,0.035
0,<40,1773166828,2026-03-11T02:20:28,0.034
0,<40,1773167140,2026-03-11T02:25:40,0.033
0,<40,1773167434,2026-03-11T02:30:34,0.034
0,<40,1773167725,2026-03-11T02:35:25,0.033
0,<40,1773168028,2026-03-11T02:40:28,0.035
0,<40,1773168333,2026-03-11T02:45:33,0.034
0,<40,1773168628,2026-03-11T02:50:28,0.035
0,<40,1773168925,2026-03-11T02:55:25,0.0355
0,<40,1773169231,2026-03-11T03:00:31,0.0345
0,<40,1773169539,2026-03-11T03:05:39,0.0325
0,<40,1773169827,2026-03-11T03:10:27,0.0245
0,<40,1773170126,2026-03-11T03:15:26,0.0225
0,<40,1773170430,2026-03-11T03:20:30,0.0245
0,<40,1773170729,2026-03-11T03:25:29,0.0255
0,<40,1773171031,2026-03-11T03:30:31,0.025
0,<40,1773171327,2026-03-11T03:35:27,0.025
0,<40,1773171628,2026-03-11T03:40:28,0.025
0,<40,1773171930,2026-03-11T03:45:30,0.025
0,<40,1773172228,2026-03-11T03:50:28,0.025
0,<40,1773172528,2026-03-11T03:55:28,0.025
0,<40,1773172833,2026-03-11T04:00:33,0.025
0,<40,1773173127,2026-03-11T04:05:27,0.026
0,<40,1773173426,2026-03-11T04:10:26,0.026
0,<40,1773173728,2026-03-11T04:15:28,0.026
0,<40,1773174029,2026-03-11T04:20:29,0.026
0,<40,1773174325,2026-03-11T04:25:25,0.026
0,<40,1773174629,2026-03-11T04:30:29,0.0265
0,<40,1773174926,2026-03-11T04:35:26,0.0265
0,<40,1773175229,2026-03-11T04:40:29,0.0265
0,<40,1773175527,2026-03-11T04:45:27,0.026
0,<40,1773175827,2026-03-11T04:50:27,0.0225
0,<40,1773176129,2026-03-11T04:55:29,0.0225
0,<40,1773176442,2026-03-11T05:00:42,0.026
0,<40,1773176728,2026-03-11T05:05:28,0.0285
0,<40,1773177025,2026-03-11T05:10:25,0.0265
0,<40,1773177327,2026-03-11T05:15:27,0.0265
0,<40,1773177649,2026-03-11T05:20:49,0.026
0,<40,1773177925,2026-03-11T05:25:25,0.026
0,<40,1773178233,2026-03-11T05:30:33,0.026
0,<40,1773178526,2026-03-11T05:35:26,0.026
0,<40,1773178828,2026-03-11T05:40:28,0.026
0,<40,1773179129,2026-03-11T05:45:29,0.0265
0,<40,1773179429,2026-03-11T05:50:29,0.0265
0,<40,1773179726,2026-03-11T05:55:26,0.0245
0,<40,1773180031,2026-03-11T06:00:31,0.0245
0,<40,1773180330,2026-03-11T06:05:30,0.025
0,<40,1773180637,2026-03-11T06:10:37,0.023
0,<40,1773180929,2026-03-11T06:15:29,0.023
0,<40,1773181228,2026-03-11T06:20:28,0.0225
0,<40,1773181529,2026-03-11T06:25:29,0.022
0,<40,1773181829,2026-03-11T06:30:29,0.022
0,<40,1773182125,2026-03-11T06:35:25,0.022
0,<40,1773182429,2026-03-11T06:40:29,0.022
0,<40,1773182728,2026-03-11T06:45:28,0.022
0,<40,1773183027,2026-03-11T06:50:27,0.023
0,<40,1773183329,2026-03-11T06:55:29,0.023
0,<40,1773183631,2026-03-11T07:00:31,0.0235
0,<40,1773183936,2026-03-11T07:05:36,0.023
0,<40,1773184228,2026-03-11T07:10:28,0.023
0,<40,1773184527,2026-03-11T07:15:27,0.0215
0,<40,1773184826,2026-03-11T07:20:26,0.023
0,<40,1773185129,2026-03-11T07:25:29,0.023
0,<40,1773185434,2026-03-11T07:30:34,0.0235
0,<40,1773185729,2026-03-11T07:35:29,0.0235
0,<40,1773186039,2026-03-11T07:40:39,0.023
0,<40,1773186329,2026-03-11T07:45:29,0.023
0,<40,1773186629,2026-03-11T07:50:29,0.022
0,<40,1773186930,2026-03-11T07:55:30,0.022
0,<40,1773187244,2026-03-11T08:00:44,0.021
0,<40,1773187526,2026-03-11T08:05:26,0.024
0,<40,1773187831,2026-03-11T08:10:31,0.024
0,<40,1773188128,2026-03-11T08:15:28,0.0245
0,<40,1773188426,2026-03-11T08:20:26,0.0215
0,<40,1773188729,2026-03-11T08:25:29,0.024
0,<40,1773189033,2026-03-11T08:30:33,0.022
0,<40,1773189331,2026-03-11T08:35:31,0.0255
0,<40,1773189627,2026-03-11T08:40:27,0.0255
0,<40,1773189929,2026-03-11T08:45:29,0.0225
0,<40,1773190226,2026-03-11T08:50:26,0.023
0,<40,1773190526,2026-03-11T08:55:26,0.023
0,<40,1773190833,2026-03-11T09:00:33,0.025
0,<40,1773191129,2026-03-11T09:05:29,0.0225
0,<40,1773191426,2026-03-11T09:10:26,0.0225
0,<40,1773191729,2026-03-11T09:15:29,0.0215
0,<40,1773192029,2026-03-11T09:20:29,0.0215
0,<40,1773192328,2026-03-11T09:25:28,0.0215
0,<40,1773192632,2026-03-11T09:30:32,0.0215
0,<40,1773192927,2026-03-11T09:35:27,0.0215
0,<40,1773193228,2026-03-11T09:40:28,0.0215
0,<40,1773193526,2026-03-11T09:45:26,0.0215
0,<40,1773193836,2026-03-11T09:50:36,0.0215
0,<40,1773194126,2026-03-11T09:55:26,0.0215
0,<40,1773194432,2026-03-11T10:00:32,0.0215
0,<40,1773194729,2026-03-11T10:05:29,0.0215
0,<40,1773195029,2026-03-11T10:10:29,0.0215
0,<40,1773195327,2026-03-11T10:15:27,0.026
0,<40,1773195628,2026-03-11T10:20:28,0.027
0,<40,1773195932,2026-03-11T10:25:32,0.0265
0,<40,1773196229,2026-03-11T10:30:29,0.027
0,<40,1773196534,2026-03-11T10:35:34,0.027
0,<40,1773196826,2026-03-11T10:40:26,0.0255
0,<40,1773197136,2026-03-11T10:45:36,0.0255
0,<40,1773197428,2026-03-11T10:50:28,0.0255
0,<40,1773197727,2026-03-11T10:55:27,0.0225
0,<40,1773198043,2026-03-11T11:00:43,0.0225
0,<40,1773198327,2026-03-11T11:05:27,0.0225
0,<40,1773198640,2026-03-11T11:10:40,0.0225
0,<40,1773198928,2026-03-11T11:15:28,0.0225
0,<40,1773199230,2026-03-11T11:20:30,0.0225
0,<40,1773199526,2026-03-11T11:25:26,0.0225
0,<40,1773199830,2026-03-11T11:30:30,0.0225
0,<40,1773200128,2026-03-11T11:35:28,0.0225
0,<40,1773200428,2026-03-11T11:40:28,0.0225
0,<40,1773200729,2026-03-11T11:45:29,0.0215
0,<40,1773201026,2026-03-11T11:50:26,0.0195
0,<40,1773201332,2026-03-11T11:55:32,0.0195
0,<40,1773201632,2026-03-11T12:00:32,0.0195
0,<40,1773201929,2026-03-11T12:05:29,0.0195
0,<40,1773202227,2026-03-11T12:10:27,0.0195
0,<40,1773202544,2026-03-11T12:15:44,0.0185
0,<40,1773202828,2026-03-11T12:20:28,0.0185
0,<40,1773203125,2026-03-11T12:25:25,0.0185
0,<40,1773203431,2026-03-11T12:30:31,0.0185
0,<40,1773203729,2026-03-11T12:35:29,0.0185
0,<40,1773204025,2026-03-11T12:40:25,0.0185
0,<40,1773204337,2026-03-11T12:45:37,0.0235
0,<40,1773204629,2026-03-11T12:50:29,0.0215
0,<40,1773204926,2026-03-11T12:55:26,0.0255
0,<40,1773205232,2026-03-11T13:00:32,0.025
0,<40,1773205527,2026-03-11T13:05:27,0.025
0,<40,1773205826,2026-03-11T13:10:26,0.0255
0,<40,1773206131,2026-03-11T13:15:31,0.025
0,<40,1773206426,2026-03-11T13:20:26,0.021
0,<40,1773206725,2026-03-11T13:25:25,0.0205
0,<40,1773207029,2026-03-11T13:30:29,0.0205
0,<40,1773207327,2026-03-11T13:35:27,0.0195
0,<40,1773207629,2026-03-11T13:40:29,0.0195
0,<40,1773207928,2026-03-11T13:45:28,0.0185
0,<40,1773208229,2026-03-11T13:50:29,0.025
0,<40,1773208525,2026-03-11T13:55:25,0.025
0,<40,1773208843,2026-03-11T14:00:43,0.024
0,<40,1773209136,2026-03-11T14:05:36,0.025
0,<40,1773209425,2026-03-11T14:10:25,0.022
0,<40,1773209726,2026-03-11T14:15:26,0.0205
0,<40,1773210026,2026-03-11T14:20:26,0.0205
0,<40,1773210327,2026-03-11T14:25:27,0.019
0,<40,1773210642,2026-03-11T14:30:42,0.018
0,<40,1773210934,2026-03-11T14:35:34,0.0175
0,<40,1773211231,2026-03-11T14:40:31,0.0175
0,<40,1773211527,2026-03-11T14:45:27,0.0255
0,<40,1773211828,2026-03-11T14:50:28,0.0215
0,<40,1773212132,2026-03-11T14:55:32,0.0205
0,<40,1773212433,2026-03-11T15:00:33,0.0205
0,<40,1773212728,2026-03-11T15:05:28,0.0205
0,<40,1773213025,2026-03-11T15:10:25,0.0205
0,<40,1773213337,2026-03-11T15:15:37,0.0205
0,<40,1773213626,2026-03-11T15:20:26,0.0205
0,<40,1773213929,2026-03-11T15:25:29,0.0205
0,<40,1773214232,2026-03-11T15:30:32,0.0205
0,<40,1773214527,2026-03-11T15:35:27,0.0205
0,<40,1773214829,2026-03-11T15:40:29,0.02
0,<40,1773215127,2026-03-11T15:45:27,0.0195
0,<40,1773215428,2026-03-11T15:50:28,0.019
0,<40,1773215726,2026-03-11T15:55:26,0.0185
0,<40,1773216032,2026-03-11T16:00:32,0.0185
0,<40,1773216327,2026-03-11T16:05:27,0.0165
0,<40,1773216625,2026-03-11T16:10:25,0.0175
0,<40,1773216935,2026-03-11T16:15:35,0.0175
0,<40,1773217226,2026-03-11T16:20:26,0.0175
0,<40,1773217525,2026-03-11T16:25:25,0.017
0,<40,1773217830,2026-03-11T16:30:30,0.0195
0,<40,1773218125,2026-03-11T16:35:25,0.0215
0,<40,1773218427,2026-03-11T16:40:27,0.0215
0,<40,1773218729,2026-03-11T16:45:29,0.0215
0,<40,1773219029,2026-03-11T16:50:29,0.0215
0,<40,1773219324,2026-03-11T16:55:24,0.0215
0,<40,1773219639,2026-03-11T17:00:39,0.0215
0,<40,1773219925,2026-03-11T17:05:25,0.0245
0,<40,1773220229,2026-03-11T17:10:29,0.028
0,<40,1773220525,2026-03-11T17:15:25,0.028
0,<40,1773220826,2026-03-11T17:20:26,0.028
0,<40,1773221126,2026-03-11T17:25:26,0.0285
0,<40,1773221432,2026-03-11T17:30:32,0.028
0,<40,1773221725,2026-03-11T17:35:25,0.0265
0,<40,1773222025,2026-03-11T17:40:25,0.0255
0,<40,1773222326,2026-03-11T17:45:26,0.0235
0,<40,1773222625,2026-03-11T17:50:25,0.0235
0,<40,1773222934,2026-03-11T17:55:34,0.0235
0,<40,1773223238,2026-03-11T18:00:38,0.0275
0,<40,1773223528,2026-03-11T18:05:28,0.0275
0,<40,1773223828,2026-03-11T18:10:28,0.0275
0,<40,1773224127,2026-03-11T18:15:27,0.0275
0,<40,1773224425,2026-03-11T18:20:25,0.0275
0,<40,1773224733,2026-03-11T18:25:33,0.0285
0,<40,1773225031,2026-03-11T18:30:31,0.0285
0,<40,1773225327,2026-03-11T18:35:27,0.0285
0,<40,1773225626,2026-03-11T18:40:26,0.0275
0,<40,1773225928,2026-03-11T18:45:28,0.0285
0,<40,1773226225,2026-03-11T18:50:25,0.0285
0,<40,1773226531,2026-03-11T18:55:31,0.0285
0,<40,1773226834,2026-03-11T19:00:34,0.0335
0,<40,1773227125,2026-03-11T19:05:25,0.043
0,<40,1773227428,2026-03-11T19:10:28,0.0595
0,<40,1773227729,2026-03-11T19:15:29,0.049
0,<40,1773228026,2026-03-11T19:20:26,0.035
0,<40,1773228325,2026-03-11T19:25:25,0.033
0,<40,1773228631,2026-03-11T19:30:31,0.033
0,<40,1773228930,2026-03-11T19:35:30,0.0325
0,<40,1773229229,2026-03-11T19:40:29,0.031
0,<40,1773229526,2026-03-11T19:45:26,0.0305
0,<40,1773229831,2026-03-11T19:50:31,0.0305
0,<40,1773230127,2026-03-11T19:55:27,0.0305
0,<40,1773230455,2026-03-11T20:00:55,0.0305
0,<40,1773230730,2026-03-11T20:05:30,0.0305
0,<40,1773231026,2026-03-11T20:10:26,0.031
0,<40,1773231325,2026-03-11T20:15:25,0.0325
0,<40,1773231637,2026-03-11T20:20:37,0.0345
0,<40,1773231926,2026-03-11T20:25:26,0.0345
0,<40,1773232243,2026-03-11T20:30:43,0.034
0,<40,1773232527,2026-03-11T20:35:27,0.034
0,<40,1773232826,2026-03-11T20:40:26,0.034
0,<40,1773233134,2026-03-11T20:45:34,0.0345
0,<40,1773233426,2026-03-11T20:50:26,0.034
0,<40,1773233729,2026-03-11T20:55:29,0.034
0,<40,1773234032,2026-03-11T21:00:32,0.0325
0,<40,1773234328,2026-03-11T21:05:28,0.0295
0,<40,1773234627,2026-03-11T21:10:27,0.0285
0,<40,1773234930,2026-03-11T21:15:30,0.0285
0,<40,1773235231,2026-03-11T21:20:31,0.0285
0,<40,1773235528,2026-03-11T21:25:28,0.0285
0,<40,1773235830,2026-03-11T21:30:30,0.026
0,<40,1773236129,2026-03-11T21:35:29,0.0255
0,<40,1773236428,2026-03-11T21:40:28,0.0305
0,<40,1773236732,2026-03-11T21:45:32,0.0305
0,<40,1773237028,2026-03-11T21:50:28,0.041
0,<40,1773237328,2026-03-11T21:55:28,0.0375
0,<40,1773237633,2026-03-11T22:00:33,0.032
0,<40,1773237929,2026-03-11T22:05:29,0.0315
0,<40,1773238229,2026-03-11T22:10:29,0.033
0,<40,1773238527,2026-03-11T22:15:27,0.032
0,<40,1773238828,2026-03-11T22:20:28,0.0305
0,<40,1773239130,2026-03-11T22:25:30,0.028
0,<40,1773239432,2026-03-11T22:30:32,0.028
0,<40,1773239747,2026-03-11T22:35:47,0.0295
0,<40,1773240034,2026-03-11T22:40:34,0.0295
0,<40,1773240328,2026-03-11T22:45:28,0.032
0,<40,1773240627,2026-03-11T22:50:27,0.032
0,<40,1773240937,2026-03-11T22:55:37,0.0305
0,<40,1773241256,2026-03-11T23:00:56,0.0295
0,<40,1773241528,2026-03-11T23:05:28,0.0285
0,<40,1773241828,2026-03-11T23:10:28,0.024
0,<40,1773242130,2026-03-11T23:15:30,0.0225
0,<40,1773242428,2026-03-11T23:20:28,0.025
0,<40,1773242729,2026-03-11T23:25:29,0.036
0,<40,1773243030,2026-03-11T23:30:30,0.037
0,<40,1773243329,2026-03-11T23:35:29,0.0355
0,<40,1773243629,2026-03-11T23:40:29,0.033
0,<40,1773243927,2026-03-11T23:45:27,0.0365
0,<40,1773244227,2026-03-11T23:50:27,0.032
0,<40,1773244525,2026-03-11T23:55:25,0.0295
0,<40,1773244833,2026-03-12T00:00:33,0.0295
0,<40,1773245130,2026-03-12T00:05:30,0.028
0,<40,1773245453,2026-03-12T00:10:53,0.029
0,<40,1773245728,2026-03-12T00:15:28,0.0335
0,<40,1773246030,2026-03-12T00:20:30,0.033
0,<40,1773246330,2026-03-12T00:25:30,0.0375
0,<40,1773246630,2026-03-12T00:30:30,0.0385
0,<40,1773246927,2026-03-12T00:35:27,0.038
0,<40,1773247232,2026-03-12T00:40:32,0.026
0,<40,1773247529,2026-03-12T00:45:29,0.0235
0,<40,1773247827,2026-03-12T00:50:27,0.0215
0,<40,1773248126,2026-03-12T00:55:26,0.0215
0,<40,1773248452,2026-03-12T01:00:52,0.023
0,<40,1773248732,2026-03-12T01:05:32,0.0245
0,<40,1773249028,2026-03-12T01:10:28,0.025
0,<40,1773249330,2026-03-12T01:15:30,0.026
0,<40,1773249627,2026-03-12T01:20:27,0.028
0,<40,1773249928,2026-03-12T01:25:28,0.028
0,<40,1773250233,2026-03-12T01:30:33,0.0265
0,<40,1773250527,2026-03-12T01:35:27,0.025
0,<40,1773250832,2026-03-12T01:40:32,0.026
0,<40,1773251128,2026-03-12T01:45:28,0.0235
0,<40,1773251430,2026-03-12T01:50:30,0.0235
0,<40,1773251739,2026-03-12T01:55:39,0.028
0,<40,1773252041,2026-03-12T02:00:41,0.0245
0,<40,1773252331,2026-03-12T02:05:31,0.0275
0,<40,1773252628,2026-03-12T02:10:28,0.0245
0,<40,1773252927,2026-03-12T02:15:27,0.031
0,<40,1773253226,2026-03-12T02:20:26,0.0315
0,<40,1773253527,2026-03-12T02:25:27,0.0335
0,<40,1773253830,2026-03-12T02:30:30,0.034
0,<40,1773254127,2026-03-12T02:35:27,0.0325
0,<40,1773254426,2026-03-12T02:40:26,0.031
0,<40,1773254730,2026-03-12T02:45:30,0.031
0,<40,1773255042,2026-03-12T02:50:42,0.0295
0,<40,1773255326,2026-03-12T02:55:26,0.0295
0,<40,1773255633,2026-03-12T03:00:33,0.0305
0,<40,1773255946,2026-03-12T03:05:46,0.03
0,<40,1773256227,2026-03-12T03:10:27,0.03
0,<40,1773256528,2026-03-12T03:15:28,0.03
0,<40,1773256827,2026-03-12T03:20:27,0.032
0,<40,1773257126,2026-03-12T03:25:26,0.033
0,<40,1773257433,2026-03-12T03:30:33,0.032
0,<40,1773257728,2026-03-12T03:35:28,0.028
0,<40,1773258028,2026-03-12T03:40:28,0.0315
0,<40,1773258326,2026-03-12T03:45:26,0.0315
0,<40,1773258632,2026-03-12T03:50:32,0.0315
0,<40,1773258927,2026-03-12T03:55:27,0.0325
0,<40,1773259236,2026-03-12T04:00:36,0.033
0,<40,1773259528,2026-03-12T04:05:28,0.0325
0,<40,1773259829,2026-03-12T04:10:29,0.028
0,<40,1773260126,2026-03-12T04:15:26,0.0275
0,<40,1773260426,2026-03-12T04:20:26,0.0275
0,<40,1773260732,2026-03-12T04:25:32,0.0265
0,<40,1773261033,2026-03-12T04:30:33,0.0245
0,<40,1773261330,2026-03-12T04:35:30,0.0265
0,<40,1773261628,2026-03-12T04:40:28,0.027
0,<40,1773261929,2026-03-12T04:45:29,0.027
0,<40,1773262242,2026-03-12T04:50:42,0.0265
0,<40,1773262527,2026-03-12T04:55:27,0.027
0,<40,1773262845,2026-03-12T05:00:45,0.027
0,<40,1773263127,2026-03-12T05:05:27,0.0275
0,<40,1773263427,2026-03-12T05:10:27,0.025
0,<40,1773263729,2026-03-12T05:15:29,0.0265
0,<40,1773264030,2026-03-12T05:20:30,0.027
0,<40,1773264346,2026-03-12T05:25:46,0.027
0,<40,1773264633,2026-03-12T05:30:33,0.028
0,<40,1773264927,2026-03-12T05:35:27,0.0255
0,<40,1773265231,2026-03-12T05:40:31,0.0245
0,<40,1773265541,2026-03-12T05:45:41,0.0245
0,<40,1773265829,2026-03-12T05:50:29,0.0245
0,<40,1773266128,2026-03-12T05:55:28,0.0245
0,<40,1773266434,2026-03-12T06:00:34,0.0285
0,<40,1773266742,2026-03-12T06:05:42,0.029
0,<40,1773267028,2026-03-12T06:10:28,0.03
0,<40,1773267329,2026-03-12T06:15:29,0.0305
0,<40,1773267630,2026-03-12T06:20:30,0.0305
0,<40,1773267925,2026-03-12T06:25:25,0.0305
0,<40,1773268234,2026-03-12T06:30:34,0.0305
0,<40,1773268529,2026-03-12T06:35:29,0.0305
0,<40,1773268828,2026-03-12T06:40:28,0.0305
0,<40,1773269136,2026-03-12T06:45:36,0.0305
0,<40,1773269431,2026-03-12T06:50:31,0.03
0,<40,1773269731,2026-03-12T06:55:31,0.03
0,<40,1773270031,2026-03-12T07:00:31,0.028
0,<40,1773270330,2026-03-12T07:05:30,0.0275
0,<40,1773270629,2026-03-12T07:10:29,0.0245
0,<40,1773270931,2026-03-12T07:15:31,0.0245
0,<40,1773271246,2026-03-12T07:20:46,0.0245
0,<40,1773271528,2026-03-12T07:25:28,0.0285
0,<40,1773271831,2026-03-12T07:30:31,0.028
0,<40,1773272126,2026-03-12T07:35:26,0.0285
0,<40,1773272437,2026-03-12T07:40:37,0.0285
0,<40,1773272727,2026-03-12T07:45:27,0.0285
0,<40,1773273032,2026-03-12T07:50:32,0.028
0,<40,1773273328,2026-03-12T07:55:28,0.03
0,<40,1773273646,2026-03-12T08:00:46,0.03
0,<40,1773273926,2026-03-12T08:05:26,0.03
0,<40,1773274229,2026-03-12T08:10:29,0.03
0,<40,1773274528,2026-03-12T08:15:28,0.0245
0,<40,1773274827,2026-03-12T08:20:27,0.0265
0,<40,1773275126,2026-03-12T08:25:26,0.0235
0,<40,1773275432,2026-03-12T08:30:32,0.0235
0,<40,1773275728,2026-03-12T08:35:28,0.0235
0,<40,1773276026,2026-03-12T08:40:26,0.0275
0,<40,1773276329,2026-03-12T08:45:29,0.0275
0,<40,1773276624,2026-03-12T08:50:24,0.0275
0,<40,1773276927,2026-03-12T08:55:27,0.0275
0,<40,1773277232,2026-03-12T09:00:32,0.0265
0,<40,1773277528,2026-03-12T09:05:28,0.0265
0,<40,1773277824,2026-03-12T09:10:24,0.028
0,<40,1773278128,2026-03-12T09:15:28,0.0315
0,<40,1773278428,2026-03-12T09:20:28,0.031
0,<40,1773278726,2026-03-12T09:25:26,0.031
0,<40,1773279029,2026-03-12T09:30:29,0.031
0,<40,1773279329,2026-03-12T09:35:29,0.031
0,<40,1773279627,2026-03-12T09:40:27,0.031
0,<40,1773279925,2026-03-12T09:45:25,0.0315
0,<40,1773280228,2026-03-12T09:50:28,0.0315
0,<40,1773280526,2026-03-12T09:55:26,0.0315
0,<40,1773280832,2026-03-12T10:00:32,0.0315
0,<40,1773281129,2026-03-12T10:05:29,0.0315
0,<40,1773281427,2026-03-12T10:10:27,0.0285
0,<40,1773281729,2026-03-12T10:15:29,0.0285
0,<40,1773282030,2026-03-12T10:20:30,0.0285
0,<40,1773282331,2026-03-12T10:25:31,0.0285
0,<40,1773282633,2026-03-12T10:30:33,0.0285
0,<40,1773282943,2026-03-12T10:35:43,0.029
0,<40,1773283241,2026-03-12T10:40:41,0.0265
0,<40,1773283529,2026-03-12T10:45:29,0.028
0,<40,1773283828,2026-03-12T10:50:28,0.028
0,<40,1773284128,2026-03-12T10:55:28,0.03
0,<40,1773284444,2026-03-12T11:00:44,0.0305
0,<40,1773284729,2026-03-12T11:05:29,0.0305
0,<40,1773285026,2026-03-12T11:10:26,0.032
0,<40,1773285327,2026-03-12T11:15:27,0.032
0,<40,1773285625,2026-03-12T11:20:25,0.032
0,<40,1773285927,2026-03-12T11:25:27,0.032
0,<40,1773286238,2026-03-12T11:30:38,0.032
0,<40,1773286529,2026-03-12T11:35:29,0.032
0,<40,1773286828,2026-03-12T11:40:28,0.032
0,<40,1773287136,2026-03-12T11:45:36,0.0315
0,<40,1773287425,2026-03-12T11:50:25,0.0315
0,<40,1773287727,2026-03-12T11:55:27,0.0315
0,<40,1773288032,2026-03-12T12:00:32,0.0315
0,<40,1773288326,2026-03-12T12:05:26,0.0305
0,<40,1773288628,2026-03-12T12:10:28,0.046
0,<40,1773288928,2026-03-12T12:15:28,0.048
0,<40,1773289227,2026-03-12T12:20:27,0.045
0,<40,1773289526,2026-03-12T12:25:26,0.0445
0,<40,1773289831,2026-03-12T12:30:31,0.0435
0,<40,1773290129,2026-03-12T12:35:29,0.044
0,<40,1773290425,2026-03-12T12:40:25,0.0425
0,<40,1773290726,2026-03-12T12:45:26,0.042
0,<40,1773291034,2026-03-12T12:50:34,0.042
0,<40,1773291325,2026-03-12T12:55:25,0.042
0,<40,1773291636,2026-03-12T13:00:36,0.042
0,<40,1773291927,2026-03-12T13:05:27,0.0435
0,<40,1773292226,2026-03-12T13:10:26,0.0435
0,<40,1773292527,2026-03-12T13:15:27,0.0435
0,<40,1773292826,2026-03-12T13:20:26,0.0435
0,<40,1773293128,2026-03-12T13:25:28,0.044
0,<40,1773293432,2026-03-12T13:30:32,0.0435
0,<40,1773293729,2026-03-12T13:35:29,0.045
0,<40,1773294026,2026-03-12T13:40:26,0.043
0,<40,1773294325,2026-03-12T13:45:25,0.0425
0,<40,1773294628,2026-03-12T13:50:28,0.0445
0,<40,1773294926,2026-03-12T13:55:26,0.044
0,<40,1773295244,2026-03-12T14:00:44,0.041
0,<40,1773295526,2026-03-12T14:05:26,0.041
0,<40,1773295827,2026-03-12T14:10:27,0.0455
0,<40,1773296127,2026-03-12T14:15:27,0.0455
0,<40,1773296427,2026-03-12T14:20:27,0.042
0,<40,1773296727,2026-03-12T14:25:27,0.041
0,<40,1773297030,2026-03-12T14:30:30,0.041
0,<40,1773297333,2026-03-12T14:35:33,0.0355
0,<40,1773297625,2026-03-12T14:40:25,0.0355
0,<40,1773297928,2026-03-12T14:45:28,0.0395
0,<40,1773298224,2026-03-12T14:50:24,0.038
0,<40,1773298528,2026-03-12T14:55:28,0.037
0,<40,1773298834,2026-03-12T15:00:34,0.0385
0,<40,1773299128,2026-03-12T15:05:28,0.0385
0,<40,1773299425,2026-03-12T15:10:25,0.0385
0,<40,1773299729,2026-03-12T15:15:29,0.038
0,<40,1773300025,2026-03-12T15:20:25,0.0385
0,<40,1773300326,2026-03-12T15:25:26,0.0385
0,<40,1773300631,2026-03-12T15:30:31,0.037
0,<40,1773300926,2026-03-12T15:35:26,0.037
0,<40,1773301228,2026-03-12T15:40:28,0.037
0,<40,1773301527,2026-03-12T15:45:27,0.041
0,<40,1773301828,2026-03-12T15:50:28,0.038
0,<40,1773302125,2026-03-12T15:55:25,0.038
0,<40,1773302435,2026-03-12T16:00:35,0.0375
0,<40,1773302727,2026-03-12T16:05:27,0.0375
0,<40,1773303025,2026-03-12T16:10:25,0.0375
0,<40,1773303328,2026-03-12T16:15:28,0.0375
0,<40,1773303626,2026-03-12T16:20:26,0.038
0,<40,1773303933,2026-03-12T16:25:33,0.038
0,<40,1773304230,2026-03-12T16:30:30,0.038
0,<40,1773304525,2026-03-12T16:35:25,0.038
0,<40,1773304832,2026-03-12T16:40:32,0.0365
0,<40,1773305125,2026-03-12T16:45:25,0.032
0,<40,1773305428,2026-03-12T16:50:28,0.0295
0,<40,1773305735,2026-03-12T16:55:35,0.0295
0,<40,1773306040,2026-03-12T17:00:40,0.03
0,<40,1773306327,2026-03-12T17:05:27,0.03
0,<40,1773306626,2026-03-12T17:10:26,0.027
0,<40,1773306925,2026-03-12T17:15:25,0.0245
0,<40,1773307224,2026-03-12T17:20:24,0.0245
0,<40,1773307527,2026-03-12T17:25:27,0.025
0,<40,1773307832,2026-03-12T17:30:32,0.025
0,<40,1773308128,2026-03-12T17:35:28,0.025
0,<40,1773308425,2026-03-12T17:40:25,0.025
0,<40,1773308728,2026-03-12T17:45:28,0.0245
0,<40,1773309026,2026-03-12T17:50:26,0.0245
0,<40,1773309328,2026-03-12T17:55:28,0.023
0,<40,1773309658,2026-03-12T18:00:58,0.023
0,<40,1773309928,2026-03-12T18:05:28,0.022
0,<40,1773310229,2026-03-12T18:10:29,0.0215
0,<40,1773310528,2026-03-12T18:15:28,0.0215
0,<40,1773310828,2026-03-12T18:20:28,0.0215
0,<40,1773311130,2026-03-12T18:25:30,0.0225
0,<40,1773311431,2026-03-12T18:30:31,0.0235
0,<40,1773311725,2026-03-12T18:35:25,0.0265
0,<40,1773312029,2026-03-12T18:40:29,0.0265
0,<40,1773312328,2026-03-12T18:45:28,0.028
0,<40,1773312629,2026-03-12T18:50:29,0.0315
0,<40,1773312928,2026-03-12T18:55:28,0.0315
0,<40,1773313232,2026-03-12T19:00:32,0.0285
0,<40,1773313525,2026-03-12T19:05:25,0.0285
0,<40,1773313836,2026-03-12T19:10:36,0.027
0,<40,1773314125,2026-03-12T19:15:25,0.026
0,<40,1773314425,2026-03-12T19:20:25,0.0255
0,<40,1773314726,2026-03-12T19:25:26,0.026
0,<40,1773315033,2026-03-12T19:30:33,0.0255
0,<40,1773315326,2026-03-12T19:35:26,0.0255
0,<40,1773315628,2026-03-12T19:40:28,0.025
0,<40,1773315928,2026-03-12T19:45:28,0.0235
0,<40,1773316227,2026-03-12T19:50:27,0.0235
0,<40,1773316525,2026-03-12T19:55:25,0.0235
0,<40,1773316858,2026-03-12T20:00:58,0.0225
0,<40,1773317128,2026-03-12T20:05:28,0.0235
0,<40,1773317434,2026-03-12T20:10:34,0.0225
0,<40,1773317728,2026-03-12T20:15:28,0.0255
0,<40,1773318025,2026-03-12T20:20:25,0.0255
0,<40,1773318329,2026-03-12T20:25:29,0.0225
0,<40,1773318649,2026-03-12T20:30:49,0.0235
0,<40,1773318926,2026-03-12T20:35:26,0.023
0,<40,1773319239,2026-03-12T20:40:39,0.022
0,<40,1773319525,2026-03-12T20:45:25,0.022
0,<40,1773319825,2026-03-12T20:50:25,0.022
0,<40,1773320125,2026-03-12T20:55:25,0.0215
0,<40,1773320448,2026-03-12T21:00:48,0.0215
0,<40,1773320727,2026-03-12T21:05:27,0.0215
0,<40,1773321028,2026-03-12T21:10:28,0.0215
0,<40,1773321328,2026-03-12T21:15:28,0.0215
0,<40,1773321627,2026-03-12T21:20:27,0.0195
0,<40,1773321925,2026-03-12T21:25:25,0.018
0,<40,1773322233,2026-03-12T21:30:33,0.0175
0,<40,1773322528,2026-03-12T21:35:28,0.0175
0,<40,1773322829,2026-03-12T21:40:29,0.0335
0,<40,1773323134,2026-03-12T21:45:34,0.029
0,<40,1773323428,2026-03-12T21:50:28,0.0285
0,<40,1773323729,2026-03-12T21:55:29,0.027
0,<40,1773324036,2026-03-12T22:00:36,0.024
0,<40,1773324327,2026-03-12T22:05:27,0.025
0,<40,1773324630,2026-03-12T22:10:30,0.0265
0,<40,1773324928,2026-03-12T22:15:28,0.0265
0,<40,1773325228,2026-03-12T22:20:28,0.0255
0,<40,1773325528,2026-03-12T22:25:28,0.025
0,<40,1773325832,2026-03-12T22:30:32,0.0155
0,<40,1773326100,2026-03-12T22:35:00,0.016
0,<40,1773326431,2026-03-12T22:40:31,0.016
0,<40,1773326730,2026-03-12T22:45:30,0.016
0,<40,1773327027,2026-03-12T22:50:27,0.022
0,<40,1773327327,2026-03-12T22:55:27,0.022
0,<40,1773327645,2026-03-12T23:00:45,0.022
0,<40,1773327927,2026-03-12T23:05:27,0.0215
0,<40,1773328233,2026-03-12T23:10:33,0.017
0,<40,1773328527,2026-03-12T23:15:27,0.0165
0,<40,1773328830,2026-03-12T23:20:30,0.0165
0,<40,1773329129,2026-03-12T23:25:29,0.0165
0,<40,1773329433,2026-03-12T23:30:33,0.0165
0,<40,1773329728,2026-03-12T23:35:28,0.016
0,<40,1773330028,2026-03-12T23:40:28,0.0165
0,<40,1773330328,2026-03-12T23:45:28,0.016
0,<40,1773330629,2026-03-12T23:50:29,0.0165
0,<40,1773330926,2026-03-12T23:55:26,0.0175
0,<40,1773331234,2026-03-13T00:00:34,0.0155
0,<40,1773331531,2026-03-13T00:05:31,0.0155
0,<40,1773331830,2026-03-13T00:10:30,0.016
0,<40,1773332129,2026-03-13T00:15:29,0.016
0,<40,1773332430,2026-03-13T00:20:30,0.0165
0,<40,1773332730,2026-03-13T00:25:30,0.016
0,<40,1773333030,2026-03-13T00:30:30,0.0155
0,<40,1773333326,2026-03-13T00:35:26,0.015
0,<40,1773333637,2026-03-13T00:40:37,0.0155
0,<40,1773333929,2026-03-13T00:45:29,0.0145
0,<40,1773334231,2026-03-13T00:50:31,0.0155
0,<40,1773334529,2026-03-13T00:55:29,0.0145
0,<40,1773335129,2026-03-13T01:05:29,0.0155
0,<40,1773335429,2026-03-13T01:10:29,0.0155
0,<40,1773335731,2026-03-13T01:15:31,0.0155
0,<40,1773336030,2026-03-13T01:20:30,0.021
0,<40,1773336334,2026-03-13T01:25:34,0.0215
0,<40,1773336645,2026-03-13T01:30:45,0.022
0,<40,1773336935,2026-03-13T01:35:35,0.0215
0,<40,1773337230,2026-03-13T01:40:30,0.021
0,<40,1773337531,2026-03-13T01:45:31,0.0205
0,<40,1773337831,2026-03-13T01:50:31,0.0175
0,<40,1773338130,2026-03-13T01:55:30,0.018
0,<40,1773338452,2026-03-13T02:00:52,0.0185
0,<40,1773338731,2026-03-13T02:05:31,0.0205
0,<40,1773339028,2026-03-13T02:10:28,0.017
0,<40,1773339331,2026-03-13T02:15:31,0.024
0,<40,1773339630,2026-03-13T02:20:30,0.0245
0,<40,1773339926,2026-03-13T02:25:26,0.0255
0,<40,1773340232,2026-03-13T02:30:32,0.0265
0,<40,1773340530,2026-03-13T02:35:30,0.0245
0,<40,1773340829,2026-03-13T02:40:29,0.025
0,<40,1773341130,2026-03-13T02:45:30,0.026
0,<40,1773341427,2026-03-13T02:50:27,0.026
0,<40,1773341728,2026-03-13T02:55:28,0.025
0,<40,1773342030,2026-03-13T03:00:30,0.0245
0,<40,1773342336,2026-03-13T03:05:36,0.029
0,<40,1773342630,2026-03-13T03:10:30,0.032
0,<40,1773342930,2026-03-13T03:15:30,0.033
0,<40,1773343232,2026-03-13T03:20:32,0.034
0,<40,1773343528,2026-03-13T03:25:28,0.0345
0,<40,1773343832,2026-03-13T03:30:32,0.0345
0,<40,1773344131,2026-03-13T03:35:31,0.033
0,<40,1773344429,2026-03-13T03:40:29,0.034
0,<40,1773344730,2026-03-13T03:45:30,0.0245
0,<40,1773345035,2026-03-13T03:50:35,0.02
0,<40,1773345329,2026-03-13T03:55:29,0.0185
0,<40,1773345636,2026-03-13T04:00:36,0.0165
0,<40,1773345931,2026-03-13T04:05:31,0.0215
0,<40,1773346226,2026-03-13T04:10:26,0.0215
0,<40,1773346529,2026-03-13T04:15:29,0.022
0,<40,1773346828,2026-03-13T04:20:28,0.022
0,<40,1773347129,2026-03-13T04:25:29,0.022
0,<40,1773347432,2026-03-13T04:30:32,0.022
0,<40,1773347731,2026-03-13T04:35:31,0.022
0,<40,1773348029,2026-03-13T04:40:29,0.022
0,<40,1773348329,2026-03-13T04:45:29,0.0225
0,<40,1773348627,2026-03-13T04:50:27,0.0225
0,<40,1773348929,2026-03-13T04:55:29,0.0225
0,<40,1773349245,2026-03-13T05:00:45,0.0215
0,<40,1773349528,2026-03-13T05:05:28,0.0215
0,<40,1773349828,2026-03-13T05:10:28,0.024
0,<40,1773350130,2026-03-13T05:15:30,0.024
0,<40,1773350430,2026-03-13T05:20:30,0.0235
0,<40,1773350732,2026-03-13T05:25:32,0.0235
0,<40,1773351033,2026-03-13T05:30:33,0.0245
0,<40,1773351326,2026-03-13T05:35:26,0.0245
0,<40,1773351626,2026-03-13T05:40:26,0.0235
0,<40,1773351929,2026-03-13T05:45:29,0.0215
0,<40,1773352238,2026-03-13T05:50:38,0.0215
0,<40,1773352529,2026-03-13T05:55:29,0.022
0,<40,1773352833,2026-03-13T06:00:33,0.022
0,<40,1773353130,2026-03-13T06:05:30,0.022
0,<40,1773353430,2026-03-13T06:10:30,0.022
0,<40,1773353731,2026-03-13T06:15:31,0.0225
0,<40,1773354032,2026-03-13T06:20:32,0.0225
0,<40,1773354331,2026-03-13T06:25:31,0.0225
0,<40,1773354632,2026-03-13T06:30:32,0.0225
0,<40,1773354928,2026-03-13T06:35:28,0.022
0,<40,1773355226,2026-03-13T06:40:26,0.022
0,<40,1773355529,2026-03-13T06:45:29,0.0215
0,<40,1773355829,2026-03-13T06:50:29,0.0215
0,<40,1773356129,2026-03-13T06:55:29,0.022
0,<40,1773356438,2026-03-13T07:00:38,0.0265
0,<40,1773356730,2026-03-13T07:05:30,0.0435
0,<40,1773357029,2026-03-13T07:10:29,0.0475
0,<40,1773357330,2026-03-13T07:15:30,0.042
0,<40,1773357628,2026-03-13T07:20:28,0.032
0,<40,1773357927,2026-03-13T07:25:27,0.0255
0,<40,1773358234,2026-03-13T07:30:34,0.023
0,<40,1773358529,2026-03-13T07:35:29,0.0225
0,<40,1773358831,2026-03-13T07:40:31,0.022
0,<40,1773359128,2026-03-13T07:45:28,0.022
0,<40,1773359429,2026-03-13T07:50:29,0.0215
0,<40,1773359731,2026-03-13T07:55:31,0.025
0,<40,1773360329,2026-03-13T08:05:29,0.029
0,<40,1773360630,2026-03-13T08:10:30,0.0325
0,<40,1773360929,2026-03-13T08:15:29,0.0285
0,<40,1773361230,2026-03-13T08:20:30,0.033
0,<40,1773361529,2026-03-13T08:25:29,0.034
0,<40,1773361835,2026-03-13T08:30:35,0.033
0,<40,1773362129,2026-03-13T08:35:29,0.033
0,<40,1773362427,2026-03-13T08:40:27,0.0335
0,<40,1773362728,2026-03-13T08:45:28,0.031
0,<40,1773363031,2026-03-13T08:50:31,0.0275
0,<40,1773363328,2026-03-13T08:55:28,0.0285
0,<40,1773363635,2026-03-13T09:00:35,0.0285
0,<40,1773363928,2026-03-13T09:05:28,0.024
0,<40,1773364228,2026-03-13T09:10:28,0.023
0,<40,1773364530,2026-03-13T09:15:30,0.0225
0,<40,1773364829,2026-03-13T09:20:29,0.0215
0,<40,1773365133,2026-03-13T09:25:33,0.0215
0,<40,1773365429,2026-03-13T09:30:29,0.0215
0,<40,1773365727,2026-03-13T09:35:27,0.0195
0,<40,1773366028,2026-03-13T09:40:28,0.0255
0,<40,1773366329,2026-03-13T09:45:29,0.025
0,<40,1773366635,2026-03-13T09:50:35,0.0285
0,<40,1773366929,2026-03-13T09:55:29,0.0235
0,<40,1773367234,2026-03-13T10:00:34,0.0235
0,<40,1773367541,2026-03-13T10:05:41,0.0225
0,<40,1773367829,2026-03-13T10:10:29,0.0215
0,<40,1773368128,2026-03-13T10:15:28,0.031
0,<40,1773368432,2026-03-13T10:20:32,0.027
0,<40,1773368736,2026-03-13T10:25:36,0.0255
0,<40,1773369035,2026-03-13T10:30:35,0.0255
0,<40,1773369330,2026-03-13T10:35:30,0.0255
0,<40,1773369629,2026-03-13T10:40:29,0.0255
0,<40,1773369930,2026-03-13T10:45:30,0.0255
0,<40,1773370227,2026-03-13T10:50:27,0.0255
0,<40,1773370531,2026-03-13T10:55:31,0.0255
0,<40,1773370842,2026-03-13T11:00:42,0.021
0,<40,1773371128,2026-03-13T11:05:28,0.0175
0,<40,1773371428,2026-03-13T11:10:28,0.0295
0,<40,1773371728,2026-03-13T11:15:28,0.029
0,<40,1773372028,2026-03-13T11:20:28,0.028
0,<40,1773372327,2026-03-13T11:25:27,0.03
0,<40,1773372632,2026-03-13T11:30:32,0.026
0,<40,1773372927,2026-03-13T11:35:27,0.0255
0,<40,1773373229,2026-03-13T11:40:29,0.0285
0,<40,1773373530,2026-03-13T11:45:30,0.0235
0,<40,1773373829,2026-03-13T11:50:29,0.0235
0,<40,1773374125,2026-03-13T11:55:25,0.0235
0,<40,1773374434,2026-03-13T12:00:34,0.025
0,<40,1773374729,2026-03-13T12:05:29,0.0245
0,<40,1773375029,2026-03-13T12:10:29,0.0245
0,<40,1773375326,2026-03-13T12:15:26,0.0255
0,<40,1773375626,2026-03-13T12:20:26,0.025
0,<40,1773375929,2026-03-13T12:25:29,0.027
0,<40,1773376229,2026-03-13T12:30:29,0.024
0,<40,1773376528,2026-03-13T12:35:28,0.0235
0,<40,1773376829,2026-03-13T12:40:29,0.0255
0,<40,1773377127,2026-03-13T12:45:27,0.0255
0,<40,1773377434,2026-03-13T12:50:34,0.0255
0,<40,1773377726,2026-03-13T12:55:26,0.0265
0,<40,1773378030,2026-03-13T13:00:30,0.033
0,<40,1773378326,2026-03-13T13:05:26,0.0365
0,<40,1773378644,2026-03-13T13:10:44,0.0375
0,<40,1773378938,2026-03-13T13:15:38,0.0435
0,<40,1773379229,2026-03-13T13:20:29,0.0435
0,<40,1773379531,2026-03-13T13:25:31,0.0295
0,<40,1773379835,2026-03-13T13:30:35,0.0335
0,<40,1773380127,2026-03-13T13:35:27,0.0345
0,<40,1773380429,2026-03-13T13:40:29,0.0295
0,<40,1773380731,2026-03-13T13:45:31,0.03
0,<40,1773381030,2026-03-13T13:50:30,0.041
0,<40,1773381328,2026-03-13T13:55:28,0.0395
0,<40,1773381645,2026-03-13T14:00:45,0.042
0,<40,1773381927,2026-03-13T14:05:27,0.043
0,<40,1773382226,2026-03-13T14:10:26,0.0425
0,<40,1773382537,2026-03-13T14:15:37,0.042
0,<40,1773382829,2026-03-13T14:20:29,0.022
0,<40,1773383128,2026-03-13T14:25:28,0.016
0,<40,1773383434,2026-03-13T14:30:34,0.018
0,<40,1773383737,2026-03-13T14:35:37,0.018
0,<40,1773384026,2026-03-13T14:40:26,0.009
0,<40,1773384328,2026-03-13T14:45:28,0.0065
0,<40,1773384630,2026-03-13T14:50:30,0.0055
0,<40,1773384925,2026-03-13T14:55:25,0.0055
0,<40,1773385240,2026-03-13T15:00:40,0.0045
0,<40,1773385525,2026-03-13T15:05:25,0.0035
0,<40,1773385829,2026-03-13T15:10:29,0.0065
0,<40,1773386131,2026-03-13T15:15:31,0.0065
0,<40,1773386427,2026-03-13T15:20:27,0.0065
0,<40,1773386725,2026-03-13T15:25:25,0.0055
0,<40,1773387034,2026-03-13T15:30:34,0.0055
0,<40,1773387328,2026-03-13T15:35:28,0.0055
0,<40,1773387631,2026-03-13T15:40:31,0.0055
0,<40,1773387926,2026-03-13T15:45:26,0.0055
0,<40,1773388230,2026-03-13T15:50:30,0.006
0,<40,1773388529,2026-03-13T15:55:29,0.006
0,<40,1773388831,2026-03-13T16:00:31,0.0055
0,<40,1773389130,2026-03-13T16:05:30,0.005
0,<40,1773389432,2026-03-13T16:10:32,0.005
0,<40,1773389728,2026-03-13T16:15:28,0.0045
0,<40,1773390028,2026-03-13T16:20:28,0.0045
0,<40,1773390328,2026-03-13T16:25:28,0.0055
0,<40,1773390632,2026-03-13T16:30:32,0.0045
0,<40,1773390931,2026-03-13T16:35:31,0.0055
0,<40,1773391226,2026-03-13T16:40:26,0.0025
0,<40,1773391528,2026-03-13T16:45:28,0.0025
0,<40,1773391827,2026-03-13T16:50:27,0.0025
0,<40,1773392128,2026-03-13T16:55:28,0.0025
0,<40,1773392445,2026-03-13T17:00:45,0.0025
0,<40,1773392728,2026-03-13T17:05:28,0.0025
0,<40,1773393025,2026-03-13T17:10:25,0.0025
0,<40,1773393328,2026-03-13T17:15:28,0.0025
0,<40,1773393626,2026-03-13T17:20:26,0.0025
0,<40,1773393928,2026-03-13T17:25:28,0.0025
0,<40,1773394229,2026-03-13T17:30:29,0.0025
0,<40,1773394529,2026-03-13T17:35:29,0.0025
0,<40,1773394832,2026-03-13T17:40:32,0.0025
0,<40,1773395129,2026-03-13T17:45:29,0.0025
0,<40,1773395428,2026-03-13T17:50:28,0.0025
0,<40,1773395726,2026-03-13T17:55:26,0.0025
0,<40,1773396033,2026-03-13T18:00:33,0.0025
0,<40,1773396329,2026-03-13T18:05:29,0.0025
0,<40,1773396628,2026-03-13T18:10:28,0.0025
0,<40,1773396930,2026-03-13T18:15:30,0.0025
0,<40,1773397523,2026-03-13T18:25:23,0.0025
0,<40,1773397838,2026-03-13T18:30:38,0.0025
0,<40,1773398126,2026-03-13T18:35:26,0.0025
0,<40,1773398426,2026-03-13T18:40:26,0.0025
0,<40,1773398735,2026-03-13T18:45:35,0.0025
0,<40,1773399025,2026-03-13T18:50:25,0.0025
0,<40,1773399323,2026-03-13T18:55:23,0.0025
0,<40,1773399631,2026-03-13T19:00:31,0.0025
0,<40,1773399924,2026-03-13T19:05:24,0.0025
0,<40,1773400224,2026-03-13T19:10:24,0.0025
0,<40,1773400526,2026-03-13T19:15:26,0.0025
0,<40,1773400825,2026-03-13T19:20:25,0.0035
0,<40,1773401126,2026-03-13T19:25:26,0.0035
0,<40,1773401426,2026-03-13T19:30:26,0.004
0,<40,1773401723,2026-03-13T19:35:23,0.004
0,<40,1773402025,2026-03-13T19:40:25,0.004
0,<40,1773402327,2026-03-13T19:45:27,0.0045
0,<40,1773402628,2026-03-13T19:50:28,0.004
0,<40,1773402927,2026-03-13T19:55:27,0.004
0,<40,1773403238,2026-03-13T20:00:38,0.004
0,<40,1773403526,2026-03-13T20:05:26,0.004
0,<40,1773403834,2026-03-13T20:10:34,0.0045
0,<40,1773404127,2026-03-13T20:15:27,0.005
0,<40,1773404425,2026-03-13T20:20:25,0.004
0,<40,1773404725,2026-03-13T20:25:25,0.003
0,<40,1773405040,2026-03-13T20:30:40,0.003
0,<40,1773405326,2026-03-13T20:35:26,0.003
0,<40,1773405627,2026-03-13T20:40:27,0.003
0,<40,1773405925,2026-03-13T20:45:25,0.003
0,<40,1773406225,2026-03-13T20:50:25,0.0025
0,<40,1773406525,2026-03-13T20:55:25,0.0025
0,<40,1773406830,2026-03-13T21:00:30,0.0015
0,<40,1773407140,2026-03-13T21:05:40,0.0005
0,<40,1773407427,2026-03-13T21:10:27,0.0005
0,<40,1773407739,2026-03-13T21:15:39,0.0005
0,<40,1773408026,2026-03-13T21:20:26,0.0005
0,<40,1773408325,2026-03-13T21:25:25,0.0005
0,<40,1773408628,2026-03-13T21:30:28,0.0005
0,<40,1773408929,2026-03-13T21:35:29,0.0005
0,<40,1773409224,2026-03-13T21:40:24,0.0005
0,<40,1773409524,2026-03-13T21:45:24,0.0005
0,<40,1773409826,2026-03-13T21:50:26,0.0005
0,<40,1773410126,2026-03-13T21:55:26,0.0005
0,<40,1773410432,2026-03-13T22:00:32,0.0005
0,<40,1773410727,2026-03-13T22:05:27,0.0005
0,<40,1773411027,2026-03-13T22:10:27,0.0005
0,<40,1773411326,2026-03-13T22:15:26,0.0005
0,<40,1773411624,2026-03-13T22:20:24,0.0005
0,<40,1773411925,2026-03-13T22:25:25,0.0005
0,<40,1773412227,2026-03-13T22:30:27,0.0005
0,<40,1773412525,2026-03-13T22:35:25,0.0005
0,<40,1773412825,2026-03-13T22:40:25,0.0005
0,<40,1773413124,2026-03-13T22:45:24,0.0005
0,<40,1773413423,2026-03-13T22:50:23,0.0005
0,<40,1773413725,2026-03-13T22:55:25,0.0005
0,<40,1773414040,2026-03-13T23:00:40,0.0005
0,<40,1773414327,2026-03-13T23:05:27,0.0005
0,<40,1773414624,2026-03-13T23:10:24,0.0005
0,<40,1773414926,2026-03-13T23:15:26,0.0005
0,<40,1773415227,2026-03-13T23:20:27,0.0005
0,<40,1773415525,2026-03-13T23:25:25,0.0005
0,<40,1773415827,2026-03-13T23:30:27,0.0005
0,<40,1773416125,2026-03-13T23:35:25,0.0005
0,<40,1773416427,2026-03-13T23:40:27,0.0005
0,<40,1773416726,2026-03-13T23:45:26,0.0005
0,<40,1773417029,2026-03-13T23:50:29,0.0005
0,<40,1773417327,2026-03-13T23:55:27,0.0005
0,<40,1773417640,2026-03-14T00:00:40,0.0005
0,<40,1773417928,2026-03-14T00:05:28,0.0005
0,<40,1773418225,2026-03-14T00:10:25,0.0005
0,<40,1773418525,2026-03-14T00:15:25,0.0005
0,<40,1773418825,2026-03-14T00:20:25,0.0005
0,<40,1773419127,2026-03-14T00:25:27,0.0005
0,<40,1773419427,2026-03-14T00:30:27,0.0005
0,<40,1773419725,2026-03-14T00:35:25,0.0005
0,<40,1773420026,2026-03-14T00:40:26,0.0005
0,<40,1773420326,2026-03-14T00:45:26,0.0005
0,<40,1773420625,2026-03-14T00:50:25,0.0005
1,40-64,1773074727,2026-03-10T00:45:27,0.16
1,40-64,1773075026,2026-03-10T00:50:26,0.155
1,40-64,1773075326,2026-03-10T00:55:26,0.22
1,40-64,1773075652,2026-03-10T01:00:52,0.215
1,40-64,1773075928,2026-03-10T01:05:28,0.215
1,40-64,1773076243,2026-03-10T01:10:43,0.225
1,40-64,1773076526,2026-03-10T01:15:26,0.225
1,40-64,1773076840,2026-03-10T01:20:40,0.225
1,40-64,1773077130,2026-03-10T01:25:30,0.23
1,40-64,1773077431,2026-03-10T01:30:31,0.225
1,40-64,1773077729,2026-03-10T01:35:29,0.235
1,40-64,1773078027,2026-03-10T01:40:27,0.235
1,40-64,1773078333,2026-03-10T01:45:33,0.225
1,40-64,1773078627,2026-03-10T01:50:27,0.23
1,40-64,1773078927,2026-03-10T01:55:27,0.23
1,40-64,1773079245,2026-03-10T02:00:45,0.23
1,40-64,1773079527,2026-03-10T02:05:27,0.215
1,40-64,1773079829,2026-03-10T02:10:29,0.215
1,40-64,1773080127,2026-03-10T02:15:27,0.23
1,40-64,1773080426,2026-03-10T02:20:26,0.23
1,40-64,1773080732,2026-03-10T02:25:32,0.235
1,40-64,1773081032,2026-03-10T02:30:32,0.23
1,40-64,1773081327,2026-03-10T02:35:27,0.235
1,40-64,1773081626,2026-03-10T02:40:26,0.235
1,40-64,1773081929,2026-03-10T02:45:29,0.235
1,40-64,1773082228,2026-03-10T02:50:28,0.235
1,40-64,1773082528,2026-03-10T02:55:28,0.235
1,40-64,1773082834,2026-03-10T03:00:34,0.225
1,40-64,1773083128,2026-03-10T03:05:28,0.225
1,40-64,1773083432,2026-03-10T03:10:32,0.225
1,40-64,1773083728,2026-03-10T03:15:28,0.225
1,40-64,1773084027,2026-03-10T03:20:27,0.23
1,40-64,1773084329,2026-03-10T03:25:29,0.215
1,40-64,1773084632,2026-03-10T03:30:32,0.215
1,40-64,1773084929,2026-03-10T03:35:29,0.22
1,40-64,1773085227,2026-03-10T03:40:27,0.225
1,40-64,1773085527,2026-03-10T03:45:27,0.225
1,40-64,1773085832,2026-03-10T03:50:32,0.23
1,40-64,1773086128,2026-03-10T03:55:28,0.23
1,40-64,1773086435,2026-03-10T04:00:35,0.23
1,40-64,1773086728,2026-03-10T04:05:28,0.23
1,40-64,1773087028,2026-03-10T04:10:28,0.235
1,40-64,1773087329,2026-03-10T04:15:29,0.225
1,40-64,1773087629,2026-03-10T04:20:29,0.23
1,40-64,1773087931,2026-03-10T04:25:31,0.235
1,40-64,1773088231,2026-03-10T04:30:31,0.235
1,40-64,1773088527,2026-03-10T04:35:27,0.235
1,40-64,1773088828,2026-03-10T04:40:28,0.235
1,40-64,1773089126,2026-03-10T04:45:26,0.235
1,40-64,1773089440,2026-03-10T04:50:40,0.24
1,40-64,1773089728,2026-03-10T04:55:28,0.24
1,40-64,1773090046,2026-03-10T05:00:46,0.24
1,40-64,1773090329,2026-03-10T05:05:29,0.24
1,40-64,1773090628,2026-03-10T05:10:28,0.24
1,40-64,1773090943,2026-03-10T05:15:43,0.24
1,40-64,1773091229,2026-03-10T05:20:29,0.24
1,40-64,1773091528,2026-03-10T05:25:28,0.24
1,40-64,1773091835,2026-03-10T05:30:35,0.24
1,40-64,1773092128,2026-03-10T05:35:28,0.24
1,40-64,1773092429,2026-03-10T05:40:29,0.24
1,40-64,1773092731,2026-03-10T05:45:31,0.24
1,40-64,1773093030,2026-03-10T05:50:30,0.24
1,40-64,1773093329,2026-03-10T05:55:29,0.24
1,40-64,1773093633,2026-03-10T06:00:33,0.24
1,40-64,1773093930,2026-03-10T06:05:30,0.24
1,40-64,1773094234,2026-03-10T06:10:34,0.24
1,40-64,1773094533,2026-03-10T06:15:33,0.24
1,40-64,1773094831,2026-03-10T06:20:31,0.24
1,40-64,1773095130,2026-03-10T06:25:30,0.235
1,40-64,1773095436,2026-03-10T06:30:36,0.235
1,40-64,1773095732,2026-03-10T06:35:32,0.235
1,40-64,1773096032,2026-03-10T06:40:32,0.24
1,40-64,1773096332,2026-03-10T06:45:32,0.235
1,40-64,1773096632,2026-03-10T06:50:32,0.24
1,40-64,1773096930,2026-03-10T06:55:30,0.24
1,40-64,1773097234,2026-03-10T07:00:34,0.24
1,40-64,1773097529,2026-03-10T07:05:29,0.24
1,40-64,1773097844,2026-03-10T07:10:44,0.24
1,40-64,1773098144,2026-03-10T07:15:44,0.24
1,40-64,1773098429,2026-03-10T07:20:29,0.24
1,40-64,1773098729,2026-03-10T07:25:29,0.24
1,40-64,1773099034,2026-03-10T07:30:34,0.24
1,40-64,1773099329,2026-03-10T07:35:29,0.24
1,40-64,1773099633,2026-03-10T07:40:33,0.24
1,40-64,1773099939,2026-03-10T07:45:39,0.24
1,40-64,1773100230,2026-03-10T07:50:30,0.24
1,40-64,1773100531,2026-03-10T07:55:31,0.24
1,40-64,1773100853,2026-03-10T08:00:53,0.24
1,40-64,1773101128,2026-03-10T08:05:28,0.24
1,40-64,1773101430,2026-03-10T08:10:30,0.24
1,40-64,1773101728,2026-03-10T08:15:28,0.24
1,40-64,1773102031,2026-03-10T08:20:31,0.24
1,40-64,1773102328,2026-03-10T08:25:28,0.24
1,40-64,1773102633,2026-03-10T08:30:33,0.24
1,40-64,1773102929,2026-03-10T08:35:29,0.24
1,40-64,1773103229,2026-03-10T08:40:29,0.24
1,40-64,1773103530,2026-03-10T08:45:30,0.245
1,40-64,1773103828,2026-03-10T08:50:28,0.245
1,40-64,1773104128,2026-03-10T08:55:28,0.245
1,40-64,1773104432,2026-03-10T09:00:32,0.245
1,40-64,1773104731,2026-03-10T09:05:31,0.245
1,40-64,1773105027,2026-03-10T09:10:27,0.245
1,40-64,1773105328,2026-03-10T09:15:28,0.245
1,40-64,1773105631,2026-03-10T09:20:31,0.245
1,40-64,1773105931,2026-03-10T09:25:31,0.245
1,40-64,1773106252,2026-03-10T09:30:52,0.245
1,40-64,1773106528,2026-03-10T09:35:28,0.245
1,40-64,1773106828,2026-03-10T09:40:28,0.245
1,40-64,1773107130,2026-03-10T09:45:30,0.245
1,40-64,1773107430,2026-03-10T09:50:30,0.245
1,40-64,1773107728,2026-03-10T09:55:28,0.245
1,40-64,1773108033,2026-03-10T10:00:33,0.245
1,40-64,1773108328,2026-03-10T10:05:28,0.245
1,40-64,1773108631,2026-03-10T10:10:31,0.245
1,40-64,1773108929,2026-03-10T10:15:29,0.245
1,40-64,1773109228,2026-03-10T10:20:28,0.245
1,40-64,1773109530,2026-03-10T10:25:30,0.245
1,40-64,1773109841,2026-03-10T10:30:41,0.245
1,40-64,1773110129,2026-03-10T10:35:29,0.245
1,40-64,1773110428,2026-03-10T10:40:28,0.245
1,40-64,1773110728,2026-03-10T10:45:28,0.245
1,40-64,1773111032,2026-03-10T10:50:32,0.245
1,40-64,1773111331,2026-03-10T10:55:31,0.245
1,40-64,1773111640,2026-03-10T11:00:40,0.245
1,40-64,1773111928,2026-03-10T11:05:28,0.245
1,40-64,1773112229,2026-03-10T11:10:29,0.245
1,40-64,1773112529,2026-03-10T11:15:29,0.245
1,40-64,1773112829,2026-03-10T11:20:29,0.245
1,40-64,1773113131,2026-03-10T11:25:31,0.245
1,40-64,1773113435,2026-03-10T11:30:35,0.245
1,40-64,1773113728,2026-03-10T11:35:28,0.245
1,40-64,1773114032,2026-03-10T11:40:32,0.245
1,40-64,1773114330,2026-03-10T11:45:30,0.245
1,40-64,1773114628,2026-03-10T11:50:28,0.245
1,40-64,1773114930,2026-03-10T11:55:30,0.245
1,40-64,1773115238,2026-03-10T12:00:38,0.245
1,40-64,1773115531,2026-03-10T12:05:31,0.245
1,40-64,1773115828,2026-03-10T12:10:28,0.245
1,40-64,1773116131,2026-03-10T12:15:31,0.245
1,40-64,1773116430,2026-03-10T12:20:30,0.245
1,40-64,1773116731,2026-03-10T12:25:31,0.245
1,40-64,1773117034,2026-03-10T12:30:34,0.245
1,40-64,1773117328,2026-03-10T12:35:28,0.245
1,40-64,1773117630,2026-03-10T12:40:30,0.245
1,40-64,1773117931,2026-03-10T12:45:31,0.245
1,40-64,1773118238,2026-03-10T12:50:38,0.245
1,40-64,1773118542,2026-03-10T12:55:42,0.245
1,40-64,1773118835,2026-03-10T13:00:35,0.245
1,40-64,1773119130,2026-03-10T13:05:30,0.245
1,40-64,1773119431,2026-03-10T13:10:31,0.245
1,40-64,1773119731,2026-03-10T13:15:31,0.245
1,40-64,1773120030,2026-03-10T13:20:30,0.245
1,40-64,1773120334,2026-03-10T13:25:34,0.245
1,40-64,1773120635,2026-03-10T13:30:35,0.245
1,40-64,1773120929,2026-03-10T13:35:29,0.245
1,40-64,1773121230,2026-03-10T13:40:30,0.245
1,40-64,1773121531,2026-03-10T13:45:31,0.245
1,40-64,1773121831,2026-03-10T13:50:31,0.245
1,40-64,1773122131,2026-03-10T13:55:31,0.245
1,40-64,1773122446,2026-03-10T14:00:46,0.245
1,40-64,1773122730,2026-03-10T14:05:30,0.245
1,40-64,1773123030,2026-03-10T14:10:30,0.245
1,40-64,1773123331,2026-03-10T14:15:31,0.245
1,40-64,1773123630,2026-03-10T14:20:30,0.245
1,40-64,1773123931,2026-03-10T14:25:31,0.245
1,40-64,1773124235,2026-03-10T14:30:35,0.245
1,40-64,1773124544,2026-03-10T14:35:44,0.245
1,40-64,1773124832,2026-03-10T14:40:32,0.245
1,40-64,1773125131,2026-03-10T14:45:31,0.245
1,40-64,1773125431,2026-03-10T14:50:31,0.245
1,40-64,1773125731,2026-03-10T14:55:31,0.245
1,40-64,1773126038,2026-03-10T15:00:38,0.245
1,40-64,1773126331,2026-03-10T15:05:31,0.245
1,40-64,1773126629,2026-03-10T15:10:29,0.245
1,40-64,1773126929,2026-03-10T15:15:29,0.245
1,40-64,1773127229,2026-03-10T15:20:29,0.245
1,40-64,1773127533,2026-03-10T15:25:33,0.245
1,40-64,1773127836,2026-03-10T15:30:36,0.245
1,40-64,1773128130,2026-03-10T15:35:30,0.245
1,40-64,1773128438,2026-03-10T15:40:38,0.245
1,40-64,1773128730,2026-03-10T15:45:30,0.245
1,40-64,1773129033,2026-03-10T15:50:33,0.245
1,40-64,1773129329,2026-03-10T15:55:29,0.245
1,40-64,1773129634,2026-03-10T16:00:34,0.245
1,40-64,1773129930,2026-03-10T16:05:30,0.245
1,40-64,1773130230,2026-03-10T16:10:30,0.245
1,40-64,1773130531,2026-03-10T16:15:31,0.245
1,40-64,1773130831,2026-03-10T16:20:31,0.245
1,40-64,1773131129,2026-03-10T16:25:29,0.245
1,40-64,1773131435,2026-03-10T16:30:35,0.245
1,40-64,1773131734,2026-03-10T16:35:34,0.245
1,40-64,1773132029,2026-03-10T16:40:29,0.245
1,40-64,1773132333,2026-03-10T16:45:33,0.245
1,40-64,1773132631,2026-03-10T16:50:31,0.245
1,40-64,1773132930,2026-03-10T16:55:30,0.245
1,40-64,1773133532,2026-03-10T17:05:32,0.245
1,40-64,1773133832,2026-03-10T17:10:32,0.245
1,40-64,1773134140,2026-03-10T17:15:40,0.245
1,40-64,1773134431,2026-03-10T17:20:31,0.245
1,40-64,1773134733,2026-03-10T17:25:33,0.245
1,40-64,1773135033,2026-03-10T17:30:33,0.245
1,40-64,1773135333,2026-03-10T17:35:33,0.245
1,40-64,1773135632,2026-03-10T17:40:32,0.245
1,40-64,1773135929,2026-03-10T17:45:29,0.245
1,40-64,1773136229,2026-03-10T17:50:29,0.245
1,40-64,1773136529,2026-03-10T17:55:29,0.245
1,40-64,1773136854,2026-03-10T18:00:54,0.245
1,40-64,1773137133,2026-03-10T18:05:33,0.245
1,40-64,1773137429,2026-03-10T18:10:29,0.245
1,40-64,1773137731,2026-03-10T18:15:31,0.245
1,40-64,1773138033,2026-03-10T18:20:33,0.245
1,40-64,1773138331,2026-03-10T18:25:31,0.245
1,40-64,1773138637,2026-03-10T18:30:37,0.245
1,40-64,1773138932,2026-03-10T18:35:32,0.245
1,40-64,1773139233,2026-03-10T18:40:33,0.245
1,40-64,1773139532,2026-03-10T18:45:32,0.245
1,40-64,1773139831,2026-03-10T18:50:31,0.235
1,40-64,1773140135,2026-03-10T18:55:35,0.235
1,40-64,1773140434,2026-03-10T19:00:34,0.235
1,40-64,1773140733,2026-03-10T19:05:33,0.225
1,40-64,1773141030,2026-03-10T19:10:30,0.225
1,40-64,1773141342,2026-03-10T19:15:42,0.225
1,40-64,1773141631,2026-03-10T19:20:31,0.225
1,40-64,1773141932,2026-03-10T19:25:32,0.225
1,40-64,1773142236,2026-03-10T19:30:36,0.225
1,40-64,1773142529,2026-03-10T19:35:29,0.225
1,40-64,1773142829,2026-03-10T19:40:29,0.225
1,40-64,1773143132,2026-03-10T19:45:32,0.225
1,40-64,1773143433,2026-03-10T19:50:33,0.225
1,40-64,1773143730,2026-03-10T19:55:30,0.225
1,40-64,1773144057,2026-03-10T20:00:57,0.23
1,40-64,1773144333,2026-03-10T20:05:33,0.225
1,40-64,1773144621,2026-03-10T20:10:21,0.225
1,40-64,1773144658,2026-03-10T20:10:58,0.225
1,40-64,1773144933,2026-03-10T20:15:33,0.225
1,40-64,1773145233,2026-03-10T20:20:33,0.225
1,40-64,1773145532,2026-03-10T20:25:32,0.215
1,40-64,1773145842,2026-03-10T20:30:42,0.24
1,40-64,1773146133,2026-03-10T20:35:33,0.24
1,40-64,1773146434,2026-03-10T20:40:34,0.24
1,40-64,1773146748,2026-03-10T20:45:48,0.24
1,40-64,1773147030,2026-03-10T20:50:30,0.24
1,40-64,1773147330,2026-03-10T20:55:30,0.24
1,40-64,1773147642,2026-03-10T21:00:42,0.24
1,40-64,1773147936,2026-03-10T21:05:36,0.24
1,40-64,1773148232,2026-03-10T21:10:32,0.235
1,40-64,1773148530,2026-03-10T21:15:30,0.225
1,40-64,1773148832,2026-03-10T21:20:32,0.225
1,40-64,1773149130,2026-03-10T21:25:30,0.225
1,40-64,1773149446,2026-03-10T21:30:46,0.225
1,40-64,1773149733,2026-03-10T21:35:33,0.225
1,40-64,1773150033,2026-03-10T21:40:33,0.225
1,40-64,1773150331,2026-03-10T21:45:31,0.225
1,40-64,1773150633,2026-03-10T21:50:33,0.225
1,40-64,1773150933,2026-03-10T21:55:33,0.225
1,40-64,1773151240,2026-03-10T22:00:40,0.225
1,40-64,1773151532,2026-03-10T22:05:32,0.225
1,40-64,1773151833,2026-03-10T22:10:33,0.225
1,40-64,1773152131,2026-03-10T22:15:31,0.225
1,40-64,1773152432,2026-03-10T22:20:32,0.225
1,40-64,1773152734,2026-03-10T22:25:34,0.225
1,40-64,1773153042,2026-03-10T22:30:42,0.225
1,40-64,1773153632,2026-03-10T22:40:32,0.225
1,40-64,1773153932,2026-03-10T22:45:32,0.225
1,40-64,1773154245,2026-03-10T22:50:45,0.225
1,40-64,1773154544,2026-03-10T22:55:44,0.225
1,40-64,1773155130,2026-03-10T23:05:30,0.215
1,40-64,1773155431,2026-03-10T23:10:31,0.205
1,40-64,1773155731,2026-03-10T23:15:31,0.21
1,40-64,1773156030,2026-03-10T23:20:30,0.21
1,40-64,1773156334,2026-03-10T23:25:34,0.21
1,40-64,1773156638,2026-03-10T23:30:38,0.21
1,40-64,1773156931,2026-03-10T23:35:31,0.21
1,40-64,1773157231,2026-03-10T23:40:31,0.21
1,40-64,1773157533,2026-03-10T23:45:33,0.21
1,40-64,1773157845,2026-03-10T23:50:45,0.21
1,40-64,1773158129,2026-03-10T23:55:29,0.21
1,40-64,1773158443,2026-03-11T00:00:43,0.195
1,40-64,1773158731,2026-03-11T00:05:31,0.195
1,40-64,1773159033,2026-03-11T00:10:33,0.185
1,40-64,1773159330,2026-03-11T00:15:30,0.185
1,40-64,1773159636,2026-03-11T00:20:36,0.17
1,40-64,1773159930,2026-03-11T00:25:30,0.165
1,40-64,1773160237,2026-03-11T00:30:37,0.16
1,40-64,1773160530,2026-03-11T00:35:30,0.17
1,40-64,1773160832,2026-03-11T00:40:32,0.17
1,40-64,1773161144,2026-03-11T00:45:44,0.17
1,40-64,1773161432,2026-03-11T00:50:32,0.165
1,40-64,1773161729,2026-03-11T00:55:29,0.17
1,40-64,1773162035,2026-03-11T01:00:35,0.17
1,40-64,1773162331,2026-03-11T01:05:31,0.17
1,40-64,1773162631,2026-03-11T01:10:31,0.17
1,40-64,1773162935,2026-03-11T01:15:35,0.16
1,40-64,1773163232,2026-03-11T01:20:32,0.17
1,40-64,1773163539,2026-03-11T01:25:39,0.17
1,40-64,1773163837,2026-03-11T01:30:37,0.16
1,40-64,1773164131,2026-03-11T01:35:31,0.16
1,40-64,1773164435,2026-03-11T01:40:35,0.17
1,40-64,1773164733,2026-03-11T01:45:33,0.17
1,40-64,1773165032,2026-03-11T01:50:32,0.17
1,40-64,1773165331,2026-03-11T01:55:31,0.17
1,40-64,1773165653,2026-03-11T02:00:53,0.165
1,40-64,1773165936,2026-03-11T02:05:36,0.165
1,40-64,1773166233,2026-03-11T02:10:33,0.165
1,40-64,1773166531,2026-03-11T02:15:31,0.165
1,40-64,1773166833,2026-03-11T02:20:33,0.165
1,40-64,1773167144,2026-03-11T02:25:44,0.165
1,40-64,1773167443,2026-03-11T02:30:43,0.165
1,40-64,1773167730,2026-03-11T02:35:30,0.165
1,40-64,1773168034,2026-03-11T02:40:34,0.165
1,40-64,1773168342,2026-03-11T02:45:42,0.165
1,40-64,1773168632,2026-03-11T02:50:32,0.165
1,40-64,1773168930,2026-03-11T02:55:30,0.165
1,40-64,1773169238,2026-03-11T03:00:38,0.165
1,40-64,1773169549,2026-03-11T03:05:49,0.165
1,40-64,1773169832,2026-03-11T03:10:32,0.16
1,40-64,1773170131,2026-03-11T03:15:31,0.16
1,40-64,1773170441,2026-03-11T03:20:41,0.16
1,40-64,1773170734,2026-03-11T03:25:34,0.16
1,40-64,1773171037,2026-03-11T03:30:37,0.16
1,40-64,1773171331,2026-03-11T03:35:31,0.155
1,40-64,1773171633,2026-03-11T03:40:33,0.155
1,40-64,1773171935,2026-03-11T03:45:35,0.155
1,40-64,1773172234,2026-03-11T03:50:34,0.155
1,40-64,1773172532,2026-03-11T03:55:32,0.155
1,40-64,1773172839,2026-03-11T04:00:39,0.16
1,40-64,1773173132,2026-03-11T04:05:32,0.16
1,40-64,1773173431,2026-03-11T04:10:31,0.16
1,40-64,1773173734,2026-03-11T04:15:34,0.16
1,40-64,1773174034,2026-03-11T04:20:34,0.16
1,40-64,1773174330,2026-03-11T04:25:30,0.16
1,40-64,1773174635,2026-03-11T04:30:35,0.16
1,40-64,1773174931,2026-03-11T04:35:31,0.16
1,40-64,1773175235,2026-03-11T04:40:35,0.16
1,40-64,1773175531,2026-03-11T04:45:31,0.16
1,40-64,1773175832,2026-03-11T04:50:32,0.16
1,40-64,1773176134,2026-03-11T04:55:34,0.16
1,40-64,1773176454,2026-03-11T05:00:54,0.16
1,40-64,1773176733,2026-03-11T05:05:33,0.16
1,40-64,1773177030,2026-03-11T05:10:30,0.16
1,40-64,1773177332,2026-03-11T05:15:32,0.16
1,40-64,1773177929,2026-03-11T05:25:29,0.16
1,40-64,1773178239,2026-03-11T05:30:39,0.16
1,40-64,1773178531,2026-03-11T05:35:31,0.16
1,40-64,1773178832,2026-03-11T05:40:32,0.16
1,40-64,1773179135,2026-03-11T05:45:35,0.16
1,40-64,1773179433,2026-03-11T05:50:33,0.16
1,40-64,1773179730,2026-03-11T05:55:30,0.155
1,40-64,1773180038,2026-03-11T06:00:38,0.155
1,40-64,1773180334,2026-03-11T06:05:34,0.155
1,40-64,1773180647,2026-03-11T06:10:47,0.155
1,40-64,1773180933,2026-03-11T06:15:33,0.155
1,40-64,1773181232,2026-03-11T06:20:32,0.155
1,40-64,1773181534,2026-03-11T06:25:34,0.155
1,40-64,1773181835,2026-03-11T06:30:35,0.155
1,40-64,1773182130,2026-03-11T06:35:30,0.155
1,40-64,1773182435,2026-03-11T06:40:35,0.155
1,40-64,1773182732,2026-03-11T06:45:32,0.155
1,40-64,1773183031,2026-03-11T06:50:31,0.16
1,40-64,1773183333,2026-03-11T06:55:33,0.16
1,40-64,1773183638,2026-03-11T07:00:38,0.16
1,40-64,1773183946,2026-03-11T07:05:46,0.16
1,40-64,1773184232,2026-03-11T07:10:32,0.165
1,40-64,1773184533,2026-03-11T07:15:33,0.17
1,40-64,1773184831,2026-03-11T07:20:31,0.17
1,40-64,1773185134,2026-03-11T07:25:34,0.17
1,40-64,1773185442,2026-03-11T07:30:42,0.165
1,40-64,1773185734,2026-03-11T07:35:34,0.16
1,40-64,1773186050,2026-03-11T07:40:50,0.16
1,40-64,1773186333,2026-03-11T07:45:33,0.16
1,40-64,1773186633,2026-03-11T07:50:33,0.16
1,40-64,1773186935,2026-03-11T07:55:35,0.16
1,40-64,1773187257,2026-03-11T08:00:57,0.16
1,40-64,1773187531,2026-03-11T08:05:31,0.155
1,40-64,1773187837,2026-03-11T08:10:37,0.155
1,40-64,1773188133,2026-03-11T08:15:33,0.155
1,40-64,1773188431,2026-03-11T08:20:31,0.155
1,40-64,1773188734,2026-03-11T08:25:34,0.155
1,40-64,1773189040,2026-03-11T08:30:40,0.155
1,40-64,1773189337,2026-03-11T08:35:37,0.155
1,40-64,1773189632,2026-03-11T08:40:32,0.155
1,40-64,1773189933,2026-03-11T08:45:33,0.155
1,40-64,1773190230,2026-03-11T08:50:30,0.155
1,40-64,1773190531,2026-03-11T08:55:31,0.145
1,40-64,1773190841,2026-03-11T09:00:41,0.145
1,40-64,1773191134,2026-03-11T09:05:34,0.145
1,40-64,1773191430,2026-03-11T09:10:30,0.145
1,40-64,1773191733,2026-03-11T09:15:33,0.145
1,40-64,1773192033,2026-03-11T09:20:33,0.145
1,40-64,1773192334,2026-03-11T09:25:34,0.145
1,40-64,1773192639,2026-03-11T09:30:39,0.145
1,40-64,1773192931,2026-03-11T09:35:31,0.145
1,40-64,1773193233,2026-03-11T09:40:33,0.145
1,40-64,1773193531,2026-03-11T09:45:31,0.145
1,40-64,1773193845,2026-03-11T09:50:45,0.145
1,40-64,1773194130,2026-03-11T09:55:30,0.145
1,40-64,1773194439,2026-03-11T10:00:39,0.145
1,40-64,1773194734,2026-03-11T10:05:34,0.145
1,40-64,1773195035,2026-03-11T10:10:35,0.145
1,40-64,1773195332,2026-03-11T10:15:32,0.145
1,40-64,1773195633,2026-03-11T10:20:33,0.145
1,40-64,1773195937,2026-03-11T10:25:37,0.145
1,40-64,1773196235,2026-03-11T10:30:35,0.145
1,40-64,1773196544,2026-03-11T10:35:44,0.145
1,40-64,1773196831,2026-03-11T10:40:31,0.145
1,40-64,1773197146,2026-03-11T10:45:46,0.145
1,40-64,1773197433,2026-03-11T10:50:33,0.145
1,40-64,1773197731,2026-03-11T10:55:31,0.145
1,40-64,1773198054,2026-03-11T11:00:54,0.145
1,40-64,1773198332,2026-03-11T11:05:32,0.145
1,40-64,1773198645,2026-03-11T11:10:45,0.145
1,40-64,1773198933,2026-03-11T11:15:33,0.145
1,40-64,1773199235,2026-03-11T11:20:35,0.145
1,40-64,1773199531,2026-03-11T11:25:31,0.145
1,40-64,1773199838,2026-03-11T11:30:38,0.145
1,40-64,1773200132,2026-03-11T11:35:32,0.145
1,40-64,1773200433,2026-03-11T11:40:33,0.145
1,40-64,1773200733,2026-03-11T11:45:33,0.145
1,40-64,1773201031,2026-03-11T11:50:31,0.145
1,40-64,1773201338,2026-03-11T11:55:38,0.145
1,40-64,1773201639,2026-03-11T12:00:39,0.145
1,40-64,1773201934,2026-03-11T12:05:34,0.145
1,40-64,1773202232,2026-03-11T12:10:32,0.145
1,40-64,1773202548,2026-03-11T12:15:48,0.145
1,40-64,1773202834,2026-03-11T12:20:34,0.145
1,40-64,1773203129,2026-03-11T12:25:29,0.145
1,40-64,1773203438,2026-03-11T12:30:38,0.145
1,40-64,1773203733,2026-03-11T12:35:33,0.145
1,40-64,1773204029,2026-03-11T12:40:29,0.145
1,40-64,1773204348,2026-03-11T12:45:48,0.145
1,40-64,1773204635,2026-03-11T12:50:35,0.145
1,40-64,1773204931,2026-03-11T12:55:31,0.145
1,40-64,1773205238,2026-03-11T13:00:38,0.145
1,40-64,1773205532,2026-03-11T13:05:32,0.145
1,40-64,1773205831,2026-03-11T13:10:31,0.145
1,40-64,1773206137,2026-03-11T13:15:37,0.145
1,40-64,1773206431,2026-03-11T13:20:31,0.145
1,40-64,1773206730,2026-03-11T13:25:30,0.145
1,40-64,1773207036,2026-03-11T13:30:36,0.145
1,40-64,1773207332,2026-03-11T13:35:32,0.145
1,40-64,1773207634,2026-03-11T13:40:34,0.145
1,40-64,1773207932,2026-03-11T13:45:32,0.145
1,40-64,1773208233,2026-03-11T13:50:33,0.145
1,40-64,1773208530,2026-03-11T13:55:30,0.145
1,40-64,1773208854,2026-03-11T14:00:54,0.145
1,40-64,1773209147,2026-03-11T14:05:47,0.145
1,40-64,1773209429,2026-03-11T14:10:29,0.145
1,40-64,1773209730,2026-03-11T14:15:30,0.145
1,40-64,1773210031,2026-03-11T14:20:31,0.145
1,40-64,1773210332,2026-03-11T14:25:32,0.145
1,40-64,1773210649,2026-03-11T14:30:49,0.145
1,40-64,1773210944,2026-03-11T14:35:44,0.15
1,40-64,1773211237,2026-03-11T14:40:37,0.15
1,40-64,1773211532,2026-03-11T14:45:32,0.15
1,40-64,1773211834,2026-03-11T14:50:34,0.155
1,40-64,1773212141,2026-03-11T14:55:41,0.15
1,40-64,1773212440,2026-03-11T15:00:40,0.15
1,40-64,1773212732,2026-03-11T15:05:32,0.15
1,40-64,1773213029,2026-03-11T15:10:29,0.15
1,40-64,1773213347,2026-03-11T15:15:47,0.15
1,40-64,1773213630,2026-03-11T15:20:30,0.15
1,40-64,1773213933,2026-03-11T15:25:33,0.15
1,40-64,1773214240,2026-03-11T15:30:40,0.15
1,40-64,1773214533,2026-03-11T15:35:33,0.145
1,40-64,1773214834,2026-03-11T15:40:34,0.15
1,40-64,1773215131,2026-03-11T15:45:31,0.145
1,40-64,1773215434,2026-03-11T15:50:34,0.155
1,40-64,1773215730,2026-03-11T15:55:30,0.15
1,40-64,1773216040,2026-03-11T16:00:40,0.15
1,40-64,1773216331,2026-03-11T16:05:31,0.15
1,40-64,1773216630,2026-03-11T16:10:30,0.15
1,40-64,1773216941,2026-03-11T16:15:41,0.15
1,40-64,1773217231,2026-03-11T16:20:31,0.15
1,40-64,1773217530,2026-03-11T16:25:30,0.145
1,40-64,1773217836,2026-03-11T16:30:36,0.145
1,40-64,1773218129,2026-03-11T16:35:29,0.145
1,40-64,1773218437,2026-03-11T16:40:37,0.135
1,40-64,1773218734,2026-03-11T16:45:34,0.14
1,40-64,1773219034,2026-03-11T16:50:34,0.14
1,40-64,1773219328,2026-03-11T16:55:28,0.14
1,40-64,1773219650,2026-03-11T17:00:50,0.14
1,40-64,1773219930,2026-03-11T17:05:30,0.14
1,40-64,1773220235,2026-03-11T17:10:35,0.14
1,40-64,1773220530,2026-03-11T17:15:30,0.14
1,40-64,1773220830,2026-03-11T17:20:30,0.14
1,40-64,1773221130,2026-03-11T17:25:30,0.14
1,40-64,1773221440,2026-03-11T17:30:40,0.155
1,40-64,1773221729,2026-03-11T17:35:29,0.16
1,40-64,1773222030,2026-03-11T17:40:30,0.165
1,40-64,1773222330,2026-03-11T17:45:30,0.165
1,40-64,1773222629,2026-03-11T17:50:29,0.165
1,40-64,1773222945,2026-03-11T17:55:45,0.165
1,40-64,1773223247,2026-03-11T18:00:47,0.165
1,40-64,1773223532,2026-03-11T18:05:32,0.165
1,40-64,1773223833,2026-03-11T18:10:33,0.165
1,40-64,1773224132,2026-03-11T18:15:32,0.165
1,40-64,1773224430,2026-03-11T18:20:30,0.165
1,40-64,1773224743,2026-03-11T18:25:43,0.165
1,40-64,1773225038,2026-03-11T18:30:38,0.165
1,40-64,1773225332,2026-03-11T18:35:32,0.165
1,40-64,1773225631,2026-03-11T18:40:31,0.165
1,40-64,1773225933,2026-03-11T18:45:33,0.165
1,40-64,1773226229,2026-03-11T18:50:29,0.165
1,40-64,1773226537,2026-03-11T18:55:37,0.165
1,40-64,1773226840,2026-03-11T19:00:40,0.165
1,40-64,1773227129,2026-03-11T19:05:29,0.155
1,40-64,1773227435,2026-03-11T19:10:35,0.145
1,40-64,1773227733,2026-03-11T19:15:33,0.145
1,40-64,1773228030,2026-03-11T19:20:30,0.145
1,40-64,1773228330,2026-03-11T19:25:30,0.145
1,40-64,1773228638,2026-03-11T19:30:38,0.145
1,40-64,1773228935,2026-03-11T19:35:35,0.145
1,40-64,1773229235,2026-03-11T19:40:35,0.145
1,40-64,1773229530,2026-03-11T19:45:30,0.145
1,40-64,1773229836,2026-03-11T19:50:36,0.145
1,40-64,1773230132,2026-03-11T19:55:32,0.145
1,40-64,1773230736,2026-03-11T20:05:36,0.145
1,40-64,1773231030,2026-03-11T20:10:30,0.145
1,40-64,1773231330,2026-03-11T20:15:30,0.145
1,40-64,1773231645,2026-03-11T20:20:45,0.145
1,40-64,1773231933,2026-03-11T20:25:33,0.145
1,40-64,1773232259,2026-03-11T20:30:59,0.145
1,40-64,1773232531,2026-03-11T20:35:31,0.145
1,40-64,1773232830,2026-03-11T20:40:30,0.145
1,40-64,1773233145,2026-03-11T20:45:45,0.145
1,40-64,1773233431,2026-03-11T20:50:31,0.145
1,40-64,1773233734,2026-03-11T20:55:34,0.15
1,40-64,1773234038,2026-03-11T21:00:38,0.155
1,40-64,1773234332,2026-03-11T21:05:32,0.155
1,40-64,1773234631,2026-03-11T21:10:31,0.145
1,40-64,1773234936,2026-03-11T21:15:36,0.16
1,40-64,1773235237,2026-03-11T21:20:37,0.16
1,40-64,1773235532,2026-03-11T21:25:32,0.16
1,40-64,1773235836,2026-03-11T21:30:36,0.16
1,40-64,1773236134,2026-03-11T21:35:34,0.16
1,40-64,1773236433,2026-03-11T21:40:33,0.16
1,40-64,1773236739,2026-03-11T21:45:39,0.16
1,40-64,1773237033,2026-03-11T21:50:33,0.165
1,40-64,1773237334,2026-03-11T21:55:34,0.165
1,40-64,1773237640,2026-03-11T22:00:40,0.165
1,40-64,1773237933,2026-03-11T22:05:33,0.165
1,40-64,1773238235,2026-03-11T22:10:35,0.155
1,40-64,1773238531,2026-03-11T22:15:31,0.155
1,40-64,1773238834,2026-03-11T22:20:34,0.155
1,40-64,1773239135,2026-03-11T22:25:35,0.145
1,40-64,1773239438,2026-03-11T22:30:38,0.145
1,40-64,1773239713,2026-03-11T22:35:13,0.145
1,40-64,1773239752,2026-03-11T22:35:52,0.145
1,40-64,1773240044,2026-03-11T22:40:44,0.145
1,40-64,1773240332,2026-03-11T22:45:32,0.145
1,40-64,1773240632,2026-03-11T22:50:32,0.145
1,40-64,1773240949,2026-03-11T22:55:49,0.14
1,40-64,1773241532,2026-03-11T23:05:32,0.135
1,40-64,1773241833,2026-03-11T23:10:33,0.135
1,40-64,1773242135,2026-03-11T23:15:35,0.135
1,40-64,1773242435,2026-03-11T23:20:35,0.135
1,40-64,1773242733,2026-03-11T23:25:33,0.13
1,40-64,1773243043,2026-03-11T23:30:43,0.135
1,40-64,1773243334,2026-03-11T23:35:34,0.135
1,40-64,1773243634,2026-03-11T23:40:34,0.135
1,40-64,1773243933,2026-03-11T23:45:33,0.125
1,40-64,1773244232,2026-03-11T23:50:32,0.125
1,40-64,1773244530,2026-03-11T23:55:30,0.13
1,40-64,1773244840,2026-03-12T00:00:40,0.13
1,40-64,1773245134,2026-03-12T00:05:34,0.13
1,40-64,1773245733,2026-03-12T00:15:33,0.155
1,40-64,1773246034,2026-03-12T00:20:34,0.155
1,40-64,1773246335,2026-03-12T00:25:35,0.155
1,40-64,1773246637,2026-03-12T00:30:37,0.155
1,40-64,1773246931,2026-03-12T00:35:31,0.165
1,40-64,1773247238,2026-03-12T00:40:38,0.15
1,40-64,1773247534,2026-03-12T00:45:34,0.135
1,40-64,1773247832,2026-03-12T00:50:32,0.15
1,40-64,1773248131,2026-03-12T00:55:31,0.15
1,40-64,1773248738,2026-03-12T01:05:38,0.15
1,40-64,1773249033,2026-03-12T01:10:33,0.15
1,40-64,1773249335,2026-03-12T01:15:35,0.15
1,40-64,1773249631,2026-03-12T01:20:31,0.15
1,40-64,1773249933,2026-03-12T01:25:33,0.15
1,40-64,1773250246,2026-03-12T01:30:46,0.15
1,40-64,1773250532,2026-03-12T01:35:32,0.15
1,40-64,1773250838,2026-03-12T01:40:38,0.15
1,40-64,1773251133,2026-03-12T01:45:33,0.155
1,40-64,1773251435,2026-03-12T01:50:35,0.155
1,40-64,1773251749,2026-03-12T01:55:49,0.15
1,40-64,1773252054,2026-03-12T02:00:54,0.145
1,40-64,1773252335,2026-03-12T02:05:35,0.145
1,40-64,1773252632,2026-03-12T02:10:32,0.145
1,40-64,1773252932,2026-03-12T02:15:32,0.145
1,40-64,1773253231,2026-03-12T02:20:31,0.145
1,40-64,1773253533,2026-03-12T02:25:33,0.145
1,40-64,1773253838,2026-03-12T02:30:38,0.16
1,40-64,1773254131,2026-03-12T02:35:31,0.165
1,40-64,1773254431,2026-03-12T02:40:31,0.165
1,40-64,1773254734,2026-03-12T02:45:34,0.16
1,40-64,1773255048,2026-03-12T02:50:48,0.165
1,40-64,1773255330,2026-03-12T02:55:30,0.165
1,40-64,1773255640,2026-03-12T03:00:40,0.165
1,40-64,1773255955,2026-03-12T03:05:55,0.165
1,40-64,1773256233,2026-03-12T03:10:33,0.165
1,40-64,1773256534,2026-03-12T03:15:34,0.165
1,40-64,1773256831,2026-03-12T03:20:31,0.155
1,40-64,1773257131,2026-03-12T03:25:31,0.155
1,40-64,1773257440,2026-03-12T03:30:40,0.155
1,40-64,1773257732,2026-03-12T03:35:32,0.16
1,40-64,1773258034,2026-03-12T03:40:34,0.16
1,40-64,1773258330,2026-03-12T03:45:30,0.16
1,40-64,1773258638,2026-03-12T03:50:38,0.155
1,40-64,1773258932,2026-03-12T03:55:32,0.155
1,40-64,1773259244,2026-03-12T04:00:44,0.155
1,40-64,1773259533,2026-03-12T04:05:33,0.155
1,40-64,1773259835,2026-03-12T04:10:35,0.165
1,40-64,1773260131,2026-03-12T04:15:31,0.165
1,40-64,1773260431,2026-03-12T04:20:31,0.165
1,40-64,1773260737,2026-03-12T04:25:37,0.165
1,40-64,1773261040,2026-03-12T04:30:40,0.165
1,40-64,1773261336,2026-03-12T04:35:36,0.165
1,40-64,1773261633,2026-03-12T04:40:33,0.165
1,40-64,1773261934,2026-03-12T04:45:34,0.165
1,40-64,1773262246,2026-03-12T04:50:46,0.165
1,40-64,1773262532,2026-03-12T04:55:32,0.165
1,40-64,1773262859,2026-03-12T05:00:59,0.155
1,40-64,1773263132,2026-03-12T05:05:32,0.165
1,40-64,1773263432,2026-03-12T05:10:32,0.165
1,40-64,1773263733,2026-03-12T05:15:33,0.145
1,40-64,1773264034,2026-03-12T05:20:34,0.155
1,40-64,1773264640,2026-03-12T05:30:40,0.165
1,40-64,1773264931,2026-03-12T05:35:31,0.165
1,40-64,1773265235,2026-03-12T05:40:35,0.155
1,40-64,1773265545,2026-03-12T05:45:45,0.155
1,40-64,1773265834,2026-03-12T05:50:34,0.155
1,40-64,1773266134,2026-03-12T05:55:34,0.155
1,40-64,1773266447,2026-03-12T06:00:47,0.155
1,40-64,1773266748,2026-03-12T06:05:48,0.155
1,40-64,1773267033,2026-03-12T06:10:33,0.155
1,40-64,1773267333,2026-03-12T06:15:33,0.155
1,40-64,1773267636,2026-03-12T06:20:36,0.155
1,40-64,1773267930,2026-03-12T06:25:30,0.155
1,40-64,1773268242,2026-03-12T06:30:42,0.155
1,40-64,1773268534,2026-03-12T06:35:34,0.155
1,40-64,1773268832,2026-03-12T06:40:32,0.155
1,40-64,1773269145,2026-03-12T06:45:45,0.155
1,40-64,1773269436,2026-03-12T06:50:36,0.155
1,40-64,1773269737,2026-03-12T06:55:37,0.155
1,40-64,1773270038,2026-03-12T07:00:38,0.155
1,40-64,1773270334,2026-03-12T07:05:34,0.165
1,40-64,1773270634,2026-03-12T07:10:34,0.165
1,40-64,1773270937,2026-03-12T07:15:37,0.165
1,40-64,1773271251,2026-03-12T07:20:51,0.165
1,40-64,1773271533,2026-03-12T07:25:33,0.165
1,40-64,1773271838,2026-03-12T07:30:38,0.165
1,40-64,1773272131,2026-03-12T07:35:31,0.165
1,40-64,1773272447,2026-03-12T07:40:47,0.165
1,40-64,1773272731,2026-03-12T07:45:31,0.165
1,40-64,1773273037,2026-03-12T07:50:37,0.165
1,40-64,1773273332,2026-03-12T07:55:32,0.165
1,40-64,1773273930,2026-03-12T08:05:30,0.165
1,40-64,1773274232,2026-03-12T08:10:32,0.165
1,40-64,1773274533,2026-03-12T08:15:33,0.165
1,40-64,1773274832,2026-03-12T08:20:32,0.165
1,40-64,1773275130,2026-03-12T08:25:30,0.165
1,40-64,1773275439,2026-03-12T08:30:39,0.165
1,40-64,1773275732,2026-03-12T08:35:32,0.165
1,40-64,1773276030,2026-03-12T08:40:30,0.155
1,40-64,1773276333,2026-03-12T08:45:33,0.155
1,40-64,1773276628,2026-03-12T08:50:28,0.155
1,40-64,1773276932,2026-03-12T08:55:32,0.155
1,40-64,1773277238,2026-03-12T09:00:38,0.155
1,40-64,1773277532,2026-03-12T09:05:32,0.155
1,40-64,1773277829,2026-03-12T09:10:29,0.155
1,40-64,1773278132,2026-03-12T09:15:32,0.155
1,40-64,1773278432,2026-03-12T09:20:32,0.155
1,40-64,1773278730,2026-03-12T09:25:30,0.155
1,40-64,1773279035,2026-03-12T09:30:35,0.155
1,40-64,1773279333,2026-03-12T09:35:33,0.155
1,40-64,1773279631,2026-03-12T09:40:31,0.155
1,40-64,1773279930,2026-03-12T09:45:30,0.155
1,40-64,1773280232,2026-03-12T09:50:32,0.155
1,40-64,1773280530,2026-03-12T09:55:30,0.155
1,40-64,1773280838,2026-03-12T10:00:38,0.155
1,40-64,1773281133,2026-03-12T10:05:33,0.155
1,40-64,1773281432,2026-03-12T10:10:32,0.155
1,40-64,1773281734,2026-03-12T10:15:34,0.155
1,40-64,1773282034,2026-03-12T10:20:34,0.155
1,40-64,1773282336,2026-03-12T10:25:36,0.155
1,40-64,1773282640,2026-03-12T10:30:40,0.155
1,40-64,1773282947,2026-03-12T10:35:47,0.165
1,40-64,1773283245,2026-03-12T10:40:45,0.165
1,40-64,1773283534,2026-03-12T10:45:34,0.165
1,40-64,1773283832,2026-03-12T10:50:32,0.165
1,40-64,1773284133,2026-03-12T10:55:33,0.165
1,40-64,1773284456,2026-03-12T11:00:56,0.165
1,40-64,1773284734,2026-03-12T11:05:34,0.165
1,40-64,1773285031,2026-03-12T11:10:31,0.17
1,40-64,1773285331,2026-03-12T11:15:31,0.17
1,40-64,1773285629,2026-03-12T11:20:29,0.17
1,40-64,1773285931,2026-03-12T11:25:31,0.17
1,40-64,1773286249,2026-03-12T11:30:49,0.17
1,40-64,1773286533,2026-03-12T11:35:33,0.17
1,40-64,1773286833,2026-03-12T11:40:33,0.17
1,40-64,1773287141,2026-03-12T11:45:41,0.17
1,40-64,1773287429,2026-03-12T11:50:29,0.17
1,40-64,1773287731,2026-03-12T11:55:31,0.17
1,40-64,1773288039,2026-03-12T12:00:39,0.17
1,40-64,1773288330,2026-03-12T12:05:30,0.17
1,40-64,1773288633,2026-03-12T12:10:33,0.175
1,40-64,1773288932,2026-03-12T12:15:32,0.185
1,40-64,1773289232,2026-03-12T12:20:32,0.19
1,40-64,1773289531,2026-03-12T12:25:31,0.19
1,40-64,1773289837,2026-03-12T12:30:37,0.19
1,40-64,1773290133,2026-03-12T12:35:33,0.19
1,40-64,1773290430,2026-03-12T12:40:30,0.19
1,40-64,1773290730,2026-03-12T12:45:30,0.19
1,40-64,1773291041,2026-03-12T12:50:41,0.19
1,40-64,1773291330,2026-03-12T12:55:30,0.19
1,40-64,1773291647,2026-03-12T13:00:47,0.19
1,40-64,1773291931,2026-03-12T13:05:31,0.185
1,40-64,1773292230,2026-03-12T13:10:30,0.185
1,40-64,1773292532,2026-03-12T13:15:32,0.185
1,40-64,1773292830,2026-03-12T13:20:30,0.185
1,40-64,1773293133,2026-03-12T13:25:33,0.185
1,40-64,1773293438,2026-03-12T13:30:38,0.19
1,40-64,1773293733,2026-03-12T13:35:33,0.19
1,40-64,1773294031,2026-03-12T13:40:31,0.19
1,40-64,1773294330,2026-03-12T13:45:30,0.185
1,40-64,1773294632,2026-03-12T13:50:32,0.185
1,40-64,1773294930,2026-03-12T13:55:30,0.185
1,40-64,1773295256,2026-03-12T14:00:56,0.185
1,40-64,1773295530,2026-03-12T14:05:30,0.185
1,40-64,1773295831,2026-03-12T14:10:31,0.185
1,40-64,1773296131,2026-03-12T14:15:31,0.185
1,40-64,1773296432,2026-03-12T14:20:32,0.18
1,40-64,1773296731,2026-03-12T14:25:31,0.18
1,40-64,1773297037,2026-03-12T14:30:37,0.18
1,40-64,1773297343,2026-03-12T14:35:43,0.18
1,40-64,1773297630,2026-03-12T14:40:30,0.18
1,40-64,1773297933,2026-03-12T14:45:33,0.18
1,40-64,1773298229,2026-03-12T14:50:29,0.18
1,40-64,1773298532,2026-03-12T14:55:32,0.18
1,40-64,1773298843,2026-03-12T15:00:43,0.18
1,40-64,1773299132,2026-03-12T15:05:32,0.175
1,40-64,1773299430,2026-03-12T15:10:30,0.18
1,40-64,1773299734,2026-03-12T15:15:34,0.18
1,40-64,1773300030,2026-03-12T15:20:30,0.175
1,40-64,1773300331,2026-03-12T15:25:31,0.17
1,40-64,1773300637,2026-03-12T15:30:37,0.17
1,40-64,1773300930,2026-03-12T15:35:30,0.17
1,40-64,1773301234,2026-03-12T15:40:34,0.17
1,40-64,1773301531,2026-03-12T15:45:31,0.17
1,40-64,1773301833,2026-03-12T15:50:33,0.17
1,40-64,1773302129,2026-03-12T15:55:29,0.17
1,40-64,1773302443,2026-03-12T16:00:43,0.17
1,40-64,1773302731,2026-03-12T16:05:31,0.17
1,40-64,1773303030,2026-03-12T16:10:30,0.17
1,40-64,1773303332,2026-03-12T16:15:32,0.17
1,40-64,1773303630,2026-03-12T16:20:30,0.17
1,40-64,1773303942,2026-03-12T16:25:42,0.17
1,40-64,1773304236,2026-03-12T16:30:36,0.17
1,40-64,1773304530,2026-03-12T16:35:30,0.18
1,40-64,1773304842,2026-03-12T16:40:42,0.185
1,40-64,1773305130,2026-03-12T16:45:30,0.18
1,40-64,1773305433,2026-03-12T16:50:33,0.18
1,40-64,1773305740,2026-03-12T16:55:40,0.18
1,40-64,1773306052,2026-03-12T17:00:52,0.18
1,40-64,1773306332,2026-03-12T17:05:32,0.18
1,40-64,1773306630,2026-03-12T17:10:30,0.18
1,40-64,1773306929,2026-03-12T17:15:29,0.18
1,40-64,1773307228,2026-03-12T17:20:28,0.18
1,40-64,1773307531,2026-03-12T17:25:31,0.18
1,40-64,1773307839,2026-03-12T17:30:39,0.18
1,40-64,1773308132,2026-03-12T17:35:32,0.18
1,40-64,1773308429,2026-03-12T17:40:29,0.175
1,40-64,1773308732,2026-03-12T17:45:32,0.175
1,40-64,1773309030,2026-03-12T17:50:30,0.175
1,40-64,1773309333,2026-03-12T17:55:33,0.175
1,40-64,1773309933,2026-03-12T18:05:33,0.175
1,40-64,1773310233,2026-03-12T18:10:33,0.175
1,40-64,1773310533,2026-03-12T18:15:33,0.175
1,40-64,1773310833,2026-03-12T18:20:33,0.17
1,40-64,1773311135,2026-03-12T18:25:35,0.17
1,40-64,1773311445,2026-03-12T18:30:45,0.175
1,40-64,1773311729,2026-03-12T18:35:29,0.18
1,40-64,1773312033,2026-03-12T18:40:33,0.17
1,40-64,1773312332,2026-03-12T18:45:32,0.17
1,40-64,1773312634,2026-03-12T18:50:34,0.165
1,40-64,1773312933,2026-03-12T18:55:33,0.165
1,40-64,1773313238,2026-03-12T19:00:38,0.165
1,40-64,1773313529,2026-03-12T19:05:29,0.165
1,40-64,1773313846,2026-03-12T19:10:46,0.16
1,40-64,1773314129,2026-03-12T19:15:29,0.16
1,40-64,1773314429,2026-03-12T19:20:29,0.16
1,40-64,1773314731,2026-03-12T19:25:31,0.16
1,40-64,1773315039,2026-03-12T19:30:39,0.16
1,40-64,1773315330,2026-03-12T19:35:30,0.165
1,40-64,1773315633,2026-03-12T19:40:33,0.165
1,40-64,1773315932,2026-03-12T19:45:32,0.165
1,40-64,1773316231,2026-03-12T19:50:31,0.165
1,40-64,1773316529,2026-03-12T19:55:29,0.165
1,40-64,1773317133,2026-03-12T20:05:33,0.165
1,40-64,1773317401,2026-03-12T20:10:01,0.165
1,40-64,1773317439,2026-03-12T20:10:39,0.165
1,40-64,1773317733,2026-03-12T20:15:33,0.165
1,40-64,1773318029,2026-03-12T20:20:29,0.165
1,40-64,1773318333,2026-03-12T20:25:33,0.165
1,40-64,1773318931,2026-03-12T20:35:31,0.165
1,40-64,1773319243,2026-03-12T20:40:43,0.155
1,40-64,1773319530,2026-03-12T20:45:30,0.155
1,40-64,1773319829,2026-03-12T20:50:29,0.155
1,40-64,1773320129,2026-03-12T20:55:29,0.155
1,40-64,1773320732,2026-03-12T21:05:32,0.155
1,40-64,1773321033,2026-03-12T21:10:33,0.155
1,40-64,1773321333,2026-03-12T21:15:33,0.155
1,40-64,1773321632,2026-03-12T21:20:32,0.155
1,40-64,1773321929,2026-03-12T21:25:29,0.155
1,40-64,1773322244,2026-03-12T21:30:44,0.155
1,40-64,1773322533,2026-03-12T21:35:33,0.155
1,40-64,1773322833,2026-03-12T21:40:33,0.16
1,40-64,1773323141,2026-03-12T21:45:41,0.155
1,40-64,1773323432,2026-03-12T21:50:32,0.155
1,40-64,1773323735,2026-03-12T21:55:35,0.165
1,40-64,1773324043,2026-03-12T22:00:43,0.165
1,40-64,1773324332,2026-03-12T22:05:32,0.16
1,40-64,1773324636,2026-03-12T22:10:36,0.155
1,40-64,1773324933,2026-03-12T22:15:33,0.155
1,40-64,1773325235,2026-03-12T22:20:35,0.15
1,40-64,1773325533,2026-03-12T22:25:33,0.145
1,40-64,1773325839,2026-03-12T22:30:39,0.135
1,40-64,1773326127,2026-03-12T22:35:27,0.135
1,40-64,1773326441,2026-03-12T22:40:41,0.135
1,40-64,1773326735,2026-03-12T22:45:35,0.15
1,40-64,1773327031,2026-03-12T22:50:31,0.14
1,40-64,1773327331,2026-03-12T22:55:31,0.14
1,40-64,1773327657,2026-03-12T23:00:57,0.135
1,40-64,1773327932,2026-03-12T23:05:32,0.135
1,40-64,1773328242,2026-03-12T23:10:42,0.135
1,40-64,1773328532,2026-03-12T23:15:32,0.135
1,40-64,1773328834,2026-03-12T23:20:34,0.135
1,40-64,1773329134,2026-03-12T23:25:34,0.135
1,40-64,1773329440,2026-03-12T23:30:40,0.14
1,40-64,1773329732,2026-03-12T23:35:32,0.135
1,40-64,1773330034,2026-03-12T23:40:34,0.14
1,40-64,1773330333,2026-03-12T23:45:33,0.135
1,40-64,1773330633,2026-03-12T23:50:33,0.14
1,40-64,1773330931,2026-03-12T23:55:31,0.14
1,40-64,1773331241,2026-03-13T00:00:41,0.145
1,40-64,1773331536,2026-03-13T00:05:36,0.145
1,40-64,1773331834,2026-03-13T00:10:34,0.14
1,40-64,1773332135,2026-03-13T00:15:35,0.145
1,40-64,1773332435,2026-03-13T00:20:35,0.14
1,40-64,1773332735,2026-03-13T00:25:35,0.14
1,40-64,1773333036,2026-03-13T00:30:36,0.14
1,40-64,1773333330,2026-03-13T00:35:30,0.15
1,40-64,1773333648,2026-03-13T00:40:48,0.15
1,40-64,1773333934,2026-03-13T00:45:34,0.15
1,40-64,1773334236,2026-03-13T00:50:36,0.15
1,40-64,1773334534,2026-03-13T00:55:34,0.15
1,40-64,1773335133,2026-03-13T01:05:33,0.15
1,40-64,1773335435,2026-03-13T01:10:35,0.15
1,40-64,1773335735,2026-03-13T01:15:35,0.15
1,40-64,1773336035,2026-03-13T01:20:35,0.15
1,40-64,1773336340,2026-03-13T01:25:40,0.15
1,40-64,1773336943,2026-03-13T01:35:43,0.15
1,40-64,1773337235,2026-03-13T01:40:35,0.145
1,40-64,1773337535,2026-03-13T01:45:35,0.155
1,40-64,1773337836,2026-03-13T01:50:36,0.155
1,40-64,1773338134,2026-03-13T01:55:34,0.155
1,40-64,1773338736,2026-03-13T02:05:36,0.155
1,40-64,1773339032,2026-03-13T02:10:32,0.16
1,40-64,1773339336,2026-03-13T02:15:36,0.155
1,40-64,1773339635,2026-03-13T02:20:35,0.165
1,40-64,1773339931,2026-03-13T02:25:31,0.165
1,40-64,1773340241,2026-03-13T02:30:41,0.165
1,40-64,1773340534,2026-03-13T02:35:34,0.19
1,40-64,1773340834,2026-03-13T02:40:34,0.185
1,40-64,1773341135,2026-03-13T02:45:35,0.185
1,40-64,1773341431,2026-03-13T02:50:31,0.18
1,40-64,1773341733,2026-03-13T02:55:33,0.18
1,40-64,1773342037,2026-03-13T03:00:37,0.18
1,40-64,1773342344,2026-03-13T03:05:44,0.18
1,40-64,1773342637,2026-03-13T03:10:37,0.18
1,40-64,1773342935,2026-03-13T03:15:35,0.19
1,40-64,1773343236,2026-03-13T03:20:36,0.19
1,40-64,1773343534,2026-03-13T03:25:34,0.19
1,40-64,1773343845,2026-03-13T03:30:45,0.19
1,40-64,1773344135,2026-03-13T03:35:35,0.19
1,40-64,1773344434,2026-03-13T03:40:34,0.19
1,40-64,1773344735,2026-03-13T03:45:35,0.175
1,40-64,1773345044,2026-03-13T03:50:44,0.175
1,40-64,1773345333,2026-03-13T03:55:33,0.165
1,40-64,1773345646,2026-03-13T04:00:46,0.175
1,40-64,1773345935,2026-03-13T04:05:35,0.18
1,40-64,1773346231,2026-03-13T04:10:31,0.18
1,40-64,1773346535,2026-03-13T04:15:35,0.18
1,40-64,1773346833,2026-03-13T04:20:33,0.18
1,40-64,1773347133,2026-03-13T04:25:33,0.18
1,40-64,1773347439,2026-03-13T04:30:39,0.18
1,40-64,1773347739,2026-03-13T04:35:39,0.18
1,40-64,1773348033,2026-03-13T04:40:33,0.18
1,40-64,1773348333,2026-03-13T04:45:33,0.18
1,40-64,1773348632,2026-03-13T04:50:32,0.18
1,40-64,1773348934,2026-03-13T04:55:34,0.18
1,40-64,1773349259,2026-03-13T05:00:59,0.18
1,40-64,1773349533,2026-03-13T05:05:33,0.18
1,40-64,1773349833,2026-03-13T05:10:33,0.18
1,40-64,1773350135,2026-03-13T05:15:35,0.175
1,40-64,1773350435,2026-03-13T05:20:35,0.165
1,40-64,1773350738,2026-03-13T05:25:38,0.17
1,40-64,1773351040,2026-03-13T05:30:40,0.18
1,40-64,1773351330,2026-03-13T05:35:30,0.18
1,40-64,1773351631,2026-03-13T05:40:31,0.18
1,40-64,1773351934,2026-03-13T05:45:34,0.175
1,40-64,1773352248,2026-03-13T05:50:48,0.175
1,40-64,1773352534,2026-03-13T05:55:34,0.175
1,40-64,1773352840,2026-03-13T06:00:40,0.17
1,40-64,1773353134,2026-03-13T06:05:34,0.17
1,40-64,1773353435,2026-03-13T06:10:35,0.17
1,40-64,1773353736,2026-03-13T06:15:36,0.17
1,40-64,1773354038,2026-03-13T06:20:38,0.17
1,40-64,1773354336,2026-03-13T06:25:36,0.175
1,40-64,1773354645,2026-03-13T06:30:45,0.175
1,40-64,1773354934,2026-03-13T06:35:34,0.175
1,40-64,1773355231,2026-03-13T06:40:31,0.18
1,40-64,1773355534,2026-03-13T06:45:34,0.175
1,40-64,1773355833,2026-03-13T06:50:33,0.18
1,40-64,1773356133,2026-03-13T06:55:33,0.18
1,40-64,1773356450,2026-03-13T07:00:50,0.18
1,40-64,1773356735,2026-03-13T07:05:35,0.18
1,40-64,1773357033,2026-03-13T07:10:33,0.18
1,40-64,1773357335,2026-03-13T07:15:35,0.18
1,40-64,1773357633,2026-03-13T07:20:33,0.18
1,40-64,1773357931,2026-03-13T07:25:31,0.185
1,40-64,1773358242,2026-03-13T07:30:42,0.19
1,40-64,1773358533,2026-03-13T07:35:33,0.19
1,40-64,1773358836,2026-03-13T07:40:36,0.19
1,40-64,1773359132,2026-03-13T07:45:32,0.19
1,40-64,1773359434,2026-03-13T07:50:34,0.19
1,40-64,1773359737,2026-03-13T07:55:37,0.19
1,40-64,1773360333,2026-03-13T08:05:33,0.205
1,40-64,1773360634,2026-03-13T08:10:34,0.205
1,40-64,1773360934,2026-03-13T08:15:34,0.2
1,40-64,1773361235,2026-03-13T08:20:35,0.21
1,40-64,1773361534,2026-03-13T08:25:34,0.215
1,40-64,1773361844,2026-03-13T08:30:44,0.215
1,40-64,1773362135,2026-03-13T08:35:35,0.22
1,40-64,1773362431,2026-03-13T08:40:31,0.225
1,40-64,1773362732,2026-03-13T08:45:32,0.225
1,40-64,1773363035,2026-03-13T08:50:35,0.225
1,40-64,1773363332,2026-03-13T08:55:32,0.225
1,40-64,1773363643,2026-03-13T09:00:43,0.235
1,40-64,1773363932,2026-03-13T09:05:32,0.235
1,40-64,1773364232,2026-03-13T09:10:32,0.23
1,40-64,1773364535,2026-03-13T09:15:35,0.23
1,40-64,1773364833,2026-03-13T09:20:33,0.23
1,40-64,1773365142,2026-03-13T09:25:42,0.23
1,40-64,1773365436,2026-03-13T09:30:36,0.23
1,40-64,1773365731,2026-03-13T09:35:31,0.23
1,40-64,1773366032,2026-03-13T09:40:32,0.24
1,40-64,1773366334,2026-03-13T09:45:34,0.23
1,40-64,1773366645,2026-03-13T09:50:45,0.225
1,40-64,1773366934,2026-03-13T09:55:34,0.23
1,40-64,1773367241,2026-03-13T10:00:41,0.225
1,40-64,1773367547,2026-03-13T10:05:47,0.23
1,40-64,1773367833,2026-03-13T10:10:33,0.235
1,40-64,1773368133,2026-03-13T10:15:33,0.24
1,40-64,1773368438,2026-03-13T10:20:38,0.245
1,40-64,1773368742,2026-03-13T10:25:42,0.235
1,40-64,1773369043,2026-03-13T10:30:43,0.24
1,40-64,1773369335,2026-03-13T10:35:35,0.24
1,40-64,1773369633,2026-03-13T10:40:33,0.24
1,40-64,1773369934,2026-03-13T10:45:34,0.24
1,40-64,1773370237,2026-03-13T10:50:37,0.24
1,40-64,1773370535,2026-03-13T10:55:35,0.24
1,40-64,1773370856,2026-03-13T11:00:56,0.23
1,40-64,1773371133,2026-03-13T11:05:33,0.225
1,40-64,1773371432,2026-03-13T11:10:32,0.24
1,40-64,1773371732,2026-03-13T11:15:32,0.24
1,40-64,1773372033,2026-03-13T11:20:33,0.235
1,40-64,1773372332,2026-03-13T11:25:32,0.235
1,40-64,1773372639,2026-03-13T11:30:39,0.235
1,40-64,1773372931,2026-03-13T11:35:31,0.24
1,40-64,1773373233,2026-03-13T11:40:33,0.24
1,40-64,1773373535,2026-03-13T11:45:35,0.24
1,40-64,1773373833,2026-03-13T11:50:33,0.24
1,40-64,1773374130,2026-03-13T11:55:30,0.24
1,40-64,1773374442,2026-03-13T12:00:42,0.24
1,40-64,1773374734,2026-03-13T12:05:34,0.245
1,40-64,1773375033,2026-03-13T12:10:33,0.245
1,40-64,1773375330,2026-03-13T12:15:30,0.245
1,40-64,1773375630,2026-03-13T12:20:30,0.235
1,40-64,1773375934,2026-03-13T12:25:34,0.25
1,40-64,1773376235,2026-03-13T12:30:35,0.245
1,40-64,1773376532,2026-03-13T12:35:32,0.245
1,40-64,1773376833,2026-03-13T12:40:33,0.255
1,40-64,1773377131,2026-03-13T12:45:31,0.255
1,40-64,1773377442,2026-03-13T12:50:42,0.255
1,40-64,1773377731,2026-03-13T12:55:31,0.26
1,40-64,1773378037,2026-03-13T13:00:37,0.265
1,40-64,1773378331,2026-03-13T13:05:31,0.265
1,40-64,1773378658,2026-03-13T13:10:58,0.275
1,40-64,1773378948,2026-03-13T13:15:48,0.275
1,40-64,1773379233,2026-03-13T13:20:33,0.275
1,40-64,1773379537,2026-03-13T13:25:37,0.245
1,40-64,1773379849,2026-03-13T13:30:49,0.255
1,40-64,1773380132,2026-03-13T13:35:32,0.28
1,40-64,1773380433,2026-03-13T13:40:33,0.28
1,40-64,1773380736,2026-03-13T13:45:36,0.28
1,40-64,1773381036,2026-03-13T13:50:36,0.265
1,40-64,1773381332,2026-03-13T13:55:32,0.28
1,40-64,1773381931,2026-03-13T14:05:31,0.3
1,40-64,1773382230,2026-03-13T14:10:30,0.31
1,40-64,1773382547,2026-03-13T14:15:47,0.315
1,40-64,1773382834,2026-03-13T14:20:34,0.29
1,40-64,1773383132,2026-03-13T14:25:32,0.255
1,40-64,1773383440,2026-03-13T14:30:40,0.24
1,40-64,1773383746,2026-03-13T14:35:46,0.225
1,40-64,1773384031,2026-03-13T14:40:31,0.175
1,40-64,1773384333,2026-03-13T14:45:33,0.155
1,40-64,1773384636,2026-03-13T14:50:36,0.155
1,40-64,1773384930,2026-03-13T14:55:30,0.085
1,40-64,1773385249,2026-03-13T15:00:49,0.08
1,40-64,1773385530,2026-03-13T15:05:30,0.125
1,40-64,1773385834,2026-03-13T15:10:34,0.1
1,40-64,1773386136,2026-03-13T15:15:36,0.095
1,40-64,1773386433,2026-03-13T15:20:33,0.12
1,40-64,1773386729,2026-03-13T15:25:29,0.145
1,40-64,1773387041,2026-03-13T15:30:41,0.13
1,40-64,1773387333,2026-03-13T15:35:33,0.125
1,40-64,1773387637,2026-03-13T15:40:37,0.125
1,40-64,1773387931,2026-03-13T15:45:31,0.135
1,40-64,1773388236,2026-03-13T15:50:36,0.135
1,40-64,1773388534,2026-03-13T15:55:34,0.135
1,40-64,1773388839,2026-03-13T16:00:39,0.135
1,40-64,1773389136,2026-03-13T16:05:36,0.14
1,40-64,1773389439,2026-03-13T16:10:39,0.14
1,40-64,1773389733,2026-03-13T16:15:33,0.145
1,40-64,1773390032,2026-03-13T16:20:32,0.15
1,40-64,1773390332,2026-03-13T16:25:32,0.155
1,40-64,1773390639,2026-03-13T16:30:39,0.155
1,40-64,1773390937,2026-03-13T16:35:37,0.155
1,40-64,1773391230,2026-03-13T16:40:30,0.155
1,40-64,1773391533,2026-03-13T16:45:33,0.155
1,40-64,1773391832,2026-03-13T16:50:32,0.155
1,40-64,1773392132,2026-03-13T16:55:32,0.155
1,40-64,1773392459,2026-03-13T17:00:59,0.15
1,40-64,1773392733,2026-03-13T17:05:33,0.15
1,40-64,1773393030,2026-03-13T17:10:30,0.15
1,40-64,1773393334,2026-03-13T17:15:34,0.15
1,40-64,1773393630,2026-03-13T17:20:30,0.15
1,40-64,1773393933,2026-03-13T17:25:33,0.15
1,40-64,1773394236,2026-03-13T17:30:36,0.15
1,40-64,1773394534,2026-03-13T17:35:34,0.145
1,40-64,1773394838,2026-03-13T17:40:38,0.15
1,40-64,1773395133,2026-03-13T17:45:33,0.15
1,40-64,1773395432,2026-03-13T17:50:32,0.15
1,40-64,1773395731,2026-03-13T17:55:31,0.15
1,40-64,1773396040,2026-03-13T18:00:40,0.15
1,40-64,1773396335,2026-03-13T18:05:35,0.145
1,40-64,1773396633,2026-03-13T18:10:33,0.15
1,40-64,1773396935,2026-03-13T18:15:35,0.155
1,40-64,1773397526,2026-03-13T18:25:26,0.15
1,40-64,1773397847,2026-03-13T18:30:47,0.155
1,40-64,1773398129,2026-03-13T18:35:29,0.155
1,40-64,1773398428,2026-03-13T18:40:28,0.155
1,40-64,1773398737,2026-03-13T18:45:37,0.155
1,40-64,1773399027,2026-03-13T18:50:27,0.155
1,40-64,1773399325,2026-03-13T18:55:25,0.155
1,40-64,1773399637,2026-03-13T19:00:37,0.15
1,40-64,1773399926,2026-03-13T19:05:26,0.15
1,40-64,1773400227,2026-03-13T19:10:27,0.145
1,40-64,1773400529,2026-03-13T19:15:29,0.15
1,40-64,1773400828,2026-03-13T19:20:28,0.15
1,40-64,1773401129,2026-03-13T19:25:29,0.155
1,40-64,1773401430,2026-03-13T19:30:30,0.155
1,40-64,1773401726,2026-03-13T19:35:26,0.155
1,40-64,1773402027,2026-03-13T19:40:27,0.155
1,40-64,1773402330,2026-03-13T19:45:30,0.155
1,40-64,1773402634,2026-03-13T19:50:34,0.15
1,40-64,1773402931,2026-03-13T19:55:31,0.155
1,40-64,1773403248,2026-03-13T20:00:48,0.16
1,40-64,1773403528,2026-03-13T20:05:28,0.155
1,40-64,1773403842,2026-03-13T20:10:42,0.14
1,40-64,1773404131,2026-03-13T20:15:31,0.11
1,40-64,1773404427,2026-03-13T20:20:27,0.11
1,40-64,1773404727,2026-03-13T20:25:27,0.115
1,40-64,1773405050,2026-03-13T20:30:50,0.1
1,40-64,1773405330,2026-03-13T20:35:30,0.11
1,40-64,1773405629,2026-03-13T20:40:29,0.13
1,40-64,1773405930,2026-03-13T20:45:30,0.13
1,40-64,1773406228,2026-03-13T20:50:28,0.08
1,40-64,1773406528,2026-03-13T20:55:28,0.08
1,40-64,1773406834,2026-03-13T21:00:34,0.065
1,40-64,1773407143,2026-03-13T21:05:43,0.06
1,40-64,1773407430,2026-03-13T21:10:30,0.05
1,40-64,1773407741,2026-03-13T21:15:41,0.04
1,40-64,1773408028,2026-03-13T21:20:28,0.035
1,40-64,1773408327,2026-03-13T21:25:27,0.0215
1,40-64,1773408632,2026-03-13T21:30:32,0.021
1,40-64,1773408932,2026-03-13T21:35:32,0.026
1,40-64,1773409227,2026-03-13T21:40:27,0.0265
1,40-64,1773409527,2026-03-13T21:45:27,0.0175
1,40-64,1773409828,2026-03-13T21:50:28,0.0145
1,40-64,1773410128,2026-03-13T21:55:28,0.017
1,40-64,1773410439,2026-03-13T22:00:39,0.0185
1,40-64,1773410729,2026-03-13T22:05:29,0.0465
1,40-64,1773411029,2026-03-13T22:10:29,0.0205
1,40-64,1773411328,2026-03-13T22:15:28,0.018
1,40-64,1773411626,2026-03-13T22:20:26,0.0255
1,40-64,1773411927,2026-03-13T22:25:27,0.017
1,40-64,1773412232,2026-03-13T22:30:32,0.0125
1,40-64,1773412527,2026-03-13T22:35:27,0.0145
1,40-64,1773412828,2026-03-13T22:40:28,0.0135
1,40-64,1773413126,2026-03-13T22:45:26,0.0105
1,40-64,1773413426,2026-03-13T22:50:26,0.012
1,40-64,1773413728,2026-03-13T22:55:28,0.0095
1,40-64,1773414050,2026-03-13T23:00:50,0.0085
1,40-64,1773414329,2026-03-13T23:05:29,0.012
1,40-64,1773414627,2026-03-13T23:10:27,0.01
1,40-64,1773414929,2026-03-13T23:15:29,0.0195
1,40-64,1773415230,2026-03-13T23:20:30,0.014
1,40-64,1773415528,2026-03-13T23:25:28,0.013
1,40-64,1773415831,2026-03-13T23:30:31,0.0165
1,40-64,1773416127,2026-03-13T23:35:27,0.0165
1,40-64,1773416430,2026-03-13T23:40:30,0.0175
1,40-64,1773416728,2026-03-13T23:45:28,0.017
1,40-64,1773417034,2026-03-13T23:50:34,0.0195
1,40-64,1773417329,2026-03-13T23:55:29,0.0215
1,40-64,1773417643,2026-03-14T00:00:43,0.021
1,40-64,1773417931,2026-03-14T00:05:31,0.0205
1,40-64,1773418228,2026-03-14T00:10:28,0.0185
1,40-64,1773418527,2026-03-14T00:15:27,0.0165
1,40-64,1773418827,2026-03-14T00:20:27,0.0195
1,40-64,1773419129,2026-03-14T00:25:29,0.0195
1,40-64,1773419431,2026-03-14T00:30:31,0.0205
1,40-64,1773419727,2026-03-14T00:35:27,0.0205
1,40-64,1773420029,2026-03-14T00:40:29,0.0205
1,40-64,1773420328,2026-03-14T00:45:28,0.0175
1,40-64,1773420628,2026-03-14T00:50:28,0.018
1,40-64,1773420926,2026-03-14T00:55:26,0.011
1,40-64,1773421231,2026-03-14T01:00:31,0.0185
1,40-64,1773421530,2026-03-14T01:05:30,0.0155
1,40-64,1773421828,2026-03-14T01:10:28,0.017
1,40-64,1773422136,2026-03-14T01:15:36,0.0105
1,40-64,1773422429,2026-03-14T01:20:29,0.0195
1,40-64,1773422727,2026-03-14T01:25:27,0.0165
1,40-64,1773423032,2026-03-14T01:30:32,0.0165
1,40-64,1773423328,2026-03-14T01:35:28,0.017
1,40-64,1773423629,2026-03-14T01:40:29,0.0185
1,40-64,1773423930,2026-03-14T01:45:30,0.0155
1,40-64,1773424226,2026-03-14T01:50:26,0.0125
1,40-64,1773424527,2026-03-14T01:55:27,0.013
1,40-64,1773424846,2026-03-14T02:00:46,0.0135
1,40-64,1773425128,2026-03-14T02:05:28,0.0155
1,40-64,1773425430,2026-03-14T02:10:30,0.0145
1,40-64,1773425728,2026-03-14T02:15:28,0.0145
1,40-64,1773426027,2026-03-14T02:20:27,0.0135
1,40-64,1773426328,2026-03-14T02:25:28,0.0125
1,40-64,1773426629,2026-03-14T02:30:29,0.0125
1,40-64,1773426926,2026-03-14T02:35:26,0.0125
1,40-64,1773427228,2026-03-14T02:40:28,0.0075
1,40-64,1773427529,2026-03-14T02:45:29,0.0075
1,40-64,1773427825,2026-03-14T02:50:25,0.0085
1,40-64,1773428129,2026-03-14T02:55:29,0.008
1,40-64,1773428440,2026-03-14T03:00:40,0.0015
1,40-64,1773428726,2026-03-14T03:05:26,0.0005
1,40-64,1773429027,2026-03-14T03:10:27,0.0005
1,40-64,1773429328,2026-03-14T03:15:28,0.0005
1,40-64,1773429628,2026-03-14T03:20:28,0.0005
1,40-64,1773429936,2026-03-14T03:25:36,0.0005
1,40-64,1773430236,2026-03-14T03:30:36,0.0005
1,40-64,1773430528,2026-03-14T03:35:28,0.0005
1,40-64,1773430827,2026-03-14T03:40:27,0.0005
1,40-64,1773431129,2026-03-14T03:45:29,0.0005
1,40-64,1773431432,2026-03-14T03:50:32,0.0005
1,40-64,1773431728,2026-03-14T03:55:28,0.0005
1,40-64,1773432032,2026-03-14T04:00:32,0.0005
1,40-64,1773432328,2026-03-14T04:05:28,0.0005
1,40-64,1773432625,2026-03-14T04:10:25,0.0005
1,40-64,1773432944,2026-03-14T04:15:44,0.0005
1,40-64,1773433241,2026-03-14T04:20:41,0.0005
1,40-64,1773433525,2026-03-14T04:25:25,0.0005
1,40-64,1773433834,2026-03-14T04:30:34,0.0005
1,40-64,1773434126,2026-03-14T04:35:26,0.0005
1,40-64,1773434434,2026-03-14T04:40:34,0.0005
1,40-64,1773434729,2026-03-14T04:45:29,0.0005
1,40-64,1773435028,2026-03-14T04:50:28,0.0005
1,40-64,1773435328,2026-03-14T04:55:28,0.0005
1,40-64,1773435653,2026-03-14T05:00:53,0.0005
1,40-64,1773435927,2026-03-14T05:05:27,0.0005
1,40-64,1773436227,2026-03-14T05:10:27,0.0005
1,40-64,1773436529,2026-03-14T05:15:29,0.0005
1,40-64,1773436825,2026-03-14T05:20:25,0.0005
1,40-64,1773437125,2026-03-14T05:25:25,0.0005
1,40-64,1773437429,2026-03-14T05:30:29,0.0005
1,40-64,1773437728,2026-03-14T05:35:28,0.0005
1,40-64,1773438026,2026-03-14T05:40:26,0.0005
1,40-64,1773438329,2026-03-14T05:45:29,0.0005
1,40-64,1773438628,2026-03-14T05:50:28,0.0005
2,65-89,1773074722,2026-03-10T00:45:22,0.205
2,65-89,1773075021,2026-03-10T00:50:21,0.29
2,65-89,1773075321,2026-03-10T00:55:21,0.295
2,65-89,1773075635,2026-03-10T01:00:35,0.32
2,65-89,1773075923,2026-03-10T01:05:23,0.325
2,65-89,1773076237,2026-03-10T01:10:37,0.33
2,65-89,1773076521,2026-03-10T01:15:21,0.34
2,65-89,1773076829,2026-03-10T01:20:29,0.33
2,65-89,1773077124,2026-03-10T01:25:24,0.325
2,65-89,1773077425,2026-03-10T01:30:25,0.315
2,65-89,1773077724,2026-03-10T01:35:24,0.315
2,65-89,1773078022,2026-03-10T01:40:22,0.315
2,65-89,1773078326,2026-03-10T01:45:26,0.315
2,65-89,1773078622,2026-03-10T01:50:22,0.315
2,65-89,1773078922,2026-03-10T01:55:22,0.315
2,65-89,1773079233,2026-03-10T02:00:33,0.315
2,65-89,1773079522,2026-03-10T02:05:22,0.315
2,65-89,1773079823,2026-03-10T02:10:23,0.315
2,65-89,1773080122,2026-03-10T02:15:22,0.315
2,65-89,1773080421,2026-03-10T02:20:21,0.31
2,65-89,1773080726,2026-03-10T02:25:26,0.305
2,65-89,1773081025,2026-03-10T02:30:25,0.305
2,65-89,1773081322,2026-03-10T02:35:22,0.305
2,65-89,1773081621,2026-03-10T02:40:21,0.305
2,65-89,1773081923,2026-03-10T02:45:23,0.305
2,65-89,1773082223,2026-03-10T02:50:23,0.305
2,65-89,1773082523,2026-03-10T02:55:23,0.32
2,65-89,1773082827,2026-03-10T03:00:27,0.305
2,65-89,1773083123,2026-03-10T03:05:23,0.305
2,65-89,1773083426,2026-03-10T03:10:26,0.305
2,65-89,1773083723,2026-03-10T03:15:23,0.305
2,65-89,1773084022,2026-03-10T03:20:22,0.315
2,65-89,1773084325,2026-03-10T03:25:25,0.305
2,65-89,1773084625,2026-03-10T03:30:25,0.305
2,65-89,1773084923,2026-03-10T03:35:23,0.305
2,65-89,1773085222,2026-03-10T03:40:22,0.305
2,65-89,1773085522,2026-03-10T03:45:22,0.305
2,65-89,1773085825,2026-03-10T03:50:25,0.305
2,65-89,1773086123,2026-03-10T03:55:23,0.305
2,65-89,1773086426,2026-03-10T04:00:26,0.305
2,65-89,1773086723,2026-03-10T04:05:23,0.305
2,65-89,1773087022,2026-03-10T04:10:22,0.305
2,65-89,1773087324,2026-03-10T04:15:24,0.305
2,65-89,1773087624,2026-03-10T04:20:24,0.32
2,65-89,1773087924,2026-03-10T04:25:24,0.325
2,65-89,1773088225,2026-03-10T04:30:25,0.325
2,65-89,1773088522,2026-03-10T04:35:22,0.325
2,65-89,1773088824,2026-03-10T04:40:24,0.325
2,65-89,1773089122,2026-03-10T04:45:22,0.325
2,65-89,1773089429,2026-03-10T04:50:29,0.325
2,65-89,1773089723,2026-03-10T04:55:23,0.33
2,65-89,1773090034,2026-03-10T05:00:34,0.335
2,65-89,1773090324,2026-03-10T05:05:24,0.34
2,65-89,1773090623,2026-03-10T05:10:23,0.34
2,65-89,1773090931,2026-03-10T05:15:31,0.34
2,65-89,1773091224,2026-03-10T05:20:24,0.34
2,65-89,1773091523,2026-03-10T05:25:23,0.34
2,65-89,1773091828,2026-03-10T05:30:28,0.34
2,65-89,1773092123,2026-03-10T05:35:23,0.34
2,65-89,1773092424,2026-03-10T05:40:24,0.34
2,65-89,1773092725,2026-03-10T05:45:25,0.34
2,65-89,1773093024,2026-03-10T05:50:24,0.34
2,65-89,1773093324,2026-03-10T05:55:24,0.34
2,65-89,1773093626,2026-03-10T06:00:26,0.34
2,65-89,1773093925,2026-03-10T06:05:25,0.34
2,65-89,1773094227,2026-03-10T06:10:27,0.34
2,65-89,1773094525,2026-03-10T06:15:25,0.34
2,65-89,1773094825,2026-03-10T06:20:25,0.34
2,65-89,1773095125,2026-03-10T06:25:25,0.34
2,65-89,1773095428,2026-03-10T06:30:28,0.34
2,65-89,1773095727,2026-03-10T06:35:27,0.34
2,65-89,1773096026,2026-03-10T06:40:26,0.34
2,65-89,1773096325,2026-03-10T06:45:25,0.34
2,65-89,1773096627,2026-03-10T06:50:27,0.34
2,65-89,1773096925,2026-03-10T06:55:25,0.34
2,65-89,1773097227,2026-03-10T07:00:27,0.34
2,65-89,1773097524,2026-03-10T07:05:24,0.34
2,65-89,1773097832,2026-03-10T07:10:32,0.34
2,65-89,1773098139,2026-03-10T07:15:39,0.34
2,65-89,1773098424,2026-03-10T07:20:24,0.34
2,65-89,1773098724,2026-03-10T07:25:24,0.34
2,65-89,1773099027,2026-03-10T07:30:27,0.34
2,65-89,1773099324,2026-03-10T07:35:24,0.34
2,65-89,1773099626,2026-03-10T07:40:26,0.34
2,65-89,1773099930,2026-03-10T07:45:30,0.34
2,65-89,1773100225,2026-03-10T07:50:25,0.34
2,65-89,1773100526,2026-03-10T07:55:26,0.34
2,65-89,1773100839,2026-03-10T08:00:39,0.34
2,65-89,1773101124,2026-03-10T08:05:24,0.34
2,65-89,1773101425,2026-03-10T08:10:25,0.34
2,65-89,1773101723,2026-03-10T08:15:23,0.34
2,65-89,1773102025,2026-03-10T08:20:25,0.34
2,65-89,1773102323,2026-03-10T08:25:23,0.34
2,65-89,1773102625,2026-03-10T08:30:25,0.34
2,65-89,1773102924,2026-03-10T08:35:24,0.34
2,65-89,1773103224,2026-03-10T08:40:24,0.34
2,65-89,1773103525,2026-03-10T08:45:25,0.34
2,65-89,1773103823,2026-03-10T08:50:23,0.34
2,65-89,1773104124,2026-03-10T08:55:24,0.34
2,65-89,1773104425,2026-03-10T09:00:25,0.34
2,65-89,1773104726,2026-03-10T09:05:26,0.34
2,65-89,1773105023,2026-03-10T09:10:23,0.34
2,65-89,1773105324,2026-03-10T09:15:24,0.34
2,65-89,1773105627,2026-03-10T09:20:27,0.34
2,65-89,1773105926,2026-03-10T09:25:26,0.34
2,65-89,1773106242,2026-03-10T09:30:42,0.34
2,65-89,1773106523,2026-03-10T09:35:23,0.34
2,65-89,1773106823,2026-03-10T09:40:23,0.34
2,65-89,1773107125,2026-03-10T09:45:25,0.34
2,65-89,1773107425,2026-03-10T09:50:25,0.34
2,65-89,1773107724,2026-03-10T09:55:24,0.34
2,65-89,1773108026,2026-03-10T10:00:26,0.34
2,65-89,1773108323,2026-03-10T10:05:23,0.34
2,65-89,1773108626,2026-03-10T10:10:26,0.34
2,65-89,1773108924,2026-03-10T10:15:24,0.34
2,65-89,1773109223,2026-03-10T10:20:23,0.34
2,65-89,1773109524,2026-03-10T10:25:24,0.34
2,65-89,1773109830,2026-03-10T10:30:30,0.34
2,65-89,1773110123,2026-03-10T10:35:23,0.34
2,65-89,1773110423,2026-03-10T10:40:23,0.34
2,65-89,1773110723,2026-03-10T10:45:23,0.34
2,65-89,1773111027,2026-03-10T10:50:27,0.34
2,65-89,1773111326,2026-03-10T10:55:26,0.335
2,65-89,1773111631,2026-03-10T11:00:31,0.34
2,65-89,1773111923,2026-03-10T11:05:23,0.34
2,65-89,1773112224,2026-03-10T11:10:24,0.34
2,65-89,1773112524,2026-03-10T11:15:24,0.34
2,65-89,1773112824,2026-03-10T11:20:24,0.34
2,65-89,1773113126,2026-03-10T11:25:26,0.34
2,65-89,1773113428,2026-03-10T11:30:28,0.34
2,65-89,1773113723,2026-03-10T11:35:23,0.34
2,65-89,1773114026,2026-03-10T11:40:26,0.34
2,65-89,1773114325,2026-03-10T11:45:25,0.34
2,65-89,1773114623,2026-03-10T11:50:23,0.34
2,65-89,1773114925,2026-03-10T11:55:25,0.34
2,65-89,1773115231,2026-03-10T12:00:31,0.34
2,65-89,1773115526,2026-03-10T12:05:26,0.34
2,65-89,1773115823,2026-03-10T12:10:23,0.34
2,65-89,1773116126,2026-03-10T12:15:26,0.34
2,65-89,1773116425,2026-03-10T12:20:25,0.34
2,65-89,1773116726,2026-03-10T12:25:26,0.34
2,65-89,1773117027,2026-03-10T12:30:27,0.34
2,65-89,1773117323,2026-03-10T12:35:23,0.34
2,65-89,1773117625,2026-03-10T12:40:25,0.34
2,65-89,1773117926,2026-03-10T12:45:26,0.34
2,65-89,1773118230,2026-03-10T12:50:30,0.34
2,65-89,1773118531,2026-03-10T12:55:31,0.34
2,65-89,1773118828,2026-03-10T13:00:28,0.34
2,65-89,1773119125,2026-03-10T13:05:25,0.34
2,65-89,1773119427,2026-03-10T13:10:27,0.34
2,65-89,1773119725,2026-03-10T13:15:25,0.34
2,65-89,1773120025,2026-03-10T13:20:25,0.34
2,65-89,1773120328,2026-03-10T13:25:28,0.34
2,65-89,1773120628,2026-03-10T13:30:28,0.34
2,65-89,1773120924,2026-03-10T13:35:24,0.335
2,65-89,1773121225,2026-03-10T13:40:25,0.34
2,65-89,1773121526,2026-03-10T13:45:26,0.34
2,65-89,1773121825,2026-03-10T13:50:25,0.34
2,65-89,1773122126,2026-03-10T13:55:26,0.34
2,65-89,1773122432,2026-03-10T14:00:32,0.34
2,65-89,1773122725,2026-03-10T14:05:25,0.34
2,65-89,1773123025,2026-03-10T14:10:25,0.34
2,65-89,1773123326,2026-03-10T14:15:26,0.34
2,65-89,1773123625,2026-03-10T14:20:25,0.34
2,65-89,1773123926,2026-03-10T14:25:26,0.34
2,65-89,1773124228,2026-03-10T14:30:28,0.34
2,65-89,1773124532,2026-03-10T14:35:32,0.34
2,65-89,1773124827,2026-03-10T14:40:27,0.34
2,65-89,1773125126,2026-03-10T14:45:26,0.345
2,65-89,1773125425,2026-03-10T14:50:25,0.34
2,65-89,1773125726,2026-03-10T14:55:26,0.34
2,65-89,1773126029,2026-03-10T15:00:29,0.34
2,65-89,1773126326,2026-03-10T15:05:26,0.34
2,65-89,1773126624,2026-03-10T15:10:24,0.345
2,65-89,1773126924,2026-03-10T15:15:24,0.34
2,65-89,1773127224,2026-03-10T15:20:24,0.34
2,65-89,1773127527,2026-03-10T15:25:27,0.34
2,65-89,1773127829,2026-03-10T15:30:29,0.34
2,65-89,1773128125,2026-03-10T15:35:25,0.34
2,65-89,1773128430,2026-03-10T15:40:30,0.34
2,65-89,1773128725,2026-03-10T15:45:25,0.34
2,65-89,1773129026,2026-03-10T15:50:26,0.34
2,65-89,1773129324,2026-03-10T15:55:24,0.34
2,65-89,1773129627,2026-03-10T16:00:27,0.34
2,65-89,1773129925,2026-03-10T16:05:25,0.34
2,65-89,1773130225,2026-03-10T16:10:25,0.34
2,65-89,1773130525,2026-03-10T16:15:25,0.34
2,65-89,1773130826,2026-03-10T16:20:26,0.34
2,65-89,1773131124,2026-03-10T16:25:24,0.34
2,65-89,1773131428,2026-03-10T16:30:28,0.34
2,65-89,1773131728,2026-03-10T16:35:28,0.34
2,65-89,1773132024,2026-03-10T16:40:24,0.34
2,65-89,1773132327,2026-03-10T16:45:27,0.34
2,65-89,1773132626,2026-03-10T16:50:26,0.34
2,65-89,1773132925,2026-03-10T16:55:25,0.34
2,65-89,1773133244,2026-03-10T17:00:44,0.34
2,65-89,1773133527,2026-03-10T17:05:27,0.34
2,65-89,1773133827,2026-03-10T17:10:27,0.34
2,65-89,1773134135,2026-03-10T17:15:35,0.34
2,65-89,1773134426,2026-03-10T17:20:26,0.34
2,65-89,1773134727,2026-03-10T17:25:27,0.345
2,65-89,1773135026,2026-03-10T17:30:26,0.34
2,65-89,1773135327,2026-03-10T17:35:27,0.34
2,65-89,1773135627,2026-03-10T17:40:27,0.34
2,65-89,1773135924,2026-03-10T17:45:24,0.34
2,65-89,1773136224,2026-03-10T17:50:24,0.335
2,65-89,1773136524,2026-03-10T17:55:24,0.335
2,65-89,1773136841,2026-03-10T18:00:41,0.335
2,65-89,1773137128,2026-03-10T18:05:28,0.335
2,65-89,1773137424,2026-03-10T18:10:24,0.335
2,65-89,1773137726,2026-03-10T18:15:26,0.335
2,65-89,1773138028,2026-03-10T18:20:28,0.335
2,65-89,1773138325,2026-03-10T18:25:25,0.335
2,65-89,1773138629,2026-03-10T18:30:29,0.335
2,65-89,1773138927,2026-03-10T18:35:27,0.335
2,65-89,1773139228,2026-03-10T18:40:28,0.335
2,65-89,1773139527,2026-03-10T18:45:27,0.335
2,65-89,1773139825,2026-03-10T18:50:25,0.335
2,65-89,1773140129,2026-03-10T18:55:29,0.335
2,65-89,1773140427,2026-03-10T19:00:27,0.335
2,65-89,1773140728,2026-03-10T19:05:28,0.34
2,65-89,1773141025,2026-03-10T19:10:25,0.34
2,65-89,1773141331,2026-03-10T19:15:31,0.34
2,65-89,1773141625,2026-03-10T19:20:25,0.34
2,65-89,1773141927,2026-03-10T19:25:27,0.345
2,65-89,1773142229,2026-03-10T19:30:29,0.34
2,65-89,1773142524,2026-03-10T19:35:24,0.34
2,65-89,1773142824,2026-03-10T19:40:24,0.34
2,65-89,1773143126,2026-03-10T19:45:26,0.34
2,65-89,1773143428,2026-03-10T19:50:28,0.34
2,65-89,1773143725,2026-03-10T19:55:25,0.34
2,65-89,1773144043,2026-03-10T20:00:43,0.34
2,65-89,1773144327,2026-03-10T20:05:27,0.34
2,65-89,1773144653,2026-03-10T20:10:53,0.34
2,65-89,1773144928,2026-03-10T20:15:28,0.34
2,65-89,1773145228,2026-03-10T20:20:28,0.34
2,65-89,1773145527,2026-03-10T20:25:27,0.34
2,65-89,1773145833,2026-03-10T20:30:33,0.34
2,65-89,1773146125,2026-03-10T20:35:25,0.34
2,65-89,1773146427,2026-03-10T20:40:27,0.34
2,65-89,1773146742,2026-03-10T20:45:42,0.34
2,65-89,1773147025,2026-03-10T20:50:25,0.34
2,65-89,1773147325,2026-03-10T20:55:25,0.34
2,65-89,1773147632,2026-03-10T21:00:32,0.34
2,65-89,1773147930,2026-03-10T21:05:30,0.34
2,65-89,1773148227,2026-03-10T21:10:27,0.34
2,65-89,1773148525,2026-03-10T21:15:25,0.34
2,65-89,1773148826,2026-03-10T21:20:26,0.335
2,65-89,1773149125,2026-03-10T21:25:25,0.335
2,65-89,1773149433,2026-03-10T21:30:33,0.335
2,65-89,1773149727,2026-03-10T21:35:27,0.335
2,65-89,1773150028,2026-03-10T21:40:28,0.335
2,65-89,1773150326,2026-03-10T21:45:26,0.335
2,65-89,1773150627,2026-03-10T21:50:27,0.335
2,65-89,1773150928,2026-03-10T21:55:28,0.335
2,65-89,1773151231,2026-03-10T22:00:31,0.335
2,65-89,1773151526,2026-03-10T22:05:26,0.34
2,65-89,1773151828,2026-03-10T22:10:28,0.335
2,65-89,1773152126,2026-03-10T22:15:26,0.335
2,65-89,1773152426,2026-03-10T22:20:26,0.335
2,65-89,1773152727,2026-03-10T22:25:27,0.335
2,65-89,1773153033,2026-03-10T22:30:33,0.335
2,65-89,1773153348,2026-03-10T22:35:48,0.335
2,65-89,1773153627,2026-03-10T22:40:27,0.335
2,65-89,1773153927,2026-03-10T22:45:27,0.335
2,65-89,1773154240,2026-03-10T22:50:40,0.335
2,65-89,1773154533,2026-03-10T22:55:33,0.335
2,65-89,1773154843,2026-03-10T23:00:43,0.325
2,65-89,1773155124,2026-03-10T23:05:24,0.325
2,65-89,1773155425,2026-03-10T23:10:25,0.325
2,65-89,1773155725,2026-03-10T23:15:25,0.325
2,65-89,1773156025,2026-03-10T23:20:25,0.325
2,65-89,1773156327,2026-03-10T23:25:27,0.325
2,65-89,1773156631,2026-03-10T23:30:31,0.325
2,65-89,1773156925,2026-03-10T23:35:25,0.325
2,65-89,1773157226,2026-03-10T23:40:26,0.325
2,65-89,1773157528,2026-03-10T23:45:28,0.325
2,65-89,1773157833,2026-03-10T23:50:33,0.325
2,65-89,1773158124,2026-03-10T23:55:24,0.325
2,65-89,1773158435,2026-03-11T00:00:35,0.335
2,65-89,1773158725,2026-03-11T00:05:25,0.335
2,65-89,1773159027,2026-03-11T00:10:27,0.335
2,65-89,1773159325,2026-03-11T00:15:25,0.325
2,65-89,1773159630,2026-03-11T00:20:30,0.325
2,65-89,1773159925,2026-03-11T00:25:25,0.315
2,65-89,1773160230,2026-03-11T00:30:30,0.33
2,65-89,1773160525,2026-03-11T00:35:25,0.33
2,65-89,1773160827,2026-03-11T00:40:27,0.33
2,65-89,1773161132,2026-03-11T00:45:32,0.33
2,65-89,1773161427,2026-03-11T00:50:27,0.315
2,65-89,1773161724,2026-03-11T00:55:24,0.32
2,65-89,1773162028,2026-03-11T01:00:28,0.33
2,65-89,1773162325,2026-03-11T01:05:25,0.33
2,65-89,1773162626,2026-03-11T01:10:26,0.33
2,65-89,1773162928,2026-03-11T01:15:28,0.33
2,65-89,1773163227,2026-03-11T01:20:27,0.33
2,65-89,1773163531,2026-03-11T01:25:31,0.33
2,65-89,1773163830,2026-03-11T01:30:30,0.33
2,65-89,1773164125,2026-03-11T01:35:25,0.33
2,65-89,1773164429,2026-03-11T01:40:29,0.325
2,65-89,1773164728,2026-03-11T01:45:28,0.325
2,65-89,1773165027,2026-03-11T01:50:27,0.325
2,65-89,1773165326,2026-03-11T01:55:26,0.325
2,65-89,1773165640,2026-03-11T02:00:40,0.325
2,65-89,1773165929,2026-03-11T02:05:29,0.325
2,65-89,1773166227,2026-03-11T02:10:27,0.325
2,65-89,1773166525,2026-03-11T02:15:25,0.325
2,65-89,1773166827,2026-03-11T02:20:27,0.325
2,65-89,1773167139,2026-03-11T02:25:39,0.325
2,65-89,1773167433,2026-03-11T02:30:33,0.315
2,65-89,1773167724,2026-03-11T02:35:24,0.305
2,65-89,1773168027,2026-03-11T02:40:27,0.305
2,65-89,1773168332,2026-03-11T02:45:32,0.305
2,65-89,1773168627,2026-03-11T02:50:27,0.305
2,65-89,1773168924,2026-03-11T02:55:24,0.305
2,65-89,1773169230,2026-03-11T03:00:30,0.305
2,65-89,1773169538,2026-03-11T03:05:38,0.305
2,65-89,1773169826,2026-03-11T03:10:26,0.335
2,65-89,1773170125,2026-03-11T03:15:25,0.34
2,65-89,1773170428,2026-03-11T03:20:28,0.325
2,65-89,1773170728,2026-03-11T03:25:28,0.34
2,65-89,1773171030,2026-03-11T03:30:30,0.33
2,65-89,1773171326,2026-03-11T03:35:26,0.33
2,65-89,1773171628,2026-03-11T03:40:28,0.33
2,65-89,1773171930,2026-03-11T03:45:30,0.33
2,65-89,1773172228,2026-03-11T03:50:28,0.33
2,65-89,1773172527,2026-03-11T03:55:27,0.33
2,65-89,1773172832,2026-03-11T04:00:32,0.33
2,65-89,1773173127,2026-03-11T04:05:27,0.33
2,65-89,1773173426,2026-03-11T04:10:26,0.33
2,65-89,1773173727,2026-03-11T04:15:27,0.325
2,65-89,1773174029,2026-03-11T04:20:29,0.32
2,65-89,1773174324,2026-03-11T04:25:24,0.315
2,65-89,1773174628,2026-03-11T04:30:28,0.31
2,65-89,1773174926,2026-03-11T04:35:26,0.31
2,65-89,1773175228,2026-03-11T04:40:28,0.31
2,65-89,1773175526,2026-03-11T04:45:26,0.31
2,65-89,1773175827,2026-03-11T04:50:27,0.31
2,65-89,1773176128,2026-03-11T04:55:28,0.31
2,65-89,1773176440,2026-03-11T05:00:40,0.31
2,65-89,1773176727,2026-03-11T05:05:27,0.31
2,65-89,1773177025,2026-03-11T05:10:25,0.31
2,65-89,1773177326,2026-03-11T05:15:26,0.31
2,65-89,1773177648,2026-03-11T05:20:48,0.31
2,65-89,1773177924,2026-03-11T05:25:24,0.31
2,65-89,1773178231,2026-03-11T05:30:31,0.31
2,65-89,1773178525,2026-03-11T05:35:25,0.31
2,65-89,1773178827,2026-03-11T05:40:27,0.31
2,65-89,1773179128,2026-03-11T05:45:28,0.31
2,65-89,1773179428,2026-03-11T05:50:28,0.31
2,65-89,1773179725,2026-03-11T05:55:25,0.31
2,65-89,1773180031,2026-03-11T06:00:31,0.31
2,65-89,1773180329,2026-03-11T06:05:29,0.31
2,65-89,1773180635,2026-03-11T06:10:35,0.31
2,65-89,1773180928,2026-03-11T06:15:28,0.305
2,65-89,1773181227,2026-03-11T06:20:27,0.3
2,65-89,1773181528,2026-03-11T06:25:28,0.3
2,65-89,1773181828,2026-03-11T06:30:28,0.3
2,65-89,1773182125,2026-03-11T06:35:25,0.29
2,65-89,1773182428,2026-03-11T06:40:28,0.29
2,65-89,1773182727,2026-03-11T06:45:27,0.29
2,65-89,1773183026,2026-03-11T06:50:26,0.29
2,65-89,1773183328,2026-03-11T06:55:28,0.29
2,65-89,1773183631,2026-03-11T07:00:31,0.295
2,65-89,1773183934,2026-03-11T07:05:34,0.29
2,65-89,1773184227,2026-03-11T07:10:27,0.29
2,65-89,1773184526,2026-03-11T07:15:26,0.29
2,65-89,1773184826,2026-03-11T07:20:26,0.295
2,65-89,1773185128,2026-03-11T07:25:28,0.285
2,65-89,1773185432,2026-03-11T07:30:32,0.285
2,65-89,1773185728,2026-03-11T07:35:28,0.285
2,65-89,1773186037,2026-03-11T07:40:37,0.285
2,65-89,1773186328,2026-03-11T07:45:28,0.285
2,65-89,1773186628,2026-03-11T07:50:28,0.285
2,65-89,1773186929,2026-03-11T07:55:29,0.285
2,65-89,1773187243,2026-03-11T08:00:43,0.285
2,65-89,1773187525,2026-03-11T08:05:25,0.285
2,65-89,1773187830,2026-03-11T08:10:30,0.285
2,65-89,1773188127,2026-03-11T08:15:27,0.285
2,65-89,1773188425,2026-03-11T08:20:25,0.285
2,65-89,1773188729,2026-03-11T08:25:29,0.285
2,65-89,1773189032,2026-03-11T08:30:32,0.285
2,65-89,1773189331,2026-03-11T08:35:31,0.285
2,65-89,1773189626,2026-03-11T08:40:26,0.275
2,65-89,1773189928,2026-03-11T08:45:28,0.275
2,65-89,1773190225,2026-03-11T08:50:25,0.275
2,65-89,1773190526,2026-03-11T08:55:26,0.275
2,65-89,1773190831,2026-03-11T09:00:31,0.275
2,65-89,1773191129,2026-03-11T09:05:29,0.28
2,65-89,1773191425,2026-03-11T09:10:25,0.275
2,65-89,1773191728,2026-03-11T09:15:28,0.275
2,65-89,1773192028,2026-03-11T09:20:28,0.275
2,65-89,1773192327,2026-03-11T09:25:27,0.275
2,65-89,1773192631,2026-03-11T09:30:31,0.275
2,65-89,1773192926,2026-03-11T09:35:26,0.275
2,65-89,1773193227,2026-03-11T09:40:27,0.275
2,65-89,1773193525,2026-03-11T09:45:25,0.275
2,65-89,1773193835,2026-03-11T09:50:35,0.275
2,65-89,1773194125,2026-03-11T09:55:25,0.275
2,65-89,1773194431,2026-03-11T10:00:31,0.275
2,65-89,1773194729,2026-03-11T10:05:29,0.275
2,65-89,1773195028,2026-03-11T10:10:28,0.275
2,65-89,1773195327,2026-03-11T10:15:27,0.275
2,65-89,1773195628,2026-03-11T10:20:28,0.275
2,65-89,1773195931,2026-03-11T10:25:31,0.275
2,65-89,1773196228,2026-03-11T10:30:28,0.275
2,65-89,1773196532,2026-03-11T10:35:32,0.275
2,65-89,1773196826,2026-03-11T10:40:26,0.275
2,65-89,1773197134,2026-03-11T10:45:34,0.28
2,65-89,1773197428,2026-03-11T10:50:28,0.27
2,65-89,1773197726,2026-03-11T10:55:26,0.27
2,65-89,1773198041,2026-03-11T11:00:41,0.27
2,65-89,1773198326,2026-03-11T11:05:26,0.27
2,65-89,1773198639,2026-03-11T11:10:39,0.27
2,65-89,1773198928,2026-03-11T11:15:28,0.28
2,65-89,1773199229,2026-03-11T11:20:29,0.28
2,65-89,1773199525,2026-03-11T11:25:25,0.28
2,65-89,1773199829,2026-03-11T11:30:29,0.28
2,65-89,1773200127,2026-03-11T11:35:27,0.28
2,65-89,1773200428,2026-03-11T11:40:28,0.28
2,65-89,1773200728,2026-03-11T11:45:28,0.28
2,65-89,1773201025,2026-03-11T11:50:25,0.275
2,65-89,1773201331,2026-03-11T11:55:31,0.265
2,65-89,1773201631,2026-03-11T12:00:31,0.265
2,65-89,1773201929,2026-03-11T12:05:29,0.265
2,65-89,1773202227,2026-03-11T12:10:27,0.265
2,65-89,1773202543,2026-03-11T12:15:43,0.265
2,65-89,1773202827,2026-03-11T12:20:27,0.265
2,65-89,1773203124,2026-03-11T12:25:24,0.265
2,65-89,1773203430,2026-03-11T12:30:30,0.265
2,65-89,1773203728,2026-03-11T12:35:28,0.265
2,65-89,1773204024,2026-03-11T12:40:24,0.265
2,65-89,1773204335,2026-03-11T12:45:35,0.265
2,65-89,1773204628,2026-03-11T12:50:28,0.28
2,65-89,1773204926,2026-03-11T12:55:26,0.28
2,65-89,1773205231,2026-03-11T13:00:31,0.28
2,65-89,1773205526,2026-03-11T13:05:26,0.28
2,65-89,1773205825,2026-03-11T13:10:25,0.28
2,65-89,1773206130,2026-03-11T13:15:30,0.28
2,65-89,1773206426,2026-03-11T13:20:26,0.28
2,65-89,1773206724,2026-03-11T13:25:24,0.28
2,65-89,1773207028,2026-03-11T13:30:28,0.28
2,65-89,1773207326,2026-03-11T13:35:26,0.28
2,65-89,1773207628,2026-03-11T13:40:28,0.28
2,65-89,1773207927,2026-03-11T13:45:27,0.28
2,65-89,1773208228,2026-03-11T13:50:28,0.28
2,65-89,1773208525,2026-03-11T13:55:25,0.28
2,65-89,1773208841,2026-03-11T14:00:41,0.265
2,65-89,1773209135,2026-03-11T14:05:35,0.265
2,65-89,1773209424,2026-03-11T14:10:24,0.265
2,65-89,1773209725,2026-03-11T14:15:25,0.265
2,65-89,1773210026,2026-03-11T14:20:26,0.265
2,65-89,1773210327,2026-03-11T14:25:27,0.265
2,65-89,1773210641,2026-03-11T14:30:41,0.28
2,65-89,1773210932,2026-03-11T14:35:32,0.275
2,65-89,1773211230,2026-03-11T14:40:30,0.265
2,65-89,1773211527,2026-03-11T14:45:27,0.265
2,65-89,1773211828,2026-03-11T14:50:28,0.265
2,65-89,1773212130,2026-03-11T14:55:30,0.255
2,65-89,1773212431,2026-03-11T15:00:31,0.27
2,65-89,1773212727,2026-03-11T15:05:27,0.27
2,65-89,1773213024,2026-03-11T15:10:24,0.27
2,65-89,1773213335,2026-03-11T15:15:35,0.27
2,65-89,1773213625,2026-03-11T15:20:25,0.275
2,65-89,1773213928,2026-03-11T15:25:28,0.275
2,65-89,1773214231,2026-03-11T15:30:31,0.275
2,65-89,1773214526,2026-03-11T15:35:26,0.275
2,65-89,1773214829,2026-03-11T15:40:29,0.28
2,65-89,1773215126,2026-03-11T15:45:26,0.285
2,65-89,1773215427,2026-03-11T15:50:27,0.285
2,65-89,1773215725,2026-03-11T15:55:25,0.285
2,65-89,1773216031,2026-03-11T16:00:31,0.285
2,65-89,1773216326,2026-03-11T16:05:26,0.285
2,65-89,1773216625,2026-03-11T16:10:25,0.285
2,65-89,1773216934,2026-03-11T16:15:34,0.285
2,65-89,1773217225,2026-03-11T16:20:25,0.285
2,65-89,1773217525,2026-03-11T16:25:25,0.285
2,65-89,1773217829,2026-03-11T16:30:29,0.285
2,65-89,1773218124,2026-03-11T16:35:24,0.285
2,65-89,1773218425,2026-03-11T16:40:25,0.275
2,65-89,1773218728,2026-03-11T16:45:28,0.265
2,65-89,1773219028,2026-03-11T16:50:28,0.28
2,65-89,1773219323,2026-03-11T16:55:23,0.28
2,65-89,1773219637,2026-03-11T17:00:37,0.28
2,65-89,1773219924,2026-03-11T17:05:24,0.28
2,65-89,1773220228,2026-03-11T17:10:28,0.28
2,65-89,1773220524,2026-03-11T17:15:24,0.275
2,65-89,1773220825,2026-03-11T17:20:25,0.27
2,65-89,1773221125,2026-03-11T17:25:25,0.27
2,65-89,1773221431,2026-03-11T17:30:31,0.27
2,65-89,1773221724,2026-03-11T17:35:24,0.27
2,65-89,1773222025,2026-03-11T17:40:25,0.265
2,65-89,1773222325,2026-03-11T17:45:25,0.28
2,65-89,1773222624,2026-03-11T17:50:24,0.28
2,65-89,1773222932,2026-03-11T17:55:32,0.28
2,65-89,1773223236,2026-03-11T18:00:36,0.28
2,65-89,1773223527,2026-03-11T18:05:27,0.28
2,65-89,1773223827,2026-03-11T18:10:27,0.28
2,65-89,1773224127,2026-03-11T18:15:27,0.28
2,65-89,1773224425,2026-03-11T18:20:25,0.28
2,65-89,1773224732,2026-03-11T18:25:32,0.28
2,65-89,1773225030,2026-03-11T18:30:30,0.275
2,65-89,1773225327,2026-03-11T18:35:27,0.275
2,65-89,1773225625,2026-03-11T18:40:25,0.275
2,65-89,1773225928,2026-03-11T18:45:28,0.28
2,65-89,1773226224,2026-03-11T18:50:24,0.28
2,65-89,1773226531,2026-03-11T18:55:31,0.28
2,65-89,1773226832,2026-03-11T19:00:32,0.275
2,65-89,1773227124,2026-03-11T19:05:24,0.275
2,65-89,1773227427,2026-03-11T19:10:27,0.275
2,65-89,1773227728,2026-03-11T19:15:28,0.275
2,65-89,1773228025,2026-03-11T19:20:25,0.275
2,65-89,1773228325,2026-03-11T19:25:25,0.275
2,65-89,1773228630,2026-03-11T19:30:30,0.275
2,65-89,1773228929,2026-03-11T19:35:29,0.275
2,65-89,1773229228,2026-03-11T19:40:28,0.275
2,65-89,1773229525,2026-03-11T19:45:25,0.275
2,65-89,1773229830,2026-03-11T19:50:30,0.275
2,65-89,1773230127,2026-03-11T19:55:27,0.275
2,65-89,1773230453,2026-03-11T20:00:53,0.275
2,65-89,1773230729,2026-03-11T20:05:29,0.275
2,65-89,1773231025,2026-03-11T20:10:25,0.275
2,65-89,1773231324,2026-03-11T20:15:24,0.275
2,65-89,1773231635,2026-03-11T20:20:35,0.28
2,65-89,1773231925,2026-03-11T20:25:25,0.285
2,65-89,1773232241,2026-03-11T20:30:41,0.285
2,65-89,1773232526,2026-03-11T20:35:26,0.285
2,65-89,1773232825,2026-03-11T20:40:25,0.285
2,65-89,1773233132,2026-03-11T20:45:32,0.285
2,65-89,1773233425,2026-03-11T20:50:25,0.285
2,65-89,1773233729,2026-03-11T20:55:29,0.285
2,65-89,1773234031,2026-03-11T21:00:31,0.285
2,65-89,1773234327,2026-03-11T21:05:27,0.285
2,65-89,1773234626,2026-03-11T21:10:26,0.295
2,65-89,1773234929,2026-03-11T21:15:29,0.29
2,65-89,1773235230,2026-03-11T21:20:30,0.29
2,65-89,1773235527,2026-03-11T21:25:27,0.29
2,65-89,1773235828,2026-03-11T21:30:28,0.295
2,65-89,1773236128,2026-03-11T21:35:28,0.29
2,65-89,1773236427,2026-03-11T21:40:27,0.29
2,65-89,1773236731,2026-03-11T21:45:31,0.28
2,65-89,1773237027,2026-03-11T21:50:27,0.275
2,65-89,1773237328,2026-03-11T21:55:28,0.275
2,65-89,1773237632,2026-03-11T22:00:32,0.29
2,65-89,1773237928,2026-03-11T22:05:28,0.29
2,65-89,1773238228,2026-03-11T22:10:28,0.29
2,65-89,1773238526,2026-03-11T22:15:26,0.29
2,65-89,1773238827,2026-03-11T22:20:27,0.29
2,65-89,1773239129,2026-03-11T22:25:29,0.29
2,65-89,1773239430,2026-03-11T22:30:30,0.295
2,65-89,1773239746,2026-03-11T22:35:46,0.295
2,65-89,1773240032,2026-03-11T22:40:32,0.295
2,65-89,1773240327,2026-03-11T22:45:27,0.29
2,65-89,1773240626,2026-03-11T22:50:26,0.275
2,65-89,1773240936,2026-03-11T22:55:36,0.265
2,65-89,1773241253,2026-03-11T23:00:53,0.265
2,65-89,1773241527,2026-03-11T23:05:27,0.265
2,65-89,1773241828,2026-03-11T23:10:28,0.265
2,65-89,1773242129,2026-03-11T23:15:29,0.265
2,65-89,1773242427,2026-03-11T23:20:27,0.265
2,65-89,1773242728,2026-03-11T23:25:28,0.255
2,65-89,1773243029,2026-03-11T23:30:29,0.25
2,65-89,1773243329,2026-03-11T23:35:29,0.245
2,65-89,1773243629,2026-03-11T23:40:29,0.245
2,65-89,1773243926,2026-03-11T23:45:26,0.245
2,65-89,1773244227,2026-03-11T23:50:27,0.265
2,65-89,1773244524,2026-03-11T23:55:24,0.265
2,65-89,1773244832,2026-03-12T00:00:32,0.265
2,65-89,1773245129,2026-03-12T00:05:29,0.275
2,65-89,1773245451,2026-03-12T00:10:51,0.275
2,65-89,1773245727,2026-03-12T00:15:27,0.255
2,65-89,1773246029,2026-03-12T00:20:29,0.275
2,65-89,1773246330,2026-03-12T00:25:30,0.26
2,65-89,1773246629,2026-03-12T00:30:29,0.26
2,65-89,1773246926,2026-03-12T00:35:26,0.255
2,65-89,1773247231,2026-03-12T00:40:31,0.285
2,65-89,1773247528,2026-03-12T00:45:28,0.285
2,65-89,1773247827,2026-03-12T00:50:27,0.285
2,65-89,1773248126,2026-03-12T00:55:26,0.285
2,65-89,1773248448,2026-03-12T01:00:48,0.285
2,65-89,1773248731,2026-03-12T01:05:31,0.285
2,65-89,1773249027,2026-03-12T01:10:27,0.285
2,65-89,1773249329,2026-03-12T01:15:29,0.285
2,65-89,1773249626,2026-03-12T01:20:26,0.285
2,65-89,1773249927,2026-03-12T01:25:27,0.285
2,65-89,1773250231,2026-03-12T01:30:31,0.285
2,65-89,1773250526,2026-03-12T01:35:26,0.295
2,65-89,1773250831,2026-03-12T01:40:31,0.295
2,65-89,1773251127,2026-03-12T01:45:27,0.295
2,65-89,1773251429,2026-03-12T01:50:29,0.285
2,65-89,1773251737,2026-03-12T01:55:37,0.285
2,65-89,1773252039,2026-03-12T02:00:39,0.285
2,65-89,1773252330,2026-03-12T02:05:30,0.295
2,65-89,1773252627,2026-03-12T02:10:27,0.285
2,65-89,1773252926,2026-03-12T02:15:26,0.285
2,65-89,1773253226,2026-03-12T02:20:26,0.285
2,65-89,1773253526,2026-03-12T02:25:26,0.285
2,65-89,1773253829,2026-03-12T02:30:29,0.285
2,65-89,1773254126,2026-03-12T02:35:26,0.285
2,65-89,1773254426,2026-03-12T02:40:26,0.285
2,65-89,1773254729,2026-03-12T02:45:29,0.285
2,65-89,1773255041,2026-03-12T02:50:41,0.285
2,65-89,1773255325,2026-03-12T02:55:25,0.285
2,65-89,1773255632,2026-03-12T03:00:32,0.285
2,65-89,1773255945,2026-03-12T03:05:45,0.285
2,65-89,1773256227,2026-03-12T03:10:27,0.285
2,65-89,1773256527,2026-03-12T03:15:27,0.285
2,65-89,1773256826,2026-03-12T03:20:26,0.285
2,65-89,1773257126,2026-03-12T03:25:26,0.285
2,65-89,1773257432,2026-03-12T03:30:32,0.285
2,65-89,1773257727,2026-03-12T03:35:27,0.285
2,65-89,1773258027,2026-03-12T03:40:27,0.285
2,65-89,1773258325,2026-03-12T03:45:25,0.285
2,65-89,1773258631,2026-03-12T03:50:31,0.285
2,65-89,1773258927,2026-03-12T03:55:27,0.285
2,65-89,1773259234,2026-03-12T04:00:34,0.285
2,65-89,1773259528,2026-03-12T04:05:28,0.285
2,65-89,1773259828,2026-03-12T04:10:28,0.285
2,65-89,1773260126,2026-03-12T04:15:26,0.285
2,65-89,1773260425,2026-03-12T04:20:25,0.285
2,65-89,1773260731,2026-03-12T04:25:31,0.285
2,65-89,1773261032,2026-03-12T04:30:32,0.285
2,65-89,1773261329,2026-03-12T04:35:29,0.285
2,65-89,1773261627,2026-03-12T04:40:27,0.285
2,65-89,1773261929,2026-03-12T04:45:29,0.285
2,65-89,1773262241,2026-03-12T04:50:41,0.285
2,65-89,1773262526,2026-03-12T04:55:26,0.285
2,65-89,1773262843,2026-03-12T05:00:43,0.29
2,65-89,1773263127,2026-03-12T05:05:27,0.285
2,65-89,1773263427,2026-03-12T05:10:27,0.285
2,65-89,1773263728,2026-03-12T05:15:28,0.295
2,65-89,1773264029,2026-03-12T05:20:29,0.295
2,65-89,1773264342,2026-03-12T05:25:42,0.305
2,65-89,1773264632,2026-03-12T05:30:32,0.305
2,65-89,1773264926,2026-03-12T05:35:26,0.305
2,65-89,1773265230,2026-03-12T05:40:30,0.305
2,65-89,1773265540,2026-03-12T05:45:40,0.305
2,65-89,1773265828,2026-03-12T05:50:28,0.305
2,65-89,1773266127,2026-03-12T05:55:27,0.305
2,65-89,1773266433,2026-03-12T06:00:33,0.305
2,65-89,1773266741,2026-03-12T06:05:41,0.305
2,65-89,1773267027,2026-03-12T06:10:27,0.305
2,65-89,1773267328,2026-03-12T06:15:28,0.305
2,65-89,1773267629,2026-03-12T06:20:29,0.305
2,65-89,1773267925,2026-03-12T06:25:25,0.305
2,65-89,1773268233,2026-03-12T06:30:33,0.305
2,65-89,1773268528,2026-03-12T06:35:28,0.305
2,65-89,1773268827,2026-03-12T06:40:27,0.305
2,65-89,1773269134,2026-03-12T06:45:34,0.305
2,65-89,1773269430,2026-03-12T06:50:30,0.305
2,65-89,1773269730,2026-03-12T06:55:30,0.305
2,65-89,1773270030,2026-03-12T07:00:30,0.305
2,65-89,1773270329,2026-03-12T07:05:29,0.305
2,65-89,1773270628,2026-03-12T07:10:28,0.305
2,65-89,1773270930,2026-03-12T07:15:30,0.295
2,65-89,1773271246,2026-03-12T07:20:46,0.295
2,65-89,1773271527,2026-03-12T07:25:27,0.295
2,65-89,1773271829,2026-03-12T07:30:29,0.295
2,65-89,1773272126,2026-03-12T07:35:26,0.295
2,65-89,1773272435,2026-03-12T07:40:35,0.295
2,65-89,1773272726,2026-03-12T07:45:26,0.295
2,65-89,1773273031,2026-03-12T07:50:31,0.295
2,65-89,1773273327,2026-03-12T07:55:27,0.295
2,65-89,1773273643,2026-03-12T08:00:43,0.295
2,65-89,1773273925,2026-03-12T08:05:25,0.295
2,65-89,1773274228,2026-03-12T08:10:28,0.295
2,65-89,1773274528,2026-03-12T08:15:28,0.295
2,65-89,1773274827,2026-03-12T08:20:27,0.295
2,65-89,1773275125,2026-03-12T08:25:25,0.295
2,65-89,1773275432,2026-03-12T08:30:32,0.295
2,65-89,1773275727,2026-03-12T08:35:27,0.295
2,65-89,1773276025,2026-03-12T08:40:25,0.295
2,65-89,1773276328,2026-03-12T08:45:28,0.295
2,65-89,1773276624,2026-03-12T08:50:24,0.295
2,65-89,1773276926,2026-03-12T08:55:26,0.295
2,65-89,1773277231,2026-03-12T09:00:31,0.295
2,65-89,1773277527,2026-03-12T09:05:27,0.295
2,65-89,1773277824,2026-03-12T09:10:24,0.295
2,65-89,1773278127,2026-03-12T09:15:27,0.295
2,65-89,1773278428,2026-03-12T09:20:28,0.295
2,65-89,1773278725,2026-03-12T09:25:25,0.295
2,65-89,1773279027,2026-03-12T09:30:27,0.295
2,65-89,1773279328,2026-03-12T09:35:28,0.295
2,65-89,1773279626,2026-03-12T09:40:26,0.295
2,65-89,1773279925,2026-03-12T09:45:25,0.295
2,65-89,1773280227,2026-03-12T09:50:27,0.295
2,65-89,1773280525,2026-03-12T09:55:25,0.295
2,65-89,1773280831,2026-03-12T10:00:31,0.295
2,65-89,1773281128,2026-03-12T10:05:28,0.295
2,65-89,1773281427,2026-03-12T10:10:27,0.295
2,65-89,1773281729,2026-03-12T10:15:29,0.295
2,65-89,1773282029,2026-03-12T10:20:29,0.295
2,65-89,1773282330,2026-03-12T10:25:30,0.295
2,65-89,1773282632,2026-03-12T10:30:32,0.295
2,65-89,1773282942,2026-03-12T10:35:42,0.295
2,65-89,1773283240,2026-03-12T10:40:40,0.295
2,65-89,1773283528,2026-03-12T10:45:28,0.285
2,65-89,1773283827,2026-03-12T10:50:27,0.295
2,65-89,1773284128,2026-03-12T10:55:28,0.295
2,65-89,1773284442,2026-03-12T11:00:42,0.29
2,65-89,1773284729,2026-03-12T11:05:29,0.28
2,65-89,1773285026,2026-03-12T11:10:26,0.28
2,65-89,1773285326,2026-03-12T11:15:26,0.28
2,65-89,1773285624,2026-03-12T11:20:24,0.28
2,65-89,1773285926,2026-03-12T11:25:26,0.28
2,65-89,1773286236,2026-03-12T11:30:36,0.28
2,65-89,1773286528,2026-03-12T11:35:28,0.28
2,65-89,1773286828,2026-03-12T11:40:28,0.28
2,65-89,1773287136,2026-03-12T11:45:36,0.28
2,65-89,1773287424,2026-03-12T11:50:24,0.28
2,65-89,1773287726,2026-03-12T11:55:26,0.28
2,65-89,1773288031,2026-03-12T12:00:31,0.28
2,65-89,1773288326,2026-03-12T12:05:26,0.28
2,65-89,1773288627,2026-03-12T12:10:27,0.28
2,65-89,1773288927,2026-03-12T12:15:27,0.29
2,65-89,1773289226,2026-03-12T12:20:26,0.29
2,65-89,1773289526,2026-03-12T12:25:26,0.29
2,65-89,1773289830,2026-03-12T12:30:30,0.29
2,65-89,1773290128,2026-03-12T12:35:28,0.29
2,65-89,1773290425,2026-03-12T12:40:25,0.29
2,65-89,1773290725,2026-03-12T12:45:25,0.29
2,65-89,1773291032,2026-03-12T12:50:32,0.29
2,65-89,1773291324,2026-03-12T12:55:24,0.29
2,65-89,1773291634,2026-03-12T13:00:34,0.295
2,65-89,1773291926,2026-03-12T13:05:26,0.295
2,65-89,1773292225,2026-03-12T13:10:25,0.295
2,65-89,1773292527,2026-03-12T13:15:27,0.295
2,65-89,1773292825,2026-03-12T13:20:25,0.295
2,65-89,1773293127,2026-03-12T13:25:27,0.295
2,65-89,1773293430,2026-03-12T13:30:30,0.295
2,65-89,1773293728,2026-03-12T13:35:28,0.295
2,65-89,1773294025,2026-03-12T13:40:25,0.295
2,65-89,1773294325,2026-03-12T13:45:25,0.295
2,65-89,1773294627,2026-03-12T13:50:27,0.295
2,65-89,1773294925,2026-03-12T13:55:25,0.295
2,65-89,1773295243,2026-03-12T14:00:43,0.29
2,65-89,1773295525,2026-03-12T14:05:25,0.29
2,65-89,1773295826,2026-03-12T14:10:26,0.29
2,65-89,1773296126,2026-03-12T14:15:26,0.29
2,65-89,1773296426,2026-03-12T14:20:26,0.285
2,65-89,1773296726,2026-03-12T14:25:26,0.285
2,65-89,1773297029,2026-03-12T14:30:29,0.29
2,65-89,1773297332,2026-03-12T14:35:32,0.29
2,65-89,1773297625,2026-03-12T14:40:25,0.29
2,65-89,1773297927,2026-03-12T14:45:27,0.29
2,65-89,1773298224,2026-03-12T14:50:24,0.29
2,65-89,1773298527,2026-03-12T14:55:27,0.29
2,65-89,1773298832,2026-03-12T15:00:32,0.29
2,65-89,1773299127,2026-03-12T15:05:27,0.29
2,65-89,1773299425,2026-03-12T15:10:25,0.29
2,65-89,1773299728,2026-03-12T15:15:28,0.29
2,65-89,1773300025,2026-03-12T15:20:25,0.29
2,65-89,1773300326,2026-03-12T15:25:26,0.29
2,65-89,1773300630,2026-03-12T15:30:30,0.29
2,65-89,1773300925,2026-03-12T15:35:25,0.29
2,65-89,1773301227,2026-03-12T15:40:27,0.29
2,65-89,1773301526,2026-03-12T15:45:26,0.29
2,65-89,1773301827,2026-03-12T15:50:27,0.29
2,65-89,1773302124,2026-03-12T15:55:24,0.29
2,65-89,1773302434,2026-03-12T16:00:34,0.29
2,65-89,1773302726,2026-03-12T16:05:26,0.29
2,65-89,1773303025,2026-03-12T16:10:25,0.29
2,65-89,1773303327,2026-03-12T16:15:27,0.29
2,65-89,1773303625,2026-03-12T16:20:25,0.29
2,65-89,1773303931,2026-03-12T16:25:31,0.29
2,65-89,1773304228,2026-03-12T16:30:28,0.29
2,65-89,1773304525,2026-03-12T16:35:25,0.29
2,65-89,1773304831,2026-03-12T16:40:31,0.285
2,65-89,1773305124,2026-03-12T16:45:24,0.295
2,65-89,1773305428,2026-03-12T16:50:28,0.295
2,65-89,1773305735,2026-03-12T16:55:35,0.295
2,65-89,1773306038,2026-03-12T17:00:38,0.295
2,65-89,1773306326,2026-03-12T17:05:26,0.295
2,65-89,1773306625,2026-03-12T17:10:25,0.295
2,65-89,1773306924,2026-03-12T17:15:24,0.305
2,65-89,1773307223,2026-03-12T17:20:23,0.305
2,65-89,1773307526,2026-03-12T17:25:26,0.305
2,65-89,1773307830,2026-03-12T17:30:30,0.305
2,65-89,1773308127,2026-03-12T17:35:27,0.305
2,65-89,1773308424,2026-03-12T17:40:24,0.305
2,65-89,1773308727,2026-03-12T17:45:27,0.305
2,65-89,1773309025,2026-03-12T17:50:25,0.305
2,65-89,1773309327,2026-03-12T17:55:27,0.305
2,65-89,1773309657,2026-03-12T18:00:57,0.29
2,65-89,1773309927,2026-03-12T18:05:27,0.285
2,65-89,1773310228,2026-03-12T18:10:28,0.285
2,65-89,1773310528,2026-03-12T18:15:28,0.285
2,65-89,1773310828,2026-03-12T18:20:28,0.285
2,65-89,1773311129,2026-03-12T18:25:29,0.285
2,65-89,1773311430,2026-03-12T18:30:30,0.285
2,65-89,1773311724,2026-03-12T18:35:24,0.285
2,65-89,1773312028,2026-03-12T18:40:28,0.285
2,65-89,1773312327,2026-03-12T18:45:27,0.285
2,65-89,1773312628,2026-03-12T18:50:28,0.285
2,65-89,1773312927,2026-03-12T18:55:27,0.285
2,65-89,1773313231,2026-03-12T19:00:31,0.285
2,65-89,1773313524,2026-03-12T19:05:24,0.285
2,65-89,1773313834,2026-03-12T19:10:34,0.285
2,65-89,1773314124,2026-03-12T19:15:24,0.285
2,65-89,1773314424,2026-03-12T19:20:24,0.285
2,65-89,1773314725,2026-03-12T19:25:25,0.285
2,65-89,1773315032,2026-03-12T19:30:32,0.285
2,65-89,1773315325,2026-03-12T19:35:25,0.285
2,65-89,1773315627,2026-03-12T19:40:27,0.285
2,65-89,1773315927,2026-03-12T19:45:27,0.285
2,65-89,1773316226,2026-03-12T19:50:26,0.285
2,65-89,1773316524,2026-03-12T19:55:24,0.285
2,65-89,1773316855,2026-03-12T20:00:55,0.285
2,65-89,1773317127,2026-03-12T20:05:27,0.285
2,65-89,1773317433,2026-03-12T20:10:33,0.285
2,65-89,1773317728,2026-03-12T20:15:28,0.285
2,65-89,1773318024,2026-03-12T20:20:24,0.285
2,65-89,1773318328,2026-03-12T20:25:28,0.285
2,65-89,1773318646,2026-03-12T20:30:46,0.285
2,65-89,1773318925,2026-03-12T20:35:25,0.285
2,65-89,1773319238,2026-03-12T20:40:38,0.285
2,65-89,1773319525,2026-03-12T20:45:25,0.29
2,65-89,1773319824,2026-03-12T20:50:24,0.29
2,65-89,1773320124,2026-03-12T20:55:24,0.29
2,65-89,1773320445,2026-03-12T21:00:45,0.29
2,65-89,1773320727,2026-03-12T21:05:27,0.29
2,65-89,1773321027,2026-03-12T21:10:27,0.285
2,65-89,1773321328,2026-03-12T21:15:28,0.285
2,65-89,1773321626,2026-03-12T21:20:26,0.295
2,65-89,1773321924,2026-03-12T21:25:24,0.285
2,65-89,1773322232,2026-03-12T21:30:32,0.285
2,65-89,1773322528,2026-03-12T21:35:28,0.285
2,65-89,1773322828,2026-03-12T21:40:28,0.285
2,65-89,1773323133,2026-03-12T21:45:33,0.285
2,65-89,1773323427,2026-03-12T21:50:27,0.285
2,65-89,1773323728,2026-03-12T21:55:28,0.285
2,65-89,1773324035,2026-03-12T22:00:35,0.285
2,65-89,1773324326,2026-03-12T22:05:26,0.285
2,65-89,1773324630,2026-03-12T22:10:30,0.285
2,65-89,1773324927,2026-03-12T22:15:27,0.275
2,65-89,1773325227,2026-03-12T22:20:27,0.28
2,65-89,1773325527,2026-03-12T22:25:27,0.275
2,65-89,1773325831,2026-03-12T22:30:31,0.275
2,65-89,1773326429,2026-03-12T22:40:29,0.265
2,65-89,1773326729,2026-03-12T22:45:29,0.265
2,65-89,1773327026,2026-03-12T22:50:26,0.265
2,65-89,1773327326,2026-03-12T22:55:26,0.265
2,65-89,1773327643,2026-03-12T23:00:43,0.265
2,65-89,1773327926,2026-03-12T23:05:26,0.265
2,65-89,1773328231,2026-03-12T23:10:31,0.265
2,65-89,1773328527,2026-03-12T23:15:27,0.265
2,65-89,1773328829,2026-03-12T23:20:29,0.265
2,65-89,1773329128,2026-03-12T23:25:28,0.265
2,65-89,1773329432,2026-03-12T23:30:32,0.265
2,65-89,1773329727,2026-03-12T23:35:27,0.265
2,65-89,1773330027,2026-03-12T23:40:27,0.265
2,65-89,1773330328,2026-03-12T23:45:28,0.265
2,65-89,1773330628,2026-03-12T23:50:28,0.26
2,65-89,1773330925,2026-03-12T23:55:25,0.26
2,65-89,1773331233,2026-03-13T00:00:33,0.26
2,65-89,1773331530,2026-03-13T00:05:30,0.26
2,65-89,1773331829,2026-03-13T00:10:29,0.26
2,65-89,1773332128,2026-03-13T00:15:28,0.275
2,65-89,1773332429,2026-03-13T00:20:29,0.28
2,65-89,1773332729,2026-03-13T00:25:29,0.28
2,65-89,1773333028,2026-03-13T00:30:28,0.275
2,65-89,1773333325,2026-03-13T00:35:25,0.275
2,65-89,1773333635,2026-03-13T00:40:35,0.28
2,65-89,1773333928,2026-03-13T00:45:28,0.285
2,65-89,1773334230,2026-03-13T00:50:30,0.29
2,65-89,1773334528,2026-03-13T00:55:28,0.29
2,65-89,1773335128,2026-03-13T01:05:28,0.29
2,65-89,1773335428,2026-03-13T01:10:28,0.29
2,65-89,1773335730,2026-03-13T01:15:30,0.29
2,65-89,1773336030,2026-03-13T01:20:30,0.285
2,65-89,1773336333,2026-03-13T01:25:33,0.29
2,65-89,1773336643,2026-03-13T01:30:43,0.29
2,65-89,1773336934,2026-03-13T01:35:34,0.29
2,65-89,1773337230,2026-03-13T01:40:30,0.29
2,65-89,1773337530,2026-03-13T01:45:30,0.295
2,65-89,1773337830,2026-03-13T01:50:30,0.295
2,65-89,1773338129,2026-03-13T01:55:29,0.295
2,65-89,1773338449,2026-03-13T02:00:49,0.305
2,65-89,1773338730,2026-03-13T02:05:30,0.305
2,65-89,1773339027,2026-03-13T02:10:27,0.305
2,65-89,1773339330,2026-03-13T02:15:30,0.305
2,65-89,1773339630,2026-03-13T02:20:30,0.305
2,65-89,1773339925,2026-03-13T02:25:25,0.305
2,65-89,1773340230,2026-03-13T02:30:30,0.305
2,65-89,1773340529,2026-03-13T02:35:29,0.305
2,65-89,1773340828,2026-03-13T02:40:28,0.315
2,65-89,1773341129,2026-03-13T02:45:29,0.315
2,65-89,1773341426,2026-03-13T02:50:26,0.32
2,65-89,1773341727,2026-03-13T02:55:27,0.32
2,65-89,1773342029,2026-03-13T03:00:29,0.32
2,65-89,1773342335,2026-03-13T03:05:35,0.32
2,65-89,1773342629,2026-03-13T03:10:29,0.325
2,65-89,1773342930,2026-03-13T03:15:30,0.325
2,65-89,1773343231,2026-03-13T03:20:31,0.325
2,65-89,1773343527,2026-03-13T03:25:27,0.325
2,65-89,1773343831,2026-03-13T03:30:31,0.325
2,65-89,1773344130,2026-03-13T03:35:30,0.325
2,65-89,1773344428,2026-03-13T03:40:28,0.325
2,65-89,1773344729,2026-03-13T03:45:29,0.32
2,65-89,1773345035,2026-03-13T03:50:35,0.32
2,65-89,1773345328,2026-03-13T03:55:28,0.32
2,65-89,1773345635,2026-03-13T04:00:35,0.315
2,65-89,1773345930,2026-03-13T04:05:30,0.325
2,65-89,1773346225,2026-03-13T04:10:25,0.325
2,65-89,1773346528,2026-03-13T04:15:28,0.325
2,65-89,1773346828,2026-03-13T04:20:28,0.325
2,65-89,1773347128,2026-03-13T04:25:28,0.325
2,65-89,1773347431,2026-03-13T04:30:31,0.325
2,65-89,1773347730,2026-03-13T04:35:30,0.325
2,65-89,1773348028,2026-03-13T04:40:28,0.325
2,65-89,1773348328,2026-03-13T04:45:28,0.325
2,65-89,1773348627,2026-03-13T04:50:27,0.325
2,65-89,1773348928,2026-03-13T04:55:28,0.325
2,65-89,1773349242,2026-03-13T05:00:42,0.325
2,65-89,1773349527,2026-03-13T05:05:27,0.325
2,65-89,1773349828,2026-03-13T05:10:28,0.285
2,65-89,1773350129,2026-03-13T05:15:29,0.285
2,65-89,1773350430,2026-03-13T05:20:30,0.29
2,65-89,1773350731,2026-03-13T05:25:31,0.29
2,65-89,1773351032,2026-03-13T05:30:32,0.3
2,65-89,1773351325,2026-03-13T05:35:25,0.305
2,65-89,1773351626,2026-03-13T05:40:26,0.305
2,65-89,1773351929,2026-03-13T05:45:29,0.305
2,65-89,1773352236,2026-03-13T05:50:36,0.305
2,65-89,1773352528,2026-03-13T05:55:28,0.305
2,65-89,1773352832,2026-03-13T06:00:32,0.305
2,65-89,1773353129,2026-03-13T06:05:29,0.305
2,65-89,1773353430,2026-03-13T06:10:30,0.305
2,65-89,1773353730,2026-03-13T06:15:30,0.305
2,65-89,1773354032,2026-03-13T06:20:32,0.305
2,65-89,1773354330,2026-03-13T06:25:30,0.305
2,65-89,1773354631,2026-03-13T06:30:31,0.305
2,65-89,1773354927,2026-03-13T06:35:27,0.31
2,65-89,1773355225,2026-03-13T06:40:25,0.315
2,65-89,1773355529,2026-03-13T06:45:29,0.3
2,65-89,1773355828,2026-03-13T06:50:28,0.3
2,65-89,1773356129,2026-03-13T06:55:29,0.3
2,65-89,1773356435,2026-03-13T07:00:35,0.305
2,65-89,1773356729,2026-03-13T07:05:29,0.3
2,65-89,1773357028,2026-03-13T07:10:28,0.29
2,65-89,1773357329,2026-03-13T07:15:29,0.295
2,65-89,1773357628,2026-03-13T07:20:28,0.295
2,65-89,1773357926,2026-03-13T07:25:26,0.295
2,65-89,1773358233,2026-03-13T07:30:33,0.315
2,65-89,1773358528,2026-03-13T07:35:28,0.325
2,65-89,1773358830,2026-03-13T07:40:30,0.325
2,65-89,1773359127,2026-03-13T07:45:27,0.325
2,65-89,1773359429,2026-03-13T07:50:29,0.325
2,65-89,1773359730,2026-03-13T07:55:30,0.325
2,65-89,1773360059,2026-03-13T08:00:59,0.325
2,65-89,1773360328,2026-03-13T08:05:28,0.325
2,65-89,1773360629,2026-03-13T08:10:29,0.325
2,65-89,1773360929,2026-03-13T08:15:29,0.33
2,65-89,1773361228,2026-03-13T08:20:28,0.33
2,65-89,1773361529,2026-03-13T08:25:29,0.33
2,65-89,1773361834,2026-03-13T08:30:34,0.33
2,65-89,1773362128,2026-03-13T08:35:28,0.33
2,65-89,1773362426,2026-03-13T08:40:26,0.33
2,65-89,1773362727,2026-03-13T08:45:27,0.325
2,65-89,1773363030,2026-03-13T08:50:30,0.325
2,65-89,1773363327,2026-03-13T08:55:27,0.325
2,65-89,1773363633,2026-03-13T09:00:33,0.33
2,65-89,1773363927,2026-03-13T09:05:27,0.33
2,65-89,1773364227,2026-03-13T09:10:27,0.33
2,65-89,1773364529,2026-03-13T09:15:29,0.33
2,65-89,1773364828,2026-03-13T09:20:28,0.33
2,65-89,1773365132,2026-03-13T09:25:32,0.33
2,65-89,1773365428,2026-03-13T09:30:28,0.33
2,65-89,1773365726,2026-03-13T09:35:26,0.33
2,65-89,1773366027,2026-03-13T09:40:27,0.33
2,65-89,1773366328,2026-03-13T09:45:28,0.33
2,65-89,1773366634,2026-03-13T09:50:34,0.33
2,65-89,1773366928,2026-03-13T09:55:28,0.33
2,65-89,1773367233,2026-03-13T10:00:33,0.335
2,65-89,1773367540,2026-03-13T10:05:40,0.335
2,65-89,1773367828,2026-03-13T10:10:28,0.335
2,65-89,1773368128,2026-03-13T10:15:28,0.355
2,65-89,1773368431,2026-03-13T10:20:31,0.355
2,65-89,1773368735,2026-03-13T10:25:35,0.355
2,65-89,1773369033,2026-03-13T10:30:33,0.355
2,65-89,1773369329,2026-03-13T10:35:29,0.355
2,65-89,1773369628,2026-03-13T10:40:28,0.355
2,65-89,1773369929,2026-03-13T10:45:29,0.34
2,65-89,1773370226,2026-03-13T10:50:26,0.34
2,65-89,1773370530,2026-03-13T10:55:30,0.34
2,65-89,1773370841,2026-03-13T11:00:41,0.34
2,65-89,1773371128,2026-03-13T11:05:28,0.34
2,65-89,1773371427,2026-03-13T11:10:27,0.34
2,65-89,1773371727,2026-03-13T11:15:27,0.34
2,65-89,1773372026,2026-03-13T11:20:26,0.34
2,65-89,1773372326,2026-03-13T11:25:26,0.34
2,65-89,1773372631,2026-03-13T11:30:31,0.34
2,65-89,1773372926,2026-03-13T11:35:26,0.345
2,65-89,1773373228,2026-03-13T11:40:28,0.345
2,65-89,1773373529,2026-03-13T11:45:29,0.34
2,65-89,1773373828,2026-03-13T11:50:28,0.34
2,65-89,1773374125,2026-03-13T11:55:25,0.34
2,65-89,1773374433,2026-03-13T12:00:33,0.34
2,65-89,1773374729,2026-03-13T12:05:29,0.34
2,65-89,1773375028,2026-03-13T12:10:28,0.34
2,65-89,1773375325,2026-03-13T12:15:25,0.34
2,65-89,1773375625,2026-03-13T12:20:25,0.345
2,65-89,1773375928,2026-03-13T12:25:28,0.36
2,65-89,1773376228,2026-03-13T12:30:28,0.36
2,65-89,1773376527,2026-03-13T12:35:27,0.36
2,65-89,1773376828,2026-03-13T12:40:28,0.365
2,65-89,1773377126,2026-03-13T12:45:26,0.37
2,65-89,1773377432,2026-03-13T12:50:32,0.37
2,65-89,1773377726,2026-03-13T12:55:26,0.37
2,65-89,1773378029,2026-03-13T13:00:29,0.37
2,65-89,1773378326,2026-03-13T13:05:26,0.37
2,65-89,1773378642,2026-03-13T13:10:42,0.355
2,65-89,1773378936,2026-03-13T13:15:36,0.355
2,65-89,1773379228,2026-03-13T13:20:28,0.355
2,65-89,1773379530,2026-03-13T13:25:30,0.35
2,65-89,1773379834,2026-03-13T13:30:34,0.35
2,65-89,1773380126,2026-03-13T13:35:26,0.35
2,65-89,1773380428,2026-03-13T13:40:28,0.355
2,65-89,1773380730,2026-03-13T13:45:30,0.345
2,65-89,1773381029,2026-03-13T13:50:29,0.345
2,65-89,1773381327,2026-03-13T13:55:27,0.345
2,65-89,1773381642,2026-03-13T14:00:42,0.34
2,65-89,1773381926,2026-03-13T14:05:26,0.34
2,65-89,1773382225,2026-03-13T14:10:25,0.34
2,65-89,1773382536,2026-03-13T14:15:36,0.35
2,65-89,1773382828,2026-03-13T14:20:28,0.35
2,65-89,1773383127,2026-03-13T14:25:27,0.345
2,65-89,1773383433,2026-03-13T14:30:33,0.34
2,65-89,1773383735,2026-03-13T14:35:35,0.34
2,65-89,1773384025,2026-03-13T14:40:25,0.34
2,65-89,1773384328,2026-03-13T14:45:28,0.34
2,65-89,1773384629,2026-03-13T14:50:29,0.335
2,65-89,1773384925,2026-03-13T14:55:25,0.34
2,65-89,1773385239,2026-03-13T15:00:39,0.355
2,65-89,1773385525,2026-03-13T15:05:25,0.35
2,65-89,1773385828,2026-03-13T15:10:28,0.365
2,65-89,1773386130,2026-03-13T15:15:30,0.375
2,65-89,1773386426,2026-03-13T15:20:26,0.38
2,65-89,1773386724,2026-03-13T15:25:24,0.385
2,65-89,1773387033,2026-03-13T15:30:33,0.39
2,65-89,1773387327,2026-03-13T15:35:27,0.405
2,65-89,1773387630,2026-03-13T15:40:30,0.415
2,65-89,1773387926,2026-03-13T15:45:26,0.42
2,65-89,1773388229,2026-03-13T15:50:29,0.425
2,65-89,1773388528,2026-03-13T15:55:28,0.425
2,65-89,1773388829,2026-03-13T16:00:29,0.425
2,65-89,1773389129,2026-03-13T16:05:29,0.425
2,65-89,1773389431,2026-03-13T16:10:31,0.42
2,65-89,1773389728,2026-03-13T16:15:28,0.42
2,65-89,1773390027,2026-03-13T16:20:27,0.41
2,65-89,1773390327,2026-03-13T16:25:27,0.41
2,65-89,1773390631,2026-03-13T16:30:31,0.4
2,65-89,1773390930,2026-03-13T16:35:30,0.415
2,65-89,1773391225,2026-03-13T16:40:25,0.415
2,65-89,1773391528,2026-03-13T16:45:28,0.425
2,65-89,1773391827,2026-03-13T16:50:27,0.425
2,65-89,1773392127,2026-03-13T16:55:27,0.425
2,65-89,1773392442,2026-03-13T17:00:42,0.43
2,65-89,1773392727,2026-03-13T17:05:27,0.43
2,65-89,1773393025,2026-03-13T17:10:25,0.43
2,65-89,1773393327,2026-03-13T17:15:27,0.43
2,65-89,1773393625,2026-03-13T17:20:25,0.435
2,65-89,1773393927,2026-03-13T17:25:27,0.435
2,65-89,1773394228,2026-03-13T17:30:28,0.44
2,65-89,1773394529,2026-03-13T17:35:29,0.44
2,65-89,1773394831,2026-03-13T17:40:31,0.44
2,65-89,1773395128,2026-03-13T17:45:28,0.44
2,65-89,1773395428,2026-03-13T17:50:28,0.44
2,65-89,1773395726,2026-03-13T17:55:26,0.44
2,65-89,1773396031,2026-03-13T18:00:31,0.44
2,65-89,1773396328,2026-03-13T18:05:28,0.445
2,65-89,1773396627,2026-03-13T18:10:27,0.445
2,65-89,1773396929,2026-03-13T18:15:29,0.445
2,65-89,1773397523,2026-03-13T18:25:23,0.445
2,65-89,1773397836,2026-03-13T18:30:36,0.445
2,65-89,1773398126,2026-03-13T18:35:26,0.455
2,65-89,1773398425,2026-03-13T18:40:25,0.455
2,65-89,1773398735,2026-03-13T18:45:35,0.455
2,65-89,1773399025,2026-03-13T18:50:25,0.455
2,65-89,1773399322,2026-03-13T18:55:22,0.455
2,65-89,1773399630,2026-03-13T19:00:30,0.455
2,65-89,1773399924,2026-03-13T19:05:24,0.455
2,65-89,1773400224,2026-03-13T19:10:24,0.465
2,65-89,1773400526,2026-03-13T19:15:26,0.455
2,65-89,1773400825,2026-03-13T19:20:25,0.455
2,65-89,1773401126,2026-03-13T19:25:26,0.455
2,65-89,1773401426,2026-03-13T19:30:26,0.455
2,65-89,1773401723,2026-03-13T19:35:23,0.455
2,65-89,1773402024,2026-03-13T19:40:24,0.455
2,65-89,1773402327,2026-03-13T19:45:27,0.455
2,65-89,1773402627,2026-03-13T19:50:27,0.455
2,65-89,1773402927,2026-03-13T19:55:27,0.445
2,65-89,1773403236,2026-03-13T20:00:36,0.45
2,65-89,1773403525,2026-03-13T20:05:25,0.45
2,65-89,1773403833,2026-03-13T20:10:33,0.45
2,65-89,1773404127,2026-03-13T20:15:27,0.395
2,65-89,1773404424,2026-03-13T20:20:24,0.385
2,65-89,1773404724,2026-03-13T20:25:24,0.365
2,65-89,1773405037,2026-03-13T20:30:37,0.365
2,65-89,1773405325,2026-03-13T20:35:25,0.37
2,65-89,1773405626,2026-03-13T20:40:26,0.37
2,65-89,1773405924,2026-03-13T20:45:24,0.375
2,65-89,1773406225,2026-03-13T20:50:25,0.34
2,65-89,1773406525,2026-03-13T20:55:25,0.37
2,65-89,1773406829,2026-03-13T21:00:29,0.345
2,65-89,1773407140,2026-03-13T21:05:40,0.33
2,65-89,1773407426,2026-03-13T21:10:26,0.335
2,65-89,1773407738,2026-03-13T21:15:38,0.305
2,65-89,1773408025,2026-03-13T21:20:25,0.26
2,65-89,1773408325,2026-03-13T21:25:25,0.25
2,65-89,1773408628,2026-03-13T21:30:28,0.26
2,65-89,1773408928,2026-03-13T21:35:28,0.295
2,65-89,1773409224,2026-03-13T21:40:24,0.29
2,65-89,1773409524,2026-03-13T21:45:24,0.275
2,65-89,1773409825,2026-03-13T21:50:25,0.195
2,65-89,1773410126,2026-03-13T21:55:26,0.215
2,65-89,1773410432,2026-03-13T22:00:32,0.23
2,65-89,1773410727,2026-03-13T22:05:27,0.23
2,65-89,1773411027,2026-03-13T22:10:27,0.245
2,65-89,1773411326,2026-03-13T22:15:26,0.21
2,65-89,1773411623,2026-03-13T22:20:23,0.2
2,65-89,1773411924,2026-03-13T22:25:24,0.205
2,65-89,1773412227,2026-03-13T22:30:27,0.205
2,65-89,1773412525,2026-03-13T22:35:25,0.22
2,65-89,1773412825,2026-03-13T22:40:25,0.215
2,65-89,1773413124,2026-03-13T22:45:24,0.22
2,65-89,1773413423,2026-03-13T22:50:23,0.245
2,65-89,1773413724,2026-03-13T22:55:24,0.235
2,65-89,1773414038,2026-03-13T23:00:38,0.26
2,65-89,1773414326,2026-03-13T23:05:26,0.265
2,65-89,1773414624,2026-03-13T23:10:24,0.265
2,65-89,1773414926,2026-03-13T23:15:26,0.265
2,65-89,1773415227,2026-03-13T23:20:27,0.265
2,65-89,1773415525,2026-03-13T23:25:25,0.27
2,65-89,1773415827,2026-03-13T23:30:27,0.275
2,65-89,1773416124,2026-03-13T23:35:24,0.275
2,65-89,1773416427,2026-03-13T23:40:27,0.27
2,65-89,1773416725,2026-03-13T23:45:25,0.27
2,65-89,1773417028,2026-03-13T23:50:28,0.27
2,65-89,1773417326,2026-03-13T23:55:26,0.28
2,65-89,1773417639,2026-03-14T00:00:39,0.29
2,65-89,1773417927,2026-03-14T00:05:27,0.29
2,65-89,1773418225,2026-03-14T00:10:25,0.27
2,65-89,1773418524,2026-03-14T00:15:24,0.27
2,65-89,1773418824,2026-03-14T00:20:24,0.28
2,65-89,1773419126,2026-03-14T00:25:26,0.285
2,65-89,1773419426,2026-03-14T00:30:26,0.285
2,65-89,1773419724,2026-03-14T00:35:24,0.28
2,65-89,1773420026,2026-03-14T00:40:26,0.285
2,65-89,1773420326,2026-03-14T00:45:26,0.29
2,65-89,1773420624,2026-03-14T00:50:24,0.29
2,65-89,1773420923,2026-03-14T00:55:23,0.295
2,65-89,1773421227,2026-03-14T01:00:27,0.29
2,65-89,1773421528,2026-03-14T01:05:28,0.29
2,65-89,1773421825,2026-03-14T01:10:25,0.285
2,65-89,1773422129,2026-03-14T01:15:29,0.3
2,65-89,1773422426,2026-03-14T01:20:26,0.3
2,65-89,1773422724,2026-03-14T01:25:24,0.305
2,65-89,1773423028,2026-03-14T01:30:28,0.305
2,65-89,1773423325,2026-03-14T01:35:25,0.305
2,65-89,1773423626,2026-03-14T01:40:26,0.305
2,65-89,1773423926,2026-03-14T01:45:26,0.28
2,65-89,1773424224,2026-03-14T01:50:24,0.275
2,65-89,1773424525,2026-03-14T01:55:25,0.29
2,65-89,1773424836,2026-03-14T02:00:36,0.295
2,65-89,1773425126,2026-03-14T02:05:26,0.3
2,65-89,1773425427,2026-03-14T02:10:27,0.3
2,65-89,1773425726,2026-03-14T02:15:26,0.275
2,65-89,1773426025,2026-03-14T02:20:25,0.255
2,65-89,1773426325,2026-03-14T02:25:25,0.265
2,65-89,1773426625,2026-03-14T02:30:25,0.265
2,65-89,1773426923,2026-03-14T02:35:23,0.265
2,65-89,1773427225,2026-03-14T02:40:25,0.21
2,65-89,1773427526,2026-03-14T02:45:26,0.22
2,65-89,1773427822,2026-03-14T02:50:22,0.225
2,65-89,1773428126,2026-03-14T02:55:26,0.225
2,65-89,1773428433,2026-03-14T03:00:33,0.125
2,65-89,1773428723,2026-03-14T03:05:23,0.095
2,65-89,1773429024,2026-03-14T03:10:24,0.115
2,65-89,1773429325,2026-03-14T03:15:25,0.115
2,65-89,1773429625,2026-03-14T03:20:25,0.13
2,65-89,1773429929,2026-03-14T03:25:29,0.14
2,65-89,1773430232,2026-03-14T03:30:32,0.135
2,65-89,1773430524,2026-03-14T03:35:24,0.115
2,65-89,1773430824,2026-03-14T03:40:24,0.115
2,65-89,1773431126,2026-03-14T03:45:26,0.115
2,65-89,1773431428,2026-03-14T03:50:28,0.125
2,65-89,1773431726,2026-03-14T03:55:26,0.135
2,65-89,1773432027,2026-03-14T04:00:27,0.135
2,65-89,1773432326,2026-03-14T04:05:26,0.115
2,65-89,1773432623,2026-03-14T04:10:23,0.11
2,65-89,1773432940,2026-03-14T04:15:40,0.115
2,65-89,1773433238,2026-03-14T04:20:38,0.11
2,65-89,1773433522,2026-03-14T04:25:22,0.105
2,65-89,1773433827,2026-03-14T04:30:27,0.105
2,65-89,1773434123,2026-03-14T04:35:23,0.105
2,65-89,1773434428,2026-03-14T04:40:28,0.1
2,65-89,1773434727,2026-03-14T04:45:27,0.095
2,65-89,1773435025,2026-03-14T04:50:25,0.105
2,65-89,1773435325,2026-03-14T04:55:25,0.105
2,65-89,1773435642,2026-03-14T05:00:42,0.115
2,65-89,1773435924,2026-03-14T05:05:24,0.115
2,65-89,1773436224,2026-03-14T05:10:24,0.115
2,65-89,1773436526,2026-03-14T05:15:26,0.105
2,65-89,1773436822,2026-03-14T05:20:22,0.105
2,65-89,1773437123,2026-03-14T05:25:23,0.115
2,65-89,1773437424,2026-03-14T05:30:24,0.115
2,65-89,1773437724,2026-03-14T05:35:24,0.115
2,65-89,1773438023,2026-03-14T05:40:23,0.115
2,65-89,1773438326,2026-03-14T05:45:26,0.115
2,65-89,1773438625,2026-03-14T05:50:25,0.115
2,65-89,1773438934,2026-03-14T05:55:34,0.115
2,65-89,1773439230,2026-03-14T06:00:30,0.115
2,65-89,1773439523,2026-03-14T06:05:23,0.12
2,65-89,1773439824,2026-03-14T06:10:24,0.085
2,65-89,1773440129,2026-03-14T06:15:29,0.085
2,65-89,1773440422,2026-03-14T06:20:22,0.065
2,65-89,1773440724,2026-03-14T06:25:24,0.075
2,65-89,1773441026,2026-03-14T06:30:26,0.085
2,65-89,1773441327,2026-03-14T06:35:27,0.085
2,65-89,1773441627,2026-03-14T06:40:27,0.095
2,65-89,1773441925,2026-03-14T06:45:25,0.095
2,65-89,1773442227,2026-03-14T06:50:27,0.095
2,65-89,1773442538,2026-03-14T06:55:38,0.095
2,65-89,1773442825,2026-03-14T07:00:25,0.095
2,65-89,1773443127,2026-03-14T07:05:27,0.105
2,65-89,1773443425,2026-03-14T07:10:25,0.115
2,65-89,1773443725,2026-03-14T07:15:25,0.135
2,65-89,1773444025,2026-03-14T07:20:25,0.135
2,65-89,1773444324,2026-03-14T07:25:24,0.135
2,65-89,1773444629,2026-03-14T07:30:29,0.11
2,65-89,1773444928,2026-03-14T07:35:28,0.115
2,65-89,1773445224,2026-03-14T07:40:24,0.125
2,65-89,1773445527,2026-03-14T07:45:27,0.095
2,65-89,1773445826,2026-03-14T07:50:26,0.085
2,65-89,1773446123,2026-03-14T07:55:23,0.095
2,65-89,1773446437,2026-03-14T08:00:37,0.095
2,65-89,1773446730,2026-03-14T08:05:30,0.095
2,65-89,1773447039,2026-03-14T08:10:39,0.095
2,65-89,1773447325,2026-03-14T08:15:25,0.095
2,65-89,1773447627,2026-03-14T08:20:27,0.095
2,65-89,1773447930,2026-03-14T08:25:30,0.095
2,65-89,1773448226,2026-03-14T08:30:26,0.095
2,65-89,1773448529,2026-03-14T08:35:29,0.095
2,65-89,1773448853,2026-03-14T08:40:53,0.095
2,65-89,1773449124,2026-03-14T08:45:24,0.115
2,65-89,1773449424,2026-03-14T08:50:24,0.115
2,65-89,1773449725,2026-03-14T08:55:25,0.115
2,65-89,1773450027,2026-03-14T09:00:27,0.115
2,65-89,1773450324,2026-03-14T09:05:24,0.125
2,65-89,1773450625,2026-03-14T09:10:25,0.135
2,65-89,1773450923,2026-03-14T09:15:23,0.135
2,65-89,1773451223,2026-03-14T09:20:23,0.13
2,65-89,1773451522,2026-03-14T09:25:22,0.125
2,65-89,1773451836,2026-03-14T09:30:36,0.135
2,65-89,1773452123,2026-03-14T09:35:23,0.135
2,65-89,1773452424,2026-03-14T09:40:24,0.135
2,65-89,1773452725,2026-03-14T09:45:25,0.135
2,65-89,1773453026,2026-03-14T09:50:26,0.135
2,65-89,1773453324,2026-03-14T09:55:24,0.13
2,65-89,1773453626,2026-03-14T10:00:26,0.13
2,65-89,1773453923,2026-03-14T10:05:23,0.145
2,65-89,1773454223,2026-03-14T10:10:23,0.145
2,65-89,1773454523,2026-03-14T10:15:23,0.135
2,65-89,1773454825,2026-03-14T10:20:25,0.13
2,65-89,1773455126,2026-03-14T10:25:26,0.125
2,65-89,1773455428,2026-03-14T10:30:28,0.13
2,65-89,1773455737,2026-03-14T10:35:37,0.13
2,65-89,1773456024,2026-03-14T10:40:24,0.12
2,65-89,1773456324,2026-03-14T10:45:24,0.12
2,65-89,1773456623,2026-03-14T10:50:23,0.13
2,65-89,1773456924,2026-03-14T10:55:24,0.125
2,65-89,1773457235,2026-03-14T11:00:35,0.13
2,65-89,1773457525,2026-03-14T11:05:25,0.135
2,65-89,1773457823,2026-03-14T11:10:23,0.125
2,65-89,1773458124,2026-03-14T11:15:24,0.115
2,65-89,1773458427,2026-03-14T11:20:27,0.125
2,65-89,1773458728,2026-03-14T11:25:28,0.125
2,65-89,1773459029,2026-03-14T11:30:29,0.125
2,65-89,1773459328,2026-03-14T11:35:28,0.115
2,65-89,1773459628,2026-03-14T11:40:28,0.105
2,65-89,1773459923,2026-03-14T11:45:23,0.065
2,65-89,1773460226,2026-03-14T11:50:26,0.075
2,65-89,1773460526,2026-03-14T11:55:26,0.085
2,65-89,1773460825,2026-03-14T12:00:25,0.085
2,65-89,1773461125,2026-03-14T12:05:25,0.075
2,65-89,1773461426,2026-03-14T12:10:26,0.035
2,65-89,1773461724,2026-03-14T12:15:24,0.045
2,65-89,1773462028,2026-03-14T12:20:28,0.055
2,65-89,1773462325,2026-03-14T12:25:25,0.045
2,65-89,1773462629,2026-03-14T12:30:29,0.035
2,65-89,1773462923,2026-03-14T12:35:23,0.035
2,65-89,1773463222,2026-03-14T12:40:22,0.038
2,65-89,1773463526,2026-03-14T12:45:26,0.0475
2,65-89,1773463828,2026-03-14T12:50:28,0.036
2,65-89,1773464123,2026-03-14T12:55:23,0.057
2,65-89,1773464426,2026-03-14T13:00:26,0.054
2,65-89,1773464725,2026-03-14T13:05:25,0.0535
2,65-89,1773465027,2026-03-14T13:10:27,0.0375
2,65-89,1773465327,2026-03-14T13:15:27,0.0395
2,65-89,1773465625,2026-03-14T13:20:25,0.0545
2,65-89,1773465927,2026-03-14T13:25:27,0.0555
2,65-89,1773466227,2026-03-14T13:30:27,0.064
2,65-89,1773466523,2026-03-14T13:35:23,0.072
2,65-89,1773466825,2026-03-14T13:40:25,0.0825
2,65-89,1773467126,2026-03-14T13:45:26,0.073
2,65-89,1773467425,2026-03-14T13:50:25,0.0685
2,65-89,1773467723,2026-03-14T13:55:23,0.0745
2,65-89,1773468035,2026-03-14T14:00:35,0.0765
2,65-89,1773468326,2026-03-14T14:05:26,0.086
2,65-89,1773468625,2026-03-14T14:10:25,0.0805
2,65-89,1773468929,2026-03-14T14:15:29,0.0885
2,65-89,1773469223,2026-03-14T14:20:23,0.089
2,65-89,1773469523,2026-03-14T14:25:23,0.0895
2,65-89,1773469826,2026-03-14T14:30:26,0.033
2,65-89,1773470129,2026-03-14T14:35:29,0.0095
2,65-89,1773470424,2026-03-14T14:40:24,0.019
2,65-89,1773470739,2026-03-14T14:45:39,0.0005
2,65-89,1773471027,2026-03-14T14:50:27,0.0005
2,65-89,1773471325,2026-03-14T14:55:25,0.0005
2,65-89,1773471626,2026-03-14T15:00:26,0.0005
2,65-89,1773471927,2026-03-14T15:05:27,0.0005
2,65-89,1773472227,2026-03-14T15:10:27,0.0005
2,65-89,1773472525,2026-03-14T15:15:25,0.0005
2,65-89,1773472823,2026-03-14T15:20:23,0.0005
2,65-89,1773473126,2026-03-14T15:25:26,0.0005
2,65-89,1773473428,2026-03-14T15:30:28,0.0005
2,65-89,1773473728,2026-03-14T15:35:28,0.0005
2,65-89,1773474025,2026-03-14T15:40:25,0.0005
2,65-89,1773474326,2026-03-14T15:45:26,0.0005
2,65-89,1773474625,2026-03-14T15:50:25,0.0005
2,65-89,1773474924,2026-03-14T15:55:24,0.0005
2,65-89,1773475228,2026-03-14T16:00:28,0.0005
2,65-89,1773475527,2026-03-14T16:05:27,0.0005
2,65-89,1773475824,2026-03-14T16:10:24,0.0005
2,65-89,1773476125,2026-03-14T16:15:25,0.0005
2,65-89,1773476424,2026-03-14T16:20:24,0.0005
2,65-89,1773476721,2026-03-14T16:25:21,0.0005
2,65-89,1773477024,2026-03-14T16:30:24,0.0005
2,65-89,1773477325,2026-03-14T16:35:25,0.0005
2,65-89,1773477622,2026-03-14T16:40:22,0.0005
2,65-89,1773477938,2026-03-14T16:45:38,0.0005
2,65-89,1773478225,2026-03-14T16:50:25,0.0005
2,65-89,1773478525,2026-03-14T16:55:25,0.0005
2,65-89,1773478834,2026-03-14T17:00:34,0.0005
2,65-89,1773479124,2026-03-14T17:05:24,0.0005
2,65-89,1773479424,2026-03-14T17:10:24,0.0005
2,65-89,1773479725,2026-03-14T17:15:25,0.0005
2,65-89,1773480024,2026-03-14T17:20:24,0.0005
3,90-114,1773074724,2026-03-10T00:45:24,0.15
3,90-114,1773075023,2026-03-10T00:50:23,0.18
3,90-114,1773075323,2026-03-10T00:55:23,0.2
3,90-114,1773075643,2026-03-10T01:00:43,0.215
3,90-114,1773075926,2026-03-10T01:05:26,0.215
3,90-114,1773076240,2026-03-10T01:10:40,0.23
3,90-114,1773076523,2026-03-10T01:15:23,0.23
3,90-114,1773076834,2026-03-10T01:20:34,0.23
3,90-114,1773077127,2026-03-10T01:25:27,0.235
3,90-114,1773077428,2026-03-10T01:30:28,0.235
3,90-114,1773077726,2026-03-10T01:35:26,0.235
3,90-114,1773078024,2026-03-10T01:40:24,0.235
3,90-114,1773078329,2026-03-10T01:45:29,0.235
3,90-114,1773078624,2026-03-10T01:50:24,0.23
3,90-114,1773078924,2026-03-10T01:55:24,0.235
3,90-114,1773079238,2026-03-10T02:00:38,0.235
3,90-114,1773079524,2026-03-10T02:05:24,0.215
3,90-114,1773079826,2026-03-10T02:10:26,0.215
3,90-114,1773080124,2026-03-10T02:15:24,0.215
3,90-114,1773080423,2026-03-10T02:20:23,0.215
3,90-114,1773080728,2026-03-10T02:25:28,0.215
3,90-114,1773081029,2026-03-10T02:30:29,0.215
3,90-114,1773081324,2026-03-10T02:35:24,0.215
3,90-114,1773081623,2026-03-10T02:40:23,0.215
3,90-114,1773081926,2026-03-10T02:45:26,0.215
3,90-114,1773082225,2026-03-10T02:50:25,0.215
3,90-114,1773082525,2026-03-10T02:55:25,0.215
3,90-114,1773082830,2026-03-10T03:00:30,0.225
3,90-114,1773083125,2026-03-10T03:05:25,0.225
3,90-114,1773083428,2026-03-10T03:10:28,0.225
3,90-114,1773083725,2026-03-10T03:15:25,0.225
3,90-114,1773084024,2026-03-10T03:20:24,0.235
3,90-114,1773084327,2026-03-10T03:25:27,0.235
3,90-114,1773084628,2026-03-10T03:30:28,0.23
3,90-114,1773084926,2026-03-10T03:35:26,0.23
3,90-114,1773085225,2026-03-10T03:40:25,0.23
3,90-114,1773085524,2026-03-10T03:45:24,0.235
3,90-114,1773085828,2026-03-10T03:50:28,0.23
3,90-114,1773086125,2026-03-10T03:55:25,0.23
3,90-114,1773086430,2026-03-10T04:00:30,0.235
3,90-114,1773086725,2026-03-10T04:05:25,0.23
3,90-114,1773087025,2026-03-10T04:10:25,0.23
3,90-114,1773087326,2026-03-10T04:15:26,0.235
3,90-114,1773087626,2026-03-10T04:20:26,0.235
3,90-114,1773087927,2026-03-10T04:25:27,0.23
3,90-114,1773088228,2026-03-10T04:30:28,0.235
3,90-114,1773088524,2026-03-10T04:35:24,0.23
3,90-114,1773088826,2026-03-10T04:40:26,0.23
3,90-114,1773089124,2026-03-10T04:45:24,0.23
3,90-114,1773089434,2026-03-10T04:50:34,0.23
3,90-114,1773089725,2026-03-10T04:55:25,0.235
3,90-114,1773090040,2026-03-10T05:00:40,0.235
3,90-114,1773090326,2026-03-10T05:05:26,0.23
3,90-114,1773090625,2026-03-10T05:10:25,0.23
3,90-114,1773090936,2026-03-10T05:15:36,0.23
3,90-114,1773091226,2026-03-10T05:20:26,0.23
3,90-114,1773091525,2026-03-10T05:25:25,0.235
3,90-114,1773091831,2026-03-10T05:30:31,0.235
3,90-114,1773092126,2026-03-10T05:35:26,0.23
3,90-114,1773092426,2026-03-10T05:40:26,0.225
3,90-114,1773092728,2026-03-10T05:45:28,0.23
3,90-114,1773093027,2026-03-10T05:50:27,0.23
3,90-114,1773093326,2026-03-10T05:55:26,0.235
3,90-114,1773093629,2026-03-10T06:00:29,0.23
3,90-114,1773093927,2026-03-10T06:05:27,0.235
3,90-114,1773094230,2026-03-10T06:10:30,0.23
3,90-114,1773094529,2026-03-10T06:15:29,0.23
3,90-114,1773094827,2026-03-10T06:20:27,0.235
3,90-114,1773095128,2026-03-10T06:25:28,0.225
3,90-114,1773095432,2026-03-10T06:30:32,0.23
3,90-114,1773095729,2026-03-10T06:35:29,0.235
3,90-114,1773096029,2026-03-10T06:40:29,0.235
3,90-114,1773096328,2026-03-10T06:45:28,0.23
3,90-114,1773096629,2026-03-10T06:50:29,0.235
3,90-114,1773096927,2026-03-10T06:55:27,0.23
3,90-114,1773097230,2026-03-10T07:00:30,0.23
3,90-114,1773097526,2026-03-10T07:05:26,0.23
3,90-114,1773097838,2026-03-10T07:10:38,0.23
3,90-114,1773098141,2026-03-10T07:15:41,0.235
3,90-114,1773098426,2026-03-10T07:20:26,0.23
3,90-114,1773098726,2026-03-10T07:25:26,0.23
3,90-114,1773099030,2026-03-10T07:30:30,0.23
3,90-114,1773099326,2026-03-10T07:35:26,0.235
3,90-114,1773099629,2026-03-10T07:40:29,0.235
3,90-114,1773099936,2026-03-10T07:45:36,0.23
3,90-114,1773100228,2026-03-10T07:50:28,0.235
3,90-114,1773100528,2026-03-10T07:55:28,0.235
3,90-114,1773100846,2026-03-10T08:00:46,0.23
3,90-114,1773101126,2026-03-10T08:05:26,0.225
3,90-114,1773101427,2026-03-10T08:10:27,0.225
3,90-114,1773101725,2026-03-10T08:15:25,0.225
3,90-114,1773102028,2026-03-10T08:20:28,0.225
3,90-114,1773102325,2026-03-10T08:25:25,0.225
3,90-114,1773102629,2026-03-10T08:30:29,0.225
3,90-114,1773102926,2026-03-10T08:35:26,0.225
3,90-114,1773103226,2026-03-10T08:40:26,0.225
3,90-114,1773103527,2026-03-10T08:45:27,0.225
3,90-114,1773103825,2026-03-10T08:50:25,0.225
3,90-114,1773104125,2026-03-10T08:55:25,0.225
3,90-114,1773104428,2026-03-10T09:00:28,0.225
3,90-114,1773104728,2026-03-10T09:05:28,0.225
3,90-114,1773105025,2026-03-10T09:10:25,0.225
3,90-114,1773105326,2026-03-10T09:15:26,0.225
3,90-114,1773105629,2026-03-10T09:20:29,0.225
3,90-114,1773105928,2026-03-10T09:25:28,0.225
3,90-114,1773106247,2026-03-10T09:30:47,0.225
3,90-114,1773106526,2026-03-10T09:35:26,0.225
3,90-114,1773106826,2026-03-10T09:40:26,0.225
3,90-114,1773107128,2026-03-10T09:45:28,0.225
3,90-114,1773107427,2026-03-10T09:50:27,0.225
3,90-114,1773107726,2026-03-10T09:55:26,0.225
3,90-114,1773108030,2026-03-10T10:00:30,0.225
3,90-114,1773108325,2026-03-10T10:05:25,0.225
3,90-114,1773108628,2026-03-10T10:10:28,0.225
3,90-114,1773108926,2026-03-10T10:15:26,0.225
3,90-114,1773109225,2026-03-10T10:20:25,0.225
3,90-114,1773109527,2026-03-10T10:25:27,0.225
3,90-114,1773109835,2026-03-10T10:30:35,0.225
3,90-114,1773110126,2026-03-10T10:35:26,0.235
3,90-114,1773110425,2026-03-10T10:40:25,0.23
3,90-114,1773110725,2026-03-10T10:45:25,0.23
3,90-114,1773111029,2026-03-10T10:50:29,0.23
3,90-114,1773111328,2026-03-10T10:55:28,0.23
3,90-114,1773111635,2026-03-10T11:00:35,0.23
3,90-114,1773111926,2026-03-10T11:05:26,0.235
3,90-114,1773112226,2026-03-10T11:10:26,0.23
3,90-114,1773112526,2026-03-10T11:15:26,0.215
3,90-114,1773112826,2026-03-10T11:20:26,0.22
3,90-114,1773113128,2026-03-10T11:25:28,0.22
3,90-114,1773113432,2026-03-10T11:30:32,0.22
3,90-114,1773113725,2026-03-10T11:35:25,0.22
3,90-114,1773114028,2026-03-10T11:40:28,0.22
3,90-114,1773114327,2026-03-10T11:45:27,0.22
3,90-114,1773114625,2026-03-10T11:50:25,0.22
3,90-114,1773114927,2026-03-10T11:55:27,0.22
3,90-114,1773115234,2026-03-10T12:00:34,0.22
3,90-114,1773115528,2026-03-10T12:05:28,0.22
3,90-114,1773115826,2026-03-10T12:10:26,0.22
3,90-114,1773116128,2026-03-10T12:15:28,0.22
3,90-114,1773116427,2026-03-10T12:20:27,0.22
3,90-114,1773116728,2026-03-10T12:25:28,0.22
3,90-114,1773117030,2026-03-10T12:30:30,0.22
3,90-114,1773117325,2026-03-10T12:35:25,0.22
3,90-114,1773117627,2026-03-10T12:40:27,0.22
3,90-114,1773117928,2026-03-10T12:45:28,0.22
3,90-114,1773118234,2026-03-10T12:50:34,0.22
3,90-114,1773118536,2026-03-10T12:55:36,0.22
3,90-114,1773118831,2026-03-10T13:00:31,0.22
3,90-114,1773119127,2026-03-10T13:05:27,0.22
3,90-114,1773119429,2026-03-10T13:10:29,0.23
3,90-114,1773119728,2026-03-10T13:15:28,0.225
3,90-114,1773120027,2026-03-10T13:20:27,0.225
3,90-114,1773120330,2026-03-10T13:25:30,0.23
3,90-114,1773120631,2026-03-10T13:30:31,0.225
3,90-114,1773120927,2026-03-10T13:35:27,0.225
3,90-114,1773121227,2026-03-10T13:40:27,0.225
3,90-114,1773121528,2026-03-10T13:45:28,0.225
3,90-114,1773121828,2026-03-10T13:50:28,0.225
3,90-114,1773122128,2026-03-10T13:55:28,0.225
3,90-114,1773122438,2026-03-10T14:00:38,0.225
3,90-114,1773122727,2026-03-10T14:05:27,0.225
3,90-114,1773123027,2026-03-10T14:10:27,0.225
3,90-114,1773123328,2026-03-10T14:15:28,0.225
3,90-114,1773123628,2026-03-10T14:20:28,0.225
3,90-114,1773123928,2026-03-10T14:25:28,0.225
3,90-114,1773124231,2026-03-10T14:30:31,0.225
3,90-114,1773124537,2026-03-10T14:35:37,0.225
3,90-114,1773124829,2026-03-10T14:40:29,0.23
3,90-114,1773125128,2026-03-10T14:45:28,0.22
3,90-114,1773125428,2026-03-10T14:50:28,0.22
3,90-114,1773125728,2026-03-10T14:55:28,0.22
3,90-114,1773126033,2026-03-10T15:00:33,0.21
3,90-114,1773126328,2026-03-10T15:05:28,0.22
3,90-114,1773126626,2026-03-10T15:10:26,0.22
3,90-114,1773126926,2026-03-10T15:15:26,0.225
3,90-114,1773127226,2026-03-10T15:20:26,0.225
3,90-114,1773127530,2026-03-10T15:25:30,0.225
3,90-114,1773127832,2026-03-10T15:30:32,0.225
3,90-114,1773128127,2026-03-10T15:35:27,0.225
3,90-114,1773128434,2026-03-10T15:40:34,0.23
3,90-114,1773128727,2026-03-10T15:45:27,0.22
3,90-114,1773129029,2026-03-10T15:50:29,0.22
3,90-114,1773129326,2026-03-10T15:55:26,0.23
3,90-114,1773129630,2026-03-10T16:00:30,0.225
3,90-114,1773129927,2026-03-10T16:05:27,0.225
3,90-114,1773130227,2026-03-10T16:10:27,0.225
3,90-114,1773130528,2026-03-10T16:15:28,0.225
3,90-114,1773130828,2026-03-10T16:20:28,0.225
3,90-114,1773131127,2026-03-10T16:25:27,0.23
3,90-114,1773131431,2026-03-10T16:30:31,0.23
3,90-114,1773131730,2026-03-10T16:35:30,0.23
3,90-114,1773132026,2026-03-10T16:40:26,0.23
3,90-114,1773132330,2026-03-10T16:45:30,0.23
3,90-114,1773132628,2026-03-10T16:50:28,0.22
3,90-114,1773132927,2026-03-10T16:55:27,0.22
3,90-114,1773133252,2026-03-10T17:00:52,0.22
3,90-114,1773133529,2026-03-10T17:05:29,0.22
3,90-114,1773133829,2026-03-10T17:10:29,0.22
3,90-114,1773134137,2026-03-10T17:15:37,0.22
3,90-114,1773134429,2026-03-10T17:20:29,0.22
3,90-114,1773134730,2026-03-10T17:25:30,0.225
3,90-114,1773135029,2026-03-10T17:30:29,0.225
3,90-114,1773135329,2026-03-10T17:35:29,0.225
3,90-114,1773135629,2026-03-10T17:40:29,0.225
3,90-114,1773135926,2026-03-10T17:45:26,0.23
3,90-114,1773136226,2026-03-10T17:50:26,0.23
3,90-114,1773136526,2026-03-10T17:55:26,0.23
3,90-114,1773136847,2026-03-10T18:00:47,0.23
3,90-114,1773137130,2026-03-10T18:05:30,0.23
3,90-114,1773137426,2026-03-10T18:10:26,0.23
3,90-114,1773137728,2026-03-10T18:15:28,0.23
3,90-114,1773138030,2026-03-10T18:20:30,0.23
3,90-114,1773138328,2026-03-10T18:25:28,0.23
3,90-114,1773138633,2026-03-10T18:30:33,0.23
3,90-114,1773138929,2026-03-10T18:35:29,0.23
3,90-114,1773139230,2026-03-10T18:40:30,0.23
3,90-114,1773139529,2026-03-10T18:45:29,0.23
3,90-114,1773139828,2026-03-10T18:50:28,0.225
3,90-114,1773140132,2026-03-10T18:55:32,0.23
3,90-114,1773140430,2026-03-10T19:00:30,0.23
3,90-114,1773140730,2026-03-10T19:05:30,0.23
3,90-114,1773141027,2026-03-10T19:10:27,0.23
3,90-114,1773141335,2026-03-10T19:15:35,0.23
3,90-114,1773141627,2026-03-10T19:20:27,0.23
3,90-114,1773141929,2026-03-10T19:25:29,0.23
3,90-114,1773142232,2026-03-10T19:30:32,0.23
3,90-114,1773142526,2026-03-10T19:35:26,0.23
3,90-114,1773142826,2026-03-10T19:40:26,0.23
3,90-114,1773143129,2026-03-10T19:45:29,0.23
3,90-114,1773143430,2026-03-10T19:50:30,0.23
3,90-114,1773143727,2026-03-10T19:55:27,0.23
3,90-114,1773144049,2026-03-10T20:00:49,0.23
3,90-114,1773144330,2026-03-10T20:05:30,0.23
3,90-114,1773144603,2026-03-10T20:10:03,0.23
3,90-114,1773144655,2026-03-10T20:10:55,0.23
3,90-114,1773144930,2026-03-10T20:15:30,0.23
3,90-114,1773145230,2026-03-10T20:20:30,0.23
3,90-114,1773145529,2026-03-10T20:25:29,0.23
3,90-114,1773145837,2026-03-10T20:30:37,0.23
3,90-114,1773146127,2026-03-10T20:35:27,0.23
3,90-114,1773146430,2026-03-10T20:40:30,0.23
3,90-114,1773146744,2026-03-10T20:45:44,0.23
3,90-114,1773147028,2026-03-10T20:50:28,0.23
3,90-114,1773147327,2026-03-10T20:55:27,0.23
3,90-114,1773147637,2026-03-10T21:00:37,0.23
3,90-114,1773147932,2026-03-10T21:05:32,0.23
3,90-114,1773148229,2026-03-10T21:10:29,0.23
3,90-114,1773148527,2026-03-10T21:15:27,0.225
3,90-114,1773148829,2026-03-10T21:20:29,0.225
3,90-114,1773149127,2026-03-10T21:25:27,0.225
3,90-114,1773149439,2026-03-10T21:30:39,0.225
3,90-114,1773149730,2026-03-10T21:35:30,0.23
3,90-114,1773150030,2026-03-10T21:40:30,0.23
3,90-114,1773150328,2026-03-10T21:45:28,0.23
3,90-114,1773150630,2026-03-10T21:50:30,0.23
3,90-114,1773150930,2026-03-10T21:55:30,0.23
3,90-114,1773151235,2026-03-10T22:00:35,0.23
3,90-114,1773151528,2026-03-10T22:05:28,0.23
3,90-114,1773151830,2026-03-10T22:10:30,0.225
3,90-114,1773152128,2026-03-10T22:15:28,0.225
3,90-114,1773152428,2026-03-10T22:20:28,0.225
3,90-114,1773152730,2026-03-10T22:25:30,0.225
3,90-114,1773153037,2026-03-10T22:30:37,0.225
3,90-114,1773153359,2026-03-10T22:35:59,0.225
3,90-114,1773153629,2026-03-10T22:40:29,0.225
3,90-114,1773153930,2026-03-10T22:45:30,0.225
3,90-114,1773154242,2026-03-10T22:50:42,0.225
3,90-114,1773154538,2026-03-10T22:55:38,0.225
3,90-114,1773154851,2026-03-10T23:00:51,0.225
3,90-114,1773155127,2026-03-10T23:05:27,0.225
3,90-114,1773155428,2026-03-10T23:10:28,0.225
3,90-114,1773155728,2026-03-10T23:15:28,0.225
3,90-114,1773156027,2026-03-10T23:20:27,0.225
3,90-114,1773156330,2026-03-10T23:25:30,0.225
3,90-114,1773156634,2026-03-10T23:30:34,0.225
3,90-114,1773156928,2026-03-10T23:35:28,0.225
3,90-114,1773157228,2026-03-10T23:40:28,0.225
3,90-114,1773157531,2026-03-10T23:45:31,0.225
3,90-114,1773157838,2026-03-10T23:50:38,0.225
3,90-114,1773158127,2026-03-10T23:55:27,0.225
3,90-114,1773158439,2026-03-11T00:00:39,0.225
3,90-114,1773158728,2026-03-11T00:05:28,0.225
3,90-114,1773159030,2026-03-11T00:10:30,0.225
3,90-114,1773159327,2026-03-11T00:15:27,0.225
3,90-114,1773159632,2026-03-11T00:20:32,0.23
3,90-114,1773159927,2026-03-11T00:25:27,0.225
3,90-114,1773160233,2026-03-11T00:30:33,0.215
3,90-114,1773160527,2026-03-11T00:35:27,0.21
3,90-114,1773160829,2026-03-11T00:40:29,0.21
3,90-114,1773161137,2026-03-11T00:45:37,0.23
3,90-114,1773161429,2026-03-11T00:50:29,0.225
3,90-114,1773161727,2026-03-11T00:55:27,0.225
3,90-114,1773162031,2026-03-11T01:00:31,0.225
3,90-114,1773162328,2026-03-11T01:05:28,0.225
3,90-114,1773162628,2026-03-11T01:10:28,0.225
3,90-114,1773162931,2026-03-11T01:15:31,0.225
3,90-114,1773163229,2026-03-11T01:20:29,0.225
3,90-114,1773163534,2026-03-11T01:25:34,0.225
3,90-114,1773163833,2026-03-11T01:30:33,0.215
3,90-114,1773164128,2026-03-11T01:35:28,0.225
3,90-114,1773164432,2026-03-11T01:40:32,0.225
3,90-114,1773164730,2026-03-11T01:45:30,0.225
3,90-114,1773165029,2026-03-11T01:50:29,0.225
3,90-114,1773165329,2026-03-11T01:55:29,0.225
3,90-114,1773165646,2026-03-11T02:00:46,0.225
3,90-114,1773165932,2026-03-11T02:05:32,0.225
3,90-114,1773166230,2026-03-11T02:10:30,0.225
3,90-114,1773166528,2026-03-11T02:15:28,0.225
3,90-114,1773166830,2026-03-11T02:20:30,0.225
3,90-114,1773167141,2026-03-11T02:25:41,0.225
3,90-114,1773167438,2026-03-11T02:30:38,0.23
3,90-114,1773167727,2026-03-11T02:35:27,0.23
3,90-114,1773168030,2026-03-11T02:40:30,0.23
3,90-114,1773168337,2026-03-11T02:45:37,0.23
3,90-114,1773168629,2026-03-11T02:50:29,0.225
3,90-114,1773168927,2026-03-11T02:55:27,0.23
3,90-114,1773169234,2026-03-11T03:00:34,0.23
3,90-114,1773169542,2026-03-11T03:05:42,0.23
3,90-114,1773169829,2026-03-11T03:10:29,0.225
3,90-114,1773170128,2026-03-11T03:15:28,0.225
3,90-114,1773170434,2026-03-11T03:20:34,0.225
3,90-114,1773170731,2026-03-11T03:25:31,0.225
3,90-114,1773171033,2026-03-11T03:30:33,0.23
3,90-114,1773171328,2026-03-11T03:35:28,0.235
3,90-114,1773171630,2026-03-11T03:40:30,0.23
3,90-114,1773171932,2026-03-11T03:45:32,0.23
3,90-114,1773172231,2026-03-11T03:50:31,0.23
3,90-114,1773172529,2026-03-11T03:55:29,0.23
3,90-114,1773172835,2026-03-11T04:00:35,0.23
3,90-114,1773173129,2026-03-11T04:05:29,0.23
3,90-114,1773173428,2026-03-11T04:10:28,0.23
3,90-114,1773173730,2026-03-11T04:15:30,0.23
3,90-114,1773174031,2026-03-11T04:20:31,0.23
3,90-114,1773174327,2026-03-11T04:25:27,0.23
3,90-114,1773174631,2026-03-11T04:30:31,0.23
3,90-114,1773174928,2026-03-11T04:35:28,0.23
3,90-114,1773175231,2026-03-11T04:40:31,0.23
3,90-114,1773175528,2026-03-11T04:45:28,0.225
3,90-114,1773175829,2026-03-11T04:50:29,0.23
3,90-114,1773176130,2026-03-11T04:55:30,0.23
3,90-114,1773176446,2026-03-11T05:00:46,0.23
3,90-114,1773176730,2026-03-11T05:05:30,0.23
3,90-114,1773177027,2026-03-11T05:10:27,0.23
3,90-114,1773177328,2026-03-11T05:15:28,0.23
3,90-114,1773177653,2026-03-11T05:20:53,0.23
3,90-114,1773177926,2026-03-11T05:25:26,0.23
3,90-114,1773178235,2026-03-11T05:30:35,0.23
3,90-114,1773178528,2026-03-11T05:35:28,0.225
3,90-114,1773178829,2026-03-11T05:40:29,0.23
3,90-114,1773179131,2026-03-11T05:45:31,0.23
3,90-114,1773179430,2026-03-11T05:50:30,0.23
3,90-114,1773179727,2026-03-11T05:55:27,0.23
3,90-114,1773180034,2026-03-11T06:00:34,0.23
3,90-114,1773180331,2026-03-11T06:05:31,0.23
3,90-114,1773180640,2026-03-11T06:10:40,0.23
3,90-114,1773180930,2026-03-11T06:15:30,0.23
3,90-114,1773181229,2026-03-11T06:20:29,0.23
3,90-114,1773181531,2026-03-11T06:25:31,0.23
3,90-114,1773181831,2026-03-11T06:30:31,0.23
3,90-114,1773182127,2026-03-11T06:35:27,0.23
3,90-114,1773182431,2026-03-11T06:40:31,0.23
3,90-114,1773182729,2026-03-11T06:45:29,0.23
3,90-114,1773183028,2026-03-11T06:50:28,0.23
3,90-114,1773183330,2026-03-11T06:55:30,0.23
3,90-114,1773183633,2026-03-11T07:00:33,0.23
3,90-114,1773183940,2026-03-11T07:05:40,0.23
3,90-114,1773184229,2026-03-11T07:10:29,0.23
3,90-114,1773184529,2026-03-11T07:15:29,0.23
3,90-114,1773184828,2026-03-11T07:20:28,0.23
3,90-114,1773185131,2026-03-11T07:25:31,0.23
3,90-114,1773185437,2026-03-11T07:30:37,0.23
3,90-114,1773185731,2026-03-11T07:35:31,0.23
3,90-114,1773186042,2026-03-11T07:40:42,0.23
3,90-114,1773186331,2026-03-11T07:45:31,0.23
3,90-114,1773186630,2026-03-11T07:50:30,0.23
3,90-114,1773186932,2026-03-11T07:55:32,0.23
3,90-114,1773187249,2026-03-11T08:00:49,0.23
3,90-114,1773187528,2026-03-11T08:05:28,0.225
3,90-114,1773187833,2026-03-11T08:10:33,0.225
3,90-114,1773188130,2026-03-11T08:15:30,0.225
3,90-114,1773188427,2026-03-11T08:20:27,0.225
3,90-114,1773188731,2026-03-11T08:25:31,0.225
3,90-114,1773189036,2026-03-11T08:30:36,0.225
3,90-114,1773189334,2026-03-11T08:35:34,0.225
3,90-114,1773189629,2026-03-11T08:40:29,0.225
3,90-114,1773189930,2026-03-11T08:45:30,0.225
3,90-114,1773190228,2026-03-11T08:50:28,0.225
3,90-114,1773190528,2026-03-11T08:55:28,0.225
3,90-114,1773190835,2026-03-11T09:00:35,0.225
3,90-114,1773191131,2026-03-11T09:05:31,0.225
3,90-114,1773191427,2026-03-11T09:10:27,0.225
3,90-114,1773191730,2026-03-11T09:15:30,0.225
3,90-114,1773192030,2026-03-11T09:20:30,0.225
3,90-114,1773192330,2026-03-11T09:25:30,0.225
3,90-114,1773192634,2026-03-11T09:30:34,0.225
3,90-114,1773192928,2026-03-11T09:35:28,0.225
3,90-114,1773193230,2026-03-11T09:40:30,0.225
3,90-114,1773193528,2026-03-11T09:45:28,0.225
3,90-114,1773193839,2026-03-11T09:50:39,0.225
3,90-114,1773194127,2026-03-11T09:55:27,0.225
3,90-114,1773194434,2026-03-11T10:00:34,0.225
3,90-114,1773194731,2026-03-11T10:05:31,0.225
3,90-114,1773195031,2026-03-11T10:10:31,0.225
3,90-114,1773195329,2026-03-11T10:15:29,0.225
3,90-114,1773195630,2026-03-11T10:20:30,0.225
3,90-114,1773195934,2026-03-11T10:25:34,0.225
3,90-114,1773196231,2026-03-11T10:30:31,0.225
3,90-114,1773196538,2026-03-11T10:35:38,0.225
3,90-114,1773196828,2026-03-11T10:40:28,0.225
3,90-114,1773197139,2026-03-11T10:45:39,0.225
3,90-114,1773197430,2026-03-11T10:50:30,0.225
3,90-114,1773197728,2026-03-11T10:55:28,0.225
3,90-114,1773198047,2026-03-11T11:00:47,0.23
3,90-114,1773198329,2026-03-11T11:05:29,0.225
3,90-114,1773198642,2026-03-11T11:10:42,0.225
3,90-114,1773198930,2026-03-11T11:15:30,0.225
3,90-114,1773199232,2026-03-11T11:20:32,0.225
3,90-114,1773199528,2026-03-11T11:25:28,0.225
3,90-114,1773199832,2026-03-11T11:30:32,0.225
3,90-114,1773200130,2026-03-11T11:35:30,0.225
3,90-114,1773200430,2026-03-11T11:40:30,0.225
3,90-114,1773200730,2026-03-11T11:45:30,0.225
3,90-114,1773201028,2026-03-11T11:50:28,0.225
3,90-114,1773201334,2026-03-11T11:55:34,0.225
3,90-114,1773201634,2026-03-11T12:00:34,0.225
3,90-114,1773201931,2026-03-11T12:05:31,0.225
3,90-114,1773202229,2026-03-11T12:10:29,0.225
3,90-114,1773202545,2026-03-11T12:15:45,0.225
3,90-114,1773202830,2026-03-11T12:20:30,0.225
3,90-114,1773203126,2026-03-11T12:25:26,0.225
3,90-114,1773203434,2026-03-11T12:30:34,0.225
3,90-114,1773203731,2026-03-11T12:35:31,0.225
3,90-114,1773204026,2026-03-11T12:40:26,0.225
3,90-114,1773204341,2026-03-11T12:45:41,0.225
3,90-114,1773204631,2026-03-11T12:50:31,0.225
3,90-114,1773204928,2026-03-11T12:55:28,0.225
3,90-114,1773205234,2026-03-11T13:00:34,0.225
3,90-114,1773205528,2026-03-11T13:05:28,0.225
3,90-114,1773205828,2026-03-11T13:10:28,0.225
3,90-114,1773206133,2026-03-11T13:15:33,0.225
3,90-114,1773206428,2026-03-11T13:20:28,0.225
3,90-114,1773206727,2026-03-11T13:25:27,0.225
3,90-114,1773207031,2026-03-11T13:30:31,0.225
3,90-114,1773207328,2026-03-11T13:35:28,0.225
3,90-114,1773207631,2026-03-11T13:40:31,0.225
3,90-114,1773207929,2026-03-11T13:45:29,0.225
3,90-114,1773208230,2026-03-11T13:50:30,0.225
3,90-114,1773208527,2026-03-11T13:55:27,0.225
3,90-114,1773208847,2026-03-11T14:00:47,0.225
3,90-114,1773209140,2026-03-11T14:05:40,0.225
3,90-114,1773209427,2026-03-11T14:10:27,0.225
3,90-114,1773209727,2026-03-11T14:15:27,0.225
3,90-114,1773210028,2026-03-11T14:20:28,0.225
3,90-114,1773210329,2026-03-11T14:25:29,0.25
3,90-114,1773210644,2026-03-11T14:30:44,0.25
3,90-114,1773210937,2026-03-11T14:35:37,0.245
3,90-114,1773211232,2026-03-11T14:40:32,0.245
3,90-114,1773211529,2026-03-11T14:45:29,0.245
3,90-114,1773211831,2026-03-11T14:50:31,0.245
3,90-114,1773212135,2026-03-11T14:55:35,0.245
3,90-114,1773212435,2026-03-11T15:00:35,0.245
3,90-114,1773212729,2026-03-11T15:05:29,0.245
3,90-114,1773213026,2026-03-11T15:10:26,0.245
3,90-114,1773213341,2026-03-11T15:15:41,0.245
3,90-114,1773213628,2026-03-11T15:20:28,0.245
3,90-114,1773213930,2026-03-11T15:25:30,0.245
3,90-114,1773214235,2026-03-11T15:30:35,0.245
3,90-114,1773214529,2026-03-11T15:35:29,0.245
3,90-114,1773214831,2026-03-11T15:40:31,0.245
3,90-114,1773215128,2026-03-11T15:45:28,0.235
3,90-114,1773215430,2026-03-11T15:50:30,0.235
3,90-114,1773215727,2026-03-11T15:55:27,0.235
3,90-114,1773216035,2026-03-11T16:00:35,0.235
3,90-114,1773216328,2026-03-11T16:05:28,0.235
3,90-114,1773216627,2026-03-11T16:10:27,0.235
3,90-114,1773216937,2026-03-11T16:15:37,0.235
3,90-114,1773217228,2026-03-11T16:20:28,0.235
3,90-114,1773217527,2026-03-11T16:25:27,0.235
3,90-114,1773217832,2026-03-11T16:30:32,0.24
3,90-114,1773218127,2026-03-11T16:35:27,0.235
3,90-114,1773218431,2026-03-11T16:40:31,0.235
3,90-114,1773218731,2026-03-11T16:45:31,0.235
3,90-114,1773219031,2026-03-11T16:50:31,0.24
3,90-114,1773219326,2026-03-11T16:55:26,0.24
3,90-114,1773219643,2026-03-11T17:00:43,0.24
3,90-114,1773219927,2026-03-11T17:05:27,0.24
3,90-114,1773220231,2026-03-11T17:10:31,0.24
3,90-114,1773220527,2026-03-11T17:15:27,0.24
3,90-114,1773220827,2026-03-11T17:20:27,0.24
3,90-114,1773221127,2026-03-11T17:25:27,0.24
3,90-114,1773221435,2026-03-11T17:30:35,0.24
3,90-114,1773221726,2026-03-11T17:35:26,0.24
3,90-114,1773222027,2026-03-11T17:40:27,0.235
3,90-114,1773222327,2026-03-11T17:45:27,0.24
3,90-114,1773222626,2026-03-11T17:50:26,0.24
3,90-114,1773222937,2026-03-11T17:55:37,0.24
3,90-114,1773223241,2026-03-11T18:00:41,0.24
3,90-114,1773223529,2026-03-11T18:05:29,0.24
3,90-114,1773223830,2026-03-11T18:10:30,0.24
3,90-114,1773224129,2026-03-11T18:15:29,0.24
3,90-114,1773224427,2026-03-11T18:20:27,0.24
3,90-114,1773224737,2026-03-11T18:25:37,0.24
3,90-114,1773225033,2026-03-11T18:30:33,0.24
3,90-114,1773225329,2026-03-11T18:35:29,0.24
3,90-114,1773225628,2026-03-11T18:40:28,0.24
3,90-114,1773225930,2026-03-11T18:45:30,0.24
3,90-114,1773226226,2026-03-11T18:50:26,0.24
3,90-114,1773226534,2026-03-11T18:55:34,0.24
3,90-114,1773226836,2026-03-11T19:00:36,0.235
3,90-114,1773227127,2026-03-11T19:05:27,0.235
3,90-114,1773227431,2026-03-11T19:10:31,0.235
3,90-114,1773227730,2026-03-11T19:15:30,0.235
3,90-114,1773228027,2026-03-11T19:20:27,0.235
3,90-114,1773228327,2026-03-11T19:25:27,0.235
3,90-114,1773228634,2026-03-11T19:30:34,0.235
3,90-114,1773228932,2026-03-11T19:35:32,0.235
3,90-114,1773229231,2026-03-11T19:40:31,0.235
3,90-114,1773229527,2026-03-11T19:45:27,0.24
3,90-114,1773229833,2026-03-11T19:50:33,0.24
3,90-114,1773230129,2026-03-11T19:55:29,0.24
3,90-114,1773230732,2026-03-11T20:05:32,0.245
3,90-114,1773231027,2026-03-11T20:10:27,0.245
3,90-114,1773231327,2026-03-11T20:15:27,0.245
3,90-114,1773231640,2026-03-11T20:20:40,0.245
3,90-114,1773231928,2026-03-11T20:25:28,0.245
3,90-114,1773232248,2026-03-11T20:30:48,0.245
3,90-114,1773232528,2026-03-11T20:35:28,0.245
3,90-114,1773232827,2026-03-11T20:40:27,0.245
3,90-114,1773233137,2026-03-11T20:45:37,0.245
3,90-114,1773233428,2026-03-11T20:50:28,0.245
3,90-114,1773233731,2026-03-11T20:55:31,0.245
3,90-114,1773234034,2026-03-11T21:00:34,0.245
3,90-114,1773234329,2026-03-11T21:05:29,0.245
3,90-114,1773234628,2026-03-11T21:10:28,0.245
3,90-114,1773234932,2026-03-11T21:15:32,0.245
3,90-114,1773235233,2026-03-11T21:20:33,0.245
3,90-114,1773235529,2026-03-11T21:25:29,0.245
3,90-114,1773235832,2026-03-11T21:30:32,0.245
3,90-114,1773236131,2026-03-11T21:35:31,0.245
3,90-114,1773236430,2026-03-11T21:40:30,0.245
3,90-114,1773236735,2026-03-11T21:45:35,0.245
3,90-114,1773237030,2026-03-11T21:50:30,0.245
3,90-114,1773237330,2026-03-11T21:55:30,0.245
3,90-114,1773237635,2026-03-11T22:00:35,0.245
3,90-114,1773237930,2026-03-11T22:05:30,0.245
3,90-114,1773238231,2026-03-11T22:10:31,0.245
3,90-114,1773238528,2026-03-11T22:15:28,0.245
3,90-114,1773238830,2026-03-11T22:20:30,0.245
3,90-114,1773239132,2026-03-11T22:25:32,0.245
3,90-114,1773239434,2026-03-11T22:30:34,0.245
3,90-114,1773239749,2026-03-11T22:35:49,0.245
3,90-114,1773240037,2026-03-11T22:40:37,0.245
3,90-114,1773240329,2026-03-11T22:45:29,0.245
3,90-114,1773240628,2026-03-11T22:50:28,0.245
3,90-114,1773240941,2026-03-11T22:55:41,0.245
3,90-114,1773241529,2026-03-11T23:05:29,0.26
3,90-114,1773241830,2026-03-11T23:10:30,0.26
3,90-114,1773242132,2026-03-11T23:15:32,0.26
3,90-114,1773242430,2026-03-11T23:20:30,0.26
3,90-114,1773242731,2026-03-11T23:25:31,0.255
3,90-114,1773243034,2026-03-11T23:30:34,0.26
3,90-114,1773243331,2026-03-11T23:35:31,0.255
3,90-114,1773243631,2026-03-11T23:40:31,0.255
3,90-114,1773243930,2026-03-11T23:45:30,0.26
3,90-114,1773244229,2026-03-11T23:50:29,0.27
3,90-114,1773244527,2026-03-11T23:55:27,0.27
3,90-114,1773244836,2026-03-12T00:00:36,0.27
3,90-114,1773245132,2026-03-12T00:05:32,0.27
3,90-114,1773245457,2026-03-12T00:10:57,0.27
3,90-114,1773245729,2026-03-12T00:15:29,0.265
3,90-114,1773246031,2026-03-12T00:20:31,0.265
3,90-114,1773246332,2026-03-12T00:25:32,0.255
3,90-114,1773246633,2026-03-12T00:30:33,0.255
3,90-114,1773246928,2026-03-12T00:35:28,0.265
3,90-114,1773247234,2026-03-12T00:40:34,0.26
3,90-114,1773247531,2026-03-12T00:45:31,0.265
3,90-114,1773247829,2026-03-12T00:50:29,0.26
3,90-114,1773248128,2026-03-12T00:55:28,0.255
3,90-114,1773248459,2026-03-12T01:00:59,0.255
3,90-114,1773248734,2026-03-12T01:05:34,0.255
3,90-114,1773249029,2026-03-12T01:10:29,0.255
3,90-114,1773249331,2026-03-12T01:15:31,0.255
3,90-114,1773249628,2026-03-12T01:20:28,0.26
3,90-114,1773249929,2026-03-12T01:25:29,0.255
3,90-114,1773250235,2026-03-12T01:30:35,0.255
3,90-114,1773250529,2026-03-12T01:35:29,0.255
3,90-114,1773250834,2026-03-12T01:40:34,0.255
3,90-114,1773251130,2026-03-12T01:45:30,0.255
3,90-114,1773251432,2026-03-12T01:50:32,0.255
3,90-114,1773251742,2026-03-12T01:55:42,0.255
3,90-114,1773252047,2026-03-12T02:00:47,0.255
3,90-114,1773252332,2026-03-12T02:05:32,0.255
3,90-114,1773252629,2026-03-12T02:10:29,0.255
3,90-114,1773252929,2026-03-12T02:15:29,0.255
3,90-114,1773253228,2026-03-12T02:20:28,0.255
3,90-114,1773253529,2026-03-12T02:25:29,0.255
3,90-114,1773253833,2026-03-12T02:30:33,0.255
3,90-114,1773254129,2026-03-12T02:35:29,0.255
3,90-114,1773254428,2026-03-12T02:40:28,0.255
3,90-114,1773254731,2026-03-12T02:45:31,0.255
3,90-114,1773255044,2026-03-12T02:50:44,0.255
3,90-114,1773255327,2026-03-12T02:55:27,0.255
3,90-114,1773255636,2026-03-12T03:00:36,0.255
3,90-114,1773255950,2026-03-12T03:05:50,0.255
3,90-114,1773256229,2026-03-12T03:10:29,0.255
3,90-114,1773256530,2026-03-12T03:15:30,0.255
3,90-114,1773256828,2026-03-12T03:20:28,0.255
3,90-114,1773257128,2026-03-12T03:25:28,0.255
3,90-114,1773257436,2026-03-12T03:30:36,0.255
3,90-114,1773257729,2026-03-12T03:35:29,0.245
3,90-114,1773258030,2026-03-12T03:40:30,0.245
3,90-114,1773258327,2026-03-12T03:45:27,0.245
3,90-114,1773258634,2026-03-12T03:50:34,0.245
3,90-114,1773258929,2026-03-12T03:55:29,0.245
3,90-114,1773259239,2026-03-12T04:00:39,0.245
3,90-114,1773259530,2026-03-12T04:05:30,0.245
3,90-114,1773259831,2026-03-12T04:10:31,0.245
3,90-114,1773260128,2026-03-12T04:15:28,0.245
3,90-114,1773260427,2026-03-12T04:20:27,0.245
3,90-114,1773260734,2026-03-12T04:25:34,0.245
3,90-114,1773261036,2026-03-12T04:30:36,0.245
3,90-114,1773261332,2026-03-12T04:35:32,0.245
3,90-114,1773261630,2026-03-12T04:40:30,0.245
3,90-114,1773261931,2026-03-12T04:45:31,0.245
3,90-114,1773262243,2026-03-12T04:50:43,0.245
3,90-114,1773262529,2026-03-12T04:55:29,0.245
3,90-114,1773262850,2026-03-12T05:00:50,0.245
3,90-114,1773263129,2026-03-12T05:05:29,0.25
3,90-114,1773263429,2026-03-12T05:10:29,0.245
3,90-114,1773263730,2026-03-12T05:15:30,0.245
3,90-114,1773264031,2026-03-12T05:20:31,0.245
3,90-114,1773264351,2026-03-12T05:25:51,0.245
3,90-114,1773264635,2026-03-12T05:30:35,0.255
3,90-114,1773264928,2026-03-12T05:35:28,0.255
3,90-114,1773265232,2026-03-12T05:40:32,0.255
3,90-114,1773265542,2026-03-12T05:45:42,0.255
3,90-114,1773265831,2026-03-12T05:50:31,0.255
3,90-114,1773266130,2026-03-12T05:55:30,0.255
3,90-114,1773266437,2026-03-12T06:00:37,0.255
3,90-114,1773266744,2026-03-12T06:05:44,0.255
3,90-114,1773267030,2026-03-12T06:10:30,0.255
3,90-114,1773267330,2026-03-12T06:15:30,0.255
3,90-114,1773267632,2026-03-12T06:20:32,0.255
3,90-114,1773267927,2026-03-12T06:25:27,0.255
3,90-114,1773268237,2026-03-12T06:30:37,0.255
3,90-114,1773268531,2026-03-12T06:35:31,0.255
3,90-114,1773268829,2026-03-12T06:40:29,0.25
3,90-114,1773269139,2026-03-12T06:45:39,0.245
3,90-114,1773269433,2026-03-12T06:50:33,0.245
3,90-114,1773269734,2026-03-12T06:55:34,0.245
3,90-114,1773270034,2026-03-12T07:00:34,0.255
3,90-114,1773270331,2026-03-12T07:05:31,0.255
3,90-114,1773270631,2026-03-12T07:10:31,0.255
3,90-114,1773270933,2026-03-12T07:15:33,0.255
3,90-114,1773271248,2026-03-12T07:20:48,0.255
3,90-114,1773271530,2026-03-12T07:25:30,0.255
3,90-114,1773271833,2026-03-12T07:30:33,0.255
3,90-114,1773272128,2026-03-12T07:35:28,0.255
3,90-114,1773272440,2026-03-12T07:40:40,0.255
3,90-114,1773272728,2026-03-12T07:45:28,0.255
3,90-114,1773273033,2026-03-12T07:50:33,0.255
3,90-114,1773273330,2026-03-12T07:55:30,0.255
3,90-114,1773273651,2026-03-12T08:00:51,0.255
3,90-114,1773273927,2026-03-12T08:05:27,0.255
3,90-114,1773274230,2026-03-12T08:10:30,0.255
3,90-114,1773274530,2026-03-12T08:15:30,0.255
3,90-114,1773274829,2026-03-12T08:20:29,0.255
3,90-114,1773275127,2026-03-12T08:25:27,0.255
3,90-114,1773275435,2026-03-12T08:30:35,0.255
3,90-114,1773275729,2026-03-12T08:35:29,0.255
3,90-114,1773276027,2026-03-12T08:40:27,0.255
3,90-114,1773276330,2026-03-12T08:45:30,0.255
3,90-114,1773276626,2026-03-12T08:50:26,0.255
3,90-114,1773276929,2026-03-12T08:55:29,0.255
3,90-114,1773277234,2026-03-12T09:00:34,0.255
3,90-114,1773277529,2026-03-12T09:05:29,0.255
3,90-114,1773277826,2026-03-12T09:10:26,0.255
3,90-114,1773278129,2026-03-12T09:15:29,0.255
3,90-114,1773278430,2026-03-12T09:20:30,0.255
3,90-114,1773278727,2026-03-12T09:25:27,0.255
3,90-114,1773279031,2026-03-12T09:30:31,0.255
3,90-114,1773279330,2026-03-12T09:35:30,0.255
3,90-114,1773279628,2026-03-12T09:40:28,0.255
3,90-114,1773279927,2026-03-12T09:45:27,0.255
3,90-114,1773280229,2026-03-12T09:50:29,0.255
3,90-114,1773280527,2026-03-12T09:55:27,0.255
3,90-114,1773280834,2026-03-12T10:00:34,0.255
3,90-114,1773281130,2026-03-12T10:05:30,0.255
3,90-114,1773281429,2026-03-12T10:10:29,0.255
3,90-114,1773281731,2026-03-12T10:15:31,0.255
3,90-114,1773282031,2026-03-12T10:20:31,0.255
3,90-114,1773282332,2026-03-12T10:25:32,0.255
3,90-114,1773282635,2026-03-12T10:30:35,0.255
3,90-114,1773282945,2026-03-12T10:35:45,0.255
3,90-114,1773283242,2026-03-12T10:40:42,0.265
3,90-114,1773283531,2026-03-12T10:45:31,0.265
3,90-114,1773283829,2026-03-12T10:50:29,0.265
3,90-114,1773284130,2026-03-12T10:55:30,0.265
3,90-114,1773284448,2026-03-12T11:00:48,0.265
3,90-114,1773284731,2026-03-12T11:05:31,0.265
3,90-114,1773285028,2026-03-12T11:10:28,0.265
3,90-114,1773285328,2026-03-12T11:15:28,0.265
3,90-114,1773285626,2026-03-12T11:20:26,0.265
3,90-114,1773285929,2026-03-12T11:25:29,0.265
3,90-114,1773286242,2026-03-12T11:30:42,0.265
3,90-114,1773286530,2026-03-12T11:35:30,0.265
3,90-114,1773286830,2026-03-12T11:40:30,0.265
3,90-114,1773287138,2026-03-12T11:45:38,0.265
3,90-114,1773287426,2026-03-12T11:50:26,0.265
3,90-114,1773287728,2026-03-12T11:55:28,0.265
3,90-114,1773288034,2026-03-12T12:00:34,0.265
3,90-114,1773288328,2026-03-12T12:05:28,0.265
3,90-114,1773288630,2026-03-12T12:10:30,0.26
3,90-114,1773288929,2026-03-12T12:15:29,0.255
3,90-114,1773289229,2026-03-12T12:20:29,0.245
3,90-114,1773289528,2026-03-12T12:25:28,0.245
3,90-114,1773289833,2026-03-12T12:30:33,0.245
3,90-114,1773290131,2026-03-12T12:35:31,0.245
3,90-114,1773290427,2026-03-12T12:40:27,0.245
3,90-114,1773290727,2026-03-12T12:45:27,0.245
3,90-114,1773291036,2026-03-12T12:50:36,0.245
3,90-114,1773291327,2026-03-12T12:55:27,0.245
3,90-114,1773291640,2026-03-12T13:00:40,0.245
3,90-114,1773291928,2026-03-12T13:05:28,0.245
3,90-114,1773292227,2026-03-12T13:10:27,0.235
3,90-114,1773292529,2026-03-12T13:15:29,0.235
3,90-114,1773292828,2026-03-12T13:20:28,0.235
3,90-114,1773293130,2026-03-12T13:25:30,0.235
3,90-114,1773293434,2026-03-12T13:30:34,0.235
3,90-114,1773293730,2026-03-12T13:35:30,0.235
3,90-114,1773294028,2026-03-12T13:40:28,0.235
3,90-114,1773294327,2026-03-12T13:45:27,0.225
3,90-114,1773294629,2026-03-12T13:50:29,0.26
3,90-114,1773294927,2026-03-12T13:55:27,0.255
3,90-114,1773295249,2026-03-12T14:00:49,0.24
3,90-114,1773295527,2026-03-12T14:05:27,0.24
3,90-114,1773295828,2026-03-12T14:10:28,0.24
3,90-114,1773296128,2026-03-12T14:15:28,0.24
3,90-114,1773296429,2026-03-12T14:20:29,0.265
3,90-114,1773296728,2026-03-12T14:25:28,0.265
3,90-114,1773297032,2026-03-12T14:30:32,0.26
3,90-114,1773297336,2026-03-12T14:35:36,0.26
3,90-114,1773297627,2026-03-12T14:40:27,0.26
3,90-114,1773297930,2026-03-12T14:45:30,0.255
3,90-114,1773298226,2026-03-12T14:50:26,0.26
3,90-114,1773298529,2026-03-12T14:55:29,0.26
3,90-114,1773298837,2026-03-12T15:00:37,0.26
3,90-114,1773299129,2026-03-12T15:05:29,0.26
3,90-114,1773299427,2026-03-12T15:10:27,0.26
3,90-114,1773299731,2026-03-12T15:15:31,0.26
3,90-114,1773300027,2026-03-12T15:20:27,0.26
3,90-114,1773300328,2026-03-12T15:25:28,0.265
3,90-114,1773300633,2026-03-12T15:30:33,0.265
3,90-114,1773300927,2026-03-12T15:35:27,0.265
3,90-114,1773301230,2026-03-12T15:40:30,0.265
3,90-114,1773301528,2026-03-12T15:45:28,0.27
3,90-114,1773301829,2026-03-12T15:50:29,0.26
3,90-114,1773302126,2026-03-12T15:55:26,0.26
3,90-114,1773302437,2026-03-12T16:00:37,0.26
3,90-114,1773302729,2026-03-12T16:05:29,0.26
3,90-114,1773303027,2026-03-12T16:10:27,0.26
3,90-114,1773303329,2026-03-12T16:15:29,0.26
3,90-114,1773303627,2026-03-12T16:20:27,0.26
3,90-114,1773303936,2026-03-12T16:25:36,0.26
3,90-114,1773304232,2026-03-12T16:30:32,0.26
3,90-114,1773304527,2026-03-12T16:35:27,0.26
3,90-114,1773304836,2026-03-12T16:40:36,0.255
3,90-114,1773305127,2026-03-12T16:45:27,0.255
3,90-114,1773305430,2026-03-12T16:50:30,0.255
3,90-114,1773305737,2026-03-12T16:55:37,0.255
3,90-114,1773306045,2026-03-12T17:00:45,0.255
3,90-114,1773306328,2026-03-12T17:05:28,0.255
3,90-114,1773306627,2026-03-12T17:10:27,0.255
3,90-114,1773306927,2026-03-12T17:15:27,0.255
3,90-114,1773307226,2026-03-12T17:20:26,0.255
3,90-114,1773307528,2026-03-12T17:25:28,0.255
3,90-114,1773307834,2026-03-12T17:30:34,0.26
3,90-114,1773308129,2026-03-12T17:35:29,0.26
3,90-114,1773308426,2026-03-12T17:40:26,0.255
3,90-114,1773308729,2026-03-12T17:45:29,0.26
3,90-114,1773309027,2026-03-12T17:50:27,0.26
3,90-114,1773309329,2026-03-12T17:55:29,0.26
3,90-114,1773309930,2026-03-12T18:05:30,0.275
3,90-114,1773310230,2026-03-12T18:10:30,0.255
3,90-114,1773310530,2026-03-12T18:15:30,0.255
3,90-114,1773310830,2026-03-12T18:20:30,0.265
3,90-114,1773311132,2026-03-12T18:25:32,0.265
3,90-114,1773311436,2026-03-12T18:30:36,0.26
3,90-114,1773311727,2026-03-12T18:35:27,0.26
3,90-114,1773312030,2026-03-12T18:40:30,0.26
3,90-114,1773312329,2026-03-12T18:45:29,0.26
3,90-114,1773312631,2026-03-12T18:50:31,0.26
3,90-114,1773312930,2026-03-12T18:55:30,0.255
3,90-114,1773313234,2026-03-12T19:00:34,0.26
3,90-114,1773313526,2026-03-12T19:05:26,0.26
3,90-114,1773313839,2026-03-12T19:10:39,0.26
3,90-114,1773314126,2026-03-12T19:15:26,0.26
3,90-114,1773314426,2026-03-12T19:20:26,0.26
3,90-114,1773314728,2026-03-12T19:25:28,0.26
3,90-114,1773315035,2026-03-12T19:30:35,0.26
3,90-114,1773315328,2026-03-12T19:35:28,0.26
3,90-114,1773315629,2026-03-12T19:40:29,0.26
3,90-114,1773315929,2026-03-12T19:45:29,0.255
3,90-114,1773316228,2026-03-12T19:50:28,0.265
3,90-114,1773316527,2026-03-12T19:55:27,0.265
3,90-114,1773317130,2026-03-12T20:05:30,0.265
3,90-114,1773317436,2026-03-12T20:10:36,0.265
3,90-114,1773317730,2026-03-12T20:15:30,0.265
3,90-114,1773318026,2026-03-12T20:20:26,0.265
3,90-114,1773318331,2026-03-12T20:25:31,0.265
3,90-114,1773318656,2026-03-12T20:30:56,0.275
3,90-114,1773318928,2026-03-12T20:35:28,0.275
3,90-114,1773319240,2026-03-12T20:40:40,0.275
3,90-114,1773319527,2026-03-12T20:45:27,0.275
3,90-114,1773319826,2026-03-12T20:50:26,0.275
3,90-114,1773320126,2026-03-12T20:55:26,0.275
3,90-114,1773320454,2026-03-12T21:00:54,0.275
3,90-114,1773320729,2026-03-12T21:05:29,0.275
3,90-114,1773321030,2026-03-12T21:10:30,0.275
3,90-114,1773321330,2026-03-12T21:15:30,0.275
3,90-114,1773321629,2026-03-12T21:20:29,0.28
3,90-114,1773321926,2026-03-12T21:25:26,0.28
3,90-114,1773322235,2026-03-12T21:30:35,0.28
3,90-114,1773322530,2026-03-12T21:35:30,0.28
3,90-114,1773322830,2026-03-12T21:40:30,0.275
3,90-114,1773323136,2026-03-12T21:45:36,0.275
3,90-114,1773323430,2026-03-12T21:50:30,0.275
3,90-114,1773323731,2026-03-12T21:55:31,0.275
3,90-114,1773324038,2026-03-12T22:00:38,0.275
3,90-114,1773324329,2026-03-12T22:05:29,0.28
3,90-114,1773324632,2026-03-12T22:10:32,0.28
3,90-114,1773324930,2026-03-12T22:15:30,0.28
3,90-114,1773325230,2026-03-12T22:20:30,0.28
3,90-114,1773325529,2026-03-12T22:25:29,0.275
3,90-114,1773325835,2026-03-12T22:30:35,0.275
3,90-114,1773326109,2026-03-12T22:35:09,0.275
3,90-114,1773326435,2026-03-12T22:40:35,0.275
3,90-114,1773326732,2026-03-12T22:45:32,0.27
3,90-114,1773327028,2026-03-12T22:50:28,0.265
3,90-114,1773327328,2026-03-12T22:55:28,0.265
3,90-114,1773327650,2026-03-12T23:00:50,0.265
3,90-114,1773327929,2026-03-12T23:05:29,0.265
3,90-114,1773328236,2026-03-12T23:10:36,0.275
3,90-114,1773328529,2026-03-12T23:15:29,0.275
3,90-114,1773328831,2026-03-12T23:20:31,0.275
3,90-114,1773329131,2026-03-12T23:25:31,0.275
3,90-114,1773329436,2026-03-12T23:30:36,0.275
3,90-114,1773329729,2026-03-12T23:35:29,0.275
3,90-114,1773330030,2026-03-12T23:40:30,0.28
3,90-114,1773330330,2026-03-12T23:45:30,0.275
3,90-114,1773330630,2026-03-12T23:50:30,0.28
3,90-114,1773330928,2026-03-12T23:55:28,0.28
3,90-114,1773331237,2026-03-13T00:00:37,0.27
3,90-114,1773331533,2026-03-13T00:05:33,0.265
3,90-114,1773331832,2026-03-13T00:10:32,0.265
3,90-114,1773332131,2026-03-13T00:15:31,0.26
3,90-114,1773332431,2026-03-13T00:20:31,0.26
3,90-114,1773332731,2026-03-13T00:25:31,0.265
3,90-114,1773333032,2026-03-13T00:30:32,0.255
3,90-114,1773333327,2026-03-13T00:35:27,0.255
3,90-114,1773333641,2026-03-13T00:40:41,0.255
3,90-114,1773333931,2026-03-13T00:45:31,0.255
3,90-114,1773334233,2026-03-13T00:50:33,0.255
3,90-114,1773334531,2026-03-13T00:55:31,0.255
3,90-114,1773335130,2026-03-13T01:05:30,0.255
3,90-114,1773335431,2026-03-13T01:10:31,0.255
3,90-114,1773335732,2026-03-13T01:15:32,0.255
3,90-114,1773336032,2026-03-13T01:20:32,0.255
3,90-114,1773336336,2026-03-13T01:25:36,0.255
3,90-114,1773336651,2026-03-13T01:30:51,0.255
3,90-114,1773336937,2026-03-13T01:35:37,0.255
3,90-114,1773337232,2026-03-13T01:40:32,0.255
3,90-114,1773337532,2026-03-13T01:45:32,0.265
3,90-114,1773337833,2026-03-13T01:50:33,0.265
3,90-114,1773338131,2026-03-13T01:55:31,0.265
3,90-114,1773338459,2026-03-13T02:00:59,0.265
3,90-114,1773338732,2026-03-13T02:05:32,0.265
3,90-114,1773339029,2026-03-13T02:10:29,0.265
3,90-114,1773339333,2026-03-13T02:15:33,0.265
3,90-114,1773339632,2026-03-13T02:20:32,0.265
3,90-114,1773339928,2026-03-13T02:25:28,0.27
3,90-114,1773340234,2026-03-13T02:30:34,0.265
3,90-114,1773340531,2026-03-13T02:35:31,0.245
3,90-114,1773340831,2026-03-13T02:40:31,0.245
3,90-114,1773341132,2026-03-13T02:45:32,0.245
3,90-114,1773341428,2026-03-13T02:50:28,0.24
3,90-114,1773341730,2026-03-13T02:55:30,0.24
3,90-114,1773342033,2026-03-13T03:00:33,0.24
3,90-114,1773342339,2026-03-13T03:05:39,0.225
3,90-114,1773342632,2026-03-13T03:10:32,0.225
3,90-114,1773342932,2026-03-13T03:15:32,0.225
3,90-114,1773343233,2026-03-13T03:20:33,0.225
3,90-114,1773343530,2026-03-13T03:25:30,0.225
3,90-114,1773343834,2026-03-13T03:30:34,0.225
3,90-114,1773344133,2026-03-13T03:35:33,0.225
3,90-114,1773344431,2026-03-13T03:40:31,0.225
3,90-114,1773344732,2026-03-13T03:45:32,0.23
3,90-114,1773345038,2026-03-13T03:50:38,0.235
3,90-114,1773345330,2026-03-13T03:55:30,0.245
3,90-114,1773345640,2026-03-13T04:00:40,0.235
3,90-114,1773345932,2026-03-13T04:05:32,0.235
3,90-114,1773346228,2026-03-13T04:10:28,0.235
3,90-114,1773346531,2026-03-13T04:15:31,0.235
3,90-114,1773346830,2026-03-13T04:20:30,0.235
3,90-114,1773347130,2026-03-13T04:25:30,0.235
3,90-114,1773347435,2026-03-13T04:30:35,0.235
3,90-114,1773347734,2026-03-13T04:35:34,0.235
3,90-114,1773348030,2026-03-13T04:40:30,0.235
3,90-114,1773348330,2026-03-13T04:45:30,0.235
3,90-114,1773348629,2026-03-13T04:50:29,0.235
3,90-114,1773348931,2026-03-13T04:55:31,0.24
3,90-114,1773349250,2026-03-13T05:00:50,0.24
3,90-114,1773349530,2026-03-13T05:05:30,0.24
3,90-114,1773349830,2026-03-13T05:10:30,0.255
3,90-114,1773350132,2026-03-13T05:15:32,0.255
3,90-114,1773350432,2026-03-13T05:20:32,0.25
3,90-114,1773350734,2026-03-13T05:25:34,0.25
3,90-114,1773351036,2026-03-13T05:30:36,0.245
3,90-114,1773351327,2026-03-13T05:35:27,0.245
3,90-114,1773351628,2026-03-13T05:40:28,0.25
3,90-114,1773351931,2026-03-13T05:45:31,0.245
3,90-114,1773352241,2026-03-13T05:50:41,0.245
3,90-114,1773352531,2026-03-13T05:55:31,0.245
3,90-114,1773352836,2026-03-13T06:00:36,0.25
3,90-114,1773353131,2026-03-13T06:05:31,0.25
3,90-114,1773353432,2026-03-13T06:10:32,0.25
3,90-114,1773353732,2026-03-13T06:15:32,0.255
3,90-114,1773354034,2026-03-13T06:20:34,0.255
3,90-114,1773354333,2026-03-13T06:25:33,0.255
3,90-114,1773354635,2026-03-13T06:30:35,0.255
3,90-114,1773354930,2026-03-13T06:35:30,0.255
3,90-114,1773355228,2026-03-13T06:40:28,0.26
3,90-114,1773355531,2026-03-13T06:45:31,0.265
3,90-114,1773355830,2026-03-13T06:50:30,0.265
3,90-114,1773356130,2026-03-13T06:55:30,0.265
3,90-114,1773356442,2026-03-13T07:00:42,0.265
3,90-114,1773356732,2026-03-13T07:05:32,0.25
3,90-114,1773357030,2026-03-13T07:10:30,0.25
3,90-114,1773357332,2026-03-13T07:15:32,0.25
3,90-114,1773357630,2026-03-13T07:20:30,0.25
3,90-114,1773357928,2026-03-13T07:25:28,0.25
3,90-114,1773358237,2026-03-13T07:30:37,0.25
3,90-114,1773358530,2026-03-13T07:35:30,0.255
3,90-114,1773358833,2026-03-13T07:40:33,0.25
3,90-114,1773359129,2026-03-13T07:45:29,0.25
3,90-114,1773359431,2026-03-13T07:50:31,0.255
3,90-114,1773359733,2026-03-13T07:55:33,0.255
3,90-114,1773360330,2026-03-13T08:05:30,0.255
3,90-114,1773360631,2026-03-13T08:10:31,0.255
3,90-114,1773360931,2026-03-13T08:15:31,0.245
3,90-114,1773361231,2026-03-13T08:20:31,0.245
3,90-114,1773361531,2026-03-13T08:25:31,0.245
3,90-114,1773361837,2026-03-13T08:30:37,0.245
3,90-114,1773362131,2026-03-13T08:35:31,0.245
3,90-114,1773362428,2026-03-13T08:40:28,0.245
3,90-114,1773362729,2026-03-13T08:45:29,0.245
3,90-114,1773363032,2026-03-13T08:50:32,0.245
3,90-114,1773363329,2026-03-13T08:55:29,0.245
3,90-114,1773363638,2026-03-13T09:00:38,0.245
3,90-114,1773363929,2026-03-13T09:05:29,0.24
3,90-114,1773364229,2026-03-13T09:10:29,0.24
3,90-114,1773364532,2026-03-13T09:15:32,0.24
3,90-114,1773364830,2026-03-13T09:20:30,0.24
3,90-114,1773365136,2026-03-13T09:25:36,0.235
3,90-114,1773365432,2026-03-13T09:30:32,0.235
3,90-114,1773365728,2026-03-13T09:35:28,0.235
3,90-114,1773366029,2026-03-13T09:40:29,0.235
3,90-114,1773366331,2026-03-13T09:45:31,0.235
3,90-114,1773366639,2026-03-13T09:50:39,0.235
3,90-114,1773366931,2026-03-13T09:55:31,0.235
3,90-114,1773367237,2026-03-13T10:00:37,0.235
3,90-114,1773367543,2026-03-13T10:05:43,0.23
3,90-114,1773367830,2026-03-13T10:10:30,0.235
3,90-114,1773368130,2026-03-13T10:15:30,0.23
3,90-114,1773368434,2026-03-13T10:20:34,0.23
3,90-114,1773368738,2026-03-13T10:25:38,0.225
3,90-114,1773369038,2026-03-13T10:30:38,0.225
3,90-114,1773369332,2026-03-13T10:35:32,0.225
3,90-114,1773369630,2026-03-13T10:40:30,0.225
3,90-114,1773369931,2026-03-13T10:45:31,0.22
3,90-114,1773370230,2026-03-13T10:50:30,0.215
3,90-114,1773370533,2026-03-13T10:55:33,0.215
3,90-114,1773370848,2026-03-13T11:00:48,0.23
3,90-114,1773371130,2026-03-13T11:05:30,0.235
3,90-114,1773371429,2026-03-13T11:10:29,0.23
3,90-114,1773371729,2026-03-13T11:15:29,0.23
3,90-114,1773372029,2026-03-13T11:20:29,0.23
3,90-114,1773372329,2026-03-13T11:25:29,0.23
3,90-114,1773372634,2026-03-13T11:30:34,0.23
3,90-114,1773372928,2026-03-13T11:35:28,0.23
3,90-114,1773373230,2026-03-13T11:40:30,0.23
3,90-114,1773373532,2026-03-13T11:45:32,0.215
3,90-114,1773373830,2026-03-13T11:50:30,0.215
3,90-114,1773374127,2026-03-13T11:55:27,0.21
3,90-114,1773374437,2026-03-13T12:00:37,0.2
3,90-114,1773374731,2026-03-13T12:05:31,0.195
3,90-114,1773375030,2026-03-13T12:10:30,0.19
3,90-114,1773375328,2026-03-13T12:15:28,0.185
3,90-114,1773375627,2026-03-13T12:20:27,0.2
3,90-114,1773375931,2026-03-13T12:25:31,0.19
3,90-114,1773376231,2026-03-13T12:30:31,0.19
3,90-114,1773376529,2026-03-13T12:35:29,0.175
3,90-114,1773376830,2026-03-13T12:40:30,0.18
3,90-114,1773377128,2026-03-13T12:45:28,0.18
3,90-114,1773377437,2026-03-13T12:50:37,0.17
3,90-114,1773377728,2026-03-13T12:55:28,0.17
3,90-114,1773378033,2026-03-13T13:00:33,0.18
3,90-114,1773378328,2026-03-13T13:05:28,0.18
3,90-114,1773378650,2026-03-13T13:10:50,0.19
3,90-114,1773378941,2026-03-13T13:15:41,0.19
3,90-114,1773379231,2026-03-13T13:20:31,0.19
3,90-114,1773379533,2026-03-13T13:25:33,0.21
3,90-114,1773379837,2026-03-13T13:30:37,0.21
3,90-114,1773380129,2026-03-13T13:35:29,0.205
3,90-114,1773380430,2026-03-13T13:40:30,0.205
3,90-114,1773380733,2026-03-13T13:45:33,0.215
3,90-114,1773381032,2026-03-13T13:50:32,0.2
3,90-114,1773381329,2026-03-13T13:55:29,0.195
3,90-114,1773381651,2026-03-13T14:00:51,0.19
3,90-114,1773381928,2026-03-13T14:05:28,0.185
3,90-114,1773382227,2026-03-13T14:10:27,0.185
3,90-114,1773382541,2026-03-13T14:15:41,0.175
3,90-114,1773382831,2026-03-13T14:20:31,0.185
3,90-114,1773383129,2026-03-13T14:25:29,0.24
3,90-114,1773383436,2026-03-13T14:30:36,0.235
3,90-114,1773383740,2026-03-13T14:35:40,0.25
3,90-114,1773384027,2026-03-13T14:40:27,0.265
3,90-114,1773384330,2026-03-13T14:45:30,0.275
3,90-114,1773384632,2026-03-13T14:50:32,0.275
3,90-114,1773384927,2026-03-13T14:55:27,0.275
3,90-114,1773385243,2026-03-13T15:00:43,0.265
3,90-114,1773385527,2026-03-13T15:05:27,0.26
3,90-114,1773385831,2026-03-13T15:10:31,0.255
3,90-114,1773386133,2026-03-13T15:15:33,0.265
3,90-114,1773386429,2026-03-13T15:20:29,0.265
3,90-114,1773386726,2026-03-13T15:25:26,0.265
3,90-114,1773387036,2026-03-13T15:30:36,0.275
3,90-114,1773387330,2026-03-13T15:35:30,0.27
3,90-114,1773387633,2026-03-13T15:40:33,0.255
3,90-114,1773387928,2026-03-13T15:45:28,0.25
3,90-114,1773388232,2026-03-13T15:50:32,0.25
3,90-114,1773388531,2026-03-13T15:55:31,0.245
3,90-114,1773388834,2026-03-13T16:00:34,0.255
3,90-114,1773389132,2026-03-13T16:05:32,0.245
3,90-114,1773389435,2026-03-13T16:10:35,0.245
3,90-114,1773389730,2026-03-13T16:15:30,0.245
3,90-114,1773390029,2026-03-13T16:20:29,0.255
3,90-114,1773390329,2026-03-13T16:25:29,0.25
3,90-114,1773390635,2026-03-13T16:30:35,0.25
3,90-114,1773390933,2026-03-13T16:35:33,0.25
3,90-114,1773391227,2026-03-13T16:40:27,0.25
3,90-114,1773391530,2026-03-13T16:45:30,0.25
3,90-114,1773391829,2026-03-13T16:50:29,0.25
3,90-114,1773392129,2026-03-13T16:55:29,0.25
3,90-114,1773392450,2026-03-13T17:00:50,0.25
3,90-114,1773392730,2026-03-13T17:05:30,0.24
3,90-114,1773393027,2026-03-13T17:10:27,0.24
3,90-114,1773393330,2026-03-13T17:15:30,0.24
3,90-114,1773393627,2026-03-13T17:20:27,0.24
3,90-114,1773393930,2026-03-13T17:25:30,0.24
3,90-114,1773394231,2026-03-13T17:30:31,0.24
3,90-114,1773394531,2026-03-13T17:35:31,0.235
3,90-114,1773394834,2026-03-13T17:40:34,0.235
3,90-114,1773395130,2026-03-13T17:45:30,0.235
3,90-114,1773395430,2026-03-13T17:50:30,0.235
3,90-114,1773395728,2026-03-13T17:55:28,0.24
3,90-114,1773396035,2026-03-13T18:00:35,0.235
3,90-114,1773396332,2026-03-13T18:05:32,0.23
3,90-114,1773396630,2026-03-13T18:10:30,0.23
3,90-114,1773396932,2026-03-13T18:15:32,0.23
3,90-114,1773397524,2026-03-13T18:25:24,0.23
3,90-114,1773397840,2026-03-13T18:30:40,0.23
3,90-114,1773398127,2026-03-13T18:35:27,0.225
3,90-114,1773398426,2026-03-13T18:40:26,0.225
3,90-114,1773398736,2026-03-13T18:45:36,0.225
3,90-114,1773399026,2026-03-13T18:50:26,0.225
3,90-114,1773399324,2026-03-13T18:55:24,0.225
3,90-114,1773399633,2026-03-13T19:00:33,0.225
3,90-114,1773399925,2026-03-13T19:05:25,0.225
3,90-114,1773400225,2026-03-13T19:10:25,0.225
3,90-114,1773400527,2026-03-13T19:15:27,0.225
3,90-114,1773400826,2026-03-13T19:20:26,0.225
3,90-114,1773401127,2026-03-13T19:25:27,0.225
3,90-114,1773401428,2026-03-13T19:30:28,0.225
3,90-114,1773401724,2026-03-13T19:35:24,0.225
3,90-114,1773402025,2026-03-13T19:40:25,0.225
3,90-114,1773402328,2026-03-13T19:45:28,0.225
3,90-114,1773402630,2026-03-13T19:50:30,0.235
3,90-114,1773402928,2026-03-13T19:55:28,0.23
3,90-114,1773403242,2026-03-13T20:00:42,0.23
3,90-114,1773403526,2026-03-13T20:05:26,0.23
3,90-114,1773403836,2026-03-13T20:10:36,0.24
3,90-114,1773404129,2026-03-13T20:15:29,0.285
3,90-114,1773404426,2026-03-13T20:20:26,0.305
3,90-114,1773404725,2026-03-13T20:25:25,0.315
3,90-114,1773405043,2026-03-13T20:30:43,0.32
3,90-114,1773405327,2026-03-13T20:35:27,0.315
3,90-114,1773405628,2026-03-13T20:40:28,0.3
3,90-114,1773405927,2026-03-13T20:45:27,0.295
3,90-114,1773406226,2026-03-13T20:50:26,0.365
3,90-114,1773406526,2026-03-13T20:55:26,0.34
3,90-114,1773406831,2026-03-13T21:00:31,0.35
3,90-114,1773407141,2026-03-13T21:05:41,0.35
3,90-114,1773407428,2026-03-13T21:10:28,0.35
3,90-114,1773407740,2026-03-13T21:15:40,0.38
3,90-114,1773408027,2026-03-13T21:20:27,0.345
3,90-114,1773408326,2026-03-13T21:25:26,0.355
3,90-114,1773408630,2026-03-13T21:30:30,0.355
3,90-114,1773408930,2026-03-13T21:35:30,0.36
3,90-114,1773409225,2026-03-13T21:40:25,0.36
3,90-114,1773409525,2026-03-13T21:45:25,0.37
3,90-114,1773409826,2026-03-13T21:50:26,0.365
3,90-114,1773410127,2026-03-13T21:55:27,0.345
3,90-114,1773410435,2026-03-13T22:00:35,0.345
3,90-114,1773410728,2026-03-13T22:05:28,0.345
3,90-114,1773411028,2026-03-13T22:10:28,0.345
3,90-114,1773411327,2026-03-13T22:15:27,0.34
3,90-114,1773411625,2026-03-13T22:20:25,0.34
3,90-114,1773411926,2026-03-13T22:25:26,0.35
3,90-114,1773412229,2026-03-13T22:30:29,0.36
3,90-114,1773412526,2026-03-13T22:35:26,0.365
3,90-114,1773412826,2026-03-13T22:40:26,0.365
3,90-114,1773413125,2026-03-13T22:45:25,0.365
3,90-114,1773413424,2026-03-13T22:50:24,0.37
3,90-114,1773413726,2026-03-13T22:55:26,0.38
3,90-114,1773414043,2026-03-13T23:00:43,0.375
3,90-114,1773414328,2026-03-13T23:05:28,0.385
3,90-114,1773414625,2026-03-13T23:10:25,0.395
3,90-114,1773414927,2026-03-13T23:15:27,0.395
3,90-114,1773415228,2026-03-13T23:20:28,0.395
3,90-114,1773415526,2026-03-13T23:25:26,0.39
3,90-114,1773415829,2026-03-13T23:30:29,0.375
3,90-114,1773416125,2026-03-13T23:35:25,0.4
3,90-114,1773416428,2026-03-13T23:40:28,0.4
3,90-114,1773416726,2026-03-13T23:45:26,0.41
3,90-114,1773417031,2026-03-13T23:50:31,0.415
3,90-114,1773417327,2026-03-13T23:55:27,0.425
3,90-114,1773417641,2026-03-14T00:00:41,0.43
3,90-114,1773417928,2026-03-14T00:05:28,0.46
3,90-114,1773418226,2026-03-14T00:10:26,0.465
3,90-114,1773418525,2026-03-14T00:15:25,0.465
3,90-114,1773418826,2026-03-14T00:20:26,0.47
3,90-114,1773419127,2026-03-14T00:25:27,0.47
3,90-114,1773419429,2026-03-14T00:30:29,0.475
3,90-114,1773419725,2026-03-14T00:35:25,0.5
3,90-114,1773420027,2026-03-14T00:40:27,0.5
3,90-114,1773420327,2026-03-14T00:45:27,0.5
3,90-114,1773420626,2026-03-14T00:50:26,0.5
3,90-114,1773420924,2026-03-14T00:55:24,0.495
3,90-114,1773421229,2026-03-14T01:00:29,0.495
3,90-114,1773421529,2026-03-14T01:05:29,0.5
3,90-114,1773421826,2026-03-14T01:10:26,0.5
3,90-114,1773422132,2026-03-14T01:15:32,0.49
3,90-114,1773422428,2026-03-14T01:20:28,0.49
3,90-114,1773422726,2026-03-14T01:25:26,0.49
3,90-114,1773423030,2026-03-14T01:30:30,0.485
3,90-114,1773423326,2026-03-14T01:35:26,0.48
3,90-114,1773423627,2026-03-14T01:40:27,0.48
3,90-114,1773423928,2026-03-14T01:45:28,0.495
3,90-114,1773424225,2026-03-14T01:50:25,0.495
3,90-114,1773424526,2026-03-14T01:55:26,0.5
3,90-114,1773424840,2026-03-14T02:00:40,0.5
3,90-114,1773425127,2026-03-14T02:05:27,0.5
3,90-114,1773425428,2026-03-14T02:10:28,0.5
3,90-114,1773425727,2026-03-14T02:15:27,0.505
3,90-114,1773426026,2026-03-14T02:20:26,0.495
3,90-114,1773426327,2026-03-14T02:25:27,0.495
3,90-114,1773426627,2026-03-14T02:30:27,0.495
3,90-114,1773426924,2026-03-14T02:35:24,0.51
3,90-114,1773427226,2026-03-14T02:40:26,0.525
3,90-114,1773427527,2026-03-14T02:45:27,0.52
3,90-114,1773427824,2026-03-14T02:50:24,0.515
3,90-114,1773428127,2026-03-14T02:55:27,0.52
3,90-114,1773428436,2026-03-14T03:00:36,0.53
3,90-114,1773428724,2026-03-14T03:05:24,0.53
3,90-114,1773429025,2026-03-14T03:10:25,0.51
3,90-114,1773429326,2026-03-14T03:15:26,0.52
3,90-114,1773429626,2026-03-14T03:20:26,0.52
3,90-114,1773429932,2026-03-14T03:25:32,0.52
3,90-114,1773430234,2026-03-14T03:30:34,0.51
3,90-114,1773430526,2026-03-14T03:35:26,0.505
3,90-114,1773430825,2026-03-14T03:40:25,0.51
3,90-114,1773431128,2026-03-14T03:45:28,0.51
3,90-114,1773431430,2026-03-14T03:50:30,0.51
3,90-114,1773431727,2026-03-14T03:55:27,0.52
3,90-114,1773432029,2026-03-14T04:00:29,0.53
3,90-114,1773432327,2026-03-14T04:05:27,0.5
3,90-114,1773432624,2026-03-14T04:10:24,0.51
3,90-114,1773432942,2026-03-14T04:15:42,0.515
3,90-114,1773433239,2026-03-14T04:20:39,0.525
3,90-114,1773433523,2026-03-14T04:25:23,0.525
3,90-114,1773433829,2026-03-14T04:30:29,0.525
3,90-114,1773434124,2026-03-14T04:35:24,0.54
3,90-114,1773434430,2026-03-14T04:40:30,0.535
3,90-114,1773434728,2026-03-14T04:45:28,0.535
3,90-114,1773435026,2026-03-14T04:50:26,0.535
3,90-114,1773435326,2026-03-14T04:55:26,0.54
3,90-114,1773435648,2026-03-14T05:00:48,0.54
3,90-114,1773435925,2026-03-14T05:05:25,0.535
3,90-114,1773436225,2026-03-14T05:10:25,0.54
3,90-114,1773436528,2026-03-14T05:15:28,0.59
3,90-114,1773436823,2026-03-14T05:20:23,0.58
3,90-114,1773437124,2026-03-14T05:25:24,0.57
3,90-114,1773437426,2026-03-14T05:30:26,0.57
3,90-114,1773437726,2026-03-14T05:35:26,0.57
3,90-114,1773438024,2026-03-14T05:40:24,0.57
3,90-114,1773438327,2026-03-14T05:45:27,0.575
3,90-114,1773438626,2026-03-14T05:50:26,0.585
3,90-114,1773438939,2026-03-14T05:55:39,0.575
3,90-114,1773439233,2026-03-14T06:00:33,0.575
3,90-114,1773439524,2026-03-14T06:05:24,0.575
3,90-114,1773439825,2026-03-14T06:10:25,0.585
3,90-114,1773440132,2026-03-14T06:15:32,0.61
3,90-114,1773440424,2026-03-14T06:20:24,0.59
3,90-114,1773440725,2026-03-14T06:25:25,0.575
3,90-114,1773441028,2026-03-14T06:30:28,0.575
3,90-114,1773441328,2026-03-14T06:35:28,0.575
3,90-114,1773441628,2026-03-14T06:40:28,0.575
3,90-114,1773441926,2026-03-14T06:45:26,0.57
3,90-114,1773442228,2026-03-14T06:50:28,0.57
3,90-114,1773442540,2026-03-14T06:55:40,0.58
3,90-114,1773442827,2026-03-14T07:00:27,0.58
3,90-114,1773443129,2026-03-14T07:05:29,0.585
3,90-114,1773443426,2026-03-14T07:10:26,0.575
3,90-114,1773443726,2026-03-14T07:15:26,0.575
3,90-114,1773444026,2026-03-14T07:20:26,0.58
3,90-114,1773444325,2026-03-14T07:25:25,0.575
3,90-114,1773444631,2026-03-14T07:30:31,0.57
3,90-114,1773444929,2026-03-14T07:35:29,0.58
3,90-114,1773445225,2026-03-14T07:40:25,0.565
3,90-114,1773445529,2026-03-14T07:45:29,0.565
3,90-114,1773445827,2026-03-14T07:50:27,0.57
3,90-114,1773446124,2026-03-14T07:55:24,0.57
3,90-114,1773446441,2026-03-14T08:00:41,0.57
3,90-114,1773446731,2026-03-14T08:05:31,0.575
3,90-114,1773447040,2026-03-14T08:10:40,0.575
3,90-114,1773447326,2026-03-14T08:15:26,0.585
3,90-114,1773447628,2026-03-14T08:20:28,0.585
3,90-114,1773447931,2026-03-14T08:25:31,0.585
3,90-114,1773448228,2026-03-14T08:30:28,0.595
3,90-114,1773448530,2026-03-14T08:35:30,0.6
3,90-114,1773448854,2026-03-14T08:40:54,0.6
3,90-114,1773449125,2026-03-14T08:45:25,0.595
3,90-114,1773449425,2026-03-14T08:50:25,0.6
3,90-114,1773449726,2026-03-14T08:55:26,0.6
3,90-114,1773450028,2026-03-14T09:00:28,0.6
3,90-114,1773450326,2026-03-14T09:05:26,0.595
3,90-114,1773450626,2026-03-14T09:10:26,0.595
3,90-114,1773450924,2026-03-14T09:15:24,0.6
3,90-114,1773451224,2026-03-14T09:20:24,0.605
3,90-114,1773451523,2026-03-14T09:25:23,0.61
3,90-114,1773451838,2026-03-14T09:30:38,0.605
3,90-114,1773452124,2026-03-14T09:35:24,0.61
3,90-114,1773452425,2026-03-14T09:40:25,0.605
3,90-114,1773452726,2026-03-14T09:45:26,0.605
3,90-114,1773453027,2026-03-14T09:50:27,0.605
3,90-114,1773453325,2026-03-14T09:55:25,0.61
3,90-114,1773453628,2026-03-14T10:00:28,0.61
3,90-114,1773453924,2026-03-14T10:05:24,0.605
3,90-114,1773454225,2026-03-14T10:10:25,0.6
3,90-114,1773454524,2026-03-14T10:15:24,0.6
3,90-114,1773454826,2026-03-14T10:20:26,0.6
3,90-114,1773455127,2026-03-14T10:25:27,0.6
3,90-114,1773455431,2026-03-14T10:30:31,0.615
3,90-114,1773455738,2026-03-14T10:35:38,0.615
3,90-114,1773456025,2026-03-14T10:40:25,0.615
3,90-114,1773456325,2026-03-14T10:45:25,0.615
3,90-114,1773456624,2026-03-14T10:50:24,0.615
3,90-114,1773456925,2026-03-14T10:55:25,0.615
3,90-114,1773457242,2026-03-14T11:00:42,0.605
3,90-114,1773457526,2026-03-14T11:05:26,0.61
3,90-114,1773457825,2026-03-14T11:10:25,0.615
3,90-114,1773458125,2026-03-14T11:15:25,0.615
3,90-114,1773458428,2026-03-14T11:20:28,0.615
3,90-114,1773458729,2026-03-14T11:25:29,0.615
3,90-114,1773459031,2026-03-14T11:30:31,0.615
3,90-114,1773459329,2026-03-14T11:35:29,0.62
3,90-114,1773459629,2026-03-14T11:40:29,0.61
3,90-114,1773459924,2026-03-14T11:45:24,0.61
3,90-114,1773460227,2026-03-14T11:50:27,0.63
3,90-114,1773460527,2026-03-14T11:55:27,0.625
3,90-114,1773460827,2026-03-14T12:00:27,0.63
3,90-114,1773461126,2026-03-14T12:05:26,0.625
3,90-114,1773461427,2026-03-14T12:10:27,0.59
3,90-114,1773461726,2026-03-14T12:15:26,0.595
3,90-114,1773462030,2026-03-14T12:20:30,0.585
3,90-114,1773462326,2026-03-14T12:25:26,0.595
3,90-114,1773462630,2026-03-14T12:30:30,0.58
3,90-114,1773462925,2026-03-14T12:35:25,0.54
3,90-114,1773463224,2026-03-14T12:40:24,0.59
3,90-114,1773463527,2026-03-14T12:45:27,0.58
3,90-114,1773463830,2026-03-14T12:50:30,0.58
3,90-114,1773464124,2026-03-14T12:55:24,0.57
3,90-114,1773464427,2026-03-14T13:00:27,0.565
3,90-114,1773464726,2026-03-14T13:05:26,0.585
3,90-114,1773465028,2026-03-14T13:10:28,0.6
3,90-114,1773465328,2026-03-14T13:15:28,0.62
3,90-114,1773465626,2026-03-14T13:20:26,0.62
3,90-114,1773465928,2026-03-14T13:25:28,0.625
3,90-114,1773466229,2026-03-14T13:30:29,0.635
3,90-114,1773466524,2026-03-14T13:35:24,0.645
3,90-114,1773466826,2026-03-14T13:40:26,0.645
3,90-114,1773467127,2026-03-14T13:45:27,0.645
3,90-114,1773467426,2026-03-14T13:50:26,0.66
3,90-114,1773467725,2026-03-14T13:55:25,0.675
3,90-114,1773468040,2026-03-14T14:00:40,0.675
3,90-114,1773468327,2026-03-14T14:05:27,0.665
3,90-114,1773468626,2026-03-14T14:10:26,0.655
3,90-114,1773468930,2026-03-14T14:15:30,0.665
3,90-114,1773469225,2026-03-14T14:20:25,0.68
3,90-114,1773469524,2026-03-14T14:25:24,0.685
3,90-114,1773469828,2026-03-14T14:30:28,0.68
3,90-114,1773470131,2026-03-14T14:35:31,0.64
3,90-114,1773470425,2026-03-14T14:40:25,0.625
3,90-114,1773470740,2026-03-14T14:45:40,0.615
3,90-114,1773471028,2026-03-14T14:50:28,0.62
3,90-114,1773471326,2026-03-14T14:55:26,0.555
3,90-114,1773471627,2026-03-14T15:00:27,0.635
3,90-114,1773471928,2026-03-14T15:05:28,0.675
3,90-114,1773472229,2026-03-14T15:10:29,0.69
3,90-114,1773472526,2026-03-14T15:15:26,0.725
3,90-114,1773472824,2026-03-14T15:20:24,0.72
3,90-114,1773473127,2026-03-14T15:25:27,0.725
3,90-114,1773473430,2026-03-14T15:30:30,0.71
3,90-114,1773473729,2026-03-14T15:35:29,0.705
3,90-114,1773474026,2026-03-14T15:40:26,0.705
3,90-114,1773474329,2026-03-14T15:45:29,0.7
3,90-114,1773474626,2026-03-14T15:50:26,0.695
3,90-114,1773474925,2026-03-14T15:55:25,0.69
3,90-114,1773475229,2026-03-14T16:00:29,0.695
3,90-114,1773475528,2026-03-14T16:05:28,0.7
3,90-114,1773475825,2026-03-14T16:10:25,0.695
3,90-114,1773476126,2026-03-14T16:15:26,0.695
3,90-114,1773476425,2026-03-14T16:20:25,0.695
3,90-114,1773476723,2026-03-14T16:25:23,0.7
3,90-114,1773477026,2026-03-14T16:30:26,0.705
3,90-114,1773477326,2026-03-14T16:35:26,0.69
3,90-114,1773477624,2026-03-14T16:40:24,0.69
3,90-114,1773477939,2026-03-14T16:45:39,0.69
3,90-114,1773478226,2026-03-14T16:50:26,0.69
3,90-114,1773478527,2026-03-14T16:55:27,0.695
3,90-114,1773478840,2026-03-14T17:00:40,0.69
3,90-114,1773479125,2026-03-14T17:05:25,0.7
3,90-114,1773479425,2026-03-14T17:10:25,0.69
3,90-114,1773479726,2026-03-14T17:15:26,0.685
3,90-114,1773480025,2026-03-14T17:20:25,0.685
3,90-114,1773480326,2026-03-14T17:25:26,0.69
3,90-114,1773480628,2026-03-14T17:30:28,0.695
3,90-114,1773480924,2026-03-14T17:35:24,0.69
3,90-114,1773481224,2026-03-14T17:40:24,0.685
3,90-114,1773481529,2026-03-14T17:45:29,0.695
3,90-114,1773481825,2026-03-14T17:50:25,0.69
3,90-114,1773482125,2026-03-14T17:55:25,0.69
3,90-114,1773482427,2026-03-14T18:00:27,0.7
3,90-114,1773482726,2026-03-14T18:05:26,0.7
3,90-114,1773483028,2026-03-14T18:10:28,0.695
3,90-114,1773483342,2026-03-14T18:15:42,0.695
3,90-114,1773483628,2026-03-14T18:20:28,0.695
3,90-114,1773483928,2026-03-14T18:25:28,0.695
3,90-114,1773484227,2026-03-14T18:30:27,0.685
3,90-114,1773484524,2026-03-14T18:35:24,0.68
3,90-114,1773484829,2026-03-14T18:40:29,0.685
3,90-114,1773485127,2026-03-14T18:45:27,0.675
3,90-114,1773485434,2026-03-14T18:50:34,0.67
3,90-114,1773485724,2026-03-14T18:55:24,0.675
3,90-114,1773486029,2026-03-14T19:00:29,0.665
3,90-114,1773486328,2026-03-14T19:05:28,0.655
3,90-114,1773486624,2026-03-14T19:10:24,0.66
3,90-114,1773486924,2026-03-14T19:15:24,0.655
3,90-114,1773487228,2026-03-14T19:20:28,0.665
3,90-114,1773487527,2026-03-14T19:25:27,0.66
3,90-114,1773487839,2026-03-14T19:30:39,0.665
3,90-114,1773488128,2026-03-14T19:35:28,0.67
3,90-114,1773488424,2026-03-14T19:40:24,0.66
3,90-114,1773488726,2026-03-14T19:45:26,0.66
3,90-114,1773489030,2026-03-14T19:50:30,0.66
3,90-114,1773489329,2026-03-14T19:55:29,0.66
3,90-114,1773489645,2026-03-14T20:00:45,0.655
3,90-114,1773489929,2026-03-14T20:05:29,0.655
3,90-114,1773490226,2026-03-14T20:10:26,0.655
3,90-114,1773490527,2026-03-14T20:15:27,0.655
3,90-114,1773490826,2026-03-14T20:20:26,0.675
3,90-114,1773491132,2026-03-14T20:25:32,0.685
3,90-114,1773491439,2026-03-14T20:30:39,0.705
3,90-114,1773491728,2026-03-14T20:35:28,0.725
3,90-114,1773492028,2026-03-14T20:40:28,0.73
3,90-114,1773492337,2026-03-14T20:45:37,0.74
3,90-114,1773492625,2026-03-14T20:50:25,0.73
3,90-114,1773492928,2026-03-14T20:55:28,0.735
3,90-114,1773493241,2026-03-14T21:00:41,0.75
3,90-114,1773493528,2026-03-14T21:05:28,0.595
3,90-114,1773493827,2026-03-14T21:10:27,0.67
3,90-114,1773494128,2026-03-14T21:15:28,0.675
3,90-114,1773494427,2026-03-14T21:20:27,0.685
3,90-114,1773494727,2026-03-14T21:25:27,0.73
3,90-114,1773495032,2026-03-14T21:30:32,0.75
3,90-114,1773495330,2026-03-14T21:35:30,0.695
3,90-114,1773495626,2026-03-14T21:40:26,0.64
3,90-114,1773495933,2026-03-14T21:45:33,0.555
3,90-114,1773496239,2026-03-14T21:50:39,0.62
3,90-114,1773496527,2026-03-14T21:55:27,0.58
3,90-114,1773496831,2026-03-14T22:00:31,0.465
3,90-114,1773497129,2026-03-14T22:05:29,0.545
3,90-114,1773497426,2026-03-14T22:10:26,0.615
3,90-114,1773497728,2026-03-14T22:15:28,0.705
3,90-114,1773498028,2026-03-14T22:20:28,0.765
3,90-114,1773498325,2026-03-14T22:25:25,0.795
3,90-114,1773498628,2026-03-14T22:30:28,0.845
3,90-114,1773498951,2026-03-14T22:35:51,0.89
3,90-114,1773499227,2026-03-14T22:40:27,0.905
3,90-114,1773499528,2026-03-14T22:45:28,0.895
3,90-114,1773499824,2026-03-14T22:50:24,0.905
3,90-114,1773500124,2026-03-14T22:55:24,0.9
3,90-114,1773500440,2026-03-14T23:00:40,0.745
3,90-114,1773500726,2026-03-14T23:05:26,0.86
3,90-114,1773501027,2026-03-14T23:10:27,0.875
3,90-114,1773501326,2026-03-14T23:15:26,0.905
3,90-114,1773501625,2026-03-14T23:20:25,0.92
3,90-114,1773501927,2026-03-14T23:25:27,0.94
3,90-114,1773502234,2026-03-14T23:30:34,0.945
3,90-114,1773502528,2026-03-14T23:35:28,0.955
3,90-114,1773502826,2026-03-14T23:40:26,0.97
3,90-114,1773503125,2026-03-14T23:45:25,0.9935
3,90-114,1773503426,2026-03-14T23:50:26,0.9995
3,90-114,1773503727,2026-03-14T23:55:27,0.9995
3,90-114,1773504032,2026-03-15T00:00:32,0.9995
3,90-114,1773504328,2026-03-15T00:05:28,0.9995
3,90-114,1773504629,2026-03-15T00:10:29,0.9995
3,90-114,1773504925,2026-03-15T00:15:25,0.9995
3,90-114,1773505228,2026-03-15T00:20:28,0.9995
3,90-114,1773505529,2026-03-15T00:25:29,0.9995
3,90-114,1773505829,2026-03-15T00:30:29,0.9995
3,90-114,1773506126,2026-03-15T00:35:26,0.9995
3,90-114,1773506427,2026-03-15T00:40:27,0.9995
3,90-114,1773506729,2026-03-15T00:45:29,0.9995
3,90-114,1773507029,2026-03-15T00:50:29,0.9995
3,90-114,1773507329,2026-03-15T00:55:29,0.9995
3,90-114,1773507650,2026-03-15T01:00:50,0.9995
3,90-114,1773507928,2026-03-15T01:05:28,0.9995
3,90-114,1773508227,2026-03-15T01:10:27,0.9995
3,90-114,1773508528,2026-03-15T01:15:28,0.9995
3,90-114,1773508826,2026-03-15T01:20:26,0.9995
3,90-114,1773509132,2026-03-15T01:25:32,0.9995
3,90-114,1773509429,2026-03-15T01:30:29,0.9995
3,90-114,1773509728,2026-03-15T01:35:28,0.9995
3,90-114,1773510024,2026-03-15T01:40:24,0.9995
3,90-114,1773510325,2026-03-15T01:45:25,0.9995
3,90-114,1773510625,2026-03-15T01:50:25,0.9995
3,90-114,1773510927,2026-03-15T01:55:27,0.9995
3,90-114,1773511239,2026-03-15T02:00:39,0.9995
3,90-114,1773511524,2026-03-15T02:05:24,0.9995
3,90-114,1773511826,2026-03-15T02:10:26,0.9995
3,90-114,1773512127,2026-03-15T02:15:27,0.9995
3,90-114,1773512425,2026-03-15T02:20:25,0.9995
3,90-114,1773512726,2026-03-15T02:25:26,0.9995
3,90-114,1773513029,2026-03-15T02:30:29,0.9995
3,90-114,1773513324,2026-03-15T02:35:24,0.9995
3,90-114,1773513624,2026-03-15T02:40:24,0.9995
3,90-114,1773513924,2026-03-15T02:45:24,0.9995
3,90-114,1773514238,2026-03-15T02:50:38,0.9995
3,90-114,1773514524,2026-03-15T02:55:24,0.9995
4,115-139,1773074727,2026-03-10T00:45:27,0.065
4,115-139,1773075025,2026-03-10T00:50:25,0.065
4,115-139,1773075325,2026-03-10T00:55:25,0.095
4,115-139,1773075651,2026-03-10T01:00:51,0.095
4,115-139,1773075928,2026-03-10T01:05:28,0.1
4,115-139,1773076242,2026-03-10T01:10:42,0.1
4,115-139,1773076526,2026-03-10T01:15:26,0.1
4,115-139,1773076839,2026-03-10T01:20:39,0.1
4,115-139,1773077130,2026-03-10T01:25:30,0.1
4,115-139,1773077431,2026-03-10T01:30:31,0.1
4,115-139,1773077729,2026-03-10T01:35:29,0.1
4,115-139,1773078026,2026-03-10T01:40:26,0.1
4,115-139,1773078332,2026-03-10T01:45:32,0.105
4,115-139,1773078626,2026-03-10T01:50:26,0.105
4,115-139,1773078926,2026-03-10T01:55:26,0.105
4,115-139,1773079244,2026-03-10T02:00:44,0.15
4,115-139,1773079526,2026-03-10T02:05:26,0.155
4,115-139,1773079828,2026-03-10T02:10:28,0.155
4,115-139,1773080126,2026-03-10T02:15:26,0.15
4,115-139,1773080426,2026-03-10T02:20:26,0.165
4,115-139,1773080731,2026-03-10T02:25:31,0.135
4,115-139,1773081032,2026-03-10T02:30:32,0.125
4,115-139,1773081326,2026-03-10T02:35:26,0.125
4,115-139,1773081626,2026-03-10T02:40:26,0.115
4,115-139,1773081929,2026-03-10T02:45:29,0.115
4,115-139,1773082227,2026-03-10T02:50:27,0.115
4,115-139,1773082527,2026-03-10T02:55:27,0.115
4,115-139,1773082833,2026-03-10T03:00:33,0.115
4,115-139,1773083127,2026-03-10T03:05:27,0.115
4,115-139,1773083431,2026-03-10T03:10:31,0.115
4,115-139,1773083727,2026-03-10T03:15:27,0.115
4,115-139,1773084027,2026-03-10T03:20:27,0.115
4,115-139,1773084329,2026-03-10T03:25:29,0.125
4,115-139,1773084631,2026-03-10T03:30:31,0.125
4,115-139,1773084929,2026-03-10T03:35:29,0.125
4,115-139,1773085227,2026-03-10T03:40:27,0.125
4,115-139,1773085527,2026-03-10T03:45:27,0.125
4,115-139,1773085831,2026-03-10T03:50:31,0.09
4,115-139,1773086128,2026-03-10T03:55:28,0.09
4,115-139,1773086434,2026-03-10T04:00:34,0.085
4,115-139,1773086727,2026-03-10T04:05:27,0.085
4,115-139,1773087027,2026-03-10T04:10:27,0.08
4,115-139,1773087329,2026-03-10T04:15:29,0.08
4,115-139,1773087628,2026-03-10T04:20:28,0.08
4,115-139,1773087930,2026-03-10T04:25:30,0.08
4,115-139,1773088231,2026-03-10T04:30:31,0.08
4,115-139,1773088526,2026-03-10T04:35:26,0.08
4,115-139,1773088828,2026-03-10T04:40:28,0.08
4,115-139,1773089126,2026-03-10T04:45:26,0.08
4,115-139,1773089439,2026-03-10T04:50:39,0.08
4,115-139,1773089727,2026-03-10T04:55:27,0.08
4,115-139,1773090045,2026-03-10T05:00:45,0.08
4,115-139,1773090329,2026-03-10T05:05:29,0.08
4,115-139,1773090627,2026-03-10T05:10:27,0.08
4,115-139,1773090942,2026-03-10T05:15:42,0.08
4,115-139,1773091229,2026-03-10T05:20:29,0.08
4,115-139,1773091528,2026-03-10T05:25:28,0.08
4,115-139,1773091834,2026-03-10T05:30:34,0.09
4,115-139,1773092128,2026-03-10T05:35:28,0.08
4,115-139,1773092428,2026-03-10T05:40:28,0.08
4,115-139,1773092730,2026-03-10T05:45:30,0.08
4,115-139,1773093029,2026-03-10T05:50:29,0.08
4,115-139,1773093328,2026-03-10T05:55:28,0.08
4,115-139,1773093632,2026-03-10T06:00:32,0.08
4,115-139,1773093929,2026-03-10T06:05:29,0.08
4,115-139,1773094233,2026-03-10T06:10:33,0.08
4,115-139,1773094532,2026-03-10T06:15:32,0.08
4,115-139,1773094830,2026-03-10T06:20:30,0.08
4,115-139,1773095130,2026-03-10T06:25:30,0.08
4,115-139,1773095435,2026-03-10T06:30:35,0.08
4,115-139,1773095732,2026-03-10T06:35:32,0.08
4,115-139,1773096031,2026-03-10T06:40:31,0.08
4,115-139,1773096331,2026-03-10T06:45:31,0.08
4,115-139,1773096632,2026-03-10T06:50:32,0.08
4,115-139,1773096929,2026-03-10T06:55:29,0.08
4,115-139,1773097234,2026-03-10T07:00:34,0.08
4,115-139,1773097528,2026-03-10T07:05:28,0.08
4,115-139,1773097843,2026-03-10T07:10:43,0.08
4,115-139,1773098144,2026-03-10T07:15:44,0.08
4,115-139,1773098428,2026-03-10T07:20:28,0.08
4,115-139,1773098729,2026-03-10T07:25:29,0.08
4,115-139,1773099033,2026-03-10T07:30:33,0.08
4,115-139,1773099329,2026-03-10T07:35:29,0.08
4,115-139,1773099632,2026-03-10T07:40:32,0.08
4,115-139,1773099939,2026-03-10T07:45:39,0.08
4,115-139,1773100230,2026-03-10T07:50:30,0.08
4,115-139,1773100530,2026-03-10T07:55:30,0.08
4,115-139,1773100852,2026-03-10T08:00:52,0.08
4,115-139,1773101128,2026-03-10T08:05:28,0.075
4,115-139,1773101430,2026-03-10T08:10:30,0.075
4,115-139,1773101727,2026-03-10T08:15:27,0.075
4,115-139,1773102030,2026-03-10T08:20:30,0.075
4,115-139,1773102328,2026-03-10T08:25:28,0.075
4,115-139,1773102632,2026-03-10T08:30:32,0.075
4,115-139,1773102928,2026-03-10T08:35:28,0.075
4,115-139,1773103228,2026-03-10T08:40:28,0.075
4,115-139,1773103530,2026-03-10T08:45:30,0.075
4,115-139,1773103827,2026-03-10T08:50:27,0.075
4,115-139,1773104128,2026-03-10T08:55:28,0.075
4,115-139,1773104431,2026-03-10T09:00:31,0.075
4,115-139,1773104731,2026-03-10T09:05:31,0.075
4,115-139,1773105027,2026-03-10T09:10:27,0.075
4,115-139,1773105328,2026-03-10T09:15:28,0.075
4,115-139,1773105631,2026-03-10T09:20:31,0.075
4,115-139,1773105930,2026-03-10T09:25:30,0.075
4,115-139,1773106251,2026-03-10T09:30:51,0.075
4,115-139,1773106528,2026-03-10T09:35:28,0.075
4,115-139,1773106828,2026-03-10T09:40:28,0.075
4,115-139,1773107130,2026-03-10T09:45:30,0.075
4,115-139,1773107430,2026-03-10T09:50:30,0.075
4,115-139,1773107728,2026-03-10T09:55:28,0.08
4,115-139,1773108033,2026-03-10T10:00:33,0.075
4,115-139,1773108328,2026-03-10T10:05:28,0.075
4,115-139,1773108630,2026-03-10T10:10:30,0.075
4,115-139,1773108928,2026-03-10T10:15:28,0.075
4,115-139,1773109228,2026-03-10T10:20:28,0.075
4,115-139,1773109530,2026-03-10T10:25:30,0.075
4,115-139,1773109840,2026-03-10T10:30:40,0.075
4,115-139,1773110128,2026-03-10T10:35:28,0.075
4,115-139,1773110428,2026-03-10T10:40:28,0.085
4,115-139,1773110727,2026-03-10T10:45:27,0.085
4,115-139,1773111031,2026-03-10T10:50:31,0.085
4,115-139,1773111330,2026-03-10T10:55:30,0.085
4,115-139,1773111639,2026-03-10T11:00:39,0.085
4,115-139,1773111928,2026-03-10T11:05:28,0.085
4,115-139,1773112228,2026-03-10T11:10:28,0.085
4,115-139,1773112528,2026-03-10T11:15:28,0.085
4,115-139,1773112829,2026-03-10T11:20:29,0.085
4,115-139,1773113130,2026-03-10T11:25:30,0.085
4,115-139,1773113435,2026-03-10T11:30:35,0.085
4,115-139,1773113727,2026-03-10T11:35:27,0.085
4,115-139,1773114031,2026-03-10T11:40:31,0.085
4,115-139,1773114330,2026-03-10T11:45:30,0.085
4,115-139,1773114627,2026-03-10T11:50:27,0.085
4,115-139,1773114930,2026-03-10T11:55:30,0.085
4,115-139,1773115237,2026-03-10T12:00:37,0.085
4,115-139,1773115530,2026-03-10T12:05:30,0.085
4,115-139,1773115828,2026-03-10T12:10:28,0.085
4,115-139,1773116131,2026-03-10T12:15:31,0.085
4,115-139,1773116430,2026-03-10T12:20:30,0.085
4,115-139,1773116730,2026-03-10T12:25:30,0.085
4,115-139,1773117033,2026-03-10T12:30:33,0.085
4,115-139,1773117328,2026-03-10T12:35:28,0.085
4,115-139,1773117630,2026-03-10T12:40:30,0.085
4,115-139,1773117931,2026-03-10T12:45:31,0.085
4,115-139,1773118237,2026-03-10T12:50:37,0.085
4,115-139,1773118541,2026-03-10T12:55:41,0.085
4,115-139,1773118834,2026-03-10T13:00:34,0.085
4,115-139,1773119130,2026-03-10T13:05:30,0.085
4,115-139,1773119431,2026-03-10T13:10:31,0.085
4,115-139,1773119730,2026-03-10T13:15:30,0.085
4,115-139,1773120029,2026-03-10T13:20:29,0.085
4,115-139,1773120333,2026-03-10T13:25:33,0.085
4,115-139,1773120634,2026-03-10T13:30:34,0.085
4,115-139,1773120929,2026-03-10T13:35:29,0.085
4,115-139,1773121230,2026-03-10T13:40:30,0.085
4,115-139,1773121531,2026-03-10T13:45:31,0.085
4,115-139,1773121830,2026-03-10T13:50:30,0.085
4,115-139,1773122131,2026-03-10T13:55:31,0.085
4,115-139,1773122445,2026-03-10T14:00:45,0.085
4,115-139,1773122730,2026-03-10T14:05:30,0.085
4,115-139,1773123029,2026-03-10T14:10:29,0.085
4,115-139,1773123331,2026-03-10T14:15:31,0.085
4,115-139,1773123630,2026-03-10T14:20:30,0.085
4,115-139,1773123930,2026-03-10T14:25:30,0.085
4,115-139,1773124235,2026-03-10T14:30:35,0.085
4,115-139,1773124542,2026-03-10T14:35:42,0.085
4,115-139,1773124831,2026-03-10T14:40:31,0.085
4,115-139,1773125130,2026-03-10T14:45:30,0.085
4,115-139,1773125430,2026-03-10T14:50:30,0.085
4,115-139,1773125730,2026-03-10T14:55:30,0.085
4,115-139,1773126037,2026-03-10T15:00:37,0.085
4,115-139,1773126331,2026-03-10T15:05:31,0.085
4,115-139,1773126629,2026-03-10T15:10:29,0.085
4,115-139,1773126928,2026-03-10T15:15:28,0.085
4,115-139,1773127228,2026-03-10T15:20:28,0.085
4,115-139,1773127532,2026-03-10T15:25:32,0.085
4,115-139,1773127835,2026-03-10T15:30:35,0.085
4,115-139,1773128130,2026-03-10T15:35:30,0.095
4,115-139,1773128437,2026-03-10T15:40:37,0.095
4,115-139,1773128730,2026-03-10T15:45:30,0.095
4,115-139,1773129032,2026-03-10T15:50:32,0.095
4,115-139,1773129328,2026-03-10T15:55:28,0.095
4,115-139,1773129633,2026-03-10T16:00:33,0.095
4,115-139,1773129930,2026-03-10T16:05:30,0.095
4,115-139,1773130229,2026-03-10T16:10:29,0.095
4,115-139,1773130530,2026-03-10T16:15:30,0.095
4,115-139,1773130831,2026-03-10T16:20:31,0.095
4,115-139,1773131129,2026-03-10T16:25:29,0.095
4,115-139,1773131434,2026-03-10T16:30:34,0.1
4,115-139,1773131733,2026-03-10T16:35:33,0.1
4,115-139,1773132029,2026-03-10T16:40:29,0.1
4,115-139,1773132333,2026-03-10T16:45:33,0.1
4,115-139,1773132631,2026-03-10T16:50:31,0.11
4,115-139,1773132929,2026-03-10T16:55:29,0.11
4,115-139,1773133531,2026-03-10T17:05:31,0.11
4,115-139,1773133831,2026-03-10T17:10:31,0.11
4,115-139,1773134140,2026-03-10T17:15:40,0.11
4,115-139,1773134431,2026-03-10T17:20:31,0.11
4,115-139,1773134733,2026-03-10T17:25:33,0.105
4,115-139,1773135032,2026-03-10T17:30:32,0.105
4,115-139,1773135332,2026-03-10T17:35:32,0.105
4,115-139,1773135631,2026-03-10T17:40:31,0.105
4,115-139,1773135928,2026-03-10T17:45:28,0.105
4,115-139,1773136229,2026-03-10T17:50:29,0.105
4,115-139,1773136528,2026-03-10T17:55:28,0.105
4,115-139,1773136853,2026-03-10T18:00:53,0.105
4,115-139,1773137133,2026-03-10T18:05:33,0.105
4,115-139,1773137429,2026-03-10T18:10:29,0.105
4,115-139,1773137731,2026-03-10T18:15:31,0.105
4,115-139,1773138032,2026-03-10T18:20:32,0.105
4,115-139,1773138330,2026-03-10T18:25:30,0.105
4,115-139,1773138636,2026-03-10T18:30:36,0.105
4,115-139,1773138932,2026-03-10T18:35:32,0.105
4,115-139,1773139233,2026-03-10T18:40:33,0.105
4,115-139,1773139531,2026-03-10T18:45:31,0.105
4,115-139,1773139830,2026-03-10T18:50:30,0.105
4,115-139,1773140135,2026-03-10T18:55:35,0.105
4,115-139,1773140433,2026-03-10T19:00:33,0.105
4,115-139,1773140733,2026-03-10T19:05:33,0.105
4,115-139,1773141029,2026-03-10T19:10:29,0.105
4,115-139,1773141341,2026-03-10T19:15:41,0.105
4,115-139,1773141630,2026-03-10T19:20:30,0.105
4,115-139,1773141931,2026-03-10T19:25:31,0.105
4,115-139,1773142235,2026-03-10T19:30:35,0.105
4,115-139,1773142529,2026-03-10T19:35:29,0.105
4,115-139,1773142828,2026-03-10T19:40:28,0.105
4,115-139,1773143132,2026-03-10T19:45:32,0.105
4,115-139,1773143433,2026-03-10T19:50:33,0.105
4,115-139,1773143730,2026-03-10T19:55:30,0.105
4,115-139,1773144056,2026-03-10T20:00:56,0.105
4,115-139,1773144333,2026-03-10T20:05:33,0.105
4,115-139,1773144618,2026-03-10T20:10:18,0.105
4,115-139,1773144658,2026-03-10T20:10:58,0.105
4,115-139,1773144933,2026-03-10T20:15:33,0.105
4,115-139,1773145233,2026-03-10T20:20:33,0.105
4,115-139,1773145532,2026-03-10T20:25:32,0.105
4,115-139,1773145841,2026-03-10T20:30:41,0.105
4,115-139,1773146132,2026-03-10T20:35:32,0.105
4,115-139,1773146433,2026-03-10T20:40:33,0.105
4,115-139,1773146747,2026-03-10T20:45:47,0.105
4,115-139,1773147030,2026-03-10T20:50:30,0.105
4,115-139,1773147330,2026-03-10T20:55:30,0.105
4,115-139,1773147641,2026-03-10T21:00:41,0.105
4,115-139,1773147935,2026-03-10T21:05:35,0.105
4,115-139,1773148231,2026-03-10T21:10:31,0.105
4,115-139,1773148530,2026-03-10T21:15:30,0.115
4,115-139,1773148831,2026-03-10T21:20:31,0.11
4,115-139,1773149130,2026-03-10T21:25:30,0.11
4,115-139,1773149445,2026-03-10T21:30:45,0.11
4,115-139,1773149732,2026-03-10T21:35:32,0.11
4,115-139,1773150032,2026-03-10T21:40:32,0.11
4,115-139,1773150330,2026-03-10T21:45:30,0.115
4,115-139,1773150632,2026-03-10T21:50:32,0.115
4,115-139,1773150933,2026-03-10T21:55:33,0.115
4,115-139,1773151239,2026-03-10T22:00:39,0.115
4,115-139,1773151531,2026-03-10T22:05:31,0.115
4,115-139,1773151832,2026-03-10T22:10:32,0.115
4,115-139,1773152130,2026-03-10T22:15:30,0.115
4,115-139,1773152431,2026-03-10T22:20:31,0.115
4,115-139,1773152733,2026-03-10T22:25:33,0.115
4,115-139,1773153041,2026-03-10T22:30:41,0.115
4,115-139,1773153631,2026-03-10T22:40:31,0.115
4,115-139,1773153932,2026-03-10T22:45:32,0.115
4,115-139,1773154244,2026-03-10T22:50:44,0.115
4,115-139,1773154543,2026-03-10T22:55:43,0.115
4,115-139,1773154859,2026-03-10T23:00:59,0.13
4,115-139,1773155129,2026-03-10T23:05:29,0.13
4,115-139,1773155430,2026-03-10T23:10:30,0.13
4,115-139,1773155730,2026-03-10T23:15:30,0.13
4,115-139,1773156030,2026-03-10T23:20:30,0.13
4,115-139,1773156333,2026-03-10T23:25:33,0.13
4,115-139,1773156638,2026-03-10T23:30:38,0.13
4,115-139,1773156930,2026-03-10T23:35:30,0.13
4,115-139,1773157230,2026-03-10T23:40:30,0.13
4,115-139,1773157533,2026-03-10T23:45:33,0.13
4,115-139,1773157844,2026-03-10T23:50:44,0.13
4,115-139,1773158129,2026-03-10T23:55:29,0.13
4,115-139,1773158442,2026-03-11T00:00:42,0.125
4,115-139,1773158730,2026-03-11T00:05:30,0.125
4,115-139,1773159032,2026-03-11T00:10:32,0.125
4,115-139,1773159330,2026-03-11T00:15:30,0.125
4,115-139,1773159635,2026-03-11T00:20:35,0.15
4,115-139,1773159929,2026-03-11T00:25:29,0.16
4,115-139,1773160237,2026-03-11T00:30:37,0.15
4,115-139,1773160529,2026-03-11T00:35:29,0.15
4,115-139,1773160832,2026-03-11T00:40:32,0.15
4,115-139,1773161143,2026-03-11T00:45:43,0.15
4,115-139,1773161432,2026-03-11T00:50:32,0.155
4,115-139,1773161729,2026-03-11T00:55:29,0.155
4,115-139,1773162034,2026-03-11T01:00:34,0.145
4,115-139,1773162330,2026-03-11T01:05:30,0.145
4,115-139,1773162630,2026-03-11T01:10:30,0.135
4,115-139,1773162934,2026-03-11T01:15:34,0.135
4,115-139,1773163232,2026-03-11T01:20:32,0.135
4,115-139,1773163538,2026-03-11T01:25:38,0.135
4,115-139,1773163837,2026-03-11T01:30:37,0.15
4,115-139,1773164131,2026-03-11T01:35:31,0.155
4,115-139,1773164435,2026-03-11T01:40:35,0.145
4,115-139,1773164732,2026-03-11T01:45:32,0.145
4,115-139,1773165032,2026-03-11T01:50:32,0.145
4,115-139,1773165331,2026-03-11T01:55:31,0.145
4,115-139,1773165652,2026-03-11T02:00:52,0.145
4,115-139,1773165935,2026-03-11T02:05:35,0.145
4,115-139,1773166232,2026-03-11T02:10:32,0.145
4,115-139,1773166530,2026-03-11T02:15:30,0.145
4,115-139,1773166832,2026-03-11T02:20:32,0.145
4,115-139,1773167144,2026-03-11T02:25:44,0.145
4,115-139,1773167442,2026-03-11T02:30:42,0.15
4,115-139,1773167729,2026-03-11T02:35:29,0.15
4,115-139,1773168033,2026-03-11T02:40:33,0.155
4,115-139,1773168341,2026-03-11T02:45:41,0.15
4,115-139,1773168632,2026-03-11T02:50:32,0.155
4,115-139,1773168929,2026-03-11T02:55:29,0.155
4,115-139,1773169237,2026-03-11T03:00:37,0.155
4,115-139,1773169548,2026-03-11T03:05:48,0.16
4,115-139,1773169831,2026-03-11T03:10:31,0.155
4,115-139,1773170130,2026-03-11T03:15:30,0.16
4,115-139,1773170439,2026-03-11T03:20:39,0.165
4,115-139,1773170733,2026-03-11T03:25:33,0.155
4,115-139,1773171036,2026-03-11T03:30:36,0.155
4,115-139,1773171331,2026-03-11T03:35:31,0.155
4,115-139,1773171633,2026-03-11T03:40:33,0.15
4,115-139,1773171935,2026-03-11T03:45:35,0.155
4,115-139,1773172234,2026-03-11T03:50:34,0.155
4,115-139,1773172532,2026-03-11T03:55:32,0.155
4,115-139,1773172838,2026-03-11T04:00:38,0.16
4,115-139,1773173132,2026-03-11T04:05:32,0.16
4,115-139,1773173431,2026-03-11T04:10:31,0.16
4,115-139,1773173733,2026-03-11T04:15:33,0.16
4,115-139,1773174033,2026-03-11T04:20:33,0.16
4,115-139,1773174329,2026-03-11T04:25:29,0.16
4,115-139,1773174635,2026-03-11T04:30:35,0.165
4,115-139,1773174930,2026-03-11T04:35:30,0.16
4,115-139,1773175235,2026-03-11T04:40:35,0.165
4,115-139,1773175531,2026-03-11T04:45:31,0.16
4,115-139,1773175831,2026-03-11T04:50:31,0.16
4,115-139,1773176133,2026-03-11T04:55:33,0.16
4,115-139,1773176453,2026-03-11T05:00:53,0.16
4,115-139,1773176733,2026-03-11T05:05:33,0.16
4,115-139,1773177029,2026-03-11T05:10:29,0.16
4,115-139,1773177331,2026-03-11T05:15:31,0.165
4,115-139,1773177659,2026-03-11T05:20:59,0.165
4,115-139,1773177929,2026-03-11T05:25:29,0.16
4,115-139,1773178238,2026-03-11T05:30:38,0.16
4,115-139,1773178530,2026-03-11T05:35:30,0.16
4,115-139,1773178832,2026-03-11T05:40:32,0.16
4,115-139,1773179134,2026-03-11T05:45:34,0.16
4,115-139,1773179433,2026-03-11T05:50:33,0.16
4,115-139,1773179730,2026-03-11T05:55:30,0.165
4,115-139,1773180037,2026-03-11T06:00:37,0.165
4,115-139,1773180333,2026-03-11T06:05:33,0.165
4,115-139,1773180646,2026-03-11T06:10:46,0.16
4,115-139,1773180933,2026-03-11T06:15:33,0.16
4,115-139,1773181232,2026-03-11T06:20:32,0.17
4,115-139,1773181533,2026-03-11T06:25:33,0.17
4,115-139,1773181835,2026-03-11T06:30:35,0.17
4,115-139,1773182129,2026-03-11T06:35:29,0.17
4,115-139,1773182434,2026-03-11T06:40:34,0.165
4,115-139,1773182732,2026-03-11T06:45:32,0.165
4,115-139,1773183030,2026-03-11T06:50:30,0.16
4,115-139,1773183333,2026-03-11T06:55:33,0.17
4,115-139,1773183637,2026-03-11T07:00:37,0.17
4,115-139,1773183945,2026-03-11T07:05:45,0.17
4,115-139,1773184232,2026-03-11T07:10:32,0.17
4,115-139,1773184532,2026-03-11T07:15:32,0.17
4,115-139,1773184830,2026-03-11T07:20:30,0.17
4,115-139,1773185133,2026-03-11T07:25:33,0.17
4,115-139,1773185442,2026-03-11T07:30:42,0.17
4,115-139,1773185733,2026-03-11T07:35:33,0.17
4,115-139,1773186049,2026-03-11T07:40:49,0.17
4,115-139,1773186333,2026-03-11T07:45:33,0.17
4,115-139,1773186633,2026-03-11T07:50:33,0.17
4,115-139,1773186934,2026-03-11T07:55:34,0.17
4,115-139,1773187256,2026-03-11T08:00:56,0.17
4,115-139,1773187530,2026-03-11T08:05:30,0.16
4,115-139,1773187837,2026-03-11T08:10:37,0.155
4,115-139,1773188132,2026-03-11T08:15:32,0.155
4,115-139,1773188430,2026-03-11T08:20:30,0.17
4,115-139,1773188734,2026-03-11T08:25:34,0.17
4,115-139,1773189039,2026-03-11T08:30:39,0.17
4,115-139,1773189337,2026-03-11T08:35:37,0.17
4,115-139,1773189631,2026-03-11T08:40:31,0.18
4,115-139,1773189933,2026-03-11T08:45:33,0.17
4,115-139,1773190230,2026-03-11T08:50:30,0.17
4,115-139,1773190530,2026-03-11T08:55:30,0.17
4,115-139,1773190840,2026-03-11T09:00:40,0.17
4,115-139,1773191133,2026-03-11T09:05:33,0.17
4,115-139,1773191429,2026-03-11T09:10:29,0.165
4,115-139,1773191733,2026-03-11T09:15:33,0.165
4,115-139,1773192033,2026-03-11T09:20:33,0.165
4,115-139,1773192333,2026-03-11T09:25:33,0.165
4,115-139,1773192638,2026-03-11T09:30:38,0.165
4,115-139,1773192931,2026-03-11T09:35:31,0.165
4,115-139,1773193232,2026-03-11T09:40:32,0.165
4,115-139,1773193530,2026-03-11T09:45:30,0.165
4,115-139,1773193844,2026-03-11T09:50:44,0.165
4,115-139,1773194130,2026-03-11T09:55:30,0.175
4,115-139,1773194438,2026-03-11T10:00:38,0.18
4,115-139,1773194733,2026-03-11T10:05:33,0.18
4,115-139,1773195034,2026-03-11T10:10:34,0.18
4,115-139,1773195332,2026-03-11T10:15:32,0.18
4,115-139,1773195632,2026-03-11T10:20:32,0.18
4,115-139,1773195937,2026-03-11T10:25:37,0.18
4,115-139,1773196235,2026-03-11T10:30:35,0.18
4,115-139,1773196543,2026-03-11T10:35:43,0.185
4,115-139,1773196830,2026-03-11T10:40:30,0.185
4,115-139,1773197145,2026-03-11T10:45:45,0.185
4,115-139,1773197432,2026-03-11T10:50:32,0.185
4,115-139,1773197731,2026-03-11T10:55:31,0.185
4,115-139,1773198053,2026-03-11T11:00:53,0.185
4,115-139,1773198332,2026-03-11T11:05:32,0.185
4,115-139,1773198644,2026-03-11T11:10:44,0.185
4,115-139,1773198932,2026-03-11T11:15:32,0.185
4,115-139,1773199234,2026-03-11T11:20:34,0.185
4,115-139,1773199530,2026-03-11T11:25:30,0.185
4,115-139,1773199837,2026-03-11T11:30:37,0.185
4,115-139,1773200132,2026-03-11T11:35:32,0.185
4,115-139,1773200433,2026-03-11T11:40:33,0.185
4,115-139,1773200732,2026-03-11T11:45:32,0.185
4,115-139,1773201030,2026-03-11T11:50:30,0.185
4,115-139,1773201337,2026-03-11T11:55:37,0.185
4,115-139,1773201638,2026-03-11T12:00:38,0.185
4,115-139,1773201933,2026-03-11T12:05:33,0.185
4,115-139,1773202231,2026-03-11T12:10:31,0.185
4,115-139,1773202548,2026-03-11T12:15:48,0.185
4,115-139,1773202833,2026-03-11T12:20:33,0.185
4,115-139,1773203129,2026-03-11T12:25:29,0.185
4,115-139,1773203437,2026-03-11T12:30:37,0.185
4,115-139,1773203733,2026-03-11T12:35:33,0.185
4,115-139,1773204029,2026-03-11T12:40:29,0.185
4,115-139,1773204347,2026-03-11T12:45:47,0.185
4,115-139,1773204635,2026-03-11T12:50:35,0.185
4,115-139,1773204930,2026-03-11T12:55:30,0.185
4,115-139,1773205237,2026-03-11T13:00:37,0.185
4,115-139,1773205531,2026-03-11T13:05:31,0.185
4,115-139,1773205830,2026-03-11T13:10:30,0.185
4,115-139,1773206136,2026-03-11T13:15:36,0.185
4,115-139,1773206430,2026-03-11T13:20:30,0.185
4,115-139,1773206729,2026-03-11T13:25:29,0.185
4,115-139,1773207035,2026-03-11T13:30:35,0.185
4,115-139,1773207331,2026-03-11T13:35:31,0.185
4,115-139,1773207634,2026-03-11T13:40:34,0.185
4,115-139,1773207932,2026-03-11T13:45:32,0.185
4,115-139,1773208232,2026-03-11T13:50:32,0.185
4,115-139,1773208529,2026-03-11T13:55:29,0.185
4,115-139,1773208853,2026-03-11T14:00:53,0.185
4,115-139,1773209146,2026-03-11T14:05:46,0.185
4,115-139,1773209429,2026-03-11T14:10:29,0.185
4,115-139,1773209730,2026-03-11T14:15:30,0.185
4,115-139,1773210030,2026-03-11T14:20:30,0.185
4,115-139,1773210331,2026-03-11T14:25:31,0.19
4,115-139,1773210648,2026-03-11T14:30:48,0.19
4,115-139,1773210944,2026-03-11T14:35:44,0.185
4,115-139,1773211236,2026-03-11T14:40:36,0.185
4,115-139,1773211531,2026-03-11T14:45:31,0.185
4,115-139,1773211834,2026-03-11T14:50:34,0.185
4,115-139,1773212140,2026-03-11T14:55:40,0.185
4,115-139,1773212439,2026-03-11T15:00:39,0.185
4,115-139,1773212732,2026-03-11T15:05:32,0.185
4,115-139,1773213029,2026-03-11T15:10:29,0.185
4,115-139,1773213346,2026-03-11T15:15:46,0.185
4,115-139,1773213630,2026-03-11T15:20:30,0.185
4,115-139,1773213933,2026-03-11T15:25:33,0.185
4,115-139,1773214239,2026-03-11T15:30:39,0.185
4,115-139,1773214532,2026-03-11T15:35:32,0.185
4,115-139,1773214834,2026-03-11T15:40:34,0.185
4,115-139,1773215130,2026-03-11T15:45:30,0.185
4,115-139,1773215434,2026-03-11T15:50:34,0.185
4,115-139,1773215730,2026-03-11T15:55:30,0.185
4,115-139,1773216039,2026-03-11T16:00:39,0.185
4,115-139,1773216331,2026-03-11T16:05:31,0.185
4,115-139,1773216629,2026-03-11T16:10:29,0.185
4,115-139,1773216940,2026-03-11T16:15:40,0.185
4,115-139,1773217230,2026-03-11T16:20:30,0.185
4,115-139,1773217529,2026-03-11T16:25:29,0.185
4,115-139,1773217835,2026-03-11T16:30:35,0.185
4,115-139,1773218129,2026-03-11T16:35:29,0.185
4,115-139,1773218436,2026-03-11T16:40:36,0.185
4,115-139,1773218733,2026-03-11T16:45:33,0.185
4,115-139,1773219033,2026-03-11T16:50:33,0.185
4,115-139,1773219328,2026-03-11T16:55:28,0.185
4,115-139,1773219649,2026-03-11T17:00:49,0.185
4,115-139,1773219929,2026-03-11T17:05:29,0.185
4,115-139,1773220234,2026-03-11T17:10:34,0.185
4,115-139,1773220529,2026-03-11T17:15:29,0.185
4,115-139,1773220830,2026-03-11T17:20:30,0.185
4,115-139,1773221130,2026-03-11T17:25:30,0.185
4,115-139,1773221439,2026-03-11T17:30:39,0.185
4,115-139,1773221729,2026-03-11T17:35:29,0.185
4,115-139,1773222029,2026-03-11T17:40:29,0.185
4,115-139,1773222329,2026-03-11T17:45:29,0.185
4,115-139,1773222629,2026-03-11T17:50:29,0.185
4,115-139,1773222944,2026-03-11T17:55:44,0.185
4,115-139,1773223246,2026-03-11T18:00:46,0.185
4,115-139,1773223532,2026-03-11T18:05:32,0.185
4,115-139,1773223832,2026-03-11T18:10:32,0.185
4,115-139,1773224131,2026-03-11T18:15:31,0.185
4,115-139,1773224429,2026-03-11T18:20:29,0.185
4,115-139,1773224742,2026-03-11T18:25:42,0.185
4,115-139,1773225037,2026-03-11T18:30:37,0.185
4,115-139,1773225331,2026-03-11T18:35:31,0.185
4,115-139,1773225630,2026-03-11T18:40:30,0.185
4,115-139,1773225932,2026-03-11T18:45:32,0.185
4,115-139,1773226229,2026-03-11T18:50:29,0.185
4,115-139,1773226536,2026-03-11T18:55:36,0.185
4,115-139,1773226840,2026-03-11T19:00:40,0.185
4,115-139,1773227129,2026-03-11T19:05:29,0.185
4,115-139,1773227434,2026-03-11T19:10:34,0.175
4,115-139,1773227732,2026-03-11T19:15:32,0.175
4,115-139,1773228029,2026-03-11T19:20:29,0.175
4,115-139,1773228329,2026-03-11T19:25:29,0.175
4,115-139,1773228637,2026-03-11T19:30:37,0.175
4,115-139,1773228935,2026-03-11T19:35:35,0.175
4,115-139,1773229234,2026-03-11T19:40:34,0.175
4,115-139,1773229530,2026-03-11T19:45:30,0.175
4,115-139,1773229835,2026-03-11T19:50:35,0.175
4,115-139,1773230131,2026-03-11T19:55:31,0.175
4,115-139,1773230735,2026-03-11T20:05:35,0.175
4,115-139,1773231029,2026-03-11T20:10:29,0.175
4,115-139,1773231329,2026-03-11T20:15:29,0.175
4,115-139,1773231644,2026-03-11T20:20:44,0.175
4,115-139,1773231932,2026-03-11T20:25:32,0.175
4,115-139,1773232257,2026-03-11T20:30:57,0.175
4,115-139,1773232531,2026-03-11T20:35:31,0.175
4,115-139,1773232830,2026-03-11T20:40:30,0.175
4,115-139,1773233143,2026-03-11T20:45:43,0.175
4,115-139,1773233430,2026-03-11T20:50:30,0.175
4,115-139,1773233733,2026-03-11T20:55:33,0.175
4,115-139,1773234037,2026-03-11T21:00:37,0.175
4,115-139,1773234332,2026-03-11T21:05:32,0.175
4,115-139,1773234631,2026-03-11T21:10:31,0.175
4,115-139,1773234935,2026-03-11T21:15:35,0.175
4,115-139,1773235236,2026-03-11T21:20:36,0.175
4,115-139,1773235532,2026-03-11T21:25:32,0.175
4,115-139,1773235836,2026-03-11T21:30:36,0.175
4,115-139,1773236133,2026-03-11T21:35:33,0.18
4,115-139,1773236432,2026-03-11T21:40:32,0.175
4,115-139,1773236738,2026-03-11T21:45:38,0.175
4,115-139,1773237032,2026-03-11T21:50:32,0.175
4,115-139,1773237333,2026-03-11T21:55:33,0.175
4,115-139,1773237639,2026-03-11T22:00:39,0.175
4,115-139,1773237933,2026-03-11T22:05:33,0.175
4,115-139,1773238234,2026-03-11T22:10:34,0.175
4,115-139,1773238531,2026-03-11T22:15:31,0.175
4,115-139,1773238833,2026-03-11T22:20:33,0.175
4,115-139,1773239134,2026-03-11T22:25:34,0.175
4,115-139,1773239438,2026-03-11T22:30:38,0.175
4,115-139,1773239711,2026-03-11T22:35:11,0.175
4,115-139,1773239751,2026-03-11T22:35:51,0.175
4,115-139,1773240043,2026-03-11T22:40:43,0.175
4,115-139,1773240332,2026-03-11T22:45:32,0.175
4,115-139,1773240631,2026-03-11T22:50:31,0.175
4,115-139,1773240948,2026-03-11T22:55:48,0.175
4,115-139,1773241531,2026-03-11T23:05:31,0.195
4,115-139,1773241833,2026-03-11T23:10:33,0.195
4,115-139,1773242134,2026-03-11T23:15:34,0.2
4,115-139,1773242434,2026-03-11T23:20:34,0.21
4,115-139,1773242733,2026-03-11T23:25:33,0.22
4,115-139,1773243042,2026-03-11T23:30:42,0.22
4,115-139,1773243333,2026-03-11T23:35:33,0.215
4,115-139,1773243633,2026-03-11T23:40:33,0.225
4,115-139,1773243933,2026-03-11T23:45:33,0.23
4,115-139,1773244231,2026-03-11T23:50:31,0.225
4,115-139,1773244529,2026-03-11T23:55:29,0.215
4,115-139,1773244839,2026-03-12T00:00:39,0.215
4,115-139,1773245134,2026-03-12T00:05:34,0.205
4,115-139,1773245732,2026-03-12T00:15:32,0.205
4,115-139,1773246034,2026-03-12T00:20:34,0.195
4,115-139,1773246335,2026-03-12T00:25:35,0.195
4,115-139,1773246636,2026-03-12T00:30:36,0.195
4,115-139,1773246931,2026-03-12T00:35:31,0.195
4,115-139,1773247237,2026-03-12T00:40:37,0.21
4,115-139,1773247533,2026-03-12T00:45:33,0.205
4,115-139,1773247831,2026-03-12T00:50:31,0.205
4,115-139,1773248130,2026-03-12T00:55:30,0.205
4,115-139,1773248737,2026-03-12T01:05:37,0.205
4,115-139,1773249033,2026-03-12T01:10:33,0.205
4,115-139,1773249335,2026-03-12T01:15:35,0.205
4,115-139,1773249631,2026-03-12T01:20:31,0.205
4,115-139,1773249932,2026-03-12T01:25:32,0.205
4,115-139,1773250244,2026-03-12T01:30:44,0.205
4,115-139,1773250532,2026-03-12T01:35:32,0.205
4,115-139,1773250837,2026-03-12T01:40:37,0.205
4,115-139,1773251133,2026-03-12T01:45:33,0.205
4,115-139,1773251434,2026-03-12T01:50:34,0.195
4,115-139,1773251748,2026-03-12T01:55:48,0.195
4,115-139,1773252053,2026-03-12T02:00:53,0.195
4,115-139,1773252335,2026-03-12T02:05:35,0.195
4,115-139,1773252632,2026-03-12T02:10:32,0.195
4,115-139,1773252931,2026-03-12T02:15:31,0.195
4,115-139,1773253231,2026-03-12T02:20:31,0.195
4,115-139,1773253532,2026-03-12T02:25:32,0.195
4,115-139,1773253837,2026-03-12T02:30:37,0.195
4,115-139,1773254131,2026-03-12T02:35:31,0.195
4,115-139,1773254430,2026-03-12T02:40:30,0.195
4,115-139,1773254734,2026-03-12T02:45:34,0.195
4,115-139,1773255047,2026-03-12T02:50:47,0.195
4,115-139,1773255330,2026-03-12T02:55:30,0.195
4,115-139,1773255639,2026-03-12T03:00:39,0.195
4,115-139,1773255954,2026-03-12T03:05:54,0.195
4,115-139,1773256232,2026-03-12T03:10:32,0.195
4,115-139,1773256533,2026-03-12T03:15:33,0.195
4,115-139,1773256831,2026-03-12T03:20:31,0.195
4,115-139,1773257130,2026-03-12T03:25:30,0.195
4,115-139,1773257439,2026-03-12T03:30:39,0.195
4,115-139,1773257732,2026-03-12T03:35:32,0.195
4,115-139,1773258033,2026-03-12T03:40:33,0.195
4,115-139,1773258330,2026-03-12T03:45:30,0.195
4,115-139,1773258637,2026-03-12T03:50:37,0.195
4,115-139,1773258932,2026-03-12T03:55:32,0.195
4,115-139,1773259243,2026-03-12T04:00:43,0.195
4,115-139,1773259533,2026-03-12T04:05:33,0.195
4,115-139,1773259834,2026-03-12T04:10:34,0.195
4,115-139,1773260130,2026-03-12T04:15:30,0.195
4,115-139,1773260430,2026-03-12T04:20:30,0.195
4,115-139,1773260736,2026-03-12T04:25:36,0.195
4,115-139,1773261039,2026-03-12T04:30:39,0.195
4,115-139,1773261335,2026-03-12T04:35:35,0.195
4,115-139,1773261632,2026-03-12T04:40:32,0.195
4,115-139,1773261933,2026-03-12T04:45:33,0.195
4,115-139,1773262246,2026-03-12T04:50:46,0.195
4,115-139,1773262531,2026-03-12T04:55:31,0.195
4,115-139,1773262858,2026-03-12T05:00:58,0.195
4,115-139,1773263131,2026-03-12T05:05:31,0.195
4,115-139,1773263431,2026-03-12T05:10:31,0.195
4,115-139,1773263733,2026-03-12T05:15:33,0.195
4,115-139,1773264034,2026-03-12T05:20:34,0.195
4,115-139,1773264639,2026-03-12T05:30:39,0.185
4,115-139,1773264931,2026-03-12T05:35:31,0.185
4,115-139,1773265235,2026-03-12T05:40:35,0.185
4,115-139,1773265545,2026-03-12T05:45:45,0.185
4,115-139,1773265833,2026-03-12T05:50:33,0.185
4,115-139,1773266134,2026-03-12T05:55:34,0.185
4,115-139,1773266445,2026-03-12T06:00:45,0.185
4,115-139,1773266747,2026-03-12T06:05:47,0.185
4,115-139,1773267032,2026-03-12T06:10:32,0.185
4,115-139,1773267333,2026-03-12T06:15:33,0.185
4,115-139,1773267635,2026-03-12T06:20:35,0.185
4,115-139,1773267929,2026-03-12T06:25:29,0.185
4,115-139,1773268241,2026-03-12T06:30:41,0.185
4,115-139,1773268533,2026-03-12T06:35:33,0.185
4,115-139,1773268832,2026-03-12T06:40:32,0.185
4,115-139,1773269144,2026-03-12T06:45:44,0.185
4,115-139,1773269435,2026-03-12T06:50:35,0.185
4,115-139,1773269737,2026-03-12T06:55:37,0.185
4,115-139,1773270037,2026-03-12T07:00:37,0.185
4,115-139,1773270334,2026-03-12T07:05:34,0.185
4,115-139,1773270633,2026-03-12T07:10:33,0.185
4,115-139,1773270937,2026-03-12T07:15:37,0.185
4,115-139,1773271251,2026-03-12T07:20:51,0.185
4,115-139,1773271532,2026-03-12T07:25:32,0.185
4,115-139,1773271837,2026-03-12T07:30:37,0.185
4,115-139,1773272130,2026-03-12T07:35:30,0.185
4,115-139,1773272446,2026-03-12T07:40:46,0.185
4,115-139,1773272731,2026-03-12T07:45:31,0.185
4,115-139,1773273036,2026-03-12T07:50:36,0.185
4,115-139,1773273332,2026-03-12T07:55:32,0.185
4,115-139,1773273659,2026-03-12T08:00:59,0.185
4,115-139,1773273929,2026-03-12T08:05:29,0.185
4,115-139,1773274232,2026-03-12T08:10:32,0.185
4,115-139,1773274532,2026-03-12T08:15:32,0.185
4,115-139,1773274831,2026-03-12T08:20:31,0.185
4,115-139,1773275130,2026-03-12T08:25:30,0.195
4,115-139,1773275438,2026-03-12T08:30:38,0.195
4,115-139,1773275732,2026-03-12T08:35:32,0.195
4,115-139,1773276029,2026-03-12T08:40:29,0.195
4,115-139,1773276332,2026-03-12T08:45:32,0.195
4,115-139,1773276628,2026-03-12T08:50:28,0.195
4,115-139,1773276931,2026-03-12T08:55:31,0.195
4,115-139,1773277237,2026-03-12T09:00:37,0.195
4,115-139,1773277531,2026-03-12T09:05:31,0.195
4,115-139,1773277828,2026-03-12T09:10:28,0.195
4,115-139,1773278132,2026-03-12T09:15:32,0.195
4,115-139,1773278432,2026-03-12T09:20:32,0.195
4,115-139,1773278729,2026-03-12T09:25:29,0.195
4,115-139,1773279034,2026-03-12T09:30:34,0.195
4,115-139,1773279333,2026-03-12T09:35:33,0.195
4,115-139,1773279630,2026-03-12T09:40:30,0.195
4,115-139,1773279929,2026-03-12T09:45:29,0.195
4,115-139,1773280232,2026-03-12T09:50:32,0.195
4,115-139,1773280529,2026-03-12T09:55:29,0.195
4,115-139,1773280837,2026-03-12T10:00:37,0.195
4,115-139,1773281133,2026-03-12T10:05:33,0.195
4,115-139,1773281431,2026-03-12T10:10:31,0.195
4,115-139,1773281733,2026-03-12T10:15:33,0.195
4,115-139,1773282033,2026-03-12T10:20:33,0.195
4,115-139,1773282335,2026-03-12T10:25:35,0.195
4,115-139,1773282639,2026-03-12T10:30:39,0.195
4,115-139,1773282947,2026-03-12T10:35:47,0.185
4,115-139,1773283244,2026-03-12T10:40:44,0.185
4,115-139,1773283533,2026-03-12T10:45:33,0.175
4,115-139,1773283832,2026-03-12T10:50:32,0.175
4,115-139,1773284132,2026-03-12T10:55:32,0.175
4,115-139,1773284454,2026-03-12T11:00:54,0.175
4,115-139,1773284733,2026-03-12T11:05:33,0.175
4,115-139,1773285030,2026-03-12T11:10:30,0.175
4,115-139,1773285331,2026-03-12T11:15:31,0.175
4,115-139,1773285629,2026-03-12T11:20:29,0.175
4,115-139,1773285931,2026-03-12T11:25:31,0.175
4,115-139,1773286248,2026-03-12T11:30:48,0.175
4,115-139,1773286533,2026-03-12T11:35:33,0.175
4,115-139,1773286832,2026-03-12T11:40:32,0.175
4,115-139,1773287140,2026-03-12T11:45:40,0.175
4,115-139,1773287429,2026-03-12T11:50:29,0.175
4,115-139,1773287731,2026-03-12T11:55:31,0.175
4,115-139,1773288038,2026-03-12T12:00:38,0.175
4,115-139,1773288330,2026-03-12T12:05:30,0.175
4,115-139,1773288632,2026-03-12T12:10:32,0.165
4,115-139,1773288932,2026-03-12T12:15:32,0.155
4,115-139,1773289231,2026-03-12T12:20:31,0.155
4,115-139,1773289530,2026-03-12T12:25:30,0.155
4,115-139,1773289837,2026-03-12T12:30:37,0.155
4,115-139,1773290133,2026-03-12T12:35:33,0.155
4,115-139,1773290429,2026-03-12T12:40:29,0.155
4,115-139,1773290730,2026-03-12T12:45:30,0.155
4,115-139,1773291040,2026-03-12T12:50:40,0.155
4,115-139,1773291329,2026-03-12T12:55:29,0.155
4,115-139,1773291646,2026-03-12T13:00:46,0.155
4,115-139,1773291931,2026-03-12T13:05:31,0.155
4,115-139,1773292229,2026-03-12T13:10:29,0.155
4,115-139,1773292531,2026-03-12T13:15:31,0.155
4,115-139,1773292830,2026-03-12T13:20:30,0.155
4,115-139,1773293132,2026-03-12T13:25:32,0.155
4,115-139,1773293437,2026-03-12T13:30:37,0.155
4,115-139,1773293732,2026-03-12T13:35:32,0.155
4,115-139,1773294030,2026-03-12T13:40:30,0.155
4,115-139,1773294329,2026-03-12T13:45:29,0.155
4,115-139,1773294631,2026-03-12T13:50:31,0.155
4,115-139,1773294930,2026-03-12T13:55:30,0.155
4,115-139,1773295255,2026-03-12T14:00:55,0.155
4,115-139,1773295530,2026-03-12T14:05:30,0.155
4,115-139,1773295831,2026-03-12T14:10:31,0.155
4,115-139,1773296131,2026-03-12T14:15:31,0.155
4,115-139,1773296431,2026-03-12T14:20:31,0.165
4,115-139,1773296731,2026-03-12T14:25:31,0.165
4,115-139,1773297036,2026-03-12T14:30:36,0.16
4,115-139,1773297342,2026-03-12T14:35:42,0.16
4,115-139,1773297629,2026-03-12T14:40:29,0.16
4,115-139,1773297932,2026-03-12T14:45:32,0.16
4,115-139,1773298228,2026-03-12T14:50:28,0.16
4,115-139,1773298532,2026-03-12T14:55:32,0.16
4,115-139,1773298842,2026-03-12T15:00:42,0.16
4,115-139,1773299132,2026-03-12T15:05:32,0.16
4,115-139,1773299429,2026-03-12T15:10:29,0.17
4,115-139,1773299733,2026-03-12T15:15:33,0.17
4,115-139,1773300029,2026-03-12T15:20:29,0.17
4,115-139,1773300331,2026-03-12T15:25:31,0.175
4,115-139,1773300637,2026-03-12T15:30:37,0.175
4,115-139,1773300930,2026-03-12T15:35:30,0.175
4,115-139,1773301233,2026-03-12T15:40:33,0.175
4,115-139,1773301531,2026-03-12T15:45:31,0.175
4,115-139,1773301832,2026-03-12T15:50:32,0.175
4,115-139,1773302129,2026-03-12T15:55:29,0.175
4,115-139,1773302442,2026-03-12T16:00:42,0.175
4,115-139,1773302731,2026-03-12T16:05:31,0.175
4,115-139,1773303030,2026-03-12T16:10:30,0.175
4,115-139,1773303331,2026-03-12T16:15:31,0.175
4,115-139,1773303630,2026-03-12T16:20:30,0.175
4,115-139,1773303941,2026-03-12T16:25:41,0.175
4,115-139,1773304235,2026-03-12T16:30:35,0.175
4,115-139,1773304529,2026-03-12T16:35:29,0.175
4,115-139,1773304841,2026-03-12T16:40:41,0.175
4,115-139,1773305129,2026-03-12T16:45:29,0.175
4,115-139,1773305432,2026-03-12T16:50:32,0.175
4,115-139,1773305739,2026-03-12T16:55:39,0.175
4,115-139,1773306051,2026-03-12T17:00:51,0.175
4,115-139,1773306331,2026-03-12T17:05:31,0.175
4,115-139,1773306630,2026-03-12T17:10:30,0.175
4,115-139,1773306929,2026-03-12T17:15:29,0.175
4,115-139,1773307228,2026-03-12T17:20:28,0.175
4,115-139,1773307531,2026-03-12T17:25:31,0.175
4,115-139,1773307838,2026-03-12T17:30:38,0.175
4,115-139,1773308131,2026-03-12T17:35:31,0.175
4,115-139,1773308429,2026-03-12T17:40:29,0.175
4,115-139,1773308732,2026-03-12T17:45:32,0.175
4,115-139,1773309029,2026-03-12T17:50:29,0.175
4,115-139,1773309332,2026-03-12T17:55:32,0.175
4,115-139,1773309933,2026-03-12T18:05:33,0.175
4,115-139,1773310233,2026-03-12T18:10:33,0.195
4,115-139,1773310532,2026-03-12T18:15:32,0.195
4,115-139,1773310832,2026-03-12T18:20:32,0.195
4,115-139,1773311134,2026-03-12T18:25:34,0.195
4,115-139,1773311444,2026-03-12T18:30:44,0.195
4,115-139,1773311729,2026-03-12T18:35:29,0.195
4,115-139,1773312033,2026-03-12T18:40:33,0.195
4,115-139,1773312332,2026-03-12T18:45:32,0.195
4,115-139,1773312634,2026-03-12T18:50:34,0.195
4,115-139,1773312932,2026-03-12T18:55:32,0.195
4,115-139,1773313238,2026-03-12T19:00:38,0.195
4,115-139,1773313529,2026-03-12T19:05:29,0.195
4,115-139,1773313844,2026-03-12T19:10:44,0.19
4,115-139,1773314129,2026-03-12T19:15:29,0.19
4,115-139,1773314429,2026-03-12T19:20:29,0.19
4,115-139,1773314730,2026-03-12T19:25:30,0.19
4,115-139,1773315039,2026-03-12T19:30:39,0.19
4,115-139,1773315330,2026-03-12T19:35:30,0.19
4,115-139,1773315632,2026-03-12T19:40:32,0.19
4,115-139,1773315932,2026-03-12T19:45:32,0.185
4,115-139,1773316230,2026-03-12T19:50:30,0.185
4,115-139,1773316529,2026-03-12T19:55:29,0.185
4,115-139,1773317133,2026-03-12T20:05:33,0.185
4,115-139,1773317400,2026-03-12T20:10:00,0.185
4,115-139,1773317438,2026-03-12T20:10:38,0.185
4,115-139,1773317732,2026-03-12T20:15:32,0.185
4,115-139,1773318029,2026-03-12T20:20:29,0.185
4,115-139,1773318333,2026-03-12T20:25:33,0.185
4,115-139,1773318931,2026-03-12T20:35:31,0.185
4,115-139,1773319242,2026-03-12T20:40:42,0.185
4,115-139,1773319530,2026-03-12T20:45:30,0.185
4,115-139,1773319828,2026-03-12T20:50:28,0.185
4,115-139,1773320129,2026-03-12T20:55:29,0.185
4,115-139,1773320732,2026-03-12T21:05:32,0.185
4,115-139,1773321032,2026-03-12T21:10:32,0.185
4,115-139,1773321332,2026-03-12T21:15:32,0.185
4,115-139,1773321632,2026-03-12T21:20:32,0.185
4,115-139,1773321928,2026-03-12T21:25:28,0.19
4,115-139,1773322242,2026-03-12T21:30:42,0.19
4,115-139,1773322532,2026-03-12T21:35:32,0.19
4,115-139,1773322833,2026-03-12T21:40:33,0.185
4,115-139,1773323140,2026-03-12T21:45:40,0.185
4,115-139,1773323432,2026-03-12T21:50:32,0.185
4,115-139,1773323734,2026-03-12T21:55:34,0.185
4,115-139,1773324042,2026-03-12T22:00:42,0.185
4,115-139,1773324331,2026-03-12T22:05:31,0.185
4,115-139,1773324635,2026-03-12T22:10:35,0.19
4,115-139,1773324932,2026-03-12T22:15:32,0.19
4,115-139,1773325234,2026-03-12T22:20:34,0.19
4,115-139,1773325532,2026-03-12T22:25:32,0.195
4,115-139,1773325838,2026-03-12T22:30:38,0.215
4,115-139,1773326124,2026-03-12T22:35:24,0.215
4,115-139,1773326440,2026-03-12T22:40:40,0.205
4,115-139,1773326734,2026-03-12T22:45:34,0.205
4,115-139,1773327031,2026-03-12T22:50:31,0.205
4,115-139,1773327331,2026-03-12T22:55:31,0.205
4,115-139,1773327656,2026-03-12T23:00:56,0.205
4,115-139,1773327931,2026-03-12T23:05:31,0.205
4,115-139,1773328241,2026-03-12T23:10:41,0.205
4,115-139,1773328531,2026-03-12T23:15:31,0.205
4,115-139,1773328834,2026-03-12T23:20:34,0.205
4,115-139,1773329133,2026-03-12T23:25:33,0.205
4,115-139,1773329439,2026-03-12T23:30:39,0.205
4,115-139,1773329732,2026-03-12T23:35:32,0.205
4,115-139,1773330033,2026-03-12T23:40:33,0.205
4,115-139,1773330332,2026-03-12T23:45:32,0.205
4,115-139,1773330633,2026-03-12T23:50:33,0.205
4,115-139,1773330930,2026-03-12T23:55:30,0.205
4,115-139,1773331240,2026-03-13T00:00:40,0.205
4,115-139,1773331536,2026-03-13T00:05:36,0.21
4,115-139,1773331834,2026-03-13T00:10:34,0.21
4,115-139,1773332135,2026-03-13T00:15:35,0.205
4,115-139,1773332434,2026-03-13T00:20:34,0.21
4,115-139,1773332734,2026-03-13T00:25:34,0.21
4,115-139,1773333036,2026-03-13T00:30:36,0.21
4,115-139,1773333330,2026-03-13T00:35:30,0.205
4,115-139,1773333646,2026-03-13T00:40:46,0.205
4,115-139,1773333933,2026-03-13T00:45:33,0.2
4,115-139,1773334235,2026-03-13T00:50:35,0.185
4,115-139,1773334533,2026-03-13T00:55:33,0.185
4,115-139,1773335133,2026-03-13T01:05:33,0.185
4,115-139,1773335434,2026-03-13T01:10:34,0.185
4,115-139,1773335735,2026-03-13T01:15:35,0.185
4,115-139,1773336035,2026-03-13T01:20:35,0.185
4,115-139,1773336340,2026-03-13T01:25:40,0.185
4,115-139,1773336942,2026-03-13T01:35:42,0.185
4,115-139,1773337234,2026-03-13T01:40:34,0.185
4,115-139,1773337535,2026-03-13T01:45:35,0.195
4,115-139,1773337835,2026-03-13T01:50:35,0.19
4,115-139,1773338134,2026-03-13T01:55:34,0.185
4,115-139,1773338735,2026-03-13T02:05:35,0.185
4,115-139,1773339032,2026-03-13T02:10:32,0.185
4,115-139,1773339335,2026-03-13T02:15:35,0.185
4,115-139,1773339634,2026-03-13T02:20:34,0.175
4,115-139,1773339930,2026-03-13T02:25:30,0.175
4,115-139,1773340239,2026-03-13T02:30:39,0.17
4,115-139,1773340534,2026-03-13T02:35:34,0.17
4,115-139,1773340833,2026-03-13T02:40:33,0.165
4,115-139,1773341134,2026-03-13T02:45:34,0.155
4,115-139,1773341431,2026-03-13T02:50:31,0.155
4,115-139,1773341733,2026-03-13T02:55:33,0.155
4,115-139,1773342036,2026-03-13T03:00:36,0.155
4,115-139,1773342344,2026-03-13T03:05:44,0.155
4,115-139,1773342636,2026-03-13T03:10:36,0.155
4,115-139,1773342934,2026-03-13T03:15:34,0.155
4,115-139,1773343236,2026-03-13T03:20:36,0.155
4,115-139,1773343533,2026-03-13T03:25:33,0.155
4,115-139,1773343844,2026-03-13T03:30:44,0.155
4,115-139,1773344135,2026-03-13T03:35:35,0.155
4,115-139,1773344433,2026-03-13T03:40:33,0.155
4,115-139,1773344734,2026-03-13T03:45:34,0.165
4,115-139,1773345043,2026-03-13T03:50:43,0.17
4,115-139,1773345332,2026-03-13T03:55:32,0.17
4,115-139,1773345645,2026-03-13T04:00:45,0.175
4,115-139,1773345935,2026-03-13T04:05:35,0.175
4,115-139,1773346230,2026-03-13T04:10:30,0.175
4,115-139,1773346534,2026-03-13T04:15:34,0.175
4,115-139,1773346832,2026-03-13T04:20:32,0.17
4,115-139,1773347133,2026-03-13T04:25:33,0.17
4,115-139,1773347438,2026-03-13T04:30:38,0.17
4,115-139,1773347738,2026-03-13T04:35:38,0.16
4,115-139,1773348033,2026-03-13T04:40:33,0.165
4,115-139,1773348333,2026-03-13T04:45:33,0.165
4,115-139,1773348631,2026-03-13T04:50:31,0.165
4,115-139,1773348933,2026-03-13T04:55:33,0.175
4,115-139,1773349257,2026-03-13T05:00:57,0.175
4,115-139,1773349532,2026-03-13T05:05:32,0.17
4,115-139,1773349833,2026-03-13T05:10:33,0.18
4,115-139,1773350134,2026-03-13T05:15:34,0.2
4,115-139,1773350434,2026-03-13T05:20:34,0.18
4,115-139,1773350737,2026-03-13T05:25:37,0.175
4,115-139,1773351039,2026-03-13T05:30:39,0.175
4,115-139,1773351330,2026-03-13T05:35:30,0.175
4,115-139,1773351630,2026-03-13T05:40:30,0.18
4,115-139,1773351933,2026-03-13T05:45:33,0.175
4,115-139,1773352247,2026-03-13T05:50:47,0.175
4,115-139,1773352533,2026-03-13T05:55:33,0.175
4,115-139,1773352839,2026-03-13T06:00:39,0.175
4,115-139,1773353134,2026-03-13T06:05:34,0.175
4,115-139,1773353435,2026-03-13T06:10:35,0.175
4,115-139,1773353735,2026-03-13T06:15:35,0.17
4,115-139,1773354038,2026-03-13T06:20:38,0.17
4,115-139,1773354335,2026-03-13T06:25:35,0.165
4,115-139,1773354643,2026-03-13T06:30:43,0.165
4,115-139,1773354933,2026-03-13T06:35:33,0.165
4,115-139,1773355230,2026-03-13T06:40:30,0.155
4,115-139,1773355533,2026-03-13T06:45:33,0.155
4,115-139,1773355833,2026-03-13T06:50:33,0.155
4,115-139,1773356133,2026-03-13T06:55:33,0.16
4,115-139,1773356448,2026-03-13T07:00:48,0.15
4,115-139,1773356734,2026-03-13T07:05:34,0.15
4,115-139,1773357033,2026-03-13T07:10:33,0.135
4,115-139,1773357334,2026-03-13T07:15:34,0.135
4,115-139,1773357632,2026-03-13T07:20:32,0.135
4,115-139,1773357931,2026-03-13T07:25:31,0.135
4,115-139,1773358241,2026-03-13T07:30:41,0.135
4,115-139,1773358533,2026-03-13T07:35:33,0.135
4,115-139,1773358835,2026-03-13T07:40:35,0.135
4,115-139,1773359132,2026-03-13T07:45:32,0.135
4,115-139,1773359433,2026-03-13T07:50:33,0.135
4,115-139,1773359736,2026-03-13T07:55:36,0.135
4,115-139,1773360333,2026-03-13T08:05:33,0.135
4,115-139,1773360634,2026-03-13T08:10:34,0.135
4,115-139,1773360933,2026-03-13T08:15:33,0.13
4,115-139,1773361235,2026-03-13T08:20:35,0.125
4,115-139,1773361533,2026-03-13T08:25:33,0.125
4,115-139,1773361842,2026-03-13T08:30:42,0.125
4,115-139,1773362135,2026-03-13T08:35:35,0.12
4,115-139,1773362431,2026-03-13T08:40:31,0.115
4,115-139,1773362732,2026-03-13T08:45:32,0.125
4,115-139,1773363034,2026-03-13T08:50:34,0.125
4,115-139,1773363332,2026-03-13T08:55:32,0.115
4,115-139,1773363642,2026-03-13T09:00:42,0.11
4,115-139,1773363932,2026-03-13T09:05:32,0.095
4,115-139,1773364232,2026-03-13T09:10:32,0.11
4,115-139,1773364534,2026-03-13T09:15:34,0.115
4,115-139,1773364833,2026-03-13T09:20:33,0.115
4,115-139,1773365141,2026-03-13T09:25:41,0.115
4,115-139,1773365435,2026-03-13T09:30:35,0.115
4,115-139,1773365730,2026-03-13T09:35:30,0.115
4,115-139,1773366032,2026-03-13T09:40:32,0.12
4,115-139,1773366333,2026-03-13T09:45:33,0.12
4,115-139,1773366644,2026-03-13T09:50:44,0.12
4,115-139,1773366933,2026-03-13T09:55:33,0.12
4,115-139,1773367240,2026-03-13T10:00:40,0.12
4,115-139,1773367546,2026-03-13T10:05:46,0.11
4,115-139,1773367833,2026-03-13T10:10:33,0.105
4,115-139,1773368132,2026-03-13T10:15:32,0.1
4,115-139,1773368437,2026-03-13T10:20:37,0.1
4,115-139,1773368741,2026-03-13T10:25:41,0.1
4,115-139,1773369042,2026-03-13T10:30:42,0.1
4,115-139,1773369334,2026-03-13T10:35:34,0.1
4,115-139,1773369633,2026-03-13T10:40:33,0.105
4,115-139,1773369934,2026-03-13T10:45:34,0.11
4,115-139,1773370235,2026-03-13T10:50:35,0.11
4,115-139,1773370535,2026-03-13T10:55:35,0.11
4,115-139,1773370855,2026-03-13T11:00:55,0.115
4,115-139,1773371133,2026-03-13T11:05:33,0.13
4,115-139,1773371431,2026-03-13T11:10:31,0.115
4,115-139,1773371732,2026-03-13T11:15:32,0.12
4,115-139,1773372032,2026-03-13T11:20:32,0.12
4,115-139,1773372331,2026-03-13T11:25:31,0.12
4,115-139,1773372638,2026-03-13T11:30:38,0.12
4,115-139,1773372930,2026-03-13T11:35:30,0.1
4,115-139,1773373232,2026-03-13T11:40:32,0.105
4,115-139,1773373535,2026-03-13T11:45:35,0.105
4,115-139,1773373832,2026-03-13T11:50:32,0.105
4,115-139,1773374129,2026-03-13T11:55:29,0.105
4,115-139,1773374441,2026-03-13T12:00:41,0.1
4,115-139,1773374733,2026-03-13T12:05:33,0.1
4,115-139,1773375033,2026-03-13T12:10:33,0.1
4,115-139,1773375330,2026-03-13T12:15:30,0.1
4,115-139,1773375629,2026-03-13T12:20:29,0.1
4,115-139,1773375934,2026-03-13T12:25:34,0.1
4,115-139,1773376235,2026-03-13T12:30:35,0.1
4,115-139,1773376531,2026-03-13T12:35:31,0.1
4,115-139,1773376832,2026-03-13T12:40:32,0.1
4,115-139,1773377131,2026-03-13T12:45:31,0.105
4,115-139,1773377441,2026-03-13T12:50:41,0.1
4,115-139,1773377730,2026-03-13T12:55:30,0.1
4,115-139,1773378036,2026-03-13T13:00:36,0.1
4,115-139,1773378330,2026-03-13T13:05:30,0.1
4,115-139,1773378657,2026-03-13T13:10:57,0.1
4,115-139,1773378947,2026-03-13T13:15:47,0.1
4,115-139,1773379233,2026-03-13T13:20:33,0.1
4,115-139,1773379536,2026-03-13T13:25:36,0.105
4,115-139,1773379847,2026-03-13T13:30:47,0.1
4,115-139,1773380132,2026-03-13T13:35:32,0.1
4,115-139,1773380433,2026-03-13T13:40:33,0.095
4,115-139,1773380735,2026-03-13T13:45:35,0.1
4,115-139,1773381035,2026-03-13T13:50:35,0.1
4,115-139,1773381332,2026-03-13T13:55:32,0.1
4,115-139,1773381659,2026-03-13T14:00:59,0.1
4,115-139,1773381931,2026-03-13T14:05:31,0.1
4,115-139,1773382229,2026-03-13T14:10:29,0.1
4,115-139,1773382546,2026-03-13T14:15:46,0.1
4,115-139,1773382833,2026-03-13T14:20:33,0.1
4,115-139,1773383132,2026-03-13T14:25:32,0.105
4,115-139,1773383440,2026-03-13T14:30:40,0.125
4,115-139,1773383746,2026-03-13T14:35:46,0.125
4,115-139,1773384030,2026-03-13T14:40:30,0.135
4,115-139,1773384332,2026-03-13T14:45:32,0.145
4,115-139,1773384635,2026-03-13T14:50:35,0.165
4,115-139,1773384929,2026-03-13T14:55:29,0.185
4,115-139,1773385248,2026-03-13T15:00:48,0.17
4,115-139,1773385529,2026-03-13T15:05:29,0.185
4,115-139,1773385833,2026-03-13T15:10:33,0.185
4,115-139,1773386136,2026-03-13T15:15:36,0.17
4,115-139,1773386432,2026-03-13T15:20:32,0.155
4,115-139,1773386729,2026-03-13T15:25:29,0.15
4,115-139,1773387040,2026-03-13T15:30:40,0.145
4,115-139,1773387332,2026-03-13T15:35:32,0.14
4,115-139,1773387637,2026-03-13T15:40:37,0.135
4,115-139,1773387930,2026-03-13T15:45:30,0.135
4,115-139,1773388235,2026-03-13T15:50:35,0.135
4,115-139,1773388533,2026-03-13T15:55:33,0.135
4,115-139,1773388838,2026-03-13T16:00:38,0.135
4,115-139,1773389135,2026-03-13T16:05:35,0.135
4,115-139,1773389438,2026-03-13T16:10:38,0.135
4,115-139,1773389732,2026-03-13T16:15:32,0.135
4,115-139,1773390032,2026-03-13T16:20:32,0.135
4,115-139,1773390332,2026-03-13T16:25:32,0.135
4,115-139,1773390638,2026-03-13T16:30:38,0.135
4,115-139,1773390936,2026-03-13T16:35:36,0.135
4,115-139,1773391230,2026-03-13T16:40:30,0.135
4,115-139,1773391533,2026-03-13T16:45:33,0.135
4,115-139,1773391831,2026-03-13T16:50:31,0.135
4,115-139,1773392132,2026-03-13T16:55:32,0.135
4,115-139,1773392457,2026-03-13T17:00:57,0.135
4,115-139,1773392732,2026-03-13T17:05:32,0.135
4,115-139,1773393029,2026-03-13T17:10:29,0.125
4,115-139,1773393333,2026-03-13T17:15:33,0.13
4,115-139,1773393630,2026-03-13T17:20:30,0.13
4,115-139,1773393932,2026-03-13T17:25:32,0.13
4,115-139,1773394235,2026-03-13T17:30:35,0.13
4,115-139,1773394533,2026-03-13T17:35:33,0.13
4,115-139,1773394837,2026-03-13T17:40:37,0.14
4,115-139,1773395133,2026-03-13T17:45:33,0.14
4,115-139,1773395432,2026-03-13T17:50:32,0.14
4,115-139,1773395730,2026-03-13T17:55:30,0.14
4,115-139,1773396039,2026-03-13T18:00:39,0.125
4,115-139,1773396335,2026-03-13T18:05:35,0.125
4,115-139,1773396632,2026-03-13T18:10:32,0.125
4,115-139,1773396934,2026-03-13T18:15:34,0.125
4,115-139,1773397531,2026-03-13T18:25:31,0.13
4,115-139,1773398136,2026-03-13T18:35:36,0.125
4,115-139,1773398433,2026-03-13T18:40:33,0.125
4,115-139,1773398742,2026-03-13T18:45:42,0.125
4,115-139,1773399032,2026-03-13T18:50:32,0.125
4,115-139,1773399330,2026-03-13T18:55:30,0.125
4,115-139,1773399654,2026-03-13T19:00:54,0.125
4,115-139,1773399931,2026-03-13T19:05:31,0.125
4,115-139,1773400232,2026-03-13T19:10:32,0.125
4,115-139,1773400534,2026-03-13T19:15:34,0.125
4,115-139,1773400833,2026-03-13T19:20:33,0.125
4,115-139,1773401136,2026-03-13T19:25:36,0.125
4,115-139,1773401438,2026-03-13T19:30:38,0.125
4,115-139,1773401731,2026-03-13T19:35:31,0.125
4,115-139,1773402032,2026-03-13T19:40:32,0.125
4,115-139,1773402335,2026-03-13T19:45:35,0.125
4,115-139,1773402646,2026-03-13T19:50:46,0.125
4,115-139,1773402937,2026-03-13T19:55:37,0.125
4,115-139,1773403533,2026-03-13T20:05:33,0.125
4,115-139,1773404137,2026-03-13T20:15:37,0.14
4,115-139,1773404432,2026-03-13T20:20:32,0.145
4,115-139,1773404734,2026-03-13T20:25:34,0.165
4,115-139,1773405338,2026-03-13T20:35:38,0.16
4,115-139,1773405635,2026-03-13T20:40:35,0.145
4,115-139,1773405937,2026-03-13T20:45:37,0.15
4,115-139,1773406234,2026-03-13T20:50:34,0.15
4,115-139,1773406534,2026-03-13T20:55:34,0.15
4,115-139,1773406849,2026-03-13T21:00:49,0.17
4,115-139,1773407149,2026-03-13T21:05:49,0.185
4,115-139,1773407437,2026-03-13T21:10:37,0.185
4,115-139,1773407747,2026-03-13T21:15:47,0.2
4,115-139,1773408033,2026-03-13T21:20:33,0.225
4,115-139,1773408332,2026-03-13T21:25:32,0.23
4,115-139,1773408640,2026-03-13T21:30:40,0.23
4,115-139,1773408938,2026-03-13T21:35:38,0.215
4,115-139,1773409232,2026-03-13T21:40:32,0.21
4,115-139,1773409532,2026-03-13T21:45:32,0.23
4,115-139,1773409833,2026-03-13T21:50:33,0.245
4,115-139,1773410133,2026-03-13T21:55:33,0.25
4,115-139,1773410454,2026-03-13T22:00:54,0.24
4,115-139,1773410734,2026-03-13T22:05:34,0.245
4,115-139,1773411035,2026-03-13T22:10:35,0.24
4,115-139,1773411334,2026-03-13T22:15:34,0.275
4,115-139,1773411632,2026-03-13T22:20:32,0.28
4,115-139,1773411933,2026-03-13T22:25:33,0.265
4,115-139,1773412241,2026-03-13T22:30:41,0.27
4,115-139,1773412533,2026-03-13T22:35:33,0.25
4,115-139,1773412833,2026-03-13T22:40:33,0.245
4,115-139,1773413132,2026-03-13T22:45:32,0.25
4,115-139,1773413431,2026-03-13T22:50:31,0.25
4,115-139,1773413735,2026-03-13T22:55:35,0.255
4,115-139,1773414335,2026-03-13T23:05:35,0.245
4,115-139,1773414632,2026-03-13T23:10:32,0.22
4,115-139,1773414934,2026-03-13T23:15:34,0.215
4,115-139,1773415235,2026-03-13T23:20:35,0.215
4,115-139,1773415535,2026-03-13T23:25:35,0.215
4,115-139,1773415843,2026-03-13T23:30:43,0.21
4,115-139,1773416132,2026-03-13T23:35:32,0.21
4,115-139,1773416435,2026-03-13T23:40:35,0.21
4,115-139,1773416733,2026-03-13T23:45:33,0.21
4,115-139,1773417046,2026-03-13T23:50:46,0.21
4,115-139,1773417335,2026-03-13T23:55:35,0.21
4,115-139,1773417651,2026-03-14T00:00:51,0.19
4,115-139,1773417937,2026-03-14T00:05:37,0.17
4,115-139,1773418233,2026-03-14T00:10:33,0.205
4,115-139,1773418532,2026-03-14T00:15:32,0.19
4,115-139,1773418832,2026-03-14T00:20:32,0.18
4,115-139,1773419134,2026-03-14T00:25:34,0.165
4,115-139,1773419441,2026-03-14T00:30:41,0.165
4,115-139,1773419732,2026-03-14T00:35:32,0.16
4,115-139,1773420034,2026-03-14T00:40:34,0.155
4,115-139,1773420333,2026-03-14T00:45:33,0.155
4,115-139,1773420634,2026-03-14T00:50:34,0.16
4,115-139,1773420931,2026-03-14T00:55:31,0.16
4,115-139,1773421240,2026-03-14T01:00:40,0.16
4,115-139,1773421536,2026-03-14T01:05:36,0.165
4,115-139,1773421833,2026-03-14T01:10:33,0.165
4,115-139,1773422147,2026-03-14T01:15:47,0.165
4,115-139,1773422435,2026-03-14T01:20:35,0.17
4,115-139,1773422733,2026-03-14T01:25:33,0.165
4,115-139,1773423040,2026-03-14T01:30:40,0.15
4,115-139,1773423333,2026-03-14T01:35:33,0.14
4,115-139,1773423634,2026-03-14T01:40:34,0.14
4,115-139,1773423936,2026-03-14T01:45:36,0.18
4,115-139,1773424232,2026-03-14T01:50:32,0.175
4,115-139,1773424533,2026-03-14T01:55:33,0.16
4,115-139,1773425134,2026-03-14T02:05:34,0.155
4,115-139,1773425437,2026-03-14T02:10:37,0.16
4,115-139,1773425734,2026-03-14T02:15:34,0.165
4,115-139,1773426032,2026-03-14T02:20:32,0.2
4,115-139,1773426334,2026-03-14T02:25:34,0.175
4,115-139,1773426637,2026-03-14T02:30:37,0.175
4,115-139,1773426932,2026-03-14T02:35:32,0.17
4,115-139,1773427233,2026-03-14T02:40:33,0.21
4,115-139,1773427534,2026-03-14T02:45:34,0.205
4,115-139,1773427831,2026-03-14T02:50:31,0.205
4,115-139,1773428134,2026-03-14T02:55:34,0.19
4,115-139,1773428455,2026-03-14T03:00:55,0.275
4,115-139,1773428731,2026-03-14T03:05:31,0.295
4,115-139,1773429033,2026-03-14T03:10:33,0.295
4,115-139,1773429333,2026-03-14T03:15:33,0.275
4,115-139,1773429633,2026-03-14T03:20:33,0.29
4,115-139,1773429947,2026-03-14T03:25:47,0.275
4,115-139,1773430202,2026-03-14T03:30:02,0.285
4,115-139,1773430244,2026-03-14T03:30:44,0.285
4,115-139,1773430535,2026-03-14T03:35:35,0.305
4,115-139,1773430832,2026-03-14T03:40:32,0.305
4,115-139,1773431134,2026-03-14T03:45:34,0.29
4,115-139,1773431439,2026-03-14T03:50:39,0.285
4,115-139,1773431734,2026-03-14T03:55:34,0.265
4,115-139,1773432039,2026-03-14T04:00:39,0.28
4,115-139,1773432334,2026-03-14T04:05:34,0.325
4,115-139,1773432631,2026-03-14T04:10:31,0.305
4,115-139,1773432951,2026-03-14T04:15:51,0.295
4,115-139,1773433246,2026-03-14T04:20:46,0.31
4,115-139,1773433530,2026-03-14T04:25:30,0.3
4,115-139,1773433856,2026-03-14T04:30:56,0.295
4,115-139,1773434131,2026-03-14T04:35:31,0.285
4,115-139,1773434445,2026-03-14T04:40:45,0.295
4,115-139,1773434735,2026-03-14T04:45:35,0.29
4,115-139,1773435033,2026-03-14T04:50:33,0.29
4,115-139,1773435333,2026-03-14T04:55:33,0.29
4,115-139,1773435932,2026-03-14T05:05:32,0.29
4,115-139,1773436234,2026-03-14T05:10:34,0.285
4,115-139,1773436534,2026-03-14T05:15:34,0.275
4,115-139,1773436830,2026-03-14T05:20:30,0.26
4,115-139,1773437130,2026-03-14T05:25:30,0.27
4,115-139,1773437437,2026-03-14T05:30:37,0.27
4,115-139,1773437734,2026-03-14T05:35:34,0.265
4,115-139,1773438031,2026-03-14T05:40:31,0.265
4,115-139,1773438334,2026-03-14T05:45:34,0.255
4,115-139,1773438633,2026-03-14T05:50:33,0.26
4,115-139,1773439253,2026-03-14T06:00:53,0.245
4,115-139,1773439531,2026-03-14T06:05:31,0.25
4,115-139,1773439832,2026-03-14T06:10:32,0.275
4,115-139,1773440153,2026-03-14T06:15:53,0.24
4,115-139,1773440431,2026-03-14T06:20:31,0.28
4,115-139,1773440732,2026-03-14T06:25:32,0.265
4,115-139,1773441046,2026-03-14T06:30:46,0.255
4,115-139,1773441335,2026-03-14T06:35:35,0.255
4,115-139,1773441635,2026-03-14T06:40:35,0.26
4,115-139,1773441933,2026-03-14T06:45:33,0.255
4,115-139,1773442235,2026-03-14T06:50:35,0.255
4,115-139,1773442549,2026-03-14T06:55:49,0.26
4,115-139,1773442837,2026-03-14T07:00:37,0.245
4,115-139,1773443135,2026-03-14T07:05:35,0.25
4,115-139,1773443433,2026-03-14T07:10:33,0.24
4,115-139,1773443733,2026-03-14T07:15:33,0.24
4,115-139,1773444035,2026-03-14T07:20:35,0.235
4,115-139,1773444332,2026-03-14T07:25:32,0.235
4,115-139,1773444641,2026-03-14T07:30:41,0.255
4,115-139,1773444936,2026-03-14T07:35:36,0.255
4,115-139,1773445232,2026-03-14T07:40:32,0.245
4,115-139,1773445538,2026-03-14T07:45:38,0.265
4,115-139,1773445834,2026-03-14T07:50:34,0.265
4,115-139,1773446131,2026-03-14T07:55:31,0.265
4,115-139,1773446737,2026-03-14T08:05:37,0.265
4,115-139,1773447048,2026-03-14T08:10:48,0.265
4,115-139,1773447332,2026-03-14T08:15:32,0.265
4,115-139,1773447634,2026-03-14T08:20:34,0.265
4,115-139,1773447938,2026-03-14T08:25:38,0.25
4,115-139,1773448238,2026-03-14T08:30:38,0.26
4,115-139,1773448536,2026-03-14T08:35:36,0.23
4,115-139,1773449131,2026-03-14T08:45:31,0.235
4,115-139,1773449432,2026-03-14T08:50:32,0.23
4,115-139,1773449732,2026-03-14T08:55:32,0.225
4,115-139,1773450039,2026-03-14T09:00:39,0.225
4,115-139,1773450332,2026-03-14T09:05:32,0.23
4,115-139,1773450632,2026-03-14T09:10:32,0.225
4,115-139,1773450931,2026-03-14T09:15:31,0.225
4,115-139,1773451231,2026-03-14T09:20:31,0.22
4,115-139,1773451529,2026-03-14T09:25:29,0.22
4,115-139,1773451848,2026-03-14T09:30:48,0.225
4,115-139,1773452131,2026-03-14T09:35:31,0.22
4,115-139,1773452432,2026-03-14T09:40:32,0.215
4,115-139,1773452732,2026-03-14T09:45:32,0.22
4,115-139,1773453034,2026-03-14T09:50:34,0.225
4,115-139,1773453332,2026-03-14T09:55:32,0.225
4,115-139,1773453638,2026-03-14T10:00:38,0.225
4,115-139,1773453930,2026-03-14T10:05:30,0.215
4,115-139,1773454232,2026-03-14T10:10:32,0.205
4,115-139,1773454530,2026-03-14T10:15:30,0.215
4,115-139,1773454833,2026-03-14T10:20:33,0.205
4,115-139,1773455135,2026-03-14T10:25:35,0.205
4,115-139,1773455446,2026-03-14T10:30:46,0.205
4,115-139,1773455745,2026-03-14T10:35:45,0.215
4,115-139,1773456032,2026-03-14T10:40:32,0.215
4,115-139,1773456331,2026-03-14T10:45:31,0.215
4,115-139,1773456630,2026-03-14T10:50:30,0.22
4,115-139,1773456931,2026-03-14T10:55:31,0.22
4,115-139,1773457532,2026-03-14T11:05:32,0.23
4,115-139,1773457831,2026-03-14T11:10:31,0.23
4,115-139,1773458131,2026-03-14T11:15:31,0.24
4,115-139,1773458435,2026-03-14T11:20:35,0.225
4,115-139,1773458736,2026-03-14T11:25:36,0.225
4,115-139,1773459041,2026-03-14T11:30:41,0.225
4,115-139,1773459335,2026-03-14T11:35:35,0.23
4,115-139,1773459635,2026-03-14T11:40:35,0.24
4,115-139,1773459931,2026-03-14T11:45:31,0.285
4,115-139,1773460233,2026-03-14T11:50:33,0.255
4,115-139,1773460534,2026-03-14T11:55:34,0.255
4,115-139,1773460837,2026-03-14T12:00:37,0.25
4,115-139,1773461133,2026-03-14T12:05:33,0.27
4,115-139,1773461434,2026-03-14T12:10:34,0.32
4,115-139,1773461732,2026-03-14T12:15:32,0.325
4,115-139,1773462041,2026-03-14T12:20:41,0.335
4,115-139,1773462333,2026-03-14T12:25:33,0.33
4,115-139,1773462640,2026-03-14T12:30:40,0.365
4,115-139,1773462931,2026-03-14T12:35:31,0.375
4,115-139,1773463230,2026-03-14T12:40:30,0.34
4,115-139,1773463534,2026-03-14T12:45:34,0.34
4,115-139,1773463841,2026-03-14T12:50:41,0.335
4,115-139,1773464131,2026-03-14T12:55:31,0.35
4,115-139,1773464438,2026-03-14T13:00:38,0.335
4,115-139,1773464732,2026-03-14T13:05:32,0.32
4,115-139,1773465035,2026-03-14T13:10:35,0.325
4,115-139,1773465336,2026-03-14T13:15:36,0.335
4,115-139,1773465633,2026-03-14T13:20:33,0.315
4,115-139,1773465935,2026-03-14T13:25:35,0.29
4,115-139,1773466239,2026-03-14T13:30:39,0.275
4,115-139,1773466530,2026-03-14T13:35:30,0.255
4,115-139,1773466833,2026-03-14T13:40:33,0.25
4,115-139,1773467133,2026-03-14T13:45:33,0.245
4,115-139,1773467433,2026-03-14T13:50:33,0.245
4,115-139,1773467732,2026-03-14T13:55:32,0.24
4,115-139,1773468334,2026-03-14T14:05:34,0.23
4,115-139,1773468633,2026-03-14T14:10:33,0.24
4,115-139,1773468936,2026-03-14T14:15:36,0.235
4,115-139,1773469232,2026-03-14T14:20:32,0.205
4,115-139,1773469531,2026-03-14T14:25:31,0.2
4,115-139,1773469839,2026-03-14T14:30:39,0.285
4,115-139,1773470146,2026-03-14T14:35:46,0.33
4,115-139,1773470432,2026-03-14T14:40:32,0.345
4,115-139,1773470747,2026-03-14T14:45:47,0.365
4,115-139,1773471035,2026-03-14T14:50:35,0.355
4,115-139,1773471333,2026-03-14T14:55:33,0.395
4,115-139,1773471638,2026-03-14T15:00:38,0.315
4,115-139,1773471936,2026-03-14T15:05:36,0.29
4,115-139,1773472235,2026-03-14T15:10:35,0.285
4,115-139,1773472533,2026-03-14T15:15:33,0.265
4,115-139,1773472831,2026-03-14T15:20:31,0.255
4,115-139,1773473134,2026-03-14T15:25:34,0.255
4,115-139,1773473442,2026-03-14T15:30:42,0.28
4,115-139,1773473736,2026-03-14T15:35:36,0.28
4,115-139,1773474034,2026-03-14T15:40:34,0.275
4,115-139,1773474343,2026-03-14T15:45:43,0.275
4,115-139,1773474633,2026-03-14T15:50:33,0.285
4,115-139,1773474931,2026-03-14T15:55:31,0.28
4,115-139,1773475240,2026-03-14T16:00:40,0.29
4,115-139,1773475534,2026-03-14T16:05:34,0.29
4,115-139,1773475831,2026-03-14T16:10:31,0.29
4,115-139,1773476134,2026-03-14T16:15:34,0.295
4,115-139,1773476432,2026-03-14T16:20:32,0.29
4,115-139,1773476729,2026-03-14T16:25:29,0.29
4,115-139,1773477035,2026-03-14T16:30:35,0.285
4,115-139,1773477332,2026-03-14T16:35:32,0.305
4,115-139,1773477631,2026-03-14T16:40:31,0.28
4,115-139,1773477946,2026-03-14T16:45:46,0.28
4,115-139,1773478233,2026-03-14T16:50:33,0.285
4,115-139,1773478534,2026-03-14T16:55:34,0.285
4,115-139,1773478858,2026-03-14T17:00:58,0.29
4,115-139,1773479131,2026-03-14T17:05:31,0.29
4,115-139,1773479432,2026-03-14T17:10:32,0.295
4,115-139,1773479732,2026-03-14T17:15:32,0.3
4,115-139,1773480033,2026-03-14T17:20:33,0.295
4,115-139,1773480333,2026-03-14T17:25:33,0.28
4,115-139,1773480639,2026-03-14T17:30:39,0.29
4,115-139,1773480930,2026-03-14T17:35:30,0.29
4,115-139,1773481231,2026-03-14T17:40:31,0.285
4,115-139,1773481537,2026-03-14T17:45:37,0.285
4,115-139,1773481831,2026-03-14T17:50:31,0.275
4,115-139,1773482132,2026-03-14T17:55:32,0.275
4,115-139,1773482439,2026-03-14T18:00:39,0.28
4,115-139,1773482733,2026-03-14T18:05:33,0.28
4,115-139,1773483042,2026-03-14T18:10:42,0.28
4,115-139,1773483348,2026-03-14T18:15:48,0.285
4,115-139,1773483636,2026-03-14T18:20:36,0.285
4,115-139,1773483941,2026-03-14T18:25:41,0.29
4,115-139,1773484238,2026-03-14T18:30:38,0.295
4,115-139,1773484531,2026-03-14T18:35:31,0.3
4,115-139,1773484836,2026-03-14T18:40:36,0.295
4,115-139,1773485134,2026-03-14T18:45:34,0.3
4,115-139,1773485440,2026-03-14T18:50:40,0.3
4,115-139,1773485731,2026-03-14T18:55:31,0.315
4,115-139,1773486040,2026-03-14T19:00:40,0.31
4,115-139,1773486335,2026-03-14T19:05:35,0.31
4,115-139,1773486631,2026-03-14T19:10:31,0.32
4,115-139,1773486931,2026-03-14T19:15:31,0.325
4,115-139,1773487235,2026-03-14T19:20:35,0.315
4,115-139,1773487535,2026-03-14T19:25:35,0.315
4,115-139,1773487850,2026-03-14T19:30:50,0.315
4,115-139,1773488135,2026-03-14T19:35:35,0.31
4,115-139,1773488431,2026-03-14T19:40:31,0.325
4,115-139,1773488732,2026-03-14T19:45:32,0.32
4,115-139,1773489038,2026-03-14T19:50:38,0.32
4,115-139,1773489336,2026-03-14T19:55:36,0.32
4,115-139,1773489936,2026-03-14T20:05:36,0.33
4,115-139,1773490233,2026-03-14T20:10:33,0.32
4,115-139,1773490534,2026-03-14T20:15:34,0.31
4,115-139,1773490833,2026-03-14T20:20:33,0.305
4,115-139,1773491148,2026-03-14T20:25:48,0.295
4,115-139,1773491735,2026-03-14T20:35:35,0.255
4,115-139,1773492035,2026-03-14T20:40:35,0.25
4,115-139,1773492344,2026-03-14T20:45:44,0.245
4,115-139,1773492632,2026-03-14T20:50:32,0.24
4,115-139,1773492936,2026-03-14T20:55:36,0.24
4,115-139,1773493534,2026-03-14T21:05:34,0.375
4,115-139,1773493834,2026-03-14T21:10:34,0.295
4,115-139,1773494135,2026-03-14T21:15:35,0.315
4,115-139,1773494436,2026-03-14T21:20:36,0.3
4,115-139,1773494734,2026-03-14T21:25:34,0.245
4,115-139,1773495049,2026-03-14T21:30:49,0.235
4,115-139,1773495337,2026-03-14T21:35:37,0.295
4,115-139,1773495633,2026-03-14T21:40:33,0.35
4,115-139,1773495949,2026-03-14T21:45:49,0.425
4,115-139,1773496245,2026-03-14T21:50:45,0.355
4,115-139,1773496536,2026-03-14T21:55:36,0.405
4,115-139,1773496841,2026-03-14T22:00:41,0.52
4,115-139,1773497135,2026-03-14T22:05:35,0.445
4,115-139,1773497432,2026-03-14T22:10:32,0.38
4,115-139,1773497735,2026-03-14T22:15:35,0.275
4,115-139,1773498037,2026-03-14T22:20:37,0.22
4,115-139,1773498331,2026-03-14T22:25:31,0.185
4,115-139,1773498645,2026-03-14T22:30:45,0.145
4,115-139,1773498917,2026-03-14T22:35:17,0.115
4,115-139,1773498958,2026-03-14T22:35:58,0.105
4,115-139,1773499233,2026-03-14T22:40:33,0.095
4,115-139,1773499535,2026-03-14T22:45:35,0.095
4,115-139,1773499831,2026-03-14T22:50:31,0.095
4,115-139,1773500131,2026-03-14T22:55:31,0.085
4,115-139,1773500733,2026-03-14T23:05:33,0.14
4,115-139,1773501034,2026-03-14T23:10:34,0.11
4,115-139,1773501333,2026-03-14T23:15:33,0.095
4,115-139,1773501632,2026-03-14T23:20:32,0.09
4,115-139,1773501936,2026-03-14T23:25:36,0.065
4,115-139,1773502255,2026-03-14T23:30:55,0.055
4,115-139,1773502535,2026-03-14T23:35:35,0.04
4,115-139,1773502833,2026-03-14T23:40:33,0.025
4,115-139,1773503132,2026-03-14T23:45:32,0.0055
4,115-139,1773503433,2026-03-14T23:50:33,0.0005
4,115-139,1773503734,2026-03-14T23:55:34,0.0005
4,115-139,1773504043,2026-03-15T00:00:43,0.0005
4,115-139,1773504335,2026-03-15T00:05:35,0.0005
4,115-139,1773504638,2026-03-15T00:10:38,0.0005
4,115-139,1773504932,2026-03-15T00:15:32,0.0005
4,115-139,1773505235,2026-03-15T00:20:35,0.0005
4,115-139,1773505535,2026-03-15T00:25:35,0.0005
4,115-139,1773505839,2026-03-15T00:30:39,0.0005
4,115-139,1773506134,2026-03-15T00:35:34,0.0005
4,115-139,1773506434,2026-03-15T00:40:34,0.0005
4,115-139,1773506736,2026-03-15T00:45:36,0.0005
4,115-139,1773507036,2026-03-15T00:50:36,0.0005
4,115-139,1773507336,2026-03-15T00:55:36,0.0005
4,115-139,1773507936,2026-03-15T01:05:36,0.0005
4,115-139,1773508234,2026-03-15T01:10:34,0.0005
4,115-139,1773508534,2026-03-15T01:15:34,0.0005
4,115-139,1773508833,2026-03-15T01:20:33,0.0005
4,115-139,1773509148,2026-03-15T01:25:48,0.0005
4,115-139,1773509452,2026-03-15T01:30:52,0.0005
4,115-139,1773509737,2026-03-15T01:35:37,0.0005
4,115-139,1773510030,2026-03-15T01:40:30,0.0005
4,115-139,1773510332,2026-03-15T01:45:32,0.0005
4,115-139,1773510632,2026-03-15T01:50:32,0.0005
4,115-139,1773510934,2026-03-15T01:55:34,0.0005
4,115-139,1773511259,2026-03-15T02:00:59,0.0005
4,115-139,1773511531,2026-03-15T02:05:31,0.0005
4,115-139,1773511833,2026-03-15T02:10:33,0.0005
4,115-139,1773512134,2026-03-15T02:15:34,0.0005
4,115-139,1773512432,2026-03-15T02:20:32,0.0005
4,115-139,1773512734,2026-03-15T02:25:34,0.0005
4,115-139,1773513039,2026-03-15T02:30:39,0.0005
4,115-139,1773513331,2026-03-15T02:35:31,0.0005
4,115-139,1773513631,2026-03-15T02:40:31,0.0005
4,115-139,1773513931,2026-03-15T02:45:31,0.0005
4,115-139,1773514247,2026-03-15T02:50:47,0.0005
4,115-139,1773514531,2026-03-15T02:55:31,0.0005
5,140-164,1773074719,2026-03-10T00:45:19,0.05
5,140-164,1773075017,2026-03-10T00:50:17,0.05
5,140-164,1773075318,2026-03-10T00:55:18,0.06
5,140-164,1773075624,2026-03-10T01:00:24,0.055
5,140-164,1773075920,2026-03-10T01:05:20,0.055
5,140-164,1773076233,2026-03-10T01:10:33,0.055
5,140-164,1773076518,2026-03-10T01:15:18,0.055
5,140-164,1773076820,2026-03-10T01:20:20,0.055
5,140-164,1773077119,2026-03-10T01:25:19,0.055
5,140-164,1773077421,2026-03-10T01:30:21,0.055
5,140-164,1773077720,2026-03-10T01:35:20,0.055
5,140-164,1773078019,2026-03-10T01:40:19,0.055
5,140-164,1773078321,2026-03-10T01:45:21,0.055
5,140-164,1773078619,2026-03-10T01:50:19,0.055
5,140-164,1773078918,2026-03-10T01:55:18,0.055
5,140-164,1773079223,2026-03-10T02:00:23,0.055
5,140-164,1773079519,2026-03-10T02:05:19,0.045
5,140-164,1773079819,2026-03-10T02:10:19,0.045
5,140-164,1773080119,2026-03-10T02:15:19,0.045
5,140-164,1773080418,2026-03-10T02:20:18,0.045
5,140-164,1773080721,2026-03-10T02:25:21,0.045
5,140-164,1773081020,2026-03-10T02:30:20,0.045
5,140-164,1773081319,2026-03-10T02:35:19,0.045
5,140-164,1773081618,2026-03-10T02:40:18,0.045
5,140-164,1773081919,2026-03-10T02:45:19,0.045
5,140-164,1773082219,2026-03-10T02:50:19,0.045
5,140-164,1773082520,2026-03-10T02:55:20,0.045
5,140-164,1773082822,2026-03-10T03:00:22,0.055
5,140-164,1773083120,2026-03-10T03:05:20,0.055
5,140-164,1773083421,2026-03-10T03:10:21,0.055
5,140-164,1773083719,2026-03-10T03:15:19,0.055
5,140-164,1773084019,2026-03-10T03:20:19,0.055
5,140-164,1773084321,2026-03-10T03:25:21,0.065
5,140-164,1773084620,2026-03-10T03:30:20,0.065
5,140-164,1773084919,2026-03-10T03:35:19,0.065
5,140-164,1773085219,2026-03-10T03:40:19,0.065
5,140-164,1773085519,2026-03-10T03:45:19,0.065
5,140-164,1773085820,2026-03-10T03:50:20,0.025
5,140-164,1773086120,2026-03-10T03:55:20,0.021
5,140-164,1773086420,2026-03-10T04:00:20,0.025
5,140-164,1773086719,2026-03-10T04:05:19,0.0255
5,140-164,1773087018,2026-03-10T04:10:18,0.026
5,140-164,1773087321,2026-03-10T04:15:21,0.026
5,140-164,1773087620,2026-03-10T04:20:20,0.026
5,140-164,1773087920,2026-03-10T04:25:20,0.026
5,140-164,1773088220,2026-03-10T04:30:20,0.026
5,140-164,1773088519,2026-03-10T04:35:19,0.026
5,140-164,1773088820,2026-03-10T04:40:20,0.026
5,140-164,1773089119,2026-03-10T04:45:19,0.033
5,140-164,1773089421,2026-03-10T04:50:21,0.0335
5,140-164,1773089719,2026-03-10T04:55:19,0.0335
5,140-164,1773090024,2026-03-10T05:00:24,0.026
5,140-164,1773090321,2026-03-10T05:05:21,0.033
5,140-164,1773090619,2026-03-10T05:10:19,0.034
5,140-164,1773090923,2026-03-10T05:15:23,0.027
5,140-164,1773091221,2026-03-10T05:20:21,0.0265
5,140-164,1773091519,2026-03-10T05:25:19,0.0265
5,140-164,1773091823,2026-03-10T05:30:23,0.0265
5,140-164,1773092120,2026-03-10T05:35:20,0.0335
5,140-164,1773092420,2026-03-10T05:40:20,0.0325
5,140-164,1773092720,2026-03-10T05:45:20,0.03
5,140-164,1773093021,2026-03-10T05:50:21,0.0305
5,140-164,1773093320,2026-03-10T05:55:20,0.0305
5,140-164,1773093621,2026-03-10T06:00:21,0.034
5,140-164,1773093921,2026-03-10T06:05:21,0.0315
5,140-164,1773094222,2026-03-10T06:10:22,0.0305
5,140-164,1773094520,2026-03-10T06:15:20,0.0325
5,140-164,1773094821,2026-03-10T06:20:21,0.0285
5,140-164,1773095122,2026-03-10T06:25:22,0.0285
5,140-164,1773095423,2026-03-10T06:30:23,0.0285
5,140-164,1773095723,2026-03-10T06:35:23,0.0285
5,140-164,1773096021,2026-03-10T06:40:21,0.0285
5,140-164,1773096321,2026-03-10T06:45:21,0.0285
5,140-164,1773096623,2026-03-10T06:50:23,0.0285
5,140-164,1773096921,2026-03-10T06:55:21,0.0285
5,140-164,1773097222,2026-03-10T07:00:22,0.0285
5,140-164,1773097520,2026-03-10T07:05:20,0.0285
5,140-164,1773097822,2026-03-10T07:10:22,0.0285
5,140-164,1773098135,2026-03-10T07:15:35,0.0285
5,140-164,1773098420,2026-03-10T07:20:20,0.0285
5,140-164,1773098720,2026-03-10T07:25:20,0.0285
5,140-164,1773099021,2026-03-10T07:30:21,0.0285
5,140-164,1773099320,2026-03-10T07:35:20,0.0285
5,140-164,1773099621,2026-03-10T07:40:21,0.0285
5,140-164,1773099922,2026-03-10T07:45:22,0.0285
5,140-164,1773100221,2026-03-10T07:50:21,0.0285
5,140-164,1773100522,2026-03-10T07:55:22,0.0285
5,140-164,1773100827,2026-03-10T08:00:27,0.0285
5,140-164,1773101121,2026-03-10T08:05:21,0.0285
5,140-164,1773101422,2026-03-10T08:10:22,0.0285
5,140-164,1773101720,2026-03-10T08:15:20,0.0285
5,140-164,1773102022,2026-03-10T08:20:22,0.0285
5,140-164,1773102320,2026-03-10T08:25:20,0.0285
5,140-164,1773102621,2026-03-10T08:30:21,0.0285
5,140-164,1773102921,2026-03-10T08:35:21,0.0285
5,140-164,1773103220,2026-03-10T08:40:20,0.0285
5,140-164,1773103522,2026-03-10T08:45:22,0.0285
5,140-164,1773103819,2026-03-10T08:50:19,0.0285
5,140-164,1773104120,2026-03-10T08:55:20,0.0285
5,140-164,1773104421,2026-03-10T09:00:21,0.0285
5,140-164,1773104723,2026-03-10T09:05:23,0.0285
5,140-164,1773105019,2026-03-10T09:10:19,0.0285
5,140-164,1773105320,2026-03-10T09:15:20,0.0285
5,140-164,1773105623,2026-03-10T09:20:23,0.0285
5,140-164,1773105923,2026-03-10T09:25:23,0.0285
5,140-164,1773106235,2026-03-10T09:30:35,0.0285
5,140-164,1773106520,2026-03-10T09:35:20,0.0285
5,140-164,1773106820,2026-03-10T09:40:20,0.0285
5,140-164,1773107122,2026-03-10T09:45:22,0.0285
5,140-164,1773107422,2026-03-10T09:50:22,0.0285
5,140-164,1773107720,2026-03-10T09:55:20,0.0285
5,140-164,1773108021,2026-03-10T10:00:21,0.0285
5,140-164,1773108320,2026-03-10T10:05:20,0.0285
5,140-164,1773108622,2026-03-10T10:10:22,0.0285
5,140-164,1773108920,2026-03-10T10:15:20,0.0285
5,140-164,1773109220,2026-03-10T10:20:20,0.0285
5,140-164,1773109520,2026-03-10T10:25:20,0.0315
5,140-164,1773109822,2026-03-10T10:30:22,0.0295
5,140-164,1773110120,2026-03-10T10:35:20,0.0285
5,140-164,1773110420,2026-03-10T10:40:20,0.033
5,140-164,1773110719,2026-03-10T10:45:19,0.0335
5,140-164,1773111023,2026-03-10T10:50:23,0.0325
5,140-164,1773111323,2026-03-10T10:55:23,0.0325
5,140-164,1773111624,2026-03-10T11:00:24,0.0325
5,140-164,1773111920,2026-03-10T11:05:20,0.033
5,140-164,1773112220,2026-03-10T11:10:20,0.033
5,140-164,1773112520,2026-03-10T11:15:20,0.033
5,140-164,1773112821,2026-03-10T11:20:21,0.033
5,140-164,1773113122,2026-03-10T11:25:22,0.033
5,140-164,1773113424,2026-03-10T11:30:24,0.033
5,140-164,1773113719,2026-03-10T11:35:19,0.033
5,140-164,1773114022,2026-03-10T11:40:22,0.033
5,140-164,1773114322,2026-03-10T11:45:22,0.033
5,140-164,1773114619,2026-03-10T11:50:19,0.033
5,140-164,1773114922,2026-03-10T11:55:22,0.033
5,140-164,1773115226,2026-03-10T12:00:26,0.033
5,140-164,1773115522,2026-03-10T12:05:22,0.033
5,140-164,1773115820,2026-03-10T12:10:20,0.033
5,140-164,1773116122,2026-03-10T12:15:22,0.033
5,140-164,1773116422,2026-03-10T12:20:22,0.033
5,140-164,1773116722,2026-03-10T12:25:22,0.0375
5,140-164,1773117021,2026-03-10T12:30:21,0.0355
5,140-164,1773117319,2026-03-10T12:35:19,0.0355
5,140-164,1773117622,2026-03-10T12:40:22,0.036
5,140-164,1773117923,2026-03-10T12:45:23,0.036
5,140-164,1773118224,2026-03-10T12:50:24,0.037
5,140-164,1773118524,2026-03-10T12:55:24,0.037
5,140-164,1773118823,2026-03-10T13:00:23,0.037
5,140-164,1773119122,2026-03-10T13:05:22,0.037
5,140-164,1773119423,2026-03-10T13:10:23,0.037
5,140-164,1773119722,2026-03-10T13:15:22,0.0375
5,140-164,1773120021,2026-03-10T13:20:21,0.0375
5,140-164,1773120323,2026-03-10T13:25:23,0.0385
5,140-164,1773120623,2026-03-10T13:30:23,0.0385
5,140-164,1773120921,2026-03-10T13:35:21,0.0385
5,140-164,1773121222,2026-03-10T13:40:22,0.0385
5,140-164,1773121522,2026-03-10T13:45:22,0.0385
5,140-164,1773121821,2026-03-10T13:50:21,0.0385
5,140-164,1773122122,2026-03-10T13:55:22,0.0385
5,140-164,1773122425,2026-03-10T14:00:25,0.037
5,140-164,1773122721,2026-03-10T14:05:21,0.037
5,140-164,1773123021,2026-03-10T14:10:21,0.037
5,140-164,1773123322,2026-03-10T14:15:22,0.037
5,140-164,1773123621,2026-03-10T14:20:21,0.038
5,140-164,1773123922,2026-03-10T14:25:22,0.0385
5,140-164,1773124223,2026-03-10T14:30:23,0.0385
5,140-164,1773124524,2026-03-10T14:35:24,0.0385
5,140-164,1773124823,2026-03-10T14:40:23,0.0385
5,140-164,1773125122,2026-03-10T14:45:22,0.0385
5,140-164,1773125422,2026-03-10T14:50:22,0.0385
5,140-164,1773125722,2026-03-10T14:55:22,0.0385
5,140-164,1773126023,2026-03-10T15:00:23,0.0385
5,140-164,1773126322,2026-03-10T15:05:22,0.0385
5,140-164,1773126621,2026-03-10T15:10:21,0.0385
5,140-164,1773126920,2026-03-10T15:15:20,0.0385
5,140-164,1773127220,2026-03-10T15:20:20,0.0365
5,140-164,1773127523,2026-03-10T15:25:23,0.0375
5,140-164,1773127824,2026-03-10T15:30:24,0.037
5,140-164,1773128122,2026-03-10T15:35:22,0.037
5,140-164,1773128424,2026-03-10T15:40:24,0.038
5,140-164,1773128722,2026-03-10T15:45:22,0.038
5,140-164,1773129022,2026-03-10T15:50:22,0.038
5,140-164,1773129320,2026-03-10T15:55:20,0.038
5,140-164,1773129622,2026-03-10T16:00:22,0.038
5,140-164,1773129921,2026-03-10T16:05:21,0.037
5,140-164,1773130221,2026-03-10T16:10:21,0.036
5,140-164,1773130521,2026-03-10T16:15:21,0.0355
5,140-164,1773130823,2026-03-10T16:20:23,0.037
5,140-164,1773131121,2026-03-10T16:25:21,0.037
5,140-164,1773131423,2026-03-10T16:30:23,0.037
5,140-164,1773131724,2026-03-10T16:35:24,0.037
5,140-164,1773132020,2026-03-10T16:40:20,0.036
5,140-164,1773132323,2026-03-10T16:45:23,0.0345
5,140-164,1773132622,2026-03-10T16:50:22,0.0355
5,140-164,1773132921,2026-03-10T16:55:21,0.036
5,140-164,1773133229,2026-03-10T17:00:29,0.036
5,140-164,1773133523,2026-03-10T17:05:23,0.036
5,140-164,1773133823,2026-03-10T17:10:23,0.036
5,140-164,1773134132,2026-03-10T17:15:32,0.036
5,140-164,1773134423,2026-03-10T17:20:23,0.036
5,140-164,1773134723,2026-03-10T17:25:23,0.0355
5,140-164,1773135021,2026-03-10T17:30:21,0.0345
5,140-164,1773135322,2026-03-10T17:35:22,0.0345
5,140-164,1773135623,2026-03-10T17:40:23,0.0345
5,140-164,1773135920,2026-03-10T17:45:20,0.0345
5,140-164,1773136221,2026-03-10T17:50:21,0.0345
5,140-164,1773136520,2026-03-10T17:55:20,0.0345
5,140-164,1773136831,2026-03-10T18:00:31,0.0345
5,140-164,1773137124,2026-03-10T18:05:24,0.0345
5,140-164,1773137420,2026-03-10T18:10:20,0.0345
5,140-164,1773137723,2026-03-10T18:15:23,0.0345
5,140-164,1773138024,2026-03-10T18:20:24,0.0345
5,140-164,1773138321,2026-03-10T18:25:21,0.0345
5,140-164,1773138623,2026-03-10T18:30:23,0.0345
5,140-164,1773138924,2026-03-10T18:35:24,0.0345
5,140-164,1773139225,2026-03-10T18:40:25,0.0345
5,140-164,1773139523,2026-03-10T18:45:23,0.0345
5,140-164,1773139822,2026-03-10T18:50:22,0.0345
5,140-164,1773140125,2026-03-10T18:55:25,0.0345
5,140-164,1773140422,2026-03-10T19:00:22,0.0345
5,140-164,1773140724,2026-03-10T19:05:24,0.0345
5,140-164,1773141021,2026-03-10T19:10:21,0.0345
5,140-164,1773141323,2026-03-10T19:15:23,0.0345
5,140-164,1773141622,2026-03-10T19:20:22,0.0345
5,140-164,1773141923,2026-03-10T19:25:23,0.0345
5,140-164,1773142224,2026-03-10T19:30:24,0.0345
5,140-164,1773142521,2026-03-10T19:35:21,0.0345
5,140-164,1773142820,2026-03-10T19:40:20,0.0345
5,140-164,1773143122,2026-03-10T19:45:22,0.0345
5,140-164,1773143424,2026-03-10T19:50:24,0.0345
5,140-164,1773143721,2026-03-10T19:55:21,0.0345
5,140-164,1773144031,2026-03-10T20:00:31,0.035
5,140-164,1773144323,2026-03-10T20:05:23,0.0345
5,140-164,1773144648,2026-03-10T20:10:48,0.0345
5,140-164,1773144925,2026-03-10T20:15:25,0.0345
5,140-164,1773145225,2026-03-10T20:20:25,0.0345
5,140-164,1773145523,2026-03-10T20:25:23,0.0345
5,140-164,1773145826,2026-03-10T20:30:26,0.0345
5,140-164,1773146121,2026-03-10T20:35:21,0.0345
5,140-164,1773146423,2026-03-10T20:40:23,0.0345
5,140-164,1773146738,2026-03-10T20:45:38,0.0345
5,140-164,1773147022,2026-03-10T20:50:22,0.0345
5,140-164,1773147321,2026-03-10T20:55:21,0.0345
5,140-164,1773147625,2026-03-10T21:00:25,0.0345
5,140-164,1773147925,2026-03-10T21:05:25,0.0345
5,140-164,1773148223,2026-03-10T21:10:23,0.0345
5,140-164,1773148521,2026-03-10T21:15:21,0.0345
5,140-164,1773148823,2026-03-10T21:20:23,0.0345
5,140-164,1773149121,2026-03-10T21:25:21,0.038
5,140-164,1773149423,2026-03-10T21:30:23,0.038
5,140-164,1773149724,2026-03-10T21:35:24,0.0415
5,140-164,1773150024,2026-03-10T21:40:24,0.045
5,140-164,1773150322,2026-03-10T21:45:22,0.0455
5,140-164,1773150624,2026-03-10T21:50:24,0.0455
5,140-164,1773150924,2026-03-10T21:55:24,0.0455
5,140-164,1773151225,2026-03-10T22:00:25,0.046
5,140-164,1773151522,2026-03-10T22:05:22,0.046
5,140-164,1773151824,2026-03-10T22:10:24,0.0455
5,140-164,1773152122,2026-03-10T22:15:22,0.047
5,140-164,1773152422,2026-03-10T22:20:22,0.047
5,140-164,1773152723,2026-03-10T22:25:23,0.047
5,140-164,1773153027,2026-03-10T22:30:27,0.047
5,140-164,1773153331,2026-03-10T22:35:31,0.047
5,140-164,1773153623,2026-03-10T22:40:23,0.047
5,140-164,1773153924,2026-03-10T22:45:24,0.0525
5,140-164,1773154236,2026-03-10T22:50:36,0.052
5,140-164,1773154524,2026-03-10T22:55:24,0.052
5,140-164,1773154830,2026-03-10T23:00:30,0.053
5,140-164,1773155121,2026-03-10T23:05:21,0.056
5,140-164,1773155421,2026-03-10T23:10:21,0.059
5,140-164,1773155722,2026-03-10T23:15:22,0.0585
5,140-164,1773156022,2026-03-10T23:20:22,0.0615
5,140-164,1773156323,2026-03-10T23:25:23,0.056
5,140-164,1773156625,2026-03-10T23:30:25,0.056
5,140-164,1773156922,2026-03-10T23:35:22,0.057
5,140-164,1773157222,2026-03-10T23:40:22,0.057
5,140-164,1773157525,2026-03-10T23:45:25,0.0595
5,140-164,1773157825,2026-03-10T23:50:25,0.06
5,140-164,1773158121,2026-03-10T23:55:21,0.058
5,140-164,1773158430,2026-03-11T00:00:30,0.056
5,140-164,1773158721,2026-03-11T00:05:21,0.052
5,140-164,1773159024,2026-03-11T00:10:24,0.06
5,140-164,1773159321,2026-03-11T00:15:21,0.0625
5,140-164,1773159625,2026-03-11T00:20:25,0.0715
5,140-164,1773159921,2026-03-11T00:25:21,0.0725
5,140-164,1773160225,2026-03-11T00:30:25,0.0695
5,140-164,1773160521,2026-03-11T00:35:21,0.068
5,140-164,1773160823,2026-03-11T00:40:23,0.0675
5,140-164,1773161124,2026-03-11T00:45:24,0.0835
5,140-164,1773161423,2026-03-11T00:50:23,0.072
5,140-164,1773161721,2026-03-11T00:55:21,0.069
5,140-164,1773162023,2026-03-11T01:00:23,0.078
5,140-164,1773162322,2026-03-11T01:05:22,0.076
5,140-164,1773162622,2026-03-11T01:10:22,0.0865
5,140-164,1773162924,2026-03-11T01:15:24,0.089
5,140-164,1773163223,2026-03-11T01:20:23,0.088
5,140-164,1773163525,2026-03-11T01:25:25,0.088
5,140-164,1773163825,2026-03-11T01:30:25,0.1
5,140-164,1773164121,2026-03-11T01:35:21,0.1
5,140-164,1773164424,2026-03-11T01:40:24,0.0895
5,140-164,1773164724,2026-03-11T01:45:24,0.0855
5,140-164,1773165023,2026-03-11T01:50:23,0.0835
5,140-164,1773165323,2026-03-11T01:55:23,0.0835
5,140-164,1773165629,2026-03-11T02:00:29,0.0835
5,140-164,1773165924,2026-03-11T02:05:24,0.0865
5,140-164,1773166224,2026-03-11T02:10:24,0.084
5,140-164,1773166522,2026-03-11T02:15:22,0.0835
5,140-164,1773166824,2026-03-11T02:20:24,0.0835
5,140-164,1773167135,2026-03-11T02:25:35,0.0835
5,140-164,1773167426,2026-03-11T02:30:26,0.0775
5,140-164,1773167721,2026-03-11T02:35:21,0.0725
5,140-164,1773168022,2026-03-11T02:40:22,0.0705
5,140-164,1773168324,2026-03-11T02:45:24,0.0685
5,140-164,1773168624,2026-03-11T02:50:24,0.0685
5,140-164,1773168921,2026-03-11T02:55:21,0.0805
5,140-164,1773169225,2026-03-11T03:00:25,0.079
5,140-164,1773169529,2026-03-11T03:05:29,0.0845
5,140-164,1773169823,2026-03-11T03:10:23,0.077
5,140-164,1773170122,2026-03-11T03:15:22,0.072
5,140-164,1773170421,2026-03-11T03:20:21,0.0725
5,140-164,1773170724,2026-03-11T03:25:24,0.0725
5,140-164,1773171024,2026-03-11T03:30:24,0.0765
5,140-164,1773171323,2026-03-11T03:35:23,0.0755
5,140-164,1773171624,2026-03-11T03:40:24,0.081
5,140-164,1773171925,2026-03-11T03:45:25,0.081
5,140-164,1773172222,2026-03-11T03:50:22,0.0815
5,140-164,1773172523,2026-03-11T03:55:23,0.081
5,140-164,1773172827,2026-03-11T04:00:27,0.0815
5,140-164,1773173123,2026-03-11T04:05:23,0.0815
5,140-164,1773173422,2026-03-11T04:10:22,0.086
5,140-164,1773173723,2026-03-11T04:15:23,0.088
5,140-164,1773174025,2026-03-11T04:20:25,0.088
5,140-164,1773174321,2026-03-11T04:25:21,0.088
5,140-164,1773174623,2026-03-11T04:30:23,0.0875
5,140-164,1773174922,2026-03-11T04:35:22,0.0865
5,140-164,1773175224,2026-03-11T04:40:24,0.091
5,140-164,1773175522,2026-03-11T04:45:22,0.0875
5,140-164,1773175823,2026-03-11T04:50:23,0.0925
5,140-164,1773176124,2026-03-11T04:55:24,0.0965
5,140-164,1773176429,2026-03-11T05:00:29,0.0955
5,140-164,1773176722,2026-03-11T05:05:22,0.0945
5,140-164,1773177021,2026-03-11T05:10:21,0.0945
5,140-164,1773177322,2026-03-11T05:15:22,0.0895
5,140-164,1773177639,2026-03-11T05:20:39,0.0905
5,140-164,1773177920,2026-03-11T05:25:20,0.087
5,140-164,1773178226,2026-03-11T05:30:26,0.091
5,140-164,1773178522,2026-03-11T05:35:22,0.0885
5,140-164,1773178823,2026-03-11T05:40:23,0.0895
5,140-164,1773179123,2026-03-11T05:45:23,0.09
5,140-164,1773179425,2026-03-11T05:50:25,0.09
5,140-164,1773179721,2026-03-11T05:55:21,0.0875
5,140-164,1773180025,2026-03-11T06:00:25,0.0895
5,140-164,1773180325,2026-03-11T06:05:25,0.0885
5,140-164,1773180626,2026-03-11T06:10:26,0.0945
5,140-164,1773180924,2026-03-11T06:15:24,0.094
5,140-164,1773181223,2026-03-11T06:20:23,0.09
5,140-164,1773181525,2026-03-11T06:25:25,0.0875
5,140-164,1773181822,2026-03-11T06:30:22,0.09
5,140-164,1773182121,2026-03-11T06:35:21,0.1025
5,140-164,1773182424,2026-03-11T06:40:24,0.1075
5,140-164,1773182723,2026-03-11T06:45:23,0.1165
5,140-164,1773183022,2026-03-11T06:50:22,0.116
5,140-164,1773183324,2026-03-11T06:55:24,0.1035
5,140-164,1773183625,2026-03-11T07:00:25,0.1
5,140-164,1773183926,2026-03-11T07:05:26,0.0995
5,140-164,1773184223,2026-03-11T07:10:23,0.1025
5,140-164,1773184521,2026-03-11T07:15:21,0.099
5,140-164,1773184822,2026-03-11T07:20:22,0.1025
5,140-164,1773185125,2026-03-11T07:25:25,0.1
5,140-164,1773185425,2026-03-11T07:30:25,0.103
5,140-164,1773185725,2026-03-11T07:35:25,0.104
5,140-164,1773186028,2026-03-11T07:40:28,0.1035
5,140-164,1773186325,2026-03-11T07:45:25,0.099
5,140-164,1773186624,2026-03-11T07:50:24,0.1045
5,140-164,1773186925,2026-03-11T07:55:25,0.104
5,140-164,1773187231,2026-03-11T08:00:31,0.104
5,140-164,1773187522,2026-03-11T08:05:22,0.0965
5,140-164,1773187824,2026-03-11T08:10:24,0.095
5,140-164,1773188124,2026-03-11T08:15:24,0.0935
5,140-164,1773188422,2026-03-11T08:20:22,0.0925
5,140-164,1773188725,2026-03-11T08:25:25,0.0925
5,140-164,1773189027,2026-03-11T08:30:27,0.0925
5,140-164,1773189326,2026-03-11T08:35:26,0.0925
5,140-164,1773189623,2026-03-11T08:40:23,0.0975
5,140-164,1773189924,2026-03-11T08:45:24,0.0975
5,140-164,1773190222,2026-03-11T08:50:22,0.1045
5,140-164,1773190522,2026-03-11T08:55:22,0.104
5,140-164,1773190825,2026-03-11T09:00:25,0.1045
5,140-164,1773191125,2026-03-11T09:05:25,0.1055
5,140-164,1773191421,2026-03-11T09:10:21,0.104
5,140-164,1773191724,2026-03-11T09:15:24,0.1065
5,140-164,1773192024,2026-03-11T09:20:24,0.1065
5,140-164,1773192323,2026-03-11T09:25:23,0.1065
5,140-164,1773192626,2026-03-11T09:30:26,0.1065
5,140-164,1773192922,2026-03-11T09:35:22,0.1065
5,140-164,1773193224,2026-03-11T09:40:24,0.1065
5,140-164,1773193522,2026-03-11T09:45:22,0.1065
5,140-164,1773193827,2026-03-11T09:50:27,0.1065
5,140-164,1773194121,2026-03-11T09:55:21,0.099
5,140-164,1773194426,2026-03-11T10:00:26,0.096
5,140-164,1773194725,2026-03-11T10:05:25,0.095
5,140-164,1773195023,2026-03-11T10:10:23,0.0945
5,140-164,1773195323,2026-03-11T10:15:23,0.0945
5,140-164,1773195624,2026-03-11T10:20:24,0.0905
5,140-164,1773195927,2026-03-11T10:25:27,0.0945
5,140-164,1773196222,2026-03-11T10:30:22,0.096
5,140-164,1773196524,2026-03-11T10:35:24,0.096
5,140-164,1773196822,2026-03-11T10:40:22,0.093
5,140-164,1773197126,2026-03-11T10:45:26,0.0925
5,140-164,1773197424,2026-03-11T10:50:24,0.0925
5,140-164,1773197722,2026-03-11T10:55:22,0.0925
5,140-164,1773198030,2026-03-11T11:00:30,0.0925
5,140-164,1773198321,2026-03-11T11:05:21,0.0925
5,140-164,1773198635,2026-03-11T11:10:35,0.0925
5,140-164,1773198924,2026-03-11T11:15:24,0.0915
5,140-164,1773199225,2026-03-11T11:20:25,0.0915
5,140-164,1773199522,2026-03-11T11:25:22,0.0915
5,140-164,1773199822,2026-03-11T11:30:22,0.0915
5,140-164,1773200124,2026-03-11T11:35:24,0.0915
5,140-164,1773200424,2026-03-11T11:40:24,0.0915
5,140-164,1773200724,2026-03-11T11:45:24,0.0915
5,140-164,1773201021,2026-03-11T11:50:21,0.0905
5,140-164,1773201326,2026-03-11T11:55:26,0.0905
5,140-164,1773201626,2026-03-11T12:00:26,0.0905
5,140-164,1773201925,2026-03-11T12:05:25,0.0905
5,140-164,1773202223,2026-03-11T12:10:23,0.0905
5,140-164,1773202539,2026-03-11T12:15:39,0.0905
5,140-164,1773202822,2026-03-11T12:20:22,0.095
5,140-164,1773203120,2026-03-11T12:25:20,0.0965
5,140-164,1773203425,2026-03-11T12:30:25,0.0945
5,140-164,1773203725,2026-03-11T12:35:25,0.0945
5,140-164,1773204020,2026-03-11T12:40:20,0.095
5,140-164,1773204327,2026-03-11T12:45:27,0.095
5,140-164,1773204623,2026-03-11T12:50:23,0.095
5,140-164,1773204922,2026-03-11T12:55:22,0.0955
5,140-164,1773205225,2026-03-11T13:00:25,0.0955
5,140-164,1773205523,2026-03-11T13:05:23,0.0955
5,140-164,1773205821,2026-03-11T13:10:21,0.0955
5,140-164,1773206125,2026-03-11T13:15:25,0.0955
5,140-164,1773206422,2026-03-11T13:20:22,0.095
5,140-164,1773206720,2026-03-11T13:25:20,0.095
5,140-164,1773207022,2026-03-11T13:30:22,0.0955
5,140-164,1773207321,2026-03-11T13:35:21,0.0955
5,140-164,1773207623,2026-03-11T13:40:23,0.0955
5,140-164,1773207923,2026-03-11T13:45:23,0.0955
5,140-164,1773208224,2026-03-11T13:50:24,0.0955
5,140-164,1773208521,2026-03-11T13:55:21,0.0955
5,140-164,1773208830,2026-03-11T14:00:30,0.0945
5,140-164,1773209126,2026-03-11T14:05:26,0.0925
5,140-164,1773209421,2026-03-11T14:10:21,0.0925
5,140-164,1773209721,2026-03-11T14:15:21,0.0925
5,140-164,1773210022,2026-03-11T14:20:22,0.0925
5,140-164,1773210323,2026-03-11T14:25:23,0.114
5,140-164,1773210636,2026-03-11T14:30:36,0.102
5,140-164,1773210923,2026-03-11T14:35:23,0.0965
5,140-164,1773211225,2026-03-11T14:40:25,0.1
5,140-164,1773211523,2026-03-11T14:45:23,0.1005
5,140-164,1773211823,2026-03-11T14:50:23,0.0945
5,140-164,1773212123,2026-03-11T14:55:23,0.0945
5,140-164,1773212426,2026-03-11T15:00:26,0.0945
5,140-164,1773212723,2026-03-11T15:05:23,0.0945
5,140-164,1773213021,2026-03-11T15:10:21,0.0945
5,140-164,1773213327,2026-03-11T15:15:27,0.0945
5,140-164,1773213621,2026-03-11T15:20:21,0.0945
5,140-164,1773213924,2026-03-11T15:25:24,0.0945
5,140-164,1773214224,2026-03-11T15:30:24,0.0945
5,140-164,1773214522,2026-03-11T15:35:22,0.0945
5,140-164,1773214824,2026-03-11T15:40:24,0.0965
5,140-164,1773215122,2026-03-11T15:45:22,0.0925
5,140-164,1773215421,2026-03-11T15:50:21,0.0915
5,140-164,1773215721,2026-03-11T15:55:21,0.0915
5,140-164,1773216025,2026-03-11T16:00:25,0.0915
5,140-164,1773216322,2026-03-11T16:05:22,0.0915
5,140-164,1773216621,2026-03-11T16:10:21,0.0915
5,140-164,1773216927,2026-03-11T16:15:27,0.0915
5,140-164,1773217222,2026-03-11T16:20:22,0.0915
5,140-164,1773217521,2026-03-11T16:25:21,0.0915
5,140-164,1773217823,2026-03-11T16:30:23,0.093
5,140-164,1773218121,2026-03-11T16:35:21,0.0915
5,140-164,1773218421,2026-03-11T16:40:21,0.0885
5,140-164,1773218724,2026-03-11T16:45:24,0.0865
5,140-164,1773219025,2026-03-11T16:50:25,0.0825
5,140-164,1773219320,2026-03-11T16:55:20,0.087
5,140-164,1773219626,2026-03-11T17:00:26,0.0925
5,140-164,1773219920,2026-03-11T17:05:20,0.092
5,140-164,1773220224,2026-03-11T17:10:24,0.093
5,140-164,1773220521,2026-03-11T17:15:21,0.0955
5,140-164,1773220821,2026-03-11T17:20:21,0.093
5,140-164,1773221122,2026-03-11T17:25:22,0.093
5,140-164,1773221425,2026-03-11T17:30:25,0.0905
5,140-164,1773221720,2026-03-11T17:35:20,0.091
5,140-164,1773222021,2026-03-11T17:40:21,0.079
5,140-164,1773222321,2026-03-11T17:45:21,0.08
5,140-164,1773222621,2026-03-11T17:50:21,0.08
5,140-164,1773222924,2026-03-11T17:55:24,0.08
5,140-164,1773223227,2026-03-11T18:00:27,0.08
5,140-164,1773223523,2026-03-11T18:05:23,0.08
5,140-164,1773223824,2026-03-11T18:10:24,0.08
5,140-164,1773224123,2026-03-11T18:15:23,0.08
5,140-164,1773224421,2026-03-11T18:20:21,0.077
5,140-164,1773224724,2026-03-11T18:25:24,0.0765
5,140-164,1773225025,2026-03-11T18:30:25,0.077
5,140-164,1773225323,2026-03-11T18:35:23,0.078
5,140-164,1773225621,2026-03-11T18:40:21,0.078
5,140-164,1773225924,2026-03-11T18:45:24,0.0775
5,140-164,1773226220,2026-03-11T18:50:20,0.078
5,140-164,1773226526,2026-03-11T18:55:26,0.078
5,140-164,1773226827,2026-03-11T19:00:27,0.0805
5,140-164,1773227121,2026-03-11T19:05:21,0.081
5,140-164,1773227423,2026-03-11T19:10:23,0.08
5,140-164,1773227724,2026-03-11T19:15:24,0.0805
5,140-164,1773228021,2026-03-11T19:20:21,0.081
5,140-164,1773228321,2026-03-11T19:25:21,0.08
5,140-164,1773228625,2026-03-11T19:30:25,0.08
5,140-164,1773228924,2026-03-11T19:35:24,0.084
5,140-164,1773229222,2026-03-11T19:40:22,0.084
5,140-164,1773229522,2026-03-11T19:45:22,0.084
5,140-164,1773229827,2026-03-11T19:50:27,0.084
5,140-164,1773230123,2026-03-11T19:55:23,0.0835
5,140-164,1773230442,2026-03-11T20:00:42,0.084
5,140-164,1773230724,2026-03-11T20:05:24,0.084
5,140-164,1773231021,2026-03-11T20:10:21,0.084
5,140-164,1773231320,2026-03-11T20:15:20,0.084
5,140-164,1773231626,2026-03-11T20:20:26,0.0835
5,140-164,1773231921,2026-03-11T20:25:21,0.0835
5,140-164,1773232229,2026-03-11T20:30:29,0.084
5,140-164,1773232522,2026-03-11T20:35:22,0.0835
5,140-164,1773232821,2026-03-11T20:40:21,0.0835
5,140-164,1773233124,2026-03-11T20:45:24,0.083
5,140-164,1773233422,2026-03-11T20:50:22,0.083
5,140-164,1773233725,2026-03-11T20:55:25,0.0835
5,140-164,1773234025,2026-03-11T21:00:25,0.081
5,140-164,1773234323,2026-03-11T21:05:23,0.0785
5,140-164,1773234622,2026-03-11T21:10:22,0.0775
5,140-164,1773234924,2026-03-11T21:15:24,0.0775
5,140-164,1773235225,2026-03-11T21:20:25,0.0775
5,140-164,1773235524,2026-03-11T21:25:24,0.0775
5,140-164,1773235823,2026-03-11T21:30:23,0.0755
5,140-164,1773236125,2026-03-11T21:35:25,0.0755
5,140-164,1773236424,2026-03-11T21:40:24,0.0775
5,140-164,1773236725,2026-03-11T21:45:25,0.0775
5,140-164,1773237024,2026-03-11T21:50:24,0.076
5,140-164,1773237324,2026-03-11T21:55:24,0.0745
5,140-164,1773237626,2026-03-11T22:00:26,0.0735
5,140-164,1773237925,2026-03-11T22:05:25,0.0735
5,140-164,1773238223,2026-03-11T22:10:23,0.0735
5,140-164,1773238522,2026-03-11T22:15:22,0.0735
5,140-164,1773238822,2026-03-11T22:20:22,0.074
5,140-164,1773239125,2026-03-11T22:25:25,0.0745
5,140-164,1773239425,2026-03-11T22:30:25,0.0745
5,140-164,1773239741,2026-03-11T22:35:41,0.0745
5,140-164,1773240023,2026-03-11T22:40:23,0.0745
5,140-164,1773240323,2026-03-11T22:45:23,0.075
5,140-164,1773240622,2026-03-11T22:50:22,0.0765
5,140-164,1773240926,2026-03-11T22:55:26,0.0775
5,140-164,1773241234,2026-03-11T23:00:34,0.078
5,140-164,1773241523,2026-03-11T23:05:23,0.0795
5,140-164,1773241824,2026-03-11T23:10:24,0.081
5,140-164,1773242126,2026-03-11T23:15:26,0.083
5,140-164,1773242422,2026-03-11T23:20:22,0.083
5,140-164,1773242724,2026-03-11T23:25:24,0.0845
5,140-164,1773243023,2026-03-11T23:30:23,0.085
5,140-164,1773243325,2026-03-11T23:35:25,0.083
5,140-164,1773243625,2026-03-11T23:40:25,0.086
5,140-164,1773243922,2026-03-11T23:45:22,0.0825
5,140-164,1773244223,2026-03-11T23:50:23,0.078
5,140-164,1773244521,2026-03-11T23:55:21,0.0745
5,140-164,1773244826,2026-03-12T00:00:26,0.0745
5,140-164,1773245126,2026-03-12T00:05:26,0.0745
5,140-164,1773245442,2026-03-12T00:10:42,0.081
5,140-164,1773245723,2026-03-12T00:15:23,0.075
5,140-164,1773246025,2026-03-12T00:20:25,0.073
5,140-164,1773246326,2026-03-12T00:25:26,0.08
5,140-164,1773246623,2026-03-12T00:30:23,0.0795
5,140-164,1773246922,2026-03-12T00:35:22,0.0765
5,140-164,1773247226,2026-03-12T00:40:26,0.0745
5,140-164,1773247524,2026-03-12T00:45:24,0.0735
5,140-164,1773247823,2026-03-12T00:50:23,0.0735
5,140-164,1773248122,2026-03-12T00:55:22,0.0725
5,140-164,1773248432,2026-03-12T01:00:32,0.0725
5,140-164,1773248725,2026-03-12T01:05:25,0.0725
5,140-164,1773249023,2026-03-12T01:10:23,0.0725
5,140-164,1773249324,2026-03-12T01:15:24,0.0695
5,140-164,1773249622,2026-03-12T01:20:22,0.0675
5,140-164,1773249922,2026-03-12T01:25:22,0.0665
5,140-164,1773250225,2026-03-12T01:30:25,0.0665
5,140-164,1773250522,2026-03-12T01:35:22,0.0615
5,140-164,1773250826,2026-03-12T01:40:26,0.06
5,140-164,1773251123,2026-03-12T01:45:23,0.058
5,140-164,1773251426,2026-03-12T01:50:26,0.063
5,140-164,1773251728,2026-03-12T01:55:28,0.0645
5,140-164,1773252028,2026-03-12T02:00:28,0.065
5,140-164,1773252326,2026-03-12T02:05:26,0.063
5,140-164,1773252623,2026-03-12T02:10:23,0.0625
5,140-164,1773252923,2026-03-12T02:15:23,0.0625
5,140-164,1773253222,2026-03-12T02:20:22,0.0625
5,140-164,1773253522,2026-03-12T02:25:22,0.0625
5,140-164,1773253823,2026-03-12T02:30:23,0.0625
5,140-164,1773254122,2026-03-12T02:35:22,0.0625
5,140-164,1773254422,2026-03-12T02:40:22,0.0625
5,140-164,1773254725,2026-03-12T02:45:25,0.0625
5,140-164,1773255036,2026-03-12T02:50:36,0.0625
5,140-164,1773255321,2026-03-12T02:55:21,0.0625
5,140-164,1773255627,2026-03-12T03:00:27,0.0625
5,140-164,1773255937,2026-03-12T03:05:37,0.0625
5,140-164,1773256223,2026-03-12T03:10:23,0.0625
5,140-164,1773256522,2026-03-12T03:15:22,0.0625
5,140-164,1773256822,2026-03-12T03:20:22,0.0625
5,140-164,1773257122,2026-03-12T03:25:22,0.0625
5,140-164,1773257425,2026-03-12T03:30:25,0.0625
5,140-164,1773257723,2026-03-12T03:35:23,0.0615
5,140-164,1773258022,2026-03-12T03:40:22,0.0615
5,140-164,1773258321,2026-03-12T03:45:21,0.0615
5,140-164,1773258625,2026-03-12T03:50:25,0.0615
5,140-164,1773258923,2026-03-12T03:55:23,0.0615
5,140-164,1773259226,2026-03-12T04:00:26,0.065
5,140-164,1773259524,2026-03-12T04:05:24,0.065
5,140-164,1773259823,2026-03-12T04:10:23,0.065
5,140-164,1773260122,2026-03-12T04:15:22,0.0625
5,140-164,1773260421,2026-03-12T04:20:21,0.0625
5,140-164,1773260726,2026-03-12T04:25:26,0.0625
5,140-164,1773261027,2026-03-12T04:30:27,0.0625
5,140-164,1773261324,2026-03-12T04:35:24,0.0625
5,140-164,1773261624,2026-03-12T04:40:24,0.0655
5,140-164,1773261925,2026-03-12T04:45:25,0.065
5,140-164,1773262237,2026-03-12T04:50:37,0.065
5,140-164,1773262522,2026-03-12T04:55:22,0.0635
5,140-164,1773262831,2026-03-12T05:00:31,0.0625
5,140-164,1773263123,2026-03-12T05:05:23,0.062
5,140-164,1773263423,2026-03-12T05:10:23,0.0615
5,140-164,1773263724,2026-03-12T05:15:24,0.0615
5,140-164,1773264025,2026-03-12T05:20:25,0.0615
5,140-164,1773264327,2026-03-12T05:25:27,0.061
5,140-164,1773264626,2026-03-12T05:30:26,0.0605
5,140-164,1773264922,2026-03-12T05:35:22,0.0605
5,140-164,1773265226,2026-03-12T05:40:26,0.0605
5,140-164,1773265536,2026-03-12T05:45:36,0.0605
5,140-164,1773265824,2026-03-12T05:50:24,0.0605
5,140-164,1773266122,2026-03-12T05:55:22,0.0605
5,140-164,1773266426,2026-03-12T06:00:26,0.0605
5,140-164,1773266736,2026-03-12T06:05:36,0.0605
5,140-164,1773267023,2026-03-12T06:10:23,0.0605
5,140-164,1773267324,2026-03-12T06:15:24,0.0605
5,140-164,1773267625,2026-03-12T06:20:25,0.0605
5,140-164,1773267921,2026-03-12T06:25:21,0.0605
5,140-164,1773268227,2026-03-12T06:30:27,0.0605
5,140-164,1773268525,2026-03-12T06:35:25,0.0605
5,140-164,1773268823,2026-03-12T06:40:23,0.0605
5,140-164,1773269126,2026-03-12T06:45:26,0.0605
5,140-164,1773269426,2026-03-12T06:50:26,0.0605
5,140-164,1773269726,2026-03-12T06:55:26,0.0605
5,140-164,1773270024,2026-03-12T07:00:24,0.0605
5,140-164,1773270325,2026-03-12T07:05:25,0.061
5,140-164,1773270625,2026-03-12T07:10:25,0.0605
5,140-164,1773270925,2026-03-12T07:15:25,0.0605
5,140-164,1773271242,2026-03-12T07:20:42,0.0605
5,140-164,1773271524,2026-03-12T07:25:24,0.0605
5,140-164,1773271824,2026-03-12T07:30:24,0.0605
5,140-164,1773272122,2026-03-12T07:35:22,0.0605
5,140-164,1773272427,2026-03-12T07:40:27,0.0605
5,140-164,1773272722,2026-03-12T07:45:22,0.0605
5,140-164,1773273026,2026-03-12T07:50:26,0.0605
5,140-164,1773273323,2026-03-12T07:55:23,0.0605
5,140-164,1773273630,2026-03-12T08:00:30,0.0605
5,140-164,1773273922,2026-03-12T08:05:22,0.0605
5,140-164,1773274225,2026-03-12T08:10:25,0.0605
5,140-164,1773274525,2026-03-12T08:15:25,0.0605
5,140-164,1773274823,2026-03-12T08:20:23,0.0605
5,140-164,1773275122,2026-03-12T08:25:22,0.0615
5,140-164,1773275426,2026-03-12T08:30:26,0.0615
5,140-164,1773275724,2026-03-12T08:35:24,0.0615
5,140-164,1773276022,2026-03-12T08:40:22,0.0615
5,140-164,1773276325,2026-03-12T08:45:25,0.0615
5,140-164,1773276620,2026-03-12T08:50:20,0.0615
5,140-164,1773276922,2026-03-12T08:55:22,0.0615
5,140-164,1773277225,2026-03-12T09:00:25,0.0615
5,140-164,1773277524,2026-03-12T09:05:24,0.0615
5,140-164,1773277820,2026-03-12T09:10:20,0.0615
5,140-164,1773278124,2026-03-12T09:15:24,0.0615
5,140-164,1773278424,2026-03-12T09:20:24,0.0615
5,140-164,1773278722,2026-03-12T09:25:22,0.0615
5,140-164,1773279022,2026-03-12T09:30:22,0.0615
5,140-164,1773279325,2026-03-12T09:35:25,0.0615
5,140-164,1773279622,2026-03-12T09:40:22,0.0615
5,140-164,1773279921,2026-03-12T09:45:21,0.0615
5,140-164,1773280223,2026-03-12T09:50:23,0.0615
5,140-164,1773280521,2026-03-12T09:55:21,0.0615
5,140-164,1773280825,2026-03-12T10:00:25,0.0615
5,140-164,1773281125,2026-03-12T10:05:25,0.0615
5,140-164,1773281423,2026-03-12T10:10:23,0.0615
5,140-164,1773281725,2026-03-12T10:15:25,0.0615
5,140-164,1773282025,2026-03-12T10:20:25,0.0615
5,140-164,1773282325,2026-03-12T10:25:25,0.0615
5,140-164,1773282627,2026-03-12T10:30:27,0.0615
5,140-164,1773282939,2026-03-12T10:35:39,0.0615
5,140-164,1773283236,2026-03-12T10:40:36,0.0615
5,140-164,1773283525,2026-03-12T10:45:25,0.0615
5,140-164,1773283824,2026-03-12T10:50:24,0.0615
5,140-164,1773284124,2026-03-12T10:55:24,0.0615
5,140-164,1773284430,2026-03-12T11:00:30,0.0615
5,140-164,1773284725,2026-03-12T11:05:25,0.0615
5,140-164,1773285022,2026-03-12T11:10:22,0.0615
5,140-164,1773285323,2026-03-12T11:15:23,0.0615
5,140-164,1773285621,2026-03-12T11:20:21,0.0615
5,140-164,1773285923,2026-03-12T11:25:23,0.0615
5,140-164,1773286227,2026-03-12T11:30:27,0.0615
5,140-164,1773286525,2026-03-12T11:35:25,0.0615
5,140-164,1773286824,2026-03-12T11:40:24,0.0615
5,140-164,1773287132,2026-03-12T11:45:32,0.0615
5,140-164,1773287421,2026-03-12T11:50:21,0.0615
5,140-164,1773287723,2026-03-12T11:55:23,0.0615
5,140-164,1773288025,2026-03-12T12:00:25,0.0615
5,140-164,1773288322,2026-03-12T12:05:22,0.0615
5,140-164,1773288624,2026-03-12T12:10:24,0.0565
5,140-164,1773288924,2026-03-12T12:15:24,0.055
5,140-164,1773289223,2026-03-12T12:20:23,0.055
5,140-164,1773289522,2026-03-12T12:25:22,0.055
5,140-164,1773289825,2026-03-12T12:30:25,0.055
5,140-164,1773290125,2026-03-12T12:35:25,0.055
5,140-164,1773290421,2026-03-12T12:40:21,0.055
5,140-164,1773290721,2026-03-12T12:45:21,0.055
5,140-164,1773291026,2026-03-12T12:50:26,0.055
5,140-164,1773291321,2026-03-12T12:55:21,0.055
5,140-164,1773291625,2026-03-12T13:00:25,0.055
5,140-164,1773291923,2026-03-12T13:05:23,0.0505
5,140-164,1773292222,2026-03-12T13:10:22,0.0515
5,140-164,1773292523,2026-03-12T13:15:23,0.051
5,140-164,1773292822,2026-03-12T13:20:22,0.051
5,140-164,1773293124,2026-03-12T13:25:24,0.051
5,140-164,1773293424,2026-03-12T13:30:24,0.0545
5,140-164,1773293724,2026-03-12T13:35:24,0.055
5,140-164,1773294022,2026-03-12T13:40:22,0.055
5,140-164,1773294321,2026-03-12T13:45:21,0.055
5,140-164,1773294623,2026-03-12T13:50:23,0.055
5,140-164,1773294921,2026-03-12T13:55:21,0.055
5,140-164,1773295231,2026-03-12T14:00:31,0.055
5,140-164,1773295522,2026-03-12T14:05:22,0.0565
5,140-164,1773295823,2026-03-12T14:10:23,0.0565
5,140-164,1773296123,2026-03-12T14:15:23,0.06
5,140-164,1773296422,2026-03-12T14:20:22,0.0605
5,140-164,1773296723,2026-03-12T14:25:23,0.0605
5,140-164,1773297023,2026-03-12T14:30:23,0.0605
5,140-164,1773297324,2026-03-12T14:35:24,0.0605
5,140-164,1773297621,2026-03-12T14:40:21,0.0605
5,140-164,1773297924,2026-03-12T14:45:24,0.0605
5,140-164,1773298220,2026-03-12T14:50:20,0.0605
5,140-164,1773298524,2026-03-12T14:55:24,0.066
5,140-164,1773298825,2026-03-12T15:00:25,0.066
5,140-164,1773299123,2026-03-12T15:05:23,0.0585
5,140-164,1773299421,2026-03-12T15:10:21,0.0585
5,140-164,1773299725,2026-03-12T15:15:25,0.0585
5,140-164,1773300021,2026-03-12T15:20:21,0.0585
5,140-164,1773300321,2026-03-12T15:25:21,0.0585
5,140-164,1773300625,2026-03-12T15:30:25,0.0585
5,140-164,1773300921,2026-03-12T15:35:21,0.058
5,140-164,1773301221,2026-03-12T15:40:21,0.058
5,140-164,1773301523,2026-03-12T15:45:23,0.058
5,140-164,1773301822,2026-03-12T15:50:22,0.055
5,140-164,1773302120,2026-03-12T15:55:20,0.0545
5,140-164,1773302427,2026-03-12T16:00:27,0.0545
5,140-164,1773302723,2026-03-12T16:05:23,0.0555
5,140-164,1773303021,2026-03-12T16:10:21,0.0555
5,140-164,1773303323,2026-03-12T16:15:23,0.0555
5,140-164,1773303621,2026-03-12T16:20:21,0.0555
5,140-164,1773303923,2026-03-12T16:25:23,0.0555
5,140-164,1773304223,2026-03-12T16:30:23,0.055
5,140-164,1773304521,2026-03-12T16:35:21,0.0545
5,140-164,1773304823,2026-03-12T16:40:23,0.0545
5,140-164,1773305121,2026-03-12T16:45:21,0.0545
5,140-164,1773305424,2026-03-12T16:50:24,0.0545
5,140-164,1773305731,2026-03-12T16:55:31,0.0515
5,140-164,1773306026,2026-03-12T17:00:26,0.0515
5,140-164,1773306322,2026-03-12T17:05:22,0.0515
5,140-164,1773306621,2026-03-12T17:10:21,0.0515
5,140-164,1773306921,2026-03-12T17:15:21,0.0515
5,140-164,1773307220,2026-03-12T17:20:20,0.0515
5,140-164,1773307523,2026-03-12T17:25:23,0.0515
5,140-164,1773307824,2026-03-12T17:30:24,0.0515
5,140-164,1773308124,2026-03-12T17:35:24,0.0515
5,140-164,1773308421,2026-03-12T17:40:21,0.0555
5,140-164,1773308724,2026-03-12T17:45:24,0.055
5,140-164,1773309021,2026-03-12T17:50:21,0.055
5,140-164,1773309323,2026-03-12T17:55:23,0.055
5,140-164,1773309643,2026-03-12T18:00:43,0.0545
5,140-164,1773309923,2026-03-12T18:05:23,0.0525
5,140-164,1773310224,2026-03-12T18:10:24,0.0525
5,140-164,1773310524,2026-03-12T18:15:24,0.053
5,140-164,1773310824,2026-03-12T18:20:24,0.053
5,140-164,1773311125,2026-03-12T18:25:25,0.0555
5,140-164,1773311424,2026-03-12T18:30:24,0.055
5,140-164,1773311721,2026-03-12T18:35:21,0.055
5,140-164,1773312025,2026-03-12T18:40:25,0.0555
5,140-164,1773312323,2026-03-12T18:45:23,0.058
5,140-164,1773312624,2026-03-12T18:50:24,0.0575
5,140-164,1773312924,2026-03-12T18:55:24,0.0595
5,140-164,1773313225,2026-03-12T19:00:25,0.059
5,140-164,1773313520,2026-03-12T19:05:20,0.059
5,140-164,1773313826,2026-03-12T19:10:26,0.0575
5,140-164,1773314121,2026-03-12T19:15:21,0.058
5,140-164,1773314421,2026-03-12T19:20:21,0.058
5,140-164,1773314722,2026-03-12T19:25:22,0.0585
5,140-164,1773315027,2026-03-12T19:30:27,0.0585
5,140-164,1773315322,2026-03-12T19:35:22,0.0585
5,140-164,1773315623,2026-03-12T19:40:23,0.0585
5,140-164,1773315923,2026-03-12T19:45:23,0.0575
5,140-164,1773316222,2026-03-12T19:50:22,0.0575
5,140-164,1773316521,2026-03-12T19:55:21,0.0575
5,140-164,1773316834,2026-03-12T20:00:34,0.0575
5,140-164,1773317123,2026-03-12T20:05:23,0.0575
5,140-164,1773317428,2026-03-12T20:10:28,0.0585
5,140-164,1773317724,2026-03-12T20:15:24,0.0585
5,140-164,1773318021,2026-03-12T20:20:21,0.0585
5,140-164,1773318325,2026-03-12T20:25:25,0.0585
5,140-164,1773318632,2026-03-12T20:30:32,0.0585
5,140-164,1773318921,2026-03-12T20:35:21,0.0585
5,140-164,1773319234,2026-03-12T20:40:34,0.0585
5,140-164,1773319521,2026-03-12T20:45:21,0.058
5,140-164,1773319821,2026-03-12T20:50:21,0.058
5,140-164,1773320120,2026-03-12T20:55:20,0.058
5,140-164,1773320430,2026-03-12T21:00:30,0.0585
5,140-164,1773320723,2026-03-12T21:05:23,0.0695
5,140-164,1773321024,2026-03-12T21:10:24,0.069
5,140-164,1773321324,2026-03-12T21:15:24,0.069
5,140-164,1773321621,2026-03-12T21:20:21,0.0665
5,140-164,1773321920,2026-03-12T21:25:20,0.0635
5,140-164,1773322226,2026-03-12T21:30:26,0.0625
5,140-164,1773322524,2026-03-12T21:35:24,0.0625
5,140-164,1773322825,2026-03-12T21:40:25,0.0605
5,140-164,1773323126,2026-03-12T21:45:26,0.059
5,140-164,1773323424,2026-03-12T21:50:24,0.0585
5,140-164,1773323722,2026-03-12T21:55:22,0.059
5,140-164,1773324029,2026-03-12T22:00:29,0.06
5,140-164,1773324322,2026-03-12T22:05:22,0.06
5,140-164,1773324625,2026-03-12T22:10:25,0.06
5,140-164,1773324924,2026-03-12T22:15:24,0.06
5,140-164,1773325222,2026-03-12T22:20:22,0.077
5,140-164,1773325524,2026-03-12T22:25:24,0.0705
5,140-164,1773325826,2026-03-12T22:30:26,0.078
5,140-164,1773326157,2026-03-12T22:35:57,0.081
5,140-164,1773326423,2026-03-12T22:40:23,0.0875
5,140-164,1773326725,2026-03-12T22:45:25,0.0895
5,140-164,1773327022,2026-03-12T22:50:22,0.0925
5,140-164,1773327322,2026-03-12T22:55:22,0.0905
5,140-164,1773327630,2026-03-12T23:00:30,0.088
5,140-164,1773327923,2026-03-12T23:05:23,0.0845
5,140-164,1773328226,2026-03-12T23:10:26,0.0835
5,140-164,1773328522,2026-03-12T23:15:22,0.083
5,140-164,1773328825,2026-03-12T23:20:25,0.0855
5,140-164,1773329125,2026-03-12T23:25:25,0.0855
5,140-164,1773329427,2026-03-12T23:30:27,0.086
5,140-164,1773329723,2026-03-12T23:35:23,0.086
5,140-164,1773330023,2026-03-12T23:40:23,0.0855
5,140-164,1773330324,2026-03-12T23:45:24,0.0855
5,140-164,1773330624,2026-03-12T23:50:24,0.0855
5,140-164,1773330922,2026-03-12T23:55:22,0.0855
5,140-164,1773331227,2026-03-13T00:00:27,0.0825
5,140-164,1773331526,2026-03-13T00:05:26,0.081
5,140-164,1773331826,2026-03-13T00:10:26,0.0805
5,140-164,1773332124,2026-03-13T00:15:24,0.08
5,140-164,1773332426,2026-03-13T00:20:26,0.08
5,140-164,1773332725,2026-03-13T00:25:25,0.08
5,140-164,1773333023,2026-03-13T00:30:23,0.076
5,140-164,1773333321,2026-03-13T00:35:21,0.075
5,140-164,1773333626,2026-03-13T00:40:26,0.076
5,140-164,1773333924,2026-03-13T00:45:24,0.076
5,140-164,1773334227,2026-03-13T00:50:27,0.075
5,140-164,1773334525,2026-03-13T00:55:25,0.075
5,140-164,1773334837,2026-03-13T01:00:37,0.075
5,140-164,1773335124,2026-03-13T01:05:24,0.075
5,140-164,1773335423,2026-03-13T01:10:23,0.075
5,140-164,1773335726,2026-03-13T01:15:26,0.0795
5,140-164,1773336026,2026-03-13T01:20:26,0.0795
5,140-164,1773336327,2026-03-13T01:25:27,0.0795
5,140-164,1773336628,2026-03-13T01:30:28,0.079
5,140-164,1773336927,2026-03-13T01:35:27,0.0785
5,140-164,1773337226,2026-03-13T01:40:26,0.071
5,140-164,1773337526,2026-03-13T01:45:26,0.063
5,140-164,1773337826,2026-03-13T01:50:26,0.062
5,140-164,1773338125,2026-03-13T01:55:25,0.0615
5,140-164,1773338432,2026-03-13T02:00:32,0.0615
5,140-164,1773338727,2026-03-13T02:05:27,0.0615
5,140-164,1773339024,2026-03-13T02:10:24,0.063
5,140-164,1773339326,2026-03-13T02:15:26,0.059
5,140-164,1773339626,2026-03-13T02:20:26,0.059
5,140-164,1773339922,2026-03-13T02:25:22,0.0595
5,140-164,1773340223,2026-03-13T02:30:23,0.0595
5,140-164,1773340525,2026-03-13T02:35:25,0.057
5,140-164,1773340825,2026-03-13T02:40:25,0.0555
5,140-164,1773341125,2026-03-13T02:45:25,0.053
5,140-164,1773341422,2026-03-13T02:50:22,0.0515
5,140-164,1773341722,2026-03-13T02:55:22,0.051
5,140-164,1773342024,2026-03-13T03:00:24,0.051
5,140-164,1773342328,2026-03-13T03:05:28,0.051
5,140-164,1773342624,2026-03-13T03:10:24,0.05
5,140-164,1773342926,2026-03-13T03:15:26,0.0515
5,140-164,1773343227,2026-03-13T03:20:27,0.0535
5,140-164,1773343522,2026-03-13T03:25:22,0.0515
5,140-164,1773343825,2026-03-13T03:30:25,0.0525
5,140-164,1773344127,2026-03-13T03:35:27,0.056
5,140-164,1773344425,2026-03-13T03:40:25,0.055
5,140-164,1773344726,2026-03-13T03:45:26,0.062
5,140-164,1773345028,2026-03-13T03:50:28,0.0855
5,140-164,1773345324,2026-03-13T03:55:24,0.083
5,140-164,1773345627,2026-03-13T04:00:27,0.0765
5,140-164,1773345926,2026-03-13T04:05:26,0.063
5,140-164,1773346221,2026-03-13T04:10:21,0.063
5,140-164,1773346523,2026-03-13T04:15:23,0.0595
5,140-164,1773346824,2026-03-13T04:20:24,0.0625
5,140-164,1773347124,2026-03-13T04:25:24,0.0625
5,140-164,1773347426,2026-03-13T04:30:26,0.0615
5,140-164,1773347724,2026-03-13T04:35:24,0.0615
5,140-164,1773348024,2026-03-13T04:40:24,0.0615
5,140-164,1773348324,2026-03-13T04:45:24,0.0615
5,140-164,1773348623,2026-03-13T04:50:23,0.061
5,140-164,1773348924,2026-03-13T04:55:24,0.063
5,140-164,1773349229,2026-03-13T05:00:29,0.064
5,140-164,1773349524,2026-03-13T05:05:24,0.063
5,140-164,1773349824,2026-03-13T05:10:24,0.0605
5,140-164,1773350126,2026-03-13T05:15:26,0.0605
5,140-164,1773350426,2026-03-13T05:20:26,0.061
5,140-164,1773350726,2026-03-13T05:25:26,0.062
5,140-164,1773351027,2026-03-13T05:30:27,0.062
5,140-164,1773351321,2026-03-13T05:35:21,0.062
5,140-164,1773351622,2026-03-13T05:40:22,0.065
5,140-164,1773351925,2026-03-13T05:45:25,0.066
5,140-164,1773352227,2026-03-13T05:50:27,0.0655
5,140-164,1773352525,2026-03-13T05:55:25,0.066
5,140-164,1773352826,2026-03-13T06:00:26,0.066
5,140-164,1773353125,2026-03-13T06:05:25,0.0655
5,140-164,1773353426,2026-03-13T06:10:26,0.0655
5,140-164,1773353726,2026-03-13T06:15:26,0.0665
5,140-164,1773354027,2026-03-13T06:20:27,0.0665
5,140-164,1773354326,2026-03-13T06:25:26,0.0665
5,140-164,1773354626,2026-03-13T06:30:26,0.0665
5,140-164,1773354923,2026-03-13T06:35:23,0.065
5,140-164,1773355222,2026-03-13T06:40:22,0.064
5,140-164,1773355525,2026-03-13T06:45:25,0.064
5,140-164,1773355824,2026-03-13T06:50:24,0.064
5,140-164,1773356125,2026-03-13T06:55:25,0.0585
5,140-164,1773356425,2026-03-13T07:00:25,0.0585
5,140-164,1773356726,2026-03-13T07:05:26,0.0585
5,140-164,1773357024,2026-03-13T07:10:24,0.0585
5,140-164,1773357326,2026-03-13T07:15:26,0.0565
5,140-164,1773357624,2026-03-13T07:20:24,0.056
5,140-164,1773357923,2026-03-13T07:25:23,0.0565
5,140-164,1773358226,2026-03-13T07:30:26,0.0565
5,140-164,1773358524,2026-03-13T07:35:24,0.0545
5,140-164,1773358827,2026-03-13T07:40:27,0.0565
5,140-164,1773359124,2026-03-13T07:45:24,0.0565
5,140-164,1773359425,2026-03-13T07:50:25,0.0515
5,140-164,1773359725,2026-03-13T07:55:25,0.053
5,140-164,1773360046,2026-03-13T08:00:46,0.051
5,140-164,1773360324,2026-03-13T08:05:24,0.0485
5,140-164,1773360625,2026-03-13T08:10:25,0.0485
5,140-164,1773360925,2026-03-13T08:15:25,0.0475
5,140-164,1773361224,2026-03-13T08:20:24,0.0475
5,140-164,1773361525,2026-03-13T08:25:25,0.0495
5,140-164,1773361828,2026-03-13T08:30:28,0.0475
5,140-164,1773362124,2026-03-13T08:35:24,0.0475
5,140-164,1773362422,2026-03-13T08:40:22,0.047
5,140-164,1773362723,2026-03-13T08:45:23,0.047
5,140-164,1773363026,2026-03-13T08:50:26,0.047
5,140-164,1773363324,2026-03-13T08:55:24,0.047
5,140-164,1773363627,2026-03-13T09:00:27,0.047
5,140-164,1773363923,2026-03-13T09:05:23,0.047
5,140-164,1773364223,2026-03-13T09:10:23,0.047
5,140-164,1773364526,2026-03-13T09:15:26,0.047
5,140-164,1773364824,2026-03-13T09:20:24,0.047
5,140-164,1773365125,2026-03-13T09:25:25,0.047
5,140-164,1773365422,2026-03-13T09:30:22,0.047
5,140-164,1773365722,2026-03-13T09:35:22,0.047
5,140-164,1773366024,2026-03-13T09:40:24,0.0515
5,140-164,1773366325,2026-03-13T09:45:25,0.0475
5,140-164,1773366627,2026-03-13T09:50:27,0.0475
5,140-164,1773366923,2026-03-13T09:55:23,0.049
5,140-164,1773367228,2026-03-13T10:00:28,0.0475
5,140-164,1773367536,2026-03-13T10:05:36,0.0455
5,140-164,1773367824,2026-03-13T10:10:24,0.0435
5,140-164,1773368124,2026-03-13T10:15:24,0.042
5,140-164,1773368427,2026-03-13T10:20:27,0.043
5,140-164,1773368728,2026-03-13T10:25:28,0.0435
5,140-164,1773369027,2026-03-13T10:30:27,0.043
5,140-164,1773369326,2026-03-13T10:35:26,0.0435
5,140-164,1773369624,2026-03-13T10:40:24,0.042
5,140-164,1773369925,2026-03-13T10:45:25,0.044
5,140-164,1773370221,2026-03-13T10:50:21,0.0475
5,140-164,1773370526,2026-03-13T10:55:26,0.0495
5,140-164,1773370829,2026-03-13T11:00:29,0.053
5,140-164,1773371124,2026-03-13T11:05:24,0.052
5,140-164,1773371423,2026-03-13T11:10:23,0.0485
5,140-164,1773371723,2026-03-13T11:15:23,0.049
5,140-164,1773372022,2026-03-13T11:20:22,0.049
5,140-164,1773372323,2026-03-13T11:25:23,0.049
5,140-164,1773372625,2026-03-13T11:30:25,0.05
5,140-164,1773372922,2026-03-13T11:35:22,0.049
5,140-164,1773373224,2026-03-13T11:40:24,0.05
5,140-164,1773373524,2026-03-13T11:45:24,0.049
5,140-164,1773373824,2026-03-13T11:50:24,0.0485
5,140-164,1773374121,2026-03-13T11:55:21,0.047
5,140-164,1773374427,2026-03-13T12:00:27,0.0475
5,140-164,1773374725,2026-03-13T12:05:25,0.0475
5,140-164,1773375025,2026-03-13T12:10:25,0.047
5,140-164,1773375322,2026-03-13T12:15:22,0.047
5,140-164,1773375621,2026-03-13T12:20:21,0.0485
5,140-164,1773375923,2026-03-13T12:25:23,0.052
5,140-164,1773376222,2026-03-13T12:30:22,0.0505
5,140-164,1773376523,2026-03-13T12:35:23,0.052
5,140-164,1773376824,2026-03-13T12:40:24,0.05
5,140-164,1773377122,2026-03-13T12:45:22,0.049
5,140-164,1773377426,2026-03-13T12:50:26,0.041
5,140-164,1773377722,2026-03-13T12:55:22,0.0385
5,140-164,1773378024,2026-03-13T13:00:24,0.039
5,140-164,1773378322,2026-03-13T13:05:22,0.037
5,140-164,1773378629,2026-03-13T13:10:29,0.0345
5,140-164,1773378928,2026-03-13T13:15:28,0.034
5,140-164,1773379225,2026-03-13T13:20:25,0.034
5,140-164,1773379525,2026-03-13T13:25:25,0.037
5,140-164,1773379828,2026-03-13T13:30:28,0.038
5,140-164,1773380122,2026-03-13T13:35:22,0.037
5,140-164,1773380424,2026-03-13T13:40:24,0.041
5,140-164,1773380725,2026-03-13T13:45:25,0.038
5,140-164,1773381025,2026-03-13T13:50:25,0.0365
5,140-164,1773381323,2026-03-13T13:55:23,0.0425
5,140-164,1773381628,2026-03-13T14:00:28,0.0385
5,140-164,1773381923,2026-03-13T14:05:23,0.035
5,140-164,1773382221,2026-03-13T14:10:21,0.034
5,140-164,1773382528,2026-03-13T14:15:28,0.0325
5,140-164,1773382825,2026-03-13T14:20:25,0.0375
5,140-164,1773383124,2026-03-13T14:25:24,0.042
5,140-164,1773383427,2026-03-13T14:30:27,0.0415
5,140-164,1773383727,2026-03-13T14:35:27,0.042
5,140-164,1773384021,2026-03-13T14:40:21,0.0505
5,140-164,1773384324,2026-03-13T14:45:24,0.051
5,140-164,1773384625,2026-03-13T14:50:25,0.061
5,140-164,1773384921,2026-03-13T14:55:21,0.0675
5,140-164,1773385233,2026-03-13T15:00:33,0.068
5,140-164,1773385521,2026-03-13T15:05:21,0.055
5,140-164,1773385825,2026-03-13T15:10:25,0.064
5,140-164,1773386125,2026-03-13T15:15:25,0.0625
5,140-164,1773386422,2026-03-13T15:20:22,0.056
5,140-164,1773386720,2026-03-13T15:25:20,0.0575
5,140-164,1773387027,2026-03-13T15:30:27,0.0565
5,140-164,1773387324,2026-03-13T15:35:24,0.054
5,140-164,1773387625,2026-03-13T15:40:25,0.055
5,140-164,1773387922,2026-03-13T15:45:22,0.0535
5,140-164,1773388225,2026-03-13T15:50:25,0.0515
5,140-164,1773388525,2026-03-13T15:55:25,0.0485
5,140-164,1773388823,2026-03-13T16:00:23,0.047
5,140-164,1773389124,2026-03-13T16:05:24,0.046
5,140-164,1773389425,2026-03-13T16:10:25,0.046
5,140-164,1773389724,2026-03-13T16:15:24,0.045
5,140-164,1773390023,2026-03-13T16:20:23,0.0425
5,140-164,1773390323,2026-03-13T16:25:23,0.0415
5,140-164,1773390625,2026-03-13T16:30:25,0.0425
5,140-164,1773390925,2026-03-13T16:35:25,0.039
5,140-164,1773391221,2026-03-13T16:40:21,0.037
5,140-164,1773391524,2026-03-13T16:45:24,0.0375
5,140-164,1773391823,2026-03-13T16:50:23,0.0375
5,140-164,1773392124,2026-03-13T16:55:24,0.037
5,140-164,1773392429,2026-03-13T17:00:29,0.0375
5,140-164,1773392723,2026-03-13T17:05:23,0.0375
5,140-164,1773393021,2026-03-13T17:10:21,0.0375
5,140-164,1773393322,2026-03-13T17:15:22,0.038
5,140-164,1773393621,2026-03-13T17:20:21,0.038
5,140-164,1773393923,2026-03-13T17:25:23,0.038
5,140-164,1773394222,2026-03-13T17:30:22,0.038
5,140-164,1773394525,2026-03-13T17:35:25,0.0375
5,140-164,1773394826,2026-03-13T17:40:26,0.0375
5,140-164,1773395124,2026-03-13T17:45:24,0.0375
5,140-164,1773395424,2026-03-13T17:50:24,0.04
5,140-164,1773395722,2026-03-13T17:55:22,0.0425
5,140-164,1773396025,2026-03-13T18:00:25,0.042
5,140-164,1773396324,2026-03-13T18:05:24,0.042
5,140-164,1773396624,2026-03-13T18:10:24,0.042
5,140-164,1773396926,2026-03-13T18:15:26,0.0435
5,140-164,1773397521,2026-03-13T18:25:21,0.042
5,140-164,1773397827,2026-03-13T18:30:27,0.042
5,140-164,1773398123,2026-03-13T18:35:23,0.042
5,140-164,1773398423,2026-03-13T18:40:23,0.0415
5,140-164,1773398733,2026-03-13T18:45:33,0.041
5,140-164,1773399023,2026-03-13T18:50:23,0.0405
5,140-164,1773399321,2026-03-13T18:55:21,0.0405
5,140-164,1773399625,2026-03-13T19:00:25,0.042
5,140-164,1773399922,2026-03-13T19:05:22,0.043
5,140-164,1773400222,2026-03-13T19:10:22,0.042
5,140-164,1773400524,2026-03-13T19:15:24,0.042
5,140-164,1773400823,2026-03-13T19:20:23,0.042
5,140-164,1773401123,2026-03-13T19:25:23,0.043
5,140-164,1773401423,2026-03-13T19:30:23,0.043
5,140-164,1773401721,2026-03-13T19:35:21,0.043
5,140-164,1773402022,2026-03-13T19:40:22,0.043
5,140-164,1773402325,2026-03-13T19:45:25,0.043
5,140-164,1773402623,2026-03-13T19:50:23,0.042
5,140-164,1773402924,2026-03-13T19:55:24,0.0415
5,140-164,1773403228,2026-03-13T20:00:28,0.041
5,140-164,1773403524,2026-03-13T20:05:24,0.039
5,140-164,1773403825,2026-03-13T20:10:25,0.0375
5,140-164,1773404124,2026-03-13T20:15:24,0.041
5,140-164,1773404423,2026-03-13T20:20:23,0.041
5,140-164,1773404721,2026-03-13T20:25:21,0.0405
5,140-164,1773405027,2026-03-13T20:30:27,0.041
5,140-164,1773405322,2026-03-13T20:35:22,0.04
5,140-164,1773405624,2026-03-13T20:40:24,0.04
5,140-164,1773405921,2026-03-13T20:45:21,0.039
5,140-164,1773406223,2026-03-13T20:50:23,0.041
5,140-164,1773406523,2026-03-13T20:55:23,0.041
5,140-164,1773406826,2026-03-13T21:00:26,0.0595
5,140-164,1773407138,2026-03-13T21:05:38,0.051
5,140-164,1773407424,2026-03-13T21:10:24,0.055
5,140-164,1773407737,2026-03-13T21:15:37,0.0615
5,140-164,1773408024,2026-03-13T21:20:24,0.0745
5,140-164,1773408323,2026-03-13T21:25:23,0.076
5,140-164,1773408625,2026-03-13T21:30:25,0.077
5,140-164,1773408926,2026-03-13T21:35:26,0.087
5,140-164,1773409221,2026-03-13T21:40:21,0.0795
5,140-164,1773409522,2026-03-13T21:45:22,0.0805
5,140-164,1773409823,2026-03-13T21:50:23,0.087
5,140-164,1773410124,2026-03-13T21:55:24,0.0935
5,140-164,1773410426,2026-03-13T22:00:26,0.09
5,140-164,1773410725,2026-03-13T22:05:25,0.0875
5,140-164,1773411025,2026-03-13T22:10:25,0.0825
5,140-164,1773411324,2026-03-13T22:15:24,0.094
5,140-164,1773411622,2026-03-13T22:20:22,0.094
5,140-164,1773411922,2026-03-13T22:25:22,0.088
5,140-164,1773412223,2026-03-13T22:30:23,0.0865
5,140-164,1773412523,2026-03-13T22:35:23,0.087
5,140-164,1773412823,2026-03-13T22:40:23,0.0885
5,140-164,1773413122,2026-03-13T22:45:22,0.087
5,140-164,1773413421,2026-03-13T22:50:21,0.086
5,140-164,1773413722,2026-03-13T22:55:22,0.086
5,140-164,1773414029,2026-03-13T23:00:29,0.0835
5,140-164,1773414325,2026-03-13T23:05:25,0.081
5,140-164,1773414622,2026-03-13T23:10:22,0.068
5,140-164,1773414924,2026-03-13T23:15:24,0.071
5,140-164,1773415225,2026-03-13T23:20:25,0.0595
5,140-164,1773415522,2026-03-13T23:25:22,0.059
5,140-164,1773415824,2026-03-13T23:30:24,0.071
5,140-164,1773416122,2026-03-13T23:35:22,0.0655
5,140-164,1773416425,2026-03-13T23:40:25,0.066
5,140-164,1773416723,2026-03-13T23:45:23,0.065
5,140-164,1773417024,2026-03-13T23:50:24,0.0625
5,140-164,1773417325,2026-03-13T23:55:25,0.0505
5,140-164,1773417636,2026-03-14T00:00:36,0.0525
5,140-164,1773417925,2026-03-14T00:05:25,0.0555
5,140-164,1773418223,2026-03-14T00:10:23,0.0485
5,140-164,1773418522,2026-03-14T00:15:22,0.05
5,140-164,1773418823,2026-03-14T00:20:23,0.0515
5,140-164,1773419124,2026-03-14T00:25:24,0.0495
5,140-164,1773419423,2026-03-14T00:30:23,0.049
5,140-164,1773419722,2026-03-14T00:35:22,0.042
5,140-164,1773420024,2026-03-14T00:40:24,0.0365
5,140-164,1773420324,2026-03-14T00:45:24,0.043
5,140-164,1773420622,2026-03-14T00:50:22,0.044
5,140-164,1773420921,2026-03-14T00:55:21,0.04
5,140-164,1773421224,2026-03-14T01:00:24,0.0445
5,140-164,1773421526,2026-03-14T01:05:26,0.043
5,140-164,1773421823,2026-03-14T01:10:23,0.04
5,140-164,1773422126,2026-03-14T01:15:26,0.0405
5,140-164,1773422425,2026-03-14T01:20:25,0.0375
5,140-164,1773422723,2026-03-14T01:25:23,0.0365
5,140-164,1773423026,2026-03-14T01:30:26,0.0415
5,140-164,1773423323,2026-03-14T01:35:23,0.0415
5,140-164,1773423624,2026-03-14T01:40:24,0.042
5,140-164,1773423924,2026-03-14T01:45:24,0.042
5,140-164,1773424222,2026-03-14T01:50:22,0.0415
5,140-164,1773424523,2026-03-14T01:55:23,0.0415
5,140-164,1773424827,2026-03-14T02:00:27,0.04
5,140-164,1773425124,2026-03-14T02:05:24,0.044
5,140-164,1773425425,2026-03-14T02:10:25,0.04
5,140-164,1773425724,2026-03-14T02:15:24,0.0405
5,140-164,1773426023,2026-03-14T02:20:23,0.0445
5,140-164,1773426324,2026-03-14T02:25:24,0.0365
5,140-164,1773426622,2026-03-14T02:30:22,0.0365
5,140-164,1773426920,2026-03-14T02:35:20,0.0365
5,140-164,1773427223,2026-03-14T02:40:23,0.043
5,140-164,1773427524,2026-03-14T02:45:24,0.05
5,140-164,1773427820,2026-03-14T02:50:20,0.044
5,140-164,1773428124,2026-03-14T02:55:24,0.041
5,140-164,1773428428,2026-03-14T03:00:28,0.0665
5,140-164,1773428721,2026-03-14T03:05:21,0.0705
5,140-164,1773429022,2026-03-14T03:10:22,0.0715
5,140-164,1773429323,2026-03-14T03:15:23,0.0615
5,140-164,1773429623,2026-03-14T03:20:23,0.0635
5,140-164,1773429925,2026-03-14T03:25:25,0.0595
5,140-164,1773430229,2026-03-14T03:30:29,0.0655
5,140-164,1773430522,2026-03-14T03:35:22,0.071
5,140-164,1773430822,2026-03-14T03:40:22,0.0705
5,140-164,1773431124,2026-03-14T03:45:24,0.0675
5,140-164,1773431426,2026-03-14T03:50:26,0.0675
5,140-164,1773431724,2026-03-14T03:55:24,0.0675
5,140-164,1773432024,2026-03-14T04:00:24,0.0665
5,140-164,1773432324,2026-03-14T04:05:24,0.06
5,140-164,1773432621,2026-03-14T04:10:21,0.0675
5,140-164,1773432938,2026-03-14T04:15:38,0.0655
5,140-164,1773433236,2026-03-14T04:20:36,0.0645
5,140-164,1773433520,2026-03-14T04:25:20,0.0615
5,140-164,1773433824,2026-03-14T04:30:24,0.0615
5,140-164,1773434121,2026-03-14T04:35:21,0.059
5,140-164,1773434425,2026-03-14T04:40:25,0.058
5,140-164,1773434724,2026-03-14T04:45:24,0.054
5,140-164,1773435023,2026-03-14T04:50:23,0.054
5,140-164,1773435323,2026-03-14T04:55:23,0.054
5,140-164,1773435635,2026-03-14T05:00:35,0.051
5,140-164,1773435922,2026-03-14T05:05:22,0.0505
5,140-164,1773436221,2026-03-14T05:10:21,0.047
5,140-164,1773436524,2026-03-14T05:15:24,0.0435
5,140-164,1773436820,2026-03-14T05:20:20,0.043
5,140-164,1773437120,2026-03-14T05:25:20,0.043
5,140-164,1773437421,2026-03-14T05:30:21,0.0435
5,140-164,1773437722,2026-03-14T05:35:22,0.046
5,140-164,1773438021,2026-03-14T05:40:21,0.047
5,140-164,1773438324,2026-03-14T05:45:24,0.0475
5,140-164,1773438623,2026-03-14T05:50:23,0.046
5,140-164,1773438927,2026-03-14T05:55:27,0.0465
5,140-164,1773439225,2026-03-14T06:00:25,0.044
5,140-164,1773439521,2026-03-14T06:05:21,0.0455
5,140-164,1773439822,2026-03-14T06:10:22,0.0545
5,140-164,1773440122,2026-03-14T06:15:22,0.0465
5,140-164,1773440420,2026-03-14T06:20:20,0.0455
5,140-164,1773440722,2026-03-14T06:25:22,0.065
5,140-164,1773441022,2026-03-14T06:30:22,0.0535
5,140-164,1773441325,2026-03-14T06:35:25,0.0545
5,140-164,1773441625,2026-03-14T06:40:25,0.0525
5,140-164,1773441923,2026-03-14T06:45:23,0.0515
5,140-164,1773442225,2026-03-14T06:50:25,0.0515
5,140-164,1773442536,2026-03-14T06:55:36,0.0515
5,140-164,1773442822,2026-03-14T07:00:22,0.052
5,140-164,1773443125,2026-03-14T07:05:25,0.0525
5,140-164,1773443423,2026-03-14T07:10:23,0.052
5,140-164,1773443723,2026-03-14T07:15:23,0.052
5,140-164,1773444022,2026-03-14T07:20:22,0.052
5,140-164,1773444322,2026-03-14T07:25:22,0.052
5,140-164,1773444626,2026-03-14T07:30:26,0.056
5,140-164,1773444926,2026-03-14T07:35:26,0.0545
5,140-164,1773445222,2026-03-14T07:40:22,0.0525
5,140-164,1773445525,2026-03-14T07:45:25,0.0735
5,140-164,1773445824,2026-03-14T07:50:24,0.064
5,140-164,1773446121,2026-03-14T07:55:21,0.0605
5,140-164,1773446428,2026-03-14T08:00:28,0.0595
5,140-164,1773446728,2026-03-14T08:05:28,0.0585
5,140-164,1773447036,2026-03-14T08:10:36,0.056
5,140-164,1773447323,2026-03-14T08:15:23,0.053
5,140-164,1773447625,2026-03-14T08:20:25,0.0515
5,140-164,1773447928,2026-03-14T08:25:28,0.0515
5,140-164,1773448224,2026-03-14T08:30:24,0.0525
5,140-164,1773448527,2026-03-14T08:35:27,0.0525
5,140-164,1773448851,2026-03-14T08:40:51,0.0525
5,140-164,1773449122,2026-03-14T08:45:22,0.0505
5,140-164,1773449423,2026-03-14T08:50:23,0.052
5,140-164,1773449723,2026-03-14T08:55:23,0.0505
5,140-164,1773450024,2026-03-14T09:00:24,0.051
5,140-164,1773450323,2026-03-14T09:05:23,0.0525
5,140-164,1773450623,2026-03-14T09:10:23,0.0515
5,140-164,1773450921,2026-03-14T09:15:21,0.0465
5,140-164,1773451221,2026-03-14T09:20:21,0.0415
5,140-164,1773451520,2026-03-14T09:25:20,0.0405
5,140-164,1773451833,2026-03-14T09:30:33,0.0405
5,140-164,1773452121,2026-03-14T09:35:21,0.038
5,140-164,1773452422,2026-03-14T09:40:22,0.0375
5,140-164,1773452723,2026-03-14T09:45:23,0.0375
5,140-164,1773453024,2026-03-14T09:50:24,0.038
5,140-164,1773453322,2026-03-14T09:55:22,0.038
5,140-164,1773453623,2026-03-14T10:00:23,0.0405
5,140-164,1773453921,2026-03-14T10:05:21,0.0415
5,140-164,1773454221,2026-03-14T10:10:21,0.0415
5,140-164,1773454521,2026-03-14T10:15:21,0.0415
5,140-164,1773454823,2026-03-14T10:20:23,0.04
5,140-164,1773455123,2026-03-14T10:25:23,0.0415
5,140-164,1773455424,2026-03-14T10:30:24,0.0415
5,140-164,1773455735,2026-03-14T10:35:35,0.039
5,140-164,1773456022,2026-03-14T10:40:22,0.0375
5,140-164,1773456322,2026-03-14T10:45:22,0.0355
5,140-164,1773456621,2026-03-14T10:50:21,0.036
5,140-164,1773456922,2026-03-14T10:55:22,0.0365
5,140-164,1773457226,2026-03-14T11:00:26,0.036
5,140-164,1773457523,2026-03-14T11:05:23,0.036
5,140-164,1773457822,2026-03-14T11:10:22,0.036
5,140-164,1773458122,2026-03-14T11:15:22,0.036
5,140-164,1773458425,2026-03-14T11:20:25,0.041
5,140-164,1773458725,2026-03-14T11:25:25,0.0355
5,140-164,1773459026,2026-03-14T11:30:26,0.0385
5,140-164,1773459326,2026-03-14T11:35:26,0.0365
5,140-164,1773459626,2026-03-14T11:40:26,0.045
5,140-164,1773459922,2026-03-14T11:45:22,0.042
5,140-164,1773460224,2026-03-14T11:50:24,0.038
5,140-164,1773460524,2026-03-14T11:55:24,0.0385
5,140-164,1773460822,2026-03-14T12:00:22,0.0395
5,140-164,1773461123,2026-03-14T12:05:23,0.0495
5,140-164,1773461424,2026-03-14T12:10:24,0.048
5,140-164,1773461723,2026-03-14T12:15:23,0.0395
5,140-164,1773462024,2026-03-14T12:20:24,0.036
5,140-164,1773462323,2026-03-14T12:25:23,0.0325
5,140-164,1773462626,2026-03-14T12:30:26,0.031
5,140-164,1773462922,2026-03-14T12:35:22,0.033
5,140-164,1773463221,2026-03-14T12:40:21,0.0335
5,140-164,1773463524,2026-03-14T12:45:24,0.0405
5,140-164,1773463824,2026-03-14T12:50:24,0.034
5,140-164,1773464121,2026-03-14T12:55:21,0.0405
5,140-164,1773464422,2026-03-14T13:00:22,0.039
5,140-164,1773464723,2026-03-14T13:05:23,0.039
5,140-164,1773465025,2026-03-14T13:10:25,0.0595
5,140-164,1773465325,2026-03-14T13:15:25,0.022
5,140-164,1773465623,2026-03-14T13:20:23,0.022
5,140-164,1773465925,2026-03-14T13:25:25,0.022
5,140-164,1773466224,2026-03-14T13:30:24,0.023
5,140-164,1773466521,2026-03-14T13:35:21,0.0245
5,140-164,1773466823,2026-03-14T13:40:23,0.0245
5,140-164,1773467124,2026-03-14T13:45:24,0.0245
5,140-164,1773467423,2026-03-14T13:50:23,0.024
5,140-164,1773467721,2026-03-14T13:55:21,0.022
5,140-164,1773468026,2026-03-14T14:00:26,0.0205
5,140-164,1773468325,2026-03-14T14:05:25,0.018
5,140-164,1773468624,2026-03-14T14:10:24,0.0165
5,140-164,1773468927,2026-03-14T14:15:27,0.019
5,140-164,1773469221,2026-03-14T14:20:21,0.0175
5,140-164,1773469521,2026-03-14T14:25:21,0.0155
5,140-164,1773469824,2026-03-14T14:30:24,0.0175
5,140-164,1773470124,2026-03-14T14:35:24,0.0285
5,140-164,1773470422,2026-03-14T14:40:22,0.0215
5,140-164,1773470737,2026-03-14T14:45:37,0.0235
5,140-164,1773471025,2026-03-14T14:50:25,0.0225
5,140-164,1773471323,2026-03-14T14:55:23,0.0275
5,140-164,1773471623,2026-03-14T15:00:23,0.0405
5,140-164,1773471924,2026-03-14T15:05:24,0.0355
5,140-164,1773472225,2026-03-14T15:10:25,0.0285
5,140-164,1773472523,2026-03-14T15:15:23,0.0285
5,140-164,1773472821,2026-03-14T15:20:21,0.0255
5,140-164,1773473124,2026-03-14T15:25:24,0.0255
5,140-164,1773473425,2026-03-14T15:30:25,0.0215
5,140-164,1773473726,2026-03-14T15:35:26,0.023
5,140-164,1773474023,2026-03-14T15:40:23,0.023
5,140-164,1773474322,2026-03-14T15:45:22,0.023
5,140-164,1773474623,2026-03-14T15:50:23,0.023
5,140-164,1773474922,2026-03-14T15:55:22,0.023
5,140-164,1773475224,2026-03-14T16:00:24,0.0225
5,140-164,1773475525,2026-03-14T16:05:25,0.0215
5,140-164,1773475822,2026-03-14T16:10:22,0.0195
5,140-164,1773476123,2026-03-14T16:15:23,0.0175
5,140-164,1773476422,2026-03-14T16:20:22,0.0175
5,140-164,1773476720,2026-03-14T16:25:20,0.0155
5,140-164,1773477021,2026-03-14T16:30:21,0.012
5,140-164,1773477323,2026-03-14T16:35:23,0.0115
5,140-164,1773477620,2026-03-14T16:40:20,0.0285
5,140-164,1773477936,2026-03-14T16:45:36,0.0275
5,140-164,1773478223,2026-03-14T16:50:23,0.025
5,140-164,1773478523,2026-03-14T16:55:23,0.0205
5,140-164,1773478827,2026-03-14T17:00:27,0.023
5,140-164,1773479122,2026-03-14T17:05:22,0.016
5,140-164,1773479422,2026-03-14T17:10:22,0.0195
5,140-164,1773479723,2026-03-14T17:15:23,0.0195
5,140-164,1773480022,2026-03-14T17:20:22,0.017
5,140-164,1773480323,2026-03-14T17:25:23,0.021
5,140-164,1773480623,2026-03-14T17:30:23,0.0185
5,140-164,1773480921,2026-03-14T17:35:21,0.022
5,140-164,1773481221,2026-03-14T17:40:21,0.0235
5,140-164,1773481526,2026-03-14T17:45:26,0.024
5,140-164,1773481822,2026-03-14T17:50:22,0.023
5,140-164,1773482122,2026-03-14T17:55:22,0.0235
5,140-164,1773482421,2026-03-14T18:00:21,0.0245
5,140-164,1773482723,2026-03-14T18:05:23,0.025
5,140-164,1773483022,2026-03-14T18:10:22,0.0245
5,140-164,1773483339,2026-03-14T18:15:39,0.0245
5,140-164,1773483625,2026-03-14T18:20:25,0.0195
5,140-164,1773483922,2026-03-14T18:25:22,0.019
5,140-164,1773484223,2026-03-14T18:30:23,0.0205
5,140-164,1773484521,2026-03-14T18:35:21,0.0205
5,140-164,1773484825,2026-03-14T18:40:25,0.022
5,140-164,1773485124,2026-03-14T18:45:24,0.0185
5,140-164,1773485430,2026-03-14T18:50:30,0.0215
5,140-164,1773485721,2026-03-14T18:55:21,0.0205
5,140-164,1773486025,2026-03-14T19:00:25,0.0225
5,140-164,1773486324,2026-03-14T19:05:24,0.0225
5,140-164,1773486621,2026-03-14T19:10:21,0.022
5,140-164,1773486921,2026-03-14T19:15:21,0.0235
5,140-164,1773487225,2026-03-14T19:20:25,0.0245
5,140-164,1773487523,2026-03-14T19:25:23,0.0235
5,140-164,1773487835,2026-03-14T19:30:35,0.0155
5,140-164,1773488125,2026-03-14T19:35:25,0.0165
5,140-164,1773488421,2026-03-14T19:40:21,0.02
5,140-164,1773488723,2026-03-14T19:45:23,0.018
5,140-164,1773489026,2026-03-14T19:50:26,0.0165
5,140-164,1773489326,2026-03-14T19:55:26,0.0165
5,140-164,1773489631,2026-03-14T20:00:31,0.015
5,140-164,1773489926,2026-03-14T20:05:26,0.018
5,140-164,1773490223,2026-03-14T20:10:23,0.0165
5,140-164,1773490523,2026-03-14T20:15:23,0.0165
5,140-164,1773490823,2026-03-14T20:20:23,0.017
5,140-164,1773491125,2026-03-14T20:25:25,0.016
5,140-164,1773491426,2026-03-14T20:30:26,0.0145
5,140-164,1773491725,2026-03-14T20:35:25,0.0135
5,140-164,1773492024,2026-03-14T20:40:24,0.009
5,140-164,1773492334,2026-03-14T20:45:34,0.012
5,140-164,1773492622,2026-03-14T20:50:22,0.0095
5,140-164,1773492924,2026-03-14T20:55:24,0.008
5,140-164,1773493227,2026-03-14T21:00:27,0.0105
5,140-164,1773493525,2026-03-14T21:05:25,0.0175
5,140-164,1773493824,2026-03-14T21:10:24,0.013
5,140-164,1773494125,2026-03-14T21:15:25,0.0125
5,140-164,1773494424,2026-03-14T21:20:24,0.0115
5,140-164,1773494724,2026-03-14T21:25:24,0.0115
5,140-164,1773495027,2026-03-14T21:30:27,0.0085
5,140-164,1773495327,2026-03-14T21:35:27,0.01
5,140-164,1773495623,2026-03-14T21:40:23,0.0085
5,140-164,1773495926,2026-03-14T21:45:26,0.0075
5,140-164,1773496236,2026-03-14T21:50:36,0.008
5,140-164,1773496523,2026-03-14T21:55:23,0.0145
5,140-164,1773496826,2026-03-14T22:00:26,0.014
5,140-164,1773497126,2026-03-14T22:05:26,0.013
5,140-164,1773497423,2026-03-14T22:10:23,0.008
5,140-164,1773497725,2026-03-14T22:15:25,0.006
5,140-164,1773498024,2026-03-14T22:20:24,0.002
5,140-164,1773498322,2026-03-14T22:25:22,0.002
5,140-164,1773498623,2026-03-14T22:30:23,0.0015
5,140-164,1773498947,2026-03-14T22:35:47,0.0005
5,140-164,1773499224,2026-03-14T22:40:24,0.0005
5,140-164,1773499525,2026-03-14T22:45:25,0.0005
5,140-164,1773499821,2026-03-14T22:50:21,0.0005
5,140-164,1773500121,2026-03-14T22:55:21,0.0005
5,140-164,1773500427,2026-03-14T23:00:27,0.0015
5,140-164,1773500723,2026-03-14T23:05:23,0.001
5,140-164,1773501024,2026-03-14T23:10:24,0.0005
5,140-164,1773501323,2026-03-14T23:15:23,0.0005
5,140-164,1773501622,2026-03-14T23:20:22,0.0005
5,140-164,1773501923,2026-03-14T23:25:23,0.0005
5,140-164,1773502226,2026-03-14T23:30:26,0.0005
5,140-164,1773502525,2026-03-14T23:35:25,0.0005
5,140-164,1773502823,2026-03-14T23:40:23,0.0005
5,140-164,1773503122,2026-03-14T23:45:22,0.0005
5,140-164,1773503423,2026-03-14T23:50:23,0.0005
5,140-164,1773503724,2026-03-14T23:55:24,0.0005
5,140-164,1773504026,2026-03-15T00:00:26,0.0005
5,140-164,1773504326,2026-03-15T00:05:26,0.0005
5,140-164,1773504625,2026-03-15T00:10:25,0.0005
5,140-164,1773504922,2026-03-15T00:15:22,0.0005
5,140-164,1773505225,2026-03-15T00:20:25,0.0005
5,140-164,1773505526,2026-03-15T00:25:26,0.0005
5,140-164,1773505824,2026-03-15T00:30:24,0.0005
5,140-164,1773506122,2026-03-15T00:35:22,0.0005
5,140-164,1773506424,2026-03-15T00:40:24,0.0005
5,140-164,1773506726,2026-03-15T00:45:26,0.0005
5,140-164,1773507026,2026-03-15T00:50:26,0.0005
5,140-164,1773507326,2026-03-15T00:55:26,0.0005
5,140-164,1773507631,2026-03-15T01:00:31,0.0005
5,140-164,1773507925,2026-03-15T01:05:25,0.0005
5,140-164,1773508225,2026-03-15T01:10:25,0.0005
5,140-164,1773508524,2026-03-15T01:15:24,0.0005
5,140-164,1773508823,2026-03-15T01:20:23,0.0005
5,140-164,1773509126,2026-03-15T01:25:26,0.0005
5,140-164,1773509425,2026-03-15T01:30:25,0.0005
5,140-164,1773509724,2026-03-15T01:35:24,0.0005
5,140-164,1773510021,2026-03-15T01:40:21,0.0005
5,140-164,1773510322,2026-03-15T01:45:22,0.0005
5,140-164,1773510622,2026-03-15T01:50:22,0.0005
5,140-164,1773510924,2026-03-15T01:55:24,0.0005
5,140-164,1773511225,2026-03-15T02:00:25,0.0005
5,140-164,1773511522,2026-03-15T02:05:22,0.0005
5,140-164,1773511823,2026-03-15T02:10:23,0.0005
5,140-164,1773512124,2026-03-15T02:15:24,0.0005
5,140-164,1773512422,2026-03-15T02:20:22,0.0005
5,140-164,1773512722,2026-03-15T02:25:22,0.0005
5,140-164,1773513024,2026-03-15T02:30:24,0.0005
5,140-164,1773513321,2026-03-15T02:35:21,0.0005
5,140-164,1773513621,2026-03-15T02:40:21,0.0005
5,140-164,1773513921,2026-03-15T02:45:21,0.0005
5,140-164,1773514234,2026-03-15T02:50:34,0.0005
5,140-164,1773514521,2026-03-15T02:55:21,0.0005
6,165-189,1773074727,2026-03-10T00:45:27,0.045
6,165-189,1773075025,2026-03-10T00:50:25,0.045
6,165-189,1773075325,2026-03-10T00:55:25,0.03
6,165-189,1773075651,2026-03-10T01:00:51,0.0295
6,165-189,1773075928,2026-03-10T01:05:28,0.0285
6,165-189,1773076242,2026-03-10T01:10:42,0.028
6,165-189,1773076526,2026-03-10T01:15:26,0.028
6,165-189,1773076840,2026-03-10T01:20:40,0.0275
6,165-189,1773077130,2026-03-10T01:25:30,0.028
6,165-189,1773077431,2026-03-10T01:30:31,0.0275
6,165-189,1773077729,2026-03-10T01:35:29,0.025
6,165-189,1773078027,2026-03-10T01:40:27,0.025
6,165-189,1773078332,2026-03-10T01:45:32,0.0325
6,165-189,1773078627,2026-03-10T01:50:27,0.0325
6,165-189,1773078927,2026-03-10T01:55:27,0.031
6,165-189,1773079244,2026-03-10T02:00:44,0.031
6,165-189,1773079527,2026-03-10T02:05:27,0.029
6,165-189,1773079829,2026-03-10T02:10:29,0.0265
6,165-189,1773080127,2026-03-10T02:15:27,0.024
6,165-189,1773080426,2026-03-10T02:20:26,0.0185
6,165-189,1773080732,2026-03-10T02:25:32,0.0155
6,165-189,1773081032,2026-03-10T02:30:32,0.0125
6,165-189,1773081326,2026-03-10T02:35:26,0.0125
6,165-189,1773081626,2026-03-10T02:40:26,0.0125
6,165-189,1773081929,2026-03-10T02:45:29,0.0125
6,165-189,1773082227,2026-03-10T02:50:27,0.0125
6,165-189,1773082527,2026-03-10T02:55:27,0.025
6,165-189,1773082833,2026-03-10T03:00:33,0.0245
6,165-189,1773083128,2026-03-10T03:05:28,0.022
6,165-189,1773083431,2026-03-10T03:10:31,0.0195
6,165-189,1773083727,2026-03-10T03:15:27,0.017
6,165-189,1773084027,2026-03-10T03:20:27,0.019
6,165-189,1773084329,2026-03-10T03:25:29,0.0175
6,165-189,1773084631,2026-03-10T03:30:31,0.0175
6,165-189,1773084929,2026-03-10T03:35:29,0.0175
6,165-189,1773085227,2026-03-10T03:40:27,0.019
6,165-189,1773085527,2026-03-10T03:45:27,0.0195
6,165-189,1773085831,2026-03-10T03:50:31,0.014
6,165-189,1773086128,2026-03-10T03:55:28,0.014
6,165-189,1773086434,2026-03-10T04:00:34,0.0135
6,165-189,1773086728,2026-03-10T04:05:28,0.013
6,165-189,1773087027,2026-03-10T04:10:27,0.014
6,165-189,1773087329,2026-03-10T04:15:29,0.0135
6,165-189,1773087628,2026-03-10T04:20:28,0.0135
6,165-189,1773087931,2026-03-10T04:25:31,0.0135
6,165-189,1773088231,2026-03-10T04:30:31,0.0135
6,165-189,1773088527,2026-03-10T04:35:27,0.0135
6,165-189,1773088828,2026-03-10T04:40:28,0.014
6,165-189,1773089126,2026-03-10T04:45:26,0.014
6,165-189,1773089440,2026-03-10T04:50:40,0.014
6,165-189,1773089728,2026-03-10T04:55:28,0.014
6,165-189,1773090046,2026-03-10T05:00:46,0.014
6,165-189,1773090329,2026-03-10T05:05:29,0.0145
6,165-189,1773090627,2026-03-10T05:10:27,0.0145
6,165-189,1773090942,2026-03-10T05:15:42,0.0145
6,165-189,1773091229,2026-03-10T05:20:29,0.015
6,165-189,1773091528,2026-03-10T05:25:28,0.015
6,165-189,1773091835,2026-03-10T05:30:35,0.015
6,165-189,1773092128,2026-03-10T05:35:28,0.0155
6,165-189,1773092428,2026-03-10T05:40:28,0.0155
6,165-189,1773092731,2026-03-10T05:45:31,0.0155
6,165-189,1773093029,2026-03-10T05:50:29,0.0155
6,165-189,1773093329,2026-03-10T05:55:29,0.0155
6,165-189,1773093632,2026-03-10T06:00:32,0.0155
6,165-189,1773093930,2026-03-10T06:05:30,0.0155
6,165-189,1773094233,2026-03-10T06:10:33,0.0155
6,165-189,1773094532,2026-03-10T06:15:32,0.0155
6,165-189,1773094830,2026-03-10T06:20:30,0.0155
6,165-189,1773095130,2026-03-10T06:25:30,0.0155
6,165-189,1773095435,2026-03-10T06:30:35,0.0155
6,165-189,1773095732,2026-03-10T06:35:32,0.0155
6,165-189,1773096032,2026-03-10T06:40:32,0.0155
6,165-189,1773096331,2026-03-10T06:45:31,0.0155
6,165-189,1773096632,2026-03-10T06:50:32,0.0155
6,165-189,1773096929,2026-03-10T06:55:29,0.0155
6,165-189,1773097234,2026-03-10T07:00:34,0.0155
6,165-189,1773097528,2026-03-10T07:05:28,0.0165
6,165-189,1773097843,2026-03-10T07:10:43,0.0165
6,165-189,1773098144,2026-03-10T07:15:44,0.0165
6,165-189,1773098429,2026-03-10T07:20:29,0.0165
6,165-189,1773098729,2026-03-10T07:25:29,0.0165
6,165-189,1773099033,2026-03-10T07:30:33,0.0165
6,165-189,1773099329,2026-03-10T07:35:29,0.0165
6,165-189,1773099632,2026-03-10T07:40:32,0.0165
6,165-189,1773099939,2026-03-10T07:45:39,0.0165
6,165-189,1773100230,2026-03-10T07:50:30,0.0165
6,165-189,1773100530,2026-03-10T07:55:30,0.0165
6,165-189,1773100852,2026-03-10T08:00:52,0.0165
6,165-189,1773101128,2026-03-10T08:05:28,0.0165
6,165-189,1773101430,2026-03-10T08:10:30,0.0165
6,165-189,1773101728,2026-03-10T08:15:28,0.0165
6,165-189,1773102031,2026-03-10T08:20:31,0.0165
6,165-189,1773102328,2026-03-10T08:25:28,0.0165
6,165-189,1773102632,2026-03-10T08:30:32,0.017
6,165-189,1773102928,2026-03-10T08:35:28,0.017
6,165-189,1773103228,2026-03-10T08:40:28,0.017
6,165-189,1773103530,2026-03-10T08:45:30,0.017
6,165-189,1773103827,2026-03-10T08:50:27,0.017
6,165-189,1773104128,2026-03-10T08:55:28,0.017
6,165-189,1773104431,2026-03-10T09:00:31,0.017
6,165-189,1773104731,2026-03-10T09:05:31,0.017
6,165-189,1773105027,2026-03-10T09:10:27,0.017
6,165-189,1773105328,2026-03-10T09:15:28,0.017
6,165-189,1773105631,2026-03-10T09:20:31,0.017
6,165-189,1773105930,2026-03-10T09:25:30,0.017
6,165-189,1773106252,2026-03-10T09:30:52,0.017
6,165-189,1773106528,2026-03-10T09:35:28,0.017
6,165-189,1773106828,2026-03-10T09:40:28,0.017
6,165-189,1773107130,2026-03-10T09:45:30,0.017
6,165-189,1773107430,2026-03-10T09:50:30,0.017
6,165-189,1773107728,2026-03-10T09:55:28,0.017
6,165-189,1773108033,2026-03-10T10:00:33,0.017
6,165-189,1773108328,2026-03-10T10:05:28,0.017
6,165-189,1773108630,2026-03-10T10:10:30,0.017
6,165-189,1773108928,2026-03-10T10:15:28,0.017
6,165-189,1773109228,2026-03-10T10:20:28,0.017
6,165-189,1773109530,2026-03-10T10:25:30,0.017
6,165-189,1773109840,2026-03-10T10:30:40,0.017
6,165-189,1773110128,2026-03-10T10:35:28,0.017
6,165-189,1773110428,2026-03-10T10:40:28,0.0185
6,165-189,1773110727,2026-03-10T10:45:27,0.0185
6,165-189,1773111032,2026-03-10T10:50:32,0.0185
6,165-189,1773111331,2026-03-10T10:55:31,0.0185
6,165-189,1773111639,2026-03-10T11:00:39,0.0185
6,165-189,1773111928,2026-03-10T11:05:28,0.0185
6,165-189,1773112228,2026-03-10T11:10:28,0.019
6,165-189,1773112528,2026-03-10T11:15:28,0.019
6,165-189,1773112829,2026-03-10T11:20:29,0.019
6,165-189,1773113130,2026-03-10T11:25:30,0.019
6,165-189,1773113435,2026-03-10T11:30:35,0.019
6,165-189,1773113727,2026-03-10T11:35:27,0.019
6,165-189,1773114031,2026-03-10T11:40:31,0.019
6,165-189,1773114330,2026-03-10T11:45:30,0.019
6,165-189,1773114628,2026-03-10T11:50:28,0.019
6,165-189,1773114930,2026-03-10T11:55:30,0.019
6,165-189,1773115237,2026-03-10T12:00:37,0.019
6,165-189,1773115530,2026-03-10T12:05:30,0.019
6,165-189,1773115828,2026-03-10T12:10:28,0.019
6,165-189,1773116131,2026-03-10T12:15:31,0.019
6,165-189,1773116430,2026-03-10T12:20:30,0.019
6,165-189,1773116730,2026-03-10T12:25:30,0.019
6,165-189,1773117033,2026-03-10T12:30:33,0.019
6,165-189,1773117328,2026-03-10T12:35:28,0.019
6,165-189,1773117630,2026-03-10T12:40:30,0.019
6,165-189,1773117931,2026-03-10T12:45:31,0.019
6,165-189,1773118238,2026-03-10T12:50:38,0.019
6,165-189,1773118542,2026-03-10T12:55:42,0.019
6,165-189,1773118834,2026-03-10T13:00:34,0.019
6,165-189,1773119130,2026-03-10T13:05:30,0.019
6,165-189,1773119431,2026-03-10T13:10:31,0.019
6,165-189,1773119731,2026-03-10T13:15:31,0.019
6,165-189,1773120029,2026-03-10T13:20:29,0.019
6,165-189,1773120334,2026-03-10T13:25:34,0.019
6,165-189,1773120635,2026-03-10T13:30:35,0.019
6,165-189,1773120929,2026-03-10T13:35:29,0.019
6,165-189,1773121230,2026-03-10T13:40:30,0.019
6,165-189,1773121531,2026-03-10T13:45:31,0.019
6,165-189,1773121830,2026-03-10T13:50:30,0.019
6,165-189,1773122131,2026-03-10T13:55:31,0.019
6,165-189,1773122445,2026-03-10T14:00:45,0.019
6,165-189,1773122730,2026-03-10T14:05:30,0.019
6,165-189,1773123029,2026-03-10T14:10:29,0.019
6,165-189,1773123331,2026-03-10T14:15:31,0.019
6,165-189,1773123630,2026-03-10T14:20:30,0.019
6,165-189,1773123930,2026-03-10T14:25:30,0.019
6,165-189,1773124235,2026-03-10T14:30:35,0.019
6,165-189,1773124543,2026-03-10T14:35:43,0.019
6,165-189,1773124831,2026-03-10T14:40:31,0.019
6,165-189,1773125130,2026-03-10T14:45:30,0.019
6,165-189,1773125430,2026-03-10T14:50:30,0.019
6,165-189,1773125731,2026-03-10T14:55:31,0.0185
6,165-189,1773126037,2026-03-10T15:00:37,0.0185
6,165-189,1773126331,2026-03-10T15:05:31,0.0185
6,165-189,1773126629,2026-03-10T15:10:29,0.0185
6,165-189,1773126928,2026-03-10T15:15:28,0.0185
6,165-189,1773127228,2026-03-10T15:20:28,0.0185
6,165-189,1773127533,2026-03-10T15:25:33,0.019
6,165-189,1773127835,2026-03-10T15:30:35,0.019
6,165-189,1773128130,2026-03-10T15:35:30,0.019
6,165-189,1773128438,2026-03-10T15:40:38,0.019
6,165-189,1773128730,2026-03-10T15:45:30,0.019
6,165-189,1773129032,2026-03-10T15:50:32,0.019
6,165-189,1773129329,2026-03-10T15:55:29,0.019
6,165-189,1773129633,2026-03-10T16:00:33,0.019
6,165-189,1773129930,2026-03-10T16:05:30,0.0185
6,165-189,1773130229,2026-03-10T16:10:29,0.0185
6,165-189,1773130531,2026-03-10T16:15:31,0.0185
6,165-189,1773130831,2026-03-10T16:20:31,0.018
6,165-189,1773131129,2026-03-10T16:25:29,0.018
6,165-189,1773131434,2026-03-10T16:30:34,0.018
6,165-189,1773131733,2026-03-10T16:35:33,0.018
6,165-189,1773132029,2026-03-10T16:40:29,0.0175
6,165-189,1773132333,2026-03-10T16:45:33,0.0175
6,165-189,1773132631,2026-03-10T16:50:31,0.018
6,165-189,1773132929,2026-03-10T16:55:29,0.018
6,165-189,1773133531,2026-03-10T17:05:31,0.018
6,165-189,1773133831,2026-03-10T17:10:31,0.018
6,165-189,1773134140,2026-03-10T17:15:40,0.018
6,165-189,1773134431,2026-03-10T17:20:31,0.0195
6,165-189,1773134733,2026-03-10T17:25:33,0.0195
6,165-189,1773135033,2026-03-10T17:30:33,0.0195
6,165-189,1773135332,2026-03-10T17:35:32,0.0195
6,165-189,1773135631,2026-03-10T17:40:31,0.0195
6,165-189,1773135929,2026-03-10T17:45:29,0.0195
6,165-189,1773136229,2026-03-10T17:50:29,0.0195
6,165-189,1773136528,2026-03-10T17:55:28,0.0195
6,165-189,1773136854,2026-03-10T18:00:54,0.0195
6,165-189,1773137133,2026-03-10T18:05:33,0.0195
6,165-189,1773137429,2026-03-10T18:10:29,0.0195
6,165-189,1773137731,2026-03-10T18:15:31,0.0195
6,165-189,1773138033,2026-03-10T18:20:33,0.0195
6,165-189,1773138330,2026-03-10T18:25:30,0.0195
6,165-189,1773138636,2026-03-10T18:30:36,0.0195
6,165-189,1773138932,2026-03-10T18:35:32,0.0195
6,165-189,1773139233,2026-03-10T18:40:33,0.0195
6,165-189,1773139532,2026-03-10T18:45:32,0.0195
6,165-189,1773139830,2026-03-10T18:50:30,0.0195
6,165-189,1773140135,2026-03-10T18:55:35,0.0195
6,165-189,1773140434,2026-03-10T19:00:34,0.0195
6,165-189,1773140733,2026-03-10T19:05:33,0.0195
6,165-189,1773141029,2026-03-10T19:10:29,0.0195
6,165-189,1773141341,2026-03-10T19:15:41,0.0175
6,165-189,1773141630,2026-03-10T19:20:30,0.0175
6,165-189,1773141931,2026-03-10T19:25:31,0.0175
6,165-189,1773142236,2026-03-10T19:30:36,0.0175
6,165-189,1773142529,2026-03-10T19:35:29,0.0175
6,165-189,1773142829,2026-03-10T19:40:29,0.0175
6,165-189,1773143132,2026-03-10T19:45:32,0.0175
6,165-189,1773143433,2026-03-10T19:50:33,0.0175
6,165-189,1773143730,2026-03-10T19:55:30,0.0175
6,165-189,1773144056,2026-03-10T20:00:56,0.0185
6,165-189,1773144333,2026-03-10T20:05:33,0.0175
6,165-189,1773144619,2026-03-10T20:10:19,0.0175
6,165-189,1773144658,2026-03-10T20:10:58,0.0175
6,165-189,1773144933,2026-03-10T20:15:33,0.018
6,165-189,1773145233,2026-03-10T20:20:33,0.018
6,165-189,1773145532,2026-03-10T20:25:32,0.018
6,165-189,1773145841,2026-03-10T20:30:41,0.018
6,165-189,1773146132,2026-03-10T20:35:32,0.018
6,165-189,1773146433,2026-03-10T20:40:33,0.018
6,165-189,1773146747,2026-03-10T20:45:47,0.018
6,165-189,1773147030,2026-03-10T20:50:30,0.018
6,165-189,1773147330,2026-03-10T20:55:30,0.018
6,165-189,1773147641,2026-03-10T21:00:41,0.018
6,165-189,1773147936,2026-03-10T21:05:36,0.018
6,165-189,1773148231,2026-03-10T21:10:31,0.018
6,165-189,1773148530,2026-03-10T21:15:30,0.0175
6,165-189,1773148831,2026-03-10T21:20:31,0.0175
6,165-189,1773149130,2026-03-10T21:25:30,0.0175
6,165-189,1773149446,2026-03-10T21:30:46,0.0175
6,165-189,1773149732,2026-03-10T21:35:32,0.0175
6,165-189,1773150032,2026-03-10T21:40:32,0.0175
6,165-189,1773150330,2026-03-10T21:45:30,0.018
6,165-189,1773150632,2026-03-10T21:50:32,0.018
6,165-189,1773150933,2026-03-10T21:55:33,0.018
6,165-189,1773151239,2026-03-10T22:00:39,0.018
6,165-189,1773151531,2026-03-10T22:05:31,0.018
6,165-189,1773151833,2026-03-10T22:10:33,0.0185
6,165-189,1773152130,2026-03-10T22:15:30,0.0185
6,165-189,1773152431,2026-03-10T22:20:31,0.0185
6,165-189,1773152733,2026-03-10T22:25:33,0.0185
6,165-189,1773153041,2026-03-10T22:30:41,0.0185
6,165-189,1773153631,2026-03-10T22:40:31,0.0185
6,165-189,1773153932,2026-03-10T22:45:32,0.0185
6,165-189,1773154244,2026-03-10T22:50:44,0.0185
6,165-189,1773154543,2026-03-10T22:55:43,0.0185
6,165-189,1773154859,2026-03-10T23:00:59,0.0185
6,165-189,1773155129,2026-03-10T23:05:29,0.0185
6,165-189,1773155431,2026-03-10T23:10:31,0.0185
6,165-189,1773155730,2026-03-10T23:15:30,0.0185
6,165-189,1773156030,2026-03-10T23:20:30,0.0185
6,165-189,1773156333,2026-03-10T23:25:33,0.0185
6,165-189,1773156638,2026-03-10T23:30:38,0.0185
6,165-189,1773156931,2026-03-10T23:35:31,0.019
6,165-189,1773157231,2026-03-10T23:40:31,0.019
6,165-189,1773157533,2026-03-10T23:45:33,0.019
6,165-189,1773157845,2026-03-10T23:50:45,0.019
6,165-189,1773158129,2026-03-10T23:55:29,0.019
6,165-189,1773158442,2026-03-11T00:00:42,0.0185
6,165-189,1773158730,2026-03-11T00:05:30,0.0185
6,165-189,1773159032,2026-03-11T00:10:32,0.0185
6,165-189,1773159330,2026-03-11T00:15:30,0.0185
6,165-189,1773159635,2026-03-11T00:20:35,0.0185
6,165-189,1773159930,2026-03-11T00:25:30,0.0185
6,165-189,1773160237,2026-03-11T00:30:37,0.0195
6,165-189,1773160530,2026-03-11T00:35:30,0.0195
6,165-189,1773160832,2026-03-11T00:40:32,0.019
6,165-189,1773161144,2026-03-11T00:45:44,0.0195
6,165-189,1773161432,2026-03-11T00:50:32,0.0195
6,165-189,1773161729,2026-03-11T00:55:29,0.0195
6,165-189,1773162034,2026-03-11T01:00:34,0.0195
6,165-189,1773162330,2026-03-11T01:05:30,0.0195
6,165-189,1773162630,2026-03-11T01:10:30,0.0195
6,165-189,1773162935,2026-03-11T01:15:35,0.0195
6,165-189,1773163232,2026-03-11T01:20:32,0.0195
6,165-189,1773163538,2026-03-11T01:25:38,0.0195
6,165-189,1773163837,2026-03-11T01:30:37,0.0195
6,165-189,1773164131,2026-03-11T01:35:31,0.0195
6,165-189,1773164435,2026-03-11T01:40:35,0.0195
6,165-189,1773164733,2026-03-11T01:45:33,0.0195
6,165-189,1773165032,2026-03-11T01:50:32,0.0195
6,165-189,1773165331,2026-03-11T01:55:31,0.0195
6,165-189,1773165652,2026-03-11T02:00:52,0.0195
6,165-189,1773165936,2026-03-11T02:05:36,0.0195
6,165-189,1773166232,2026-03-11T02:10:32,0.024
6,165-189,1773166530,2026-03-11T02:15:30,0.026
6,165-189,1773166832,2026-03-11T02:20:32,0.0255
6,165-189,1773167144,2026-03-11T02:25:44,0.0255
6,165-189,1773167442,2026-03-11T02:30:42,0.0275
6,165-189,1773167729,2026-03-11T02:35:29,0.0285
6,165-189,1773168033,2026-03-11T02:40:33,0.0285
6,165-189,1773168341,2026-03-11T02:45:41,0.0285
6,165-189,1773168632,2026-03-11T02:50:32,0.0285
6,165-189,1773168929,2026-03-11T02:55:29,0.031
6,165-189,1773169237,2026-03-11T03:00:37,0.0315
6,165-189,1773169548,2026-03-11T03:05:48,0.0315
6,165-189,1773169831,2026-03-11T03:10:31,0.0305
6,165-189,1773170130,2026-03-11T03:15:30,0.0305
6,165-189,1773170439,2026-03-11T03:20:39,0.031
6,165-189,1773170734,2026-03-11T03:25:34,0.032
6,165-189,1773171037,2026-03-11T03:30:37,0.032
6,165-189,1773171331,2026-03-11T03:35:31,0.032
6,165-189,1773171633,2026-03-11T03:40:33,0.032
6,165-189,1773171935,2026-03-11T03:45:35,0.032
6,165-189,1773172234,2026-03-11T03:50:34,0.0325
6,165-189,1773172532,2026-03-11T03:55:32,0.0325
6,165-189,1773172839,2026-03-11T04:00:39,0.0325
6,165-189,1773173132,2026-03-11T04:05:32,0.0325
6,165-189,1773173431,2026-03-11T04:10:31,0.032
6,165-189,1773173733,2026-03-11T04:15:33,0.031
6,165-189,1773174034,2026-03-11T04:20:34,0.029
6,165-189,1773174329,2026-03-11T04:25:29,0.0295
6,165-189,1773174635,2026-03-11T04:30:35,0.0295
6,165-189,1773174930,2026-03-11T04:35:30,0.0295
6,165-189,1773175235,2026-03-11T04:40:35,0.0295
6,165-189,1773175531,2026-03-11T04:45:31,0.03
6,165-189,1773175831,2026-03-11T04:50:31,0.029
6,165-189,1773176133,2026-03-11T04:55:33,0.0295
6,165-189,1773176454,2026-03-11T05:00:54,0.035
6,165-189,1773176733,2026-03-11T05:05:33,0.0345
6,165-189,1773177030,2026-03-11T05:10:30,0.0355
6,165-189,1773177331,2026-03-11T05:15:31,0.0355
6,165-189,1773177659,2026-03-11T05:20:59,0.0365
6,165-189,1773177929,2026-03-11T05:25:29,0.0385
6,165-189,1773178239,2026-03-11T05:30:39,0.037
6,165-189,1773178530,2026-03-11T05:35:30,0.036
6,165-189,1773178832,2026-03-11T05:40:32,0.036
6,165-189,1773179135,2026-03-11T05:45:35,0.0365
6,165-189,1773179433,2026-03-11T05:50:33,0.037
6,165-189,1773179730,2026-03-11T05:55:30,0.0355
6,165-189,1773180037,2026-03-11T06:00:37,0.0375
6,165-189,1773180334,2026-03-11T06:05:34,0.0395
6,165-189,1773180646,2026-03-11T06:10:46,0.0395
6,165-189,1773180933,2026-03-11T06:15:33,0.044
6,165-189,1773181232,2026-03-11T06:20:32,0.045
6,165-189,1773181533,2026-03-11T06:25:33,0.044
6,165-189,1773181835,2026-03-11T06:30:35,0.044
6,165-189,1773182129,2026-03-11T06:35:29,0.0445
6,165-189,1773182435,2026-03-11T06:40:35,0.041
6,165-189,1773182732,2026-03-11T06:45:32,0.041
6,165-189,1773183031,2026-03-11T06:50:31,0.0415
6,165-189,1773183333,2026-03-11T06:55:33,0.044
6,165-189,1773183637,2026-03-11T07:00:37,0.0455
6,165-189,1773183945,2026-03-11T07:05:45,0.0455
6,165-189,1773184232,2026-03-11T07:10:32,0.035
6,165-189,1773184532,2026-03-11T07:15:32,0.038
6,165-189,1773184831,2026-03-11T07:20:31,0.0395
6,165-189,1773185133,2026-03-11T07:25:33,0.038
6,165-189,1773185442,2026-03-11T07:30:42,0.039
6,165-189,1773185733,2026-03-11T07:35:33,0.043
6,165-189,1773186049,2026-03-11T07:40:49,0.0435
6,165-189,1773186333,2026-03-11T07:45:33,0.044
6,165-189,1773186633,2026-03-11T07:50:33,0.0445
6,165-189,1773186934,2026-03-11T07:55:34,0.0455
6,165-189,1773187257,2026-03-11T08:00:57,0.045
6,165-189,1773187530,2026-03-11T08:05:30,0.035
6,165-189,1773187837,2026-03-11T08:10:37,0.041
6,165-189,1773188132,2026-03-11T08:15:32,0.0425
6,165-189,1773188430,2026-03-11T08:20:30,0.0455
6,165-189,1773188734,2026-03-11T08:25:34,0.0455
6,165-189,1773189040,2026-03-11T08:30:40,0.046
6,165-189,1773189337,2026-03-11T08:35:37,0.046
6,165-189,1773189632,2026-03-11T08:40:32,0.046
6,165-189,1773189933,2026-03-11T08:45:33,0.049
6,165-189,1773190230,2026-03-11T08:50:30,0.0545
6,165-189,1773190530,2026-03-11T08:55:30,0.053
6,165-189,1773190840,2026-03-11T09:00:40,0.0615
6,165-189,1773191134,2026-03-11T09:05:34,0.062
6,165-189,1773191430,2026-03-11T09:10:30,0.0565
6,165-189,1773191733,2026-03-11T09:15:33,0.0535
6,165-189,1773192033,2026-03-11T09:20:33,0.051
6,165-189,1773192333,2026-03-11T09:25:33,0.04
6,165-189,1773192638,2026-03-11T09:30:38,0.0315
6,165-189,1773192931,2026-03-11T09:35:31,0.0295
6,165-189,1773193232,2026-03-11T09:40:32,0.042
6,165-189,1773193530,2026-03-11T09:45:30,0.043
6,165-189,1773193845,2026-03-11T09:50:45,0.05
6,165-189,1773194130,2026-03-11T09:55:30,0.051
6,165-189,1773194438,2026-03-11T10:00:38,0.0475
6,165-189,1773194734,2026-03-11T10:05:34,0.0435
6,165-189,1773195034,2026-03-11T10:10:34,0.044
6,165-189,1773195332,2026-03-11T10:15:32,0.0515
6,165-189,1773195633,2026-03-11T10:20:33,0.0535
6,165-189,1773195937,2026-03-11T10:25:37,0.0565
6,165-189,1773196235,2026-03-11T10:30:35,0.059
6,165-189,1773196543,2026-03-11T10:35:43,0.0585
6,165-189,1773196830,2026-03-11T10:40:30,0.05
6,165-189,1773197145,2026-03-11T10:45:45,0.0445
6,165-189,1773197433,2026-03-11T10:50:33,0.0425
6,165-189,1773197731,2026-03-11T10:55:31,0.0415
6,165-189,1773198054,2026-03-11T11:00:54,0.0415
6,165-189,1773198332,2026-03-11T11:05:32,0.0415
6,165-189,1773198645,2026-03-11T11:10:45,0.0415
6,165-189,1773198933,2026-03-11T11:15:33,0.0515
6,165-189,1773199234,2026-03-11T11:20:34,0.0535
6,165-189,1773199530,2026-03-11T11:25:30,0.054
6,165-189,1773199837,2026-03-11T11:30:37,0.0545
6,165-189,1773200132,2026-03-11T11:35:32,0.054
6,165-189,1773200433,2026-03-11T11:40:33,0.054
6,165-189,1773200733,2026-03-11T11:45:33,0.055
6,165-189,1773201030,2026-03-11T11:50:30,0.054
6,165-189,1773201337,2026-03-11T11:55:37,0.0485
6,165-189,1773201638,2026-03-11T12:00:38,0.0455
6,165-189,1773201934,2026-03-11T12:05:34,0.0425
6,165-189,1773202231,2026-03-11T12:10:31,0.0425
6,165-189,1773202548,2026-03-11T12:15:48,0.0415
6,165-189,1773202833,2026-03-11T12:20:33,0.0415
6,165-189,1773203129,2026-03-11T12:25:29,0.0415
6,165-189,1773203437,2026-03-11T12:30:37,0.0415
6,165-189,1773203733,2026-03-11T12:35:33,0.0415
6,165-189,1773204029,2026-03-11T12:40:29,0.037
6,165-189,1773204347,2026-03-11T12:45:47,0.033
6,165-189,1773204635,2026-03-11T12:50:35,0.0325
6,165-189,1773204931,2026-03-11T12:55:31,0.0325
6,165-189,1773205238,2026-03-11T13:00:38,0.0325
6,165-189,1773205531,2026-03-11T13:05:31,0.0325
6,165-189,1773205830,2026-03-11T13:10:30,0.0325
6,165-189,1773206136,2026-03-11T13:15:36,0.0325
6,165-189,1773206430,2026-03-11T13:20:30,0.0435
6,165-189,1773206729,2026-03-11T13:25:29,0.045
6,165-189,1773207035,2026-03-11T13:30:35,0.0465
6,165-189,1773207331,2026-03-11T13:35:31,0.049
6,165-189,1773207634,2026-03-11T13:40:34,0.044
6,165-189,1773207932,2026-03-11T13:45:32,0.046
6,165-189,1773208232,2026-03-11T13:50:32,0.045
6,165-189,1773208529,2026-03-11T13:55:29,0.047
6,165-189,1773208854,2026-03-11T14:00:54,0.049
6,165-189,1773209146,2026-03-11T14:05:46,0.043
6,165-189,1773209429,2026-03-11T14:10:29,0.0405
6,165-189,1773209730,2026-03-11T14:15:30,0.0335
6,165-189,1773210030,2026-03-11T14:20:30,0.0295
6,165-189,1773210332,2026-03-11T14:25:32,0.0295
6,165-189,1773210648,2026-03-11T14:30:48,0.0285
6,165-189,1773210944,2026-03-11T14:35:44,0.0285
6,165-189,1773211236,2026-03-11T14:40:36,0.04
6,165-189,1773211531,2026-03-11T14:45:31,0.0415
6,165-189,1773211834,2026-03-11T14:50:34,0.04
6,165-189,1773212140,2026-03-11T14:55:40,0.0385
6,165-189,1773212440,2026-03-11T15:00:40,0.0385
6,165-189,1773212732,2026-03-11T15:05:32,0.033
6,165-189,1773213029,2026-03-11T15:10:29,0.0315
6,165-189,1773213347,2026-03-11T15:15:47,0.0305
6,165-189,1773213630,2026-03-11T15:20:30,0.0305
6,165-189,1773213933,2026-03-11T15:25:33,0.0305
6,165-189,1773214239,2026-03-11T15:30:39,0.0305
6,165-189,1773214533,2026-03-11T15:35:33,0.0305
6,165-189,1773214834,2026-03-11T15:40:34,0.0375
6,165-189,1773215131,2026-03-11T15:45:31,0.034
6,165-189,1773215434,2026-03-11T15:50:34,0.03
6,165-189,1773215730,2026-03-11T15:55:30,0.0295
6,165-189,1773216039,2026-03-11T16:00:39,0.0295
6,165-189,1773216331,2026-03-11T16:05:31,0.0295
6,165-189,1773216629,2026-03-11T16:10:29,0.0295
6,165-189,1773216941,2026-03-11T16:15:41,0.0295
6,165-189,1773217230,2026-03-11T16:20:30,0.039
6,165-189,1773217529,2026-03-11T16:25:29,0.0385
6,165-189,1773217836,2026-03-11T16:30:36,0.0365
6,165-189,1773218129,2026-03-11T16:35:29,0.0345
6,165-189,1773218436,2026-03-11T16:40:36,0.032
6,165-189,1773218734,2026-03-11T16:45:34,0.03
6,165-189,1773219033,2026-03-11T16:50:33,0.0295
6,165-189,1773219328,2026-03-11T16:55:28,0.0285
6,165-189,1773219650,2026-03-11T17:00:50,0.0375
6,165-189,1773219929,2026-03-11T17:05:29,0.0345
6,165-189,1773220235,2026-03-11T17:10:35,0.035
6,165-189,1773220529,2026-03-11T17:15:29,0.033
6,165-189,1773220830,2026-03-11T17:20:30,0.0325
6,165-189,1773221130,2026-03-11T17:25:30,0.0325
6,165-189,1773221439,2026-03-11T17:30:39,0.032
6,165-189,1773221729,2026-03-11T17:35:29,0.031
6,165-189,1773222029,2026-03-11T17:40:29,0.0305
6,165-189,1773222330,2026-03-11T17:45:30,0.0305
6,165-189,1773222629,2026-03-11T17:50:29,0.0285
6,165-189,1773222944,2026-03-11T17:55:44,0.0285
6,165-189,1773223247,2026-03-11T18:00:47,0.0285
6,165-189,1773223532,2026-03-11T18:05:32,0.0285
6,165-189,1773223832,2026-03-11T18:10:32,0.0285
6,165-189,1773224131,2026-03-11T18:15:31,0.0285
6,165-189,1773224430,2026-03-11T18:20:30,0.0285
6,165-189,1773224743,2026-03-11T18:25:43,0.0285
6,165-189,1773225037,2026-03-11T18:30:37,0.0285
6,165-189,1773225331,2026-03-11T18:35:31,0.0285
6,165-189,1773225630,2026-03-11T18:40:30,0.0285
6,165-189,1773225932,2026-03-11T18:45:32,0.0285
6,165-189,1773226229,2026-03-11T18:50:29,0.031
6,165-189,1773226537,2026-03-11T18:55:37,0.031
6,165-189,1773226840,2026-03-11T19:00:40,0.0325
6,165-189,1773227129,2026-03-11T19:05:29,0.0305
6,165-189,1773227434,2026-03-11T19:10:34,0.0285
6,165-189,1773227733,2026-03-11T19:15:33,0.0285
6,165-189,1773228030,2026-03-11T19:20:30,0.0285
6,165-189,1773228329,2026-03-11T19:25:29,0.0285
6,165-189,1773228637,2026-03-11T19:30:37,0.0285
6,165-189,1773228935,2026-03-11T19:35:35,0.0285
6,165-189,1773229235,2026-03-11T19:40:35,0.0285
6,165-189,1773229530,2026-03-11T19:45:30,0.0285
6,165-189,1773229835,2026-03-11T19:50:35,0.0365
6,165-189,1773230131,2026-03-11T19:55:31,0.0405
6,165-189,1773230736,2026-03-11T20:05:36,0.042
6,165-189,1773231030,2026-03-11T20:10:30,0.043
6,165-189,1773231329,2026-03-11T20:15:29,0.0375
6,165-189,1773231645,2026-03-11T20:20:45,0.0385
6,165-189,1773231932,2026-03-11T20:25:32,0.041
6,165-189,1773232258,2026-03-11T20:30:58,0.041
6,165-189,1773232531,2026-03-11T20:35:31,0.0425
6,165-189,1773232830,2026-03-11T20:40:30,0.0425
6,165-189,1773233144,2026-03-11T20:45:44,0.0425
6,165-189,1773233430,2026-03-11T20:50:30,0.038
6,165-189,1773233733,2026-03-11T20:55:33,0.037
6,165-189,1773234038,2026-03-11T21:00:38,0.034
6,165-189,1773234332,2026-03-11T21:05:32,0.0335
6,165-189,1773234631,2026-03-11T21:10:31,0.034
6,165-189,1773234935,2026-03-11T21:15:35,0.0345
6,165-189,1773235237,2026-03-11T21:20:37,0.0345
6,165-189,1773235532,2026-03-11T21:25:32,0.0365
6,165-189,1773235836,2026-03-11T21:30:36,0.034
6,165-189,1773236133,2026-03-11T21:35:33,0.034
6,165-189,1773236432,2026-03-11T21:40:32,0.034
6,165-189,1773236739,2026-03-11T21:45:39,0.0365
6,165-189,1773237033,2026-03-11T21:50:33,0.0345
6,165-189,1773237333,2026-03-11T21:55:33,0.0305
6,165-189,1773237639,2026-03-11T22:00:39,0.0305
6,165-189,1773237933,2026-03-11T22:05:33,0.0265
6,165-189,1773238235,2026-03-11T22:10:35,0.037
6,165-189,1773238531,2026-03-11T22:15:31,0.0365
6,165-189,1773238833,2026-03-11T22:20:33,0.0365
6,165-189,1773239135,2026-03-11T22:25:35,0.0365
6,165-189,1773239438,2026-03-11T22:30:38,0.0365
6,165-189,1773239712,2026-03-11T22:35:12,0.0365
6,165-189,1773239751,2026-03-11T22:35:51,0.0365
6,165-189,1773240043,2026-03-11T22:40:43,0.0365
6,165-189,1773240332,2026-03-11T22:45:32,0.0365
6,165-189,1773240631,2026-03-11T22:50:31,0.0365
6,165-189,1773240948,2026-03-11T22:55:48,0.0365
6,165-189,1773241532,2026-03-11T23:05:32,0.0365
6,165-189,1773241833,2026-03-11T23:10:33,0.0365
6,165-189,1773242134,2026-03-11T23:15:34,0.0365
6,165-189,1773242434,2026-03-11T23:20:34,0.0365
6,165-189,1773242733,2026-03-11T23:25:33,0.0325
6,165-189,1773243042,2026-03-11T23:30:42,0.0255
6,165-189,1773243334,2026-03-11T23:35:34,0.0205
6,165-189,1773243634,2026-03-11T23:40:34,0.025
6,165-189,1773243933,2026-03-11T23:45:33,0.024
6,165-189,1773244232,2026-03-11T23:50:32,0.0235
6,165-189,1773244529,2026-03-11T23:55:29,0.02
6,165-189,1773244840,2026-03-12T00:00:40,0.0185
6,165-189,1773245134,2026-03-12T00:05:34,0.0185
6,165-189,1773245732,2026-03-12T00:15:32,0.0185
6,165-189,1773246034,2026-03-12T00:20:34,0.0185
6,165-189,1773246335,2026-03-12T00:25:35,0.018
6,165-189,1773246636,2026-03-12T00:30:36,0.017
6,165-189,1773246931,2026-03-12T00:35:31,0.0165
6,165-189,1773247237,2026-03-12T00:40:37,0.02
6,165-189,1773247534,2026-03-12T00:45:34,0.0185
6,165-189,1773247832,2026-03-12T00:50:32,0.0165
6,165-189,1773248130,2026-03-12T00:55:30,0.0165
6,165-189,1773248737,2026-03-12T01:05:37,0.0165
6,165-189,1773249033,2026-03-12T01:10:33,0.0165
6,165-189,1773249335,2026-03-12T01:15:35,0.0165
6,165-189,1773249631,2026-03-12T01:20:31,0.0165
6,165-189,1773249933,2026-03-12T01:25:33,0.0165
6,165-189,1773250244,2026-03-12T01:30:44,0.0165
6,165-189,1773250532,2026-03-12T01:35:32,0.0165
6,165-189,1773250837,2026-03-12T01:40:37,0.016
6,165-189,1773251133,2026-03-12T01:45:33,0.0155
6,165-189,1773251434,2026-03-12T01:50:34,0.0205
6,165-189,1773251748,2026-03-12T01:55:48,0.0215
6,165-189,1773252053,2026-03-12T02:00:53,0.022
6,165-189,1773252335,2026-03-12T02:05:35,0.025
6,165-189,1773252632,2026-03-12T02:10:32,0.018
6,165-189,1773252931,2026-03-12T02:15:31,0.0155
6,165-189,1773253231,2026-03-12T02:20:31,0.0155
6,165-189,1773253532,2026-03-12T02:25:32,0.0165
6,165-189,1773253837,2026-03-12T02:30:37,0.016
6,165-189,1773254131,2026-03-12T02:35:31,0.016
6,165-189,1773254431,2026-03-12T02:40:31,0.016
6,165-189,1773254734,2026-03-12T02:45:34,0.0165
6,165-189,1773255048,2026-03-12T02:50:48,0.0175
6,165-189,1773255330,2026-03-12T02:55:30,0.0175
6,165-189,1773255640,2026-03-12T03:00:40,0.0175
6,165-189,1773255955,2026-03-12T03:05:55,0.0175
6,165-189,1773256232,2026-03-12T03:10:32,0.0175
6,165-189,1773256533,2026-03-12T03:15:33,0.0175
6,165-189,1773256831,2026-03-12T03:20:31,0.0175
6,165-189,1773257131,2026-03-12T03:25:31,0.0175
6,165-189,1773257440,2026-03-12T03:30:40,0.0175
6,165-189,1773257732,2026-03-12T03:35:32,0.0165
6,165-189,1773258034,2026-03-12T03:40:34,0.0165
6,165-189,1773258330,2026-03-12T03:45:30,0.0285
6,165-189,1773258637,2026-03-12T03:50:37,0.0285
6,165-189,1773258932,2026-03-12T03:55:32,0.0285
6,165-189,1773259243,2026-03-12T04:00:43,0.029
6,165-189,1773259533,2026-03-12T04:05:33,0.029
6,165-189,1773259834,2026-03-12T04:10:34,0.029
6,165-189,1773260130,2026-03-12T04:15:30,0.0275
6,165-189,1773260430,2026-03-12T04:20:30,0.0275
6,165-189,1773260737,2026-03-12T04:25:37,0.0275
6,165-189,1773261040,2026-03-12T04:30:40,0.0275
6,165-189,1773261335,2026-03-12T04:35:35,0.0275
6,165-189,1773261632,2026-03-12T04:40:32,0.028
6,165-189,1773261934,2026-03-12T04:45:34,0.0285
6,165-189,1773262246,2026-03-12T04:50:46,0.0285
6,165-189,1773262531,2026-03-12T04:55:31,0.0285
6,165-189,1773262859,2026-03-12T05:00:59,0.0235
6,165-189,1773263131,2026-03-12T05:05:31,0.0235
6,165-189,1773263432,2026-03-12T05:10:32,0.021
6,165-189,1773263733,2026-03-12T05:15:33,0.0195
6,165-189,1773264034,2026-03-12T05:20:34,0.0185
6,165-189,1773264639,2026-03-12T05:30:39,0.0175
6,165-189,1773264931,2026-03-12T05:35:31,0.022
6,165-189,1773265235,2026-03-12T05:40:35,0.0195
6,165-189,1773265545,2026-03-12T05:45:45,0.0195
6,165-189,1773265833,2026-03-12T05:50:33,0.0195
6,165-189,1773266134,2026-03-12T05:55:34,0.0195
6,165-189,1773266446,2026-03-12T06:00:46,0.0195
6,165-189,1773266747,2026-03-12T06:05:47,0.0195
6,165-189,1773267032,2026-03-12T06:10:32,0.0175
6,165-189,1773267333,2026-03-12T06:15:33,0.0175
6,165-189,1773267636,2026-03-12T06:20:36,0.0175
6,165-189,1773267930,2026-03-12T06:25:30,0.0175
6,165-189,1773268241,2026-03-12T06:30:41,0.0165
6,165-189,1773268533,2026-03-12T06:35:33,0.0165
6,165-189,1773268832,2026-03-12T06:40:32,0.015
6,165-189,1773269145,2026-03-12T06:45:45,0.017
6,165-189,1773269435,2026-03-12T06:50:35,0.017
6,165-189,1773269737,2026-03-12T06:55:37,0.017
6,165-189,1773270038,2026-03-12T07:00:38,0.0175
6,165-189,1773270334,2026-03-12T07:05:34,0.016
6,165-189,1773270633,2026-03-12T07:10:33,0.0175
6,165-189,1773270937,2026-03-12T07:15:37,0.0175
6,165-189,1773271251,2026-03-12T07:20:51,0.0175
6,165-189,1773271532,2026-03-12T07:25:32,0.0175
6,165-189,1773271837,2026-03-12T07:30:37,0.0175
6,165-189,1773272131,2026-03-12T07:35:31,0.0175
6,165-189,1773272447,2026-03-12T07:40:47,0.0175
6,165-189,1773272731,2026-03-12T07:45:31,0.0175
6,165-189,1773273036,2026-03-12T07:50:36,0.0175
6,165-189,1773273332,2026-03-12T07:55:32,0.0175
6,165-189,1773273659,2026-03-12T08:00:59,0.0175
6,165-189,1773273929,2026-03-12T08:05:29,0.018
6,165-189,1773274232,2026-03-12T08:10:32,0.0175
6,165-189,1773274532,2026-03-12T08:15:32,0.0175
6,165-189,1773274831,2026-03-12T08:20:31,0.0175
6,165-189,1773275130,2026-03-12T08:25:30,0.0185
6,165-189,1773275438,2026-03-12T08:30:38,0.0185
6,165-189,1773275732,2026-03-12T08:35:32,0.0185
6,165-189,1773276029,2026-03-12T08:40:29,0.0135
6,165-189,1773276333,2026-03-12T08:45:33,0.0135
6,165-189,1773276628,2026-03-12T08:50:28,0.016
6,165-189,1773276932,2026-03-12T08:55:32,0.0195
6,165-189,1773277237,2026-03-12T09:00:37,0.0215
6,165-189,1773277532,2026-03-12T09:05:32,0.0215
6,165-189,1773277828,2026-03-12T09:10:28,0.021
6,165-189,1773278132,2026-03-12T09:15:32,0.021
6,165-189,1773278432,2026-03-12T09:20:32,0.021
6,165-189,1773278730,2026-03-12T09:25:30,0.021
6,165-189,1773279034,2026-03-12T09:30:34,0.021
6,165-189,1773279333,2026-03-12T09:35:33,0.021
6,165-189,1773279630,2026-03-12T09:40:30,0.0205
6,165-189,1773279929,2026-03-12T09:45:29,0.019
6,165-189,1773280232,2026-03-12T09:50:32,0.019
6,165-189,1773280530,2026-03-12T09:55:30,0.019
6,165-189,1773280838,2026-03-12T10:00:38,0.0195
6,165-189,1773281133,2026-03-12T10:05:33,0.0195
6,165-189,1773281432,2026-03-12T10:10:32,0.019
6,165-189,1773281733,2026-03-12T10:15:33,0.019
6,165-189,1773282034,2026-03-12T10:20:34,0.0195
6,165-189,1773282336,2026-03-12T10:25:36,0.0185
6,165-189,1773282639,2026-03-12T10:30:39,0.018
6,165-189,1773282947,2026-03-12T10:35:47,0.019
6,165-189,1773283245,2026-03-12T10:40:45,0.0155
6,165-189,1773283533,2026-03-12T10:45:33,0.0145
6,165-189,1773283832,2026-03-12T10:50:32,0.0135
6,165-189,1773284132,2026-03-12T10:55:32,0.019
6,165-189,1773284455,2026-03-12T11:00:55,0.019
6,165-189,1773284734,2026-03-12T11:05:34,0.019
6,165-189,1773285031,2026-03-12T11:10:31,0.017
6,165-189,1773285331,2026-03-12T11:15:31,0.0175
6,165-189,1773285629,2026-03-12T11:20:29,0.0175
6,165-189,1773285931,2026-03-12T11:25:31,0.0155
6,165-189,1773286248,2026-03-12T11:30:48,0.0155
6,165-189,1773286533,2026-03-12T11:35:33,0.0155
6,165-189,1773286833,2026-03-12T11:40:33,0.016
6,165-189,1773287140,2026-03-12T11:45:40,0.016
6,165-189,1773287429,2026-03-12T11:50:29,0.016
6,165-189,1773287731,2026-03-12T11:55:31,0.016
6,165-189,1773288038,2026-03-12T12:00:38,0.016
6,165-189,1773288330,2026-03-12T12:05:30,0.016
6,165-189,1773288632,2026-03-12T12:10:32,0.016
6,165-189,1773288932,2026-03-12T12:15:32,0.016
6,165-189,1773289231,2026-03-12T12:20:31,0.016
6,165-189,1773289530,2026-03-12T12:25:30,0.016
6,165-189,1773289837,2026-03-12T12:30:37,0.016
6,165-189,1773290133,2026-03-12T12:35:33,0.016
6,165-189,1773290429,2026-03-12T12:40:29,0.016
6,165-189,1773290730,2026-03-12T12:45:30,0.016
6,165-189,1773291040,2026-03-12T12:50:40,0.016
6,165-189,1773291329,2026-03-12T12:55:29,0.016
6,165-189,1773291646,2026-03-12T13:00:46,0.016
6,165-189,1773291931,2026-03-12T13:05:31,0.016
6,165-189,1773292230,2026-03-12T13:10:30,0.016
6,165-189,1773292531,2026-03-12T13:15:31,0.016
6,165-189,1773292830,2026-03-12T13:20:30,0.016
6,165-189,1773293133,2026-03-12T13:25:33,0.016
6,165-189,1773293438,2026-03-12T13:30:38,0.016
6,165-189,1773293733,2026-03-12T13:35:33,0.016
6,165-189,1773294030,2026-03-12T13:40:30,0.016
6,165-189,1773294329,2026-03-12T13:45:29,0.016
6,165-189,1773294632,2026-03-12T13:50:32,0.016
6,165-189,1773294930,2026-03-12T13:55:30,0.016
6,165-189,1773295256,2026-03-12T14:00:56,0.016
6,165-189,1773295530,2026-03-12T14:05:30,0.016
6,165-189,1773295831,2026-03-12T14:10:31,0.016
6,165-189,1773296131,2026-03-12T14:15:31,0.016
6,165-189,1773296432,2026-03-12T14:20:32,0.016
6,165-189,1773296731,2026-03-12T14:25:31,0.016
6,165-189,1773297037,2026-03-12T14:30:37,0.016
6,165-189,1773297342,2026-03-12T14:35:42,0.016
6,165-189,1773297630,2026-03-12T14:40:30,0.016
6,165-189,1773297932,2026-03-12T14:45:32,0.016
6,165-189,1773298229,2026-03-12T14:50:29,0.016
6,165-189,1773298532,2026-03-12T14:55:32,0.016
6,165-189,1773298843,2026-03-12T15:00:43,0.016
6,165-189,1773299132,2026-03-12T15:05:32,0.016
6,165-189,1773299429,2026-03-12T15:10:29,0.016
6,165-189,1773299733,2026-03-12T15:15:33,0.016
6,165-189,1773300030,2026-03-12T15:20:30,0.016
6,165-189,1773300331,2026-03-12T15:25:31,0.016
6,165-189,1773300637,2026-03-12T15:30:37,0.016
6,165-189,1773300930,2026-03-12T15:35:30,0.016
6,165-189,1773301233,2026-03-12T15:40:33,0.016
6,165-189,1773301531,2026-03-12T15:45:31,0.016
6,165-189,1773301832,2026-03-12T15:50:32,0.016
6,165-189,1773302129,2026-03-12T15:55:29,0.016
6,165-189,1773302442,2026-03-12T16:00:42,0.016
6,165-189,1773302731,2026-03-12T16:05:31,0.016
6,165-189,1773303030,2026-03-12T16:10:30,0.016
6,165-189,1773303332,2026-03-12T16:15:32,0.016
6,165-189,1773303630,2026-03-12T16:20:30,0.016
6,165-189,1773303941,2026-03-12T16:25:41,0.016
6,165-189,1773304235,2026-03-12T16:30:35,0.017
6,165-189,1773304529,2026-03-12T16:35:29,0.0165
6,165-189,1773304841,2026-03-12T16:40:41,0.0165
6,165-189,1773305130,2026-03-12T16:45:30,0.0155
6,165-189,1773305433,2026-03-12T16:50:33,0.0155
6,165-189,1773305739,2026-03-12T16:55:39,0.0155
6,165-189,1773306052,2026-03-12T17:00:52,0.0155
6,165-189,1773306331,2026-03-12T17:05:31,0.0155
6,165-189,1773306630,2026-03-12T17:10:30,0.0155
6,165-189,1773306929,2026-03-12T17:15:29,0.0155
6,165-189,1773307228,2026-03-12T17:20:28,0.0155
6,165-189,1773307531,2026-03-12T17:25:31,0.0155
6,165-189,1773307839,2026-03-12T17:30:39,0.0155
6,165-189,1773308132,2026-03-12T17:35:32,0.0155
6,165-189,1773308429,2026-03-12T17:40:29,0.0155
6,165-189,1773308732,2026-03-12T17:45:32,0.0155
6,165-189,1773309030,2026-03-12T17:50:30,0.0155
6,165-189,1773309333,2026-03-12T17:55:33,0.0175
6,165-189,1773309933,2026-03-12T18:05:33,0.0155
6,165-189,1773310233,2026-03-12T18:10:33,0.0155
6,165-189,1773310532,2026-03-12T18:15:32,0.0155
6,165-189,1773310833,2026-03-12T18:20:33,0.0155
6,165-189,1773311135,2026-03-12T18:25:35,0.016
6,165-189,1773311444,2026-03-12T18:30:44,0.0155
6,165-189,1773311729,2026-03-12T18:35:29,0.0175
6,165-189,1773312033,2026-03-12T18:40:33,0.0195
6,165-189,1773312332,2026-03-12T18:45:32,0.022
6,165-189,1773312634,2026-03-12T18:50:34,0.022
6,165-189,1773312932,2026-03-12T18:55:32,0.0225
6,165-189,1773313238,2026-03-12T19:00:38,0.022
6,165-189,1773313529,2026-03-12T19:05:29,0.022
6,165-189,1773313845,2026-03-12T19:10:45,0.0195
6,165-189,1773314129,2026-03-12T19:15:29,0.0195
6,165-189,1773314429,2026-03-12T19:20:29,0.022
6,165-189,1773314730,2026-03-12T19:25:30,0.0225
6,165-189,1773315039,2026-03-12T19:30:39,0.0225
6,165-189,1773315330,2026-03-12T19:35:30,0.0225
6,165-189,1773315632,2026-03-12T19:40:32,0.023
6,165-189,1773315932,2026-03-12T19:45:32,0.0215
6,165-189,1773316230,2026-03-12T19:50:30,0.0215
6,165-189,1773316529,2026-03-12T19:55:29,0.0215
6,165-189,1773317133,2026-03-12T20:05:33,0.0215
6,165-189,1773317400,2026-03-12T20:10:00,0.0215
6,165-189,1773317438,2026-03-12T20:10:38,0.0215
6,165-189,1773317733,2026-03-12T20:15:33,0.0215
6,165-189,1773318029,2026-03-12T20:20:29,0.0215
6,165-189,1773318333,2026-03-12T20:25:33,0.022
6,165-189,1773318931,2026-03-12T20:35:31,0.023
6,165-189,1773319243,2026-03-12T20:40:43,0.0245
6,165-189,1773319530,2026-03-12T20:45:30,0.0245
6,165-189,1773319829,2026-03-12T20:50:29,0.0245
6,165-189,1773320129,2026-03-12T20:55:29,0.0245
6,165-189,1773320732,2026-03-12T21:05:32,0.02
6,165-189,1773321032,2026-03-12T21:10:32,0.021
6,165-189,1773321332,2026-03-12T21:15:32,0.0215
6,165-189,1773321632,2026-03-12T21:20:32,0.0165
6,165-189,1773321929,2026-03-12T21:25:29,0.021
6,165-189,1773322242,2026-03-12T21:30:42,0.02
6,165-189,1773322533,2026-03-12T21:35:33,0.0215
6,165-189,1773322833,2026-03-12T21:40:33,0.0185
6,165-189,1773323140,2026-03-12T21:45:40,0.018
6,165-189,1773323432,2026-03-12T21:50:32,0.0175
6,165-189,1773323735,2026-03-12T21:55:35,0.02
6,165-189,1773324042,2026-03-12T22:00:42,0.0215
6,165-189,1773324331,2026-03-12T22:05:31,0.0205
6,165-189,1773324635,2026-03-12T22:10:35,0.0205
6,165-189,1773324932,2026-03-12T22:15:32,0.0205
6,165-189,1773325234,2026-03-12T22:20:34,0.0225
6,165-189,1773325532,2026-03-12T22:25:32,0.021
6,165-189,1773325839,2026-03-12T22:30:39,0.0245
6,165-189,1773326125,2026-03-12T22:35:25,0.029
6,165-189,1773326440,2026-03-12T22:40:40,0.028
6,165-189,1773326734,2026-03-12T22:45:34,0.021
6,165-189,1773327031,2026-03-12T22:50:31,0.029
6,165-189,1773327331,2026-03-12T22:55:31,0.03
6,165-189,1773327657,2026-03-12T23:00:57,0.0305
6,165-189,1773327931,2026-03-12T23:05:31,0.029
6,165-189,1773328241,2026-03-12T23:10:41,0.029
6,165-189,1773328532,2026-03-12T23:15:32,0.028
6,165-189,1773328834,2026-03-12T23:20:34,0.0245
6,165-189,1773329133,2026-03-12T23:25:33,0.0245
6,165-189,1773329439,2026-03-12T23:30:39,0.027
6,165-189,1773329732,2026-03-12T23:35:32,0.028
6,165-189,1773330034,2026-03-12T23:40:34,0.027
6,165-189,1773330332,2026-03-12T23:45:32,0.0255
6,165-189,1773330633,2026-03-12T23:50:33,0.0255
6,165-189,1773330930,2026-03-12T23:55:30,0.026
6,165-189,1773331241,2026-03-13T00:00:41,0.0295
6,165-189,1773331536,2026-03-13T00:05:36,0.029
6,165-189,1773331834,2026-03-13T00:10:34,0.0285
6,165-189,1773332135,2026-03-13T00:15:35,0.0275
6,165-189,1773332434,2026-03-13T00:20:34,0.0265
6,165-189,1773332734,2026-03-13T00:25:34,0.0245
6,165-189,1773333036,2026-03-13T00:30:36,0.024
6,165-189,1773333330,2026-03-13T00:35:30,0.024
6,165-189,1773333647,2026-03-13T00:40:47,0.024
6,165-189,1773333934,2026-03-13T00:45:34,0.024
6,165-189,1773334235,2026-03-13T00:50:35,0.0325
6,165-189,1773334533,2026-03-13T00:55:33,0.032
6,165-189,1773335133,2026-03-13T01:05:33,0.033
6,165-189,1773335434,2026-03-13T01:10:34,0.0305
6,165-189,1773335735,2026-03-13T01:15:35,0.03
6,165-189,1773336035,2026-03-13T01:20:35,0.032
6,165-189,1773336340,2026-03-13T01:25:40,0.0305
6,165-189,1773336942,2026-03-13T01:35:42,0.028
6,165-189,1773337235,2026-03-13T01:40:35,0.0265
6,165-189,1773337535,2026-03-13T01:45:35,0.0245
6,165-189,1773337835,2026-03-13T01:50:35,0.024
6,165-189,1773338134,2026-03-13T01:55:34,0.024
6,165-189,1773338736,2026-03-13T02:05:36,0.024
6,165-189,1773339032,2026-03-13T02:10:32,0.024
6,165-189,1773339335,2026-03-13T02:15:35,0.024
6,165-189,1773339635,2026-03-13T02:20:35,0.021
6,165-189,1773339930,2026-03-13T02:25:30,0.021
6,165-189,1773340240,2026-03-13T02:30:40,0.021
6,165-189,1773340534,2026-03-13T02:35:34,0.0195
6,165-189,1773340833,2026-03-13T02:40:33,0.0195
6,165-189,1773341134,2026-03-13T02:45:34,0.0195
6,165-189,1773341431,2026-03-13T02:50:31,0.0195
6,165-189,1773341733,2026-03-13T02:55:33,0.0225
6,165-189,1773342036,2026-03-13T03:00:36,0.022
6,165-189,1773342344,2026-03-13T03:05:44,0.0205
6,165-189,1773342637,2026-03-13T03:10:37,0.0195
6,165-189,1773342935,2026-03-13T03:15:35,0.0185
6,165-189,1773343236,2026-03-13T03:20:36,0.018
6,165-189,1773343533,2026-03-13T03:25:33,0.018
6,165-189,1773343844,2026-03-13T03:30:44,0.018
6,165-189,1773344135,2026-03-13T03:35:35,0.018
6,165-189,1773344434,2026-03-13T03:40:34,0.018
6,165-189,1773344734,2026-03-13T03:45:34,0.022
6,165-189,1773345043,2026-03-13T03:50:43,0.0205
6,165-189,1773345333,2026-03-13T03:55:33,0.0245
6,165-189,1773345645,2026-03-13T04:00:45,0.025
6,165-189,1773345935,2026-03-13T04:05:35,0.0185
6,165-189,1773346230,2026-03-13T04:10:30,0.0185
6,165-189,1773346534,2026-03-13T04:15:34,0.018
6,165-189,1773346832,2026-03-13T04:20:32,0.018
6,165-189,1773347133,2026-03-13T04:25:33,0.0175
6,165-189,1773347439,2026-03-13T04:30:39,0.0175
6,165-189,1773347739,2026-03-13T04:35:39,0.018
6,165-189,1773348033,2026-03-13T04:40:33,0.0175
6,165-189,1773348333,2026-03-13T04:45:33,0.018
6,165-189,1773348631,2026-03-13T04:50:31,0.018
6,165-189,1773348933,2026-03-13T04:55:33,0.02
6,165-189,1773349257,2026-03-13T05:00:57,0.0195
6,165-189,1773349532,2026-03-13T05:05:32,0.0195
6,165-189,1773349833,2026-03-13T05:10:33,0.0195
6,165-189,1773350134,2026-03-13T05:15:34,0.0195
6,165-189,1773350435,2026-03-13T05:20:35,0.0195
6,165-189,1773350738,2026-03-13T05:25:38,0.0195
6,165-189,1773351040,2026-03-13T05:30:40,0.02
6,165-189,1773351330,2026-03-13T05:35:30,0.02
6,165-189,1773351630,2026-03-13T05:40:30,0.02
6,165-189,1773351934,2026-03-13T05:45:34,0.023
6,165-189,1773352247,2026-03-13T05:50:47,0.023
6,165-189,1773352533,2026-03-13T05:55:33,0.0235
6,165-189,1773352839,2026-03-13T06:00:39,0.0235
6,165-189,1773353134,2026-03-13T06:05:34,0.0235
6,165-189,1773353435,2026-03-13T06:10:35,0.0235
6,165-189,1773353735,2026-03-13T06:15:35,0.0245
6,165-189,1773354038,2026-03-13T06:20:38,0.0255
6,165-189,1773354335,2026-03-13T06:25:35,0.0255
6,165-189,1773354644,2026-03-13T06:30:44,0.0255
6,165-189,1773354933,2026-03-13T06:35:33,0.0235
6,165-189,1773355230,2026-03-13T06:40:30,0.0235
6,165-189,1773355534,2026-03-13T06:45:34,0.0195
6,165-189,1773355833,2026-03-13T06:50:33,0.019
6,165-189,1773356133,2026-03-13T06:55:33,0.0195
6,165-189,1773356449,2026-03-13T07:00:49,0.0195
6,165-189,1773356734,2026-03-13T07:05:34,0.017
6,165-189,1773357033,2026-03-13T07:10:33,0.017
6,165-189,1773357334,2026-03-13T07:15:34,0.0175
6,165-189,1773357633,2026-03-13T07:20:33,0.018
6,165-189,1773357931,2026-03-13T07:25:31,0.018
6,165-189,1773358241,2026-03-13T07:30:41,0.018
6,165-189,1773358533,2026-03-13T07:35:33,0.0175
6,165-189,1773358835,2026-03-13T07:40:35,0.0175
6,165-189,1773359132,2026-03-13T07:45:32,0.017
6,165-189,1773359433,2026-03-13T07:50:33,0.0165
6,165-189,1773359736,2026-03-13T07:55:36,0.017
6,165-189,1773360333,2026-03-13T08:05:33,0.017
6,165-189,1773360634,2026-03-13T08:10:34,0.0165
6,165-189,1773360933,2026-03-13T08:15:33,0.0165
6,165-189,1773361235,2026-03-13T08:20:35,0.0165
6,165-189,1773361533,2026-03-13T08:25:33,0.0165
6,165-189,1773361842,2026-03-13T08:30:42,0.0175
6,165-189,1773362135,2026-03-13T08:35:35,0.0165
6,165-189,1773362431,2026-03-13T08:40:31,0.0165
6,165-189,1773362732,2026-03-13T08:45:32,0.0165
6,165-189,1773363035,2026-03-13T08:50:35,0.0165
6,165-189,1773363332,2026-03-13T08:55:32,0.017
6,165-189,1773363642,2026-03-13T09:00:42,0.016
6,165-189,1773363932,2026-03-13T09:05:32,0.0155
6,165-189,1773364232,2026-03-13T09:10:32,0.0155
6,165-189,1773364534,2026-03-13T09:15:34,0.0155
6,165-189,1773364833,2026-03-13T09:20:33,0.0155
6,165-189,1773365142,2026-03-13T09:25:42,0.0155
6,165-189,1773365436,2026-03-13T09:30:36,0.0155
6,165-189,1773365731,2026-03-13T09:35:31,0.0155
6,165-189,1773366032,2026-03-13T09:40:32,0.0185
6,165-189,1773366333,2026-03-13T09:45:33,0.0185
6,165-189,1773366644,2026-03-13T09:50:44,0.0185
6,165-189,1773366934,2026-03-13T09:55:34,0.0185
6,165-189,1773367240,2026-03-13T10:00:40,0.0185
6,165-189,1773367546,2026-03-13T10:05:46,0.02
6,165-189,1773367833,2026-03-13T10:10:33,0.0185
6,165-189,1773368132,2026-03-13T10:15:32,0.02
6,165-189,1773368438,2026-03-13T10:20:38,0.02
6,165-189,1773368742,2026-03-13T10:25:42,0.02
6,165-189,1773369042,2026-03-13T10:30:42,0.0195
6,165-189,1773369334,2026-03-13T10:35:34,0.0195
6,165-189,1773369633,2026-03-13T10:40:33,0.0225
6,165-189,1773369934,2026-03-13T10:45:34,0.0235
6,165-189,1773370236,2026-03-13T10:50:36,0.0235
6,165-189,1773370535,2026-03-13T10:55:35,0.023
6,165-189,1773370855,2026-03-13T11:00:55,0.026
6,165-189,1773371133,2026-03-13T11:05:33,0.026
6,165-189,1773371432,2026-03-13T11:10:32,0.026
6,165-189,1773371732,2026-03-13T11:15:32,0.026
6,165-189,1773372033,2026-03-13T11:20:33,0.0265
6,165-189,1773372331,2026-03-13T11:25:31,0.0265
6,165-189,1773372639,2026-03-13T11:30:39,0.0265
6,165-189,1773372930,2026-03-13T11:35:30,0.026
6,165-189,1773373233,2026-03-13T11:40:33,0.026
6,165-189,1773373535,2026-03-13T11:45:35,0.026
6,165-189,1773373833,2026-03-13T11:50:33,0.026
6,165-189,1773374129,2026-03-13T11:55:29,0.0275
6,165-189,1773374442,2026-03-13T12:00:42,0.0275
6,165-189,1773374733,2026-03-13T12:05:33,0.0275
6,165-189,1773375033,2026-03-13T12:10:33,0.0265
6,165-189,1773375330,2026-03-13T12:15:30,0.026
6,165-189,1773375630,2026-03-13T12:20:30,0.026
6,165-189,1773375934,2026-03-13T12:25:34,0.027
6,165-189,1773376235,2026-03-13T12:30:35,0.027
6,165-189,1773376532,2026-03-13T12:35:32,0.027
6,165-189,1773376833,2026-03-13T12:40:33,0.027
6,165-189,1773377131,2026-03-13T12:45:31,0.027
6,165-189,1773377441,2026-03-13T12:50:41,0.0175
6,165-189,1773377731,2026-03-13T12:55:31,0.0175
6,165-189,1773378037,2026-03-13T13:00:37,0.017
6,165-189,1773378330,2026-03-13T13:05:30,0.0155
6,165-189,1773378657,2026-03-13T13:10:57,0.0155
6,165-189,1773378948,2026-03-13T13:15:48,0.0155
6,165-189,1773379233,2026-03-13T13:20:33,0.0155
6,165-189,1773379536,2026-03-13T13:25:36,0.0155
6,165-189,1773379847,2026-03-13T13:30:47,0.0155
6,165-189,1773380132,2026-03-13T13:35:32,0.0155
6,165-189,1773380433,2026-03-13T13:40:33,0.0155
6,165-189,1773380736,2026-03-13T13:45:36,0.0155
6,165-189,1773381035,2026-03-13T13:50:35,0.0155
6,165-189,1773381332,2026-03-13T13:55:32,0.0155
6,165-189,1773381931,2026-03-13T14:05:31,0.0155
6,165-189,1773382229,2026-03-13T14:10:29,0.0155
6,165-189,1773382546,2026-03-13T14:15:46,0.0155
6,165-189,1773382833,2026-03-13T14:20:33,0.0155
6,165-189,1773383132,2026-03-13T14:25:32,0.0155
6,165-189,1773383440,2026-03-13T14:30:40,0.0155
6,165-189,1773383746,2026-03-13T14:35:46,0.0155
6,165-189,1773384030,2026-03-13T14:40:30,0.021
6,165-189,1773384332,2026-03-13T14:45:32,0.019
6,165-189,1773384635,2026-03-13T14:50:35,0.021
6,165-189,1773384929,2026-03-13T14:55:29,0.027
6,165-189,1773385248,2026-03-13T15:00:48,0.0255
6,165-189,1773385530,2026-03-13T15:05:30,0.0225
6,165-189,1773385833,2026-03-13T15:10:33,0.0215
6,165-189,1773386136,2026-03-13T15:15:36,0.0205
6,165-189,1773386432,2026-03-13T15:20:32,0.019
6,165-189,1773386729,2026-03-13T15:25:29,0.018
6,165-189,1773387040,2026-03-13T15:30:40,0.0185
6,165-189,1773387332,2026-03-13T15:35:32,0.0165
6,165-189,1773387637,2026-03-13T15:40:37,0.0195
6,165-189,1773387930,2026-03-13T15:45:30,0.0175
6,165-189,1773388235,2026-03-13T15:50:35,0.0175
6,165-189,1773388533,2026-03-13T15:55:33,0.0185
6,165-189,1773388838,2026-03-13T16:00:38,0.0175
6,165-189,1773389135,2026-03-13T16:05:35,0.0165
6,165-189,1773389438,2026-03-13T16:10:38,0.0165
6,165-189,1773389732,2026-03-13T16:15:32,0.0165
6,165-189,1773390032,2026-03-13T16:20:32,0.0165
6,165-189,1773390332,2026-03-13T16:25:32,0.0165
6,165-189,1773390638,2026-03-13T16:30:38,0.0165
6,165-189,1773390936,2026-03-13T16:35:36,0.0165
6,165-189,1773391230,2026-03-13T16:40:30,0.0165
6,165-189,1773391533,2026-03-13T16:45:33,0.016
6,165-189,1773391832,2026-03-13T16:50:32,0.0155
6,165-189,1773392132,2026-03-13T16:55:32,0.0155
6,165-189,1773392457,2026-03-13T17:00:57,0.0155
6,165-189,1773392732,2026-03-13T17:05:32,0.0155
6,165-189,1773393029,2026-03-13T17:10:29,0.0155
6,165-189,1773393333,2026-03-13T17:15:33,0.0165
6,165-189,1773393630,2026-03-13T17:20:30,0.016
6,165-189,1773393932,2026-03-13T17:25:32,0.0155
6,165-189,1773394236,2026-03-13T17:30:36,0.0155
6,165-189,1773394533,2026-03-13T17:35:33,0.0155
6,165-189,1773394837,2026-03-13T17:40:37,0.0155
6,165-189,1773395133,2026-03-13T17:45:33,0.0155
6,165-189,1773395432,2026-03-13T17:50:32,0.0155
6,165-189,1773395731,2026-03-13T17:55:31,0.0165
6,165-189,1773396039,2026-03-13T18:00:39,0.0165
6,165-189,1773396335,2026-03-13T18:05:35,0.0165
6,165-189,1773396632,2026-03-13T18:10:32,0.0165
6,165-189,1773396934,2026-03-13T18:15:34,0.0165
6,165-189,1773397531,2026-03-13T18:25:31,0.0165
6,165-189,1773398136,2026-03-13T18:35:36,0.016
6,165-189,1773398433,2026-03-13T18:40:33,0.0155
6,165-189,1773398742,2026-03-13T18:45:42,0.0155
6,165-189,1773399032,2026-03-13T18:50:32,0.0155
6,165-189,1773399330,2026-03-13T18:55:30,0.0155
6,165-189,1773399654,2026-03-13T19:00:54,0.015
6,165-189,1773399931,2026-03-13T19:05:31,0.014
6,165-189,1773400232,2026-03-13T19:10:32,0.0145
6,165-189,1773400534,2026-03-13T19:15:34,0.0135
6,165-189,1773400833,2026-03-13T19:20:33,0.0105
6,165-189,1773401136,2026-03-13T19:25:36,0.01
6,165-189,1773401438,2026-03-13T19:30:38,0.0085
6,165-189,1773401731,2026-03-13T19:35:31,0.0095
6,165-189,1773402032,2026-03-13T19:40:32,0.0095
6,165-189,1773402335,2026-03-13T19:45:35,0.0095
6,165-189,1773402647,2026-03-13T19:50:47,0.011
6,165-189,1773402937,2026-03-13T19:55:37,0.0105
6,165-189,1773403533,2026-03-13T20:05:33,0.01
6,165-189,1773404137,2026-03-13T20:15:37,0.0085
6,165-189,1773404432,2026-03-13T20:20:32,0.0095
6,165-189,1773404734,2026-03-13T20:25:34,0.01
6,165-189,1773405338,2026-03-13T20:35:38,0.0105
6,165-189,1773405635,2026-03-13T20:40:35,0.0105
6,165-189,1773405938,2026-03-13T20:45:38,0.01
6,165-189,1773406234,2026-03-13T20:50:34,0.0095
6,165-189,1773406534,2026-03-13T20:55:34,0.0095
6,165-189,1773406849,2026-03-13T21:00:49,0.0105
6,165-189,1773407149,2026-03-13T21:05:49,0.014
6,165-189,1773407437,2026-03-13T21:10:37,0.014
6,165-189,1773407747,2026-03-13T21:15:47,0.0205
6,165-189,1773408034,2026-03-13T21:20:34,0.0265
6,165-189,1773408333,2026-03-13T21:25:33,0.023
6,165-189,1773408640,2026-03-13T21:30:40,0.0255
6,165-189,1773408938,2026-03-13T21:35:38,0.023
6,165-189,1773409232,2026-03-13T21:40:32,0.027
6,165-189,1773409532,2026-03-13T21:45:32,0.0305
6,165-189,1773409833,2026-03-13T21:50:33,0.049
6,165-189,1773410134,2026-03-13T21:55:34,0.046
6,165-189,1773410454,2026-03-13T22:00:54,0.039
6,165-189,1773410734,2026-03-13T22:05:34,0.0275
6,165-189,1773411035,2026-03-13T22:10:35,0.027
6,165-189,1773411334,2026-03-13T22:15:34,0.0355
6,165-189,1773411632,2026-03-13T22:20:32,0.032
6,165-189,1773411933,2026-03-13T22:25:33,0.0295
6,165-189,1773412242,2026-03-13T22:30:42,0.0295
6,165-189,1773412533,2026-03-13T22:35:33,0.0295
6,165-189,1773412833,2026-03-13T22:40:33,0.024
6,165-189,1773413132,2026-03-13T22:45:32,0.0245
6,165-189,1773413431,2026-03-13T22:50:31,0.0175
6,165-189,1773413735,2026-03-13T22:55:35,0.0195
6,165-189,1773414335,2026-03-13T23:05:35,0.0205
6,165-189,1773414632,2026-03-13T23:10:32,0.017
6,165-189,1773414934,2026-03-13T23:15:34,0.017
6,165-189,1773415235,2026-03-13T23:20:35,0.017
6,165-189,1773415535,2026-03-13T23:25:35,0.017
6,165-189,1773415843,2026-03-13T23:30:43,0.0185
6,165-189,1773416132,2026-03-13T23:35:32,0.0185
6,165-189,1773416435,2026-03-13T23:40:35,0.0185
6,165-189,1773416733,2026-03-13T23:45:33,0.0135
6,165-189,1773417046,2026-03-13T23:50:46,0.013
6,165-189,1773417335,2026-03-13T23:55:35,0.013
6,165-189,1773417651,2026-03-14T00:00:51,0.013
6,165-189,1773417937,2026-03-14T00:05:37,0.0125
6,165-189,1773418233,2026-03-14T00:10:33,0.0105
6,165-189,1773418532,2026-03-14T00:15:32,0.0105
6,165-189,1773418833,2026-03-14T00:20:33,0.0105
6,165-189,1773419134,2026-03-14T00:25:34,0.0115
6,165-189,1773419441,2026-03-14T00:30:41,0.011
6,165-189,1773419732,2026-03-14T00:35:32,0.011
6,165-189,1773420034,2026-03-14T00:40:34,0.0125
6,165-189,1773420333,2026-03-14T00:45:33,0.012
6,165-189,1773420634,2026-03-14T00:50:34,0.0115
6,165-189,1773420931,2026-03-14T00:55:31,0.0105
6,165-189,1773421240,2026-03-14T01:00:40,0.011
6,165-189,1773421536,2026-03-14T01:05:36,0.009
6,165-189,1773421833,2026-03-14T01:10:33,0.0085
6,165-189,1773422147,2026-03-14T01:15:47,0.0085
6,165-189,1773422435,2026-03-14T01:20:35,0.0085
6,165-189,1773422733,2026-03-14T01:25:33,0.0085
6,165-189,1773423040,2026-03-14T01:30:40,0.0085
6,165-189,1773423333,2026-03-14T01:35:33,0.0085
6,165-189,1773423634,2026-03-14T01:40:34,0.0085
6,165-189,1773423936,2026-03-14T01:45:36,0.0085
6,165-189,1773424232,2026-03-14T01:50:32,0.0085
6,165-189,1773424533,2026-03-14T01:55:33,0.0085
6,165-189,1773425134,2026-03-14T02:05:34,0.0085
6,165-189,1773425437,2026-03-14T02:10:37,0.0085
6,165-189,1773425734,2026-03-14T02:15:34,0.0125
6,165-189,1773426033,2026-03-14T02:20:33,0.0105
6,165-189,1773426334,2026-03-14T02:25:34,0.009
6,165-189,1773426637,2026-03-14T02:30:37,0.0085
6,165-189,1773426933,2026-03-14T02:35:33,0.0085
6,165-189,1773427233,2026-03-14T02:40:33,0.017
6,165-189,1773427534,2026-03-14T02:45:34,0.0145
6,165-189,1773427831,2026-03-14T02:50:31,0.01
6,165-189,1773428134,2026-03-14T02:55:34,0.01
6,165-189,1773428455,2026-03-14T03:00:55,0.021
6,165-189,1773428731,2026-03-14T03:05:31,0.0145
6,165-189,1773429033,2026-03-14T03:10:33,0.0155
6,165-189,1773429334,2026-03-14T03:15:34,0.0125
6,165-189,1773429633,2026-03-14T03:20:33,0.014
6,165-189,1773429948,2026-03-14T03:25:48,0.014
6,165-189,1773430202,2026-03-14T03:30:02,0.0105
6,165-189,1773430244,2026-03-14T03:30:44,0.0105
6,165-189,1773430536,2026-03-14T03:35:36,0.016
6,165-189,1773430832,2026-03-14T03:40:32,0.0125
6,165-189,1773431134,2026-03-14T03:45:34,0.0135
6,165-189,1773431439,2026-03-14T03:50:39,0.0125
6,165-189,1773431734,2026-03-14T03:55:34,0.0135
6,165-189,1773432039,2026-03-14T04:00:39,0.0115
6,165-189,1773432334,2026-03-14T04:05:34,0.02
6,165-189,1773432631,2026-03-14T04:10:31,0.0165
6,165-189,1773432951,2026-03-14T04:15:51,0.0135
6,165-189,1773433246,2026-03-14T04:20:46,0.0125
6,165-189,1773433530,2026-03-14T04:25:30,0.0105
6,165-189,1773433857,2026-03-14T04:30:57,0.0125
6,165-189,1773434131,2026-03-14T04:35:31,0.0115
6,165-189,1773434446,2026-03-14T04:40:46,0.011
6,165-189,1773434735,2026-03-14T04:45:35,0.0115
6,165-189,1773435033,2026-03-14T04:50:33,0.0115
6,165-189,1773435333,2026-03-14T04:55:33,0.0105
6,165-189,1773435932,2026-03-14T05:05:32,0.0115
6,165-189,1773436234,2026-03-14T05:10:34,0.0095
6,165-189,1773436534,2026-03-14T05:15:34,0.0095
6,165-189,1773436830,2026-03-14T05:20:30,0.0095
6,165-189,1773437130,2026-03-14T05:25:30,0.0095
6,165-189,1773437437,2026-03-14T05:30:37,0.0095
6,165-189,1773437735,2026-03-14T05:35:35,0.0095
6,165-189,1773438031,2026-03-14T05:40:31,0.0095
6,165-189,1773438334,2026-03-14T05:45:34,0.0095
6,165-189,1773438633,2026-03-14T05:50:33,0.0095
6,165-189,1773439253,2026-03-14T06:00:53,0.0095
6,165-189,1773439531,2026-03-14T06:05:31,0.0095
6,165-189,1773439832,2026-03-14T06:10:32,0.0095
6,165-189,1773440153,2026-03-14T06:15:53,0.011
6,165-189,1773440431,2026-03-14T06:20:31,0.0095
6,165-189,1773440732,2026-03-14T06:25:32,0.0125
6,165-189,1773441046,2026-03-14T06:30:46,0.01
6,165-189,1773441335,2026-03-14T06:35:35,0.01
6,165-189,1773441636,2026-03-14T06:40:36,0.0105
6,165-189,1773441933,2026-03-14T06:45:33,0.0105
6,165-189,1773442236,2026-03-14T06:50:36,0.01
6,165-189,1773442549,2026-03-14T06:55:49,0.01
6,165-189,1773442837,2026-03-14T07:00:37,0.01
6,165-189,1773443136,2026-03-14T07:05:36,0.009
6,165-189,1773443433,2026-03-14T07:10:33,0.008
6,165-189,1773443733,2026-03-14T07:15:33,0.006
6,165-189,1773444035,2026-03-14T07:20:35,0.0055
6,165-189,1773444332,2026-03-14T07:25:32,0.0065
6,165-189,1773444641,2026-03-14T07:30:41,0.0095
6,165-189,1773444936,2026-03-14T07:35:36,0.008
6,165-189,1773445232,2026-03-14T07:40:32,0.0065
6,165-189,1773445538,2026-03-14T07:45:38,0.0095
6,165-189,1773445834,2026-03-14T07:50:34,0.008
6,165-189,1773446131,2026-03-14T07:55:31,0.0075
6,165-189,1773446737,2026-03-14T08:05:37,0.0075
6,165-189,1773447048,2026-03-14T08:10:48,0.006
6,165-189,1773447332,2026-03-14T08:15:32,0.0055
6,165-189,1773447634,2026-03-14T08:20:34,0.0055
6,165-189,1773447938,2026-03-14T08:25:38,0.0055
6,165-189,1773448238,2026-03-14T08:30:38,0.0055
6,165-189,1773448536,2026-03-14T08:35:36,0.0055
6,165-189,1773449131,2026-03-14T08:45:31,0.0055
6,165-189,1773449432,2026-03-14T08:50:32,0.0055
6,165-189,1773449733,2026-03-14T08:55:33,0.0055
6,165-189,1773450039,2026-03-14T09:00:39,0.0055
6,165-189,1773450332,2026-03-14T09:05:32,0.0055
6,165-189,1773450632,2026-03-14T09:10:32,0.0055
6,165-189,1773450931,2026-03-14T09:15:31,0.0055
6,165-189,1773451231,2026-03-14T09:20:31,0.0055
6,165-189,1773451530,2026-03-14T09:25:30,0.0055
6,165-189,1773451848,2026-03-14T09:30:48,0.0055
6,165-189,1773452131,2026-03-14T09:35:31,0.0055
6,165-189,1773452432,2026-03-14T09:40:32,0.0055
6,165-189,1773452733,2026-03-14T09:45:33,0.0055
6,165-189,1773453034,2026-03-14T09:50:34,0.0055
6,165-189,1773453332,2026-03-14T09:55:32,0.0055
6,165-189,1773453638,2026-03-14T10:00:38,0.0055
6,165-189,1773453930,2026-03-14T10:05:30,0.0055
6,165-189,1773454232,2026-03-14T10:10:32,0.0055
6,165-189,1773454530,2026-03-14T10:15:30,0.0055
6,165-189,1773454833,2026-03-14T10:20:33,0.0045
6,165-189,1773455135,2026-03-14T10:25:35,0.0045
6,165-189,1773455446,2026-03-14T10:30:46,0.0055
6,165-189,1773455745,2026-03-14T10:35:45,0.006
6,165-189,1773456032,2026-03-14T10:40:32,0.0055
6,165-189,1773456332,2026-03-14T10:45:32,0.0055
6,165-189,1773456631,2026-03-14T10:50:31,0.006
6,165-189,1773456931,2026-03-14T10:55:31,0.006
6,165-189,1773457532,2026-03-14T11:05:32,0.0055
6,165-189,1773457831,2026-03-14T11:10:31,0.0055
6,165-189,1773458132,2026-03-14T11:15:32,0.0055
6,165-189,1773458435,2026-03-14T11:20:35,0.0055
6,165-189,1773458736,2026-03-14T11:25:36,0.0055
6,165-189,1773459042,2026-03-14T11:30:42,0.0055
6,165-189,1773459335,2026-03-14T11:35:35,0.0055
6,165-189,1773459635,2026-03-14T11:40:35,0.0055
6,165-189,1773459931,2026-03-14T11:45:31,0.0055
6,165-189,1773460233,2026-03-14T11:50:33,0.0055
6,165-189,1773460534,2026-03-14T11:55:34,0.0055
6,165-189,1773460837,2026-03-14T12:00:37,0.0055
6,165-189,1773461133,2026-03-14T12:05:33,0.0055
6,165-189,1773461434,2026-03-14T12:10:34,0.0045
6,165-189,1773461732,2026-03-14T12:15:32,0.0045
6,165-189,1773462041,2026-03-14T12:20:41,0.004
6,165-189,1773462333,2026-03-14T12:25:33,0.004
6,165-189,1773462641,2026-03-14T12:30:41,0.004
6,165-189,1773462931,2026-03-14T12:35:31,0.0035
6,165-189,1773463230,2026-03-14T12:40:30,0.0035
6,165-189,1773463534,2026-03-14T12:45:34,0.0035
6,165-189,1773463842,2026-03-14T12:50:42,0.0035
6,165-189,1773464131,2026-03-14T12:55:31,0.004
6,165-189,1773464438,2026-03-14T13:00:38,0.0045
6,165-189,1773464732,2026-03-14T13:05:32,0.0045
6,165-189,1773465035,2026-03-14T13:10:35,0.0035
6,165-189,1773465336,2026-03-14T13:15:36,0.0035
6,165-189,1773465633,2026-03-14T13:20:33,0.0025
6,165-189,1773465935,2026-03-14T13:25:35,0.0025
6,165-189,1773466239,2026-03-14T13:30:39,0.0025
6,165-189,1773466530,2026-03-14T13:35:30,0.004
6,165-189,1773466833,2026-03-14T13:40:33,0.0045
6,165-189,1773467133,2026-03-14T13:45:33,0.0035
6,165-189,1773467433,2026-03-14T13:50:33,0.0035
6,165-189,1773467732,2026-03-14T13:55:32,0.0035
6,165-189,1773468334,2026-03-14T14:05:34,0.0035
6,165-189,1773468633,2026-03-14T14:10:33,0.004
6,165-189,1773468937,2026-03-14T14:15:37,0.004
6,165-189,1773469232,2026-03-14T14:20:32,0.003
6,165-189,1773469531,2026-03-14T14:25:31,0.0025
6,165-189,1773469839,2026-03-14T14:30:39,0.0025
6,165-189,1773470146,2026-03-14T14:35:46,0.0045
6,165-189,1773470432,2026-03-14T14:40:32,0.003
6,165-189,1773470747,2026-03-14T14:45:47,0.0025
6,165-189,1773471035,2026-03-14T14:50:35,0.0025
6,165-189,1773471333,2026-03-14T14:55:33,0.0035
6,165-189,1773471638,2026-03-14T15:00:38,0.0055
6,165-189,1773471936,2026-03-14T15:05:36,0.0035
6,165-189,1773472235,2026-03-14T15:10:35,0.0045
6,165-189,1773472533,2026-03-14T15:15:33,0.0025
6,165-189,1773472831,2026-03-14T15:20:31,0.0045
6,165-189,1773473134,2026-03-14T15:25:34,0.004
6,165-189,1773473442,2026-03-14T15:30:42,0.004
6,165-189,1773473736,2026-03-14T15:35:36,0.0035
6,165-189,1773474034,2026-03-14T15:40:34,0.0035
6,165-189,1773474343,2026-03-14T15:45:43,0.003
6,165-189,1773474634,2026-03-14T15:50:34,0.003
6,165-189,1773474931,2026-03-14T15:55:31,0.0025
6,165-189,1773475240,2026-03-14T16:00:40,0.0025
6,165-189,1773475535,2026-03-14T16:05:35,0.0025
6,165-189,1773475831,2026-03-14T16:10:31,0.0025
6,165-189,1773476134,2026-03-14T16:15:34,0.0025
6,165-189,1773476432,2026-03-14T16:20:32,0.0025
6,165-189,1773476729,2026-03-14T16:25:29,0.0025
6,165-189,1773477036,2026-03-14T16:30:36,0.0025
6,165-189,1773477333,2026-03-14T16:35:33,0.0025
6,165-189,1773477631,2026-03-14T16:40:31,0.0025
6,165-189,1773477946,2026-03-14T16:45:46,0.0025
6,165-189,1773478233,2026-03-14T16:50:33,0.0025
6,165-189,1773478534,2026-03-14T16:55:34,0.0025
6,165-189,1773478858,2026-03-14T17:00:58,0.0025
6,165-189,1773479131,2026-03-14T17:05:31,0.0025
6,165-189,1773479432,2026-03-14T17:10:32,0.0025
6,165-189,1773479732,2026-03-14T17:15:32,0.0025
6,165-189,1773480033,2026-03-14T17:20:33,0.0025
6,165-189,1773480333,2026-03-14T17:25:33,0.0035
6,165-189,1773480639,2026-03-14T17:30:39,0.003
6,165-189,1773480930,2026-03-14T17:35:30,0.003
6,165-189,1773481231,2026-03-14T17:40:31,0.003
6,165-189,1773481537,2026-03-14T17:45:37,0.003
6,165-189,1773481831,2026-03-14T17:50:31,0.0025
6,165-189,1773482132,2026-03-14T17:55:32,0.0035
6,165-189,1773482439,2026-03-14T18:00:39,0.0035
6,165-189,1773482733,2026-03-14T18:05:33,0.0035
6,165-189,1773483042,2026-03-14T18:10:42,0.004
6,165-189,1773483348,2026-03-14T18:15:48,0.004
6,165-189,1773483636,2026-03-14T18:20:36,0.0035
6,165-189,1773483941,2026-03-14T18:25:41,0.0025
6,165-189,1773484238,2026-03-14T18:30:38,0.0025
6,165-189,1773484531,2026-03-14T18:35:31,0.0025
6,165-189,1773484837,2026-03-14T18:40:37,0.0025
6,165-189,1773485134,2026-03-14T18:45:34,0.0025
6,165-189,1773485440,2026-03-14T18:50:40,0.0025
6,165-189,1773485731,2026-03-14T18:55:31,0.0035
6,165-189,1773486040,2026-03-14T19:00:40,0.0035
6,165-189,1773486335,2026-03-14T19:05:35,0.003
6,165-189,1773486631,2026-03-14T19:10:31,0.002
6,165-189,1773486931,2026-03-14T19:15:31,0.0015
6,165-189,1773487235,2026-03-14T19:20:35,0.0015
6,165-189,1773487535,2026-03-14T19:25:35,0.0015
6,165-189,1773487850,2026-03-14T19:30:50,0.0015
6,165-189,1773488135,2026-03-14T19:35:35,0.0015
6,165-189,1773488431,2026-03-14T19:40:31,0.0015
6,165-189,1773488732,2026-03-14T19:45:32,0.0015
6,165-189,1773489038,2026-03-14T19:50:38,0.0015
6,165-189,1773489336,2026-03-14T19:55:36,0.0015
6,165-189,1773489936,2026-03-14T20:05:36,0.0015
6,165-189,1773490233,2026-03-14T20:10:33,0.0015
6,165-189,1773490534,2026-03-14T20:15:34,0.0015
6,165-189,1773490833,2026-03-14T20:20:33,0.0015
6,165-189,1773491148,2026-03-14T20:25:48,0.0015
6,165-189,1773491735,2026-03-14T20:35:35,0.0015
6,165-189,1773492036,2026-03-14T20:40:36,0.0015
6,165-189,1773492344,2026-03-14T20:45:44,0.0015
6,165-189,1773492632,2026-03-14T20:50:32,0.0015
6,165-189,1773492936,2026-03-14T20:55:36,0.0015
6,165-189,1773493535,2026-03-14T21:05:35,0.0015
6,165-189,1773493834,2026-03-14T21:10:34,0.0015
6,165-189,1773494135,2026-03-14T21:15:35,0.0015
6,165-189,1773494436,2026-03-14T21:20:36,0.0005
6,165-189,1773494734,2026-03-14T21:25:34,0.0005
6,165-189,1773495049,2026-03-14T21:30:49,0.0005
6,165-189,1773495337,2026-03-14T21:35:37,0.0005
6,165-189,1773495633,2026-03-14T21:40:33,0.0015
6,165-189,1773495949,2026-03-14T21:45:49,0.0015
6,165-189,1773496246,2026-03-14T21:50:46,0.0015
6,165-189,1773496536,2026-03-14T21:55:36,0.001
6,165-189,1773496841,2026-03-14T22:00:41,0.0005
6,165-189,1773497136,2026-03-14T22:05:36,0.0005
6,165-189,1773497432,2026-03-14T22:10:32,0.0005
6,165-189,1773497735,2026-03-14T22:15:35,0.0005
6,165-189,1773498037,2026-03-14T22:20:37,0.0005
6,165-189,1773498332,2026-03-14T22:25:32,0.0005
6,165-189,1773498645,2026-03-14T22:30:45,0.0005
6,165-189,1773498918,2026-03-14T22:35:18,0.0005
6,165-189,1773498958,2026-03-14T22:35:58,0.0005
6,165-189,1773499233,2026-03-14T22:40:33,0.0005
6,165-189,1773499535,2026-03-14T22:45:35,0.0005
6,165-189,1773499831,2026-03-14T22:50:31,0.0005
6,165-189,1773500131,2026-03-14T22:55:31,0.0005
6,165-189,1773500733,2026-03-14T23:05:33,0.0005
6,165-189,1773501034,2026-03-14T23:10:34,0.0005
6,165-189,1773501333,2026-03-14T23:15:33,0.0005
6,165-189,1773501632,2026-03-14T23:20:32,0.0005
6,165-189,1773501936,2026-03-14T23:25:36,0.0005
6,165-189,1773502256,2026-03-14T23:30:56,0.0005
6,165-189,1773502535,2026-03-14T23:35:35,0.0005
6,165-189,1773502833,2026-03-14T23:40:33,0.0005
6,165-189,1773503132,2026-03-14T23:45:32,0.0005
6,165-189,1773503433,2026-03-14T23:50:33,0.0005
6,165-189,1773503734,2026-03-14T23:55:34,0.0005
6,165-189,1773504044,2026-03-15T00:00:44,0.0005
6,165-189,1773504335,2026-03-15T00:05:35,0.0005
6,165-189,1773504639,2026-03-15T00:10:39,0.0005
6,165-189,1773504932,2026-03-15T00:15:32,0.0005
6,165-189,1773505235,2026-03-15T00:20:35,0.0005
6,165-189,1773505535,2026-03-15T00:25:35,0.0005
6,165-189,1773505839,2026-03-15T00:30:39,0.0005
6,165-189,1773506134,2026-03-15T00:35:34,0.0005
6,165-189,1773506434,2026-03-15T00:40:34,0.0005
6,165-189,1773506736,2026-03-15T00:45:36,0.0005
6,165-189,1773507036,2026-03-15T00:50:36,0.0005
6,165-189,1773507336,2026-03-15T00:55:36,0.0005
6,165-189,1773507936,2026-03-15T01:05:36,0.0005
6,165-189,1773508234,2026-03-15T01:10:34,0.0005
6,165-189,1773508534,2026-03-15T01:15:34,0.0005
6,165-189,1773508833,2026-03-15T01:20:33,0.0005
6,165-189,1773509148,2026-03-15T01:25:48,0.0005
6,165-189,1773509453,2026-03-15T01:30:53,0.0005
6,165-189,1773509737,2026-03-15T01:35:37,0.0005
6,165-189,1773510030,2026-03-15T01:40:30,0.0005
6,165-189,1773510332,2026-03-15T01:45:32,0.0005
6,165-189,1773510632,2026-03-15T01:50:32,0.0005
6,165-189,1773510934,2026-03-15T01:55:34,0.0005
6,165-189,1773511531,2026-03-15T02:05:31,0.0005
6,165-189,1773511833,2026-03-15T02:10:33,0.0005
6,165-189,1773512134,2026-03-15T02:15:34,0.0005
6,165-189,1773512432,2026-03-15T02:20:32,0.0005
6,165-189,1773512734,2026-03-15T02:25:34,0.0005
6,165-189,1773513040,2026-03-15T02:30:40,0.0005
6,165-189,1773513331,2026-03-15T02:35:31,0.0005
6,165-189,1773513631,2026-03-15T02:40:31,0.0005
7,190-214,1773074722,2026-03-10T00:45:22,0.045
7,190-214,1773075021,2026-03-10T00:50:21,0.04
7,190-214,1773075321,2026-03-10T00:55:21,0.02
7,190-214,1773075636,2026-03-10T01:00:36,0.0195
7,190-214,1773075923,2026-03-10T01:05:23,0.019
7,190-214,1773076237,2026-03-10T01:10:37,0.018
7,190-214,1773076521,2026-03-10T01:15:21,0.018
7,190-214,1773076829,2026-03-10T01:20:29,0.018
7,190-214,1773077124,2026-03-10T01:25:24,0.018
7,190-214,1773077425,2026-03-10T01:30:25,0.0175
7,190-214,1773077724,2026-03-10T01:35:24,0.013
7,190-214,1773078022,2026-03-10T01:40:22,0.013
7,190-214,1773078326,2026-03-10T01:45:26,0.015
7,190-214,1773078622,2026-03-10T01:50:22,0.015
7,190-214,1773078922,2026-03-10T01:55:22,0.014
7,190-214,1773079233,2026-03-10T02:00:33,0.013
7,190-214,1773079522,2026-03-10T02:05:22,0.011
7,190-214,1773079823,2026-03-10T02:10:23,0.0105
7,190-214,1773080122,2026-03-10T02:15:22,0.0105
7,190-214,1773080421,2026-03-10T02:20:21,0.009
7,190-214,1773080726,2026-03-10T02:25:26,0.0075
7,190-214,1773081026,2026-03-10T02:30:26,0.0055
7,190-214,1773081322,2026-03-10T02:35:22,0.0045
7,190-214,1773081621,2026-03-10T02:40:21,0.0045
7,190-214,1773081923,2026-03-10T02:45:23,0.0045
7,190-214,1773082223,2026-03-10T02:50:23,0.0035
7,190-214,1773082523,2026-03-10T02:55:23,0.0035
7,190-214,1773082827,2026-03-10T03:00:27,0.009
7,190-214,1773083123,2026-03-10T03:05:23,0.0065
7,190-214,1773083426,2026-03-10T03:10:26,0.0045
7,190-214,1773083723,2026-03-10T03:15:23,0.005
7,190-214,1773084022,2026-03-10T03:20:22,0.006
7,190-214,1773084324,2026-03-10T03:25:24,0.0045
7,190-214,1773084625,2026-03-10T03:30:25,0.0045
7,190-214,1773084923,2026-03-10T03:35:23,0.0045
7,190-214,1773085222,2026-03-10T03:40:22,0.0045
7,190-214,1773085522,2026-03-10T03:45:22,0.0045
7,190-214,1773085825,2026-03-10T03:50:25,0.0045
7,190-214,1773086123,2026-03-10T03:55:23,0.0045
7,190-214,1773086426,2026-03-10T04:00:26,0.0045
7,190-214,1773086723,2026-03-10T04:05:23,0.0045
7,190-214,1773087022,2026-03-10T04:10:22,0.0045
7,190-214,1773087324,2026-03-10T04:15:24,0.0045
7,190-214,1773087624,2026-03-10T04:20:24,0.0045
7,190-214,1773087925,2026-03-10T04:25:25,0.0045
7,190-214,1773088225,2026-03-10T04:30:25,0.0045
7,190-214,1773088522,2026-03-10T04:35:22,0.0045
7,190-214,1773088824,2026-03-10T04:40:24,0.0045
7,190-214,1773089122,2026-03-10T04:45:22,0.0045
7,190-214,1773089429,2026-03-10T04:50:29,0.0045
7,190-214,1773089722,2026-03-10T04:55:22,0.0045
7,190-214,1773090034,2026-03-10T05:00:34,0.0045
7,190-214,1773090324,2026-03-10T05:05:24,0.0045
7,190-214,1773090623,2026-03-10T05:10:23,0.0045
7,190-214,1773090931,2026-03-10T05:15:31,0.0045
7,190-214,1773091224,2026-03-10T05:20:24,0.0045
7,190-214,1773091523,2026-03-10T05:25:23,0.0045
7,190-214,1773091828,2026-03-10T05:30:28,0.0045
7,190-214,1773092123,2026-03-10T05:35:23,0.0045
7,190-214,1773092424,2026-03-10T05:40:24,0.0045
7,190-214,1773092725,2026-03-10T05:45:25,0.0045
7,190-214,1773093024,2026-03-10T05:50:24,0.0045
7,190-214,1773093324,2026-03-10T05:55:24,0.0045
7,190-214,1773093626,2026-03-10T06:00:26,0.0045
7,190-214,1773093925,2026-03-10T06:05:25,0.0045
7,190-214,1773094226,2026-03-10T06:10:26,0.0045
7,190-214,1773094526,2026-03-10T06:15:26,0.0035
7,190-214,1773094825,2026-03-10T06:20:25,0.0035
7,190-214,1773095125,2026-03-10T06:25:25,0.0035
7,190-214,1773095428,2026-03-10T06:30:28,0.0035
7,190-214,1773095727,2026-03-10T06:35:27,0.0035
7,190-214,1773096026,2026-03-10T06:40:26,0.0035
7,190-214,1773096326,2026-03-10T06:45:26,0.0035
7,190-214,1773096627,2026-03-10T06:50:27,0.0035
7,190-214,1773096925,2026-03-10T06:55:25,0.0035
7,190-214,1773097227,2026-03-10T07:00:27,0.0035
7,190-214,1773097524,2026-03-10T07:05:24,0.009
7,190-214,1773097832,2026-03-10T07:10:32,0.009
7,190-214,1773098139,2026-03-10T07:15:39,0.009
7,190-214,1773098424,2026-03-10T07:20:24,0.009
7,190-214,1773098724,2026-03-10T07:25:24,0.009
7,190-214,1773099026,2026-03-10T07:30:26,0.009
7,190-214,1773099324,2026-03-10T07:35:24,0.009
7,190-214,1773099626,2026-03-10T07:40:26,0.0095
7,190-214,1773099931,2026-03-10T07:45:31,0.0095
7,190-214,1773100225,2026-03-10T07:50:25,0.0095
7,190-214,1773100525,2026-03-10T07:55:25,0.0095
7,190-214,1773100839,2026-03-10T08:00:39,0.0095
7,190-214,1773101124,2026-03-10T08:05:24,0.0095
7,190-214,1773101425,2026-03-10T08:10:25,0.0095
7,190-214,1773101723,2026-03-10T08:15:23,0.0095
7,190-214,1773102026,2026-03-10T08:20:26,0.0095
7,190-214,1773102323,2026-03-10T08:25:23,0.0095
7,190-214,1773102626,2026-03-10T08:30:26,0.0095
7,190-214,1773102924,2026-03-10T08:35:24,0.0095
7,190-214,1773103224,2026-03-10T08:40:24,0.0095
7,190-214,1773103525,2026-03-10T08:45:25,0.0095
7,190-214,1773103823,2026-03-10T08:50:23,0.0095
7,190-214,1773104124,2026-03-10T08:55:24,0.0095
7,190-214,1773104425,2026-03-10T09:00:25,0.0095
7,190-214,1773104726,2026-03-10T09:05:26,0.009
7,190-214,1773105022,2026-03-10T09:10:22,0.009
7,190-214,1773105324,2026-03-10T09:15:24,0.009
7,190-214,1773105626,2026-03-10T09:20:26,0.009
7,190-214,1773105926,2026-03-10T09:25:26,0.009
7,190-214,1773106242,2026-03-10T09:30:42,0.009
7,190-214,1773106524,2026-03-10T09:35:24,0.009
7,190-214,1773106823,2026-03-10T09:40:23,0.009
7,190-214,1773107125,2026-03-10T09:45:25,0.009
7,190-214,1773107425,2026-03-10T09:50:25,0.009
7,190-214,1773107724,2026-03-10T09:55:24,0.0085
7,190-214,1773108026,2026-03-10T10:00:26,0.0085
7,190-214,1773108323,2026-03-10T10:05:23,0.0085
7,190-214,1773108626,2026-03-10T10:10:26,0.0085
7,190-214,1773108924,2026-03-10T10:15:24,0.0085
7,190-214,1773109223,2026-03-10T10:20:23,0.0085
7,190-214,1773109524,2026-03-10T10:25:24,0.0085
7,190-214,1773109830,2026-03-10T10:30:30,0.0085
7,190-214,1773110123,2026-03-10T10:35:23,0.0085
7,190-214,1773110423,2026-03-10T10:40:23,0.0085
7,190-214,1773110723,2026-03-10T10:45:23,0.0085
7,190-214,1773111027,2026-03-10T10:50:27,0.0085
7,190-214,1773111326,2026-03-10T10:55:26,0.0085
7,190-214,1773111630,2026-03-10T11:00:30,0.0085
7,190-214,1773111923,2026-03-10T11:05:23,0.0085
7,190-214,1773112224,2026-03-10T11:10:24,0.0085
7,190-214,1773112524,2026-03-10T11:15:24,0.0085
7,190-214,1773112824,2026-03-10T11:20:24,0.0085
7,190-214,1773113126,2026-03-10T11:25:26,0.0085
7,190-214,1773113429,2026-03-10T11:30:29,0.0085
7,190-214,1773113723,2026-03-10T11:35:23,0.0085
7,190-214,1773114026,2026-03-10T11:40:26,0.0085
7,190-214,1773114325,2026-03-10T11:45:25,0.0085
7,190-214,1773114623,2026-03-10T11:50:23,0.0085
7,190-214,1773114925,2026-03-10T11:55:25,0.0085
7,190-214,1773115231,2026-03-10T12:00:31,0.0085
7,190-214,1773115526,2026-03-10T12:05:26,0.0085
7,190-214,1773115823,2026-03-10T12:10:23,0.0085
7,190-214,1773116126,2026-03-10T12:15:26,0.0085
7,190-214,1773116425,2026-03-10T12:20:25,0.0085
7,190-214,1773116726,2026-03-10T12:25:26,0.0085
7,190-214,1773117026,2026-03-10T12:30:26,0.0085
7,190-214,1773117323,2026-03-10T12:35:23,0.0085
7,190-214,1773117625,2026-03-10T12:40:25,0.0085
7,190-214,1773117926,2026-03-10T12:45:26,0.0085
7,190-214,1773118230,2026-03-10T12:50:30,0.0085
7,190-214,1773118532,2026-03-10T12:55:32,0.0085
7,190-214,1773118828,2026-03-10T13:00:28,0.0085
7,190-214,1773119125,2026-03-10T13:05:25,0.0085
7,190-214,1773119426,2026-03-10T13:10:26,0.0085
7,190-214,1773119726,2026-03-10T13:15:26,0.0085
7,190-214,1773120024,2026-03-10T13:20:24,0.0085
7,190-214,1773120328,2026-03-10T13:25:28,0.0085
7,190-214,1773120628,2026-03-10T13:30:28,0.0085
7,190-214,1773120924,2026-03-10T13:35:24,0.0085
7,190-214,1773121225,2026-03-10T13:40:25,0.0085
7,190-214,1773121526,2026-03-10T13:45:26,0.008
7,190-214,1773121825,2026-03-10T13:50:25,0.007
7,190-214,1773122126,2026-03-10T13:55:26,0.007
7,190-214,1773122433,2026-03-10T14:00:33,0.007
7,190-214,1773122725,2026-03-10T14:05:25,0.005
7,190-214,1773123025,2026-03-10T14:10:25,0.0045
7,190-214,1773123326,2026-03-10T14:15:26,0.0045
7,190-214,1773123625,2026-03-10T14:20:25,0.0045
7,190-214,1773123926,2026-03-10T14:25:26,0.0045
7,190-214,1773124228,2026-03-10T14:30:28,0.0045
7,190-214,1773124532,2026-03-10T14:35:32,0.0045
7,190-214,1773124827,2026-03-10T14:40:27,0.005
7,190-214,1773125126,2026-03-10T14:45:26,0.0045
7,190-214,1773125425,2026-03-10T14:50:25,0.0045
7,190-214,1773125726,2026-03-10T14:55:26,0.0045
7,190-214,1773126029,2026-03-10T15:00:29,0.0045
7,190-214,1773126326,2026-03-10T15:05:26,0.0045
7,190-214,1773126624,2026-03-10T15:10:24,0.0045
7,190-214,1773126924,2026-03-10T15:15:24,0.0045
7,190-214,1773127224,2026-03-10T15:20:24,0.0045
7,190-214,1773127527,2026-03-10T15:25:27,0.0045
7,190-214,1773127829,2026-03-10T15:30:29,0.0045
7,190-214,1773128125,2026-03-10T15:35:25,0.0045
7,190-214,1773128430,2026-03-10T15:40:30,0.0045
7,190-214,1773128725,2026-03-10T15:45:25,0.0045
7,190-214,1773129026,2026-03-10T15:50:26,0.0045
7,190-214,1773129324,2026-03-10T15:55:24,0.0045
7,190-214,1773129626,2026-03-10T16:00:26,0.0045
7,190-214,1773129925,2026-03-10T16:05:25,0.0045
7,190-214,1773130225,2026-03-10T16:10:25,0.0045
7,190-214,1773130525,2026-03-10T16:15:25,0.0045
7,190-214,1773130826,2026-03-10T16:20:26,0.0045
7,190-214,1773131124,2026-03-10T16:25:24,0.0045
7,190-214,1773131428,2026-03-10T16:30:28,0.0045
7,190-214,1773131728,2026-03-10T16:35:28,0.0045
7,190-214,1773132024,2026-03-10T16:40:24,0.0045
7,190-214,1773132327,2026-03-10T16:45:27,0.0045
7,190-214,1773132626,2026-03-10T16:50:26,0.0045
7,190-214,1773132925,2026-03-10T16:55:25,0.0045
7,190-214,1773133244,2026-03-10T17:00:44,0.004
7,190-214,1773133527,2026-03-10T17:05:27,0.004
7,190-214,1773133827,2026-03-10T17:10:27,0.004
7,190-214,1773134135,2026-03-10T17:15:35,0.004
7,190-214,1773134426,2026-03-10T17:20:26,0.004
7,190-214,1773134727,2026-03-10T17:25:27,0.0035
7,190-214,1773135026,2026-03-10T17:30:26,0.0035
7,190-214,1773135327,2026-03-10T17:35:27,0.0035
7,190-214,1773135627,2026-03-10T17:40:27,0.0035
7,190-214,1773135924,2026-03-10T17:45:24,0.0035
7,190-214,1773136224,2026-03-10T17:50:24,0.0035
7,190-214,1773136524,2026-03-10T17:55:24,0.0035
7,190-214,1773136840,2026-03-10T18:00:40,0.0035
7,190-214,1773137128,2026-03-10T18:05:28,0.0035
7,190-214,1773137424,2026-03-10T18:10:24,0.0035
7,190-214,1773137726,2026-03-10T18:15:26,0.0035
7,190-214,1773138028,2026-03-10T18:20:28,0.0035
7,190-214,1773138325,2026-03-10T18:25:25,0.0035
7,190-214,1773138629,2026-03-10T18:30:29,0.0035
7,190-214,1773138927,2026-03-10T18:35:27,0.0035
7,190-214,1773139228,2026-03-10T18:40:28,0.0035
7,190-214,1773139527,2026-03-10T18:45:27,0.0035
7,190-214,1773139825,2026-03-10T18:50:25,0.0035
7,190-214,1773140129,2026-03-10T18:55:29,0.0035
7,190-214,1773140427,2026-03-10T19:00:27,0.0035
7,190-214,1773140728,2026-03-10T19:05:28,0.0035
7,190-214,1773141025,2026-03-10T19:10:25,0.0035
7,190-214,1773141331,2026-03-10T19:15:31,0.0035
7,190-214,1773141625,2026-03-10T19:20:25,0.0035
7,190-214,1773141927,2026-03-10T19:25:27,0.0035
7,190-214,1773142229,2026-03-10T19:30:29,0.0035
7,190-214,1773142524,2026-03-10T19:35:24,0.0035
7,190-214,1773142824,2026-03-10T19:40:24,0.0035
7,190-214,1773143126,2026-03-10T19:45:26,0.0035
7,190-214,1773143428,2026-03-10T19:50:28,0.0035
7,190-214,1773143725,2026-03-10T19:55:25,0.0035
7,190-214,1773144043,2026-03-10T20:00:43,0.0035
7,190-214,1773144327,2026-03-10T20:05:27,0.0035
7,190-214,1773144653,2026-03-10T20:10:53,0.0035
7,190-214,1773144928,2026-03-10T20:15:28,0.0035
7,190-214,1773145228,2026-03-10T20:20:28,0.0035
7,190-214,1773145527,2026-03-10T20:25:27,0.0035
7,190-214,1773145833,2026-03-10T20:30:33,0.0035
7,190-214,1773146125,2026-03-10T20:35:25,0.0035
7,190-214,1773146427,2026-03-10T20:40:27,0.0035
7,190-214,1773146742,2026-03-10T20:45:42,0.0035
7,190-214,1773147025,2026-03-10T20:50:25,0.0035
7,190-214,1773147325,2026-03-10T20:55:25,0.0035
7,190-214,1773147632,2026-03-10T21:00:32,0.0035
7,190-214,1773147930,2026-03-10T21:05:30,0.0035
7,190-214,1773148227,2026-03-10T21:10:27,0.0035
7,190-214,1773148525,2026-03-10T21:15:25,0.0035
7,190-214,1773148826,2026-03-10T21:20:26,0.0035
7,190-214,1773149125,2026-03-10T21:25:25,0.0035
7,190-214,1773149433,2026-03-10T21:30:33,0.0035
7,190-214,1773149727,2026-03-10T21:35:27,0.0035
7,190-214,1773150028,2026-03-10T21:40:28,0.004
7,190-214,1773150326,2026-03-10T21:45:26,0.0035
7,190-214,1773150627,2026-03-10T21:50:27,0.0035
7,190-214,1773150928,2026-03-10T21:55:28,0.0035
7,190-214,1773151231,2026-03-10T22:00:31,0.0035
7,190-214,1773151526,2026-03-10T22:05:26,0.0035
7,190-214,1773151828,2026-03-10T22:10:28,0.0065
7,190-214,1773152126,2026-03-10T22:15:26,0.0035
7,190-214,1773152426,2026-03-10T22:20:26,0.0035
7,190-214,1773152727,2026-03-10T22:25:27,0.0035
7,190-214,1773153033,2026-03-10T22:30:33,0.0035
7,190-214,1773153347,2026-03-10T22:35:47,0.0035
7,190-214,1773153626,2026-03-10T22:40:26,0.0035
7,190-214,1773153927,2026-03-10T22:45:27,0.0035
7,190-214,1773154240,2026-03-10T22:50:40,0.0035
7,190-214,1773154532,2026-03-10T22:55:32,0.0035
7,190-214,1773154843,2026-03-10T23:00:43,0.0035
7,190-214,1773155124,2026-03-10T23:05:24,0.0035
7,190-214,1773155425,2026-03-10T23:10:25,0.0035
7,190-214,1773155725,2026-03-10T23:15:25,0.0035
7,190-214,1773156025,2026-03-10T23:20:25,0.0035
7,190-214,1773156327,2026-03-10T23:25:27,0.0035
7,190-214,1773156631,2026-03-10T23:30:31,0.0035
7,190-214,1773156925,2026-03-10T23:35:25,0.0085
7,190-214,1773157226,2026-03-10T23:40:26,0.01
7,190-214,1773157528,2026-03-10T23:45:28,0.01
7,190-214,1773157833,2026-03-10T23:50:33,0.0105
7,190-214,1773158124,2026-03-10T23:55:24,0.011
7,190-214,1773158435,2026-03-11T00:00:35,0.0085
7,190-214,1773158725,2026-03-11T00:05:25,0.0075
7,190-214,1773159027,2026-03-11T00:10:27,0.011
7,190-214,1773159325,2026-03-11T00:15:25,0.0115
7,190-214,1773159629,2026-03-11T00:20:29,0.0115
7,190-214,1773159925,2026-03-11T00:25:25,0.0095
7,190-214,1773160230,2026-03-11T00:30:30,0.0085
7,190-214,1773160525,2026-03-11T00:35:25,0.01
7,190-214,1773160827,2026-03-11T00:40:27,0.01
7,190-214,1773161132,2026-03-11T00:45:32,0.01
7,190-214,1773161427,2026-03-11T00:50:27,0.0065
7,190-214,1773161724,2026-03-11T00:55:24,0.0065
7,190-214,1773162028,2026-03-11T01:00:28,0.0065
7,190-214,1773162325,2026-03-11T01:05:25,0.0065
7,190-214,1773162626,2026-03-11T01:10:26,0.0065
7,190-214,1773162929,2026-03-11T01:15:29,0.0065
7,190-214,1773163227,2026-03-11T01:20:27,0.0065
7,190-214,1773163531,2026-03-11T01:25:31,0.0065
7,190-214,1773163830,2026-03-11T01:30:30,0.0065
7,190-214,1773164125,2026-03-11T01:35:25,0.0065
7,190-214,1773164429,2026-03-11T01:40:29,0.0065
7,190-214,1773164728,2026-03-11T01:45:28,0.0065
7,190-214,1773165027,2026-03-11T01:50:27,0.0065
7,190-214,1773165326,2026-03-11T01:55:26,0.0065
7,190-214,1773165640,2026-03-11T02:00:40,0.0065
7,190-214,1773165929,2026-03-11T02:05:29,0.0065
7,190-214,1773166227,2026-03-11T02:10:27,0.0065
7,190-214,1773166525,2026-03-11T02:15:25,0.0105
7,190-214,1773166827,2026-03-11T02:20:27,0.0105
7,190-214,1773167139,2026-03-11T02:25:39,0.012
7,190-214,1773167433,2026-03-11T02:30:33,0.012
7,190-214,1773167725,2026-03-11T02:35:25,0.0135
7,190-214,1773168027,2026-03-11T02:40:27,0.0135
7,190-214,1773168332,2026-03-11T02:45:32,0.0135
7,190-214,1773168627,2026-03-11T02:50:27,0.0135
7,190-214,1773168925,2026-03-11T02:55:25,0.014
7,190-214,1773169231,2026-03-11T03:00:31,0.014
7,190-214,1773169537,2026-03-11T03:05:37,0.012
7,190-214,1773169827,2026-03-11T03:10:27,0.01
7,190-214,1773170125,2026-03-11T03:15:25,0.01
7,190-214,1773170428,2026-03-11T03:20:28,0.01
7,190-214,1773170729,2026-03-11T03:25:29,0.01
7,190-214,1773171030,2026-03-11T03:30:30,0.01
7,190-214,1773171326,2026-03-11T03:35:26,0.01
7,190-214,1773171628,2026-03-11T03:40:28,0.01
7,190-214,1773171929,2026-03-11T03:45:29,0.01
7,190-214,1773172227,2026-03-11T03:50:27,0.01
7,190-214,1773172527,2026-03-11T03:55:27,0.01
7,190-214,1773172832,2026-03-11T04:00:32,0.0095
7,190-214,1773173127,2026-03-11T04:05:27,0.0095
7,190-214,1773173426,2026-03-11T04:10:26,0.0095
7,190-214,1773173727,2026-03-11T04:15:27,0.0095
7,190-214,1773174029,2026-03-11T04:20:29,0.0095
7,190-214,1773174324,2026-03-11T04:25:24,0.0095
7,190-214,1773174628,2026-03-11T04:30:28,0.0095
7,190-214,1773174926,2026-03-11T04:35:26,0.0095
7,190-214,1773175228,2026-03-11T04:40:28,0.0095
7,190-214,1773175526,2026-03-11T04:45:26,0.009
7,190-214,1773175827,2026-03-11T04:50:27,0.008
7,190-214,1773176128,2026-03-11T04:55:28,0.008
7,190-214,1773176440,2026-03-11T05:00:40,0.0155
7,190-214,1773176727,2026-03-11T05:05:27,0.0175
7,190-214,1773177025,2026-03-11T05:10:25,0.0185
7,190-214,1773177326,2026-03-11T05:15:26,0.017
7,190-214,1773177648,2026-03-11T05:20:48,0.018
7,190-214,1773177924,2026-03-11T05:25:24,0.018
7,190-214,1773178232,2026-03-11T05:30:32,0.019
7,190-214,1773178525,2026-03-11T05:35:25,0.0195
7,190-214,1773178827,2026-03-11T05:40:27,0.019
7,190-214,1773179128,2026-03-11T05:45:28,0.019
7,190-214,1773179428,2026-03-11T05:50:28,0.0185
7,190-214,1773179725,2026-03-11T05:55:25,0.0155
7,190-214,1773180030,2026-03-11T06:00:30,0.0115
7,190-214,1773180329,2026-03-11T06:05:29,0.0105
7,190-214,1773180635,2026-03-11T06:10:35,0.0105
7,190-214,1773180928,2026-03-11T06:15:28,0.0105
7,190-214,1773181227,2026-03-11T06:20:27,0.0095
7,190-214,1773181528,2026-03-11T06:25:28,0.0095
7,190-214,1773181828,2026-03-11T06:30:28,0.009
7,190-214,1773182125,2026-03-11T06:35:25,0.009
7,190-214,1773182428,2026-03-11T06:40:28,0.009
7,190-214,1773182727,2026-03-11T06:45:27,0.009
7,190-214,1773183026,2026-03-11T06:50:26,0.0115
7,190-214,1773183328,2026-03-11T06:55:28,0.0085
7,190-214,1773183631,2026-03-11T07:00:31,0.0085
7,190-214,1773183934,2026-03-11T07:05:34,0.0085
7,190-214,1773184227,2026-03-11T07:10:27,0.0085
7,190-214,1773184526,2026-03-11T07:15:26,0.0085
7,190-214,1773184826,2026-03-11T07:20:26,0.0085
7,190-214,1773185128,2026-03-11T07:25:28,0.0085
7,190-214,1773185432,2026-03-11T07:30:32,0.009
7,190-214,1773185728,2026-03-11T07:35:28,0.009
7,190-214,1773186037,2026-03-11T07:40:37,0.013
7,190-214,1773186328,2026-03-11T07:45:28,0.0115
7,190-214,1773186628,2026-03-11T07:50:28,0.013
7,190-214,1773186929,2026-03-11T07:55:29,0.0125
7,190-214,1773187243,2026-03-11T08:00:43,0.012
7,190-214,1773187525,2026-03-11T08:05:25,0.0095
7,190-214,1773187830,2026-03-11T08:10:30,0.011
7,190-214,1773188127,2026-03-11T08:15:27,0.011
7,190-214,1773188425,2026-03-11T08:20:25,0.015
7,190-214,1773188729,2026-03-11T08:25:29,0.014
7,190-214,1773189032,2026-03-11T08:30:32,0.014
7,190-214,1773189331,2026-03-11T08:35:31,0.014
7,190-214,1773189627,2026-03-11T08:40:27,0.0135
7,190-214,1773189928,2026-03-11T08:45:28,0.014
7,190-214,1773190225,2026-03-11T08:50:25,0.0135
7,190-214,1773190526,2026-03-11T08:55:26,0.0135
7,190-214,1773190831,2026-03-11T09:00:31,0.0135
7,190-214,1773191129,2026-03-11T09:05:29,0.0145
7,190-214,1773191425,2026-03-11T09:10:25,0.013
7,190-214,1773191728,2026-03-11T09:15:28,0.0105
7,190-214,1773192028,2026-03-11T09:20:28,0.0105
7,190-214,1773192327,2026-03-11T09:25:27,0.0105
7,190-214,1773192631,2026-03-11T09:30:31,0.0105
7,190-214,1773192926,2026-03-11T09:35:26,0.0105
7,190-214,1773193227,2026-03-11T09:40:27,0.0105
7,190-214,1773193525,2026-03-11T09:45:25,0.0105
7,190-214,1773193835,2026-03-11T09:50:35,0.0105
7,190-214,1773194125,2026-03-11T09:55:25,0.0105
7,190-214,1773194431,2026-03-11T10:00:31,0.0105
7,190-214,1773194729,2026-03-11T10:05:29,0.0105
7,190-214,1773195028,2026-03-11T10:10:28,0.017
7,190-214,1773195327,2026-03-11T10:15:27,0.0165
7,190-214,1773195628,2026-03-11T10:20:28,0.016
7,190-214,1773195931,2026-03-11T10:25:31,0.0145
7,190-214,1773196228,2026-03-11T10:30:28,0.0145
7,190-214,1773196532,2026-03-11T10:35:32,0.0135
7,190-214,1773196826,2026-03-11T10:40:26,0.0125
7,190-214,1773197134,2026-03-11T10:45:34,0.0125
7,190-214,1773197428,2026-03-11T10:50:28,0.0125
7,190-214,1773197726,2026-03-11T10:55:26,0.0115
7,190-214,1773198041,2026-03-11T11:00:41,0.0115
7,190-214,1773198326,2026-03-11T11:05:26,0.0115
7,190-214,1773198639,2026-03-11T11:10:39,0.0115
7,190-214,1773198928,2026-03-11T11:15:28,0.0115
7,190-214,1773199229,2026-03-11T11:20:29,0.0115
7,190-214,1773199525,2026-03-11T11:25:25,0.0115
7,190-214,1773199829,2026-03-11T11:30:29,0.0115
7,190-214,1773200127,2026-03-11T11:35:27,0.0115
7,190-214,1773200428,2026-03-11T11:40:28,0.0115
7,190-214,1773200728,2026-03-11T11:45:28,0.0165
7,190-214,1773201025,2026-03-11T11:50:25,0.0135
7,190-214,1773201331,2026-03-11T11:55:31,0.0115
7,190-214,1773201631,2026-03-11T12:00:31,0.0115
7,190-214,1773201929,2026-03-11T12:05:29,0.0115
7,190-214,1773202227,2026-03-11T12:10:27,0.0115
7,190-214,1773202543,2026-03-11T12:15:43,0.0115
7,190-214,1773202827,2026-03-11T12:20:27,0.0115
7,190-214,1773203124,2026-03-11T12:25:24,0.0115
7,190-214,1773203430,2026-03-11T12:30:30,0.0115
7,190-214,1773203728,2026-03-11T12:35:28,0.0115
7,190-214,1773204024,2026-03-11T12:40:24,0.0115
7,190-214,1773204335,2026-03-11T12:45:35,0.0115
7,190-214,1773204628,2026-03-11T12:50:28,0.0115
7,190-214,1773204926,2026-03-11T12:55:26,0.0115
7,190-214,1773205231,2026-03-11T13:00:31,0.0115
7,190-214,1773205526,2026-03-11T13:05:26,0.0115
7,190-214,1773205825,2026-03-11T13:10:25,0.0115
7,190-214,1773206130,2026-03-11T13:15:30,0.0115
7,190-214,1773206426,2026-03-11T13:20:26,0.0115
7,190-214,1773206724,2026-03-11T13:25:24,0.0115
7,190-214,1773207028,2026-03-11T13:30:28,0.0115
7,190-214,1773207326,2026-03-11T13:35:26,0.0115
7,190-214,1773207628,2026-03-11T13:40:28,0.0115
7,190-214,1773207927,2026-03-11T13:45:27,0.0115
7,190-214,1773208228,2026-03-11T13:50:28,0.0115
7,190-214,1773208525,2026-03-11T13:55:25,0.0115
7,190-214,1773208841,2026-03-11T14:00:41,0.014
7,190-214,1773209135,2026-03-11T14:05:35,0.0135
7,190-214,1773209424,2026-03-11T14:10:24,0.0125
7,190-214,1773209725,2026-03-11T14:15:25,0.0115
7,190-214,1773210026,2026-03-11T14:20:26,0.0095
7,190-214,1773210327,2026-03-11T14:25:27,0.0095
7,190-214,1773210642,2026-03-11T14:30:42,0.0095
7,190-214,1773210932,2026-03-11T14:35:32,0.0085
7,190-214,1773211230,2026-03-11T14:40:30,0.0165
7,190-214,1773211527,2026-03-11T14:45:27,0.0185
7,190-214,1773211828,2026-03-11T14:50:28,0.011
7,190-214,1773212131,2026-03-11T14:55:31,0.0095
7,190-214,1773212432,2026-03-11T15:00:32,0.0095
7,190-214,1773212727,2026-03-11T15:05:27,0.0085
7,190-214,1773213024,2026-03-11T15:10:24,0.0085
7,190-214,1773213335,2026-03-11T15:15:35,0.0085
7,190-214,1773213625,2026-03-11T15:20:25,0.015
7,190-214,1773213928,2026-03-11T15:25:28,0.0145
7,190-214,1773214231,2026-03-11T15:30:31,0.0155
7,190-214,1773214526,2026-03-11T15:35:26,0.017
7,190-214,1773214829,2026-03-11T15:40:29,0.0175
7,190-214,1773215126,2026-03-11T15:45:26,0.012
7,190-214,1773215427,2026-03-11T15:50:27,0.0105
7,190-214,1773215725,2026-03-11T15:55:25,0.0105
7,190-214,1773216031,2026-03-11T16:00:31,0.0105
7,190-214,1773216326,2026-03-11T16:05:26,0.0175
7,190-214,1773216625,2026-03-11T16:10:25,0.0175
7,190-214,1773216934,2026-03-11T16:15:34,0.0145
7,190-214,1773217225,2026-03-11T16:20:25,0.015
7,190-214,1773217525,2026-03-11T16:25:25,0.0155
7,190-214,1773217829,2026-03-11T16:30:29,0.014
7,190-214,1773218124,2026-03-11T16:35:24,0.0125
7,190-214,1773218425,2026-03-11T16:40:25,0.0165
7,190-214,1773218728,2026-03-11T16:45:28,0.017
7,190-214,1773219029,2026-03-11T16:50:29,0.016
7,190-214,1773219323,2026-03-11T16:55:23,0.015
7,190-214,1773219637,2026-03-11T17:00:37,0.015
7,190-214,1773219924,2026-03-11T17:05:24,0.015
7,190-214,1773220228,2026-03-11T17:10:28,0.015
7,190-214,1773220524,2026-03-11T17:15:24,0.015
7,190-214,1773220825,2026-03-11T17:20:25,0.015
7,190-214,1773221125,2026-03-11T17:25:25,0.0145
7,190-214,1773221431,2026-03-11T17:30:31,0.014
7,190-214,1773221724,2026-03-11T17:35:24,0.022
7,190-214,1773222025,2026-03-11T17:40:25,0.018
7,190-214,1773222325,2026-03-11T17:45:25,0.013
7,190-214,1773222624,2026-03-11T17:50:24,0.0105
7,190-214,1773222932,2026-03-11T17:55:32,0.0105
7,190-214,1773223236,2026-03-11T18:00:36,0.0105
7,190-214,1773223527,2026-03-11T18:05:27,0.0105
7,190-214,1773223827,2026-03-11T18:10:27,0.0105
7,190-214,1773224127,2026-03-11T18:15:27,0.0105
7,190-214,1773224425,2026-03-11T18:20:25,0.0105
7,190-214,1773224732,2026-03-11T18:25:32,0.0105
7,190-214,1773225030,2026-03-11T18:30:30,0.0105
7,190-214,1773225327,2026-03-11T18:35:27,0.0105
7,190-214,1773225625,2026-03-11T18:40:25,0.0105
7,190-214,1773225928,2026-03-11T18:45:28,0.0105
7,190-214,1773226224,2026-03-11T18:50:24,0.016
7,190-214,1773226531,2026-03-11T18:55:31,0.0145
7,190-214,1773226833,2026-03-11T19:00:33,0.0145
7,190-214,1773227124,2026-03-11T19:05:24,0.01
7,190-214,1773227427,2026-03-11T19:10:27,0.0095
7,190-214,1773227728,2026-03-11T19:15:28,0.0095
7,190-214,1773228025,2026-03-11T19:20:25,0.0095
7,190-214,1773228325,2026-03-11T19:25:25,0.0085
7,190-214,1773228630,2026-03-11T19:30:30,0.008
7,190-214,1773228929,2026-03-11T19:35:29,0.015
7,190-214,1773229228,2026-03-11T19:40:28,0.016
7,190-214,1773229525,2026-03-11T19:45:25,0.016
7,190-214,1773229830,2026-03-11T19:50:30,0.016
7,190-214,1773230127,2026-03-11T19:55:27,0.026
7,190-214,1773230453,2026-03-11T20:00:53,0.015
7,190-214,1773230729,2026-03-11T20:05:29,0.01
7,190-214,1773231025,2026-03-11T20:10:25,0.0095
7,190-214,1773231324,2026-03-11T20:15:24,0.0095
7,190-214,1773231635,2026-03-11T20:20:35,0.0095
7,190-214,1773231925,2026-03-11T20:25:25,0.0085
7,190-214,1773232241,2026-03-11T20:30:41,0.0085
7,190-214,1773232526,2026-03-11T20:35:26,0.0085
7,190-214,1773232825,2026-03-11T20:40:25,0.0085
7,190-214,1773233133,2026-03-11T20:45:33,0.0085
7,190-214,1773233426,2026-03-11T20:50:26,0.0085
7,190-214,1773233728,2026-03-11T20:55:28,0.008
7,190-214,1773234031,2026-03-11T21:00:31,0.006
7,190-214,1773234327,2026-03-11T21:05:27,0.0045
7,190-214,1773234626,2026-03-11T21:10:26,0.009
7,190-214,1773234929,2026-03-11T21:15:29,0.009
7,190-214,1773235230,2026-03-11T21:20:30,0.009
7,190-214,1773235527,2026-03-11T21:25:27,0.0085
7,190-214,1773235829,2026-03-11T21:30:29,0.008
7,190-214,1773236128,2026-03-11T21:35:28,0.0085
7,190-214,1773236427,2026-03-11T21:40:27,0.009
7,190-214,1773236731,2026-03-11T21:45:31,0.009
7,190-214,1773237028,2026-03-11T21:50:28,0.009
7,190-214,1773237328,2026-03-11T21:55:28,0.005
7,190-214,1773237632,2026-03-11T22:00:32,0.0035
7,190-214,1773237928,2026-03-11T22:05:28,0.01
7,190-214,1773238228,2026-03-11T22:10:28,0.0095
7,190-214,1773238526,2026-03-11T22:15:26,0.0065
7,190-214,1773238827,2026-03-11T22:20:27,0.0065
7,190-214,1773239129,2026-03-11T22:25:29,0.009
7,190-214,1773239430,2026-03-11T22:30:30,0.009
7,190-214,1773239746,2026-03-11T22:35:46,0.009
7,190-214,1773240032,2026-03-11T22:40:32,0.009
7,190-214,1773240327,2026-03-11T22:45:27,0.009
7,190-214,1773240626,2026-03-11T22:50:26,0.0095
7,190-214,1773240936,2026-03-11T22:55:36,0.0095
7,190-214,1773241253,2026-03-11T23:00:53,0.01
7,190-214,1773241527,2026-03-11T23:05:27,0.007
7,190-214,1773241828,2026-03-11T23:10:28,0.0055
7,190-214,1773242129,2026-03-11T23:15:29,0.0055
7,190-214,1773242427,2026-03-11T23:20:27,0.0055
7,190-214,1773242728,2026-03-11T23:25:28,0.01
7,190-214,1773243029,2026-03-11T23:30:29,0.01
7,190-214,1773243329,2026-03-11T23:35:29,0.0075
7,190-214,1773243628,2026-03-11T23:40:28,0.012
7,190-214,1773243927,2026-03-11T23:45:27,0.0115
7,190-214,1773244227,2026-03-11T23:50:27,0.01
7,190-214,1773244525,2026-03-11T23:55:25,0.0075
7,190-214,1773244832,2026-03-12T00:00:32,0.0065
7,190-214,1773245129,2026-03-12T00:05:29,0.0065
7,190-214,1773245451,2026-03-12T00:10:51,0.0065
7,190-214,1773245727,2026-03-12T00:15:27,0.0055
7,190-214,1773246029,2026-03-12T00:20:29,0.0075
7,190-214,1773246330,2026-03-12T00:25:30,0.007
7,190-214,1773246629,2026-03-12T00:30:29,0.007
7,190-214,1773246926,2026-03-12T00:35:26,0.006
7,190-214,1773247231,2026-03-12T00:40:31,0.0055
7,190-214,1773247529,2026-03-12T00:45:29,0.0055
7,190-214,1773247827,2026-03-12T00:50:27,0.0085
7,190-214,1773248125,2026-03-12T00:55:25,0.0095
7,190-214,1773248449,2026-03-12T01:00:49,0.009
7,190-214,1773248731,2026-03-12T01:05:31,0.009
7,190-214,1773249027,2026-03-12T01:10:27,0.0085
7,190-214,1773249329,2026-03-12T01:15:29,0.008
7,190-214,1773249626,2026-03-12T01:20:26,0.01
7,190-214,1773249927,2026-03-12T01:25:27,0.0095
7,190-214,1773250231,2026-03-12T01:30:31,0.009
7,190-214,1773250526,2026-03-12T01:35:26,0.0085
7,190-214,1773250831,2026-03-12T01:40:31,0.0065
7,190-214,1773251127,2026-03-12T01:45:27,0.011
7,190-214,1773251429,2026-03-12T01:50:29,0.011
7,190-214,1773251737,2026-03-12T01:55:37,0.0145
7,190-214,1773252039,2026-03-12T02:00:39,0.0145
7,190-214,1773252330,2026-03-12T02:05:30,0.0135
7,190-214,1773252627,2026-03-12T02:10:27,0.0125
7,190-214,1773252926,2026-03-12T02:15:26,0.011
7,190-214,1773253226,2026-03-12T02:20:26,0.0105
7,190-214,1773253526,2026-03-12T02:25:26,0.0105
7,190-214,1773253829,2026-03-12T02:30:29,0.0065
7,190-214,1773254126,2026-03-12T02:35:26,0.0065
7,190-214,1773254426,2026-03-12T02:40:26,0.0065
7,190-214,1773254729,2026-03-12T02:45:29,0.0065
7,190-214,1773255041,2026-03-12T02:50:41,0.0065
7,190-214,1773255325,2026-03-12T02:55:25,0.0065
7,190-214,1773255632,2026-03-12T03:00:32,0.0065
7,190-214,1773255945,2026-03-12T03:05:45,0.0065
7,190-214,1773256227,2026-03-12T03:10:27,0.0065
7,190-214,1773256527,2026-03-12T03:15:27,0.0065
7,190-214,1773256826,2026-03-12T03:20:26,0.0065
7,190-214,1773257126,2026-03-12T03:25:26,0.0065
7,190-214,1773257432,2026-03-12T03:30:32,0.0065
7,190-214,1773257727,2026-03-12T03:35:27,0.0065
7,190-214,1773258027,2026-03-12T03:40:27,0.0055
7,190-214,1773258325,2026-03-12T03:45:25,0.0055
7,190-214,1773258631,2026-03-12T03:50:31,0.0055
7,190-214,1773258927,2026-03-12T03:55:27,0.0065
7,190-214,1773259234,2026-03-12T04:00:34,0.0065
7,190-214,1773259528,2026-03-12T04:05:28,0.0065
7,190-214,1773259828,2026-03-12T04:10:28,0.0065
7,190-214,1773260126,2026-03-12T04:15:26,0.0055
7,190-214,1773260425,2026-03-12T04:20:25,0.0055
7,190-214,1773260731,2026-03-12T04:25:31,0.006
7,190-214,1773261032,2026-03-12T04:30:32,0.006
7,190-214,1773261329,2026-03-12T04:35:29,0.007
7,190-214,1773261627,2026-03-12T04:40:27,0.008
7,190-214,1773261928,2026-03-12T04:45:28,0.008
7,190-214,1773262241,2026-03-12T04:50:41,0.0075
7,190-214,1773262526,2026-03-12T04:55:26,0.009
7,190-214,1773262843,2026-03-12T05:00:43,0.009
7,190-214,1773263127,2026-03-12T05:05:27,0.0095
7,190-214,1773263427,2026-03-12T05:10:27,0.0065
7,190-214,1773263728,2026-03-12T05:15:28,0.0065
7,190-214,1773264029,2026-03-12T05:20:29,0.0065
7,190-214,1773264342,2026-03-12T05:25:42,0.0145
7,190-214,1773264631,2026-03-12T05:30:31,0.0105
7,190-214,1773264926,2026-03-12T05:35:26,0.0055
7,190-214,1773265230,2026-03-12T05:40:30,0.0055
7,190-214,1773265540,2026-03-12T05:45:40,0.0055
7,190-214,1773265828,2026-03-12T05:50:28,0.0055
7,190-214,1773266127,2026-03-12T05:55:27,0.0055
7,190-214,1773266433,2026-03-12T06:00:33,0.0055
7,190-214,1773266741,2026-03-12T06:05:41,0.0055
7,190-214,1773267027,2026-03-12T06:10:27,0.0055
7,190-214,1773267328,2026-03-12T06:15:28,0.0055
7,190-214,1773267629,2026-03-12T06:20:29,0.0055
7,190-214,1773267925,2026-03-12T06:25:25,0.0055
7,190-214,1773268233,2026-03-12T06:30:33,0.0055
7,190-214,1773268528,2026-03-12T06:35:28,0.0055
7,190-214,1773268827,2026-03-12T06:40:27,0.0055
7,190-214,1773269134,2026-03-12T06:45:34,0.0055
7,190-214,1773269430,2026-03-12T06:50:30,0.0035
7,190-214,1773269731,2026-03-12T06:55:31,0.0035
7,190-214,1773270030,2026-03-12T07:00:30,0.0035
7,190-214,1773270329,2026-03-12T07:05:29,0.0035
7,190-214,1773270628,2026-03-12T07:10:28,0.0035
7,190-214,1773270930,2026-03-12T07:15:30,0.0035
7,190-214,1773271245,2026-03-12T07:20:45,0.0035
7,190-214,1773271527,2026-03-12T07:25:27,0.0035
7,190-214,1773271829,2026-03-12T07:30:29,0.0035
7,190-214,1773272126,2026-03-12T07:35:26,0.0035
7,190-214,1773272435,2026-03-12T07:40:35,0.0035
7,190-214,1773272726,2026-03-12T07:45:26,0.0035
7,190-214,1773273031,2026-03-12T07:50:31,0.0035
7,190-214,1773273327,2026-03-12T07:55:27,0.0035
7,190-214,1773273643,2026-03-12T08:00:43,0.0035
7,190-214,1773273925,2026-03-12T08:05:25,0.0035
7,190-214,1773274228,2026-03-12T08:10:28,0.0035
7,190-214,1773274528,2026-03-12T08:15:28,0.0035
7,190-214,1773274827,2026-03-12T08:20:27,0.0035
7,190-214,1773275125,2026-03-12T08:25:25,0.0035
7,190-214,1773275431,2026-03-12T08:30:31,0.0035
7,190-214,1773275727,2026-03-12T08:35:27,0.0035
7,190-214,1773276025,2026-03-12T08:40:25,0.0035
7,190-214,1773276328,2026-03-12T08:45:28,0.0035
7,190-214,1773276624,2026-03-12T08:50:24,0.007
7,190-214,1773276926,2026-03-12T08:55:26,0.0065
7,190-214,1773277231,2026-03-12T09:00:31,0.0065
7,190-214,1773277527,2026-03-12T09:05:27,0.0065
7,190-214,1773277824,2026-03-12T09:10:24,0.0065
7,190-214,1773278127,2026-03-12T09:15:27,0.0045
7,190-214,1773278428,2026-03-12T09:20:28,0.005
7,190-214,1773278725,2026-03-12T09:25:25,0.005
7,190-214,1773279027,2026-03-12T09:30:27,0.005
7,190-214,1773279328,2026-03-12T09:35:28,0.005
7,190-214,1773279626,2026-03-12T09:40:26,0.005
7,190-214,1773279925,2026-03-12T09:45:25,0.005
7,190-214,1773280227,2026-03-12T09:50:27,0.005
7,190-214,1773280525,2026-03-12T09:55:25,0.005
7,190-214,1773280831,2026-03-12T10:00:31,0.005
7,190-214,1773281128,2026-03-12T10:05:28,0.005
7,190-214,1773281427,2026-03-12T10:10:27,0.005
7,190-214,1773281729,2026-03-12T10:15:29,0.005
7,190-214,1773282029,2026-03-12T10:20:29,0.005
7,190-214,1773282330,2026-03-12T10:25:30,0.005
7,190-214,1773282632,2026-03-12T10:30:32,0.005
7,190-214,1773282942,2026-03-12T10:35:42,0.005
7,190-214,1773283240,2026-03-12T10:40:40,0.0035
7,190-214,1773283528,2026-03-12T10:45:28,0.0035
7,190-214,1773283827,2026-03-12T10:50:27,0.0045
7,190-214,1773284128,2026-03-12T10:55:28,0.0045
7,190-214,1773284442,2026-03-12T11:00:42,0.0045
7,190-214,1773284729,2026-03-12T11:05:29,0.0045
7,190-214,1773285026,2026-03-12T11:10:26,0.0045
7,190-214,1773285326,2026-03-12T11:15:26,0.0045
7,190-214,1773285624,2026-03-12T11:20:24,0.0045
7,190-214,1773285927,2026-03-12T11:25:27,0.0045
7,190-214,1773286237,2026-03-12T11:30:37,0.0045
7,190-214,1773286528,2026-03-12T11:35:28,0.0045
7,190-214,1773286828,2026-03-12T11:40:28,0.004
7,190-214,1773287136,2026-03-12T11:45:36,0.004
7,190-214,1773287424,2026-03-12T11:50:24,0.004
7,190-214,1773287726,2026-03-12T11:55:26,0.004
7,190-214,1773288031,2026-03-12T12:00:31,0.004
7,190-214,1773288326,2026-03-12T12:05:26,0.004
7,190-214,1773288627,2026-03-12T12:10:27,0.004
7,190-214,1773288927,2026-03-12T12:15:27,0.004
7,190-214,1773289227,2026-03-12T12:20:27,0.004
7,190-214,1773289526,2026-03-12T12:25:26,0.004
7,190-214,1773289830,2026-03-12T12:30:30,0.004
7,190-214,1773290128,2026-03-12T12:35:28,0.004
7,190-214,1773290425,2026-03-12T12:40:25,0.004
7,190-214,1773290725,2026-03-12T12:45:25,0.004
7,190-214,1773291032,2026-03-12T12:50:32,0.004
7,190-214,1773291324,2026-03-12T12:55:24,0.004
7,190-214,1773291634,2026-03-12T13:00:34,0.004
7,190-214,1773291926,2026-03-12T13:05:26,0.004
7,190-214,1773292225,2026-03-12T13:10:25,0.0035
7,190-214,1773292527,2026-03-12T13:15:27,0.0035
7,190-214,1773292825,2026-03-12T13:20:25,0.0035
7,190-214,1773293127,2026-03-12T13:25:27,0.0035
7,190-214,1773293430,2026-03-12T13:30:30,0.0035
7,190-214,1773293728,2026-03-12T13:35:28,0.0035
7,190-214,1773294025,2026-03-12T13:40:25,0.0035
7,190-214,1773294325,2026-03-12T13:45:25,0.0035
7,190-214,1773294627,2026-03-12T13:50:27,0.0035
7,190-214,1773294925,2026-03-12T13:55:25,0.0035
7,190-214,1773295243,2026-03-12T14:00:43,0.0035
7,190-214,1773295525,2026-03-12T14:05:25,0.0035
7,190-214,1773295826,2026-03-12T14:10:26,0.0035
7,190-214,1773296126,2026-03-12T14:15:26,0.0035
7,190-214,1773296426,2026-03-12T14:20:26,0.0035
7,190-214,1773296726,2026-03-12T14:25:26,0.0035
7,190-214,1773297029,2026-03-12T14:30:29,0.0035
7,190-214,1773297332,2026-03-12T14:35:32,0.0035
7,190-214,1773297625,2026-03-12T14:40:25,0.0035
7,190-214,1773297927,2026-03-12T14:45:27,0.0035
7,190-214,1773298224,2026-03-12T14:50:24,0.0035
7,190-214,1773298527,2026-03-12T14:55:27,0.0035
7,190-214,1773298832,2026-03-12T15:00:32,0.0035
7,190-214,1773299127,2026-03-12T15:05:27,0.0035
7,190-214,1773299425,2026-03-12T15:10:25,0.0035
7,190-214,1773299728,2026-03-12T15:15:28,0.0035
7,190-214,1773300025,2026-03-12T15:20:25,0.0035
7,190-214,1773300326,2026-03-12T15:25:26,0.0035
7,190-214,1773300630,2026-03-12T15:30:30,0.0035
7,190-214,1773300925,2026-03-12T15:35:25,0.0035
7,190-214,1773301227,2026-03-12T15:40:27,0.0035
7,190-214,1773301526,2026-03-12T15:45:26,0.0035
7,190-214,1773301827,2026-03-12T15:50:27,0.0035
7,190-214,1773302124,2026-03-12T15:55:24,0.0035
7,190-214,1773302434,2026-03-12T16:00:34,0.0035
7,190-214,1773302726,2026-03-12T16:05:26,0.0035
7,190-214,1773303025,2026-03-12T16:10:25,0.0035
7,190-214,1773303327,2026-03-12T16:15:27,0.0035
7,190-214,1773303625,2026-03-12T16:20:25,0.0035
7,190-214,1773303931,2026-03-12T16:25:31,0.0035
7,190-214,1773304228,2026-03-12T16:30:28,0.0035
7,190-214,1773304524,2026-03-12T16:35:24,0.0035
7,190-214,1773304831,2026-03-12T16:40:31,0.0035
7,190-214,1773305124,2026-03-12T16:45:24,0.0035
7,190-214,1773305428,2026-03-12T16:50:28,0.0035
7,190-214,1773305735,2026-03-12T16:55:35,0.0035
7,190-214,1773306038,2026-03-12T17:00:38,0.0035
7,190-214,1773306326,2026-03-12T17:05:26,0.0035
7,190-214,1773306625,2026-03-12T17:10:25,0.0035
7,190-214,1773306924,2026-03-12T17:15:24,0.0035
7,190-214,1773307223,2026-03-12T17:20:23,0.0035
7,190-214,1773307526,2026-03-12T17:25:26,0.0035
7,190-214,1773307831,2026-03-12T17:30:31,0.0035
7,190-214,1773308127,2026-03-12T17:35:27,0.0035
7,190-214,1773308424,2026-03-12T17:40:24,0.0035
7,190-214,1773308727,2026-03-12T17:45:27,0.0035
7,190-214,1773309025,2026-03-12T17:50:25,0.0035
7,190-214,1773309327,2026-03-12T17:55:27,0.0035
7,190-214,1773309656,2026-03-12T18:00:56,0.012
7,190-214,1773309927,2026-03-12T18:05:27,0.0075
7,190-214,1773310228,2026-03-12T18:10:28,0.0045
7,190-214,1773310528,2026-03-12T18:15:28,0.0045
7,190-214,1773310828,2026-03-12T18:20:28,0.0045
7,190-214,1773311129,2026-03-12T18:25:29,0.0045
7,190-214,1773311430,2026-03-12T18:30:30,0.0045
7,190-214,1773311724,2026-03-12T18:35:24,0.0035
7,190-214,1773312028,2026-03-12T18:40:28,0.0035
7,190-214,1773312327,2026-03-12T18:45:27,0.0035
7,190-214,1773312628,2026-03-12T18:50:28,0.0035
7,190-214,1773312927,2026-03-12T18:55:27,0.0035
7,190-214,1773313231,2026-03-12T19:00:31,0.0035
7,190-214,1773313524,2026-03-12T19:05:24,0.0035
7,190-214,1773313834,2026-03-12T19:10:34,0.0025
7,190-214,1773314124,2026-03-12T19:15:24,0.0025
7,190-214,1773314424,2026-03-12T19:20:24,0.004
7,190-214,1773314726,2026-03-12T19:25:26,0.0045
7,190-214,1773315032,2026-03-12T19:30:32,0.0055
7,190-214,1773315326,2026-03-12T19:35:26,0.0055
7,190-214,1773315627,2026-03-12T19:40:27,0.01
7,190-214,1773315927,2026-03-12T19:45:27,0.005
7,190-214,1773316226,2026-03-12T19:50:26,0.0045
7,190-214,1773316524,2026-03-12T19:55:24,0.0045
7,190-214,1773316854,2026-03-12T20:00:54,0.0045
7,190-214,1773317127,2026-03-12T20:05:27,0.011
7,190-214,1773317433,2026-03-12T20:10:33,0.011
7,190-214,1773317728,2026-03-12T20:15:28,0.011
7,190-214,1773318024,2026-03-12T20:20:24,0.011
7,190-214,1773318328,2026-03-12T20:25:28,0.011
7,190-214,1773318646,2026-03-12T20:30:46,0.011
7,190-214,1773318925,2026-03-12T20:35:25,0.011
7,190-214,1773319238,2026-03-12T20:40:38,0.011
7,190-214,1773319525,2026-03-12T20:45:25,0.0075
7,190-214,1773319824,2026-03-12T20:50:24,0.0075
7,190-214,1773320124,2026-03-12T20:55:24,0.0075
7,190-214,1773320445,2026-03-12T21:00:45,0.0075
7,190-214,1773320727,2026-03-12T21:05:27,0.0075
7,190-214,1773321027,2026-03-12T21:10:27,0.0075
7,190-214,1773321328,2026-03-12T21:15:28,0.008
7,190-214,1773321626,2026-03-12T21:20:26,0.004
7,190-214,1773321924,2026-03-12T21:25:24,0.004
7,190-214,1773322232,2026-03-12T21:30:32,0.004
7,190-214,1773322528,2026-03-12T21:35:28,0.006
7,190-214,1773322828,2026-03-12T21:40:28,0.0045
7,190-214,1773323133,2026-03-12T21:45:33,0.0035
7,190-214,1773323427,2026-03-12T21:50:27,0.0035
7,190-214,1773323728,2026-03-12T21:55:28,0.0035
7,190-214,1773324035,2026-03-12T22:00:35,0.0035
7,190-214,1773324326,2026-03-12T22:05:26,0.0035
7,190-214,1773324630,2026-03-12T22:10:30,0.0035
7,190-214,1773324927,2026-03-12T22:15:27,0.0035
7,190-214,1773325227,2026-03-12T22:20:27,0.0035
7,190-214,1773325527,2026-03-12T22:25:27,0.0035
7,190-214,1773325831,2026-03-12T22:30:31,0.0045
7,190-214,1773326430,2026-03-12T22:40:30,0.0045
7,190-214,1773326729,2026-03-12T22:45:29,0.0045
7,190-214,1773327026,2026-03-12T22:50:26,0.0045
7,190-214,1773327326,2026-03-12T22:55:26,0.0045
7,190-214,1773327643,2026-03-12T23:00:43,0.0045
7,190-214,1773327926,2026-03-12T23:05:26,0.0065
7,190-214,1773328231,2026-03-12T23:10:31,0.008
7,190-214,1773328527,2026-03-12T23:15:27,0.008
7,190-214,1773328829,2026-03-12T23:20:29,0.008
7,190-214,1773329128,2026-03-12T23:25:28,0.008
7,190-214,1773329432,2026-03-12T23:30:32,0.008
7,190-214,1773329727,2026-03-12T23:35:27,0.0075
7,190-214,1773330027,2026-03-12T23:40:27,0.0065
7,190-214,1773330328,2026-03-12T23:45:28,0.0065
7,190-214,1773330628,2026-03-12T23:50:28,0.0065
7,190-214,1773330925,2026-03-12T23:55:25,0.0065
7,190-214,1773331233,2026-03-13T00:00:33,0.01
7,190-214,1773331530,2026-03-13T00:05:30,0.0075
7,190-214,1773331829,2026-03-13T00:10:29,0.0065
7,190-214,1773332128,2026-03-13T00:15:28,0.0055
7,190-214,1773332429,2026-03-13T00:20:29,0.0035
7,190-214,1773332729,2026-03-13T00:25:29,0.0035
7,190-214,1773333028,2026-03-13T00:30:28,0.0035
7,190-214,1773333325,2026-03-13T00:35:25,0.0035
7,190-214,1773333635,2026-03-13T00:40:35,0.0035
7,190-214,1773333928,2026-03-13T00:45:28,0.0035
7,190-214,1773334230,2026-03-13T00:50:30,0.0035
7,190-214,1773334529,2026-03-13T00:55:29,0.0035
7,190-214,1773335128,2026-03-13T01:05:28,0.0035
7,190-214,1773335428,2026-03-13T01:10:28,0.0035
7,190-214,1773335730,2026-03-13T01:15:30,0.0035
7,190-214,1773336030,2026-03-13T01:20:30,0.0035
7,190-214,1773336333,2026-03-13T01:25:33,0.0035
7,190-214,1773336643,2026-03-13T01:30:43,0.0035
7,190-214,1773336934,2026-03-13T01:35:34,0.0035
7,190-214,1773337230,2026-03-13T01:40:30,0.0035
7,190-214,1773337530,2026-03-13T01:45:30,0.0035
7,190-214,1773337830,2026-03-13T01:50:30,0.0035
7,190-214,1773338129,2026-03-13T01:55:29,0.0035
7,190-214,1773338449,2026-03-13T02:00:49,0.0035
7,190-214,1773338730,2026-03-13T02:05:30,0.0035
7,190-214,1773339027,2026-03-13T02:10:27,0.0035
7,190-214,1773339330,2026-03-13T02:15:30,0.0035
7,190-214,1773339630,2026-03-13T02:20:30,0.0035
7,190-214,1773339925,2026-03-13T02:25:25,0.0035
7,190-214,1773340230,2026-03-13T02:30:30,0.0035
7,190-214,1773340529,2026-03-13T02:35:29,0.0035
7,190-214,1773340828,2026-03-13T02:40:28,0.0035
7,190-214,1773341129,2026-03-13T02:45:29,0.0035
7,190-214,1773341426,2026-03-13T02:50:26,0.0035
7,190-214,1773341727,2026-03-13T02:55:27,0.0035
7,190-214,1773342029,2026-03-13T03:00:29,0.0035
7,190-214,1773342335,2026-03-13T03:05:35,0.0035
7,190-214,1773342629,2026-03-13T03:10:29,0.0035
7,190-214,1773342930,2026-03-13T03:15:30,0.0035
7,190-214,1773343231,2026-03-13T03:20:31,0.0035
7,190-214,1773343527,2026-03-13T03:25:27,0.0035
7,190-214,1773343831,2026-03-13T03:30:31,0.0035
7,190-214,1773344130,2026-03-13T03:35:30,0.0035
7,190-214,1773344428,2026-03-13T03:40:28,0.0035
7,190-214,1773344729,2026-03-13T03:45:29,0.0035
7,190-214,1773345034,2026-03-13T03:50:34,0.0035
7,190-214,1773345328,2026-03-13T03:55:28,0.0035
7,190-214,1773345635,2026-03-13T04:00:35,0.0035
7,190-214,1773345930,2026-03-13T04:05:30,0.0035
7,190-214,1773346226,2026-03-13T04:10:26,0.0035
7,190-214,1773346528,2026-03-13T04:15:28,0.0035
7,190-214,1773346828,2026-03-13T04:20:28,0.0035
7,190-214,1773347128,2026-03-13T04:25:28,0.0035
7,190-214,1773347431,2026-03-13T04:30:31,0.0035
7,190-214,1773347730,2026-03-13T04:35:30,0.0035
7,190-214,1773348028,2026-03-13T04:40:28,0.0035
7,190-214,1773348328,2026-03-13T04:45:28,0.0035
7,190-214,1773348627,2026-03-13T04:50:27,0.0035
7,190-214,1773348928,2026-03-13T04:55:28,0.0035
7,190-214,1773349242,2026-03-13T05:00:42,0.0035
7,190-214,1773349527,2026-03-13T05:05:27,0.0035
7,190-214,1773349828,2026-03-13T05:10:28,0.0035
7,190-214,1773350129,2026-03-13T05:15:29,0.0035
7,190-214,1773350430,2026-03-13T05:20:30,0.0035
7,190-214,1773350731,2026-03-13T05:25:31,0.0035
7,190-214,1773351033,2026-03-13T05:30:33,0.0035
7,190-214,1773351325,2026-03-13T05:35:25,0.0035
7,190-214,1773351626,2026-03-13T05:40:26,0.0035
7,190-214,1773351929,2026-03-13T05:45:29,0.0035
7,190-214,1773352236,2026-03-13T05:50:36,0.0035
7,190-214,1773352528,2026-03-13T05:55:28,0.0035
7,190-214,1773352832,2026-03-13T06:00:32,0.0035
7,190-214,1773353129,2026-03-13T06:05:29,0.0035
7,190-214,1773353430,2026-03-13T06:10:30,0.0035
7,190-214,1773353730,2026-03-13T06:15:30,0.0035
7,190-214,1773354032,2026-03-13T06:20:32,0.0035
7,190-214,1773354330,2026-03-13T06:25:30,0.0035
7,190-214,1773354631,2026-03-13T06:30:31,0.0035
7,190-214,1773354927,2026-03-13T06:35:27,0.0035
7,190-214,1773355226,2026-03-13T06:40:26,0.0035
7,190-214,1773355529,2026-03-13T06:45:29,0.0035
7,190-214,1773355828,2026-03-13T06:50:28,0.0035
7,190-214,1773356128,2026-03-13T06:55:28,0.0035
7,190-214,1773356435,2026-03-13T07:00:35,0.0035
7,190-214,1773356730,2026-03-13T07:05:30,0.0035
7,190-214,1773357028,2026-03-13T07:10:28,0.0035
7,190-214,1773357329,2026-03-13T07:15:29,0.0035
7,190-214,1773357628,2026-03-13T07:20:28,0.0025
7,190-214,1773357926,2026-03-13T07:25:26,0.0025
7,190-214,1773358233,2026-03-13T07:30:33,0.0025
7,190-214,1773358528,2026-03-13T07:35:28,0.0025
7,190-214,1773358830,2026-03-13T07:40:30,0.0025
7,190-214,1773359127,2026-03-13T07:45:27,0.0025
7,190-214,1773359429,2026-03-13T07:50:29,0.0025
7,190-214,1773359730,2026-03-13T07:55:30,0.0025
7,190-214,1773360059,2026-03-13T08:00:59,0.0025
7,190-214,1773360328,2026-03-13T08:05:28,0.0025
7,190-214,1773360629,2026-03-13T08:10:29,0.0025
7,190-214,1773360929,2026-03-13T08:15:29,0.003
7,190-214,1773361228,2026-03-13T08:20:28,0.003
7,190-214,1773361529,2026-03-13T08:25:29,0.003
7,190-214,1773361834,2026-03-13T08:30:34,0.003
7,190-214,1773362128,2026-03-13T08:35:28,0.003
7,190-214,1773362426,2026-03-13T08:40:26,0.003
7,190-214,1773362727,2026-03-13T08:45:27,0.003
7,190-214,1773363030,2026-03-13T08:50:30,0.003
7,190-214,1773363327,2026-03-13T08:55:27,0.003
7,190-214,1773363634,2026-03-13T09:00:34,0.003
7,190-214,1773363927,2026-03-13T09:05:27,0.003
7,190-214,1773364227,2026-03-13T09:10:27,0.003
7,190-214,1773364529,2026-03-13T09:15:29,0.003
7,190-214,1773364828,2026-03-13T09:20:28,0.003
7,190-214,1773365132,2026-03-13T09:25:32,0.003
7,190-214,1773365428,2026-03-13T09:30:28,0.003
7,190-214,1773365726,2026-03-13T09:35:26,0.003
7,190-214,1773366027,2026-03-13T09:40:27,0.003
7,190-214,1773366328,2026-03-13T09:45:28,0.003
7,190-214,1773366634,2026-03-13T09:50:34,0.003
7,190-214,1773366928,2026-03-13T09:55:28,0.003
7,190-214,1773367233,2026-03-13T10:00:33,0.003
7,190-214,1773367540,2026-03-13T10:05:40,0.003
7,190-214,1773367828,2026-03-13T10:10:28,0.003
7,190-214,1773368128,2026-03-13T10:15:28,0.003
7,190-214,1773368431,2026-03-13T10:20:31,0.003
7,190-214,1773368734,2026-03-13T10:25:34,0.003
7,190-214,1773369033,2026-03-13T10:30:33,0.003
7,190-214,1773369329,2026-03-13T10:35:29,0.003
7,190-214,1773369628,2026-03-13T10:40:28,0.003
7,190-214,1773369929,2026-03-13T10:45:29,0.0035
7,190-214,1773370226,2026-03-13T10:50:26,0.0035
7,190-214,1773370530,2026-03-13T10:55:30,0.0035
7,190-214,1773370841,2026-03-13T11:00:41,0.0035
7,190-214,1773371128,2026-03-13T11:05:28,0.0035
7,190-214,1773371427,2026-03-13T11:10:27,0.0035
7,190-214,1773371727,2026-03-13T11:15:27,0.0035
7,190-214,1773372027,2026-03-13T11:20:27,0.0035
7,190-214,1773372326,2026-03-13T11:25:26,0.0035
7,190-214,1773372631,2026-03-13T11:30:31,0.0035
7,190-214,1773372926,2026-03-13T11:35:26,0.0035
7,190-214,1773373228,2026-03-13T11:40:28,0.0035
7,190-214,1773373529,2026-03-13T11:45:29,0.003
7,190-214,1773373828,2026-03-13T11:50:28,0.003
7,190-214,1773374124,2026-03-13T11:55:24,0.003
7,190-214,1773374433,2026-03-13T12:00:33,0.003
7,190-214,1773374729,2026-03-13T12:05:29,0.003
7,190-214,1773375028,2026-03-13T12:10:28,0.003
7,190-214,1773375325,2026-03-13T12:15:25,0.003
7,190-214,1773375625,2026-03-13T12:20:25,0.003
7,190-214,1773375928,2026-03-13T12:25:28,0.003
7,190-214,1773376228,2026-03-13T12:30:28,0.003
7,190-214,1773376527,2026-03-13T12:35:27,0.0025
7,190-214,1773376828,2026-03-13T12:40:28,0.0025
7,190-214,1773377126,2026-03-13T12:45:26,0.0025
7,190-214,1773377433,2026-03-13T12:50:33,0.0025
7,190-214,1773377726,2026-03-13T12:55:26,0.0025
7,190-214,1773378029,2026-03-13T13:00:29,0.0025
7,190-214,1773378326,2026-03-13T13:05:26,0.0025
7,190-214,1773378642,2026-03-13T13:10:42,0.0025
7,190-214,1773378936,2026-03-13T13:15:36,0.0025
7,190-214,1773379228,2026-03-13T13:20:28,0.0025
7,190-214,1773379530,2026-03-13T13:25:30,0.0025
7,190-214,1773379834,2026-03-13T13:30:34,0.0025
7,190-214,1773380126,2026-03-13T13:35:26,0.0025
7,190-214,1773380428,2026-03-13T13:40:28,0.0025
7,190-214,1773380730,2026-03-13T13:45:30,0.0025
7,190-214,1773381029,2026-03-13T13:50:29,0.0025
7,190-214,1773381327,2026-03-13T13:55:27,0.0025
7,190-214,1773381642,2026-03-13T14:00:42,0.0025
7,190-214,1773381926,2026-03-13T14:05:26,0.0025
7,190-214,1773382225,2026-03-13T14:10:25,0.0025
7,190-214,1773382536,2026-03-13T14:15:36,0.0025
7,190-214,1773382828,2026-03-13T14:20:28,0.0025
7,190-214,1773383127,2026-03-13T14:25:27,0.0025
7,190-214,1773383433,2026-03-13T14:30:33,0.0025
7,190-214,1773383735,2026-03-13T14:35:35,0.0025
7,190-214,1773384025,2026-03-13T14:40:25,0.0025
7,190-214,1773384327,2026-03-13T14:45:27,0.0025
7,190-214,1773384629,2026-03-13T14:50:29,0.0025
7,190-214,1773384925,2026-03-13T14:55:25,0.0025
7,190-214,1773385239,2026-03-13T15:00:39,0.0025
7,190-214,1773385525,2026-03-13T15:05:25,0.0025
7,190-214,1773385828,2026-03-13T15:10:28,0.003
7,190-214,1773386130,2026-03-13T15:15:30,0.003
7,190-214,1773386426,2026-03-13T15:20:26,0.003
7,190-214,1773386724,2026-03-13T15:25:24,0.003
7,190-214,1773387033,2026-03-13T15:30:33,0.0025
7,190-214,1773387327,2026-03-13T15:35:27,0.0025
7,190-214,1773387630,2026-03-13T15:40:30,0.0025
7,190-214,1773387925,2026-03-13T15:45:25,0.0025
7,190-214,1773388229,2026-03-13T15:50:29,0.0025
7,190-214,1773388528,2026-03-13T15:55:28,0.0025
7,190-214,1773388829,2026-03-13T16:00:29,0.0025
7,190-214,1773389129,2026-03-13T16:05:29,0.0025
7,190-214,1773389431,2026-03-13T16:10:31,0.0025
7,190-214,1773389727,2026-03-13T16:15:27,0.0025
7,190-214,1773390027,2026-03-13T16:20:27,0.0025
7,190-214,1773390327,2026-03-13T16:25:27,0.0025
7,190-214,1773390631,2026-03-13T16:30:31,0.0025
7,190-214,1773390930,2026-03-13T16:35:30,0.0025
7,190-214,1773391225,2026-03-13T16:40:25,0.0025
7,190-214,1773391528,2026-03-13T16:45:28,0.0025
7,190-214,1773391827,2026-03-13T16:50:27,0.0025
7,190-214,1773392127,2026-03-13T16:55:27,0.0025
7,190-214,1773392443,2026-03-13T17:00:43,0.0025
7,190-214,1773392727,2026-03-13T17:05:27,0.0025
7,190-214,1773393025,2026-03-13T17:10:25,0.0025
7,190-214,1773393327,2026-03-13T17:15:27,0.0025
7,190-214,1773393625,2026-03-13T17:20:25,0.0025
7,190-214,1773393927,2026-03-13T17:25:27,0.0025
7,190-214,1773394228,2026-03-13T17:30:28,0.0025
7,190-214,1773394529,2026-03-13T17:35:29,0.0025
7,190-214,1773394831,2026-03-13T17:40:31,0.0025
7,190-214,1773395128,2026-03-13T17:45:28,0.0025
7,190-214,1773395427,2026-03-13T17:50:27,0.0025
7,190-214,1773395726,2026-03-13T17:55:26,0.0025
7,190-214,1773396031,2026-03-13T18:00:31,0.0025
7,190-214,1773396328,2026-03-13T18:05:28,0.0025
7,190-214,1773396627,2026-03-13T18:10:27,0.0025
7,190-214,1773396930,2026-03-13T18:15:30,0.0025
7,190-214,1773397523,2026-03-13T18:25:23,0.0025
7,190-214,1773397836,2026-03-13T18:30:36,0.0025
7,190-214,1773398126,2026-03-13T18:35:26,0.0025
7,190-214,1773398425,2026-03-13T18:40:25,0.0025
7,190-214,1773398735,2026-03-13T18:45:35,0.0025
7,190-214,1773399025,2026-03-13T18:50:25,0.0025
7,190-214,1773399323,2026-03-13T18:55:23,0.0025
7,190-214,1773399630,2026-03-13T19:00:30,0.0025
7,190-214,1773399924,2026-03-13T19:05:24,0.0025
7,190-214,1773400224,2026-03-13T19:10:24,0.0025
7,190-214,1773400526,2026-03-13T19:15:26,0.0025
7,190-214,1773400825,2026-03-13T19:20:25,0.0025
7,190-214,1773401126,2026-03-13T19:25:26,0.0025
7,190-214,1773401426,2026-03-13T19:30:26,0.0025
7,190-214,1773401723,2026-03-13T19:35:23,0.0025
7,190-214,1773402024,2026-03-13T19:40:24,0.0025
7,190-214,1773402327,2026-03-13T19:45:27,0.0025
7,190-214,1773402627,2026-03-13T19:50:27,0.0025
7,190-214,1773402927,2026-03-13T19:55:27,0.0025
7,190-214,1773403236,2026-03-13T20:00:36,0.0025
7,190-214,1773403525,2026-03-13T20:05:25,0.0025
7,190-214,1773403832,2026-03-13T20:10:32,0.0025
7,190-214,1773404127,2026-03-13T20:15:27,0.0025
7,190-214,1773404424,2026-03-13T20:20:24,0.0025
7,190-214,1773404724,2026-03-13T20:25:24,0.0025
7,190-214,1773405037,2026-03-13T20:30:37,0.0025
7,190-214,1773405325,2026-03-13T20:35:25,0.0025
7,190-214,1773405626,2026-03-13T20:40:26,0.0025
7,190-214,1773405924,2026-03-13T20:45:24,0.0025
7,190-214,1773406225,2026-03-13T20:50:25,0.0025
7,190-214,1773406525,2026-03-13T20:55:25,0.0025
7,190-214,1773406829,2026-03-13T21:00:29,0.0025
7,190-214,1773407140,2026-03-13T21:05:40,0.0025
7,190-214,1773407426,2026-03-13T21:10:26,0.0025
7,190-214,1773407738,2026-03-13T21:15:38,0.0065
7,190-214,1773408025,2026-03-13T21:20:25,0.01
7,190-214,1773408325,2026-03-13T21:25:25,0.0095
7,190-214,1773408628,2026-03-13T21:30:28,0.004
7,190-214,1773408928,2026-03-13T21:35:28,0.004
7,190-214,1773409224,2026-03-13T21:40:24,0.0045
7,190-214,1773409524,2026-03-13T21:45:24,0.005
7,190-214,1773409825,2026-03-13T21:50:25,0.0145
7,190-214,1773410126,2026-03-13T21:55:26,0.014
7,190-214,1773410432,2026-03-13T22:00:32,0.021
7,190-214,1773410727,2026-03-13T22:05:27,0.0065
7,190-214,1773411027,2026-03-13T22:10:27,0.0065
7,190-214,1773411326,2026-03-13T22:15:26,0.0065
7,190-214,1773411623,2026-03-13T22:20:23,0.0065
7,190-214,1773411924,2026-03-13T22:25:24,0.007
7,190-214,1773412227,2026-03-13T22:30:27,0.007
7,190-214,1773412525,2026-03-13T22:35:25,0.0085
7,190-214,1773412825,2026-03-13T22:40:25,0.0085
7,190-214,1773413124,2026-03-13T22:45:24,0.0085
7,190-214,1773413423,2026-03-13T22:50:23,0.006
7,190-214,1773413724,2026-03-13T22:55:24,0.006
7,190-214,1773414038,2026-03-13T23:00:38,0.006
7,190-214,1773414326,2026-03-13T23:05:26,0.005
7,190-214,1773414624,2026-03-13T23:10:24,0.006
7,190-214,1773414926,2026-03-13T23:15:26,0.006
7,190-214,1773415227,2026-03-13T23:20:27,0.006
7,190-214,1773415525,2026-03-13T23:25:25,0.006
7,190-214,1773415827,2026-03-13T23:30:27,0.006
7,190-214,1773416124,2026-03-13T23:35:24,0.005
7,190-214,1773416427,2026-03-13T23:40:27,0.0055
7,190-214,1773416725,2026-03-13T23:45:25,0.006
7,190-214,1773417028,2026-03-13T23:50:28,0.006
7,190-214,1773417326,2026-03-13T23:55:26,0.006
7,190-214,1773417639,2026-03-14T00:00:39,0.0055
7,190-214,1773417927,2026-03-14T00:05:27,0.004
7,190-214,1773418225,2026-03-14T00:10:25,0.004
7,190-214,1773418524,2026-03-14T00:15:24,0.0035
7,190-214,1773418824,2026-03-14T00:20:24,0.0035
7,190-214,1773419126,2026-03-14T00:25:26,0.0035
7,190-214,1773419427,2026-03-14T00:30:27,0.004
7,190-214,1773419724,2026-03-14T00:35:24,0.004
7,190-214,1773420026,2026-03-14T00:40:26,0.004
7,190-214,1773420325,2026-03-14T00:45:25,0.0045
7,190-214,1773420624,2026-03-14T00:50:24,0.004
7,190-214,1773420923,2026-03-14T00:55:23,0.004
7,190-214,1773421227,2026-03-14T01:00:27,0.004
7,190-214,1773421528,2026-03-14T01:05:28,0.004
7,190-214,1773421825,2026-03-14T01:10:25,0.0035
7,190-214,1773422130,2026-03-14T01:15:30,0.0035
7,190-214,1773422426,2026-03-14T01:20:26,0.003
7,190-214,1773422724,2026-03-14T01:25:24,0.003
7,190-214,1773423029,2026-03-14T01:30:29,0.003
7,190-214,1773423325,2026-03-14T01:35:25,0.003
7,190-214,1773423626,2026-03-14T01:40:26,0.003
7,190-214,1773423926,2026-03-14T01:45:26,0.003
7,190-214,1773424224,2026-03-14T01:50:24,0.003
7,190-214,1773424525,2026-03-14T01:55:25,0.003
7,190-214,1773424835,2026-03-14T02:00:35,0.003
7,190-214,1773425126,2026-03-14T02:05:26,0.003
7,190-214,1773425427,2026-03-14T02:10:27,0.003
7,190-214,1773425726,2026-03-14T02:15:26,0.003
7,190-214,1773426025,2026-03-14T02:20:25,0.003
7,190-214,1773426325,2026-03-14T02:25:25,0.0035
7,190-214,1773426625,2026-03-14T02:30:25,0.0035
7,190-214,1773426923,2026-03-14T02:35:23,0.0035
7,190-214,1773427225,2026-03-14T02:40:25,0.004
7,190-214,1773427526,2026-03-14T02:45:26,0.004
7,190-214,1773427822,2026-03-14T02:50:22,0.004
7,190-214,1773428126,2026-03-14T02:55:26,0.004
7,190-214,1773428433,2026-03-14T03:00:33,0.004
7,190-214,1773428723,2026-03-14T03:05:23,0.0045
7,190-214,1773429024,2026-03-14T03:10:24,0.004
7,190-214,1773429325,2026-03-14T03:15:25,0.004
7,190-214,1773429625,2026-03-14T03:20:25,0.004
7,190-214,1773429929,2026-03-14T03:25:29,0.003
7,190-214,1773430232,2026-03-14T03:30:32,0.003
7,190-214,1773430524,2026-03-14T03:35:24,0.003
7,190-214,1773430824,2026-03-14T03:40:24,0.003
7,190-214,1773431126,2026-03-14T03:45:26,0.003
7,190-214,1773431428,2026-03-14T03:50:28,0.003
7,190-214,1773431726,2026-03-14T03:55:26,0.003
7,190-214,1773432027,2026-03-14T04:00:27,0.003
7,190-214,1773432326,2026-03-14T04:05:26,0.003
7,190-214,1773432623,2026-03-14T04:10:23,0.003
7,190-214,1773432940,2026-03-14T04:15:40,0.003
7,190-214,1773433238,2026-03-14T04:20:38,0.003
7,190-214,1773433522,2026-03-14T04:25:22,0.003
7,190-214,1773433827,2026-03-14T04:30:27,0.003
7,190-214,1773434123,2026-03-14T04:35:23,0.003
7,190-214,1773434428,2026-03-14T04:40:28,0.003
7,190-214,1773434727,2026-03-14T04:45:27,0.003
7,190-214,1773435025,2026-03-14T04:50:25,0.003
7,190-214,1773435325,2026-03-14T04:55:25,0.003
7,190-214,1773435642,2026-03-14T05:00:42,0.003
7,190-214,1773435924,2026-03-14T05:05:24,0.003
7,190-214,1773436224,2026-03-14T05:10:24,0.0015
7,190-214,1773436526,2026-03-14T05:15:26,0.0015
7,190-214,1773436822,2026-03-14T05:20:22,0.0015
7,190-214,1773437123,2026-03-14T05:25:23,0.0015
7,190-214,1773437424,2026-03-14T05:30:24,0.0015
7,190-214,1773437724,2026-03-14T05:35:24,0.0015
7,190-214,1773438023,2026-03-14T05:40:23,0.0015
7,190-214,1773438326,2026-03-14T05:45:26,0.0015
7,190-214,1773438625,2026-03-14T05:50:25,0.0015
7,190-214,1773438934,2026-03-14T05:55:34,0.0015
7,190-214,1773439230,2026-03-14T06:00:30,0.0015
7,190-214,1773439523,2026-03-14T06:05:23,0.0015
7,190-214,1773439824,2026-03-14T06:10:24,0.0015
7,190-214,1773440129,2026-03-14T06:15:29,0.0015
7,190-214,1773440422,2026-03-14T06:20:22,0.0015
7,190-214,1773440724,2026-03-14T06:25:24,0.0015
7,190-214,1773441026,2026-03-14T06:30:26,0.0015
7,190-214,1773441327,2026-03-14T06:35:27,0.0015
7,190-214,1773441627,2026-03-14T06:40:27,0.0015
7,190-214,1773441925,2026-03-14T06:45:25,0.0015
7,190-214,1773442227,2026-03-14T06:50:27,0.0015
7,190-214,1773442538,2026-03-14T06:55:38,0.0015
7,190-214,1773442825,2026-03-14T07:00:25,0.0015
7,190-214,1773443127,2026-03-14T07:05:27,0.0015
7,190-214,1773443425,2026-03-14T07:10:25,0.0015
7,190-214,1773443725,2026-03-14T07:15:25,0.0015
7,190-214,1773444025,2026-03-14T07:20:25,0.0015
7,190-214,1773444324,2026-03-14T07:25:24,0.0015
7,190-214,1773444629,2026-03-14T07:30:29,0.0015
7,190-214,1773444928,2026-03-14T07:35:28,0.0015
7,190-214,1773445224,2026-03-14T07:40:24,0.0015
7,190-214,1773445527,2026-03-14T07:45:27,0.0015
7,190-214,1773445826,2026-03-14T07:50:26,0.0015
7,190-214,1773446123,2026-03-14T07:55:23,0.0015
7,190-214,1773446436,2026-03-14T08:00:36,0.0015
7,190-214,1773446730,2026-03-14T08:05:30,0.0015
7,190-214,1773447039,2026-03-14T08:10:39,0.0015
7,190-214,1773447325,2026-03-14T08:15:25,0.0015
7,190-214,1773447627,2026-03-14T08:20:27,0.0015
7,190-214,1773447930,2026-03-14T08:25:30,0.0015
7,190-214,1773448226,2026-03-14T08:30:26,0.0015
7,190-214,1773448529,2026-03-14T08:35:29,0.0015
7,190-214,1773448853,2026-03-14T08:40:53,0.0015
7,190-214,1773449124,2026-03-14T08:45:24,0.0015
7,190-214,1773449424,2026-03-14T08:50:24,0.0015
7,190-214,1773449725,2026-03-14T08:55:25,0.0015
7,190-214,1773450027,2026-03-14T09:00:27,0.0015
7,190-214,1773450324,2026-03-14T09:05:24,0.0015
7,190-214,1773450625,2026-03-14T09:10:25,0.0015
7,190-214,1773450923,2026-03-14T09:15:23,0.0015
7,190-214,1773451223,2026-03-14T09:20:23,0.0015
7,190-214,1773451522,2026-03-14T09:25:22,0.0015
7,190-214,1773451836,2026-03-14T09:30:36,0.0015
7,190-214,1773452123,2026-03-14T09:35:23,0.0015
7,190-214,1773452424,2026-03-14T09:40:24,0.0015
7,190-214,1773452725,2026-03-14T09:45:25,0.0005
7,190-214,1773453026,2026-03-14T09:50:26,0.0005
7,190-214,1773453324,2026-03-14T09:55:24,0.0005
7,190-214,1773453626,2026-03-14T10:00:26,0.0005
7,190-214,1773453923,2026-03-14T10:05:23,0.0005
7,190-214,1773454223,2026-03-14T10:10:23,0.0005
7,190-214,1773454522,2026-03-14T10:15:22,0.0005
7,190-214,1773454825,2026-03-14T10:20:25,0.0005
7,190-214,1773455126,2026-03-14T10:25:26,0.0005
7,190-214,1773455428,2026-03-14T10:30:28,0.0005
7,190-214,1773455737,2026-03-14T10:35:37,0.0005
7,190-214,1773456024,2026-03-14T10:40:24,0.0005
7,190-214,1773456324,2026-03-14T10:45:24,0.0005
7,190-214,1773456623,2026-03-14T10:50:23,0.0005
7,190-214,1773456923,2026-03-14T10:55:23,0.0005
7,190-214,1773457235,2026-03-14T11:00:35,0.0005
7,190-214,1773457525,2026-03-14T11:05:25,0.0005
7,190-214,1773457824,2026-03-14T11:10:24,0.0005
7,190-214,1773458124,2026-03-14T11:15:24,0.0005
7,190-214,1773458427,2026-03-14T11:20:27,0.0005
7,190-214,1773458728,2026-03-14T11:25:28,0.0005
7,190-214,1773459029,2026-03-14T11:30:29,0.0005
7,190-214,1773459328,2026-03-14T11:35:28,0.0005
7,190-214,1773459628,2026-03-14T11:40:28,0.0005
7,190-214,1773459923,2026-03-14T11:45:23,0.0005
7,190-214,1773460226,2026-03-14T11:50:26,0.0005
7,190-214,1773460526,2026-03-14T11:55:26,0.0005
7,190-214,1773460825,2026-03-14T12:00:25,0.0005
7,190-214,1773461125,2026-03-14T12:05:25,0.0005
7,190-214,1773461426,2026-03-14T12:10:26,0.001
7,190-214,1773461725,2026-03-14T12:15:25,0.0005
7,190-214,1773462028,2026-03-14T12:20:28,0.0005
7,190-214,1773462325,2026-03-14T12:25:25,0.0005
7,190-214,1773462629,2026-03-14T12:30:29,0.0005
7,190-214,1773462923,2026-03-14T12:35:23,0.0005
7,190-214,1773463223,2026-03-14T12:40:23,0.0005
7,190-214,1773463526,2026-03-14T12:45:26,0.0005
7,190-214,1773463828,2026-03-14T12:50:28,0.0005
7,190-214,1773464123,2026-03-14T12:55:23,0.0005
7,190-214,1773464426,2026-03-14T13:00:26,0.0005
7,190-214,1773464724,2026-03-14T13:05:24,0.0005
7,190-214,1773465027,2026-03-14T13:10:27,0.0005
7,190-214,1773465327,2026-03-14T13:15:27,0.0005
7,190-214,1773465625,2026-03-14T13:20:25,0.0005
7,190-214,1773465927,2026-03-14T13:25:27,0.0005
7,190-214,1773466227,2026-03-14T13:30:27,0.0005
7,190-214,1773466523,2026-03-14T13:35:23,0.0005
7,190-214,1773466825,2026-03-14T13:40:25,0.0005
7,190-214,1773467126,2026-03-14T13:45:26,0.0005
7,190-214,1773467425,2026-03-14T13:50:25,0.0005
7,190-214,1773467723,2026-03-14T13:55:23,0.0005
7,190-214,1773468035,2026-03-14T14:00:35,0.0005
7,190-214,1773468326,2026-03-14T14:05:26,0.0005
7,190-214,1773468625,2026-03-14T14:10:25,0.0005
7,190-214,1773468929,2026-03-14T14:15:29,0.0005
7,190-214,1773469223,2026-03-14T14:20:23,0.0005
7,190-214,1773469523,2026-03-14T14:25:23,0.0005
7,190-214,1773469826,2026-03-14T14:30:26,0.0005
7,190-214,1773470129,2026-03-14T14:35:29,0.0005
7,190-214,1773470424,2026-03-14T14:40:24,0.0005
7,190-214,1773470739,2026-03-14T14:45:39,0.0005
7,190-214,1773471027,2026-03-14T14:50:27,0.0005
7,190-214,1773471325,2026-03-14T14:55:25,0.0005
7,190-214,1773471626,2026-03-14T15:00:26,0.0005
7,190-214,1773471927,2026-03-14T15:05:27,0.0005
7,190-214,1773472227,2026-03-14T15:10:27,0.0005
7,190-214,1773472525,2026-03-14T15:15:25,0.0005
7,190-214,1773472823,2026-03-14T15:20:23,0.0005
7,190-214,1773473126,2026-03-14T15:25:26,0.0005
7,190-214,1773473429,2026-03-14T15:30:29,0.0005
7,190-214,1773473728,2026-03-14T15:35:28,0.0005
7,190-214,1773474025,2026-03-14T15:40:25,0.0005
7,190-214,1773474326,2026-03-14T15:45:26,0.0005
7,190-214,1773474625,2026-03-14T15:50:25,0.0005
7,190-214,1773474924,2026-03-14T15:55:24,0.0005
7,190-214,1773475227,2026-03-14T16:00:27,0.0005
7,190-214,1773475527,2026-03-14T16:05:27,0.0005
7,190-214,1773475824,2026-03-14T16:10:24,0.0005
7,190-214,1773476125,2026-03-14T16:15:25,0.0005
7,190-214,1773476424,2026-03-14T16:20:24,0.0005
7,190-214,1773476722,2026-03-14T16:25:22,0.0005
7,190-214,1773477024,2026-03-14T16:30:24,0.0005
7,190-214,1773477325,2026-03-14T16:35:25,0.0005
7,190-214,1773477622,2026-03-14T16:40:22,0.0005
7,190-214,1773477938,2026-03-14T16:45:38,0.0005
7,190-214,1773478225,2026-03-14T16:50:25,0.0005
7,190-214,1773478526,2026-03-14T16:55:26,0.0005
7,190-214,1773478835,2026-03-14T17:00:35,0.0005
7,190-214,1773479124,2026-03-14T17:05:24,0.0005
7,190-214,1773479424,2026-03-14T17:10:24,0.0005
7,190-214,1773479725,2026-03-14T17:15:25,0.0005
7,190-214,1773480024,2026-03-14T17:20:24,0.0005
7,190-214,1773480325,2026-03-14T17:25:25,0.0005
7,190-214,1773480627,2026-03-14T17:30:27,0.0005
7,190-214,1773480923,2026-03-14T17:35:23,0.0005
7,190-214,1773481223,2026-03-14T17:40:23,0.0005
7,190-214,1773481528,2026-03-14T17:45:28,0.0005
7,190-214,1773481824,2026-03-14T17:50:24,0.0005
7,190-214,1773482124,2026-03-14T17:55:24,0.0005
7,190-214,1773482425,2026-03-14T18:00:25,0.0005
7,190-214,1773482725,2026-03-14T18:05:25,0.0005
7,190-214,1773483025,2026-03-14T18:10:25,0.0005
7,190-214,1773483340,2026-03-14T18:15:40,0.0005
7,190-214,1773483627,2026-03-14T18:20:27,0.0005
7,190-214,1773483926,2026-03-14T18:25:26,0.0005
7,190-214,1773484225,2026-03-14T18:30:25,0.0005
7,190-214,1773484523,2026-03-14T18:35:23,0.0005
7,190-214,1773484827,2026-03-14T18:40:27,0.0005
7,190-214,1773485126,2026-03-14T18:45:26,0.0005
7,190-214,1773485432,2026-03-14T18:50:32,0.0005
7,190-214,1773485723,2026-03-14T18:55:23,0.0005
7,190-214,1773486028,2026-03-14T19:00:28,0.0005
7,190-214,1773486326,2026-03-14T19:05:26,0.0005
7,190-214,1773486623,2026-03-14T19:10:23,0.0005
7,190-214,1773486923,2026-03-14T19:15:23,0.0005
7,190-214,1773487227,2026-03-14T19:20:27,0.0005
7,190-214,1773487526,2026-03-14T19:25:26,0.0005
7,190-214,1773487838,2026-03-14T19:30:38,0.0005
7,190-214,1773488127,2026-03-14T19:35:27,0.0005
7,190-214,1773488423,2026-03-14T19:40:23,0.0005
7,190-214,1773488725,2026-03-14T19:45:25,0.0005
7,190-214,1773489029,2026-03-14T19:50:29,0.0005
7,190-214,1773489328,2026-03-14T19:55:28,0.0005
7,190-214,1773489639,2026-03-14T20:00:39,0.0005
7,190-214,1773489928,2026-03-14T20:05:28,0.0005
7,190-214,1773490225,2026-03-14T20:10:25,0.0005
7,190-214,1773490525,2026-03-14T20:15:25,0.0005
7,190-214,1773490825,2026-03-14T20:20:25,0.0005
7,190-214,1773491130,2026-03-14T20:25:30,0.0005
7,190-214,1773491434,2026-03-14T20:30:34,0.0005
7,190-214,1773491727,2026-03-14T20:35:27,0.0005
7,190-214,1773492026,2026-03-14T20:40:26,0.0005
7,190-214,1773492336,2026-03-14T20:45:36,0.0005
7,190-214,1773492624,2026-03-14T20:50:24,0.0005
7,190-214,1773492926,2026-03-14T20:55:26,0.0005
7,190-214,1773493235,2026-03-14T21:00:35,0.0005
7,190-214,1773493527,2026-03-14T21:05:27,0.0005
7,190-214,1773493826,2026-03-14T21:10:26,0.0005
7,190-214,1773494127,2026-03-14T21:15:27,0.0005
7,190-214,1773494426,2026-03-14T21:20:26,0.0005
7,190-214,1773494726,2026-03-14T21:25:26,0.0005
7,190-214,1773495030,2026-03-14T21:30:30,0.0005
7,190-214,1773495329,2026-03-14T21:35:29,0.0005
7,190-214,1773495625,2026-03-14T21:40:25,0.0005
7,190-214,1773495930,2026-03-14T21:45:30,0.0005
7,190-214,1773496238,2026-03-14T21:50:38,0.0005
7,190-214,1773496526,2026-03-14T21:55:26,0.0005
7,190-214,1773496829,2026-03-14T22:00:29,0.0005
7,190-214,1773497127,2026-03-14T22:05:27,0.0005
7,190-214,1773497424,2026-03-14T22:10:24,0.0005
7,190-214,1773497727,2026-03-14T22:15:27,0.0005
7,190-214,1773498026,2026-03-14T22:20:26,0.0005
7,190-214,1773498324,2026-03-14T22:25:24,0.0005
7,190-214,1773498626,2026-03-14T22:30:26,0.0005
7,190-214,1773498949,2026-03-14T22:35:49,0.0005
7,190-214,1773499226,2026-03-14T22:40:26,0.0005
7,190-214,1773499527,2026-03-14T22:45:27,0.0005
7,190-214,1773499823,2026-03-14T22:50:23,0.0005
7,190-214,1773500123,2026-03-14T22:55:23,0.0005
7,190-214,1773500435,2026-03-14T23:00:35,0.0005
7,190-214,1773500725,2026-03-14T23:05:25,0.0005
7,190-214,1773501026,2026-03-14T23:10:26,0.0005
7,190-214,1773501325,2026-03-14T23:15:25,0.0005
7,190-214,1773501624,2026-03-14T23:20:24,0.0005
7,190-214,1773501926,2026-03-14T23:25:26,0.0005
7,190-214,1773502231,2026-03-14T23:30:31,0.0005
7,190-214,1773502527,2026-03-14T23:35:27,0.0005
7,190-214,1773502825,2026-03-14T23:40:25,0.0005
7,190-214,1773503124,2026-03-14T23:45:24,0.0005
7,190-214,1773503425,2026-03-14T23:50:25,0.0005
7,190-214,1773503726,2026-03-14T23:55:26,0.0005
7,190-214,1773504029,2026-03-15T00:00:29,0.0005
7,190-214,1773504327,2026-03-15T00:05:27,0.0005
7,190-214,1773504627,2026-03-15T00:10:27,0.0005
7,190-214,1773504924,2026-03-15T00:15:24,0.0005
7,190-214,1773505227,2026-03-15T00:20:27,0.0005
7,190-214,1773505528,2026-03-15T00:25:28,0.0005
7,190-214,1773505827,2026-03-15T00:30:27,0.0005
7,190-214,1773506124,2026-03-15T00:35:24,0.0005
7,190-214,1773506426,2026-03-15T00:40:26,0.0005
7,190-214,1773506728,2026-03-15T00:45:28,0.0005
7,190-214,1773507028,2026-03-15T00:50:28,0.0005
7,190-214,1773507328,2026-03-15T00:55:28,0.0005
7,190-214,1773507642,2026-03-15T01:00:42,0.0005
7,190-214,1773507927,2026-03-15T01:05:27,0.0005
7,190-214,1773508226,2026-03-15T01:10:26,0.0005
7,190-214,1773508526,2026-03-15T01:15:26,0.0005
7,190-214,1773508825,2026-03-15T01:20:25,0.0005
7,190-214,1773509130,2026-03-15T01:25:30,0.0005
7,190-214,1773509427,2026-03-15T01:30:27,0.0005
7,190-214,1773509726,2026-03-15T01:35:26,0.0005
7,190-214,1773510022,2026-03-15T01:40:22,0.0005
7,190-214,1773510324,2026-03-15T01:45:24,0.0005
7,190-214,1773510624,2026-03-15T01:50:24,0.0005
7,190-214,1773510926,2026-03-15T01:55:26,0.0005
7,190-214,1773511233,2026-03-15T02:00:33,0.0005
7,190-214,1773511523,2026-03-15T02:05:23,0.0005
7,190-214,1773511825,2026-03-15T02:10:25,0.0005
7,190-214,1773512126,2026-03-15T02:15:26,0.0005
7,190-214,1773512424,2026-03-15T02:20:24,0.0005
7,190-214,1773512724,2026-03-15T02:25:24,0.0005
7,190-214,1773513027,2026-03-15T02:30:27,0.0005
7,190-214,1773513323,2026-03-15T02:35:23,0.0005
7,190-214,1773513623,2026-03-15T02:40:23,0.0005
8,215-239,1773074722,2026-03-10T00:45:22,0.045
8,215-239,1773075021,2026-03-10T00:50:21,0.04
8,215-239,1773075321,2026-03-10T00:55:21,0.015
8,215-239,1773075637,2026-03-10T01:00:37,0.01
8,215-239,1773075924,2026-03-10T01:05:24,0.009
8,215-239,1773076238,2026-03-10T01:10:38,0.008
8,215-239,1773076522,2026-03-10T01:15:22,0.008
8,215-239,1773076830,2026-03-10T01:20:30,0.0075
8,215-239,1773077125,2026-03-10T01:25:25,0.0075
8,215-239,1773077426,2026-03-10T01:30:26,0.008
8,215-239,1773077725,2026-03-10T01:35:25,0.0075
8,215-239,1773078023,2026-03-10T01:40:23,0.0075
8,215-239,1773078327,2026-03-10T01:45:27,0.0105
8,215-239,1773078622,2026-03-10T01:50:22,0.0105
8,215-239,1773078922,2026-03-10T01:55:22,0.0075
8,215-239,1773079234,2026-03-10T02:00:34,0.008
8,215-239,1773079523,2026-03-10T02:05:23,0.006
8,215-239,1773079824,2026-03-10T02:10:24,0.0035
8,215-239,1773080123,2026-03-10T02:15:23,0.0035
8,215-239,1773080422,2026-03-10T02:20:22,0.0035
8,215-239,1773080727,2026-03-10T02:25:27,0.0035
8,215-239,1773081026,2026-03-10T02:30:26,0.0035
8,215-239,1773081322,2026-03-10T02:35:22,0.0035
8,215-239,1773081622,2026-03-10T02:40:22,0.0035
8,215-239,1773081924,2026-03-10T02:45:24,0.0035
8,215-239,1773082223,2026-03-10T02:50:23,0.0035
8,215-239,1773082524,2026-03-10T02:55:24,0.0035
8,215-239,1773082828,2026-03-10T03:00:28,0.0065
8,215-239,1773083124,2026-03-10T03:05:24,0.0045
8,215-239,1773083426,2026-03-10T03:10:26,0.0045
8,215-239,1773083723,2026-03-10T03:15:23,0.0045
8,215-239,1773084023,2026-03-10T03:20:23,0.0045
8,215-239,1773084325,2026-03-10T03:25:25,0.0035
8,215-239,1773084626,2026-03-10T03:30:26,0.0035
8,215-239,1773084924,2026-03-10T03:35:24,0.0035
8,215-239,1773085223,2026-03-10T03:40:23,0.0035
8,215-239,1773085523,2026-03-10T03:45:23,0.0035
8,215-239,1773085826,2026-03-10T03:50:26,0.0035
8,215-239,1773086124,2026-03-10T03:55:24,0.0035
8,215-239,1773086427,2026-03-10T04:00:27,0.0035
8,215-239,1773086723,2026-03-10T04:05:23,0.0035
8,215-239,1773087023,2026-03-10T04:10:23,0.0035
8,215-239,1773087325,2026-03-10T04:15:25,0.0035
8,215-239,1773087624,2026-03-10T04:20:24,0.0035
8,215-239,1773087925,2026-03-10T04:25:25,0.0035
8,215-239,1773088226,2026-03-10T04:30:26,0.0035
8,215-239,1773088523,2026-03-10T04:35:23,0.0035
8,215-239,1773088824,2026-03-10T04:40:24,0.0035
8,215-239,1773089122,2026-03-10T04:45:22,0.0035
8,215-239,1773089430,2026-03-10T04:50:30,0.0035
8,215-239,1773089723,2026-03-10T04:55:23,0.0035
8,215-239,1773090035,2026-03-10T05:00:35,0.0035
8,215-239,1773090325,2026-03-10T05:05:25,0.0035
8,215-239,1773090623,2026-03-10T05:10:23,0.0035
8,215-239,1773090932,2026-03-10T05:15:32,0.0035
8,215-239,1773091225,2026-03-10T05:20:25,0.0035
8,215-239,1773091523,2026-03-10T05:25:23,0.0035
8,215-239,1773091829,2026-03-10T05:30:29,0.0035
8,215-239,1773092124,2026-03-10T05:35:24,0.0035
8,215-239,1773092424,2026-03-10T05:40:24,0.0035
8,215-239,1773092726,2026-03-10T05:45:26,0.0035
8,215-239,1773093025,2026-03-10T05:50:25,0.0035
8,215-239,1773093324,2026-03-10T05:55:24,0.0035
8,215-239,1773093627,2026-03-10T06:00:27,0.0035
8,215-239,1773093925,2026-03-10T06:05:25,0.0035
8,215-239,1773094227,2026-03-10T06:10:27,0.0035
8,215-239,1773094526,2026-03-10T06:15:26,0.0035
8,215-239,1773094826,2026-03-10T06:20:26,0.0035
8,215-239,1773095126,2026-03-10T06:25:26,0.0035
8,215-239,1773095429,2026-03-10T06:30:29,0.0035
8,215-239,1773095727,2026-03-10T06:35:27,0.0035
8,215-239,1773096026,2026-03-10T06:40:26,0.0035
8,215-239,1773096326,2026-03-10T06:45:26,0.0035
8,215-239,1773096627,2026-03-10T06:50:27,0.0035
8,215-239,1773096925,2026-03-10T06:55:25,0.0035
8,215-239,1773097228,2026-03-10T07:00:28,0.0035
8,215-239,1773097524,2026-03-10T07:05:24,0.0035
8,215-239,1773097833,2026-03-10T07:10:33,0.0035
8,215-239,1773098139,2026-03-10T07:15:39,0.0035
8,215-239,1773098424,2026-03-10T07:20:24,0.0035
8,215-239,1773098725,2026-03-10T07:25:25,0.0035
8,215-239,1773099028,2026-03-10T07:30:28,0.0035
8,215-239,1773099325,2026-03-10T07:35:25,0.0035
8,215-239,1773099627,2026-03-10T07:40:27,0.0035
8,215-239,1773099932,2026-03-10T07:45:32,0.0035
8,215-239,1773100226,2026-03-10T07:50:26,0.0035
8,215-239,1773100526,2026-03-10T07:55:26,0.0035
8,215-239,1773100841,2026-03-10T08:00:41,0.0035
8,215-239,1773101124,2026-03-10T08:05:24,0.0035
8,215-239,1773101426,2026-03-10T08:10:26,0.0035
8,215-239,1773101724,2026-03-10T08:15:24,0.0035
8,215-239,1773102026,2026-03-10T08:20:26,0.0035
8,215-239,1773102323,2026-03-10T08:25:23,0.0035
8,215-239,1773102626,2026-03-10T08:30:26,0.0035
8,215-239,1773102924,2026-03-10T08:35:24,0.0035
8,215-239,1773103224,2026-03-10T08:40:24,0.0035
8,215-239,1773103526,2026-03-10T08:45:26,0.0035
8,215-239,1773103823,2026-03-10T08:50:23,0.0035
8,215-239,1773104124,2026-03-10T08:55:24,0.0035
8,215-239,1773104426,2026-03-10T09:00:26,0.0035
8,215-239,1773104727,2026-03-10T09:05:27,0.0035
8,215-239,1773105023,2026-03-10T09:10:23,0.0035
8,215-239,1773105324,2026-03-10T09:15:24,0.0035
8,215-239,1773105627,2026-03-10T09:20:27,0.0035
8,215-239,1773105926,2026-03-10T09:25:26,0.0035
8,215-239,1773106243,2026-03-10T09:30:43,0.0035
8,215-239,1773106524,2026-03-10T09:35:24,0.0035
8,215-239,1773106824,2026-03-10T09:40:24,0.0035
8,215-239,1773107126,2026-03-10T09:45:26,0.0035
8,215-239,1773107426,2026-03-10T09:50:26,0.0035
8,215-239,1773107724,2026-03-10T09:55:24,0.0035
8,215-239,1773108027,2026-03-10T10:00:27,0.0035
8,215-239,1773108324,2026-03-10T10:05:24,0.0035
8,215-239,1773108626,2026-03-10T10:10:26,0.0035
8,215-239,1773108924,2026-03-10T10:15:24,0.0035
8,215-239,1773109224,2026-03-10T10:20:24,0.0035
8,215-239,1773109525,2026-03-10T10:25:25,0.0035
8,215-239,1773109831,2026-03-10T10:30:31,0.0035
8,215-239,1773110124,2026-03-10T10:35:24,0.0035
8,215-239,1773110424,2026-03-10T10:40:24,0.0035
8,215-239,1773110723,2026-03-10T10:45:23,0.0035
8,215-239,1773111027,2026-03-10T10:50:27,0.0035
8,215-239,1773111327,2026-03-10T10:55:27,0.0035
8,215-239,1773111631,2026-03-10T11:00:31,0.0035
8,215-239,1773111924,2026-03-10T11:05:24,0.0035
8,215-239,1773112224,2026-03-10T11:10:24,0.0035
8,215-239,1773112524,2026-03-10T11:15:24,0.0035
8,215-239,1773112825,2026-03-10T11:20:25,0.0035
8,215-239,1773113126,2026-03-10T11:25:26,0.0035
8,215-239,1773113429,2026-03-10T11:30:29,0.0035
8,215-239,1773113723,2026-03-10T11:35:23,0.0035
8,215-239,1773114027,2026-03-10T11:40:27,0.0035
8,215-239,1773114326,2026-03-10T11:45:26,0.0035
8,215-239,1773114623,2026-03-10T11:50:23,0.0035
8,215-239,1773114926,2026-03-10T11:55:26,0.0035
8,215-239,1773115232,2026-03-10T12:00:32,0.0035
8,215-239,1773115526,2026-03-10T12:05:26,0.0035
8,215-239,1773115824,2026-03-10T12:10:24,0.0035
8,215-239,1773116126,2026-03-10T12:15:26,0.0035
8,215-239,1773116426,2026-03-10T12:20:26,0.0035
8,215-239,1773116726,2026-03-10T12:25:26,0.0035
8,215-239,1773117027,2026-03-10T12:30:27,0.0035
8,215-239,1773117324,2026-03-10T12:35:24,0.0035
8,215-239,1773117626,2026-03-10T12:40:26,0.0035
8,215-239,1773117927,2026-03-10T12:45:27,0.0035
8,215-239,1773118231,2026-03-10T12:50:31,0.0035
8,215-239,1773118533,2026-03-10T12:55:33,0.0035
8,215-239,1773118829,2026-03-10T13:00:29,0.0035
8,215-239,1773119126,2026-03-10T13:05:26,0.0035
8,215-239,1773119427,2026-03-10T13:10:27,0.0035
8,215-239,1773119726,2026-03-10T13:15:26,0.0035
8,215-239,1773120025,2026-03-10T13:20:25,0.0035
8,215-239,1773120328,2026-03-10T13:25:28,0.0035
8,215-239,1773120629,2026-03-10T13:30:29,0.0035
8,215-239,1773120925,2026-03-10T13:35:25,0.0035
8,215-239,1773121226,2026-03-10T13:40:26,0.0035
8,215-239,1773121526,2026-03-10T13:45:26,0.0035
8,215-239,1773121826,2026-03-10T13:50:26,0.0035
8,215-239,1773122127,2026-03-10T13:55:27,0.0035
8,215-239,1773122434,2026-03-10T14:00:34,0.0035
8,215-239,1773122726,2026-03-10T14:05:26,0.0035
8,215-239,1773123025,2026-03-10T14:10:25,0.0035
8,215-239,1773123326,2026-03-10T14:15:26,0.0035
8,215-239,1773123626,2026-03-10T14:20:26,0.0035
8,215-239,1773123926,2026-03-10T14:25:26,0.0035
8,215-239,1773124229,2026-03-10T14:30:29,0.0035
8,215-239,1773124533,2026-03-10T14:35:33,0.0035
8,215-239,1773124827,2026-03-10T14:40:27,0.0035
8,215-239,1773125126,2026-03-10T14:45:26,0.0035
8,215-239,1773125426,2026-03-10T14:50:26,0.0035
8,215-239,1773125726,2026-03-10T14:55:26,0.0035
8,215-239,1773126030,2026-03-10T15:00:30,0.0035
8,215-239,1773126326,2026-03-10T15:05:26,0.0035
8,215-239,1773126625,2026-03-10T15:10:25,0.0035
8,215-239,1773126924,2026-03-10T15:15:24,0.0035
8,215-239,1773127224,2026-03-10T15:20:24,0.0035
8,215-239,1773127528,2026-03-10T15:25:28,0.0035
8,215-239,1773127829,2026-03-10T15:30:29,0.0035
8,215-239,1773128126,2026-03-10T15:35:26,0.0035
8,215-239,1773128431,2026-03-10T15:40:31,0.0035
8,215-239,1773128726,2026-03-10T15:45:26,0.0035
8,215-239,1773129027,2026-03-10T15:50:27,0.0035
8,215-239,1773129324,2026-03-10T15:55:24,0.0035
8,215-239,1773129627,2026-03-10T16:00:27,0.0035
8,215-239,1773129926,2026-03-10T16:05:26,0.0035
8,215-239,1773130225,2026-03-10T16:10:25,0.0035
8,215-239,1773130526,2026-03-10T16:15:26,0.0035
8,215-239,1773130827,2026-03-10T16:20:27,0.0035
8,215-239,1773131125,2026-03-10T16:25:25,0.0035
8,215-239,1773131429,2026-03-10T16:30:29,0.0035
8,215-239,1773131728,2026-03-10T16:35:28,0.0035
8,215-239,1773132025,2026-03-10T16:40:25,0.0035
8,215-239,1773132328,2026-03-10T16:45:28,0.0035
8,215-239,1773132627,2026-03-10T16:50:27,0.0045
8,215-239,1773132925,2026-03-10T16:55:25,0.005
8,215-239,1773133246,2026-03-10T17:00:46,0.0055
8,215-239,1773133527,2026-03-10T17:05:27,0.0055
8,215-239,1773133827,2026-03-10T17:10:27,0.006
8,215-239,1773134136,2026-03-10T17:15:36,0.006
8,215-239,1773134427,2026-03-10T17:20:27,0.004
8,215-239,1773134728,2026-03-10T17:25:28,0.0035
8,215-239,1773135027,2026-03-10T17:30:27,0.0035
8,215-239,1773135327,2026-03-10T17:35:27,0.0035
8,215-239,1773135627,2026-03-10T17:40:27,0.0035
8,215-239,1773135924,2026-03-10T17:45:24,0.0035
8,215-239,1773136225,2026-03-10T17:50:25,0.0035
8,215-239,1773136524,2026-03-10T17:55:24,0.0035
8,215-239,1773136842,2026-03-10T18:00:42,0.0035
8,215-239,1773137128,2026-03-10T18:05:28,0.0035
8,215-239,1773137425,2026-03-10T18:10:25,0.0035
8,215-239,1773137727,2026-03-10T18:15:27,0.0035
8,215-239,1773138028,2026-03-10T18:20:28,0.0035
8,215-239,1773138326,2026-03-10T18:25:26,0.0035
8,215-239,1773138630,2026-03-10T18:30:30,0.0035
8,215-239,1773138928,2026-03-10T18:35:28,0.0035
8,215-239,1773139229,2026-03-10T18:40:29,0.0035
8,215-239,1773139527,2026-03-10T18:45:27,0.0035
8,215-239,1773139826,2026-03-10T18:50:26,0.0035
8,215-239,1773140130,2026-03-10T18:55:30,0.0035
8,215-239,1773140428,2026-03-10T19:00:28,0.0035
8,215-239,1773140729,2026-03-10T19:05:29,0.0035
8,215-239,1773141025,2026-03-10T19:10:25,0.0035
8,215-239,1773141332,2026-03-10T19:15:32,0.0035
8,215-239,1773141626,2026-03-10T19:20:26,0.0035
8,215-239,1773141927,2026-03-10T19:25:27,0.0035
8,215-239,1773142229,2026-03-10T19:30:29,0.0035
8,215-239,1773142525,2026-03-10T19:35:25,0.0035
8,215-239,1773142824,2026-03-10T19:40:24,0.0035
8,215-239,1773143127,2026-03-10T19:45:27,0.0035
8,215-239,1773143428,2026-03-10T19:50:28,0.0035
8,215-239,1773143725,2026-03-10T19:55:25,0.0035
8,215-239,1773144044,2026-03-10T20:00:44,0.0035
8,215-239,1773144328,2026-03-10T20:05:28,0.0035
8,215-239,1773144653,2026-03-10T20:10:53,0.0035
8,215-239,1773144929,2026-03-10T20:15:29,0.0035
8,215-239,1773145229,2026-03-10T20:20:29,0.0025
8,215-239,1773145527,2026-03-10T20:25:27,0.0025
8,215-239,1773145834,2026-03-10T20:30:34,0.0025
8,215-239,1773146126,2026-03-10T20:35:26,0.004
8,215-239,1773146428,2026-03-10T20:40:28,0.004
8,215-239,1773146743,2026-03-10T20:45:43,0.004
8,215-239,1773147026,2026-03-10T20:50:26,0.004
8,215-239,1773147325,2026-03-10T20:55:25,0.004
8,215-239,1773147633,2026-03-10T21:00:33,0.004
8,215-239,1773147930,2026-03-10T21:05:30,0.004
8,215-239,1773148227,2026-03-10T21:10:27,0.004
8,215-239,1773148526,2026-03-10T21:15:26,0.0035
8,215-239,1773148827,2026-03-10T21:20:27,0.0035
8,215-239,1773149126,2026-03-10T21:25:26,0.0035
8,215-239,1773149434,2026-03-10T21:30:34,0.0035
8,215-239,1773149728,2026-03-10T21:35:28,0.0035
8,215-239,1773150028,2026-03-10T21:40:28,0.0035
8,215-239,1773150326,2026-03-10T21:45:26,0.0035
8,215-239,1773150628,2026-03-10T21:50:28,0.0035
8,215-239,1773150929,2026-03-10T21:55:29,0.0035
8,215-239,1773151232,2026-03-10T22:00:32,0.0035
8,215-239,1773151527,2026-03-10T22:05:27,0.0035
8,215-239,1773151828,2026-03-10T22:10:28,0.0035
8,215-239,1773152126,2026-03-10T22:15:26,0.0025
8,215-239,1773152427,2026-03-10T22:20:27,0.0025
8,215-239,1773152728,2026-03-10T22:25:28,0.0025
8,215-239,1773153033,2026-03-10T22:30:33,0.0025
8,215-239,1773153349,2026-03-10T22:35:49,0.0025
8,215-239,1773153627,2026-03-10T22:40:27,0.0025
8,215-239,1773153928,2026-03-10T22:45:28,0.0025
8,215-239,1773154240,2026-03-10T22:50:40,0.0025
8,215-239,1773154533,2026-03-10T22:55:33,0.004
8,215-239,1773154845,2026-03-10T23:00:45,0.004
8,215-239,1773155125,2026-03-10T23:05:25,0.004
8,215-239,1773155426,2026-03-10T23:10:26,0.004
8,215-239,1773155726,2026-03-10T23:15:26,0.004
8,215-239,1773156026,2026-03-10T23:20:26,0.004
8,215-239,1773156328,2026-03-10T23:25:28,0.004
8,215-239,1773156632,2026-03-10T23:30:32,0.004
8,215-239,1773156926,2026-03-10T23:35:26,0.0035
8,215-239,1773157226,2026-03-10T23:40:26,0.0035
8,215-239,1773157529,2026-03-10T23:45:29,0.0035
8,215-239,1773157835,2026-03-10T23:50:35,0.004
8,215-239,1773158125,2026-03-10T23:55:25,0.0035
8,215-239,1773158436,2026-03-11T00:00:36,0.0035
8,215-239,1773158726,2026-03-11T00:05:26,0.0035
8,215-239,1773159028,2026-03-11T00:10:28,0.0035
8,215-239,1773159326,2026-03-11T00:15:26,0.0035
8,215-239,1773159630,2026-03-11T00:20:30,0.0035
8,215-239,1773159925,2026-03-11T00:25:25,0.0035
8,215-239,1773160231,2026-03-11T00:30:31,0.0035
8,215-239,1773160525,2026-03-11T00:35:25,0.0035
8,215-239,1773160827,2026-03-11T00:40:27,0.0035
8,215-239,1773161133,2026-03-11T00:45:33,0.0035
8,215-239,1773161428,2026-03-11T00:50:28,0.0035
8,215-239,1773161725,2026-03-11T00:55:25,0.0035
8,215-239,1773162029,2026-03-11T01:00:29,0.0035
8,215-239,1773162326,2026-03-11T01:05:26,0.0035
8,215-239,1773162626,2026-03-11T01:10:26,0.0035
8,215-239,1773162929,2026-03-11T01:15:29,0.0035
8,215-239,1773163227,2026-03-11T01:20:27,0.0035
8,215-239,1773163532,2026-03-11T01:25:32,0.0035
8,215-239,1773163831,2026-03-11T01:30:31,0.0035
8,215-239,1773164126,2026-03-11T01:35:26,0.0035
8,215-239,1773164429,2026-03-11T01:40:29,0.0035
8,215-239,1773164728,2026-03-11T01:45:28,0.0035
8,215-239,1773165028,2026-03-11T01:50:28,0.0035
8,215-239,1773165327,2026-03-11T01:55:27,0.0035
8,215-239,1773165641,2026-03-11T02:00:41,0.0035
8,215-239,1773165930,2026-03-11T02:05:30,0.004
8,215-239,1773166228,2026-03-11T02:10:28,0.0035
8,215-239,1773166526,2026-03-11T02:15:26,0.0035
8,215-239,1773166828,2026-03-11T02:20:28,0.0065
8,215-239,1773167139,2026-03-11T02:25:39,0.006
8,215-239,1773167434,2026-03-11T02:30:34,0.0055
8,215-239,1773167725,2026-03-11T02:35:25,0.006
8,215-239,1773168028,2026-03-11T02:40:28,0.0055
8,215-239,1773168333,2026-03-11T02:45:33,0.0055
8,215-239,1773168627,2026-03-11T02:50:27,0.006
8,215-239,1773168925,2026-03-11T02:55:25,0.006
8,215-239,1773169231,2026-03-11T03:00:31,0.007
8,215-239,1773169539,2026-03-11T03:05:39,0.0055
8,215-239,1773169827,2026-03-11T03:10:27,0.0035
8,215-239,1773170126,2026-03-11T03:15:26,0.0035
8,215-239,1773170429,2026-03-11T03:20:29,0.0035
8,215-239,1773170729,2026-03-11T03:25:29,0.0035
8,215-239,1773171031,2026-03-11T03:30:31,0.0035
8,215-239,1773171327,2026-03-11T03:35:27,0.0035
8,215-239,1773171628,2026-03-11T03:40:28,0.0035
8,215-239,1773171930,2026-03-11T03:45:30,0.0035
8,215-239,1773172228,2026-03-11T03:50:28,0.0035
8,215-239,1773172528,2026-03-11T03:55:28,0.0035
8,215-239,1773172832,2026-03-11T04:00:32,0.0035
8,215-239,1773173127,2026-03-11T04:05:27,0.0035
8,215-239,1773173426,2026-03-11T04:10:26,0.0035
8,215-239,1773173728,2026-03-11T04:15:28,0.0035
8,215-239,1773174029,2026-03-11T04:20:29,0.0035
8,215-239,1773174325,2026-03-11T04:25:25,0.0035
8,215-239,1773174628,2026-03-11T04:30:28,0.0035
8,215-239,1773174926,2026-03-11T04:35:26,0.0035
8,215-239,1773175229,2026-03-11T04:40:29,0.0035
8,215-239,1773175526,2026-03-11T04:45:26,0.003
8,215-239,1773175827,2026-03-11T04:50:27,0.003
8,215-239,1773176128,2026-03-11T04:55:28,0.003
8,215-239,1773176442,2026-03-11T05:00:42,0.0035
8,215-239,1773176727,2026-03-11T05:05:27,0.0035
8,215-239,1773177025,2026-03-11T05:10:25,0.0035
8,215-239,1773177327,2026-03-11T05:15:27,0.0035
8,215-239,1773177649,2026-03-11T05:20:49,0.0035
8,215-239,1773177924,2026-03-11T05:25:24,0.0035
8,215-239,1773178232,2026-03-11T05:30:32,0.0075
8,215-239,1773178526,2026-03-11T05:35:26,0.0075
8,215-239,1773178827,2026-03-11T05:40:27,0.007
8,215-239,1773179129,2026-03-11T05:45:29,0.007
8,215-239,1773179428,2026-03-11T05:50:28,0.0075
8,215-239,1773179725,2026-03-11T05:55:25,0.007
8,215-239,1773180031,2026-03-11T06:00:31,0.0065
8,215-239,1773180329,2026-03-11T06:05:29,0.0065
8,215-239,1773180636,2026-03-11T06:10:36,0.006
8,215-239,1773180928,2026-03-11T06:15:28,0.006
8,215-239,1773181228,2026-03-11T06:20:28,0.0065
8,215-239,1773181529,2026-03-11T06:25:29,0.006
8,215-239,1773181828,2026-03-11T06:30:28,0.006
8,215-239,1773182125,2026-03-11T06:35:25,0.006
8,215-239,1773182429,2026-03-11T06:40:29,0.0065
8,215-239,1773182728,2026-03-11T06:45:28,0.0065
8,215-239,1773183026,2026-03-11T06:50:26,0.0065
8,215-239,1773183328,2026-03-11T06:55:28,0.0065
8,215-239,1773183631,2026-03-11T07:00:31,0.007
8,215-239,1773183935,2026-03-11T07:05:35,0.0075
8,215-239,1773184227,2026-03-11T07:10:27,0.008
8,215-239,1773184527,2026-03-11T07:15:27,0.007
8,215-239,1773184826,2026-03-11T07:20:26,0.0075
8,215-239,1773185129,2026-03-11T07:25:29,0.0075
8,215-239,1773185434,2026-03-11T07:30:34,0.0075
8,215-239,1773185729,2026-03-11T07:35:29,0.0095
8,215-239,1773186038,2026-03-11T07:40:38,0.0095
8,215-239,1773186329,2026-03-11T07:45:29,0.0085
8,215-239,1773186628,2026-03-11T07:50:28,0.0085
8,215-239,1773186930,2026-03-11T07:55:30,0.0085
8,215-239,1773187244,2026-03-11T08:00:44,0.008
8,215-239,1773187526,2026-03-11T08:05:26,0.011
8,215-239,1773187831,2026-03-11T08:10:31,0.0105
8,215-239,1773188128,2026-03-11T08:15:28,0.0105
8,215-239,1773188426,2026-03-11T08:20:26,0.0105
8,215-239,1773188729,2026-03-11T08:25:29,0.0105
8,215-239,1773189033,2026-03-11T08:30:33,0.0105
8,215-239,1773189331,2026-03-11T08:35:31,0.0105
8,215-239,1773189627,2026-03-11T08:40:27,0.006
8,215-239,1773189928,2026-03-11T08:45:28,0.007
8,215-239,1773190226,2026-03-11T08:50:26,0.007
8,215-239,1773190526,2026-03-11T08:55:26,0.007
8,215-239,1773190832,2026-03-11T09:00:32,0.007
8,215-239,1773191129,2026-03-11T09:05:29,0.007
8,215-239,1773191425,2026-03-11T09:10:25,0.006
8,215-239,1773191729,2026-03-11T09:15:29,0.0045
8,215-239,1773192029,2026-03-11T09:20:29,0.0035
8,215-239,1773192328,2026-03-11T09:25:28,0.0035
8,215-239,1773192632,2026-03-11T09:30:32,0.0035
8,215-239,1773192927,2026-03-11T09:35:27,0.0035
8,215-239,1773193228,2026-03-11T09:40:28,0.0035
8,215-239,1773193526,2026-03-11T09:45:26,0.0035
8,215-239,1773193836,2026-03-11T09:50:36,0.0035
8,215-239,1773194126,2026-03-11T09:55:26,0.0035
8,215-239,1773194432,2026-03-11T10:00:32,0.0035
8,215-239,1773194729,2026-03-11T10:05:29,0.0035
8,215-239,1773195029,2026-03-11T10:10:29,0.0035
8,215-239,1773195327,2026-03-11T10:15:27,0.0035
8,215-239,1773195628,2026-03-11T10:20:28,0.0035
8,215-239,1773195932,2026-03-11T10:25:32,0.0035
8,215-239,1773196229,2026-03-11T10:30:29,0.0035
8,215-239,1773196534,2026-03-11T10:35:34,0.0035
8,215-239,1773196826,2026-03-11T10:40:26,0.0035
8,215-239,1773197135,2026-03-11T10:45:35,0.0035
8,215-239,1773197428,2026-03-11T10:50:28,0.0035
8,215-239,1773197726,2026-03-11T10:55:26,0.0035
8,215-239,1773198042,2026-03-11T11:00:42,0.0035
8,215-239,1773198326,2026-03-11T11:05:26,0.0035
8,215-239,1773198640,2026-03-11T11:10:40,0.008
8,215-239,1773198928,2026-03-11T11:15:28,0.0075
8,215-239,1773199230,2026-03-11T11:20:30,0.009
8,215-239,1773199526,2026-03-11T11:25:26,0.0085
8,215-239,1773199830,2026-03-11T11:30:30,0.0085
8,215-239,1773200128,2026-03-11T11:35:28,0.009
8,215-239,1773200428,2026-03-11T11:40:28,0.009
8,215-239,1773200728,2026-03-11T11:45:28,0.009
8,215-239,1773201026,2026-03-11T11:50:26,0.01
8,215-239,1773201332,2026-03-11T11:55:32,0.0095
8,215-239,1773201632,2026-03-11T12:00:32,0.012
8,215-239,1773201929,2026-03-11T12:05:29,0.0125
8,215-239,1773202227,2026-03-11T12:10:27,0.0125
8,215-239,1773202544,2026-03-11T12:15:44,0.0125
8,215-239,1773202828,2026-03-11T12:20:28,0.0125
8,215-239,1773203124,2026-03-11T12:25:24,0.01
8,215-239,1773203431,2026-03-11T12:30:31,0.0085
8,215-239,1773203729,2026-03-11T12:35:29,0.009
8,215-239,1773204025,2026-03-11T12:40:25,0.009
8,215-239,1773204337,2026-03-11T12:45:37,0.009
8,215-239,1773204629,2026-03-11T12:50:29,0.009
8,215-239,1773204926,2026-03-11T12:55:26,0.009
8,215-239,1773205232,2026-03-11T13:00:32,0.009
8,215-239,1773205527,2026-03-11T13:05:27,0.0085
8,215-239,1773205826,2026-03-11T13:10:26,0.008
8,215-239,1773206131,2026-03-11T13:15:31,0.008
8,215-239,1773206426,2026-03-11T13:20:26,0.0065
8,215-239,1773206725,2026-03-11T13:25:25,0.008
8,215-239,1773207029,2026-03-11T13:30:29,0.008
8,215-239,1773207327,2026-03-11T13:35:27,0.008
8,215-239,1773207629,2026-03-11T13:40:29,0.0075
8,215-239,1773207927,2026-03-11T13:45:27,0.0065
8,215-239,1773208228,2026-03-11T13:50:28,0.0065
8,215-239,1773208525,2026-03-11T13:55:25,0.0065
8,215-239,1773208842,2026-03-11T14:00:42,0.0055
8,215-239,1773209136,2026-03-11T14:05:36,0.0055
8,215-239,1773209425,2026-03-11T14:10:25,0.0055
8,215-239,1773209725,2026-03-11T14:15:25,0.0055
8,215-239,1773210026,2026-03-11T14:20:26,0.0055
8,215-239,1773210327,2026-03-11T14:25:27,0.0055
8,215-239,1773210642,2026-03-11T14:30:42,0.0055
8,215-239,1773210934,2026-03-11T14:35:34,0.0035
8,215-239,1773211230,2026-03-11T14:40:30,0.0035
8,215-239,1773211527,2026-03-11T14:45:27,0.0035
8,215-239,1773211828,2026-03-11T14:50:28,0.0035
8,215-239,1773212131,2026-03-11T14:55:31,0.0035
8,215-239,1773212432,2026-03-11T15:00:32,0.0035
8,215-239,1773212727,2026-03-11T15:05:27,0.0035
8,215-239,1773213025,2026-03-11T15:10:25,0.0035
8,215-239,1773213337,2026-03-11T15:15:37,0.0035
8,215-239,1773213626,2026-03-11T15:20:26,0.0035
8,215-239,1773213929,2026-03-11T15:25:29,0.0035
8,215-239,1773214232,2026-03-11T15:30:32,0.0035
8,215-239,1773214527,2026-03-11T15:35:27,0.0035
8,215-239,1773214829,2026-03-11T15:40:29,0.0035
8,215-239,1773215127,2026-03-11T15:45:27,0.0035
8,215-239,1773215428,2026-03-11T15:50:28,0.0035
8,215-239,1773215725,2026-03-11T15:55:25,0.0035
8,215-239,1773216032,2026-03-11T16:00:32,0.0035
8,215-239,1773216327,2026-03-11T16:05:27,0.005
8,215-239,1773216625,2026-03-11T16:10:25,0.0045
8,215-239,1773216935,2026-03-11T16:15:35,0.005
8,215-239,1773217226,2026-03-11T16:20:26,0.0055
8,215-239,1773217525,2026-03-11T16:25:25,0.0055
8,215-239,1773217830,2026-03-11T16:30:30,0.005
8,215-239,1773218125,2026-03-11T16:35:25,0.0045
8,215-239,1773218426,2026-03-11T16:40:26,0.0045
8,215-239,1773218729,2026-03-11T16:45:29,0.007
8,215-239,1773219029,2026-03-11T16:50:29,0.0065
8,215-239,1773219324,2026-03-11T16:55:24,0.007
8,215-239,1773219638,2026-03-11T17:00:38,0.005
8,215-239,1773219925,2026-03-11T17:05:25,0.005
8,215-239,1773220229,2026-03-11T17:10:29,0.005
8,215-239,1773220525,2026-03-11T17:15:25,0.005
8,215-239,1773220825,2026-03-11T17:20:25,0.005
8,215-239,1773221126,2026-03-11T17:25:26,0.005
8,215-239,1773221432,2026-03-11T17:30:32,0.005
8,215-239,1773221724,2026-03-11T17:35:24,0.005
8,215-239,1773222025,2026-03-11T17:40:25,0.0025
8,215-239,1773222325,2026-03-11T17:45:25,0.0025
8,215-239,1773222625,2026-03-11T17:50:25,0.0025
8,215-239,1773222933,2026-03-11T17:55:33,0.0025
8,215-239,1773223237,2026-03-11T18:00:37,0.0025
8,215-239,1773223528,2026-03-11T18:05:28,0.0025
8,215-239,1773223828,2026-03-11T18:10:28,0.0025
8,215-239,1773224127,2026-03-11T18:15:27,0.0025
8,215-239,1773224425,2026-03-11T18:20:25,0.0025
8,215-239,1773224733,2026-03-11T18:25:33,0.0025
8,215-239,1773225031,2026-03-11T18:30:31,0.0025
8,215-239,1773225327,2026-03-11T18:35:27,0.0025
8,215-239,1773225626,2026-03-11T18:40:26,0.0025
8,215-239,1773225928,2026-03-11T18:45:28,0.0025
8,215-239,1773226225,2026-03-11T18:50:25,0.0025
8,215-239,1773226531,2026-03-11T18:55:31,0.0025
8,215-239,1773226834,2026-03-11T19:00:34,0.0025
8,215-239,1773227125,2026-03-11T19:05:25,0.0025
8,215-239,1773227428,2026-03-11T19:10:28,0.0025
8,215-239,1773227728,2026-03-11T19:15:28,0.0025
8,215-239,1773228025,2026-03-11T19:20:25,0.0025
8,215-239,1773228325,2026-03-11T19:25:25,0.0025
8,215-239,1773228631,2026-03-11T19:30:31,0.0025
8,215-239,1773228929,2026-03-11T19:35:29,0.005
8,215-239,1773229229,2026-03-11T19:40:29,0.005
8,215-239,1773229526,2026-03-11T19:45:26,0.005
8,215-239,1773229831,2026-03-11T19:50:31,0.006
8,215-239,1773230127,2026-03-11T19:55:27,0.006
8,215-239,1773230455,2026-03-11T20:00:55,0.0065
8,215-239,1773230730,2026-03-11T20:05:30,0.0045
8,215-239,1773231025,2026-03-11T20:10:25,0.0045
8,215-239,1773231325,2026-03-11T20:15:25,0.004
8,215-239,1773231636,2026-03-11T20:20:36,0.004
8,215-239,1773231926,2026-03-11T20:25:26,0.004
8,215-239,1773232242,2026-03-11T20:30:42,0.004
8,215-239,1773232527,2026-03-11T20:35:27,0.004
8,215-239,1773232826,2026-03-11T20:40:26,0.0045
8,215-239,1773233134,2026-03-11T20:45:34,0.0045
8,215-239,1773233426,2026-03-11T20:50:26,0.0045
8,215-239,1773233729,2026-03-11T20:55:29,0.0045
8,215-239,1773234031,2026-03-11T21:00:31,0.0045
8,215-239,1773234328,2026-03-11T21:05:28,0.0035
8,215-239,1773234627,2026-03-11T21:10:27,0.0035
8,215-239,1773234929,2026-03-11T21:15:29,0.0035
8,215-239,1773235231,2026-03-11T21:20:31,0.0035
8,215-239,1773235528,2026-03-11T21:25:28,0.0035
8,215-239,1773235829,2026-03-11T21:30:29,0.0035
8,215-239,1773236129,2026-03-11T21:35:29,0.0045
8,215-239,1773236428,2026-03-11T21:40:28,0.0045
8,215-239,1773236732,2026-03-11T21:45:32,0.0045
8,215-239,1773237028,2026-03-11T21:50:28,0.0055
8,215-239,1773237328,2026-03-11T21:55:28,0.0025
8,215-239,1773237632,2026-03-11T22:00:32,0.0025
8,215-239,1773237929,2026-03-11T22:05:29,0.0025
8,215-239,1773238229,2026-03-11T22:10:29,0.0025
8,215-239,1773238526,2026-03-11T22:15:26,0.0025
8,215-239,1773238828,2026-03-11T22:20:28,0.0035
8,215-239,1773239130,2026-03-11T22:25:30,0.003
8,215-239,1773239431,2026-03-11T22:30:31,0.003
8,215-239,1773239746,2026-03-11T22:35:46,0.0065
8,215-239,1773240033,2026-03-11T22:40:33,0.0065
8,215-239,1773240327,2026-03-11T22:45:27,0.0095
8,215-239,1773240627,2026-03-11T22:50:27,0.0145
8,215-239,1773240937,2026-03-11T22:55:37,0.0145
8,215-239,1773241255,2026-03-11T23:00:55,0.0155
8,215-239,1773241527,2026-03-11T23:05:27,0.0145
8,215-239,1773241828,2026-03-11T23:10:28,0.005
8,215-239,1773242130,2026-03-11T23:15:30,0.0025
8,215-239,1773242428,2026-03-11T23:20:28,0.0025
8,215-239,1773242729,2026-03-11T23:25:29,0.0085
8,215-239,1773243030,2026-03-11T23:30:30,0.005
8,215-239,1773243329,2026-03-11T23:35:29,0.0025
8,215-239,1773243629,2026-03-11T23:40:29,0.0025
8,215-239,1773243927,2026-03-11T23:45:27,0.0025
8,215-239,1773244227,2026-03-11T23:50:27,0.0025
8,215-239,1773244525,2026-03-11T23:55:25,0.0025
8,215-239,1773244833,2026-03-12T00:00:33,0.0025
8,215-239,1773245130,2026-03-12T00:05:30,0.0025
8,215-239,1773245452,2026-03-12T00:10:52,0.0025
8,215-239,1773245727,2026-03-12T00:15:27,0.0025
8,215-239,1773246030,2026-03-12T00:20:30,0.0065
8,215-239,1773246330,2026-03-12T00:25:30,0.0065
8,215-239,1773246630,2026-03-12T00:30:30,0.008
8,215-239,1773246926,2026-03-12T00:35:26,0.0065
8,215-239,1773247232,2026-03-12T00:40:32,0.0025
8,215-239,1773247529,2026-03-12T00:45:29,0.0025
8,215-239,1773247827,2026-03-12T00:50:27,0.0025
8,215-239,1773248126,2026-03-12T00:55:26,0.0025
8,215-239,1773248451,2026-03-12T01:00:51,0.0025
8,215-239,1773248731,2026-03-12T01:05:31,0.0025
8,215-239,1773249027,2026-03-12T01:10:27,0.0025
8,215-239,1773249329,2026-03-12T01:15:29,0.0025
8,215-239,1773249626,2026-03-12T01:20:26,0.0025
8,215-239,1773249928,2026-03-12T01:25:28,0.0025
8,215-239,1773250232,2026-03-12T01:30:32,0.0025
8,215-239,1773250527,2026-03-12T01:35:27,0.0025
8,215-239,1773250831,2026-03-12T01:40:31,0.0025
8,215-239,1773251128,2026-03-12T01:45:28,0.0025
8,215-239,1773251430,2026-03-12T01:50:30,0.0115
8,215-239,1773251738,2026-03-12T01:55:38,0.0125
8,215-239,1773252041,2026-03-12T02:00:41,0.013
8,215-239,1773252331,2026-03-12T02:05:31,0.007
8,215-239,1773252628,2026-03-12T02:10:28,0.0045
8,215-239,1773252927,2026-03-12T02:15:27,0.0045
8,215-239,1773253226,2026-03-12T02:20:26,0.0045
8,215-239,1773253527,2026-03-12T02:25:27,0.0025
8,215-239,1773253830,2026-03-12T02:30:30,0.0025
8,215-239,1773254127,2026-03-12T02:35:27,0.0025
8,215-239,1773254426,2026-03-12T02:40:26,0.0025
8,215-239,1773254729,2026-03-12T02:45:29,0.0025
8,215-239,1773255042,2026-03-12T02:50:42,0.0025
8,215-239,1773255325,2026-03-12T02:55:25,0.0025
8,215-239,1773255633,2026-03-12T03:00:33,0.004
8,215-239,1773255946,2026-03-12T03:05:46,0.004
8,215-239,1773256227,2026-03-12T03:10:27,0.0045
8,215-239,1773256527,2026-03-12T03:15:27,0.0045
8,215-239,1773256826,2026-03-12T03:20:26,0.0095
8,215-239,1773257126,2026-03-12T03:25:26,0.009
8,215-239,1773257433,2026-03-12T03:30:33,0.0095
8,215-239,1773257727,2026-03-12T03:35:27,0.0085
8,215-239,1773258028,2026-03-12T03:40:28,0.008
8,215-239,1773258326,2026-03-12T03:45:26,0.0075
8,215-239,1773258632,2026-03-12T03:50:32,0.0075
8,215-239,1773258927,2026-03-12T03:55:27,0.0075
8,215-239,1773259235,2026-03-12T04:00:35,0.007
8,215-239,1773259528,2026-03-12T04:05:28,0.0065
8,215-239,1773259829,2026-03-12T04:10:29,0.0065
8,215-239,1773260126,2026-03-12T04:15:26,0.0045
8,215-239,1773260426,2026-03-12T04:20:26,0.0045
8,215-239,1773260732,2026-03-12T04:25:32,0.0035
8,215-239,1773261033,2026-03-12T04:30:33,0.0035
8,215-239,1773261330,2026-03-12T04:35:30,0.0035
8,215-239,1773261628,2026-03-12T04:40:28,0.0045
8,215-239,1773261929,2026-03-12T04:45:29,0.0055
8,215-239,1773262242,2026-03-12T04:50:42,0.0055
8,215-239,1773262527,2026-03-12T04:55:27,0.006
8,215-239,1773262845,2026-03-12T05:00:45,0.0065
8,215-239,1773263127,2026-03-12T05:05:27,0.0065
8,215-239,1773263427,2026-03-12T05:10:27,0.008
8,215-239,1773263728,2026-03-12T05:15:28,0.006
8,215-239,1773264030,2026-03-12T05:20:30,0.006
8,215-239,1773264344,2026-03-12T05:25:44,0.009
8,215-239,1773264632,2026-03-12T05:30:32,0.004
8,215-239,1773264927,2026-03-12T05:35:27,0.0035
8,215-239,1773265230,2026-03-12T05:40:30,0.0025
8,215-239,1773265541,2026-03-12T05:45:41,0.0025
8,215-239,1773265829,2026-03-12T05:50:29,0.0025
8,215-239,1773266128,2026-03-12T05:55:28,0.0025
8,215-239,1773266434,2026-03-12T06:00:34,0.0025
8,215-239,1773266742,2026-03-12T06:05:42,0.0025
8,215-239,1773267028,2026-03-12T06:10:28,0.0025
8,215-239,1773267328,2026-03-12T06:15:28,0.0025
8,215-239,1773267630,2026-03-12T06:20:30,0.0025
8,215-239,1773267925,2026-03-12T06:25:25,0.0025
8,215-239,1773268234,2026-03-12T06:30:34,0.0025
8,215-239,1773268529,2026-03-12T06:35:29,0.0025
8,215-239,1773268828,2026-03-12T06:40:28,0.0025
8,215-239,1773269135,2026-03-12T06:45:35,0.0025
8,215-239,1773269431,2026-03-12T06:50:31,0.0025
8,215-239,1773269731,2026-03-12T06:55:31,0.0025
8,215-239,1773270031,2026-03-12T07:00:31,0.0025
8,215-239,1773270329,2026-03-12T07:05:29,0.0025
8,215-239,1773270629,2026-03-12T07:10:29,0.0025
8,215-239,1773270931,2026-03-12T07:15:31,0.0025
8,215-239,1773271246,2026-03-12T07:20:46,0.0025
8,215-239,1773271528,2026-03-12T07:25:28,0.0025
8,215-239,1773271830,2026-03-12T07:30:30,0.0025
8,215-239,1773272126,2026-03-12T07:35:26,0.0025
8,215-239,1773272437,2026-03-12T07:40:37,0.0025
8,215-239,1773272727,2026-03-12T07:45:27,0.0025
8,215-239,1773273031,2026-03-12T07:50:31,0.0025
8,215-239,1773273328,2026-03-12T07:55:28,0.0025
8,215-239,1773273645,2026-03-12T08:00:45,0.0025
8,215-239,1773273925,2026-03-12T08:05:25,0.0025
8,215-239,1773274228,2026-03-12T08:10:28,0.0025
8,215-239,1773274528,2026-03-12T08:15:28,0.0025
8,215-239,1773274827,2026-03-12T08:20:27,0.0025
8,215-239,1773275126,2026-03-12T08:25:26,0.0025
8,215-239,1773275432,2026-03-12T08:30:32,0.0025
8,215-239,1773275728,2026-03-12T08:35:28,0.0025
8,215-239,1773276026,2026-03-12T08:40:26,0.0025
8,215-239,1773276329,2026-03-12T08:45:29,0.0025
8,215-239,1773276624,2026-03-12T08:50:24,0.0025
8,215-239,1773276927,2026-03-12T08:55:27,0.0025
8,215-239,1773277231,2026-03-12T09:00:31,0.0025
8,215-239,1773277528,2026-03-12T09:05:28,0.0025
8,215-239,1773277824,2026-03-12T09:10:24,0.0025
8,215-239,1773278128,2026-03-12T09:15:28,0.0025
8,215-239,1773278428,2026-03-12T09:20:28,0.0025
8,215-239,1773278725,2026-03-12T09:25:25,0.0025
8,215-239,1773279028,2026-03-12T09:30:28,0.0025
8,215-239,1773279329,2026-03-12T09:35:29,0.0025
8,215-239,1773279626,2026-03-12T09:40:26,0.0025
8,215-239,1773279925,2026-03-12T09:45:25,0.0025
8,215-239,1773280228,2026-03-12T09:50:28,0.0025
8,215-239,1773280525,2026-03-12T09:55:25,0.0025
8,215-239,1773280831,2026-03-12T10:00:31,0.0025
8,215-239,1773281129,2026-03-12T10:05:29,0.0025
8,215-239,1773281427,2026-03-12T10:10:27,0.0025
8,215-239,1773281729,2026-03-12T10:15:29,0.0025
8,215-239,1773282029,2026-03-12T10:20:29,0.0025
8,215-239,1773282330,2026-03-12T10:25:30,0.0025
8,215-239,1773282633,2026-03-12T10:30:33,0.0025
8,215-239,1773282943,2026-03-12T10:35:43,0.0025
8,215-239,1773283240,2026-03-12T10:40:40,0.0025
8,215-239,1773283529,2026-03-12T10:45:29,0.0025
8,215-239,1773283828,2026-03-12T10:50:28,0.0025
8,215-239,1773284128,2026-03-12T10:55:28,0.0025
8,215-239,1773284443,2026-03-12T11:00:43,0.0025
8,215-239,1773284729,2026-03-12T11:05:29,0.0025
8,215-239,1773285026,2026-03-12T11:10:26,0.0025
8,215-239,1773285327,2026-03-12T11:15:27,0.0025
8,215-239,1773285625,2026-03-12T11:20:25,0.0025
8,215-239,1773285927,2026-03-12T11:25:27,0.0025
8,215-239,1773286238,2026-03-12T11:30:38,0.0025
8,215-239,1773286528,2026-03-12T11:35:28,0.0025
8,215-239,1773286828,2026-03-12T11:40:28,0.0025
8,215-239,1773287136,2026-03-12T11:45:36,0.0025
8,215-239,1773287425,2026-03-12T11:50:25,0.0025
8,215-239,1773287727,2026-03-12T11:55:27,0.0025
8,215-239,1773288032,2026-03-12T12:00:32,0.0025
8,215-239,1773288326,2026-03-12T12:05:26,0.0025
8,215-239,1773288628,2026-03-12T12:10:28,0.0025
8,215-239,1773288928,2026-03-12T12:15:28,0.0025
8,215-239,1773289227,2026-03-12T12:20:27,0.0025
8,215-239,1773289526,2026-03-12T12:25:26,0.0025
8,215-239,1773289831,2026-03-12T12:30:31,0.0025
8,215-239,1773290129,2026-03-12T12:35:29,0.0025
8,215-239,1773290425,2026-03-12T12:40:25,0.0025
8,215-239,1773290726,2026-03-12T12:45:26,0.0025
8,215-239,1773291033,2026-03-12T12:50:33,0.0025
8,215-239,1773291325,2026-03-12T12:55:25,0.0025
8,215-239,1773291635,2026-03-12T13:00:35,0.0025
8,215-239,1773291927,2026-03-12T13:05:27,0.0025
8,215-239,1773292226,2026-03-12T13:10:26,0.0025
8,215-239,1773292527,2026-03-12T13:15:27,0.0025
8,215-239,1773292826,2026-03-12T13:20:26,0.0025
8,215-239,1773293128,2026-03-12T13:25:28,0.0025
8,215-239,1773293431,2026-03-12T13:30:31,0.0025
8,215-239,1773293728,2026-03-12T13:35:28,0.004
8,215-239,1773294026,2026-03-12T13:40:26,0.004
8,215-239,1773294325,2026-03-12T13:45:25,0.0035
8,215-239,1773294627,2026-03-12T13:50:27,0.004
8,215-239,1773294925,2026-03-12T13:55:25,0.0035
8,215-239,1773295244,2026-03-12T14:00:44,0.004
8,215-239,1773295526,2026-03-12T14:05:26,0.0035
8,215-239,1773295827,2026-03-12T14:10:27,0.0035
8,215-239,1773296127,2026-03-12T14:15:27,0.0035
8,215-239,1773296427,2026-03-12T14:20:27,0.0035
8,215-239,1773296727,2026-03-12T14:25:27,0.0025
8,215-239,1773297030,2026-03-12T14:30:30,0.0025
8,215-239,1773297332,2026-03-12T14:35:32,0.0025
8,215-239,1773297625,2026-03-12T14:40:25,0.0025
8,215-239,1773297928,2026-03-12T14:45:28,0.0025
8,215-239,1773298224,2026-03-12T14:50:24,0.0025
8,215-239,1773298528,2026-03-12T14:55:28,0.0025
8,215-239,1773298834,2026-03-12T15:00:34,0.0025
8,215-239,1773299127,2026-03-12T15:05:27,0.0025
8,215-239,1773299425,2026-03-12T15:10:25,0.0025
8,215-239,1773299729,2026-03-12T15:15:29,0.0025
8,215-239,1773300025,2026-03-12T15:20:25,0.0025
8,215-239,1773300326,2026-03-12T15:25:26,0.0025
8,215-239,1773300631,2026-03-12T15:30:31,0.0025
8,215-239,1773300925,2026-03-12T15:35:25,0.0025
8,215-239,1773301227,2026-03-12T15:40:27,0.0025
8,215-239,1773301526,2026-03-12T15:45:26,0.0025
8,215-239,1773301827,2026-03-12T15:50:27,0.0025
8,215-239,1773302125,2026-03-12T15:55:25,0.0025
8,215-239,1773302435,2026-03-12T16:00:35,0.0025
8,215-239,1773302727,2026-03-12T16:05:27,0.0025
8,215-239,1773303025,2026-03-12T16:10:25,0.0025
8,215-239,1773303327,2026-03-12T16:15:27,0.0025
8,215-239,1773303626,2026-03-12T16:20:26,0.0025
8,215-239,1773303932,2026-03-12T16:25:32,0.0025
8,215-239,1773304229,2026-03-12T16:30:29,0.0025
8,215-239,1773304525,2026-03-12T16:35:25,0.0025
8,215-239,1773304832,2026-03-12T16:40:32,0.0025
8,215-239,1773305125,2026-03-12T16:45:25,0.0025
8,215-239,1773305428,2026-03-12T16:50:28,0.0025
8,215-239,1773305735,2026-03-12T16:55:35,0.0025
8,215-239,1773306040,2026-03-12T17:00:40,0.0025
8,215-239,1773306326,2026-03-12T17:05:26,0.0025
8,215-239,1773306626,2026-03-12T17:10:26,0.0025
8,215-239,1773306925,2026-03-12T17:15:25,0.0025
8,215-239,1773307224,2026-03-12T17:20:24,0.0025
8,215-239,1773307527,2026-03-12T17:25:27,0.0025
8,215-239,1773307831,2026-03-12T17:30:31,0.0025
8,215-239,1773308127,2026-03-12T17:35:27,0.0025
8,215-239,1773308425,2026-03-12T17:40:25,0.0025
8,215-239,1773308727,2026-03-12T17:45:27,0.0025
8,215-239,1773309026,2026-03-12T17:50:26,0.0025
8,215-239,1773309328,2026-03-12T17:55:28,0.0025
8,215-239,1773309658,2026-03-12T18:00:58,0.0025
8,215-239,1773309928,2026-03-12T18:05:28,0.0025
8,215-239,1773310228,2026-03-12T18:10:28,0.0025
8,215-239,1773310528,2026-03-12T18:15:28,0.0025
8,215-239,1773310828,2026-03-12T18:20:28,0.0025
8,215-239,1773311130,2026-03-12T18:25:30,0.0025
8,215-239,1773311430,2026-03-12T18:30:30,0.0025
8,215-239,1773311725,2026-03-12T18:35:25,0.0025
8,215-239,1773312029,2026-03-12T18:40:29,0.0025
8,215-239,1773312328,2026-03-12T18:45:28,0.0025
8,215-239,1773312629,2026-03-12T18:50:29,0.0025
8,215-239,1773312928,2026-03-12T18:55:28,0.0025
8,215-239,1773313231,2026-03-12T19:00:31,0.0025
8,215-239,1773313525,2026-03-12T19:05:25,0.0025
8,215-239,1773313835,2026-03-12T19:10:35,0.002
8,215-239,1773314125,2026-03-12T19:15:25,0.002
8,215-239,1773314425,2026-03-12T19:20:25,0.003
8,215-239,1773314726,2026-03-12T19:25:26,0.0025
8,215-239,1773315033,2026-03-12T19:30:33,0.0025
8,215-239,1773315326,2026-03-12T19:35:26,0.0025
8,215-239,1773315628,2026-03-12T19:40:28,0.0025
8,215-239,1773315928,2026-03-12T19:45:28,0.0025
8,215-239,1773316226,2026-03-12T19:50:26,0.0025
8,215-239,1773316525,2026-03-12T19:55:25,0.0025
8,215-239,1773316857,2026-03-12T20:00:57,0.0025
8,215-239,1773317128,2026-03-12T20:05:28,0.0025
8,215-239,1773317433,2026-03-12T20:10:33,0.0025
8,215-239,1773317728,2026-03-12T20:15:28,0.0025
8,215-239,1773318025,2026-03-12T20:20:25,0.0025
8,215-239,1773318329,2026-03-12T20:25:29,0.0015
8,215-239,1773318648,2026-03-12T20:30:48,0.0015
8,215-239,1773318926,2026-03-12T20:35:26,0.0015
8,215-239,1773319238,2026-03-12T20:40:38,0.0015
8,215-239,1773319525,2026-03-12T20:45:25,0.0015
8,215-239,1773319825,2026-03-12T20:50:25,0.0015
8,215-239,1773320124,2026-03-12T20:55:24,0.0015
8,215-239,1773320447,2026-03-12T21:00:47,0.0015
8,215-239,1773320727,2026-03-12T21:05:27,0.0015
8,215-239,1773321028,2026-03-12T21:10:28,0.0015
8,215-239,1773321328,2026-03-12T21:15:28,0.0015
8,215-239,1773321627,2026-03-12T21:20:27,0.0015
8,215-239,1773321924,2026-03-12T21:25:24,0.0015
8,215-239,1773322233,2026-03-12T21:30:33,0.0015
8,215-239,1773322528,2026-03-12T21:35:28,0.002
8,215-239,1773322828,2026-03-12T21:40:28,0.0015
8,215-239,1773323133,2026-03-12T21:45:33,0.0015
8,215-239,1773323428,2026-03-12T21:50:28,0.0015
8,215-239,1773323729,2026-03-12T21:55:29,0.0015
8,215-239,1773324036,2026-03-12T22:00:36,0.0015
8,215-239,1773324327,2026-03-12T22:05:27,0.0015
8,215-239,1773324630,2026-03-12T22:10:30,0.0015
8,215-239,1773324928,2026-03-12T22:15:28,0.0015
8,215-239,1773325228,2026-03-12T22:20:28,0.0015
8,215-239,1773325528,2026-03-12T22:25:28,0.0015
8,215-239,1773325832,2026-03-12T22:30:32,0.0015
8,215-239,1773326431,2026-03-12T22:40:31,0.0015
8,215-239,1773326730,2026-03-12T22:45:30,0.0015
8,215-239,1773327027,2026-03-12T22:50:27,0.0025
8,215-239,1773327327,2026-03-12T22:55:27,0.0025
8,215-239,1773327645,2026-03-12T23:00:45,0.0035
8,215-239,1773327927,2026-03-12T23:05:27,0.0025
8,215-239,1773328232,2026-03-12T23:10:32,0.0025
8,215-239,1773328527,2026-03-12T23:15:27,0.0025
8,215-239,1773328830,2026-03-12T23:20:30,0.0025
8,215-239,1773329129,2026-03-12T23:25:29,0.0025
8,215-239,1773329433,2026-03-12T23:30:33,0.002
8,215-239,1773329728,2026-03-12T23:35:28,0.0015
8,215-239,1773330028,2026-03-12T23:40:28,0.0015
8,215-239,1773330328,2026-03-12T23:45:28,0.0015
8,215-239,1773330628,2026-03-12T23:50:28,0.0015
8,215-239,1773330926,2026-03-12T23:55:26,0.0015
8,215-239,1773331234,2026-03-13T00:00:34,0.0015
8,215-239,1773331531,2026-03-13T00:05:31,0.0015
8,215-239,1773331830,2026-03-13T00:10:30,0.0015
8,215-239,1773332129,2026-03-13T00:15:29,0.0015
8,215-239,1773332430,2026-03-13T00:20:30,0.0015
8,215-239,1773332730,2026-03-13T00:25:30,0.0015
8,215-239,1773333029,2026-03-13T00:30:29,0.0015
8,215-239,1773333326,2026-03-13T00:35:26,0.0015
8,215-239,1773333636,2026-03-13T00:40:36,0.0015
8,215-239,1773333929,2026-03-13T00:45:29,0.0015
8,215-239,1773334231,2026-03-13T00:50:31,0.0015
8,215-239,1773334529,2026-03-13T00:55:29,0.0015
8,215-239,1773335129,2026-03-13T01:05:29,0.0015
8,215-239,1773335429,2026-03-13T01:10:29,0.0015
8,215-239,1773335730,2026-03-13T01:15:30,0.0015
8,215-239,1773336030,2026-03-13T01:20:30,0.0015
8,215-239,1773336334,2026-03-13T01:25:34,0.0015
8,215-239,1773336645,2026-03-13T01:30:45,0.0015
8,215-239,1773336935,2026-03-13T01:35:35,0.0015
8,215-239,1773337230,2026-03-13T01:40:30,0.0015
8,215-239,1773337531,2026-03-13T01:45:31,0.0015
8,215-239,1773337831,2026-03-13T01:50:31,0.0015
8,215-239,1773338130,2026-03-13T01:55:30,0.0015
8,215-239,1773338451,2026-03-13T02:00:51,0.0015
8,215-239,1773338731,2026-03-13T02:05:31,0.0015
8,215-239,1773339028,2026-03-13T02:10:28,0.0015
8,215-239,1773339331,2026-03-13T02:15:31,0.0015
8,215-239,1773339630,2026-03-13T02:20:30,0.0015
8,215-239,1773339926,2026-03-13T02:25:26,0.0015
8,215-239,1773340231,2026-03-13T02:30:31,0.0015
8,215-239,1773340530,2026-03-13T02:35:30,0.0015
8,215-239,1773340829,2026-03-13T02:40:29,0.0015
8,215-239,1773341130,2026-03-13T02:45:30,0.0015
8,215-239,1773341426,2026-03-13T02:50:26,0.0015
8,215-239,1773341728,2026-03-13T02:55:28,0.0015
8,215-239,1773342030,2026-03-13T03:00:30,0.0015
8,215-239,1773342336,2026-03-13T03:05:36,0.0015
8,215-239,1773342630,2026-03-13T03:10:30,0.0015
8,215-239,1773342930,2026-03-13T03:15:30,0.0015
8,215-239,1773343232,2026-03-13T03:20:32,0.0015
8,215-239,1773343528,2026-03-13T03:25:28,0.0015
8,215-239,1773343831,2026-03-13T03:30:31,0.0015
8,215-239,1773344131,2026-03-13T03:35:31,0.0015
8,215-239,1773344429,2026-03-13T03:40:29,0.0015
8,215-239,1773344730,2026-03-13T03:45:30,0.0015
8,215-239,1773345035,2026-03-13T03:50:35,0.0015
8,215-239,1773345328,2026-03-13T03:55:28,0.0015
8,215-239,1773345636,2026-03-13T04:00:36,0.0015
8,215-239,1773345931,2026-03-13T04:05:31,0.0015
8,215-239,1773346226,2026-03-13T04:10:26,0.0015
8,215-239,1773346528,2026-03-13T04:15:28,0.0015
8,215-239,1773346828,2026-03-13T04:20:28,0.0015
8,215-239,1773347128,2026-03-13T04:25:28,0.0015
8,215-239,1773347432,2026-03-13T04:30:32,0.0015
8,215-239,1773347731,2026-03-13T04:35:31,0.0015
8,215-239,1773348029,2026-03-13T04:40:29,0.0015
8,215-239,1773348328,2026-03-13T04:45:28,0.0015
8,215-239,1773348627,2026-03-13T04:50:27,0.0015
8,215-239,1773348929,2026-03-13T04:55:29,0.0015
8,215-239,1773349244,2026-03-13T05:00:44,0.0015
8,215-239,1773349528,2026-03-13T05:05:28,0.0015
8,215-239,1773349828,2026-03-13T05:10:28,0.0015
8,215-239,1773350130,2026-03-13T05:15:30,0.0015
8,215-239,1773350430,2026-03-13T05:20:30,0.0015
8,215-239,1773350732,2026-03-13T05:25:32,0.0015
8,215-239,1773351033,2026-03-13T05:30:33,0.0015
8,215-239,1773351326,2026-03-13T05:35:26,0.0015
8,215-239,1773351626,2026-03-13T05:40:26,0.0015
8,215-239,1773351929,2026-03-13T05:45:29,0.0015
8,215-239,1773352237,2026-03-13T05:50:37,0.0015
8,215-239,1773352529,2026-03-13T05:55:29,0.0015
8,215-239,1773352833,2026-03-13T06:00:33,0.0015
8,215-239,1773353130,2026-03-13T06:05:30,0.0015
8,215-239,1773353430,2026-03-13T06:10:30,0.0015
8,215-239,1773353731,2026-03-13T06:15:31,0.0015
8,215-239,1773354032,2026-03-13T06:20:32,0.0015
8,215-239,1773354331,2026-03-13T06:25:31,0.0015
8,215-239,1773354632,2026-03-13T06:30:32,0.0015
8,215-239,1773354928,2026-03-13T06:35:28,0.0015
8,215-239,1773355226,2026-03-13T06:40:26,0.0015
8,215-239,1773355529,2026-03-13T06:45:29,0.0015
8,215-239,1773355829,2026-03-13T06:50:29,0.0015
8,215-239,1773356129,2026-03-13T06:55:29,0.0015
8,215-239,1773356437,2026-03-13T07:00:37,0.0015
8,215-239,1773356730,2026-03-13T07:05:30,0.0015
8,215-239,1773357029,2026-03-13T07:10:29,0.0015
8,215-239,1773357330,2026-03-13T07:15:30,0.0015
8,215-239,1773357628,2026-03-13T07:20:28,0.0015
8,215-239,1773357927,2026-03-13T07:25:27,0.0015
8,215-239,1773358234,2026-03-13T07:30:34,0.0015
8,215-239,1773358528,2026-03-13T07:35:28,0.0015
8,215-239,1773358831,2026-03-13T07:40:31,0.0015
8,215-239,1773359128,2026-03-13T07:45:28,0.0015
8,215-239,1773359429,2026-03-13T07:50:29,0.0015
8,215-239,1773359731,2026-03-13T07:55:31,0.0015
8,215-239,1773360329,2026-03-13T08:05:29,0.0015
8,215-239,1773360630,2026-03-13T08:10:30,0.0015
8,215-239,1773360929,2026-03-13T08:15:29,0.0015
8,215-239,1773361229,2026-03-13T08:20:29,0.0015
8,215-239,1773361529,2026-03-13T08:25:29,0.0015
8,215-239,1773361835,2026-03-13T08:30:35,0.0015
8,215-239,1773362129,2026-03-13T08:35:29,0.0015
8,215-239,1773362426,2026-03-13T08:40:26,0.0015
8,215-239,1773362728,2026-03-13T08:45:28,0.0015
8,215-239,1773363030,2026-03-13T08:50:30,0.0015
8,215-239,1773363328,2026-03-13T08:55:28,0.0015
8,215-239,1773363634,2026-03-13T09:00:34,0.0015
8,215-239,1773363928,2026-03-13T09:05:28,0.0015
8,215-239,1773364228,2026-03-13T09:10:28,0.0015
8,215-239,1773364530,2026-03-13T09:15:30,0.0015
8,215-239,1773364829,2026-03-13T09:20:29,0.0015
8,215-239,1773365133,2026-03-13T09:25:33,0.0015
8,215-239,1773365429,2026-03-13T09:30:29,0.0015
8,215-239,1773365726,2026-03-13T09:35:26,0.0015
8,215-239,1773366028,2026-03-13T09:40:28,0.0015
8,215-239,1773366329,2026-03-13T09:45:29,0.0015
8,215-239,1773366635,2026-03-13T09:50:35,0.0015
8,215-239,1773366928,2026-03-13T09:55:28,0.0015
8,215-239,1773367234,2026-03-13T10:00:34,0.0015
8,215-239,1773367541,2026-03-13T10:05:41,0.0015
8,215-239,1773367829,2026-03-13T10:10:29,0.0015
8,215-239,1773368128,2026-03-13T10:15:28,0.0015
8,215-239,1773368432,2026-03-13T10:20:32,0.0015
8,215-239,1773368735,2026-03-13T10:25:35,0.0015
8,215-239,1773369035,2026-03-13T10:30:35,0.0015
8,215-239,1773369330,2026-03-13T10:35:30,0.0015
8,215-239,1773369629,2026-03-13T10:40:29,0.0015
8,215-239,1773369930,2026-03-13T10:45:30,0.0015
8,215-239,1773370227,2026-03-13T10:50:27,0.0015
8,215-239,1773370531,2026-03-13T10:55:31,0.0015
8,215-239,1773370842,2026-03-13T11:00:42,0.0015
8,215-239,1773371128,2026-03-13T11:05:28,0.0015
8,215-239,1773371427,2026-03-13T11:10:27,0.0015
8,215-239,1773371728,2026-03-13T11:15:28,0.0015
8,215-239,1773372027,2026-03-13T11:20:27,0.0015
8,215-239,1773372327,2026-03-13T11:25:27,0.0015
8,215-239,1773372632,2026-03-13T11:30:32,0.0015
8,215-239,1773372926,2026-03-13T11:35:26,0.0015
8,215-239,1773373228,2026-03-13T11:40:28,0.0015
8,215-239,1773373530,2026-03-13T11:45:30,0.0015
8,215-239,1773373829,2026-03-13T11:50:29,0.0015
8,215-239,1773374125,2026-03-13T11:55:25,0.0015
8,215-239,1773374434,2026-03-13T12:00:34,0.0015
8,215-239,1773374729,2026-03-13T12:05:29,0.0015
8,215-239,1773375029,2026-03-13T12:10:29,0.0015
8,215-239,1773375326,2026-03-13T12:15:26,0.0015
8,215-239,1773375626,2026-03-13T12:20:26,0.0015
8,215-239,1773375929,2026-03-13T12:25:29,0.0015
8,215-239,1773376229,2026-03-13T12:30:29,0.0015
8,215-239,1773376527,2026-03-13T12:35:27,0.0015
8,215-239,1773376828,2026-03-13T12:40:28,0.0015
8,215-239,1773377127,2026-03-13T12:45:27,0.0015
8,215-239,1773377434,2026-03-13T12:50:34,0.0015
8,215-239,1773377726,2026-03-13T12:55:26,0.0015
8,215-239,1773378030,2026-03-13T13:00:30,0.0015
8,215-239,1773378326,2026-03-13T13:05:26,0.0015
8,215-239,1773378643,2026-03-13T13:10:43,0.0015
8,215-239,1773378938,2026-03-13T13:15:38,0.0015
8,215-239,1773379229,2026-03-13T13:20:29,0.0015
8,215-239,1773379531,2026-03-13T13:25:31,0.0015
8,215-239,1773379835,2026-03-13T13:30:35,0.0015
8,215-239,1773380127,2026-03-13T13:35:27,0.0015
8,215-239,1773380429,2026-03-13T13:40:29,0.0015
8,215-239,1773380730,2026-03-13T13:45:30,0.0015
8,215-239,1773381030,2026-03-13T13:50:30,0.0015
8,215-239,1773381328,2026-03-13T13:55:28,0.0015
8,215-239,1773381643,2026-03-13T14:00:43,0.0015
8,215-239,1773381927,2026-03-13T14:05:27,0.0015
8,215-239,1773382225,2026-03-13T14:10:25,0.0015
8,215-239,1773382537,2026-03-13T14:15:37,0.0015
8,215-239,1773382829,2026-03-13T14:20:29,0.0015
8,215-239,1773383128,2026-03-13T14:25:28,0.0015
8,215-239,1773383433,2026-03-13T14:30:33,0.0015
8,215-239,1773383736,2026-03-13T14:35:36,0.0015
8,215-239,1773384026,2026-03-13T14:40:26,0.0015
8,215-239,1773384328,2026-03-13T14:45:28,0.0015
8,215-239,1773384630,2026-03-13T14:50:30,0.0015
8,215-239,1773384925,2026-03-13T14:55:25,0.0015
8,215-239,1773385240,2026-03-13T15:00:40,0.0015
8,215-239,1773385525,2026-03-13T15:05:25,0.0015
8,215-239,1773385829,2026-03-13T15:10:29,0.0015
8,215-239,1773386131,2026-03-13T15:15:31,0.0015
8,215-239,1773386427,2026-03-13T15:20:27,0.0015
8,215-239,1773386725,2026-03-13T15:25:25,0.0015
8,215-239,1773387034,2026-03-13T15:30:34,0.0015
8,215-239,1773387328,2026-03-13T15:35:28,0.0015
8,215-239,1773387631,2026-03-13T15:40:31,0.0015
8,215-239,1773387926,2026-03-13T15:45:26,0.0015
8,215-239,1773388230,2026-03-13T15:50:30,0.0015
8,215-239,1773388529,2026-03-13T15:55:29,0.0015
8,215-239,1773388830,2026-03-13T16:00:30,0.0015
8,215-239,1773389130,2026-03-13T16:05:30,0.0015
8,215-239,1773389432,2026-03-13T16:10:32,0.0015
8,215-239,1773389728,2026-03-13T16:15:28,0.0015
8,215-239,1773390028,2026-03-13T16:20:28,0.0015
8,215-239,1773390328,2026-03-13T16:25:28,0.0015
8,215-239,1773390632,2026-03-13T16:30:32,0.0015
8,215-239,1773390931,2026-03-13T16:35:31,0.0015
8,215-239,1773391225,2026-03-13T16:40:25,0.001
8,215-239,1773391528,2026-03-13T16:45:28,0.0005
8,215-239,1773391827,2026-03-13T16:50:27,0.0005
8,215-239,1773392128,2026-03-13T16:55:28,0.0005
8,215-239,1773392444,2026-03-13T17:00:44,0.0005
8,215-239,1773392728,2026-03-13T17:05:28,0.0005
8,215-239,1773393025,2026-03-13T17:10:25,0.0005
8,215-239,1773393328,2026-03-13T17:15:28,0.0005
8,215-239,1773393626,2026-03-13T17:20:26,0.0005
8,215-239,1773393928,2026-03-13T17:25:28,0.0005
8,215-239,1773394229,2026-03-13T17:30:29,0.0005
8,215-239,1773394529,2026-03-13T17:35:29,0.0005
8,215-239,1773394832,2026-03-13T17:40:32,0.0005
8,215-239,1773395129,2026-03-13T17:45:29,0.0005
8,215-239,1773395428,2026-03-13T17:50:28,0.0005
8,215-239,1773395726,2026-03-13T17:55:26,0.0005
8,215-239,1773396033,2026-03-13T18:00:33,0.0005
8,215-239,1773396329,2026-03-13T18:05:29,0.0005
8,215-239,1773396628,2026-03-13T18:10:28,0.0005
8,215-239,1773396930,2026-03-13T18:15:30,0.0005
8,215-239,1773397529,2026-03-13T18:25:29,0.0005
8,215-239,1773398133,2026-03-13T18:35:33,0.0005
8,215-239,1773398431,2026-03-13T18:40:31,0.0005
8,215-239,1773398741,2026-03-13T18:45:41,0.0005
8,215-239,1773399030,2026-03-13T18:50:30,0.0005
8,215-239,1773399328,2026-03-13T18:55:28,0.0005
8,215-239,1773399646,2026-03-13T19:00:46,0.0005
8,215-239,1773399929,2026-03-13T19:05:29,0.0005
8,215-239,1773400230,2026-03-13T19:10:30,0.0005
8,215-239,1773400532,2026-03-13T19:15:32,0.0005
8,215-239,1773400831,2026-03-13T19:20:31,0.0005
8,215-239,1773401133,2026-03-13T19:25:33,0.0005
8,215-239,1773401435,2026-03-13T19:30:35,0.0005
8,215-239,1773401729,2026-03-13T19:35:29,0.0005
8,215-239,1773402030,2026-03-13T19:40:30,0.0005
8,215-239,1773402333,2026-03-13T19:45:33,0.0005
8,215-239,1773402641,2026-03-13T19:50:41,0.0005
8,215-239,1773402934,2026-03-13T19:55:34,0.0005
8,215-239,1773403256,2026-03-13T20:00:56,0.0005
8,215-239,1773403531,2026-03-13T20:05:31,0.0015
8,215-239,1773403854,2026-03-13T20:10:54,0.0015
8,215-239,1773404134,2026-03-13T20:15:34,0.0015
8,215-239,1773404430,2026-03-13T20:20:30,0.0015
8,215-239,1773404732,2026-03-13T20:25:32,0.0015
8,215-239,1773405335,2026-03-13T20:35:35,0.0015
8,215-239,1773405633,2026-03-13T20:40:33,0.0015
8,215-239,1773405934,2026-03-13T20:45:34,0.0015
8,215-239,1773406232,2026-03-13T20:50:32,0.0015
8,215-239,1773406531,2026-03-13T20:55:31,0.0015
8,215-239,1773406841,2026-03-13T21:00:41,0.0015
8,215-239,1773407147,2026-03-13T21:05:47,0.0015
8,215-239,1773407434,2026-03-13T21:10:34,0.0015
8,215-239,1773407744,2026-03-13T21:15:44,0.0015
8,215-239,1773408031,2026-03-13T21:20:31,0.0015
8,215-239,1773408330,2026-03-13T21:25:30,0.0015
8,215-239,1773408637,2026-03-13T21:30:37,0.0015
8,215-239,1773408936,2026-03-13T21:35:36,0.0015
8,215-239,1773409230,2026-03-13T21:40:30,0.0015
8,215-239,1773409530,2026-03-13T21:45:30,0.0015
8,215-239,1773409831,2026-03-13T21:50:31,0.0145
8,215-239,1773410131,2026-03-13T21:55:31,0.0095
8,215-239,1773410448,2026-03-13T22:00:48,0.0095
8,215-239,1773410732,2026-03-13T22:05:32,0.0045
8,215-239,1773411033,2026-03-13T22:10:33,0.003
8,215-239,1773411332,2026-03-13T22:15:32,0.004
8,215-239,1773411630,2026-03-13T22:20:30,0.0025
8,215-239,1773411931,2026-03-13T22:25:31,0.0025
8,215-239,1773412238,2026-03-13T22:30:38,0.003
8,215-239,1773412531,2026-03-13T22:35:31,0.0055
8,215-239,1773412831,2026-03-13T22:40:31,0.0055
8,215-239,1773413130,2026-03-13T22:45:30,0.0055
8,215-239,1773413429,2026-03-13T22:50:29,0.0025
8,215-239,1773413732,2026-03-13T22:55:32,0.0015
8,215-239,1773414059,2026-03-13T23:00:59,0.0015
8,215-239,1773414332,2026-03-13T23:05:32,0.0015
8,215-239,1773414630,2026-03-13T23:10:30,0.0015
8,215-239,1773414932,2026-03-13T23:15:32,0.0015
8,215-239,1773415233,2026-03-13T23:20:33,0.0015
8,215-239,1773415532,2026-03-13T23:25:32,0.0015
8,215-239,1773415836,2026-03-13T23:30:36,0.0015
8,215-239,1773416130,2026-03-13T23:35:30,0.0015
8,215-239,1773416433,2026-03-13T23:40:33,0.0015
8,215-239,1773416731,2026-03-13T23:45:31,0.0015
8,215-239,1773417041,2026-03-13T23:50:41,0.0015
8,215-239,1773417332,2026-03-13T23:55:32,0.0015
8,215-239,1773417648,2026-03-14T00:00:48,0.0015
8,215-239,1773417934,2026-03-14T00:05:34,0.0015
8,215-239,1773418231,2026-03-14T00:10:31,0.0015
8,215-239,1773418530,2026-03-14T00:15:30,0.0015
8,215-239,1773418830,2026-03-14T00:20:30,0.0015
8,215-239,1773419132,2026-03-14T00:25:32,0.0015
8,215-239,1773419437,2026-03-14T00:30:37,0.0015
8,215-239,1773419730,2026-03-14T00:35:30,0.0015
8,215-239,1773420032,2026-03-14T00:40:32,0.0015
8,215-239,1773420331,2026-03-14T00:45:31,0.001
8,215-239,1773420632,2026-03-14T00:50:32,0.001
8,215-239,1773420929,2026-03-14T00:55:29,0.001
8,215-239,1773421237,2026-03-14T01:00:37,0.001
8,215-239,1773421533,2026-03-14T01:05:33,0.001
8,215-239,1773421831,2026-03-14T01:10:31,0.0005
8,215-239,1773422143,2026-03-14T01:15:43,0.0005
8,215-239,1773422433,2026-03-14T01:20:33,0.0005
8,215-239,1773422731,2026-03-14T01:25:31,0.0005
8,215-239,1773423037,2026-03-14T01:30:37,0.0005
8,215-239,1773423331,2026-03-14T01:35:31,0.0005
8,215-239,1773423632,2026-03-14T01:40:32,0.0005
8,215-239,1773423934,2026-03-14T01:45:34,0.0005
8,215-239,1773424230,2026-03-14T01:50:30,0.0005
8,215-239,1773424531,2026-03-14T01:55:31,0.0005
8,215-239,1773424855,2026-03-14T02:00:55,0.0005
8,215-239,1773425132,2026-03-14T02:05:32,0.0005
8,215-239,1773425434,2026-03-14T02:10:34,0.0005
8,215-239,1773425732,2026-03-14T02:15:32,0.0005
8,215-239,1773426030,2026-03-14T02:20:30,0.0005
8,215-239,1773426331,2026-03-14T02:25:31,0.0005
8,215-239,1773426634,2026-03-14T02:30:34,0.0005
8,215-239,1773426930,2026-03-14T02:35:30,0.0005
8,215-239,1773427231,2026-03-14T02:40:31,0.0005
8,215-239,1773427532,2026-03-14T02:45:32,0.0005
8,215-239,1773427829,2026-03-14T02:50:29,0.0005
8,215-239,1773428132,2026-03-14T02:55:32,0.0005
8,215-239,1773428449,2026-03-14T03:00:49,0.0005
8,215-239,1773428729,2026-03-14T03:05:29,0.0015
8,215-239,1773429030,2026-03-14T03:10:30,0.0015
8,215-239,1773429331,2026-03-14T03:15:31,0.0015
8,215-239,1773429631,2026-03-14T03:20:31,0.0005
8,215-239,1773429943,2026-03-14T03:25:43,0.0005
8,215-239,1773430241,2026-03-14T03:30:41,0.0005
8,215-239,1773430533,2026-03-14T03:35:33,0.0005
8,215-239,1773430830,2026-03-14T03:40:30,0.0005
8,215-239,1773431132,2026-03-14T03:45:32,0.0005
8,215-239,1773431436,2026-03-14T03:50:36,0.0005
8,215-239,1773431732,2026-03-14T03:55:32,0.0005
8,215-239,1773432036,2026-03-14T04:00:36,0.0005
8,215-239,1773432331,2026-03-14T04:05:31,0.0005
8,215-239,1773432629,2026-03-14T04:10:29,0.0005
8,215-239,1773432948,2026-03-14T04:15:48,0.0005
8,215-239,1773433244,2026-03-14T04:20:44,0.0005
8,215-239,1773433528,2026-03-14T04:25:28,0.0005
8,215-239,1773433850,2026-03-14T04:30:50,0.0005
8,215-239,1773434129,2026-03-14T04:35:29,0.0005
8,215-239,1773434441,2026-03-14T04:40:41,0.0005
8,215-239,1773434733,2026-03-14T04:45:33,0.0005
8,215-239,1773435031,2026-03-14T04:50:31,0.0005
8,215-239,1773435331,2026-03-14T04:55:31,0.0005
8,215-239,1773435930,2026-03-14T05:05:30,0.0005
8,215-239,1773436231,2026-03-14T05:10:31,0.0005
8,215-239,1773436532,2026-03-14T05:15:32,0.0005
8,215-239,1773436828,2026-03-14T05:20:28,0.0005
8,215-239,1773437128,2026-03-14T05:25:28,0.0005
8,215-239,1773437433,2026-03-14T05:30:33,0.0005
8,215-239,1773437732,2026-03-14T05:35:32,0.0005
8,215-239,1773438029,2026-03-14T05:40:29,0.0005
8,215-239,1773438332,2026-03-14T05:45:32,0.0005
8,215-239,1773438631,2026-03-14T05:50:31,0.0005
8,215-239,1773438957,2026-03-14T05:55:57,0.0005
8,215-239,1773439247,2026-03-14T06:00:47,0.0005
8,215-239,1773439529,2026-03-14T06:05:29,0.0005
8,215-239,1773439830,2026-03-14T06:10:30,0.0005
8,215-239,1773440147,2026-03-14T06:15:47,0.0005
8,215-239,1773440429,2026-03-14T06:20:29,0.0005
8,215-239,1773440730,2026-03-14T06:25:30,0.0005
8,215-239,1773441039,2026-03-14T06:30:39,0.0005
8,215-239,1773441333,2026-03-14T06:35:33,0.0005
8,215-239,1773441633,2026-03-14T06:40:33,0.0005
8,215-239,1773441931,2026-03-14T06:45:31,0.0005
8,215-239,1773442233,2026-03-14T06:50:33,0.0005
8,215-239,1773442546,2026-03-14T06:55:46,0.0005
8,215-239,1773442834,2026-03-14T07:00:34,0.0005
8,215-239,1773443133,2026-03-14T07:05:33,0.0005
8,215-239,1773443431,2026-03-14T07:10:31,0.0005
8,215-239,1773443731,2026-03-14T07:15:31,0.0005
8,215-239,1773444032,2026-03-14T07:20:32,0.0005
8,215-239,1773444330,2026-03-14T07:25:30,0.0005
8,215-239,1773444638,2026-03-14T07:30:38,0.0005
8,215-239,1773444934,2026-03-14T07:35:34,0.0005
8,215-239,1773445230,2026-03-14T07:40:30,0.0005
8,215-239,1773445535,2026-03-14T07:45:35,0.0005
8,215-239,1773445831,2026-03-14T07:50:31,0.0005
8,215-239,1773446129,2026-03-14T07:55:29,0.0005
8,215-239,1773446456,2026-03-14T08:00:56,0.0005
8,215-239,1773446735,2026-03-14T08:05:35,0.0005
8,215-239,1773447046,2026-03-14T08:10:46,0.0005
8,215-239,1773447330,2026-03-14T08:15:30,0.0005
8,215-239,1773447632,2026-03-14T08:20:32,0.0005
8,215-239,1773447936,2026-03-14T08:25:36,0.0005
8,215-239,1773448235,2026-03-14T08:30:35,0.0005
8,215-239,1773448534,2026-03-14T08:35:34,0.0005
8,215-239,1773449129,2026-03-14T08:45:29,0.0005
8,215-239,1773449430,2026-03-14T08:50:30,0.0005
8,215-239,1773449731,2026-03-14T08:55:31,0.0005
8,215-239,1773450036,2026-03-14T09:00:36,0.0005
8,215-239,1773450330,2026-03-14T09:05:30,0.0005
8,215-239,1773450630,2026-03-14T09:10:30,0.0005
8,215-239,1773450929,2026-03-14T09:15:29,0.0005
8,215-239,1773451229,2026-03-14T09:20:29,0.0005
8,215-239,1773451527,2026-03-14T09:25:27,0.0005
8,215-239,1773451845,2026-03-14T09:30:45,0.0005
8,215-239,1773452129,2026-03-14T09:35:29,0.0005
8,215-239,1773452430,2026-03-14T09:40:30,0.0005
8,215-239,1773452731,2026-03-14T09:45:31,0.0005
8,215-239,1773453032,2026-03-14T09:50:32,0.0005
8,215-239,1773453330,2026-03-14T09:55:30,0.0005
8,215-239,1773453635,2026-03-14T10:00:35,0.0005
8,215-239,1773453928,2026-03-14T10:05:28,0.0005
8,215-239,1773454229,2026-03-14T10:10:29,0.0005
8,215-239,1773454528,2026-03-14T10:15:28,0.0005
8,215-239,1773454831,2026-03-14T10:20:31,0.0005
8,215-239,1773455133,2026-03-14T10:25:33,0.0005
8,215-239,1773455442,2026-03-14T10:30:42,0.0005
8,215-239,1773455743,2026-03-14T10:35:43,0.0005
8,215-239,1773456030,2026-03-14T10:40:30,0.0005
8,215-239,1773456330,2026-03-14T10:45:30,0.0005
8,215-239,1773456629,2026-03-14T10:50:29,0.0005
8,215-239,1773456929,2026-03-14T10:55:29,0.0005
8,215-239,1773457256,2026-03-14T11:00:56,0.0005
8,215-239,1773457530,2026-03-14T11:05:30,0.0005
8,215-239,1773457829,2026-03-14T11:10:29,0.0005
8,215-239,1773458129,2026-03-14T11:15:29,0.0005
8,215-239,1773458433,2026-03-14T11:20:33,0.0005
8,215-239,1773458734,2026-03-14T11:25:34,0.0005
8,215-239,1773459038,2026-03-14T11:30:38,0.0005
8,215-239,1773459333,2026-03-14T11:35:33,0.0005
8,215-239,1773459633,2026-03-14T11:40:33,0.0005
8,215-239,1773459929,2026-03-14T11:45:29,0.0005
8,215-239,1773460231,2026-03-14T11:50:31,0.0005
8,215-239,1773460532,2026-03-14T11:55:32,0.0005
8,215-239,1773460834,2026-03-14T12:00:34,0.0005
8,215-239,1773461131,2026-03-14T12:05:31,0.0005
8,215-239,1773461432,2026-03-14T12:10:32,0.0005
8,215-239,1773461730,2026-03-14T12:15:30,0.0005
8,215-239,1773462039,2026-03-14T12:20:39,0.0005
8,215-239,1773462331,2026-03-14T12:25:31,0.0005
8,215-239,1773462638,2026-03-14T12:30:38,0.0005
8,215-239,1773462929,2026-03-14T12:35:29,0.0005
8,215-239,1773463228,2026-03-14T12:40:28,0.0005
8,215-239,1773463532,2026-03-14T12:45:32,0.0005
8,215-239,1773463838,2026-03-14T12:50:38,0.0005
8,215-239,1773464129,2026-03-14T12:55:29,0.0005
8,215-239,1773464435,2026-03-14T13:00:35,0.0005
8,215-239,1773464730,2026-03-14T13:05:30,0.0005
8,215-239,1773465033,2026-03-14T13:10:33,0.0005
8,215-239,1773465334,2026-03-14T13:15:34,0.0005
8,215-239,1773465631,2026-03-14T13:20:31,0.0005
8,215-239,1773465933,2026-03-14T13:25:33,0.0005
8,215-239,1773466236,2026-03-14T13:30:36,0.0005
8,215-239,1773466528,2026-03-14T13:35:28,0.0005
8,215-239,1773466831,2026-03-14T13:40:31,0.0005
8,215-239,1773467131,2026-03-14T13:45:31,0.0005
8,215-239,1773467430,2026-03-14T13:50:30,0.0005
8,215-239,1773467730,2026-03-14T13:55:30,0.0005
8,215-239,1773468055,2026-03-14T14:00:55,0.0005
8,215-239,1773468332,2026-03-14T14:05:32,0.0005
8,215-239,1773468631,2026-03-14T14:10:31,0.0005
8,215-239,1773468934,2026-03-14T14:15:34,0.0005
8,215-239,1773469230,2026-03-14T14:20:30,0.0005
8,215-239,1773469529,2026-03-14T14:25:29,0.0005
8,215-239,1773469835,2026-03-14T14:30:35,0.0005
8,215-239,1773470141,2026-03-14T14:35:41,0.0005
8,215-239,1773470430,2026-03-14T14:40:30,0.0005
8,215-239,1773470745,2026-03-14T14:45:45,0.0005
8,215-239,1773471033,2026-03-14T14:50:33,0.0005
8,215-239,1773471331,2026-03-14T14:55:31,0.0005
8,215-239,1773471635,2026-03-14T15:00:35,0.0005
8,215-239,1773471933,2026-03-14T15:05:33,0.0005
8,215-239,1773472233,2026-03-14T15:10:33,0.0005
8,215-239,1773472531,2026-03-14T15:15:31,0.0005
8,215-239,1773472829,2026-03-14T15:20:29,0.0005
8,215-239,1773473132,2026-03-14T15:25:32,0.0005
8,215-239,1773473438,2026-03-14T15:30:38,0.0005
8,215-239,1773473734,2026-03-14T15:35:34,0.0005
8,215-239,1773474031,2026-03-14T15:40:31,0.0005
8,215-239,1773474339,2026-03-14T15:45:39,0.0005
8,215-239,1773474631,2026-03-14T15:50:31,0.0005
8,215-239,1773474929,2026-03-14T15:55:29,0.0005
8,215-239,1773475237,2026-03-14T16:00:37,0.0005
8,215-239,1773475532,2026-03-14T16:05:32,0.0005
8,215-239,1773475829,2026-03-14T16:10:29,0.0005
8,215-239,1773476131,2026-03-14T16:15:31,0.0005
8,215-239,1773476430,2026-03-14T16:20:30,0.0005
8,215-239,1773476727,2026-03-14T16:25:27,0.0005
8,215-239,1773477033,2026-03-14T16:30:33,0.0005
8,215-239,1773477331,2026-03-14T16:35:31,0.0005
8,215-239,1773477629,2026-03-14T16:40:29,0.0005
8,215-239,1773477944,2026-03-14T16:45:44,0.0005
8,215-239,1773478231,2026-03-14T16:50:31,0.0005
8,215-239,1773478532,2026-03-14T16:55:32,0.0005
8,215-239,1773478853,2026-03-14T17:00:53,0.0005
8,215-239,1773479129,2026-03-14T17:05:29,0.0005
8,215-239,1773479430,2026-03-14T17:10:30,0.0005
8,215-239,1773479730,2026-03-14T17:15:30,0.0005
8,215-239,1773480031,2026-03-14T17:20:31,0.0005
8,215-239,1773480331,2026-03-14T17:25:31,0.0005
8,215-239,1773480636,2026-03-14T17:30:36,0.0005
8,215-239,1773480928,2026-03-14T17:35:28,0.0005
8,215-239,1773481229,2026-03-14T17:40:29,0.0005
8,215-239,1773481534,2026-03-14T17:45:34,0.0005
8,215-239,1773481829,2026-03-14T17:50:29,0.0005
8,215-239,1773482129,2026-03-14T17:55:29,0.0005
8,215-239,1773482435,2026-03-14T18:00:35,0.0005
8,215-239,1773482731,2026-03-14T18:05:31,0.0005
8,215-239,1773483038,2026-03-14T18:10:38,0.0005
8,215-239,1773483346,2026-03-14T18:15:46,0.0005
8,215-239,1773483634,2026-03-14T18:20:34,0.0005
8,215-239,1773483937,2026-03-14T18:25:37,0.0005
8,215-239,1773484235,2026-03-14T18:30:35,0.0005
8,215-239,1773484529,2026-03-14T18:35:29,0.0005
8,215-239,1773484834,2026-03-14T18:40:34,0.0005
8,215-239,1773485132,2026-03-14T18:45:32,0.0005
8,215-239,1773485438,2026-03-14T18:50:38,0.0005
8,215-239,1773485729,2026-03-14T18:55:29,0.0005
8,215-239,1773486037,2026-03-14T19:00:37,0.0005
8,215-239,1773486333,2026-03-14T19:05:33,0.0005
8,215-239,1773486629,2026-03-14T19:10:29,0.0005
8,215-239,1773486929,2026-03-14T19:15:29,0.0005
8,215-239,1773487233,2026-03-14T19:20:33,0.0005
8,215-239,1773487533,2026-03-14T19:25:33,0.0005
8,215-239,1773487846,2026-03-14T19:30:46,0.0005
8,215-239,1773488132,2026-03-14T19:35:32,0.0005
8,215-239,1773488429,2026-03-14T19:40:29,0.0005
8,215-239,1773488730,2026-03-14T19:45:30,0.0005
8,215-239,1773489035,2026-03-14T19:50:35,0.0005
8,215-239,1773489334,2026-03-14T19:55:34,0.0005
8,215-239,1773489934,2026-03-14T20:05:34,0.0005
8,215-239,1773490231,2026-03-14T20:10:31,0.0005
8,215-239,1773490531,2026-03-14T20:15:31,0.0005
8,215-239,1773490831,2026-03-14T20:20:31,0.0005
8,215-239,1773491143,2026-03-14T20:25:43,0.0005
8,215-239,1773491459,2026-03-14T20:30:59,0.0005
8,215-239,1773491733,2026-03-14T20:35:33,0.0005
8,215-239,1773492033,2026-03-14T20:40:33,0.0005
8,215-239,1773492342,2026-03-14T20:45:42,0.0005
8,215-239,1773492630,2026-03-14T20:50:30,0.0005
8,215-239,1773492933,2026-03-14T20:55:33,0.0005
8,215-239,1773493532,2026-03-14T21:05:32,0.0005
8,215-239,1773493832,2026-03-14T21:10:32,0.0005
8,215-239,1773494133,2026-03-14T21:15:33,0.0005
8,215-239,1773494433,2026-03-14T21:20:33,0.0005
8,215-239,1773494732,2026-03-14T21:25:32,0.0005
8,215-239,1773495040,2026-03-14T21:30:40,0.0005
8,215-239,1773495335,2026-03-14T21:35:35,0.0005
8,215-239,1773495631,2026-03-14T21:40:31,0.0005
8,215-239,1773495944,2026-03-14T21:45:44,0.0005
8,215-239,1773496243,2026-03-14T21:50:43,0.0005
8,215-239,1773496533,2026-03-14T21:55:33,0.0005
8,215-239,1773496838,2026-03-14T22:00:38,0.0005
8,215-239,1773497133,2026-03-14T22:05:33,0.0005
8,215-239,1773497430,2026-03-14T22:10:30,0.0005
8,215-239,1773497733,2026-03-14T22:15:33,0.0005
8,215-239,1773498034,2026-03-14T22:20:34,0.0005
8,215-239,1773498330,2026-03-14T22:25:30,0.0005
8,215-239,1773498639,2026-03-14T22:30:39,0.0005
8,215-239,1773498907,2026-03-14T22:35:07,0.0005
8,215-239,1773498956,2026-03-14T22:35:56,0.0005
8,215-239,1773499231,2026-03-14T22:40:31,0.0005
8,215-239,1773499533,2026-03-14T22:45:33,0.0005
8,215-239,1773499829,2026-03-14T22:50:29,0.0005
8,215-239,1773500129,2026-03-14T22:55:29,0.0005
8,215-239,1773500457,2026-03-14T23:00:57,0.0005
8,215-239,1773500731,2026-03-14T23:05:31,0.0005
8,215-239,1773501032,2026-03-14T23:10:32,0.0005
8,215-239,1773501331,2026-03-14T23:15:31,0.0005
8,215-239,1773501630,2026-03-14T23:20:30,0.0005
8,215-239,1773501933,2026-03-14T23:25:33,0.0005
8,215-239,1773502247,2026-03-14T23:30:47,0.0005
8,215-239,1773502533,2026-03-14T23:35:33,0.0005
8,215-239,1773502830,2026-03-14T23:40:30,0.0005
8,215-239,1773503130,2026-03-14T23:45:30,0.0005
8,215-239,1773503431,2026-03-14T23:50:31,0.0005
8,215-239,1773503732,2026-03-14T23:55:32,0.0005
8,215-239,1773504040,2026-03-15T00:00:40,0.0005
8,215-239,1773504333,2026-03-15T00:05:33,0.0005
8,215-239,1773504636,2026-03-15T00:10:36,0.0005
8,215-239,1773504930,2026-03-15T00:15:30,0.0005
8,215-239,1773505233,2026-03-15T00:20:33,0.0005
8,215-239,1773505533,2026-03-15T00:25:33,0.0005
8,215-239,1773505836,2026-03-15T00:30:36,0.0005
8,215-239,1773506131,2026-03-15T00:35:31,0.0005
8,215-239,1773506432,2026-03-15T00:40:32,0.0005
8,215-239,1773506734,2026-03-15T00:45:34,0.0005
8,215-239,1773507034,2026-03-15T00:50:34,0.0005
8,215-239,1773507334,2026-03-15T00:55:34,0.0005
8,215-239,1773507933,2026-03-15T01:05:33,0.0005
8,215-239,1773508232,2026-03-15T01:10:32,0.0005
8,215-239,1773508532,2026-03-15T01:15:32,0.0005
8,215-239,1773508831,2026-03-15T01:20:31,0.0005
8,215-239,1773509143,2026-03-15T01:25:43,0.0005
8,215-239,1773509444,2026-03-15T01:30:44,0.0005
8,215-239,1773509734,2026-03-15T01:35:34,0.0005
8,215-239,1773510028,2026-03-15T01:40:28,0.0005
8,215-239,1773510330,2026-03-15T01:45:30,0.0005
8,215-239,1773510630,2026-03-15T01:50:30,0.0005
8,215-239,1773510932,2026-03-15T01:55:32,0.0005
8,215-239,1773511254,2026-03-15T02:00:54,0.0005
8,215-239,1773511529,2026-03-15T02:05:29,0.0005
8,215-239,1773511831,2026-03-15T02:10:31,0.0005
8,215-239,1773512132,2026-03-15T02:15:32,0.0005
8,215-239,1773512430,2026-03-15T02:20:30,0.0005
8,215-239,1773512732,2026-03-15T02:25:32,0.0005
8,215-239,1773513036,2026-03-15T02:30:36,0.0005
8,215-239,1773513329,2026-03-15T02:35:29,0.0005
8,215-239,1773513629,2026-03-15T02:40:29,0.0005
9,240+,1773074721,2026-03-10T00:45:21,0.045
9,240+,1773075020,2026-03-10T00:50:20,0.041
9,240+,1773075320,2026-03-10T00:55:20,0.0145
9,240+,1773075632,2026-03-10T01:00:32,0.014
9,240+,1773075923,2026-03-10T01:05:23,0.0085
9,240+,1773076236,2026-03-10T01:10:36,0.008
9,240+,1773076521,2026-03-10T01:15:21,0.008
9,240+,1773076827,2026-03-10T01:20:27,0.008
9,240+,1773077123,2026-03-10T01:25:23,0.008
9,240+,1773077424,2026-03-10T01:30:24,0.008
9,240+,1773077723,2026-03-10T01:35:23,0.0075
9,240+,1773078021,2026-03-10T01:40:21,0.0075
9,240+,1773078325,2026-03-10T01:45:25,0.0105
9,240+,1773078621,2026-03-10T01:50:21,0.0105
9,240+,1773078921,2026-03-10T01:55:21,0.0105
9,240+,1773079231,2026-03-10T02:00:31,0.008
9,240+,1773079521,2026-03-10T02:05:21,0.006
9,240+,1773079822,2026-03-10T02:10:22,0.0045
9,240+,1773080122,2026-03-10T02:15:22,0.0045
9,240+,1773080420,2026-03-10T02:20:20,0.0045
9,240+,1773080725,2026-03-10T02:25:25,0.0045
9,240+,1773081024,2026-03-10T02:30:24,0.0045
9,240+,1773081321,2026-03-10T02:35:21,0.0045
9,240+,1773081620,2026-03-10T02:40:20,0.0045
9,240+,1773081922,2026-03-10T02:45:22,0.0045
9,240+,1773082222,2026-03-10T02:50:22,0.0045
9,240+,1773082522,2026-03-10T02:55:22,0.0045
9,240+,1773082826,2026-03-10T03:00:26,0.0045
9,240+,1773083123,2026-03-10T03:05:23,0.0045
9,240+,1773083424,2026-03-10T03:10:24,0.017
9,240+,1773083722,2026-03-10T03:15:22,0.0185
9,240+,1773084021,2026-03-10T03:20:21,0.0185
9,240+,1773084324,2026-03-10T03:25:24,0.0145
9,240+,1773084624,2026-03-10T03:30:24,0.0105
9,240+,1773084922,2026-03-10T03:35:22,0.0195
9,240+,1773085222,2026-03-10T03:40:22,0.0185
9,240+,1773085521,2026-03-10T03:45:21,0.0175
9,240+,1773085824,2026-03-10T03:50:24,0.008
9,240+,1773086122,2026-03-10T03:55:22,0.0055
9,240+,1773086425,2026-03-10T04:00:25,0.0065
9,240+,1773086722,2026-03-10T04:05:22,0.0065
9,240+,1773087021,2026-03-10T04:10:21,0.0065
9,240+,1773087324,2026-03-10T04:15:24,0.0065
9,240+,1773087623,2026-03-10T04:20:23,0.0065
9,240+,1773087924,2026-03-10T04:25:24,0.0065
9,240+,1773088224,2026-03-10T04:30:24,0.0065
9,240+,1773088521,2026-03-10T04:35:21,0.0065
9,240+,1773088823,2026-03-10T04:40:23,0.0065
9,240+,1773089121,2026-03-10T04:45:21,0.0065
9,240+,1773089427,2026-03-10T04:50:27,0.0065
9,240+,1773089722,2026-03-10T04:55:22,0.0065
9,240+,1773090031,2026-03-10T05:00:31,0.0065
9,240+,1773090323,2026-03-10T05:05:23,0.0065
9,240+,1773090622,2026-03-10T05:10:22,0.0065
9,240+,1773090929,2026-03-10T05:15:29,0.0065
9,240+,1773091223,2026-03-10T05:20:23,0.0065
9,240+,1773091522,2026-03-10T05:25:22,0.0065
9,240+,1773091827,2026-03-10T05:30:27,0.0065
9,240+,1773092122,2026-03-10T05:35:22,0.0065
9,240+,1773092423,2026-03-10T05:40:23,0.0065
9,240+,1773092724,2026-03-10T05:45:24,0.0065
9,240+,1773093023,2026-03-10T05:50:23,0.0065
9,240+,1773093323,2026-03-10T05:55:23,0.0065
9,240+,1773093625,2026-03-10T06:00:25,0.0065
9,240+,1773093924,2026-03-10T06:05:24,0.0065
9,240+,1773094225,2026-03-10T06:10:25,0.0065
9,240+,1773094524,2026-03-10T06:15:24,0.0045
9,240+,1773094824,2026-03-10T06:20:24,0.0045
9,240+,1773095124,2026-03-10T06:25:24,0.0045
9,240+,1773095427,2026-03-10T06:30:27,0.0045
9,240+,1773095726,2026-03-10T06:35:26,0.0045
9,240+,1773096025,2026-03-10T06:40:25,0.0045
9,240+,1773096325,2026-03-10T06:45:25,0.0045
9,240+,1773096626,2026-03-10T06:50:26,0.0045
9,240+,1773096924,2026-03-10T06:55:24,0.0045
9,240+,1773097226,2026-03-10T07:00:26,0.0045
9,240+,1773097523,2026-03-10T07:05:23,0.0045
9,240+,1773097830,2026-03-10T07:10:30,0.0045
9,240+,1773098138,2026-03-10T07:15:38,0.0045
9,240+,1773098423,2026-03-10T07:20:23,0.0045
9,240+,1773098723,2026-03-10T07:25:23,0.0045
9,240+,1773099025,2026-03-10T07:30:25,0.0045
9,240+,1773099323,2026-03-10T07:35:23,0.0045
9,240+,1773099625,2026-03-10T07:40:25,0.0045
9,240+,1773099929,2026-03-10T07:45:29,0.0045
9,240+,1773100224,2026-03-10T07:50:24,0.0045
9,240+,1773100525,2026-03-10T07:55:25,0.0045
9,240+,1773100836,2026-03-10T08:00:36,0.0045
9,240+,1773101123,2026-03-10T08:05:23,0.0045
9,240+,1773101425,2026-03-10T08:10:25,0.0045
9,240+,1773101722,2026-03-10T08:15:22,0.0045
9,240+,1773102025,2026-03-10T08:20:25,0.0045
9,240+,1773102322,2026-03-10T08:25:22,0.0045
9,240+,1773102624,2026-03-10T08:30:24,0.0045
9,240+,1773102923,2026-03-10T08:35:23,0.0045
9,240+,1773103223,2026-03-10T08:40:23,0.0045
9,240+,1773103524,2026-03-10T08:45:24,0.004
9,240+,1773103822,2026-03-10T08:50:22,0.004
9,240+,1773104123,2026-03-10T08:55:23,0.004
9,240+,1773104424,2026-03-10T09:00:24,0.004
9,240+,1773104726,2026-03-10T09:05:26,0.004
9,240+,1773105022,2026-03-10T09:10:22,0.0045
9,240+,1773105323,2026-03-10T09:15:23,0.0045
9,240+,1773105626,2026-03-10T09:20:26,0.0045
9,240+,1773105925,2026-03-10T09:25:25,0.0045
9,240+,1773106240,2026-03-10T09:30:40,0.0045
9,240+,1773106523,2026-03-10T09:35:23,0.004
9,240+,1773106822,2026-03-10T09:40:22,0.004
9,240+,1773107125,2026-03-10T09:45:25,0.004
9,240+,1773107424,2026-03-10T09:50:24,0.004
9,240+,1773107723,2026-03-10T09:55:23,0.004
9,240+,1773108025,2026-03-10T10:00:25,0.004
9,240+,1773108322,2026-03-10T10:05:22,0.0045
9,240+,1773108625,2026-03-10T10:10:25,0.0045
9,240+,1773108923,2026-03-10T10:15:23,0.0045
9,240+,1773109222,2026-03-10T10:20:22,0.0045
9,240+,1773109523,2026-03-10T10:25:23,0.0045
9,240+,1773109829,2026-03-10T10:30:29,0.0045
9,240+,1773110123,2026-03-10T10:35:23,0.0045
9,240+,1773110422,2026-03-10T10:40:22,0.004
9,240+,1773110722,2026-03-10T10:45:22,0.004
9,240+,1773111026,2026-03-10T10:50:26,0.004
9,240+,1773111325,2026-03-10T10:55:25,0.004
9,240+,1773111629,2026-03-10T11:00:29,0.0045
9,240+,1773111923,2026-03-10T11:05:23,0.0045
9,240+,1773112223,2026-03-10T11:10:23,0.0045
9,240+,1773112523,2026-03-10T11:15:23,0.0045
9,240+,1773112824,2026-03-10T11:20:24,0.0045
9,240+,1773113125,2026-03-10T11:25:25,0.0045
9,240+,1773113427,2026-03-10T11:30:27,0.0045
9,240+,1773113722,2026-03-10T11:35:22,0.0045
9,240+,1773114025,2026-03-10T11:40:25,0.004
9,240+,1773114324,2026-03-10T11:45:24,0.004
9,240+,1773114622,2026-03-10T11:50:22,0.004
9,240+,1773114924,2026-03-10T11:55:24,0.004
9,240+,1773115230,2026-03-10T12:00:30,0.004
9,240+,1773115525,2026-03-10T12:05:25,0.0035
9,240+,1773115823,2026-03-10T12:10:23,0.0035
9,240+,1773116125,2026-03-10T12:15:25,0.0035
9,240+,1773116424,2026-03-10T12:20:24,0.0035
9,240+,1773116725,2026-03-10T12:25:25,0.0035
9,240+,1773117025,2026-03-10T12:30:25,0.0035
9,240+,1773117322,2026-03-10T12:35:22,0.0035
9,240+,1773117624,2026-03-10T12:40:24,0.0035
9,240+,1773117926,2026-03-10T12:45:26,0.0035
9,240+,1773118228,2026-03-10T12:50:28,0.0035
9,240+,1773118530,2026-03-10T12:55:30,0.0035
9,240+,1773118827,2026-03-10T13:00:27,0.0035
9,240+,1773119124,2026-03-10T13:05:24,0.0035
9,240+,1773119426,2026-03-10T13:10:26,0.0035
9,240+,1773119724,2026-03-10T13:15:24,0.0035
9,240+,1773120024,2026-03-10T13:20:24,0.0035
9,240+,1773120327,2026-03-10T13:25:27,0.0035
9,240+,1773120627,2026-03-10T13:30:27,0.0035
9,240+,1773120924,2026-03-10T13:35:24,0.0035
9,240+,1773121224,2026-03-10T13:40:24,0.0035
9,240+,1773121525,2026-03-10T13:45:25,0.0035
9,240+,1773121825,2026-03-10T13:50:25,0.003
9,240+,1773122125,2026-03-10T13:55:25,0.003
9,240+,1773122431,2026-03-10T14:00:31,0.003
9,240+,1773122724,2026-03-10T14:05:24,0.0035
9,240+,1773123024,2026-03-10T14:10:24,0.003
9,240+,1773123325,2026-03-10T14:15:25,0.0035
9,240+,1773123624,2026-03-10T14:20:24,0.0035
9,240+,1773123925,2026-03-10T14:25:25,0.0035
9,240+,1773124227,2026-03-10T14:30:27,0.0035
9,240+,1773124530,2026-03-10T14:35:30,0.0035
9,240+,1773124826,2026-03-10T14:40:26,0.0035
9,240+,1773125125,2026-03-10T14:45:25,0.0035
9,240+,1773125425,2026-03-10T14:50:25,0.0035
9,240+,1773125725,2026-03-10T14:55:25,0.0035
9,240+,1773126028,2026-03-10T15:00:28,0.003
9,240+,1773126325,2026-03-10T15:05:25,0.003
9,240+,1773126623,2026-03-10T15:10:23,0.003
9,240+,1773126923,2026-03-10T15:15:23,0.003
9,240+,1773127223,2026-03-10T15:20:23,0.003
9,240+,1773127526,2026-03-10T15:25:26,0.003
9,240+,1773127828,2026-03-10T15:30:28,0.003
9,240+,1773128124,2026-03-10T15:35:24,0.003
9,240+,1773128429,2026-03-10T15:40:29,0.003
9,240+,1773128724,2026-03-10T15:45:24,0.003
9,240+,1773129025,2026-03-10T15:50:25,0.003
9,240+,1773129323,2026-03-10T15:55:23,0.003
9,240+,1773129625,2026-03-10T16:00:25,0.003
9,240+,1773129924,2026-03-10T16:05:24,0.003
9,240+,1773130224,2026-03-10T16:10:24,0.003
9,240+,1773130524,2026-03-10T16:15:24,0.003
9,240+,1773130825,2026-03-10T16:20:25,0.003
9,240+,1773131124,2026-03-10T16:25:24,0.003
9,240+,1773131427,2026-03-10T16:30:27,0.003
9,240+,1773131727,2026-03-10T16:35:27,0.003
9,240+,1773132023,2026-03-10T16:40:23,0.003
9,240+,1773132327,2026-03-10T16:45:27,0.003
9,240+,1773132625,2026-03-10T16:50:25,0.0035
9,240+,1773132924,2026-03-10T16:55:24,0.0035
9,240+,1773133241,2026-03-10T17:00:41,0.0035
9,240+,1773133526,2026-03-10T17:05:26,0.0035
9,240+,1773133826,2026-03-10T17:10:26,0.0035
9,240+,1773134134,2026-03-10T17:15:34,0.0035
9,240+,1773134426,2026-03-10T17:20:26,0.0035
9,240+,1773134726,2026-03-10T17:25:26,0.0035
9,240+,1773135025,2026-03-10T17:30:25,0.0035
9,240+,1773135325,2026-03-10T17:35:25,0.0035
9,240+,1773135626,2026-03-10T17:40:26,0.0035
9,240+,1773135923,2026-03-10T17:45:23,0.0035
9,240+,1773136223,2026-03-10T17:50:23,0.0035
9,240+,1773136523,2026-03-10T17:55:23,0.0035
9,240+,1773136838,2026-03-10T18:00:38,0.0035
9,240+,1773137127,2026-03-10T18:05:27,0.0035
9,240+,1773137423,2026-03-10T18:10:23,0.0035
9,240+,1773137725,2026-03-10T18:15:25,0.0035
9,240+,1773138027,2026-03-10T18:20:27,0.0035
9,240+,1773138324,2026-03-10T18:25:24,0.0035
9,240+,1773138628,2026-03-10T18:30:28,0.0035
9,240+,1773138926,2026-03-10T18:35:26,0.0035
9,240+,1773139227,2026-03-10T18:40:27,0.0035
9,240+,1773139526,2026-03-10T18:45:26,0.0035
9,240+,1773139825,2026-03-10T18:50:25,0.0035
9,240+,1773140128,2026-03-10T18:55:28,0.0035
9,240+,1773140426,2026-03-10T19:00:26,0.0035
9,240+,1773140727,2026-03-10T19:05:27,0.0035
9,240+,1773141024,2026-03-10T19:10:24,0.0035
9,240+,1773141329,2026-03-10T19:15:29,0.0035
9,240+,1773141624,2026-03-10T19:20:24,0.0035
9,240+,1773141926,2026-03-10T19:25:26,0.0035
9,240+,1773142228,2026-03-10T19:30:28,0.0035
9,240+,1773142523,2026-03-10T19:35:23,0.0035
9,240+,1773142823,2026-03-10T19:40:23,0.0035
9,240+,1773143125,2026-03-10T19:45:25,0.0035
9,240+,1773143427,2026-03-10T19:50:27,0.0035
9,240+,1773143724,2026-03-10T19:55:24,0.0035
9,240+,1773144040,2026-03-10T20:00:40,0.0035
9,240+,1773144327,2026-03-10T20:05:27,0.0035
9,240+,1773144652,2026-03-10T20:10:52,0.0035
9,240+,1773144927,2026-03-10T20:15:27,0.0035
9,240+,1773145227,2026-03-10T20:20:27,0.0035
9,240+,1773145526,2026-03-10T20:25:26,0.0035
9,240+,1773145831,2026-03-10T20:30:31,0.004
9,240+,1773146124,2026-03-10T20:35:24,0.004
9,240+,1773146426,2026-03-10T20:40:26,0.004
9,240+,1773146741,2026-03-10T20:45:41,0.004
9,240+,1773147025,2026-03-10T20:50:25,0.004
9,240+,1773147324,2026-03-10T20:55:24,0.004
9,240+,1773147631,2026-03-10T21:00:31,0.004
9,240+,1773147928,2026-03-10T21:05:28,0.004
9,240+,1773148226,2026-03-10T21:10:26,0.004
9,240+,1773148524,2026-03-10T21:15:24,0.0035
9,240+,1773148825,2026-03-10T21:20:25,0.0035
9,240+,1773149124,2026-03-10T21:25:24,0.0035
9,240+,1773149431,2026-03-10T21:30:31,0.0035
9,240+,1773149727,2026-03-10T21:35:27,0.0035
9,240+,1773150027,2026-03-10T21:40:27,0.0035
9,240+,1773150325,2026-03-10T21:45:25,0.0035
9,240+,1773150627,2026-03-10T21:50:27,0.0035
9,240+,1773150927,2026-03-10T21:55:27,0.0035
9,240+,1773151230,2026-03-10T22:00:30,0.0035
9,240+,1773151525,2026-03-10T22:05:25,0.0035
9,240+,1773151827,2026-03-10T22:10:27,0.0035
9,240+,1773152125,2026-03-10T22:15:25,0.0035
9,240+,1773152425,2026-03-10T22:20:25,0.0035
9,240+,1773152726,2026-03-10T22:25:26,0.0035
9,240+,1773153031,2026-03-10T22:30:31,0.0035
9,240+,1773153343,2026-03-10T22:35:43,0.0035
9,240+,1773153626,2026-03-10T22:40:26,0.0035
9,240+,1773153926,2026-03-10T22:45:26,0.0035
9,240+,1773154239,2026-03-10T22:50:39,0.0035
9,240+,1773154531,2026-03-10T22:55:31,0.0035
9,240+,1773154840,2026-03-10T23:00:40,0.0035
9,240+,1773155123,2026-03-10T23:05:23,0.0035
9,240+,1773155424,2026-03-10T23:10:24,0.0035
9,240+,1773155724,2026-03-10T23:15:24,0.0035
9,240+,1773156024,2026-03-10T23:20:24,0.0035
9,240+,1773156326,2026-03-10T23:25:26,0.0035
9,240+,1773156630,2026-03-10T23:30:30,0.0035
9,240+,1773156925,2026-03-10T23:35:25,0.0035
9,240+,1773157225,2026-03-10T23:40:25,0.0035
9,240+,1773157527,2026-03-10T23:45:27,0.0035
9,240+,1773157832,2026-03-10T23:50:32,0.0035
9,240+,1773158123,2026-03-10T23:55:23,0.0035
9,240+,1773158434,2026-03-11T00:00:34,0.0035
9,240+,1773158724,2026-03-11T00:05:24,0.0035
9,240+,1773159027,2026-03-11T00:10:27,0.0035
9,240+,1773159324,2026-03-11T00:15:24,0.0035
9,240+,1773159628,2026-03-11T00:20:28,0.0035
9,240+,1773159924,2026-03-11T00:25:24,0.0035
9,240+,1773160229,2026-03-11T00:30:29,0.0035
9,240+,1773160524,2026-03-11T00:35:24,0.0035
9,240+,1773160826,2026-03-11T00:40:26,0.0035
9,240+,1773161130,2026-03-11T00:45:30,0.0035
9,240+,1773161426,2026-03-11T00:50:26,0.0035
9,240+,1773161724,2026-03-11T00:55:24,0.0035
9,240+,1773162027,2026-03-11T01:00:27,0.0035
9,240+,1773162324,2026-03-11T01:05:24,0.0035
9,240+,1773162625,2026-03-11T01:10:25,0.0035
9,240+,1773162927,2026-03-11T01:15:27,0.0035
9,240+,1773163226,2026-03-11T01:20:26,0.0035
9,240+,1773163530,2026-03-11T01:25:30,0.0035
9,240+,1773163829,2026-03-11T01:30:29,0.0035
9,240+,1773164124,2026-03-11T01:35:24,0.0035
9,240+,1773164428,2026-03-11T01:40:28,0.0035
9,240+,1773164727,2026-03-11T01:45:27,0.0035
9,240+,1773165026,2026-03-11T01:50:26,0.0035
9,240+,1773165326,2026-03-11T01:55:26,0.0035
9,240+,1773165638,2026-03-11T02:00:38,0.0035
9,240+,1773165928,2026-03-11T02:05:28,0.0035
9,240+,1773166226,2026-03-11T02:10:26,0.0035
9,240+,1773166525,2026-03-11T02:15:25,0.0045
9,240+,1773166827,2026-03-11T02:20:27,0.0045
9,240+,1773167138,2026-03-11T02:25:38,0.0045
9,240+,1773167431,2026-03-11T02:30:31,0.0045
9,240+,1773167724,2026-03-11T02:35:24,0.0045
9,240+,1773168026,2026-03-11T02:40:26,0.0035
9,240+,1773168330,2026-03-11T02:45:30,0.0035
9,240+,1773168626,2026-03-11T02:50:26,0.0035
9,240+,1773168924,2026-03-11T02:55:24,0.0035
9,240+,1773169229,2026-03-11T03:00:29,0.004
9,240+,1773169535,2026-03-11T03:05:35,0.0035
9,240+,1773169826,2026-03-11T03:10:26,0.003
9,240+,1773170124,2026-03-11T03:15:24,0.003
9,240+,1773170426,2026-03-11T03:20:26,0.003
9,240+,1773170728,2026-03-11T03:25:28,0.0045
9,240+,1773171028,2026-03-11T03:30:28,0.0035
9,240+,1773171325,2026-03-11T03:35:25,0.0035
9,240+,1773171627,2026-03-11T03:40:27,0.0035
9,240+,1773171928,2026-03-11T03:45:28,0.0035
9,240+,1773172226,2026-03-11T03:50:26,0.0035
9,240+,1773172526,2026-03-11T03:55:26,0.0035
9,240+,1773172830,2026-03-11T04:00:30,0.0035
9,240+,1773173126,2026-03-11T04:05:26,0.0035
9,240+,1773173425,2026-03-11T04:10:25,0.0035
9,240+,1773173726,2026-03-11T04:15:26,0.0035
9,240+,1773174028,2026-03-11T04:20:28,0.0035
9,240+,1773174324,2026-03-11T04:25:24,0.0035
9,240+,1773174627,2026-03-11T04:30:27,0.0035
9,240+,1773174925,2026-03-11T04:35:25,0.0035
9,240+,1773175227,2026-03-11T04:40:27,0.0035
9,240+,1773175525,2026-03-11T04:45:25,0.003
9,240+,1773175826,2026-03-11T04:50:26,0.003
9,240+,1773176127,2026-03-11T04:55:27,0.003
9,240+,1773176438,2026-03-11T05:00:38,0.003
9,240+,1773176726,2026-03-11T05:05:26,0.003
9,240+,1773177024,2026-03-11T05:10:24,0.003
9,240+,1773177325,2026-03-11T05:15:25,0.003
9,240+,1773177646,2026-03-11T05:20:46,0.003
9,240+,1773177923,2026-03-11T05:25:23,0.0035
9,240+,1773178230,2026-03-11T05:30:30,0.0035
9,240+,1773178525,2026-03-11T05:35:25,0.0035
9,240+,1773178826,2026-03-11T05:40:26,0.0045
9,240+,1773179127,2026-03-11T05:45:27,0.005
9,240+,1773179427,2026-03-11T05:50:27,0.005
9,240+,1773179724,2026-03-11T05:55:24,0.0045
9,240+,1773180029,2026-03-11T06:00:29,0.0045
9,240+,1773180328,2026-03-11T06:05:28,0.0045
9,240+,1773180632,2026-03-11T06:10:32,0.0045
9,240+,1773180927,2026-03-11T06:15:27,0.0045
9,240+,1773181226,2026-03-11T06:20:26,0.0045
9,240+,1773181527,2026-03-11T06:25:27,0.0045
9,240+,1773181826,2026-03-11T06:30:26,0.0035
9,240+,1773182124,2026-03-11T06:35:24,0.0035
9,240+,1773182427,2026-03-11T06:40:27,0.0035
9,240+,1773182726,2026-03-11T06:45:26,0.0035
9,240+,1773183025,2026-03-11T06:50:25,0.0035
9,240+,1773183327,2026-03-11T06:55:27,0.0035
9,240+,1773183629,2026-03-11T07:00:29,0.0035
9,240+,1773183933,2026-03-11T07:05:33,0.0035
9,240+,1773184226,2026-03-11T07:10:26,0.0035
9,240+,1773184525,2026-03-11T07:15:25,0.0035
9,240+,1773184825,2026-03-11T07:20:25,0.0035
9,240+,1773185128,2026-03-11T07:25:28,0.0035
9,240+,1773185430,2026-03-11T07:30:30,0.0035
9,240+,1773185728,2026-03-11T07:35:28,0.0035
9,240+,1773186035,2026-03-11T07:40:35,0.0035
9,240+,1773186327,2026-03-11T07:45:27,0.0035
9,240+,1773186627,2026-03-11T07:50:27,0.0035
9,240+,1773186928,2026-03-11T07:55:28,0.0035
9,240+,1773187240,2026-03-11T08:00:40,0.0035
9,240+,1773187524,2026-03-11T08:05:24,0.0035
9,240+,1773187829,2026-03-11T08:10:29,0.0035
9,240+,1773188126,2026-03-11T08:15:26,0.0035
9,240+,1773188424,2026-03-11T08:20:24,0.0035
9,240+,1773188728,2026-03-11T08:25:28,0.0035
9,240+,1773189031,2026-03-11T08:30:31,0.0035
9,240+,1773189329,2026-03-11T08:35:29,0.004
9,240+,1773189626,2026-03-11T08:40:26,0.004
9,240+,1773189927,2026-03-11T08:45:27,0.004
9,240+,1773190225,2026-03-11T08:50:25,0.004
9,240+,1773190525,2026-03-11T08:55:25,0.004
9,240+,1773190830,2026-03-11T09:00:30,0.004
9,240+,1773191128,2026-03-11T09:05:28,0.004
9,240+,1773191424,2026-03-11T09:10:24,0.0035
9,240+,1773191727,2026-03-11T09:15:27,0.0035
9,240+,1773192027,2026-03-11T09:20:27,0.0035
9,240+,1773192326,2026-03-11T09:25:26,0.0035
9,240+,1773192630,2026-03-11T09:30:30,0.0035
9,240+,1773192925,2026-03-11T09:35:25,0.0035
9,240+,1773193227,2026-03-11T09:40:27,0.0035
9,240+,1773193524,2026-03-11T09:45:24,0.0035
9,240+,1773193833,2026-03-11T09:50:33,0.0035
9,240+,1773194124,2026-03-11T09:55:24,0.0035
9,240+,1773194430,2026-03-11T10:00:30,0.0035
9,240+,1773194728,2026-03-11T10:05:28,0.0035
9,240+,1773195027,2026-03-11T10:10:27,0.0035
9,240+,1773195326,2026-03-11T10:15:26,0.0035
9,240+,1773195627,2026-03-11T10:20:27,0.0035
9,240+,1773195930,2026-03-11T10:25:30,0.0035
9,240+,1773196227,2026-03-11T10:30:27,0.0035
9,240+,1773196531,2026-03-11T10:35:31,0.0035
9,240+,1773196825,2026-03-11T10:40:25,0.0035
9,240+,1773197132,2026-03-11T10:45:32,0.0035
9,240+,1773197427,2026-03-11T10:50:27,0.0035
9,240+,1773197725,2026-03-11T10:55:25,0.0035
9,240+,1773198038,2026-03-11T11:00:38,0.0035
9,240+,1773198325,2026-03-11T11:05:25,0.0035
9,240+,1773198638,2026-03-11T11:10:38,0.0035
9,240+,1773198927,2026-03-11T11:15:27,0.0035
9,240+,1773199228,2026-03-11T11:20:28,0.0035
9,240+,1773199524,2026-03-11T11:25:24,0.0035
9,240+,1773199827,2026-03-11T11:30:27,0.0035
9,240+,1773200127,2026-03-11T11:35:27,0.0035
9,240+,1773200427,2026-03-11T11:40:27,0.0035
9,240+,1773200727,2026-03-11T11:45:27,0.004
9,240+,1773201024,2026-03-11T11:50:24,0.0035
9,240+,1773201330,2026-03-11T11:55:30,0.0035
9,240+,1773201630,2026-03-11T12:00:30,0.008
9,240+,1773201928,2026-03-11T12:05:28,0.008
9,240+,1773202226,2026-03-11T12:10:26,0.008
9,240+,1773202542,2026-03-11T12:15:42,0.008
9,240+,1773202826,2026-03-11T12:20:26,0.008
9,240+,1773203123,2026-03-11T12:25:23,0.008
9,240+,1773203429,2026-03-11T12:30:29,0.008
9,240+,1773203727,2026-03-11T12:35:27,0.008
9,240+,1773204023,2026-03-11T12:40:23,0.008
9,240+,1773204334,2026-03-11T12:45:34,0.008
9,240+,1773204627,2026-03-11T12:50:27,0.008
9,240+,1773204924,2026-03-11T12:55:24,0.008
9,240+,1773205229,2026-03-11T13:00:29,0.008
9,240+,1773205525,2026-03-11T13:05:25,0.008
9,240+,1773205824,2026-03-11T13:10:24,0.008
9,240+,1773206129,2026-03-11T13:15:29,0.008
9,240+,1773206425,2026-03-11T13:20:25,0.008
9,240+,1773206723,2026-03-11T13:25:23,0.008
9,240+,1773207027,2026-03-11T13:30:27,0.008
9,240+,1773207325,2026-03-11T13:35:25,0.008
9,240+,1773207627,2026-03-11T13:40:27,0.007
9,240+,1773207926,2026-03-11T13:45:26,0.007
9,240+,1773208227,2026-03-11T13:50:27,0.007
9,240+,1773208524,2026-03-11T13:55:24,0.007
9,240+,1773208838,2026-03-11T14:00:38,0.0065
9,240+,1773209133,2026-03-11T14:05:33,0.005
9,240+,1773209424,2026-03-11T14:10:24,0.0045
9,240+,1773209724,2026-03-11T14:15:24,0.0045
9,240+,1773210025,2026-03-11T14:20:25,0.0045
9,240+,1773210326,2026-03-11T14:25:26,0.0045
9,240+,1773210640,2026-03-11T14:30:40,0.004
9,240+,1773210930,2026-03-11T14:35:30,0.0035
9,240+,1773211228,2026-03-11T14:40:28,0.0035
9,240+,1773211526,2026-03-11T14:45:26,0.0035
9,240+,1773211827,2026-03-11T14:50:27,0.0035
9,240+,1773212129,2026-03-11T14:55:29,0.0035
9,240+,1773212430,2026-03-11T15:00:30,0.0035
9,240+,1773212726,2026-03-11T15:05:26,0.0035
9,240+,1773213024,2026-03-11T15:10:24,0.0025
9,240+,1773213333,2026-03-11T15:15:33,0.0025
9,240+,1773213624,2026-03-11T15:20:24,0.0025
9,240+,1773213927,2026-03-11T15:25:27,0.0025
9,240+,1773214229,2026-03-11T15:30:29,0.0025
9,240+,1773214525,2026-03-11T15:35:25,0.0025
9,240+,1773214828,2026-03-11T15:40:28,0.0025
9,240+,1773215125,2026-03-11T15:45:25,0.0025
9,240+,1773215425,2026-03-11T15:50:25,0.0025
9,240+,1773215724,2026-03-11T15:55:24,0.0025
9,240+,1773216030,2026-03-11T16:00:30,0.0025
9,240+,1773216325,2026-03-11T16:05:25,0.007
9,240+,1773216624,2026-03-11T16:10:24,0.007
9,240+,1773216933,2026-03-11T16:15:33,0.0075
9,240+,1773217224,2026-03-11T16:20:24,0.0075
9,240+,1773217524,2026-03-11T16:25:24,0.008
9,240+,1773217828,2026-03-11T16:30:28,0.0055
9,240+,1773218123,2026-03-11T16:35:23,0.003
9,240+,1773218424,2026-03-11T16:40:24,0.007
9,240+,1773218727,2026-03-11T16:45:27,0.006
9,240+,1773219028,2026-03-11T16:50:28,0.0055
9,240+,1773219323,2026-03-11T16:55:23,0.0055
9,240+,1773219635,2026-03-11T17:00:35,0.0055
9,240+,1773219923,2026-03-11T17:05:23,0.006
9,240+,1773220227,2026-03-11T17:10:27,0.005
9,240+,1773220523,2026-03-11T17:15:23,0.005
9,240+,1773220824,2026-03-11T17:20:24,0.005
9,240+,1773221124,2026-03-11T17:25:24,0.005
9,240+,1773221430,2026-03-11T17:30:30,0.005
9,240+,1773221723,2026-03-11T17:35:23,0.005
9,240+,1773222024,2026-03-11T17:40:24,0.003
9,240+,1773222324,2026-03-11T17:45:24,0.0025
9,240+,1773222623,2026-03-11T17:50:23,0.0025
9,240+,1773222930,2026-03-11T17:55:30,0.0025
9,240+,1773223234,2026-03-11T18:00:34,0.0025
9,240+,1773223526,2026-03-11T18:05:26,0.0025
9,240+,1773223826,2026-03-11T18:10:26,0.0025
9,240+,1773224126,2026-03-11T18:15:26,0.0025
9,240+,1773224424,2026-03-11T18:20:24,0.0025
9,240+,1773224730,2026-03-11T18:25:30,0.005
9,240+,1773225029,2026-03-11T18:30:29,0.0045
9,240+,1773225326,2026-03-11T18:35:26,0.0045
9,240+,1773225624,2026-03-11T18:40:24,0.0045
9,240+,1773225927,2026-03-11T18:45:27,0.0045
9,240+,1773226223,2026-03-11T18:50:23,0.0045
9,240+,1773226529,2026-03-11T18:55:29,0.0045
9,240+,1773226831,2026-03-11T19:00:31,0.0035
9,240+,1773227123,2026-03-11T19:05:23,0.0025
9,240+,1773227426,2026-03-11T19:10:26,0.0025
9,240+,1773227727,2026-03-11T19:15:27,0.0025
9,240+,1773228024,2026-03-11T19:20:24,0.0025
9,240+,1773228324,2026-03-11T19:25:24,0.0025
9,240+,1773228629,2026-03-11T19:30:29,0.0025
9,240+,1773228928,2026-03-11T19:35:28,0.005
9,240+,1773229226,2026-03-11T19:40:26,0.005
9,240+,1773229525,2026-03-11T19:45:25,0.005
9,240+,1773229829,2026-03-11T19:50:29,0.0065
9,240+,1773230126,2026-03-11T19:55:26,0.006
9,240+,1773230450,2026-03-11T20:00:50,0.006
9,240+,1773230728,2026-03-11T20:05:28,0.0055
9,240+,1773231024,2026-03-11T20:10:24,0.005
9,240+,1773231323,2026-03-11T20:15:23,0.005
9,240+,1773231633,2026-03-11T20:20:33,0.0055
9,240+,1773231924,2026-03-11T20:25:24,0.005
9,240+,1773232238,2026-03-11T20:30:38,0.005
9,240+,1773232525,2026-03-11T20:35:25,0.006
9,240+,1773232824,2026-03-11T20:40:24,0.006
9,240+,1773233131,2026-03-11T20:45:31,0.0055
9,240+,1773233425,2026-03-11T20:50:25,0.0055
9,240+,1773233728,2026-03-11T20:55:28,0.0055
9,240+,1773234029,2026-03-11T21:00:29,0.004
9,240+,1773234326,2026-03-11T21:05:26,0.0025
9,240+,1773234625,2026-03-11T21:10:25,0.0025
9,240+,1773234928,2026-03-11T21:15:28,0.0025
9,240+,1773235229,2026-03-11T21:20:29,0.0025
9,240+,1773235526,2026-03-11T21:25:26,0.0025
9,240+,1773235827,2026-03-11T21:30:27,0.0025
9,240+,1773236127,2026-03-11T21:35:27,0.0055
9,240+,1773236426,2026-03-11T21:40:26,0.0055
9,240+,1773236730,2026-03-11T21:45:30,0.005
9,240+,1773237027,2026-03-11T21:50:27,0.005
9,240+,1773237327,2026-03-11T21:55:27,0.0035
9,240+,1773237630,2026-03-11T22:00:30,0.0025
9,240+,1773237927,2026-03-11T22:05:27,0.0025
9,240+,1773238227,2026-03-11T22:10:27,0.0025
9,240+,1773238525,2026-03-11T22:15:25,0.0025
9,240+,1773238826,2026-03-11T22:20:26,0.0025
9,240+,1773239128,2026-03-11T22:25:28,0.0025
9,240+,1773239429,2026-03-11T22:30:29,0.0025
9,240+,1773239745,2026-03-11T22:35:45,0.0025
9,240+,1773240029,2026-03-11T22:40:29,0.0025
9,240+,1773240326,2026-03-11T22:45:26,0.0065
9,240+,1773240625,2026-03-11T22:50:25,0.0065
9,240+,1773240933,2026-03-11T22:55:33,0.0065
9,240+,1773241249,2026-03-11T23:00:49,0.0065
9,240+,1773241526,2026-03-11T23:05:26,0.0055
9,240+,1773241827,2026-03-11T23:10:27,0.0035
9,240+,1773242128,2026-03-11T23:15:28,0.0035
9,240+,1773242426,2026-03-11T23:20:26,0.0035
9,240+,1773242727,2026-03-11T23:25:27,0.0025
9,240+,1773243028,2026-03-11T23:30:28,0.0025
9,240+,1773243328,2026-03-11T23:35:28,0.0025
9,240+,1773243628,2026-03-11T23:40:28,0.0025
9,240+,1773243925,2026-03-11T23:45:25,0.0025
9,240+,1773244226,2026-03-11T23:50:26,0.0025
9,240+,1773244524,2026-03-11T23:55:24,0.0025
9,240+,1773244831,2026-03-12T00:00:31,0.0025
9,240+,1773245128,2026-03-12T00:05:28,0.0025
9,240+,1773245449,2026-03-12T00:10:49,0.0025
9,240+,1773245726,2026-03-12T00:15:26,0.0055
9,240+,1773246028,2026-03-12T00:20:28,0.0055
9,240+,1773246329,2026-03-12T00:25:29,0.0055
9,240+,1773246628,2026-03-12T00:30:28,0.0055
9,240+,1773246925,2026-03-12T00:35:25,0.004
9,240+,1773247230,2026-03-12T00:40:30,0.0025
9,240+,1773247528,2026-03-12T00:45:28,0.0025
9,240+,1773247826,2026-03-12T00:50:26,0.0025
9,240+,1773248125,2026-03-12T00:55:25,0.0025
9,240+,1773248445,2026-03-12T01:00:45,0.0025
9,240+,1773248730,2026-03-12T01:05:30,0.0025
9,240+,1773249026,2026-03-12T01:10:26,0.0025
9,240+,1773249328,2026-03-12T01:15:28,0.0025
9,240+,1773249625,2026-03-12T01:20:25,0.0025
9,240+,1773249926,2026-03-12T01:25:26,0.0025
9,240+,1773250230,2026-03-12T01:30:30,0.0025
9,240+,1773250525,2026-03-12T01:35:25,0.0025
9,240+,1773250830,2026-03-12T01:40:30,0.0025
9,240+,1773251126,2026-03-12T01:45:26,0.0025
9,240+,1773251428,2026-03-12T01:50:28,0.0025
9,240+,1773251735,2026-03-12T01:55:35,0.0025
9,240+,1773252036,2026-03-12T02:00:36,0.006
9,240+,1773252329,2026-03-12T02:05:29,0.0035
9,240+,1773252626,2026-03-12T02:10:26,0.0025
9,240+,1773252925,2026-03-12T02:15:25,0.0025
9,240+,1773253225,2026-03-12T02:20:25,0.0025
9,240+,1773253525,2026-03-12T02:25:25,0.0025
9,240+,1773253828,2026-03-12T02:30:28,0.0025
9,240+,1773254125,2026-03-12T02:35:25,0.0025
9,240+,1773254425,2026-03-12T02:40:25,0.0025
9,240+,1773254728,2026-03-12T02:45:28,0.0025
9,240+,1773255040,2026-03-12T02:50:40,0.0025
9,240+,1773255324,2026-03-12T02:55:24,0.0025
9,240+,1773255631,2026-03-12T03:00:31,0.0025
9,240+,1773255943,2026-03-12T03:05:43,0.0025
9,240+,1773256226,2026-03-12T03:10:26,0.0025
9,240+,1773256525,2026-03-12T03:15:25,0.0025
9,240+,1773256825,2026-03-12T03:20:25,0.0025
9,240+,1773257125,2026-03-12T03:25:25,0.0025
9,240+,1773257430,2026-03-12T03:30:30,0.0025
9,240+,1773257726,2026-03-12T03:35:26,0.0025
9,240+,1773258026,2026-03-12T03:40:26,0.0025
9,240+,1773258324,2026-03-12T03:45:24,0.0025
9,240+,1773258629,2026-03-12T03:50:29,0.0025
9,240+,1773258926,2026-03-12T03:55:26,0.0025
9,240+,1773259232,2026-03-12T04:00:32,0.0025
9,240+,1773259527,2026-03-12T04:05:27,0.0025
9,240+,1773259827,2026-03-12T04:10:27,0.0025
9,240+,1773260125,2026-03-12T04:15:25,0.0025
9,240+,1773260424,2026-03-12T04:20:24,0.0025
9,240+,1773260730,2026-03-12T04:25:30,0.0025
9,240+,1773261031,2026-03-12T04:30:31,0.0025
9,240+,1773261328,2026-03-12T04:35:28,0.0025
9,240+,1773261627,2026-03-12T04:40:27,0.0025
9,240+,1773261928,2026-03-12T04:45:28,0.0025
9,240+,1773262240,2026-03-12T04:50:40,0.0025
9,240+,1773262525,2026-03-12T04:55:25,0.0025
9,240+,1773262840,2026-03-12T05:00:40,0.0025
9,240+,1773263126,2026-03-12T05:05:26,0.0025
9,240+,1773263426,2026-03-12T05:10:26,0.0025
9,240+,1773263727,2026-03-12T05:15:27,0.0025
9,240+,1773264028,2026-03-12T05:20:28,0.0025
9,240+,1773264339,2026-03-12T05:25:39,0.0105
9,240+,1773264630,2026-03-12T05:30:30,0.004
9,240+,1773264925,2026-03-12T05:35:25,0.0025
9,240+,1773265229,2026-03-12T05:40:29,0.0025
9,240+,1773265539,2026-03-12T05:45:39,0.0025
9,240+,1773265827,2026-03-12T05:50:27,0.0025
9,240+,1773266126,2026-03-12T05:55:26,0.0025
9,240+,1773266431,2026-03-12T06:00:31,0.0025
9,240+,1773266740,2026-03-12T06:05:40,0.0025
9,240+,1773267026,2026-03-12T06:10:26,0.0025
9,240+,1773267327,2026-03-12T06:15:27,0.0025
9,240+,1773267628,2026-03-12T06:20:28,0.0025
9,240+,1773267924,2026-03-12T06:25:24,0.0025
9,240+,1773268232,2026-03-12T06:30:32,0.0025
9,240+,1773268527,2026-03-12T06:35:27,0.0025
9,240+,1773268826,2026-03-12T06:40:26,0.0025
9,240+,1773269132,2026-03-12T06:45:32,0.0025
9,240+,1773269429,2026-03-12T06:50:29,0.0025
9,240+,1773269730,2026-03-12T06:55:30,0.0025
9,240+,1773270029,2026-03-12T07:00:29,0.0025
9,240+,1773270328,2026-03-12T07:05:28,0.0025
9,240+,1773270628,2026-03-12T07:10:28,0.0025
9,240+,1773270929,2026-03-12T07:15:29,0.0025
9,240+,1773271245,2026-03-12T07:20:45,0.0025
9,240+,1773271527,2026-03-12T07:25:27,0.0025
9,240+,1773271828,2026-03-12T07:30:28,0.0025
9,240+,1773272125,2026-03-12T07:35:25,0.0025
9,240+,1773272433,2026-03-12T07:40:33,0.0025
9,240+,1773272725,2026-03-12T07:45:25,0.0025
9,240+,1773273030,2026-03-12T07:50:30,0.0025
9,240+,1773273326,2026-03-12T07:55:26,0.0025
9,240+,1773273641,2026-03-12T08:00:41,0.0025
9,240+,1773273924,2026-03-12T08:05:24,0.0025
9,240+,1773274227,2026-03-12T08:10:27,0.0025
9,240+,1773274527,2026-03-12T08:15:27,0.0025
9,240+,1773274826,2026-03-12T08:20:26,0.0025
9,240+,1773275125,2026-03-12T08:25:25,0.0025
9,240+,1773275430,2026-03-12T08:30:30,0.0025
9,240+,1773275727,2026-03-12T08:35:27,0.0025
9,240+,1773276024,2026-03-12T08:40:24,0.0025
9,240+,1773276327,2026-03-12T08:45:27,0.0025
9,240+,1773276623,2026-03-12T08:50:23,0.0025
9,240+,1773276925,2026-03-12T08:55:25,0.0025
9,240+,1773277229,2026-03-12T09:00:29,0.0025
9,240+,1773277526,2026-03-12T09:05:26,0.0025
9,240+,1773277823,2026-03-12T09:10:23,0.0025
9,240+,1773278127,2026-03-12T09:15:27,0.0025
9,240+,1773278427,2026-03-12T09:20:27,0.0025
9,240+,1773278724,2026-03-12T09:25:24,0.0025
9,240+,1773279026,2026-03-12T09:30:26,0.0025
9,240+,1773279327,2026-03-12T09:35:27,0.0025
9,240+,1773279625,2026-03-12T09:40:25,0.0025
9,240+,1773279924,2026-03-12T09:45:24,0.0025
9,240+,1773280226,2026-03-12T09:50:26,0.0025
9,240+,1773280524,2026-03-12T09:55:24,0.0025
9,240+,1773280829,2026-03-12T10:00:29,0.0025
9,240+,1773281127,2026-03-12T10:05:27,0.0025
9,240+,1773281426,2026-03-12T10:10:26,0.002
9,240+,1773281728,2026-03-12T10:15:28,0.002
9,240+,1773282028,2026-03-12T10:20:28,0.002
9,240+,1773282329,2026-03-12T10:25:29,0.002
9,240+,1773282631,2026-03-12T10:30:31,0.002
9,240+,1773282942,2026-03-12T10:35:42,0.002
9,240+,1773283239,2026-03-12T10:40:39,0.0015
9,240+,1773283528,2026-03-12T10:45:28,0.0015
9,240+,1773283826,2026-03-12T10:50:26,0.0015
9,240+,1773284127,2026-03-12T10:55:27,0.0015
9,240+,1773284439,2026-03-12T11:00:39,0.0015
9,240+,1773284728,2026-03-12T11:05:28,0.0015
9,240+,1773285025,2026-03-12T11:10:25,0.0015
9,240+,1773285325,2026-03-12T11:15:25,0.0015
9,240+,1773285623,2026-03-12T11:20:23,0.0015
9,240+,1773285926,2026-03-12T11:25:26,0.0015
9,240+,1773286234,2026-03-12T11:30:34,0.0015
9,240+,1773286527,2026-03-12T11:35:27,0.0015
9,240+,1773286827,2026-03-12T11:40:27,0.0015
9,240+,1773287135,2026-03-12T11:45:35,0.0015
9,240+,1773287423,2026-03-12T11:50:23,0.0015
9,240+,1773287725,2026-03-12T11:55:25,0.0015
9,240+,1773288030,2026-03-12T12:00:30,0.0015
9,240+,1773288325,2026-03-12T12:05:25,0.0015
9,240+,1773288627,2026-03-12T12:10:27,0.0015
9,240+,1773288926,2026-03-12T12:15:26,0.0015
9,240+,1773289226,2026-03-12T12:20:26,0.0015
9,240+,1773289525,2026-03-12T12:25:25,0.0015
9,240+,1773289829,2026-03-12T12:30:29,0.0015
9,240+,1773290128,2026-03-12T12:35:28,0.0015
9,240+,1773290424,2026-03-12T12:40:24,0.0015
9,240+,1773290724,2026-03-12T12:45:24,0.0015
9,240+,1773291031,2026-03-12T12:50:31,0.0015
9,240+,1773291324,2026-03-12T12:55:24,0.0015
9,240+,1773291632,2026-03-12T13:00:32,0.0015
9,240+,1773291925,2026-03-12T13:05:25,0.0015
9,240+,1773292224,2026-03-12T13:10:24,0.0015
9,240+,1773292526,2026-03-12T13:15:26,0.0015
9,240+,1773292825,2026-03-12T13:20:25,0.0015
9,240+,1773293127,2026-03-12T13:25:27,0.0015
9,240+,1773293429,2026-03-12T13:30:29,0.0015
9,240+,1773293727,2026-03-12T13:35:27,0.0015
9,240+,1773294025,2026-03-12T13:40:25,0.0015
9,240+,1773294324,2026-03-12T13:45:24,0.0015
9,240+,1773294626,2026-03-12T13:50:26,0.0015
9,240+,1773294924,2026-03-12T13:55:24,0.0015
9,240+,1773295240,2026-03-12T14:00:40,0.0015
9,240+,1773295524,2026-03-12T14:05:24,0.0015
9,240+,1773295825,2026-03-12T14:10:25,0.0015
9,240+,1773296125,2026-03-12T14:15:25,0.0015
9,240+,1773296425,2026-03-12T14:20:25,0.0015
9,240+,1773296725,2026-03-12T14:25:25,0.0015
9,240+,1773297027,2026-03-12T14:30:27,0.0015
9,240+,1773297330,2026-03-12T14:35:30,0.0015
9,240+,1773297624,2026-03-12T14:40:24,0.0015
9,240+,1773297927,2026-03-12T14:45:27,0.0015
9,240+,1773298223,2026-03-12T14:50:23,0.0015
9,240+,1773298526,2026-03-12T14:55:26,0.0015
9,240+,1773298831,2026-03-12T15:00:31,0.0015
9,240+,1773299126,2026-03-12T15:05:26,0.0015
9,240+,1773299424,2026-03-12T15:10:24,0.0015
9,240+,1773299727,2026-03-12T15:15:27,0.0015
9,240+,1773300024,2026-03-12T15:20:24,0.0015
9,240+,1773300325,2026-03-12T15:25:25,0.0015
9,240+,1773300629,2026-03-12T15:30:29,0.0015
9,240+,1773300924,2026-03-12T15:35:24,0.0015
9,240+,1773301225,2026-03-12T15:40:25,0.0015
9,240+,1773301525,2026-03-12T15:45:25,0.0015
9,240+,1773301826,2026-03-12T15:50:26,0.0015
9,240+,1773302123,2026-03-12T15:55:23,0.0015
9,240+,1773302432,2026-03-12T16:00:32,0.0015
9,240+,1773302726,2026-03-12T16:05:26,0.0015
9,240+,1773303024,2026-03-12T16:10:24,0.0015
9,240+,1773303326,2026-03-12T16:15:26,0.0015
9,240+,1773303624,2026-03-12T16:20:24,0.0015
9,240+,1773303929,2026-03-12T16:25:29,0.0015
9,240+,1773304227,2026-03-12T16:30:27,0.0015
9,240+,1773304524,2026-03-12T16:35:24,0.0015
9,240+,1773304829,2026-03-12T16:40:29,0.0015
9,240+,1773305124,2026-03-12T16:45:24,0.0015
9,240+,1773305427,2026-03-12T16:50:27,0.0015
9,240+,1773305734,2026-03-12T16:55:34,0.0015
9,240+,1773306036,2026-03-12T17:00:36,0.0015
9,240+,1773306325,2026-03-12T17:05:25,0.0015
9,240+,1773306624,2026-03-12T17:10:24,0.0015
9,240+,1773306923,2026-03-12T17:15:23,0.0015
9,240+,1773307223,2026-03-12T17:20:23,0.0015
9,240+,1773307525,2026-03-12T17:25:25,0.0015
9,240+,1773307829,2026-03-12T17:30:29,0.0015
9,240+,1773308126,2026-03-12T17:35:26,0.0015
9,240+,1773308423,2026-03-12T17:40:23,0.0015
9,240+,1773308726,2026-03-12T17:45:26,0.0015
9,240+,1773309024,2026-03-12T17:50:24,0.0015
9,240+,1773309326,2026-03-12T17:55:26,0.0015
9,240+,1773309654,2026-03-12T18:00:54,0.0015
9,240+,1773309926,2026-03-12T18:05:26,0.0015
9,240+,1773310227,2026-03-12T18:10:27,0.0015
9,240+,1773310527,2026-03-12T18:15:27,0.0015
9,240+,1773310827,2026-03-12T18:20:27,0.0015
9,240+,1773311128,2026-03-12T18:25:28,0.0015
9,240+,1773311429,2026-03-12T18:30:29,0.0015
9,240+,1773311724,2026-03-12T18:35:24,0.0015
9,240+,1773312027,2026-03-12T18:40:27,0.0015
9,240+,1773312326,2026-03-12T18:45:26,0.0015
9,240+,1773312627,2026-03-12T18:50:27,0.0015
9,240+,1773312926,2026-03-12T18:55:26,0.0015
9,240+,1773313229,2026-03-12T19:00:29,0.0015
9,240+,1773313523,2026-03-12T19:05:23,0.0015
9,240+,1773313832,2026-03-12T19:10:32,0.0015
9,240+,1773314123,2026-03-12T19:15:23,0.0015
9,240+,1773314423,2026-03-12T19:20:23,0.0015
9,240+,1773314725,2026-03-12T19:25:25,0.0015
9,240+,1773315031,2026-03-12T19:30:31,0.0015
9,240+,1773315325,2026-03-12T19:35:25,0.0015
9,240+,1773315626,2026-03-12T19:40:26,0.0015
9,240+,1773315926,2026-03-12T19:45:26,0.0015
9,240+,1773316225,2026-03-12T19:50:25,0.0015
9,240+,1773316524,2026-03-12T19:55:24,0.0015
9,240+,1773316850,2026-03-12T20:00:50,0.0015
9,240+,1773317126,2026-03-12T20:05:26,0.0015
9,240+,1773317432,2026-03-12T20:10:32,0.0015
9,240+,1773317727,2026-03-12T20:15:27,0.0015
9,240+,1773318023,2026-03-12T20:20:23,0.0015
9,240+,1773318327,2026-03-12T20:25:27,0.0015
9,240+,1773318643,2026-03-12T20:30:43,0.0015
9,240+,1773318924,2026-03-12T20:35:24,0.0015
9,240+,1773319237,2026-03-12T20:40:37,0.0015
9,240+,1773319524,2026-03-12T20:45:24,0.0015
9,240+,1773319823,2026-03-12T20:50:23,0.0015
9,240+,1773320123,2026-03-12T20:55:23,0.0015
9,240+,1773320442,2026-03-12T21:00:42,0.0015
9,240+,1773320726,2026-03-12T21:05:26,0.0015
9,240+,1773321027,2026-03-12T21:10:27,0.0015
9,240+,1773321327,2026-03-12T21:15:27,0.0015
9,240+,1773321625,2026-03-12T21:20:25,0.0015
9,240+,1773321923,2026-03-12T21:25:23,0.0015
9,240+,1773322230,2026-03-12T21:30:30,0.0015
9,240+,1773322527,2026-03-12T21:35:27,0.0015
9,240+,1773322827,2026-03-12T21:40:27,0.0015
9,240+,1773323131,2026-03-12T21:45:31,0.0015
9,240+,1773323426,2026-03-12T21:50:26,0.0015
9,240+,1773323726,2026-03-12T21:55:26,0.0015
9,240+,1773324034,2026-03-12T22:00:34,0.0015
9,240+,1773324325,2026-03-12T22:05:25,0.0015
9,240+,1773324629,2026-03-12T22:10:29,0.0015
9,240+,1773324926,2026-03-12T22:15:26,0.0015
9,240+,1773325226,2026-03-12T22:20:26,0.0015
9,240+,1773325526,2026-03-12T22:25:26,0.0015
9,240+,1773325830,2026-03-12T22:30:30,0.0015
9,240+,1773326428,2026-03-12T22:40:28,0.0015
9,240+,1773326729,2026-03-12T22:45:29,0.0015
9,240+,1773327025,2026-03-12T22:50:25,0.0015
9,240+,1773327325,2026-03-12T22:55:25,0.0015
9,240+,1773327641,2026-03-12T23:00:41,0.0015
9,240+,1773327925,2026-03-12T23:05:25,0.0015
9,240+,1773328230,2026-03-12T23:10:30,0.0015
9,240+,1773328526,2026-03-12T23:15:26,0.0015
9,240+,1773328828,2026-03-12T23:20:28,0.0015
9,240+,1773329128,2026-03-12T23:25:28,0.0015
9,240+,1773329431,2026-03-12T23:30:31,0.0015
9,240+,1773329726,2026-03-12T23:35:26,0.0015
9,240+,1773330026,2026-03-12T23:40:26,0.0015
9,240+,1773330327,2026-03-12T23:45:27,0.0015
9,240+,1773330627,2026-03-12T23:50:27,0.0015
9,240+,1773330925,2026-03-12T23:55:25,0.0015
9,240+,1773331232,2026-03-13T00:00:32,0.0015
9,240+,1773331529,2026-03-13T00:05:29,0.0015
9,240+,1773331829,2026-03-13T00:10:29,0.0015
9,240+,1773332127,2026-03-13T00:15:27,0.0015
9,240+,1773332428,2026-03-13T00:20:28,0.0015
9,240+,1773332728,2026-03-13T00:25:28,0.0015
9,240+,1773333027,2026-03-13T00:30:27,0.0015
9,240+,1773333324,2026-03-13T00:35:24,0.0015
9,240+,1773333633,2026-03-13T00:40:33,0.0015
9,240+,1773333927,2026-03-13T00:45:27,0.0015
9,240+,1773334230,2026-03-13T00:50:30,0.0015
9,240+,1773334528,2026-03-13T00:55:28,0.0015
9,240+,1773334856,2026-03-13T01:00:56,0.0015
9,240+,1773335127,2026-03-13T01:05:27,0.0015
9,240+,1773335427,2026-03-13T01:10:27,0.0015
9,240+,1773335729,2026-03-13T01:15:29,0.0015
9,240+,1773336029,2026-03-13T01:20:29,0.0015
9,240+,1773336332,2026-03-13T01:25:32,0.0015
9,240+,1773336639,2026-03-13T01:30:39,0.0015
9,240+,1773336932,2026-03-13T01:35:32,0.0015
9,240+,1773337229,2026-03-13T01:40:29,0.0015
9,240+,1773337529,2026-03-13T01:45:29,0.0015
9,240+,1773337829,2026-03-13T01:50:29,0.0015
9,240+,1773338128,2026-03-13T01:55:28,0.0015
9,240+,1773338444,2026-03-13T02:00:44,0.0015
9,240+,1773338729,2026-03-13T02:05:29,0.0015
9,240+,1773339026,2026-03-13T02:10:26,0.0015
9,240+,1773339329,2026-03-13T02:15:29,0.0015
9,240+,1773339629,2026-03-13T02:20:29,0.0015
9,240+,1773339924,2026-03-13T02:25:24,0.0015
9,240+,1773340229,2026-03-13T02:30:29,0.0015
9,240+,1773340528,2026-03-13T02:35:28,0.0015
9,240+,1773340828,2026-03-13T02:40:28,0.0015
9,240+,1773341128,2026-03-13T02:45:28,0.0015
9,240+,1773341425,2026-03-13T02:50:25,0.0015
9,240+,1773341726,2026-03-13T02:55:26,0.0015
9,240+,1773342028,2026-03-13T03:00:28,0.0015
9,240+,1773342333,2026-03-13T03:05:33,0.0015
9,240+,1773342628,2026-03-13T03:10:28,0.0015
9,240+,1773342929,2026-03-13T03:15:29,0.0015
9,240+,1773343230,2026-03-13T03:20:30,0.0015
9,240+,1773343526,2026-03-13T03:25:26,0.0015
9,240+,1773343829,2026-03-13T03:30:29,0.0015
9,240+,1773344129,2026-03-13T03:35:29,0.0015
9,240+,1773344428,2026-03-13T03:40:28,0.0015
9,240+,1773344729,2026-03-13T03:45:29,0.0015
9,240+,1773345033,2026-03-13T03:50:33,0.0015
9,240+,1773345327,2026-03-13T03:55:27,0.0015
9,240+,1773345633,2026-03-13T04:00:33,0.0015
9,240+,1773345929,2026-03-13T04:05:29,0.0015
9,240+,1773346224,2026-03-13T04:10:24,0.0015
9,240+,1773346527,2026-03-13T04:15:27,0.0015
9,240+,1773346827,2026-03-13T04:20:27,0.0015
9,240+,1773347127,2026-03-13T04:25:27,0.0015
9,240+,1773347430,2026-03-13T04:30:30,0.0015
9,240+,1773347728,2026-03-13T04:35:28,0.0015
9,240+,1773348027,2026-03-13T04:40:27,0.0015
9,240+,1773348327,2026-03-13T04:45:27,0.0015
9,240+,1773348626,2026-03-13T04:50:26,0.0015
9,240+,1773348927,2026-03-13T04:55:27,0.0015
9,240+,1773349240,2026-03-13T05:00:40,0.0015
9,240+,1773349527,2026-03-13T05:05:27,0.0015
9,240+,1773349827,2026-03-13T05:10:27,0.0015
9,240+,1773350128,2026-03-13T05:15:28,0.0015
9,240+,1773350429,2026-03-13T05:20:29,0.0015
9,240+,1773350730,2026-03-13T05:25:30,0.0015
9,240+,1773351031,2026-03-13T05:30:31,0.0015
9,240+,1773351324,2026-03-13T05:35:24,0.0015
9,240+,1773351625,2026-03-13T05:40:25,0.0015
9,240+,1773351928,2026-03-13T05:45:28,0.0015
9,240+,1773352234,2026-03-13T05:50:34,0.0015
9,240+,1773352527,2026-03-13T05:55:27,0.0015
9,240+,1773352831,2026-03-13T06:00:31,0.0015
9,240+,1773353128,2026-03-13T06:05:28,0.0015
9,240+,1773353429,2026-03-13T06:10:29,0.0015
9,240+,1773353729,2026-03-13T06:15:29,0.0015
9,240+,1773354031,2026-03-13T06:20:31,0.0015
9,240+,1773354329,2026-03-13T06:25:29,0.0015
9,240+,1773354630,2026-03-13T06:30:30,0.0015
9,240+,1773354926,2026-03-13T06:35:26,0.0015
9,240+,1773355225,2026-03-13T06:40:25,0.0015
9,240+,1773355528,2026-03-13T06:45:28,0.0015
9,240+,1773355827,2026-03-13T06:50:27,0.0015
9,240+,1773356127,2026-03-13T06:55:27,0.0015
9,240+,1773356433,2026-03-13T07:00:33,0.0015
9,240+,1773356729,2026-03-13T07:05:29,0.0015
9,240+,1773357027,2026-03-13T07:10:27,0.0005
9,240+,1773357328,2026-03-13T07:15:28,0.0005
9,240+,1773357627,2026-03-13T07:20:27,0.0005
9,240+,1773357925,2026-03-13T07:25:25,0.0005
9,240+,1773358231,2026-03-13T07:30:31,0.0005
9,240+,1773358527,2026-03-13T07:35:27,0.0005
9,240+,1773358830,2026-03-13T07:40:30,0.0005
9,240+,1773359126,2026-03-13T07:45:26,0.0005
9,240+,1773359428,2026-03-13T07:50:28,0.0005
9,240+,1773359729,2026-03-13T07:55:29,0.0005
9,240+,1773360057,2026-03-13T08:00:57,0.0005
9,240+,1773360327,2026-03-13T08:05:27,0.0005
9,240+,1773360628,2026-03-13T08:10:28,0.0005
9,240+,1773360928,2026-03-13T08:15:28,0.0005
9,240+,1773361227,2026-03-13T08:20:27,0.0005
9,240+,1773361528,2026-03-13T08:25:28,0.0005
9,240+,1773361833,2026-03-13T08:30:33,0.0005
9,240+,1773362127,2026-03-13T08:35:27,0.0005
9,240+,1773362425,2026-03-13T08:40:25,0.0005
9,240+,1773362726,2026-03-13T08:45:26,0.0005
9,240+,1773363029,2026-03-13T08:50:29,0.0005
9,240+,1773363326,2026-03-13T08:55:26,0.0005
9,240+,1773363632,2026-03-13T09:00:32,0.0005
9,240+,1773363926,2026-03-13T09:05:26,0.0005
9,240+,1773364226,2026-03-13T09:10:26,0.0005
9,240+,1773364529,2026-03-13T09:15:29,0.0005
9,240+,1773364827,2026-03-13T09:20:27,0.0005
9,240+,1773365130,2026-03-13T09:25:30,0.0005
9,240+,1773365427,2026-03-13T09:30:27,0.0005
9,240+,1773365725,2026-03-13T09:35:25,0.0005
9,240+,1773366026,2026-03-13T09:40:26,0.0005
9,240+,1773366327,2026-03-13T09:45:27,0.0005
9,240+,1773366633,2026-03-13T09:50:33,0.0005
9,240+,1773366927,2026-03-13T09:55:27,0.0005
9,240+,1773367232,2026-03-13T10:00:32,0.0005
9,240+,1773367539,2026-03-13T10:05:39,0.0005
9,240+,1773367827,2026-03-13T10:10:27,0.0005
9,240+,1773368127,2026-03-13T10:15:27,0.0005
9,240+,1773368430,2026-03-13T10:20:30,0.0005
9,240+,1773368733,2026-03-13T10:25:33,0.0005
9,240+,1773369032,2026-03-13T10:30:32,0.0005
9,240+,1773369329,2026-03-13T10:35:29,0.0005
9,240+,1773369627,2026-03-13T10:40:27,0.0005
9,240+,1773369928,2026-03-13T10:45:28,0.0005
9,240+,1773370224,2026-03-13T10:50:24,0.0005
9,240+,1773370529,2026-03-13T10:55:29,0.0005
9,240+,1773370838,2026-03-13T11:00:38,0.0005
9,240+,1773371127,2026-03-13T11:05:27,0.0005
9,240+,1773371426,2026-03-13T11:10:26,0.0005
9,240+,1773371726,2026-03-13T11:15:26,0.0005
9,240+,1773372026,2026-03-13T11:20:26,0.0005
9,240+,1773372325,2026-03-13T11:25:25,0.0005
9,240+,1773372630,2026-03-13T11:30:30,0.0005
9,240+,1773372925,2026-03-13T11:35:25,0.0005
9,240+,1773373227,2026-03-13T11:40:27,0.0005
9,240+,1773373528,2026-03-13T11:45:28,0.0005
9,240+,1773373827,2026-03-13T11:50:27,0.0005
9,240+,1773374124,2026-03-13T11:55:24,0.0005
9,240+,1773374431,2026-03-13T12:00:31,0.0005
9,240+,1773374728,2026-03-13T12:05:28,0.0005
9,240+,1773375027,2026-03-13T12:10:27,0.0005
9,240+,1773375325,2026-03-13T12:15:25,0.0005
9,240+,1773375624,2026-03-13T12:20:24,0.0005
9,240+,1773375927,2026-03-13T12:25:27,0.0005
9,240+,1773376226,2026-03-13T12:30:26,0.0005
9,240+,1773376526,2026-03-13T12:35:26,0.0005
9,240+,1773376827,2026-03-13T12:40:27,0.0005
9,240+,1773377125,2026-03-13T12:45:25,0.0005
9,240+,1773377431,2026-03-13T12:50:31,0.0005
9,240+,1773377725,2026-03-13T12:55:25,0.0005
9,240+,1773378028,2026-03-13T13:00:28,0.0005
9,240+,1773378325,2026-03-13T13:05:25,0.0005
9,240+,1773378639,2026-03-13T13:10:39,0.0005
9,240+,1773378934,2026-03-13T13:15:34,0.0005
9,240+,1773379228,2026-03-13T13:20:28,0.0005
9,240+,1773379529,2026-03-13T13:25:29,0.0005
9,240+,1773379833,2026-03-13T13:30:33,0.0005
9,240+,1773380125,2026-03-13T13:35:25,0.0005
9,240+,1773380427,2026-03-13T13:40:27,0.0005
9,240+,1773380729,2026-03-13T13:45:29,0.0005
9,240+,1773381028,2026-03-13T13:50:28,0.0005
9,240+,1773381326,2026-03-13T13:55:26,0.0005
9,240+,1773381639,2026-03-13T14:00:39,0.0005
9,240+,1773381925,2026-03-13T14:05:25,0.0005
9,240+,1773382224,2026-03-13T14:10:24,0.0005
9,240+,1773382534,2026-03-13T14:15:34,0.0005
9,240+,1773382828,2026-03-13T14:20:28,0.0005
9,240+,1773383126,2026-03-13T14:25:26,0.0005
9,240+,1773383431,2026-03-13T14:30:31,0.0005
9,240+,1773383733,2026-03-13T14:35:33,0.0005
9,240+,1773384024,2026-03-13T14:40:24,0.0005
9,240+,1773384327,2026-03-13T14:45:27,0.0005
9,240+,1773384628,2026-03-13T14:50:28,0.0005
9,240+,1773384924,2026-03-13T14:55:24,0.0005
9,240+,1773385238,2026-03-13T15:00:38,0.0005
9,240+,1773385524,2026-03-13T15:05:24,0.0005
9,240+,1773385827,2026-03-13T15:10:27,0.0005
9,240+,1773386129,2026-03-13T15:15:29,0.0005
9,240+,1773386425,2026-03-13T15:20:25,0.0005
9,240+,1773386723,2026-03-13T15:25:23,0.0005
9,240+,1773387032,2026-03-13T15:30:32,0.0005
9,240+,1773387326,2026-03-13T15:35:26,0.0005
9,240+,1773387629,2026-03-13T15:40:29,0.0005
9,240+,1773387925,2026-03-13T15:45:25,0.0005
9,240+,1773388228,2026-03-13T15:50:28,0.0005
9,240+,1773388527,2026-03-13T15:55:27,0.0005
9,240+,1773388828,2026-03-13T16:00:28,0.0005
9,240+,1773389128,2026-03-13T16:05:28,0.0005
9,240+,1773389430,2026-03-13T16:10:30,0.0005
9,240+,1773389727,2026-03-13T16:15:27,0.0005
9,240+,1773390026,2026-03-13T16:20:26,0.0005
9,240+,1773390326,2026-03-13T16:25:26,0.0005
9,240+,1773390630,2026-03-13T16:30:30,0.0005
9,240+,1773390929,2026-03-13T16:35:29,0.0005
9,240+,1773391224,2026-03-13T16:40:24,0.0005
9,240+,1773391527,2026-03-13T16:45:27,0.0005
9,240+,1773391826,2026-03-13T16:50:26,0.0005
9,240+,1773392126,2026-03-13T16:55:26,0.0005
9,240+,1773392440,2026-03-13T17:00:40,0.0005
9,240+,1773392726,2026-03-13T17:05:26,0.0005
9,240+,1773393024,2026-03-13T17:10:24,0.0005
9,240+,1773393326,2026-03-13T17:15:26,0.0005
9,240+,1773393624,2026-03-13T17:20:24,0.0005
9,240+,1773393926,2026-03-13T17:25:26,0.0005
9,240+,1773394226,2026-03-13T17:30:26,0.0005
9,240+,1773394528,2026-03-13T17:35:28,0.0005
9,240+,1773394830,2026-03-13T17:40:30,0.0005
9,240+,1773395127,2026-03-13T17:45:27,0.0005
9,240+,1773395427,2026-03-13T17:50:27,0.0005
9,240+,1773395725,2026-03-13T17:55:25,0.0005
9,240+,1773396030,2026-03-13T18:00:30,0.0005
9,240+,1773396327,2026-03-13T18:05:27,0.0005
9,240+,1773396627,2026-03-13T18:10:27,0.0005
9,240+,1773396929,2026-03-13T18:15:29,0.0005
9,240+,1773397528,2026-03-13T18:25:28,0.0005
9,240+,1773397858,2026-03-13T18:30:58,0.0005
9,240+,1773398132,2026-03-13T18:35:32,0.0005
9,240+,1773398430,2026-03-13T18:40:30,0.0005
9,240+,1773398740,2026-03-13T18:45:40,0.0005
9,240+,1773399030,2026-03-13T18:50:30,0.0005
9,240+,1773399328,2026-03-13T18:55:28,0.0005
9,240+,1773399644,2026-03-13T19:00:44,0.0005
9,240+,1773399929,2026-03-13T19:05:29,0.0005
9,240+,1773400229,2026-03-13T19:10:29,0.0005
9,240+,1773400531,2026-03-13T19:15:31,0.0005
9,240+,1773400830,2026-03-13T19:20:30,0.0005
9,240+,1773401132,2026-03-13T19:25:32,0.0005
9,240+,1773401434,2026-03-13T19:30:34,0.0005
9,240+,1773401728,2026-03-13T19:35:28,0.0005
9,240+,1773402030,2026-03-13T19:40:30,0.0005
9,240+,1773402332,2026-03-13T19:45:32,0.0005
9,240+,1773402640,2026-03-13T19:50:40,0.0005
9,240+,1773402933,2026-03-13T19:55:33,0.0005
9,240+,1773403255,2026-03-13T20:00:55,0.0005
9,240+,1773403531,2026-03-13T20:05:31,0.0005
9,240+,1773403852,2026-03-13T20:10:52,0.0005
9,240+,1773404134,2026-03-13T20:15:34,0.0005
9,240+,1773404430,2026-03-13T20:20:30,0.0005
9,240+,1773404731,2026-03-13T20:25:31,0.0005
9,240+,1773405334,2026-03-13T20:35:34,0.0005
9,240+,1773405632,2026-03-13T20:40:32,0.0005
9,240+,1773405933,2026-03-13T20:45:33,0.0005
9,240+,1773406231,2026-03-13T20:50:31,0.0005
9,240+,1773406531,2026-03-13T20:55:31,0.0005
9,240+,1773406839,2026-03-13T21:00:39,0.0005
9,240+,1773407146,2026-03-13T21:05:46,0.0005
9,240+,1773407433,2026-03-13T21:10:33,0.0005
9,240+,1773407744,2026-03-13T21:15:44,0.0005
9,240+,1773408030,2026-03-13T21:20:30,0.0005
9,240+,1773408330,2026-03-13T21:25:30,0.0005
9,240+,1773408636,2026-03-13T21:30:36,0.0005
9,240+,1773408935,2026-03-13T21:35:35,0.0005
9,240+,1773409229,2026-03-13T21:40:29,0.0005
9,240+,1773409529,2026-03-13T21:45:29,0.0005
9,240+,1773409830,2026-03-13T21:50:30,0.0005
9,240+,1773410131,2026-03-13T21:55:31,0.0005
9,240+,1773410446,2026-03-13T22:00:46,0.0005
9,240+,1773410732,2026-03-13T22:05:32,0.0005
9,240+,1773411032,2026-03-13T22:10:32,0.0005
9,240+,1773411331,2026-03-13T22:15:31,0.0005
9,240+,1773411629,2026-03-13T22:20:29,0.0005
9,240+,1773411930,2026-03-13T22:25:30,0.0005
9,240+,1773412237,2026-03-13T22:30:37,0.0005
9,240+,1773412530,2026-03-13T22:35:30,0.0005
9,240+,1773412830,2026-03-13T22:40:30,0.0005
9,240+,1773413129,2026-03-13T22:45:29,0.0005
9,240+,1773413428,2026-03-13T22:50:28,0.0005
9,240+,1773413731,2026-03-13T22:55:31,0.0005
9,240+,1773414056,2026-03-13T23:00:56,0.0005
9,240+,1773414332,2026-03-13T23:05:32,0.0005
9,240+,1773414629,2026-03-13T23:10:29,0.0005
9,240+,1773414932,2026-03-13T23:15:32,0.0005
9,240+,1773415232,2026-03-13T23:20:32,0.0005
9,240+,1773415532,2026-03-13T23:25:32,0.0005
9,240+,1773415835,2026-03-13T23:30:35,0.0005
9,240+,1773416129,2026-03-13T23:35:29,0.0005
9,240+,1773416433,2026-03-13T23:40:33,0.0005
9,240+,1773416730,2026-03-13T23:45:30,0.0005
9,240+,1773417040,2026-03-13T23:50:40,0.0005
9,240+,1773417332,2026-03-13T23:55:32,0.0005
9,240+,1773417647,2026-03-14T00:00:47,0.0005
9,240+,1773417934,2026-03-14T00:05:34,0.0005
9,240+,1773418230,2026-03-14T00:10:30,0.0005
9,240+,1773418529,2026-03-14T00:15:29,0.0005
9,240+,1773418830,2026-03-14T00:20:30,0.0005
9,240+,1773419131,2026-03-14T00:25:31,0.0005
9,240+,1773419436,2026-03-14T00:30:36,0.0005
9,240+,1773419729,2026-03-14T00:35:29,0.0005
9,240+,1773420031,2026-03-14T00:40:31,0.0005
9,240+,1773420330,2026-03-14T00:45:30,0.0005
9,240+,1773420631,2026-03-14T00:50:31,0.0005
9,240+,1773420928,2026-03-14T00:55:28,0.0005
9,240+,1773421236,2026-03-14T01:00:36,0.0005
9,240+,1773421533,2026-03-14T01:05:33,0.0005
9,240+,1773421830,2026-03-14T01:10:30,0.0005
9,240+,1773422141,2026-03-14T01:15:41,0.0005
9,240+,1773422432,2026-03-14T01:20:32,0.0005
9,240+,1773422730,2026-03-14T01:25:30,0.0005
9,240+,1773423036,2026-03-14T01:30:36,0.0005
9,240+,1773423330,2026-03-14T01:35:30,0.0005
9,240+,1773423631,2026-03-14T01:40:31,0.0005
9,240+,1773423933,2026-03-14T01:45:33,0.0005
9,240+,1773424229,2026-03-14T01:50:29,0.0005
9,240+,1773424530,2026-03-14T01:55:30,0.0005
9,240+,1773424853,2026-03-14T02:00:53,0.0005
9,240+,1773425131,2026-03-14T02:05:31,0.0005
9,240+,1773425433,2026-03-14T02:10:33,0.0005
9,240+,1773425731,2026-03-14T02:15:31,0.0005
9,240+,1773426030,2026-03-14T02:20:30,0.0005
9,240+,1773426331,2026-03-14T02:25:31,0.0005
9,240+,1773426633,2026-03-14T02:30:33,0.0005
9,240+,1773426929,2026-03-14T02:35:29,0.0005
9,240+,1773427230,2026-03-14T02:40:30,0.0005
9,240+,1773427531,2026-03-14T02:45:31,0.0005
9,240+,1773427828,2026-03-14T02:50:28,0.0005
9,240+,1773428131,2026-03-14T02:55:31,0.0005
9,240+,1773428447,2026-03-14T03:00:47,0.0005
9,240+,1773428728,2026-03-14T03:05:28,0.0005
9,240+,1773429030,2026-03-14T03:10:30,0.0005
9,240+,1773429331,2026-03-14T03:15:31,0.0005
9,240+,1773429630,2026-03-14T03:20:30,0.0005
9,240+,1773429941,2026-03-14T03:25:41,0.0005
9,240+,1773430240,2026-03-14T03:30:40,0.0005
9,240+,1773430532,2026-03-14T03:35:32,0.0005
9,240+,1773430829,2026-03-14T03:40:29,0.0005
9,240+,1773431132,2026-03-14T03:45:32,0.0005
9,240+,1773431435,2026-03-14T03:50:35,0.0005
9,240+,1773431731,2026-03-14T03:55:31,0.0005
9,240+,1773432035,2026-03-14T04:00:35,0.0005
9,240+,1773432331,2026-03-14T04:05:31,0.0005
9,240+,1773432628,2026-03-14T04:10:28,0.0005
9,240+,1773432947,2026-03-14T04:15:47,0.0005
9,240+,1773433244,2026-03-14T04:20:44,0.0005
9,240+,1773433527,2026-03-14T04:25:27,0.0005
9,240+,1773433845,2026-03-14T04:30:45,0.0005
9,240+,1773434128,2026-03-14T04:35:28,0.0005
9,240+,1773434440,2026-03-14T04:40:40,0.0005
9,240+,1773434732,2026-03-14T04:45:32,0.0005
9,240+,1773435030,2026-03-14T04:50:30,0.0005
9,240+,1773435330,2026-03-14T04:55:30,0.0005
9,240+,1773435929,2026-03-14T05:05:29,0.0005
9,240+,1773436230,2026-03-14T05:10:30,0.0005
9,240+,1773436532,2026-03-14T05:15:32,0.0005
9,240+,1773436827,2026-03-14T05:20:27,0.0005
9,240+,1773437128,2026-03-14T05:25:28,0.0005
9,240+,1773437433,2026-03-14T05:30:33,0.0005
9,240+,1773437731,2026-03-14T05:35:31,0.0005
9,240+,1773438028,2026-03-14T05:40:28,0.0005
9,240+,1773438331,2026-03-14T05:45:31,0.0005
9,240+,1773438630,2026-03-14T05:50:30,0.0005
9,240+,1773438954,2026-03-14T05:55:54,0.0005
9,240+,1773439245,2026-03-14T06:00:45,0.0005
9,240+,1773439528,2026-03-14T06:05:28,0.0005
9,240+,1773439829,2026-03-14T06:10:29,0.0005
9,240+,1773440145,2026-03-14T06:15:45,0.0005
9,240+,1773440428,2026-03-14T06:20:28,0.0005
9,240+,1773440729,2026-03-14T06:25:29,0.0005
9,240+,1773441035,2026-03-14T06:30:35,0.0005
9,240+,1773441332,2026-03-14T06:35:32,0.0005
9,240+,1773441632,2026-03-14T06:40:32,0.0005
9,240+,1773441930,2026-03-14T06:45:30,0.0005
9,240+,1773442232,2026-03-14T06:50:32,0.0005
9,240+,1773442545,2026-03-14T06:55:45,0.0005
9,240+,1773442833,2026-03-14T07:00:33,0.0005
9,240+,1773443133,2026-03-14T07:05:33,0.0005
9,240+,1773443430,2026-03-14T07:10:30,0.0005
9,240+,1773443730,2026-03-14T07:15:30,0.0005
9,240+,1773444031,2026-03-14T07:20:31,0.0005
9,240+,1773444329,2026-03-14T07:25:29,0.0005
9,240+,1773444637,2026-03-14T07:30:37,0.0005
9,240+,1773444934,2026-03-14T07:35:34,0.0005
9,240+,1773445229,2026-03-14T07:40:29,0.0005
9,240+,1773445535,2026-03-14T07:45:35,0.0005
9,240+,1773445831,2026-03-14T07:50:31,0.0005
9,240+,1773446128,2026-03-14T07:55:28,0.0005
9,240+,1773446454,2026-03-14T08:00:54,0.0005
9,240+,1773446734,2026-03-14T08:05:34,0.0005
9,240+,1773447045,2026-03-14T08:10:45,0.0005
9,240+,1773447330,2026-03-14T08:15:30,0.0005
9,240+,1773447632,2026-03-14T08:20:32,0.0005
9,240+,1773447935,2026-03-14T08:25:35,0.0005
9,240+,1773448234,2026-03-14T08:30:34,0.0005
9,240+,1773448533,2026-03-14T08:35:33,0.0005
9,240+,1773449129,2026-03-14T08:45:29,0.0005
9,240+,1773449429,2026-03-14T08:50:29,0.0005
9,240+,1773449730,2026-03-14T08:55:30,0.0005
9,240+,1773450035,2026-03-14T09:00:35,0.0005
9,240+,1773450330,2026-03-14T09:05:30,0.0005
9,240+,1773450630,2026-03-14T09:10:30,0.0005
9,240+,1773450928,2026-03-14T09:15:28,0.0005
9,240+,1773451228,2026-03-14T09:20:28,0.0005
9,240+,1773451527,2026-03-14T09:25:27,0.0005
9,240+,1773451844,2026-03-14T09:30:44,0.0005
9,240+,1773452128,2026-03-14T09:35:28,0.0005
9,240+,1773452429,2026-03-14T09:40:29,0.0005
9,240+,1773452730,2026-03-14T09:45:30,0.0005
9,240+,1773453031,2026-03-14T09:50:31,0.0005
9,240+,1773453329,2026-03-14T09:55:29,0.0005
9,240+,1773453634,2026-03-14T10:00:34,0.0005
9,240+,1773453928,2026-03-14T10:05:28,0.0005
9,240+,1773454229,2026-03-14T10:10:29,0.0005
9,240+,1773454528,2026-03-14T10:15:28,0.0005
9,240+,1773454830,2026-03-14T10:20:30,0.0005
9,240+,1773455132,2026-03-14T10:25:32,0.0005
9,240+,1773455440,2026-03-14T10:30:40,0.0005
9,240+,1773455742,2026-03-14T10:35:42,0.0005
9,240+,1773456029,2026-03-14T10:40:29,0.0005
9,240+,1773456329,2026-03-14T10:45:29,0.0005
9,240+,1773456628,2026-03-14T10:50:28,0.0005
9,240+,1773456929,2026-03-14T10:55:29,0.0005
9,240+,1773457254,2026-03-14T11:00:54,0.0005
9,240+,1773457530,2026-03-14T11:05:30,0.0005
9,240+,1773457828,2026-03-14T11:10:28,0.0005
9,240+,1773458129,2026-03-14T11:15:29,0.0005
9,240+,1773458432,2026-03-14T11:20:32,0.0005
9,240+,1773458733,2026-03-14T11:25:33,0.0005
9,240+,1773459037,2026-03-14T11:30:37,0.0005
9,240+,1773459332,2026-03-14T11:35:32,0.0005
9,240+,1773459633,2026-03-14T11:40:33,0.0005
9,240+,1773459928,2026-03-14T11:45:28,0.0005
9,240+,1773460231,2026-03-14T11:50:31,0.0005
9,240+,1773460531,2026-03-14T11:55:31,0.0005
9,240+,1773460833,2026-03-14T12:00:33,0.0005
9,240+,1773461130,2026-03-14T12:05:30,0.0005
9,240+,1773461431,2026-03-14T12:10:31,0.0005
9,240+,1773461730,2026-03-14T12:15:30,0.0005
9,240+,1773462038,2026-03-14T12:20:38,0.0005
9,240+,1773462331,2026-03-14T12:25:31,0.0005
9,240+,1773462636,2026-03-14T12:30:36,0.0005
9,240+,1773462929,2026-03-14T12:35:29,0.0005
9,240+,1773463227,2026-03-14T12:40:27,0.0005
9,240+,1773463531,2026-03-14T12:45:31,0.0005
9,240+,1773463837,2026-03-14T12:50:37,0.0005
9,240+,1773464128,2026-03-14T12:55:28,0.0005
9,240+,1773464434,2026-03-14T13:00:34,0.0005
9,240+,1773464729,2026-03-14T13:05:29,0.0005
9,240+,1773465033,2026-03-14T13:10:33,0.0005
9,240+,1773465333,2026-03-14T13:15:33,0.0005
9,240+,1773465630,2026-03-14T13:20:30,0.0005
9,240+,1773465932,2026-03-14T13:25:32,0.0005
9,240+,1773466235,2026-03-14T13:30:35,0.0005
9,240+,1773466528,2026-03-14T13:35:28,0.0005
9,240+,1773466830,2026-03-14T13:40:30,0.0005
9,240+,1773467131,2026-03-14T13:45:31,0.0005
9,240+,1773467430,2026-03-14T13:50:30,0.0005
9,240+,1773467729,2026-03-14T13:55:29,0.0005
9,240+,1773468054,2026-03-14T14:00:54,0.0005
9,240+,1773468331,2026-03-14T14:05:31,0.0005
9,240+,1773468630,2026-03-14T14:10:30,0.0005
9,240+,1773468934,2026-03-14T14:15:34,0.0005
9,240+,1773469229,2026-03-14T14:20:29,0.0005
9,240+,1773469528,2026-03-14T14:25:28,0.0005
9,240+,1773469834,2026-03-14T14:30:34,0.0005
9,240+,1773470140,2026-03-14T14:35:40,0.0005
9,240+,1773470429,2026-03-14T14:40:29,0.0005
9,240+,1773470744,2026-03-14T14:45:44,0.0005
9,240+,1773471032,2026-03-14T14:50:32,0.0005
9,240+,1773471330,2026-03-14T14:55:30,0.0005
9,240+,1773471634,2026-03-14T15:00:34,0.0005
9,240+,1773471933,2026-03-14T15:05:33,0.0005
9,240+,1773472233,2026-03-14T15:10:33,0.0005
9,240+,1773472530,2026-03-14T15:15:30,0.0005
9,240+,1773472828,2026-03-14T15:20:28,0.0005
9,240+,1773473131,2026-03-14T15:25:31,0.0005
9,240+,1773473437,2026-03-14T15:30:37,0.0005
9,240+,1773473733,2026-03-14T15:35:33,0.0005
9,240+,1773474031,2026-03-14T15:40:31,0.0005
9,240+,1773474337,2026-03-14T15:45:37,0.0005
9,240+,1773474630,2026-03-14T15:50:30,0.0005
9,240+,1773474929,2026-03-14T15:55:29,0.0005
9,240+,1773475236,2026-03-14T16:00:36,0.0005
9,240+,1773475532,2026-03-14T16:05:32,0.0005
9,240+,1773475829,2026-03-14T16:10:29,0.0005
9,240+,1773476131,2026-03-14T16:15:31,0.0005
9,240+,1773476429,2026-03-14T16:20:29,0.0005
9,240+,1773476727,2026-03-14T16:25:27,0.0005
9,240+,1773477032,2026-03-14T16:30:32,0.0005
9,240+,1773477330,2026-03-14T16:35:30,0.0005
9,240+,1773477628,2026-03-14T16:40:28,0.0005
9,240+,1773477943,2026-03-14T16:45:43,0.0005
9,240+,1773478230,2026-03-14T16:50:30,0.0005
9,240+,1773478531,2026-03-14T16:55:31,0.0005
9,240+,1773478852,2026-03-14T17:00:52,0.0005
9,240+,1773479129,2026-03-14T17:05:29,0.0005
9,240+,1773479429,2026-03-14T17:10:29,0.0005
9,240+,1773479730,2026-03-14T17:15:30,0.0005
9,240+,1773480030,2026-03-14T17:20:30,0.0005
9,240+,1773480330,2026-03-14T17:25:30,0.0005
9,240+,1773480635,2026-03-14T17:30:35,0.0005
9,240+,1773480927,2026-03-14T17:35:27,0.0005
9,240+,1773481228,2026-03-14T17:40:28,0.0005
9,240+,1773481534,2026-03-14T17:45:34,0.0005
9,240+,1773481829,2026-03-14T17:50:29,0.0005
9,240+,1773482129,2026-03-14T17:55:29,0.0005
9,240+,1773482433,2026-03-14T18:00:33,0.0005
9,240+,1773482730,2026-03-14T18:05:30,0.0005
9,240+,1773483036,2026-03-14T18:10:36,0.0005
9,240+,1773483345,2026-03-14T18:15:45,0.0005
9,240+,1773483633,2026-03-14T18:20:33,0.0005
9,240+,1773483936,2026-03-14T18:25:36,0.0005
9,240+,1773484234,2026-03-14T18:30:34,0.0005
9,240+,1773484528,2026-03-14T18:35:28,0.0005
9,240+,1773484833,2026-03-14T18:40:33,0.0005
9,240+,1773485131,2026-03-14T18:45:31,0.0005
9,240+,1773485437,2026-03-14T18:50:37,0.0005
9,240+,1773485728,2026-03-14T18:55:28,0.0005
9,240+,1773486036,2026-03-14T19:00:36,0.0005
9,240+,1773486332,2026-03-14T19:05:32,0.0005
9,240+,1773486628,2026-03-14T19:10:28,0.0005
9,240+,1773486928,2026-03-14T19:15:28,0.0005
9,240+,1773487232,2026-03-14T19:20:32,0.0005
9,240+,1773487532,2026-03-14T19:25:32,0.0005
9,240+,1773487845,2026-03-14T19:30:45,0.0005
9,240+,1773488132,2026-03-14T19:35:32,0.0005
9,240+,1773488428,2026-03-14T19:40:28,0.0005
9,240+,1773488730,2026-03-14T19:45:30,0.0005
9,240+,1773489034,2026-03-14T19:50:34,0.0005
9,240+,1773489333,2026-03-14T19:55:33,0.0005
9,240+,1773489659,2026-03-14T20:00:59,0.0005
9,240+,1773489933,2026-03-14T20:05:33,0.0005
9,240+,1773490230,2026-03-14T20:10:30,0.0005
9,240+,1773490531,2026-03-14T20:15:31,0.0005
9,240+,1773490830,2026-03-14T20:20:30,0.0005
9,240+,1773491141,2026-03-14T20:25:41,0.0005
9,240+,1773491456,2026-03-14T20:30:56,0.0005
9,240+,1773491732,2026-03-14T20:35:32,0.0005
9,240+,1773492032,2026-03-14T20:40:32,0.0005
9,240+,1773492341,2026-03-14T20:45:41,0.0005
9,240+,1773492629,2026-03-14T20:50:29,0.0005
9,240+,1773492933,2026-03-14T20:55:33,0.0005
9,240+,1773493259,2026-03-14T21:00:59,0.0005
9,240+,1773493532,2026-03-14T21:05:32,0.0005
9,240+,1773493831,2026-03-14T21:10:31,0.0005
9,240+,1773494132,2026-03-14T21:15:32,0.0005
9,240+,1773494432,2026-03-14T21:20:32,0.0005
9,240+,1773494731,2026-03-14T21:25:31,0.0005
9,240+,1773495038,2026-03-14T21:30:38,0.0005
9,240+,1773495334,2026-03-14T21:35:34,0.0005
9,240+,1773495630,2026-03-14T21:40:30,0.0005
9,240+,1773495943,2026-03-14T21:45:43,0.0005
9,240+,1773496243,2026-03-14T21:50:43,0.0005
9,240+,1773496532,2026-03-14T21:55:32,0.0005
9,240+,1773496837,2026-03-14T22:00:37,0.0005
9,240+,1773497133,2026-03-14T22:05:33,0.0005
9,240+,1773497430,2026-03-14T22:10:30,0.0005
9,240+,1773497732,2026-03-14T22:15:32,0.0005
9,240+,1773498033,2026-03-14T22:20:33,0.0005
9,240+,1773498329,2026-03-14T22:25:29,0.0005
9,240+,1773498637,2026-03-14T22:30:37,0.0005
9,240+,1773498904,2026-03-14T22:35:04,0.0005
9,240+,1773498956,2026-03-14T22:35:56,0.0005
9,240+,1773499231,2026-03-14T22:40:31,0.0005
9,240+,1773499532,2026-03-14T22:45:32,0.0005
9,240+,1773499828,2026-03-14T22:50:28,0.0005
9,240+,1773500128,2026-03-14T22:55:28,0.0005
9,240+,1773500455,2026-03-14T23:00:55,0.0005
9,240+,1773500730,2026-03-14T23:05:30,0.0005
9,240+,1773501031,2026-03-14T23:10:31,0.0005
9,240+,1773501330,2026-03-14T23:15:30,0.0005
9,240+,1773501629,2026-03-14T23:20:29,0.0005
9,240+,1773501932,2026-03-14T23:25:32,0.0005
9,240+,1773502245,2026-03-14T23:30:45,0.0005
9,240+,1773502532,2026-03-14T23:35:32,0.0005
9,240+,1773502830,2026-03-14T23:40:30,0.0005
9,240+,1773503129,2026-03-14T23:45:29,0.0005
9,240+,1773503430,2026-03-14T23:50:30,0.0005
9,240+,1773503731,2026-03-14T23:55:31,0.0005
9,240+,1773504039,2026-03-15T00:00:39,0.0005
9,240+,1773504332,2026-03-15T00:05:32,0.0005
9,240+,1773504635,2026-03-15T00:10:35,0.0005
9,240+,1773504929,2026-03-15T00:15:29,0.0005
9,240+,1773505232,2026-03-15T00:20:32,0.0005
9,240+,1773505533,2026-03-15T00:25:33,0.0005
9,240+,1773505835,2026-03-15T00:30:35,0.0005
9,240+,1773506130,2026-03-15T00:35:30,0.0005
9,240+,1773506431,2026-03-15T00:40:31,0.0005
9,240+,1773506733,2026-03-15T00:45:33,0.0005
9,240+,1773507033,2026-03-15T00:50:33,0.0005
9,240+,1773507333,2026-03-15T00:55:33,0.0005
9,240+,1773507932,2026-03-15T01:05:32,0.0005
9,240+,1773508232,2026-03-15T01:10:32,0.0005
9,240+,1773508532,2026-03-15T01:15:32,0.0005
9,240+,1773508830,2026-03-15T01:20:30,0.0005
9,240+,1773509142,2026-03-15T01:25:42,0.0005
9,240+,1773509441,2026-03-15T01:30:41,0.0005
9,240+,1773509733,2026-03-15T01:35:33,0.0005
9,240+,1773510028,2026-03-15T01:40:28,0.0005
9,240+,1773510329,2026-03-15T01:45:29,0.0005
9,240+,1773510629,2026-03-15T01:50:29,0.0005
9,240+,1773510931,2026-03-15T01:55:31,0.0005
9,240+,1773511252,2026-03-15T02:00:52,0.0005
9,240+,1773511529,2026-03-15T02:05:29,0.0005
9,240+,1773511830,2026-03-15T02:10:30,0.0005
9,240+,1773512131,2026-03-15T02:15:31,0.0005
9,240+,1773512429,2026-03-15T02:20:29,0.0005
9,240+,1773512731,2026-03-15T02:25:31,0.0005
9,240+,1773513035,2026-03-15T02:30:35,0.0005
9,240+,1773513328,2026-03-15T02:35:28,0.0005
9,240+,1773513628,2026-03-15T02:40:28,0.0005
